edited_at,filename,init_dt,end_dt,init_km,end_km,event1_dt,event1_km,event1_lon,event1_lat,event1_label,event2_dt,event2_km,event2_lon,event2_lat,event2_label,event3_dt,event3_km,event3_lon,event3_lat,event3_label,event4_dt,event4_km,event4_lon,event4_lat,event4_label
2026-04-08T10:44:04.000512,Map-Energy__sum__linear-conv00001-20240912_132002-20240912_192002-0.050000-5.000000.png,2024-09-12T13:20:02,2024-09-12T19:20:02,0.05,5.0,2024-09-12T16:20:02,2.525,11.9301635288236,78.9554869237935,NOISE,2024-09-12T16:20:02,2.525,11.9301635288236,78.9554869237935,NOISE,2024-09-12T16:20:02,2.525,11.9301635288236,78.9554869237935,NOISE,2024-09-12T16:20:02,2.525,11.9301635288236,78.9554869237935,NOISE
2026-04-08T10:44:05.984738,Map-Energy__sum__linear-conv00011-20240912_192002-20240913_012002-0.050000-5.000000.png,2024-09-12T19:20:02,2024-09-13T01:20:02,0.05,5.0,2024-09-12T22:20:02,2.525,11.9301635288236,78.9554869237935,NOISE,2024-09-12T22:20:02,2.525,11.9301635288236,78.9554869237935,NOISE,2024-09-12T22:20:02,2.525,11.9301635288236,78.9554869237935,NOISE,2024-09-12T22:20:02,2.525,11.9301635288236,78.9554869237935,NOISE
2026-04-08T10:44:07.008400,Map-Energy__sum__linear-conv00021-20240913_012002-20240913_072002-0.050000-5.000000.png,2024-09-13T01:20:02,2024-09-13T07:20:02,0.05,5.0,2024-09-13T04:20:02,2.525,11.9301635288236,78.9554869237935,NOISE,2024-09-13T04:20:02,2.525,11.9301635288236,78.9554869237935,NOISE,2024-09-13T04:20:02,2.525,11.9301635288236,78.9554869237935,NOISE,2024-09-13T04:20:02,2.525,11.9301635288236,78.9554869237935,NOISE
2026-04-08T10:44:07.816672,Map-Energy__sum__linear-conv00031-20240913_072002-20240913_132002-0.050000-5.000000.png,2024-09-13T07:20:02,2024-09-13T13:20:02,0.05,5.0,2024-09-13T10:20:02,2.525,11.9301635288236,78.9554869237935,NOISE,2024-09-13T10:20:02,2.525,11.9301635288236,78.9554869237935,NOISE,2024-09-13T10:20:02,2.525,11.9301635288236,78.9554869237935,NOISE,2024-09-13T10:20:02,2.525,11.9301635288236,78.9554869237935,NOISE
2026-04-08T10:44:08.816541,Map-Energy__sum__linear-conv00041-20240913_132002-20240913_192002-0.050000-5.000000.png,2024-09-13T13:20:02,2024-09-13T19:20:02,0.05,5.0,2024-09-13T16:20:02,2.525,11.9301635288236,78.9554869237935,NOISE,2024-09-13T16:20:02,2.525,11.9301635288236,78.9554869237935,NOISE,2024-09-13T16:20:02,2.525,11.9301635288236,78.9554869237935,NOISE,2024-09-13T16:20:02,2.525,11.9301635288236,78.9554869237935,NOISE
2026-04-08T10:44:36.857385,Map-Energy__sum__linear-conv00051-20240913_192002-20240914_012002-0.050000-5.000000.png,2024-09-13T19:20:02,2024-09-14T01:20:02,0.05,5.0,2024-09-13T22:20:02,2.525,11.9301635288236,78.9554869237935,NOISE,2024-09-13T22:20:02,2.525,11.9301635288236,78.9554869237935,NOISE,2024-09-13T22:20:02,2.525,11.9301635288236,78.9554869237935,NOISE,2024-09-13T22:20:02,2.525,11.9301635288236,78.9554869237935,NOISE
2026-04-08T10:44:37.592935,Map-Energy__sum__linear-conv00061-20240914_012002-20240914_072002-0.050000-5.000000.png,2024-09-14T01:20:02,2024-09-14T07:20:02,0.05,5.0,2024-09-14T04:20:02,2.525,11.9301635288236,78.9554869237935,NOISE,2024-09-14T04:20:02,2.525,11.9301635288236,78.9554869237935,NOISE,2024-09-14T04:20:02,2.525,11.9301635288236,78.9554869237935,NOISE,2024-09-14T04:20:02,2.525,11.9301635288236,78.9554869237935,NOISE
2026-04-08T10:44:38.360919,Map-Energy__sum__linear-conv00071-20240914_072002-20240914_132002-0.050000-5.000000.png,2024-09-14T07:20:02,2024-09-14T13:20:02,0.05,5.0,2024-09-14T10:20:02,2.525,11.9301635288236,78.9554869237935,NOISE,2024-09-14T10:20:02,2.525,11.9301635288236,78.9554869237935,NOISE,2024-09-14T10:20:02,2.525,11.9301635288236,78.9554869237935,NOISE,2024-09-14T10:20:02,2.525,11.9301635288236,78.9554869237935,NOISE
2026-04-08T10:44:39.113339,Map-Energy__sum__linear-conv00081-20240914_132002-20240914_192002-0.050000-5.000000.png,2024-09-14T13:20:02,2024-09-14T19:20:02,0.05,5.0,2024-09-14T16:20:02,2.525,11.9301635288236,78.9554869237935,NOISE,2024-09-14T16:20:02,2.525,11.9301635288236,78.9554869237935,NOISE,2024-09-14T16:20:02,2.525,11.9301635288236,78.9554869237935,NOISE,2024-09-14T16:20:02,2.525,11.9301635288236,78.9554869237935,NOISE
2026-04-08T10:44:39.840743,Map-Energy__sum__linear-conv00091-20240914_192002-20240915_012002-0.050000-5.000000.png,2024-09-14T19:20:02,2024-09-15T01:20:02,0.05,5.0,2024-09-14T22:20:02,2.525,11.9301635288236,78.9554869237935,NOISE,2024-09-14T22:20:02,2.525,11.9301635288236,78.9554869237935,NOISE,2024-09-14T22:20:02,2.525,11.9301635288236,78.9554869237935,NOISE,2024-09-14T22:20:02,2.525,11.9301635288236,78.9554869237935,NOISE
2026-04-08T10:44:40.520971,Map-Energy__sum__linear-conv00101-20240915_012002-20240915_072002-0.050000-5.000000.png,2024-09-15T01:20:02,2024-09-15T07:20:02,0.05,5.0,2024-09-15T04:20:02,2.525,11.9301635288236,78.9554869237935,NOISE,2024-09-15T04:20:02,2.525,11.9301635288236,78.9554869237935,NOISE,2024-09-15T04:20:02,2.525,11.9301635288236,78.9554869237935,NOISE,2024-09-15T04:20:02,2.525,11.9301635288236,78.9554869237935,NOISE
2026-04-08T10:44:41.224612,Map-Energy__sum__linear-conv00111-20240915_072002-20240915_132002-0.050000-5.000000.png,2024-09-15T07:20:02,2024-09-15T13:20:02,0.05,5.0,2024-09-15T10:20:02,2.525,11.9301635288236,78.9554869237935,NOISE,2024-09-15T10:20:02,2.525,11.9301635288236,78.9554869237935,NOISE,2024-09-15T10:20:02,2.525,11.9301635288236,78.9554869237935,NOISE,2024-09-15T10:20:02,2.525,11.9301635288236,78.9554869237935,NOISE
2026-04-08T10:44:41.888795,Map-Energy__sum__linear-conv00121-20240915_132002-20240915_192002-0.050000-5.000000.png,2024-09-15T13:20:02,2024-09-15T19:20:02,0.05,5.0,2024-09-15T16:20:02,2.525,11.9301635288236,78.9554869237935,NOISE,2024-09-15T16:20:02,2.525,11.9301635288236,78.9554869237935,NOISE,2024-09-15T16:20:02,2.525,11.9301635288236,78.9554869237935,NOISE,2024-09-15T16:20:02,2.525,11.9301635288236,78.9554869237935,NOISE
2026-04-08T10:44:42.584837,Map-Energy__sum__linear-conv00131-20240915_192002-20240916_012002-0.050000-5.000000.png,2024-09-15T19:20:02,2024-09-16T01:20:02,0.05,5.0,2024-09-15T22:20:02,2.525,11.9301635288236,78.9554869237935,NOISE,2024-09-15T22:20:02,2.525,11.9301635288236,78.9554869237935,NOISE,2024-09-15T22:20:02,2.525,11.9301635288236,78.9554869237935,NOISE,2024-09-15T22:20:02,2.525,11.9301635288236,78.9554869237935,NOISE
2026-04-08T10:44:43.304735,Map-Energy__sum__linear-conv00141-20240916_012002-20240916_072002-0.050000-5.000000.png,2024-09-16T01:20:02,2024-09-16T07:20:02,0.05,5.0,2024-09-16T04:20:02,2.525,11.9301635288236,78.9554869237935,NOISE,2024-09-16T04:20:02,2.525,11.9301635288236,78.9554869237935,NOISE,2024-09-16T04:20:02,2.525,11.9301635288236,78.9554869237935,NOISE,2024-09-16T04:20:02,2.525,11.9301635288236,78.9554869237935,NOISE
2026-04-08T10:44:43.936609,Map-Energy__sum__linear-conv00151-20240916_072002-20240916_132002-0.050000-5.000000.png,2024-09-16T07:20:02,2024-09-16T13:20:02,0.05,5.0,2024-09-16T10:20:02,2.525,11.9301635288236,78.9554869237935,NOISE,2024-09-16T10:20:02,2.525,11.9301635288236,78.9554869237935,NOISE,2024-09-16T10:20:02,2.525,11.9301635288236,78.9554869237935,NOISE,2024-09-16T10:20:02,2.525,11.9301635288236,78.9554869237935,NOISE
2026-04-08T10:44:44.680610,Map-Energy__sum__linear-conv00161-20240916_132002-20240916_192002-0.050000-5.000000.png,2024-09-16T13:20:02,2024-09-16T19:20:02,0.05,5.0,2024-09-16T16:20:02,2.525,11.9301635288236,78.9554869237935,NOISE,2024-09-16T16:20:02,2.525,11.9301635288236,78.9554869237935,NOISE,2024-09-16T16:20:02,2.525,11.9301635288236,78.9554869237935,NOISE,2024-09-16T16:20:02,2.525,11.9301635288236,78.9554869237935,NOISE
2026-04-08T10:44:45.336553,Map-Energy__sum__linear-conv00171-20240916_192002-20240917_012002-0.050000-5.000000.png,2024-09-16T19:20:02,2024-09-17T01:20:02,0.05,5.0,2024-09-16T22:20:02,2.525,11.9301635288236,78.9554869237935,NOISE,2024-09-16T22:20:02,2.525,11.9301635288236,78.9554869237935,NOISE,2024-09-16T22:20:02,2.525,11.9301635288236,78.9554869237935,NOISE,2024-09-16T22:20:02,2.525,11.9301635288236,78.9554869237935,NOISE
2026-04-08T10:44:46.000667,Map-Energy__sum__linear-conv00181-20240917_012002-20240917_072002-0.050000-5.000000.png,2024-09-17T01:20:02,2024-09-17T07:20:02,0.05,5.0,2024-09-17T04:20:02,2.525,11.9301635288236,78.9554869237935,NOISE,2024-09-17T04:20:02,2.525,11.9301635288236,78.9554869237935,NOISE,2024-09-17T04:20:02,2.525,11.9301635288236,78.9554869237935,NOISE,2024-09-17T04:20:02,2.525,11.9301635288236,78.9554869237935,NOISE
2026-04-08T10:44:46.632636,Map-Energy__sum__linear-conv00191-20240917_072002-20240917_132002-0.050000-5.000000.png,2024-09-17T07:20:02,2024-09-17T13:20:02,0.05,5.0,2024-09-17T10:20:02,2.525,11.9301635288236,78.9554869237935,NOISE,2024-09-17T10:20:02,2.525,11.9301635288236,78.9554869237935,NOISE,2024-09-17T10:20:02,2.525,11.9301635288236,78.9554869237935,NOISE,2024-09-17T10:20:02,2.525,11.9301635288236,78.9554869237935,NOISE
2026-04-08T10:44:47.289165,Map-Energy__sum__linear-conv00201-20240917_132002-20240917_192002-0.050000-5.000000.png,2024-09-17T13:20:02,2024-09-17T19:20:02,0.05,5.0,2024-09-17T16:20:02,2.525,11.9301635288236,78.9554869237935,NOISE,2024-09-17T16:20:02,2.525,11.9301635288236,78.9554869237935,NOISE,2024-09-17T16:20:02,2.525,11.9301635288236,78.9554869237935,NOISE,2024-09-17T16:20:02,2.525,11.9301635288236,78.9554869237935,NOISE
2026-04-08T10:44:47.920702,Map-Energy__sum__linear-conv00211-20240917_192002-20240918_012002-0.050000-5.000000.png,2024-09-17T19:20:02,2024-09-18T01:20:02,0.05,5.0,2024-09-17T22:20:02,2.525,11.9301635288236,78.9554869237935,NOISE,2024-09-17T22:20:02,2.525,11.9301635288236,78.9554869237935,NOISE,2024-09-17T22:20:02,2.525,11.9301635288236,78.9554869237935,NOISE,2024-09-17T22:20:02,2.525,11.9301635288236,78.9554869237935,NOISE
2026-04-08T10:44:48.584899,Map-Energy__sum__linear-conv00221-20240918_012002-20240918_072002-0.050000-5.000000.png,2024-09-18T01:20:02,2024-09-18T07:20:02,0.05,5.0,2024-09-18T04:20:02,2.525,11.9301635288236,78.9554869237935,NOISE,2024-09-18T04:20:02,2.525,11.9301635288236,78.9554869237935,NOISE,2024-09-18T04:20:02,2.525,11.9301635288236,78.9554869237935,NOISE,2024-09-18T04:20:02,2.525,11.9301635288236,78.9554869237935,NOISE
2026-04-08T10:44:49.248695,Map-Energy__sum__linear-conv00231-20240918_072002-20240918_132002-0.050000-5.000000.png,2024-09-18T07:20:02,2024-09-18T13:20:02,0.05,5.0,2024-09-18T10:20:02,2.525,11.9301635288236,78.9554869237935,NOISE,2024-09-18T10:20:02,2.525,11.9301635288236,78.9554869237935,NOISE,2024-09-18T10:20:02,2.525,11.9301635288236,78.9554869237935,NOISE,2024-09-18T10:20:02,2.525,11.9301635288236,78.9554869237935,NOISE
2026-04-08T10:44:49.928648,Map-Energy__sum__linear-conv00241-20240918_132002-20240918_192002-0.050000-5.000000.png,2024-09-18T13:20:02,2024-09-18T19:20:02,0.05,5.0,2024-09-18T16:20:02,2.525,11.9301635288236,78.9554869237935,NOISE,2024-09-18T16:20:02,2.525,11.9301635288236,78.9554869237935,NOISE,2024-09-18T16:20:02,2.525,11.9301635288236,78.9554869237935,NOISE,2024-09-18T16:20:02,2.525,11.9301635288236,78.9554869237935,NOISE
2026-04-08T10:44:50.608687,Map-Energy__sum__linear-conv00251-20240918_192002-20240919_012002-0.050000-5.000000.png,2024-09-18T19:20:02,2024-09-19T01:20:02,0.05,5.0,2024-09-18T22:20:02,2.525,11.9301635288236,78.9554869237935,NOISE,2024-09-18T22:20:02,2.525,11.9301635288236,78.9554869237935,NOISE,2024-09-18T22:20:02,2.525,11.9301635288236,78.9554869237935,NOISE,2024-09-18T22:20:02,2.525,11.9301635288236,78.9554869237935,NOISE
2026-04-08T10:44:51.280651,Map-Energy__sum__linear-conv00261-20240919_012002-20240919_072002-0.050000-5.000000.png,2024-09-19T01:20:02,2024-09-19T07:20:02,0.05,5.0,2024-09-19T04:20:02,2.525,11.9301635288236,78.9554869237935,NOISE,2024-09-19T04:20:02,2.525,11.9301635288236,78.9554869237935,NOISE,2024-09-19T04:20:02,2.525,11.9301635288236,78.9554869237935,NOISE,2024-09-19T04:20:02,2.525,11.9301635288236,78.9554869237935,NOISE
2026-04-08T10:44:51.960727,Map-Energy__sum__linear-conv00271-20240919_072002-20240919_132002-0.050000-5.000000.png,2024-09-19T07:20:02,2024-09-19T13:20:02,0.05,5.0,2024-09-19T10:20:02,2.525,11.9301635288236,78.9554869237935,NOISE,2024-09-19T10:20:02,2.525,11.9301635288236,78.9554869237935,NOISE,2024-09-19T10:20:02,2.525,11.9301635288236,78.9554869237935,NOISE,2024-09-19T10:20:02,2.525,11.9301635288236,78.9554869237935,NOISE
2026-04-08T10:44:53.432633,Map-Energy__sum__linear-conv00281-20240919_132002-20240919_192002-0.050000-5.000000.png,2024-09-19T13:20:02,2024-09-19T19:20:02,0.05,5.0,2024-09-19T16:20:02,2.525,11.9301635288236,78.9554869237935,NOISE,2024-09-19T16:20:02,2.525,11.9301635288236,78.9554869237935,NOISE,2024-09-19T16:20:02,2.525,11.9301635288236,78.9554869237935,NOISE,2024-09-19T16:20:02,2.525,11.9301635288236,78.9554869237935,NOISE
2026-04-08T10:44:55.600533,Map-Energy__sum__linear-conv00291-20240919_132002-20240919_192002-0.050000-5.000000.png,2024-09-19T13:20:02,2024-09-19T19:20:02,0.05,5.0,2024-09-19T16:20:02,2.525,11.9301635288236,78.9554869237935,NOISE,2024-09-19T16:20:02,2.525,11.9301635288236,78.9554869237935,NOISE,2024-09-19T16:20:02,2.525,11.9301635288236,78.9554869237935,NOISE,2024-09-19T16:20:02,2.525,11.9301635288236,78.9554869237935,NOISE
2026-04-08T10:44:56.776606,Map-Energy__sum__linear-conv00301-20240919_192002-20240920_012002-0.050000-5.000000.png,2024-09-19T19:20:02,2024-09-20T01:20:02,0.05,5.0,2024-09-19T22:20:02,2.525,11.9301635288236,78.9554869237935,NOISE,2024-09-19T22:20:02,2.525,11.9301635288236,78.9554869237935,NOISE,2024-09-19T22:20:02,2.525,11.9301635288236,78.9554869237935,NOISE,2024-09-19T22:20:02,2.525,11.9301635288236,78.9554869237935,NOISE
2026-04-08T10:44:58.089239,Map-Energy__sum__linear-conv00311-20240920_012002-20240920_072002-0.050000-5.000000.png,2024-09-20T01:20:02,2024-09-20T07:20:02,0.05,5.0,2024-09-20T04:20:02,2.525,11.9301635288236,78.9554869237935,NOISE,2024-09-20T04:20:02,2.525,11.9301635288236,78.9554869237935,NOISE,2024-09-20T04:20:02,2.525,11.9301635288236,78.9554869237935,NOISE,2024-09-20T04:20:02,2.525,11.9301635288236,78.9554869237935,NOISE
2026-04-08T10:44:58.912649,Map-Energy__sum__linear-conv00321-20240920_072002-20240920_132002-0.050000-5.000000.png,2024-09-20T07:20:02,2024-09-20T13:20:02,0.05,5.0,2024-09-20T10:20:02,2.525,11.9301635288236,78.9554869237935,NOISE,2024-09-20T10:20:02,2.525,11.9301635288236,78.9554869237935,NOISE,2024-09-20T10:20:02,2.525,11.9301635288236,78.9554869237935,NOISE,2024-09-20T10:20:02,2.525,11.9301635288236,78.9554869237935,NOISE
2026-04-08T10:44:59.689412,Map-Energy__sum__linear-conv00331-20240920_132002-20240920_192002-0.050000-5.000000.png,2024-09-20T13:20:02,2024-09-20T19:20:02,0.05,5.0,2024-09-20T16:20:02,2.525,11.9301635288236,78.9554869237935,NOISE,2024-09-20T16:20:02,2.525,11.9301635288236,78.9554869237935,NOISE,2024-09-20T16:20:02,2.525,11.9301635288236,78.9554869237935,NOISE,2024-09-20T16:20:02,2.525,11.9301635288236,78.9554869237935,NOISE
2026-04-08T10:45:02.232674,Map-Energy__sum__linear-conv00341-20240920_192002-20240921_012002-0.050000-5.000000.png,2024-09-20T19:20:02,2024-09-21T01:20:02,0.05,5.0,2024-09-20T22:20:02,2.525,11.9301635288236,78.9554869237935,NOISE,2024-09-20T22:20:02,2.525,11.9301635288236,78.9554869237935,NOISE,2024-09-20T22:20:02,2.525,11.9301635288236,78.9554869237935,NOISE,2024-09-20T22:20:02,2.525,11.9301635288236,78.9554869237935,NOISE
2026-04-08T10:45:03.673112,Map-Energy__sum__linear-conv00351-20240921_012002-20240921_072002-0.050000-5.000000.png,2024-09-21T01:20:02,2024-09-21T07:20:02,0.05,5.0,2024-09-21T04:20:02,2.525,11.9301635288236,78.9554869237935,NOISE,2024-09-21T04:20:02,2.525,11.9301635288236,78.9554869237935,NOISE,2024-09-21T04:20:02,2.525,11.9301635288236,78.9554869237935,NOISE,2024-09-21T04:20:02,2.525,11.9301635288236,78.9554869237935,NOISE
2026-04-08T10:45:04.528576,Map-Energy__sum__linear-conv00361-20240921_072002-20240921_132002-0.050000-5.000000.png,2024-09-21T07:20:02,2024-09-21T13:20:02,0.05,5.0,2024-09-21T10:20:02,2.525,11.9301635288236,78.9554869237935,NOISE,2024-09-21T10:20:02,2.525,11.9301635288236,78.9554869237935,NOISE,2024-09-21T10:20:02,2.525,11.9301635288236,78.9554869237935,NOISE,2024-09-21T10:20:02,2.525,11.9301635288236,78.9554869237935,NOISE
2026-04-08T10:45:05.648424,Map-Energy__sum__linear-conv00371-20240921_132002-20240921_192002-0.050000-5.000000.png,2024-09-21T13:20:02,2024-09-21T19:20:02,0.05,5.0,2024-09-21T16:20:02,2.525,11.9301635288236,78.9554869237935,NOISE,2024-09-21T16:20:02,2.525,11.9301635288236,78.9554869237935,NOISE,2024-09-21T16:20:02,2.525,11.9301635288236,78.9554869237935,NOISE,2024-09-21T16:20:02,2.525,11.9301635288236,78.9554869237935,NOISE
2026-04-08T10:45:06.360499,Map-Energy__sum__linear-conv00381-20240921_192002-20240922_012002-0.050000-5.000000.png,2024-09-21T19:20:02,2024-09-22T01:20:02,0.05,5.0,2024-09-21T22:20:02,2.525,11.9301635288236,78.9554869237935,NOISE,2024-09-21T22:20:02,2.525,11.9301635288236,78.9554869237935,NOISE,2024-09-21T22:20:02,2.525,11.9301635288236,78.9554869237935,NOISE,2024-09-21T22:20:02,2.525,11.9301635288236,78.9554869237935,NOISE
2026-04-08T10:45:07.128707,Map-Energy__sum__linear-conv00391-20240922_012002-20240922_072002-0.050000-5.000000.png,2024-09-22T01:20:02,2024-09-22T07:20:02,0.05,5.0,2024-09-22T04:20:02,2.525,11.9301635288236,78.9554869237935,NOISE,2024-09-22T04:20:02,2.525,11.9301635288236,78.9554869237935,NOISE,2024-09-22T04:20:02,2.525,11.9301635288236,78.9554869237935,NOISE,2024-09-22T04:20:02,2.525,11.9301635288236,78.9554869237935,NOISE
2026-04-08T10:45:07.872783,Map-Energy__sum__linear-conv00401-20240922_072002-20240922_132002-0.050000-5.000000.png,2024-09-22T07:20:02,2024-09-22T13:20:02,0.05,5.0,2024-09-22T10:20:02,2.525,11.9301635288236,78.9554869237935,NOISE,2024-09-22T10:20:02,2.525,11.9301635288236,78.9554869237935,NOISE,2024-09-22T10:20:02,2.525,11.9301635288236,78.9554869237935,NOISE,2024-09-22T10:20:02,2.525,11.9301635288236,78.9554869237935,NOISE
2026-04-08T10:45:08.792754,Map-Energy__sum__linear-conv00411-20240922_132002-20240922_192002-0.050000-5.000000.png,2024-09-22T13:20:02,2024-09-22T19:20:02,0.05,5.0,2024-09-22T16:20:02,2.525,11.9301635288236,78.9554869237935,NOISE,2024-09-22T16:20:02,2.525,11.9301635288236,78.9554869237935,NOISE,2024-09-22T16:20:02,2.525,11.9301635288236,78.9554869237935,NOISE,2024-09-22T16:20:02,2.525,11.9301635288236,78.9554869237935,NOISE
2026-04-08T10:45:10.544578,Map-Energy__sum__linear-conv00421-20240922_192002-20240923_012002-0.050000-5.000000.png,2024-09-22T19:20:02,2024-09-23T01:20:02,0.05,5.0,2024-09-22T22:20:02,2.525,11.9301635288236,78.9554869237935,NOISE,2024-09-22T22:20:02,2.525,11.9301635288236,78.9554869237935,NOISE,2024-09-22T22:20:02,2.525,11.9301635288236,78.9554869237935,NOISE,2024-09-22T22:20:02,2.525,11.9301635288236,78.9554869237935,NOISE
2026-04-08T10:45:11.560640,Map-Energy__sum__linear-conv00431-20240923_012002-20240923_072002-0.050000-5.000000.png,2024-09-23T01:20:02,2024-09-23T07:20:02,0.05,5.0,2024-09-23T04:20:02,2.525,11.9301635288236,78.9554869237935,NOISE,2024-09-23T04:20:02,2.525,11.9301635288236,78.9554869237935,NOISE,2024-09-23T04:20:02,2.525,11.9301635288236,78.9554869237935,NOISE,2024-09-23T04:20:02,2.525,11.9301635288236,78.9554869237935,NOISE
2026-04-08T10:45:12.576517,Map-Energy__sum__linear-conv00441-20240923_072002-20240923_132002-0.050000-5.000000.png,2024-09-23T07:20:02,2024-09-23T13:20:02,0.05,5.0,2024-09-23T10:20:02,2.525,11.9301635288236,78.9554869237935,NOISE,2024-09-23T10:20:02,2.525,11.9301635288236,78.9554869237935,NOISE,2024-09-23T10:20:02,2.525,11.9301635288236,78.9554869237935,NOISE,2024-09-23T10:20:02,2.525,11.9301635288236,78.9554869237935,NOISE
2026-04-08T10:45:13.392725,Map-Energy__sum__linear-conv00451-20240923_132002-20240923_192002-0.050000-5.000000.png,2024-09-23T13:20:02,2024-09-23T19:20:02,0.05,5.0,2024-09-23T16:20:02,2.525,11.9301635288236,78.9554869237935,NOISE,2024-09-23T16:20:02,2.525,11.9301635288236,78.9554869237935,NOISE,2024-09-23T16:20:02,2.525,11.9301635288236,78.9554869237935,NOISE,2024-09-23T16:20:02,2.525,11.9301635288236,78.9554869237935,NOISE
2026-04-08T10:45:14.336586,Map-Energy__sum__linear-conv00461-20240923_192002-20240924_012002-0.050000-5.000000.png,2024-09-23T19:20:02,2024-09-24T01:20:02,0.05,5.0,2024-09-23T22:20:02,2.525,11.9301635288236,78.9554869237935,NOISE,2024-09-23T22:20:02,2.525,11.9301635288236,78.9554869237935,NOISE,2024-09-23T22:20:02,2.525,11.9301635288236,78.9554869237935,NOISE,2024-09-23T22:20:02,2.525,11.9301635288236,78.9554869237935,NOISE
2026-04-08T10:45:15.152739,Map-Energy__sum__linear-conv00471-20240924_012002-20240924_072002-0.050000-5.000000.png,2024-09-24T01:20:02,2024-09-24T07:20:02,0.05,5.0,2024-09-24T04:20:02,2.525,11.9301635288236,78.9554869237935,NOISE,2024-09-24T04:20:02,2.525,11.9301635288236,78.9554869237935,NOISE,2024-09-24T04:20:02,2.525,11.9301635288236,78.9554869237935,NOISE,2024-09-24T04:20:02,2.525,11.9301635288236,78.9554869237935,NOISE
2026-04-08T10:45:15.904841,Map-Energy__sum__linear-conv00481-20240924_072002-20240924_132002-0.050000-5.000000.png,2024-09-24T07:20:02,2024-09-24T13:20:02,0.05,5.0,2024-09-24T10:20:02,2.525,11.9301635288236,78.9554869237935,NOISE,2024-09-24T10:20:02,2.525,11.9301635288236,78.9554869237935,NOISE,2024-09-24T10:20:02,2.525,11.9301635288236,78.9554869237935,NOISE,2024-09-24T10:20:02,2.525,11.9301635288236,78.9554869237935,NOISE
2026-04-08T10:45:16.680717,Map-Energy__sum__linear-conv00491-20240924_132002-20240924_192002-0.050000-5.000000.png,2024-09-24T13:20:02,2024-09-24T19:20:02,0.05,5.0,2024-09-24T16:20:02,2.525,11.9301635288236,78.9554869237935,NOISE,2024-09-24T16:20:02,2.525,11.9301635288236,78.9554869237935,NOISE,2024-09-24T16:20:02,2.525,11.9301635288236,78.9554869237935,NOISE,2024-09-24T16:20:02,2.525,11.9301635288236,78.9554869237935,NOISE
2026-04-08T10:45:17.464579,Map-Energy__sum__linear-conv00501-20240924_192002-20240925_012002-0.050000-5.000000.png,2024-09-24T19:20:02,2024-09-25T01:20:02,0.05,5.0,2024-09-24T22:20:02,2.525,11.9301635288236,78.9554869237935,NOISE,2024-09-24T22:20:02,2.525,11.9301635288236,78.9554869237935,NOISE,2024-09-24T22:20:02,2.525,11.9301635288236,78.9554869237935,NOISE,2024-09-24T22:20:02,2.525,11.9301635288236,78.9554869237935,NOISE
2026-04-08T10:45:18.160830,Map-Energy__sum__linear-conv00511-20240925_012002-20240925_072002-0.050000-5.000000.png,2024-09-25T01:20:02,2024-09-25T07:20:02,0.05,5.0,2024-09-25T04:20:02,2.525,11.9301635288236,78.9554869237935,NOISE,2024-09-25T04:20:02,2.525,11.9301635288236,78.9554869237935,NOISE,2024-09-25T04:20:02,2.525,11.9301635288236,78.9554869237935,NOISE,2024-09-25T04:20:02,2.525,11.9301635288236,78.9554869237935,NOISE
2026-04-08T10:45:18.880633,Map-Energy__sum__linear-conv00521-20240925_072002-20240925_132002-0.050000-5.000000.png,2024-09-25T07:20:02,2024-09-25T13:20:02,0.05,5.0,2024-09-25T10:20:02,2.525,11.9301635288236,78.9554869237935,NOISE,2024-09-25T10:20:02,2.525,11.9301635288236,78.9554869237935,NOISE,2024-09-25T10:20:02,2.525,11.9301635288236,78.9554869237935,NOISE,2024-09-25T10:20:02,2.525,11.9301635288236,78.9554869237935,NOISE
2026-04-08T10:45:19.584686,Map-Energy__sum__linear-conv00531-20240925_132002-20240925_192002-0.050000-5.000000.png,2024-09-25T13:20:02,2024-09-25T19:20:02,0.05,5.0,2024-09-25T16:20:02,2.525,11.9301635288236,78.9554869237935,NOISE,2024-09-25T16:20:02,2.525,11.9301635288236,78.9554869237935,NOISE,2024-09-25T16:20:02,2.525,11.9301635288236,78.9554869237935,NOISE,2024-09-25T16:20:02,2.525,11.9301635288236,78.9554869237935,NOISE
2026-04-08T10:45:20.272717,Map-Energy__sum__linear-conv00541-20240925_192002-20240926_012002-0.050000-5.000000.png,2024-09-25T19:20:02,2024-09-26T01:20:02,0.05,5.0,2024-09-25T22:20:02,2.525,11.9301635288236,78.9554869237935,NOISE,2024-09-25T22:20:02,2.525,11.9301635288236,78.9554869237935,NOISE,2024-09-25T22:20:02,2.525,11.9301635288236,78.9554869237935,NOISE,2024-09-25T22:20:02,2.525,11.9301635288236,78.9554869237935,NOISE
2026-04-08T10:45:20.992494,Map-Energy__sum__linear-conv00551-20240926_012002-20240926_072002-0.050000-5.000000.png,2024-09-26T01:20:02,2024-09-26T07:20:02,0.05,5.0,2024-09-26T04:20:02,2.525,11.9301635288236,78.9554869237935,NOISE,2024-09-26T04:20:02,2.525,11.9301635288236,78.9554869237935,NOISE,2024-09-26T04:20:02,2.525,11.9301635288236,78.9554869237935,NOISE,2024-09-26T04:20:02,2.525,11.9301635288236,78.9554869237935,NOISE
2026-04-08T10:45:21.696767,Map-Energy__sum__linear-conv00561-20240926_072002-20240926_132002-0.050000-5.000000.png,2024-09-26T07:20:02,2024-09-26T13:20:02,0.05,5.0,2024-09-26T10:20:02,2.525,11.9301635288236,78.9554869237935,NOISE,2024-09-26T10:20:02,2.525,11.9301635288236,78.9554869237935,NOISE,2024-09-26T10:20:02,2.525,11.9301635288236,78.9554869237935,NOISE,2024-09-26T10:20:02,2.525,11.9301635288236,78.9554869237935,NOISE
2026-04-08T10:45:22.440917,Map-Energy__sum__linear-conv00571-20240926_132002-20240926_192002-0.050000-5.000000.png,2024-09-26T13:20:02,2024-09-26T19:20:02,0.05,5.0,2024-09-26T16:20:02,2.525,11.9301635288236,78.9554869237935,NOISE,2024-09-26T16:20:02,2.525,11.9301635288236,78.9554869237935,NOISE,2024-09-26T16:20:02,2.525,11.9301635288236,78.9554869237935,NOISE,2024-09-26T16:20:02,2.525,11.9301635288236,78.9554869237935,NOISE
2026-04-08T10:45:24.152698,Map-Energy__sum__linear-conv00581-20240926_132002-20240926_192002-0.050000-5.000000.png,2024-09-26T13:20:02,2024-09-26T19:20:02,0.05,5.0,2024-09-26T16:20:02,2.525,11.9301635288236,78.9554869237935,NOISE,2024-09-26T16:20:02,2.525,11.9301635288236,78.9554869237935,NOISE,2024-09-26T16:20:02,2.525,11.9301635288236,78.9554869237935,NOISE,2024-09-26T16:20:02,2.525,11.9301635288236,78.9554869237935,NOISE
2026-04-08T10:45:28.840654,Map-Energy__sum__linear-conv00591-20240926_192002-20240927_012002-0.050000-5.000000.png,2024-09-26T19:20:02,2024-09-27T01:20:02,0.05,5.0,2024-09-26T22:20:02,2.525,11.9301635288236,78.9554869237935,NOISE,2024-09-26T22:20:02,2.525,11.9301635288236,78.9554869237935,NOISE,2024-09-26T22:20:02,2.525,11.9301635288236,78.9554869237935,NOISE,2024-09-26T22:20:02,2.525,11.9301635288236,78.9554869237935,NOISE
2026-04-08T10:45:29.592639,Map-Energy__sum__linear-conv00601-20240927_012002-20240927_072002-0.050000-5.000000.png,2024-09-27T01:20:02,2024-09-27T07:20:02,0.05,5.0,2024-09-27T04:20:02,2.525,11.9301635288236,78.9554869237935,NOISE,2024-09-27T04:20:02,2.525,11.9301635288236,78.9554869237935,NOISE,2024-09-27T04:20:02,2.525,11.9301635288236,78.9554869237935,NOISE,2024-09-27T04:20:02,2.525,11.9301635288236,78.9554869237935,NOISE
2026-04-08T10:45:30.648698,Map-Energy__sum__linear-conv00611-20240927_072002-20240927_132002-0.050000-5.000000.png,2024-09-27T07:20:02,2024-09-27T13:20:02,0.05,5.0,2024-09-27T10:20:02,2.525,11.9301635288236,78.9554869237935,NOISE,2024-09-27T10:20:02,2.525,11.9301635288236,78.9554869237935,NOISE,2024-09-27T10:20:02,2.525,11.9301635288236,78.9554869237935,NOISE,2024-09-27T10:20:02,2.525,11.9301635288236,78.9554869237935,NOISE
2026-04-08T10:45:31.520709,Map-Energy__sum__linear-conv00621-20240927_132002-20240927_192002-0.050000-5.000000.png,2024-09-27T13:20:02,2024-09-27T19:20:02,0.05,5.0,2024-09-27T16:20:02,2.525,11.9301635288236,78.9554869237935,NOISE,2024-09-27T16:20:02,2.525,11.9301635288236,78.9554869237935,NOISE,2024-09-27T16:20:02,2.525,11.9301635288236,78.9554869237935,NOISE,2024-09-27T16:20:02,2.525,11.9301635288236,78.9554869237935,NOISE
2026-04-08T10:45:32.240814,Map-Energy__sum__linear-conv00631-20240927_192002-20240928_012002-0.050000-5.000000.png,2024-09-27T19:20:02,2024-09-28T01:20:02,0.05,5.0,2024-09-27T22:20:02,2.525,11.9301635288236,78.9554869237935,NOISE,2024-09-27T22:20:02,2.525,11.9301635288236,78.9554869237935,NOISE,2024-09-27T22:20:02,2.525,11.9301635288236,78.9554869237935,NOISE,2024-09-27T22:20:02,2.525,11.9301635288236,78.9554869237935,NOISE
2026-04-08T10:45:32.944772,Map-Energy__sum__linear-conv00641-20240928_012002-20240928_072002-0.050000-5.000000.png,2024-09-28T01:20:02,2024-09-28T07:20:02,0.05,5.0,2024-09-28T04:20:02,2.525,11.9301635288236,78.9554869237935,NOISE,2024-09-28T04:20:02,2.525,11.9301635288236,78.9554869237935,NOISE,2024-09-28T04:20:02,2.525,11.9301635288236,78.9554869237935,NOISE,2024-09-28T04:20:02,2.525,11.9301635288236,78.9554869237935,NOISE
2026-04-08T10:45:33.640568,Map-Energy__sum__linear-conv00651-20240928_072002-20240928_132002-0.050000-5.000000.png,2024-09-28T07:20:02,2024-09-28T13:20:02,0.05,5.0,2024-09-28T10:20:02,2.525,11.9301635288236,78.9554869237935,NOISE,2024-09-28T10:20:02,2.525,11.9301635288236,78.9554869237935,NOISE,2024-09-28T10:20:02,2.525,11.9301635288236,78.9554869237935,NOISE,2024-09-28T10:20:02,2.525,11.9301635288236,78.9554869237935,NOISE
2026-04-08T10:45:34.376780,Map-Energy__sum__linear-conv00661-20240928_132002-20240928_192002-0.050000-5.000000.png,2024-09-28T13:20:02,2024-09-28T19:20:02,0.05,5.0,2024-09-28T16:20:02,2.525,11.9301635288236,78.9554869237935,NOISE,2024-09-28T16:20:02,2.525,11.9301635288236,78.9554869237935,NOISE,2024-09-28T16:20:02,2.525,11.9301635288236,78.9554869237935,NOISE,2024-09-28T16:20:02,2.525,11.9301635288236,78.9554869237935,NOISE
2026-04-08T10:45:35.048526,Map-Energy__sum__linear-conv00671-20240928_192002-20240929_012002-0.050000-5.000000.png,2024-09-28T19:20:02,2024-09-29T01:20:02,0.05,5.0,2024-09-28T22:20:02,2.525,11.9301635288236,78.9554869237935,NOISE,2024-09-28T22:20:02,2.525,11.9301635288236,78.9554869237935,NOISE,2024-09-28T22:20:02,2.525,11.9301635288236,78.9554869237935,NOISE,2024-09-28T22:20:02,2.525,11.9301635288236,78.9554869237935,NOISE
2026-04-08T10:45:35.728468,Map-Energy__sum__linear-conv00681-20240929_012002-20240929_072002-0.050000-5.000000.png,2024-09-29T01:20:02,2024-09-29T07:20:02,0.05,5.0,2024-09-29T04:20:02,2.525,11.9301635288236,78.9554869237935,NOISE,2024-09-29T04:20:02,2.525,11.9301635288236,78.9554869237935,NOISE,2024-09-29T04:20:02,2.525,11.9301635288236,78.9554869237935,NOISE,2024-09-29T04:20:02,2.525,11.9301635288236,78.9554869237935,NOISE
2026-04-08T10:45:36.448702,Map-Energy__sum__linear-conv00691-20240929_072002-20240929_132002-0.050000-5.000000.png,2024-09-29T07:20:02,2024-09-29T13:20:02,0.05,5.0,2024-09-29T10:20:02,2.525,11.9301635288236,78.9554869237935,NOISE,2024-09-29T10:20:02,2.525,11.9301635288236,78.9554869237935,NOISE,2024-09-29T10:20:02,2.525,11.9301635288236,78.9554869237935,NOISE,2024-09-29T10:20:02,2.525,11.9301635288236,78.9554869237935,NOISE
2026-04-08T10:45:37.400787,Map-Energy__sum__linear-conv00701-20240929_132002-20240929_192002-0.050000-5.000000.png,2024-09-29T13:20:02,2024-09-29T19:20:02,0.05,5.0,2024-09-29T16:20:02,2.525,11.9301635288236,78.9554869237935,NOISE,2024-09-29T16:20:02,2.525,11.9301635288236,78.9554869237935,NOISE,2024-09-29T16:20:02,2.525,11.9301635288236,78.9554869237935,NOISE,2024-09-29T16:20:02,2.525,11.9301635288236,78.9554869237935,NOISE
2026-04-08T10:45:38.201060,Map-Energy__sum__linear-conv00711-20240929_192002-20240930_012002-0.050000-5.000000.png,2024-09-29T19:20:02,2024-09-30T01:20:02,0.05,5.0,2024-09-29T22:20:02,2.525,11.9301635288236,78.9554869237935,NOISE,2024-09-29T22:20:02,2.525,11.9301635288236,78.9554869237935,NOISE,2024-09-29T22:20:02,2.525,11.9301635288236,78.9554869237935,NOISE,2024-09-29T22:20:02,2.525,11.9301635288236,78.9554869237935,NOISE
2026-04-08T10:45:40.090507,Map-Energy__sum__linear-conv00002-20240912_132002-20240912_192002-5.000000-10.000000.png,2024-09-12T13:20:02,2024-09-12T19:20:02,5.0,10.0,2024-09-12T16:20:02,7.5,11.7898272340434,78.9877048432448,NOISE,2024-09-12T16:20:02,7.5,11.7898272340434,78.9877048432448,NOISE,2024-09-12T16:20:02,7.5,11.7898272340434,78.9877048432448,NOISE,2024-09-12T16:20:02,7.5,11.7898272340434,78.9877048432448,NOISE
2026-04-08T10:45:41.161238,Map-Energy__sum__linear-conv00012-20240912_192002-20240913_012002-5.000000-10.000000.png,2024-09-12T19:20:02,2024-09-13T01:20:02,5.0,10.0,2024-09-12T22:20:02,7.5,11.7898272340434,78.9877048432448,NOISE,2024-09-12T22:20:02,7.5,11.7898272340434,78.9877048432448,NOISE,2024-09-12T22:20:02,7.5,11.7898272340434,78.9877048432448,NOISE,2024-09-12T22:20:02,7.5,11.7898272340434,78.9877048432448,NOISE
2026-04-08T10:45:42.009313,Map-Energy__sum__linear-conv00022-20240913_012002-20240913_072002-5.000000-10.000000.png,2024-09-13T01:20:02,2024-09-13T07:20:02,5.0,10.0,2024-09-13T04:20:02,7.5,11.7898272340434,78.9877048432448,NOISE,2024-09-13T04:20:02,7.5,11.7898272340434,78.9877048432448,NOISE,2024-09-13T04:20:02,7.5,11.7898272340434,78.9877048432448,NOISE,2024-09-13T04:20:02,7.5,11.7898272340434,78.9877048432448,NOISE
2026-04-08T10:45:42.929430,Map-Energy__sum__linear-conv00032-20240913_072002-20240913_132002-5.000000-10.000000.png,2024-09-13T07:20:02,2024-09-13T13:20:02,5.0,10.0,2024-09-13T10:20:02,7.5,11.7898272340434,78.9877048432448,NOISE,2024-09-13T10:20:02,7.5,11.7898272340434,78.9877048432448,NOISE,2024-09-13T10:20:02,7.5,11.7898272340434,78.9877048432448,NOISE,2024-09-13T10:20:02,7.5,11.7898272340434,78.9877048432448,NOISE
2026-04-08T10:45:43.680925,Map-Energy__sum__linear-conv00042-20240913_132002-20240913_192002-5.000000-10.000000.png,2024-09-13T13:20:02,2024-09-13T19:20:02,5.0,10.0,2024-09-13T16:20:02,7.5,11.7898272340434,78.9877048432448,NOISE,2024-09-13T16:20:02,7.5,11.7898272340434,78.9877048432448,NOISE,2024-09-13T16:20:02,7.5,11.7898272340434,78.9877048432448,NOISE,2024-09-13T16:20:02,7.5,11.7898272340434,78.9877048432448,NOISE
2026-04-08T10:45:44.369237,Map-Energy__sum__linear-conv00052-20240913_192002-20240914_012002-5.000000-10.000000.png,2024-09-13T19:20:02,2024-09-14T01:20:02,5.0,10.0,2024-09-13T22:20:02,7.5,11.7898272340434,78.9877048432448,NOISE,2024-09-13T22:20:02,7.5,11.7898272340434,78.9877048432448,NOISE,2024-09-13T22:20:02,7.5,11.7898272340434,78.9877048432448,NOISE,2024-09-13T22:20:02,7.5,11.7898272340434,78.9877048432448,NOISE
2026-04-08T10:45:45.049465,Map-Energy__sum__linear-conv00062-20240914_012002-20240914_072002-5.000000-10.000000.png,2024-09-14T01:20:02,2024-09-14T07:20:02,5.0,10.0,2024-09-14T04:20:02,7.5,11.7898272340434,78.9877048432448,NOISE,2024-09-14T04:20:02,7.5,11.7898272340434,78.9877048432448,NOISE,2024-09-14T04:20:02,7.5,11.7898272340434,78.9877048432448,NOISE,2024-09-14T04:20:02,7.5,11.7898272340434,78.9877048432448,NOISE
2026-04-08T10:45:45.697759,Map-Energy__sum__linear-conv00072-20240914_072002-20240914_132002-5.000000-10.000000.png,2024-09-14T07:20:02,2024-09-14T13:20:02,5.0,10.0,2024-09-14T10:20:02,7.5,11.7898272340434,78.9877048432448,NOISE,2024-09-14T10:20:02,7.5,11.7898272340434,78.9877048432448,NOISE,2024-09-14T10:20:02,7.5,11.7898272340434,78.9877048432448,NOISE,2024-09-14T10:20:02,7.5,11.7898272340434,78.9877048432448,NOISE
2026-04-08T10:45:46.353978,Map-Energy__sum__linear-conv00082-20240914_132002-20240914_192002-5.000000-10.000000.png,2024-09-14T13:20:02,2024-09-14T19:20:02,5.0,10.0,2024-09-14T16:20:02,7.5,11.7898272340434,78.9877048432448,NOISE,2024-09-14T16:20:02,7.5,11.7898272340434,78.9877048432448,NOISE,2024-09-14T16:20:02,7.5,11.7898272340434,78.9877048432448,NOISE,2024-09-14T16:20:02,7.5,11.7898272340434,78.9877048432448,NOISE
2026-04-08T10:45:47.073904,Map-Energy__sum__linear-conv00092-20240914_192002-20240915_012002-5.000000-10.000000.png,2024-09-14T19:20:02,2024-09-15T01:20:02,5.0,10.0,2024-09-14T22:20:02,7.5,11.7898272340434,78.9877048432448,NOISE,2024-09-14T22:20:02,7.5,11.7898272340434,78.9877048432448,NOISE,2024-09-14T22:20:02,7.5,11.7898272340434,78.9877048432448,NOISE,2024-09-14T22:20:02,7.5,11.7898272340434,78.9877048432448,NOISE
2026-04-08T10:45:47.769432,Map-Energy__sum__linear-conv00102-20240915_012002-20240915_072002-5.000000-10.000000.png,2024-09-15T01:20:02,2024-09-15T07:20:02,5.0,10.0,2024-09-15T04:20:02,7.5,11.7898272340434,78.9877048432448,NOISE,2024-09-15T04:20:02,7.5,11.7898272340434,78.9877048432448,NOISE,2024-09-15T04:20:02,7.5,11.7898272340434,78.9877048432448,NOISE,2024-09-15T04:20:02,7.5,11.7898272340434,78.9877048432448,NOISE
2026-04-08T10:45:48.370415,Map-Energy__sum__linear-conv00112-20240915_072002-20240915_132002-5.000000-10.000000.png,2024-09-15T07:20:02,2024-09-15T13:20:02,5.0,10.0,2024-09-15T10:20:02,7.5,11.7898272340434,78.9877048432448,NOISE,2024-09-15T10:20:02,7.5,11.7898272340434,78.9877048432448,NOISE,2024-09-15T10:20:02,7.5,11.7898272340434,78.9877048432448,NOISE,2024-09-15T10:20:02,7.5,11.7898272340434,78.9877048432448,NOISE
2026-04-08T10:45:49.065994,Map-Energy__sum__linear-conv00122-20240915_132002-20240915_192002-5.000000-10.000000.png,2024-09-15T13:20:02,2024-09-15T19:20:02,5.0,10.0,2024-09-15T16:20:02,7.5,11.7898272340434,78.9877048432448,NOISE,2024-09-15T16:20:02,7.5,11.7898272340434,78.9877048432448,NOISE,2024-09-15T16:20:02,7.5,11.7898272340434,78.9877048432448,NOISE,2024-09-15T16:20:02,7.5,11.7898272340434,78.9877048432448,NOISE
2026-04-08T10:45:49.713326,Map-Energy__sum__linear-conv00132-20240915_192002-20240916_012002-5.000000-10.000000.png,2024-09-15T19:20:02,2024-09-16T01:20:02,5.0,10.0,2024-09-15T22:20:02,7.5,11.7898272340434,78.9877048432448,NOISE,2024-09-15T22:20:02,7.5,11.7898272340434,78.9877048432448,NOISE,2024-09-15T22:20:02,7.5,11.7898272340434,78.9877048432448,NOISE,2024-09-15T22:20:02,7.5,11.7898272340434,78.9877048432448,NOISE
2026-04-08T10:45:50.377258,Map-Energy__sum__linear-conv00142-20240916_012002-20240916_072002-5.000000-10.000000.png,2024-09-16T01:20:02,2024-09-16T07:20:02,5.0,10.0,2024-09-16T04:20:02,7.5,11.7898272340434,78.9877048432448,NOISE,2024-09-16T04:20:02,7.5,11.7898272340434,78.9877048432448,NOISE,2024-09-16T04:20:02,7.5,11.7898272340434,78.9877048432448,NOISE,2024-09-16T04:20:02,7.5,11.7898272340434,78.9877048432448,NOISE
2026-04-08T10:45:51.025903,Map-Energy__sum__linear-conv00152-20240916_072002-20240916_132002-5.000000-10.000000.png,2024-09-16T07:20:02,2024-09-16T13:20:02,5.0,10.0,2024-09-16T10:20:02,7.5,11.7898272340434,78.9877048432448,NOISE,2024-09-16T10:20:02,7.5,11.7898272340434,78.9877048432448,NOISE,2024-09-16T10:20:02,7.5,11.7898272340434,78.9877048432448,NOISE,2024-09-16T10:20:02,7.5,11.7898272340434,78.9877048432448,NOISE
2026-04-08T10:45:51.593299,Map-Energy__sum__linear-conv00162-20240916_132002-20240916_192002-5.000000-10.000000.png,2024-09-16T13:20:02,2024-09-16T19:20:02,5.0,10.0,2024-09-16T16:20:02,7.5,11.7898272340434,78.9877048432448,NOISE,2024-09-16T16:20:02,7.5,11.7898272340434,78.9877048432448,NOISE,2024-09-16T16:20:02,7.5,11.7898272340434,78.9877048432448,NOISE,2024-09-16T16:20:02,7.5,11.7898272340434,78.9877048432448,NOISE
2026-04-08T10:45:52.297074,Map-Energy__sum__linear-conv00172-20240916_192002-20240917_012002-5.000000-10.000000.png,2024-09-16T19:20:02,2024-09-17T01:20:02,5.0,10.0,2024-09-16T22:20:02,7.5,11.7898272340434,78.9877048432448,NOISE,2024-09-16T22:20:02,7.5,11.7898272340434,78.9877048432448,NOISE,2024-09-16T22:20:02,7.5,11.7898272340434,78.9877048432448,NOISE,2024-09-16T22:20:02,7.5,11.7898272340434,78.9877048432448,NOISE
2026-04-08T10:45:52.897638,Map-Energy__sum__linear-conv00182-20240917_012002-20240917_072002-5.000000-10.000000.png,2024-09-17T01:20:02,2024-09-17T07:20:02,5.0,10.0,2024-09-17T04:20:02,7.5,11.7898272340434,78.9877048432448,NOISE,2024-09-17T04:20:02,7.5,11.7898272340434,78.9877048432448,NOISE,2024-09-17T04:20:02,7.5,11.7898272340434,78.9877048432448,NOISE,2024-09-17T04:20:02,7.5,11.7898272340434,78.9877048432448,NOISE
2026-04-08T10:45:53.546007,Map-Energy__sum__linear-conv00192-20240917_072002-20240917_132002-5.000000-10.000000.png,2024-09-17T07:20:02,2024-09-17T13:20:02,5.0,10.0,2024-09-17T10:20:02,7.5,11.7898272340434,78.9877048432448,NOISE,2024-09-17T10:20:02,7.5,11.7898272340434,78.9877048432448,NOISE,2024-09-17T10:20:02,7.5,11.7898272340434,78.9877048432448,NOISE,2024-09-17T10:20:02,7.5,11.7898272340434,78.9877048432448,NOISE
2026-04-08T10:45:54.193986,Map-Energy__sum__linear-conv00202-20240917_132002-20240917_192002-5.000000-10.000000.png,2024-09-17T13:20:02,2024-09-17T19:20:02,5.0,10.0,2024-09-17T16:20:02,7.5,11.7898272340434,78.9877048432448,NOISE,2024-09-17T16:20:02,7.5,11.7898272340434,78.9877048432448,NOISE,2024-09-17T16:20:02,7.5,11.7898272340434,78.9877048432448,NOISE,2024-09-17T16:20:02,7.5,11.7898272340434,78.9877048432448,NOISE
2026-04-08T10:45:54.825089,Map-Energy__sum__linear-conv00212-20240917_192002-20240918_012002-5.000000-10.000000.png,2024-09-17T19:20:02,2024-09-18T01:20:02,5.0,10.0,2024-09-17T22:20:02,7.5,11.7898272340434,78.9877048432448,NOISE,2024-09-17T22:20:02,7.5,11.7898272340434,78.9877048432448,NOISE,2024-09-17T22:20:02,7.5,11.7898272340434,78.9877048432448,NOISE,2024-09-17T22:20:02,7.5,11.7898272340434,78.9877048432448,NOISE
2026-04-08T10:45:55.465148,Map-Energy__sum__linear-conv00222-20240918_012002-20240918_072002-5.000000-10.000000.png,2024-09-18T01:20:02,2024-09-18T07:20:02,5.0,10.0,2024-09-18T04:20:02,7.5,11.7898272340434,78.9877048432448,NOISE,2024-09-18T04:20:02,7.5,11.7898272340434,78.9877048432448,NOISE,2024-09-18T04:20:02,7.5,11.7898272340434,78.9877048432448,NOISE,2024-09-18T04:20:02,7.5,11.7898272340434,78.9877048432448,NOISE
2026-04-08T10:45:56.137362,Map-Energy__sum__linear-conv00232-20240918_072002-20240918_132002-5.000000-10.000000.png,2024-09-18T07:20:02,2024-09-18T13:20:02,5.0,10.0,2024-09-18T10:20:02,7.5,11.7898272340434,78.9877048432448,NOISE,2024-09-18T10:20:02,7.5,11.7898272340434,78.9877048432448,NOISE,2024-09-18T10:20:02,7.5,11.7898272340434,78.9877048432448,NOISE,2024-09-18T10:20:02,7.5,11.7898272340434,78.9877048432448,NOISE
2026-04-08T10:45:56.833163,Map-Energy__sum__linear-conv00242-20240918_132002-20240918_192002-5.000000-10.000000.png,2024-09-18T13:20:02,2024-09-18T19:20:02,5.0,10.0,2024-09-18T16:20:02,7.5,11.7898272340434,78.9877048432448,NOISE,2024-09-18T16:20:02,7.5,11.7898272340434,78.9877048432448,NOISE,2024-09-18T16:20:02,7.5,11.7898272340434,78.9877048432448,NOISE,2024-09-18T16:20:02,7.5,11.7898272340434,78.9877048432448,NOISE
2026-04-08T10:45:57.433388,Map-Energy__sum__linear-conv00252-20240918_192002-20240919_012002-5.000000-10.000000.png,2024-09-18T19:20:02,2024-09-19T01:20:02,5.0,10.0,2024-09-18T22:20:02,7.5,11.7898272340434,78.9877048432448,NOISE,2024-09-18T22:20:02,7.5,11.7898272340434,78.9877048432448,NOISE,2024-09-18T22:20:02,7.5,11.7898272340434,78.9877048432448,NOISE,2024-09-18T22:20:02,7.5,11.7898272340434,78.9877048432448,NOISE
2026-04-08T10:45:58.097721,Map-Energy__sum__linear-conv00262-20240919_012002-20240919_072002-5.000000-10.000000.png,2024-09-19T01:20:02,2024-09-19T07:20:02,5.0,10.0,2024-09-19T04:20:02,7.5,11.7898272340434,78.9877048432448,NOISE,2024-09-19T04:20:02,7.5,11.7898272340434,78.9877048432448,NOISE,2024-09-19T04:20:02,7.5,11.7898272340434,78.9877048432448,NOISE,2024-09-19T04:20:02,7.5,11.7898272340434,78.9877048432448,NOISE
2026-04-08T10:45:58.697350,Map-Energy__sum__linear-conv00272-20240919_072002-20240919_132002-5.000000-10.000000.png,2024-09-19T07:20:02,2024-09-19T13:20:02,5.0,10.0,2024-09-19T10:20:02,7.5,11.7898272340434,78.9877048432448,NOISE,2024-09-19T10:20:02,7.5,11.7898272340434,78.9877048432448,NOISE,2024-09-19T10:20:02,7.5,11.7898272340434,78.9877048432448,NOISE,2024-09-19T10:20:02,7.5,11.7898272340434,78.9877048432448,NOISE
2026-04-08T10:45:59.321488,Map-Energy__sum__linear-conv00282-20240919_132002-20240919_192002-5.000000-10.000000.png,2024-09-19T13:20:02,2024-09-19T19:20:02,5.0,10.0,2024-09-19T16:20:02,7.5,11.7898272340434,78.9877048432448,NOISE,2024-09-19T16:20:02,7.5,11.7898272340434,78.9877048432448,NOISE,2024-09-19T16:20:02,7.5,11.7898272340434,78.9877048432448,NOISE,2024-09-19T16:20:02,7.5,11.7898272340434,78.9877048432448,NOISE
2026-04-08T10:46:00.809385,Map-Energy__sum__linear-conv00292-20240919_132002-20240919_192002-5.000000-10.000000.png,2024-09-19T13:20:02,2024-09-19T19:20:02,5.0,10.0,2024-09-19T16:20:02,7.5,11.7898272340434,78.9877048432448,NOISE,2024-09-19T16:20:02,7.5,11.7898272340434,78.9877048432448,NOISE,2024-09-19T16:20:02,7.5,11.7898272340434,78.9877048432448,NOISE,2024-09-19T16:20:02,7.5,11.7898272340434,78.9877048432448,NOISE
2026-04-08T10:46:02.001247,Map-Energy__sum__linear-conv00302-20240919_192002-20240920_012002-5.000000-10.000000.png,2024-09-19T19:20:02,2024-09-20T01:20:02,5.0,10.0,2024-09-19T22:20:02,7.5,11.7898272340434,78.9877048432448,NOISE,2024-09-19T22:20:02,7.5,11.7898272340434,78.9877048432448,NOISE,2024-09-19T22:20:02,7.5,11.7898272340434,78.9877048432448,NOISE,2024-09-19T22:20:02,7.5,11.7898272340434,78.9877048432448,NOISE
2026-04-08T10:46:03.122164,Map-Energy__sum__linear-conv00312-20240920_012002-20240920_072002-5.000000-10.000000.png,2024-09-20T01:20:02,2024-09-20T07:20:02,5.0,10.0,2024-09-20T04:20:02,7.5,11.7898272340434,78.9877048432448,NOISE,2024-09-20T04:20:02,7.5,11.7898272340434,78.9877048432448,NOISE,2024-09-20T04:20:02,7.5,11.7898272340434,78.9877048432448,NOISE,2024-09-20T04:20:02,7.5,11.7898272340434,78.9877048432448,NOISE
2026-04-08T10:46:04.009252,Map-Energy__sum__linear-conv00322-20240920_072002-20240920_132002-5.000000-10.000000.png,2024-09-20T07:20:02,2024-09-20T13:20:02,5.0,10.0,2024-09-20T10:20:02,7.5,11.7898272340434,78.9877048432448,NOISE,2024-09-20T10:20:02,7.5,11.7898272340434,78.9877048432448,NOISE,2024-09-20T10:20:02,7.5,11.7898272340434,78.9877048432448,NOISE,2024-09-20T10:20:02,7.5,11.7898272340434,78.9877048432448,NOISE
2026-04-08T10:46:04.786611,Map-Energy__sum__linear-conv00332-20240920_132002-20240920_192002-5.000000-10.000000.png,2024-09-20T13:20:02,2024-09-20T19:20:02,5.0,10.0,2024-09-20T16:20:02,7.5,11.7898272340434,78.9877048432448,NOISE,2024-09-20T16:20:02,7.5,11.7898272340434,78.9877048432448,NOISE,2024-09-20T16:20:02,7.5,11.7898272340434,78.9877048432448,NOISE,2024-09-20T16:20:02,7.5,11.7898272340434,78.9877048432448,NOISE
2026-04-08T10:46:05.536937,Map-Energy__sum__linear-conv00342-20240920_192002-20240921_012002-5.000000-10.000000.png,2024-09-20T19:20:02,2024-09-21T01:20:02,5.0,10.0,2024-09-20T22:20:02,7.5,11.7898272340434,78.9877048432448,NOISE,2024-09-20T22:20:02,7.5,11.7898272340434,78.9877048432448,NOISE,2024-09-20T22:20:02,7.5,11.7898272340434,78.9877048432448,NOISE,2024-09-20T22:20:02,7.5,11.7898272340434,78.9877048432448,NOISE
2026-04-08T10:46:06.258695,Map-Energy__sum__linear-conv00352-20240921_012002-20240921_072002-5.000000-10.000000.png,2024-09-21T01:20:02,2024-09-21T07:20:02,5.0,10.0,2024-09-21T04:20:02,7.5,11.7898272340434,78.9877048432448,NOISE,2024-09-21T04:20:02,7.5,11.7898272340434,78.9877048432448,NOISE,2024-09-21T04:20:02,7.5,11.7898272340434,78.9877048432448,NOISE,2024-09-21T04:20:02,7.5,11.7898272340434,78.9877048432448,NOISE
2026-04-08T10:46:07.025179,Map-Energy__sum__linear-conv00362-20240921_072002-20240921_132002-5.000000-10.000000.png,2024-09-21T07:20:02,2024-09-21T13:20:02,5.0,10.0,2024-09-21T10:20:02,7.5,11.7898272340434,78.9877048432448,NOISE,2024-09-21T10:20:02,7.5,11.7898272340434,78.9877048432448,NOISE,2024-09-21T10:20:02,7.5,11.7898272340434,78.9877048432448,NOISE,2024-09-21T10:20:02,7.5,11.7898272340434,78.9877048432448,NOISE
2026-04-08T10:46:07.713517,Map-Energy__sum__linear-conv00372-20240921_132002-20240921_192002-5.000000-10.000000.png,2024-09-21T13:20:02,2024-09-21T19:20:02,5.0,10.0,2024-09-21T16:20:02,7.5,11.7898272340434,78.9877048432448,NOISE,2024-09-21T16:20:02,7.5,11.7898272340434,78.9877048432448,NOISE,2024-09-21T16:20:02,7.5,11.7898272340434,78.9877048432448,NOISE,2024-09-21T16:20:02,7.5,11.7898272340434,78.9877048432448,NOISE
2026-04-08T10:46:08.721347,Map-Energy__sum__linear-conv00382-20240921_192002-20240922_012002-5.000000-10.000000.png,2024-09-21T19:20:02,2024-09-22T01:20:02,5.0,10.0,2024-09-21T22:20:02,7.5,11.7898272340434,78.9877048432448,NOISE,2024-09-21T22:20:02,7.5,11.7898272340434,78.9877048432448,NOISE,2024-09-21T22:20:02,7.5,11.7898272340434,78.9877048432448,NOISE,2024-09-21T22:20:02,7.5,11.7898272340434,78.9877048432448,NOISE
2026-04-08T10:46:09.481168,Map-Energy__sum__linear-conv00392-20240922_012002-20240922_072002-5.000000-10.000000.png,2024-09-22T01:20:02,2024-09-22T07:20:02,5.0,10.0,2024-09-22T04:20:02,7.5,11.7898272340434,78.9877048432448,NOISE,2024-09-22T04:20:02,7.5,11.7898272340434,78.9877048432448,NOISE,2024-09-22T04:20:02,7.5,11.7898272340434,78.9877048432448,NOISE,2024-09-22T04:20:02,7.5,11.7898272340434,78.9877048432448,NOISE
2026-04-08T10:46:10.209422,Map-Energy__sum__linear-conv00402-20240922_072002-20240922_132002-5.000000-10.000000.png,2024-09-22T07:20:02,2024-09-22T13:20:02,5.0,10.0,2024-09-22T10:20:02,7.5,11.7898272340434,78.9877048432448,NOISE,2024-09-22T10:20:02,7.5,11.7898272340434,78.9877048432448,NOISE,2024-09-22T10:20:02,7.5,11.7898272340434,78.9877048432448,NOISE,2024-09-22T10:20:02,7.5,11.7898272340434,78.9877048432448,NOISE
2026-04-08T10:46:13.401261,Map-Energy__sum__linear-conv00412-20240922_132002-20240922_192002-5.000000-10.000000.png,2024-09-22T13:20:02,2024-09-22T19:20:02,5.0,10.0,2024-09-22T16:20:02,7.5,11.7898272340434,78.9877048432448,NOISE,2024-09-22T16:20:02,7.5,11.7898272340434,78.9877048432448,NOISE,2024-09-22T16:20:02,7.5,11.7898272340434,78.9877048432448,NOISE,2024-09-22T16:20:02,7.5,11.7898272340434,78.9877048432448,NOISE
2026-04-08T10:46:14.393352,Map-Energy__sum__linear-conv00422-20240922_192002-20240923_012002-5.000000-10.000000.png,2024-09-22T19:20:02,2024-09-23T01:20:02,5.0,10.0,2024-09-22T22:20:02,7.5,11.7898272340434,78.9877048432448,NOISE,2024-09-22T22:20:02,7.5,11.7898272340434,78.9877048432448,NOISE,2024-09-22T22:20:02,7.5,11.7898272340434,78.9877048432448,NOISE,2024-09-22T22:20:02,7.5,11.7898272340434,78.9877048432448,NOISE
2026-04-08T10:46:15.185346,Map-Energy__sum__linear-conv00432-20240923_012002-20240923_072002-5.000000-10.000000.png,2024-09-23T01:20:02,2024-09-23T07:20:02,5.0,10.0,2024-09-23T04:20:02,7.5,11.7898272340434,78.9877048432448,NOISE,2024-09-23T04:20:02,7.5,11.7898272340434,78.9877048432448,NOISE,2024-09-23T04:20:02,7.5,11.7898272340434,78.9877048432448,NOISE,2024-09-23T04:20:02,7.5,11.7898272340434,78.9877048432448,NOISE
2026-04-08T10:46:16.137139,Map-Energy__sum__linear-conv00442-20240923_072002-20240923_132002-5.000000-10.000000.png,2024-09-23T07:20:02,2024-09-23T13:20:02,5.0,10.0,2024-09-23T10:20:02,7.5,11.7898272340434,78.9877048432448,NOISE,2024-09-23T10:20:02,7.5,11.7898272340434,78.9877048432448,NOISE,2024-09-23T10:20:02,7.5,11.7898272340434,78.9877048432448,NOISE,2024-09-23T10:20:02,7.5,11.7898272340434,78.9877048432448,NOISE
2026-04-08T10:46:16.897891,Map-Energy__sum__linear-conv00452-20240923_132002-20240923_192002-5.000000-10.000000.png,2024-09-23T13:20:02,2024-09-23T19:20:02,5.0,10.0,2024-09-23T16:20:02,7.5,11.7898272340434,78.9877048432448,NOISE,2024-09-23T16:20:02,7.5,11.7898272340434,78.9877048432448,NOISE,2024-09-23T16:20:02,7.5,11.7898272340434,78.9877048432448,NOISE,2024-09-23T16:20:02,7.5,11.7898272340434,78.9877048432448,NOISE
2026-04-08T10:46:17.809232,Map-Energy__sum__linear-conv00462-20240923_192002-20240924_012002-5.000000-10.000000.png,2024-09-23T19:20:02,2024-09-24T01:20:02,5.0,10.0,2024-09-23T22:20:02,7.5,11.7898272340434,78.9877048432448,NOISE,2024-09-23T22:20:02,7.5,11.7898272340434,78.9877048432448,NOISE,2024-09-23T22:20:02,7.5,11.7898272340434,78.9877048432448,NOISE,2024-09-23T22:20:02,7.5,11.7898272340434,78.9877048432448,NOISE
2026-04-08T10:46:18.649205,Map-Energy__sum__linear-conv00472-20240924_012002-20240924_072002-5.000000-10.000000.png,2024-09-24T01:20:02,2024-09-24T07:20:02,5.0,10.0,2024-09-24T04:20:02,7.5,11.7898272340434,78.9877048432448,NOISE,2024-09-24T04:20:02,7.5,11.7898272340434,78.9877048432448,NOISE,2024-09-24T04:20:02,7.5,11.7898272340434,78.9877048432448,NOISE,2024-09-24T04:20:02,7.5,11.7898272340434,78.9877048432448,NOISE
2026-04-08T10:46:19.481156,Map-Energy__sum__linear-conv00482-20240924_072002-20240924_132002-5.000000-10.000000.png,2024-09-24T07:20:02,2024-09-24T13:20:02,5.0,10.0,2024-09-24T10:20:02,7.5,11.7898272340434,78.9877048432448,NOISE,2024-09-24T10:20:02,7.5,11.7898272340434,78.9877048432448,NOISE,2024-09-24T10:20:02,7.5,11.7898272340434,78.9877048432448,NOISE,2024-09-24T10:20:02,7.5,11.7898272340434,78.9877048432448,NOISE
2026-04-08T10:46:20.393340,Map-Energy__sum__linear-conv00492-20240924_132002-20240924_192002-5.000000-10.000000.png,2024-09-24T13:20:02,2024-09-24T19:20:02,5.0,10.0,2024-09-24T16:20:02,7.5,11.7898272340434,78.9877048432448,NOISE,2024-09-24T16:20:02,7.5,11.7898272340434,78.9877048432448,NOISE,2024-09-24T16:20:02,7.5,11.7898272340434,78.9877048432448,NOISE,2024-09-24T16:20:02,7.5,11.7898272340434,78.9877048432448,NOISE
2026-04-08T10:46:21.258144,Map-Energy__sum__linear-conv00502-20240924_192002-20240925_012002-5.000000-10.000000.png,2024-09-24T19:20:02,2024-09-25T01:20:02,5.0,10.0,2024-09-24T22:20:02,7.5,11.7898272340434,78.9877048432448,NOISE,2024-09-24T22:20:02,7.5,11.7898272340434,78.9877048432448,NOISE,2024-09-24T22:20:02,7.5,11.7898272340434,78.9877048432448,NOISE,2024-09-24T22:20:02,7.5,11.7898272340434,78.9877048432448,NOISE
2026-04-08T10:46:22.097341,Map-Energy__sum__linear-conv00512-20240925_012002-20240925_072002-5.000000-10.000000.png,2024-09-25T01:20:02,2024-09-25T07:20:02,5.0,10.0,2024-09-25T04:20:02,7.5,11.7898272340434,78.9877048432448,NOISE,2024-09-25T04:20:02,7.5,11.7898272340434,78.9877048432448,NOISE,2024-09-25T04:20:02,7.5,11.7898272340434,78.9877048432448,NOISE,2024-09-25T04:20:02,7.5,11.7898272340434,78.9877048432448,NOISE
2026-04-08T10:46:23.153241,Map-Energy__sum__linear-conv00522-20240925_072002-20240925_132002-5.000000-10.000000.png,2024-09-25T07:20:02,2024-09-25T13:20:02,5.0,10.0,2024-09-25T10:20:02,7.5,11.7898272340434,78.9877048432448,NOISE,2024-09-25T10:20:02,7.5,11.7898272340434,78.9877048432448,NOISE,2024-09-25T10:20:02,7.5,11.7898272340434,78.9877048432448,NOISE,2024-09-25T10:20:02,7.5,11.7898272340434,78.9877048432448,NOISE
2026-04-08T10:46:24.705683,Map-Energy__sum__linear-conv00532-20240925_132002-20240925_192002-5.000000-10.000000.png,2024-09-25T13:20:02,2024-09-25T19:20:02,5.0,10.0,2024-09-25T16:20:02,7.5,11.7898272340434,78.9877048432448,NOISE,2024-09-25T16:20:02,7.5,11.7898272340434,78.9877048432448,NOISE,2024-09-25T16:20:02,7.5,11.7898272340434,78.9877048432448,NOISE,2024-09-25T16:20:02,7.5,11.7898272340434,78.9877048432448,NOISE
2026-04-08T10:46:25.665307,Map-Energy__sum__linear-conv00542-20240925_192002-20240926_012002-5.000000-10.000000.png,2024-09-25T19:20:02,2024-09-26T01:20:02,5.0,10.0,2024-09-25T22:20:02,7.5,11.7898272340434,78.9877048432448,NOISE,2024-09-25T22:20:02,7.5,11.7898272340434,78.9877048432448,NOISE,2024-09-25T22:20:02,7.5,11.7898272340434,78.9877048432448,NOISE,2024-09-25T22:20:02,7.5,11.7898272340434,78.9877048432448,NOISE
2026-04-08T10:46:26.601099,Map-Energy__sum__linear-conv00552-20240926_012002-20240926_072002-5.000000-10.000000.png,2024-09-26T01:20:02,2024-09-26T07:20:02,5.0,10.0,2024-09-26T04:20:02,7.5,11.7898272340434,78.9877048432448,NOISE,2024-09-26T04:20:02,7.5,11.7898272340434,78.9877048432448,NOISE,2024-09-26T04:20:02,7.5,11.7898272340434,78.9877048432448,NOISE,2024-09-26T04:20:02,7.5,11.7898272340434,78.9877048432448,NOISE
2026-04-08T10:46:27.409061,Map-Energy__sum__linear-conv00562-20240926_072002-20240926_132002-5.000000-10.000000.png,2024-09-26T07:20:02,2024-09-26T13:20:02,5.0,10.0,2024-09-26T10:20:02,7.5,11.7898272340434,78.9877048432448,NOISE,2024-09-26T10:20:02,7.5,11.7898272340434,78.9877048432448,NOISE,2024-09-26T10:20:02,7.5,11.7898272340434,78.9877048432448,NOISE,2024-09-26T10:20:02,7.5,11.7898272340434,78.9877048432448,NOISE
2026-04-08T10:46:28.218094,Map-Energy__sum__linear-conv00572-20240926_132002-20240926_192002-5.000000-10.000000.png,2024-09-26T13:20:02,2024-09-26T19:20:02,5.0,10.0,2024-09-26T16:20:02,7.5,11.7898272340434,78.9877048432448,NOISE,2024-09-26T16:20:02,7.5,11.7898272340434,78.9877048432448,NOISE,2024-09-26T16:20:02,7.5,11.7898272340434,78.9877048432448,NOISE,2024-09-26T16:20:02,7.5,11.7898272340434,78.9877048432448,NOISE
2026-04-08T10:46:29.266086,Map-Energy__sum__linear-conv00582-20240926_132002-20240926_192002-5.000000-10.000000.png,2024-09-26T13:20:02,2024-09-26T19:20:02,5.0,10.0,2024-09-26T16:20:02,7.5,11.7898272340434,78.9877048432448,NOISE,2024-09-26T16:20:02,7.5,11.7898272340434,78.9877048432448,NOISE,2024-09-26T16:20:02,7.5,11.7898272340434,78.9877048432448,NOISE,2024-09-26T16:20:02,7.5,11.7898272340434,78.9877048432448,NOISE
2026-04-08T10:46:30.561476,Map-Energy__sum__linear-conv00592-20240926_192002-20240927_012002-5.000000-10.000000.png,2024-09-26T19:20:02,2024-09-27T01:20:02,5.0,10.0,2024-09-26T22:20:02,7.5,11.7898272340434,78.9877048432448,NOISE,2024-09-26T22:20:02,7.5,11.7898272340434,78.9877048432448,NOISE,2024-09-26T22:20:02,7.5,11.7898272340434,78.9877048432448,NOISE,2024-09-26T22:20:02,7.5,11.7898272340434,78.9877048432448,NOISE
2026-04-08T10:46:35.865853,Map-Energy__sum__linear-conv00602-20240927_012002-20240927_072002-5.000000-10.000000.png,2024-09-27T01:20:02,2024-09-27T07:20:02,5.0,10.0,2024-09-27T04:20:02,7.5,11.7898272340434,78.9877048432448,NOISE,2024-09-27T04:20:02,7.5,11.7898272340434,78.9877048432448,NOISE,2024-09-27T04:20:02,7.5,11.7898272340434,78.9877048432448,NOISE,2024-09-27T04:20:02,7.5,11.7898272340434,78.9877048432448,NOISE
2026-04-08T10:46:36.601248,Map-Energy__sum__linear-conv00612-20240927_072002-20240927_132002-5.000000-10.000000.png,2024-09-27T07:20:02,2024-09-27T13:20:02,5.0,10.0,2024-09-27T10:20:02,7.5,11.7898272340434,78.9877048432448,NOISE,2024-09-27T10:20:02,7.5,11.7898272340434,78.9877048432448,NOISE,2024-09-27T10:20:02,7.5,11.7898272340434,78.9877048432448,NOISE,2024-09-27T10:20:02,7.5,11.7898272340434,78.9877048432448,NOISE
2026-04-08T10:46:37.593188,Map-Energy__sum__linear-conv00622-20240927_132002-20240927_192002-5.000000-10.000000.png,2024-09-27T13:20:02,2024-09-27T19:20:02,5.0,10.0,2024-09-27T16:20:02,7.5,11.7898272340434,78.9877048432448,NOISE,2024-09-27T16:20:02,7.5,11.7898272340434,78.9877048432448,NOISE,2024-09-27T16:20:02,7.5,11.7898272340434,78.9877048432448,NOISE,2024-09-27T16:20:02,7.5,11.7898272340434,78.9877048432448,NOISE
2026-04-08T10:46:39.057951,Map-Energy__sum__linear-conv00632-20240927_192002-20240928_012002-5.000000-10.000000.png,2024-09-27T19:20:02,2024-09-28T01:20:02,5.0,10.0,2024-09-27T22:20:02,7.5,11.7898272340434,78.9877048432448,NOISE,2024-09-27T22:20:02,7.5,11.7898272340434,78.9877048432448,NOISE,2024-09-27T22:20:02,7.5,11.7898272340434,78.9877048432448,NOISE,2024-09-27T22:20:02,7.5,11.7898272340434,78.9877048432448,NOISE
2026-04-08T10:46:40.058041,Map-Energy__sum__linear-conv00642-20240928_012002-20240928_072002-5.000000-10.000000.png,2024-09-28T01:20:02,2024-09-28T07:20:02,5.0,10.0,2024-09-28T04:20:02,7.5,11.7898272340434,78.9877048432448,NOISE,2024-09-28T04:20:02,7.5,11.7898272340434,78.9877048432448,NOISE,2024-09-28T04:20:02,7.5,11.7898272340434,78.9877048432448,NOISE,2024-09-28T04:20:02,7.5,11.7898272340434,78.9877048432448,NOISE
2026-04-08T10:46:40.945277,Map-Energy__sum__linear-conv00652-20240928_072002-20240928_132002-5.000000-10.000000.png,2024-09-28T07:20:02,2024-09-28T13:20:02,5.0,10.0,2024-09-28T10:20:02,7.5,11.7898272340434,78.9877048432448,NOISE,2024-09-28T10:20:02,7.5,11.7898272340434,78.9877048432448,NOISE,2024-09-28T10:20:02,7.5,11.7898272340434,78.9877048432448,NOISE,2024-09-28T10:20:02,7.5,11.7898272340434,78.9877048432448,NOISE
2026-04-08T10:46:41.913264,Map-Energy__sum__linear-conv00662-20240928_132002-20240928_192002-5.000000-10.000000.png,2024-09-28T13:20:02,2024-09-28T19:20:02,5.0,10.0,2024-09-28T16:20:02,7.5,11.7898272340434,78.9877048432448,NOISE,2024-09-28T16:20:02,7.5,11.7898272340434,78.9877048432448,NOISE,2024-09-28T16:20:02,7.5,11.7898272340434,78.9877048432448,NOISE,2024-09-28T16:20:02,7.5,11.7898272340434,78.9877048432448,NOISE
2026-04-08T10:46:42.745251,Map-Energy__sum__linear-conv00672-20240928_192002-20240929_012002-5.000000-10.000000.png,2024-09-28T19:20:02,2024-09-29T01:20:02,5.0,10.0,2024-09-28T22:20:02,7.5,11.7898272340434,78.9877048432448,NOISE,2024-09-28T22:20:02,7.5,11.7898272340434,78.9877048432448,NOISE,2024-09-28T22:20:02,7.5,11.7898272340434,78.9877048432448,NOISE,2024-09-28T22:20:02,7.5,11.7898272340434,78.9877048432448,NOISE
2026-04-08T10:46:43.633101,Map-Energy__sum__linear-conv00682-20240929_012002-20240929_072002-5.000000-10.000000.png,2024-09-29T01:20:02,2024-09-29T07:20:02,5.0,10.0,2024-09-29T04:20:02,7.5,11.7898272340434,78.9877048432448,NOISE,2024-09-29T04:20:02,7.5,11.7898272340434,78.9877048432448,NOISE,2024-09-29T04:20:02,7.5,11.7898272340434,78.9877048432448,NOISE,2024-09-29T04:20:02,7.5,11.7898272340434,78.9877048432448,NOISE
2026-04-08T10:46:44.675179,Map-Energy__sum__linear-conv00692-20240929_072002-20240929_132002-5.000000-10.000000.png,2024-09-29T07:20:02,2024-09-29T13:20:02,5.0,10.0,2024-09-29T10:20:02,7.5,11.7898272340434,78.9877048432448,NOISE,2024-09-29T10:20:02,7.5,11.7898272340434,78.9877048432448,NOISE,2024-09-29T10:20:02,7.5,11.7898272340434,78.9877048432448,NOISE,2024-09-29T10:20:02,7.5,11.7898272340434,78.9877048432448,NOISE
2026-04-08T10:46:45.458623,Map-Energy__sum__linear-conv00702-20240929_132002-20240929_192002-5.000000-10.000000.png,2024-09-29T13:20:02,2024-09-29T19:20:02,5.0,10.0,2024-09-29T16:20:02,7.5,11.7898272340434,78.9877048432448,NOISE,2024-09-29T16:20:02,7.5,11.7898272340434,78.9877048432448,NOISE,2024-09-29T16:20:02,7.5,11.7898272340434,78.9877048432448,NOISE,2024-09-29T16:20:02,7.5,11.7898272340434,78.9877048432448,NOISE
2026-04-08T10:46:46.393139,Map-Energy__sum__linear-conv00712-20240929_192002-20240930_012002-5.000000-10.000000.png,2024-09-29T19:20:02,2024-09-30T01:20:02,5.0,10.0,2024-09-29T22:20:02,7.5,11.7898272340434,78.9877048432448,NOISE,2024-09-29T22:20:02,7.5,11.7898272340434,78.9877048432448,NOISE,2024-09-29T22:20:02,7.5,11.7898272340434,78.9877048432448,NOISE,2024-09-29T22:20:02,7.5,11.7898272340434,78.9877048432448,NOISE
2026-04-08T10:46:47.897323,Map-Energy__sum__linear-conv00003-20240912_132002-20240912_192002-10.000000-15.000000.png,2024-09-12T13:20:02,2024-09-12T19:20:02,10.0,15.0,2024-09-12T16:20:02,12.5,11.5594114413877,78.9903276217732,NOISE,2024-09-12T16:20:02,12.5,11.5594114413877,78.9903276217732,NOISE,2024-09-12T16:20:02,12.5,11.5594114413877,78.9903276217732,NOISE,2024-09-12T16:20:02,12.5,11.5594114413877,78.9903276217732,NOISE
2026-04-08T10:46:48.849352,Map-Energy__sum__linear-conv00013-20240912_192002-20240913_012002-10.000000-15.000000.png,2024-09-12T19:20:02,2024-09-13T01:20:02,10.0,15.0,2024-09-12T22:20:02,12.5,11.5594114413877,78.9903276217732,NOISE,2024-09-12T22:20:02,12.5,11.5594114413877,78.9903276217732,NOISE,2024-09-12T22:20:02,12.5,11.5594114413877,78.9903276217732,NOISE,2024-09-12T22:20:02,12.5,11.5594114413877,78.9903276217732,NOISE
2026-04-08T10:46:49.745269,Map-Energy__sum__linear-conv00023-20240913_012002-20240913_072002-10.000000-15.000000.png,2024-09-13T01:20:02,2024-09-13T07:20:02,10.0,15.0,2024-09-13T04:20:02,12.5,11.5594114413877,78.9903276217732,NOISE,2024-09-13T04:20:02,12.5,11.5594114413877,78.9903276217732,NOISE,2024-09-13T04:20:02,12.5,11.5594114413877,78.9903276217732,NOISE,2024-09-13T04:20:02,12.5,11.5594114413877,78.9903276217732,NOISE
2026-04-08T10:46:50.481256,Map-Energy__sum__linear-conv00033-20240913_072002-20240913_132002-10.000000-15.000000.png,2024-09-13T07:20:02,2024-09-13T13:20:02,10.0,15.0,2024-09-13T10:20:02,12.5,11.5594114413877,78.9903276217732,NOISE,2024-09-13T10:20:02,12.5,11.5594114413877,78.9903276217732,NOISE,2024-09-13T10:20:02,12.5,11.5594114413877,78.9903276217732,NOISE,2024-09-13T10:20:02,12.5,11.5594114413877,78.9903276217732,NOISE
2026-04-08T10:46:51.169424,Map-Energy__sum__linear-conv00043-20240913_132002-20240913_192002-10.000000-15.000000.png,2024-09-13T13:20:02,2024-09-13T19:20:02,10.0,15.0,2024-09-13T16:20:02,12.5,11.5594114413877,78.9903276217732,NOISE,2024-09-13T16:20:02,12.5,11.5594114413877,78.9903276217732,NOISE,2024-09-13T16:20:02,12.5,11.5594114413877,78.9903276217732,NOISE,2024-09-13T16:20:02,12.5,11.5594114413877,78.9903276217732,NOISE
2026-04-08T10:46:51.777086,Map-Energy__sum__linear-conv00053-20240913_192002-20240914_012002-10.000000-15.000000.png,2024-09-13T19:20:02,2024-09-14T01:20:02,10.0,15.0,2024-09-13T22:20:02,12.5,11.5594114413877,78.9903276217732,NOISE,2024-09-13T22:20:02,12.5,11.5594114413877,78.9903276217732,NOISE,2024-09-13T22:20:02,12.5,11.5594114413877,78.9903276217732,NOISE,2024-09-13T22:20:02,12.5,11.5594114413877,78.9903276217732,NOISE
2026-04-08T10:46:52.481332,Map-Energy__sum__linear-conv00063-20240914_012002-20240914_072002-10.000000-15.000000.png,2024-09-14T01:20:02,2024-09-14T07:20:02,10.0,15.0,2024-09-14T04:20:02,12.5,11.5594114413877,78.9903276217732,NOISE,2024-09-14T04:20:02,12.5,11.5594114413877,78.9903276217732,NOISE,2024-09-14T04:20:02,12.5,11.5594114413877,78.9903276217732,NOISE,2024-09-14T04:20:02,12.5,11.5594114413877,78.9903276217732,NOISE
2026-04-08T10:46:53.121370,Map-Energy__sum__linear-conv00073-20240914_072002-20240914_132002-10.000000-15.000000.png,2024-09-14T07:20:02,2024-09-14T13:20:02,10.0,15.0,2024-09-14T10:20:02,12.5,11.5594114413877,78.9903276217732,NOISE,2024-09-14T10:20:02,12.5,11.5594114413877,78.9903276217732,NOISE,2024-09-14T10:20:02,12.5,11.5594114413877,78.9903276217732,NOISE,2024-09-14T10:20:02,12.5,11.5594114413877,78.9903276217732,NOISE
2026-04-08T10:46:53.761131,Map-Energy__sum__linear-conv00083-20240914_132002-20240914_192002-10.000000-15.000000.png,2024-09-14T13:20:02,2024-09-14T19:20:02,10.0,15.0,2024-09-14T16:20:02,12.5,11.5594114413877,78.9903276217732,NOISE,2024-09-14T16:20:02,12.5,11.5594114413877,78.9903276217732,NOISE,2024-09-14T16:20:02,12.5,11.5594114413877,78.9903276217732,NOISE,2024-09-14T16:20:02,12.5,11.5594114413877,78.9903276217732,NOISE
2026-04-08T10:46:54.361274,Map-Energy__sum__linear-conv00093-20240914_192002-20240915_012002-10.000000-15.000000.png,2024-09-14T19:20:02,2024-09-15T01:20:02,10.0,15.0,2024-09-14T22:20:02,12.5,11.5594114413877,78.9903276217732,NOISE,2024-09-14T22:20:02,12.5,11.5594114413877,78.9903276217732,NOISE,2024-09-14T22:20:02,12.5,11.5594114413877,78.9903276217732,NOISE,2024-09-14T22:20:02,12.5,11.5594114413877,78.9903276217732,NOISE
2026-04-08T10:46:54.961317,Map-Energy__sum__linear-conv00103-20240915_012002-20240915_072002-10.000000-15.000000.png,2024-09-15T01:20:02,2024-09-15T07:20:02,10.0,15.0,2024-09-15T04:20:02,12.5,11.5594114413877,78.9903276217732,NOISE,2024-09-15T04:20:02,12.5,11.5594114413877,78.9903276217732,NOISE,2024-09-15T04:20:02,12.5,11.5594114413877,78.9903276217732,NOISE,2024-09-15T04:20:02,12.5,11.5594114413877,78.9903276217732,NOISE
2026-04-08T10:46:55.674501,Map-Energy__sum__linear-conv00113-20240915_072002-20240915_132002-10.000000-15.000000.png,2024-09-15T07:20:02,2024-09-15T13:20:02,10.0,15.0,2024-09-15T10:20:02,12.5,11.5594114413877,78.9903276217732,NOISE,2024-09-15T10:20:02,12.5,11.5594114413877,78.9903276217732,NOISE,2024-09-15T10:20:02,12.5,11.5594114413877,78.9903276217732,NOISE,2024-09-15T10:20:02,12.5,11.5594114413877,78.9903276217732,NOISE
2026-04-08T10:46:56.249286,Map-Energy__sum__linear-conv00123-20240915_132002-20240915_192002-10.000000-15.000000.png,2024-09-15T13:20:02,2024-09-15T19:20:02,10.0,15.0,2024-09-15T16:20:02,12.5,11.5594114413877,78.9903276217732,NOISE,2024-09-15T16:20:02,12.5,11.5594114413877,78.9903276217732,NOISE,2024-09-15T16:20:02,12.5,11.5594114413877,78.9903276217732,NOISE,2024-09-15T16:20:02,12.5,11.5594114413877,78.9903276217732,NOISE
2026-04-08T10:46:56.921386,Map-Energy__sum__linear-conv00133-20240915_192002-20240916_012002-10.000000-15.000000.png,2024-09-15T19:20:02,2024-09-16T01:20:02,10.0,15.0,2024-09-15T22:20:02,12.5,11.5594114413877,78.9903276217732,NOISE,2024-09-15T22:20:02,12.5,11.5594114413877,78.9903276217732,NOISE,2024-09-15T22:20:02,12.5,11.5594114413877,78.9903276217732,NOISE,2024-09-15T22:20:02,12.5,11.5594114413877,78.9903276217732,NOISE
2026-04-08T10:46:57.609453,Map-Energy__sum__linear-conv00143-20240916_012002-20240916_072002-10.000000-15.000000.png,2024-09-16T01:20:02,2024-09-16T07:20:02,10.0,15.0,2024-09-16T04:20:02,12.5,11.5594114413877,78.9903276217732,NOISE,2024-09-16T04:20:02,12.5,11.5594114413877,78.9903276217732,NOISE,2024-09-16T04:20:02,12.5,11.5594114413877,78.9903276217732,NOISE,2024-09-16T04:20:02,12.5,11.5594114413877,78.9903276217732,NOISE
2026-04-08T10:46:58.241933,Map-Energy__sum__linear-conv00153-20240916_072002-20240916_132002-10.000000-15.000000.png,2024-09-16T07:20:02,2024-09-16T13:20:02,10.0,15.0,2024-09-16T10:20:02,12.5,11.5594114413877,78.9903276217732,NOISE,2024-09-16T10:20:02,12.5,11.5594114413877,78.9903276217732,NOISE,2024-09-16T10:20:02,12.5,11.5594114413877,78.9903276217732,NOISE,2024-09-16T10:20:02,12.5,11.5594114413877,78.9903276217732,NOISE
2026-04-08T10:46:58.945352,Map-Energy__sum__linear-conv00163-20240916_132002-20240916_192002-10.000000-15.000000.png,2024-09-16T13:20:02,2024-09-16T19:20:02,10.0,15.0,2024-09-16T16:20:02,12.5,11.5594114413877,78.9903276217732,NOISE,2024-09-16T16:20:02,12.5,11.5594114413877,78.9903276217732,NOISE,2024-09-16T16:20:02,12.5,11.5594114413877,78.9903276217732,NOISE,2024-09-16T16:20:02,12.5,11.5594114413877,78.9903276217732,NOISE
2026-04-08T10:46:59.625548,Map-Energy__sum__linear-conv00173-20240916_192002-20240917_012002-10.000000-15.000000.png,2024-09-16T19:20:02,2024-09-17T01:20:02,10.0,15.0,2024-09-16T22:20:02,12.5,11.5594114413877,78.9903276217732,NOISE,2024-09-16T22:20:02,12.5,11.5594114413877,78.9903276217732,NOISE,2024-09-16T22:20:02,12.5,11.5594114413877,78.9903276217732,NOISE,2024-09-16T22:20:02,12.5,11.5594114413877,78.9903276217732,NOISE
2026-04-08T10:47:00.281399,Map-Energy__sum__linear-conv00183-20240917_012002-20240917_072002-10.000000-15.000000.png,2024-09-17T01:20:02,2024-09-17T07:20:02,10.0,15.0,2024-09-17T04:20:02,12.5,11.5594114413877,78.9903276217732,NOISE,2024-09-17T04:20:02,12.5,11.5594114413877,78.9903276217732,NOISE,2024-09-17T04:20:02,12.5,11.5594114413877,78.9903276217732,NOISE,2024-09-17T04:20:02,12.5,11.5594114413877,78.9903276217732,NOISE
2026-04-08T10:47:00.817439,Map-Energy__sum__linear-conv00193-20240917_072002-20240917_132002-10.000000-15.000000.png,2024-09-17T07:20:02,2024-09-17T13:20:02,10.0,15.0,2024-09-17T10:20:02,12.5,11.5594114413877,78.9903276217732,NOISE,2024-09-17T10:20:02,12.5,11.5594114413877,78.9903276217732,NOISE,2024-09-17T10:20:02,12.5,11.5594114413877,78.9903276217732,NOISE,2024-09-17T10:20:02,12.5,11.5594114413877,78.9903276217732,NOISE
2026-04-08T10:47:01.513153,Map-Energy__sum__linear-conv00203-20240917_132002-20240917_192002-10.000000-15.000000.png,2024-09-17T13:20:02,2024-09-17T19:20:02,10.0,15.0,2024-09-17T16:20:02,12.5,11.5594114413877,78.9903276217732,NOISE,2024-09-17T16:20:02,12.5,11.5594114413877,78.9903276217732,NOISE,2024-09-17T16:20:02,12.5,11.5594114413877,78.9903276217732,NOISE,2024-09-17T16:20:02,12.5,11.5594114413877,78.9903276217732,NOISE
2026-04-08T10:47:02.139057,Map-Energy__sum__linear-conv00213-20240917_192002-20240918_012002-10.000000-15.000000.png,2024-09-17T19:20:02,2024-09-18T01:20:02,10.0,15.0,2024-09-17T22:20:02,12.5,11.5594114413877,78.9903276217732,NOISE,2024-09-17T22:20:02,12.5,11.5594114413877,78.9903276217732,NOISE,2024-09-17T22:20:02,12.5,11.5594114413877,78.9903276217732,NOISE,2024-09-17T22:20:02,12.5,11.5594114413877,78.9903276217732,NOISE
2026-04-08T10:47:02.777546,Map-Energy__sum__linear-conv00223-20240918_012002-20240918_072002-10.000000-15.000000.png,2024-09-18T01:20:02,2024-09-18T07:20:02,10.0,15.0,2024-09-18T04:20:02,12.5,11.5594114413877,78.9903276217732,NOISE,2024-09-18T04:20:02,12.5,11.5594114413877,78.9903276217732,NOISE,2024-09-18T04:20:02,12.5,11.5594114413877,78.9903276217732,NOISE,2024-09-18T04:20:02,12.5,11.5594114413877,78.9903276217732,NOISE
2026-04-08T10:47:03.448987,Map-Energy__sum__linear-conv00233-20240918_072002-20240918_132002-10.000000-15.000000.png,2024-09-18T07:20:02,2024-09-18T13:20:02,10.0,15.0,2024-09-18T10:20:02,12.5,11.5594114413877,78.9903276217732,NOISE,2024-09-18T10:20:02,12.5,11.5594114413877,78.9903276217732,NOISE,2024-09-18T10:20:02,12.5,11.5594114413877,78.9903276217732,NOISE,2024-09-18T10:20:02,12.5,11.5594114413877,78.9903276217732,NOISE
2026-04-08T10:47:04.169371,Map-Energy__sum__linear-conv00243-20240918_132002-20240918_192002-10.000000-15.000000.png,2024-09-18T13:20:02,2024-09-18T19:20:02,10.0,15.0,2024-09-18T16:20:02,12.5,11.5594114413877,78.9903276217732,NOISE,2024-09-18T16:20:02,12.5,11.5594114413877,78.9903276217732,NOISE,2024-09-18T16:20:02,12.5,11.5594114413877,78.9903276217732,NOISE,2024-09-18T16:20:02,12.5,11.5594114413877,78.9903276217732,NOISE
2026-04-08T10:47:06.697082,Map-Energy__sum__linear-conv00253-20240918_192002-20240919_012002-10.000000-15.000000.png,2024-09-18T19:20:02,2024-09-19T01:20:02,10.0,15.0,2024-09-18T22:20:02,12.5,11.5594114413877,78.9903276217732,NOISE,2024-09-18T22:20:02,12.5,11.5594114413877,78.9903276217732,NOISE,2024-09-18T22:20:02,12.5,11.5594114413877,78.9903276217732,NOISE,2024-09-18T22:20:02,12.5,11.5594114413877,78.9903276217732,NOISE
2026-04-08T10:47:07.434245,Map-Energy__sum__linear-conv00263-20240919_012002-20240919_072002-10.000000-15.000000.png,2024-09-19T01:20:02,2024-09-19T07:20:02,10.0,15.0,2024-09-19T04:20:02,12.5,11.5594114413877,78.9903276217732,NOISE,2024-09-19T04:20:02,12.5,11.5594114413877,78.9903276217732,NOISE,2024-09-19T04:20:02,12.5,11.5594114413877,78.9903276217732,NOISE,2024-09-19T04:20:02,12.5,11.5594114413877,78.9903276217732,NOISE
2026-04-08T10:47:08.089511,Map-Energy__sum__linear-conv00273-20240919_072002-20240919_132002-10.000000-15.000000.png,2024-09-19T07:20:02,2024-09-19T13:20:02,10.0,15.0,2024-09-19T10:20:02,12.5,11.5594114413877,78.9903276217732,NOISE,2024-09-19T10:20:02,12.5,11.5594114413877,78.9903276217732,NOISE,2024-09-19T10:20:02,12.5,11.5594114413877,78.9903276217732,NOISE,2024-09-19T10:20:02,12.5,11.5594114413877,78.9903276217732,NOISE
2026-04-08T10:47:09.729303,Map-Energy__sum__linear-conv00283-20240919_132002-20240919_192002-10.000000-15.000000.png,2024-09-19T13:20:02,2024-09-19T19:20:02,10.0,15.0,2024-09-19T16:20:02,12.5,11.5594114413877,78.9903276217732,NOISE,2024-09-19T16:20:02,12.5,11.5594114413877,78.9903276217732,NOISE,2024-09-19T16:20:02,12.5,11.5594114413877,78.9903276217732,NOISE,2024-09-19T16:20:02,12.5,11.5594114413877,78.9903276217732,NOISE
2026-04-08T10:47:11.313200,Map-Energy__sum__linear-conv00293-20240919_132002-20240919_192002-10.000000-15.000000.png,2024-09-19T13:20:02,2024-09-19T19:20:02,10.0,15.0,2024-09-19T16:20:02,12.5,11.5594114413877,78.9903276217732,NOISE,2024-09-19T16:20:02,12.5,11.5594114413877,78.9903276217732,NOISE,2024-09-19T16:20:02,12.5,11.5594114413877,78.9903276217732,NOISE,2024-09-19T16:20:02,12.5,11.5594114413877,78.9903276217732,NOISE
2026-04-08T10:47:13.641982,Map-Energy__sum__linear-conv00303-20240919_192002-20240920_012002-10.000000-15.000000.png,2024-09-19T19:20:02,2024-09-20T01:20:02,10.0,15.0,2024-09-19T22:20:02,12.5,11.5594114413877,78.9903276217732,NOISE,2024-09-19T22:20:02,12.5,11.5594114413877,78.9903276217732,NOISE,2024-09-19T22:20:02,12.5,11.5594114413877,78.9903276217732,NOISE,2024-09-19T22:20:02,12.5,11.5594114413877,78.9903276217732,NOISE
2026-04-08T10:47:14.697321,Map-Energy__sum__linear-conv00313-20240920_012002-20240920_072002-10.000000-15.000000.png,2024-09-20T01:20:02,2024-09-20T07:20:02,10.0,15.0,2024-09-20T04:20:02,12.5,11.5594114413877,78.9903276217732,NOISE,2024-09-20T04:20:02,12.5,11.5594114413877,78.9903276217732,NOISE,2024-09-20T04:20:02,12.5,11.5594114413877,78.9903276217732,NOISE,2024-09-20T04:20:02,12.5,11.5594114413877,78.9903276217732,NOISE
2026-04-08T10:47:15.753203,Map-Energy__sum__linear-conv00323-20240920_072002-20240920_132002-10.000000-15.000000.png,2024-09-20T07:20:02,2024-09-20T13:20:02,10.0,15.0,2024-09-20T10:20:02,12.5,11.5594114413877,78.9903276217732,NOISE,2024-09-20T10:20:02,12.5,11.5594114413877,78.9903276217732,NOISE,2024-09-20T10:20:02,12.5,11.5594114413877,78.9903276217732,NOISE,2024-09-20T10:20:02,12.5,11.5594114413877,78.9903276217732,NOISE
2026-04-08T10:47:17.121310,Map-Energy__sum__linear-conv00333-20240920_132002-20240920_192002-10.000000-15.000000.png,2024-09-20T13:20:02,2024-09-20T19:20:02,10.0,15.0,2024-09-20T16:20:02,12.5,11.5594114413877,78.9903276217732,NOISE,2024-09-20T16:20:02,12.5,11.5594114413877,78.9903276217732,NOISE,2024-09-20T16:20:02,12.5,11.5594114413877,78.9903276217732,NOISE,2024-09-20T16:20:02,12.5,11.5594114413877,78.9903276217732,NOISE
2026-04-08T10:47:18.537208,Map-Energy__sum__linear-conv00343-20240920_192002-20240921_012002-10.000000-15.000000.png,2024-09-20T19:20:02,2024-09-21T01:20:02,10.0,15.0,2024-09-20T22:20:02,12.5,11.5594114413877,78.9903276217732,NOISE,2024-09-20T22:20:02,12.5,11.5594114413877,78.9903276217732,NOISE,2024-09-20T22:20:02,12.5,11.5594114413877,78.9903276217732,NOISE,2024-09-20T22:20:02,12.5,11.5594114413877,78.9903276217732,NOISE
2026-04-08T10:47:19.906207,Map-Energy__sum__linear-conv00353-20240921_012002-20240921_072002-10.000000-15.000000.png,2024-09-21T01:20:02,2024-09-21T07:20:02,10.0,15.0,2024-09-21T04:20:02,12.5,11.5594114413877,78.9903276217732,NOISE,2024-09-21T04:20:02,12.5,11.5594114413877,78.9903276217732,NOISE,2024-09-21T04:20:02,12.5,11.5594114413877,78.9903276217732,NOISE,2024-09-21T04:20:02,12.5,11.5594114413877,78.9903276217732,NOISE
2026-04-08T10:47:20.993358,Map-Energy__sum__linear-conv00363-20240921_072002-20240921_132002-10.000000-15.000000.png,2024-09-21T07:20:02,2024-09-21T13:20:02,10.0,15.0,2024-09-21T10:20:02,12.5,11.5594114413877,78.9903276217732,NOISE,2024-09-21T10:20:02,12.5,11.5594114413877,78.9903276217732,NOISE,2024-09-21T10:20:02,12.5,11.5594114413877,78.9903276217732,NOISE,2024-09-21T10:20:02,12.5,11.5594114413877,78.9903276217732,NOISE
2026-04-08T10:47:21.761092,Map-Energy__sum__linear-conv00373-20240921_132002-20240921_192002-10.000000-15.000000.png,2024-09-21T13:20:02,2024-09-21T19:20:02,10.0,15.0,2024-09-21T16:20:02,12.5,11.5594114413877,78.9903276217732,NOISE,2024-09-21T16:20:02,12.5,11.5594114413877,78.9903276217732,NOISE,2024-09-21T16:20:02,12.5,11.5594114413877,78.9903276217732,NOISE,2024-09-21T16:20:02,12.5,11.5594114413877,78.9903276217732,NOISE
2026-04-08T10:47:22.881371,Map-Energy__sum__linear-conv00383-20240921_192002-20240922_012002-10.000000-15.000000.png,2024-09-21T19:20:02,2024-09-22T01:20:02,10.0,15.0,2024-09-21T22:20:02,12.5,11.5594114413877,78.9903276217732,NOISE,2024-09-21T22:20:02,12.5,11.5594114413877,78.9903276217732,NOISE,2024-09-21T22:20:02,12.5,11.5594114413877,78.9903276217732,NOISE,2024-09-21T22:20:02,12.5,11.5594114413877,78.9903276217732,NOISE
2026-04-08T10:47:24.217407,Map-Energy__sum__linear-conv00393-20240922_012002-20240922_072002-10.000000-15.000000.png,2024-09-22T01:20:02,2024-09-22T07:20:02,10.0,15.0,2024-09-22T04:20:02,12.5,11.5594114413877,78.9903276217732,NOISE,2024-09-22T04:20:02,12.5,11.5594114413877,78.9903276217732,NOISE,2024-09-22T04:20:02,12.5,11.5594114413877,78.9903276217732,NOISE,2024-09-22T04:20:02,12.5,11.5594114413877,78.9903276217732,NOISE
2026-04-08T10:47:26.001322,Map-Energy__sum__linear-conv00403-20240922_072002-20240922_132002-10.000000-15.000000.png,2024-09-22T07:20:02,2024-09-22T13:20:02,10.0,15.0,2024-09-22T10:20:02,12.5,11.5594114413877,78.9903276217732,NOISE,2024-09-22T10:20:02,12.5,11.5594114413877,78.9903276217732,NOISE,2024-09-22T10:20:02,12.5,11.5594114413877,78.9903276217732,NOISE,2024-09-22T10:20:02,12.5,11.5594114413877,78.9903276217732,NOISE
2026-04-08T10:47:27.169301,Map-Energy__sum__linear-conv00413-20240922_132002-20240922_192002-10.000000-15.000000.png,2024-09-22T13:20:02,2024-09-22T19:20:02,10.0,15.0,2024-09-22T16:20:02,12.5,11.5594114413877,78.9903276217732,NOISE,2024-09-22T16:20:02,12.5,11.5594114413877,78.9903276217732,NOISE,2024-09-22T16:20:02,12.5,11.5594114413877,78.9903276217732,NOISE,2024-09-22T16:20:02,12.5,11.5594114413877,78.9903276217732,NOISE
2026-04-08T10:47:28.169307,Map-Energy__sum__linear-conv00423-20240922_192002-20240923_012002-10.000000-15.000000.png,2024-09-22T19:20:02,2024-09-23T01:20:02,10.0,15.0,2024-09-22T22:20:02,12.5,11.5594114413877,78.9903276217732,NOISE,2024-09-22T22:20:02,12.5,11.5594114413877,78.9903276217732,NOISE,2024-09-22T22:20:02,12.5,11.5594114413877,78.9903276217732,NOISE,2024-09-22T22:20:02,12.5,11.5594114413877,78.9903276217732,NOISE
2026-04-08T10:47:29.161282,Map-Energy__sum__linear-conv00433-20240923_012002-20240923_072002-10.000000-15.000000.png,2024-09-23T01:20:02,2024-09-23T07:20:02,10.0,15.0,2024-09-23T04:20:02,12.5,11.5594114413877,78.9903276217732,NOISE,2024-09-23T04:20:02,12.5,11.5594114413877,78.9903276217732,NOISE,2024-09-23T04:20:02,12.5,11.5594114413877,78.9903276217732,NOISE,2024-09-23T04:20:02,12.5,11.5594114413877,78.9903276217732,NOISE
2026-04-08T10:47:30.225513,Map-Energy__sum__linear-conv00443-20240923_072002-20240923_132002-10.000000-15.000000.png,2024-09-23T07:20:02,2024-09-23T13:20:02,10.0,15.0,2024-09-23T10:20:02,12.5,11.5594114413877,78.9903276217732,NOISE,2024-09-23T10:20:02,12.5,11.5594114413877,78.9903276217732,NOISE,2024-09-23T10:20:02,12.5,11.5594114413877,78.9903276217732,NOISE,2024-09-23T10:20:02,12.5,11.5594114413877,78.9903276217732,NOISE
2026-04-08T10:47:31.121606,Map-Energy__sum__linear-conv00453-20240923_132002-20240923_192002-10.000000-15.000000.png,2024-09-23T13:20:02,2024-09-23T19:20:02,10.0,15.0,2024-09-23T16:20:02,12.5,11.5594114413877,78.9903276217732,NOISE,2024-09-23T16:20:02,12.5,11.5594114413877,78.9903276217732,NOISE,2024-09-23T16:20:02,12.5,11.5594114413877,78.9903276217732,NOISE,2024-09-23T16:20:02,12.5,11.5594114413877,78.9903276217732,NOISE
2026-04-08T10:47:31.825493,Map-Energy__sum__linear-conv00463-20240923_192002-20240924_012002-10.000000-15.000000.png,2024-09-23T19:20:02,2024-09-24T01:20:02,10.0,15.0,2024-09-23T22:20:02,12.5,11.5594114413877,78.9903276217732,NOISE,2024-09-23T22:20:02,12.5,11.5594114413877,78.9903276217732,NOISE,2024-09-23T22:20:02,12.5,11.5594114413877,78.9903276217732,NOISE,2024-09-23T22:20:02,12.5,11.5594114413877,78.9903276217732,NOISE
2026-04-08T10:47:32.585043,Map-Energy__sum__linear-conv00473-20240924_012002-20240924_072002-10.000000-15.000000.png,2024-09-24T01:20:02,2024-09-24T07:20:02,10.0,15.0,2024-09-24T04:20:02,12.5,11.5594114413877,78.9903276217732,NOISE,2024-09-24T04:20:02,12.5,11.5594114413877,78.9903276217732,NOISE,2024-09-24T04:20:02,12.5,11.5594114413877,78.9903276217732,NOISE,2024-09-24T04:20:02,12.5,11.5594114413877,78.9903276217732,NOISE
2026-04-08T10:47:33.337517,Map-Energy__sum__linear-conv00483-20240924_072002-20240924_132002-10.000000-15.000000.png,2024-09-24T07:20:02,2024-09-24T13:20:02,10.0,15.0,2024-09-24T10:20:02,12.5,11.5594114413877,78.9903276217732,NOISE,2024-09-24T10:20:02,12.5,11.5594114413877,78.9903276217732,NOISE,2024-09-24T10:20:02,12.5,11.5594114413877,78.9903276217732,NOISE,2024-09-24T10:20:02,12.5,11.5594114413877,78.9903276217732,NOISE
2026-04-08T10:47:34.185238,Map-Energy__sum__linear-conv00493-20240924_132002-20240924_192002-10.000000-15.000000.png,2024-09-24T13:20:02,2024-09-24T19:20:02,10.0,15.0,2024-09-24T16:20:02,12.5,11.5594114413877,78.9903276217732,NOISE,2024-09-24T16:20:02,12.5,11.5594114413877,78.9903276217732,NOISE,2024-09-24T16:20:02,12.5,11.5594114413877,78.9903276217732,NOISE,2024-09-24T16:20:02,12.5,11.5594114413877,78.9903276217732,NOISE
2026-04-08T10:47:34.945833,Map-Energy__sum__linear-conv00503-20240924_192002-20240925_012002-10.000000-15.000000.png,2024-09-24T19:20:02,2024-09-25T01:20:02,10.0,15.0,2024-09-24T22:20:02,12.5,11.5594114413877,78.9903276217732,NOISE,2024-09-24T22:20:02,12.5,11.5594114413877,78.9903276217732,NOISE,2024-09-24T22:20:02,12.5,11.5594114413877,78.9903276217732,NOISE,2024-09-24T22:20:02,12.5,11.5594114413877,78.9903276217732,NOISE
2026-04-08T10:47:35.705466,Map-Energy__sum__linear-conv00513-20240925_012002-20240925_072002-10.000000-15.000000.png,2024-09-25T01:20:02,2024-09-25T07:20:02,10.0,15.0,2024-09-25T04:20:02,12.5,11.5594114413877,78.9903276217732,NOISE,2024-09-25T04:20:02,12.5,11.5594114413877,78.9903276217732,NOISE,2024-09-25T04:20:02,12.5,11.5594114413877,78.9903276217732,NOISE,2024-09-25T04:20:02,12.5,11.5594114413877,78.9903276217732,NOISE
2026-04-08T10:47:36.417473,Map-Energy__sum__linear-conv00523-20240925_072002-20240925_132002-10.000000-15.000000.png,2024-09-25T07:20:02,2024-09-25T13:20:02,10.0,15.0,2024-09-25T10:20:02,12.5,11.5594114413877,78.9903276217732,NOISE,2024-09-25T10:20:02,12.5,11.5594114413877,78.9903276217732,NOISE,2024-09-25T10:20:02,12.5,11.5594114413877,78.9903276217732,NOISE,2024-09-25T10:20:02,12.5,11.5594114413877,78.9903276217732,NOISE
2026-04-08T10:47:44.313157,Map-Energy__sum__linear-conv00533-20240925_132002-20240925_192002-10.000000-15.000000.png,2024-09-25T13:20:02,2024-09-25T19:20:02,10.0,15.0,2024-09-25T16:20:02,12.5,11.5594114413877,78.9903276217732,NOISE,2024-09-25T16:20:02,12.5,11.5594114413877,78.9903276217732,NOISE,2024-09-25T16:20:02,12.5,11.5594114413877,78.9903276217732,NOISE,2024-09-25T16:20:02,12.5,11.5594114413877,78.9903276217732,NOISE
2026-04-08T10:47:45.753451,Map-Energy__sum__linear-conv00543-20240925_192002-20240926_012002-10.000000-15.000000.png,2024-09-25T19:20:02,2024-09-26T01:20:02,10.0,15.0,2024-09-25T22:20:02,12.5,11.5594114413877,78.9903276217732,NOISE,2024-09-25T22:20:02,12.5,11.5594114413877,78.9903276217732,NOISE,2024-09-25T22:20:02,12.5,11.5594114413877,78.9903276217732,NOISE,2024-09-25T22:20:02,12.5,11.5594114413877,78.9903276217732,NOISE
2026-04-08T10:47:46.913267,Map-Energy__sum__linear-conv00553-20240926_012002-20240926_072002-10.000000-15.000000.png,2024-09-26T01:20:02,2024-09-26T07:20:02,10.0,15.0,2024-09-26T04:20:02,12.5,11.5594114413877,78.9903276217732,NOISE,2024-09-26T04:20:02,12.5,11.5594114413877,78.9903276217732,NOISE,2024-09-26T04:20:02,12.5,11.5594114413877,78.9903276217732,NOISE,2024-09-26T04:20:02,12.5,11.5594114413877,78.9903276217732,NOISE
2026-04-08T10:47:48.618414,Map-Energy__sum__linear-conv00563-20240926_072002-20240926_132002-10.000000-15.000000.png,2024-09-26T07:20:02,2024-09-26T13:20:02,10.0,15.0,2024-09-26T10:20:02,12.5,11.5594114413877,78.9903276217732,NOISE,2024-09-26T10:20:02,12.5,11.5594114413877,78.9903276217732,NOISE,2024-09-26T10:20:02,12.5,11.5594114413877,78.9903276217732,NOISE,2024-09-26T10:20:02,12.5,11.5594114413877,78.9903276217732,NOISE
2026-04-08T10:47:49.779399,Map-Energy__sum__linear-conv00573-20240926_132002-20240926_192002-10.000000-15.000000.png,2024-09-26T13:20:02,2024-09-26T19:20:02,10.0,15.0,2024-09-26T16:20:02,12.5,11.5594114413877,78.9903276217732,NOISE,2024-09-26T16:20:02,12.5,11.5594114413877,78.9903276217732,NOISE,2024-09-26T16:20:02,12.5,11.5594114413877,78.9903276217732,NOISE,2024-09-26T16:20:02,12.5,11.5594114413877,78.9903276217732,NOISE
2026-04-08T10:47:50.897657,Map-Energy__sum__linear-conv00583-20240926_132002-20240926_192002-10.000000-15.000000.png,2024-09-26T13:20:02,2024-09-26T19:20:02,10.0,15.0,2024-09-26T16:20:02,12.5,11.5594114413877,78.9903276217732,NOISE,2024-09-26T16:20:02,12.5,11.5594114413877,78.9903276217732,NOISE,2024-09-26T16:20:02,12.5,11.5594114413877,78.9903276217732,NOISE,2024-09-26T16:20:02,12.5,11.5594114413877,78.9903276217732,NOISE
2026-04-08T10:47:51.689381,Map-Energy__sum__linear-conv00593-20240926_192002-20240927_012002-10.000000-15.000000.png,2024-09-26T19:20:02,2024-09-27T01:20:02,10.0,15.0,2024-09-26T22:20:02,12.5,11.5594114413877,78.9903276217732,NOISE,2024-09-26T22:20:02,12.5,11.5594114413877,78.9903276217732,NOISE,2024-09-26T22:20:02,12.5,11.5594114413877,78.9903276217732,NOISE,2024-09-26T22:20:02,12.5,11.5594114413877,78.9903276217732,NOISE
2026-04-08T10:47:52.529670,Map-Energy__sum__linear-conv00603-20240927_012002-20240927_072002-10.000000-15.000000.png,2024-09-27T01:20:02,2024-09-27T07:20:02,10.0,15.0,2024-09-27T04:20:02,12.5,11.5594114413877,78.9903276217732,NOISE,2024-09-27T04:20:02,12.5,11.5594114413877,78.9903276217732,NOISE,2024-09-27T04:20:02,12.5,11.5594114413877,78.9903276217732,NOISE,2024-09-27T04:20:02,12.5,11.5594114413877,78.9903276217732,NOISE
2026-04-08T10:47:53.258232,Map-Energy__sum__linear-conv00613-20240927_072002-20240927_132002-10.000000-15.000000.png,2024-09-27T07:20:02,2024-09-27T13:20:02,10.0,15.0,2024-09-27T10:20:02,12.5,11.5594114413877,78.9903276217732,NOISE,2024-09-27T10:20:02,12.5,11.5594114413877,78.9903276217732,NOISE,2024-09-27T10:20:02,12.5,11.5594114413877,78.9903276217732,NOISE,2024-09-27T10:20:02,12.5,11.5594114413877,78.9903276217732,NOISE
2026-04-08T10:47:54.041714,Map-Energy__sum__linear-conv00623-20240927_132002-20240927_192002-10.000000-15.000000.png,2024-09-27T13:20:02,2024-09-27T19:20:02,10.0,15.0,2024-09-27T16:20:02,12.5,11.5594114413877,78.9903276217732,NOISE,2024-09-27T16:20:02,12.5,11.5594114413877,78.9903276217732,NOISE,2024-09-27T16:20:02,12.5,11.5594114413877,78.9903276217732,NOISE,2024-09-27T16:20:02,12.5,11.5594114413877,78.9903276217732,NOISE
2026-04-08T10:47:54.825485,Map-Energy__sum__linear-conv00633-20240927_192002-20240928_012002-10.000000-15.000000.png,2024-09-27T19:20:02,2024-09-28T01:20:02,10.0,15.0,2024-09-27T22:20:02,12.5,11.5594114413877,78.9903276217732,NOISE,2024-09-27T22:20:02,12.5,11.5594114413877,78.9903276217732,NOISE,2024-09-27T22:20:02,12.5,11.5594114413877,78.9903276217732,NOISE,2024-09-27T22:20:02,12.5,11.5594114413877,78.9903276217732,NOISE
2026-04-08T10:47:55.617385,Map-Energy__sum__linear-conv00643-20240928_012002-20240928_072002-10.000000-15.000000.png,2024-09-28T01:20:02,2024-09-28T07:20:02,10.0,15.0,2024-09-28T04:20:02,12.5,11.5594114413877,78.9903276217732,NOISE,2024-09-28T04:20:02,12.5,11.5594114413877,78.9903276217732,NOISE,2024-09-28T04:20:02,12.5,11.5594114413877,78.9903276217732,NOISE,2024-09-28T04:20:02,12.5,11.5594114413877,78.9903276217732,NOISE
2026-04-08T10:47:56.520951,Map-Energy__sum__linear-conv00653-20240928_072002-20240928_132002-10.000000-15.000000.png,2024-09-28T07:20:02,2024-09-28T13:20:02,10.0,15.0,2024-09-28T10:20:02,12.5,11.5594114413877,78.9903276217732,NOISE,2024-09-28T10:20:02,12.5,11.5594114413877,78.9903276217732,NOISE,2024-09-28T10:20:02,12.5,11.5594114413877,78.9903276217732,NOISE,2024-09-28T10:20:02,12.5,11.5594114413877,78.9903276217732,NOISE
2026-04-08T10:47:57.463031,Map-Energy__sum__linear-conv00663-20240928_132002-20240928_192002-10.000000-15.000000.png,2024-09-28T13:20:02,2024-09-28T19:20:02,10.0,15.0,2024-09-28T16:20:02,12.5,11.5594114413877,78.9903276217732,NOISE,2024-09-28T16:20:02,12.5,11.5594114413877,78.9903276217732,NOISE,2024-09-28T16:20:02,12.5,11.5594114413877,78.9903276217732,NOISE,2024-09-28T16:20:02,12.5,11.5594114413877,78.9903276217732,NOISE
2026-04-08T10:47:58.321210,Map-Energy__sum__linear-conv00673-20240928_192002-20240929_012002-10.000000-15.000000.png,2024-09-28T19:20:02,2024-09-29T01:20:02,10.0,15.0,2024-09-28T22:20:02,12.5,11.5594114413877,78.9903276217732,NOISE,2024-09-28T22:20:02,12.5,11.5594114413877,78.9903276217732,NOISE,2024-09-28T22:20:02,12.5,11.5594114413877,78.9903276217732,NOISE,2024-09-28T22:20:02,12.5,11.5594114413877,78.9903276217732,NOISE
2026-04-08T10:47:59.089955,Map-Energy__sum__linear-conv00683-20240929_012002-20240929_072002-10.000000-15.000000.png,2024-09-29T01:20:02,2024-09-29T07:20:02,10.0,15.0,2024-09-29T04:20:02,12.5,11.5594114413877,78.9903276217732,NOISE,2024-09-29T04:20:02,12.5,11.5594114413877,78.9903276217732,NOISE,2024-09-29T04:20:02,12.5,11.5594114413877,78.9903276217732,NOISE,2024-09-29T04:20:02,12.5,11.5594114413877,78.9903276217732,NOISE
2026-04-08T10:47:59.945214,Map-Energy__sum__linear-conv00693-20240929_072002-20240929_132002-10.000000-15.000000.png,2024-09-29T07:20:02,2024-09-29T13:20:02,10.0,15.0,2024-09-29T10:20:02,12.5,11.5594114413877,78.9903276217732,NOISE,2024-09-29T10:20:02,12.5,11.5594114413877,78.9903276217732,NOISE,2024-09-29T10:20:02,12.5,11.5594114413877,78.9903276217732,NOISE,2024-09-29T10:20:02,12.5,11.5594114413877,78.9903276217732,NOISE
2026-04-08T10:48:00.745360,Map-Energy__sum__linear-conv00703-20240929_132002-20240929_192002-10.000000-15.000000.png,2024-09-29T13:20:02,2024-09-29T19:20:02,10.0,15.0,2024-09-29T16:20:02,12.5,11.5594114413877,78.9903276217732,NOISE,2024-09-29T16:20:02,12.5,11.5594114413877,78.9903276217732,NOISE,2024-09-29T16:20:02,12.5,11.5594114413877,78.9903276217732,NOISE,2024-09-29T16:20:02,12.5,11.5594114413877,78.9903276217732,NOISE
2026-04-08T10:48:01.849494,Map-Energy__sum__linear-conv00713-20240929_192002-20240930_012002-10.000000-15.000000.png,2024-09-29T19:20:02,2024-09-30T01:20:02,10.0,15.0,2024-09-29T22:20:02,12.5,11.5594114413877,78.9903276217732,NOISE,2024-09-29T22:20:02,12.5,11.5594114413877,78.9903276217732,NOISE,2024-09-29T22:20:02,12.5,11.5594114413877,78.9903276217732,NOISE,2024-09-29T22:20:02,12.5,11.5594114413877,78.9903276217732,NOISE
2026-04-08T10:48:02.682125,Map-Energy__sum__linear-conv00004-20240912_132002-20240912_192002-15.000000-20.000000.png,2024-09-12T13:20:02,2024-09-12T19:20:02,15.0,20.0,2024-09-12T16:20:02,17.5,11.3555231115476,79.0115662370871,NOISE,2024-09-12T16:20:02,17.5,11.3555231115476,79.0115662370871,NOISE,2024-09-12T16:20:02,17.5,11.3555231115476,79.0115662370871,NOISE,2024-09-12T16:20:02,17.5,11.3555231115476,79.0115662370871,NOISE
2026-04-08T10:48:03.690104,Map-Energy__sum__linear-conv00014-20240912_192002-20240913_012002-15.000000-20.000000.png,2024-09-12T19:20:02,2024-09-13T01:20:02,15.0,20.0,2024-09-12T22:20:02,17.5,11.3555231115476,79.0115662370871,NOISE,2024-09-12T22:20:02,17.5,11.3555231115476,79.0115662370871,NOISE,2024-09-12T22:20:02,17.5,11.3555231115476,79.0115662370871,NOISE,2024-09-12T22:20:02,17.5,11.3555231115476,79.0115662370871,NOISE
2026-04-08T10:48:04.537097,Map-Energy__sum__linear-conv00024-20240913_012002-20240913_072002-15.000000-20.000000.png,2024-09-13T01:20:02,2024-09-13T07:20:02,15.0,20.0,2024-09-13T04:20:02,17.5,11.3555231115476,79.0115662370871,NOISE,2024-09-13T04:20:02,17.5,11.3555231115476,79.0115662370871,NOISE,2024-09-13T04:20:02,17.5,11.3555231115476,79.0115662370871,NOISE,2024-09-13T04:20:02,17.5,11.3555231115476,79.0115662370871,NOISE
2026-04-08T10:48:05.209112,Map-Energy__sum__linear-conv00034-20240913_072002-20240913_132002-15.000000-20.000000.png,2024-09-13T07:20:02,2024-09-13T13:20:02,15.0,20.0,2024-09-13T10:20:02,17.5,11.3555231115476,79.0115662370871,NOISE,2024-09-13T10:20:02,17.5,11.3555231115476,79.0115662370871,NOISE,2024-09-13T10:20:02,17.5,11.3555231115476,79.0115662370871,NOISE,2024-09-13T10:20:02,17.5,11.3555231115476,79.0115662370871,NOISE
2026-04-08T10:48:05.937441,Map-Energy__sum__linear-conv00044-20240913_132002-20240913_192002-15.000000-20.000000.png,2024-09-13T13:20:02,2024-09-13T19:20:02,15.0,20.0,2024-09-13T16:20:02,17.5,11.3555231115476,79.0115662370871,NOISE,2024-09-13T16:20:02,17.5,11.3555231115476,79.0115662370871,NOISE,2024-09-13T16:20:02,17.5,11.3555231115476,79.0115662370871,NOISE,2024-09-13T16:20:02,17.5,11.3555231115476,79.0115662370871,NOISE
2026-04-08T10:48:06.585445,Map-Energy__sum__linear-conv00054-20240913_192002-20240914_012002-15.000000-20.000000.png,2024-09-13T19:20:02,2024-09-14T01:20:02,15.0,20.0,2024-09-13T22:20:02,17.5,11.3555231115476,79.0115662370871,NOISE,2024-09-13T22:20:02,17.5,11.3555231115476,79.0115662370871,NOISE,2024-09-13T22:20:02,17.5,11.3555231115476,79.0115662370871,NOISE,2024-09-13T22:20:02,17.5,11.3555231115476,79.0115662370871,NOISE
2026-04-08T10:48:07.329396,Map-Energy__sum__linear-conv00064-20240914_012002-20240914_072002-15.000000-20.000000.png,2024-09-14T01:20:02,2024-09-14T07:20:02,15.0,20.0,2024-09-14T04:20:02,17.5,11.3555231115476,79.0115662370871,NOISE,2024-09-14T04:20:02,17.5,11.3555231115476,79.0115662370871,NOISE,2024-09-14T04:20:02,17.5,11.3555231115476,79.0115662370871,NOISE,2024-09-14T04:20:02,17.5,11.3555231115476,79.0115662370871,NOISE
2026-04-08T10:48:07.993424,Map-Energy__sum__linear-conv00074-20240914_072002-20240914_132002-15.000000-20.000000.png,2024-09-14T07:20:02,2024-09-14T13:20:02,15.0,20.0,2024-09-14T10:20:02,17.5,11.3555231115476,79.0115662370871,NOISE,2024-09-14T10:20:02,17.5,11.3555231115476,79.0115662370871,NOISE,2024-09-14T10:20:02,17.5,11.3555231115476,79.0115662370871,NOISE,2024-09-14T10:20:02,17.5,11.3555231115476,79.0115662370871,NOISE
2026-04-08T10:48:08.705274,Map-Energy__sum__linear-conv00084-20240914_132002-20240914_192002-15.000000-20.000000.png,2024-09-14T13:20:02,2024-09-14T19:20:02,15.0,20.0,2024-09-14T16:20:02,17.5,11.3555231115476,79.0115662370871,NOISE,2024-09-14T16:20:02,17.5,11.3555231115476,79.0115662370871,NOISE,2024-09-14T16:20:02,17.5,11.3555231115476,79.0115662370871,NOISE,2024-09-14T16:20:02,17.5,11.3555231115476,79.0115662370871,NOISE
2026-04-08T10:48:09.313647,Map-Energy__sum__linear-conv00094-20240914_192002-20240915_012002-15.000000-20.000000.png,2024-09-14T19:20:02,2024-09-15T01:20:02,15.0,20.0,2024-09-14T22:20:02,17.5,11.3555231115476,79.0115662370871,NOISE,2024-09-14T22:20:02,17.5,11.3555231115476,79.0115662370871,NOISE,2024-09-14T22:20:02,17.5,11.3555231115476,79.0115662370871,NOISE,2024-09-14T22:20:02,17.5,11.3555231115476,79.0115662370871,NOISE
2026-04-08T10:48:10.113396,Map-Energy__sum__linear-conv00104-20240915_012002-20240915_072002-15.000000-20.000000.png,2024-09-15T01:20:02,2024-09-15T07:20:02,15.0,20.0,2024-09-15T04:20:02,17.5,11.3555231115476,79.0115662370871,NOISE,2024-09-15T04:20:02,17.5,11.3555231115476,79.0115662370871,NOISE,2024-09-15T04:20:02,17.5,11.3555231115476,79.0115662370871,NOISE,2024-09-15T04:20:02,17.5,11.3555231115476,79.0115662370871,NOISE
2026-04-08T10:48:10.713178,Map-Energy__sum__linear-conv00114-20240915_072002-20240915_132002-15.000000-20.000000.png,2024-09-15T07:20:02,2024-09-15T13:20:02,15.0,20.0,2024-09-15T10:20:02,17.5,11.3555231115476,79.0115662370871,NOISE,2024-09-15T10:20:02,17.5,11.3555231115476,79.0115662370871,NOISE,2024-09-15T10:20:02,17.5,11.3555231115476,79.0115662370871,NOISE,2024-09-15T10:20:02,17.5,11.3555231115476,79.0115662370871,NOISE
2026-04-08T10:48:11.393386,Map-Energy__sum__linear-conv00124-20240915_132002-20240915_192002-15.000000-20.000000.png,2024-09-15T13:20:02,2024-09-15T19:20:02,15.0,20.0,2024-09-15T16:20:02,17.5,11.3555231115476,79.0115662370871,NOISE,2024-09-15T16:20:02,17.5,11.3555231115476,79.0115662370871,NOISE,2024-09-15T16:20:02,17.5,11.3555231115476,79.0115662370871,NOISE,2024-09-15T16:20:02,17.5,11.3555231115476,79.0115662370871,NOISE
2026-04-08T10:48:11.993870,Map-Energy__sum__linear-conv00134-20240915_192002-20240916_012002-15.000000-20.000000.png,2024-09-15T19:20:02,2024-09-16T01:20:02,15.0,20.0,2024-09-15T22:20:02,17.5,11.3555231115476,79.0115662370871,NOISE,2024-09-15T22:20:02,17.5,11.3555231115476,79.0115662370871,NOISE,2024-09-15T22:20:02,17.5,11.3555231115476,79.0115662370871,NOISE,2024-09-15T22:20:02,17.5,11.3555231115476,79.0115662370871,NOISE
2026-04-08T10:48:12.649860,Map-Energy__sum__linear-conv00144-20240916_012002-20240916_072002-15.000000-20.000000.png,2024-09-16T01:20:02,2024-09-16T07:20:02,15.0,20.0,2024-09-16T04:20:02,17.5,11.3555231115476,79.0115662370871,NOISE,2024-09-16T04:20:02,17.5,11.3555231115476,79.0115662370871,NOISE,2024-09-16T04:20:02,17.5,11.3555231115476,79.0115662370871,NOISE,2024-09-16T04:20:02,17.5,11.3555231115476,79.0115662370871,NOISE
2026-04-08T10:48:13.369356,Map-Energy__sum__linear-conv00154-20240916_072002-20240916_132002-15.000000-20.000000.png,2024-09-16T07:20:02,2024-09-16T13:20:02,15.0,20.0,2024-09-16T10:20:02,17.5,11.3555231115476,79.0115662370871,NOISE,2024-09-16T10:20:02,17.5,11.3555231115476,79.0115662370871,NOISE,2024-09-16T10:20:02,17.5,11.3555231115476,79.0115662370871,NOISE,2024-09-16T10:20:02,17.5,11.3555231115476,79.0115662370871,NOISE
2026-04-08T10:48:14.121463,Map-Energy__sum__linear-conv00164-20240916_132002-20240916_192002-15.000000-20.000000.png,2024-09-16T13:20:02,2024-09-16T19:20:02,15.0,20.0,2024-09-16T16:20:02,17.5,11.3555231115476,79.0115662370871,NOISE,2024-09-16T16:20:02,17.5,11.3555231115476,79.0115662370871,NOISE,2024-09-16T16:20:02,17.5,11.3555231115476,79.0115662370871,NOISE,2024-09-16T16:20:02,17.5,11.3555231115476,79.0115662370871,NOISE
2026-04-08T10:48:14.834518,Map-Energy__sum__linear-conv00174-20240916_192002-20240917_012002-15.000000-20.000000.png,2024-09-16T19:20:02,2024-09-17T01:20:02,15.0,20.0,2024-09-16T22:20:02,17.5,11.3555231115476,79.0115662370871,NOISE,2024-09-16T22:20:02,17.5,11.3555231115476,79.0115662370871,NOISE,2024-09-16T22:20:02,17.5,11.3555231115476,79.0115662370871,NOISE,2024-09-16T22:20:02,17.5,11.3555231115476,79.0115662370871,NOISE
2026-04-08T10:48:15.442511,Map-Energy__sum__linear-conv00184-20240917_012002-20240917_072002-15.000000-20.000000.png,2024-09-17T01:20:02,2024-09-17T07:20:02,15.0,20.0,2024-09-17T04:20:02,17.5,11.3555231115476,79.0115662370871,NOISE,2024-09-17T04:20:02,17.5,11.3555231115476,79.0115662370871,NOISE,2024-09-17T04:20:02,17.5,11.3555231115476,79.0115662370871,NOISE,2024-09-17T04:20:02,17.5,11.3555231115476,79.0115662370871,NOISE
2026-04-08T10:48:16.273328,Map-Energy__sum__linear-conv00194-20240917_072002-20240917_132002-15.000000-20.000000.png,2024-09-17T07:20:02,2024-09-17T13:20:02,15.0,20.0,2024-09-17T10:20:02,17.5,11.3555231115476,79.0115662370871,NOISE,2024-09-17T10:20:02,17.5,11.3555231115476,79.0115662370871,NOISE,2024-09-17T10:20:02,17.5,11.3555231115476,79.0115662370871,NOISE,2024-09-17T10:20:02,17.5,11.3555231115476,79.0115662370871,NOISE
2026-04-08T10:48:17.025697,Map-Energy__sum__linear-conv00204-20240917_132002-20240917_192002-15.000000-20.000000.png,2024-09-17T13:20:02,2024-09-17T19:20:02,15.0,20.0,2024-09-17T16:20:02,17.5,11.3555231115476,79.0115662370871,NOISE,2024-09-17T16:20:02,17.5,11.3555231115476,79.0115662370871,NOISE,2024-09-17T16:20:02,17.5,11.3555231115476,79.0115662370871,NOISE,2024-09-17T16:20:02,17.5,11.3555231115476,79.0115662370871,NOISE
2026-04-08T10:48:17.721425,Map-Energy__sum__linear-conv00214-20240917_192002-20240918_012002-15.000000-20.000000.png,2024-09-17T19:20:02,2024-09-18T01:20:02,15.0,20.0,2024-09-17T22:20:02,17.5,11.3555231115476,79.0115662370871,NOISE,2024-09-17T22:20:02,17.5,11.3555231115476,79.0115662370871,NOISE,2024-09-17T22:20:02,17.5,11.3555231115476,79.0115662370871,NOISE,2024-09-17T22:20:02,17.5,11.3555231115476,79.0115662370871,NOISE
2026-04-08T10:48:18.465416,Map-Energy__sum__linear-conv00224-20240918_012002-20240918_072002-15.000000-20.000000.png,2024-09-18T01:20:02,2024-09-18T07:20:02,15.0,20.0,2024-09-18T04:20:02,17.5,11.3555231115476,79.0115662370871,NOISE,2024-09-18T04:20:02,17.5,11.3555231115476,79.0115662370871,NOISE,2024-09-18T04:20:02,17.5,11.3555231115476,79.0115662370871,NOISE,2024-09-18T04:20:02,17.5,11.3555231115476,79.0115662370871,NOISE
2026-04-08T10:48:19.113479,Map-Energy__sum__linear-conv00234-20240918_072002-20240918_132002-15.000000-20.000000.png,2024-09-18T07:20:02,2024-09-18T13:20:02,15.0,20.0,2024-09-18T10:20:02,17.5,11.3555231115476,79.0115662370871,NOISE,2024-09-18T10:20:02,17.5,11.3555231115476,79.0115662370871,NOISE,2024-09-18T10:20:02,17.5,11.3555231115476,79.0115662370871,NOISE,2024-09-18T10:20:02,17.5,11.3555231115476,79.0115662370871,NOISE
2026-04-08T10:48:19.793796,Map-Energy__sum__linear-conv00244-20240918_132002-20240918_192002-15.000000-20.000000.png,2024-09-18T13:20:02,2024-09-18T19:20:02,15.0,20.0,2024-09-18T16:20:02,17.5,11.3555231115476,79.0115662370871,NOISE,2024-09-18T16:20:02,17.5,11.3555231115476,79.0115662370871,NOISE,2024-09-18T16:20:02,17.5,11.3555231115476,79.0115662370871,NOISE,2024-09-18T16:20:02,17.5,11.3555231115476,79.0115662370871,NOISE
2026-04-08T10:48:20.538611,Map-Energy__sum__linear-conv00254-20240918_192002-20240919_012002-15.000000-20.000000.png,2024-09-18T19:20:02,2024-09-19T01:20:02,15.0,20.0,2024-09-18T22:20:02,17.5,11.3555231115476,79.0115662370871,NOISE,2024-09-18T22:20:02,17.5,11.3555231115476,79.0115662370871,NOISE,2024-09-18T22:20:02,17.5,11.3555231115476,79.0115662370871,NOISE,2024-09-18T22:20:02,17.5,11.3555231115476,79.0115662370871,NOISE
2026-04-08T10:48:21.185676,Map-Energy__sum__linear-conv00264-20240919_012002-20240919_072002-15.000000-20.000000.png,2024-09-19T01:20:02,2024-09-19T07:20:02,15.0,20.0,2024-09-19T04:20:02,17.5,11.3555231115476,79.0115662370871,NOISE,2024-09-19T04:20:02,17.5,11.3555231115476,79.0115662370871,NOISE,2024-09-19T04:20:02,17.5,11.3555231115476,79.0115662370871,NOISE,2024-09-19T04:20:02,17.5,11.3555231115476,79.0115662370871,NOISE
2026-04-08T10:48:21.817369,Map-Energy__sum__linear-conv00274-20240919_072002-20240919_132002-15.000000-20.000000.png,2024-09-19T07:20:02,2024-09-19T13:20:02,15.0,20.0,2024-09-19T10:20:02,17.5,11.3555231115476,79.0115662370871,NOISE,2024-09-19T10:20:02,17.5,11.3555231115476,79.0115662370871,NOISE,2024-09-19T10:20:02,17.5,11.3555231115476,79.0115662370871,NOISE,2024-09-19T10:20:02,17.5,11.3555231115476,79.0115662370871,NOISE
2026-04-08T10:48:22.481538,Map-Energy__sum__linear-conv00284-20240919_132002-20240919_192002-15.000000-20.000000.png,2024-09-19T13:20:02,2024-09-19T19:20:02,15.0,20.0,2024-09-19T16:20:02,17.5,11.3555231115476,79.0115662370871,NOISE,2024-09-19T16:20:02,17.5,11.3555231115476,79.0115662370871,NOISE,2024-09-19T16:20:02,17.5,11.3555231115476,79.0115662370871,NOISE,2024-09-19T16:20:02,17.5,11.3555231115476,79.0115662370871,NOISE
2026-04-08T10:48:24.113339,Map-Energy__sum__linear-conv00294-20240919_132002-20240919_192002-15.000000-20.000000.png,2024-09-19T13:20:02,2024-09-19T19:20:02,15.0,20.0,2024-09-19T16:20:02,17.5,11.3555231115476,79.0115662370871,NOISE,2024-09-19T16:20:02,17.5,11.3555231115476,79.0115662370871,NOISE,2024-09-19T16:20:02,17.5,11.3555231115476,79.0115662370871,NOISE,2024-09-19T16:20:02,17.5,11.3555231115476,79.0115662370871,NOISE
2026-04-08T10:48:26.033313,Map-Energy__sum__linear-conv00304-20240919_192002-20240920_012002-15.000000-20.000000.png,2024-09-19T19:20:02,2024-09-20T01:20:02,15.0,20.0,2024-09-19T22:20:02,17.5,11.3555231115476,79.0115662370871,NOISE,2024-09-19T22:20:02,17.5,11.3555231115476,79.0115662370871,NOISE,2024-09-19T22:20:02,17.5,11.3555231115476,79.0115662370871,NOISE,2024-09-19T22:20:02,17.5,11.3555231115476,79.0115662370871,NOISE
2026-04-08T10:48:27.097191,Map-Energy__sum__linear-conv00314-20240920_012002-20240920_072002-15.000000-20.000000.png,2024-09-20T01:20:02,2024-09-20T07:20:02,15.0,20.0,2024-09-20T04:20:02,17.5,11.3555231115476,79.0115662370871,NOISE,2024-09-20T04:20:02,17.5,11.3555231115476,79.0115662370871,NOISE,2024-09-20T04:20:02,17.5,11.3555231115476,79.0115662370871,NOISE,2024-09-20T04:20:02,17.5,11.3555231115476,79.0115662370871,NOISE
2026-04-08T10:48:28.089585,Map-Energy__sum__linear-conv00324-20240920_072002-20240920_132002-15.000000-20.000000.png,2024-09-20T07:20:02,2024-09-20T13:20:02,15.0,20.0,2024-09-20T10:20:02,17.5,11.3555231115476,79.0115662370871,NOISE,2024-09-20T10:20:02,17.5,11.3555231115476,79.0115662370871,NOISE,2024-09-20T10:20:02,17.5,11.3555231115476,79.0115662370871,NOISE,2024-09-20T10:20:02,17.5,11.3555231115476,79.0115662370871,NOISE
2026-04-08T10:48:30.226017,Map-Energy__sum__linear-conv00334-20240920_132002-20240920_192002-15.000000-20.000000.png,2024-09-20T13:20:02,2024-09-20T19:20:02,15.0,20.0,2024-09-20T16:20:02,17.5,11.3555231115476,79.0115662370871,NOISE,2024-09-20T16:20:02,17.5,11.3555231115476,79.0115662370871,NOISE,2024-09-20T16:20:02,17.5,11.3555231115476,79.0115662370871,NOISE,2024-09-20T16:20:02,17.5,11.3555231115476,79.0115662370871,NOISE
2026-04-08T10:48:31.259091,Map-Energy__sum__linear-conv00344-20240920_192002-20240921_012002-15.000000-20.000000.png,2024-09-20T19:20:02,2024-09-21T01:20:02,15.0,20.0,2024-09-20T22:20:02,17.5,11.3555231115476,79.0115662370871,NOISE,2024-09-20T22:20:02,17.5,11.3555231115476,79.0115662370871,NOISE,2024-09-20T22:20:02,17.5,11.3555231115476,79.0115662370871,NOISE,2024-09-20T22:20:02,17.5,11.3555231115476,79.0115662370871,NOISE
2026-04-08T10:48:32.258798,Map-Energy__sum__linear-conv00354-20240921_012002-20240921_072002-15.000000-20.000000.png,2024-09-21T01:20:02,2024-09-21T07:20:02,15.0,20.0,2024-09-21T04:20:02,17.5,11.3555231115476,79.0115662370871,NOISE,2024-09-21T04:20:02,17.5,11.3555231115476,79.0115662370871,NOISE,2024-09-21T04:20:02,17.5,11.3555231115476,79.0115662370871,NOISE,2024-09-21T04:20:02,17.5,11.3555231115476,79.0115662370871,NOISE
2026-04-08T10:48:33.442138,Map-Energy__sum__linear-conv00364-20240921_072002-20240921_132002-15.000000-20.000000.png,2024-09-21T07:20:02,2024-09-21T13:20:02,15.0,20.0,2024-09-21T10:20:02,17.5,11.3555231115476,79.0115662370871,NOISE,2024-09-21T10:20:02,17.5,11.3555231115476,79.0115662370871,NOISE,2024-09-21T10:20:02,17.5,11.3555231115476,79.0115662370871,NOISE,2024-09-21T10:20:02,17.5,11.3555231115476,79.0115662370871,NOISE
2026-04-08T10:48:36.058460,Map-Energy__sum__linear-conv00374-20240921_132002-20240921_192002-15.000000-20.000000.png,2024-09-21T13:20:02,2024-09-21T19:20:02,15.0,20.0,2024-09-21T16:20:02,17.5,11.3555231115476,79.0115662370871,NOISE,2024-09-21T16:20:02,17.5,11.3555231115476,79.0115662370871,NOISE,2024-09-21T16:20:02,17.5,11.3555231115476,79.0115662370871,NOISE,2024-09-21T16:20:02,17.5,11.3555231115476,79.0115662370871,NOISE
2026-04-08T10:48:37.033344,Map-Energy__sum__linear-conv00384-20240921_192002-20240922_012002-15.000000-20.000000.png,2024-09-21T19:20:02,2024-09-22T01:20:02,15.0,20.0,2024-09-21T22:20:02,17.5,11.3555231115476,79.0115662370871,NOISE,2024-09-21T22:20:02,17.5,11.3555231115476,79.0115662370871,NOISE,2024-09-21T22:20:02,17.5,11.3555231115476,79.0115662370871,NOISE,2024-09-21T22:20:02,17.5,11.3555231115476,79.0115662370871,NOISE
2026-04-08T10:48:51.465376,Map-Energy__sum__linear-conv00394-20240922_012002-20240922_072002-15.000000-20.000000.png,2024-09-22T01:20:02,2024-09-22T07:20:02,15.0,20.0,2024-09-22T04:20:02,17.5,11.3555231115476,79.0115662370871,NOISE,2024-09-22T04:20:02,17.5,11.3555231115476,79.0115662370871,NOISE,2024-09-22T04:20:02,17.5,11.3555231115476,79.0115662370871,NOISE,2024-09-22T04:20:02,17.5,11.3555231115476,79.0115662370871,NOISE
2026-04-08T10:48:52.459213,Map-Energy__sum__linear-conv00404-20240922_072002-20240922_132002-15.000000-20.000000.png,2024-09-22T07:20:02,2024-09-22T13:20:02,15.0,20.0,2024-09-22T10:20:02,17.5,11.3555231115476,79.0115662370871,NOISE,2024-09-22T10:20:02,17.5,11.3555231115476,79.0115662370871,NOISE,2024-09-22T10:20:02,17.5,11.3555231115476,79.0115662370871,NOISE,2024-09-22T10:20:02,17.5,11.3555231115476,79.0115662370871,NOISE
2026-04-08T10:48:53.928901,Map-Energy__sum__linear-conv00414-20240922_132002-20240922_192002-15.000000-20.000000.png,2024-09-22T13:20:02,2024-09-22T19:20:02,15.0,20.0,2024-09-22T16:20:02,17.5,11.3555231115476,79.0115662370871,NOISE,2024-09-22T16:20:02,17.5,11.3555231115476,79.0115662370871,NOISE,2024-09-22T16:20:02,17.5,11.3555231115476,79.0115662370871,NOISE,2024-09-22T16:20:02,17.5,11.3555231115476,79.0115662370871,NOISE
2026-04-08T10:48:58.089407,Map-Energy__sum__linear-conv00424-20240922_192002-20240923_012002-15.000000-20.000000.png,2024-09-22T19:20:02,2024-09-23T01:20:02,15.0,20.0,2024-09-22T22:20:02,17.5,11.3555231115476,79.0115662370871,NOISE,2024-09-22T22:20:02,17.5,11.3555231115476,79.0115662370871,NOISE,2024-09-22T22:20:02,17.5,11.3555231115476,79.0115662370871,NOISE,2024-09-22T22:20:02,17.5,11.3555231115476,79.0115662370871,NOISE
2026-04-08T10:49:00.745249,Map-Energy__sum__linear-conv00434-20240923_012002-20240923_072002-15.000000-20.000000.png,2024-09-23T01:20:02,2024-09-23T07:20:02,15.0,20.0,2024-09-23T04:20:02,17.5,11.3555231115476,79.0115662370871,NOISE,2024-09-23T04:20:02,17.5,11.3555231115476,79.0115662370871,NOISE,2024-09-23T04:20:02,17.5,11.3555231115476,79.0115662370871,NOISE,2024-09-23T04:20:02,17.5,11.3555231115476,79.0115662370871,NOISE
2026-04-08T10:49:01.794126,Map-Energy__sum__linear-conv00444-20240923_072002-20240923_132002-15.000000-20.000000.png,2024-09-23T07:20:02,2024-09-23T13:20:02,15.0,20.0,2024-09-23T10:20:02,17.5,11.3555231115476,79.0115662370871,NOISE,2024-09-23T10:20:02,17.5,11.3555231115476,79.0115662370871,NOISE,2024-09-23T10:20:02,17.5,11.3555231115476,79.0115662370871,NOISE,2024-09-23T10:20:02,17.5,11.3555231115476,79.0115662370871,NOISE
2026-04-08T10:49:02.842611,Map-Energy__sum__linear-conv00454-20240923_132002-20240923_192002-15.000000-20.000000.png,2024-09-23T13:20:02,2024-09-23T19:20:02,15.0,20.0,2024-09-23T16:20:02,17.5,11.3555231115476,79.0115662370871,NOISE,2024-09-23T16:20:02,17.5,11.3555231115476,79.0115662370871,NOISE,2024-09-23T16:20:02,17.5,11.3555231115476,79.0115662370871,NOISE,2024-09-23T16:20:02,17.5,11.3555231115476,79.0115662370871,NOISE
2026-04-08T10:49:03.713639,Map-Energy__sum__linear-conv00464-20240923_192002-20240924_012002-15.000000-20.000000.png,2024-09-23T19:20:02,2024-09-24T01:20:02,15.0,20.0,2024-09-23T22:20:02,17.5,11.3555231115476,79.0115662370871,NOISE,2024-09-23T22:20:02,17.5,11.3555231115476,79.0115662370871,NOISE,2024-09-23T22:20:02,17.5,11.3555231115476,79.0115662370871,NOISE,2024-09-23T22:20:02,17.5,11.3555231115476,79.0115662370871,NOISE
2026-04-08T10:49:04.849387,Map-Energy__sum__linear-conv00474-20240924_012002-20240924_072002-15.000000-20.000000.png,2024-09-24T01:20:02,2024-09-24T07:20:02,15.0,20.0,2024-09-24T04:20:02,17.5,11.3555231115476,79.0115662370871,NOISE,2024-09-24T04:20:02,17.5,11.3555231115476,79.0115662370871,NOISE,2024-09-24T04:20:02,17.5,11.3555231115476,79.0115662370871,NOISE,2024-09-24T04:20:02,17.5,11.3555231115476,79.0115662370871,NOISE
2026-04-08T10:49:05.809321,Map-Energy__sum__linear-conv00484-20240924_072002-20240924_132002-15.000000-20.000000.png,2024-09-24T07:20:02,2024-09-24T13:20:02,15.0,20.0,2024-09-24T10:20:02,17.5,11.3555231115476,79.0115662370871,NOISE,2024-09-24T10:20:02,17.5,11.3555231115476,79.0115662370871,NOISE,2024-09-24T10:20:02,17.5,11.3555231115476,79.0115662370871,NOISE,2024-09-24T10:20:02,17.5,11.3555231115476,79.0115662370871,NOISE
2026-04-08T10:49:07.065436,Map-Energy__sum__linear-conv00494-20240924_132002-20240924_192002-15.000000-20.000000.png,2024-09-24T13:20:02,2024-09-24T19:20:02,15.0,20.0,2024-09-24T16:20:02,17.5,11.3555231115476,79.0115662370871,NOISE,2024-09-24T16:20:02,17.5,11.3555231115476,79.0115662370871,NOISE,2024-09-24T16:20:02,17.5,11.3555231115476,79.0115662370871,NOISE,2024-09-24T16:20:02,17.5,11.3555231115476,79.0115662370871,NOISE
2026-04-08T10:49:15.273552,Map-Energy__sum__linear-conv00504-20240924_192002-20240925_012002-15.000000-20.000000.png,2024-09-24T19:20:02,2024-09-25T01:20:02,15.0,20.0,2024-09-24T23:51:33,16.954783,11.3785032650349,79.0093574242359,OTHER,2024-09-24T22:20:02,17.5,11.3555231115476,79.0115662370871,NOISE,2024-09-24T22:20:02,17.5,11.3555231115476,79.0115662370871,NOISE,2024-09-24T22:20:02,17.5,11.3555231115476,79.0115662370871,NOISE
2026-04-08T10:49:26.889348,Map-Energy__sum__linear-conv00514-20240925_012002-20240925_072002-15.000000-20.000000.png,2024-09-25T01:20:02,2024-09-25T07:20:02,15.0,20.0,2024-09-25T03:56:30,16.986389,11.3768581525582,79.0095303610426,OTHER,2024-09-25T04:20:02,17.5,11.3555231115476,79.0115662370871,NOISE,2024-09-25T04:20:02,17.5,11.3555231115476,79.0115662370871,NOISE,2024-09-25T04:20:02,17.5,11.3555231115476,79.0115662370871,NOISE
2026-04-08T10:49:29.465486,Map-Energy__sum__linear-conv00524-20240925_072002-20240925_132002-15.000000-20.000000.png,2024-09-25T07:20:02,2024-09-25T13:20:02,15.0,20.0,2024-09-25T10:20:02,17.5,11.3555231115476,79.0115662370871,NOISE,2024-09-25T10:20:02,17.5,11.3555231115476,79.0115662370871,NOISE,2024-09-25T10:20:02,17.5,11.3555231115476,79.0115662370871,NOISE,2024-09-25T10:20:02,17.5,11.3555231115476,79.0115662370871,NOISE
2026-04-08T10:49:31.985007,Map-Energy__sum__linear-conv00534-20240925_132002-20240925_192002-15.000000-20.000000.png,2024-09-25T13:20:02,2024-09-25T19:20:02,15.0,20.0,2024-09-25T16:20:02,17.5,11.3555231115476,79.0115662370871,NOISE,2024-09-25T16:20:02,17.5,11.3555231115476,79.0115662370871,NOISE,2024-09-25T16:20:02,17.5,11.3555231115476,79.0115662370871,NOISE,2024-09-25T16:20:02,17.5,11.3555231115476,79.0115662370871,NOISE
2026-04-08T10:49:38.161381,Map-Energy__sum__linear-conv00544-20240925_192002-20240926_012002-15.000000-20.000000.png,2024-09-25T19:20:02,2024-09-26T01:20:02,15.0,20.0,2024-09-25T22:14:37,18.092628,11.3287730098255,79.0129379270351,OTHER,2024-09-25T22:20:02,17.5,11.3555231115476,79.0115662370871,NOISE,2024-09-25T22:20:02,17.5,11.3555231115476,79.0115662370871,NOISE,2024-09-25T22:20:02,17.5,11.3555231115476,79.0115662370871,NOISE
2026-04-08T10:49:56.953127,Map-Energy__sum__linear-conv00554-20240926_012002-20240926_072002-15.000000-20.000000.png,2024-09-26T01:20:02,2024-09-26T07:20:02,15.0,20.0,2024-09-26T03:22:30,18.108431,11.3278664145926,79.012984416252,OTHER,2024-09-26T04:20:02,17.5,11.3555231115476,79.0115662370871,NOISE,2024-09-26T04:20:02,17.5,11.3555231115476,79.0115662370871,NOISE,2024-09-26T04:20:02,17.5,11.3555231115476,79.0115662370871,NOISE
2026-04-08T10:49:59.809448,Map-Energy__sum__linear-conv00564-20240926_072002-20240926_132002-15.000000-20.000000.png,2024-09-26T07:20:02,2024-09-26T13:20:02,15.0,20.0,2024-09-26T08:38:39,16.717731,11.3879578875251,79.0083635409746,VESSEL,2024-09-26T10:20:02,17.5,11.3555231115476,79.0115662370871,NOISE,2024-09-26T10:20:02,17.5,11.3555231115476,79.0115662370871,NOISE,2024-09-26T10:20:02,17.5,11.3555231115476,79.0115662370871,NOISE
2026-04-08T10:50:14.193503,Map-Energy__sum__linear-conv00574-20240926_132002-20240926_192002-15.000000-20.000000.png,2024-09-26T13:20:02,2024-09-26T19:20:02,15.0,20.0,2024-09-26T16:20:02,17.5,11.3555231115476,79.0115662370871,NOISE,2024-09-26T16:20:02,17.5,11.3555231115476,79.0115662370871,NOISE,2024-09-26T16:20:02,17.5,11.3555231115476,79.0115662370871,NOISE,2024-09-26T16:20:02,17.5,11.3555231115476,79.0115662370871,NOISE
2026-04-08T10:50:15.689214,Map-Energy__sum__linear-conv00584-20240926_132002-20240926_192002-15.000000-20.000000.png,2024-09-26T13:20:02,2024-09-26T19:20:02,15.0,20.0,2024-09-26T16:20:02,17.5,11.3555231115476,79.0115662370871,NOISE,2024-09-26T16:20:02,17.5,11.3555231115476,79.0115662370871,NOISE,2024-09-26T16:20:02,17.5,11.3555231115476,79.0115662370871,NOISE,2024-09-26T16:20:02,17.5,11.3555231115476,79.0115662370871,NOISE
2026-04-08T10:50:46.785404,Map-Energy__sum__linear-conv00594-20240926_192002-20240927_012002-15.000000-20.000000.png,2024-09-26T19:20:02,2024-09-27T01:20:02,15.0,20.0,2024-09-26T22:20:02,17.5,11.3555231115476,79.0115662370871,NOISE,2024-09-26T22:20:02,17.5,11.3555231115476,79.0115662370871,NOISE,2024-09-26T22:20:02,17.5,11.3555231115476,79.0115662370871,NOISE,2024-09-26T22:20:02,17.5,11.3555231115476,79.0115662370871,NOISE
2026-04-08T10:50:52.265792,Map-Energy__sum__linear-conv00604-20240927_012002-20240927_072002-15.000000-20.000000.png,2024-09-27T01:20:02,2024-09-27T07:20:02,15.0,20.0,2024-09-27T04:20:02,17.5,11.3555231115476,79.0115662370871,NOISE,2024-09-27T04:20:02,17.5,11.3555231115476,79.0115662370871,NOISE,2024-09-27T04:20:02,17.5,11.3555231115476,79.0115662370871,NOISE,2024-09-27T04:20:02,17.5,11.3555231115476,79.0115662370871,NOISE
2026-04-08T10:50:54.089295,Map-Energy__sum__linear-conv00614-20240927_072002-20240927_132002-15.000000-20.000000.png,2024-09-27T07:20:02,2024-09-27T13:20:02,15.0,20.0,2024-09-27T10:20:02,17.5,11.3555231115476,79.0115662370871,NOISE,2024-09-27T10:20:02,17.5,11.3555231115476,79.0115662370871,NOISE,2024-09-27T10:20:02,17.5,11.3555231115476,79.0115662370871,NOISE,2024-09-27T10:20:02,17.5,11.3555231115476,79.0115662370871,NOISE
2026-04-08T10:50:55.651127,Map-Energy__sum__linear-conv00624-20240927_132002-20240927_192002-15.000000-20.000000.png,2024-09-27T13:20:02,2024-09-27T19:20:02,15.0,20.0,2024-09-27T16:20:02,17.5,11.3555231115476,79.0115662370871,NOISE,2024-09-27T16:20:02,17.5,11.3555231115476,79.0115662370871,NOISE,2024-09-27T16:20:02,17.5,11.3555231115476,79.0115662370871,NOISE,2024-09-27T16:20:02,17.5,11.3555231115476,79.0115662370871,NOISE
2026-04-08T10:50:56.913467,Map-Energy__sum__linear-conv00634-20240927_192002-20240928_012002-15.000000-20.000000.png,2024-09-27T19:20:02,2024-09-28T01:20:02,15.0,20.0,2024-09-27T22:20:02,17.5,11.3555231115476,79.0115662370871,NOISE,2024-09-27T22:20:02,17.5,11.3555231115476,79.0115662370871,NOISE,2024-09-27T22:20:02,17.5,11.3555231115476,79.0115662370871,NOISE,2024-09-27T22:20:02,17.5,11.3555231115476,79.0115662370871,NOISE
2026-04-08T10:50:58.027114,Map-Energy__sum__linear-conv00644-20240928_012002-20240928_072002-15.000000-20.000000.png,2024-09-28T01:20:02,2024-09-28T07:20:02,15.0,20.0,2024-09-28T04:20:02,17.5,11.3555231115476,79.0115662370871,NOISE,2024-09-28T04:20:02,17.5,11.3555231115476,79.0115662370871,NOISE,2024-09-28T04:20:02,17.5,11.3555231115476,79.0115662370871,NOISE,2024-09-28T04:20:02,17.5,11.3555231115476,79.0115662370871,NOISE
2026-04-08T10:51:00.681469,Map-Energy__sum__linear-conv00654-20240928_072002-20240928_132002-15.000000-20.000000.png,2024-09-28T07:20:02,2024-09-28T13:20:02,15.0,20.0,2024-09-28T10:20:02,17.5,11.3555231115476,79.0115662370871,NOISE,2024-09-28T10:20:02,17.5,11.3555231115476,79.0115662370871,NOISE,2024-09-28T10:20:02,17.5,11.3555231115476,79.0115662370871,NOISE,2024-09-28T10:20:02,17.5,11.3555231115476,79.0115662370871,NOISE
2026-04-08T10:51:02.601859,Map-Energy__sum__linear-conv00664-20240928_132002-20240928_192002-15.000000-20.000000.png,2024-09-28T13:20:02,2024-09-28T19:20:02,15.0,20.0,2024-09-28T16:20:02,17.5,11.3555231115476,79.0115662370871,NOISE,2024-09-28T16:20:02,17.5,11.3555231115476,79.0115662370871,NOISE,2024-09-28T16:20:02,17.5,11.3555231115476,79.0115662370871,NOISE,2024-09-28T16:20:02,17.5,11.3555231115476,79.0115662370871,NOISE
2026-04-08T10:51:04.050416,Map-Energy__sum__linear-conv00674-20240928_192002-20240929_012002-15.000000-20.000000.png,2024-09-28T19:20:02,2024-09-29T01:20:02,15.0,20.0,2024-09-28T22:20:02,17.5,11.3555231115476,79.0115662370871,NOISE,2024-09-28T22:20:02,17.5,11.3555231115476,79.0115662370871,NOISE,2024-09-28T22:20:02,17.5,11.3555231115476,79.0115662370871,NOISE,2024-09-28T22:20:02,17.5,11.3555231115476,79.0115662370871,NOISE
2026-04-08T10:51:06.041787,Map-Energy__sum__linear-conv00684-20240929_012002-20240929_072002-15.000000-20.000000.png,2024-09-29T01:20:02,2024-09-29T07:20:02,15.0,20.0,2024-09-29T04:20:02,17.5,11.3555231115476,79.0115662370871,NOISE,2024-09-29T04:20:02,17.5,11.3555231115476,79.0115662370871,NOISE,2024-09-29T04:20:02,17.5,11.3555231115476,79.0115662370871,NOISE,2024-09-29T04:20:02,17.5,11.3555231115476,79.0115662370871,NOISE
2026-04-08T10:51:08.210215,Map-Energy__sum__linear-conv00694-20240929_072002-20240929_132002-15.000000-20.000000.png,2024-09-29T07:20:02,2024-09-29T13:20:02,15.0,20.0,2024-09-29T10:20:02,17.5,11.3555231115476,79.0115662370871,NOISE,2024-09-29T10:20:02,17.5,11.3555231115476,79.0115662370871,NOISE,2024-09-29T10:20:02,17.5,11.3555231115476,79.0115662370871,NOISE,2024-09-29T10:20:02,17.5,11.3555231115476,79.0115662370871,NOISE
2026-04-08T10:51:09.609676,Map-Energy__sum__linear-conv00704-20240929_132002-20240929_192002-15.000000-20.000000.png,2024-09-29T13:20:02,2024-09-29T19:20:02,15.0,20.0,2024-09-29T16:20:02,17.5,11.3555231115476,79.0115662370871,NOISE,2024-09-29T16:20:02,17.5,11.3555231115476,79.0115662370871,NOISE,2024-09-29T16:20:02,17.5,11.3555231115476,79.0115662370871,NOISE,2024-09-29T16:20:02,17.5,11.3555231115476,79.0115662370871,NOISE
2026-04-08T10:51:10.826469,Map-Energy__sum__linear-conv00714-20240929_192002-20240930_012002-15.000000-20.000000.png,2024-09-29T19:20:02,2024-09-30T01:20:02,15.0,20.0,2024-09-29T22:20:02,17.5,11.3555231115476,79.0115662370871,NOISE,2024-09-29T22:20:02,17.5,11.3555231115476,79.0115662370871,NOISE,2024-09-29T22:20:02,17.5,11.3555231115476,79.0115662370871,NOISE,2024-09-29T22:20:02,17.5,11.3555231115476,79.0115662370871,NOISE
2026-04-08T10:51:17.017926,Map-Energy__sum__linear-conv00005-20240912_132002-20240912_192002-20.000000-25.000000.png,2024-09-12T13:20:02,2024-09-12T19:20:02,20.0,25.0,2024-09-12T15:54:55,20.287523,11.2270141010566,79.0161558487941,OTHER,2024-09-12T16:20:02,22.5,11.1238434802504,79.0183136392333,NOISE,2024-09-12T16:20:02,22.5,11.1238434802504,79.0183136392333,NOISE,2024-09-12T16:20:02,22.5,11.1238434802504,79.0183136392333,NOISE
2026-04-08T10:51:18.121415,Map-Energy__sum__linear-conv00015-20240912_192002-20240913_012002-20.000000-25.000000.png,2024-09-12T19:20:02,2024-09-13T01:20:02,20.0,25.0,2024-09-12T22:20:02,22.5,11.1238434802504,79.0183136392333,NOISE,2024-09-12T22:20:02,22.5,11.1238434802504,79.0183136392333,NOISE,2024-09-12T22:20:02,22.5,11.1238434802504,79.0183136392333,NOISE,2024-09-12T22:20:02,22.5,11.1238434802504,79.0183136392333,NOISE
2026-04-08T10:51:18.945803,Map-Energy__sum__linear-conv00025-20240913_012002-20240913_072002-20.000000-25.000000.png,2024-09-13T01:20:02,2024-09-13T07:20:02,20.0,25.0,2024-09-13T04:20:02,22.5,11.1238434802504,79.0183136392333,NOISE,2024-09-13T04:20:02,22.5,11.1238434802504,79.0183136392333,NOISE,2024-09-13T04:20:02,22.5,11.1238434802504,79.0183136392333,NOISE,2024-09-13T04:20:02,22.5,11.1238434802504,79.0183136392333,NOISE
2026-04-08T10:51:19.601380,Map-Energy__sum__linear-conv00035-20240913_072002-20240913_132002-20.000000-25.000000.png,2024-09-13T07:20:02,2024-09-13T13:20:02,20.0,25.0,2024-09-13T10:20:02,22.5,11.1238434802504,79.0183136392333,NOISE,2024-09-13T10:20:02,22.5,11.1238434802504,79.0183136392333,NOISE,2024-09-13T10:20:02,22.5,11.1238434802504,79.0183136392333,NOISE,2024-09-13T10:20:02,22.5,11.1238434802504,79.0183136392333,NOISE
2026-04-08T10:51:20.211576,Map-Energy__sum__linear-conv00045-20240913_132002-20240913_192002-20.000000-25.000000.png,2024-09-13T13:20:02,2024-09-13T19:20:02,20.0,25.0,2024-09-13T16:20:02,22.5,11.1238434802504,79.0183136392333,NOISE,2024-09-13T16:20:02,22.5,11.1238434802504,79.0183136392333,NOISE,2024-09-13T16:20:02,22.5,11.1238434802504,79.0183136392333,NOISE,2024-09-13T16:20:02,22.5,11.1238434802504,79.0183136392333,NOISE
2026-04-08T10:51:20.865446,Map-Energy__sum__linear-conv00055-20240913_192002-20240914_012002-20.000000-25.000000.png,2024-09-13T19:20:02,2024-09-14T01:20:02,20.0,25.0,2024-09-13T22:20:02,22.5,11.1238434802504,79.0183136392333,NOISE,2024-09-13T22:20:02,22.5,11.1238434802504,79.0183136392333,NOISE,2024-09-13T22:20:02,22.5,11.1238434802504,79.0183136392333,NOISE,2024-09-13T22:20:02,22.5,11.1238434802504,79.0183136392333,NOISE
2026-04-08T10:51:21.529351,Map-Energy__sum__linear-conv00065-20240914_012002-20240914_072002-20.000000-25.000000.png,2024-09-14T01:20:02,2024-09-14T07:20:02,20.0,25.0,2024-09-14T04:20:02,22.5,11.1238434802504,79.0183136392333,NOISE,2024-09-14T04:20:02,22.5,11.1238434802504,79.0183136392333,NOISE,2024-09-14T04:20:02,22.5,11.1238434802504,79.0183136392333,NOISE,2024-09-14T04:20:02,22.5,11.1238434802504,79.0183136392333,NOISE
2026-04-08T10:51:22.233421,Map-Energy__sum__linear-conv00075-20240914_072002-20240914_132002-20.000000-25.000000.png,2024-09-14T07:20:02,2024-09-14T13:20:02,20.0,25.0,2024-09-14T10:20:02,22.5,11.1238434802504,79.0183136392333,NOISE,2024-09-14T10:20:02,22.5,11.1238434802504,79.0183136392333,NOISE,2024-09-14T10:20:02,22.5,11.1238434802504,79.0183136392333,NOISE,2024-09-14T10:20:02,22.5,11.1238434802504,79.0183136392333,NOISE
2026-04-08T10:51:22.818200,Map-Energy__sum__linear-conv00085-20240914_132002-20240914_192002-20.000000-25.000000.png,2024-09-14T13:20:02,2024-09-14T19:20:02,20.0,25.0,2024-09-14T16:20:02,22.5,11.1238434802504,79.0183136392333,NOISE,2024-09-14T16:20:02,22.5,11.1238434802504,79.0183136392333,NOISE,2024-09-14T16:20:02,22.5,11.1238434802504,79.0183136392333,NOISE,2024-09-14T16:20:02,22.5,11.1238434802504,79.0183136392333,NOISE
2026-04-08T10:51:23.633455,Map-Energy__sum__linear-conv00095-20240914_192002-20240915_012002-20.000000-25.000000.png,2024-09-14T19:20:02,2024-09-15T01:20:02,20.0,25.0,2024-09-14T22:20:02,22.5,11.1238434802504,79.0183136392333,NOISE,2024-09-14T22:20:02,22.5,11.1238434802504,79.0183136392333,NOISE,2024-09-14T22:20:02,22.5,11.1238434802504,79.0183136392333,NOISE,2024-09-14T22:20:02,22.5,11.1238434802504,79.0183136392333,NOISE
2026-04-08T10:51:24.322087,Map-Energy__sum__linear-conv00105-20240915_012002-20240915_072002-20.000000-25.000000.png,2024-09-15T01:20:02,2024-09-15T07:20:02,20.0,25.0,2024-09-15T04:20:02,22.5,11.1238434802504,79.0183136392333,NOISE,2024-09-15T04:20:02,22.5,11.1238434802504,79.0183136392333,NOISE,2024-09-15T04:20:02,22.5,11.1238434802504,79.0183136392333,NOISE,2024-09-15T04:20:02,22.5,11.1238434802504,79.0183136392333,NOISE
2026-04-08T10:51:25.089355,Map-Energy__sum__linear-conv00115-20240915_072002-20240915_132002-20.000000-25.000000.png,2024-09-15T07:20:02,2024-09-15T13:20:02,20.0,25.0,2024-09-15T10:20:02,22.5,11.1238434802504,79.0183136392333,NOISE,2024-09-15T10:20:02,22.5,11.1238434802504,79.0183136392333,NOISE,2024-09-15T10:20:02,22.5,11.1238434802504,79.0183136392333,NOISE,2024-09-15T10:20:02,22.5,11.1238434802504,79.0183136392333,NOISE
2026-04-08T10:51:25.713432,Map-Energy__sum__linear-conv00125-20240915_132002-20240915_192002-20.000000-25.000000.png,2024-09-15T13:20:02,2024-09-15T19:20:02,20.0,25.0,2024-09-15T16:20:02,22.5,11.1238434802504,79.0183136392333,NOISE,2024-09-15T16:20:02,22.5,11.1238434802504,79.0183136392333,NOISE,2024-09-15T16:20:02,22.5,11.1238434802504,79.0183136392333,NOISE,2024-09-15T16:20:02,22.5,11.1238434802504,79.0183136392333,NOISE
2026-04-08T10:51:26.465194,Map-Energy__sum__linear-conv00135-20240915_192002-20240916_012002-20.000000-25.000000.png,2024-09-15T19:20:02,2024-09-16T01:20:02,20.0,25.0,2024-09-15T22:20:02,22.5,11.1238434802504,79.0183136392333,NOISE,2024-09-15T22:20:02,22.5,11.1238434802504,79.0183136392333,NOISE,2024-09-15T22:20:02,22.5,11.1238434802504,79.0183136392333,NOISE,2024-09-15T22:20:02,22.5,11.1238434802504,79.0183136392333,NOISE
2026-04-08T10:51:27.146127,Map-Energy__sum__linear-conv00145-20240916_012002-20240916_072002-20.000000-25.000000.png,2024-09-16T01:20:02,2024-09-16T07:20:02,20.0,25.0,2024-09-16T04:20:02,22.5,11.1238434802504,79.0183136392333,NOISE,2024-09-16T04:20:02,22.5,11.1238434802504,79.0183136392333,NOISE,2024-09-16T04:20:02,22.5,11.1238434802504,79.0183136392333,NOISE,2024-09-16T04:20:02,22.5,11.1238434802504,79.0183136392333,NOISE
2026-04-08T10:51:27.888982,Map-Energy__sum__linear-conv00155-20240916_072002-20240916_132002-20.000000-25.000000.png,2024-09-16T07:20:02,2024-09-16T13:20:02,20.0,25.0,2024-09-16T10:20:02,22.5,11.1238434802504,79.0183136392333,NOISE,2024-09-16T10:20:02,22.5,11.1238434802504,79.0183136392333,NOISE,2024-09-16T10:20:02,22.5,11.1238434802504,79.0183136392333,NOISE,2024-09-16T10:20:02,22.5,11.1238434802504,79.0183136392333,NOISE
2026-04-08T10:51:28.610340,Map-Energy__sum__linear-conv00165-20240916_132002-20240916_192002-20.000000-25.000000.png,2024-09-16T13:20:02,2024-09-16T19:20:02,20.0,25.0,2024-09-16T16:20:02,22.5,11.1238434802504,79.0183136392333,NOISE,2024-09-16T16:20:02,22.5,11.1238434802504,79.0183136392333,NOISE,2024-09-16T16:20:02,22.5,11.1238434802504,79.0183136392333,NOISE,2024-09-16T16:20:02,22.5,11.1238434802504,79.0183136392333,NOISE
2026-04-08T10:51:29.090907,Map-Energy__sum__linear-conv00175-20240916_192002-20240917_012002-20.000000-25.000000.png,2024-09-16T19:20:02,2024-09-17T01:20:02,20.0,25.0,2024-09-16T22:20:02,22.5,11.1238434802504,79.0183136392333,NOISE,2024-09-16T22:20:02,22.5,11.1238434802504,79.0183136392333,NOISE,2024-09-16T22:20:02,22.5,11.1238434802504,79.0183136392333,NOISE,2024-09-16T22:20:02,22.5,11.1238434802504,79.0183136392333,NOISE
2026-04-08T10:51:29.737444,Map-Energy__sum__linear-conv00185-20240917_012002-20240917_072002-20.000000-25.000000.png,2024-09-17T01:20:02,2024-09-17T07:20:02,20.0,25.0,2024-09-17T04:20:02,22.5,11.1238434802504,79.0183136392333,NOISE,2024-09-17T04:20:02,22.5,11.1238434802504,79.0183136392333,NOISE,2024-09-17T04:20:02,22.5,11.1238434802504,79.0183136392333,NOISE,2024-09-17T04:20:02,22.5,11.1238434802504,79.0183136392333,NOISE
2026-04-08T10:51:30.321362,Map-Energy__sum__linear-conv00195-20240917_072002-20240917_132002-20.000000-25.000000.png,2024-09-17T07:20:02,2024-09-17T13:20:02,20.0,25.0,2024-09-17T10:20:02,22.5,11.1238434802504,79.0183136392333,NOISE,2024-09-17T10:20:02,22.5,11.1238434802504,79.0183136392333,NOISE,2024-09-17T10:20:02,22.5,11.1238434802504,79.0183136392333,NOISE,2024-09-17T10:20:02,22.5,11.1238434802504,79.0183136392333,NOISE
2026-04-08T10:51:30.865112,Map-Energy__sum__linear-conv00205-20240917_132002-20240917_192002-20.000000-25.000000.png,2024-09-17T13:20:02,2024-09-17T19:20:02,20.0,25.0,2024-09-17T16:20:02,22.5,11.1238434802504,79.0183136392333,NOISE,2024-09-17T16:20:02,22.5,11.1238434802504,79.0183136392333,NOISE,2024-09-17T16:20:02,22.5,11.1238434802504,79.0183136392333,NOISE,2024-09-17T16:20:02,22.5,11.1238434802504,79.0183136392333,NOISE
2026-04-08T10:51:31.449153,Map-Energy__sum__linear-conv00215-20240917_192002-20240918_012002-20.000000-25.000000.png,2024-09-17T19:20:02,2024-09-18T01:20:02,20.0,25.0,2024-09-17T22:20:02,22.5,11.1238434802504,79.0183136392333,NOISE,2024-09-17T22:20:02,22.5,11.1238434802504,79.0183136392333,NOISE,2024-09-17T22:20:02,22.5,11.1238434802504,79.0183136392333,NOISE,2024-09-17T22:20:02,22.5,11.1238434802504,79.0183136392333,NOISE
2026-04-08T10:51:31.873167,Map-Energy__sum__linear-conv00225-20240918_012002-20240918_072002-20.000000-25.000000.png,2024-09-18T01:20:02,2024-09-18T07:20:02,20.0,25.0,2024-09-18T04:20:02,22.5,11.1238434802504,79.0183136392333,NOISE,2024-09-18T04:20:02,22.5,11.1238434802504,79.0183136392333,NOISE,2024-09-18T04:20:02,22.5,11.1238434802504,79.0183136392333,NOISE,2024-09-18T04:20:02,22.5,11.1238434802504,79.0183136392333,NOISE
2026-04-08T10:51:32.236184,Map-Energy__sum__linear-conv00235-20240918_072002-20240918_132002-20.000000-25.000000.png,2024-09-18T07:20:02,2024-09-18T13:20:02,20.0,25.0,2024-09-18T10:20:02,22.5,11.1238434802504,79.0183136392333,NOISE,2024-09-18T10:20:02,22.5,11.1238434802504,79.0183136392333,NOISE,2024-09-18T10:20:02,22.5,11.1238434802504,79.0183136392333,NOISE,2024-09-18T10:20:02,22.5,11.1238434802504,79.0183136392333,NOISE
2026-04-08T10:51:32.807417,Map-Energy__sum__linear-conv00245-20240918_132002-20240918_192002-20.000000-25.000000.png,2024-09-18T13:20:02,2024-09-18T19:20:02,20.0,25.0,2024-09-18T16:20:02,22.5,11.1238434802504,79.0183136392333,NOISE,2024-09-18T16:20:02,22.5,11.1238434802504,79.0183136392333,NOISE,2024-09-18T16:20:02,22.5,11.1238434802504,79.0183136392333,NOISE,2024-09-18T16:20:02,22.5,11.1238434802504,79.0183136392333,NOISE
2026-04-08T10:51:33.641454,Map-Energy__sum__linear-conv00255-20240918_192002-20240919_012002-20.000000-25.000000.png,2024-09-18T19:20:02,2024-09-19T01:20:02,20.0,25.0,2024-09-18T22:20:02,22.5,11.1238434802504,79.0183136392333,NOISE,2024-09-18T22:20:02,22.5,11.1238434802504,79.0183136392333,NOISE,2024-09-18T22:20:02,22.5,11.1238434802504,79.0183136392333,NOISE,2024-09-18T22:20:02,22.5,11.1238434802504,79.0183136392333,NOISE
2026-04-08T10:51:34.777077,Map-Energy__sum__linear-conv00265-20240919_012002-20240919_072002-20.000000-25.000000.png,2024-09-19T01:20:02,2024-09-19T07:20:02,20.0,25.0,2024-09-19T04:20:02,22.5,11.1238434802504,79.0183136392333,NOISE,2024-09-19T04:20:02,22.5,11.1238434802504,79.0183136392333,NOISE,2024-09-19T04:20:02,22.5,11.1238434802504,79.0183136392333,NOISE,2024-09-19T04:20:02,22.5,11.1238434802504,79.0183136392333,NOISE
2026-04-08T10:51:35.593811,Map-Energy__sum__linear-conv00275-20240919_072002-20240919_132002-20.000000-25.000000.png,2024-09-19T07:20:02,2024-09-19T13:20:02,20.0,25.0,2024-09-19T10:20:02,22.5,11.1238434802504,79.0183136392333,NOISE,2024-09-19T10:20:02,22.5,11.1238434802504,79.0183136392333,NOISE,2024-09-19T10:20:02,22.5,11.1238434802504,79.0183136392333,NOISE,2024-09-19T10:20:02,22.5,11.1238434802504,79.0183136392333,NOISE
2026-04-08T10:51:36.257933,Map-Energy__sum__linear-conv00285-20240919_132002-20240919_192002-20.000000-25.000000.png,2024-09-19T13:20:02,2024-09-19T19:20:02,20.0,25.0,2024-09-19T16:20:02,22.5,11.1238434802504,79.0183136392333,NOISE,2024-09-19T16:20:02,22.5,11.1238434802504,79.0183136392333,NOISE,2024-09-19T16:20:02,22.5,11.1238434802504,79.0183136392333,NOISE,2024-09-19T16:20:02,22.5,11.1238434802504,79.0183136392333,NOISE
2026-04-08T10:51:37.601204,Map-Energy__sum__linear-conv00295-20240919_132002-20240919_192002-20.000000-25.000000.png,2024-09-19T13:20:02,2024-09-19T19:20:02,20.0,25.0,2024-09-19T16:20:02,22.5,11.1238434802504,79.0183136392333,NOISE,2024-09-19T16:20:02,22.5,11.1238434802504,79.0183136392333,NOISE,2024-09-19T16:20:02,22.5,11.1238434802504,79.0183136392333,NOISE,2024-09-19T16:20:02,22.5,11.1238434802504,79.0183136392333,NOISE
2026-04-08T10:51:42.489350,Map-Energy__sum__linear-conv00305-20240919_192002-20240920_012002-20.000000-25.000000.png,2024-09-19T19:20:02,2024-09-20T01:20:02,20.0,25.0,2024-09-19T22:20:02,22.5,11.1238434802504,79.0183136392333,NOISE,2024-09-19T22:20:02,22.5,11.1238434802504,79.0183136392333,NOISE,2024-09-19T22:20:02,22.5,11.1238434802504,79.0183136392333,NOISE,2024-09-19T22:20:02,22.5,11.1238434802504,79.0183136392333,NOISE
2026-04-08T10:51:43.289359,Map-Energy__sum__linear-conv00315-20240920_012002-20240920_072002-20.000000-25.000000.png,2024-09-20T01:20:02,2024-09-20T07:20:02,20.0,25.0,2024-09-20T04:20:02,22.5,11.1238434802504,79.0183136392333,NOISE,2024-09-20T04:20:02,22.5,11.1238434802504,79.0183136392333,NOISE,2024-09-20T04:20:02,22.5,11.1238434802504,79.0183136392333,NOISE,2024-09-20T04:20:02,22.5,11.1238434802504,79.0183136392333,NOISE
2026-04-08T10:51:44.441323,Map-Energy__sum__linear-conv00325-20240920_072002-20240920_132002-20.000000-25.000000.png,2024-09-20T07:20:02,2024-09-20T13:20:02,20.0,25.0,2024-09-20T10:20:02,22.5,11.1238434802504,79.0183136392333,NOISE,2024-09-20T10:20:02,22.5,11.1238434802504,79.0183136392333,NOISE,2024-09-20T10:20:02,22.5,11.1238434802504,79.0183136392333,NOISE,2024-09-20T10:20:02,22.5,11.1238434802504,79.0183136392333,NOISE
2026-04-08T10:51:46.994256,Map-Energy__sum__linear-conv00335-20240920_132002-20240920_192002-20.000000-25.000000.png,2024-09-20T13:20:02,2024-09-20T19:20:02,20.0,25.0,2024-09-20T16:20:02,22.5,11.1238434802504,79.0183136392333,NOISE,2024-09-20T16:20:02,22.5,11.1238434802504,79.0183136392333,NOISE,2024-09-20T16:20:02,22.5,11.1238434802504,79.0183136392333,NOISE,2024-09-20T16:20:02,22.5,11.1238434802504,79.0183136392333,NOISE
2026-04-08T10:51:48.329298,Map-Energy__sum__linear-conv00345-20240920_192002-20240921_012002-20.000000-25.000000.png,2024-09-20T19:20:02,2024-09-21T01:20:02,20.0,25.0,2024-09-20T22:20:02,22.5,11.1238434802504,79.0183136392333,NOISE,2024-09-20T22:20:02,22.5,11.1238434802504,79.0183136392333,NOISE,2024-09-20T22:20:02,22.5,11.1238434802504,79.0183136392333,NOISE,2024-09-20T22:20:02,22.5,11.1238434802504,79.0183136392333,NOISE
2026-04-08T10:51:49.498509,Map-Energy__sum__linear-conv00355-20240921_012002-20240921_072002-20.000000-25.000000.png,2024-09-21T01:20:02,2024-09-21T07:20:02,20.0,25.0,2024-09-21T04:20:02,22.5,11.1238434802504,79.0183136392333,NOISE,2024-09-21T04:20:02,22.5,11.1238434802504,79.0183136392333,NOISE,2024-09-21T04:20:02,22.5,11.1238434802504,79.0183136392333,NOISE,2024-09-21T04:20:02,22.5,11.1238434802504,79.0183136392333,NOISE
2026-04-08T10:51:50.540101,Map-Energy__sum__linear-conv00365-20240921_072002-20240921_132002-20.000000-25.000000.png,2024-09-21T07:20:02,2024-09-21T13:20:02,20.0,25.0,2024-09-21T10:20:02,22.5,11.1238434802504,79.0183136392333,NOISE,2024-09-21T10:20:02,22.5,11.1238434802504,79.0183136392333,NOISE,2024-09-21T10:20:02,22.5,11.1238434802504,79.0183136392333,NOISE,2024-09-21T10:20:02,22.5,11.1238434802504,79.0183136392333,NOISE
2026-04-08T10:51:51.761005,Map-Energy__sum__linear-conv00375-20240921_132002-20240921_192002-20.000000-25.000000.png,2024-09-21T13:20:02,2024-09-21T19:20:02,20.0,25.0,2024-09-21T16:20:02,22.5,11.1238434802504,79.0183136392333,NOISE,2024-09-21T16:20:02,22.5,11.1238434802504,79.0183136392333,NOISE,2024-09-21T16:20:02,22.5,11.1238434802504,79.0183136392333,NOISE,2024-09-21T16:20:02,22.5,11.1238434802504,79.0183136392333,NOISE
2026-04-08T10:51:52.897069,Map-Energy__sum__linear-conv00385-20240921_192002-20240922_012002-20.000000-25.000000.png,2024-09-21T19:20:02,2024-09-22T01:20:02,20.0,25.0,2024-09-21T22:20:02,22.5,11.1238434802504,79.0183136392333,NOISE,2024-09-21T22:20:02,22.5,11.1238434802504,79.0183136392333,NOISE,2024-09-21T22:20:02,22.5,11.1238434802504,79.0183136392333,NOISE,2024-09-21T22:20:02,22.5,11.1238434802504,79.0183136392333,NOISE
2026-04-08T10:51:54.009846,Map-Energy__sum__linear-conv00395-20240922_012002-20240922_072002-20.000000-25.000000.png,2024-09-22T01:20:02,2024-09-22T07:20:02,20.0,25.0,2024-09-22T04:20:02,22.5,11.1238434802504,79.0183136392333,NOISE,2024-09-22T04:20:02,22.5,11.1238434802504,79.0183136392333,NOISE,2024-09-22T04:20:02,22.5,11.1238434802504,79.0183136392333,NOISE,2024-09-22T04:20:02,22.5,11.1238434802504,79.0183136392333,NOISE
2026-04-08T10:52:03.001549,Map-Energy__sum__linear-conv00405-20240922_072002-20240922_132002-20.000000-25.000000.png,2024-09-22T07:20:02,2024-09-22T13:20:02,20.0,25.0,2024-09-22T10:20:02,22.5,11.1238434802504,79.0183136392333,NOISE,2024-09-22T10:20:02,22.5,11.1238434802504,79.0183136392333,NOISE,2024-09-22T10:20:02,22.5,11.1238434802504,79.0183136392333,NOISE,2024-09-22T10:20:02,22.5,11.1238434802504,79.0183136392333,NOISE
2026-04-08T10:52:04.627330,Map-Energy__sum__linear-conv00415-20240922_132002-20240922_192002-20.000000-25.000000.png,2024-09-22T13:20:02,2024-09-22T19:20:02,20.0,25.0,2024-09-22T16:20:02,22.5,11.1238434802504,79.0183136392333,NOISE,2024-09-22T16:20:02,22.5,11.1238434802504,79.0183136392333,NOISE,2024-09-22T16:20:02,22.5,11.1238434802504,79.0183136392333,NOISE,2024-09-22T16:20:02,22.5,11.1238434802504,79.0183136392333,NOISE
2026-04-08T10:52:11.513393,Map-Energy__sum__linear-conv00425-20240922_192002-20240923_012002-20.000000-25.000000.png,2024-09-22T19:20:02,2024-09-23T01:20:02,20.0,25.0,2024-09-22T22:20:02,22.5,11.1238434802504,79.0183136392333,NOISE,2024-09-22T22:20:02,22.5,11.1238434802504,79.0183136392333,NOISE,2024-09-22T22:20:02,22.5,11.1238434802504,79.0183136392333,NOISE,2024-09-22T22:20:02,22.5,11.1238434802504,79.0183136392333,NOISE
2026-04-08T10:52:12.962007,Map-Energy__sum__linear-conv00435-20240923_012002-20240923_072002-20.000000-25.000000.png,2024-09-23T01:20:02,2024-09-23T07:20:02,20.0,25.0,2024-09-23T04:20:02,22.5,11.1238434802504,79.0183136392333,NOISE,2024-09-23T04:20:02,22.5,11.1238434802504,79.0183136392333,NOISE,2024-09-23T04:20:02,22.5,11.1238434802504,79.0183136392333,NOISE,2024-09-23T04:20:02,22.5,11.1238434802504,79.0183136392333,NOISE
2026-04-08T10:52:14.108011,Map-Energy__sum__linear-conv00445-20240923_072002-20240923_132002-20.000000-25.000000.png,2024-09-23T07:20:02,2024-09-23T13:20:02,20.0,25.0,2024-09-23T10:20:02,22.5,11.1238434802504,79.0183136392333,NOISE,2024-09-23T10:20:02,22.5,11.1238434802504,79.0183136392333,NOISE,2024-09-23T10:20:02,22.5,11.1238434802504,79.0183136392333,NOISE,2024-09-23T10:20:02,22.5,11.1238434802504,79.0183136392333,NOISE
2026-04-08T10:52:15.561435,Map-Energy__sum__linear-conv00455-20240923_132002-20240923_192002-20.000000-25.000000.png,2024-09-23T13:20:02,2024-09-23T19:20:02,20.0,25.0,2024-09-23T16:20:02,22.5,11.1238434802504,79.0183136392333,NOISE,2024-09-23T16:20:02,22.5,11.1238434802504,79.0183136392333,NOISE,2024-09-23T16:20:02,22.5,11.1238434802504,79.0183136392333,NOISE,2024-09-23T16:20:02,22.5,11.1238434802504,79.0183136392333,NOISE
2026-04-08T10:52:16.827298,Map-Energy__sum__linear-conv00465-20240923_192002-20240924_012002-20.000000-25.000000.png,2024-09-23T19:20:02,2024-09-24T01:20:02,20.0,25.0,2024-09-23T22:20:02,22.5,11.1238434802504,79.0183136392333,NOISE,2024-09-23T22:20:02,22.5,11.1238434802504,79.0183136392333,NOISE,2024-09-23T22:20:02,22.5,11.1238434802504,79.0183136392333,NOISE,2024-09-23T22:20:02,22.5,11.1238434802504,79.0183136392333,NOISE
2026-04-08T10:52:20.257223,Map-Energy__sum__linear-conv00475-20240924_012002-20240924_072002-20.000000-25.000000.png,2024-09-24T01:20:02,2024-09-24T07:20:02,20.0,25.0,2024-09-24T04:20:02,22.5,11.1238434802504,79.0183136392333,NOISE,2024-09-24T04:20:02,22.5,11.1238434802504,79.0183136392333,NOISE,2024-09-24T04:20:02,22.5,11.1238434802504,79.0183136392333,NOISE,2024-09-24T04:20:02,22.5,11.1238434802504,79.0183136392333,NOISE
2026-04-08T10:52:21.378388,Map-Energy__sum__linear-conv00485-20240924_072002-20240924_132002-20.000000-25.000000.png,2024-09-24T07:20:02,2024-09-24T13:20:02,20.0,25.0,2024-09-24T10:20:02,22.5,11.1238434802504,79.0183136392333,NOISE,2024-09-24T10:20:02,22.5,11.1238434802504,79.0183136392333,NOISE,2024-09-24T10:20:02,22.5,11.1238434802504,79.0183136392333,NOISE,2024-09-24T10:20:02,22.5,11.1238434802504,79.0183136392333,NOISE
2026-04-08T10:52:22.585298,Map-Energy__sum__linear-conv00495-20240924_132002-20240924_192002-20.000000-25.000000.png,2024-09-24T13:20:02,2024-09-24T19:20:02,20.0,25.0,2024-09-24T16:20:02,22.5,11.1238434802504,79.0183136392333,NOISE,2024-09-24T16:20:02,22.5,11.1238434802504,79.0183136392333,NOISE,2024-09-24T16:20:02,22.5,11.1238434802504,79.0183136392333,NOISE,2024-09-24T16:20:02,22.5,11.1238434802504,79.0183136392333,NOISE
2026-04-08T10:52:23.577819,Map-Energy__sum__linear-conv00505-20240924_192002-20240925_012002-20.000000-25.000000.png,2024-09-24T19:20:02,2024-09-25T01:20:02,20.0,25.0,2024-09-24T22:20:02,22.5,11.1238434802504,79.0183136392333,NOISE,2024-09-24T22:20:02,22.5,11.1238434802504,79.0183136392333,NOISE,2024-09-24T22:20:02,22.5,11.1238434802504,79.0183136392333,NOISE,2024-09-24T22:20:02,22.5,11.1238434802504,79.0183136392333,NOISE
2026-04-08T10:52:25.233392,Map-Energy__sum__linear-conv00515-20240925_012002-20240925_072002-20.000000-25.000000.png,2024-09-25T01:20:02,2024-09-25T07:20:02,20.0,25.0,2024-09-25T04:20:02,22.5,11.1238434802504,79.0183136392333,NOISE,2024-09-25T04:20:02,22.5,11.1238434802504,79.0183136392333,NOISE,2024-09-25T04:20:02,22.5,11.1238434802504,79.0183136392333,NOISE,2024-09-25T04:20:02,22.5,11.1238434802504,79.0183136392333,NOISE
2026-04-08T10:52:27.145241,Map-Energy__sum__linear-conv00525-20240925_072002-20240925_132002-20.000000-25.000000.png,2024-09-25T07:20:02,2024-09-25T13:20:02,20.0,25.0,2024-09-25T10:20:02,22.5,11.1238434802504,79.0183136392333,NOISE,2024-09-25T10:20:02,22.5,11.1238434802504,79.0183136392333,NOISE,2024-09-25T10:20:02,22.5,11.1238434802504,79.0183136392333,NOISE,2024-09-25T10:20:02,22.5,11.1238434802504,79.0183136392333,NOISE
2026-04-08T10:52:28.721580,Map-Energy__sum__linear-conv00535-20240925_132002-20240925_192002-20.000000-25.000000.png,2024-09-25T13:20:02,2024-09-25T19:20:02,20.0,25.0,2024-09-25T16:20:02,22.5,11.1238434802504,79.0183136392333,NOISE,2024-09-25T16:20:02,22.5,11.1238434802504,79.0183136392333,NOISE,2024-09-25T16:20:02,22.5,11.1238434802504,79.0183136392333,NOISE,2024-09-25T16:20:02,22.5,11.1238434802504,79.0183136392333,NOISE
2026-04-08T10:52:34.874195,Map-Energy__sum__linear-conv00545-20240925_192002-20240926_012002-20.000000-25.000000.png,2024-09-25T19:20:02,2024-09-26T01:20:02,20.0,25.0,2024-09-25T20:58:40,23.637845,11.0704579857107,79.0191652353135,VESSEL,2024-09-25T22:20:02,22.5,11.1238434802504,79.0183136392333,NOISE,2024-09-25T22:20:02,22.5,11.1238434802504,79.0183136392333,NOISE,2024-09-25T22:20:02,22.5,11.1238434802504,79.0183136392333,NOISE
2026-04-08T10:52:36.265339,Map-Energy__sum__linear-conv00555-20240926_012002-20240926_072002-20.000000-25.000000.png,2024-09-26T01:20:02,2024-09-26T07:20:02,20.0,25.0,2024-09-26T04:20:02,22.5,11.1238434802504,79.0183136392333,NOISE,2024-09-26T04:20:02,22.5,11.1238434802504,79.0183136392333,NOISE,2024-09-26T04:20:02,22.5,11.1238434802504,79.0183136392333,NOISE,2024-09-26T04:20:02,22.5,11.1238434802504,79.0183136392333,NOISE
2026-04-08T10:52:37.633206,Map-Energy__sum__linear-conv00565-20240926_072002-20240926_132002-20.000000-25.000000.png,2024-09-26T07:20:02,2024-09-26T13:20:02,20.0,25.0,2024-09-26T10:20:02,22.5,11.1238434802504,79.0183136392333,NOISE,2024-09-26T10:20:02,22.5,11.1238434802504,79.0183136392333,NOISE,2024-09-26T10:20:02,22.5,11.1238434802504,79.0183136392333,NOISE,2024-09-26T10:20:02,22.5,11.1238434802504,79.0183136392333,NOISE
2026-04-08T10:52:39.937866,Map-Energy__sum__linear-conv00575-20240926_132002-20240926_192002-20.000000-25.000000.png,2024-09-26T13:20:02,2024-09-26T19:20:02,20.0,25.0,2024-09-26T16:20:02,22.5,11.1238434802504,79.0183136392333,NOISE,2024-09-26T16:20:02,22.5,11.1238434802504,79.0183136392333,NOISE,2024-09-26T16:20:02,22.5,11.1238434802504,79.0183136392333,NOISE,2024-09-26T16:20:02,22.5,11.1238434802504,79.0183136392333,NOISE
2026-04-08T10:52:41.611347,Map-Energy__sum__linear-conv00585-20240926_132002-20240926_192002-20.000000-25.000000.png,2024-09-26T13:20:02,2024-09-26T19:20:02,20.0,25.0,2024-09-26T16:20:02,22.5,11.1238434802504,79.0183136392333,NOISE,2024-09-26T16:20:02,22.5,11.1238434802504,79.0183136392333,NOISE,2024-09-26T16:20:02,22.5,11.1238434802504,79.0183136392333,NOISE,2024-09-26T16:20:02,22.5,11.1238434802504,79.0183136392333,NOISE
2026-04-08T10:52:43.441691,Map-Energy__sum__linear-conv00595-20240926_192002-20240927_012002-20.000000-25.000000.png,2024-09-26T19:20:02,2024-09-27T01:20:02,20.0,25.0,2024-09-26T22:20:02,22.5,11.1238434802504,79.0183136392333,NOISE,2024-09-26T22:20:02,22.5,11.1238434802504,79.0183136392333,NOISE,2024-09-26T22:20:02,22.5,11.1238434802504,79.0183136392333,NOISE,2024-09-26T22:20:02,22.5,11.1238434802504,79.0183136392333,NOISE
2026-04-08T10:52:46.513333,Map-Energy__sum__linear-conv00605-20240927_012002-20240927_072002-20.000000-25.000000.png,2024-09-27T01:20:02,2024-09-27T07:20:02,20.0,25.0,2024-09-27T04:20:02,22.5,11.1238434802504,79.0183136392333,NOISE,2024-09-27T04:20:02,22.5,11.1238434802504,79.0183136392333,NOISE,2024-09-27T04:20:02,22.5,11.1238434802504,79.0183136392333,NOISE,2024-09-27T04:20:02,22.5,11.1238434802504,79.0183136392333,NOISE
2026-04-08T10:52:50.393654,Map-Energy__sum__linear-conv00615-20240927_072002-20240927_132002-20.000000-25.000000.png,2024-09-27T07:20:02,2024-09-27T13:20:02,20.0,25.0,2024-09-27T10:20:02,22.5,11.1238434802504,79.0183136392333,NOISE,2024-09-27T10:20:02,22.5,11.1238434802504,79.0183136392333,NOISE,2024-09-27T10:20:02,22.5,11.1238434802504,79.0183136392333,NOISE,2024-09-27T10:20:02,22.5,11.1238434802504,79.0183136392333,NOISE
2026-04-08T10:52:53.018522,Map-Energy__sum__linear-conv00625-20240927_132002-20240927_192002-20.000000-25.000000.png,2024-09-27T13:20:02,2024-09-27T19:20:02,20.0,25.0,2024-09-27T16:20:02,22.5,11.1238434802504,79.0183136392333,NOISE,2024-09-27T16:20:02,22.5,11.1238434802504,79.0183136392333,NOISE,2024-09-27T16:20:02,22.5,11.1238434802504,79.0183136392333,NOISE,2024-09-27T16:20:02,22.5,11.1238434802504,79.0183136392333,NOISE
2026-04-08T10:52:54.762602,Map-Energy__sum__linear-conv00635-20240927_192002-20240928_012002-20.000000-25.000000.png,2024-09-27T19:20:02,2024-09-28T01:20:02,20.0,25.0,2024-09-27T22:20:02,22.5,11.1238434802504,79.0183136392333,NOISE,2024-09-27T22:20:02,22.5,11.1238434802504,79.0183136392333,NOISE,2024-09-27T22:20:02,22.5,11.1238434802504,79.0183136392333,NOISE,2024-09-27T22:20:02,22.5,11.1238434802504,79.0183136392333,NOISE
2026-04-08T10:53:00.761469,Map-Energy__sum__linear-conv00645-20240928_012002-20240928_072002-20.000000-25.000000.png,2024-09-28T01:20:02,2024-09-28T07:20:02,20.0,25.0,2024-09-28T04:20:02,22.5,11.1238434802504,79.0183136392333,NOISE,2024-09-28T04:20:02,22.5,11.1238434802504,79.0183136392333,NOISE,2024-09-28T04:20:02,22.5,11.1238434802504,79.0183136392333,NOISE,2024-09-28T04:20:02,22.5,11.1238434802504,79.0183136392333,NOISE
2026-04-08T10:53:03.089728,Map-Energy__sum__linear-conv00655-20240928_072002-20240928_132002-20.000000-25.000000.png,2024-09-28T07:20:02,2024-09-28T13:20:02,20.0,25.0,2024-09-28T10:20:02,22.5,11.1238434802504,79.0183136392333,NOISE,2024-09-28T10:20:02,22.5,11.1238434802504,79.0183136392333,NOISE,2024-09-28T10:20:02,22.5,11.1238434802504,79.0183136392333,NOISE,2024-09-28T10:20:02,22.5,11.1238434802504,79.0183136392333,NOISE
2026-04-08T10:53:19.938261,Map-Energy__sum__linear-conv00665-20240928_132002-20240928_192002-20.000000-25.000000.png,2024-09-28T13:20:02,2024-09-28T19:20:02,20.0,25.0,2024-09-28T16:20:02,22.5,11.1238434802504,79.0183136392333,NOISE,2024-09-28T16:20:02,22.5,11.1238434802504,79.0183136392333,NOISE,2024-09-28T16:20:02,22.5,11.1238434802504,79.0183136392333,NOISE,2024-09-28T16:20:02,22.5,11.1238434802504,79.0183136392333,NOISE
2026-04-08T10:53:20.912953,Map-Energy__sum__linear-conv00675-20240928_192002-20240929_012002-20.000000-25.000000.png,2024-09-28T19:20:02,2024-09-29T01:20:02,20.0,25.0,2024-09-28T22:20:02,22.5,11.1238434802504,79.0183136392333,NOISE,2024-09-28T22:20:02,22.5,11.1238434802504,79.0183136392333,NOISE,2024-09-28T22:20:02,22.5,11.1238434802504,79.0183136392333,NOISE,2024-09-28T22:20:02,22.5,11.1238434802504,79.0183136392333,NOISE
2026-04-08T10:53:23.033300,Map-Energy__sum__linear-conv00685-20240929_012002-20240929_072002-20.000000-25.000000.png,2024-09-29T01:20:02,2024-09-29T07:20:02,20.0,25.0,2024-09-29T04:20:02,22.5,11.1238434802504,79.0183136392333,NOISE,2024-09-29T04:20:02,22.5,11.1238434802504,79.0183136392333,NOISE,2024-09-29T04:20:02,22.5,11.1238434802504,79.0183136392333,NOISE,2024-09-29T04:20:02,22.5,11.1238434802504,79.0183136392333,NOISE
2026-04-08T10:53:24.530371,Map-Energy__sum__linear-conv00695-20240929_072002-20240929_132002-20.000000-25.000000.png,2024-09-29T07:20:02,2024-09-29T13:20:02,20.0,25.0,2024-09-29T10:20:02,22.5,11.1238434802504,79.0183136392333,NOISE,2024-09-29T10:20:02,22.5,11.1238434802504,79.0183136392333,NOISE,2024-09-29T10:20:02,22.5,11.1238434802504,79.0183136392333,NOISE,2024-09-29T10:20:02,22.5,11.1238434802504,79.0183136392333,NOISE
2026-04-08T10:53:26.627222,Map-Energy__sum__linear-conv00705-20240929_132002-20240929_192002-20.000000-25.000000.png,2024-09-29T13:20:02,2024-09-29T19:20:02,20.0,25.0,2024-09-29T16:20:02,22.5,11.1238434802504,79.0183136392333,NOISE,2024-09-29T16:20:02,22.5,11.1238434802504,79.0183136392333,NOISE,2024-09-29T16:20:02,22.5,11.1238434802504,79.0183136392333,NOISE,2024-09-29T16:20:02,22.5,11.1238434802504,79.0183136392333,NOISE
2026-04-08T10:53:29.113624,Map-Energy__sum__linear-conv00715-20240929_192002-20240930_012002-20.000000-25.000000.png,2024-09-29T19:20:02,2024-09-30T01:20:02,20.0,25.0,2024-09-29T22:20:02,22.5,11.1238434802504,79.0183136392333,NOISE,2024-09-29T22:20:02,22.5,11.1238434802504,79.0183136392333,NOISE,2024-09-29T22:20:02,22.5,11.1238434802504,79.0183136392333,NOISE,2024-09-29T22:20:02,22.5,11.1238434802504,79.0183136392333,NOISE
2026-04-08T10:53:37.801797,Map-Energy__sum__linear-conv00006-20240912_132002-20240912_192002-25.000000-30.000000.png,2024-09-12T13:20:02,2024-09-12T19:20:02,25.0,30.0,2024-09-12T14:45:38,25.192703,10.9979164762023,79.0204276277756,OTHER,2024-09-12T16:20:02,27.5,10.889673808393,79.020806600637,NOISE,2024-09-12T16:20:02,27.5,10.889673808393,79.020806600637,NOISE,2024-09-12T16:20:02,27.5,10.889673808393,79.020806600637,NOISE
2026-04-08T10:53:38.689244,Map-Energy__sum__linear-conv00016-20240912_192002-20240913_012002-25.000000-30.000000.png,2024-09-12T19:20:02,2024-09-13T01:20:02,25.0,30.0,2024-09-12T22:20:02,27.5,10.889673808393,79.020806600637,NOISE,2024-09-12T22:20:02,27.5,10.889673808393,79.020806600637,NOISE,2024-09-12T22:20:02,27.5,10.889673808393,79.020806600637,NOISE,2024-09-12T22:20:02,27.5,10.889673808393,79.020806600637,NOISE
2026-04-08T10:53:39.617463,Map-Energy__sum__linear-conv00026-20240913_012002-20240913_072002-25.000000-30.000000.png,2024-09-13T01:20:02,2024-09-13T07:20:02,25.0,30.0,2024-09-13T04:20:02,27.5,10.889673808393,79.020806600637,NOISE,2024-09-13T04:20:02,27.5,10.889673808393,79.020806600637,NOISE,2024-09-13T04:20:02,27.5,10.889673808393,79.020806600637,NOISE,2024-09-13T04:20:02,27.5,10.889673808393,79.020806600637,NOISE
2026-04-08T10:53:40.241736,Map-Energy__sum__linear-conv00036-20240913_072002-20240913_132002-25.000000-30.000000.png,2024-09-13T07:20:02,2024-09-13T13:20:02,25.0,30.0,2024-09-13T10:20:02,27.5,10.889673808393,79.020806600637,NOISE,2024-09-13T10:20:02,27.5,10.889673808393,79.020806600637,NOISE,2024-09-13T10:20:02,27.5,10.889673808393,79.020806600637,NOISE,2024-09-13T10:20:02,27.5,10.889673808393,79.020806600637,NOISE
2026-04-08T10:53:40.953267,Map-Energy__sum__linear-conv00046-20240913_132002-20240913_192002-25.000000-30.000000.png,2024-09-13T13:20:02,2024-09-13T19:20:02,25.0,30.0,2024-09-13T16:20:02,27.5,10.889673808393,79.020806600637,NOISE,2024-09-13T16:20:02,27.5,10.889673808393,79.020806600637,NOISE,2024-09-13T16:20:02,27.5,10.889673808393,79.020806600637,NOISE,2024-09-13T16:20:02,27.5,10.889673808393,79.020806600637,NOISE
2026-04-08T10:53:41.561465,Map-Energy__sum__linear-conv00056-20240913_192002-20240914_012002-25.000000-30.000000.png,2024-09-13T19:20:02,2024-09-14T01:20:02,25.0,30.0,2024-09-13T22:20:02,27.5,10.889673808393,79.020806600637,NOISE,2024-09-13T22:20:02,27.5,10.889673808393,79.020806600637,NOISE,2024-09-13T22:20:02,27.5,10.889673808393,79.020806600637,NOISE,2024-09-13T22:20:02,27.5,10.889673808393,79.020806600637,NOISE
2026-04-08T10:53:42.210438,Map-Energy__sum__linear-conv00066-20240914_012002-20240914_072002-25.000000-30.000000.png,2024-09-14T01:20:02,2024-09-14T07:20:02,25.0,30.0,2024-09-14T04:20:02,27.5,10.889673808393,79.020806600637,NOISE,2024-09-14T04:20:02,27.5,10.889673808393,79.020806600637,NOISE,2024-09-14T04:20:02,27.5,10.889673808393,79.020806600637,NOISE,2024-09-14T04:20:02,27.5,10.889673808393,79.020806600637,NOISE
2026-04-08T10:53:42.777669,Map-Energy__sum__linear-conv00076-20240914_072002-20240914_132002-25.000000-30.000000.png,2024-09-14T07:20:02,2024-09-14T13:20:02,25.0,30.0,2024-09-14T10:20:02,27.5,10.889673808393,79.020806600637,NOISE,2024-09-14T10:20:02,27.5,10.889673808393,79.020806600637,NOISE,2024-09-14T10:20:02,27.5,10.889673808393,79.020806600637,NOISE,2024-09-14T10:20:02,27.5,10.889673808393,79.020806600637,NOISE
2026-04-08T10:53:43.465412,Map-Energy__sum__linear-conv00086-20240914_132002-20240914_192002-25.000000-30.000000.png,2024-09-14T13:20:02,2024-09-14T19:20:02,25.0,30.0,2024-09-14T16:20:02,27.5,10.889673808393,79.020806600637,NOISE,2024-09-14T16:20:02,27.5,10.889673808393,79.020806600637,NOISE,2024-09-14T16:20:02,27.5,10.889673808393,79.020806600637,NOISE,2024-09-14T16:20:02,27.5,10.889673808393,79.020806600637,NOISE
2026-04-08T10:53:44.081592,Map-Energy__sum__linear-conv00096-20240914_192002-20240915_012002-25.000000-30.000000.png,2024-09-14T19:20:02,2024-09-15T01:20:02,25.0,30.0,2024-09-14T22:20:02,27.5,10.889673808393,79.020806600637,NOISE,2024-09-14T22:20:02,27.5,10.889673808393,79.020806600637,NOISE,2024-09-14T22:20:02,27.5,10.889673808393,79.020806600637,NOISE,2024-09-14T22:20:02,27.5,10.889673808393,79.020806600637,NOISE
2026-04-08T10:53:44.705318,Map-Energy__sum__linear-conv00106-20240915_012002-20240915_072002-25.000000-30.000000.png,2024-09-15T01:20:02,2024-09-15T07:20:02,25.0,30.0,2024-09-15T04:20:02,27.5,10.889673808393,79.020806600637,NOISE,2024-09-15T04:20:02,27.5,10.889673808393,79.020806600637,NOISE,2024-09-15T04:20:02,27.5,10.889673808393,79.020806600637,NOISE,2024-09-15T04:20:02,27.5,10.889673808393,79.020806600637,NOISE
2026-04-08T10:53:45.203723,Map-Energy__sum__linear-conv00116-20240915_072002-20240915_132002-25.000000-30.000000.png,2024-09-15T07:20:02,2024-09-15T13:20:02,25.0,30.0,2024-09-15T10:20:02,27.5,10.889673808393,79.020806600637,NOISE,2024-09-15T10:20:02,27.5,10.889673808393,79.020806600637,NOISE,2024-09-15T10:20:02,27.5,10.889673808393,79.020806600637,NOISE,2024-09-15T10:20:02,27.5,10.889673808393,79.020806600637,NOISE
2026-04-08T10:53:45.810538,Map-Energy__sum__linear-conv00126-20240915_132002-20240915_192002-25.000000-30.000000.png,2024-09-15T13:20:02,2024-09-15T19:20:02,25.0,30.0,2024-09-15T16:20:02,27.5,10.889673808393,79.020806600637,NOISE,2024-09-15T16:20:02,27.5,10.889673808393,79.020806600637,NOISE,2024-09-15T16:20:02,27.5,10.889673808393,79.020806600637,NOISE,2024-09-15T16:20:02,27.5,10.889673808393,79.020806600637,NOISE
2026-04-08T10:53:46.329116,Map-Energy__sum__linear-conv00136-20240915_192002-20240916_012002-25.000000-30.000000.png,2024-09-15T19:20:02,2024-09-16T01:20:02,25.0,30.0,2024-09-15T22:20:02,27.5,10.889673808393,79.020806600637,NOISE,2024-09-15T22:20:02,27.5,10.889673808393,79.020806600637,NOISE,2024-09-15T22:20:02,27.5,10.889673808393,79.020806600637,NOISE,2024-09-15T22:20:02,27.5,10.889673808393,79.020806600637,NOISE
2026-04-08T10:53:46.921198,Map-Energy__sum__linear-conv00146-20240916_012002-20240916_072002-25.000000-30.000000.png,2024-09-16T01:20:02,2024-09-16T07:20:02,25.0,30.0,2024-09-16T04:20:02,27.5,10.889673808393,79.020806600637,NOISE,2024-09-16T04:20:02,27.5,10.889673808393,79.020806600637,NOISE,2024-09-16T04:20:02,27.5,10.889673808393,79.020806600637,NOISE,2024-09-16T04:20:02,27.5,10.889673808393,79.020806600637,NOISE
2026-04-08T10:53:47.489357,Map-Energy__sum__linear-conv00156-20240916_072002-20240916_132002-25.000000-30.000000.png,2024-09-16T07:20:02,2024-09-16T13:20:02,25.0,30.0,2024-09-16T10:20:02,27.5,10.889673808393,79.020806600637,NOISE,2024-09-16T10:20:02,27.5,10.889673808393,79.020806600637,NOISE,2024-09-16T10:20:02,27.5,10.889673808393,79.020806600637,NOISE,2024-09-16T10:20:02,27.5,10.889673808393,79.020806600637,NOISE
2026-04-08T10:53:48.089961,Map-Energy__sum__linear-conv00166-20240916_132002-20240916_192002-25.000000-30.000000.png,2024-09-16T13:20:02,2024-09-16T19:20:02,25.0,30.0,2024-09-16T16:20:02,27.5,10.889673808393,79.020806600637,NOISE,2024-09-16T16:20:02,27.5,10.889673808393,79.020806600637,NOISE,2024-09-16T16:20:02,27.5,10.889673808393,79.020806600637,NOISE,2024-09-16T16:20:02,27.5,10.889673808393,79.020806600637,NOISE
2026-04-08T10:53:48.641284,Map-Energy__sum__linear-conv00176-20240916_192002-20240917_012002-25.000000-30.000000.png,2024-09-16T19:20:02,2024-09-17T01:20:02,25.0,30.0,2024-09-16T22:20:02,27.5,10.889673808393,79.020806600637,NOISE,2024-09-16T22:20:02,27.5,10.889673808393,79.020806600637,NOISE,2024-09-16T22:20:02,27.5,10.889673808393,79.020806600637,NOISE,2024-09-16T22:20:02,27.5,10.889673808393,79.020806600637,NOISE
2026-04-08T10:53:49.225175,Map-Energy__sum__linear-conv00186-20240917_012002-20240917_072002-25.000000-30.000000.png,2024-09-17T01:20:02,2024-09-17T07:20:02,25.0,30.0,2024-09-17T04:20:02,27.5,10.889673808393,79.020806600637,NOISE,2024-09-17T04:20:02,27.5,10.889673808393,79.020806600637,NOISE,2024-09-17T04:20:02,27.5,10.889673808393,79.020806600637,NOISE,2024-09-17T04:20:02,27.5,10.889673808393,79.020806600637,NOISE
2026-04-08T10:53:49.769061,Map-Energy__sum__linear-conv00196-20240917_072002-20240917_132002-25.000000-30.000000.png,2024-09-17T07:20:02,2024-09-17T13:20:02,25.0,30.0,2024-09-17T10:20:02,27.5,10.889673808393,79.020806600637,NOISE,2024-09-17T10:20:02,27.5,10.889673808393,79.020806600637,NOISE,2024-09-17T10:20:02,27.5,10.889673808393,79.020806600637,NOISE,2024-09-17T10:20:02,27.5,10.889673808393,79.020806600637,NOISE
2026-04-08T10:53:50.369369,Map-Energy__sum__linear-conv00206-20240917_132002-20240917_192002-25.000000-30.000000.png,2024-09-17T13:20:02,2024-09-17T19:20:02,25.0,30.0,2024-09-17T16:20:02,27.5,10.889673808393,79.020806600637,NOISE,2024-09-17T16:20:02,27.5,10.889673808393,79.020806600637,NOISE,2024-09-17T16:20:02,27.5,10.889673808393,79.020806600637,NOISE,2024-09-17T16:20:02,27.5,10.889673808393,79.020806600637,NOISE
2026-04-08T10:53:50.945219,Map-Energy__sum__linear-conv00216-20240917_192002-20240918_012002-25.000000-30.000000.png,2024-09-17T19:20:02,2024-09-18T01:20:02,25.0,30.0,2024-09-17T22:20:02,27.5,10.889673808393,79.020806600637,NOISE,2024-09-17T22:20:02,27.5,10.889673808393,79.020806600637,NOISE,2024-09-17T22:20:02,27.5,10.889673808393,79.020806600637,NOISE,2024-09-17T22:20:02,27.5,10.889673808393,79.020806600637,NOISE
2026-04-08T10:53:51.617263,Map-Energy__sum__linear-conv00226-20240918_012002-20240918_072002-25.000000-30.000000.png,2024-09-18T01:20:02,2024-09-18T07:20:02,25.0,30.0,2024-09-18T04:20:02,27.5,10.889673808393,79.020806600637,NOISE,2024-09-18T04:20:02,27.5,10.889673808393,79.020806600637,NOISE,2024-09-18T04:20:02,27.5,10.889673808393,79.020806600637,NOISE,2024-09-18T04:20:02,27.5,10.889673808393,79.020806600637,NOISE
2026-04-08T10:53:52.161117,Map-Energy__sum__linear-conv00236-20240918_072002-20240918_132002-25.000000-30.000000.png,2024-09-18T07:20:02,2024-09-18T13:20:02,25.0,30.0,2024-09-18T10:20:02,27.5,10.889673808393,79.020806600637,NOISE,2024-09-18T10:20:02,27.5,10.889673808393,79.020806600637,NOISE,2024-09-18T10:20:02,27.5,10.889673808393,79.020806600637,NOISE,2024-09-18T10:20:02,27.5,10.889673808393,79.020806600637,NOISE
2026-04-08T10:53:52.762335,Map-Energy__sum__linear-conv00246-20240918_132002-20240918_192002-25.000000-30.000000.png,2024-09-18T13:20:02,2024-09-18T19:20:02,25.0,30.0,2024-09-18T16:20:02,27.5,10.889673808393,79.020806600637,NOISE,2024-09-18T16:20:02,27.5,10.889673808393,79.020806600637,NOISE,2024-09-18T16:20:02,27.5,10.889673808393,79.020806600637,NOISE,2024-09-18T16:20:02,27.5,10.889673808393,79.020806600637,NOISE
2026-04-08T10:53:53.369275,Map-Energy__sum__linear-conv00256-20240918_192002-20240919_012002-25.000000-30.000000.png,2024-09-18T19:20:02,2024-09-19T01:20:02,25.0,30.0,2024-09-18T22:20:02,27.5,10.889673808393,79.020806600637,NOISE,2024-09-18T22:20:02,27.5,10.889673808393,79.020806600637,NOISE,2024-09-18T22:20:02,27.5,10.889673808393,79.020806600637,NOISE,2024-09-18T22:20:02,27.5,10.889673808393,79.020806600637,NOISE
2026-04-08T10:53:53.898036,Map-Energy__sum__linear-conv00266-20240919_012002-20240919_072002-25.000000-30.000000.png,2024-09-19T01:20:02,2024-09-19T07:20:02,25.0,30.0,2024-09-19T04:20:02,27.5,10.889673808393,79.020806600637,NOISE,2024-09-19T04:20:02,27.5,10.889673808393,79.020806600637,NOISE,2024-09-19T04:20:02,27.5,10.889673808393,79.020806600637,NOISE,2024-09-19T04:20:02,27.5,10.889673808393,79.020806600637,NOISE
2026-04-08T10:53:54.449787,Map-Energy__sum__linear-conv00276-20240919_072002-20240919_132002-25.000000-30.000000.png,2024-09-19T07:20:02,2024-09-19T13:20:02,25.0,30.0,2024-09-19T10:20:02,27.5,10.889673808393,79.020806600637,NOISE,2024-09-19T10:20:02,27.5,10.889673808393,79.020806600637,NOISE,2024-09-19T10:20:02,27.5,10.889673808393,79.020806600637,NOISE,2024-09-19T10:20:02,27.5,10.889673808393,79.020806600637,NOISE
2026-04-08T10:53:55.065352,Map-Energy__sum__linear-conv00286-20240919_132002-20240919_192002-25.000000-30.000000.png,2024-09-19T13:20:02,2024-09-19T19:20:02,25.0,30.0,2024-09-19T16:20:02,27.5,10.889673808393,79.020806600637,NOISE,2024-09-19T16:20:02,27.5,10.889673808393,79.020806600637,NOISE,2024-09-19T16:20:02,27.5,10.889673808393,79.020806600637,NOISE,2024-09-19T16:20:02,27.5,10.889673808393,79.020806600637,NOISE
2026-04-08T10:53:56.377513,Map-Energy__sum__linear-conv00296-20240919_132002-20240919_192002-25.000000-30.000000.png,2024-09-19T13:20:02,2024-09-19T19:20:02,25.0,30.0,2024-09-19T16:20:02,27.5,10.889673808393,79.020806600637,NOISE,2024-09-19T16:20:02,27.5,10.889673808393,79.020806600637,NOISE,2024-09-19T16:20:02,27.5,10.889673808393,79.020806600637,NOISE,2024-09-19T16:20:02,27.5,10.889673808393,79.020806600637,NOISE
2026-04-08T10:53:58.706600,Map-Energy__sum__linear-conv00306-20240919_192002-20240920_012002-25.000000-30.000000.png,2024-09-19T19:20:02,2024-09-20T01:20:02,25.0,30.0,2024-09-19T22:20:02,27.5,10.889673808393,79.020806600637,NOISE,2024-09-19T22:20:02,27.5,10.889673808393,79.020806600637,NOISE,2024-09-19T22:20:02,27.5,10.889673808393,79.020806600637,NOISE,2024-09-19T22:20:02,27.5,10.889673808393,79.020806600637,NOISE
2026-04-08T10:53:59.905768,Map-Energy__sum__linear-conv00316-20240920_012002-20240920_072002-25.000000-30.000000.png,2024-09-20T01:20:02,2024-09-20T07:20:02,25.0,30.0,2024-09-20T04:20:02,27.5,10.889673808393,79.020806600637,NOISE,2024-09-20T04:20:02,27.5,10.889673808393,79.020806600637,NOISE,2024-09-20T04:20:02,27.5,10.889673808393,79.020806600637,NOISE,2024-09-20T04:20:02,27.5,10.889673808393,79.020806600637,NOISE
2026-04-08T10:54:00.905267,Map-Energy__sum__linear-conv00326-20240920_072002-20240920_132002-25.000000-30.000000.png,2024-09-20T07:20:02,2024-09-20T13:20:02,25.0,30.0,2024-09-20T10:20:02,27.5,10.889673808393,79.020806600637,NOISE,2024-09-20T10:20:02,27.5,10.889673808393,79.020806600637,NOISE,2024-09-20T10:20:02,27.5,10.889673808393,79.020806600637,NOISE,2024-09-20T10:20:02,27.5,10.889673808393,79.020806600637,NOISE
2026-04-08T10:54:03.136947,Map-Energy__sum__linear-conv00336-20240920_132002-20240920_192002-25.000000-30.000000.png,2024-09-20T13:20:02,2024-09-20T19:20:02,25.0,30.0,2024-09-20T16:20:02,27.5,10.889673808393,79.020806600637,NOISE,2024-09-20T16:20:02,27.5,10.889673808393,79.020806600637,NOISE,2024-09-20T16:20:02,27.5,10.889673808393,79.020806600637,NOISE,2024-09-20T16:20:02,27.5,10.889673808393,79.020806600637,NOISE
2026-04-08T10:54:04.432962,Map-Energy__sum__linear-conv00346-20240920_192002-20240921_012002-25.000000-30.000000.png,2024-09-20T19:20:02,2024-09-21T01:20:02,25.0,30.0,2024-09-20T22:20:02,27.5,10.889673808393,79.020806600637,NOISE,2024-09-20T22:20:02,27.5,10.889673808393,79.020806600637,NOISE,2024-09-20T22:20:02,27.5,10.889673808393,79.020806600637,NOISE,2024-09-20T22:20:02,27.5,10.889673808393,79.020806600637,NOISE
2026-04-08T10:54:05.633246,Map-Energy__sum__linear-conv00356-20240921_012002-20240921_072002-25.000000-30.000000.png,2024-09-21T01:20:02,2024-09-21T07:20:02,25.0,30.0,2024-09-21T04:20:02,27.5,10.889673808393,79.020806600637,NOISE,2024-09-21T04:20:02,27.5,10.889673808393,79.020806600637,NOISE,2024-09-21T04:20:02,27.5,10.889673808393,79.020806600637,NOISE,2024-09-21T04:20:02,27.5,10.889673808393,79.020806600637,NOISE
2026-04-08T10:54:18.201256,Map-Energy__sum__linear-conv00366-20240921_072002-20240921_132002-25.000000-30.000000.png,2024-09-21T07:20:02,2024-09-21T13:20:02,25.0,30.0,2024-09-21T10:44:30,25.41395,10.987616309814,79.0206068746126,OTHER,2024-09-21T10:20:02,27.5,10.889673808393,79.020806600637,NOISE,2024-09-21T10:20:02,27.5,10.889673808393,79.020806600637,NOISE,2024-09-21T10:20:02,27.5,10.889673808393,79.020806600637,NOISE
2026-04-08T10:54:20.098510,Map-Energy__sum__linear-conv00376-20240921_132002-20240921_192002-25.000000-30.000000.png,2024-09-21T13:20:02,2024-09-21T19:20:02,25.0,30.0,2024-09-21T16:20:02,27.5,10.889673808393,79.020806600637,NOISE,2024-09-21T16:20:02,27.5,10.889673808393,79.020806600637,NOISE,2024-09-21T16:20:02,27.5,10.889673808393,79.020806600637,NOISE,2024-09-21T16:20:02,27.5,10.889673808393,79.020806600637,NOISE
2026-04-08T10:54:22.601326,Map-Energy__sum__linear-conv00386-20240921_192002-20240922_012002-25.000000-30.000000.png,2024-09-21T19:20:02,2024-09-22T01:20:02,25.0,30.0,2024-09-21T22:20:02,27.5,10.889673808393,79.020806600637,NOISE,2024-09-21T22:20:02,27.5,10.889673808393,79.020806600637,NOISE,2024-09-21T22:20:02,27.5,10.889673808393,79.020806600637,NOISE,2024-09-21T22:20:02,27.5,10.889673808393,79.020806600637,NOISE
2026-04-08T10:54:25.169102,Map-Energy__sum__linear-conv00396-20240922_012002-20240922_072002-25.000000-30.000000.png,2024-09-22T01:20:02,2024-09-22T07:20:02,25.0,30.0,2024-09-22T04:20:02,27.5,10.889673808393,79.020806600637,NOISE,2024-09-22T04:20:02,27.5,10.889673808393,79.020806600637,NOISE,2024-09-22T04:20:02,27.5,10.889673808393,79.020806600637,NOISE,2024-09-22T04:20:02,27.5,10.889673808393,79.020806600637,NOISE
2026-04-08T10:54:32.281643,Map-Energy__sum__linear-conv00406-20240922_072002-20240922_132002-25.000000-30.000000.png,2024-09-22T07:20:02,2024-09-22T13:20:02,25.0,30.0,2024-09-22T10:00:19,25.895954,10.9646681954696,79.0209941806722,OTHER,2024-09-22T10:20:02,27.5,10.889673808393,79.020806600637,NOISE,2024-09-22T10:20:02,27.5,10.889673808393,79.020806600637,NOISE,2024-09-22T10:20:02,27.5,10.889673808393,79.020806600637,NOISE
2026-04-08T10:54:39.346079,Map-Energy__sum__linear-conv00416-20240922_132002-20240922_192002-25.000000-30.000000.png,2024-09-22T13:20:02,2024-09-22T19:20:02,25.0,30.0,2024-09-22T16:08:16,25.500869,10.9834017465698,79.0206789273511,OTHER,2024-09-22T16:20:02,27.5,10.889673808393,79.020806600637,NOISE,2024-09-22T16:20:02,27.5,10.889673808393,79.020806600637,NOISE,2024-09-22T16:20:02,27.5,10.889673808393,79.020806600637,NOISE
2026-04-08T10:54:41.345528,Map-Energy__sum__linear-conv00426-20240922_192002-20240923_012002-25.000000-30.000000.png,2024-09-22T19:20:02,2024-09-23T01:20:02,25.0,30.0,2024-09-22T22:20:02,27.5,10.889673808393,79.020806600637,NOISE,2024-09-22T22:20:02,27.5,10.889673808393,79.020806600637,NOISE,2024-09-22T22:20:02,27.5,10.889673808393,79.020806600637,NOISE,2024-09-22T22:20:02,27.5,10.889673808393,79.020806600637,NOISE
2026-04-08T10:54:43.665203,Map-Energy__sum__linear-conv00436-20240923_012002-20240923_072002-25.000000-30.000000.png,2024-09-23T01:20:02,2024-09-23T07:20:02,25.0,30.0,2024-09-23T04:20:02,27.5,10.889673808393,79.020806600637,NOISE,2024-09-23T04:20:02,27.5,10.889673808393,79.020806600637,NOISE,2024-09-23T04:20:02,27.5,10.889673808393,79.020806600637,NOISE,2024-09-23T04:20:02,27.5,10.889673808393,79.020806600637,NOISE
2026-04-08T10:54:44.881233,Map-Energy__sum__linear-conv00446-20240923_072002-20240923_132002-25.000000-30.000000.png,2024-09-23T07:20:02,2024-09-23T13:20:02,25.0,30.0,2024-09-23T10:20:02,27.5,10.889673808393,79.020806600637,NOISE,2024-09-23T10:20:02,27.5,10.889673808393,79.020806600637,NOISE,2024-09-23T10:20:02,27.5,10.889673808393,79.020806600637,NOISE,2024-09-23T10:20:02,27.5,10.889673808393,79.020806600637,NOISE
2026-04-08T10:54:52.121115,Map-Energy__sum__linear-conv00456-20240923_132002-20240923_192002-25.000000-30.000000.png,2024-09-23T13:20:02,2024-09-23T19:20:02,25.0,30.0,2024-09-23T15:32:59,26.212022,10.95014995154,79.0212384989477,VESSEL,2024-09-23T16:20:02,27.5,10.889673808393,79.020806600637,NOISE,2024-09-23T16:20:02,27.5,10.889673808393,79.020806600637,NOISE,2024-09-23T16:20:02,27.5,10.889673808393,79.020806600637,NOISE
2026-04-08T10:54:53.985218,Map-Energy__sum__linear-conv00466-20240923_192002-20240924_012002-25.000000-30.000000.png,2024-09-23T19:20:02,2024-09-24T01:20:02,25.0,30.0,2024-09-23T22:20:02,27.5,10.889673808393,79.020806600637,NOISE,2024-09-23T22:20:02,27.5,10.889673808393,79.020806600637,NOISE,2024-09-23T22:20:02,27.5,10.889673808393,79.020806600637,NOISE,2024-09-23T22:20:02,27.5,10.889673808393,79.020806600637,NOISE
2026-04-08T10:54:56.116189,Map-Energy__sum__linear-conv00476-20240924_012002-20240924_072002-25.000000-30.000000.png,2024-09-24T01:20:02,2024-09-24T07:20:02,25.0,30.0,2024-09-24T04:20:02,27.5,10.889673808393,79.020806600637,NOISE,2024-09-24T04:20:02,27.5,10.889673808393,79.020806600637,NOISE,2024-09-24T04:20:02,27.5,10.889673808393,79.020806600637,NOISE,2024-09-24T04:20:02,27.5,10.889673808393,79.020806600637,NOISE
2026-04-08T10:54:57.481338,Map-Energy__sum__linear-conv00486-20240924_072002-20240924_132002-25.000000-30.000000.png,2024-09-24T07:20:02,2024-09-24T13:20:02,25.0,30.0,2024-09-24T10:20:02,27.5,10.889673808393,79.020806600637,NOISE,2024-09-24T10:20:02,27.5,10.889673808393,79.020806600637,NOISE,2024-09-24T10:20:02,27.5,10.889673808393,79.020806600637,NOISE,2024-09-24T10:20:02,27.5,10.889673808393,79.020806600637,NOISE
2026-04-08T10:54:59.594551,Map-Energy__sum__linear-conv00496-20240924_132002-20240924_192002-25.000000-30.000000.png,2024-09-24T13:20:02,2024-09-24T19:20:02,25.0,30.0,2024-09-24T16:20:02,27.5,10.889673808393,79.020806600637,NOISE,2024-09-24T16:20:02,27.5,10.889673808393,79.020806600637,NOISE,2024-09-24T16:20:02,27.5,10.889673808393,79.020806600637,NOISE,2024-09-24T16:20:02,27.5,10.889673808393,79.020806600637,NOISE
2026-04-08T10:55:00.913180,Map-Energy__sum__linear-conv00506-20240924_192002-20240925_012002-25.000000-30.000000.png,2024-09-24T19:20:02,2024-09-25T01:20:02,25.0,30.0,2024-09-24T22:20:02,27.5,10.889673808393,79.020806600637,NOISE,2024-09-24T22:20:02,27.5,10.889673808393,79.020806600637,NOISE,2024-09-24T22:20:02,27.5,10.889673808393,79.020806600637,NOISE,2024-09-24T22:20:02,27.5,10.889673808393,79.020806600637,NOISE
2026-04-08T10:55:02.057209,Map-Energy__sum__linear-conv00516-20240925_012002-20240925_072002-25.000000-30.000000.png,2024-09-25T01:20:02,2024-09-25T07:20:02,25.0,30.0,2024-09-25T04:20:02,27.5,10.889673808393,79.020806600637,NOISE,2024-09-25T04:20:02,27.5,10.889673808393,79.020806600637,NOISE,2024-09-25T04:20:02,27.5,10.889673808393,79.020806600637,NOISE,2024-09-25T04:20:02,27.5,10.889673808393,79.020806600637,NOISE
2026-04-08T10:55:03.385299,Map-Energy__sum__linear-conv00526-20240925_072002-20240925_132002-25.000000-30.000000.png,2024-09-25T07:20:02,2024-09-25T13:20:02,25.0,30.0,2024-09-25T10:20:02,27.5,10.889673808393,79.020806600637,NOISE,2024-09-25T10:20:02,27.5,10.889673808393,79.020806600637,NOISE,2024-09-25T10:20:02,27.5,10.889673808393,79.020806600637,NOISE,2024-09-25T10:20:02,27.5,10.889673808393,79.020806600637,NOISE
2026-04-08T10:55:04.601255,Map-Energy__sum__linear-conv00536-20240925_132002-20240925_192002-25.000000-30.000000.png,2024-09-25T13:20:02,2024-09-25T19:20:02,25.0,30.0,2024-09-25T16:20:02,27.5,10.889673808393,79.020806600637,NOISE,2024-09-25T16:20:02,27.5,10.889673808393,79.020806600637,NOISE,2024-09-25T16:20:02,27.5,10.889673808393,79.020806600637,NOISE,2024-09-25T16:20:02,27.5,10.889673808393,79.020806600637,NOISE
2026-04-08T10:55:06.081328,Map-Energy__sum__linear-conv00546-20240925_192002-20240926_012002-25.000000-30.000000.png,2024-09-25T19:20:02,2024-09-26T01:20:02,25.0,30.0,2024-09-25T22:20:02,27.5,10.889673808393,79.020806600637,NOISE,2024-09-25T22:20:02,27.5,10.889673808393,79.020806600637,NOISE,2024-09-25T22:20:02,27.5,10.889673808393,79.020806600637,NOISE,2024-09-25T22:20:02,27.5,10.889673808393,79.020806600637,NOISE
2026-04-08T10:55:07.394808,Map-Energy__sum__linear-conv00556-20240926_012002-20240926_072002-25.000000-30.000000.png,2024-09-26T01:20:02,2024-09-26T07:20:02,25.0,30.0,2024-09-26T04:20:02,27.5,10.889673808393,79.020806600637,NOISE,2024-09-26T04:20:02,27.5,10.889673808393,79.020806600637,NOISE,2024-09-26T04:20:02,27.5,10.889673808393,79.020806600637,NOISE,2024-09-26T04:20:02,27.5,10.889673808393,79.020806600637,NOISE
2026-04-08T10:55:09.073107,Map-Energy__sum__linear-conv00566-20240926_072002-20240926_132002-25.000000-30.000000.png,2024-09-26T07:20:02,2024-09-26T13:20:02,25.0,30.0,2024-09-26T10:20:02,27.5,10.889673808393,79.020806600637,NOISE,2024-09-26T10:20:02,27.5,10.889673808393,79.020806600637,NOISE,2024-09-26T10:20:02,27.5,10.889673808393,79.020806600637,NOISE,2024-09-26T10:20:02,27.5,10.889673808393,79.020806600637,NOISE
2026-04-08T10:55:10.305376,Map-Energy__sum__linear-conv00576-20240926_132002-20240926_192002-25.000000-30.000000.png,2024-09-26T13:20:02,2024-09-26T19:20:02,25.0,30.0,2024-09-26T16:20:02,27.5,10.889673808393,79.020806600637,NOISE,2024-09-26T16:20:02,27.5,10.889673808393,79.020806600637,NOISE,2024-09-26T16:20:02,27.5,10.889673808393,79.020806600637,NOISE,2024-09-26T16:20:02,27.5,10.889673808393,79.020806600637,NOISE
2026-04-08T10:55:11.578769,Map-Energy__sum__linear-conv00586-20240926_132002-20240926_192002-25.000000-30.000000.png,2024-09-26T13:20:02,2024-09-26T19:20:02,25.0,30.0,2024-09-26T16:20:02,27.5,10.889673808393,79.020806600637,NOISE,2024-09-26T16:20:02,27.5,10.889673808393,79.020806600637,NOISE,2024-09-26T16:20:02,27.5,10.889673808393,79.020806600637,NOISE,2024-09-26T16:20:02,27.5,10.889673808393,79.020806600637,NOISE
2026-04-08T10:55:12.753042,Map-Energy__sum__linear-conv00596-20240926_192002-20240927_012002-25.000000-30.000000.png,2024-09-26T19:20:02,2024-09-27T01:20:02,25.0,30.0,2024-09-26T22:20:02,27.5,10.889673808393,79.020806600637,NOISE,2024-09-26T22:20:02,27.5,10.889673808393,79.020806600637,NOISE,2024-09-26T22:20:02,27.5,10.889673808393,79.020806600637,NOISE,2024-09-26T22:20:02,27.5,10.889673808393,79.020806600637,NOISE
2026-04-08T10:55:13.953363,Map-Energy__sum__linear-conv00606-20240927_012002-20240927_072002-25.000000-30.000000.png,2024-09-27T01:20:02,2024-09-27T07:20:02,25.0,30.0,2024-09-27T04:20:02,27.5,10.889673808393,79.020806600637,NOISE,2024-09-27T04:20:02,27.5,10.889673808393,79.020806600637,NOISE,2024-09-27T04:20:02,27.5,10.889673808393,79.020806600637,NOISE,2024-09-27T04:20:02,27.5,10.889673808393,79.020806600637,NOISE
2026-04-08T10:55:15.170877,Map-Energy__sum__linear-conv00616-20240927_072002-20240927_132002-25.000000-30.000000.png,2024-09-27T07:20:02,2024-09-27T13:20:02,25.0,30.0,2024-09-27T10:20:02,27.5,10.889673808393,79.020806600637,NOISE,2024-09-27T10:20:02,27.5,10.889673808393,79.020806600637,NOISE,2024-09-27T10:20:02,27.5,10.889673808393,79.020806600637,NOISE,2024-09-27T10:20:02,27.5,10.889673808393,79.020806600637,NOISE
2026-04-08T10:55:16.146443,Map-Energy__sum__linear-conv00626-20240927_132002-20240927_192002-25.000000-30.000000.png,2024-09-27T13:20:02,2024-09-27T19:20:02,25.0,30.0,2024-09-27T16:20:02,27.5,10.889673808393,79.020806600637,NOISE,2024-09-27T16:20:02,27.5,10.889673808393,79.020806600637,NOISE,2024-09-27T16:20:02,27.5,10.889673808393,79.020806600637,NOISE,2024-09-27T16:20:02,27.5,10.889673808393,79.020806600637,NOISE
2026-04-08T10:55:17.481377,Map-Energy__sum__linear-conv00636-20240927_192002-20240928_012002-25.000000-30.000000.png,2024-09-27T19:20:02,2024-09-28T01:20:02,25.0,30.0,2024-09-27T22:20:02,27.5,10.889673808393,79.020806600637,NOISE,2024-09-27T22:20:02,27.5,10.889673808393,79.020806600637,NOISE,2024-09-27T22:20:02,27.5,10.889673808393,79.020806600637,NOISE,2024-09-27T22:20:02,27.5,10.889673808393,79.020806600637,NOISE
2026-04-08T10:55:18.475382,Map-Energy__sum__linear-conv00646-20240928_012002-20240928_072002-25.000000-30.000000.png,2024-09-28T01:20:02,2024-09-28T07:20:02,25.0,30.0,2024-09-28T04:20:02,27.5,10.889673808393,79.020806600637,NOISE,2024-09-28T04:20:02,27.5,10.889673808393,79.020806600637,NOISE,2024-09-28T04:20:02,27.5,10.889673808393,79.020806600637,NOISE,2024-09-28T04:20:02,27.5,10.889673808393,79.020806600637,NOISE
2026-04-08T10:55:25.753743,Map-Energy__sum__linear-conv00656-20240928_072002-20240928_132002-25.000000-30.000000.png,2024-09-28T07:20:02,2024-09-28T13:20:02,25.0,30.0,2024-09-28T11:24:13,25.564083,10.980591672076,79.0207262165911,VESSEL,2024-09-28T10:20:02,27.5,10.889673808393,79.020806600637,NOISE,2024-09-28T10:20:02,27.5,10.889673808393,79.020806600637,NOISE,2024-09-28T10:20:02,27.5,10.889673808393,79.020806600637,NOISE
2026-04-08T10:55:31.721081,Map-Energy__sum__linear-conv00666-20240928_132002-20240928_192002-25.000000-30.000000.png,2024-09-28T13:20:02,2024-09-28T19:20:02,25.0,30.0,2024-09-28T15:15:12,26.66242,10.9290599962646,79.0213201425032,VESSEL,2024-09-28T16:20:02,27.5,10.889673808393,79.020806600637,NOISE,2024-09-28T16:20:02,27.5,10.889673808393,79.020806600637,NOISE,2024-09-28T16:20:02,27.5,10.889673808393,79.020806600637,NOISE
2026-04-08T10:55:35.017150,Map-Energy__sum__linear-conv00676-20240928_192002-20240929_012002-25.000000-30.000000.png,2024-09-28T19:20:02,2024-09-29T01:20:02,25.0,30.0,2024-09-28T22:20:02,27.5,10.889673808393,79.020806600637,NOISE,2024-09-28T22:20:02,27.5,10.889673808393,79.020806600637,NOISE,2024-09-28T22:20:02,27.5,10.889673808393,79.020806600637,NOISE,2024-09-28T22:20:02,27.5,10.889673808393,79.020806600637,NOISE
2026-04-08T10:55:45.705833,Map-Energy__sum__linear-conv00686-20240929_012002-20240929_072002-25.000000-30.000000.png,2024-09-29T01:20:02,2024-09-29T07:20:02,25.0,30.0,2024-09-29T02:46:55,25.279622,10.993702586253,79.0205009593956,OTHER,2024-09-29T04:20:02,27.5,10.889673808393,79.020806600637,NOISE,2024-09-29T04:20:02,27.5,10.889673808393,79.020806600637,NOISE,2024-09-29T04:20:02,27.5,10.889673808393,79.020806600637,NOISE
2026-04-08T10:55:53.769260,Map-Energy__sum__linear-conv00696-20240929_072002-20240929_132002-25.000000-30.000000.png,2024-09-29T07:20:02,2024-09-29T13:20:02,25.0,30.0,2024-09-29T08:41:30,25.564083,10.980591672076,79.0207262165911,OTHER,2024-09-29T10:20:02,27.5,10.889673808393,79.020806600637,NOISE,2024-09-29T10:20:02,27.5,10.889673808393,79.020806600637,NOISE,2024-09-29T10:20:02,27.5,10.889673808393,79.020806600637,NOISE
2026-04-08T10:55:58.696933,Map-Energy__sum__linear-conv00706-20240929_132002-20240929_192002-25.000000-30.000000.png,2024-09-29T13:20:02,2024-09-29T19:20:02,25.0,30.0,2024-09-29T15:56:50,25.303327,10.992766161739,79.0205172537449,VESSEL,2024-09-29T16:20:02,27.5,10.889673808393,79.020806600637,NOISE,2024-09-29T16:20:02,27.5,10.889673808393,79.020806600637,NOISE,2024-09-29T16:20:02,27.5,10.889673808393,79.020806600637,NOISE
2026-04-08T10:56:03.745623,Map-Energy__sum__linear-conv00716-20240929_192002-20240930_012002-25.000000-30.000000.png,2024-09-29T19:20:02,2024-09-30T01:20:02,25.0,30.0,2024-09-29T22:55:18,25.777429,10.9702884667928,79.0208996015875,VESSEL,2024-09-29T22:20:02,27.5,10.889673808393,79.020806600637,NOISE,2024-09-29T22:20:02,27.5,10.889673808393,79.020806600637,NOISE,2024-09-29T22:20:02,27.5,10.889673808393,79.020806600637,NOISE
2026-04-08T10:56:05.633225,Map-Energy__sum__linear-conv00007-20240912_132002-20240912_192002-30.000000-35.000000.png,2024-09-12T13:20:02,2024-09-12T19:20:02,30.0,35.0,2024-09-12T16:20:02,32.5,10.6593790614908,79.0131989106931,NOISE,2024-09-12T16:20:02,32.5,10.6593790614908,79.0131989106931,NOISE,2024-09-12T16:20:02,32.5,10.6593790614908,79.0131989106931,NOISE,2024-09-12T16:20:02,32.5,10.6593790614908,79.0131989106931,NOISE
2026-04-08T10:56:06.752869,Map-Energy__sum__linear-conv00017-20240912_192002-20240913_012002-30.000000-35.000000.png,2024-09-12T19:20:02,2024-09-13T01:20:02,30.0,35.0,2024-09-12T22:20:02,32.5,10.6593790614908,79.0131989106931,NOISE,2024-09-12T22:20:02,32.5,10.6593790614908,79.0131989106931,NOISE,2024-09-12T22:20:02,32.5,10.6593790614908,79.0131989106931,NOISE,2024-09-12T22:20:02,32.5,10.6593790614908,79.0131989106931,NOISE
2026-04-08T10:56:07.809800,Map-Energy__sum__linear-conv00027-20240913_012002-20240913_072002-30.000000-35.000000.png,2024-09-13T01:20:02,2024-09-13T07:20:02,30.0,35.0,2024-09-13T04:20:02,32.5,10.6593790614908,79.0131989106931,NOISE,2024-09-13T04:20:02,32.5,10.6593790614908,79.0131989106931,NOISE,2024-09-13T04:20:02,32.5,10.6593790614908,79.0131989106931,NOISE,2024-09-13T04:20:02,32.5,10.6593790614908,79.0131989106931,NOISE
2026-04-08T10:56:09.001263,Map-Energy__sum__linear-conv00037-20240913_072002-20240913_132002-30.000000-35.000000.png,2024-09-13T07:20:02,2024-09-13T13:20:02,30.0,35.0,2024-09-13T10:20:02,32.5,10.6593790614908,79.0131989106931,NOISE,2024-09-13T10:20:02,32.5,10.6593790614908,79.0131989106931,NOISE,2024-09-13T10:20:02,32.5,10.6593790614908,79.0131989106931,NOISE,2024-09-13T10:20:02,32.5,10.6593790614908,79.0131989106931,NOISE
2026-04-08T10:56:10.250211,Map-Energy__sum__linear-conv00047-20240913_132002-20240913_192002-30.000000-35.000000.png,2024-09-13T13:20:02,2024-09-13T19:20:02,30.0,35.0,2024-09-13T16:20:02,32.5,10.6593790614908,79.0131989106931,NOISE,2024-09-13T16:20:02,32.5,10.6593790614908,79.0131989106931,NOISE,2024-09-13T16:20:02,32.5,10.6593790614908,79.0131989106931,NOISE,2024-09-13T16:20:02,32.5,10.6593790614908,79.0131989106931,NOISE
2026-04-08T10:56:11.082080,Map-Energy__sum__linear-conv00057-20240913_192002-20240914_012002-30.000000-35.000000.png,2024-09-13T19:20:02,2024-09-14T01:20:02,30.0,35.0,2024-09-13T22:20:02,32.5,10.6593790614908,79.0131989106931,NOISE,2024-09-13T22:20:02,32.5,10.6593790614908,79.0131989106931,NOISE,2024-09-13T22:20:02,32.5,10.6593790614908,79.0131989106931,NOISE,2024-09-13T22:20:02,32.5,10.6593790614908,79.0131989106931,NOISE
2026-04-08T10:56:12.169239,Map-Energy__sum__linear-conv00067-20240914_012002-20240914_072002-30.000000-35.000000.png,2024-09-14T01:20:02,2024-09-14T07:20:02,30.0,35.0,2024-09-14T04:20:02,32.5,10.6593790614908,79.0131989106931,NOISE,2024-09-14T04:20:02,32.5,10.6593790614908,79.0131989106931,NOISE,2024-09-14T04:20:02,32.5,10.6593790614908,79.0131989106931,NOISE,2024-09-14T04:20:02,32.5,10.6593790614908,79.0131989106931,NOISE
2026-04-08T10:56:12.921060,Map-Energy__sum__linear-conv00077-20240914_072002-20240914_132002-30.000000-35.000000.png,2024-09-14T07:20:02,2024-09-14T13:20:02,30.0,35.0,2024-09-14T10:20:02,32.5,10.6593790614908,79.0131989106931,NOISE,2024-09-14T10:20:02,32.5,10.6593790614908,79.0131989106931,NOISE,2024-09-14T10:20:02,32.5,10.6593790614908,79.0131989106931,NOISE,2024-09-14T10:20:02,32.5,10.6593790614908,79.0131989106931,NOISE
2026-04-08T10:56:13.418702,Map-Energy__sum__linear-conv00087-20240914_132002-20240914_192002-30.000000-35.000000.png,2024-09-14T13:20:02,2024-09-14T19:20:02,30.0,35.0,2024-09-14T16:20:02,32.5,10.6593790614908,79.0131989106931,NOISE,2024-09-14T16:20:02,32.5,10.6593790614908,79.0131989106931,NOISE,2024-09-14T16:20:02,32.5,10.6593790614908,79.0131989106931,NOISE,2024-09-14T16:20:02,32.5,10.6593790614908,79.0131989106931,NOISE
2026-04-08T10:56:13.890567,Map-Energy__sum__linear-conv00097-20240914_192002-20240915_012002-30.000000-35.000000.png,2024-09-14T19:20:02,2024-09-15T01:20:02,30.0,35.0,2024-09-14T22:20:02,32.5,10.6593790614908,79.0131989106931,NOISE,2024-09-14T22:20:02,32.5,10.6593790614908,79.0131989106931,NOISE,2024-09-14T22:20:02,32.5,10.6593790614908,79.0131989106931,NOISE,2024-09-14T22:20:02,32.5,10.6593790614908,79.0131989106931,NOISE
2026-04-08T10:56:14.283098,Map-Energy__sum__linear-conv00107-20240915_012002-20240915_072002-30.000000-35.000000.png,2024-09-15T01:20:02,2024-09-15T07:20:02,30.0,35.0,2024-09-15T04:20:02,32.5,10.6593790614908,79.0131989106931,NOISE,2024-09-15T04:20:02,32.5,10.6593790614908,79.0131989106931,NOISE,2024-09-15T04:20:02,32.5,10.6593790614908,79.0131989106931,NOISE,2024-09-15T04:20:02,32.5,10.6593790614908,79.0131989106931,NOISE
2026-04-08T10:56:15.185165,Map-Energy__sum__linear-conv00117-20240915_072002-20240915_132002-30.000000-35.000000.png,2024-09-15T07:20:02,2024-09-15T13:20:02,30.0,35.0,2024-09-15T10:20:02,32.5,10.6593790614908,79.0131989106931,NOISE,2024-09-15T10:20:02,32.5,10.6593790614908,79.0131989106931,NOISE,2024-09-15T10:20:02,32.5,10.6593790614908,79.0131989106931,NOISE,2024-09-15T10:20:02,32.5,10.6593790614908,79.0131989106931,NOISE
2026-04-08T10:56:15.921276,Map-Energy__sum__linear-conv00127-20240915_132002-20240915_192002-30.000000-35.000000.png,2024-09-15T13:20:02,2024-09-15T19:20:02,30.0,35.0,2024-09-15T16:20:02,32.5,10.6593790614908,79.0131989106931,NOISE,2024-09-15T16:20:02,32.5,10.6593790614908,79.0131989106931,NOISE,2024-09-15T16:20:02,32.5,10.6593790614908,79.0131989106931,NOISE,2024-09-15T16:20:02,32.5,10.6593790614908,79.0131989106931,NOISE
2026-04-08T10:56:16.328869,Map-Energy__sum__linear-conv00137-20240915_192002-20240916_012002-30.000000-35.000000.png,2024-09-15T19:20:02,2024-09-16T01:20:02,30.0,35.0,2024-09-15T22:20:02,32.5,10.6593790614908,79.0131989106931,NOISE,2024-09-15T22:20:02,32.5,10.6593790614908,79.0131989106931,NOISE,2024-09-15T22:20:02,32.5,10.6593790614908,79.0131989106931,NOISE,2024-09-15T22:20:02,32.5,10.6593790614908,79.0131989106931,NOISE
2026-04-08T10:56:16.993791,Map-Energy__sum__linear-conv00147-20240916_012002-20240916_072002-30.000000-35.000000.png,2024-09-16T01:20:02,2024-09-16T07:20:02,30.0,35.0,2024-09-16T04:20:02,32.5,10.6593790614908,79.0131989106931,NOISE,2024-09-16T04:20:02,32.5,10.6593790614908,79.0131989106931,NOISE,2024-09-16T04:20:02,32.5,10.6593790614908,79.0131989106931,NOISE,2024-09-16T04:20:02,32.5,10.6593790614908,79.0131989106931,NOISE
2026-04-08T10:56:17.458453,Map-Energy__sum__linear-conv00157-20240916_072002-20240916_132002-30.000000-35.000000.png,2024-09-16T07:20:02,2024-09-16T13:20:02,30.0,35.0,2024-09-16T10:20:02,32.5,10.6593790614908,79.0131989106931,NOISE,2024-09-16T10:20:02,32.5,10.6593790614908,79.0131989106931,NOISE,2024-09-16T10:20:02,32.5,10.6593790614908,79.0131989106931,NOISE,2024-09-16T10:20:02,32.5,10.6593790614908,79.0131989106931,NOISE
2026-04-08T10:56:17.840941,Map-Energy__sum__linear-conv00167-20240916_132002-20240916_192002-30.000000-35.000000.png,2024-09-16T13:20:02,2024-09-16T19:20:02,30.0,35.0,2024-09-16T16:20:02,32.5,10.6593790614908,79.0131989106931,NOISE,2024-09-16T16:20:02,32.5,10.6593790614908,79.0131989106931,NOISE,2024-09-16T16:20:02,32.5,10.6593790614908,79.0131989106931,NOISE,2024-09-16T16:20:02,32.5,10.6593790614908,79.0131989106931,NOISE
2026-04-08T10:56:18.393472,Map-Energy__sum__linear-conv00177-20240916_192002-20240917_012002-30.000000-35.000000.png,2024-09-16T19:20:02,2024-09-17T01:20:02,30.0,35.0,2024-09-16T22:20:02,32.5,10.6593790614908,79.0131989106931,NOISE,2024-09-16T22:20:02,32.5,10.6593790614908,79.0131989106931,NOISE,2024-09-16T22:20:02,32.5,10.6593790614908,79.0131989106931,NOISE,2024-09-16T22:20:02,32.5,10.6593790614908,79.0131989106931,NOISE
2026-04-08T10:56:18.809074,Map-Energy__sum__linear-conv00187-20240917_012002-20240917_072002-30.000000-35.000000.png,2024-09-17T01:20:02,2024-09-17T07:20:02,30.0,35.0,2024-09-17T04:20:02,32.5,10.6593790614908,79.0131989106931,NOISE,2024-09-17T04:20:02,32.5,10.6593790614908,79.0131989106931,NOISE,2024-09-17T04:20:02,32.5,10.6593790614908,79.0131989106931,NOISE,2024-09-17T04:20:02,32.5,10.6593790614908,79.0131989106931,NOISE
2026-04-08T10:56:19.290463,Map-Energy__sum__linear-conv00197-20240917_072002-20240917_132002-30.000000-35.000000.png,2024-09-17T07:20:02,2024-09-17T13:20:02,30.0,35.0,2024-09-17T10:20:02,32.5,10.6593790614908,79.0131989106931,NOISE,2024-09-17T10:20:02,32.5,10.6593790614908,79.0131989106931,NOISE,2024-09-17T10:20:02,32.5,10.6593790614908,79.0131989106931,NOISE,2024-09-17T10:20:02,32.5,10.6593790614908,79.0131989106931,NOISE
2026-04-08T10:56:19.825218,Map-Energy__sum__linear-conv00207-20240917_132002-20240917_192002-30.000000-35.000000.png,2024-09-17T13:20:02,2024-09-17T19:20:02,30.0,35.0,2024-09-17T16:20:02,32.5,10.6593790614908,79.0131989106931,NOISE,2024-09-17T16:20:02,32.5,10.6593790614908,79.0131989106931,NOISE,2024-09-17T16:20:02,32.5,10.6593790614908,79.0131989106931,NOISE,2024-09-17T16:20:02,32.5,10.6593790614908,79.0131989106931,NOISE
2026-04-08T10:56:20.241398,Map-Energy__sum__linear-conv00217-20240917_192002-20240918_012002-30.000000-35.000000.png,2024-09-17T19:20:02,2024-09-18T01:20:02,30.0,35.0,2024-09-17T22:20:02,32.5,10.6593790614908,79.0131989106931,NOISE,2024-09-17T22:20:02,32.5,10.6593790614908,79.0131989106931,NOISE,2024-09-17T22:20:02,32.5,10.6593790614908,79.0131989106931,NOISE,2024-09-17T22:20:02,32.5,10.6593790614908,79.0131989106931,NOISE
2026-04-08T10:56:20.889184,Map-Energy__sum__linear-conv00227-20240918_012002-20240918_072002-30.000000-35.000000.png,2024-09-18T01:20:02,2024-09-18T07:20:02,30.0,35.0,2024-09-18T04:20:02,32.5,10.6593790614908,79.0131989106931,NOISE,2024-09-18T04:20:02,32.5,10.6593790614908,79.0131989106931,NOISE,2024-09-18T04:20:02,32.5,10.6593790614908,79.0131989106931,NOISE,2024-09-18T04:20:02,32.5,10.6593790614908,79.0131989106931,NOISE
2026-04-08T10:56:21.497281,Map-Energy__sum__linear-conv00237-20240918_072002-20240918_132002-30.000000-35.000000.png,2024-09-18T07:20:02,2024-09-18T13:20:02,30.0,35.0,2024-09-18T10:20:02,32.5,10.6593790614908,79.0131989106931,NOISE,2024-09-18T10:20:02,32.5,10.6593790614908,79.0131989106931,NOISE,2024-09-18T10:20:02,32.5,10.6593790614908,79.0131989106931,NOISE,2024-09-18T10:20:02,32.5,10.6593790614908,79.0131989106931,NOISE
2026-04-08T10:56:22.089111,Map-Energy__sum__linear-conv00247-20240918_132002-20240918_192002-30.000000-35.000000.png,2024-09-18T13:20:02,2024-09-18T19:20:02,30.0,35.0,2024-09-18T16:20:02,32.5,10.6593790614908,79.0131989106931,NOISE,2024-09-18T16:20:02,32.5,10.6593790614908,79.0131989106931,NOISE,2024-09-18T16:20:02,32.5,10.6593790614908,79.0131989106931,NOISE,2024-09-18T16:20:02,32.5,10.6593790614908,79.0131989106931,NOISE
2026-04-08T10:56:22.681545,Map-Energy__sum__linear-conv00257-20240918_192002-20240919_012002-30.000000-35.000000.png,2024-09-18T19:20:02,2024-09-19T01:20:02,30.0,35.0,2024-09-18T22:20:02,32.5,10.6593790614908,79.0131989106931,NOISE,2024-09-18T22:20:02,32.5,10.6593790614908,79.0131989106931,NOISE,2024-09-18T22:20:02,32.5,10.6593790614908,79.0131989106931,NOISE,2024-09-18T22:20:02,32.5,10.6593790614908,79.0131989106931,NOISE
2026-04-08T10:56:23.241675,Map-Energy__sum__linear-conv00267-20240919_012002-20240919_072002-30.000000-35.000000.png,2024-09-19T01:20:02,2024-09-19T07:20:02,30.0,35.0,2024-09-19T04:20:02,32.5,10.6593790614908,79.0131989106931,NOISE,2024-09-19T04:20:02,32.5,10.6593790614908,79.0131989106931,NOISE,2024-09-19T04:20:02,32.5,10.6593790614908,79.0131989106931,NOISE,2024-09-19T04:20:02,32.5,10.6593790614908,79.0131989106931,NOISE
2026-04-08T10:56:23.825254,Map-Energy__sum__linear-conv00277-20240919_072002-20240919_132002-30.000000-35.000000.png,2024-09-19T07:20:02,2024-09-19T13:20:02,30.0,35.0,2024-09-19T10:20:02,32.5,10.6593790614908,79.0131989106931,NOISE,2024-09-19T10:20:02,32.5,10.6593790614908,79.0131989106931,NOISE,2024-09-19T10:20:02,32.5,10.6593790614908,79.0131989106931,NOISE,2024-09-19T10:20:02,32.5,10.6593790614908,79.0131989106931,NOISE
2026-04-08T10:56:24.473101,Map-Energy__sum__linear-conv00287-20240919_132002-20240919_192002-30.000000-35.000000.png,2024-09-19T13:20:02,2024-09-19T19:20:02,30.0,35.0,2024-09-19T16:20:02,32.5,10.6593790614908,79.0131989106931,NOISE,2024-09-19T16:20:02,32.5,10.6593790614908,79.0131989106931,NOISE,2024-09-19T16:20:02,32.5,10.6593790614908,79.0131989106931,NOISE,2024-09-19T16:20:02,32.5,10.6593790614908,79.0131989106931,NOISE
2026-04-08T10:56:25.521272,Map-Energy__sum__linear-conv00297-20240919_132002-20240919_192002-30.000000-35.000000.png,2024-09-19T13:20:02,2024-09-19T19:20:02,30.0,35.0,2024-09-19T16:20:02,32.5,10.6593790614908,79.0131989106931,NOISE,2024-09-19T16:20:02,32.5,10.6593790614908,79.0131989106931,NOISE,2024-09-19T16:20:02,32.5,10.6593790614908,79.0131989106931,NOISE,2024-09-19T16:20:02,32.5,10.6593790614908,79.0131989106931,NOISE
2026-04-08T10:56:27.209404,Map-Energy__sum__linear-conv00307-20240919_192002-20240920_012002-30.000000-35.000000.png,2024-09-19T19:20:02,2024-09-20T01:20:02,30.0,35.0,2024-09-19T22:20:02,32.5,10.6593790614908,79.0131989106931,NOISE,2024-09-19T22:20:02,32.5,10.6593790614908,79.0131989106931,NOISE,2024-09-19T22:20:02,32.5,10.6593790614908,79.0131989106931,NOISE,2024-09-19T22:20:02,32.5,10.6593790614908,79.0131989106931,NOISE
2026-04-08T10:56:28.569097,Map-Energy__sum__linear-conv00317-20240920_012002-20240920_072002-30.000000-35.000000.png,2024-09-20T01:20:02,2024-09-20T07:20:02,30.0,35.0,2024-09-20T04:20:02,32.5,10.6593790614908,79.0131989106931,NOISE,2024-09-20T04:20:02,32.5,10.6593790614908,79.0131989106931,NOISE,2024-09-20T04:20:02,32.5,10.6593790614908,79.0131989106931,NOISE,2024-09-20T04:20:02,32.5,10.6593790614908,79.0131989106931,NOISE
2026-04-08T10:56:29.722038,Map-Energy__sum__linear-conv00327-20240920_072002-20240920_132002-30.000000-35.000000.png,2024-09-20T07:20:02,2024-09-20T13:20:02,30.0,35.0,2024-09-20T10:20:02,32.5,10.6593790614908,79.0131989106931,NOISE,2024-09-20T10:20:02,32.5,10.6593790614908,79.0131989106931,NOISE,2024-09-20T10:20:02,32.5,10.6593790614908,79.0131989106931,NOISE,2024-09-20T10:20:02,32.5,10.6593790614908,79.0131989106931,NOISE
2026-04-08T10:56:30.929830,Map-Energy__sum__linear-conv00337-20240920_132002-20240920_192002-30.000000-35.000000.png,2024-09-20T13:20:02,2024-09-20T19:20:02,30.0,35.0,2024-09-20T16:20:02,32.5,10.6593790614908,79.0131989106931,NOISE,2024-09-20T16:20:02,32.5,10.6593790614908,79.0131989106931,NOISE,2024-09-20T16:20:02,32.5,10.6593790614908,79.0131989106931,NOISE,2024-09-20T16:20:02,32.5,10.6593790614908,79.0131989106931,NOISE
2026-04-08T10:56:32.018197,Map-Energy__sum__linear-conv00347-20240920_192002-20240921_012002-30.000000-35.000000.png,2024-09-20T19:20:02,2024-09-21T01:20:02,30.0,35.0,2024-09-20T22:20:02,32.5,10.6593790614908,79.0131989106931,NOISE,2024-09-20T22:20:02,32.5,10.6593790614908,79.0131989106931,NOISE,2024-09-20T22:20:02,32.5,10.6593790614908,79.0131989106931,NOISE,2024-09-20T22:20:02,32.5,10.6593790614908,79.0131989106931,NOISE
2026-04-08T10:56:33.313078,Map-Energy__sum__linear-conv00357-20240921_012002-20240921_072002-30.000000-35.000000.png,2024-09-21T01:20:02,2024-09-21T07:20:02,30.0,35.0,2024-09-21T04:20:02,32.5,10.6593790614908,79.0131989106931,NOISE,2024-09-21T04:20:02,32.5,10.6593790614908,79.0131989106931,NOISE,2024-09-21T04:20:02,32.5,10.6593790614908,79.0131989106931,NOISE,2024-09-21T04:20:02,32.5,10.6593790614908,79.0131989106931,NOISE
2026-04-08T10:56:34.249184,Map-Energy__sum__linear-conv00367-20240921_072002-20240921_132002-30.000000-35.000000.png,2024-09-21T07:20:02,2024-09-21T13:20:02,30.0,35.0,2024-09-21T10:20:02,32.5,10.6593790614908,79.0131989106931,NOISE,2024-09-21T10:20:02,32.5,10.6593790614908,79.0131989106931,NOISE,2024-09-21T10:20:02,32.5,10.6593790614908,79.0131989106931,NOISE,2024-09-21T10:20:02,32.5,10.6593790614908,79.0131989106931,NOISE
2026-04-08T10:56:38.537329,Map-Energy__sum__linear-conv00377-20240921_132002-20240921_192002-30.000000-35.000000.png,2024-09-21T13:20:02,2024-09-21T19:20:02,30.0,35.0,2024-09-21T16:20:02,32.5,10.6593790614908,79.0131989106931,NOISE,2024-09-21T16:20:02,32.5,10.6593790614908,79.0131989106931,NOISE,2024-09-21T16:20:02,32.5,10.6593790614908,79.0131989106931,NOISE,2024-09-21T16:20:02,32.5,10.6593790614908,79.0131989106931,NOISE
2026-04-08T10:56:39.473170,Map-Energy__sum__linear-conv00387-20240921_192002-20240922_012002-30.000000-35.000000.png,2024-09-21T19:20:02,2024-09-22T01:20:02,30.0,35.0,2024-09-21T22:20:02,32.5,10.6593790614908,79.0131989106931,NOISE,2024-09-21T22:20:02,32.5,10.6593790614908,79.0131989106931,NOISE,2024-09-21T22:20:02,32.5,10.6593790614908,79.0131989106931,NOISE,2024-09-21T22:20:02,32.5,10.6593790614908,79.0131989106931,NOISE
2026-04-08T10:56:40.825054,Map-Energy__sum__linear-conv00397-20240922_012002-20240922_072002-30.000000-35.000000.png,2024-09-22T01:20:02,2024-09-22T07:20:02,30.0,35.0,2024-09-22T04:20:02,32.5,10.6593790614908,79.0131989106931,NOISE,2024-09-22T04:20:02,32.5,10.6593790614908,79.0131989106931,NOISE,2024-09-22T04:20:02,32.5,10.6593790614908,79.0131989106931,NOISE,2024-09-22T04:20:02,32.5,10.6593790614908,79.0131989106931,NOISE
2026-04-08T10:56:42.345102,Map-Energy__sum__linear-conv00407-20240922_072002-20240922_132002-30.000000-35.000000.png,2024-09-22T07:20:02,2024-09-22T13:20:02,30.0,35.0,2024-09-22T10:20:02,32.5,10.6593790614908,79.0131989106931,NOISE,2024-09-22T10:20:02,32.5,10.6593790614908,79.0131989106931,NOISE,2024-09-22T10:20:02,32.5,10.6593790614908,79.0131989106931,NOISE,2024-09-22T10:20:02,32.5,10.6593790614908,79.0131989106931,NOISE
2026-04-08T10:56:44.673244,Map-Energy__sum__linear-conv00417-20240922_132002-20240922_192002-30.000000-35.000000.png,2024-09-22T13:20:02,2024-09-22T19:20:02,30.0,35.0,2024-09-22T16:20:02,32.5,10.6593790614908,79.0131989106931,NOISE,2024-09-22T16:20:02,32.5,10.6593790614908,79.0131989106931,NOISE,2024-09-22T16:20:02,32.5,10.6593790614908,79.0131989106931,NOISE,2024-09-22T16:20:02,32.5,10.6593790614908,79.0131989106931,NOISE
2026-04-08T10:56:45.745533,Map-Energy__sum__linear-conv00427-20240922_192002-20240923_012002-30.000000-35.000000.png,2024-09-22T19:20:02,2024-09-23T01:20:02,30.0,35.0,2024-09-22T22:20:02,32.5,10.6593790614908,79.0131989106931,NOISE,2024-09-22T22:20:02,32.5,10.6593790614908,79.0131989106931,NOISE,2024-09-22T22:20:02,32.5,10.6593790614908,79.0131989106931,NOISE,2024-09-22T22:20:02,32.5,10.6593790614908,79.0131989106931,NOISE
2026-04-08T10:56:48.448880,Map-Energy__sum__linear-conv00437-20240923_012002-20240923_072002-30.000000-35.000000.png,2024-09-23T01:20:02,2024-09-23T07:20:02,30.0,35.0,2024-09-23T04:20:02,32.5,10.6593790614908,79.0131989106931,NOISE,2024-09-23T04:20:02,32.5,10.6593790614908,79.0131989106931,NOISE,2024-09-23T04:20:02,32.5,10.6593790614908,79.0131989106931,NOISE,2024-09-23T04:20:02,32.5,10.6593790614908,79.0131989106931,NOISE
2026-04-08T10:56:50.441540,Map-Energy__sum__linear-conv00447-20240923_072002-20240923_132002-30.000000-35.000000.png,2024-09-23T07:20:02,2024-09-23T13:20:02,30.0,35.0,2024-09-23T10:20:02,32.5,10.6593790614908,79.0131989106931,NOISE,2024-09-23T10:20:02,32.5,10.6593790614908,79.0131989106931,NOISE,2024-09-23T10:20:02,32.5,10.6593790614908,79.0131989106931,NOISE,2024-09-23T10:20:02,32.5,10.6593790614908,79.0131989106931,NOISE
2026-04-08T10:56:52.089231,Map-Energy__sum__linear-conv00457-20240923_132002-20240923_192002-30.000000-35.000000.png,2024-09-23T13:20:02,2024-09-23T19:20:02,30.0,35.0,2024-09-23T16:20:02,32.5,10.6593790614908,79.0131989106931,NOISE,2024-09-23T16:20:02,32.5,10.6593790614908,79.0131989106931,NOISE,2024-09-23T16:20:02,32.5,10.6593790614908,79.0131989106931,NOISE,2024-09-23T16:20:02,32.5,10.6593790614908,79.0131989106931,NOISE
2026-04-08T10:56:53.113456,Map-Energy__sum__linear-conv00467-20240923_192002-20240924_012002-30.000000-35.000000.png,2024-09-23T19:20:02,2024-09-24T01:20:02,30.0,35.0,2024-09-23T22:20:02,32.5,10.6593790614908,79.0131989106931,NOISE,2024-09-23T22:20:02,32.5,10.6593790614908,79.0131989106931,NOISE,2024-09-23T22:20:02,32.5,10.6593790614908,79.0131989106931,NOISE,2024-09-23T22:20:02,32.5,10.6593790614908,79.0131989106931,NOISE
2026-04-08T10:56:54.321420,Map-Energy__sum__linear-conv00477-20240924_012002-20240924_072002-30.000000-35.000000.png,2024-09-24T01:20:02,2024-09-24T07:20:02,30.0,35.0,2024-09-24T04:20:02,32.5,10.6593790614908,79.0131989106931,NOISE,2024-09-24T04:20:02,32.5,10.6593790614908,79.0131989106931,NOISE,2024-09-24T04:20:02,32.5,10.6593790614908,79.0131989106931,NOISE,2024-09-24T04:20:02,32.5,10.6593790614908,79.0131989106931,NOISE
2026-04-08T10:56:55.545828,Map-Energy__sum__linear-conv00487-20240924_072002-20240924_132002-30.000000-35.000000.png,2024-09-24T07:20:02,2024-09-24T13:20:02,30.0,35.0,2024-09-24T10:20:02,32.5,10.6593790614908,79.0131989106931,NOISE,2024-09-24T10:20:02,32.5,10.6593790614908,79.0131989106931,NOISE,2024-09-24T10:20:02,32.5,10.6593790614908,79.0131989106931,NOISE,2024-09-24T10:20:02,32.5,10.6593790614908,79.0131989106931,NOISE
2026-04-08T10:57:02.705107,Map-Energy__sum__linear-conv00497-20240924_132002-20240924_192002-30.000000-35.000000.png,2024-09-24T13:20:02,2024-09-24T19:20:02,30.0,35.0,2024-09-24T16:20:02,32.5,10.6593790614908,79.0131989106931,NOISE,2024-09-24T16:20:02,32.5,10.6593790614908,79.0131989106931,NOISE,2024-09-24T16:20:02,32.5,10.6593790614908,79.0131989106931,NOISE,2024-09-24T16:20:02,32.5,10.6593790614908,79.0131989106931,NOISE
2026-04-08T10:57:04.713288,Map-Energy__sum__linear-conv00507-20240924_192002-20240925_012002-30.000000-35.000000.png,2024-09-24T19:20:02,2024-09-25T01:20:02,30.0,35.0,2024-09-24T22:20:02,32.5,10.6593790614908,79.0131989106931,NOISE,2024-09-24T22:20:02,32.5,10.6593790614908,79.0131989106931,NOISE,2024-09-24T22:20:02,32.5,10.6593790614908,79.0131989106931,NOISE,2024-09-24T22:20:02,32.5,10.6593790614908,79.0131989106931,NOISE
2026-04-08T10:57:05.953169,Map-Energy__sum__linear-conv00517-20240925_012002-20240925_072002-30.000000-35.000000.png,2024-09-25T01:20:02,2024-09-25T07:20:02,30.0,35.0,2024-09-25T04:20:02,32.5,10.6593790614908,79.0131989106931,NOISE,2024-09-25T04:20:02,32.5,10.6593790614908,79.0131989106931,NOISE,2024-09-25T04:20:02,32.5,10.6593790614908,79.0131989106931,NOISE,2024-09-25T04:20:02,32.5,10.6593790614908,79.0131989106931,NOISE
2026-04-08T10:57:08.025290,Map-Energy__sum__linear-conv00527-20240925_072002-20240925_132002-30.000000-35.000000.png,2024-09-25T07:20:02,2024-09-25T13:20:02,30.0,35.0,2024-09-25T10:20:02,32.5,10.6593790614908,79.0131989106931,NOISE,2024-09-25T10:20:02,32.5,10.6593790614908,79.0131989106931,NOISE,2024-09-25T10:20:02,32.5,10.6593790614908,79.0131989106931,NOISE,2024-09-25T10:20:02,32.5,10.6593790614908,79.0131989106931,NOISE
2026-04-08T10:57:09.945969,Map-Energy__sum__linear-conv00537-20240925_132002-20240925_192002-30.000000-35.000000.png,2024-09-25T13:20:02,2024-09-25T19:20:02,30.0,35.0,2024-09-25T16:20:02,32.5,10.6593790614908,79.0131989106931,NOISE,2024-09-25T16:20:02,32.5,10.6593790614908,79.0131989106931,NOISE,2024-09-25T16:20:02,32.5,10.6593790614908,79.0131989106931,NOISE,2024-09-25T16:20:02,32.5,10.6593790614908,79.0131989106931,NOISE
2026-04-08T10:57:11.266013,Map-Energy__sum__linear-conv00547-20240925_192002-20240926_012002-30.000000-35.000000.png,2024-09-25T19:20:02,2024-09-26T01:20:02,30.0,35.0,2024-09-25T22:20:02,32.5,10.6593790614908,79.0131989106931,NOISE,2024-09-25T22:20:02,32.5,10.6593790614908,79.0131989106931,NOISE,2024-09-25T22:20:02,32.5,10.6593790614908,79.0131989106931,NOISE,2024-09-25T22:20:02,32.5,10.6593790614908,79.0131989106931,NOISE
2026-04-08T10:57:12.417312,Map-Energy__sum__linear-conv00557-20240926_012002-20240926_072002-30.000000-35.000000.png,2024-09-26T01:20:02,2024-09-26T07:20:02,30.0,35.0,2024-09-26T04:20:02,32.5,10.6593790614908,79.0131989106931,NOISE,2024-09-26T04:20:02,32.5,10.6593790614908,79.0131989106931,NOISE,2024-09-26T04:20:02,32.5,10.6593790614908,79.0131989106931,NOISE,2024-09-26T04:20:02,32.5,10.6593790614908,79.0131989106931,NOISE
2026-04-08T10:57:13.441144,Map-Energy__sum__linear-conv00567-20240926_072002-20240926_132002-30.000000-35.000000.png,2024-09-26T07:20:02,2024-09-26T13:20:02,30.0,35.0,2024-09-26T10:20:02,32.5,10.6593790614908,79.0131989106931,NOISE,2024-09-26T10:20:02,32.5,10.6593790614908,79.0131989106931,NOISE,2024-09-26T10:20:02,32.5,10.6593790614908,79.0131989106931,NOISE,2024-09-26T10:20:02,32.5,10.6593790614908,79.0131989106931,NOISE
2026-04-08T10:57:14.953246,Map-Energy__sum__linear-conv00577-20240926_132002-20240926_192002-30.000000-35.000000.png,2024-09-26T13:20:02,2024-09-26T19:20:02,30.0,35.0,2024-09-26T16:20:02,32.5,10.6593790614908,79.0131989106931,NOISE,2024-09-26T16:20:02,32.5,10.6593790614908,79.0131989106931,NOISE,2024-09-26T16:20:02,32.5,10.6593790614908,79.0131989106931,NOISE,2024-09-26T16:20:02,32.5,10.6593790614908,79.0131989106931,NOISE
2026-04-08T10:57:17.041066,Map-Energy__sum__linear-conv00587-20240926_132002-20240926_192002-30.000000-35.000000.png,2024-09-26T13:20:02,2024-09-26T19:20:02,30.0,35.0,2024-09-26T16:20:02,32.5,10.6593790614908,79.0131989106931,NOISE,2024-09-26T16:20:02,32.5,10.6593790614908,79.0131989106931,NOISE,2024-09-26T16:20:02,32.5,10.6593790614908,79.0131989106931,NOISE,2024-09-26T16:20:02,32.5,10.6593790614908,79.0131989106931,NOISE
2026-04-08T10:57:18.369056,Map-Energy__sum__linear-conv00597-20240926_192002-20240927_012002-30.000000-35.000000.png,2024-09-26T19:20:02,2024-09-27T01:20:02,30.0,35.0,2024-09-26T22:20:02,32.5,10.6593790614908,79.0131989106931,NOISE,2024-09-26T22:20:02,32.5,10.6593790614908,79.0131989106931,NOISE,2024-09-26T22:20:02,32.5,10.6593790614908,79.0131989106931,NOISE,2024-09-26T22:20:02,32.5,10.6593790614908,79.0131989106931,NOISE
2026-04-08T10:57:20.585691,Map-Energy__sum__linear-conv00607-20240927_012002-20240927_072002-30.000000-35.000000.png,2024-09-27T01:20:02,2024-09-27T07:20:02,30.0,35.0,2024-09-27T04:20:02,32.5,10.6593790614908,79.0131989106931,NOISE,2024-09-27T04:20:02,32.5,10.6593790614908,79.0131989106931,NOISE,2024-09-27T04:20:02,32.5,10.6593790614908,79.0131989106931,NOISE,2024-09-27T04:20:02,32.5,10.6593790614908,79.0131989106931,NOISE
2026-04-08T10:57:22.064838,Map-Energy__sum__linear-conv00617-20240927_072002-20240927_132002-30.000000-35.000000.png,2024-09-27T07:20:02,2024-09-27T13:20:02,30.0,35.0,2024-09-27T10:20:02,32.5,10.6593790614908,79.0131989106931,NOISE,2024-09-27T10:20:02,32.5,10.6593790614908,79.0131989106931,NOISE,2024-09-27T10:20:02,32.5,10.6593790614908,79.0131989106931,NOISE,2024-09-27T10:20:02,32.5,10.6593790614908,79.0131989106931,NOISE
2026-04-08T10:57:24.025025,Map-Energy__sum__linear-conv00627-20240927_132002-20240927_192002-30.000000-35.000000.png,2024-09-27T13:20:02,2024-09-27T19:20:02,30.0,35.0,2024-09-27T16:20:02,32.5,10.6593790614908,79.0131989106931,NOISE,2024-09-27T16:20:02,32.5,10.6593790614908,79.0131989106931,NOISE,2024-09-27T16:20:02,32.5,10.6593790614908,79.0131989106931,NOISE,2024-09-27T16:20:02,32.5,10.6593790614908,79.0131989106931,NOISE
2026-04-08T10:57:36.585065,Map-Energy__sum__linear-conv00637-20240927_192002-20240928_012002-30.000000-35.000000.png,2024-09-27T19:20:02,2024-09-28T01:20:02,30.0,35.0,2024-09-27T21:22:49,30.477164,10.7511948131832,79.0177226276264,OTHER,2024-09-27T22:20:02,32.5,10.6593790614908,79.0131989106931,NOISE,2024-09-27T22:20:02,32.5,10.6593790614908,79.0131989106931,NOISE,2024-09-27T22:20:02,32.5,10.6593790614908,79.0131989106931,NOISE
2026-04-08T10:57:38.994108,Map-Energy__sum__linear-conv00647-20240928_012002-20240928_072002-30.000000-35.000000.png,2024-09-28T01:20:02,2024-09-28T07:20:02,30.0,35.0,2024-09-28T04:20:02,32.5,10.6593790614908,79.0131989106931,NOISE,2024-09-28T04:20:02,32.5,10.6593790614908,79.0131989106931,NOISE,2024-09-28T04:20:02,32.5,10.6593790614908,79.0131989106931,NOISE,2024-09-28T04:20:02,32.5,10.6593790614908,79.0131989106931,NOISE
2026-04-08T10:57:41.667847,Map-Energy__sum__linear-conv00657-20240928_072002-20240928_132002-30.000000-35.000000.png,2024-09-28T07:20:02,2024-09-28T13:20:02,30.0,35.0,2024-09-28T10:20:02,32.5,10.6593790614908,79.0131989106931,NOISE,2024-09-28T10:20:02,32.5,10.6593790614908,79.0131989106931,NOISE,2024-09-28T10:20:02,32.5,10.6593790614908,79.0131989106931,NOISE,2024-09-28T10:20:02,32.5,10.6593790614908,79.0131989106931,NOISE
2026-04-08T10:57:43.952968,Map-Energy__sum__linear-conv00667-20240928_132002-20240928_192002-30.000000-35.000000.png,2024-09-28T13:20:02,2024-09-28T19:20:02,30.0,35.0,2024-09-28T16:20:02,32.5,10.6593790614908,79.0131989106931,NOISE,2024-09-28T16:20:02,32.5,10.6593790614908,79.0131989106931,NOISE,2024-09-28T16:20:02,32.5,10.6593790614908,79.0131989106931,NOISE,2024-09-28T16:20:02,32.5,10.6593790614908,79.0131989106931,NOISE
2026-04-08T10:57:45.353890,Map-Energy__sum__linear-conv00677-20240928_192002-20240929_012002-30.000000-35.000000.png,2024-09-28T19:20:02,2024-09-29T01:20:02,30.0,35.0,2024-09-28T22:20:02,32.5,10.6593790614908,79.0131989106931,NOISE,2024-09-28T22:20:02,32.5,10.6593790614908,79.0131989106931,NOISE,2024-09-28T22:20:02,32.5,10.6593790614908,79.0131989106931,NOISE,2024-09-28T22:20:02,32.5,10.6593790614908,79.0131989106931,NOISE
2026-04-08T10:57:47.241693,Map-Energy__sum__linear-conv00687-20240929_012002-20240929_072002-30.000000-35.000000.png,2024-09-29T01:20:02,2024-09-29T07:20:02,30.0,35.0,2024-09-29T04:20:02,32.5,10.6593790614908,79.0131989106931,NOISE,2024-09-29T04:20:02,32.5,10.6593790614908,79.0131989106931,NOISE,2024-09-29T04:20:02,32.5,10.6593790614908,79.0131989106931,NOISE,2024-09-29T04:20:02,32.5,10.6593790614908,79.0131989106931,NOISE
2026-04-08T10:57:48.881279,Map-Energy__sum__linear-conv00697-20240929_072002-20240929_132002-30.000000-35.000000.png,2024-09-29T07:20:02,2024-09-29T13:20:02,30.0,35.0,2024-09-29T10:20:02,32.5,10.6593790614908,79.0131989106931,NOISE,2024-09-29T10:20:02,32.5,10.6593790614908,79.0131989106931,NOISE,2024-09-29T10:20:02,32.5,10.6593790614908,79.0131989106931,NOISE,2024-09-29T10:20:02,32.5,10.6593790614908,79.0131989106931,NOISE
2026-04-08T10:57:50.752899,Map-Energy__sum__linear-conv00707-20240929_132002-20240929_192002-30.000000-35.000000.png,2024-09-29T13:20:02,2024-09-29T19:20:02,30.0,35.0,2024-09-29T16:20:02,32.5,10.6593790614908,79.0131989106931,NOISE,2024-09-29T16:20:02,32.5,10.6593790614908,79.0131989106931,NOISE,2024-09-29T16:20:02,32.5,10.6593790614908,79.0131989106931,NOISE,2024-09-29T16:20:02,32.5,10.6593790614908,79.0131989106931,NOISE
2026-04-08T10:57:52.273006,Map-Energy__sum__linear-conv00717-20240929_192002-20240930_012002-30.000000-35.000000.png,2024-09-29T19:20:02,2024-09-30T01:20:02,30.0,35.0,2024-09-29T22:20:02,32.5,10.6593790614908,79.0131989106931,NOISE,2024-09-29T22:20:02,32.5,10.6593790614908,79.0131989106931,NOISE,2024-09-29T22:20:02,32.5,10.6593790614908,79.0131989106931,NOISE,2024-09-29T22:20:02,32.5,10.6593790614908,79.0131989106931,NOISE
2026-04-08T10:57:53.569114,Map-Energy__sum__linear-conv00008-20240912_132002-20240912_192002-35.000000-40.000000.png,2024-09-12T13:20:02,2024-09-12T19:20:02,35.0,40.0,2024-09-12T16:20:02,37.5,10.437915725008,78.9984509925074,NOISE,2024-09-12T16:20:02,37.5,10.437915725008,78.9984509925074,NOISE,2024-09-12T16:20:02,37.5,10.437915725008,78.9984509925074,NOISE,2024-09-12T16:20:02,37.5,10.437915725008,78.9984509925074,NOISE
2026-04-08T10:57:54.569037,Map-Energy__sum__linear-conv00018-20240912_192002-20240913_012002-35.000000-40.000000.png,2024-09-12T19:20:02,2024-09-13T01:20:02,35.0,40.0,2024-09-12T22:20:02,37.5,10.437915725008,78.9984509925074,NOISE,2024-09-12T22:20:02,37.5,10.437915725008,78.9984509925074,NOISE,2024-09-12T22:20:02,37.5,10.437915725008,78.9984509925074,NOISE,2024-09-12T22:20:02,37.5,10.437915725008,78.9984509925074,NOISE
2026-04-08T10:57:55.609730,Map-Energy__sum__linear-conv00028-20240913_012002-20240913_072002-35.000000-40.000000.png,2024-09-13T01:20:02,2024-09-13T07:20:02,35.0,40.0,2024-09-13T04:20:02,37.5,10.437915725008,78.9984509925074,NOISE,2024-09-13T04:20:02,37.5,10.437915725008,78.9984509925074,NOISE,2024-09-13T04:20:02,37.5,10.437915725008,78.9984509925074,NOISE,2024-09-13T04:20:02,37.5,10.437915725008,78.9984509925074,NOISE
2026-04-08T10:57:56.521087,Map-Energy__sum__linear-conv00038-20240913_072002-20240913_132002-35.000000-40.000000.png,2024-09-13T07:20:02,2024-09-13T13:20:02,35.0,40.0,2024-09-13T10:20:02,37.5,10.437915725008,78.9984509925074,NOISE,2024-09-13T10:20:02,37.5,10.437915725008,78.9984509925074,NOISE,2024-09-13T10:20:02,37.5,10.437915725008,78.9984509925074,NOISE,2024-09-13T10:20:02,37.5,10.437915725008,78.9984509925074,NOISE
2026-04-08T10:57:57.369003,Map-Energy__sum__linear-conv00048-20240913_132002-20240913_192002-35.000000-40.000000.png,2024-09-13T13:20:02,2024-09-13T19:20:02,35.0,40.0,2024-09-13T16:20:02,37.5,10.437915725008,78.9984509925074,NOISE,2024-09-13T16:20:02,37.5,10.437915725008,78.9984509925074,NOISE,2024-09-13T16:20:02,37.5,10.437915725008,78.9984509925074,NOISE,2024-09-13T16:20:02,37.5,10.437915725008,78.9984509925074,NOISE
2026-04-08T10:57:58.201513,Map-Energy__sum__linear-conv00058-20240913_192002-20240914_012002-35.000000-40.000000.png,2024-09-13T19:20:02,2024-09-14T01:20:02,35.0,40.0,2024-09-13T22:20:02,37.5,10.437915725008,78.9984509925074,NOISE,2024-09-13T22:20:02,37.5,10.437915725008,78.9984509925074,NOISE,2024-09-13T22:20:02,37.5,10.437915725008,78.9984509925074,NOISE,2024-09-13T22:20:02,37.5,10.437915725008,78.9984509925074,NOISE
2026-04-08T10:57:59.297277,Map-Energy__sum__linear-conv00068-20240914_012002-20240914_072002-35.000000-40.000000.png,2024-09-14T01:20:02,2024-09-14T07:20:02,35.0,40.0,2024-09-14T04:20:02,37.5,10.437915725008,78.9984509925074,NOISE,2024-09-14T04:20:02,37.5,10.437915725008,78.9984509925074,NOISE,2024-09-14T04:20:02,37.5,10.437915725008,78.9984509925074,NOISE,2024-09-14T04:20:02,37.5,10.437915725008,78.9984509925074,NOISE
2026-04-08T10:58:00.185280,Map-Energy__sum__linear-conv00078-20240914_072002-20240914_132002-35.000000-40.000000.png,2024-09-14T07:20:02,2024-09-14T13:20:02,35.0,40.0,2024-09-14T10:20:02,37.5,10.437915725008,78.9984509925074,NOISE,2024-09-14T10:20:02,37.5,10.437915725008,78.9984509925074,NOISE,2024-09-14T10:20:02,37.5,10.437915725008,78.9984509925074,NOISE,2024-09-14T10:20:02,37.5,10.437915725008,78.9984509925074,NOISE
2026-04-08T10:58:00.946720,Map-Energy__sum__linear-conv00088-20240914_132002-20240914_192002-35.000000-40.000000.png,2024-09-14T13:20:02,2024-09-14T19:20:02,35.0,40.0,2024-09-14T16:20:02,37.5,10.437915725008,78.9984509925074,NOISE,2024-09-14T16:20:02,37.5,10.437915725008,78.9984509925074,NOISE,2024-09-14T16:20:02,37.5,10.437915725008,78.9984509925074,NOISE,2024-09-14T16:20:02,37.5,10.437915725008,78.9984509925074,NOISE
2026-04-08T10:58:01.537196,Map-Energy__sum__linear-conv00098-20240914_192002-20240915_012002-35.000000-40.000000.png,2024-09-14T19:20:02,2024-09-15T01:20:02,35.0,40.0,2024-09-14T22:20:02,37.5,10.437915725008,78.9984509925074,NOISE,2024-09-14T22:20:02,37.5,10.437915725008,78.9984509925074,NOISE,2024-09-14T22:20:02,37.5,10.437915725008,78.9984509925074,NOISE,2024-09-14T22:20:02,37.5,10.437915725008,78.9984509925074,NOISE
2026-04-08T10:58:02.105164,Map-Energy__sum__linear-conv00108-20240915_012002-20240915_072002-35.000000-40.000000.png,2024-09-15T01:20:02,2024-09-15T07:20:02,35.0,40.0,2024-09-15T04:20:02,37.5,10.437915725008,78.9984509925074,NOISE,2024-09-15T04:20:02,37.5,10.437915725008,78.9984509925074,NOISE,2024-09-15T04:20:02,37.5,10.437915725008,78.9984509925074,NOISE,2024-09-15T04:20:02,37.5,10.437915725008,78.9984509925074,NOISE
2026-04-08T10:58:02.563211,Map-Energy__sum__linear-conv00118-20240915_072002-20240915_132002-35.000000-40.000000.png,2024-09-15T07:20:02,2024-09-15T13:20:02,35.0,40.0,2024-09-15T10:20:02,37.5,10.437915725008,78.9984509925074,NOISE,2024-09-15T10:20:02,37.5,10.437915725008,78.9984509925074,NOISE,2024-09-15T10:20:02,37.5,10.437915725008,78.9984509925074,NOISE,2024-09-15T10:20:02,37.5,10.437915725008,78.9984509925074,NOISE
2026-04-08T10:58:03.241117,Map-Energy__sum__linear-conv00128-20240915_132002-20240915_192002-35.000000-40.000000.png,2024-09-15T13:20:02,2024-09-15T19:20:02,35.0,40.0,2024-09-15T16:20:02,37.5,10.437915725008,78.9984509925074,NOISE,2024-09-15T16:20:02,37.5,10.437915725008,78.9984509925074,NOISE,2024-09-15T16:20:02,37.5,10.437915725008,78.9984509925074,NOISE,2024-09-15T16:20:02,37.5,10.437915725008,78.9984509925074,NOISE
2026-04-08T10:58:03.696982,Map-Energy__sum__linear-conv00138-20240915_192002-20240916_012002-35.000000-40.000000.png,2024-09-15T19:20:02,2024-09-16T01:20:02,35.0,40.0,2024-09-15T22:20:02,37.5,10.437915725008,78.9984509925074,NOISE,2024-09-15T22:20:02,37.5,10.437915725008,78.9984509925074,NOISE,2024-09-15T22:20:02,37.5,10.437915725008,78.9984509925074,NOISE,2024-09-15T22:20:02,37.5,10.437915725008,78.9984509925074,NOISE
2026-04-08T10:58:04.530230,Map-Energy__sum__linear-conv00148-20240916_012002-20240916_072002-35.000000-40.000000.png,2024-09-16T01:20:02,2024-09-16T07:20:02,35.0,40.0,2024-09-16T04:20:02,37.5,10.437915725008,78.9984509925074,NOISE,2024-09-16T04:20:02,37.5,10.437915725008,78.9984509925074,NOISE,2024-09-16T04:20:02,37.5,10.437915725008,78.9984509925074,NOISE,2024-09-16T04:20:02,37.5,10.437915725008,78.9984509925074,NOISE
2026-04-08T10:58:05.114221,Map-Energy__sum__linear-conv00158-20240916_072002-20240916_132002-35.000000-40.000000.png,2024-09-16T07:20:02,2024-09-16T13:20:02,35.0,40.0,2024-09-16T10:20:02,37.5,10.437915725008,78.9984509925074,NOISE,2024-09-16T10:20:02,37.5,10.437915725008,78.9984509925074,NOISE,2024-09-16T10:20:02,37.5,10.437915725008,78.9984509925074,NOISE,2024-09-16T10:20:02,37.5,10.437915725008,78.9984509925074,NOISE
2026-04-08T10:58:05.737525,Map-Energy__sum__linear-conv00168-20240916_132002-20240916_192002-35.000000-40.000000.png,2024-09-16T13:20:02,2024-09-16T19:20:02,35.0,40.0,2024-09-16T16:20:02,37.5,10.437915725008,78.9984509925074,NOISE,2024-09-16T16:20:02,37.5,10.437915725008,78.9984509925074,NOISE,2024-09-16T16:20:02,37.5,10.437915725008,78.9984509925074,NOISE,2024-09-16T16:20:02,37.5,10.437915725008,78.9984509925074,NOISE
2026-04-08T10:58:06.321386,Map-Energy__sum__linear-conv00178-20240916_192002-20240917_012002-35.000000-40.000000.png,2024-09-16T19:20:02,2024-09-17T01:20:02,35.0,40.0,2024-09-16T22:20:02,37.5,10.437915725008,78.9984509925074,NOISE,2024-09-16T22:20:02,37.5,10.437915725008,78.9984509925074,NOISE,2024-09-16T22:20:02,37.5,10.437915725008,78.9984509925074,NOISE,2024-09-16T22:20:02,37.5,10.437915725008,78.9984509925074,NOISE
2026-04-08T10:58:06.824999,Map-Energy__sum__linear-conv00188-20240917_012002-20240917_072002-35.000000-40.000000.png,2024-09-17T01:20:02,2024-09-17T07:20:02,35.0,40.0,2024-09-17T04:20:02,37.5,10.437915725008,78.9984509925074,NOISE,2024-09-17T04:20:02,37.5,10.437915725008,78.9984509925074,NOISE,2024-09-17T04:20:02,37.5,10.437915725008,78.9984509925074,NOISE,2024-09-17T04:20:02,37.5,10.437915725008,78.9984509925074,NOISE
2026-04-08T10:58:07.530499,Map-Energy__sum__linear-conv00198-20240917_072002-20240917_132002-35.000000-40.000000.png,2024-09-17T07:20:02,2024-09-17T13:20:02,35.0,40.0,2024-09-17T10:20:02,37.5,10.437915725008,78.9984509925074,NOISE,2024-09-17T10:20:02,37.5,10.437915725008,78.9984509925074,NOISE,2024-09-17T10:20:02,37.5,10.437915725008,78.9984509925074,NOISE,2024-09-17T10:20:02,37.5,10.437915725008,78.9984509925074,NOISE
2026-04-08T10:58:08.185144,Map-Energy__sum__linear-conv00208-20240917_132002-20240917_192002-35.000000-40.000000.png,2024-09-17T13:20:02,2024-09-17T19:20:02,35.0,40.0,2024-09-17T16:20:02,37.5,10.437915725008,78.9984509925074,NOISE,2024-09-17T16:20:02,37.5,10.437915725008,78.9984509925074,NOISE,2024-09-17T16:20:02,37.5,10.437915725008,78.9984509925074,NOISE,2024-09-17T16:20:02,37.5,10.437915725008,78.9984509925074,NOISE
2026-04-08T10:58:08.881654,Map-Energy__sum__linear-conv00218-20240917_192002-20240918_012002-35.000000-40.000000.png,2024-09-17T19:20:02,2024-09-18T01:20:02,35.0,40.0,2024-09-17T22:20:02,37.5,10.437915725008,78.9984509925074,NOISE,2024-09-17T22:20:02,37.5,10.437915725008,78.9984509925074,NOISE,2024-09-17T22:20:02,37.5,10.437915725008,78.9984509925074,NOISE,2024-09-17T22:20:02,37.5,10.437915725008,78.9984509925074,NOISE
2026-04-08T10:58:09.457262,Map-Energy__sum__linear-conv00228-20240918_012002-20240918_072002-35.000000-40.000000.png,2024-09-18T01:20:02,2024-09-18T07:20:02,35.0,40.0,2024-09-18T04:20:02,37.5,10.437915725008,78.9984509925074,NOISE,2024-09-18T04:20:02,37.5,10.437915725008,78.9984509925074,NOISE,2024-09-18T04:20:02,37.5,10.437915725008,78.9984509925074,NOISE,2024-09-18T04:20:02,37.5,10.437915725008,78.9984509925074,NOISE
2026-04-08T10:58:10.545813,Map-Energy__sum__linear-conv00238-20240918_072002-20240918_132002-35.000000-40.000000.png,2024-09-18T07:20:02,2024-09-18T13:20:02,35.0,40.0,2024-09-18T10:20:02,37.5,10.437915725008,78.9984509925074,NOISE,2024-09-18T10:20:02,37.5,10.437915725008,78.9984509925074,NOISE,2024-09-18T10:20:02,37.5,10.437915725008,78.9984509925074,NOISE,2024-09-18T10:20:02,37.5,10.437915725008,78.9984509925074,NOISE
2026-04-08T10:58:11.041086,Map-Energy__sum__linear-conv00248-20240918_132002-20240918_192002-35.000000-40.000000.png,2024-09-18T13:20:02,2024-09-18T19:20:02,35.0,40.0,2024-09-18T16:20:02,37.5,10.437915725008,78.9984509925074,NOISE,2024-09-18T16:20:02,37.5,10.437915725008,78.9984509925074,NOISE,2024-09-18T16:20:02,37.5,10.437915725008,78.9984509925074,NOISE,2024-09-18T16:20:02,37.5,10.437915725008,78.9984509925074,NOISE
2026-04-08T10:58:11.657565,Map-Energy__sum__linear-conv00258-20240918_192002-20240919_012002-35.000000-40.000000.png,2024-09-18T19:20:02,2024-09-19T01:20:02,35.0,40.0,2024-09-18T22:20:02,37.5,10.437915725008,78.9984509925074,NOISE,2024-09-18T22:20:02,37.5,10.437915725008,78.9984509925074,NOISE,2024-09-18T22:20:02,37.5,10.437915725008,78.9984509925074,NOISE,2024-09-18T22:20:02,37.5,10.437915725008,78.9984509925074,NOISE
2026-04-08T10:58:12.216989,Map-Energy__sum__linear-conv00268-20240919_012002-20240919_072002-35.000000-40.000000.png,2024-09-19T01:20:02,2024-09-19T07:20:02,35.0,40.0,2024-09-19T04:20:02,37.5,10.437915725008,78.9984509925074,NOISE,2024-09-19T04:20:02,37.5,10.437915725008,78.9984509925074,NOISE,2024-09-19T04:20:02,37.5,10.437915725008,78.9984509925074,NOISE,2024-09-19T04:20:02,37.5,10.437915725008,78.9984509925074,NOISE
2026-04-08T10:58:12.808929,Map-Energy__sum__linear-conv00278-20240919_072002-20240919_132002-35.000000-40.000000.png,2024-09-19T07:20:02,2024-09-19T13:20:02,35.0,40.0,2024-09-19T10:20:02,37.5,10.437915725008,78.9984509925074,NOISE,2024-09-19T10:20:02,37.5,10.437915725008,78.9984509925074,NOISE,2024-09-19T10:20:02,37.5,10.437915725008,78.9984509925074,NOISE,2024-09-19T10:20:02,37.5,10.437915725008,78.9984509925074,NOISE
2026-04-08T10:58:13.465255,Map-Energy__sum__linear-conv00288-20240919_132002-20240919_192002-35.000000-40.000000.png,2024-09-19T13:20:02,2024-09-19T19:20:02,35.0,40.0,2024-09-19T16:20:02,37.5,10.437915725008,78.9984509925074,NOISE,2024-09-19T16:20:02,37.5,10.437915725008,78.9984509925074,NOISE,2024-09-19T16:20:02,37.5,10.437915725008,78.9984509925074,NOISE,2024-09-19T16:20:02,37.5,10.437915725008,78.9984509925074,NOISE
2026-04-08T10:58:16.697128,Map-Energy__sum__linear-conv00298-20240919_132002-20240919_192002-35.000000-40.000000.png,2024-09-19T13:20:02,2024-09-19T19:20:02,35.0,40.0,2024-09-19T16:20:02,37.5,10.437915725008,78.9984509925074,NOISE,2024-09-19T16:20:02,37.5,10.437915725008,78.9984509925074,NOISE,2024-09-19T16:20:02,37.5,10.437915725008,78.9984509925074,NOISE,2024-09-19T16:20:02,37.5,10.437915725008,78.9984509925074,NOISE
2026-04-08T10:58:21.129762,Map-Energy__sum__linear-conv00308-20240919_192002-20240920_012002-35.000000-40.000000.png,2024-09-19T19:20:02,2024-09-20T01:20:02,35.0,40.0,2024-09-19T22:20:02,37.5,10.437915725008,78.9984509925074,NOISE,2024-09-19T22:20:02,37.5,10.437915725008,78.9984509925074,NOISE,2024-09-19T22:20:02,37.5,10.437915725008,78.9984509925074,NOISE,2024-09-19T22:20:02,37.5,10.437915725008,78.9984509925074,NOISE
2026-04-08T10:58:22.400954,Map-Energy__sum__linear-conv00318-20240920_012002-20240920_072002-35.000000-40.000000.png,2024-09-20T01:20:02,2024-09-20T07:20:02,35.0,40.0,2024-09-20T04:20:02,37.5,10.437915725008,78.9984509925074,NOISE,2024-09-20T04:20:02,37.5,10.437915725008,78.9984509925074,NOISE,2024-09-20T04:20:02,37.5,10.437915725008,78.9984509925074,NOISE,2024-09-20T04:20:02,37.5,10.437915725008,78.9984509925074,NOISE
2026-04-08T10:58:24.057149,Map-Energy__sum__linear-conv00328-20240920_072002-20240920_132002-35.000000-40.000000.png,2024-09-20T07:20:02,2024-09-20T13:20:02,35.0,40.0,2024-09-20T10:20:02,37.5,10.437915725008,78.9984509925074,NOISE,2024-09-20T10:20:02,37.5,10.437915725008,78.9984509925074,NOISE,2024-09-20T10:20:02,37.5,10.437915725008,78.9984509925074,NOISE,2024-09-20T10:20:02,37.5,10.437915725008,78.9984509925074,NOISE
2026-04-08T10:58:30.257273,Map-Energy__sum__linear-conv00338-20240920_132002-20240920_192002-35.000000-40.000000.png,2024-09-20T13:20:02,2024-09-20T19:20:02,35.0,40.0,2024-09-20T16:20:02,37.5,10.437915725008,78.9984509925074,NOISE,2024-09-20T16:20:02,37.5,10.437915725008,78.9984509925074,NOISE,2024-09-20T16:20:02,37.5,10.437915725008,78.9984509925074,NOISE,2024-09-20T16:20:02,37.5,10.437915725008,78.9984509925074,NOISE
2026-04-08T10:58:33.857882,Map-Energy__sum__linear-conv00348-20240920_192002-20240921_012002-35.000000-40.000000.png,2024-09-20T19:20:02,2024-09-21T01:20:02,35.0,40.0,2024-09-20T22:20:02,37.5,10.437915725008,78.9984509925074,NOISE,2024-09-20T22:20:02,37.5,10.437915725008,78.9984509925074,NOISE,2024-09-20T22:20:02,37.5,10.437915725008,78.9984509925074,NOISE,2024-09-20T22:20:02,37.5,10.437915725008,78.9984509925074,NOISE
2026-04-08T10:58:35.625236,Map-Energy__sum__linear-conv00358-20240921_012002-20240921_072002-35.000000-40.000000.png,2024-09-21T01:20:02,2024-09-21T07:20:02,35.0,40.0,2024-09-21T04:20:02,37.5,10.437915725008,78.9984509925074,NOISE,2024-09-21T04:20:02,37.5,10.437915725008,78.9984509925074,NOISE,2024-09-21T04:20:02,37.5,10.437915725008,78.9984509925074,NOISE,2024-09-21T04:20:02,37.5,10.437915725008,78.9984509925074,NOISE
2026-04-08T10:58:37.146205,Map-Energy__sum__linear-conv00368-20240921_072002-20240921_132002-35.000000-40.000000.png,2024-09-21T07:20:02,2024-09-21T13:20:02,35.0,40.0,2024-09-21T10:20:02,37.5,10.437915725008,78.9984509925074,NOISE,2024-09-21T10:20:02,37.5,10.437915725008,78.9984509925074,NOISE,2024-09-21T10:20:02,37.5,10.437915725008,78.9984509925074,NOISE,2024-09-21T10:20:02,37.5,10.437915725008,78.9984509925074,NOISE
2026-04-08T10:58:38.385280,Map-Energy__sum__linear-conv00378-20240921_132002-20240921_192002-35.000000-40.000000.png,2024-09-21T13:20:02,2024-09-21T19:20:02,35.0,40.0,2024-09-21T16:20:02,37.5,10.437915725008,78.9984509925074,NOISE,2024-09-21T16:20:02,37.5,10.437915725008,78.9984509925074,NOISE,2024-09-21T16:20:02,37.5,10.437915725008,78.9984509925074,NOISE,2024-09-21T16:20:02,37.5,10.437915725008,78.9984509925074,NOISE
2026-04-08T10:58:39.481349,Map-Energy__sum__linear-conv00388-20240921_192002-20240922_012002-35.000000-40.000000.png,2024-09-21T19:20:02,2024-09-22T01:20:02,35.0,40.0,2024-09-21T22:20:02,37.5,10.437915725008,78.9984509925074,NOISE,2024-09-21T22:20:02,37.5,10.437915725008,78.9984509925074,NOISE,2024-09-21T22:20:02,37.5,10.437915725008,78.9984509925074,NOISE,2024-09-21T22:20:02,37.5,10.437915725008,78.9984509925074,NOISE
2026-04-08T10:58:40.680966,Map-Energy__sum__linear-conv00398-20240922_012002-20240922_072002-35.000000-40.000000.png,2024-09-22T01:20:02,2024-09-22T07:20:02,35.0,40.0,2024-09-22T04:20:02,37.5,10.437915725008,78.9984509925074,NOISE,2024-09-22T04:20:02,37.5,10.437915725008,78.9984509925074,NOISE,2024-09-22T04:20:02,37.5,10.437915725008,78.9984509925074,NOISE,2024-09-22T04:20:02,37.5,10.437915725008,78.9984509925074,NOISE
2026-04-08T10:58:42.121015,Map-Energy__sum__linear-conv00408-20240922_072002-20240922_132002-35.000000-40.000000.png,2024-09-22T07:20:02,2024-09-22T13:20:02,35.0,40.0,2024-09-22T10:20:02,37.5,10.437915725008,78.9984509925074,NOISE,2024-09-22T10:20:02,37.5,10.437915725008,78.9984509925074,NOISE,2024-09-22T10:20:02,37.5,10.437915725008,78.9984509925074,NOISE,2024-09-22T10:20:02,37.5,10.437915725008,78.9984509925074,NOISE
2026-04-08T10:58:43.881247,Map-Energy__sum__linear-conv00418-20240922_132002-20240922_192002-35.000000-40.000000.png,2024-09-22T13:20:02,2024-09-22T19:20:02,35.0,40.0,2024-09-22T16:20:02,37.5,10.437915725008,78.9984509925074,NOISE,2024-09-22T16:20:02,37.5,10.437915725008,78.9984509925074,NOISE,2024-09-22T16:20:02,37.5,10.437915725008,78.9984509925074,NOISE,2024-09-22T16:20:02,37.5,10.437915725008,78.9984509925074,NOISE
2026-04-08T10:58:45.545919,Map-Energy__sum__linear-conv00428-20240922_192002-20240923_012002-35.000000-40.000000.png,2024-09-22T19:20:02,2024-09-23T01:20:02,35.0,40.0,2024-09-22T22:20:02,37.5,10.437915725008,78.9984509925074,NOISE,2024-09-22T22:20:02,37.5,10.437915725008,78.9984509925074,NOISE,2024-09-22T22:20:02,37.5,10.437915725008,78.9984509925074,NOISE,2024-09-22T22:20:02,37.5,10.437915725008,78.9984509925074,NOISE
2026-04-08T10:58:47.329582,Map-Energy__sum__linear-conv00438-20240923_012002-20240923_072002-35.000000-40.000000.png,2024-09-23T01:20:02,2024-09-23T07:20:02,35.0,40.0,2024-09-23T04:20:02,37.5,10.437915725008,78.9984509925074,NOISE,2024-09-23T04:20:02,37.5,10.437915725008,78.9984509925074,NOISE,2024-09-23T04:20:02,37.5,10.437915725008,78.9984509925074,NOISE,2024-09-23T04:20:02,37.5,10.437915725008,78.9984509925074,NOISE
2026-04-08T10:58:48.346728,Map-Energy__sum__linear-conv00448-20240923_072002-20240923_132002-35.000000-40.000000.png,2024-09-23T07:20:02,2024-09-23T13:20:02,35.0,40.0,2024-09-23T10:20:02,37.5,10.437915725008,78.9984509925074,NOISE,2024-09-23T10:20:02,37.5,10.437915725008,78.9984509925074,NOISE,2024-09-23T10:20:02,37.5,10.437915725008,78.9984509925074,NOISE,2024-09-23T10:20:02,37.5,10.437915725008,78.9984509925074,NOISE
2026-04-08T10:58:49.249045,Map-Energy__sum__linear-conv00458-20240923_132002-20240923_192002-35.000000-40.000000.png,2024-09-23T13:20:02,2024-09-23T19:20:02,35.0,40.0,2024-09-23T16:20:02,37.5,10.437915725008,78.9984509925074,NOISE,2024-09-23T16:20:02,37.5,10.437915725008,78.9984509925074,NOISE,2024-09-23T16:20:02,37.5,10.437915725008,78.9984509925074,NOISE,2024-09-23T16:20:02,37.5,10.437915725008,78.9984509925074,NOISE
2026-04-08T10:58:50.217313,Map-Energy__sum__linear-conv00468-20240923_192002-20240924_012002-35.000000-40.000000.png,2024-09-23T19:20:02,2024-09-24T01:20:02,35.0,40.0,2024-09-23T22:20:02,37.5,10.437915725008,78.9984509925074,NOISE,2024-09-23T22:20:02,37.5,10.437915725008,78.9984509925074,NOISE,2024-09-23T22:20:02,37.5,10.437915725008,78.9984509925074,NOISE,2024-09-23T22:20:02,37.5,10.437915725008,78.9984509925074,NOISE
2026-04-08T10:58:51.402461,Map-Energy__sum__linear-conv00478-20240924_012002-20240924_072002-35.000000-40.000000.png,2024-09-24T01:20:02,2024-09-24T07:20:02,35.0,40.0,2024-09-24T04:20:02,37.5,10.437915725008,78.9984509925074,NOISE,2024-09-24T04:20:02,37.5,10.437915725008,78.9984509925074,NOISE,2024-09-24T04:20:02,37.5,10.437915725008,78.9984509925074,NOISE,2024-09-24T04:20:02,37.5,10.437915725008,78.9984509925074,NOISE
2026-04-08T10:58:51.845178,Map-Energy__sum__linear-conv00488-20240924_072002-20240924_132002-35.000000-40.000000.png,2024-09-24T07:20:02,2024-09-24T13:20:02,35.0,40.0,2024-09-24T10:20:02,37.5,10.437915725008,78.9984509925074,NOISE,2024-09-24T10:20:02,37.5,10.437915725008,78.9984509925074,NOISE,2024-09-24T10:20:02,37.5,10.437915725008,78.9984509925074,NOISE,2024-09-24T10:20:02,37.5,10.437915725008,78.9984509925074,NOISE
2026-04-08T10:58:53.769964,Map-Energy__sum__linear-conv00498-20240924_132002-20240924_192002-35.000000-40.000000.png,2024-09-24T13:20:02,2024-09-24T19:20:02,35.0,40.0,2024-09-24T16:20:02,37.5,10.437915725008,78.9984509925074,NOISE,2024-09-24T16:20:02,37.5,10.437915725008,78.9984509925074,NOISE,2024-09-24T16:20:02,37.5,10.437915725008,78.9984509925074,NOISE,2024-09-24T16:20:02,37.5,10.437915725008,78.9984509925074,NOISE
2026-04-08T10:58:55.145923,Map-Energy__sum__linear-conv00508-20240924_192002-20240925_012002-35.000000-40.000000.png,2024-09-24T19:20:02,2024-09-25T01:20:02,35.0,40.0,2024-09-24T22:20:02,37.5,10.437915725008,78.9984509925074,NOISE,2024-09-24T22:20:02,37.5,10.437915725008,78.9984509925074,NOISE,2024-09-24T22:20:02,37.5,10.437915725008,78.9984509925074,NOISE,2024-09-24T22:20:02,37.5,10.437915725008,78.9984509925074,NOISE
2026-04-08T10:58:56.291802,Map-Energy__sum__linear-conv00518-20240925_012002-20240925_072002-35.000000-40.000000.png,2024-09-25T01:20:02,2024-09-25T07:20:02,35.0,40.0,2024-09-25T04:20:02,37.5,10.437915725008,78.9984509925074,NOISE,2024-09-25T04:20:02,37.5,10.437915725008,78.9984509925074,NOISE,2024-09-25T04:20:02,37.5,10.437915725008,78.9984509925074,NOISE,2024-09-25T04:20:02,37.5,10.437915725008,78.9984509925074,NOISE
2026-04-08T10:58:57.585072,Map-Energy__sum__linear-conv00528-20240925_072002-20240925_132002-35.000000-40.000000.png,2024-09-25T07:20:02,2024-09-25T13:20:02,35.0,40.0,2024-09-25T10:20:02,37.5,10.437915725008,78.9984509925074,NOISE,2024-09-25T10:20:02,37.5,10.437915725008,78.9984509925074,NOISE,2024-09-25T10:20:02,37.5,10.437915725008,78.9984509925074,NOISE,2024-09-25T10:20:02,37.5,10.437915725008,78.9984509925074,NOISE
2026-04-08T10:58:59.024859,Map-Energy__sum__linear-conv00538-20240925_132002-20240925_192002-35.000000-40.000000.png,2024-09-25T13:20:02,2024-09-25T19:20:02,35.0,40.0,2024-09-25T16:20:02,37.5,10.437915725008,78.9984509925074,NOISE,2024-09-25T16:20:02,37.5,10.437915725008,78.9984509925074,NOISE,2024-09-25T16:20:02,37.5,10.437915725008,78.9984509925074,NOISE,2024-09-25T16:20:02,37.5,10.437915725008,78.9984509925074,NOISE
2026-04-08T10:59:00.337090,Map-Energy__sum__linear-conv00548-20240925_192002-20240926_012002-35.000000-40.000000.png,2024-09-25T19:20:02,2024-09-26T01:20:02,35.0,40.0,2024-09-25T22:20:02,37.5,10.437915725008,78.9984509925074,NOISE,2024-09-25T22:20:02,37.5,10.437915725008,78.9984509925074,NOISE,2024-09-25T22:20:02,37.5,10.437915725008,78.9984509925074,NOISE,2024-09-25T22:20:02,37.5,10.437915725008,78.9984509925074,NOISE
2026-04-08T10:59:02.017778,Map-Energy__sum__linear-conv00558-20240926_012002-20240926_072002-35.000000-40.000000.png,2024-09-26T01:20:02,2024-09-26T07:20:02,35.0,40.0,2024-09-26T04:20:02,37.5,10.437915725008,78.9984509925074,NOISE,2024-09-26T04:20:02,37.5,10.437915725008,78.9984509925074,NOISE,2024-09-26T04:20:02,37.5,10.437915725008,78.9984509925074,NOISE,2024-09-26T04:20:02,37.5,10.437915725008,78.9984509925074,NOISE
2026-04-08T10:59:03.680875,Map-Energy__sum__linear-conv00568-20240926_072002-20240926_132002-35.000000-40.000000.png,2024-09-26T07:20:02,2024-09-26T13:20:02,35.0,40.0,2024-09-26T10:20:02,37.5,10.437915725008,78.9984509925074,NOISE,2024-09-26T10:20:02,37.5,10.437915725008,78.9984509925074,NOISE,2024-09-26T10:20:02,37.5,10.437915725008,78.9984509925074,NOISE,2024-09-26T10:20:02,37.5,10.437915725008,78.9984509925074,NOISE
2026-04-08T10:59:04.881148,Map-Energy__sum__linear-conv00578-20240926_132002-20240926_192002-35.000000-40.000000.png,2024-09-26T13:20:02,2024-09-26T19:20:02,35.0,40.0,2024-09-26T16:20:02,37.5,10.437915725008,78.9984509925074,NOISE,2024-09-26T16:20:02,37.5,10.437915725008,78.9984509925074,NOISE,2024-09-26T16:20:02,37.5,10.437915725008,78.9984509925074,NOISE,2024-09-26T16:20:02,37.5,10.437915725008,78.9984509925074,NOISE
2026-04-08T10:59:06.474623,Map-Energy__sum__linear-conv00588-20240926_132002-20240926_192002-35.000000-40.000000.png,2024-09-26T13:20:02,2024-09-26T19:20:02,35.0,40.0,2024-09-26T16:20:02,37.5,10.437915725008,78.9984509925074,NOISE,2024-09-26T16:20:02,37.5,10.437915725008,78.9984509925074,NOISE,2024-09-26T16:20:02,37.5,10.437915725008,78.9984509925074,NOISE,2024-09-26T16:20:02,37.5,10.437915725008,78.9984509925074,NOISE
2026-04-08T10:59:07.913372,Map-Energy__sum__linear-conv00598-20240926_192002-20240927_012002-35.000000-40.000000.png,2024-09-26T19:20:02,2024-09-27T01:20:02,35.0,40.0,2024-09-26T22:20:02,37.5,10.437915725008,78.9984509925074,NOISE,2024-09-26T22:20:02,37.5,10.437915725008,78.9984509925074,NOISE,2024-09-26T22:20:02,37.5,10.437915725008,78.9984509925074,NOISE,2024-09-26T22:20:02,37.5,10.437915725008,78.9984509925074,NOISE
2026-04-08T10:59:09.305131,Map-Energy__sum__linear-conv00608-20240927_012002-20240927_072002-35.000000-40.000000.png,2024-09-27T01:20:02,2024-09-27T07:20:02,35.0,40.0,2024-09-27T04:20:02,37.5,10.437915725008,78.9984509925074,NOISE,2024-09-27T04:20:02,37.5,10.437915725008,78.9984509925074,NOISE,2024-09-27T04:20:02,37.5,10.437915725008,78.9984509925074,NOISE,2024-09-27T04:20:02,37.5,10.437915725008,78.9984509925074,NOISE
2026-04-08T10:59:11.201762,Map-Energy__sum__linear-conv00618-20240927_072002-20240927_132002-35.000000-40.000000.png,2024-09-27T07:20:02,2024-09-27T13:20:02,35.0,40.0,2024-09-27T10:20:02,37.5,10.437915725008,78.9984509925074,NOISE,2024-09-27T10:20:02,37.5,10.437915725008,78.9984509925074,NOISE,2024-09-27T10:20:02,37.5,10.437915725008,78.9984509925074,NOISE,2024-09-27T10:20:02,37.5,10.437915725008,78.9984509925074,NOISE
2026-04-08T10:59:14.160957,Map-Energy__sum__linear-conv00628-20240927_132002-20240927_192002-35.000000-40.000000.png,2024-09-27T13:20:02,2024-09-27T19:20:02,35.0,40.0,2024-09-27T16:20:02,37.5,10.437915725008,78.9984509925074,NOISE,2024-09-27T16:20:02,37.5,10.437915725008,78.9984509925074,NOISE,2024-09-27T16:20:02,37.5,10.437915725008,78.9984509925074,NOISE,2024-09-27T16:20:02,37.5,10.437915725008,78.9984509925074,NOISE
2026-04-08T10:59:15.762564,Map-Energy__sum__linear-conv00638-20240927_192002-20240928_012002-35.000000-40.000000.png,2024-09-27T19:20:02,2024-09-28T01:20:02,35.0,40.0,2024-09-27T22:20:02,37.5,10.437915725008,78.9984509925074,NOISE,2024-09-27T22:20:02,37.5,10.437915725008,78.9984509925074,NOISE,2024-09-27T22:20:02,37.5,10.437915725008,78.9984509925074,NOISE,2024-09-27T22:20:02,37.5,10.437915725008,78.9984509925074,NOISE
2026-04-08T10:59:16.985004,Map-Energy__sum__linear-conv00648-20240928_012002-20240928_072002-35.000000-40.000000.png,2024-09-28T01:20:02,2024-09-28T07:20:02,35.0,40.0,2024-09-28T04:20:02,37.5,10.437915725008,78.9984509925074,NOISE,2024-09-28T04:20:02,37.5,10.437915725008,78.9984509925074,NOISE,2024-09-28T04:20:02,37.5,10.437915725008,78.9984509925074,NOISE,2024-09-28T04:20:02,37.5,10.437915725008,78.9984509925074,NOISE
2026-04-08T10:59:18.993010,Map-Energy__sum__linear-conv00658-20240928_072002-20240928_132002-35.000000-40.000000.png,2024-09-28T07:20:02,2024-09-28T13:20:02,35.0,40.0,2024-09-28T10:20:02,37.5,10.437915725008,78.9984509925074,NOISE,2024-09-28T10:20:02,37.5,10.437915725008,78.9984509925074,NOISE,2024-09-28T10:20:02,37.5,10.437915725008,78.9984509925074,NOISE,2024-09-28T10:20:02,37.5,10.437915725008,78.9984509925074,NOISE
2026-04-08T10:59:21.464863,Map-Energy__sum__linear-conv00668-20240928_132002-20240928_192002-35.000000-40.000000.png,2024-09-28T13:20:02,2024-09-28T19:20:02,35.0,40.0,2024-09-28T16:20:02,37.5,10.437915725008,78.9984509925074,NOISE,2024-09-28T16:20:02,37.5,10.437915725008,78.9984509925074,NOISE,2024-09-28T16:20:02,37.5,10.437915725008,78.9984509925074,NOISE,2024-09-28T16:20:02,37.5,10.437915725008,78.9984509925074,NOISE
2026-04-08T10:59:23.232977,Map-Energy__sum__linear-conv00678-20240928_192002-20240929_012002-35.000000-40.000000.png,2024-09-28T19:20:02,2024-09-29T01:20:02,35.0,40.0,2024-09-28T22:20:02,37.5,10.437915725008,78.9984509925074,NOISE,2024-09-28T22:20:02,37.5,10.437915725008,78.9984509925074,NOISE,2024-09-28T22:20:02,37.5,10.437915725008,78.9984509925074,NOISE,2024-09-28T22:20:02,37.5,10.437915725008,78.9984509925074,NOISE
2026-04-08T10:59:24.889267,Map-Energy__sum__linear-conv00688-20240929_012002-20240929_072002-35.000000-40.000000.png,2024-09-29T01:20:02,2024-09-29T07:20:02,35.0,40.0,2024-09-29T04:20:02,37.5,10.437915725008,78.9984509925074,NOISE,2024-09-29T04:20:02,37.5,10.437915725008,78.9984509925074,NOISE,2024-09-29T04:20:02,37.5,10.437915725008,78.9984509925074,NOISE,2024-09-29T04:20:02,37.5,10.437915725008,78.9984509925074,NOISE
2026-04-08T10:59:26.681652,Map-Energy__sum__linear-conv00698-20240929_072002-20240929_132002-35.000000-40.000000.png,2024-09-29T07:20:02,2024-09-29T13:20:02,35.0,40.0,2024-09-29T10:20:02,37.5,10.437915725008,78.9984509925074,NOISE,2024-09-29T10:20:02,37.5,10.437915725008,78.9984509925074,NOISE,2024-09-29T10:20:02,37.5,10.437915725008,78.9984509925074,NOISE,2024-09-29T10:20:02,37.5,10.437915725008,78.9984509925074,NOISE
2026-04-08T10:59:28.609029,Map-Energy__sum__linear-conv00708-20240929_132002-20240929_192002-35.000000-40.000000.png,2024-09-29T13:20:02,2024-09-29T19:20:02,35.0,40.0,2024-09-29T16:20:02,37.5,10.437915725008,78.9984509925074,NOISE,2024-09-29T16:20:02,37.5,10.437915725008,78.9984509925074,NOISE,2024-09-29T16:20:02,37.5,10.437915725008,78.9984509925074,NOISE,2024-09-29T16:20:02,37.5,10.437915725008,78.9984509925074,NOISE
2026-04-08T10:59:31.209268,Map-Energy__sum__linear-conv00718-20240929_192002-20240930_012002-35.000000-40.000000.png,2024-09-29T19:20:02,2024-09-30T01:20:02,35.0,40.0,2024-09-29T22:20:02,37.5,10.437915725008,78.9984509925074,NOISE,2024-09-29T22:20:02,37.5,10.437915725008,78.9984509925074,NOISE,2024-09-29T22:20:02,37.5,10.437915725008,78.9984509925074,NOISE,2024-09-29T22:20:02,37.5,10.437915725008,78.9984509925074,NOISE
2026-04-08T10:59:32.361542,Map-Energy__sum__linear-conv00009-20240912_132002-20240912_192002-40.000000-45.000000.png,2024-09-12T13:20:02,2024-09-12T19:20:02,40.0,45.0,2024-09-12T16:20:02,42.5,10.2209936532221,78.9814941910257,NOISE,2024-09-12T16:20:02,42.5,10.2209936532221,78.9814941910257,NOISE,2024-09-12T16:20:02,42.5,10.2209936532221,78.9814941910257,NOISE,2024-09-12T16:20:02,42.5,10.2209936532221,78.9814941910257,NOISE
2026-04-08T10:59:33.433123,Map-Energy__sum__linear-conv00019-20240912_192002-20240913_012002-40.000000-45.000000.png,2024-09-12T19:20:02,2024-09-13T01:20:02,40.0,45.0,2024-09-12T22:20:02,42.5,10.2209936532221,78.9814941910257,NOISE,2024-09-12T22:20:02,42.5,10.2209936532221,78.9814941910257,NOISE,2024-09-12T22:20:02,42.5,10.2209936532221,78.9814941910257,NOISE,2024-09-12T22:20:02,42.5,10.2209936532221,78.9814941910257,NOISE
2026-04-08T10:59:34.425159,Map-Energy__sum__linear-conv00029-20240913_012002-20240913_072002-40.000000-45.000000.png,2024-09-13T01:20:02,2024-09-13T07:20:02,40.0,45.0,2024-09-13T04:20:02,42.5,10.2209936532221,78.9814941910257,NOISE,2024-09-13T04:20:02,42.5,10.2209936532221,78.9814941910257,NOISE,2024-09-13T04:20:02,42.5,10.2209936532221,78.9814941910257,NOISE,2024-09-13T04:20:02,42.5,10.2209936532221,78.9814941910257,NOISE
2026-04-08T10:59:35.177843,Map-Energy__sum__linear-conv00039-20240913_072002-20240913_132002-40.000000-45.000000.png,2024-09-13T07:20:02,2024-09-13T13:20:02,40.0,45.0,2024-09-13T10:20:02,42.5,10.2209936532221,78.9814941910257,NOISE,2024-09-13T10:20:02,42.5,10.2209936532221,78.9814941910257,NOISE,2024-09-13T10:20:02,42.5,10.2209936532221,78.9814941910257,NOISE,2024-09-13T10:20:02,42.5,10.2209936532221,78.9814941910257,NOISE
2026-04-08T10:59:35.833727,Map-Energy__sum__linear-conv00049-20240913_132002-20240913_192002-40.000000-45.000000.png,2024-09-13T13:20:02,2024-09-13T19:20:02,40.0,45.0,2024-09-13T16:20:02,42.5,10.2209936532221,78.9814941910257,NOISE,2024-09-13T16:20:02,42.5,10.2209936532221,78.9814941910257,NOISE,2024-09-13T16:20:02,42.5,10.2209936532221,78.9814941910257,NOISE,2024-09-13T16:20:02,42.5,10.2209936532221,78.9814941910257,NOISE
2026-04-08T10:59:36.457666,Map-Energy__sum__linear-conv00059-20240913_192002-20240914_012002-40.000000-45.000000.png,2024-09-13T19:20:02,2024-09-14T01:20:02,40.0,45.0,2024-09-13T22:20:02,42.5,10.2209936532221,78.9814941910257,NOISE,2024-09-13T22:20:02,42.5,10.2209936532221,78.9814941910257,NOISE,2024-09-13T22:20:02,42.5,10.2209936532221,78.9814941910257,NOISE,2024-09-13T22:20:02,42.5,10.2209936532221,78.9814941910257,NOISE
2026-04-08T10:59:37.073025,Map-Energy__sum__linear-conv00069-20240914_012002-20240914_072002-40.000000-45.000000.png,2024-09-14T01:20:02,2024-09-14T07:20:02,40.0,45.0,2024-09-14T04:20:02,42.5,10.2209936532221,78.9814941910257,NOISE,2024-09-14T04:20:02,42.5,10.2209936532221,78.9814941910257,NOISE,2024-09-14T04:20:02,42.5,10.2209936532221,78.9814941910257,NOISE,2024-09-14T04:20:02,42.5,10.2209936532221,78.9814941910257,NOISE
2026-04-08T10:59:37.785291,Map-Energy__sum__linear-conv00079-20240914_072002-20240914_132002-40.000000-45.000000.png,2024-09-14T07:20:02,2024-09-14T13:20:02,40.0,45.0,2024-09-14T10:20:02,42.5,10.2209936532221,78.9814941910257,NOISE,2024-09-14T10:20:02,42.5,10.2209936532221,78.9814941910257,NOISE,2024-09-14T10:20:02,42.5,10.2209936532221,78.9814941910257,NOISE,2024-09-14T10:20:02,42.5,10.2209936532221,78.9814941910257,NOISE
2026-04-08T10:59:38.385152,Map-Energy__sum__linear-conv00089-20240914_132002-20240914_192002-40.000000-45.000000.png,2024-09-14T13:20:02,2024-09-14T19:20:02,40.0,45.0,2024-09-14T16:20:02,42.5,10.2209936532221,78.9814941910257,NOISE,2024-09-14T16:20:02,42.5,10.2209936532221,78.9814941910257,NOISE,2024-09-14T16:20:02,42.5,10.2209936532221,78.9814941910257,NOISE,2024-09-14T16:20:02,42.5,10.2209936532221,78.9814941910257,NOISE
2026-04-08T10:59:38.985720,Map-Energy__sum__linear-conv00099-20240914_192002-20240915_012002-40.000000-45.000000.png,2024-09-14T19:20:02,2024-09-15T01:20:02,40.0,45.0,2024-09-14T22:20:02,42.5,10.2209936532221,78.9814941910257,NOISE,2024-09-14T22:20:02,42.5,10.2209936532221,78.9814941910257,NOISE,2024-09-14T22:20:02,42.5,10.2209936532221,78.9814941910257,NOISE,2024-09-14T22:20:02,42.5,10.2209936532221,78.9814941910257,NOISE
2026-04-08T10:59:39.568878,Map-Energy__sum__linear-conv00109-20240915_012002-20240915_072002-40.000000-45.000000.png,2024-09-15T01:20:02,2024-09-15T07:20:02,40.0,45.0,2024-09-15T04:20:02,42.5,10.2209936532221,78.9814941910257,NOISE,2024-09-15T04:20:02,42.5,10.2209936532221,78.9814941910257,NOISE,2024-09-15T04:20:02,42.5,10.2209936532221,78.9814941910257,NOISE,2024-09-15T04:20:02,42.5,10.2209936532221,78.9814941910257,NOISE
2026-04-08T10:59:40.177195,Map-Energy__sum__linear-conv00119-20240915_072002-20240915_132002-40.000000-45.000000.png,2024-09-15T07:20:02,2024-09-15T13:20:02,40.0,45.0,2024-09-15T10:20:02,42.5,10.2209936532221,78.9814941910257,NOISE,2024-09-15T10:20:02,42.5,10.2209936532221,78.9814941910257,NOISE,2024-09-15T10:20:02,42.5,10.2209936532221,78.9814941910257,NOISE,2024-09-15T10:20:02,42.5,10.2209936532221,78.9814941910257,NOISE
2026-04-08T10:59:40.777219,Map-Energy__sum__linear-conv00129-20240915_132002-20240915_192002-40.000000-45.000000.png,2024-09-15T13:20:02,2024-09-15T19:20:02,40.0,45.0,2024-09-15T16:20:02,42.5,10.2209936532221,78.9814941910257,NOISE,2024-09-15T16:20:02,42.5,10.2209936532221,78.9814941910257,NOISE,2024-09-15T16:20:02,42.5,10.2209936532221,78.9814941910257,NOISE,2024-09-15T16:20:02,42.5,10.2209936532221,78.9814941910257,NOISE
2026-04-08T10:59:41.409686,Map-Energy__sum__linear-conv00139-20240915_192002-20240916_012002-40.000000-45.000000.png,2024-09-15T19:20:02,2024-09-16T01:20:02,40.0,45.0,2024-09-15T22:20:02,42.5,10.2209936532221,78.9814941910257,NOISE,2024-09-15T22:20:02,42.5,10.2209936532221,78.9814941910257,NOISE,2024-09-15T22:20:02,42.5,10.2209936532221,78.9814941910257,NOISE,2024-09-15T22:20:02,42.5,10.2209936532221,78.9814941910257,NOISE
2026-04-08T10:59:42.040942,Map-Energy__sum__linear-conv00149-20240916_012002-20240916_072002-40.000000-45.000000.png,2024-09-16T01:20:02,2024-09-16T07:20:02,40.0,45.0,2024-09-16T04:20:02,42.5,10.2209936532221,78.9814941910257,NOISE,2024-09-16T04:20:02,42.5,10.2209936532221,78.9814941910257,NOISE,2024-09-16T04:20:02,42.5,10.2209936532221,78.9814941910257,NOISE,2024-09-16T04:20:02,42.5,10.2209936532221,78.9814941910257,NOISE
2026-04-08T10:59:42.641055,Map-Energy__sum__linear-conv00159-20240916_072002-20240916_132002-40.000000-45.000000.png,2024-09-16T07:20:02,2024-09-16T13:20:02,40.0,45.0,2024-09-16T10:20:02,42.5,10.2209936532221,78.9814941910257,NOISE,2024-09-16T10:20:02,42.5,10.2209936532221,78.9814941910257,NOISE,2024-09-16T10:20:02,42.5,10.2209936532221,78.9814941910257,NOISE,2024-09-16T10:20:02,42.5,10.2209936532221,78.9814941910257,NOISE
2026-04-08T10:59:43.272987,Map-Energy__sum__linear-conv00169-20240916_132002-20240916_192002-40.000000-45.000000.png,2024-09-16T13:20:02,2024-09-16T19:20:02,40.0,45.0,2024-09-16T16:20:02,42.5,10.2209936532221,78.9814941910257,NOISE,2024-09-16T16:20:02,42.5,10.2209936532221,78.9814941910257,NOISE,2024-09-16T16:20:02,42.5,10.2209936532221,78.9814941910257,NOISE,2024-09-16T16:20:02,42.5,10.2209936532221,78.9814941910257,NOISE
2026-04-08T10:59:43.904903,Map-Energy__sum__linear-conv00179-20240916_192002-20240917_012002-40.000000-45.000000.png,2024-09-16T19:20:02,2024-09-17T01:20:02,40.0,45.0,2024-09-16T22:20:02,42.5,10.2209936532221,78.9814941910257,NOISE,2024-09-16T22:20:02,42.5,10.2209936532221,78.9814941910257,NOISE,2024-09-16T22:20:02,42.5,10.2209936532221,78.9814941910257,NOISE,2024-09-16T22:20:02,42.5,10.2209936532221,78.9814941910257,NOISE
2026-04-08T10:59:44.585205,Map-Energy__sum__linear-conv00189-20240917_012002-20240917_072002-40.000000-45.000000.png,2024-09-17T01:20:02,2024-09-17T07:20:02,40.0,45.0,2024-09-17T04:20:02,42.5,10.2209936532221,78.9814941910257,NOISE,2024-09-17T04:20:02,42.5,10.2209936532221,78.9814941910257,NOISE,2024-09-17T04:20:02,42.5,10.2209936532221,78.9814941910257,NOISE,2024-09-17T04:20:02,42.5,10.2209936532221,78.9814941910257,NOISE
2026-04-08T10:59:45.336872,Map-Energy__sum__linear-conv00199-20240917_072002-20240917_132002-40.000000-45.000000.png,2024-09-17T07:20:02,2024-09-17T13:20:02,40.0,45.0,2024-09-17T10:20:02,42.5,10.2209936532221,78.9814941910257,NOISE,2024-09-17T10:20:02,42.5,10.2209936532221,78.9814941910257,NOISE,2024-09-17T10:20:02,42.5,10.2209936532221,78.9814941910257,NOISE,2024-09-17T10:20:02,42.5,10.2209936532221,78.9814941910257,NOISE
2026-04-08T10:59:45.946885,Map-Energy__sum__linear-conv00209-20240917_132002-20240917_192002-40.000000-45.000000.png,2024-09-17T13:20:02,2024-09-17T19:20:02,40.0,45.0,2024-09-17T16:20:02,42.5,10.2209936532221,78.9814941910257,NOISE,2024-09-17T16:20:02,42.5,10.2209936532221,78.9814941910257,NOISE,2024-09-17T16:20:02,42.5,10.2209936532221,78.9814941910257,NOISE,2024-09-17T16:20:02,42.5,10.2209936532221,78.9814941910257,NOISE
2026-04-08T10:59:46.649178,Map-Energy__sum__linear-conv00219-20240917_192002-20240918_012002-40.000000-45.000000.png,2024-09-17T19:20:02,2024-09-18T01:20:02,40.0,45.0,2024-09-17T22:20:02,42.5,10.2209936532221,78.9814941910257,NOISE,2024-09-17T22:20:02,42.5,10.2209936532221,78.9814941910257,NOISE,2024-09-17T22:20:02,42.5,10.2209936532221,78.9814941910257,NOISE,2024-09-17T22:20:02,42.5,10.2209936532221,78.9814941910257,NOISE
2026-04-08T10:59:47.337203,Map-Energy__sum__linear-conv00229-20240918_012002-20240918_072002-40.000000-45.000000.png,2024-09-18T01:20:02,2024-09-18T07:20:02,40.0,45.0,2024-09-18T04:20:02,42.5,10.2209936532221,78.9814941910257,NOISE,2024-09-18T04:20:02,42.5,10.2209936532221,78.9814941910257,NOISE,2024-09-18T04:20:02,42.5,10.2209936532221,78.9814941910257,NOISE,2024-09-18T04:20:02,42.5,10.2209936532221,78.9814941910257,NOISE
2026-04-08T10:59:47.977899,Map-Energy__sum__linear-conv00239-20240918_072002-20240918_132002-40.000000-45.000000.png,2024-09-18T07:20:02,2024-09-18T13:20:02,40.0,45.0,2024-09-18T10:20:02,42.5,10.2209936532221,78.9814941910257,NOISE,2024-09-18T10:20:02,42.5,10.2209936532221,78.9814941910257,NOISE,2024-09-18T10:20:02,42.5,10.2209936532221,78.9814941910257,NOISE,2024-09-18T10:20:02,42.5,10.2209936532221,78.9814941910257,NOISE
2026-04-08T10:59:48.530532,Map-Energy__sum__linear-conv00249-20240918_132002-20240918_192002-40.000000-45.000000.png,2024-09-18T13:20:02,2024-09-18T19:20:02,40.0,45.0,2024-09-18T16:20:02,42.5,10.2209936532221,78.9814941910257,NOISE,2024-09-18T16:20:02,42.5,10.2209936532221,78.9814941910257,NOISE,2024-09-18T16:20:02,42.5,10.2209936532221,78.9814941910257,NOISE,2024-09-18T16:20:02,42.5,10.2209936532221,78.9814941910257,NOISE
2026-04-08T10:59:49.177363,Map-Energy__sum__linear-conv00259-20240918_192002-20240919_012002-40.000000-45.000000.png,2024-09-18T19:20:02,2024-09-19T01:20:02,40.0,45.0,2024-09-18T22:20:02,42.5,10.2209936532221,78.9814941910257,NOISE,2024-09-18T22:20:02,42.5,10.2209936532221,78.9814941910257,NOISE,2024-09-18T22:20:02,42.5,10.2209936532221,78.9814941910257,NOISE,2024-09-18T22:20:02,42.5,10.2209936532221,78.9814941910257,NOISE
2026-04-08T10:59:49.825131,Map-Energy__sum__linear-conv00269-20240919_012002-20240919_072002-40.000000-45.000000.png,2024-09-19T01:20:02,2024-09-19T07:20:02,40.0,45.0,2024-09-19T04:20:02,42.5,10.2209936532221,78.9814941910257,NOISE,2024-09-19T04:20:02,42.5,10.2209936532221,78.9814941910257,NOISE,2024-09-19T04:20:02,42.5,10.2209936532221,78.9814941910257,NOISE,2024-09-19T04:20:02,42.5,10.2209936532221,78.9814941910257,NOISE
2026-04-08T10:59:50.434303,Map-Energy__sum__linear-conv00279-20240919_072002-20240919_132002-40.000000-45.000000.png,2024-09-19T07:20:02,2024-09-19T13:20:02,40.0,45.0,2024-09-19T10:20:02,42.5,10.2209936532221,78.9814941910257,NOISE,2024-09-19T10:20:02,42.5,10.2209936532221,78.9814941910257,NOISE,2024-09-19T10:20:02,42.5,10.2209936532221,78.9814941910257,NOISE,2024-09-19T10:20:02,42.5,10.2209936532221,78.9814941910257,NOISE
2026-04-08T10:59:51.057185,Map-Energy__sum__linear-conv00289-20240919_132002-20240919_192002-40.000000-45.000000.png,2024-09-19T13:20:02,2024-09-19T19:20:02,40.0,45.0,2024-09-19T16:20:02,42.5,10.2209936532221,78.9814941910257,NOISE,2024-09-19T16:20:02,42.5,10.2209936532221,78.9814941910257,NOISE,2024-09-19T16:20:02,42.5,10.2209936532221,78.9814941910257,NOISE,2024-09-19T16:20:02,42.5,10.2209936532221,78.9814941910257,NOISE
2026-04-08T10:59:51.976994,Map-Energy__sum__linear-conv00299-20240919_132002-20240919_192002-40.000000-45.000000.png,2024-09-19T13:20:02,2024-09-19T19:20:02,40.0,45.0,2024-09-19T16:20:02,42.5,10.2209936532221,78.9814941910257,NOISE,2024-09-19T16:20:02,42.5,10.2209936532221,78.9814941910257,NOISE,2024-09-19T16:20:02,42.5,10.2209936532221,78.9814941910257,NOISE,2024-09-19T16:20:02,42.5,10.2209936532221,78.9814941910257,NOISE
2026-04-08T10:59:53.841137,Map-Energy__sum__linear-conv00309-20240919_192002-20240920_012002-40.000000-45.000000.png,2024-09-19T19:20:02,2024-09-20T01:20:02,40.0,45.0,2024-09-19T22:20:02,42.5,10.2209936532221,78.9814941910257,NOISE,2024-09-19T22:20:02,42.5,10.2209936532221,78.9814941910257,NOISE,2024-09-19T22:20:02,42.5,10.2209936532221,78.9814941910257,NOISE,2024-09-19T22:20:02,42.5,10.2209936532221,78.9814941910257,NOISE
2026-04-08T10:59:55.409660,Map-Energy__sum__linear-conv00319-20240920_012002-20240920_072002-40.000000-45.000000.png,2024-09-20T01:20:02,2024-09-20T07:20:02,40.0,45.0,2024-09-20T04:20:02,42.5,10.2209936532221,78.9814941910257,NOISE,2024-09-20T04:20:02,42.5,10.2209936532221,78.9814941910257,NOISE,2024-09-20T04:20:02,42.5,10.2209936532221,78.9814941910257,NOISE,2024-09-20T04:20:02,42.5,10.2209936532221,78.9814941910257,NOISE
2026-04-08T10:59:57.897849,Map-Energy__sum__linear-conv00329-20240920_072002-20240920_132002-40.000000-45.000000.png,2024-09-20T07:20:02,2024-09-20T13:20:02,40.0,45.0,2024-09-20T10:20:02,42.5,10.2209936532221,78.9814941910257,NOISE,2024-09-20T10:20:02,42.5,10.2209936532221,78.9814941910257,NOISE,2024-09-20T10:20:02,42.5,10.2209936532221,78.9814941910257,NOISE,2024-09-20T10:20:02,42.5,10.2209936532221,78.9814941910257,NOISE
2026-04-08T10:59:59.209244,Map-Energy__sum__linear-conv00339-20240920_132002-20240920_192002-40.000000-45.000000.png,2024-09-20T13:20:02,2024-09-20T19:20:02,40.0,45.0,2024-09-20T16:20:02,42.5,10.2209936532221,78.9814941910257,NOISE,2024-09-20T16:20:02,42.5,10.2209936532221,78.9814941910257,NOISE,2024-09-20T16:20:02,42.5,10.2209936532221,78.9814941910257,NOISE,2024-09-20T16:20:02,42.5,10.2209936532221,78.9814941910257,NOISE
2026-04-08T11:00:00.498298,Map-Energy__sum__linear-conv00349-20240920_192002-20240921_012002-40.000000-45.000000.png,2024-09-20T19:20:02,2024-09-21T01:20:02,40.0,45.0,2024-09-20T22:20:02,42.5,10.2209936532221,78.9814941910257,NOISE,2024-09-20T22:20:02,42.5,10.2209936532221,78.9814941910257,NOISE,2024-09-20T22:20:02,42.5,10.2209936532221,78.9814941910257,NOISE,2024-09-20T22:20:02,42.5,10.2209936532221,78.9814941910257,NOISE
2026-04-08T11:00:02.185293,Map-Energy__sum__linear-conv00359-20240921_012002-20240921_072002-40.000000-45.000000.png,2024-09-21T01:20:02,2024-09-21T07:20:02,40.0,45.0,2024-09-21T04:20:02,42.5,10.2209936532221,78.9814941910257,NOISE,2024-09-21T04:20:02,42.5,10.2209936532221,78.9814941910257,NOISE,2024-09-21T04:20:02,42.5,10.2209936532221,78.9814941910257,NOISE,2024-09-21T04:20:02,42.5,10.2209936532221,78.9814941910257,NOISE
2026-04-08T11:00:03.305085,Map-Energy__sum__linear-conv00369-20240921_072002-20240921_132002-40.000000-45.000000.png,2024-09-21T07:20:02,2024-09-21T13:20:02,40.0,45.0,2024-09-21T10:20:02,42.5,10.2209936532221,78.9814941910257,NOISE,2024-09-21T10:20:02,42.5,10.2209936532221,78.9814941910257,NOISE,2024-09-21T10:20:02,42.5,10.2209936532221,78.9814941910257,NOISE,2024-09-21T10:20:02,42.5,10.2209936532221,78.9814941910257,NOISE
2026-04-08T11:00:04.547226,Map-Energy__sum__linear-conv00379-20240921_132002-20240921_192002-40.000000-45.000000.png,2024-09-21T13:20:02,2024-09-21T19:20:02,40.0,45.0,2024-09-21T16:20:02,42.5,10.2209936532221,78.9814941910257,NOISE,2024-09-21T16:20:02,42.5,10.2209936532221,78.9814941910257,NOISE,2024-09-21T16:20:02,42.5,10.2209936532221,78.9814941910257,NOISE,2024-09-21T16:20:02,42.5,10.2209936532221,78.9814941910257,NOISE
2026-04-08T11:00:05.625604,Map-Energy__sum__linear-conv00389-20240921_192002-20240922_012002-40.000000-45.000000.png,2024-09-21T19:20:02,2024-09-22T01:20:02,40.0,45.0,2024-09-21T22:20:02,42.5,10.2209936532221,78.9814941910257,NOISE,2024-09-21T22:20:02,42.5,10.2209936532221,78.9814941910257,NOISE,2024-09-21T22:20:02,42.5,10.2209936532221,78.9814941910257,NOISE,2024-09-21T22:20:02,42.5,10.2209936532221,78.9814941910257,NOISE
2026-04-08T11:00:06.522469,Map-Energy__sum__linear-conv00399-20240922_012002-20240922_072002-40.000000-45.000000.png,2024-09-22T01:20:02,2024-09-22T07:20:02,40.0,45.0,2024-09-22T04:20:02,42.5,10.2209936532221,78.9814941910257,NOISE,2024-09-22T04:20:02,42.5,10.2209936532221,78.9814941910257,NOISE,2024-09-22T04:20:02,42.5,10.2209936532221,78.9814941910257,NOISE,2024-09-22T04:20:02,42.5,10.2209936532221,78.9814941910257,NOISE
2026-04-08T11:00:07.482980,Map-Energy__sum__linear-conv00409-20240922_072002-20240922_132002-40.000000-45.000000.png,2024-09-22T07:20:02,2024-09-22T13:20:02,40.0,45.0,2024-09-22T10:20:02,42.5,10.2209936532221,78.9814941910257,NOISE,2024-09-22T10:20:02,42.5,10.2209936532221,78.9814941910257,NOISE,2024-09-22T10:20:02,42.5,10.2209936532221,78.9814941910257,NOISE,2024-09-22T10:20:02,42.5,10.2209936532221,78.9814941910257,NOISE
2026-04-08T11:00:09.185853,Map-Energy__sum__linear-conv00419-20240922_132002-20240922_192002-40.000000-45.000000.png,2024-09-22T13:20:02,2024-09-22T19:20:02,40.0,45.0,2024-09-22T16:20:02,42.5,10.2209936532221,78.9814941910257,NOISE,2024-09-22T16:20:02,42.5,10.2209936532221,78.9814941910257,NOISE,2024-09-22T16:20:02,42.5,10.2209936532221,78.9814941910257,NOISE,2024-09-22T16:20:02,42.5,10.2209936532221,78.9814941910257,NOISE
2026-04-08T11:00:10.089156,Map-Energy__sum__linear-conv00429-20240922_192002-20240923_012002-40.000000-45.000000.png,2024-09-22T19:20:02,2024-09-23T01:20:02,40.0,45.0,2024-09-22T22:20:02,42.5,10.2209936532221,78.9814941910257,NOISE,2024-09-22T22:20:02,42.5,10.2209936532221,78.9814941910257,NOISE,2024-09-22T22:20:02,42.5,10.2209936532221,78.9814941910257,NOISE,2024-09-22T22:20:02,42.5,10.2209936532221,78.9814941910257,NOISE
2026-04-08T11:00:11.081117,Map-Energy__sum__linear-conv00439-20240923_012002-20240923_072002-40.000000-45.000000.png,2024-09-23T01:20:02,2024-09-23T07:20:02,40.0,45.0,2024-09-23T04:20:02,42.5,10.2209936532221,78.9814941910257,NOISE,2024-09-23T04:20:02,42.5,10.2209936532221,78.9814941910257,NOISE,2024-09-23T04:20:02,42.5,10.2209936532221,78.9814941910257,NOISE,2024-09-23T04:20:02,42.5,10.2209936532221,78.9814941910257,NOISE
2026-04-08T11:00:12.057057,Map-Energy__sum__linear-conv00449-20240923_072002-20240923_132002-40.000000-45.000000.png,2024-09-23T07:20:02,2024-09-23T13:20:02,40.0,45.0,2024-09-23T10:20:02,42.5,10.2209936532221,78.9814941910257,NOISE,2024-09-23T10:20:02,42.5,10.2209936532221,78.9814941910257,NOISE,2024-09-23T10:20:02,42.5,10.2209936532221,78.9814941910257,NOISE,2024-09-23T10:20:02,42.5,10.2209936532221,78.9814941910257,NOISE
2026-04-08T11:00:12.937736,Map-Energy__sum__linear-conv00459-20240923_132002-20240923_192002-40.000000-45.000000.png,2024-09-23T13:20:02,2024-09-23T19:20:02,40.0,45.0,2024-09-23T16:20:02,42.5,10.2209936532221,78.9814941910257,NOISE,2024-09-23T16:20:02,42.5,10.2209936532221,78.9814941910257,NOISE,2024-09-23T16:20:02,42.5,10.2209936532221,78.9814941910257,NOISE,2024-09-23T16:20:02,42.5,10.2209936532221,78.9814941910257,NOISE
2026-04-08T11:00:13.881124,Map-Energy__sum__linear-conv00469-20240923_192002-20240924_012002-40.000000-45.000000.png,2024-09-23T19:20:02,2024-09-24T01:20:02,40.0,45.0,2024-09-23T22:20:02,42.5,10.2209936532221,78.9814941910257,NOISE,2024-09-23T22:20:02,42.5,10.2209936532221,78.9814941910257,NOISE,2024-09-23T22:20:02,42.5,10.2209936532221,78.9814941910257,NOISE,2024-09-23T22:20:02,42.5,10.2209936532221,78.9814941910257,NOISE
2026-04-08T11:00:14.731216,Map-Energy__sum__linear-conv00479-20240924_012002-20240924_072002-40.000000-45.000000.png,2024-09-24T01:20:02,2024-09-24T07:20:02,40.0,45.0,2024-09-24T04:20:02,42.5,10.2209936532221,78.9814941910257,NOISE,2024-09-24T04:20:02,42.5,10.2209936532221,78.9814941910257,NOISE,2024-09-24T04:20:02,42.5,10.2209936532221,78.9814941910257,NOISE,2024-09-24T04:20:02,42.5,10.2209936532221,78.9814941910257,NOISE
2026-04-08T11:00:15.577045,Map-Energy__sum__linear-conv00489-20240924_072002-20240924_132002-40.000000-45.000000.png,2024-09-24T07:20:02,2024-09-24T13:20:02,40.0,45.0,2024-09-24T10:20:02,42.5,10.2209936532221,78.9814941910257,NOISE,2024-09-24T10:20:02,42.5,10.2209936532221,78.9814941910257,NOISE,2024-09-24T10:20:02,42.5,10.2209936532221,78.9814941910257,NOISE,2024-09-24T10:20:02,42.5,10.2209936532221,78.9814941910257,NOISE
2026-04-08T11:00:16.385195,Map-Energy__sum__linear-conv00499-20240924_132002-20240924_192002-40.000000-45.000000.png,2024-09-24T13:20:02,2024-09-24T19:20:02,40.0,45.0,2024-09-24T16:20:02,42.5,10.2209936532221,78.9814941910257,NOISE,2024-09-24T16:20:02,42.5,10.2209936532221,78.9814941910257,NOISE,2024-09-24T16:20:02,42.5,10.2209936532221,78.9814941910257,NOISE,2024-09-24T16:20:02,42.5,10.2209936532221,78.9814941910257,NOISE
2026-04-08T11:00:17.241220,Map-Energy__sum__linear-conv00509-20240924_192002-20240925_012002-40.000000-45.000000.png,2024-09-24T19:20:02,2024-09-25T01:20:02,40.0,45.0,2024-09-24T22:20:02,42.5,10.2209936532221,78.9814941910257,NOISE,2024-09-24T22:20:02,42.5,10.2209936532221,78.9814941910257,NOISE,2024-09-24T22:20:02,42.5,10.2209936532221,78.9814941910257,NOISE,2024-09-24T22:20:02,42.5,10.2209936532221,78.9814941910257,NOISE
2026-04-08T11:00:18.393131,Map-Energy__sum__linear-conv00519-20240925_012002-20240925_072002-40.000000-45.000000.png,2024-09-25T01:20:02,2024-09-25T07:20:02,40.0,45.0,2024-09-25T04:20:02,42.5,10.2209936532221,78.9814941910257,NOISE,2024-09-25T04:20:02,42.5,10.2209936532221,78.9814941910257,NOISE,2024-09-25T04:20:02,42.5,10.2209936532221,78.9814941910257,NOISE,2024-09-25T04:20:02,42.5,10.2209936532221,78.9814941910257,NOISE
2026-04-08T11:00:19.273029,Map-Energy__sum__linear-conv00529-20240925_072002-20240925_132002-40.000000-45.000000.png,2024-09-25T07:20:02,2024-09-25T13:20:02,40.0,45.0,2024-09-25T10:20:02,42.5,10.2209936532221,78.9814941910257,NOISE,2024-09-25T10:20:02,42.5,10.2209936532221,78.9814941910257,NOISE,2024-09-25T10:20:02,42.5,10.2209936532221,78.9814941910257,NOISE,2024-09-25T10:20:02,42.5,10.2209936532221,78.9814941910257,NOISE
2026-04-08T11:00:20.049054,Map-Energy__sum__linear-conv00539-20240925_132002-20240925_192002-40.000000-45.000000.png,2024-09-25T13:20:02,2024-09-25T19:20:02,40.0,45.0,2024-09-25T16:20:02,42.5,10.2209936532221,78.9814941910257,NOISE,2024-09-25T16:20:02,42.5,10.2209936532221,78.9814941910257,NOISE,2024-09-25T16:20:02,42.5,10.2209936532221,78.9814941910257,NOISE,2024-09-25T16:20:02,42.5,10.2209936532221,78.9814941910257,NOISE
2026-04-08T11:00:20.944999,Map-Energy__sum__linear-conv00549-20240925_192002-20240926_012002-40.000000-45.000000.png,2024-09-25T19:20:02,2024-09-26T01:20:02,40.0,45.0,2024-09-25T22:20:02,42.5,10.2209936532221,78.9814941910257,NOISE,2024-09-25T22:20:02,42.5,10.2209936532221,78.9814941910257,NOISE,2024-09-25T22:20:02,42.5,10.2209936532221,78.9814941910257,NOISE,2024-09-25T22:20:02,42.5,10.2209936532221,78.9814941910257,NOISE
2026-04-08T11:00:21.792989,Map-Energy__sum__linear-conv00559-20240926_012002-20240926_072002-40.000000-45.000000.png,2024-09-26T01:20:02,2024-09-26T07:20:02,40.0,45.0,2024-09-26T04:20:02,42.5,10.2209936532221,78.9814941910257,NOISE,2024-09-26T04:20:02,42.5,10.2209936532221,78.9814941910257,NOISE,2024-09-26T04:20:02,42.5,10.2209936532221,78.9814941910257,NOISE,2024-09-26T04:20:02,42.5,10.2209936532221,78.9814941910257,NOISE
2026-04-08T11:00:22.625229,Map-Energy__sum__linear-conv00569-20240926_072002-20240926_132002-40.000000-45.000000.png,2024-09-26T07:20:02,2024-09-26T13:20:02,40.0,45.0,2024-09-26T10:20:02,42.5,10.2209936532221,78.9814941910257,NOISE,2024-09-26T10:20:02,42.5,10.2209936532221,78.9814941910257,NOISE,2024-09-26T10:20:02,42.5,10.2209936532221,78.9814941910257,NOISE,2024-09-26T10:20:02,42.5,10.2209936532221,78.9814941910257,NOISE
2026-04-08T11:00:23.489653,Map-Energy__sum__linear-conv00579-20240926_132002-20240926_192002-40.000000-45.000000.png,2024-09-26T13:20:02,2024-09-26T19:20:02,40.0,45.0,2024-09-26T16:20:02,42.5,10.2209936532221,78.9814941910257,NOISE,2024-09-26T16:20:02,42.5,10.2209936532221,78.9814941910257,NOISE,2024-09-26T16:20:02,42.5,10.2209936532221,78.9814941910257,NOISE,2024-09-26T16:20:02,42.5,10.2209936532221,78.9814941910257,NOISE
2026-04-08T11:00:24.392978,Map-Energy__sum__linear-conv00589-20240926_132002-20240926_192002-40.000000-45.000000.png,2024-09-26T13:20:02,2024-09-26T19:20:02,40.0,45.0,2024-09-26T16:20:02,42.5,10.2209936532221,78.9814941910257,NOISE,2024-09-26T16:20:02,42.5,10.2209936532221,78.9814941910257,NOISE,2024-09-26T16:20:02,42.5,10.2209936532221,78.9814941910257,NOISE,2024-09-26T16:20:02,42.5,10.2209936532221,78.9814941910257,NOISE
2026-04-08T11:00:25.713860,Map-Energy__sum__linear-conv00599-20240926_192002-20240927_012002-40.000000-45.000000.png,2024-09-26T19:20:02,2024-09-27T01:20:02,40.0,45.0,2024-09-26T22:20:02,42.5,10.2209936532221,78.9814941910257,NOISE,2024-09-26T22:20:02,42.5,10.2209936532221,78.9814941910257,NOISE,2024-09-26T22:20:02,42.5,10.2209936532221,78.9814941910257,NOISE,2024-09-26T22:20:02,42.5,10.2209936532221,78.9814941910257,NOISE
2026-04-08T11:00:27.673097,Map-Energy__sum__linear-conv00609-20240927_012002-20240927_072002-40.000000-45.000000.png,2024-09-27T01:20:02,2024-09-27T07:20:02,40.0,45.0,2024-09-27T04:20:02,42.5,10.2209936532221,78.9814941910257,NOISE,2024-09-27T04:20:02,42.5,10.2209936532221,78.9814941910257,NOISE,2024-09-27T04:20:02,42.5,10.2209936532221,78.9814941910257,NOISE,2024-09-27T04:20:02,42.5,10.2209936532221,78.9814941910257,NOISE
2026-04-08T11:00:29.401070,Map-Energy__sum__linear-conv00619-20240927_072002-20240927_132002-40.000000-45.000000.png,2024-09-27T07:20:02,2024-09-27T13:20:02,40.0,45.0,2024-09-27T10:20:02,42.5,10.2209936532221,78.9814941910257,NOISE,2024-09-27T10:20:02,42.5,10.2209936532221,78.9814941910257,NOISE,2024-09-27T10:20:02,42.5,10.2209936532221,78.9814941910257,NOISE,2024-09-27T10:20:02,42.5,10.2209936532221,78.9814941910257,NOISE
2026-04-08T11:00:31.017161,Map-Energy__sum__linear-conv00629-20240927_132002-20240927_192002-40.000000-45.000000.png,2024-09-27T13:20:02,2024-09-27T19:20:02,40.0,45.0,2024-09-27T16:20:02,42.5,10.2209936532221,78.9814941910257,NOISE,2024-09-27T16:20:02,42.5,10.2209936532221,78.9814941910257,NOISE,2024-09-27T16:20:02,42.5,10.2209936532221,78.9814941910257,NOISE,2024-09-27T16:20:02,42.5,10.2209936532221,78.9814941910257,NOISE
2026-04-08T11:00:33.017036,Map-Energy__sum__linear-conv00639-20240927_192002-20240928_012002-40.000000-45.000000.png,2024-09-27T19:20:02,2024-09-28T01:20:02,40.0,45.0,2024-09-27T22:20:02,42.5,10.2209936532221,78.9814941910257,NOISE,2024-09-27T22:20:02,42.5,10.2209936532221,78.9814941910257,NOISE,2024-09-27T22:20:02,42.5,10.2209936532221,78.9814941910257,NOISE,2024-09-27T22:20:02,42.5,10.2209936532221,78.9814941910257,NOISE
2026-04-08T11:00:34.553023,Map-Energy__sum__linear-conv00649-20240928_012002-20240928_072002-40.000000-45.000000.png,2024-09-28T01:20:02,2024-09-28T07:20:02,40.0,45.0,2024-09-28T04:20:02,42.5,10.2209936532221,78.9814941910257,NOISE,2024-09-28T04:20:02,42.5,10.2209936532221,78.9814941910257,NOISE,2024-09-28T04:20:02,42.5,10.2209936532221,78.9814941910257,NOISE,2024-09-28T04:20:02,42.5,10.2209936532221,78.9814941910257,NOISE
2026-04-08T11:00:36.025087,Map-Energy__sum__linear-conv00659-20240928_072002-20240928_132002-40.000000-45.000000.png,2024-09-28T07:20:02,2024-09-28T13:20:02,40.0,45.0,2024-09-28T10:20:02,42.5,10.2209936532221,78.9814941910257,NOISE,2024-09-28T10:20:02,42.5,10.2209936532221,78.9814941910257,NOISE,2024-09-28T10:20:02,42.5,10.2209936532221,78.9814941910257,NOISE,2024-09-28T10:20:02,42.5,10.2209936532221,78.9814941910257,NOISE
2026-04-08T11:00:37.025119,Map-Energy__sum__linear-conv00669-20240928_132002-20240928_192002-40.000000-45.000000.png,2024-09-28T13:20:02,2024-09-28T19:20:02,40.0,45.0,2024-09-28T16:20:02,42.5,10.2209936532221,78.9814941910257,NOISE,2024-09-28T16:20:02,42.5,10.2209936532221,78.9814941910257,NOISE,2024-09-28T16:20:02,42.5,10.2209936532221,78.9814941910257,NOISE,2024-09-28T16:20:02,42.5,10.2209936532221,78.9814941910257,NOISE
2026-04-08T11:00:38.017156,Map-Energy__sum__linear-conv00679-20240928_192002-20240929_012002-40.000000-45.000000.png,2024-09-28T19:20:02,2024-09-29T01:20:02,40.0,45.0,2024-09-28T22:20:02,42.5,10.2209936532221,78.9814941910257,NOISE,2024-09-28T22:20:02,42.5,10.2209936532221,78.9814941910257,NOISE,2024-09-28T22:20:02,42.5,10.2209936532221,78.9814941910257,NOISE,2024-09-28T22:20:02,42.5,10.2209936532221,78.9814941910257,NOISE
2026-04-08T11:00:39.961681,Map-Energy__sum__linear-conv00689-20240929_012002-20240929_072002-40.000000-45.000000.png,2024-09-29T01:20:02,2024-09-29T07:20:02,40.0,45.0,2024-09-29T04:20:02,42.5,10.2209936532221,78.9814941910257,NOISE,2024-09-29T04:20:02,42.5,10.2209936532221,78.9814941910257,NOISE,2024-09-29T04:20:02,42.5,10.2209936532221,78.9814941910257,NOISE,2024-09-29T04:20:02,42.5,10.2209936532221,78.9814941910257,NOISE
2026-04-08T11:00:40.930191,Map-Energy__sum__linear-conv00699-20240929_072002-20240929_132002-40.000000-45.000000.png,2024-09-29T07:20:02,2024-09-29T13:20:02,40.0,45.0,2024-09-29T10:20:02,42.5,10.2209936532221,78.9814941910257,NOISE,2024-09-29T10:20:02,42.5,10.2209936532221,78.9814941910257,NOISE,2024-09-29T10:20:02,42.5,10.2209936532221,78.9814941910257,NOISE,2024-09-29T10:20:02,42.5,10.2209936532221,78.9814941910257,NOISE
2026-04-08T11:00:50.530310,Map-Energy__sum__linear-conv00709-20240929_132002-20240929_192002-40.000000-45.000000.png,2024-09-29T13:20:02,2024-09-29T19:20:02,40.0,45.0,2024-09-29T16:20:02,42.5,10.2209936532221,78.9814941910257,NOISE,2024-09-29T16:20:02,42.5,10.2209936532221,78.9814941910257,NOISE,2024-09-29T16:20:02,42.5,10.2209936532221,78.9814941910257,NOISE,2024-09-29T16:20:02,42.5,10.2209936532221,78.9814941910257,NOISE
2026-04-08T11:00:52.321057,Map-Energy__sum__linear-conv00719-20240929_192002-20240930_012002-40.000000-45.000000.png,2024-09-29T19:20:02,2024-09-30T01:20:02,40.0,45.0,2024-09-29T22:20:02,42.5,10.2209936532221,78.9814941910257,NOISE,2024-09-29T22:20:02,42.5,10.2209936532221,78.9814941910257,NOISE,2024-09-29T22:20:02,42.5,10.2209936532221,78.9814941910257,NOISE,2024-09-29T22:20:02,42.5,10.2209936532221,78.9814941910257,NOISE
2026-04-08T11:00:54.177034,Map-Energy__sum__linear-conv00010-20240912_132002-20240912_192002-45.000000-49.900000.png,2024-09-12T13:20:02,2024-09-12T19:20:02,45.0,49.9,2024-09-12T16:20:02,47.45,10.0532262506808,78.9644950928927,NOISE,2024-09-12T16:20:02,47.45,10.0532262506808,78.9644950928927,NOISE,2024-09-12T16:20:02,47.45,10.0532262506808,78.9644950928927,NOISE,2024-09-12T16:20:02,47.45,10.0532262506808,78.9644950928927,NOISE
2026-04-08T11:00:55.240999,Map-Energy__sum__linear-conv00020-20240912_192002-20240913_012002-45.000000-49.900000.png,2024-09-12T19:20:02,2024-09-13T01:20:02,45.0,49.9,2024-09-12T22:20:02,47.45,10.0532262506808,78.9644950928927,NOISE,2024-09-12T22:20:02,47.45,10.0532262506808,78.9644950928927,NOISE,2024-09-12T22:20:02,47.45,10.0532262506808,78.9644950928927,NOISE,2024-09-12T22:20:02,47.45,10.0532262506808,78.9644950928927,NOISE
2026-04-08T11:00:56.321323,Map-Energy__sum__linear-conv00030-20240913_012002-20240913_072002-45.000000-49.900000.png,2024-09-13T01:20:02,2024-09-13T07:20:02,45.0,49.9,2024-09-13T04:20:02,47.45,10.0532262506808,78.9644950928927,NOISE,2024-09-13T04:20:02,47.45,10.0532262506808,78.9644950928927,NOISE,2024-09-13T04:20:02,47.45,10.0532262506808,78.9644950928927,NOISE,2024-09-13T04:20:02,47.45,10.0532262506808,78.9644950928927,NOISE
2026-04-08T11:00:56.936769,Map-Energy__sum__linear-conv00040-20240913_072002-20240913_132002-45.000000-49.900000.png,2024-09-13T07:20:02,2024-09-13T13:20:02,45.0,49.9,2024-09-13T10:20:02,47.45,10.0532262506808,78.9644950928927,NOISE,2024-09-13T10:20:02,47.45,10.0532262506808,78.9644950928927,NOISE,2024-09-13T10:20:02,47.45,10.0532262506808,78.9644950928927,NOISE,2024-09-13T10:20:02,47.45,10.0532262506808,78.9644950928927,NOISE
2026-04-08T11:00:57.569583,Map-Energy__sum__linear-conv00050-20240913_132002-20240913_192002-45.000000-49.900000.png,2024-09-13T13:20:02,2024-09-13T19:20:02,45.0,49.9,2024-09-13T16:20:02,47.45,10.0532262506808,78.9644950928927,NOISE,2024-09-13T16:20:02,47.45,10.0532262506808,78.9644950928927,NOISE,2024-09-13T16:20:02,47.45,10.0532262506808,78.9644950928927,NOISE,2024-09-13T16:20:02,47.45,10.0532262506808,78.9644950928927,NOISE
2026-04-08T11:00:58.105519,Map-Energy__sum__linear-conv00060-20240913_192002-20240914_012002-45.000000-49.900000.png,2024-09-13T19:20:02,2024-09-14T01:20:02,45.0,49.9,2024-09-13T22:20:02,47.45,10.0532262506808,78.9644950928927,NOISE,2024-09-13T22:20:02,47.45,10.0532262506808,78.9644950928927,NOISE,2024-09-13T22:20:02,47.45,10.0532262506808,78.9644950928927,NOISE,2024-09-13T22:20:02,47.45,10.0532262506808,78.9644950928927,NOISE
2026-04-08T11:00:58.617594,Map-Energy__sum__linear-conv00070-20240914_012002-20240914_072002-45.000000-49.900000.png,2024-09-14T01:20:02,2024-09-14T07:20:02,45.0,49.9,2024-09-14T04:20:02,47.45,10.0532262506808,78.9644950928927,NOISE,2024-09-14T04:20:02,47.45,10.0532262506808,78.9644950928927,NOISE,2024-09-14T04:20:02,47.45,10.0532262506808,78.9644950928927,NOISE,2024-09-14T04:20:02,47.45,10.0532262506808,78.9644950928927,NOISE
2026-04-08T11:00:59.256741,Map-Energy__sum__linear-conv00080-20240914_072002-20240914_132002-45.000000-49.900000.png,2024-09-14T07:20:02,2024-09-14T13:20:02,45.0,49.9,2024-09-14T10:20:02,47.45,10.0532262506808,78.9644950928927,NOISE,2024-09-14T10:20:02,47.45,10.0532262506808,78.9644950928927,NOISE,2024-09-14T10:20:02,47.45,10.0532262506808,78.9644950928927,NOISE,2024-09-14T10:20:02,47.45,10.0532262506808,78.9644950928927,NOISE
2026-04-08T11:00:59.864852,Map-Energy__sum__linear-conv00090-20240914_132002-20240914_192002-45.000000-49.900000.png,2024-09-14T13:20:02,2024-09-14T19:20:02,45.0,49.9,2024-09-14T16:20:02,47.45,10.0532262506808,78.9644950928927,NOISE,2024-09-14T16:20:02,47.45,10.0532262506808,78.9644950928927,NOISE,2024-09-14T16:20:02,47.45,10.0532262506808,78.9644950928927,NOISE,2024-09-14T16:20:02,47.45,10.0532262506808,78.9644950928927,NOISE
2026-04-08T11:01:00.416700,Map-Energy__sum__linear-conv00100-20240914_192002-20240915_012002-45.000000-49.900000.png,2024-09-14T19:20:02,2024-09-15T01:20:02,45.0,49.9,2024-09-14T22:20:02,47.45,10.0532262506808,78.9644950928927,NOISE,2024-09-14T22:20:02,47.45,10.0532262506808,78.9644950928927,NOISE,2024-09-14T22:20:02,47.45,10.0532262506808,78.9644950928927,NOISE,2024-09-14T22:20:02,47.45,10.0532262506808,78.9644950928927,NOISE
2026-04-08T11:01:00.945792,Map-Energy__sum__linear-conv00110-20240915_012002-20240915_072002-45.000000-49.900000.png,2024-09-15T01:20:02,2024-09-15T07:20:02,45.0,49.9,2024-09-15T04:20:02,47.45,10.0532262506808,78.9644950928927,NOISE,2024-09-15T04:20:02,47.45,10.0532262506808,78.9644950928927,NOISE,2024-09-15T04:20:02,47.45,10.0532262506808,78.9644950928927,NOISE,2024-09-15T04:20:02,47.45,10.0532262506808,78.9644950928927,NOISE
2026-04-08T11:01:01.586508,Map-Energy__sum__linear-conv00120-20240915_072002-20240915_132002-45.000000-49.900000.png,2024-09-15T07:20:02,2024-09-15T13:20:02,45.0,49.9,2024-09-15T10:20:02,47.45,10.0532262506808,78.9644950928927,NOISE,2024-09-15T10:20:02,47.45,10.0532262506808,78.9644950928927,NOISE,2024-09-15T10:20:02,47.45,10.0532262506808,78.9644950928927,NOISE,2024-09-15T10:20:02,47.45,10.0532262506808,78.9644950928927,NOISE
2026-04-08T11:01:02.185770,Map-Energy__sum__linear-conv00130-20240915_132002-20240915_192002-45.000000-49.900000.png,2024-09-15T13:20:02,2024-09-15T19:20:02,45.0,49.9,2024-09-15T16:20:02,47.45,10.0532262506808,78.9644950928927,NOISE,2024-09-15T16:20:02,47.45,10.0532262506808,78.9644950928927,NOISE,2024-09-15T16:20:02,47.45,10.0532262506808,78.9644950928927,NOISE,2024-09-15T16:20:02,47.45,10.0532262506808,78.9644950928927,NOISE
2026-04-08T11:01:02.768771,Map-Energy__sum__linear-conv00140-20240915_192002-20240916_012002-45.000000-49.900000.png,2024-09-15T19:20:02,2024-09-16T01:20:02,45.0,49.9,2024-09-15T22:20:02,47.45,10.0532262506808,78.9644950928927,NOISE,2024-09-15T22:20:02,47.45,10.0532262506808,78.9644950928927,NOISE,2024-09-15T22:20:02,47.45,10.0532262506808,78.9644950928927,NOISE,2024-09-15T22:20:02,47.45,10.0532262506808,78.9644950928927,NOISE
2026-04-08T11:01:03.281349,Map-Energy__sum__linear-conv00150-20240916_012002-20240916_072002-45.000000-49.900000.png,2024-09-16T01:20:02,2024-09-16T07:20:02,45.0,49.9,2024-09-16T04:20:02,47.45,10.0532262506808,78.9644950928927,NOISE,2024-09-16T04:20:02,47.45,10.0532262506808,78.9644950928927,NOISE,2024-09-16T04:20:02,47.45,10.0532262506808,78.9644950928927,NOISE,2024-09-16T04:20:02,47.45,10.0532262506808,78.9644950928927,NOISE
2026-04-08T11:01:03.865075,Map-Energy__sum__linear-conv00160-20240916_072002-20240916_132002-45.000000-49.900000.png,2024-09-16T07:20:02,2024-09-16T13:20:02,45.0,49.9,2024-09-16T10:20:02,47.45,10.0532262506808,78.9644950928927,NOISE,2024-09-16T10:20:02,47.45,10.0532262506808,78.9644950928927,NOISE,2024-09-16T10:20:02,47.45,10.0532262506808,78.9644950928927,NOISE,2024-09-16T10:20:02,47.45,10.0532262506808,78.9644950928927,NOISE
2026-04-08T11:01:04.368865,Map-Energy__sum__linear-conv00170-20240916_132002-20240916_192002-45.000000-49.900000.png,2024-09-16T13:20:02,2024-09-16T19:20:02,45.0,49.9,2024-09-16T16:20:02,47.45,10.0532262506808,78.9644950928927,NOISE,2024-09-16T16:20:02,47.45,10.0532262506808,78.9644950928927,NOISE,2024-09-16T16:20:02,47.45,10.0532262506808,78.9644950928927,NOISE,2024-09-16T16:20:02,47.45,10.0532262506808,78.9644950928927,NOISE
2026-04-08T11:01:04.953316,Map-Energy__sum__linear-conv00180-20240916_192002-20240917_012002-45.000000-49.900000.png,2024-09-16T19:20:02,2024-09-17T01:20:02,45.0,49.9,2024-09-16T22:20:02,47.45,10.0532262506808,78.9644950928927,NOISE,2024-09-16T22:20:02,47.45,10.0532262506808,78.9644950928927,NOISE,2024-09-16T22:20:02,47.45,10.0532262506808,78.9644950928927,NOISE,2024-09-16T22:20:02,47.45,10.0532262506808,78.9644950928927,NOISE
2026-04-08T11:01:05.618154,Map-Energy__sum__linear-conv00190-20240917_012002-20240917_072002-45.000000-49.900000.png,2024-09-17T01:20:02,2024-09-17T07:20:02,45.0,49.9,2024-09-17T04:20:02,47.45,10.0532262506808,78.9644950928927,NOISE,2024-09-17T04:20:02,47.45,10.0532262506808,78.9644950928927,NOISE,2024-09-17T04:20:02,47.45,10.0532262506808,78.9644950928927,NOISE,2024-09-17T04:20:02,47.45,10.0532262506808,78.9644950928927,NOISE
2026-04-08T11:01:06.361125,Map-Energy__sum__linear-conv00200-20240917_072002-20240917_132002-45.000000-49.900000.png,2024-09-17T07:20:02,2024-09-17T13:20:02,45.0,49.9,2024-09-17T10:20:02,47.45,10.0532262506808,78.9644950928927,NOISE,2024-09-17T10:20:02,47.45,10.0532262506808,78.9644950928927,NOISE,2024-09-17T10:20:02,47.45,10.0532262506808,78.9644950928927,NOISE,2024-09-17T10:20:02,47.45,10.0532262506808,78.9644950928927,NOISE
2026-04-08T11:01:07.537166,Map-Energy__sum__linear-conv00210-20240917_132002-20240917_192002-45.000000-49.900000.png,2024-09-17T13:20:02,2024-09-17T19:20:02,45.0,49.9,2024-09-17T16:20:02,47.45,10.0532262506808,78.9644950928927,NOISE,2024-09-17T16:20:02,47.45,10.0532262506808,78.9644950928927,NOISE,2024-09-17T16:20:02,47.45,10.0532262506808,78.9644950928927,NOISE,2024-09-17T16:20:02,47.45,10.0532262506808,78.9644950928927,NOISE
2026-04-08T11:01:08.344972,Map-Energy__sum__linear-conv00220-20240917_192002-20240918_012002-45.000000-49.900000.png,2024-09-17T19:20:02,2024-09-18T01:20:02,45.0,49.9,2024-09-17T22:20:02,47.45,10.0532262506808,78.9644950928927,NOISE,2024-09-17T22:20:02,47.45,10.0532262506808,78.9644950928927,NOISE,2024-09-17T22:20:02,47.45,10.0532262506808,78.9644950928927,NOISE,2024-09-17T22:20:02,47.45,10.0532262506808,78.9644950928927,NOISE
2026-04-08T11:01:10.464832,Map-Energy__sum__linear-conv00230-20240918_012002-20240918_072002-45.000000-49.900000.png,2024-09-18T01:20:02,2024-09-18T07:20:02,45.0,49.9,2024-09-18T04:20:02,47.45,10.0532262506808,78.9644950928927,NOISE,2024-09-18T04:20:02,47.45,10.0532262506808,78.9644950928927,NOISE,2024-09-18T04:20:02,47.45,10.0532262506808,78.9644950928927,NOISE,2024-09-18T04:20:02,47.45,10.0532262506808,78.9644950928927,NOISE
2026-04-08T11:01:11.617684,Map-Energy__sum__linear-conv00240-20240918_072002-20240918_132002-45.000000-49.900000.png,2024-09-18T07:20:02,2024-09-18T13:20:02,45.0,49.9,2024-09-18T10:20:02,47.45,10.0532262506808,78.9644950928927,NOISE,2024-09-18T10:20:02,47.45,10.0532262506808,78.9644950928927,NOISE,2024-09-18T10:20:02,47.45,10.0532262506808,78.9644950928927,NOISE,2024-09-18T10:20:02,47.45,10.0532262506808,78.9644950928927,NOISE
2026-04-08T11:01:12.931713,Map-Energy__sum__linear-conv00250-20240918_132002-20240918_192002-45.000000-49.900000.png,2024-09-18T13:20:02,2024-09-18T19:20:02,45.0,49.9,2024-09-18T16:20:02,47.45,10.0532262506808,78.9644950928927,NOISE,2024-09-18T16:20:02,47.45,10.0532262506808,78.9644950928927,NOISE,2024-09-18T16:20:02,47.45,10.0532262506808,78.9644950928927,NOISE,2024-09-18T16:20:02,47.45,10.0532262506808,78.9644950928927,NOISE
2026-04-08T11:01:14.201144,Map-Energy__sum__linear-conv00260-20240918_192002-20240919_012002-45.000000-49.900000.png,2024-09-18T19:20:02,2024-09-19T01:20:02,45.0,49.9,2024-09-18T22:20:02,47.45,10.0532262506808,78.9644950928927,NOISE,2024-09-18T22:20:02,47.45,10.0532262506808,78.9644950928927,NOISE,2024-09-18T22:20:02,47.45,10.0532262506808,78.9644950928927,NOISE,2024-09-18T22:20:02,47.45,10.0532262506808,78.9644950928927,NOISE
2026-04-08T11:01:15.761278,Map-Energy__sum__linear-conv00270-20240919_012002-20240919_072002-45.000000-49.900000.png,2024-09-19T01:20:02,2024-09-19T07:20:02,45.0,49.9,2024-09-19T04:20:02,47.45,10.0532262506808,78.9644950928927,NOISE,2024-09-19T04:20:02,47.45,10.0532262506808,78.9644950928927,NOISE,2024-09-19T04:20:02,47.45,10.0532262506808,78.9644950928927,NOISE,2024-09-19T04:20:02,47.45,10.0532262506808,78.9644950928927,NOISE
2026-04-08T11:01:16.721062,Map-Energy__sum__linear-conv00280-20240919_072002-20240919_132002-45.000000-49.900000.png,2024-09-19T07:20:02,2024-09-19T13:20:02,45.0,49.9,2024-09-19T10:20:02,47.45,10.0532262506808,78.9644950928927,NOISE,2024-09-19T10:20:02,47.45,10.0532262506808,78.9644950928927,NOISE,2024-09-19T10:20:02,47.45,10.0532262506808,78.9644950928927,NOISE,2024-09-19T10:20:02,47.45,10.0532262506808,78.9644950928927,NOISE
2026-04-08T11:01:18.473153,Map-Energy__sum__linear-conv00290-20240919_132002-20240919_192002-45.000000-49.900000.png,2024-09-19T13:20:02,2024-09-19T19:20:02,45.0,49.9,2024-09-19T16:20:02,47.45,10.0532262506808,78.9644950928927,NOISE,2024-09-19T16:20:02,47.45,10.0532262506808,78.9644950928927,NOISE,2024-09-19T16:20:02,47.45,10.0532262506808,78.9644950928927,NOISE,2024-09-19T16:20:02,47.45,10.0532262506808,78.9644950928927,NOISE
2026-04-08T11:01:19.768716,Map-Energy__sum__linear-conv00300-20240919_132002-20240919_192002-45.000000-49.900000.png,2024-09-19T13:20:02,2024-09-19T19:20:02,45.0,49.9,2024-09-19T16:20:02,47.45,10.0532262506808,78.9644950928927,NOISE,2024-09-19T16:20:02,47.45,10.0532262506808,78.9644950928927,NOISE,2024-09-19T16:20:02,47.45,10.0532262506808,78.9644950928927,NOISE,2024-09-19T16:20:02,47.45,10.0532262506808,78.9644950928927,NOISE
2026-04-08T11:01:24.409953,Map-Energy__sum__linear-conv00310-20240919_192002-20240920_012002-45.000000-49.900000.png,2024-09-19T19:20:02,2024-09-20T01:20:02,45.0,49.9,2024-09-19T22:20:02,47.45,10.0532262506808,78.9644950928927,SEISMIC,2024-09-19T22:20:02,47.45,10.0532262506808,78.9644950928927,NOISE,2024-09-19T22:20:02,47.45,10.0532262506808,78.9644950928927,NOISE,2024-09-19T22:20:02,47.45,10.0532262506808,78.9644950928927,NOISE
2026-04-08T11:01:25.713883,Map-Energy__sum__linear-conv00320-20240920_012002-20240920_072002-45.000000-49.900000.png,2024-09-20T01:20:02,2024-09-20T07:20:02,45.0,49.9,2024-09-20T04:20:02,47.45,10.0532262506808,78.9644950928927,NOISE,2024-09-20T04:20:02,47.45,10.0532262506808,78.9644950928927,NOISE,2024-09-20T04:20:02,47.45,10.0532262506808,78.9644950928927,NOISE,2024-09-20T04:20:02,47.45,10.0532262506808,78.9644950928927,NOISE
2026-04-08T11:01:26.954041,Map-Energy__sum__linear-conv00330-20240920_072002-20240920_132002-45.000000-49.900000.png,2024-09-20T07:20:02,2024-09-20T13:20:02,45.0,49.9,2024-09-20T10:20:02,47.45,10.0532262506808,78.9644950928927,NOISE,2024-09-20T10:20:02,47.45,10.0532262506808,78.9644950928927,NOISE,2024-09-20T10:20:02,47.45,10.0532262506808,78.9644950928927,NOISE,2024-09-20T10:20:02,47.45,10.0532262506808,78.9644950928927,NOISE
2026-04-08T11:01:27.857003,Map-Energy__sum__linear-conv00340-20240920_132002-20240920_192002-45.000000-49.900000.png,2024-09-20T13:20:02,2024-09-20T19:20:02,45.0,49.9,2024-09-20T16:20:02,47.45,10.0532262506808,78.9644950928927,NOISE,2024-09-20T16:20:02,47.45,10.0532262506808,78.9644950928927,NOISE,2024-09-20T16:20:02,47.45,10.0532262506808,78.9644950928927,NOISE,2024-09-20T16:20:02,47.45,10.0532262506808,78.9644950928927,NOISE
2026-04-08T11:01:28.769716,Map-Energy__sum__linear-conv00350-20240920_192002-20240921_012002-45.000000-49.900000.png,2024-09-20T19:20:02,2024-09-21T01:20:02,45.0,49.9,2024-09-20T22:20:02,47.45,10.0532262506808,78.9644950928927,NOISE,2024-09-20T22:20:02,47.45,10.0532262506808,78.9644950928927,NOISE,2024-09-20T22:20:02,47.45,10.0532262506808,78.9644950928927,NOISE,2024-09-20T22:20:02,47.45,10.0532262506808,78.9644950928927,NOISE
2026-04-08T11:01:29.635315,Map-Energy__sum__linear-conv00360-20240921_012002-20240921_072002-45.000000-49.900000.png,2024-09-21T01:20:02,2024-09-21T07:20:02,45.0,49.9,2024-09-21T04:20:02,47.45,10.0532262506808,78.9644950928927,NOISE,2024-09-21T04:20:02,47.45,10.0532262506808,78.9644950928927,NOISE,2024-09-21T04:20:02,47.45,10.0532262506808,78.9644950928927,NOISE,2024-09-21T04:20:02,47.45,10.0532262506808,78.9644950928927,NOISE
2026-04-08T11:01:30.465010,Map-Energy__sum__linear-conv00370-20240921_072002-20240921_132002-45.000000-49.900000.png,2024-09-21T07:20:02,2024-09-21T13:20:02,45.0,49.9,2024-09-21T10:20:02,47.45,10.0532262506808,78.9644950928927,NOISE,2024-09-21T10:20:02,47.45,10.0532262506808,78.9644950928927,NOISE,2024-09-21T10:20:02,47.45,10.0532262506808,78.9644950928927,NOISE,2024-09-21T10:20:02,47.45,10.0532262506808,78.9644950928927,NOISE
2026-04-08T11:01:31.505080,Map-Energy__sum__linear-conv00380-20240921_132002-20240921_192002-45.000000-49.900000.png,2024-09-21T13:20:02,2024-09-21T19:20:02,45.0,49.9,2024-09-21T16:20:02,47.45,10.0532262506808,78.9644950928927,NOISE,2024-09-21T16:20:02,47.45,10.0532262506808,78.9644950928927,NOISE,2024-09-21T16:20:02,47.45,10.0532262506808,78.9644950928927,NOISE,2024-09-21T16:20:02,47.45,10.0532262506808,78.9644950928927,NOISE
2026-04-08T11:01:33.208996,Map-Energy__sum__linear-conv00390-20240921_192002-20240922_012002-45.000000-49.900000.png,2024-09-21T19:20:02,2024-09-22T01:20:02,45.0,49.9,2024-09-21T22:20:02,47.45,10.0532262506808,78.9644950928927,NOISE,2024-09-21T22:20:02,47.45,10.0532262506808,78.9644950928927,NOISE,2024-09-21T22:20:02,47.45,10.0532262506808,78.9644950928927,NOISE,2024-09-21T22:20:02,47.45,10.0532262506808,78.9644950928927,NOISE
2026-04-08T11:01:35.737165,Map-Energy__sum__linear-conv00400-20240922_012002-20240922_072002-45.000000-49.900000.png,2024-09-22T01:20:02,2024-09-22T07:20:02,45.0,49.9,2024-09-22T04:20:02,47.45,10.0532262506808,78.9644950928927,NOISE,2024-09-22T04:20:02,47.45,10.0532262506808,78.9644950928927,NOISE,2024-09-22T04:20:02,47.45,10.0532262506808,78.9644950928927,NOISE,2024-09-22T04:20:02,47.45,10.0532262506808,78.9644950928927,NOISE
2026-04-08T11:01:36.561026,Map-Energy__sum__linear-conv00410-20240922_072002-20240922_132002-45.000000-49.900000.png,2024-09-22T07:20:02,2024-09-22T13:20:02,45.0,49.9,2024-09-22T10:20:02,47.45,10.0532262506808,78.9644950928927,NOISE,2024-09-22T10:20:02,47.45,10.0532262506808,78.9644950928927,NOISE,2024-09-22T10:20:02,47.45,10.0532262506808,78.9644950928927,NOISE,2024-09-22T10:20:02,47.45,10.0532262506808,78.9644950928927,NOISE
2026-04-08T11:01:37.609691,Map-Energy__sum__linear-conv00420-20240922_132002-20240922_192002-45.000000-49.900000.png,2024-09-22T13:20:02,2024-09-22T19:20:02,45.0,49.9,2024-09-22T16:20:02,47.45,10.0532262506808,78.9644950928927,NOISE,2024-09-22T16:20:02,47.45,10.0532262506808,78.9644950928927,NOISE,2024-09-22T16:20:02,47.45,10.0532262506808,78.9644950928927,NOISE,2024-09-22T16:20:02,47.45,10.0532262506808,78.9644950928927,NOISE
2026-04-08T11:01:38.345173,Map-Energy__sum__linear-conv00430-20240922_192002-20240923_012002-45.000000-49.900000.png,2024-09-22T19:20:02,2024-09-23T01:20:02,45.0,49.9,2024-09-22T22:20:02,47.45,10.0532262506808,78.9644950928927,NOISE,2024-09-22T22:20:02,47.45,10.0532262506808,78.9644950928927,NOISE,2024-09-22T22:20:02,47.45,10.0532262506808,78.9644950928927,NOISE,2024-09-22T22:20:02,47.45,10.0532262506808,78.9644950928927,NOISE
2026-04-08T11:01:39.081329,Map-Energy__sum__linear-conv00440-20240923_012002-20240923_072002-45.000000-49.900000.png,2024-09-23T01:20:02,2024-09-23T07:20:02,45.0,49.9,2024-09-23T04:20:02,47.45,10.0532262506808,78.9644950928927,NOISE,2024-09-23T04:20:02,47.45,10.0532262506808,78.9644950928927,NOISE,2024-09-23T04:20:02,47.45,10.0532262506808,78.9644950928927,NOISE,2024-09-23T04:20:02,47.45,10.0532262506808,78.9644950928927,NOISE
2026-04-08T11:01:39.745085,Map-Energy__sum__linear-conv00450-20240923_072002-20240923_132002-45.000000-49.900000.png,2024-09-23T07:20:02,2024-09-23T13:20:02,45.0,49.9,2024-09-23T10:20:02,47.45,10.0532262506808,78.9644950928927,NOISE,2024-09-23T10:20:02,47.45,10.0532262506808,78.9644950928927,NOISE,2024-09-23T10:20:02,47.45,10.0532262506808,78.9644950928927,NOISE,2024-09-23T10:20:02,47.45,10.0532262506808,78.9644950928927,NOISE
2026-04-08T11:01:40.409031,Map-Energy__sum__linear-conv00460-20240923_132002-20240923_192002-45.000000-49.900000.png,2024-09-23T13:20:02,2024-09-23T19:20:02,45.0,49.9,2024-09-23T16:20:02,47.45,10.0532262506808,78.9644950928927,NOISE,2024-09-23T16:20:02,47.45,10.0532262506808,78.9644950928927,NOISE,2024-09-23T16:20:02,47.45,10.0532262506808,78.9644950928927,NOISE,2024-09-23T16:20:02,47.45,10.0532262506808,78.9644950928927,NOISE
2026-04-08T11:01:41.160967,Map-Energy__sum__linear-conv00470-20240923_192002-20240924_012002-45.000000-49.900000.png,2024-09-23T19:20:02,2024-09-24T01:20:02,45.0,49.9,2024-09-23T22:20:02,47.45,10.0532262506808,78.9644950928927,NOISE,2024-09-23T22:20:02,47.45,10.0532262506808,78.9644950928927,NOISE,2024-09-23T22:20:02,47.45,10.0532262506808,78.9644950928927,NOISE,2024-09-23T22:20:02,47.45,10.0532262506808,78.9644950928927,NOISE
2026-04-08T11:01:41.832958,Map-Energy__sum__linear-conv00480-20240924_012002-20240924_072002-45.000000-49.900000.png,2024-09-24T01:20:02,2024-09-24T07:20:02,45.0,49.9,2024-09-24T04:20:02,47.45,10.0532262506808,78.9644950928927,NOISE,2024-09-24T04:20:02,47.45,10.0532262506808,78.9644950928927,NOISE,2024-09-24T04:20:02,47.45,10.0532262506808,78.9644950928927,NOISE,2024-09-24T04:20:02,47.45,10.0532262506808,78.9644950928927,NOISE
2026-04-08T11:01:42.577578,Map-Energy__sum__linear-conv00490-20240924_072002-20240924_132002-45.000000-49.900000.png,2024-09-24T07:20:02,2024-09-24T13:20:02,45.0,49.9,2024-09-24T10:20:02,47.45,10.0532262506808,78.9644950928927,NOISE,2024-09-24T10:20:02,47.45,10.0532262506808,78.9644950928927,NOISE,2024-09-24T10:20:02,47.45,10.0532262506808,78.9644950928927,NOISE,2024-09-24T10:20:02,47.45,10.0532262506808,78.9644950928927,NOISE
2026-04-08T11:01:43.537144,Map-Energy__sum__linear-conv00500-20240924_132002-20240924_192002-45.000000-49.900000.png,2024-09-24T13:20:02,2024-09-24T19:20:02,45.0,49.9,2024-09-24T16:20:02,47.45,10.0532262506808,78.9644950928927,NOISE,2024-09-24T16:20:02,47.45,10.0532262506808,78.9644950928927,NOISE,2024-09-24T16:20:02,47.45,10.0532262506808,78.9644950928927,NOISE,2024-09-24T16:20:02,47.45,10.0532262506808,78.9644950928927,NOISE
2026-04-08T11:01:44.288728,Map-Energy__sum__linear-conv00510-20240924_192002-20240925_012002-45.000000-49.900000.png,2024-09-24T19:20:02,2024-09-25T01:20:02,45.0,49.9,2024-09-24T22:20:02,47.45,10.0532262506808,78.9644950928927,NOISE,2024-09-24T22:20:02,47.45,10.0532262506808,78.9644950928927,NOISE,2024-09-24T22:20:02,47.45,10.0532262506808,78.9644950928927,NOISE,2024-09-24T22:20:02,47.45,10.0532262506808,78.9644950928927,NOISE
2026-04-08T11:01:45.049239,Map-Energy__sum__linear-conv00520-20240925_012002-20240925_072002-45.000000-49.900000.png,2024-09-25T01:20:02,2024-09-25T07:20:02,45.0,49.9,2024-09-25T04:20:02,47.45,10.0532262506808,78.9644950928927,NOISE,2024-09-25T04:20:02,47.45,10.0532262506808,78.9644950928927,NOISE,2024-09-25T04:20:02,47.45,10.0532262506808,78.9644950928927,NOISE,2024-09-25T04:20:02,47.45,10.0532262506808,78.9644950928927,NOISE
2026-04-08T11:01:45.688903,Map-Energy__sum__linear-conv00530-20240925_072002-20240925_132002-45.000000-49.900000.png,2024-09-25T07:20:02,2024-09-25T13:20:02,45.0,49.9,2024-09-25T10:20:02,47.45,10.0532262506808,78.9644950928927,NOISE,2024-09-25T10:20:02,47.45,10.0532262506808,78.9644950928927,NOISE,2024-09-25T10:20:02,47.45,10.0532262506808,78.9644950928927,NOISE,2024-09-25T10:20:02,47.45,10.0532262506808,78.9644950928927,NOISE
2026-04-08T11:01:46.281800,Map-Energy__sum__linear-conv00540-20240925_132002-20240925_192002-45.000000-49.900000.png,2024-09-25T13:20:02,2024-09-25T19:20:02,45.0,49.9,2024-09-25T16:20:02,47.45,10.0532262506808,78.9644950928927,NOISE,2024-09-25T16:20:02,47.45,10.0532262506808,78.9644950928927,NOISE,2024-09-25T16:20:02,47.45,10.0532262506808,78.9644950928927,NOISE,2024-09-25T16:20:02,47.45,10.0532262506808,78.9644950928927,NOISE
2026-04-08T11:01:47.000725,Map-Energy__sum__linear-conv00550-20240925_192002-20240926_012002-45.000000-49.900000.png,2024-09-25T19:20:02,2024-09-26T01:20:02,45.0,49.9,2024-09-25T22:20:02,47.45,10.0532262506808,78.9644950928927,NOISE,2024-09-25T22:20:02,47.45,10.0532262506808,78.9644950928927,NOISE,2024-09-25T22:20:02,47.45,10.0532262506808,78.9644950928927,NOISE,2024-09-25T22:20:02,47.45,10.0532262506808,78.9644950928927,NOISE
2026-04-08T11:01:47.609431,Map-Energy__sum__linear-conv00560-20240926_012002-20240926_072002-45.000000-49.900000.png,2024-09-26T01:20:02,2024-09-26T07:20:02,45.0,49.9,2024-09-26T04:20:02,47.45,10.0532262506808,78.9644950928927,NOISE,2024-09-26T04:20:02,47.45,10.0532262506808,78.9644950928927,NOISE,2024-09-26T04:20:02,47.45,10.0532262506808,78.9644950928927,NOISE,2024-09-26T04:20:02,47.45,10.0532262506808,78.9644950928927,NOISE
2026-04-08T11:01:48.240839,Map-Energy__sum__linear-conv00570-20240926_072002-20240926_132002-45.000000-49.900000.png,2024-09-26T07:20:02,2024-09-26T13:20:02,45.0,49.9,2024-09-26T10:20:02,47.45,10.0532262506808,78.9644950928927,NOISE,2024-09-26T10:20:02,47.45,10.0532262506808,78.9644950928927,NOISE,2024-09-26T10:20:02,47.45,10.0532262506808,78.9644950928927,NOISE,2024-09-26T10:20:02,47.45,10.0532262506808,78.9644950928927,NOISE
2026-04-08T11:01:48.905070,Map-Energy__sum__linear-conv00580-20240926_132002-20240926_192002-45.000000-49.900000.png,2024-09-26T13:20:02,2024-09-26T19:20:02,45.0,49.9,2024-09-26T16:20:02,47.45,10.0532262506808,78.9644950928927,NOISE,2024-09-26T16:20:02,47.45,10.0532262506808,78.9644950928927,NOISE,2024-09-26T16:20:02,47.45,10.0532262506808,78.9644950928927,NOISE,2024-09-26T16:20:02,47.45,10.0532262506808,78.9644950928927,NOISE
2026-04-08T11:01:49.497454,Map-Energy__sum__linear-conv00590-20240926_132002-20240926_192002-45.000000-49.900000.png,2024-09-26T13:20:02,2024-09-26T19:20:02,45.0,49.9,2024-09-26T16:20:02,47.45,10.0532262506808,78.9644950928927,NOISE,2024-09-26T16:20:02,47.45,10.0532262506808,78.9644950928927,NOISE,2024-09-26T16:20:02,47.45,10.0532262506808,78.9644950928927,NOISE,2024-09-26T16:20:02,47.45,10.0532262506808,78.9644950928927,NOISE
2026-04-08T11:01:51.497909,Map-Energy__sum__linear-conv00600-20240926_192002-20240927_012002-45.000000-49.900000.png,2024-09-26T19:20:02,2024-09-27T01:20:02,45.0,49.9,2024-09-26T22:20:02,47.45,10.0532262506808,78.9644950928927,NOISE,2024-09-26T22:20:02,47.45,10.0532262506808,78.9644950928927,NOISE,2024-09-26T22:20:02,47.45,10.0532262506808,78.9644950928927,NOISE,2024-09-26T22:20:02,47.45,10.0532262506808,78.9644950928927,NOISE
2026-04-08T11:01:52.298263,Map-Energy__sum__linear-conv00610-20240927_012002-20240927_072002-45.000000-49.900000.png,2024-09-27T01:20:02,2024-09-27T07:20:02,45.0,49.9,2024-09-27T04:20:02,47.45,10.0532262506808,78.9644950928927,NOISE,2024-09-27T04:20:02,47.45,10.0532262506808,78.9644950928927,NOISE,2024-09-27T04:20:02,47.45,10.0532262506808,78.9644950928927,NOISE,2024-09-27T04:20:02,47.45,10.0532262506808,78.9644950928927,NOISE
2026-04-08T11:01:53.201514,Map-Energy__sum__linear-conv00620-20240927_072002-20240927_132002-45.000000-49.900000.png,2024-09-27T07:20:02,2024-09-27T13:20:02,45.0,49.9,2024-09-27T10:20:02,47.45,10.0532262506808,78.9644950928927,NOISE,2024-09-27T10:20:02,47.45,10.0532262506808,78.9644950928927,NOISE,2024-09-27T10:20:02,47.45,10.0532262506808,78.9644950928927,NOISE,2024-09-27T10:20:02,47.45,10.0532262506808,78.9644950928927,NOISE
2026-04-08T11:01:53.977073,Map-Energy__sum__linear-conv00630-20240927_132002-20240927_192002-45.000000-49.900000.png,2024-09-27T13:20:02,2024-09-27T19:20:02,45.0,49.9,2024-09-27T16:20:02,47.45,10.0532262506808,78.9644950928927,NOISE,2024-09-27T16:20:02,47.45,10.0532262506808,78.9644950928927,NOISE,2024-09-27T16:20:02,47.45,10.0532262506808,78.9644950928927,NOISE,2024-09-27T16:20:02,47.45,10.0532262506808,78.9644950928927,NOISE
2026-04-08T11:01:54.768944,Map-Energy__sum__linear-conv00640-20240927_192002-20240928_012002-45.000000-49.900000.png,2024-09-27T19:20:02,2024-09-28T01:20:02,45.0,49.9,2024-09-27T22:20:02,47.45,10.0532262506808,78.9644950928927,NOISE,2024-09-27T22:20:02,47.45,10.0532262506808,78.9644950928927,NOISE,2024-09-27T22:20:02,47.45,10.0532262506808,78.9644950928927,NOISE,2024-09-27T22:20:02,47.45,10.0532262506808,78.9644950928927,NOISE
2026-04-08T11:01:55.537122,Map-Energy__sum__linear-conv00650-20240928_012002-20240928_072002-45.000000-49.900000.png,2024-09-28T01:20:02,2024-09-28T07:20:02,45.0,49.9,2024-09-28T04:20:02,47.45,10.0532262506808,78.9644950928927,NOISE,2024-09-28T04:20:02,47.45,10.0532262506808,78.9644950928927,NOISE,2024-09-28T04:20:02,47.45,10.0532262506808,78.9644950928927,NOISE,2024-09-28T04:20:02,47.45,10.0532262506808,78.9644950928927,NOISE
2026-04-08T11:01:56.297914,Map-Energy__sum__linear-conv00660-20240928_072002-20240928_132002-45.000000-49.900000.png,2024-09-28T07:20:02,2024-09-28T13:20:02,45.0,49.9,2024-09-28T10:20:02,47.45,10.0532262506808,78.9644950928927,NOISE,2024-09-28T10:20:02,47.45,10.0532262506808,78.9644950928927,NOISE,2024-09-28T10:20:02,47.45,10.0532262506808,78.9644950928927,NOISE,2024-09-28T10:20:02,47.45,10.0532262506808,78.9644950928927,NOISE
2026-04-08T11:01:56.977033,Map-Energy__sum__linear-conv00670-20240928_132002-20240928_192002-45.000000-49.900000.png,2024-09-28T13:20:02,2024-09-28T19:20:02,45.0,49.9,2024-09-28T16:20:02,47.45,10.0532262506808,78.9644950928927,NOISE,2024-09-28T16:20:02,47.45,10.0532262506808,78.9644950928927,NOISE,2024-09-28T16:20:02,47.45,10.0532262506808,78.9644950928927,NOISE,2024-09-28T16:20:02,47.45,10.0532262506808,78.9644950928927,NOISE
2026-04-08T11:01:57.585909,Map-Energy__sum__linear-conv00680-20240928_192002-20240929_012002-45.000000-49.900000.png,2024-09-28T19:20:02,2024-09-29T01:20:02,45.0,49.9,2024-09-28T22:20:02,47.45,10.0532262506808,78.9644950928927,NOISE,2024-09-28T22:20:02,47.45,10.0532262506808,78.9644950928927,NOISE,2024-09-28T22:20:02,47.45,10.0532262506808,78.9644950928927,NOISE,2024-09-28T22:20:02,47.45,10.0532262506808,78.9644950928927,NOISE
2026-04-08T11:01:58.233797,Map-Energy__sum__linear-conv00690-20240929_012002-20240929_072002-45.000000-49.900000.png,2024-09-29T01:20:02,2024-09-29T07:20:02,45.0,49.9,2024-09-29T04:20:02,47.45,10.0532262506808,78.9644950928927,NOISE,2024-09-29T04:20:02,47.45,10.0532262506808,78.9644950928927,NOISE,2024-09-29T04:20:02,47.45,10.0532262506808,78.9644950928927,NOISE,2024-09-29T04:20:02,47.45,10.0532262506808,78.9644950928927,NOISE
2026-04-08T11:01:59.009126,Map-Energy__sum__linear-conv00700-20240929_072002-20240929_132002-45.000000-49.900000.png,2024-09-29T07:20:02,2024-09-29T13:20:02,45.0,49.9,2024-09-29T10:20:02,47.45,10.0532262506808,78.9644950928927,NOISE,2024-09-29T10:20:02,47.45,10.0532262506808,78.9644950928927,NOISE,2024-09-29T10:20:02,47.45,10.0532262506808,78.9644950928927,NOISE,2024-09-29T10:20:02,47.45,10.0532262506808,78.9644950928927,NOISE
2026-04-08T11:01:59.785764,Map-Energy__sum__linear-conv00710-20240929_132002-20240929_192002-45.000000-49.900000.png,2024-09-29T13:20:02,2024-09-29T19:20:02,45.0,49.9,2024-09-29T16:20:02,47.45,10.0532262506808,78.9644950928927,NOISE,2024-09-29T16:20:02,47.45,10.0532262506808,78.9644950928927,NOISE,2024-09-29T16:20:02,47.45,10.0532262506808,78.9644950928927,NOISE,2024-09-29T16:20:02,47.45,10.0532262506808,78.9644950928927,NOISE
2026-04-08T11:02:00.968998,Map-Energy__sum__linear-conv00720-20240929_192002-20240930_012002-45.000000-49.900000.png,2024-09-29T19:20:02,2024-09-30T01:20:02,45.0,49.9,2024-09-29T22:20:02,47.45,10.0532262506808,78.9644950928927,NOISE,2024-09-29T22:20:02,47.45,10.0532262506808,78.9644950928927,NOISE,2024-09-29T22:20:02,47.45,10.0532262506808,78.9644950928927,NOISE,2024-09-29T22:20:02,47.45,10.0532262506808,78.9644950928927,NOISE
