edited_at,filename,init_dt,end_dt,init_km,end_km,event1_dt,event1_km,event1_lon,event1_lat,event1_label,event2_dt,event2_km,event2_lon,event2_lat,event2_label,event3_dt,event3_km,event3_lon,event3_lat,event3_label,event4_dt,event4_km,event4_lon,event4_lat,event4_label
2026-04-20T09:08:42.480552,Map-Energy__sum__linear-conv00001-20250301_000047-20250301_060047-0.050000-5.000000.png,2025-03-01T00:00:47,2025-03-01T06:00:47,0.05,5.0,2025-03-01T03:00:47,2.525,11.9301635288236,78.9554869237935,NOISE,2025-03-01T03:00:47,2.525,11.9301635288236,78.9554869237935,NOISE,2025-03-01T03:00:47,2.525,11.9301635288236,78.9554869237935,NOISE,2025-03-01T03:00:47,2.525,11.9301635288236,78.9554869237935,NOISE
2026-04-20T09:08:49.680502,Map-Energy__sum__linear-conv00011-20250301_060047-20250301_120047-0.050000-5.000000.png,2025-03-01T06:00:47,2025-03-01T12:00:47,0.05,5.0,2025-03-01T09:00:47,2.525,11.9301635288236,78.9554869237935,NOISE,2025-03-01T09:00:47,2.525,11.9301635288236,78.9554869237935,NOISE,2025-03-01T09:00:47,2.525,11.9301635288236,78.9554869237935,NOISE,2025-03-01T09:00:47,2.525,11.9301635288236,78.9554869237935,NOISE
2026-04-20T09:08:51.569150,Map-Energy__sum__linear-conv00021-20250301_120047-20250301_180047-0.050000-5.000000.png,2025-03-01T12:00:47,2025-03-01T18:00:47,0.05,5.0,2025-03-01T15:00:47,2.525,11.9301635288236,78.9554869237935,NOISE,2025-03-01T15:00:47,2.525,11.9301635288236,78.9554869237935,NOISE,2025-03-01T15:00:47,2.525,11.9301635288236,78.9554869237935,NOISE,2025-03-01T15:00:47,2.525,11.9301635288236,78.9554869237935,NOISE
2026-04-20T09:08:53.033023,Map-Energy__sum__linear-conv00031-20250301_180047-20250302_000047-0.050000-5.000000.png,2025-03-01T18:00:47,2025-03-02T00:00:47,0.05,5.0,2025-03-01T21:00:47,2.525,11.9301635288236,78.9554869237935,NOISE,2025-03-01T21:00:47,2.525,11.9301635288236,78.9554869237935,NOISE,2025-03-01T21:00:47,2.525,11.9301635288236,78.9554869237935,NOISE,2025-03-01T21:00:47,2.525,11.9301635288236,78.9554869237935,NOISE
2026-04-20T09:08:54.096631,Map-Energy__sum__linear-conv00041-20250302_000047-20250302_060047-0.050000-5.000000.png,2025-03-02T00:00:47,2025-03-02T06:00:47,0.05,5.0,2025-03-02T03:00:47,2.525,11.9301635288236,78.9554869237935,NOISE,2025-03-02T03:00:47,2.525,11.9301635288236,78.9554869237935,NOISE,2025-03-02T03:00:47,2.525,11.9301635288236,78.9554869237935,NOISE,2025-03-02T03:00:47,2.525,11.9301635288236,78.9554869237935,NOISE
2026-04-20T09:08:55.288421,Map-Energy__sum__linear-conv00051-20250302_060047-20250302_120047-0.050000-5.000000.png,2025-03-02T06:00:47,2025-03-02T12:00:47,0.05,5.0,2025-03-02T09:00:47,2.525,11.9301635288236,78.9554869237935,NOISE,2025-03-02T09:00:47,2.525,11.9301635288236,78.9554869237935,NOISE,2025-03-02T09:00:47,2.525,11.9301635288236,78.9554869237935,NOISE,2025-03-02T09:00:47,2.525,11.9301635288236,78.9554869237935,NOISE
2026-04-20T09:08:57.016238,Map-Energy__sum__linear-conv00061-20250302_120047-20250302_180047-0.050000-5.000000.png,2025-03-02T12:00:47,2025-03-02T18:00:47,0.05,5.0,2025-03-02T15:00:47,2.525,11.9301635288236,78.9554869237935,NOISE,2025-03-02T15:00:47,2.525,11.9301635288236,78.9554869237935,NOISE,2025-03-02T15:00:47,2.525,11.9301635288236,78.9554869237935,NOISE,2025-03-02T15:00:47,2.525,11.9301635288236,78.9554869237935,NOISE
2026-04-20T09:08:58.376485,Map-Energy__sum__linear-conv00071-20250302_180047-20250303_000047-0.050000-5.000000.png,2025-03-02T18:00:47,2025-03-03T00:00:47,0.05,5.0,2025-03-02T21:00:47,2.525,11.9301635288236,78.9554869237935,NOISE,2025-03-02T21:00:47,2.525,11.9301635288236,78.9554869237935,NOISE,2025-03-02T21:00:47,2.525,11.9301635288236,78.9554869237935,NOISE,2025-03-02T21:00:47,2.525,11.9301635288236,78.9554869237935,NOISE
2026-04-20T09:08:59.688546,Map-Energy__sum__linear-conv00081-20250303_000047-20250303_060047-0.050000-5.000000.png,2025-03-03T00:00:47,2025-03-03T06:00:47,0.05,5.0,2025-03-03T03:00:47,2.525,11.9301635288236,78.9554869237935,NOISE,2025-03-03T03:00:47,2.525,11.9301635288236,78.9554869237935,NOISE,2025-03-03T03:00:47,2.525,11.9301635288236,78.9554869237935,NOISE,2025-03-03T03:00:47,2.525,11.9301635288236,78.9554869237935,NOISE
2026-04-20T09:09:00.888697,Map-Energy__sum__linear-conv00091-20250303_060047-20250303_120047-0.050000-5.000000.png,2025-03-03T06:00:47,2025-03-03T12:00:47,0.05,5.0,2025-03-03T09:00:47,2.525,11.9301635288236,78.9554869237935,NOISE,2025-03-03T09:00:47,2.525,11.9301635288236,78.9554869237935,NOISE,2025-03-03T09:00:47,2.525,11.9301635288236,78.9554869237935,NOISE,2025-03-03T09:00:47,2.525,11.9301635288236,78.9554869237935,NOISE
2026-04-20T09:09:02.553024,Map-Energy__sum__linear-conv00002-20250303_120047-20250303_180047-0.050000-5.000000.png,2025-03-03T12:00:47,2025-03-03T18:00:47,0.05,5.0,2025-03-03T15:00:47,2.525,11.9301635288236,78.9554869237935,NOISE,2025-03-03T15:00:47,2.525,11.9301635288236,78.9554869237935,NOISE,2025-03-03T15:00:47,2.525,11.9301635288236,78.9554869237935,NOISE,2025-03-03T15:00:47,2.525,11.9301635288236,78.9554869237935,NOISE
2026-04-20T09:09:04.128686,Map-Energy__sum__linear-conv00012-20250303_180047-20250304_000047-0.050000-5.000000.png,2025-03-03T18:00:47,2025-03-04T00:00:47,0.05,5.0,2025-03-03T21:00:47,2.525,11.9301635288236,78.9554869237935,NOISE,2025-03-03T21:00:47,2.525,11.9301635288236,78.9554869237935,NOISE,2025-03-03T21:00:47,2.525,11.9301635288236,78.9554869237935,NOISE,2025-03-03T21:00:47,2.525,11.9301635288236,78.9554869237935,NOISE
2026-04-20T09:09:05.936500,Map-Energy__sum__linear-conv00022-20250304_000047-20250304_060047-0.050000-5.000000.png,2025-03-04T00:00:47,2025-03-04T06:00:47,0.05,5.0,2025-03-04T03:00:47,2.525,11.9301635288236,78.9554869237935,NOISE,2025-03-04T03:00:47,2.525,11.9301635288236,78.9554869237935,NOISE,2025-03-04T03:00:47,2.525,11.9301635288236,78.9554869237935,NOISE,2025-03-04T03:00:47,2.525,11.9301635288236,78.9554869237935,NOISE
2026-04-20T09:09:07.409185,Map-Energy__sum__linear-conv00032-20250304_060047-20250304_120047-0.050000-5.000000.png,2025-03-04T06:00:47,2025-03-04T12:00:47,0.05,5.0,2025-03-04T09:00:47,2.525,11.9301635288236,78.9554869237935,NOISE,2025-03-04T09:00:47,2.525,11.9301635288236,78.9554869237935,NOISE,2025-03-04T09:00:47,2.525,11.9301635288236,78.9554869237935,NOISE,2025-03-04T09:00:47,2.525,11.9301635288236,78.9554869237935,NOISE
2026-04-20T09:09:09.009312,Map-Energy__sum__linear-conv00042-20250304_120047-20250304_180047-0.050000-5.000000.png,2025-03-04T12:00:47,2025-03-04T18:00:47,0.05,5.0,2025-03-04T15:00:47,2.525,11.9301635288236,78.9554869237935,NOISE,2025-03-04T15:00:47,2.525,11.9301635288236,78.9554869237935,NOISE,2025-03-04T15:00:47,2.525,11.9301635288236,78.9554869237935,NOISE,2025-03-04T15:00:47,2.525,11.9301635288236,78.9554869237935,NOISE
2026-04-20T09:09:11.504699,Map-Energy__sum__linear-conv00052-20250304_180047-20250305_000047-0.050000-5.000000.png,2025-03-04T18:00:47,2025-03-05T00:00:47,0.05,5.0,2025-03-04T21:00:47,2.525,11.9301635288236,78.9554869237935,NOISE,2025-03-04T21:00:47,2.525,11.9301635288236,78.9554869237935,NOISE,2025-03-04T21:00:47,2.525,11.9301635288236,78.9554869237935,NOISE,2025-03-04T21:00:47,2.525,11.9301635288236,78.9554869237935,NOISE
2026-04-20T09:09:12.568701,Map-Energy__sum__linear-conv00062-20250305_000047-20250305_060047-0.050000-5.000000.png,2025-03-05T00:00:47,2025-03-05T06:00:47,0.05,5.0,2025-03-05T03:00:47,2.525,11.9301635288236,78.9554869237935,NOISE,2025-03-05T03:00:47,2.525,11.9301635288236,78.9554869237935,NOISE,2025-03-05T03:00:47,2.525,11.9301635288236,78.9554869237935,NOISE,2025-03-05T03:00:47,2.525,11.9301635288236,78.9554869237935,NOISE
2026-04-20T09:09:14.336688,Map-Energy__sum__linear-conv00072-20250305_060047-20250305_120047-0.050000-5.000000.png,2025-03-05T06:00:47,2025-03-05T12:00:47,0.05,5.0,2025-03-05T09:00:47,2.525,11.9301635288236,78.9554869237935,NOISE,2025-03-05T09:00:47,2.525,11.9301635288236,78.9554869237935,NOISE,2025-03-05T09:00:47,2.525,11.9301635288236,78.9554869237935,NOISE,2025-03-05T09:00:47,2.525,11.9301635288236,78.9554869237935,NOISE
2026-04-20T09:09:15.745097,Map-Energy__sum__linear-conv00082-20250305_120047-20250305_180047-0.050000-5.000000.png,2025-03-05T12:00:47,2025-03-05T18:00:47,0.05,5.0,2025-03-05T15:00:47,2.525,11.9301635288236,78.9554869237935,NOISE,2025-03-05T15:00:47,2.525,11.9301635288236,78.9554869237935,NOISE,2025-03-05T15:00:47,2.525,11.9301635288236,78.9554869237935,NOISE,2025-03-05T15:00:47,2.525,11.9301635288236,78.9554869237935,NOISE
2026-04-20T09:09:17.240390,Map-Energy__sum__linear-conv00092-20250305_180047-20250306_000047-0.050000-5.000000.png,2025-03-05T18:00:47,2025-03-06T00:00:47,0.05,5.0,2025-03-05T21:00:47,2.525,11.9301635288236,78.9554869237935,NOISE,2025-03-05T21:00:47,2.525,11.9301635288236,78.9554869237935,NOISE,2025-03-05T21:00:47,2.525,11.9301635288236,78.9554869237935,NOISE,2025-03-05T21:00:47,2.525,11.9301635288236,78.9554869237935,NOISE
2026-04-20T09:09:18.320834,Map-Energy__sum__linear-conv00102-20250306_000047-20250306_060047-0.050000-5.000000.png,2025-03-06T00:00:47,2025-03-06T06:00:47,0.05,5.0,2025-03-06T03:00:47,2.525,11.9301635288236,78.9554869237935,NOISE,2025-03-06T03:00:47,2.525,11.9301635288236,78.9554869237935,NOISE,2025-03-06T03:00:47,2.525,11.9301635288236,78.9554869237935,NOISE,2025-03-06T03:00:47,2.525,11.9301635288236,78.9554869237935,NOISE
2026-04-20T09:09:19.760206,Map-Energy__sum__linear-conv00112-20250306_060047-20250306_120047-0.050000-5.000000.png,2025-03-06T06:00:47,2025-03-06T12:00:47,0.05,5.0,2025-03-06T09:00:47,2.525,11.9301635288236,78.9554869237935,NOISE,2025-03-06T09:00:47,2.525,11.9301635288236,78.9554869237935,NOISE,2025-03-06T09:00:47,2.525,11.9301635288236,78.9554869237935,NOISE,2025-03-06T09:00:47,2.525,11.9301635288236,78.9554869237935,NOISE
2026-04-20T09:09:20.816806,Map-Energy__sum__linear-conv00122-20250306_120047-20250306_180047-0.050000-5.000000.png,2025-03-06T12:00:47,2025-03-06T18:00:47,0.05,5.0,2025-03-06T15:00:47,2.525,11.9301635288236,78.9554869237935,NOISE,2025-03-06T15:00:47,2.525,11.9301635288236,78.9554869237935,NOISE,2025-03-06T15:00:47,2.525,11.9301635288236,78.9554869237935,NOISE,2025-03-06T15:00:47,2.525,11.9301635288236,78.9554869237935,NOISE
2026-04-20T09:09:21.712717,Map-Energy__sum__linear-conv00132-20250306_180047-20250307_000047-0.050000-5.000000.png,2025-03-06T18:00:47,2025-03-07T00:00:47,0.05,5.0,2025-03-06T21:00:47,2.525,11.9301635288236,78.9554869237935,NOISE,2025-03-06T21:00:47,2.525,11.9301635288236,78.9554869237935,NOISE,2025-03-06T21:00:47,2.525,11.9301635288236,78.9554869237935,NOISE,2025-03-06T21:00:47,2.525,11.9301635288236,78.9554869237935,NOISE
2026-04-20T09:09:22.560717,Map-Energy__sum__linear-conv00142-20250307_000047-20250307_060047-0.050000-5.000000.png,2025-03-07T00:00:47,2025-03-07T06:00:47,0.05,5.0,2025-03-07T03:00:47,2.525,11.9301635288236,78.9554869237935,NOISE,2025-03-07T03:00:47,2.525,11.9301635288236,78.9554869237935,NOISE,2025-03-07T03:00:47,2.525,11.9301635288236,78.9554869237935,NOISE,2025-03-07T03:00:47,2.525,11.9301635288236,78.9554869237935,NOISE
2026-04-20T09:09:23.328555,Map-Energy__sum__linear-conv00152-20250307_060047-20250307_120047-0.050000-5.000000.png,2025-03-07T06:00:47,2025-03-07T12:00:47,0.05,5.0,2025-03-07T09:00:47,2.525,11.9301635288236,78.9554869237935,NOISE,2025-03-07T09:00:47,2.525,11.9301635288236,78.9554869237935,NOISE,2025-03-07T09:00:47,2.525,11.9301635288236,78.9554869237935,NOISE,2025-03-07T09:00:47,2.525,11.9301635288236,78.9554869237935,NOISE
2026-04-20T09:09:24.136545,Map-Energy__sum__linear-conv00162-20250307_120047-20250307_180047-0.050000-5.000000.png,2025-03-07T12:00:47,2025-03-07T18:00:47,0.05,5.0,2025-03-07T15:00:47,2.525,11.9301635288236,78.9554869237935,NOISE,2025-03-07T15:00:47,2.525,11.9301635288236,78.9554869237935,NOISE,2025-03-07T15:00:47,2.525,11.9301635288236,78.9554869237935,NOISE,2025-03-07T15:00:47,2.525,11.9301635288236,78.9554869237935,NOISE
2026-04-20T09:09:24.968205,Map-Energy__sum__linear-conv00172-20250307_180047-20250308_000047-0.050000-5.000000.png,2025-03-07T18:00:47,2025-03-08T00:00:47,0.05,5.0,2025-03-07T21:00:47,2.525,11.9301635288236,78.9554869237935,NOISE,2025-03-07T21:00:47,2.525,11.9301635288236,78.9554869237935,NOISE,2025-03-07T21:00:47,2.525,11.9301635288236,78.9554869237935,NOISE,2025-03-07T21:00:47,2.525,11.9301635288236,78.9554869237935,NOISE
2026-04-20T09:09:25.753052,Map-Energy__sum__linear-conv00182-20250308_000047-20250308_060047-0.050000-5.000000.png,2025-03-08T00:00:47,2025-03-08T06:00:47,0.05,5.0,2025-03-08T03:00:47,2.525,11.9301635288236,78.9554869237935,NOISE,2025-03-08T03:00:47,2.525,11.9301635288236,78.9554869237935,NOISE,2025-03-08T03:00:47,2.525,11.9301635288236,78.9554869237935,NOISE,2025-03-08T03:00:47,2.525,11.9301635288236,78.9554869237935,NOISE
2026-04-20T09:09:26.520652,Map-Energy__sum__linear-conv00192-20250308_060047-20250308_120047-0.050000-5.000000.png,2025-03-08T06:00:47,2025-03-08T12:00:47,0.05,5.0,2025-03-08T09:00:47,2.525,11.9301635288236,78.9554869237935,NOISE,2025-03-08T09:00:47,2.525,11.9301635288236,78.9554869237935,NOISE,2025-03-08T09:00:47,2.525,11.9301635288236,78.9554869237935,NOISE,2025-03-08T09:00:47,2.525,11.9301635288236,78.9554869237935,NOISE
2026-04-20T09:09:27.304711,Map-Energy__sum__linear-conv00202-20250308_120047-20250308_180047-0.050000-5.000000.png,2025-03-08T12:00:47,2025-03-08T18:00:47,0.05,5.0,2025-03-08T15:00:47,2.525,11.9301635288236,78.9554869237935,NOISE,2025-03-08T15:00:47,2.525,11.9301635288236,78.9554869237935,NOISE,2025-03-08T15:00:47,2.525,11.9301635288236,78.9554869237935,NOISE,2025-03-08T15:00:47,2.525,11.9301635288236,78.9554869237935,NOISE
2026-04-20T09:09:28.096717,Map-Energy__sum__linear-conv00212-20250308_180047-20250309_000047-0.050000-5.000000.png,2025-03-08T18:00:47,2025-03-09T00:00:47,0.05,5.0,2025-03-08T21:00:47,2.525,11.9301635288236,78.9554869237935,NOISE,2025-03-08T21:00:47,2.525,11.9301635288236,78.9554869237935,NOISE,2025-03-08T21:00:47,2.525,11.9301635288236,78.9554869237935,NOISE,2025-03-08T21:00:47,2.525,11.9301635288236,78.9554869237935,NOISE
2026-04-20T09:09:28.880503,Map-Energy__sum__linear-conv00222-20250309_000047-20250309_060047-0.050000-5.000000.png,2025-03-09T00:00:47,2025-03-09T06:00:47,0.05,5.0,2025-03-09T03:00:47,2.525,11.9301635288236,78.9554869237935,NOISE,2025-03-09T03:00:47,2.525,11.9301635288236,78.9554869237935,NOISE,2025-03-09T03:00:47,2.525,11.9301635288236,78.9554869237935,NOISE,2025-03-09T03:00:47,2.525,11.9301635288236,78.9554869237935,NOISE
2026-04-20T09:09:29.671701,Map-Energy__sum__linear-conv00232-20250309_060047-20250309_120047-0.050000-5.000000.png,2025-03-09T06:00:47,2025-03-09T12:00:47,0.05,5.0,2025-03-09T09:00:47,2.525,11.9301635288236,78.9554869237935,NOISE,2025-03-09T09:00:47,2.525,11.9301635288236,78.9554869237935,NOISE,2025-03-09T09:00:47,2.525,11.9301635288236,78.9554869237935,NOISE,2025-03-09T09:00:47,2.525,11.9301635288236,78.9554869237935,NOISE
2026-04-20T09:09:30.432445,Map-Energy__sum__linear-conv00242-20250309_120047-20250309_180047-0.050000-5.000000.png,2025-03-09T12:00:47,2025-03-09T18:00:47,0.05,5.0,2025-03-09T15:00:47,2.525,11.9301635288236,78.9554869237935,NOISE,2025-03-09T15:00:47,2.525,11.9301635288236,78.9554869237935,NOISE,2025-03-09T15:00:47,2.525,11.9301635288236,78.9554869237935,NOISE,2025-03-09T15:00:47,2.525,11.9301635288236,78.9554869237935,NOISE
2026-04-20T09:09:31.176489,Map-Energy__sum__linear-conv00252-20250309_180047-20250310_000047-0.050000-5.000000.png,2025-03-09T18:00:47,2025-03-10T00:00:47,0.05,5.0,2025-03-09T21:00:47,2.525,11.9301635288236,78.9554869237935,NOISE,2025-03-09T21:00:47,2.525,11.9301635288236,78.9554869237935,NOISE,2025-03-09T21:00:47,2.525,11.9301635288236,78.9554869237935,NOISE,2025-03-09T21:00:47,2.525,11.9301635288236,78.9554869237935,NOISE
2026-04-20T09:09:31.912326,Map-Energy__sum__linear-conv00262-20250310_000047-20250310_060047-0.050000-5.000000.png,2025-03-10T00:00:47,2025-03-10T06:00:47,0.05,5.0,2025-03-10T03:00:47,2.525,11.9301635288236,78.9554869237935,NOISE,2025-03-10T03:00:47,2.525,11.9301635288236,78.9554869237935,NOISE,2025-03-10T03:00:47,2.525,11.9301635288236,78.9554869237935,NOISE,2025-03-10T03:00:47,2.525,11.9301635288236,78.9554869237935,NOISE
2026-04-20T09:09:32.768047,Map-Energy__sum__linear-conv00272-20250310_060047-20250310_120047-0.050000-5.000000.png,2025-03-10T06:00:47,2025-03-10T12:00:47,0.05,5.0,2025-03-10T09:00:47,2.525,11.9301635288236,78.9554869237935,NOISE,2025-03-10T09:00:47,2.525,11.9301635288236,78.9554869237935,NOISE,2025-03-10T09:00:47,2.525,11.9301635288236,78.9554869237935,NOISE,2025-03-10T09:00:47,2.525,11.9301635288236,78.9554869237935,NOISE
2026-04-20T09:09:33.560300,Map-Energy__sum__linear-conv00282-20250310_120047-20250310_180047-0.050000-5.000000.png,2025-03-10T12:00:47,2025-03-10T18:00:47,0.05,5.0,2025-03-10T15:00:47,2.525,11.9301635288236,78.9554869237935,NOISE,2025-03-10T15:00:47,2.525,11.9301635288236,78.9554869237935,NOISE,2025-03-10T15:00:47,2.525,11.9301635288236,78.9554869237935,NOISE,2025-03-10T15:00:47,2.525,11.9301635288236,78.9554869237935,NOISE
2026-04-20T09:09:34.304654,Map-Energy__sum__linear-conv00292-20250310_180047-20250311_000047-0.050000-5.000000.png,2025-03-10T18:00:47,2025-03-11T00:00:47,0.05,5.0,2025-03-10T21:00:47,2.525,11.9301635288236,78.9554869237935,NOISE,2025-03-10T21:00:47,2.525,11.9301635288236,78.9554869237935,NOISE,2025-03-10T21:00:47,2.525,11.9301635288236,78.9554869237935,NOISE,2025-03-10T21:00:47,2.525,11.9301635288236,78.9554869237935,NOISE
2026-04-20T09:09:35.025854,Map-Energy__sum__linear-conv00302-20250311_000047-20250311_060047-0.050000-5.000000.png,2025-03-11T00:00:47,2025-03-11T06:00:47,0.05,5.0,2025-03-11T03:00:47,2.525,11.9301635288236,78.9554869237935,NOISE,2025-03-11T03:00:47,2.525,11.9301635288236,78.9554869237935,NOISE,2025-03-11T03:00:47,2.525,11.9301635288236,78.9554869237935,NOISE,2025-03-11T03:00:47,2.525,11.9301635288236,78.9554869237935,NOISE
2026-04-20T09:09:35.888915,Map-Energy__sum__linear-conv00312-20250311_060047-20250311_120047-0.050000-5.000000.png,2025-03-11T06:00:47,2025-03-11T12:00:47,0.05,5.0,2025-03-11T09:00:47,2.525,11.9301635288236,78.9554869237935,NOISE,2025-03-11T09:00:47,2.525,11.9301635288236,78.9554869237935,NOISE,2025-03-11T09:00:47,2.525,11.9301635288236,78.9554869237935,NOISE,2025-03-11T09:00:47,2.525,11.9301635288236,78.9554869237935,NOISE
2026-04-20T09:09:36.753199,Map-Energy__sum__linear-conv00322-20250311_120047-20250311_180047-0.050000-5.000000.png,2025-03-11T12:00:47,2025-03-11T18:00:47,0.05,5.0,2025-03-11T15:00:47,2.525,11.9301635288236,78.9554869237935,NOISE,2025-03-11T15:00:47,2.525,11.9301635288236,78.9554869237935,NOISE,2025-03-11T15:00:47,2.525,11.9301635288236,78.9554869237935,NOISE,2025-03-11T15:00:47,2.525,11.9301635288236,78.9554869237935,NOISE
2026-04-20T09:09:37.553091,Map-Energy__sum__linear-conv00332-20250311_180047-20250312_000047-0.050000-5.000000.png,2025-03-11T18:00:47,2025-03-12T00:00:47,0.05,5.0,2025-03-11T21:00:47,2.525,11.9301635288236,78.9554869237935,NOISE,2025-03-11T21:00:47,2.525,11.9301635288236,78.9554869237935,NOISE,2025-03-11T21:00:47,2.525,11.9301635288236,78.9554869237935,NOISE,2025-03-11T21:00:47,2.525,11.9301635288236,78.9554869237935,NOISE
2026-04-20T09:09:38.433013,Map-Energy__sum__linear-conv00342-20250312_000047-20250312_060047-0.050000-5.000000.png,2025-03-12T00:00:47,2025-03-12T06:00:47,0.05,5.0,2025-03-12T03:00:47,2.525,11.9301635288236,78.9554869237935,NOISE,2025-03-12T03:00:47,2.525,11.9301635288236,78.9554869237935,NOISE,2025-03-12T03:00:47,2.525,11.9301635288236,78.9554869237935,NOISE,2025-03-12T03:00:47,2.525,11.9301635288236,78.9554869237935,NOISE
2026-04-20T09:09:39.256633,Map-Energy__sum__linear-conv00352-20250312_060047-20250312_120047-0.050000-5.000000.png,2025-03-12T06:00:47,2025-03-12T12:00:47,0.05,5.0,2025-03-12T09:00:47,2.525,11.9301635288236,78.9554869237935,NOISE,2025-03-12T09:00:47,2.525,11.9301635288236,78.9554869237935,NOISE,2025-03-12T09:00:47,2.525,11.9301635288236,78.9554869237935,NOISE,2025-03-12T09:00:47,2.525,11.9301635288236,78.9554869237935,NOISE
2026-04-20T09:09:40.152557,Map-Energy__sum__linear-conv00362-20250312_120047-20250312_180047-0.050000-5.000000.png,2025-03-12T12:00:47,2025-03-12T18:00:47,0.05,5.0,2025-03-12T15:00:47,2.525,11.9301635288236,78.9554869237935,NOISE,2025-03-12T15:00:47,2.525,11.9301635288236,78.9554869237935,NOISE,2025-03-12T15:00:47,2.525,11.9301635288236,78.9554869237935,NOISE,2025-03-12T15:00:47,2.525,11.9301635288236,78.9554869237935,NOISE
2026-04-20T09:09:41.136706,Map-Energy__sum__linear-conv00372-20250312_180047-20250313_000047-0.050000-5.000000.png,2025-03-12T18:00:47,2025-03-13T00:00:47,0.05,5.0,2025-03-12T21:00:47,2.525,11.9301635288236,78.9554869237935,NOISE,2025-03-12T21:00:47,2.525,11.9301635288236,78.9554869237935,NOISE,2025-03-12T21:00:47,2.525,11.9301635288236,78.9554869237935,NOISE,2025-03-12T21:00:47,2.525,11.9301635288236,78.9554869237935,NOISE
2026-04-20T09:09:41.992637,Map-Energy__sum__linear-conv00382-20250313_000047-20250313_060047-0.050000-5.000000.png,2025-03-13T00:00:47,2025-03-13T06:00:47,0.05,5.0,2025-03-13T03:00:47,2.525,11.9301635288236,78.9554869237935,NOISE,2025-03-13T03:00:47,2.525,11.9301635288236,78.9554869237935,NOISE,2025-03-13T03:00:47,2.525,11.9301635288236,78.9554869237935,NOISE,2025-03-13T03:00:47,2.525,11.9301635288236,78.9554869237935,NOISE
2026-04-20T09:09:42.800678,Map-Energy__sum__linear-conv00392-20250313_060047-20250313_120047-0.050000-5.000000.png,2025-03-13T06:00:47,2025-03-13T12:00:47,0.05,5.0,2025-03-13T09:00:47,2.525,11.9301635288236,78.9554869237935,NOISE,2025-03-13T09:00:47,2.525,11.9301635288236,78.9554869237935,NOISE,2025-03-13T09:00:47,2.525,11.9301635288236,78.9554869237935,NOISE,2025-03-13T09:00:47,2.525,11.9301635288236,78.9554869237935,NOISE
2026-04-20T09:09:43.592576,Map-Energy__sum__linear-conv00402-20250313_120047-20250313_180047-0.050000-5.000000.png,2025-03-13T12:00:47,2025-03-13T18:00:47,0.05,5.0,2025-03-13T15:00:47,2.525,11.9301635288236,78.9554869237935,NOISE,2025-03-13T15:00:47,2.525,11.9301635288236,78.9554869237935,NOISE,2025-03-13T15:00:47,2.525,11.9301635288236,78.9554869237935,NOISE,2025-03-13T15:00:47,2.525,11.9301635288236,78.9554869237935,NOISE
2026-04-20T09:09:44.448488,Map-Energy__sum__linear-conv00412-20250313_180047-20250314_000047-0.050000-5.000000.png,2025-03-13T18:00:47,2025-03-14T00:00:47,0.05,5.0,2025-03-13T21:00:47,2.525,11.9301635288236,78.9554869237935,NOISE,2025-03-13T21:00:47,2.525,11.9301635288236,78.9554869237935,NOISE,2025-03-13T21:00:47,2.525,11.9301635288236,78.9554869237935,NOISE,2025-03-13T21:00:47,2.525,11.9301635288236,78.9554869237935,NOISE
2026-04-20T09:09:45.233077,Map-Energy__sum__linear-conv00422-20250314_000047-20250314_060047-0.050000-5.000000.png,2025-03-14T00:00:47,2025-03-14T06:00:47,0.05,5.0,2025-03-14T03:00:47,2.525,11.9301635288236,78.9554869237935,NOISE,2025-03-14T03:00:47,2.525,11.9301635288236,78.9554869237935,NOISE,2025-03-14T03:00:47,2.525,11.9301635288236,78.9554869237935,NOISE,2025-03-14T03:00:47,2.525,11.9301635288236,78.9554869237935,NOISE
2026-04-20T09:09:46.209542,Map-Energy__sum__linear-conv00432-20250314_060047-20250314_120047-0.050000-5.000000.png,2025-03-14T06:00:47,2025-03-14T12:00:47,0.05,5.0,2025-03-14T09:00:47,2.525,11.9301635288236,78.9554869237935,NOISE,2025-03-14T09:00:47,2.525,11.9301635288236,78.9554869237935,NOISE,2025-03-14T09:00:47,2.525,11.9301635288236,78.9554869237935,NOISE,2025-03-14T09:00:47,2.525,11.9301635288236,78.9554869237935,NOISE
2026-04-20T09:09:47.072335,Map-Energy__sum__linear-conv00442-20250314_120047-20250314_180047-0.050000-5.000000.png,2025-03-14T12:00:47,2025-03-14T18:00:47,0.05,5.0,2025-03-14T15:00:47,2.525,11.9301635288236,78.9554869237935,NOISE,2025-03-14T15:00:47,2.525,11.9301635288236,78.9554869237935,NOISE,2025-03-14T15:00:47,2.525,11.9301635288236,78.9554869237935,NOISE,2025-03-14T15:00:47,2.525,11.9301635288236,78.9554869237935,NOISE
2026-04-20T09:09:47.856482,Map-Energy__sum__linear-conv00452-20250314_180047-20250315_000047-0.050000-5.000000.png,2025-03-14T18:00:47,2025-03-15T00:00:47,0.05,5.0,2025-03-14T21:00:47,2.525,11.9301635288236,78.9554869237935,NOISE,2025-03-14T21:00:47,2.525,11.9301635288236,78.9554869237935,NOISE,2025-03-14T21:00:47,2.525,11.9301635288236,78.9554869237935,NOISE,2025-03-14T21:00:47,2.525,11.9301635288236,78.9554869237935,NOISE
2026-04-20T09:09:48.624481,Map-Energy__sum__linear-conv00462-20250315_000047-20250315_060047-0.050000-5.000000.png,2025-03-15T00:00:47,2025-03-15T06:00:47,0.05,5.0,2025-03-15T03:00:47,2.525,11.9301635288236,78.9554869237935,NOISE,2025-03-15T03:00:47,2.525,11.9301635288236,78.9554869237935,NOISE,2025-03-15T03:00:47,2.525,11.9301635288236,78.9554869237935,NOISE,2025-03-15T03:00:47,2.525,11.9301635288236,78.9554869237935,NOISE
2026-04-20T09:09:49.368568,Map-Energy__sum__linear-conv00472-20250315_060047-20250315_120047-0.050000-5.000000.png,2025-03-15T06:00:47,2025-03-15T12:00:47,0.05,5.0,2025-03-15T09:00:47,2.525,11.9301635288236,78.9554869237935,NOISE,2025-03-15T09:00:47,2.525,11.9301635288236,78.9554869237935,NOISE,2025-03-15T09:00:47,2.525,11.9301635288236,78.9554869237935,NOISE,2025-03-15T09:00:47,2.525,11.9301635288236,78.9554869237935,NOISE
2026-04-20T09:09:50.377000,Map-Energy__sum__linear-conv00482-20250315_120047-20250315_180047-0.050000-5.000000.png,2025-03-15T12:00:47,2025-03-15T18:00:47,0.05,5.0,2025-03-15T15:00:47,2.525,11.9301635288236,78.9554869237935,NOISE,2025-03-15T15:00:47,2.525,11.9301635288236,78.9554869237935,NOISE,2025-03-15T15:00:47,2.525,11.9301635288236,78.9554869237935,NOISE,2025-03-15T15:00:47,2.525,11.9301635288236,78.9554869237935,NOISE
2026-04-20T09:09:51.264451,Map-Energy__sum__linear-conv00492-20250315_180047-20250316_000047-0.050000-5.000000.png,2025-03-15T18:00:47,2025-03-16T00:00:47,0.05,5.0,2025-03-15T21:00:47,2.525,11.9301635288236,78.9554869237935,NOISE,2025-03-15T21:00:47,2.525,11.9301635288236,78.9554869237935,NOISE,2025-03-15T21:00:47,2.525,11.9301635288236,78.9554869237935,NOISE,2025-03-15T21:00:47,2.525,11.9301635288236,78.9554869237935,NOISE
2026-04-20T09:09:52.056826,Map-Energy__sum__linear-conv00502-20250316_000047-20250316_060047-0.050000-5.000000.png,2025-03-16T00:00:47,2025-03-16T06:00:47,0.05,5.0,2025-03-16T03:00:47,2.525,11.9301635288236,78.9554869237935,NOISE,2025-03-16T03:00:47,2.525,11.9301635288236,78.9554869237935,NOISE,2025-03-16T03:00:47,2.525,11.9301635288236,78.9554869237935,NOISE,2025-03-16T03:00:47,2.525,11.9301635288236,78.9554869237935,NOISE
2026-04-20T09:09:52.880195,Map-Energy__sum__linear-conv00512-20250316_060047-20250316_120047-0.050000-5.000000.png,2025-03-16T06:00:47,2025-03-16T12:00:47,0.05,5.0,2025-03-16T09:00:47,2.525,11.9301635288236,78.9554869237935,NOISE,2025-03-16T09:00:47,2.525,11.9301635288236,78.9554869237935,NOISE,2025-03-16T09:00:47,2.525,11.9301635288236,78.9554869237935,NOISE,2025-03-16T09:00:47,2.525,11.9301635288236,78.9554869237935,NOISE
2026-04-20T09:09:54.152301,Map-Energy__sum__linear-conv00522-20250316_120047-20250316_180047-0.050000-5.000000.png,2025-03-16T12:00:47,2025-03-16T18:00:47,0.05,5.0,2025-03-16T15:00:47,2.525,11.9301635288236,78.9554869237935,NOISE,2025-03-16T15:00:47,2.525,11.9301635288236,78.9554869237935,NOISE,2025-03-16T15:00:47,2.525,11.9301635288236,78.9554869237935,NOISE,2025-03-16T15:00:47,2.525,11.9301635288236,78.9554869237935,NOISE
2026-04-20T09:09:55.080640,Map-Energy__sum__linear-conv00532-20250316_180047-20250317_000047-0.050000-5.000000.png,2025-03-16T18:00:47,2025-03-17T00:00:47,0.05,5.0,2025-03-16T21:00:47,2.525,11.9301635288236,78.9554869237935,NOISE,2025-03-16T21:00:47,2.525,11.9301635288236,78.9554869237935,NOISE,2025-03-16T21:00:47,2.525,11.9301635288236,78.9554869237935,NOISE,2025-03-16T21:00:47,2.525,11.9301635288236,78.9554869237935,NOISE
2026-04-20T09:09:55.920810,Map-Energy__sum__linear-conv00542-20250317_000047-20250317_060047-0.050000-5.000000.png,2025-03-17T00:00:47,2025-03-17T06:00:47,0.05,5.0,2025-03-17T03:00:47,2.525,11.9301635288236,78.9554869237935,NOISE,2025-03-17T03:00:47,2.525,11.9301635288236,78.9554869237935,NOISE,2025-03-17T03:00:47,2.525,11.9301635288236,78.9554869237935,NOISE,2025-03-17T03:00:47,2.525,11.9301635288236,78.9554869237935,NOISE
2026-04-20T09:09:58.096449,Map-Energy__sum__linear-conv00552-20250317_060047-20250317_120047-0.050000-5.000000.png,2025-03-17T06:00:47,2025-03-17T12:00:47,0.05,5.0,2025-03-17T09:00:47,2.525,11.9301635288236,78.9554869237935,NOISE,2025-03-17T09:00:47,2.525,11.9301635288236,78.9554869237935,NOISE,2025-03-17T09:00:47,2.525,11.9301635288236,78.9554869237935,NOISE,2025-03-17T09:00:47,2.525,11.9301635288236,78.9554869237935,NOISE
2026-04-20T09:10:02.744752,Map-Energy__sum__linear-conv00562-20250317_120047-20250317_180047-0.050000-5.000000.png,2025-03-17T12:00:47,2025-03-17T18:00:47,0.05,5.0,2025-03-17T15:00:47,2.525,11.9301635288236,78.9554869237935,NOISE,2025-03-17T15:00:47,2.525,11.9301635288236,78.9554869237935,NOISE,2025-03-17T15:00:47,2.525,11.9301635288236,78.9554869237935,NOISE,2025-03-17T15:00:47,2.525,11.9301635288236,78.9554869237935,NOISE
2026-04-20T09:11:07.344723,Map-Energy__sum__linear-conv00572-20250317_180047-20250318_000047-0.050000-5.000000.png,2025-03-17T18:00:47,2025-03-18T00:00:47,0.05,5.0,2025-03-17T21:00:47,2.525,11.9301635288236,78.9554869237935,NOISE,2025-03-17T21:00:47,2.525,11.9301635288236,78.9554869237935,NOISE,2025-03-17T21:00:47,2.525,11.9301635288236,78.9554869237935,NOISE,2025-03-17T21:00:47,2.525,11.9301635288236,78.9554869237935,NOISE
2026-04-20T09:11:08.552800,Map-Energy__sum__linear-conv00582-20250318_000047-20250318_060047-0.050000-5.000000.png,2025-03-18T00:00:47,2025-03-18T06:00:47,0.05,5.0,2025-03-18T03:00:47,2.525,11.9301635288236,78.9554869237935,NOISE,2025-03-18T03:00:47,2.525,11.9301635288236,78.9554869237935,NOISE,2025-03-18T03:00:47,2.525,11.9301635288236,78.9554869237935,NOISE,2025-03-18T03:00:47,2.525,11.9301635288236,78.9554869237935,NOISE
2026-04-20T09:11:10.553559,Map-Energy__sum__linear-conv00592-20250318_060047-20250318_120047-0.050000-5.000000.png,2025-03-18T06:00:47,2025-03-18T12:00:47,0.05,5.0,2025-03-18T09:00:47,2.525,11.9301635288236,78.9554869237935,NOISE,2025-03-18T09:00:47,2.525,11.9301635288236,78.9554869237935,NOISE,2025-03-18T09:00:47,2.525,11.9301635288236,78.9554869237935,NOISE,2025-03-18T09:00:47,2.525,11.9301635288236,78.9554869237935,NOISE
2026-04-20T09:11:11.856915,Map-Energy__sum__linear-conv00602-20250318_120047-20250318_180047-0.050000-5.000000.png,2025-03-18T12:00:47,2025-03-18T18:00:47,0.05,5.0,2025-03-18T15:00:47,2.525,11.9301635288236,78.9554869237935,NOISE,2025-03-18T15:00:47,2.525,11.9301635288236,78.9554869237935,NOISE,2025-03-18T15:00:47,2.525,11.9301635288236,78.9554869237935,NOISE,2025-03-18T15:00:47,2.525,11.9301635288236,78.9554869237935,NOISE
2026-04-20T09:11:13.640732,Map-Energy__sum__linear-conv00612-20250318_180047-20250319_000047-0.050000-5.000000.png,2025-03-18T18:00:47,2025-03-19T00:00:47,0.05,5.0,2025-03-18T21:00:47,2.525,11.9301635288236,78.9554869237935,NOISE,2025-03-18T21:00:47,2.525,11.9301635288236,78.9554869237935,NOISE,2025-03-18T21:00:47,2.525,11.9301635288236,78.9554869237935,NOISE,2025-03-18T21:00:47,2.525,11.9301635288236,78.9554869237935,NOISE
2026-04-20T09:11:14.713116,Map-Energy__sum__linear-conv00622-20250319_000047-20250319_060047-0.050000-5.000000.png,2025-03-19T00:00:47,2025-03-19T06:00:47,0.05,5.0,2025-03-19T03:00:47,2.525,11.9301635288236,78.9554869237935,NOISE,2025-03-19T03:00:47,2.525,11.9301635288236,78.9554869237935,NOISE,2025-03-19T03:00:47,2.525,11.9301635288236,78.9554869237935,NOISE,2025-03-19T03:00:47,2.525,11.9301635288236,78.9554869237935,NOISE
2026-04-20T09:11:16.001168,Map-Energy__sum__linear-conv00632-20250319_060047-20250319_120047-0.050000-5.000000.png,2025-03-19T06:00:47,2025-03-19T12:00:47,0.05,5.0,2025-03-19T09:00:47,2.525,11.9301635288236,78.9554869237935,NOISE,2025-03-19T09:00:47,2.525,11.9301635288236,78.9554869237935,NOISE,2025-03-19T09:00:47,2.525,11.9301635288236,78.9554869237935,NOISE,2025-03-19T09:00:47,2.525,11.9301635288236,78.9554869237935,NOISE
2026-04-20T09:11:16.936826,Map-Energy__sum__linear-conv00642-20250319_120047-20250319_180047-0.050000-5.000000.png,2025-03-19T12:00:47,2025-03-19T18:00:47,0.05,5.0,2025-03-19T15:00:47,2.525,11.9301635288236,78.9554869237935,NOISE,2025-03-19T15:00:47,2.525,11.9301635288236,78.9554869237935,NOISE,2025-03-19T15:00:47,2.525,11.9301635288236,78.9554869237935,NOISE,2025-03-19T15:00:47,2.525,11.9301635288236,78.9554869237935,NOISE
2026-04-20T09:11:18.640740,Map-Energy__sum__linear-conv00652-20250319_180047-20250320_000047-0.050000-5.000000.png,2025-03-19T18:00:47,2025-03-20T00:00:47,0.05,5.0,2025-03-19T21:00:47,2.525,11.9301635288236,78.9554869237935,NOISE,2025-03-19T21:00:47,2.525,11.9301635288236,78.9554869237935,NOISE,2025-03-19T21:00:47,2.525,11.9301635288236,78.9554869237935,NOISE,2025-03-19T21:00:47,2.525,11.9301635288236,78.9554869237935,NOISE
2026-04-20T09:11:20.144765,Map-Energy__sum__linear-conv00662-20250320_000047-20250320_060047-0.050000-5.000000.png,2025-03-20T00:00:47,2025-03-20T06:00:47,0.05,5.0,2025-03-20T03:00:47,2.525,11.9301635288236,78.9554869237935,NOISE,2025-03-20T03:00:47,2.525,11.9301635288236,78.9554869237935,NOISE,2025-03-20T03:00:47,2.525,11.9301635288236,78.9554869237935,NOISE,2025-03-20T03:00:47,2.525,11.9301635288236,78.9554869237935,NOISE
2026-04-20T09:11:21.248821,Map-Energy__sum__linear-conv00672-20250320_060047-20250320_120047-0.050000-5.000000.png,2025-03-20T06:00:47,2025-03-20T12:00:47,0.05,5.0,2025-03-20T09:00:47,2.525,11.9301635288236,78.9554869237935,NOISE,2025-03-20T09:00:47,2.525,11.9301635288236,78.9554869237935,NOISE,2025-03-20T09:00:47,2.525,11.9301635288236,78.9554869237935,NOISE,2025-03-20T09:00:47,2.525,11.9301635288236,78.9554869237935,NOISE
2026-04-20T09:11:22.033128,Map-Energy__sum__linear-conv00682-20250320_120047-20250320_180047-0.050000-5.000000.png,2025-03-20T12:00:47,2025-03-20T18:00:47,0.05,5.0,2025-03-20T15:00:47,2.525,11.9301635288236,78.9554869237935,NOISE,2025-03-20T15:00:47,2.525,11.9301635288236,78.9554869237935,NOISE,2025-03-20T15:00:47,2.525,11.9301635288236,78.9554869237935,NOISE,2025-03-20T15:00:47,2.525,11.9301635288236,78.9554869237935,NOISE
2026-04-20T09:11:22.857219,Map-Energy__sum__linear-conv00692-20250320_180047-20250321_000047-0.050000-5.000000.png,2025-03-20T18:00:47,2025-03-21T00:00:47,0.05,5.0,2025-03-20T21:00:47,2.525,11.9301635288236,78.9554869237935,NOISE,2025-03-20T21:00:47,2.525,11.9301635288236,78.9554869237935,NOISE,2025-03-20T21:00:47,2.525,11.9301635288236,78.9554869237935,NOISE,2025-03-20T21:00:47,2.525,11.9301635288236,78.9554869237935,NOISE
2026-04-20T09:11:23.713170,Map-Energy__sum__linear-conv00702-20250321_000047-20250321_060047-0.050000-5.000000.png,2025-03-21T00:00:47,2025-03-21T06:00:47,0.05,5.0,2025-03-21T03:00:47,2.525,11.9301635288236,78.9554869237935,NOISE,2025-03-21T03:00:47,2.525,11.9301635288236,78.9554869237935,NOISE,2025-03-21T03:00:47,2.525,11.9301635288236,78.9554869237935,NOISE,2025-03-21T03:00:47,2.525,11.9301635288236,78.9554869237935,NOISE
2026-04-20T09:11:24.576465,Map-Energy__sum__linear-conv00712-20250321_060047-20250321_120047-0.050000-5.000000.png,2025-03-21T06:00:47,2025-03-21T12:00:47,0.05,5.0,2025-03-21T09:00:47,2.525,11.9301635288236,78.9554869237935,NOISE,2025-03-21T09:00:47,2.525,11.9301635288236,78.9554869237935,NOISE,2025-03-21T09:00:47,2.525,11.9301635288236,78.9554869237935,NOISE,2025-03-21T09:00:47,2.525,11.9301635288236,78.9554869237935,NOISE
2026-04-20T09:11:25.409407,Map-Energy__sum__linear-conv00722-20250321_120047-20250321_180047-0.050000-5.000000.png,2025-03-21T12:00:47,2025-03-21T18:00:47,0.05,5.0,2025-03-21T15:00:47,2.525,11.9301635288236,78.9554869237935,NOISE,2025-03-21T15:00:47,2.525,11.9301635288236,78.9554869237935,NOISE,2025-03-21T15:00:47,2.525,11.9301635288236,78.9554869237935,NOISE,2025-03-21T15:00:47,2.525,11.9301635288236,78.9554869237935,NOISE
2026-04-20T09:11:26.233140,Map-Energy__sum__linear-conv00732-20250321_180047-20250322_000047-0.050000-5.000000.png,2025-03-21T18:00:47,2025-03-22T00:00:47,0.05,5.0,2025-03-21T21:00:47,2.525,11.9301635288236,78.9554869237935,NOISE,2025-03-21T21:00:47,2.525,11.9301635288236,78.9554869237935,NOISE,2025-03-21T21:00:47,2.525,11.9301635288236,78.9554869237935,NOISE,2025-03-21T21:00:47,2.525,11.9301635288236,78.9554869237935,NOISE
2026-04-20T09:11:26.992929,Map-Energy__sum__linear-conv00742-20250322_000047-20250322_060047-0.050000-5.000000.png,2025-03-22T00:00:47,2025-03-22T06:00:47,0.05,5.0,2025-03-22T03:00:47,2.525,11.9301635288236,78.9554869237935,NOISE,2025-03-22T03:00:47,2.525,11.9301635288236,78.9554869237935,NOISE,2025-03-22T03:00:47,2.525,11.9301635288236,78.9554869237935,NOISE,2025-03-22T03:00:47,2.525,11.9301635288236,78.9554869237935,NOISE
2026-04-20T09:11:27.841187,Map-Energy__sum__linear-conv00752-20250322_060047-20250322_120047-0.050000-5.000000.png,2025-03-22T06:00:47,2025-03-22T12:00:47,0.05,5.0,2025-03-22T09:00:47,2.525,11.9301635288236,78.9554869237935,NOISE,2025-03-22T09:00:47,2.525,11.9301635288236,78.9554869237935,NOISE,2025-03-22T09:00:47,2.525,11.9301635288236,78.9554869237935,NOISE,2025-03-22T09:00:47,2.525,11.9301635288236,78.9554869237935,NOISE
2026-04-20T09:11:28.656983,Map-Energy__sum__linear-conv00762-20250322_120047-20250322_180047-0.050000-5.000000.png,2025-03-22T12:00:47,2025-03-22T18:00:47,0.05,5.0,2025-03-22T15:00:47,2.525,11.9301635288236,78.9554869237935,NOISE,2025-03-22T15:00:47,2.525,11.9301635288236,78.9554869237935,NOISE,2025-03-22T15:00:47,2.525,11.9301635288236,78.9554869237935,NOISE,2025-03-22T15:00:47,2.525,11.9301635288236,78.9554869237935,NOISE
2026-04-20T09:11:29.464528,Map-Energy__sum__linear-conv00772-20250322_180047-20250323_000047-0.050000-5.000000.png,2025-03-22T18:00:47,2025-03-23T00:00:47,0.05,5.0,2025-03-22T21:00:47,2.525,11.9301635288236,78.9554869237935,NOISE,2025-03-22T21:00:47,2.525,11.9301635288236,78.9554869237935,NOISE,2025-03-22T21:00:47,2.525,11.9301635288236,78.9554869237935,NOISE,2025-03-22T21:00:47,2.525,11.9301635288236,78.9554869237935,NOISE
2026-04-20T09:11:30.216619,Map-Energy__sum__linear-conv00782-20250323_000047-20250323_060047-0.050000-5.000000.png,2025-03-23T00:00:47,2025-03-23T06:00:47,0.05,5.0,2025-03-23T03:00:47,2.525,11.9301635288236,78.9554869237935,NOISE,2025-03-23T03:00:47,2.525,11.9301635288236,78.9554869237935,NOISE,2025-03-23T03:00:47,2.525,11.9301635288236,78.9554869237935,NOISE,2025-03-23T03:00:47,2.525,11.9301635288236,78.9554869237935,NOISE
2026-04-20T09:11:30.912286,Map-Energy__sum__linear-conv00792-20250323_060047-20250323_120047-0.050000-5.000000.png,2025-03-23T06:00:47,2025-03-23T12:00:47,0.05,5.0,2025-03-23T09:00:47,2.525,11.9301635288236,78.9554869237935,NOISE,2025-03-23T09:00:47,2.525,11.9301635288236,78.9554869237935,NOISE,2025-03-23T09:00:47,2.525,11.9301635288236,78.9554869237935,NOISE,2025-03-23T09:00:47,2.525,11.9301635288236,78.9554869237935,NOISE
2026-04-20T09:11:31.673211,Map-Energy__sum__linear-conv00802-20250323_120047-20250323_180047-0.050000-5.000000.png,2025-03-23T12:00:47,2025-03-23T18:00:47,0.05,5.0,2025-03-23T15:00:47,2.525,11.9301635288236,78.9554869237935,NOISE,2025-03-23T15:00:47,2.525,11.9301635288236,78.9554869237935,NOISE,2025-03-23T15:00:47,2.525,11.9301635288236,78.9554869237935,NOISE,2025-03-23T15:00:47,2.525,11.9301635288236,78.9554869237935,NOISE
2026-04-20T09:11:32.384645,Map-Energy__sum__linear-conv00812-20250323_180047-20250324_000047-0.050000-5.000000.png,2025-03-23T18:00:47,2025-03-24T00:00:47,0.05,5.0,2025-03-23T21:00:47,2.525,11.9301635288236,78.9554869237935,NOISE,2025-03-23T21:00:47,2.525,11.9301635288236,78.9554869237935,NOISE,2025-03-23T21:00:47,2.525,11.9301635288236,78.9554869237935,NOISE,2025-03-23T21:00:47,2.525,11.9301635288236,78.9554869237935,NOISE
2026-04-20T09:11:32.960475,Map-Energy__sum__linear-conv00822-20250324_000047-20250324_060047-0.050000-5.000000.png,2025-03-24T00:00:47,2025-03-24T06:00:47,0.05,5.0,2025-03-24T03:00:47,2.525,11.9301635288236,78.9554869237935,NOISE,2025-03-24T03:00:47,2.525,11.9301635288236,78.9554869237935,NOISE,2025-03-24T03:00:47,2.525,11.9301635288236,78.9554869237935,NOISE,2025-03-24T03:00:47,2.525,11.9301635288236,78.9554869237935,NOISE
2026-04-20T09:11:33.664611,Map-Energy__sum__linear-conv00832-20250324_060047-20250324_120047-0.050000-5.000000.png,2025-03-24T06:00:47,2025-03-24T12:00:47,0.05,5.0,2025-03-24T09:00:47,2.525,11.9301635288236,78.9554869237935,NOISE,2025-03-24T09:00:47,2.525,11.9301635288236,78.9554869237935,NOISE,2025-03-24T09:00:47,2.525,11.9301635288236,78.9554869237935,NOISE,2025-03-24T09:00:47,2.525,11.9301635288236,78.9554869237935,NOISE
2026-04-20T09:11:34.232751,Map-Energy__sum__linear-conv00842-20250324_120047-20250324_180047-0.050000-5.000000.png,2025-03-24T12:00:47,2025-03-24T18:00:47,0.05,5.0,2025-03-24T15:00:47,2.525,11.9301635288236,78.9554869237935,NOISE,2025-03-24T15:00:47,2.525,11.9301635288236,78.9554869237935,NOISE,2025-03-24T15:00:47,2.525,11.9301635288236,78.9554869237935,NOISE,2025-03-24T15:00:47,2.525,11.9301635288236,78.9554869237935,NOISE
2026-04-20T09:11:34.985149,Map-Energy__sum__linear-conv00852-20250324_180047-20250325_000047-0.050000-5.000000.png,2025-03-24T18:00:47,2025-03-25T00:00:47,0.05,5.0,2025-03-24T21:00:47,2.525,11.9301635288236,78.9554869237935,NOISE,2025-03-24T21:00:47,2.525,11.9301635288236,78.9554869237935,NOISE,2025-03-24T21:00:47,2.525,11.9301635288236,78.9554869237935,NOISE,2025-03-24T21:00:47,2.525,11.9301635288236,78.9554869237935,NOISE
2026-04-20T09:11:35.672649,Map-Energy__sum__linear-conv00862-20250325_000047-20250325_060047-0.050000-5.000000.png,2025-03-25T00:00:47,2025-03-25T06:00:47,0.05,5.0,2025-03-25T03:00:47,2.525,11.9301635288236,78.9554869237935,NOISE,2025-03-25T03:00:47,2.525,11.9301635288236,78.9554869237935,NOISE,2025-03-25T03:00:47,2.525,11.9301635288236,78.9554869237935,NOISE,2025-03-25T03:00:47,2.525,11.9301635288236,78.9554869237935,NOISE
2026-04-20T09:11:36.632914,Map-Energy__sum__linear-conv00872-20250325_060047-20250325_120047-0.050000-5.000000.png,2025-03-25T06:00:47,2025-03-25T12:00:47,0.05,5.0,2025-03-25T09:00:47,2.525,11.9301635288236,78.9554869237935,NOISE,2025-03-25T09:00:47,2.525,11.9301635288236,78.9554869237935,NOISE,2025-03-25T09:00:47,2.525,11.9301635288236,78.9554869237935,NOISE,2025-03-25T09:00:47,2.525,11.9301635288236,78.9554869237935,NOISE
2026-04-20T09:11:37.256779,Map-Energy__sum__linear-conv00882-20250325_120047-20250325_180047-0.050000-5.000000.png,2025-03-25T12:00:47,2025-03-25T18:00:47,0.05,5.0,2025-03-25T15:00:47,2.525,11.9301635288236,78.9554869237935,NOISE,2025-03-25T15:00:47,2.525,11.9301635288236,78.9554869237935,NOISE,2025-03-25T15:00:47,2.525,11.9301635288236,78.9554869237935,NOISE,2025-03-25T15:00:47,2.525,11.9301635288236,78.9554869237935,NOISE
2026-04-20T09:11:38.033367,Map-Energy__sum__linear-conv00892-20250325_180047-20250326_000047-0.050000-5.000000.png,2025-03-25T18:00:47,2025-03-26T00:00:47,0.05,5.0,2025-03-25T21:00:47,2.525,11.9301635288236,78.9554869237935,NOISE,2025-03-25T21:00:47,2.525,11.9301635288236,78.9554869237935,NOISE,2025-03-25T21:00:47,2.525,11.9301635288236,78.9554869237935,NOISE,2025-03-25T21:00:47,2.525,11.9301635288236,78.9554869237935,NOISE
2026-04-20T09:11:38.704626,Map-Energy__sum__linear-conv00902-20250326_000047-20250326_060047-0.050000-5.000000.png,2025-03-26T00:00:47,2025-03-26T06:00:47,0.05,5.0,2025-03-26T03:00:47,2.525,11.9301635288236,78.9554869237935,NOISE,2025-03-26T03:00:47,2.525,11.9301635288236,78.9554869237935,NOISE,2025-03-26T03:00:47,2.525,11.9301635288236,78.9554869237935,NOISE,2025-03-26T03:00:47,2.525,11.9301635288236,78.9554869237935,NOISE
2026-04-20T09:11:39.409691,Map-Energy__sum__linear-conv00912-20250326_060047-20250326_120047-0.050000-5.000000.png,2025-03-26T06:00:47,2025-03-26T12:00:47,0.05,5.0,2025-03-26T09:00:47,2.525,11.9301635288236,78.9554869237935,NOISE,2025-03-26T09:00:47,2.525,11.9301635288236,78.9554869237935,NOISE,2025-03-26T09:00:47,2.525,11.9301635288236,78.9554869237935,NOISE,2025-03-26T09:00:47,2.525,11.9301635288236,78.9554869237935,NOISE
2026-04-20T09:11:40.104692,Map-Energy__sum__linear-conv00922-20250326_120047-20250326_180047-0.050000-5.000000.png,2025-03-26T12:00:47,2025-03-26T18:00:47,0.05,5.0,2025-03-26T15:00:47,2.525,11.9301635288236,78.9554869237935,NOISE,2025-03-26T15:00:47,2.525,11.9301635288236,78.9554869237935,NOISE,2025-03-26T15:00:47,2.525,11.9301635288236,78.9554869237935,NOISE,2025-03-26T15:00:47,2.525,11.9301635288236,78.9554869237935,NOISE
2026-04-20T09:11:40.840635,Map-Energy__sum__linear-conv00932-20250326_180047-20250327_000047-0.050000-5.000000.png,2025-03-26T18:00:47,2025-03-27T00:00:47,0.05,5.0,2025-03-26T21:00:47,2.525,11.9301635288236,78.9554869237935,NOISE,2025-03-26T21:00:47,2.525,11.9301635288236,78.9554869237935,NOISE,2025-03-26T21:00:47,2.525,11.9301635288236,78.9554869237935,NOISE,2025-03-26T21:00:47,2.525,11.9301635288236,78.9554869237935,NOISE
2026-04-20T09:11:41.751829,Map-Energy__sum__linear-conv00942-20250327_000047-20250327_060047-0.050000-5.000000.png,2025-03-27T00:00:47,2025-03-27T06:00:47,0.05,5.0,2025-03-27T03:00:47,2.525,11.9301635288236,78.9554869237935,NOISE,2025-03-27T03:00:47,2.525,11.9301635288236,78.9554869237935,NOISE,2025-03-27T03:00:47,2.525,11.9301635288236,78.9554869237935,NOISE,2025-03-27T03:00:47,2.525,11.9301635288236,78.9554869237935,NOISE
2026-04-20T09:11:42.440807,Map-Energy__sum__linear-conv00952-20250327_060047-20250327_120047-0.050000-5.000000.png,2025-03-27T06:00:47,2025-03-27T12:00:47,0.05,5.0,2025-03-27T09:00:47,2.525,11.9301635288236,78.9554869237935,NOISE,2025-03-27T09:00:47,2.525,11.9301635288236,78.9554869237935,NOISE,2025-03-27T09:00:47,2.525,11.9301635288236,78.9554869237935,NOISE,2025-03-27T09:00:47,2.525,11.9301635288236,78.9554869237935,NOISE
2026-04-20T09:11:43.104424,Map-Energy__sum__linear-conv00962-20250327_120047-20250327_180047-0.050000-5.000000.png,2025-03-27T12:00:47,2025-03-27T18:00:47,0.05,5.0,2025-03-27T15:00:47,2.525,11.9301635288236,78.9554869237935,NOISE,2025-03-27T15:00:47,2.525,11.9301635288236,78.9554869237935,NOISE,2025-03-27T15:00:47,2.525,11.9301635288236,78.9554869237935,NOISE,2025-03-27T15:00:47,2.525,11.9301635288236,78.9554869237935,NOISE
2026-04-20T09:11:43.809210,Map-Energy__sum__linear-conv00972-20250327_180047-20250328_000047-0.050000-5.000000.png,2025-03-27T18:00:47,2025-03-28T00:00:47,0.05,5.0,2025-03-27T21:00:47,2.525,11.9301635288236,78.9554869237935,NOISE,2025-03-27T21:00:47,2.525,11.9301635288236,78.9554869237935,NOISE,2025-03-27T21:00:47,2.525,11.9301635288236,78.9554869237935,NOISE,2025-03-27T21:00:47,2.525,11.9301635288236,78.9554869237935,NOISE
2026-04-20T09:11:44.489027,Map-Energy__sum__linear-conv00982-20250328_000047-20250328_060047-0.050000-5.000000.png,2025-03-28T00:00:47,2025-03-28T06:00:47,0.05,5.0,2025-03-28T03:00:47,2.525,11.9301635288236,78.9554869237935,NOISE,2025-03-28T03:00:47,2.525,11.9301635288236,78.9554869237935,NOISE,2025-03-28T03:00:47,2.525,11.9301635288236,78.9554869237935,NOISE,2025-03-28T03:00:47,2.525,11.9301635288236,78.9554869237935,NOISE
2026-04-20T09:11:45.096716,Map-Energy__sum__linear-conv00992-20250328_060047-20250328_120047-0.050000-5.000000.png,2025-03-28T06:00:47,2025-03-28T12:00:47,0.05,5.0,2025-03-28T09:00:47,2.525,11.9301635288236,78.9554869237935,NOISE,2025-03-28T09:00:47,2.525,11.9301635288236,78.9554869237935,NOISE,2025-03-28T09:00:47,2.525,11.9301635288236,78.9554869237935,NOISE,2025-03-28T09:00:47,2.525,11.9301635288236,78.9554869237935,NOISE
2026-04-20T09:11:45.736756,Map-Energy__sum__linear-conv01002-20250328_120047-20250328_180047-0.050000-5.000000.png,2025-03-28T12:00:47,2025-03-28T18:00:47,0.05,5.0,2025-03-28T15:00:47,2.525,11.9301635288236,78.9554869237935,NOISE,2025-03-28T15:00:47,2.525,11.9301635288236,78.9554869237935,NOISE,2025-03-28T15:00:47,2.525,11.9301635288236,78.9554869237935,NOISE,2025-03-28T15:00:47,2.525,11.9301635288236,78.9554869237935,NOISE
2026-04-20T09:11:46.368738,Map-Energy__sum__linear-conv01012-20250328_180047-20250329_000047-0.050000-5.000000.png,2025-03-28T18:00:47,2025-03-29T00:00:47,0.05,5.0,2025-03-28T21:00:47,2.525,11.9301635288236,78.9554869237935,NOISE,2025-03-28T21:00:47,2.525,11.9301635288236,78.9554869237935,NOISE,2025-03-28T21:00:47,2.525,11.9301635288236,78.9554869237935,NOISE,2025-03-28T21:00:47,2.525,11.9301635288236,78.9554869237935,NOISE
2026-04-20T09:11:47.016991,Map-Energy__sum__linear-conv01022-20250329_000047-20250329_060047-0.050000-5.000000.png,2025-03-29T00:00:47,2025-03-29T06:00:47,0.05,5.0,2025-03-29T03:00:47,2.525,11.9301635288236,78.9554869237935,NOISE,2025-03-29T03:00:47,2.525,11.9301635288236,78.9554869237935,NOISE,2025-03-29T03:00:47,2.525,11.9301635288236,78.9554869237935,NOISE,2025-03-29T03:00:47,2.525,11.9301635288236,78.9554869237935,NOISE
2026-04-20T09:11:47.616724,Map-Energy__sum__linear-conv01032-20250329_060047-20250329_120047-0.050000-5.000000.png,2025-03-29T06:00:47,2025-03-29T12:00:47,0.05,5.0,2025-03-29T09:00:47,2.525,11.9301635288236,78.9554869237935,NOISE,2025-03-29T09:00:47,2.525,11.9301635288236,78.9554869237935,NOISE,2025-03-29T09:00:47,2.525,11.9301635288236,78.9554869237935,NOISE,2025-03-29T09:00:47,2.525,11.9301635288236,78.9554869237935,NOISE
2026-04-20T09:11:48.121051,Map-Energy__sum__linear-conv01042-20250329_120047-20250329_180047-0.050000-5.000000.png,2025-03-29T12:00:47,2025-03-29T18:00:47,0.05,5.0,2025-03-29T15:00:47,2.525,11.9301635288236,78.9554869237935,NOISE,2025-03-29T15:00:47,2.525,11.9301635288236,78.9554869237935,NOISE,2025-03-29T15:00:47,2.525,11.9301635288236,78.9554869237935,NOISE,2025-03-29T15:00:47,2.525,11.9301635288236,78.9554869237935,NOISE
2026-04-20T09:11:48.680705,Map-Energy__sum__linear-conv01052-20250329_180047-20250330_000047-0.050000-5.000000.png,2025-03-29T18:00:47,2025-03-30T00:00:47,0.05,5.0,2025-03-29T21:00:47,2.525,11.9301635288236,78.9554869237935,NOISE,2025-03-29T21:00:47,2.525,11.9301635288236,78.9554869237935,NOISE,2025-03-29T21:00:47,2.525,11.9301635288236,78.9554869237935,NOISE,2025-03-29T21:00:47,2.525,11.9301635288236,78.9554869237935,NOISE
2026-04-20T09:11:49.160312,Map-Energy__sum__linear-conv01062-20250330_000047-20250330_060047-0.050000-5.000000.png,2025-03-30T00:00:47,2025-03-30T06:00:47,0.05,5.0,2025-03-30T03:00:47,2.525,11.9301635288236,78.9554869237935,NOISE,2025-03-30T03:00:47,2.525,11.9301635288236,78.9554869237935,NOISE,2025-03-30T03:00:47,2.525,11.9301635288236,78.9554869237935,NOISE,2025-03-30T03:00:47,2.525,11.9301635288236,78.9554869237935,NOISE
2026-04-20T09:11:49.712861,Map-Energy__sum__linear-conv01072-20250330_060047-20250330_120047-0.050000-5.000000.png,2025-03-30T06:00:47,2025-03-30T12:00:47,0.05,5.0,2025-03-30T09:00:47,2.525,11.9301635288236,78.9554869237935,NOISE,2025-03-30T09:00:47,2.525,11.9301635288236,78.9554869237935,NOISE,2025-03-30T09:00:47,2.525,11.9301635288236,78.9554869237935,NOISE,2025-03-30T09:00:47,2.525,11.9301635288236,78.9554869237935,NOISE
2026-04-20T09:11:50.248183,Map-Energy__sum__linear-conv01082-20250330_120047-20250330_180047-0.050000-5.000000.png,2025-03-30T12:00:47,2025-03-30T18:00:47,0.05,5.0,2025-03-30T15:00:47,2.525,11.9301635288236,78.9554869237935,NOISE,2025-03-30T15:00:47,2.525,11.9301635288236,78.9554869237935,NOISE,2025-03-30T15:00:47,2.525,11.9301635288236,78.9554869237935,NOISE,2025-03-30T15:00:47,2.525,11.9301635288236,78.9554869237935,NOISE
2026-04-20T09:11:50.744857,Map-Energy__sum__linear-conv01092-20250330_180047-20250331_000047-0.050000-5.000000.png,2025-03-30T18:00:47,2025-03-31T00:00:47,0.05,5.0,2025-03-30T21:00:47,2.525,11.9301635288236,78.9554869237935,NOISE,2025-03-30T21:00:47,2.525,11.9301635288236,78.9554869237935,NOISE,2025-03-30T21:00:47,2.525,11.9301635288236,78.9554869237935,NOISE,2025-03-30T21:00:47,2.525,11.9301635288236,78.9554869237935,NOISE
2026-04-20T09:11:51.280383,Map-Energy__sum__linear-conv01102-20250331_000047-20250331_060047-0.050000-5.000000.png,2025-03-31T00:00:47,2025-03-31T06:00:47,0.05,5.0,2025-03-31T03:00:47,2.525,11.9301635288236,78.9554869237935,NOISE,2025-03-31T03:00:47,2.525,11.9301635288236,78.9554869237935,NOISE,2025-03-31T03:00:47,2.525,11.9301635288236,78.9554869237935,NOISE,2025-03-31T03:00:47,2.525,11.9301635288236,78.9554869237935,NOISE
2026-04-20T09:11:53.360761,Map-Energy__sum__linear-conv00001-20250331_060047-20250331_120047-0.050000-5.000000.png,2025-03-31T06:00:47,2025-03-31T12:00:47,0.05,5.0,2025-03-31T09:00:47,2.525,11.9301635288236,78.9554869237935,NOISE,2025-03-31T09:00:47,2.525,11.9301635288236,78.9554869237935,NOISE,2025-03-31T09:00:47,2.525,11.9301635288236,78.9554869237935,NOISE,2025-03-31T09:00:47,2.525,11.9301635288236,78.9554869237935,NOISE
2026-04-20T09:11:54.488939,Map-Energy__sum__linear-conv00011-20250331_120047-20250331_180047-0.050000-5.000000.png,2025-03-31T12:00:47,2025-03-31T18:00:47,0.05,5.0,2025-03-31T15:00:47,2.525,11.9301635288236,78.9554869237935,NOISE,2025-03-31T15:00:47,2.525,11.9301635288236,78.9554869237935,NOISE,2025-03-31T15:00:47,2.525,11.9301635288236,78.9554869237935,NOISE,2025-03-31T15:00:47,2.525,11.9301635288236,78.9554869237935,NOISE
2026-04-20T09:11:55.400836,Map-Energy__sum__linear-conv00021-20250331_180047-20250401_000047-0.050000-5.000000.png,2025-03-31T18:00:47,2025-04-01T00:00:47,0.05,5.0,2025-03-31T21:00:47,2.525,11.9301635288236,78.9554869237935,NOISE,2025-03-31T21:00:47,2.525,11.9301635288236,78.9554869237935,NOISE,2025-03-31T21:00:47,2.525,11.9301635288236,78.9554869237935,NOISE,2025-03-31T21:00:47,2.525,11.9301635288236,78.9554869237935,NOISE
2026-04-20T09:11:56.224474,Map-Energy__sum__linear-conv00002-20250301_000047-20250301_060047-5.000000-10.000000.png,2025-03-01T00:00:47,2025-03-01T06:00:47,5.0,10.0,2025-03-01T03:00:47,7.5,11.7898272340434,78.9877048432448,NOISE,2025-03-01T03:00:47,7.5,11.7898272340434,78.9877048432448,NOISE,2025-03-01T03:00:47,7.5,11.7898272340434,78.9877048432448,NOISE,2025-03-01T03:00:47,7.5,11.7898272340434,78.9877048432448,NOISE
2026-04-20T09:11:57.952867,Map-Energy__sum__linear-conv00012-20250301_060047-20250301_120047-5.000000-10.000000.png,2025-03-01T06:00:47,2025-03-01T12:00:47,5.0,10.0,2025-03-01T09:00:47,7.5,11.7898272340434,78.9877048432448,NOISE,2025-03-01T09:00:47,7.5,11.7898272340434,78.9877048432448,NOISE,2025-03-01T09:00:47,7.5,11.7898272340434,78.9877048432448,NOISE,2025-03-01T09:00:47,7.5,11.7898272340434,78.9877048432448,NOISE
2026-04-20T09:11:59.073003,Map-Energy__sum__linear-conv00022-20250301_120047-20250301_180047-5.000000-10.000000.png,2025-03-01T12:00:47,2025-03-01T18:00:47,5.0,10.0,2025-03-01T15:00:47,7.5,11.7898272340434,78.9877048432448,NOISE,2025-03-01T15:00:47,7.5,11.7898272340434,78.9877048432448,NOISE,2025-03-01T15:00:47,7.5,11.7898272340434,78.9877048432448,NOISE,2025-03-01T15:00:47,7.5,11.7898272340434,78.9877048432448,NOISE
2026-04-20T09:12:04.816445,Map-Energy__sum__linear-conv00032-20250301_180047-20250302_000047-5.000000-10.000000.png,2025-03-01T18:00:47,2025-03-02T00:00:47,5.0,10.0,2025-03-01T21:00:47,7.5,11.7898272340434,78.9877048432448,NOISE,2025-03-01T21:00:47,7.5,11.7898272340434,78.9877048432448,NOISE,2025-03-01T21:00:47,7.5,11.7898272340434,78.9877048432448,NOISE,2025-03-01T21:00:47,7.5,11.7898272340434,78.9877048432448,NOISE
2026-04-20T09:12:06.208610,Map-Energy__sum__linear-conv00042-20250302_000047-20250302_060047-5.000000-10.000000.png,2025-03-02T00:00:47,2025-03-02T06:00:47,5.0,10.0,2025-03-02T03:00:47,7.5,11.7898272340434,78.9877048432448,NOISE,2025-03-02T03:00:47,7.5,11.7898272340434,78.9877048432448,NOISE,2025-03-02T03:00:47,7.5,11.7898272340434,78.9877048432448,NOISE,2025-03-02T03:00:47,7.5,11.7898272340434,78.9877048432448,NOISE
2026-04-20T09:12:07.208865,Map-Energy__sum__linear-conv00052-20250302_060047-20250302_120047-5.000000-10.000000.png,2025-03-02T06:00:47,2025-03-02T12:00:47,5.0,10.0,2025-03-02T09:00:47,7.5,11.7898272340434,78.9877048432448,NOISE,2025-03-02T09:00:47,7.5,11.7898272340434,78.9877048432448,NOISE,2025-03-02T09:00:47,7.5,11.7898272340434,78.9877048432448,NOISE,2025-03-02T09:00:47,7.5,11.7898272340434,78.9877048432448,NOISE
2026-04-20T09:12:08.104874,Map-Energy__sum__linear-conv00062-20250302_120047-20250302_180047-5.000000-10.000000.png,2025-03-02T12:00:47,2025-03-02T18:00:47,5.0,10.0,2025-03-02T15:00:47,7.5,11.7898272340434,78.9877048432448,NOISE,2025-03-02T15:00:47,7.5,11.7898272340434,78.9877048432448,NOISE,2025-03-02T15:00:47,7.5,11.7898272340434,78.9877048432448,NOISE,2025-03-02T15:00:47,7.5,11.7898272340434,78.9877048432448,NOISE
2026-04-20T09:12:09.168663,Map-Energy__sum__linear-conv00072-20250302_180047-20250303_000047-5.000000-10.000000.png,2025-03-02T18:00:47,2025-03-03T00:00:47,5.0,10.0,2025-03-02T21:00:47,7.5,11.7898272340434,78.9877048432448,NOISE,2025-03-02T21:00:47,7.5,11.7898272340434,78.9877048432448,NOISE,2025-03-02T21:00:47,7.5,11.7898272340434,78.9877048432448,NOISE,2025-03-02T21:00:47,7.5,11.7898272340434,78.9877048432448,NOISE
2026-04-20T09:12:10.736822,Map-Energy__sum__linear-conv00082-20250303_000047-20250303_060047-5.000000-10.000000.png,2025-03-03T00:00:47,2025-03-03T06:00:47,5.0,10.0,2025-03-03T03:00:47,7.5,11.7898272340434,78.9877048432448,NOISE,2025-03-03T03:00:47,7.5,11.7898272340434,78.9877048432448,NOISE,2025-03-03T03:00:47,7.5,11.7898272340434,78.9877048432448,NOISE,2025-03-03T03:00:47,7.5,11.7898272340434,78.9877048432448,NOISE
2026-04-20T09:12:12.017130,Map-Energy__sum__linear-conv00092-20250303_060047-20250303_120047-5.000000-10.000000.png,2025-03-03T06:00:47,2025-03-03T12:00:47,5.0,10.0,2025-03-03T09:00:47,7.5,11.7898272340434,78.9877048432448,NOISE,2025-03-03T09:00:47,7.5,11.7898272340434,78.9877048432448,NOISE,2025-03-03T09:00:47,7.5,11.7898272340434,78.9877048432448,NOISE,2025-03-03T09:00:47,7.5,11.7898272340434,78.9877048432448,NOISE
2026-04-20T09:12:12.960602,Map-Energy__sum__linear-conv00003-20250303_120047-20250303_180047-5.000000-10.000000.png,2025-03-03T12:00:47,2025-03-03T18:00:47,5.0,10.0,2025-03-03T15:00:47,7.5,11.7898272340434,78.9877048432448,NOISE,2025-03-03T15:00:47,7.5,11.7898272340434,78.9877048432448,NOISE,2025-03-03T15:00:47,7.5,11.7898272340434,78.9877048432448,NOISE,2025-03-03T15:00:47,7.5,11.7898272340434,78.9877048432448,NOISE
2026-04-20T09:12:14.216629,Map-Energy__sum__linear-conv00013-20250303_180047-20250304_000047-5.000000-10.000000.png,2025-03-03T18:00:47,2025-03-04T00:00:47,5.0,10.0,2025-03-03T21:00:47,7.5,11.7898272340434,78.9877048432448,NOISE,2025-03-03T21:00:47,7.5,11.7898272340434,78.9877048432448,NOISE,2025-03-03T21:00:47,7.5,11.7898272340434,78.9877048432448,NOISE,2025-03-03T21:00:47,7.5,11.7898272340434,78.9877048432448,NOISE
2026-04-20T09:12:15.040627,Map-Energy__sum__linear-conv00023-20250304_000047-20250304_060047-5.000000-10.000000.png,2025-03-04T00:00:47,2025-03-04T06:00:47,5.0,10.0,2025-03-04T03:00:47,7.5,11.7898272340434,78.9877048432448,NOISE,2025-03-04T03:00:47,7.5,11.7898272340434,78.9877048432448,NOISE,2025-03-04T03:00:47,7.5,11.7898272340434,78.9877048432448,NOISE,2025-03-04T03:00:47,7.5,11.7898272340434,78.9877048432448,NOISE
2026-04-20T09:12:15.888481,Map-Energy__sum__linear-conv00033-20250304_060047-20250304_120047-5.000000-10.000000.png,2025-03-04T06:00:47,2025-03-04T12:00:47,5.0,10.0,2025-03-04T09:00:47,7.5,11.7898272340434,78.9877048432448,NOISE,2025-03-04T09:00:47,7.5,11.7898272340434,78.9877048432448,NOISE,2025-03-04T09:00:47,7.5,11.7898272340434,78.9877048432448,NOISE,2025-03-04T09:00:47,7.5,11.7898272340434,78.9877048432448,NOISE
2026-04-20T09:12:16.704624,Map-Energy__sum__linear-conv00043-20250304_120047-20250304_180047-5.000000-10.000000.png,2025-03-04T12:00:47,2025-03-04T18:00:47,5.0,10.0,2025-03-04T15:00:47,7.5,11.7898272340434,78.9877048432448,NOISE,2025-03-04T15:00:47,7.5,11.7898272340434,78.9877048432448,NOISE,2025-03-04T15:00:47,7.5,11.7898272340434,78.9877048432448,NOISE,2025-03-04T15:00:47,7.5,11.7898272340434,78.9877048432448,NOISE
2026-04-20T09:12:17.593920,Map-Energy__sum__linear-conv00053-20250304_180047-20250305_000047-5.000000-10.000000.png,2025-03-04T18:00:47,2025-03-05T00:00:47,5.0,10.0,2025-03-04T21:00:47,7.5,11.7898272340434,78.9877048432448,NOISE,2025-03-04T21:00:47,7.5,11.7898272340434,78.9877048432448,NOISE,2025-03-04T21:00:47,7.5,11.7898272340434,78.9877048432448,NOISE,2025-03-04T21:00:47,7.5,11.7898272340434,78.9877048432448,NOISE
2026-04-20T09:12:18.753000,Map-Energy__sum__linear-conv00063-20250305_000047-20250305_060047-5.000000-10.000000.png,2025-03-05T00:00:47,2025-03-05T06:00:47,5.0,10.0,2025-03-05T03:00:47,7.5,11.7898272340434,78.9877048432448,NOISE,2025-03-05T03:00:47,7.5,11.7898272340434,78.9877048432448,NOISE,2025-03-05T03:00:47,7.5,11.7898272340434,78.9877048432448,NOISE,2025-03-05T03:00:47,7.5,11.7898272340434,78.9877048432448,NOISE
2026-04-20T09:12:19.993319,Map-Energy__sum__linear-conv00073-20250305_060047-20250305_120047-5.000000-10.000000.png,2025-03-05T06:00:47,2025-03-05T12:00:47,5.0,10.0,2025-03-05T09:00:47,7.5,11.7898272340434,78.9877048432448,NOISE,2025-03-05T09:00:47,7.5,11.7898272340434,78.9877048432448,NOISE,2025-03-05T09:00:47,7.5,11.7898272340434,78.9877048432448,NOISE,2025-03-05T09:00:47,7.5,11.7898272340434,78.9877048432448,NOISE
2026-04-20T09:12:21.177075,Map-Energy__sum__linear-conv00083-20250305_120047-20250305_180047-5.000000-10.000000.png,2025-03-05T12:00:47,2025-03-05T18:00:47,5.0,10.0,2025-03-05T15:00:47,7.5,11.7898272340434,78.9877048432448,NOISE,2025-03-05T15:00:47,7.5,11.7898272340434,78.9877048432448,NOISE,2025-03-05T15:00:47,7.5,11.7898272340434,78.9877048432448,NOISE,2025-03-05T15:00:47,7.5,11.7898272340434,78.9877048432448,NOISE
2026-04-20T09:12:22.136521,Map-Energy__sum__linear-conv00093-20250305_180047-20250306_000047-5.000000-10.000000.png,2025-03-05T18:00:47,2025-03-06T00:00:47,5.0,10.0,2025-03-05T21:00:47,7.5,11.7898272340434,78.9877048432448,NOISE,2025-03-05T21:00:47,7.5,11.7898272340434,78.9877048432448,NOISE,2025-03-05T21:00:47,7.5,11.7898272340434,78.9877048432448,NOISE,2025-03-05T21:00:47,7.5,11.7898272340434,78.9877048432448,NOISE
2026-04-20T09:12:23.177552,Map-Energy__sum__linear-conv00103-20250306_000047-20250306_060047-5.000000-10.000000.png,2025-03-06T00:00:47,2025-03-06T06:00:47,5.0,10.0,2025-03-06T03:00:47,7.5,11.7898272340434,78.9877048432448,NOISE,2025-03-06T03:00:47,7.5,11.7898272340434,78.9877048432448,NOISE,2025-03-06T03:00:47,7.5,11.7898272340434,78.9877048432448,NOISE,2025-03-06T03:00:47,7.5,11.7898272340434,78.9877048432448,NOISE
2026-04-20T09:12:25.009779,Map-Energy__sum__linear-conv00113-20250306_060047-20250306_120047-5.000000-10.000000.png,2025-03-06T06:00:47,2025-03-06T12:00:47,5.0,10.0,2025-03-06T09:00:47,7.5,11.7898272340434,78.9877048432448,NOISE,2025-03-06T09:00:47,7.5,11.7898272340434,78.9877048432448,NOISE,2025-03-06T09:00:47,7.5,11.7898272340434,78.9877048432448,NOISE,2025-03-06T09:00:47,7.5,11.7898272340434,78.9877048432448,NOISE
2026-04-20T09:12:26.784721,Map-Energy__sum__linear-conv00123-20250306_120047-20250306_180047-5.000000-10.000000.png,2025-03-06T12:00:47,2025-03-06T18:00:47,5.0,10.0,2025-03-06T15:00:47,7.5,11.7898272340434,78.9877048432448,NOISE,2025-03-06T15:00:47,7.5,11.7898272340434,78.9877048432448,NOISE,2025-03-06T15:00:47,7.5,11.7898272340434,78.9877048432448,NOISE,2025-03-06T15:00:47,7.5,11.7898272340434,78.9877048432448,NOISE
2026-04-20T09:12:28.848733,Map-Energy__sum__linear-conv00133-20250306_180047-20250307_000047-5.000000-10.000000.png,2025-03-06T18:00:47,2025-03-07T00:00:47,5.0,10.0,2025-03-06T21:00:47,7.5,11.7898272340434,78.9877048432448,NOISE,2025-03-06T21:00:47,7.5,11.7898272340434,78.9877048432448,NOISE,2025-03-06T21:00:47,7.5,11.7898272340434,78.9877048432448,NOISE,2025-03-06T21:00:47,7.5,11.7898272340434,78.9877048432448,NOISE
2026-04-20T09:12:30.145267,Map-Energy__sum__linear-conv00143-20250307_000047-20250307_060047-5.000000-10.000000.png,2025-03-07T00:00:47,2025-03-07T06:00:47,5.0,10.0,2025-03-07T03:00:47,7.5,11.7898272340434,78.9877048432448,NOISE,2025-03-07T03:00:47,7.5,11.7898272340434,78.9877048432448,NOISE,2025-03-07T03:00:47,7.5,11.7898272340434,78.9877048432448,NOISE,2025-03-07T03:00:47,7.5,11.7898272340434,78.9877048432448,NOISE
2026-04-20T09:12:31.424717,Map-Energy__sum__linear-conv00153-20250307_060047-20250307_120047-5.000000-10.000000.png,2025-03-07T06:00:47,2025-03-07T12:00:47,5.0,10.0,2025-03-07T09:00:47,7.5,11.7898272340434,78.9877048432448,NOISE,2025-03-07T09:00:47,7.5,11.7898272340434,78.9877048432448,NOISE,2025-03-07T09:00:47,7.5,11.7898272340434,78.9877048432448,NOISE,2025-03-07T09:00:47,7.5,11.7898272340434,78.9877048432448,NOISE
2026-04-20T09:12:32.488824,Map-Energy__sum__linear-conv00163-20250307_120047-20250307_180047-5.000000-10.000000.png,2025-03-07T12:00:47,2025-03-07T18:00:47,5.0,10.0,2025-03-07T15:00:47,7.5,11.7898272340434,78.9877048432448,NOISE,2025-03-07T15:00:47,7.5,11.7898272340434,78.9877048432448,NOISE,2025-03-07T15:00:47,7.5,11.7898272340434,78.9877048432448,NOISE,2025-03-07T15:00:47,7.5,11.7898272340434,78.9877048432448,NOISE
2026-04-20T09:12:33.377218,Map-Energy__sum__linear-conv00173-20250307_180047-20250308_000047-5.000000-10.000000.png,2025-03-07T18:00:47,2025-03-08T00:00:47,5.0,10.0,2025-03-07T21:00:47,7.5,11.7898272340434,78.9877048432448,NOISE,2025-03-07T21:00:47,7.5,11.7898272340434,78.9877048432448,NOISE,2025-03-07T21:00:47,7.5,11.7898272340434,78.9877048432448,NOISE,2025-03-07T21:00:47,7.5,11.7898272340434,78.9877048432448,NOISE
2026-04-20T09:12:34.257656,Map-Energy__sum__linear-conv00183-20250308_000047-20250308_060047-5.000000-10.000000.png,2025-03-08T00:00:47,2025-03-08T06:00:47,5.0,10.0,2025-03-08T03:00:47,7.5,11.7898272340434,78.9877048432448,NOISE,2025-03-08T03:00:47,7.5,11.7898272340434,78.9877048432448,NOISE,2025-03-08T03:00:47,7.5,11.7898272340434,78.9877048432448,NOISE,2025-03-08T03:00:47,7.5,11.7898272340434,78.9877048432448,NOISE
2026-04-20T09:12:35.073239,Map-Energy__sum__linear-conv00193-20250308_060047-20250308_120047-5.000000-10.000000.png,2025-03-08T06:00:47,2025-03-08T12:00:47,5.0,10.0,2025-03-08T09:00:47,7.5,11.7898272340434,78.9877048432448,NOISE,2025-03-08T09:00:47,7.5,11.7898272340434,78.9877048432448,NOISE,2025-03-08T09:00:47,7.5,11.7898272340434,78.9877048432448,NOISE,2025-03-08T09:00:47,7.5,11.7898272340434,78.9877048432448,NOISE
2026-04-20T09:12:35.937336,Map-Energy__sum__linear-conv00203-20250308_120047-20250308_180047-5.000000-10.000000.png,2025-03-08T12:00:47,2025-03-08T18:00:47,5.0,10.0,2025-03-08T15:00:47,7.5,11.7898272340434,78.9877048432448,NOISE,2025-03-08T15:00:47,7.5,11.7898272340434,78.9877048432448,NOISE,2025-03-08T15:00:47,7.5,11.7898272340434,78.9877048432448,NOISE,2025-03-08T15:00:47,7.5,11.7898272340434,78.9877048432448,NOISE
2026-04-20T09:12:36.728582,Map-Energy__sum__linear-conv00213-20250308_180047-20250309_000047-5.000000-10.000000.png,2025-03-08T18:00:47,2025-03-09T00:00:47,5.0,10.0,2025-03-08T21:00:47,7.5,11.7898272340434,78.9877048432448,NOISE,2025-03-08T21:00:47,7.5,11.7898272340434,78.9877048432448,NOISE,2025-03-08T21:00:47,7.5,11.7898272340434,78.9877048432448,NOISE,2025-03-08T21:00:47,7.5,11.7898272340434,78.9877048432448,NOISE
2026-04-20T09:12:37.617144,Map-Energy__sum__linear-conv00223-20250309_000047-20250309_060047-5.000000-10.000000.png,2025-03-09T00:00:47,2025-03-09T06:00:47,5.0,10.0,2025-03-09T03:00:47,7.5,11.7898272340434,78.9877048432448,NOISE,2025-03-09T03:00:47,7.5,11.7898272340434,78.9877048432448,NOISE,2025-03-09T03:00:47,7.5,11.7898272340434,78.9877048432448,NOISE,2025-03-09T03:00:47,7.5,11.7898272340434,78.9877048432448,NOISE
2026-04-20T09:12:38.568245,Map-Energy__sum__linear-conv00233-20250309_060047-20250309_120047-5.000000-10.000000.png,2025-03-09T06:00:47,2025-03-09T12:00:47,5.0,10.0,2025-03-09T09:00:47,7.5,11.7898272340434,78.9877048432448,NOISE,2025-03-09T09:00:47,7.5,11.7898272340434,78.9877048432448,NOISE,2025-03-09T09:00:47,7.5,11.7898272340434,78.9877048432448,NOISE,2025-03-09T09:00:47,7.5,11.7898272340434,78.9877048432448,NOISE
2026-04-20T09:12:39.528796,Map-Energy__sum__linear-conv00243-20250309_120047-20250309_180047-5.000000-10.000000.png,2025-03-09T12:00:47,2025-03-09T18:00:47,5.0,10.0,2025-03-09T15:00:47,7.5,11.7898272340434,78.9877048432448,NOISE,2025-03-09T15:00:47,7.5,11.7898272340434,78.9877048432448,NOISE,2025-03-09T15:00:47,7.5,11.7898272340434,78.9877048432448,NOISE,2025-03-09T15:00:47,7.5,11.7898272340434,78.9877048432448,NOISE
2026-04-20T09:12:40.480787,Map-Energy__sum__linear-conv00253-20250309_180047-20250310_000047-5.000000-10.000000.png,2025-03-09T18:00:47,2025-03-10T00:00:47,5.0,10.0,2025-03-09T21:00:47,7.5,11.7898272340434,78.9877048432448,NOISE,2025-03-09T21:00:47,7.5,11.7898272340434,78.9877048432448,NOISE,2025-03-09T21:00:47,7.5,11.7898272340434,78.9877048432448,NOISE,2025-03-09T21:00:47,7.5,11.7898272340434,78.9877048432448,NOISE
2026-04-20T09:12:41.433614,Map-Energy__sum__linear-conv00263-20250310_000047-20250310_060047-5.000000-10.000000.png,2025-03-10T00:00:47,2025-03-10T06:00:47,5.0,10.0,2025-03-10T03:00:47,7.5,11.7898272340434,78.9877048432448,NOISE,2025-03-10T03:00:47,7.5,11.7898272340434,78.9877048432448,NOISE,2025-03-10T03:00:47,7.5,11.7898272340434,78.9877048432448,NOISE,2025-03-10T03:00:47,7.5,11.7898272340434,78.9877048432448,NOISE
2026-04-20T09:12:42.616789,Map-Energy__sum__linear-conv00273-20250310_060047-20250310_120047-5.000000-10.000000.png,2025-03-10T06:00:47,2025-03-10T12:00:47,5.0,10.0,2025-03-10T09:00:47,7.5,11.7898272340434,78.9877048432448,NOISE,2025-03-10T09:00:47,7.5,11.7898272340434,78.9877048432448,NOISE,2025-03-10T09:00:47,7.5,11.7898272340434,78.9877048432448,NOISE,2025-03-10T09:00:47,7.5,11.7898272340434,78.9877048432448,NOISE
2026-04-20T09:12:43.577667,Map-Energy__sum__linear-conv00283-20250310_120047-20250310_180047-5.000000-10.000000.png,2025-03-10T12:00:47,2025-03-10T18:00:47,5.0,10.0,2025-03-10T15:00:47,7.5,11.7898272340434,78.9877048432448,NOISE,2025-03-10T15:00:47,7.5,11.7898272340434,78.9877048432448,NOISE,2025-03-10T15:00:47,7.5,11.7898272340434,78.9877048432448,NOISE,2025-03-10T15:00:47,7.5,11.7898272340434,78.9877048432448,NOISE
2026-04-20T09:12:44.817443,Map-Energy__sum__linear-conv00293-20250310_180047-20250311_000047-5.000000-10.000000.png,2025-03-10T18:00:47,2025-03-11T00:00:47,5.0,10.0,2025-03-10T21:00:47,7.5,11.7898272340434,78.9877048432448,NOISE,2025-03-10T21:00:47,7.5,11.7898272340434,78.9877048432448,NOISE,2025-03-10T21:00:47,7.5,11.7898272340434,78.9877048432448,NOISE,2025-03-10T21:00:47,7.5,11.7898272340434,78.9877048432448,NOISE
2026-04-20T09:12:45.984622,Map-Energy__sum__linear-conv00303-20250311_000047-20250311_060047-5.000000-10.000000.png,2025-03-11T00:00:47,2025-03-11T06:00:47,5.0,10.0,2025-03-11T03:00:47,7.5,11.7898272340434,78.9877048432448,NOISE,2025-03-11T03:00:47,7.5,11.7898272340434,78.9877048432448,NOISE,2025-03-11T03:00:47,7.5,11.7898272340434,78.9877048432448,NOISE,2025-03-11T03:00:47,7.5,11.7898272340434,78.9877048432448,NOISE
2026-04-20T09:12:47.024377,Map-Energy__sum__linear-conv00313-20250311_060047-20250311_120047-5.000000-10.000000.png,2025-03-11T06:00:47,2025-03-11T12:00:47,5.0,10.0,2025-03-11T09:00:47,7.5,11.7898272340434,78.9877048432448,NOISE,2025-03-11T09:00:47,7.5,11.7898272340434,78.9877048432448,NOISE,2025-03-11T09:00:47,7.5,11.7898272340434,78.9877048432448,NOISE,2025-03-11T09:00:47,7.5,11.7898272340434,78.9877048432448,NOISE
2026-04-20T09:12:47.944520,Map-Energy__sum__linear-conv00323-20250311_120047-20250311_180047-5.000000-10.000000.png,2025-03-11T12:00:47,2025-03-11T18:00:47,5.0,10.0,2025-03-11T15:00:47,7.5,11.7898272340434,78.9877048432448,NOISE,2025-03-11T15:00:47,7.5,11.7898272340434,78.9877048432448,NOISE,2025-03-11T15:00:47,7.5,11.7898272340434,78.9877048432448,NOISE,2025-03-11T15:00:47,7.5,11.7898272340434,78.9877048432448,NOISE
2026-04-20T09:12:49.001123,Map-Energy__sum__linear-conv00333-20250311_180047-20250312_000047-5.000000-10.000000.png,2025-03-11T18:00:47,2025-03-12T00:00:47,5.0,10.0,2025-03-11T21:00:47,7.5,11.7898272340434,78.9877048432448,NOISE,2025-03-11T21:00:47,7.5,11.7898272340434,78.9877048432448,NOISE,2025-03-11T21:00:47,7.5,11.7898272340434,78.9877048432448,NOISE,2025-03-11T21:00:47,7.5,11.7898272340434,78.9877048432448,NOISE
2026-04-20T09:12:49.880644,Map-Energy__sum__linear-conv00343-20250312_000047-20250312_060047-5.000000-10.000000.png,2025-03-12T00:00:47,2025-03-12T06:00:47,5.0,10.0,2025-03-12T03:00:47,7.5,11.7898272340434,78.9877048432448,NOISE,2025-03-12T03:00:47,7.5,11.7898272340434,78.9877048432448,NOISE,2025-03-12T03:00:47,7.5,11.7898272340434,78.9877048432448,NOISE,2025-03-12T03:00:47,7.5,11.7898272340434,78.9877048432448,NOISE
2026-04-20T09:12:50.688829,Map-Energy__sum__linear-conv00353-20250312_060047-20250312_120047-5.000000-10.000000.png,2025-03-12T06:00:47,2025-03-12T12:00:47,5.0,10.0,2025-03-12T09:00:47,7.5,11.7898272340434,78.9877048432448,NOISE,2025-03-12T09:00:47,7.5,11.7898272340434,78.9877048432448,NOISE,2025-03-12T09:00:47,7.5,11.7898272340434,78.9877048432448,NOISE,2025-03-12T09:00:47,7.5,11.7898272340434,78.9877048432448,NOISE
2026-04-20T09:12:51.536658,Map-Energy__sum__linear-conv00363-20250312_120047-20250312_180047-5.000000-10.000000.png,2025-03-12T12:00:47,2025-03-12T18:00:47,5.0,10.0,2025-03-12T15:00:47,7.5,11.7898272340434,78.9877048432448,NOISE,2025-03-12T15:00:47,7.5,11.7898272340434,78.9877048432448,NOISE,2025-03-12T15:00:47,7.5,11.7898272340434,78.9877048432448,NOISE,2025-03-12T15:00:47,7.5,11.7898272340434,78.9877048432448,NOISE
2026-04-20T09:12:52.593461,Map-Energy__sum__linear-conv00373-20250312_180047-20250313_000047-5.000000-10.000000.png,2025-03-12T18:00:47,2025-03-13T00:00:47,5.0,10.0,2025-03-12T21:00:47,7.5,11.7898272340434,78.9877048432448,NOISE,2025-03-12T21:00:47,7.5,11.7898272340434,78.9877048432448,NOISE,2025-03-12T21:00:47,7.5,11.7898272340434,78.9877048432448,NOISE,2025-03-12T21:00:47,7.5,11.7898272340434,78.9877048432448,NOISE
2026-04-20T09:12:53.528811,Map-Energy__sum__linear-conv00383-20250313_000047-20250313_060047-5.000000-10.000000.png,2025-03-13T00:00:47,2025-03-13T06:00:47,5.0,10.0,2025-03-13T03:00:47,7.5,11.7898272340434,78.9877048432448,NOISE,2025-03-13T03:00:47,7.5,11.7898272340434,78.9877048432448,NOISE,2025-03-13T03:00:47,7.5,11.7898272340434,78.9877048432448,NOISE,2025-03-13T03:00:47,7.5,11.7898272340434,78.9877048432448,NOISE
2026-04-20T09:12:54.393109,Map-Energy__sum__linear-conv00393-20250313_060047-20250313_120047-5.000000-10.000000.png,2025-03-13T06:00:47,2025-03-13T12:00:47,5.0,10.0,2025-03-13T09:00:47,7.5,11.7898272340434,78.9877048432448,NOISE,2025-03-13T09:00:47,7.5,11.7898272340434,78.9877048432448,NOISE,2025-03-13T09:00:47,7.5,11.7898272340434,78.9877048432448,NOISE,2025-03-13T09:00:47,7.5,11.7898272340434,78.9877048432448,NOISE
2026-04-20T09:12:55.240565,Map-Energy__sum__linear-conv00403-20250313_120047-20250313_180047-5.000000-10.000000.png,2025-03-13T12:00:47,2025-03-13T18:00:47,5.0,10.0,2025-03-13T15:00:47,7.5,11.7898272340434,78.9877048432448,NOISE,2025-03-13T15:00:47,7.5,11.7898272340434,78.9877048432448,NOISE,2025-03-13T15:00:47,7.5,11.7898272340434,78.9877048432448,NOISE,2025-03-13T15:00:47,7.5,11.7898272340434,78.9877048432448,NOISE
2026-04-20T09:12:56.336435,Map-Energy__sum__linear-conv00413-20250313_180047-20250314_000047-5.000000-10.000000.png,2025-03-13T18:00:47,2025-03-14T00:00:47,5.0,10.0,2025-03-13T21:00:47,7.5,11.7898272340434,78.9877048432448,NOISE,2025-03-13T21:00:47,7.5,11.7898272340434,78.9877048432448,NOISE,2025-03-13T21:00:47,7.5,11.7898272340434,78.9877048432448,NOISE,2025-03-13T21:00:47,7.5,11.7898272340434,78.9877048432448,NOISE
2026-04-20T09:12:59.793652,Map-Energy__sum__linear-conv00423-20250314_000047-20250314_060047-5.000000-10.000000.png,2025-03-14T00:00:47,2025-03-14T06:00:47,5.0,10.0,2025-03-14T03:00:47,7.5,11.7898272340434,78.9877048432448,NOISE,2025-03-14T03:00:47,7.5,11.7898272340434,78.9877048432448,NOISE,2025-03-14T03:00:47,7.5,11.7898272340434,78.9877048432448,NOISE,2025-03-14T03:00:47,7.5,11.7898272340434,78.9877048432448,NOISE
2026-04-20T09:13:01.193563,Map-Energy__sum__linear-conv00433-20250314_060047-20250314_120047-5.000000-10.000000.png,2025-03-14T06:00:47,2025-03-14T12:00:47,5.0,10.0,2025-03-14T09:00:47,7.5,11.7898272340434,78.9877048432448,NOISE,2025-03-14T09:00:47,7.5,11.7898272340434,78.9877048432448,NOISE,2025-03-14T09:00:47,7.5,11.7898272340434,78.9877048432448,NOISE,2025-03-14T09:00:47,7.5,11.7898272340434,78.9877048432448,NOISE
2026-04-20T09:13:02.168798,Map-Energy__sum__linear-conv00443-20250314_120047-20250314_180047-5.000000-10.000000.png,2025-03-14T12:00:47,2025-03-14T18:00:47,5.0,10.0,2025-03-14T15:00:47,7.5,11.7898272340434,78.9877048432448,NOISE,2025-03-14T15:00:47,7.5,11.7898272340434,78.9877048432448,NOISE,2025-03-14T15:00:47,7.5,11.7898272340434,78.9877048432448,NOISE,2025-03-14T15:00:47,7.5,11.7898272340434,78.9877048432448,NOISE
2026-04-20T09:13:03.208723,Map-Energy__sum__linear-conv00453-20250314_180047-20250315_000047-5.000000-10.000000.png,2025-03-14T18:00:47,2025-03-15T00:00:47,5.0,10.0,2025-03-14T21:00:47,7.5,11.7898272340434,78.9877048432448,NOISE,2025-03-14T21:00:47,7.5,11.7898272340434,78.9877048432448,NOISE,2025-03-14T21:00:47,7.5,11.7898272340434,78.9877048432448,NOISE,2025-03-14T21:00:47,7.5,11.7898272340434,78.9877048432448,NOISE
2026-04-20T09:13:04.208982,Map-Energy__sum__linear-conv00463-20250315_000047-20250315_060047-5.000000-10.000000.png,2025-03-15T00:00:47,2025-03-15T06:00:47,5.0,10.0,2025-03-15T03:00:47,7.5,11.7898272340434,78.9877048432448,NOISE,2025-03-15T03:00:47,7.5,11.7898272340434,78.9877048432448,NOISE,2025-03-15T03:00:47,7.5,11.7898272340434,78.9877048432448,NOISE,2025-03-15T03:00:47,7.5,11.7898272340434,78.9877048432448,NOISE
2026-04-20T09:13:05.304799,Map-Energy__sum__linear-conv00473-20250315_060047-20250315_120047-5.000000-10.000000.png,2025-03-15T06:00:47,2025-03-15T12:00:47,5.0,10.0,2025-03-15T09:00:47,7.5,11.7898272340434,78.9877048432448,NOISE,2025-03-15T09:00:47,7.5,11.7898272340434,78.9877048432448,NOISE,2025-03-15T09:00:47,7.5,11.7898272340434,78.9877048432448,NOISE,2025-03-15T09:00:47,7.5,11.7898272340434,78.9877048432448,NOISE
2026-04-20T09:13:06.384133,Map-Energy__sum__linear-conv00483-20250315_120047-20250315_180047-5.000000-10.000000.png,2025-03-15T12:00:47,2025-03-15T18:00:47,5.0,10.0,2025-03-15T15:00:47,7.5,11.7898272340434,78.9877048432448,NOISE,2025-03-15T15:00:47,7.5,11.7898272340434,78.9877048432448,NOISE,2025-03-15T15:00:47,7.5,11.7898272340434,78.9877048432448,NOISE,2025-03-15T15:00:47,7.5,11.7898272340434,78.9877048432448,NOISE
2026-04-20T09:13:07.456877,Map-Energy__sum__linear-conv00493-20250315_180047-20250316_000047-5.000000-10.000000.png,2025-03-15T18:00:47,2025-03-16T00:00:47,5.0,10.0,2025-03-15T21:00:47,7.5,11.7898272340434,78.9877048432448,NOISE,2025-03-15T21:00:47,7.5,11.7898272340434,78.9877048432448,NOISE,2025-03-15T21:00:47,7.5,11.7898272340434,78.9877048432448,NOISE,2025-03-15T21:00:47,7.5,11.7898272340434,78.9877048432448,NOISE
2026-04-20T09:13:08.368562,Map-Energy__sum__linear-conv00503-20250316_000047-20250316_060047-5.000000-10.000000.png,2025-03-16T00:00:47,2025-03-16T06:00:47,5.0,10.0,2025-03-16T03:00:47,7.5,11.7898272340434,78.9877048432448,NOISE,2025-03-16T03:00:47,7.5,11.7898272340434,78.9877048432448,NOISE,2025-03-16T03:00:47,7.5,11.7898272340434,78.9877048432448,NOISE,2025-03-16T03:00:47,7.5,11.7898272340434,78.9877048432448,NOISE
2026-04-20T09:13:14.360906,Map-Energy__sum__linear-conv00513-20250316_060047-20250316_120047-5.000000-10.000000.png,2025-03-16T06:00:47,2025-03-16T12:00:47,5.0,10.0,2025-03-16T09:00:47,7.5,11.7898272340434,78.9877048432448,NOISE,2025-03-16T09:00:47,7.5,11.7898272340434,78.9877048432448,NOISE,2025-03-16T09:00:47,7.5,11.7898272340434,78.9877048432448,NOISE,2025-03-16T09:00:47,7.5,11.7898272340434,78.9877048432448,NOISE
2026-04-20T09:13:15.401042,Map-Energy__sum__linear-conv00523-20250316_120047-20250316_180047-5.000000-10.000000.png,2025-03-16T12:00:47,2025-03-16T18:00:47,5.0,10.0,2025-03-16T15:00:47,7.5,11.7898272340434,78.9877048432448,NOISE,2025-03-16T15:00:47,7.5,11.7898272340434,78.9877048432448,NOISE,2025-03-16T15:00:47,7.5,11.7898272340434,78.9877048432448,NOISE,2025-03-16T15:00:47,7.5,11.7898272340434,78.9877048432448,NOISE
2026-04-20T09:13:16.465264,Map-Energy__sum__linear-conv00533-20250316_180047-20250317_000047-5.000000-10.000000.png,2025-03-16T18:00:47,2025-03-17T00:00:47,5.0,10.0,2025-03-16T21:00:47,7.5,11.7898272340434,78.9877048432448,NOISE,2025-03-16T21:00:47,7.5,11.7898272340434,78.9877048432448,NOISE,2025-03-16T21:00:47,7.5,11.7898272340434,78.9877048432448,NOISE,2025-03-16T21:00:47,7.5,11.7898272340434,78.9877048432448,NOISE
2026-04-20T09:13:17.480640,Map-Energy__sum__linear-conv00543-20250317_000047-20250317_060047-5.000000-10.000000.png,2025-03-17T00:00:47,2025-03-17T06:00:47,5.0,10.0,2025-03-17T03:00:47,7.5,11.7898272340434,78.9877048432448,NOISE,2025-03-17T03:00:47,7.5,11.7898272340434,78.9877048432448,NOISE,2025-03-17T03:00:47,7.5,11.7898272340434,78.9877048432448,NOISE,2025-03-17T03:00:47,7.5,11.7898272340434,78.9877048432448,NOISE
2026-04-20T09:13:19.194145,Map-Energy__sum__linear-conv00553-20250317_060047-20250317_120047-5.000000-10.000000.png,2025-03-17T06:00:47,2025-03-17T12:00:47,5.0,10.0,2025-03-17T09:00:47,7.5,11.7898272340434,78.9877048432448,NOISE,2025-03-17T09:00:47,7.5,11.7898272340434,78.9877048432448,NOISE,2025-03-17T09:00:47,7.5,11.7898272340434,78.9877048432448,NOISE,2025-03-17T09:00:47,7.5,11.7898272340434,78.9877048432448,NOISE
2026-04-20T09:13:20.993700,Map-Energy__sum__linear-conv00563-20250317_120047-20250317_180047-5.000000-10.000000.png,2025-03-17T12:00:47,2025-03-17T18:00:47,5.0,10.0,2025-03-17T15:00:47,7.5,11.7898272340434,78.9877048432448,NOISE,2025-03-17T15:00:47,7.5,11.7898272340434,78.9877048432448,NOISE,2025-03-17T15:00:47,7.5,11.7898272340434,78.9877048432448,NOISE,2025-03-17T15:00:47,7.5,11.7898272340434,78.9877048432448,NOISE
2026-04-20T09:13:22.656704,Map-Energy__sum__linear-conv00573-20250317_180047-20250318_000047-5.000000-10.000000.png,2025-03-17T18:00:47,2025-03-18T00:00:47,5.0,10.0,2025-03-17T21:00:47,7.5,11.7898272340434,78.9877048432448,NOISE,2025-03-17T21:00:47,7.5,11.7898272340434,78.9877048432448,NOISE,2025-03-17T21:00:47,7.5,11.7898272340434,78.9877048432448,NOISE,2025-03-17T21:00:47,7.5,11.7898272340434,78.9877048432448,NOISE
2026-04-20T09:13:23.824950,Map-Energy__sum__linear-conv00583-20250318_000047-20250318_060047-5.000000-10.000000.png,2025-03-18T00:00:47,2025-03-18T06:00:47,5.0,10.0,2025-03-18T03:00:47,7.5,11.7898272340434,78.9877048432448,NOISE,2025-03-18T03:00:47,7.5,11.7898272340434,78.9877048432448,NOISE,2025-03-18T03:00:47,7.5,11.7898272340434,78.9877048432448,NOISE,2025-03-18T03:00:47,7.5,11.7898272340434,78.9877048432448,NOISE
2026-04-20T09:13:24.832614,Map-Energy__sum__linear-conv00593-20250318_060047-20250318_120047-5.000000-10.000000.png,2025-03-18T06:00:47,2025-03-18T12:00:47,5.0,10.0,2025-03-18T09:00:47,7.5,11.7898272340434,78.9877048432448,NOISE,2025-03-18T09:00:47,7.5,11.7898272340434,78.9877048432448,NOISE,2025-03-18T09:00:47,7.5,11.7898272340434,78.9877048432448,NOISE,2025-03-18T09:00:47,7.5,11.7898272340434,78.9877048432448,NOISE
2026-04-20T09:13:26.409064,Map-Energy__sum__linear-conv00603-20250318_120047-20250318_180047-5.000000-10.000000.png,2025-03-18T12:00:47,2025-03-18T18:00:47,5.0,10.0,2025-03-18T15:00:47,7.5,11.7898272340434,78.9877048432448,NOISE,2025-03-18T15:00:47,7.5,11.7898272340434,78.9877048432448,NOISE,2025-03-18T15:00:47,7.5,11.7898272340434,78.9877048432448,NOISE,2025-03-18T15:00:47,7.5,11.7898272340434,78.9877048432448,NOISE
2026-04-20T09:13:27.312557,Map-Energy__sum__linear-conv00613-20250318_180047-20250319_000047-5.000000-10.000000.png,2025-03-18T18:00:47,2025-03-19T00:00:47,5.0,10.0,2025-03-18T21:00:47,7.5,11.7898272340434,78.9877048432448,NOISE,2025-03-18T21:00:47,7.5,11.7898272340434,78.9877048432448,NOISE,2025-03-18T21:00:47,7.5,11.7898272340434,78.9877048432448,NOISE,2025-03-18T21:00:47,7.5,11.7898272340434,78.9877048432448,NOISE
2026-04-20T09:13:28.120897,Map-Energy__sum__linear-conv00623-20250319_000047-20250319_060047-5.000000-10.000000.png,2025-03-19T00:00:47,2025-03-19T06:00:47,5.0,10.0,2025-03-19T03:00:47,7.5,11.7898272340434,78.9877048432448,NOISE,2025-03-19T03:00:47,7.5,11.7898272340434,78.9877048432448,NOISE,2025-03-19T03:00:47,7.5,11.7898272340434,78.9877048432448,NOISE,2025-03-19T03:00:47,7.5,11.7898272340434,78.9877048432448,NOISE
2026-04-20T09:13:28.969124,Map-Energy__sum__linear-conv00633-20250319_060047-20250319_120047-5.000000-10.000000.png,2025-03-19T06:00:47,2025-03-19T12:00:47,5.0,10.0,2025-03-19T09:00:47,7.5,11.7898272340434,78.9877048432448,NOISE,2025-03-19T09:00:47,7.5,11.7898272340434,78.9877048432448,NOISE,2025-03-19T09:00:47,7.5,11.7898272340434,78.9877048432448,NOISE,2025-03-19T09:00:47,7.5,11.7898272340434,78.9877048432448,NOISE
2026-04-20T09:13:29.793763,Map-Energy__sum__linear-conv00643-20250319_120047-20250319_180047-5.000000-10.000000.png,2025-03-19T12:00:47,2025-03-19T18:00:47,5.0,10.0,2025-03-19T15:00:47,7.5,11.7898272340434,78.9877048432448,NOISE,2025-03-19T15:00:47,7.5,11.7898272340434,78.9877048432448,NOISE,2025-03-19T15:00:47,7.5,11.7898272340434,78.9877048432448,NOISE,2025-03-19T15:00:47,7.5,11.7898272340434,78.9877048432448,NOISE
2026-04-20T09:13:30.625056,Map-Energy__sum__linear-conv00653-20250319_180047-20250320_000047-5.000000-10.000000.png,2025-03-19T18:00:47,2025-03-20T00:00:47,5.0,10.0,2025-03-19T21:00:47,7.5,11.7898272340434,78.9877048432448,NOISE,2025-03-19T21:00:47,7.5,11.7898272340434,78.9877048432448,NOISE,2025-03-19T21:00:47,7.5,11.7898272340434,78.9877048432448,NOISE,2025-03-19T21:00:47,7.5,11.7898272340434,78.9877048432448,NOISE
2026-04-20T09:13:31.432627,Map-Energy__sum__linear-conv00663-20250320_000047-20250320_060047-5.000000-10.000000.png,2025-03-20T00:00:47,2025-03-20T06:00:47,5.0,10.0,2025-03-20T03:00:47,7.5,11.7898272340434,78.9877048432448,NOISE,2025-03-20T03:00:47,7.5,11.7898272340434,78.9877048432448,NOISE,2025-03-20T03:00:47,7.5,11.7898272340434,78.9877048432448,NOISE,2025-03-20T03:00:47,7.5,11.7898272340434,78.9877048432448,NOISE
2026-04-20T09:13:32.248955,Map-Energy__sum__linear-conv00673-20250320_060047-20250320_120047-5.000000-10.000000.png,2025-03-20T06:00:47,2025-03-20T12:00:47,5.0,10.0,2025-03-20T09:00:47,7.5,11.7898272340434,78.9877048432448,NOISE,2025-03-20T09:00:47,7.5,11.7898272340434,78.9877048432448,NOISE,2025-03-20T09:00:47,7.5,11.7898272340434,78.9877048432448,NOISE,2025-03-20T09:00:47,7.5,11.7898272340434,78.9877048432448,NOISE
2026-04-20T09:13:33.024956,Map-Energy__sum__linear-conv00683-20250320_120047-20250320_180047-5.000000-10.000000.png,2025-03-20T12:00:47,2025-03-20T18:00:47,5.0,10.0,2025-03-20T15:00:47,7.5,11.7898272340434,78.9877048432448,NOISE,2025-03-20T15:00:47,7.5,11.7898272340434,78.9877048432448,NOISE,2025-03-20T15:00:47,7.5,11.7898272340434,78.9877048432448,NOISE,2025-03-20T15:00:47,7.5,11.7898272340434,78.9877048432448,NOISE
2026-04-20T09:13:33.816731,Map-Energy__sum__linear-conv00693-20250320_180047-20250321_000047-5.000000-10.000000.png,2025-03-20T18:00:47,2025-03-21T00:00:47,5.0,10.0,2025-03-20T21:00:47,7.5,11.7898272340434,78.9877048432448,NOISE,2025-03-20T21:00:47,7.5,11.7898272340434,78.9877048432448,NOISE,2025-03-20T21:00:47,7.5,11.7898272340434,78.9877048432448,NOISE,2025-03-20T21:00:47,7.5,11.7898272340434,78.9877048432448,NOISE
2026-04-20T09:13:34.593652,Map-Energy__sum__linear-conv00703-20250321_000047-20250321_060047-5.000000-10.000000.png,2025-03-21T00:00:47,2025-03-21T06:00:47,5.0,10.0,2025-03-21T03:00:47,7.5,11.7898272340434,78.9877048432448,NOISE,2025-03-21T03:00:47,7.5,11.7898272340434,78.9877048432448,NOISE,2025-03-21T03:00:47,7.5,11.7898272340434,78.9877048432448,NOISE,2025-03-21T03:00:47,7.5,11.7898272340434,78.9877048432448,NOISE
2026-04-20T09:13:35.433456,Map-Energy__sum__linear-conv00713-20250321_060047-20250321_120047-5.000000-10.000000.png,2025-03-21T06:00:47,2025-03-21T12:00:47,5.0,10.0,2025-03-21T09:00:47,7.5,11.7898272340434,78.9877048432448,NOISE,2025-03-21T09:00:47,7.5,11.7898272340434,78.9877048432448,NOISE,2025-03-21T09:00:47,7.5,11.7898272340434,78.9877048432448,NOISE,2025-03-21T09:00:47,7.5,11.7898272340434,78.9877048432448,NOISE
2026-04-20T09:13:36.273285,Map-Energy__sum__linear-conv00723-20250321_120047-20250321_180047-5.000000-10.000000.png,2025-03-21T12:00:47,2025-03-21T18:00:47,5.0,10.0,2025-03-21T15:00:47,7.5,11.7898272340434,78.9877048432448,NOISE,2025-03-21T15:00:47,7.5,11.7898272340434,78.9877048432448,NOISE,2025-03-21T15:00:47,7.5,11.7898272340434,78.9877048432448,NOISE,2025-03-21T15:00:47,7.5,11.7898272340434,78.9877048432448,NOISE
2026-04-20T09:13:37.224947,Map-Energy__sum__linear-conv00733-20250321_180047-20250322_000047-5.000000-10.000000.png,2025-03-21T18:00:47,2025-03-22T00:00:47,5.0,10.0,2025-03-21T21:00:47,7.5,11.7898272340434,78.9877048432448,NOISE,2025-03-21T21:00:47,7.5,11.7898272340434,78.9877048432448,NOISE,2025-03-21T21:00:47,7.5,11.7898272340434,78.9877048432448,NOISE,2025-03-21T21:00:47,7.5,11.7898272340434,78.9877048432448,NOISE
2026-04-20T09:13:38.240960,Map-Energy__sum__linear-conv00743-20250322_000047-20250322_060047-5.000000-10.000000.png,2025-03-22T00:00:47,2025-03-22T06:00:47,5.0,10.0,2025-03-22T03:00:47,7.5,11.7898272340434,78.9877048432448,NOISE,2025-03-22T03:00:47,7.5,11.7898272340434,78.9877048432448,NOISE,2025-03-22T03:00:47,7.5,11.7898272340434,78.9877048432448,NOISE,2025-03-22T03:00:47,7.5,11.7898272340434,78.9877048432448,NOISE
2026-04-20T09:13:39.952805,Map-Energy__sum__linear-conv00753-20250322_060047-20250322_120047-5.000000-10.000000.png,2025-03-22T06:00:47,2025-03-22T12:00:47,5.0,10.0,2025-03-22T09:00:47,7.5,11.7898272340434,78.9877048432448,NOISE,2025-03-22T09:00:47,7.5,11.7898272340434,78.9877048432448,NOISE,2025-03-22T09:00:47,7.5,11.7898272340434,78.9877048432448,NOISE,2025-03-22T09:00:47,7.5,11.7898272340434,78.9877048432448,NOISE
2026-04-20T09:13:40.993856,Map-Energy__sum__linear-conv00763-20250322_120047-20250322_180047-5.000000-10.000000.png,2025-03-22T12:00:47,2025-03-22T18:00:47,5.0,10.0,2025-03-22T15:00:47,7.5,11.7898272340434,78.9877048432448,NOISE,2025-03-22T15:00:47,7.5,11.7898272340434,78.9877048432448,NOISE,2025-03-22T15:00:47,7.5,11.7898272340434,78.9877048432448,NOISE,2025-03-22T15:00:47,7.5,11.7898272340434,78.9877048432448,NOISE
2026-04-20T09:13:42.369330,Map-Energy__sum__linear-conv00773-20250322_180047-20250323_000047-5.000000-10.000000.png,2025-03-22T18:00:47,2025-03-23T00:00:47,5.0,10.0,2025-03-22T21:00:47,7.5,11.7898272340434,78.9877048432448,NOISE,2025-03-22T21:00:47,7.5,11.7898272340434,78.9877048432448,NOISE,2025-03-22T21:00:47,7.5,11.7898272340434,78.9877048432448,NOISE,2025-03-22T21:00:47,7.5,11.7898272340434,78.9877048432448,NOISE
2026-04-20T09:13:43.352813,Map-Energy__sum__linear-conv00783-20250323_000047-20250323_060047-5.000000-10.000000.png,2025-03-23T00:00:47,2025-03-23T06:00:47,5.0,10.0,2025-03-23T03:00:47,7.5,11.7898272340434,78.9877048432448,NOISE,2025-03-23T03:00:47,7.5,11.7898272340434,78.9877048432448,NOISE,2025-03-23T03:00:47,7.5,11.7898272340434,78.9877048432448,NOISE,2025-03-23T03:00:47,7.5,11.7898272340434,78.9877048432448,NOISE
2026-04-20T09:13:44.369229,Map-Energy__sum__linear-conv00793-20250323_060047-20250323_120047-5.000000-10.000000.png,2025-03-23T06:00:47,2025-03-23T12:00:47,5.0,10.0,2025-03-23T09:00:47,7.5,11.7898272340434,78.9877048432448,NOISE,2025-03-23T09:00:47,7.5,11.7898272340434,78.9877048432448,NOISE,2025-03-23T09:00:47,7.5,11.7898272340434,78.9877048432448,NOISE,2025-03-23T09:00:47,7.5,11.7898272340434,78.9877048432448,NOISE
2026-04-20T09:13:49.113384,Map-Energy__sum__linear-conv00803-20250323_120047-20250323_180047-5.000000-10.000000.png,2025-03-23T12:00:47,2025-03-23T18:00:47,5.0,10.0,2025-03-23T15:00:47,7.5,11.7898272340434,78.9877048432448,NOISE,2025-03-23T15:00:47,7.5,11.7898272340434,78.9877048432448,NOISE,2025-03-23T15:00:47,7.5,11.7898272340434,78.9877048432448,NOISE,2025-03-23T15:00:47,7.5,11.7898272340434,78.9877048432448,NOISE
2026-04-20T09:13:50.569034,Map-Energy__sum__linear-conv00813-20250323_180047-20250324_000047-5.000000-10.000000.png,2025-03-23T18:00:47,2025-03-24T00:00:47,5.0,10.0,2025-03-23T21:00:47,7.5,11.7898272340434,78.9877048432448,NOISE,2025-03-23T21:00:47,7.5,11.7898272340434,78.9877048432448,NOISE,2025-03-23T21:00:47,7.5,11.7898272340434,78.9877048432448,NOISE,2025-03-23T21:00:47,7.5,11.7898272340434,78.9877048432448,NOISE
2026-04-20T09:13:51.697529,Map-Energy__sum__linear-conv00823-20250324_000047-20250324_060047-5.000000-10.000000.png,2025-03-24T00:00:47,2025-03-24T06:00:47,5.0,10.0,2025-03-24T03:00:47,7.5,11.7898272340434,78.9877048432448,NOISE,2025-03-24T03:00:47,7.5,11.7898272340434,78.9877048432448,NOISE,2025-03-24T03:00:47,7.5,11.7898272340434,78.9877048432448,NOISE,2025-03-24T03:00:47,7.5,11.7898272340434,78.9877048432448,NOISE
2026-04-20T09:13:52.825095,Map-Energy__sum__linear-conv00833-20250324_060047-20250324_120047-5.000000-10.000000.png,2025-03-24T06:00:47,2025-03-24T12:00:47,5.0,10.0,2025-03-24T09:00:47,7.5,11.7898272340434,78.9877048432448,NOISE,2025-03-24T09:00:47,7.5,11.7898272340434,78.9877048432448,NOISE,2025-03-24T09:00:47,7.5,11.7898272340434,78.9877048432448,NOISE,2025-03-24T09:00:47,7.5,11.7898272340434,78.9877048432448,NOISE
2026-04-20T09:13:53.720754,Map-Energy__sum__linear-conv00843-20250324_120047-20250324_180047-5.000000-10.000000.png,2025-03-24T12:00:47,2025-03-24T18:00:47,5.0,10.0,2025-03-24T15:00:47,7.5,11.7898272340434,78.9877048432448,NOISE,2025-03-24T15:00:47,7.5,11.7898272340434,78.9877048432448,NOISE,2025-03-24T15:00:47,7.5,11.7898272340434,78.9877048432448,NOISE,2025-03-24T15:00:47,7.5,11.7898272340434,78.9877048432448,NOISE
2026-04-20T09:13:54.800984,Map-Energy__sum__linear-conv00853-20250324_180047-20250325_000047-5.000000-10.000000.png,2025-03-24T18:00:47,2025-03-25T00:00:47,5.0,10.0,2025-03-24T21:00:47,7.5,11.7898272340434,78.9877048432448,NOISE,2025-03-24T21:00:47,7.5,11.7898272340434,78.9877048432448,NOISE,2025-03-24T21:00:47,7.5,11.7898272340434,78.9877048432448,NOISE,2025-03-24T21:00:47,7.5,11.7898272340434,78.9877048432448,NOISE
2026-04-20T09:13:56.033005,Map-Energy__sum__linear-conv00863-20250325_000047-20250325_060047-5.000000-10.000000.png,2025-03-25T00:00:47,2025-03-25T06:00:47,5.0,10.0,2025-03-25T03:00:47,7.5,11.7898272340434,78.9877048432448,NOISE,2025-03-25T03:00:47,7.5,11.7898272340434,78.9877048432448,NOISE,2025-03-25T03:00:47,7.5,11.7898272340434,78.9877048432448,NOISE,2025-03-25T03:00:47,7.5,11.7898272340434,78.9877048432448,NOISE
2026-04-20T09:13:57.345155,Map-Energy__sum__linear-conv00873-20250325_060047-20250325_120047-5.000000-10.000000.png,2025-03-25T06:00:47,2025-03-25T12:00:47,5.0,10.0,2025-03-25T09:00:47,7.5,11.7898272340434,78.9877048432448,NOISE,2025-03-25T09:00:47,7.5,11.7898272340434,78.9877048432448,NOISE,2025-03-25T09:00:47,7.5,11.7898272340434,78.9877048432448,NOISE,2025-03-25T09:00:47,7.5,11.7898272340434,78.9877048432448,NOISE
2026-04-20T09:13:58.400989,Map-Energy__sum__linear-conv00883-20250325_120047-20250325_180047-5.000000-10.000000.png,2025-03-25T12:00:47,2025-03-25T18:00:47,5.0,10.0,2025-03-25T15:00:47,7.5,11.7898272340434,78.9877048432448,NOISE,2025-03-25T15:00:47,7.5,11.7898272340434,78.9877048432448,NOISE,2025-03-25T15:00:47,7.5,11.7898272340434,78.9877048432448,NOISE,2025-03-25T15:00:47,7.5,11.7898272340434,78.9877048432448,NOISE
2026-04-20T09:13:59.385070,Map-Energy__sum__linear-conv00893-20250325_180047-20250326_000047-5.000000-10.000000.png,2025-03-25T18:00:47,2025-03-26T00:00:47,5.0,10.0,2025-03-25T21:00:47,7.5,11.7898272340434,78.9877048432448,NOISE,2025-03-25T21:00:47,7.5,11.7898272340434,78.9877048432448,NOISE,2025-03-25T21:00:47,7.5,11.7898272340434,78.9877048432448,NOISE,2025-03-25T21:00:47,7.5,11.7898272340434,78.9877048432448,NOISE
2026-04-20T09:14:00.640792,Map-Energy__sum__linear-conv00903-20250326_000047-20250326_060047-5.000000-10.000000.png,2025-03-26T00:00:47,2025-03-26T06:00:47,5.0,10.0,2025-03-26T03:00:47,7.5,11.7898272340434,78.9877048432448,NOISE,2025-03-26T03:00:47,7.5,11.7898272340434,78.9877048432448,NOISE,2025-03-26T03:00:47,7.5,11.7898272340434,78.9877048432448,NOISE,2025-03-26T03:00:47,7.5,11.7898272340434,78.9877048432448,NOISE
2026-04-20T09:14:01.593285,Map-Energy__sum__linear-conv00913-20250326_060047-20250326_120047-5.000000-10.000000.png,2025-03-26T06:00:47,2025-03-26T12:00:47,5.0,10.0,2025-03-26T09:00:47,7.5,11.7898272340434,78.9877048432448,NOISE,2025-03-26T09:00:47,7.5,11.7898272340434,78.9877048432448,NOISE,2025-03-26T09:00:47,7.5,11.7898272340434,78.9877048432448,NOISE,2025-03-26T09:00:47,7.5,11.7898272340434,78.9877048432448,NOISE
2026-04-20T09:14:02.514143,Map-Energy__sum__linear-conv00923-20250326_120047-20250326_180047-5.000000-10.000000.png,2025-03-26T12:00:47,2025-03-26T18:00:47,5.0,10.0,2025-03-26T15:00:47,7.5,11.7898272340434,78.9877048432448,NOISE,2025-03-26T15:00:47,7.5,11.7898272340434,78.9877048432448,NOISE,2025-03-26T15:00:47,7.5,11.7898272340434,78.9877048432448,NOISE,2025-03-26T15:00:47,7.5,11.7898272340434,78.9877048432448,NOISE
2026-04-20T09:14:03.633071,Map-Energy__sum__linear-conv00933-20250326_180047-20250327_000047-5.000000-10.000000.png,2025-03-26T18:00:47,2025-03-27T00:00:47,5.0,10.0,2025-03-26T21:00:47,7.5,11.7898272340434,78.9877048432448,NOISE,2025-03-26T21:00:47,7.5,11.7898272340434,78.9877048432448,NOISE,2025-03-26T21:00:47,7.5,11.7898272340434,78.9877048432448,NOISE,2025-03-26T21:00:47,7.5,11.7898272340434,78.9877048432448,NOISE
2026-04-20T09:14:04.505003,Map-Energy__sum__linear-conv00943-20250327_000047-20250327_060047-5.000000-10.000000.png,2025-03-27T00:00:47,2025-03-27T06:00:47,5.0,10.0,2025-03-27T03:00:47,7.5,11.7898272340434,78.9877048432448,NOISE,2025-03-27T03:00:47,7.5,11.7898272340434,78.9877048432448,NOISE,2025-03-27T03:00:47,7.5,11.7898272340434,78.9877048432448,NOISE,2025-03-27T03:00:47,7.5,11.7898272340434,78.9877048432448,NOISE
2026-04-20T09:14:05.513024,Map-Energy__sum__linear-conv00953-20250327_060047-20250327_120047-5.000000-10.000000.png,2025-03-27T06:00:47,2025-03-27T12:00:47,5.0,10.0,2025-03-27T09:00:47,7.5,11.7898272340434,78.9877048432448,NOISE,2025-03-27T09:00:47,7.5,11.7898272340434,78.9877048432448,NOISE,2025-03-27T09:00:47,7.5,11.7898272340434,78.9877048432448,NOISE,2025-03-27T09:00:47,7.5,11.7898272340434,78.9877048432448,NOISE
2026-04-20T09:14:06.353340,Map-Energy__sum__linear-conv00963-20250327_120047-20250327_180047-5.000000-10.000000.png,2025-03-27T12:00:47,2025-03-27T18:00:47,5.0,10.0,2025-03-27T15:00:47,7.5,11.7898272340434,78.9877048432448,NOISE,2025-03-27T15:00:47,7.5,11.7898272340434,78.9877048432448,NOISE,2025-03-27T15:00:47,7.5,11.7898272340434,78.9877048432448,NOISE,2025-03-27T15:00:47,7.5,11.7898272340434,78.9877048432448,NOISE
2026-04-20T09:14:07.168455,Map-Energy__sum__linear-conv00973-20250327_180047-20250328_000047-5.000000-10.000000.png,2025-03-27T18:00:47,2025-03-28T00:00:47,5.0,10.0,2025-03-27T21:00:47,7.5,11.7898272340434,78.9877048432448,NOISE,2025-03-27T21:00:47,7.5,11.7898272340434,78.9877048432448,NOISE,2025-03-27T21:00:47,7.5,11.7898272340434,78.9877048432448,NOISE,2025-03-27T21:00:47,7.5,11.7898272340434,78.9877048432448,NOISE
2026-04-20T09:14:08.008810,Map-Energy__sum__linear-conv00983-20250328_000047-20250328_060047-5.000000-10.000000.png,2025-03-28T00:00:47,2025-03-28T06:00:47,5.0,10.0,2025-03-28T03:00:47,7.5,11.7898272340434,78.9877048432448,NOISE,2025-03-28T03:00:47,7.5,11.7898272340434,78.9877048432448,NOISE,2025-03-28T03:00:47,7.5,11.7898272340434,78.9877048432448,NOISE,2025-03-28T03:00:47,7.5,11.7898272340434,78.9877048432448,NOISE
2026-04-20T09:14:08.856915,Map-Energy__sum__linear-conv00993-20250328_060047-20250328_120047-5.000000-10.000000.png,2025-03-28T06:00:47,2025-03-28T12:00:47,5.0,10.0,2025-03-28T09:00:47,7.5,11.7898272340434,78.9877048432448,NOISE,2025-03-28T09:00:47,7.5,11.7898272340434,78.9877048432448,NOISE,2025-03-28T09:00:47,7.5,11.7898272340434,78.9877048432448,NOISE,2025-03-28T09:00:47,7.5,11.7898272340434,78.9877048432448,NOISE
2026-04-20T09:14:09.649365,Map-Energy__sum__linear-conv01003-20250328_120047-20250328_180047-5.000000-10.000000.png,2025-03-28T12:00:47,2025-03-28T18:00:47,5.0,10.0,2025-03-28T15:00:47,7.5,11.7898272340434,78.9877048432448,NOISE,2025-03-28T15:00:47,7.5,11.7898272340434,78.9877048432448,NOISE,2025-03-28T15:00:47,7.5,11.7898272340434,78.9877048432448,NOISE,2025-03-28T15:00:47,7.5,11.7898272340434,78.9877048432448,NOISE
2026-04-20T09:14:10.456895,Map-Energy__sum__linear-conv01013-20250328_180047-20250329_000047-5.000000-10.000000.png,2025-03-28T18:00:47,2025-03-29T00:00:47,5.0,10.0,2025-03-28T21:00:47,7.5,11.7898272340434,78.9877048432448,NOISE,2025-03-28T21:00:47,7.5,11.7898272340434,78.9877048432448,NOISE,2025-03-28T21:00:47,7.5,11.7898272340434,78.9877048432448,NOISE,2025-03-28T21:00:47,7.5,11.7898272340434,78.9877048432448,NOISE
2026-04-20T09:14:11.265277,Map-Energy__sum__linear-conv01023-20250329_000047-20250329_060047-5.000000-10.000000.png,2025-03-29T00:00:47,2025-03-29T06:00:47,5.0,10.0,2025-03-29T03:00:47,7.5,11.7898272340434,78.9877048432448,NOISE,2025-03-29T03:00:47,7.5,11.7898272340434,78.9877048432448,NOISE,2025-03-29T03:00:47,7.5,11.7898272340434,78.9877048432448,NOISE,2025-03-29T03:00:47,7.5,11.7898272340434,78.9877048432448,NOISE
2026-04-20T09:14:12.040995,Map-Energy__sum__linear-conv01033-20250329_060047-20250329_120047-5.000000-10.000000.png,2025-03-29T06:00:47,2025-03-29T12:00:47,5.0,10.0,2025-03-29T09:00:47,7.5,11.7898272340434,78.9877048432448,NOISE,2025-03-29T09:00:47,7.5,11.7898272340434,78.9877048432448,NOISE,2025-03-29T09:00:47,7.5,11.7898272340434,78.9877048432448,NOISE,2025-03-29T09:00:47,7.5,11.7898272340434,78.9877048432448,NOISE
2026-04-20T09:14:12.768693,Map-Energy__sum__linear-conv01043-20250329_120047-20250329_180047-5.000000-10.000000.png,2025-03-29T12:00:47,2025-03-29T18:00:47,5.0,10.0,2025-03-29T15:00:47,7.5,11.7898272340434,78.9877048432448,NOISE,2025-03-29T15:00:47,7.5,11.7898272340434,78.9877048432448,NOISE,2025-03-29T15:00:47,7.5,11.7898272340434,78.9877048432448,NOISE,2025-03-29T15:00:47,7.5,11.7898272340434,78.9877048432448,NOISE
2026-04-20T09:14:13.528630,Map-Energy__sum__linear-conv01053-20250329_180047-20250330_000047-5.000000-10.000000.png,2025-03-29T18:00:47,2025-03-30T00:00:47,5.0,10.0,2025-03-29T21:00:47,7.5,11.7898272340434,78.9877048432448,NOISE,2025-03-29T21:00:47,7.5,11.7898272340434,78.9877048432448,NOISE,2025-03-29T21:00:47,7.5,11.7898272340434,78.9877048432448,NOISE,2025-03-29T21:00:47,7.5,11.7898272340434,78.9877048432448,NOISE
2026-04-20T09:14:14.304996,Map-Energy__sum__linear-conv01063-20250330_000047-20250330_060047-5.000000-10.000000.png,2025-03-30T00:00:47,2025-03-30T06:00:47,5.0,10.0,2025-03-30T03:00:47,7.5,11.7898272340434,78.9877048432448,NOISE,2025-03-30T03:00:47,7.5,11.7898272340434,78.9877048432448,NOISE,2025-03-30T03:00:47,7.5,11.7898272340434,78.9877048432448,NOISE,2025-03-30T03:00:47,7.5,11.7898272340434,78.9877048432448,NOISE
2026-04-20T09:14:15.048677,Map-Energy__sum__linear-conv01073-20250330_060047-20250330_120047-5.000000-10.000000.png,2025-03-30T06:00:47,2025-03-30T12:00:47,5.0,10.0,2025-03-30T09:00:47,7.5,11.7898272340434,78.9877048432448,NOISE,2025-03-30T09:00:47,7.5,11.7898272340434,78.9877048432448,NOISE,2025-03-30T09:00:47,7.5,11.7898272340434,78.9877048432448,NOISE,2025-03-30T09:00:47,7.5,11.7898272340434,78.9877048432448,NOISE
2026-04-20T09:14:15.768840,Map-Energy__sum__linear-conv01083-20250330_120047-20250330_180047-5.000000-10.000000.png,2025-03-30T12:00:47,2025-03-30T18:00:47,5.0,10.0,2025-03-30T15:00:47,7.5,11.7898272340434,78.9877048432448,NOISE,2025-03-30T15:00:47,7.5,11.7898272340434,78.9877048432448,NOISE,2025-03-30T15:00:47,7.5,11.7898272340434,78.9877048432448,NOISE,2025-03-30T15:00:47,7.5,11.7898272340434,78.9877048432448,NOISE
2026-04-20T09:14:16.504616,Map-Energy__sum__linear-conv01093-20250330_180047-20250331_000047-5.000000-10.000000.png,2025-03-30T18:00:47,2025-03-31T00:00:47,5.0,10.0,2025-03-30T21:00:47,7.5,11.7898272340434,78.9877048432448,NOISE,2025-03-30T21:00:47,7.5,11.7898272340434,78.9877048432448,NOISE,2025-03-30T21:00:47,7.5,11.7898272340434,78.9877048432448,NOISE,2025-03-30T21:00:47,7.5,11.7898272340434,78.9877048432448,NOISE
2026-04-20T09:14:17.216809,Map-Energy__sum__linear-conv01103-20250331_000047-20250331_060047-5.000000-10.000000.png,2025-03-31T00:00:47,2025-03-31T06:00:47,5.0,10.0,2025-03-31T03:00:47,7.5,11.7898272340434,78.9877048432448,NOISE,2025-03-31T03:00:47,7.5,11.7898272340434,78.9877048432448,NOISE,2025-03-31T03:00:47,7.5,11.7898272340434,78.9877048432448,NOISE,2025-03-31T03:00:47,7.5,11.7898272340434,78.9877048432448,NOISE
2026-04-20T09:14:22.152295,Map-Energy__sum__linear-conv00002-20250331_060047-20250331_120047-5.000000-10.000000.png,2025-03-31T06:00:47,2025-03-31T12:00:47,5.0,10.0,2025-03-31T09:00:47,7.5,11.7898272340434,78.9877048432448,NOISE,2025-03-31T09:00:47,7.5,11.7898272340434,78.9877048432448,NOISE,2025-03-31T09:00:47,7.5,11.7898272340434,78.9877048432448,NOISE,2025-03-31T09:00:47,7.5,11.7898272340434,78.9877048432448,NOISE
2026-04-20T09:14:23.432836,Map-Energy__sum__linear-conv00012-20250331_120047-20250331_180047-5.000000-10.000000.png,2025-03-31T12:00:47,2025-03-31T18:00:47,5.0,10.0,2025-03-31T15:00:47,7.5,11.7898272340434,78.9877048432448,NOISE,2025-03-31T15:00:47,7.5,11.7898272340434,78.9877048432448,NOISE,2025-03-31T15:00:47,7.5,11.7898272340434,78.9877048432448,NOISE,2025-03-31T15:00:47,7.5,11.7898272340434,78.9877048432448,NOISE
2026-04-20T09:14:30.888807,Map-Energy__sum__linear-conv00022-20250331_180047-20250401_000047-5.000000-10.000000.png,2025-03-31T18:00:47,2025-04-01T00:00:47,5.0,10.0,2025-03-31T21:00:47,7.5,11.7898272340434,78.9877048432448,NOISE,2025-03-31T21:00:47,7.5,11.7898272340434,78.9877048432448,NOISE,2025-03-31T21:00:47,7.5,11.7898272340434,78.9877048432448,NOISE,2025-03-31T21:00:47,7.5,11.7898272340434,78.9877048432448,NOISE
2026-04-20T09:14:31.736801,Map-Energy__sum__linear-conv00003-20250301_000047-20250301_060047-10.000000-15.000000.png,2025-03-01T00:00:47,2025-03-01T06:00:47,10.0,15.0,2025-03-01T03:00:47,12.5,11.5594114413877,78.9903276217732,NOISE,2025-03-01T03:00:47,12.5,11.5594114413877,78.9903276217732,NOISE,2025-03-01T03:00:47,12.5,11.5594114413877,78.9903276217732,NOISE,2025-03-01T03:00:47,12.5,11.5594114413877,78.9903276217732,NOISE
2026-04-20T09:14:33.177610,Map-Energy__sum__linear-conv00013-20250301_060047-20250301_120047-10.000000-15.000000.png,2025-03-01T06:00:47,2025-03-01T12:00:47,10.0,15.0,2025-03-01T09:00:47,12.5,11.5594114413877,78.9903276217732,NOISE,2025-03-01T09:00:47,12.5,11.5594114413877,78.9903276217732,NOISE,2025-03-01T09:00:47,12.5,11.5594114413877,78.9903276217732,NOISE,2025-03-01T09:00:47,12.5,11.5594114413877,78.9903276217732,NOISE
2026-04-20T09:14:34.321450,Map-Energy__sum__linear-conv00023-20250301_120047-20250301_180047-10.000000-15.000000.png,2025-03-01T12:00:47,2025-03-01T18:00:47,10.0,15.0,2025-03-01T15:00:47,12.5,11.5594114413877,78.9903276217732,NOISE,2025-03-01T15:00:47,12.5,11.5594114413877,78.9903276217732,NOISE,2025-03-01T15:00:47,12.5,11.5594114413877,78.9903276217732,NOISE,2025-03-01T15:00:47,12.5,11.5594114413877,78.9903276217732,NOISE
2026-04-20T09:14:35.121700,Map-Energy__sum__linear-conv00033-20250301_180047-20250302_000047-10.000000-15.000000.png,2025-03-01T18:00:47,2025-03-02T00:00:47,10.0,15.0,2025-03-01T21:00:47,12.5,11.5594114413877,78.9903276217732,NOISE,2025-03-01T21:00:47,12.5,11.5594114413877,78.9903276217732,NOISE,2025-03-01T21:00:47,12.5,11.5594114413877,78.9903276217732,NOISE,2025-03-01T21:00:47,12.5,11.5594114413877,78.9903276217732,NOISE
2026-04-20T09:14:35.961410,Map-Energy__sum__linear-conv00043-20250302_000047-20250302_060047-10.000000-15.000000.png,2025-03-02T00:00:47,2025-03-02T06:00:47,10.0,15.0,2025-03-02T03:00:47,12.5,11.5594114413877,78.9903276217732,NOISE,2025-03-02T03:00:47,12.5,11.5594114413877,78.9903276217732,NOISE,2025-03-02T03:00:47,12.5,11.5594114413877,78.9903276217732,NOISE,2025-03-02T03:00:47,12.5,11.5594114413877,78.9903276217732,NOISE
2026-04-20T09:14:36.777926,Map-Energy__sum__linear-conv00053-20250302_060047-20250302_120047-10.000000-15.000000.png,2025-03-02T06:00:47,2025-03-02T12:00:47,10.0,15.0,2025-03-02T09:00:47,12.5,11.5594114413877,78.9903276217732,NOISE,2025-03-02T09:00:47,12.5,11.5594114413877,78.9903276217732,NOISE,2025-03-02T09:00:47,12.5,11.5594114413877,78.9903276217732,NOISE,2025-03-02T09:00:47,12.5,11.5594114413877,78.9903276217732,NOISE
2026-04-20T09:14:37.896818,Map-Energy__sum__linear-conv00063-20250302_120047-20250302_180047-10.000000-15.000000.png,2025-03-02T12:00:47,2025-03-02T18:00:47,10.0,15.0,2025-03-02T15:00:47,12.5,11.5594114413877,78.9903276217732,NOISE,2025-03-02T15:00:47,12.5,11.5594114413877,78.9903276217732,NOISE,2025-03-02T15:00:47,12.5,11.5594114413877,78.9903276217732,NOISE,2025-03-02T15:00:47,12.5,11.5594114413877,78.9903276217732,NOISE
2026-04-20T09:14:38.936835,Map-Energy__sum__linear-conv00073-20250302_180047-20250303_000047-10.000000-15.000000.png,2025-03-02T18:00:47,2025-03-03T00:00:47,10.0,15.0,2025-03-02T21:00:47,12.5,11.5594114413877,78.9903276217732,NOISE,2025-03-02T21:00:47,12.5,11.5594114413877,78.9903276217732,NOISE,2025-03-02T21:00:47,12.5,11.5594114413877,78.9903276217732,NOISE,2025-03-02T21:00:47,12.5,11.5594114413877,78.9903276217732,NOISE
2026-04-20T09:14:39.864697,Map-Energy__sum__linear-conv00083-20250303_000047-20250303_060047-10.000000-15.000000.png,2025-03-03T00:00:47,2025-03-03T06:00:47,10.0,15.0,2025-03-03T03:00:47,12.5,11.5594114413877,78.9903276217732,NOISE,2025-03-03T03:00:47,12.5,11.5594114413877,78.9903276217732,NOISE,2025-03-03T03:00:47,12.5,11.5594114413877,78.9903276217732,NOISE,2025-03-03T03:00:47,12.5,11.5594114413877,78.9903276217732,NOISE
2026-04-20T09:14:40.672865,Map-Energy__sum__linear-conv00093-20250303_060047-20250303_120047-10.000000-15.000000.png,2025-03-03T06:00:47,2025-03-03T12:00:47,10.0,15.0,2025-03-03T09:00:47,12.5,11.5594114413877,78.9903276217732,NOISE,2025-03-03T09:00:47,12.5,11.5594114413877,78.9903276217732,NOISE,2025-03-03T09:00:47,12.5,11.5594114413877,78.9903276217732,NOISE,2025-03-03T09:00:47,12.5,11.5594114413877,78.9903276217732,NOISE
2026-04-20T09:14:41.624800,Map-Energy__sum__linear-conv00004-20250303_120047-20250303_180047-10.000000-15.000000.png,2025-03-03T12:00:47,2025-03-03T18:00:47,10.0,15.0,2025-03-03T15:00:47,12.5,11.5594114413877,78.9903276217732,NOISE,2025-03-03T15:00:47,12.5,11.5594114413877,78.9903276217732,NOISE,2025-03-03T15:00:47,12.5,11.5594114413877,78.9903276217732,NOISE,2025-03-03T15:00:47,12.5,11.5594114413877,78.9903276217732,NOISE
2026-04-20T09:14:42.920937,Map-Energy__sum__linear-conv00014-20250303_180047-20250304_000047-10.000000-15.000000.png,2025-03-03T18:00:47,2025-03-04T00:00:47,10.0,15.0,2025-03-03T21:00:47,12.5,11.5594114413877,78.9903276217732,NOISE,2025-03-03T21:00:47,12.5,11.5594114413877,78.9903276217732,NOISE,2025-03-03T21:00:47,12.5,11.5594114413877,78.9903276217732,NOISE,2025-03-03T21:00:47,12.5,11.5594114413877,78.9903276217732,NOISE
2026-04-20T09:14:44.944846,Map-Energy__sum__linear-conv00024-20250304_000047-20250304_060047-10.000000-15.000000.png,2025-03-04T00:00:47,2025-03-04T06:00:47,10.0,15.0,2025-03-04T03:00:47,12.5,11.5594114413877,78.9903276217732,NOISE,2025-03-04T03:00:47,12.5,11.5594114413877,78.9903276217732,NOISE,2025-03-04T03:00:47,12.5,11.5594114413877,78.9903276217732,NOISE,2025-03-04T03:00:47,12.5,11.5594114413877,78.9903276217732,NOISE
2026-04-20T09:14:50.217035,Map-Energy__sum__linear-conv00034-20250304_060047-20250304_120047-10.000000-15.000000.png,2025-03-04T06:00:47,2025-03-04T12:00:47,10.0,15.0,2025-03-04T09:00:47,12.5,11.5594114413877,78.9903276217732,NOISE,2025-03-04T09:00:47,12.5,11.5594114413877,78.9903276217732,NOISE,2025-03-04T09:00:47,12.5,11.5594114413877,78.9903276217732,NOISE,2025-03-04T09:00:47,12.5,11.5594114413877,78.9903276217732,NOISE
2026-04-20T09:14:51.336968,Map-Energy__sum__linear-conv00044-20250304_120047-20250304_180047-10.000000-15.000000.png,2025-03-04T12:00:47,2025-03-04T18:00:47,10.0,15.0,2025-03-04T15:00:47,12.5,11.5594114413877,78.9903276217732,NOISE,2025-03-04T15:00:47,12.5,11.5594114413877,78.9903276217732,NOISE,2025-03-04T15:00:47,12.5,11.5594114413877,78.9903276217732,NOISE,2025-03-04T15:00:47,12.5,11.5594114413877,78.9903276217732,NOISE
2026-04-20T09:14:52.553393,Map-Energy__sum__linear-conv00054-20250304_180047-20250305_000047-10.000000-15.000000.png,2025-03-04T18:00:47,2025-03-05T00:00:47,10.0,15.0,2025-03-04T21:00:47,12.5,11.5594114413877,78.9903276217732,NOISE,2025-03-04T21:00:47,12.5,11.5594114413877,78.9903276217732,NOISE,2025-03-04T21:00:47,12.5,11.5594114413877,78.9903276217732,NOISE,2025-03-04T21:00:47,12.5,11.5594114413877,78.9903276217732,NOISE
2026-04-20T09:14:53.545304,Map-Energy__sum__linear-conv00064-20250305_000047-20250305_060047-10.000000-15.000000.png,2025-03-05T00:00:47,2025-03-05T06:00:47,10.0,15.0,2025-03-05T03:00:47,12.5,11.5594114413877,78.9903276217732,NOISE,2025-03-05T03:00:47,12.5,11.5594114413877,78.9903276217732,NOISE,2025-03-05T03:00:47,12.5,11.5594114413877,78.9903276217732,NOISE,2025-03-05T03:00:47,12.5,11.5594114413877,78.9903276217732,NOISE
2026-04-20T09:14:54.737199,Map-Energy__sum__linear-conv00074-20250305_060047-20250305_120047-10.000000-15.000000.png,2025-03-05T06:00:47,2025-03-05T12:00:47,10.0,15.0,2025-03-05T09:00:47,12.5,11.5594114413877,78.9903276217732,NOISE,2025-03-05T09:00:47,12.5,11.5594114413877,78.9903276217732,NOISE,2025-03-05T09:00:47,12.5,11.5594114413877,78.9903276217732,NOISE,2025-03-05T09:00:47,12.5,11.5594114413877,78.9903276217732,NOISE
2026-04-20T09:14:55.649246,Map-Energy__sum__linear-conv00084-20250305_120047-20250305_180047-10.000000-15.000000.png,2025-03-05T12:00:47,2025-03-05T18:00:47,10.0,15.0,2025-03-05T15:00:47,12.5,11.5594114413877,78.9903276217732,NOISE,2025-03-05T15:00:47,12.5,11.5594114413877,78.9903276217732,NOISE,2025-03-05T15:00:47,12.5,11.5594114413877,78.9903276217732,NOISE,2025-03-05T15:00:47,12.5,11.5594114413877,78.9903276217732,NOISE
2026-04-20T09:14:56.825684,Map-Energy__sum__linear-conv00094-20250305_180047-20250306_000047-10.000000-15.000000.png,2025-03-05T18:00:47,2025-03-06T00:00:47,10.0,15.0,2025-03-05T21:00:47,12.5,11.5594114413877,78.9903276217732,NOISE,2025-03-05T21:00:47,12.5,11.5594114413877,78.9903276217732,NOISE,2025-03-05T21:00:47,12.5,11.5594114413877,78.9903276217732,NOISE,2025-03-05T21:00:47,12.5,11.5594114413877,78.9903276217732,NOISE
2026-04-20T09:14:57.736952,Map-Energy__sum__linear-conv00104-20250306_000047-20250306_060047-10.000000-15.000000.png,2025-03-06T00:00:47,2025-03-06T06:00:47,10.0,15.0,2025-03-06T03:00:47,12.5,11.5594114413877,78.9903276217732,NOISE,2025-03-06T03:00:47,12.5,11.5594114413877,78.9903276217732,NOISE,2025-03-06T03:00:47,12.5,11.5594114413877,78.9903276217732,NOISE,2025-03-06T03:00:47,12.5,11.5594114413877,78.9903276217732,NOISE
2026-04-20T09:14:58.944941,Map-Energy__sum__linear-conv00114-20250306_060047-20250306_120047-10.000000-15.000000.png,2025-03-06T06:00:47,2025-03-06T12:00:47,10.0,15.0,2025-03-06T09:00:47,12.5,11.5594114413877,78.9903276217732,NOISE,2025-03-06T09:00:47,12.5,11.5594114413877,78.9903276217732,NOISE,2025-03-06T09:00:47,12.5,11.5594114413877,78.9903276217732,NOISE,2025-03-06T09:00:47,12.5,11.5594114413877,78.9903276217732,NOISE
2026-04-20T09:14:59.816747,Map-Energy__sum__linear-conv00124-20250306_120047-20250306_180047-10.000000-15.000000.png,2025-03-06T12:00:47,2025-03-06T18:00:47,10.0,15.0,2025-03-06T15:00:47,12.5,11.5594114413877,78.9903276217732,NOISE,2025-03-06T15:00:47,12.5,11.5594114413877,78.9903276217732,NOISE,2025-03-06T15:00:47,12.5,11.5594114413877,78.9903276217732,NOISE,2025-03-06T15:00:47,12.5,11.5594114413877,78.9903276217732,NOISE
2026-04-20T09:15:00.761570,Map-Energy__sum__linear-conv00134-20250306_180047-20250307_000047-10.000000-15.000000.png,2025-03-06T18:00:47,2025-03-07T00:00:47,10.0,15.0,2025-03-06T21:00:47,12.5,11.5594114413877,78.9903276217732,NOISE,2025-03-06T21:00:47,12.5,11.5594114413877,78.9903276217732,NOISE,2025-03-06T21:00:47,12.5,11.5594114413877,78.9903276217732,NOISE,2025-03-06T21:00:47,12.5,11.5594114413877,78.9903276217732,NOISE
2026-04-20T09:15:01.672949,Map-Energy__sum__linear-conv00144-20250307_000047-20250307_060047-10.000000-15.000000.png,2025-03-07T00:00:47,2025-03-07T06:00:47,10.0,15.0,2025-03-07T03:00:47,12.5,11.5594114413877,78.9903276217732,NOISE,2025-03-07T03:00:47,12.5,11.5594114413877,78.9903276217732,NOISE,2025-03-07T03:00:47,12.5,11.5594114413877,78.9903276217732,NOISE,2025-03-07T03:00:47,12.5,11.5594114413877,78.9903276217732,NOISE
2026-04-20T09:15:02.592585,Map-Energy__sum__linear-conv00154-20250307_060047-20250307_120047-10.000000-15.000000.png,2025-03-07T06:00:47,2025-03-07T12:00:47,10.0,15.0,2025-03-07T09:00:47,12.5,11.5594114413877,78.9903276217732,NOISE,2025-03-07T09:00:47,12.5,11.5594114413877,78.9903276217732,NOISE,2025-03-07T09:00:47,12.5,11.5594114413877,78.9903276217732,NOISE,2025-03-07T09:00:47,12.5,11.5594114413877,78.9903276217732,NOISE
2026-04-20T09:15:03.440926,Map-Energy__sum__linear-conv00164-20250307_120047-20250307_180047-10.000000-15.000000.png,2025-03-07T12:00:47,2025-03-07T18:00:47,10.0,15.0,2025-03-07T15:00:47,12.5,11.5594114413877,78.9903276217732,NOISE,2025-03-07T15:00:47,12.5,11.5594114413877,78.9903276217732,NOISE,2025-03-07T15:00:47,12.5,11.5594114413877,78.9903276217732,NOISE,2025-03-07T15:00:47,12.5,11.5594114413877,78.9903276217732,NOISE
2026-04-20T09:15:04.256843,Map-Energy__sum__linear-conv00174-20250307_180047-20250308_000047-10.000000-15.000000.png,2025-03-07T18:00:47,2025-03-08T00:00:47,10.0,15.0,2025-03-07T21:00:47,12.5,11.5594114413877,78.9903276217732,NOISE,2025-03-07T21:00:47,12.5,11.5594114413877,78.9903276217732,NOISE,2025-03-07T21:00:47,12.5,11.5594114413877,78.9903276217732,NOISE,2025-03-07T21:00:47,12.5,11.5594114413877,78.9903276217732,NOISE
2026-04-20T09:15:05.001473,Map-Energy__sum__linear-conv00184-20250308_000047-20250308_060047-10.000000-15.000000.png,2025-03-08T00:00:47,2025-03-08T06:00:47,10.0,15.0,2025-03-08T03:00:47,12.5,11.5594114413877,78.9903276217732,NOISE,2025-03-08T03:00:47,12.5,11.5594114413877,78.9903276217732,NOISE,2025-03-08T03:00:47,12.5,11.5594114413877,78.9903276217732,NOISE,2025-03-08T03:00:47,12.5,11.5594114413877,78.9903276217732,NOISE
2026-04-20T09:15:05.936569,Map-Energy__sum__linear-conv00194-20250308_060047-20250308_120047-10.000000-15.000000.png,2025-03-08T06:00:47,2025-03-08T12:00:47,10.0,15.0,2025-03-08T09:00:47,12.5,11.5594114413877,78.9903276217732,NOISE,2025-03-08T09:00:47,12.5,11.5594114413877,78.9903276217732,NOISE,2025-03-08T09:00:47,12.5,11.5594114413877,78.9903276217732,NOISE,2025-03-08T09:00:47,12.5,11.5594114413877,78.9903276217732,NOISE
2026-04-20T09:15:07.065174,Map-Energy__sum__linear-conv00204-20250308_120047-20250308_180047-10.000000-15.000000.png,2025-03-08T12:00:47,2025-03-08T18:00:47,10.0,15.0,2025-03-08T15:00:47,12.5,11.5594114413877,78.9903276217732,NOISE,2025-03-08T15:00:47,12.5,11.5594114413877,78.9903276217732,NOISE,2025-03-08T15:00:47,12.5,11.5594114413877,78.9903276217732,NOISE,2025-03-08T15:00:47,12.5,11.5594114413877,78.9903276217732,NOISE
2026-04-20T09:15:08.578036,Map-Energy__sum__linear-conv00214-20250308_180047-20250309_000047-10.000000-15.000000.png,2025-03-08T18:00:47,2025-03-09T00:00:47,10.0,15.0,2025-03-08T21:00:47,12.5,11.5594114413877,78.9903276217732,NOISE,2025-03-08T21:00:47,12.5,11.5594114413877,78.9903276217732,NOISE,2025-03-08T21:00:47,12.5,11.5594114413877,78.9903276217732,NOISE,2025-03-08T21:00:47,12.5,11.5594114413877,78.9903276217732,NOISE
2026-04-20T09:15:09.617630,Map-Energy__sum__linear-conv00224-20250309_000047-20250309_060047-10.000000-15.000000.png,2025-03-09T00:00:47,2025-03-09T06:00:47,10.0,15.0,2025-03-09T03:00:47,12.5,11.5594114413877,78.9903276217732,NOISE,2025-03-09T03:00:47,12.5,11.5594114413877,78.9903276217732,NOISE,2025-03-09T03:00:47,12.5,11.5594114413877,78.9903276217732,NOISE,2025-03-09T03:00:47,12.5,11.5594114413877,78.9903276217732,NOISE
2026-04-20T09:15:10.785019,Map-Energy__sum__linear-conv00234-20250309_060047-20250309_120047-10.000000-15.000000.png,2025-03-09T06:00:47,2025-03-09T12:00:47,10.0,15.0,2025-03-09T09:00:47,12.5,11.5594114413877,78.9903276217732,NOISE,2025-03-09T09:00:47,12.5,11.5594114413877,78.9903276217732,NOISE,2025-03-09T09:00:47,12.5,11.5594114413877,78.9903276217732,NOISE,2025-03-09T09:00:47,12.5,11.5594114413877,78.9903276217732,NOISE
2026-04-20T09:15:11.912995,Map-Energy__sum__linear-conv00244-20250309_120047-20250309_180047-10.000000-15.000000.png,2025-03-09T12:00:47,2025-03-09T18:00:47,10.0,15.0,2025-03-09T15:00:47,12.5,11.5594114413877,78.9903276217732,NOISE,2025-03-09T15:00:47,12.5,11.5594114413877,78.9903276217732,NOISE,2025-03-09T15:00:47,12.5,11.5594114413877,78.9903276217732,NOISE,2025-03-09T15:00:47,12.5,11.5594114413877,78.9903276217732,NOISE
2026-04-20T09:15:12.993410,Map-Energy__sum__linear-conv00254-20250309_180047-20250310_000047-10.000000-15.000000.png,2025-03-09T18:00:47,2025-03-10T00:00:47,10.0,15.0,2025-03-09T21:00:47,12.5,11.5594114413877,78.9903276217732,NOISE,2025-03-09T21:00:47,12.5,11.5594114413877,78.9903276217732,NOISE,2025-03-09T21:00:47,12.5,11.5594114413877,78.9903276217732,NOISE,2025-03-09T21:00:47,12.5,11.5594114413877,78.9903276217732,NOISE
2026-04-20T09:15:14.481333,Map-Energy__sum__linear-conv00264-20250310_000047-20250310_060047-10.000000-15.000000.png,2025-03-10T00:00:47,2025-03-10T06:00:47,10.0,15.0,2025-03-10T03:00:47,12.5,11.5594114413877,78.9903276217732,NOISE,2025-03-10T03:00:47,12.5,11.5594114413877,78.9903276217732,NOISE,2025-03-10T03:00:47,12.5,11.5594114413877,78.9903276217732,NOISE,2025-03-10T03:00:47,12.5,11.5594114413877,78.9903276217732,NOISE
2026-04-20T09:15:16.104668,Map-Energy__sum__linear-conv00274-20250310_060047-20250310_120047-10.000000-15.000000.png,2025-03-10T06:00:47,2025-03-10T12:00:47,10.0,15.0,2025-03-10T09:00:47,12.5,11.5594114413877,78.9903276217732,NOISE,2025-03-10T09:00:47,12.5,11.5594114413877,78.9903276217732,NOISE,2025-03-10T09:00:47,12.5,11.5594114413877,78.9903276217732,NOISE,2025-03-10T09:00:47,12.5,11.5594114413877,78.9903276217732,NOISE
2026-04-20T09:15:17.265134,Map-Energy__sum__linear-conv00284-20250310_120047-20250310_180047-10.000000-15.000000.png,2025-03-10T12:00:47,2025-03-10T18:00:47,10.0,15.0,2025-03-10T15:00:47,12.5,11.5594114413877,78.9903276217732,NOISE,2025-03-10T15:00:47,12.5,11.5594114413877,78.9903276217732,NOISE,2025-03-10T15:00:47,12.5,11.5594114413877,78.9903276217732,NOISE,2025-03-10T15:00:47,12.5,11.5594114413877,78.9903276217732,NOISE
2026-04-20T09:15:18.641254,Map-Energy__sum__linear-conv00294-20250310_180047-20250311_000047-10.000000-15.000000.png,2025-03-10T18:00:47,2025-03-11T00:00:47,10.0,15.0,2025-03-10T21:00:47,12.5,11.5594114413877,78.9903276217732,NOISE,2025-03-10T21:00:47,12.5,11.5594114413877,78.9903276217732,NOISE,2025-03-10T21:00:47,12.5,11.5594114413877,78.9903276217732,NOISE,2025-03-10T21:00:47,12.5,11.5594114413877,78.9903276217732,NOISE
2026-04-20T09:15:20.425208,Map-Energy__sum__linear-conv00304-20250311_000047-20250311_060047-10.000000-15.000000.png,2025-03-11T00:00:47,2025-03-11T06:00:47,10.0,15.0,2025-03-11T03:00:47,12.5,11.5594114413877,78.9903276217732,NOISE,2025-03-11T03:00:47,12.5,11.5594114413877,78.9903276217732,NOISE,2025-03-11T03:00:47,12.5,11.5594114413877,78.9903276217732,NOISE,2025-03-11T03:00:47,12.5,11.5594114413877,78.9903276217732,NOISE
2026-04-20T09:15:21.497060,Map-Energy__sum__linear-conv00314-20250311_060047-20250311_120047-10.000000-15.000000.png,2025-03-11T06:00:47,2025-03-11T12:00:47,10.0,15.0,2025-03-11T09:00:47,12.5,11.5594114413877,78.9903276217732,NOISE,2025-03-11T09:00:47,12.5,11.5594114413877,78.9903276217732,NOISE,2025-03-11T09:00:47,12.5,11.5594114413877,78.9903276217732,NOISE,2025-03-11T09:00:47,12.5,11.5594114413877,78.9903276217732,NOISE
2026-04-20T09:15:22.729678,Map-Energy__sum__linear-conv00324-20250311_120047-20250311_180047-10.000000-15.000000.png,2025-03-11T12:00:47,2025-03-11T18:00:47,10.0,15.0,2025-03-11T15:00:47,12.5,11.5594114413877,78.9903276217732,NOISE,2025-03-11T15:00:47,12.5,11.5594114413877,78.9903276217732,NOISE,2025-03-11T15:00:47,12.5,11.5594114413877,78.9903276217732,NOISE,2025-03-11T15:00:47,12.5,11.5594114413877,78.9903276217732,NOISE
2026-04-20T09:15:23.777941,Map-Energy__sum__linear-conv00334-20250311_180047-20250312_000047-10.000000-15.000000.png,2025-03-11T18:00:47,2025-03-12T00:00:47,10.0,15.0,2025-03-11T21:00:47,12.5,11.5594114413877,78.9903276217732,NOISE,2025-03-11T21:00:47,12.5,11.5594114413877,78.9903276217732,NOISE,2025-03-11T21:00:47,12.5,11.5594114413877,78.9903276217732,NOISE,2025-03-11T21:00:47,12.5,11.5594114413877,78.9903276217732,NOISE
2026-04-20T09:15:24.712437,Map-Energy__sum__linear-conv00344-20250312_000047-20250312_060047-10.000000-15.000000.png,2025-03-12T00:00:47,2025-03-12T06:00:47,10.0,15.0,2025-03-12T03:00:47,12.5,11.5594114413877,78.9903276217732,NOISE,2025-03-12T03:00:47,12.5,11.5594114413877,78.9903276217732,NOISE,2025-03-12T03:00:47,12.5,11.5594114413877,78.9903276217732,NOISE,2025-03-12T03:00:47,12.5,11.5594114413877,78.9903276217732,NOISE
2026-04-20T09:15:25.544800,Map-Energy__sum__linear-conv00354-20250312_060047-20250312_120047-10.000000-15.000000.png,2025-03-12T06:00:47,2025-03-12T12:00:47,10.0,15.0,2025-03-12T09:00:47,12.5,11.5594114413877,78.9903276217732,NOISE,2025-03-12T09:00:47,12.5,11.5594114413877,78.9903276217732,NOISE,2025-03-12T09:00:47,12.5,11.5594114413877,78.9903276217732,NOISE,2025-03-12T09:00:47,12.5,11.5594114413877,78.9903276217732,NOISE
2026-04-20T09:15:26.385434,Map-Energy__sum__linear-conv00364-20250312_120047-20250312_180047-10.000000-15.000000.png,2025-03-12T12:00:47,2025-03-12T18:00:47,10.0,15.0,2025-03-12T15:00:47,12.5,11.5594114413877,78.9903276217732,NOISE,2025-03-12T15:00:47,12.5,11.5594114413877,78.9903276217732,NOISE,2025-03-12T15:00:47,12.5,11.5594114413877,78.9903276217732,NOISE,2025-03-12T15:00:47,12.5,11.5594114413877,78.9903276217732,NOISE
2026-04-20T09:15:27.345614,Map-Energy__sum__linear-conv00374-20250312_180047-20250313_000047-10.000000-15.000000.png,2025-03-12T18:00:47,2025-03-13T00:00:47,10.0,15.0,2025-03-12T21:00:47,12.5,11.5594114413877,78.9903276217732,NOISE,2025-03-12T21:00:47,12.5,11.5594114413877,78.9903276217732,NOISE,2025-03-12T21:00:47,12.5,11.5594114413877,78.9903276217732,NOISE,2025-03-12T21:00:47,12.5,11.5594114413877,78.9903276217732,NOISE
2026-04-20T09:15:28.120928,Map-Energy__sum__linear-conv00384-20250313_000047-20250313_060047-10.000000-15.000000.png,2025-03-13T00:00:47,2025-03-13T06:00:47,10.0,15.0,2025-03-13T03:00:47,12.5,11.5594114413877,78.9903276217732,NOISE,2025-03-13T03:00:47,12.5,11.5594114413877,78.9903276217732,NOISE,2025-03-13T03:00:47,12.5,11.5594114413877,78.9903276217732,NOISE,2025-03-13T03:00:47,12.5,11.5594114413877,78.9903276217732,NOISE
2026-04-20T09:15:28.992833,Map-Energy__sum__linear-conv00394-20250313_060047-20250313_120047-10.000000-15.000000.png,2025-03-13T06:00:47,2025-03-13T12:00:47,10.0,15.0,2025-03-13T09:00:47,12.5,11.5594114413877,78.9903276217732,NOISE,2025-03-13T09:00:47,12.5,11.5594114413877,78.9903276217732,NOISE,2025-03-13T09:00:47,12.5,11.5594114413877,78.9903276217732,NOISE,2025-03-13T09:00:47,12.5,11.5594114413877,78.9903276217732,NOISE
2026-04-20T09:15:29.864615,Map-Energy__sum__linear-conv00404-20250313_120047-20250313_180047-10.000000-15.000000.png,2025-03-13T12:00:47,2025-03-13T18:00:47,10.0,15.0,2025-03-13T15:00:47,12.5,11.5594114413877,78.9903276217732,NOISE,2025-03-13T15:00:47,12.5,11.5594114413877,78.9903276217732,NOISE,2025-03-13T15:00:47,12.5,11.5594114413877,78.9903276217732,NOISE,2025-03-13T15:00:47,12.5,11.5594114413877,78.9903276217732,NOISE
2026-04-20T09:15:30.680906,Map-Energy__sum__linear-conv00414-20250313_180047-20250314_000047-10.000000-15.000000.png,2025-03-13T18:00:47,2025-03-14T00:00:47,10.0,15.0,2025-03-13T21:00:47,12.5,11.5594114413877,78.9903276217732,NOISE,2025-03-13T21:00:47,12.5,11.5594114413877,78.9903276217732,NOISE,2025-03-13T21:00:47,12.5,11.5594114413877,78.9903276217732,NOISE,2025-03-13T21:00:47,12.5,11.5594114413877,78.9903276217732,NOISE
2026-04-20T09:15:31.441449,Map-Energy__sum__linear-conv00424-20250314_000047-20250314_060047-10.000000-15.000000.png,2025-03-14T00:00:47,2025-03-14T06:00:47,10.0,15.0,2025-03-14T03:00:47,12.5,11.5594114413877,78.9903276217732,NOISE,2025-03-14T03:00:47,12.5,11.5594114413877,78.9903276217732,NOISE,2025-03-14T03:00:47,12.5,11.5594114413877,78.9903276217732,NOISE,2025-03-14T03:00:47,12.5,11.5594114413877,78.9903276217732,NOISE
2026-04-20T09:15:32.256764,Map-Energy__sum__linear-conv00434-20250314_060047-20250314_120047-10.000000-15.000000.png,2025-03-14T06:00:47,2025-03-14T12:00:47,10.0,15.0,2025-03-14T09:00:47,12.5,11.5594114413877,78.9903276217732,NOISE,2025-03-14T09:00:47,12.5,11.5594114413877,78.9903276217732,NOISE,2025-03-14T09:00:47,12.5,11.5594114413877,78.9903276217732,NOISE,2025-03-14T09:00:47,12.5,11.5594114413877,78.9903276217732,NOISE
2026-04-20T09:15:40.265372,Map-Energy__sum__linear-conv00444-20250314_120047-20250314_180047-10.000000-15.000000.png,2025-03-14T12:00:47,2025-03-14T18:00:47,10.0,15.0,2025-03-14T14:13:44,12.34436,11.5663724335134,78.989811911223,VESSEL,2025-03-14T15:00:47,12.5,11.5594114413877,78.9903276217732,NOISE,2025-03-14T15:00:47,12.5,11.5594114413877,78.9903276217732,NOISE,2025-03-14T15:00:47,12.5,11.5594114413877,78.9903276217732,NOISE
2026-04-20T09:15:41.480777,Map-Energy__sum__linear-conv00454-20250314_180047-20250315_000047-10.000000-15.000000.png,2025-03-14T18:00:47,2025-03-15T00:00:47,10.0,15.0,2025-03-14T21:00:47,12.5,11.5594114413877,78.9903276217732,NOISE,2025-03-14T21:00:47,12.5,11.5594114413877,78.9903276217732,NOISE,2025-03-14T21:00:47,12.5,11.5594114413877,78.9903276217732,NOISE,2025-03-14T21:00:47,12.5,11.5594114413877,78.9903276217732,NOISE
2026-04-20T09:15:42.569087,Map-Energy__sum__linear-conv00464-20250315_000047-20250315_060047-10.000000-15.000000.png,2025-03-15T00:00:47,2025-03-15T06:00:47,10.0,15.0,2025-03-15T03:00:47,12.5,11.5594114413877,78.9903276217732,NOISE,2025-03-15T03:00:47,12.5,11.5594114413877,78.9903276217732,NOISE,2025-03-15T03:00:47,12.5,11.5594114413877,78.9903276217732,NOISE,2025-03-15T03:00:47,12.5,11.5594114413877,78.9903276217732,NOISE
2026-04-20T09:15:43.569254,Map-Energy__sum__linear-conv00474-20250315_060047-20250315_120047-10.000000-15.000000.png,2025-03-15T06:00:47,2025-03-15T12:00:47,10.0,15.0,2025-03-15T09:00:47,12.5,11.5594114413877,78.9903276217732,NOISE,2025-03-15T09:00:47,12.5,11.5594114413877,78.9903276217732,NOISE,2025-03-15T09:00:47,12.5,11.5594114413877,78.9903276217732,NOISE,2025-03-15T09:00:47,12.5,11.5594114413877,78.9903276217732,NOISE
2026-04-20T09:15:44.729599,Map-Energy__sum__linear-conv00484-20250315_120047-20250315_180047-10.000000-15.000000.png,2025-03-15T12:00:47,2025-03-15T18:00:47,10.0,15.0,2025-03-15T15:00:47,12.5,11.5594114413877,78.9903276217732,NOISE,2025-03-15T15:00:47,12.5,11.5594114413877,78.9903276217732,NOISE,2025-03-15T15:00:47,12.5,11.5594114413877,78.9903276217732,NOISE,2025-03-15T15:00:47,12.5,11.5594114413877,78.9903276217732,NOISE
2026-04-20T09:15:45.784793,Map-Energy__sum__linear-conv00494-20250315_180047-20250316_000047-10.000000-15.000000.png,2025-03-15T18:00:47,2025-03-16T00:00:47,10.0,15.0,2025-03-15T21:00:47,12.5,11.5594114413877,78.9903276217732,NOISE,2025-03-15T21:00:47,12.5,11.5594114413877,78.9903276217732,NOISE,2025-03-15T21:00:47,12.5,11.5594114413877,78.9903276217732,NOISE,2025-03-15T21:00:47,12.5,11.5594114413877,78.9903276217732,NOISE
2026-04-20T09:15:47.032983,Map-Energy__sum__linear-conv00504-20250316_000047-20250316_060047-10.000000-15.000000.png,2025-03-16T00:00:47,2025-03-16T06:00:47,10.0,15.0,2025-03-16T03:00:47,12.5,11.5594114413877,78.9903276217732,NOISE,2025-03-16T03:00:47,12.5,11.5594114413877,78.9903276217732,NOISE,2025-03-16T03:00:47,12.5,11.5594114413877,78.9903276217732,NOISE,2025-03-16T03:00:47,12.5,11.5594114413877,78.9903276217732,NOISE
2026-04-20T09:15:58.962265,Map-Energy__sum__linear-conv00514-20250316_060047-20250316_120047-10.000000-15.000000.png,2025-03-16T06:00:47,2025-03-16T12:00:47,10.0,15.0,2025-03-16T10:12:55,12.593384,11.5555994066589,78.9906726697724,OTHER,2025-03-16T09:00:47,12.5,11.5594114413877,78.9903276217732,NOISE,2025-03-16T09:00:47,12.5,11.5594114413877,78.9903276217732,NOISE,2025-03-16T09:00:47,12.5,11.5594114413877,78.9903276217732,NOISE
2026-04-20T09:16:06.384669,Map-Energy__sum__linear-conv00524-20250316_120047-20250316_180047-10.000000-15.000000.png,2025-03-16T12:00:47,2025-03-16T18:00:47,10.0,15.0,2025-03-16T13:18:46,12.725677,11.5496670111063,78.9912096439406,OTHER,2025-03-16T15:00:47,12.5,11.5594114413877,78.9903276217732,NOISE,2025-03-16T15:00:47,12.5,11.5594114413877,78.9903276217732,NOISE,2025-03-16T15:00:47,12.5,11.5594114413877,78.9903276217732,NOISE
2026-04-20T09:16:07.592868,Map-Energy__sum__linear-conv00534-20250316_180047-20250317_000047-10.000000-15.000000.png,2025-03-16T18:00:47,2025-03-17T00:00:47,10.0,15.0,2025-03-16T21:00:47,12.5,11.5594114413877,78.9903276217732,NOISE,2025-03-16T21:00:47,12.5,11.5594114413877,78.9903276217732,NOISE,2025-03-16T21:00:47,12.5,11.5594114413877,78.9903276217732,NOISE,2025-03-16T21:00:47,12.5,11.5594114413877,78.9903276217732,NOISE
2026-04-20T09:16:08.601123,Map-Energy__sum__linear-conv00544-20250317_000047-20250317_060047-10.000000-15.000000.png,2025-03-17T00:00:47,2025-03-17T06:00:47,10.0,15.0,2025-03-17T03:00:47,12.5,11.5594114413877,78.9903276217732,NOISE,2025-03-17T03:00:47,12.5,11.5594114413877,78.9903276217732,NOISE,2025-03-17T03:00:47,12.5,11.5594114413877,78.9903276217732,NOISE,2025-03-17T03:00:47,12.5,11.5594114413877,78.9903276217732,NOISE
2026-04-20T09:16:09.761786,Map-Energy__sum__linear-conv00554-20250317_060047-20250317_120047-10.000000-15.000000.png,2025-03-17T06:00:47,2025-03-17T12:00:47,10.0,15.0,2025-03-17T09:00:47,12.5,11.5594114413877,78.9903276217732,NOISE,2025-03-17T09:00:47,12.5,11.5594114413877,78.9903276217732,NOISE,2025-03-17T09:00:47,12.5,11.5594114413877,78.9903276217732,NOISE,2025-03-17T09:00:47,12.5,11.5594114413877,78.9903276217732,NOISE
2026-04-20T09:16:10.648917,Map-Energy__sum__linear-conv00564-20250317_120047-20250317_180047-10.000000-15.000000.png,2025-03-17T12:00:47,2025-03-17T18:00:47,10.0,15.0,2025-03-17T15:00:47,12.5,11.5594114413877,78.9903276217732,NOISE,2025-03-17T15:00:47,12.5,11.5594114413877,78.9903276217732,NOISE,2025-03-17T15:00:47,12.5,11.5594114413877,78.9903276217732,NOISE,2025-03-17T15:00:47,12.5,11.5594114413877,78.9903276217732,NOISE
2026-04-20T09:16:11.673144,Map-Energy__sum__linear-conv00574-20250317_180047-20250318_000047-10.000000-15.000000.png,2025-03-17T18:00:47,2025-03-18T00:00:47,10.0,15.0,2025-03-17T21:00:47,12.5,11.5594114413877,78.9903276217732,NOISE,2025-03-17T21:00:47,12.5,11.5594114413877,78.9903276217732,NOISE,2025-03-17T21:00:47,12.5,11.5594114413877,78.9903276217732,NOISE,2025-03-17T21:00:47,12.5,11.5594114413877,78.9903276217732,NOISE
2026-04-20T09:16:13.481215,Map-Energy__sum__linear-conv00584-20250318_000047-20250318_060047-10.000000-15.000000.png,2025-03-18T00:00:47,2025-03-18T06:00:47,10.0,15.0,2025-03-18T03:00:47,12.5,11.5594114413877,78.9903276217732,NOISE,2025-03-18T03:00:47,12.5,11.5594114413877,78.9903276217732,NOISE,2025-03-18T03:00:47,12.5,11.5594114413877,78.9903276217732,NOISE,2025-03-18T03:00:47,12.5,11.5594114413877,78.9903276217732,NOISE
2026-04-20T09:16:14.552828,Map-Energy__sum__linear-conv00594-20250318_060047-20250318_120047-10.000000-15.000000.png,2025-03-18T06:00:47,2025-03-18T12:00:47,10.0,15.0,2025-03-18T09:00:47,12.5,11.5594114413877,78.9903276217732,NOISE,2025-03-18T09:00:47,12.5,11.5594114413877,78.9903276217732,NOISE,2025-03-18T09:00:47,12.5,11.5594114413877,78.9903276217732,NOISE,2025-03-18T09:00:47,12.5,11.5594114413877,78.9903276217732,NOISE
2026-04-20T09:16:15.562169,Map-Energy__sum__linear-conv00604-20250318_120047-20250318_180047-10.000000-15.000000.png,2025-03-18T12:00:47,2025-03-18T18:00:47,10.0,15.0,2025-03-18T15:00:47,12.5,11.5594114413877,78.9903276217732,NOISE,2025-03-18T15:00:47,12.5,11.5594114413877,78.9903276217732,NOISE,2025-03-18T15:00:47,12.5,11.5594114413877,78.9903276217732,NOISE,2025-03-18T15:00:47,12.5,11.5594114413877,78.9903276217732,NOISE
2026-04-20T09:16:16.569210,Map-Energy__sum__linear-conv00614-20250318_180047-20250319_000047-10.000000-15.000000.png,2025-03-18T18:00:47,2025-03-19T00:00:47,10.0,15.0,2025-03-18T21:00:47,12.5,11.5594114413877,78.9903276217732,NOISE,2025-03-18T21:00:47,12.5,11.5594114413877,78.9903276217732,NOISE,2025-03-18T21:00:47,12.5,11.5594114413877,78.9903276217732,NOISE,2025-03-18T21:00:47,12.5,11.5594114413877,78.9903276217732,NOISE
2026-04-20T09:16:17.417120,Map-Energy__sum__linear-conv00624-20250319_000047-20250319_060047-10.000000-15.000000.png,2025-03-19T00:00:47,2025-03-19T06:00:47,10.0,15.0,2025-03-19T03:00:47,12.5,11.5594114413877,78.9903276217732,NOISE,2025-03-19T03:00:47,12.5,11.5594114413877,78.9903276217732,NOISE,2025-03-19T03:00:47,12.5,11.5594114413877,78.9903276217732,NOISE,2025-03-19T03:00:47,12.5,11.5594114413877,78.9903276217732,NOISE
2026-04-20T09:16:24.376901,Map-Energy__sum__linear-conv00634-20250319_060047-20250319_120047-10.000000-15.000000.png,2025-03-19T06:00:47,2025-03-19T12:00:47,10.0,15.0,2025-03-19T09:00:47,12.5,11.5594114413877,78.9903276217732,NOISE,2025-03-19T09:00:47,12.5,11.5594114413877,78.9903276217732,NOISE,2025-03-19T09:00:47,12.5,11.5594114413877,78.9903276217732,NOISE,2025-03-19T09:00:47,12.5,11.5594114413877,78.9903276217732,NOISE
2026-04-20T09:16:25.121020,Map-Energy__sum__linear-conv00644-20250319_120047-20250319_180047-10.000000-15.000000.png,2025-03-19T12:00:47,2025-03-19T18:00:47,10.0,15.0,2025-03-19T15:00:47,12.5,11.5594114413877,78.9903276217732,NOISE,2025-03-19T15:00:47,12.5,11.5594114413877,78.9903276217732,NOISE,2025-03-19T15:00:47,12.5,11.5594114413877,78.9903276217732,NOISE,2025-03-19T15:00:47,12.5,11.5594114413877,78.9903276217732,NOISE
2026-04-20T09:16:26.040803,Map-Energy__sum__linear-conv00654-20250319_180047-20250320_000047-10.000000-15.000000.png,2025-03-19T18:00:47,2025-03-20T00:00:47,10.0,15.0,2025-03-19T21:00:47,12.5,11.5594114413877,78.9903276217732,NOISE,2025-03-19T21:00:47,12.5,11.5594114413877,78.9903276217732,NOISE,2025-03-19T21:00:47,12.5,11.5594114413877,78.9903276217732,NOISE,2025-03-19T21:00:47,12.5,11.5594114413877,78.9903276217732,NOISE
2026-04-20T09:16:26.849124,Map-Energy__sum__linear-conv00664-20250320_000047-20250320_060047-10.000000-15.000000.png,2025-03-20T00:00:47,2025-03-20T06:00:47,10.0,15.0,2025-03-20T03:00:47,12.5,11.5594114413877,78.9903276217732,NOISE,2025-03-20T03:00:47,12.5,11.5594114413877,78.9903276217732,NOISE,2025-03-20T03:00:47,12.5,11.5594114413877,78.9903276217732,NOISE,2025-03-20T03:00:47,12.5,11.5594114413877,78.9903276217732,NOISE
2026-04-20T09:16:49.689144,Map-Energy__sum__linear-conv00674-20250320_060047-20250320_120047-10.000000-15.000000.png,2025-03-20T06:00:47,2025-03-20T12:00:47,10.0,15.0,2025-03-20T07:03:30,13.210116,11.5293794214259,78.9930459878477,VESSEL,2025-03-20T09:00:47,12.5,11.5594114413877,78.9903276217732,NOISE,2025-03-20T09:00:47,12.5,11.5594114413877,78.9903276217732,NOISE,2025-03-20T09:00:47,12.5,11.5594114413877,78.9903276217732,NOISE
2026-04-20T09:16:50.945437,Map-Energy__sum__linear-conv00684-20250320_120047-20250320_180047-10.000000-15.000000.png,2025-03-20T12:00:47,2025-03-20T18:00:47,10.0,15.0,2025-03-20T15:00:47,12.5,11.5594114413877,78.9903276217732,NOISE,2025-03-20T15:00:47,12.5,11.5594114413877,78.9903276217732,NOISE,2025-03-20T15:00:47,12.5,11.5594114413877,78.9903276217732,NOISE,2025-03-20T15:00:47,12.5,11.5594114413877,78.9903276217732,NOISE
2026-04-20T09:16:52.417086,Map-Energy__sum__linear-conv00694-20250320_180047-20250321_000047-10.000000-15.000000.png,2025-03-20T18:00:47,2025-03-21T00:00:47,10.0,15.0,2025-03-20T21:00:47,12.5,11.5594114413877,78.9903276217732,NOISE,2025-03-20T21:00:47,12.5,11.5594114413877,78.9903276217732,NOISE,2025-03-20T21:00:47,12.5,11.5594114413877,78.9903276217732,NOISE,2025-03-20T21:00:47,12.5,11.5594114413877,78.9903276217732,NOISE
2026-04-20T09:16:53.536326,Map-Energy__sum__linear-conv00704-20250321_000047-20250321_060047-10.000000-15.000000.png,2025-03-21T00:00:47,2025-03-21T06:00:47,10.0,15.0,2025-03-21T03:00:47,12.5,11.5594114413877,78.9903276217732,NOISE,2025-03-21T03:00:47,12.5,11.5594114413877,78.9903276217732,NOISE,2025-03-21T03:00:47,12.5,11.5594114413877,78.9903276217732,NOISE,2025-03-21T03:00:47,12.5,11.5594114413877,78.9903276217732,NOISE
2026-04-20T09:16:55.328968,Map-Energy__sum__linear-conv00714-20250321_060047-20250321_120047-10.000000-15.000000.png,2025-03-21T06:00:47,2025-03-21T12:00:47,10.0,15.0,2025-03-21T09:00:47,12.5,11.5594114413877,78.9903276217732,NOISE,2025-03-21T09:00:47,12.5,11.5594114413877,78.9903276217732,NOISE,2025-03-21T09:00:47,12.5,11.5594114413877,78.9903276217732,NOISE,2025-03-21T09:00:47,12.5,11.5594114413877,78.9903276217732,NOISE
2026-04-20T09:16:57.480911,Map-Energy__sum__linear-conv00724-20250321_120047-20250321_180047-10.000000-15.000000.png,2025-03-21T12:00:47,2025-03-21T18:00:47,10.0,15.0,2025-03-21T15:00:47,12.5,11.5594114413877,78.9903276217732,NOISE,2025-03-21T15:00:47,12.5,11.5594114413877,78.9903276217732,NOISE,2025-03-21T15:00:47,12.5,11.5594114413877,78.9903276217732,NOISE,2025-03-21T15:00:47,12.5,11.5594114413877,78.9903276217732,NOISE
2026-04-20T09:16:58.624694,Map-Energy__sum__linear-conv00734-20250321_180047-20250322_000047-10.000000-15.000000.png,2025-03-21T18:00:47,2025-03-22T00:00:47,10.0,15.0,2025-03-21T21:00:47,12.5,11.5594114413877,78.9903276217732,NOISE,2025-03-21T21:00:47,12.5,11.5594114413877,78.9903276217732,NOISE,2025-03-21T21:00:47,12.5,11.5594114413877,78.9903276217732,NOISE,2025-03-21T21:00:47,12.5,11.5594114413877,78.9903276217732,NOISE
2026-04-20T09:16:59.562401,Map-Energy__sum__linear-conv00744-20250322_000047-20250322_060047-10.000000-15.000000.png,2025-03-22T00:00:47,2025-03-22T06:00:47,10.0,15.0,2025-03-22T03:00:47,12.5,11.5594114413877,78.9903276217732,NOISE,2025-03-22T03:00:47,12.5,11.5594114413877,78.9903276217732,NOISE,2025-03-22T03:00:47,12.5,11.5594114413877,78.9903276217732,NOISE,2025-03-22T03:00:47,12.5,11.5594114413877,78.9903276217732,NOISE
2026-04-20T09:17:00.489093,Map-Energy__sum__linear-conv00754-20250322_060047-20250322_120047-10.000000-15.000000.png,2025-03-22T06:00:47,2025-03-22T12:00:47,10.0,15.0,2025-03-22T09:00:47,12.5,11.5594114413877,78.9903276217732,NOISE,2025-03-22T09:00:47,12.5,11.5594114413877,78.9903276217732,NOISE,2025-03-22T09:00:47,12.5,11.5594114413877,78.9903276217732,NOISE,2025-03-22T09:00:47,12.5,11.5594114413877,78.9903276217732,NOISE
2026-04-20T09:17:01.625514,Map-Energy__sum__linear-conv00764-20250322_120047-20250322_180047-10.000000-15.000000.png,2025-03-22T12:00:47,2025-03-22T18:00:47,10.0,15.0,2025-03-22T15:00:47,12.5,11.5594114413877,78.9903276217732,NOISE,2025-03-22T15:00:47,12.5,11.5594114413877,78.9903276217732,NOISE,2025-03-22T15:00:47,12.5,11.5594114413877,78.9903276217732,NOISE,2025-03-22T15:00:47,12.5,11.5594114413877,78.9903276217732,NOISE
2026-04-20T09:17:02.873431,Map-Energy__sum__linear-conv00774-20250322_180047-20250323_000047-10.000000-15.000000.png,2025-03-22T18:00:47,2025-03-23T00:00:47,10.0,15.0,2025-03-22T21:00:47,12.5,11.5594114413877,78.9903276217732,NOISE,2025-03-22T21:00:47,12.5,11.5594114413877,78.9903276217732,NOISE,2025-03-22T21:00:47,12.5,11.5594114413877,78.9903276217732,NOISE,2025-03-22T21:00:47,12.5,11.5594114413877,78.9903276217732,NOISE
2026-04-20T09:17:03.961081,Map-Energy__sum__linear-conv00784-20250323_000047-20250323_060047-10.000000-15.000000.png,2025-03-23T00:00:47,2025-03-23T06:00:47,10.0,15.0,2025-03-23T03:00:47,12.5,11.5594114413877,78.9903276217732,NOISE,2025-03-23T03:00:47,12.5,11.5594114413877,78.9903276217732,NOISE,2025-03-23T03:00:47,12.5,11.5594114413877,78.9903276217732,NOISE,2025-03-23T03:00:47,12.5,11.5594114413877,78.9903276217732,NOISE
2026-04-20T09:17:04.872826,Map-Energy__sum__linear-conv00794-20250323_060047-20250323_120047-10.000000-15.000000.png,2025-03-23T06:00:47,2025-03-23T12:00:47,10.0,15.0,2025-03-23T09:00:47,12.5,11.5594114413877,78.9903276217732,NOISE,2025-03-23T09:00:47,12.5,11.5594114413877,78.9903276217732,NOISE,2025-03-23T09:00:47,12.5,11.5594114413877,78.9903276217732,NOISE,2025-03-23T09:00:47,12.5,11.5594114413877,78.9903276217732,NOISE
2026-04-20T09:17:05.762175,Map-Energy__sum__linear-conv00804-20250323_120047-20250323_180047-10.000000-15.000000.png,2025-03-23T12:00:47,2025-03-23T18:00:47,10.0,15.0,2025-03-23T15:00:47,12.5,11.5594114413877,78.9903276217732,NOISE,2025-03-23T15:00:47,12.5,11.5594114413877,78.9903276217732,NOISE,2025-03-23T15:00:47,12.5,11.5594114413877,78.9903276217732,NOISE,2025-03-23T15:00:47,12.5,11.5594114413877,78.9903276217732,NOISE
2026-04-20T09:17:06.625066,Map-Energy__sum__linear-conv00814-20250323_180047-20250324_000047-10.000000-15.000000.png,2025-03-23T18:00:47,2025-03-24T00:00:47,10.0,15.0,2025-03-23T21:00:47,12.5,11.5594114413877,78.9903276217732,NOISE,2025-03-23T21:00:47,12.5,11.5594114413877,78.9903276217732,NOISE,2025-03-23T21:00:47,12.5,11.5594114413877,78.9903276217732,NOISE,2025-03-23T21:00:47,12.5,11.5594114413877,78.9903276217732,NOISE
2026-04-20T09:17:07.568670,Map-Energy__sum__linear-conv00824-20250324_000047-20250324_060047-10.000000-15.000000.png,2025-03-24T00:00:47,2025-03-24T06:00:47,10.0,15.0,2025-03-24T03:00:47,12.5,11.5594114413877,78.9903276217732,NOISE,2025-03-24T03:00:47,12.5,11.5594114413877,78.9903276217732,NOISE,2025-03-24T03:00:47,12.5,11.5594114413877,78.9903276217732,NOISE,2025-03-24T03:00:47,12.5,11.5594114413877,78.9903276217732,NOISE
2026-04-20T09:17:08.497679,Map-Energy__sum__linear-conv00834-20250324_060047-20250324_120047-10.000000-15.000000.png,2025-03-24T06:00:47,2025-03-24T12:00:47,10.0,15.0,2025-03-24T09:00:47,12.5,11.5594114413877,78.9903276217732,NOISE,2025-03-24T09:00:47,12.5,11.5594114413877,78.9903276217732,NOISE,2025-03-24T09:00:47,12.5,11.5594114413877,78.9903276217732,NOISE,2025-03-24T09:00:47,12.5,11.5594114413877,78.9903276217732,NOISE
2026-04-20T09:17:09.234174,Map-Energy__sum__linear-conv00844-20250324_120047-20250324_180047-10.000000-15.000000.png,2025-03-24T12:00:47,2025-03-24T18:00:47,10.0,15.0,2025-03-24T15:00:47,12.5,11.5594114413877,78.9903276217732,NOISE,2025-03-24T15:00:47,12.5,11.5594114413877,78.9903276217732,NOISE,2025-03-24T15:00:47,12.5,11.5594114413877,78.9903276217732,NOISE,2025-03-24T15:00:47,12.5,11.5594114413877,78.9903276217732,NOISE
2026-04-20T09:17:10.209868,Map-Energy__sum__linear-conv00854-20250324_180047-20250325_000047-10.000000-15.000000.png,2025-03-24T18:00:47,2025-03-25T00:00:47,10.0,15.0,2025-03-24T21:00:47,12.5,11.5594114413877,78.9903276217732,NOISE,2025-03-24T21:00:47,12.5,11.5594114413877,78.9903276217732,NOISE,2025-03-24T21:00:47,12.5,11.5594114413877,78.9903276217732,NOISE,2025-03-24T21:00:47,12.5,11.5594114413877,78.9903276217732,NOISE
2026-04-20T09:17:11.089282,Map-Energy__sum__linear-conv00864-20250325_000047-20250325_060047-10.000000-15.000000.png,2025-03-25T00:00:47,2025-03-25T06:00:47,10.0,15.0,2025-03-25T03:00:47,12.5,11.5594114413877,78.9903276217732,NOISE,2025-03-25T03:00:47,12.5,11.5594114413877,78.9903276217732,NOISE,2025-03-25T03:00:47,12.5,11.5594114413877,78.9903276217732,NOISE,2025-03-25T03:00:47,12.5,11.5594114413877,78.9903276217732,NOISE
2026-04-20T09:17:11.976702,Map-Energy__sum__linear-conv00874-20250325_060047-20250325_120047-10.000000-15.000000.png,2025-03-25T06:00:47,2025-03-25T12:00:47,10.0,15.0,2025-03-25T09:00:47,12.5,11.5594114413877,78.9903276217732,NOISE,2025-03-25T09:00:47,12.5,11.5594114413877,78.9903276217732,NOISE,2025-03-25T09:00:47,12.5,11.5594114413877,78.9903276217732,NOISE,2025-03-25T09:00:47,12.5,11.5594114413877,78.9903276217732,NOISE
2026-04-20T09:17:12.953176,Map-Energy__sum__linear-conv00884-20250325_120047-20250325_180047-10.000000-15.000000.png,2025-03-25T12:00:47,2025-03-25T18:00:47,10.0,15.0,2025-03-25T15:00:47,12.5,11.5594114413877,78.9903276217732,NOISE,2025-03-25T15:00:47,12.5,11.5594114413877,78.9903276217732,NOISE,2025-03-25T15:00:47,12.5,11.5594114413877,78.9903276217732,NOISE,2025-03-25T15:00:47,12.5,11.5594114413877,78.9903276217732,NOISE
2026-04-20T09:17:13.753186,Map-Energy__sum__linear-conv00894-20250325_180047-20250326_000047-10.000000-15.000000.png,2025-03-25T18:00:47,2025-03-26T00:00:47,10.0,15.0,2025-03-25T21:00:47,12.5,11.5594114413877,78.9903276217732,NOISE,2025-03-25T21:00:47,12.5,11.5594114413877,78.9903276217732,NOISE,2025-03-25T21:00:47,12.5,11.5594114413877,78.9903276217732,NOISE,2025-03-25T21:00:47,12.5,11.5594114413877,78.9903276217732,NOISE
2026-04-20T09:17:14.569438,Map-Energy__sum__linear-conv00904-20250326_000047-20250326_060047-10.000000-15.000000.png,2025-03-26T00:00:47,2025-03-26T06:00:47,10.0,15.0,2025-03-26T03:00:47,12.5,11.5594114413877,78.9903276217732,NOISE,2025-03-26T03:00:47,12.5,11.5594114413877,78.9903276217732,NOISE,2025-03-26T03:00:47,12.5,11.5594114413877,78.9903276217732,NOISE,2025-03-26T03:00:47,12.5,11.5594114413877,78.9903276217732,NOISE
2026-04-20T09:17:15.448657,Map-Energy__sum__linear-conv00914-20250326_060047-20250326_120047-10.000000-15.000000.png,2025-03-26T06:00:47,2025-03-26T12:00:47,10.0,15.0,2025-03-26T09:00:47,12.5,11.5594114413877,78.9903276217732,NOISE,2025-03-26T09:00:47,12.5,11.5594114413877,78.9903276217732,NOISE,2025-03-26T09:00:47,12.5,11.5594114413877,78.9903276217732,NOISE,2025-03-26T09:00:47,12.5,11.5594114413877,78.9903276217732,NOISE
2026-04-20T09:17:16.377023,Map-Energy__sum__linear-conv00924-20250326_120047-20250326_180047-10.000000-15.000000.png,2025-03-26T12:00:47,2025-03-26T18:00:47,10.0,15.0,2025-03-26T15:00:47,12.5,11.5594114413877,78.9903276217732,NOISE,2025-03-26T15:00:47,12.5,11.5594114413877,78.9903276217732,NOISE,2025-03-26T15:00:47,12.5,11.5594114413877,78.9903276217732,NOISE,2025-03-26T15:00:47,12.5,11.5594114413877,78.9903276217732,NOISE
2026-04-20T09:17:17.440821,Map-Energy__sum__linear-conv00934-20250326_180047-20250327_000047-10.000000-15.000000.png,2025-03-26T18:00:47,2025-03-27T00:00:47,10.0,15.0,2025-03-26T21:00:47,12.5,11.5594114413877,78.9903276217732,NOISE,2025-03-26T21:00:47,12.5,11.5594114413877,78.9903276217732,NOISE,2025-03-26T21:00:47,12.5,11.5594114413877,78.9903276217732,NOISE,2025-03-26T21:00:47,12.5,11.5594114413877,78.9903276217732,NOISE
2026-04-20T09:17:18.305443,Map-Energy__sum__linear-conv00944-20250327_000047-20250327_060047-10.000000-15.000000.png,2025-03-27T00:00:47,2025-03-27T06:00:47,10.0,15.0,2025-03-27T03:00:47,12.5,11.5594114413877,78.9903276217732,NOISE,2025-03-27T03:00:47,12.5,11.5594114413877,78.9903276217732,NOISE,2025-03-27T03:00:47,12.5,11.5594114413877,78.9903276217732,NOISE,2025-03-27T03:00:47,12.5,11.5594114413877,78.9903276217732,NOISE
2026-04-20T09:17:19.281175,Map-Energy__sum__linear-conv00954-20250327_060047-20250327_120047-10.000000-15.000000.png,2025-03-27T06:00:47,2025-03-27T12:00:47,10.0,15.0,2025-03-27T09:00:47,12.5,11.5594114413877,78.9903276217732,NOISE,2025-03-27T09:00:47,12.5,11.5594114413877,78.9903276217732,NOISE,2025-03-27T09:00:47,12.5,11.5594114413877,78.9903276217732,NOISE,2025-03-27T09:00:47,12.5,11.5594114413877,78.9903276217732,NOISE
2026-04-20T09:17:20.025557,Map-Energy__sum__linear-conv00964-20250327_120047-20250327_180047-10.000000-15.000000.png,2025-03-27T12:00:47,2025-03-27T18:00:47,10.0,15.0,2025-03-27T15:00:47,12.5,11.5594114413877,78.9903276217732,NOISE,2025-03-27T15:00:47,12.5,11.5594114413877,78.9903276217732,NOISE,2025-03-27T15:00:47,12.5,11.5594114413877,78.9903276217732,NOISE,2025-03-27T15:00:47,12.5,11.5594114413877,78.9903276217732,NOISE
2026-04-20T09:17:21.000847,Map-Energy__sum__linear-conv00974-20250327_180047-20250328_000047-10.000000-15.000000.png,2025-03-27T18:00:47,2025-03-28T00:00:47,10.0,15.0,2025-03-27T21:00:47,12.5,11.5594114413877,78.9903276217732,NOISE,2025-03-27T21:00:47,12.5,11.5594114413877,78.9903276217732,NOISE,2025-03-27T21:00:47,12.5,11.5594114413877,78.9903276217732,NOISE,2025-03-27T21:00:47,12.5,11.5594114413877,78.9903276217732,NOISE
2026-04-20T09:17:21.785469,Map-Energy__sum__linear-conv00984-20250328_000047-20250328_060047-10.000000-15.000000.png,2025-03-28T00:00:47,2025-03-28T06:00:47,10.0,15.0,2025-03-28T03:00:47,12.5,11.5594114413877,78.9903276217732,NOISE,2025-03-28T03:00:47,12.5,11.5594114413877,78.9903276217732,NOISE,2025-03-28T03:00:47,12.5,11.5594114413877,78.9903276217732,NOISE,2025-03-28T03:00:47,12.5,11.5594114413877,78.9903276217732,NOISE
2026-04-20T09:17:22.593605,Map-Energy__sum__linear-conv00994-20250328_060047-20250328_120047-10.000000-15.000000.png,2025-03-28T06:00:47,2025-03-28T12:00:47,10.0,15.0,2025-03-28T09:00:47,12.5,11.5594114413877,78.9903276217732,NOISE,2025-03-28T09:00:47,12.5,11.5594114413877,78.9903276217732,NOISE,2025-03-28T09:00:47,12.5,11.5594114413877,78.9903276217732,NOISE,2025-03-28T09:00:47,12.5,11.5594114413877,78.9903276217732,NOISE
2026-04-20T09:17:23.345707,Map-Energy__sum__linear-conv01004-20250328_120047-20250328_180047-10.000000-15.000000.png,2025-03-28T12:00:47,2025-03-28T18:00:47,10.0,15.0,2025-03-28T15:00:47,12.5,11.5594114413877,78.9903276217732,NOISE,2025-03-28T15:00:47,12.5,11.5594114413877,78.9903276217732,NOISE,2025-03-28T15:00:47,12.5,11.5594114413877,78.9903276217732,NOISE,2025-03-28T15:00:47,12.5,11.5594114413877,78.9903276217732,NOISE
2026-04-20T09:17:24.081300,Map-Energy__sum__linear-conv01014-20250328_180047-20250329_000047-10.000000-15.000000.png,2025-03-28T18:00:47,2025-03-29T00:00:47,10.0,15.0,2025-03-28T21:00:47,12.5,11.5594114413877,78.9903276217732,NOISE,2025-03-28T21:00:47,12.5,11.5594114413877,78.9903276217732,NOISE,2025-03-28T21:00:47,12.5,11.5594114413877,78.9903276217732,NOISE,2025-03-28T21:00:47,12.5,11.5594114413877,78.9903276217732,NOISE
2026-04-20T09:17:24.937095,Map-Energy__sum__linear-conv01024-20250329_000047-20250329_060047-10.000000-15.000000.png,2025-03-29T00:00:47,2025-03-29T06:00:47,10.0,15.0,2025-03-29T03:00:47,12.5,11.5594114413877,78.9903276217732,NOISE,2025-03-29T03:00:47,12.5,11.5594114413877,78.9903276217732,NOISE,2025-03-29T03:00:47,12.5,11.5594114413877,78.9903276217732,NOISE,2025-03-29T03:00:47,12.5,11.5594114413877,78.9903276217732,NOISE
2026-04-20T09:17:25.737166,Map-Energy__sum__linear-conv01034-20250329_060047-20250329_120047-10.000000-15.000000.png,2025-03-29T06:00:47,2025-03-29T12:00:47,10.0,15.0,2025-03-29T09:00:47,12.5,11.5594114413877,78.9903276217732,NOISE,2025-03-29T09:00:47,12.5,11.5594114413877,78.9903276217732,NOISE,2025-03-29T09:00:47,12.5,11.5594114413877,78.9903276217732,NOISE,2025-03-29T09:00:47,12.5,11.5594114413877,78.9903276217732,NOISE
2026-04-20T09:17:26.496915,Map-Energy__sum__linear-conv01044-20250329_120047-20250329_180047-10.000000-15.000000.png,2025-03-29T12:00:47,2025-03-29T18:00:47,10.0,15.0,2025-03-29T15:00:47,12.5,11.5594114413877,78.9903276217732,NOISE,2025-03-29T15:00:47,12.5,11.5594114413877,78.9903276217732,NOISE,2025-03-29T15:00:47,12.5,11.5594114413877,78.9903276217732,NOISE,2025-03-29T15:00:47,12.5,11.5594114413877,78.9903276217732,NOISE
2026-04-20T09:17:27.209147,Map-Energy__sum__linear-conv01054-20250329_180047-20250330_000047-10.000000-15.000000.png,2025-03-29T18:00:47,2025-03-30T00:00:47,10.0,15.0,2025-03-29T21:00:47,12.5,11.5594114413877,78.9903276217732,NOISE,2025-03-29T21:00:47,12.5,11.5594114413877,78.9903276217732,NOISE,2025-03-29T21:00:47,12.5,11.5594114413877,78.9903276217732,NOISE,2025-03-29T21:00:47,12.5,11.5594114413877,78.9903276217732,NOISE
2026-04-20T09:17:28.257125,Map-Energy__sum__linear-conv01064-20250330_000047-20250330_060047-10.000000-15.000000.png,2025-03-30T00:00:47,2025-03-30T06:00:47,10.0,15.0,2025-03-30T03:00:47,12.5,11.5594114413877,78.9903276217732,NOISE,2025-03-30T03:00:47,12.5,11.5594114413877,78.9903276217732,NOISE,2025-03-30T03:00:47,12.5,11.5594114413877,78.9903276217732,NOISE,2025-03-30T03:00:47,12.5,11.5594114413877,78.9903276217732,NOISE
2026-04-20T09:17:29.074030,Map-Energy__sum__linear-conv01074-20250330_060047-20250330_120047-10.000000-15.000000.png,2025-03-30T06:00:47,2025-03-30T12:00:47,10.0,15.0,2025-03-30T09:00:47,12.5,11.5594114413877,78.9903276217732,NOISE,2025-03-30T09:00:47,12.5,11.5594114413877,78.9903276217732,NOISE,2025-03-30T09:00:47,12.5,11.5594114413877,78.9903276217732,NOISE,2025-03-30T09:00:47,12.5,11.5594114413877,78.9903276217732,NOISE
2026-04-20T09:17:30.168887,Map-Energy__sum__linear-conv01084-20250330_120047-20250330_180047-10.000000-15.000000.png,2025-03-30T12:00:47,2025-03-30T18:00:47,10.0,15.0,2025-03-30T15:00:47,12.5,11.5594114413877,78.9903276217732,NOISE,2025-03-30T15:00:47,12.5,11.5594114413877,78.9903276217732,NOISE,2025-03-30T15:00:47,12.5,11.5594114413877,78.9903276217732,NOISE,2025-03-30T15:00:47,12.5,11.5594114413877,78.9903276217732,NOISE
2026-04-20T09:17:31.273424,Map-Energy__sum__linear-conv01094-20250330_180047-20250331_000047-10.000000-15.000000.png,2025-03-30T18:00:47,2025-03-31T00:00:47,10.0,15.0,2025-03-30T21:00:47,12.5,11.5594114413877,78.9903276217732,NOISE,2025-03-30T21:00:47,12.5,11.5594114413877,78.9903276217732,NOISE,2025-03-30T21:00:47,12.5,11.5594114413877,78.9903276217732,NOISE,2025-03-30T21:00:47,12.5,11.5594114413877,78.9903276217732,NOISE
2026-04-20T09:17:32.200914,Map-Energy__sum__linear-conv01104-20250331_000047-20250331_060047-10.000000-15.000000.png,2025-03-31T00:00:47,2025-03-31T06:00:47,10.0,15.0,2025-03-31T03:00:47,12.5,11.5594114413877,78.9903276217732,NOISE,2025-03-31T03:00:47,12.5,11.5594114413877,78.9903276217732,NOISE,2025-03-31T03:00:47,12.5,11.5594114413877,78.9903276217732,NOISE,2025-03-31T03:00:47,12.5,11.5594114413877,78.9903276217732,NOISE
2026-04-20T09:17:34.777122,Map-Energy__sum__linear-conv00003-20250331_060047-20250331_120047-10.000000-15.000000.png,2025-03-31T06:00:47,2025-03-31T12:00:47,10.0,15.0,2025-03-31T09:00:47,12.5,11.5594114413877,78.9903276217732,NOISE,2025-03-31T09:00:47,12.5,11.5594114413877,78.9903276217732,NOISE,2025-03-31T09:00:47,12.5,11.5594114413877,78.9903276217732,NOISE,2025-03-31T09:00:47,12.5,11.5594114413877,78.9903276217732,NOISE
2026-04-20T09:17:35.681245,Map-Energy__sum__linear-conv00013-20250331_120047-20250331_180047-10.000000-15.000000.png,2025-03-31T12:00:47,2025-03-31T18:00:47,10.0,15.0,2025-03-31T15:00:47,12.5,11.5594114413877,78.9903276217732,NOISE,2025-03-31T15:00:47,12.5,11.5594114413877,78.9903276217732,NOISE,2025-03-31T15:00:47,12.5,11.5594114413877,78.9903276217732,NOISE,2025-03-31T15:00:47,12.5,11.5594114413877,78.9903276217732,NOISE
2026-04-20T09:17:36.625591,Map-Energy__sum__linear-conv00023-20250331_180047-20250401_000047-10.000000-15.000000.png,2025-03-31T18:00:47,2025-04-01T00:00:47,10.0,15.0,2025-03-31T21:00:47,12.5,11.5594114413877,78.9903276217732,NOISE,2025-03-31T21:00:47,12.5,11.5594114413877,78.9903276217732,NOISE,2025-03-31T21:00:47,12.5,11.5594114413877,78.9903276217732,NOISE,2025-03-31T21:00:47,12.5,11.5594114413877,78.9903276217732,NOISE
2026-04-20T09:17:41.145148,Map-Energy__sum__linear-conv00004-20250301_000047-20250301_060047-15.000000-20.000000.png,2025-03-01T00:00:47,2025-03-01T06:00:47,15.0,20.0,2025-03-01T03:00:47,17.5,11.3555231115476,79.0115662370871,NOISE,2025-03-01T03:00:47,17.5,11.3555231115476,79.0115662370871,NOISE,2025-03-01T03:00:47,17.5,11.3555231115476,79.0115662370871,NOISE,2025-03-01T03:00:47,17.5,11.3555231115476,79.0115662370871,NOISE
2026-04-20T09:17:44.104537,Map-Energy__sum__linear-conv00014-20250301_060047-20250301_120047-15.000000-20.000000.png,2025-03-01T06:00:47,2025-03-01T12:00:47,15.0,20.0,2025-03-01T09:00:47,17.5,11.3555231115476,79.0115662370871,NOISE,2025-03-01T09:00:47,17.5,11.3555231115476,79.0115662370871,NOISE,2025-03-01T09:00:47,17.5,11.3555231115476,79.0115662370871,NOISE,2025-03-01T09:00:47,17.5,11.3555231115476,79.0115662370871,NOISE
2026-04-20T09:17:46.929382,Map-Energy__sum__linear-conv00024-20250301_120047-20250301_180047-15.000000-20.000000.png,2025-03-01T12:00:47,2025-03-01T18:00:47,15.0,20.0,2025-03-01T15:00:47,17.5,11.3555231115476,79.0115662370871,NOISE,2025-03-01T15:00:47,17.5,11.3555231115476,79.0115662370871,NOISE,2025-03-01T15:00:47,17.5,11.3555231115476,79.0115662370871,NOISE,2025-03-01T15:00:47,17.5,11.3555231115476,79.0115662370871,NOISE
2026-04-20T09:17:56.609125,Map-Energy__sum__linear-conv00034-20250301_180047-20250302_000047-15.000000-20.000000.png,2025-03-01T18:00:47,2025-03-02T00:00:47,15.0,20.0,2025-03-01T21:29:23,19.811248,11.2493848730842,79.0156309591228,OTHER,2025-03-01T21:00:47,17.5,11.3555231115476,79.0115662370871,NOISE,2025-03-01T21:00:47,17.5,11.3555231115476,79.0115662370871,NOISE,2025-03-01T21:00:47,17.5,11.3555231115476,79.0115662370871,NOISE
2026-04-20T09:18:03.104210,Map-Energy__sum__linear-conv00044-20250302_000047-20250302_060047-15.000000-20.000000.png,2025-03-02T00:00:47,2025-03-02T06:00:47,15.0,20.0,2025-03-02T00:19:01,19.297637,11.2730632360227,79.0150263288375,OTHER,2025-03-02T03:00:47,17.5,11.3555231115476,79.0115662370871,NOISE,2025-03-02T03:00:47,17.5,11.3555231115476,79.0115662370871,NOISE,2025-03-02T03:00:47,17.5,11.3555231115476,79.0115662370871,NOISE
2026-04-20T09:18:04.833225,Map-Energy__sum__linear-conv00054-20250302_060047-20250302_120047-15.000000-20.000000.png,2025-03-02T06:00:47,2025-03-02T12:00:47,15.0,20.0,2025-03-02T09:00:47,17.5,11.3555231115476,79.0115662370871,NOISE,2025-03-02T09:00:47,17.5,11.3555231115476,79.0115662370871,NOISE,2025-03-02T09:00:47,17.5,11.3555231115476,79.0115662370871,NOISE,2025-03-02T09:00:47,17.5,11.3555231115476,79.0115662370871,NOISE
2026-04-20T09:18:16.064940,Map-Energy__sum__linear-conv00064-20250302_120047-20250302_180047-15.000000-20.000000.png,2025-03-02T12:00:47,2025-03-02T18:00:47,15.0,20.0,2025-03-02T15:01:06,17.787933,11.3423769494606,79.0122403451567,OTHER,2025-03-02T15:00:47,17.5,11.3555231115476,79.0115662370871,NOISE,2025-03-02T15:00:47,17.5,11.3555231115476,79.0115662370871,NOISE,2025-03-02T15:00:47,17.5,11.3555231115476,79.0115662370871,NOISE
2026-04-20T09:18:17.881230,Map-Energy__sum__linear-conv00074-20250302_180047-20250303_000047-15.000000-20.000000.png,2025-03-02T18:00:47,2025-03-03T00:00:47,15.0,20.0,2025-03-02T21:00:47,17.5,11.3555231115476,79.0115662370871,NOISE,2025-03-02T21:00:47,17.5,11.3555231115476,79.0115662370871,NOISE,2025-03-02T21:00:47,17.5,11.3555231115476,79.0115662370871,NOISE,2025-03-02T21:00:47,17.5,11.3555231115476,79.0115662370871,NOISE
2026-04-20T09:18:25.249157,Map-Energy__sum__linear-conv00084-20250303_000047-20250303_060047-15.000000-20.000000.png,2025-03-03T00:00:47,2025-03-03T06:00:47,15.0,20.0,2025-03-03T01:05:44,19.258727,11.2749156489497,79.0149659836822,OTHER,2025-03-03T03:00:47,17.5,11.3555231115476,79.0115662370871,NOISE,2025-03-03T03:00:47,17.5,11.3555231115476,79.0115662370871,NOISE,2025-03-03T03:00:47,17.5,11.3555231115476,79.0115662370871,NOISE
2026-04-20T09:18:27.033250,Map-Energy__sum__linear-conv00094-20250303_060047-20250303_120047-15.000000-20.000000.png,2025-03-03T06:00:47,2025-03-03T12:00:47,15.0,20.0,2025-03-03T09:00:47,17.5,11.3555231115476,79.0115662370871,NOISE,2025-03-03T09:00:47,17.5,11.3555231115476,79.0115662370871,NOISE,2025-03-03T09:00:47,17.5,11.3555231115476,79.0115662370871,NOISE,2025-03-03T09:00:47,17.5,11.3555231115476,79.0115662370871,NOISE
2026-04-20T09:18:28.977093,Map-Energy__sum__linear-conv00005-20250303_120047-20250303_180047-15.000000-20.000000.png,2025-03-03T12:00:47,2025-03-03T18:00:47,15.0,20.0,2025-03-03T15:00:47,17.5,11.3555231115476,79.0115662370871,NOISE,2025-03-03T15:00:47,17.5,11.3555231115476,79.0115662370871,NOISE,2025-03-03T15:00:47,17.5,11.3555231115476,79.0115662370871,NOISE,2025-03-03T15:00:47,17.5,11.3555231115476,79.0115662370871,NOISE
2026-04-20T09:18:30.721094,Map-Energy__sum__linear-conv00015-20250303_180047-20250304_000047-15.000000-20.000000.png,2025-03-03T18:00:47,2025-03-04T00:00:47,15.0,20.0,2025-03-03T21:00:47,17.5,11.3555231115476,79.0115662370871,NOISE,2025-03-03T21:00:47,17.5,11.3555231115476,79.0115662370871,NOISE,2025-03-03T21:00:47,17.5,11.3555231115476,79.0115662370871,NOISE,2025-03-03T21:00:47,17.5,11.3555231115476,79.0115662370871,NOISE
2026-04-20T09:18:44.577231,Map-Energy__sum__linear-conv00025-20250304_000047-20250304_060047-15.000000-20.000000.png,2025-03-04T00:00:47,2025-03-04T06:00:47,15.0,20.0,2025-03-04T03:00:47,17.5,11.3555231115476,79.0115662370871,NOISE,2025-03-04T03:00:47,17.5,11.3555231115476,79.0115662370871,NOISE,2025-03-04T03:00:47,17.5,11.3555231115476,79.0115662370871,NOISE,2025-03-04T03:00:47,17.5,11.3555231115476,79.0115662370871,NOISE
2026-04-20T09:18:47.785630,Map-Energy__sum__linear-conv00035-20250304_060047-20250304_120047-15.000000-20.000000.png,2025-03-04T06:00:47,2025-03-04T12:00:47,15.0,20.0,2025-03-04T09:00:47,17.5,11.3555231115476,79.0115662370871,NOISE,2025-03-04T09:00:47,17.5,11.3555231115476,79.0115662370871,NOISE,2025-03-04T09:00:47,17.5,11.3555231115476,79.0115662370871,NOISE,2025-03-04T09:00:47,17.5,11.3555231115476,79.0115662370871,NOISE
2026-04-20T09:18:51.953658,Map-Energy__sum__linear-conv00045-20250304_120047-20250304_180047-15.000000-20.000000.png,2025-03-04T12:00:47,2025-03-04T18:00:47,15.0,20.0,2025-03-04T15:00:47,17.5,11.3555231115476,79.0115662370871,NOISE,2025-03-04T15:00:47,17.5,11.3555231115476,79.0115662370871,NOISE,2025-03-04T15:00:47,17.5,11.3555231115476,79.0115662370871,NOISE,2025-03-04T15:00:47,17.5,11.3555231115476,79.0115662370871,NOISE
2026-04-20T09:18:57.073402,Map-Energy__sum__linear-conv00055-20250304_180047-20250305_000047-15.000000-20.000000.png,2025-03-04T18:00:47,2025-03-05T00:00:47,15.0,20.0,2025-03-04T21:00:47,17.5,11.3555231115476,79.0115662370871,NOISE,2025-03-04T21:00:47,17.5,11.3555231115476,79.0115662370871,NOISE,2025-03-04T21:00:47,17.5,11.3555231115476,79.0115662370871,NOISE,2025-03-04T21:00:47,17.5,11.3555231115476,79.0115662370871,NOISE
2026-04-20T09:18:59.537219,Map-Energy__sum__linear-conv00065-20250305_000047-20250305_060047-15.000000-20.000000.png,2025-03-05T00:00:47,2025-03-05T06:00:47,15.0,20.0,2025-03-05T03:00:47,17.5,11.3555231115476,79.0115662370871,NOISE,2025-03-05T03:00:47,17.5,11.3555231115476,79.0115662370871,NOISE,2025-03-05T03:00:47,17.5,11.3555231115476,79.0115662370871,NOISE,2025-03-05T03:00:47,17.5,11.3555231115476,79.0115662370871,NOISE
2026-04-20T09:19:02.617128,Map-Energy__sum__linear-conv00075-20250305_060047-20250305_120047-15.000000-20.000000.png,2025-03-05T06:00:47,2025-03-05T12:00:47,15.0,20.0,2025-03-05T09:00:47,17.5,11.3555231115476,79.0115662370871,NOISE,2025-03-05T09:00:47,17.5,11.3555231115476,79.0115662370871,NOISE,2025-03-05T09:00:47,17.5,11.3555231115476,79.0115662370871,NOISE,2025-03-05T09:00:47,17.5,11.3555231115476,79.0115662370871,NOISE
2026-04-20T09:19:04.329817,Map-Energy__sum__linear-conv00085-20250305_120047-20250305_180047-15.000000-20.000000.png,2025-03-05T12:00:47,2025-03-05T18:00:47,15.0,20.0,2025-03-05T15:00:47,17.5,11.3555231115476,79.0115662370871,NOISE,2025-03-05T15:00:47,17.5,11.3555231115476,79.0115662370871,NOISE,2025-03-05T15:00:47,17.5,11.3555231115476,79.0115662370871,NOISE,2025-03-05T15:00:47,17.5,11.3555231115476,79.0115662370871,NOISE
2026-04-20T09:19:07.257358,Map-Energy__sum__linear-conv00095-20250305_180047-20250306_000047-15.000000-20.000000.png,2025-03-05T18:00:47,2025-03-06T00:00:47,15.0,20.0,2025-03-05T21:00:47,17.5,11.3555231115476,79.0115662370871,NOISE,2025-03-05T21:00:47,17.5,11.3555231115476,79.0115662370871,NOISE,2025-03-05T21:00:47,17.5,11.3555231115476,79.0115662370871,NOISE,2025-03-05T21:00:47,17.5,11.3555231115476,79.0115662370871,NOISE
2026-04-20T09:19:08.929579,Map-Energy__sum__linear-conv00105-20250306_000047-20250306_060047-15.000000-20.000000.png,2025-03-06T00:00:47,2025-03-06T06:00:47,15.0,20.0,2025-03-06T03:00:47,17.5,11.3555231115476,79.0115662370871,NOISE,2025-03-06T03:00:47,17.5,11.3555231115476,79.0115662370871,NOISE,2025-03-06T03:00:47,17.5,11.3555231115476,79.0115662370871,NOISE,2025-03-06T03:00:47,17.5,11.3555231115476,79.0115662370871,NOISE
2026-04-20T09:19:13.705085,Map-Energy__sum__linear-conv00115-20250306_060047-20250306_120047-15.000000-20.000000.png,2025-03-06T06:00:47,2025-03-06T12:00:47,15.0,20.0,2025-03-06T09:00:47,17.5,11.3555231115476,79.0115662370871,NOISE,2025-03-06T09:00:47,17.5,11.3555231115476,79.0115662370871,NOISE,2025-03-06T09:00:47,17.5,11.3555231115476,79.0115662370871,NOISE,2025-03-06T09:00:47,17.5,11.3555231115476,79.0115662370871,NOISE
2026-04-20T09:19:19.192905,Map-Energy__sum__linear-conv00125-20250306_120047-20250306_180047-15.000000-20.000000.png,2025-03-06T12:00:47,2025-03-06T18:00:47,15.0,20.0,2025-03-06T15:00:47,17.5,11.3555231115476,79.0115662370871,NOISE,2025-03-06T15:00:47,17.5,11.3555231115476,79.0115662370871,NOISE,2025-03-06T15:00:47,17.5,11.3555231115476,79.0115662370871,NOISE,2025-03-06T15:00:47,17.5,11.3555231115476,79.0115662370871,NOISE
2026-04-20T09:19:21.809103,Map-Energy__sum__linear-conv00135-20250306_180047-20250307_000047-15.000000-20.000000.png,2025-03-06T18:00:47,2025-03-07T00:00:47,15.0,20.0,2025-03-06T21:00:47,17.5,11.3555231115476,79.0115662370871,NOISE,2025-03-06T21:00:47,17.5,11.3555231115476,79.0115662370871,NOISE,2025-03-06T21:00:47,17.5,11.3555231115476,79.0115662370871,NOISE,2025-03-06T21:00:47,17.5,11.3555231115476,79.0115662370871,NOISE
2026-04-20T09:19:23.641179,Map-Energy__sum__linear-conv00145-20250307_000047-20250307_060047-15.000000-20.000000.png,2025-03-07T00:00:47,2025-03-07T06:00:47,15.0,20.0,2025-03-07T03:00:47,17.5,11.3555231115476,79.0115662370871,NOISE,2025-03-07T03:00:47,17.5,11.3555231115476,79.0115662370871,NOISE,2025-03-07T03:00:47,17.5,11.3555231115476,79.0115662370871,NOISE,2025-03-07T03:00:47,17.5,11.3555231115476,79.0115662370871,NOISE
2026-04-20T09:19:25.673306,Map-Energy__sum__linear-conv00155-20250307_060047-20250307_120047-15.000000-20.000000.png,2025-03-07T06:00:47,2025-03-07T12:00:47,15.0,20.0,2025-03-07T09:00:47,17.5,11.3555231115476,79.0115662370871,NOISE,2025-03-07T09:00:47,17.5,11.3555231115476,79.0115662370871,NOISE,2025-03-07T09:00:47,17.5,11.3555231115476,79.0115662370871,NOISE,2025-03-07T09:00:47,17.5,11.3555231115476,79.0115662370871,NOISE
2026-04-20T09:19:27.129829,Map-Energy__sum__linear-conv00165-20250307_120047-20250307_180047-15.000000-20.000000.png,2025-03-07T12:00:47,2025-03-07T18:00:47,15.0,20.0,2025-03-07T15:00:47,17.5,11.3555231115476,79.0115662370871,NOISE,2025-03-07T15:00:47,17.5,11.3555231115476,79.0115662370871,NOISE,2025-03-07T15:00:47,17.5,11.3555231115476,79.0115662370871,NOISE,2025-03-07T15:00:47,17.5,11.3555231115476,79.0115662370871,NOISE
2026-04-20T09:19:28.672864,Map-Energy__sum__linear-conv00175-20250307_180047-20250308_000047-15.000000-20.000000.png,2025-03-07T18:00:47,2025-03-08T00:00:47,15.0,20.0,2025-03-07T21:00:47,17.5,11.3555231115476,79.0115662370871,NOISE,2025-03-07T21:00:47,17.5,11.3555231115476,79.0115662370871,NOISE,2025-03-07T21:00:47,17.5,11.3555231115476,79.0115662370871,NOISE,2025-03-07T21:00:47,17.5,11.3555231115476,79.0115662370871,NOISE
2026-04-20T09:19:30.136595,Map-Energy__sum__linear-conv00185-20250308_000047-20250308_060047-15.000000-20.000000.png,2025-03-08T00:00:47,2025-03-08T06:00:47,15.0,20.0,2025-03-08T03:00:47,17.5,11.3555231115476,79.0115662370871,NOISE,2025-03-08T03:00:47,17.5,11.3555231115476,79.0115662370871,NOISE,2025-03-08T03:00:47,17.5,11.3555231115476,79.0115662370871,NOISE,2025-03-08T03:00:47,17.5,11.3555231115476,79.0115662370871,NOISE
2026-04-20T09:19:31.899080,Map-Energy__sum__linear-conv00195-20250308_060047-20250308_120047-15.000000-20.000000.png,2025-03-08T06:00:47,2025-03-08T12:00:47,15.0,20.0,2025-03-08T09:00:47,17.5,11.3555231115476,79.0115662370871,NOISE,2025-03-08T09:00:47,17.5,11.3555231115476,79.0115662370871,NOISE,2025-03-08T09:00:47,17.5,11.3555231115476,79.0115662370871,NOISE,2025-03-08T09:00:47,17.5,11.3555231115476,79.0115662370871,NOISE
2026-04-20T09:19:34.000321,Map-Energy__sum__linear-conv00205-20250308_120047-20250308_180047-15.000000-20.000000.png,2025-03-08T12:00:47,2025-03-08T18:00:47,15.0,20.0,2025-03-08T15:00:47,17.5,11.3555231115476,79.0115662370871,NOISE,2025-03-08T15:00:47,17.5,11.3555231115476,79.0115662370871,NOISE,2025-03-08T15:00:47,17.5,11.3555231115476,79.0115662370871,NOISE,2025-03-08T15:00:47,17.5,11.3555231115476,79.0115662370871,NOISE
2026-04-20T09:19:35.673401,Map-Energy__sum__linear-conv00215-20250308_180047-20250309_000047-15.000000-20.000000.png,2025-03-08T18:00:47,2025-03-09T00:00:47,15.0,20.0,2025-03-08T21:00:47,17.5,11.3555231115476,79.0115662370871,NOISE,2025-03-08T21:00:47,17.5,11.3555231115476,79.0115662370871,NOISE,2025-03-08T21:00:47,17.5,11.3555231115476,79.0115662370871,NOISE,2025-03-08T21:00:47,17.5,11.3555231115476,79.0115662370871,NOISE
2026-04-20T09:19:38.497257,Map-Energy__sum__linear-conv00225-20250309_000047-20250309_060047-15.000000-20.000000.png,2025-03-09T00:00:47,2025-03-09T06:00:47,15.0,20.0,2025-03-09T03:00:47,17.5,11.3555231115476,79.0115662370871,NOISE,2025-03-09T03:00:47,17.5,11.3555231115476,79.0115662370871,NOISE,2025-03-09T03:00:47,17.5,11.3555231115476,79.0115662370871,NOISE,2025-03-09T03:00:47,17.5,11.3555231115476,79.0115662370871,NOISE
2026-04-20T09:19:42.330052,Map-Energy__sum__linear-conv00235-20250309_060047-20250309_120047-15.000000-20.000000.png,2025-03-09T06:00:47,2025-03-09T12:00:47,15.0,20.0,2025-03-09T09:00:47,17.5,11.3555231115476,79.0115662370871,NOISE,2025-03-09T09:00:47,17.5,11.3555231115476,79.0115662370871,NOISE,2025-03-09T09:00:47,17.5,11.3555231115476,79.0115662370871,NOISE,2025-03-09T09:00:47,17.5,11.3555231115476,79.0115662370871,NOISE
2026-04-20T09:19:46.440942,Map-Energy__sum__linear-conv00245-20250309_120047-20250309_180047-15.000000-20.000000.png,2025-03-09T12:00:47,2025-03-09T18:00:47,15.0,20.0,2025-03-09T15:00:47,17.5,11.3555231115476,79.0115662370871,NOISE,2025-03-09T15:00:47,17.5,11.3555231115476,79.0115662370871,NOISE,2025-03-09T15:00:47,17.5,11.3555231115476,79.0115662370871,NOISE,2025-03-09T15:00:47,17.5,11.3555231115476,79.0115662370871,NOISE
2026-04-20T09:19:48.400774,Map-Energy__sum__linear-conv00255-20250309_180047-20250310_000047-15.000000-20.000000.png,2025-03-09T18:00:47,2025-03-10T00:00:47,15.0,20.0,2025-03-09T21:00:47,17.5,11.3555231115476,79.0115662370871,NOISE,2025-03-09T21:00:47,17.5,11.3555231115476,79.0115662370871,NOISE,2025-03-09T21:00:47,17.5,11.3555231115476,79.0115662370871,NOISE,2025-03-09T21:00:47,17.5,11.3555231115476,79.0115662370871,NOISE
2026-04-20T09:19:49.745673,Map-Energy__sum__linear-conv00265-20250310_000047-20250310_060047-15.000000-20.000000.png,2025-03-10T00:00:47,2025-03-10T06:00:47,15.0,20.0,2025-03-10T03:00:47,17.5,11.3555231115476,79.0115662370871,NOISE,2025-03-10T03:00:47,17.5,11.3555231115476,79.0115662370871,NOISE,2025-03-10T03:00:47,17.5,11.3555231115476,79.0115662370871,NOISE,2025-03-10T03:00:47,17.5,11.3555231115476,79.0115662370871,NOISE
2026-04-20T09:19:51.105082,Map-Energy__sum__linear-conv00275-20250310_060047-20250310_120047-15.000000-20.000000.png,2025-03-10T06:00:47,2025-03-10T12:00:47,15.0,20.0,2025-03-10T09:00:47,17.5,11.3555231115476,79.0115662370871,NOISE,2025-03-10T09:00:47,17.5,11.3555231115476,79.0115662370871,NOISE,2025-03-10T09:00:47,17.5,11.3555231115476,79.0115662370871,NOISE,2025-03-10T09:00:47,17.5,11.3555231115476,79.0115662370871,NOISE
2026-04-20T09:19:52.361260,Map-Energy__sum__linear-conv00285-20250310_120047-20250310_180047-15.000000-20.000000.png,2025-03-10T12:00:47,2025-03-10T18:00:47,15.0,20.0,2025-03-10T15:00:47,17.5,11.3555231115476,79.0115662370871,NOISE,2025-03-10T15:00:47,17.5,11.3555231115476,79.0115662370871,NOISE,2025-03-10T15:00:47,17.5,11.3555231115476,79.0115662370871,NOISE,2025-03-10T15:00:47,17.5,11.3555231115476,79.0115662370871,NOISE
2026-04-20T09:19:53.585573,Map-Energy__sum__linear-conv00295-20250310_180047-20250311_000047-15.000000-20.000000.png,2025-03-10T18:00:47,2025-03-11T00:00:47,15.0,20.0,2025-03-10T21:00:47,17.5,11.3555231115476,79.0115662370871,NOISE,2025-03-10T21:00:47,17.5,11.3555231115476,79.0115662370871,NOISE,2025-03-10T21:00:47,17.5,11.3555231115476,79.0115662370871,NOISE,2025-03-10T21:00:47,17.5,11.3555231115476,79.0115662370871,NOISE
2026-04-20T09:19:54.985415,Map-Energy__sum__linear-conv00305-20250311_000047-20250311_060047-15.000000-20.000000.png,2025-03-11T00:00:47,2025-03-11T06:00:47,15.0,20.0,2025-03-11T03:00:47,17.5,11.3555231115476,79.0115662370871,NOISE,2025-03-11T03:00:47,17.5,11.3555231115476,79.0115662370871,NOISE,2025-03-11T03:00:47,17.5,11.3555231115476,79.0115662370871,NOISE,2025-03-11T03:00:47,17.5,11.3555231115476,79.0115662370871,NOISE
2026-04-20T09:20:08.009222,Map-Energy__sum__linear-conv00315-20250311_060047-20250311_120047-15.000000-20.000000.png,2025-03-11T06:00:47,2025-03-11T12:00:47,15.0,20.0,2025-03-11T10:18:19,18.99414,11.287414712585,79.0145588038186,OTHER,2025-03-11T09:00:47,17.5,11.3555231115476,79.0115662370871,NOISE,2025-03-11T09:00:47,17.5,11.3555231115476,79.0115662370871,NOISE,2025-03-11T09:00:47,17.5,11.3555231115476,79.0115662370871,NOISE
2026-04-20T09:20:17.273241,Map-Energy__sum__linear-conv00325-20250311_120047-20250311_180047-15.000000-20.000000.png,2025-03-11T12:00:47,2025-03-11T18:00:47,15.0,20.0,2025-03-11T14:19:09,19.803466,11.2498510185505,79.015620022342,OTHER,2025-03-11T15:00:47,17.5,11.3555231115476,79.0115662370871,NOISE,2025-03-11T15:00:47,17.5,11.3555231115476,79.0115662370871,NOISE,2025-03-11T15:00:47,17.5,11.3555231115476,79.0115662370871,NOISE
2026-04-20T09:20:21.577353,Map-Energy__sum__linear-conv00335-20250311_180047-20250312_000047-15.000000-20.000000.png,2025-03-11T18:00:47,2025-03-12T00:00:47,15.0,20.0,2025-03-11T21:00:47,17.5,11.3555231115476,79.0115662370871,NOISE,2025-03-11T21:00:47,17.5,11.3555231115476,79.0115662370871,NOISE,2025-03-11T21:00:47,17.5,11.3555231115476,79.0115662370871,NOISE,2025-03-11T21:00:47,17.5,11.3555231115476,79.0115662370871,NOISE
2026-04-20T09:20:24.673384,Map-Energy__sum__linear-conv00345-20250312_000047-20250312_060047-15.000000-20.000000.png,2025-03-12T00:00:47,2025-03-12T06:00:47,15.0,20.0,2025-03-12T03:00:47,17.5,11.3555231115476,79.0115662370871,NOISE,2025-03-12T03:00:47,17.5,11.3555231115476,79.0115662370871,NOISE,2025-03-12T03:00:47,17.5,11.3555231115476,79.0115662370871,NOISE,2025-03-12T03:00:47,17.5,11.3555231115476,79.0115662370871,NOISE
2026-04-20T09:20:30.385409,Map-Energy__sum__linear-conv00355-20250312_060047-20250312_120047-15.000000-20.000000.png,2025-03-12T06:00:47,2025-03-12T12:00:47,15.0,20.0,2025-03-12T09:00:47,17.5,11.3555231115476,79.0115662370871,NOISE,2025-03-12T09:00:47,17.5,11.3555231115476,79.0115662370871,NOISE,2025-03-12T09:00:47,17.5,11.3555231115476,79.0115662370871,NOISE,2025-03-12T09:00:47,17.5,11.3555231115476,79.0115662370871,NOISE
2026-04-20T09:20:32.009856,Map-Energy__sum__linear-conv00365-20250312_120047-20250312_180047-15.000000-20.000000.png,2025-03-12T12:00:47,2025-03-12T18:00:47,15.0,20.0,2025-03-12T15:00:47,17.5,11.3555231115476,79.0115662370871,NOISE,2025-03-12T15:00:47,17.5,11.3555231115476,79.0115662370871,NOISE,2025-03-12T15:00:47,17.5,11.3555231115476,79.0115662370871,NOISE,2025-03-12T15:00:47,17.5,11.3555231115476,79.0115662370871,NOISE
2026-04-20T09:20:33.185245,Map-Energy__sum__linear-conv00375-20250312_180047-20250313_000047-15.000000-20.000000.png,2025-03-12T18:00:47,2025-03-13T00:00:47,15.0,20.0,2025-03-12T21:00:47,17.5,11.3555231115476,79.0115662370871,NOISE,2025-03-12T21:00:47,17.5,11.3555231115476,79.0115662370871,NOISE,2025-03-12T21:00:47,17.5,11.3555231115476,79.0115662370871,NOISE,2025-03-12T21:00:47,17.5,11.3555231115476,79.0115662370871,NOISE
2026-04-20T09:20:34.857375,Map-Energy__sum__linear-conv00385-20250313_000047-20250313_060047-15.000000-20.000000.png,2025-03-13T00:00:47,2025-03-13T06:00:47,15.0,20.0,2025-03-13T03:00:47,17.5,11.3555231115476,79.0115662370871,NOISE,2025-03-13T03:00:47,17.5,11.3555231115476,79.0115662370871,NOISE,2025-03-13T03:00:47,17.5,11.3555231115476,79.0115662370871,NOISE,2025-03-13T03:00:47,17.5,11.3555231115476,79.0115662370871,NOISE
2026-04-20T09:20:35.953461,Map-Energy__sum__linear-conv00395-20250313_060047-20250313_120047-15.000000-20.000000.png,2025-03-13T06:00:47,2025-03-13T12:00:47,15.0,20.0,2025-03-13T09:00:47,17.5,11.3555231115476,79.0115662370871,NOISE,2025-03-13T09:00:47,17.5,11.3555231115476,79.0115662370871,NOISE,2025-03-13T09:00:47,17.5,11.3555231115476,79.0115662370871,NOISE,2025-03-13T09:00:47,17.5,11.3555231115476,79.0115662370871,NOISE
2026-04-20T09:20:37.409196,Map-Energy__sum__linear-conv00405-20250313_120047-20250313_180047-15.000000-20.000000.png,2025-03-13T12:00:47,2025-03-13T18:00:47,15.0,20.0,2025-03-13T15:00:47,17.5,11.3555231115476,79.0115662370871,NOISE,2025-03-13T15:00:47,17.5,11.3555231115476,79.0115662370871,NOISE,2025-03-13T15:00:47,17.5,11.3555231115476,79.0115662370871,NOISE,2025-03-13T15:00:47,17.5,11.3555231115476,79.0115662370871,NOISE
2026-04-20T09:20:39.425666,Map-Energy__sum__linear-conv00415-20250313_180047-20250314_000047-15.000000-20.000000.png,2025-03-13T18:00:47,2025-03-14T00:00:47,15.0,20.0,2025-03-13T21:00:47,17.5,11.3555231115476,79.0115662370871,NOISE,2025-03-13T21:00:47,17.5,11.3555231115476,79.0115662370871,NOISE,2025-03-13T21:00:47,17.5,11.3555231115476,79.0115662370871,NOISE,2025-03-13T21:00:47,17.5,11.3555231115476,79.0115662370871,NOISE
2026-04-20T09:20:41.714013,Map-Energy__sum__linear-conv00425-20250314_000047-20250314_060047-15.000000-20.000000.png,2025-03-14T00:00:47,2025-03-14T06:00:47,15.0,20.0,2025-03-14T03:00:47,17.5,11.3555231115476,79.0115662370871,NOISE,2025-03-14T03:00:47,17.5,11.3555231115476,79.0115662370871,NOISE,2025-03-14T03:00:47,17.5,11.3555231115476,79.0115662370871,NOISE,2025-03-14T03:00:47,17.5,11.3555231115476,79.0115662370871,NOISE
2026-04-20T09:20:44.105402,Map-Energy__sum__linear-conv00435-20250314_060047-20250314_120047-15.000000-20.000000.png,2025-03-14T06:00:47,2025-03-14T12:00:47,15.0,20.0,2025-03-14T09:00:47,17.5,11.3555231115476,79.0115662370871,NOISE,2025-03-14T09:00:47,17.5,11.3555231115476,79.0115662370871,NOISE,2025-03-14T09:00:47,17.5,11.3555231115476,79.0115662370871,NOISE,2025-03-14T09:00:47,17.5,11.3555231115476,79.0115662370871,NOISE
2026-04-20T09:20:45.568925,Map-Energy__sum__linear-conv00445-20250314_120047-20250314_180047-15.000000-20.000000.png,2025-03-14T12:00:47,2025-03-14T18:00:47,15.0,20.0,2025-03-14T15:00:47,17.5,11.3555231115476,79.0115662370871,NOISE,2025-03-14T15:00:47,17.5,11.3555231115476,79.0115662370871,NOISE,2025-03-14T15:00:47,17.5,11.3555231115476,79.0115662370871,NOISE,2025-03-14T15:00:47,17.5,11.3555231115476,79.0115662370871,NOISE
2026-04-20T09:20:47.305770,Map-Energy__sum__linear-conv00455-20250314_180047-20250315_000047-15.000000-20.000000.png,2025-03-14T18:00:47,2025-03-15T00:00:47,15.0,20.0,2025-03-14T21:00:47,17.5,11.3555231115476,79.0115662370871,NOISE,2025-03-14T21:00:47,17.5,11.3555231115476,79.0115662370871,NOISE,2025-03-14T21:00:47,17.5,11.3555231115476,79.0115662370871,NOISE,2025-03-14T21:00:47,17.5,11.3555231115476,79.0115662370871,NOISE
2026-04-20T09:20:48.673399,Map-Energy__sum__linear-conv00465-20250315_000047-20250315_060047-15.000000-20.000000.png,2025-03-15T00:00:47,2025-03-15T06:00:47,15.0,20.0,2025-03-15T03:00:47,17.5,11.3555231115476,79.0115662370871,NOISE,2025-03-15T03:00:47,17.5,11.3555231115476,79.0115662370871,NOISE,2025-03-15T03:00:47,17.5,11.3555231115476,79.0115662370871,NOISE,2025-03-15T03:00:47,17.5,11.3555231115476,79.0115662370871,NOISE
2026-04-20T09:20:54.784747,Map-Energy__sum__linear-conv00475-20250315_060047-20250315_120047-15.000000-20.000000.png,2025-03-15T06:00:47,2025-03-15T12:00:47,15.0,20.0,2025-03-15T10:11:39,18.986358,11.287414712585,79.0145588038186,OTHER,2025-03-15T09:00:47,17.5,11.3555231115476,79.0115662370871,NOISE,2025-03-15T09:00:47,17.5,11.3555231115476,79.0115662370871,NOISE,2025-03-15T09:00:47,17.5,11.3555231115476,79.0115662370871,NOISE
2026-04-20T09:21:04.553138,Map-Energy__sum__linear-conv00485-20250315_120047-20250315_180047-15.000000-20.000000.png,2025-03-15T12:00:47,2025-03-15T18:00:47,15.0,20.0,2025-03-15T16:21:30,19.359893,11.2702843832575,79.0151168560945,OTHER,2025-03-15T15:00:47,17.5,11.3555231115476,79.0115662370871,NOISE,2025-03-15T15:00:47,17.5,11.3555231115476,79.0115662370871,NOISE,2025-03-15T15:00:47,17.5,11.3555231115476,79.0115662370871,NOISE
2026-04-20T09:21:19.601408,Map-Energy__sum__linear-conv00495-20250315_180047-20250316_000047-15.000000-20.000000.png,2025-03-15T18:00:47,2025-03-16T00:00:47,15.0,20.0,2025-03-15T20:36:37,19.352111,11.2707475971981,79.0151017654501,OTHER,2025-03-15T21:00:47,17.5,11.3555231115476,79.0115662370871,NOISE,2025-03-15T21:00:47,17.5,11.3555231115476,79.0115662370871,NOISE,2025-03-15T21:00:47,17.5,11.3555231115476,79.0115662370871,NOISE
2026-04-20T09:21:28.497714,Map-Energy__sum__linear-conv00505-20250316_000047-20250316_060047-15.000000-20.000000.png,2025-03-16T00:00:47,2025-03-16T06:00:47,15.0,20.0,2025-03-16T03:04:35,17.756805,11.3437380131191,79.0121705515207,OTHER,2025-03-16T03:00:47,17.5,11.3555231115476,79.0115662370871,NOISE,2025-03-16T03:00:47,17.5,11.3555231115476,79.0115662370871,NOISE,2025-03-16T03:00:47,17.5,11.3555231115476,79.0115662370871,NOISE
2026-04-20T09:21:31.041726,Map-Energy__sum__linear-conv00515-20250316_060047-20250316_120047-15.000000-20.000000.png,2025-03-16T06:00:47,2025-03-16T12:00:47,15.0,20.0,2025-03-16T09:00:47,17.5,11.3555231115476,79.0115662370871,NOISE,2025-03-16T09:00:47,17.5,11.3555231115476,79.0115662370871,NOISE,2025-03-16T09:00:47,17.5,11.3555231115476,79.0115662370871,NOISE,2025-03-16T09:00:47,17.5,11.3555231115476,79.0115662370871,NOISE
2026-04-20T09:21:37.697413,Map-Energy__sum__linear-conv00525-20250316_120047-20250316_180047-15.000000-20.000000.png,2025-03-16T12:00:47,2025-03-16T18:00:47,15.0,20.0,2025-03-16T15:33:30,19.671172,11.2558992737675,79.0154781108881,OTHER,2025-03-16T15:00:47,17.5,11.3555231115476,79.0115662370871,NOISE,2025-03-16T15:00:47,17.5,11.3555231115476,79.0115662370871,NOISE,2025-03-16T15:00:47,17.5,11.3555231115476,79.0115662370871,NOISE
2026-04-20T09:21:40.921664,Map-Energy__sum__linear-conv00535-20250316_180047-20250317_000047-15.000000-20.000000.png,2025-03-16T18:00:47,2025-03-17T00:00:47,15.0,20.0,2025-03-16T21:00:47,17.5,11.3555231115476,79.0115662370871,NOISE,2025-03-16T21:00:47,17.5,11.3555231115476,79.0115662370871,NOISE,2025-03-16T21:00:47,17.5,11.3555231115476,79.0115662370871,NOISE,2025-03-16T21:00:47,17.5,11.3555231115476,79.0115662370871,NOISE
2026-04-20T09:21:48.329437,Map-Energy__sum__linear-conv00545-20250317_000047-20250317_060047-15.000000-20.000000.png,2025-03-17T00:00:47,2025-03-17T06:00:47,15.0,20.0,2025-03-17T02:23:16,19.507751,11.2633551367812,79.0153031743171,OTHER,2025-03-17T03:00:47,17.5,11.3555231115476,79.0115662370871,NOISE,2025-03-17T03:00:47,17.5,11.3555231115476,79.0115662370871,NOISE,2025-03-17T03:00:47,17.5,11.3555231115476,79.0115662370871,NOISE
2026-04-20T09:22:00.305748,Map-Energy__sum__linear-conv00555-20250317_060047-20250317_120047-15.000000-20.000000.png,2025-03-17T06:00:47,2025-03-17T12:00:47,15.0,20.0,2025-03-17T09:00:47,17.5,11.3555231115476,79.0115662370871,NOISE,2025-03-17T09:00:47,17.5,11.3555231115476,79.0115662370871,NOISE,2025-03-17T09:00:47,17.5,11.3555231115476,79.0115662370871,NOISE,2025-03-17T09:00:47,17.5,11.3555231115476,79.0115662370871,NOISE
2026-04-20T09:22:11.089292,Map-Energy__sum__linear-conv00565-20250317_120047-20250317_180047-15.000000-20.000000.png,2025-03-17T12:00:47,2025-03-17T18:00:47,15.0,20.0,2025-03-17T15:00:47,17.5,11.3555231115476,79.0115662370871,NOISE,2025-03-17T15:00:47,17.5,11.3555231115476,79.0115662370871,NOISE,2025-03-17T15:00:47,17.5,11.3555231115476,79.0115662370871,NOISE,2025-03-17T15:00:47,17.5,11.3555231115476,79.0115662370871,NOISE
2026-04-20T09:22:23.121342,Map-Energy__sum__linear-conv00575-20250317_180047-20250318_000047-15.000000-20.000000.png,2025-03-17T18:00:47,2025-03-18T00:00:47,15.0,20.0,2025-03-17T22:25:57,19.499969,11.2638215549421,79.0152922307864,VESSEL,2025-03-17T21:00:47,17.5,11.3555231115476,79.0115662370871,NOISE,2025-03-17T21:00:47,17.5,11.3555231115476,79.0115662370871,NOISE,2025-03-17T21:00:47,17.5,11.3555231115476,79.0115662370871,NOISE
2026-04-20T09:22:34.425789,Map-Energy__sum__linear-conv00585-20250318_000047-20250318_060047-15.000000-20.000000.png,2025-03-18T00:00:47,2025-03-18T06:00:47,15.0,20.0,2025-03-18T00:25:41,19.445495,11.2661536385642,79.0152375126692,OTHER,2025-03-18T03:00:47,17.5,11.3555231115476,79.0115662370871,NOISE,2025-03-18T03:00:47,17.5,11.3555231115476,79.0115662370871,NOISE,2025-03-18T03:00:47,17.5,11.3555231115476,79.0115662370871,NOISE
2026-04-20T09:22:37.609929,Map-Energy__sum__linear-conv00595-20250318_060047-20250318_120047-15.000000-20.000000.png,2025-03-18T06:00:47,2025-03-18T12:00:47,15.0,20.0,2025-03-18T09:00:47,17.5,11.3555231115476,79.0115662370871,NOISE,2025-03-18T09:00:47,17.5,11.3555231115476,79.0115662370871,NOISE,2025-03-18T09:00:47,17.5,11.3555231115476,79.0115662370871,NOISE,2025-03-18T09:00:47,17.5,11.3555231115476,79.0115662370871,NOISE
2026-04-20T09:22:40.545820,Map-Energy__sum__linear-conv00605-20250318_120047-20250318_180047-15.000000-20.000000.png,2025-03-18T12:00:47,2025-03-18T18:00:47,15.0,20.0,2025-03-18T15:00:47,17.5,11.3555231115476,79.0115662370871,NOISE,2025-03-18T15:00:47,17.5,11.3555231115476,79.0115662370871,NOISE,2025-03-18T15:00:47,17.5,11.3555231115476,79.0115662370871,NOISE,2025-03-18T15:00:47,17.5,11.3555231115476,79.0115662370871,NOISE
2026-04-20T09:22:46.937248,Map-Energy__sum__linear-conv00615-20250318_180047-20250319_000047-15.000000-20.000000.png,2025-03-18T18:00:47,2025-03-19T00:00:47,15.0,20.0,2025-03-18T21:07:27,19.608917,11.2586945015752,79.0154125269197,VESSEL,2025-03-18T21:00:47,17.5,11.3555231115476,79.0115662370871,NOISE,2025-03-18T21:00:47,17.5,11.3555231115476,79.0115662370871,NOISE,2025-03-18T21:00:47,17.5,11.3555231115476,79.0115662370871,NOISE
2026-04-20T09:22:48.721193,Map-Energy__sum__linear-conv00625-20250319_000047-20250319_060047-15.000000-20.000000.png,2025-03-19T00:00:47,2025-03-19T06:00:47,15.0,20.0,2025-03-19T03:00:47,17.5,11.3555231115476,79.0115662370871,NOISE,2025-03-19T03:00:47,17.5,11.3555231115476,79.0115662370871,NOISE,2025-03-19T03:00:47,17.5,11.3555231115476,79.0115662370871,NOISE,2025-03-19T03:00:47,17.5,11.3555231115476,79.0115662370871,NOISE
2026-04-20T09:22:50.689732,Map-Energy__sum__linear-conv00635-20250319_060047-20250319_120047-15.000000-20.000000.png,2025-03-19T06:00:47,2025-03-19T12:00:47,15.0,20.0,2025-03-19T09:00:47,17.5,11.3555231115476,79.0115662370871,NOISE,2025-03-19T09:00:47,17.5,11.3555231115476,79.0115662370871,NOISE,2025-03-19T09:00:47,17.5,11.3555231115476,79.0115662370871,NOISE,2025-03-19T09:00:47,17.5,11.3555231115476,79.0115662370871,NOISE
2026-04-20T09:23:00.082327,Map-Energy__sum__linear-conv00645-20250319_120047-20250319_180047-15.000000-20.000000.png,2025-03-19T12:00:47,2025-03-19T18:00:47,15.0,20.0,2025-03-19T15:00:47,17.5,11.3555231115476,79.0115662370871,NOISE,2025-03-19T15:00:47,17.5,11.3555231115476,79.0115662370871,NOISE,2025-03-19T15:00:47,17.5,11.3555231115476,79.0115662370871,NOISE,2025-03-19T15:00:47,17.5,11.3555231115476,79.0115662370871,NOISE
2026-04-20T09:23:11.713553,Map-Energy__sum__linear-conv00655-20250319_180047-20250320_000047-15.000000-20.000000.png,2025-03-19T18:00:47,2025-03-20T00:00:47,15.0,20.0,2025-03-19T19:44:11,15.305482,11.4472868841371,79.0027897809106,OTHER,2025-03-19T21:00:47,17.5,11.3555231115476,79.0115662370871,NOISE,2025-03-19T21:00:47,17.5,11.3555231115476,79.0115662370871,NOISE,2025-03-19T21:00:47,17.5,11.3555231115476,79.0115662370871,NOISE
2026-04-20T09:23:14.945475,Map-Energy__sum__linear-conv00665-20250320_000047-20250320_060047-15.000000-20.000000.png,2025-03-20T00:00:47,2025-03-20T06:00:47,15.0,20.0,2025-03-20T03:00:47,17.5,11.3555231115476,79.0115662370871,NOISE,2025-03-20T03:00:47,17.5,11.3555231115476,79.0115662370871,NOISE,2025-03-20T03:00:47,17.5,11.3555231115476,79.0115662370871,NOISE,2025-03-20T03:00:47,17.5,11.3555231115476,79.0115662370871,NOISE
2026-04-20T09:23:21.289387,Map-Energy__sum__linear-conv00675-20250320_060047-20250320_120047-15.000000-20.000000.png,2025-03-20T06:00:47,2025-03-20T12:00:47,15.0,20.0,2025-03-20T08:51:53,16.667328,11.3900090158478,79.0081479238121,VESSEL,2025-03-20T09:00:47,17.5,11.3555231115476,79.0115662370871,NOISE,2025-03-20T09:00:47,17.5,11.3555231115476,79.0115662370871,NOISE,2025-03-20T09:00:47,17.5,11.3555231115476,79.0115662370871,NOISE
2026-04-20T09:23:27.169265,Map-Energy__sum__linear-conv00685-20250320_120047-20250320_180047-15.000000-20.000000.png,2025-03-20T12:00:47,2025-03-20T18:00:47,15.0,20.0,2025-03-20T15:00:47,17.5,11.3555231115476,79.0115662370871,NOISE,2025-03-20T15:00:47,17.5,11.3555231115476,79.0115662370871,NOISE,2025-03-20T15:00:47,17.5,11.3555231115476,79.0115662370871,NOISE,2025-03-20T15:00:47,17.5,11.3555231115476,79.0115662370871,NOISE
2026-04-20T09:23:33.465373,Map-Energy__sum__linear-conv00695-20250320_180047-20250321_000047-15.000000-20.000000.png,2025-03-20T18:00:47,2025-03-21T00:00:47,15.0,20.0,2025-03-20T21:00:47,17.5,11.3555231115476,79.0115662370871,NOISE,2025-03-20T21:00:47,17.5,11.3555231115476,79.0115662370871,NOISE,2025-03-20T21:00:47,17.5,11.3555231115476,79.0115662370871,NOISE,2025-03-20T21:00:47,17.5,11.3555231115476,79.0115662370871,NOISE
2026-04-20T09:23:41.577396,Map-Energy__sum__linear-conv00705-20250321_000047-20250321_060047-15.000000-20.000000.png,2025-03-21T00:00:47,2025-03-21T06:00:47,15.0,20.0,2025-03-21T02:29:57,18.075867,11.3292263769371,79.0129146785235,OTHER,2025-03-21T03:00:47,17.5,11.3555231115476,79.0115662370871,NOISE,2025-03-21T03:00:47,17.5,11.3555231115476,79.0115662370871,NOISE,2025-03-21T03:00:47,17.5,11.3555231115476,79.0115662370871,NOISE
2026-04-20T09:23:46.017340,Map-Energy__sum__linear-conv00715-20250321_060047-20250321_120047-15.000000-20.000000.png,2025-03-21T06:00:47,2025-03-21T12:00:47,15.0,20.0,2025-03-21T09:00:47,17.5,11.3555231115476,79.0115662370871,NOISE,2025-03-21T09:00:47,17.5,11.3555231115476,79.0115662370871,NOISE,2025-03-21T09:00:47,17.5,11.3555231115476,79.0115662370871,NOISE,2025-03-21T09:00:47,17.5,11.3555231115476,79.0115662370871,NOISE
2026-04-20T09:23:48.017292,Map-Energy__sum__linear-conv00725-20250321_120047-20250321_180047-15.000000-20.000000.png,2025-03-21T12:00:47,2025-03-21T18:00:47,15.0,20.0,2025-03-21T15:00:47,17.5,11.3555231115476,79.0115662370871,NOISE,2025-03-21T15:00:47,17.5,11.3555231115476,79.0115662370871,NOISE,2025-03-21T15:00:47,17.5,11.3555231115476,79.0115662370871,NOISE,2025-03-21T15:00:47,17.5,11.3555231115476,79.0115662370871,NOISE
2026-04-20T09:23:50.617448,Map-Energy__sum__linear-conv00735-20250321_180047-20250322_000047-15.000000-20.000000.png,2025-03-21T18:00:47,2025-03-22T00:00:47,15.0,20.0,2025-03-21T21:00:47,17.5,11.3555231115476,79.0115662370871,NOISE,2025-03-21T21:00:47,17.5,11.3555231115476,79.0115662370871,NOISE,2025-03-21T21:00:47,17.5,11.3555231115476,79.0115662370871,NOISE,2025-03-21T21:00:47,17.5,11.3555231115476,79.0115662370871,NOISE
2026-04-20T09:23:53.041334,Map-Energy__sum__linear-conv00745-20250322_000047-20250322_060047-15.000000-20.000000.png,2025-03-22T00:00:47,2025-03-22T06:00:47,15.0,20.0,2025-03-22T03:00:47,17.5,11.3555231115476,79.0115662370871,NOISE,2025-03-22T03:00:47,17.5,11.3555231115476,79.0115662370871,NOISE,2025-03-22T03:00:47,17.5,11.3555231115476,79.0115662370871,NOISE,2025-03-22T03:00:47,17.5,11.3555231115476,79.0115662370871,NOISE
2026-04-20T09:23:55.025799,Map-Energy__sum__linear-conv00755-20250322_060047-20250322_120047-15.000000-20.000000.png,2025-03-22T06:00:47,2025-03-22T12:00:47,15.0,20.0,2025-03-22T09:00:47,17.5,11.3555231115476,79.0115662370871,NOISE,2025-03-22T09:00:47,17.5,11.3555231115476,79.0115662370871,NOISE,2025-03-22T09:00:47,17.5,11.3555231115476,79.0115662370871,NOISE,2025-03-22T09:00:47,17.5,11.3555231115476,79.0115662370871,NOISE
2026-04-20T09:24:10.081396,Map-Energy__sum__linear-conv00765-20250322_120047-20250322_180047-15.000000-20.000000.png,2025-03-22T12:00:47,2025-03-22T18:00:47,15.0,20.0,2025-03-22T16:32:37,19.787902,11.2503170214143,79.0156090893042,OTHER,2025-03-22T15:00:47,17.5,11.3555231115476,79.0115662370871,NOISE,2025-03-22T15:00:47,17.5,11.3555231115476,79.0115662370871,NOISE,2025-03-22T15:00:47,17.5,11.3555231115476,79.0115662370871,NOISE
2026-04-20T09:24:12.346631,Map-Energy__sum__linear-conv00775-20250322_180047-20250323_000047-15.000000-20.000000.png,2025-03-22T18:00:47,2025-03-23T00:00:47,15.0,20.0,2025-03-22T21:00:47,17.5,11.3555231115476,79.0115662370871,NOISE,2025-03-22T21:00:47,17.5,11.3555231115476,79.0115662370871,NOISE,2025-03-22T21:00:47,17.5,11.3555231115476,79.0115662370871,NOISE,2025-03-22T21:00:47,17.5,11.3555231115476,79.0115662370871,NOISE
2026-04-20T09:24:18.992959,Map-Energy__sum__linear-conv00785-20250323_000047-20250323_060047-15.000000-20.000000.png,2025-03-23T00:00:47,2025-03-23T06:00:47,15.0,20.0,2025-03-23T02:41:42,19.336547,11.2712108098819,79.0150866741049,OTHER,2025-03-23T03:00:47,17.5,11.3555231115476,79.0115662370871,NOISE,2025-03-23T03:00:47,17.5,11.3555231115476,79.0115662370871,NOISE,2025-03-23T03:00:47,17.5,11.3555231115476,79.0115662370871,NOISE
2026-04-20T09:24:27.328922,Map-Energy__sum__linear-conv00795-20250323_060047-20250323_120047-15.000000-20.000000.png,2025-03-23T06:00:47,2025-03-23T12:00:47,15.0,20.0,2025-03-23T08:25:49,19.850158,11.2475191376371,79.0156747351055,OTHER,2025-03-23T09:00:47,17.5,11.3555231115476,79.0115662370871,NOISE,2025-03-23T09:00:47,17.5,11.3555231115476,79.0115662370871,NOISE,2025-03-23T09:00:47,17.5,11.3555231115476,79.0115662370871,NOISE
2026-04-20T09:24:36.729118,Map-Energy__sum__linear-conv00805-20250323_120047-20250323_180047-15.000000-20.000000.png,2025-03-23T12:00:47,2025-03-23T18:00:47,15.0,20.0,2025-03-23T13:24:29,18.924102,11.2906548076737,79.0144532497864,OTHER,2025-03-23T15:00:47,17.5,11.3555231115476,79.0115662370871,NOISE,2025-03-23T15:00:47,17.5,11.3555231115476,79.0115662370871,NOISE,2025-03-23T15:00:47,17.5,11.3555231115476,79.0115662370871,NOISE
2026-04-20T09:24:41.737806,Map-Energy__sum__linear-conv00815-20250323_180047-20250324_000047-15.000000-20.000000.png,2025-03-23T18:00:47,2025-03-24T00:00:47,15.0,20.0,2025-03-23T21:00:47,17.5,11.3555231115476,79.0115662370871,NOISE,2025-03-23T21:00:47,17.5,11.3555231115476,79.0115662370871,NOISE,2025-03-23T21:00:47,17.5,11.3555231115476,79.0115662370871,NOISE,2025-03-23T21:00:47,17.5,11.3555231115476,79.0115662370871,NOISE
2026-04-20T09:24:44.056785,Map-Energy__sum__linear-conv00825-20250324_000047-20250324_060047-15.000000-20.000000.png,2025-03-24T00:00:47,2025-03-24T06:00:47,15.0,20.0,2025-03-24T03:00:47,17.5,11.3555231115476,79.0115662370871,NOISE,2025-03-24T03:00:47,17.5,11.3555231115476,79.0115662370871,NOISE,2025-03-24T03:00:47,17.5,11.3555231115476,79.0115662370871,NOISE,2025-03-24T03:00:47,17.5,11.3555231115476,79.0115662370871,NOISE
2026-04-20T09:24:54.393392,Map-Energy__sum__linear-conv00835-20250324_060047-20250324_120047-15.000000-20.000000.png,2025-03-24T06:00:47,2025-03-24T12:00:47,15.0,20.0,2025-03-24T09:29:04,19.03305,11.2855623633468,79.0146191473573,OTHER,2025-03-24T09:00:47,17.5,11.3555231115476,79.0115662370871,NOISE,2025-03-24T09:00:47,17.5,11.3555231115476,79.0115662370871,NOISE,2025-03-24T09:00:47,17.5,11.3555231115476,79.0115662370871,NOISE
2026-04-20T09:24:57.753378,Map-Energy__sum__linear-conv00845-20250324_120047-20250324_180047-15.000000-20.000000.png,2025-03-24T12:00:47,2025-03-24T18:00:47,15.0,20.0,2025-03-24T15:00:47,17.5,11.3555231115476,79.0115662370871,NOISE,2025-03-24T15:00:47,17.5,11.3555231115476,79.0115662370871,NOISE,2025-03-24T15:00:47,17.5,11.3555231115476,79.0115662370871,NOISE,2025-03-24T15:00:47,17.5,11.3555231115476,79.0115662370871,NOISE
2026-04-20T09:25:27.977541,Map-Energy__sum__linear-conv00855-20250324_180047-20250325_000047-15.000000-20.000000.png,2025-03-24T18:00:47,2025-03-25T00:00:47,15.0,20.0,2025-03-24T21:00:47,17.5,11.3555231115476,79.0115662370871,NOISE,2025-03-24T21:00:47,17.5,11.3555231115476,79.0115662370871,NOISE,2025-03-24T21:00:47,17.5,11.3555231115476,79.0115662370871,NOISE,2025-03-24T21:00:47,17.5,11.3555231115476,79.0115662370871,NOISE
2026-04-20T09:25:30.825551,Map-Energy__sum__linear-conv00865-20250325_000047-20250325_060047-15.000000-20.000000.png,2025-03-25T00:00:47,2025-03-25T06:00:47,15.0,20.0,2025-03-25T03:00:47,17.5,11.3555231115476,79.0115662370871,NOISE,2025-03-25T03:00:47,17.5,11.3555231115476,79.0115662370871,NOISE,2025-03-25T03:00:47,17.5,11.3555231115476,79.0115662370871,NOISE,2025-03-25T03:00:47,17.5,11.3555231115476,79.0115662370871,NOISE
2026-04-20T09:25:34.561551,Map-Energy__sum__linear-conv00875-20250325_060047-20250325_120047-15.000000-20.000000.png,2025-03-25T06:00:47,2025-03-25T12:00:47,15.0,20.0,2025-03-25T09:00:47,17.5,11.3555231115476,79.0115662370871,NOISE,2025-03-25T09:00:47,17.5,11.3555231115476,79.0115662370871,NOISE,2025-03-25T09:00:47,17.5,11.3555231115476,79.0115662370871,NOISE,2025-03-25T09:00:47,17.5,11.3555231115476,79.0115662370871,NOISE
2026-04-20T09:25:44.393375,Map-Energy__sum__linear-conv00885-20250325_120047-20250325_180047-15.000000-20.000000.png,2025-03-25T12:00:47,2025-03-25T18:00:47,15.0,20.0,2025-03-25T16:08:09,19.476623,11.2647543885905,79.0152703417173,OTHER,2025-03-25T15:00:47,17.5,11.3555231115476,79.0115662370871,NOISE,2025-03-25T15:00:47,17.5,11.3555231115476,79.0115662370871,NOISE,2025-03-25T15:00:47,17.5,11.3555231115476,79.0115662370871,NOISE
2026-04-20T09:25:51.833592,Map-Energy__sum__linear-conv00895-20250325_180047-20250326_000047-15.000000-20.000000.png,2025-03-25T18:00:47,2025-03-26T00:00:47,15.0,20.0,2025-03-25T21:58:37,19.212036,11.2772311508055,79.0148905516114,OTHER,2025-03-25T21:00:47,17.5,11.3555231115476,79.0115662370871,NOISE,2025-03-25T21:00:47,17.5,11.3555231115476,79.0115662370871,NOISE,2025-03-25T21:00:47,17.5,11.3555231115476,79.0115662370871,NOISE
2026-04-20T09:25:58.866135,Map-Energy__sum__linear-conv00905-20250326_000047-20250326_060047-15.000000-20.000000.png,2025-03-26T00:00:47,2025-03-26T06:00:47,15.0,20.0,2025-03-26T02:37:15,19.538879,11.261956442145,79.0153359918384,OTHER,2025-03-26T03:00:47,17.5,11.3555231115476,79.0115662370871,NOISE,2025-03-26T03:00:47,17.5,11.3555231115476,79.0115662370871,NOISE,2025-03-26T03:00:47,17.5,11.3555231115476,79.0115662370871,NOISE
2026-04-20T09:26:03.697460,Map-Energy__sum__linear-conv00915-20250326_060047-20250326_120047-15.000000-20.000000.png,2025-03-26T06:00:47,2025-03-26T12:00:47,15.0,20.0,2025-03-26T09:21:07,19.686736,11.2549717573385,79.0154998747885,VESSEL,2025-03-26T09:00:47,17.5,11.3555231115476,79.0115662370871,NOISE,2025-03-26T09:00:47,17.5,11.3555231115476,79.0115662370871,NOISE,2025-03-26T09:00:47,17.5,11.3555231115476,79.0115662370871,NOISE
2026-04-20T09:26:05.841687,Map-Energy__sum__linear-conv00925-20250326_120047-20250326_180047-15.000000-20.000000.png,2025-03-26T12:00:47,2025-03-26T18:00:47,15.0,20.0,2025-03-26T15:00:47,17.5,11.3555231115476,79.0115662370871,NOISE,2025-03-26T15:00:47,17.5,11.3555231115476,79.0115662370871,NOISE,2025-03-26T15:00:47,17.5,11.3555231115476,79.0115662370871,NOISE,2025-03-26T15:00:47,17.5,11.3555231115476,79.0115662370871,NOISE
2026-04-20T09:26:06.929533,Map-Energy__sum__linear-conv00935-20250326_180047-20250327_000047-15.000000-20.000000.png,2025-03-26T18:00:47,2025-03-27T00:00:47,15.0,20.0,2025-03-26T21:00:47,17.5,11.3555231115476,79.0115662370871,NOISE,2025-03-26T21:00:47,17.5,11.3555231115476,79.0115662370871,NOISE,2025-03-26T21:00:47,17.5,11.3555231115476,79.0115662370871,NOISE,2025-03-26T21:00:47,17.5,11.3555231115476,79.0115662370871,NOISE
2026-04-20T09:26:07.762441,Map-Energy__sum__linear-conv00945-20250327_000047-20250327_060047-15.000000-20.000000.png,2025-03-27T00:00:47,2025-03-27T06:00:47,15.0,20.0,2025-03-27T03:00:47,17.5,11.3555231115476,79.0115662370871,NOISE,2025-03-27T03:00:47,17.5,11.3555231115476,79.0115662370871,NOISE,2025-03-27T03:00:47,17.5,11.3555231115476,79.0115662370871,NOISE,2025-03-27T03:00:47,17.5,11.3555231115476,79.0115662370871,NOISE
2026-04-20T09:26:08.537489,Map-Energy__sum__linear-conv00955-20250327_060047-20250327_120047-15.000000-20.000000.png,2025-03-27T06:00:47,2025-03-27T12:00:47,15.0,20.0,2025-03-27T09:00:47,17.5,11.3555231115476,79.0115662370871,NOISE,2025-03-27T09:00:47,17.5,11.3555231115476,79.0115662370871,NOISE,2025-03-27T09:00:47,17.5,11.3555231115476,79.0115662370871,NOISE,2025-03-27T09:00:47,17.5,11.3555231115476,79.0115662370871,NOISE
2026-04-20T09:26:09.577520,Map-Energy__sum__linear-conv00965-20250327_120047-20250327_180047-15.000000-20.000000.png,2025-03-27T12:00:47,2025-03-27T18:00:47,15.0,20.0,2025-03-27T15:00:47,17.5,11.3555231115476,79.0115662370871,NOISE,2025-03-27T15:00:47,17.5,11.3555231115476,79.0115662370871,NOISE,2025-03-27T15:00:47,17.5,11.3555231115476,79.0115662370871,NOISE,2025-03-27T15:00:47,17.5,11.3555231115476,79.0115662370871,NOISE
2026-04-20T09:26:10.329713,Map-Energy__sum__linear-conv00975-20250327_180047-20250328_000047-15.000000-20.000000.png,2025-03-27T18:00:47,2025-03-28T00:00:47,15.0,20.0,2025-03-27T21:00:47,17.5,11.3555231115476,79.0115662370871,NOISE,2025-03-27T21:00:47,17.5,11.3555231115476,79.0115662370871,NOISE,2025-03-27T21:00:47,17.5,11.3555231115476,79.0115662370871,NOISE,2025-03-27T21:00:47,17.5,11.3555231115476,79.0115662370871,NOISE
2026-04-20T09:26:11.137694,Map-Energy__sum__linear-conv00985-20250328_000047-20250328_060047-15.000000-20.000000.png,2025-03-28T00:00:47,2025-03-28T06:00:47,15.0,20.0,2025-03-28T03:00:47,17.5,11.3555231115476,79.0115662370871,NOISE,2025-03-28T03:00:47,17.5,11.3555231115476,79.0115662370871,NOISE,2025-03-28T03:00:47,17.5,11.3555231115476,79.0115662370871,NOISE,2025-03-28T03:00:47,17.5,11.3555231115476,79.0115662370871,NOISE
2026-04-20T09:26:12.105831,Map-Energy__sum__linear-conv00995-20250328_060047-20250328_120047-15.000000-20.000000.png,2025-03-28T06:00:47,2025-03-28T12:00:47,15.0,20.0,2025-03-28T09:00:47,17.5,11.3555231115476,79.0115662370871,NOISE,2025-03-28T09:00:47,17.5,11.3555231115476,79.0115662370871,NOISE,2025-03-28T09:00:47,17.5,11.3555231115476,79.0115662370871,NOISE,2025-03-28T09:00:47,17.5,11.3555231115476,79.0115662370871,NOISE
2026-04-20T09:26:14.433579,Map-Energy__sum__linear-conv01005-20250328_120047-20250328_180047-15.000000-20.000000.png,2025-03-28T12:00:47,2025-03-28T18:00:47,15.0,20.0,2025-03-28T15:00:47,17.5,11.3555231115476,79.0115662370871,NOISE,2025-03-28T15:00:47,17.5,11.3555231115476,79.0115662370871,NOISE,2025-03-28T15:00:47,17.5,11.3555231115476,79.0115662370871,NOISE,2025-03-28T15:00:47,17.5,11.3555231115476,79.0115662370871,NOISE
2026-04-20T09:26:15.393372,Map-Energy__sum__linear-conv01015-20250328_180047-20250329_000047-15.000000-20.000000.png,2025-03-28T18:00:47,2025-03-29T00:00:47,15.0,20.0,2025-03-28T21:00:47,17.5,11.3555231115476,79.0115662370871,NOISE,2025-03-28T21:00:47,17.5,11.3555231115476,79.0115662370871,NOISE,2025-03-28T21:00:47,17.5,11.3555231115476,79.0115662370871,NOISE,2025-03-28T21:00:47,17.5,11.3555231115476,79.0115662370871,NOISE
2026-04-20T09:26:16.337702,Map-Energy__sum__linear-conv01025-20250329_000047-20250329_060047-15.000000-20.000000.png,2025-03-29T00:00:47,2025-03-29T06:00:47,15.0,20.0,2025-03-29T03:00:47,17.5,11.3555231115476,79.0115662370871,NOISE,2025-03-29T03:00:47,17.5,11.3555231115476,79.0115662370871,NOISE,2025-03-29T03:00:47,17.5,11.3555231115476,79.0115662370871,NOISE,2025-03-29T03:00:47,17.5,11.3555231115476,79.0115662370871,NOISE
2026-04-20T09:26:17.105712,Map-Energy__sum__linear-conv01035-20250329_060047-20250329_120047-15.000000-20.000000.png,2025-03-29T06:00:47,2025-03-29T12:00:47,15.0,20.0,2025-03-29T09:00:47,17.5,11.3555231115476,79.0115662370871,NOISE,2025-03-29T09:00:47,17.5,11.3555231115476,79.0115662370871,NOISE,2025-03-29T09:00:47,17.5,11.3555231115476,79.0115662370871,NOISE,2025-03-29T09:00:47,17.5,11.3555231115476,79.0115662370871,NOISE
2026-04-20T09:26:17.841907,Map-Energy__sum__linear-conv01045-20250329_120047-20250329_180047-15.000000-20.000000.png,2025-03-29T12:00:47,2025-03-29T18:00:47,15.0,20.0,2025-03-29T15:00:47,17.5,11.3555231115476,79.0115662370871,NOISE,2025-03-29T15:00:47,17.5,11.3555231115476,79.0115662370871,NOISE,2025-03-29T15:00:47,17.5,11.3555231115476,79.0115662370871,NOISE,2025-03-29T15:00:47,17.5,11.3555231115476,79.0115662370871,NOISE
2026-04-20T09:26:18.602139,Map-Energy__sum__linear-conv01055-20250329_180047-20250330_000047-15.000000-20.000000.png,2025-03-29T18:00:47,2025-03-30T00:00:47,15.0,20.0,2025-03-29T21:00:47,17.5,11.3555231115476,79.0115662370871,NOISE,2025-03-29T21:00:47,17.5,11.3555231115476,79.0115662370871,NOISE,2025-03-29T21:00:47,17.5,11.3555231115476,79.0115662370871,NOISE,2025-03-29T21:00:47,17.5,11.3555231115476,79.0115662370871,NOISE
2026-04-20T09:26:19.377570,Map-Energy__sum__linear-conv01065-20250330_000047-20250330_060047-15.000000-20.000000.png,2025-03-30T00:00:47,2025-03-30T06:00:47,15.0,20.0,2025-03-30T03:00:47,17.5,11.3555231115476,79.0115662370871,NOISE,2025-03-30T03:00:47,17.5,11.3555231115476,79.0115662370871,NOISE,2025-03-30T03:00:47,17.5,11.3555231115476,79.0115662370871,NOISE,2025-03-30T03:00:47,17.5,11.3555231115476,79.0115662370871,NOISE
2026-04-20T09:26:20.120918,Map-Energy__sum__linear-conv01075-20250330_060047-20250330_120047-15.000000-20.000000.png,2025-03-30T06:00:47,2025-03-30T12:00:47,15.0,20.0,2025-03-30T09:00:47,17.5,11.3555231115476,79.0115662370871,NOISE,2025-03-30T09:00:47,17.5,11.3555231115476,79.0115662370871,NOISE,2025-03-30T09:00:47,17.5,11.3555231115476,79.0115662370871,NOISE,2025-03-30T09:00:47,17.5,11.3555231115476,79.0115662370871,NOISE
2026-04-20T09:26:20.777493,Map-Energy__sum__linear-conv01085-20250330_120047-20250330_180047-15.000000-20.000000.png,2025-03-30T12:00:47,2025-03-30T18:00:47,15.0,20.0,2025-03-30T15:00:47,17.5,11.3555231115476,79.0115662370871,NOISE,2025-03-30T15:00:47,17.5,11.3555231115476,79.0115662370871,NOISE,2025-03-30T15:00:47,17.5,11.3555231115476,79.0115662370871,NOISE,2025-03-30T15:00:47,17.5,11.3555231115476,79.0115662370871,NOISE
2026-04-20T09:26:21.505611,Map-Energy__sum__linear-conv01095-20250330_180047-20250331_000047-15.000000-20.000000.png,2025-03-30T18:00:47,2025-03-31T00:00:47,15.0,20.0,2025-03-30T21:00:47,17.5,11.3555231115476,79.0115662370871,NOISE,2025-03-30T21:00:47,17.5,11.3555231115476,79.0115662370871,NOISE,2025-03-30T21:00:47,17.5,11.3555231115476,79.0115662370871,NOISE,2025-03-30T21:00:47,17.5,11.3555231115476,79.0115662370871,NOISE
2026-04-20T09:26:22.265765,Map-Energy__sum__linear-conv01105-20250331_000047-20250331_060047-15.000000-20.000000.png,2025-03-31T00:00:47,2025-03-31T06:00:47,15.0,20.0,2025-03-31T03:00:47,17.5,11.3555231115476,79.0115662370871,NOISE,2025-03-31T03:00:47,17.5,11.3555231115476,79.0115662370871,NOISE,2025-03-31T03:00:47,17.5,11.3555231115476,79.0115662370871,NOISE,2025-03-31T03:00:47,17.5,11.3555231115476,79.0115662370871,NOISE
2026-04-20T09:26:25.225770,Map-Energy__sum__linear-conv00004-20250331_060047-20250331_120047-15.000000-20.000000.png,2025-03-31T06:00:47,2025-03-31T12:00:47,15.0,20.0,2025-03-31T09:00:47,17.5,11.3555231115476,79.0115662370871,NOISE,2025-03-31T09:00:47,17.5,11.3555231115476,79.0115662370871,NOISE,2025-03-31T09:00:47,17.5,11.3555231115476,79.0115662370871,NOISE,2025-03-31T09:00:47,17.5,11.3555231115476,79.0115662370871,NOISE
2026-04-20T09:26:27.705721,Map-Energy__sum__linear-conv00014-20250331_120047-20250331_180047-15.000000-20.000000.png,2025-03-31T12:00:47,2025-03-31T18:00:47,15.0,20.0,2025-03-31T15:00:47,17.5,11.3555231115476,79.0115662370871,NOISE,2025-03-31T15:00:47,17.5,11.3555231115476,79.0115662370871,NOISE,2025-03-31T15:00:47,17.5,11.3555231115476,79.0115662370871,NOISE,2025-03-31T15:00:47,17.5,11.3555231115476,79.0115662370871,NOISE
2026-04-20T09:26:29.769589,Map-Energy__sum__linear-conv00024-20250331_180047-20250401_000047-15.000000-20.000000.png,2025-03-31T18:00:47,2025-04-01T00:00:47,15.0,20.0,2025-03-31T21:00:47,17.5,11.3555231115476,79.0115662370871,NOISE,2025-03-31T21:00:47,17.5,11.3555231115476,79.0115662370871,NOISE,2025-03-31T21:00:47,17.5,11.3555231115476,79.0115662370871,NOISE,2025-03-31T21:00:47,17.5,11.3555231115476,79.0115662370871,NOISE
2026-04-20T09:26:32.138037,Map-Energy__sum__linear-conv00005-20250301_000047-20250301_060047-20.000000-25.000000.png,2025-03-01T00:00:47,2025-03-01T06:00:47,20.0,25.0,2025-03-01T03:00:47,22.5,11.1238434802504,79.0183136392333,NOISE,2025-03-01T03:00:47,22.5,11.1238434802504,79.0183136392333,NOISE,2025-03-01T03:00:47,22.5,11.1238434802504,79.0183136392333,NOISE,2025-03-01T03:00:47,22.5,11.1238434802504,79.0183136392333,NOISE
2026-04-20T09:26:39.369602,Map-Energy__sum__linear-conv00015-20250301_060047-20250301_120047-20.000000-25.000000.png,2025-03-01T06:00:47,2025-03-01T12:00:47,20.0,25.0,2025-03-01T09:11:35,20.352174,11.2242153707233,79.0162215156793,OTHER,2025-03-01T09:00:47,22.5,11.1238434802504,79.0183136392333,NOISE,2025-03-01T09:00:47,22.5,11.1238434802504,79.0183136392333,NOISE,2025-03-01T09:00:47,22.5,11.1238434802504,79.0183136392333,NOISE
2026-04-20T09:26:46.385774,Map-Energy__sum__linear-conv00025-20250301_120047-20250301_180047-20.000000-25.000000.png,2025-03-01T12:00:47,2025-03-01T18:00:47,20.0,25.0,2025-03-01T15:34:28,20.126496,11.2344767696191,79.0159807498352,OTHER,2025-03-01T15:00:47,22.5,11.1238434802504,79.0183136392333,NOISE,2025-03-01T15:00:47,22.5,11.1238434802504,79.0183136392333,NOISE,2025-03-01T15:00:47,22.5,11.1238434802504,79.0183136392333,NOISE
2026-04-20T09:26:58.033841,Map-Energy__sum__linear-conv00035-20250301_180047-20250302_000047-20.000000-25.000000.png,2025-03-01T18:00:47,2025-03-02T00:00:47,20.0,25.0,2025-03-01T20:26:27,20.85022,11.200897200952,79.0167720897007,OTHER,2025-03-01T21:00:47,22.5,11.1238434802504,79.0183136392333,NOISE,2025-03-01T21:00:47,22.5,11.1238434802504,79.0183136392333,NOISE,2025-03-01T21:00:47,22.5,11.1238434802504,79.0183136392333,NOISE
2026-04-20T09:27:00.433556,Map-Energy__sum__linear-conv00045-20250302_000047-20250302_060047-20.000000-25.000000.png,2025-03-02T00:00:47,2025-03-02T06:00:47,20.0,25.0,2025-03-02T03:00:47,22.5,11.1238434802504,79.0183136392333,NOISE,2025-03-02T03:00:47,22.5,11.1238434802504,79.0183136392333,NOISE,2025-03-02T03:00:47,22.5,11.1238434802504,79.0183136392333,NOISE,2025-03-02T03:00:47,22.5,11.1238434802504,79.0183136392333,NOISE
2026-04-20T09:27:03.225716,Map-Energy__sum__linear-conv00055-20250302_060047-20250302_120047-20.000000-25.000000.png,2025-03-02T06:00:47,2025-03-02T12:00:47,20.0,25.0,2025-03-02T09:00:47,22.5,11.1238434802504,79.0183136392333,NOISE,2025-03-02T09:00:47,22.5,11.1238434802504,79.0183136392333,NOISE,2025-03-02T09:00:47,22.5,11.1238434802504,79.0183136392333,NOISE,2025-03-02T09:00:47,22.5,11.1238434802504,79.0183136392333,NOISE
2026-04-20T09:27:13.473666,Map-Energy__sum__linear-conv00065-20250302_120047-20250302_180047-20.000000-25.000000.png,2025-03-02T12:00:47,2025-03-02T18:00:47,20.0,25.0,2025-03-02T15:59:15,24.391021,11.0353631814548,79.0197759673692,VESSEL,2025-03-02T15:00:47,22.5,11.1238434802504,79.0183136392333,NOISE,2025-03-02T15:00:47,22.5,11.1238434802504,79.0183136392333,NOISE,2025-03-02T15:00:47,22.5,11.1238434802504,79.0183136392333,NOISE
2026-04-20T09:27:15.377555,Map-Energy__sum__linear-conv00075-20250302_180047-20250303_000047-20.000000-25.000000.png,2025-03-02T18:00:47,2025-03-03T00:00:47,20.0,25.0,2025-03-02T21:00:47,22.5,11.1238434802504,79.0183136392333,NOISE,2025-03-02T21:00:47,22.5,11.1238434802504,79.0183136392333,NOISE,2025-03-02T21:00:47,22.5,11.1238434802504,79.0183136392333,NOISE,2025-03-02T21:00:47,22.5,11.1238434802504,79.0183136392333,NOISE
2026-04-20T09:27:16.834072,Map-Energy__sum__linear-conv00085-20250303_000047-20250303_060047-20.000000-25.000000.png,2025-03-03T00:00:47,2025-03-03T06:00:47,20.0,25.0,2025-03-03T03:00:47,22.5,11.1238434802504,79.0183136392333,NOISE,2025-03-03T03:00:47,22.5,11.1238434802504,79.0183136392333,NOISE,2025-03-03T03:00:47,22.5,11.1238434802504,79.0183136392333,NOISE,2025-03-03T03:00:47,22.5,11.1238434802504,79.0183136392333,NOISE
2026-04-20T09:27:18.633975,Map-Energy__sum__linear-conv00095-20250303_060047-20250303_120047-20.000000-25.000000.png,2025-03-03T06:00:47,2025-03-03T12:00:47,20.0,25.0,2025-03-03T09:00:47,22.5,11.1238434802504,79.0183136392333,NOISE,2025-03-03T09:00:47,22.5,11.1238434802504,79.0183136392333,NOISE,2025-03-03T09:00:47,22.5,11.1238434802504,79.0183136392333,NOISE,2025-03-03T09:00:47,22.5,11.1238434802504,79.0183136392333,NOISE
2026-04-20T09:27:20.026039,Map-Energy__sum__linear-conv00006-20250303_120047-20250303_180047-20.000000-25.000000.png,2025-03-03T12:00:47,2025-03-03T18:00:47,20.0,25.0,2025-03-03T15:00:47,22.5,11.1238434802504,79.0183136392333,NOISE,2025-03-03T15:00:47,22.5,11.1238434802504,79.0183136392333,NOISE,2025-03-03T15:00:47,22.5,11.1238434802504,79.0183136392333,NOISE,2025-03-03T15:00:47,22.5,11.1238434802504,79.0183136392333,NOISE
2026-04-20T09:27:36.073677,Map-Energy__sum__linear-conv00016-20250303_180047-20250304_000047-20.000000-25.000000.png,2025-03-03T18:00:47,2025-03-04T00:00:47,20.0,25.0,2025-03-03T20:59:30,20.515595,11.2162867056007,79.0164075469256,OTHER,2025-03-03T20:15:20,23.760681,11.0648424669313,79.0192629576512,VESSEL,2025-03-03T21:00:47,22.5,11.1238434802504,79.0183136392333,NOISE,2025-03-03T21:00:47,22.5,11.1238434802504,79.0183136392333,NOISE
2026-04-20T09:27:36.656822,Map-Energy__sum__linear-conv00026-20250304_000047-20250304_060047-20.000000-25.000000.png,2025-03-04T00:00:47,2025-03-04T06:00:47,20.0,25.0,2025-03-04T03:00:47,22.5,11.1238434802504,79.0183136392333,NOISE,2025-03-04T03:00:47,22.5,11.1238434802504,79.0183136392333,NOISE,2025-03-04T03:00:47,22.5,11.1238434802504,79.0183136392333,NOISE,2025-03-04T03:00:47,22.5,11.1238434802504,79.0183136392333,NOISE
2026-04-20T09:27:39.066296,Map-Energy__sum__linear-conv00036-20250304_060047-20250304_120047-20.000000-25.000000.png,2025-03-04T06:00:47,2025-03-04T12:00:47,20.0,25.0,2025-03-04T09:00:47,22.5,11.1238434802504,79.0183136392333,NOISE,2025-03-04T09:00:47,22.5,11.1238434802504,79.0183136392333,NOISE,2025-03-04T09:00:47,22.5,11.1238434802504,79.0183136392333,NOISE,2025-03-04T09:00:47,22.5,11.1238434802504,79.0183136392333,NOISE
2026-04-20T09:27:40.281442,Map-Energy__sum__linear-conv00046-20250304_120047-20250304_180047-20.000000-25.000000.png,2025-03-04T12:00:47,2025-03-04T18:00:47,20.0,25.0,2025-03-04T15:00:47,22.5,11.1238434802504,79.0183136392333,NOISE,2025-03-04T15:00:47,22.5,11.1238434802504,79.0183136392333,NOISE,2025-03-04T15:00:47,22.5,11.1238434802504,79.0183136392333,NOISE,2025-03-04T15:00:47,22.5,11.1238434802504,79.0183136392333,NOISE
2026-04-20T09:27:41.553365,Map-Energy__sum__linear-conv00056-20250304_180047-20250305_000047-20.000000-25.000000.png,2025-03-04T18:00:47,2025-03-05T00:00:47,20.0,25.0,2025-03-04T21:00:47,22.5,11.1238434802504,79.0183136392333,NOISE,2025-03-04T21:00:47,22.5,11.1238434802504,79.0183136392333,NOISE,2025-03-04T21:00:47,22.5,11.1238434802504,79.0183136392333,NOISE,2025-03-04T21:00:47,22.5,11.1238434802504,79.0183136392333,NOISE
2026-04-20T09:27:42.825507,Map-Energy__sum__linear-conv00066-20250305_000047-20250305_060047-20.000000-25.000000.png,2025-03-05T00:00:47,2025-03-05T06:00:47,20.0,25.0,2025-03-05T03:00:47,22.5,11.1238434802504,79.0183136392333,NOISE,2025-03-05T03:00:47,22.5,11.1238434802504,79.0183136392333,NOISE,2025-03-05T03:00:47,22.5,11.1238434802504,79.0183136392333,NOISE,2025-03-05T03:00:47,22.5,11.1238434802504,79.0183136392333,NOISE
2026-04-20T09:27:43.961786,Map-Energy__sum__linear-conv00076-20250305_060047-20250305_120047-20.000000-25.000000.png,2025-03-05T06:00:47,2025-03-05T12:00:47,20.0,25.0,2025-03-05T09:00:47,22.5,11.1238434802504,79.0183136392333,NOISE,2025-03-05T09:00:47,22.5,11.1238434802504,79.0183136392333,NOISE,2025-03-05T09:00:47,22.5,11.1238434802504,79.0183136392333,NOISE,2025-03-05T09:00:47,22.5,11.1238434802504,79.0183136392333,NOISE
2026-04-20T09:27:45.089773,Map-Energy__sum__linear-conv00086-20250305_120047-20250305_180047-20.000000-25.000000.png,2025-03-05T12:00:47,2025-03-05T18:00:47,20.0,25.0,2025-03-05T15:00:47,22.5,11.1238434802504,79.0183136392333,NOISE,2025-03-05T15:00:47,22.5,11.1238434802504,79.0183136392333,NOISE,2025-03-05T15:00:47,22.5,11.1238434802504,79.0183136392333,NOISE,2025-03-05T15:00:47,22.5,11.1238434802504,79.0183136392333,NOISE
2026-04-20T09:27:46.497090,Map-Energy__sum__linear-conv00096-20250305_180047-20250306_000047-20.000000-25.000000.png,2025-03-05T18:00:47,2025-03-06T00:00:47,20.0,25.0,2025-03-05T21:00:47,22.5,11.1238434802504,79.0183136392333,NOISE,2025-03-05T21:00:47,22.5,11.1238434802504,79.0183136392333,NOISE,2025-03-05T21:00:47,22.5,11.1238434802504,79.0183136392333,NOISE,2025-03-05T21:00:47,22.5,11.1238434802504,79.0183136392333,NOISE
2026-04-20T09:27:47.039831,Map-Energy__sum__linear-conv00106-20250306_000047-20250306_060047-20.000000-25.000000.png,2025-03-06T00:00:47,2025-03-06T06:00:47,20.0,25.0,2025-03-06T03:00:47,22.5,11.1238434802504,79.0183136392333,NOISE,2025-03-06T03:00:47,22.5,11.1238434802504,79.0183136392333,NOISE,2025-03-06T03:00:47,22.5,11.1238434802504,79.0183136392333,NOISE,2025-03-06T03:00:47,22.5,11.1238434802504,79.0183136392333,NOISE
2026-04-20T09:27:49.234040,Map-Energy__sum__linear-conv00116-20250306_060047-20250306_120047-20.000000-25.000000.png,2025-03-06T06:00:47,2025-03-06T12:00:47,20.0,25.0,2025-03-06T09:00:47,22.5,11.1238434802504,79.0183136392333,NOISE,2025-03-06T09:00:47,22.5,11.1238434802504,79.0183136392333,NOISE,2025-03-06T09:00:47,22.5,11.1238434802504,79.0183136392333,NOISE,2025-03-06T09:00:47,22.5,11.1238434802504,79.0183136392333,NOISE
2026-04-20T09:27:50.769587,Map-Energy__sum__linear-conv00126-20250306_120047-20250306_180047-20.000000-25.000000.png,2025-03-06T12:00:47,2025-03-06T18:00:47,20.0,25.0,2025-03-06T15:00:47,22.5,11.1238434802504,79.0183136392333,NOISE,2025-03-06T15:00:47,22.5,11.1238434802504,79.0183136392333,NOISE,2025-03-06T15:00:47,22.5,11.1238434802504,79.0183136392333,NOISE,2025-03-06T15:00:47,22.5,11.1238434802504,79.0183136392333,NOISE
2026-04-20T09:27:52.569678,Map-Energy__sum__linear-conv00136-20250306_180047-20250307_000047-20.000000-25.000000.png,2025-03-06T18:00:47,2025-03-07T00:00:47,20.0,25.0,2025-03-06T21:00:47,22.5,11.1238434802504,79.0183136392333,NOISE,2025-03-06T21:00:47,22.5,11.1238434802504,79.0183136392333,NOISE,2025-03-06T21:00:47,22.5,11.1238434802504,79.0183136392333,NOISE,2025-03-06T21:00:47,22.5,11.1238434802504,79.0183136392333,NOISE
2026-04-20T09:27:56.906091,Map-Energy__sum__linear-conv00146-20250307_000047-20250307_060047-20.000000-25.000000.png,2025-03-07T00:00:47,2025-03-07T06:00:47,20.0,25.0,2025-03-07T03:00:47,22.5,11.1238434802504,79.0183136392333,NOISE,2025-03-07T03:00:47,22.5,11.1238434802504,79.0183136392333,NOISE,2025-03-07T03:00:47,22.5,11.1238434802504,79.0183136392333,NOISE,2025-03-07T03:00:47,22.5,11.1238434802504,79.0183136392333,NOISE
2026-04-20T09:27:58.498531,Map-Energy__sum__linear-conv00156-20250307_060047-20250307_120047-20.000000-25.000000.png,2025-03-07T06:00:47,2025-03-07T12:00:47,20.0,25.0,2025-03-07T09:00:47,22.5,11.1238434802504,79.0183136392333,NOISE,2025-03-07T09:00:47,22.5,11.1238434802504,79.0183136392333,NOISE,2025-03-07T09:00:47,22.5,11.1238434802504,79.0183136392333,NOISE,2025-03-07T09:00:47,22.5,11.1238434802504,79.0183136392333,NOISE
2026-04-20T09:27:59.913996,Map-Energy__sum__linear-conv00166-20250307_120047-20250307_180047-20.000000-25.000000.png,2025-03-07T12:00:47,2025-03-07T18:00:47,20.0,25.0,2025-03-07T15:00:47,22.5,11.1238434802504,79.0183136392333,NOISE,2025-03-07T15:00:47,22.5,11.1238434802504,79.0183136392333,NOISE,2025-03-07T15:00:47,22.5,11.1238434802504,79.0183136392333,NOISE,2025-03-07T15:00:47,22.5,11.1238434802504,79.0183136392333,NOISE
2026-04-20T09:28:01.289139,Map-Energy__sum__linear-conv00176-20250307_180047-20250308_000047-20.000000-25.000000.png,2025-03-07T18:00:47,2025-03-08T00:00:47,20.0,25.0,2025-03-07T21:00:47,22.5,11.1238434802504,79.0183136392333,NOISE,2025-03-07T21:00:47,22.5,11.1238434802504,79.0183136392333,NOISE,2025-03-07T21:00:47,22.5,11.1238434802504,79.0183136392333,NOISE,2025-03-07T21:00:47,22.5,11.1238434802504,79.0183136392333,NOISE
2026-04-20T09:28:02.745371,Map-Energy__sum__linear-conv00186-20250308_000047-20250308_060047-20.000000-25.000000.png,2025-03-08T00:00:47,2025-03-08T06:00:47,20.0,25.0,2025-03-08T03:00:47,22.5,11.1238434802504,79.0183136392333,NOISE,2025-03-08T03:00:47,22.5,11.1238434802504,79.0183136392333,NOISE,2025-03-08T03:00:47,22.5,11.1238434802504,79.0183136392333,NOISE,2025-03-08T03:00:47,22.5,11.1238434802504,79.0183136392333,NOISE
2026-04-20T09:28:04.585366,Map-Energy__sum__linear-conv00196-20250308_060047-20250308_120047-20.000000-25.000000.png,2025-03-08T06:00:47,2025-03-08T12:00:47,20.0,25.0,2025-03-08T09:00:47,22.5,11.1238434802504,79.0183136392333,NOISE,2025-03-08T09:00:47,22.5,11.1238434802504,79.0183136392333,NOISE,2025-03-08T09:00:47,22.5,11.1238434802504,79.0183136392333,NOISE,2025-03-08T09:00:47,22.5,11.1238434802504,79.0183136392333,NOISE
2026-04-20T09:28:06.258132,Map-Energy__sum__linear-conv00206-20250308_120047-20250308_180047-20.000000-25.000000.png,2025-03-08T12:00:47,2025-03-08T18:00:47,20.0,25.0,2025-03-08T15:00:47,22.5,11.1238434802504,79.0183136392333,NOISE,2025-03-08T15:00:47,22.5,11.1238434802504,79.0183136392333,NOISE,2025-03-08T15:00:47,22.5,11.1238434802504,79.0183136392333,NOISE,2025-03-08T15:00:47,22.5,11.1238434802504,79.0183136392333,NOISE
2026-04-20T09:28:08.081817,Map-Energy__sum__linear-conv00216-20250308_180047-20250309_000047-20.000000-25.000000.png,2025-03-08T18:00:47,2025-03-09T00:00:47,20.0,25.0,2025-03-08T21:00:47,22.5,11.1238434802504,79.0183136392333,NOISE,2025-03-08T21:00:47,22.5,11.1238434802504,79.0183136392333,NOISE,2025-03-08T21:00:47,22.5,11.1238434802504,79.0183136392333,NOISE,2025-03-08T21:00:47,22.5,11.1238434802504,79.0183136392333,NOISE
2026-04-20T09:28:10.082434,Map-Energy__sum__linear-conv00226-20250309_000047-20250309_060047-20.000000-25.000000.png,2025-03-09T00:00:47,2025-03-09T06:00:47,20.0,25.0,2025-03-09T03:00:47,22.5,11.1238434802504,79.0183136392333,NOISE,2025-03-09T03:00:47,22.5,11.1238434802504,79.0183136392333,NOISE,2025-03-09T03:00:47,22.5,11.1238434802504,79.0183136392333,NOISE,2025-03-09T03:00:47,22.5,11.1238434802504,79.0183136392333,NOISE
2026-04-20T09:28:11.601645,Map-Energy__sum__linear-conv00236-20250309_060047-20250309_120047-20.000000-25.000000.png,2025-03-09T06:00:47,2025-03-09T12:00:47,20.0,25.0,2025-03-09T09:00:47,22.5,11.1238434802504,79.0183136392333,NOISE,2025-03-09T09:00:47,22.5,11.1238434802504,79.0183136392333,NOISE,2025-03-09T09:00:47,22.5,11.1238434802504,79.0183136392333,NOISE,2025-03-09T09:00:47,22.5,11.1238434802504,79.0183136392333,NOISE
2026-04-20T09:28:13.097767,Map-Energy__sum__linear-conv00246-20250309_120047-20250309_180047-20.000000-25.000000.png,2025-03-09T12:00:47,2025-03-09T18:00:47,20.0,25.0,2025-03-09T15:00:47,22.5,11.1238434802504,79.0183136392333,NOISE,2025-03-09T15:00:47,22.5,11.1238434802504,79.0183136392333,NOISE,2025-03-09T15:00:47,22.5,11.1238434802504,79.0183136392333,NOISE,2025-03-09T15:00:47,22.5,11.1238434802504,79.0183136392333,NOISE
2026-04-20T09:28:14.505688,Map-Energy__sum__linear-conv00256-20250309_180047-20250310_000047-20.000000-25.000000.png,2025-03-09T18:00:47,2025-03-10T00:00:47,20.0,25.0,2025-03-09T21:00:47,22.5,11.1238434802504,79.0183136392333,NOISE,2025-03-09T21:00:47,22.5,11.1238434802504,79.0183136392333,NOISE,2025-03-09T21:00:47,22.5,11.1238434802504,79.0183136392333,NOISE,2025-03-09T21:00:47,22.5,11.1238434802504,79.0183136392333,NOISE
2026-04-20T09:28:17.153538,Map-Energy__sum__linear-conv00266-20250310_000047-20250310_060047-20.000000-25.000000.png,2025-03-10T00:00:47,2025-03-10T06:00:47,20.0,25.0,2025-03-10T03:00:47,22.5,11.1238434802504,79.0183136392333,NOISE,2025-03-10T03:00:47,22.5,11.1238434802504,79.0183136392333,NOISE,2025-03-10T03:00:47,22.5,11.1238434802504,79.0183136392333,NOISE,2025-03-10T03:00:47,22.5,11.1238434802504,79.0183136392333,NOISE
2026-04-20T09:28:19.761266,Map-Energy__sum__linear-conv00276-20250310_060047-20250310_120047-20.000000-25.000000.png,2025-03-10T06:00:47,2025-03-10T12:00:47,20.0,25.0,2025-03-10T09:00:47,22.5,11.1238434802504,79.0183136392333,NOISE,2025-03-10T09:00:47,22.5,11.1238434802504,79.0183136392333,NOISE,2025-03-10T09:00:47,22.5,11.1238434802504,79.0183136392333,NOISE,2025-03-10T09:00:47,22.5,11.1238434802504,79.0183136392333,NOISE
2026-04-20T09:28:21.673724,Map-Energy__sum__linear-conv00286-20250310_120047-20250310_180047-20.000000-25.000000.png,2025-03-10T12:00:47,2025-03-10T18:00:47,20.0,25.0,2025-03-10T15:00:47,22.5,11.1238434802504,79.0183136392333,NOISE,2025-03-10T15:00:47,22.5,11.1238434802504,79.0183136392333,NOISE,2025-03-10T15:00:47,22.5,11.1238434802504,79.0183136392333,NOISE,2025-03-10T15:00:47,22.5,11.1238434802504,79.0183136392333,NOISE
2026-04-20T09:28:23.282312,Map-Energy__sum__linear-conv00296-20250310_180047-20250311_000047-20.000000-25.000000.png,2025-03-10T18:00:47,2025-03-11T00:00:47,20.0,25.0,2025-03-10T21:00:47,22.5,11.1238434802504,79.0183136392333,NOISE,2025-03-10T21:00:47,22.5,11.1238434802504,79.0183136392333,NOISE,2025-03-10T21:00:47,22.5,11.1238434802504,79.0183136392333,NOISE,2025-03-10T21:00:47,22.5,11.1238434802504,79.0183136392333,NOISE
2026-04-20T09:28:24.929541,Map-Energy__sum__linear-conv00306-20250311_000047-20250311_060047-20.000000-25.000000.png,2025-03-11T00:00:47,2025-03-11T06:00:47,20.0,25.0,2025-03-11T03:00:47,22.5,11.1238434802504,79.0183136392333,NOISE,2025-03-11T03:00:47,22.5,11.1238434802504,79.0183136392333,NOISE,2025-03-11T03:00:47,22.5,11.1238434802504,79.0183136392333,NOISE,2025-03-11T03:00:47,22.5,11.1238434802504,79.0183136392333,NOISE
2026-04-20T09:28:26.177766,Map-Energy__sum__linear-conv00316-20250311_060047-20250311_120047-20.000000-25.000000.png,2025-03-11T06:00:47,2025-03-11T12:00:47,20.0,25.0,2025-03-11T09:00:47,22.5,11.1238434802504,79.0183136392333,NOISE,2025-03-11T09:00:47,22.5,11.1238434802504,79.0183136392333,NOISE,2025-03-11T09:00:47,22.5,11.1238434802504,79.0183136392333,NOISE,2025-03-11T09:00:47,22.5,11.1238434802504,79.0183136392333,NOISE
2026-04-20T09:28:27.562306,Map-Energy__sum__linear-conv00326-20250311_120047-20250311_180047-20.000000-25.000000.png,2025-03-11T12:00:47,2025-03-11T18:00:47,20.0,25.0,2025-03-11T15:00:47,22.5,11.1238434802504,79.0183136392333,NOISE,2025-03-11T15:00:47,22.5,11.1238434802504,79.0183136392333,NOISE,2025-03-11T15:00:47,22.5,11.1238434802504,79.0183136392333,NOISE,2025-03-11T15:00:47,22.5,11.1238434802504,79.0183136392333,NOISE
2026-04-20T09:28:28.851078,Map-Energy__sum__linear-conv00336-20250311_180047-20250312_000047-20.000000-25.000000.png,2025-03-11T18:00:47,2025-03-12T00:00:47,20.0,25.0,2025-03-11T21:00:47,22.5,11.1238434802504,79.0183136392333,NOISE,2025-03-11T21:00:47,22.5,11.1238434802504,79.0183136392333,NOISE,2025-03-11T21:00:47,22.5,11.1238434802504,79.0183136392333,NOISE,2025-03-11T21:00:47,22.5,11.1238434802504,79.0183136392333,NOISE
2026-04-20T09:28:30.281594,Map-Energy__sum__linear-conv00346-20250312_000047-20250312_060047-20.000000-25.000000.png,2025-03-12T00:00:47,2025-03-12T06:00:47,20.0,25.0,2025-03-12T03:00:47,22.5,11.1238434802504,79.0183136392333,NOISE,2025-03-12T03:00:47,22.5,11.1238434802504,79.0183136392333,NOISE,2025-03-12T03:00:47,22.5,11.1238434802504,79.0183136392333,NOISE,2025-03-12T03:00:47,22.5,11.1238434802504,79.0183136392333,NOISE
2026-04-20T09:28:31.466524,Map-Energy__sum__linear-conv00356-20250312_060047-20250312_120047-20.000000-25.000000.png,2025-03-12T06:00:47,2025-03-12T12:00:47,20.0,25.0,2025-03-12T09:00:47,22.5,11.1238434802504,79.0183136392333,NOISE,2025-03-12T09:00:47,22.5,11.1238434802504,79.0183136392333,NOISE,2025-03-12T09:00:47,22.5,11.1238434802504,79.0183136392333,NOISE,2025-03-12T09:00:47,22.5,11.1238434802504,79.0183136392333,NOISE
2026-04-20T09:28:32.641844,Map-Energy__sum__linear-conv00366-20250312_120047-20250312_180047-20.000000-25.000000.png,2025-03-12T12:00:47,2025-03-12T18:00:47,20.0,25.0,2025-03-12T15:00:47,22.5,11.1238434802504,79.0183136392333,NOISE,2025-03-12T15:00:47,22.5,11.1238434802504,79.0183136392333,NOISE,2025-03-12T15:00:47,22.5,11.1238434802504,79.0183136392333,NOISE,2025-03-12T15:00:47,22.5,11.1238434802504,79.0183136392333,NOISE
2026-04-20T09:28:41.977653,Map-Energy__sum__linear-conv00376-20250312_180047-20250313_000047-20.000000-25.000000.png,2025-03-12T18:00:47,2025-03-13T00:00:47,20.0,25.0,2025-03-12T20:58:33,20.453339,11.2195512843196,79.0163309491863,OTHER,2025-03-12T21:00:47,22.5,11.1238434802504,79.0183136392333,NOISE,2025-03-12T21:00:47,22.5,11.1238434802504,79.0183136392333,NOISE,2025-03-12T21:00:47,22.5,11.1238434802504,79.0183136392333,NOISE
2026-04-20T09:28:45.521847,Map-Energy__sum__linear-conv00386-20250313_000047-20250313_060047-20.000000-25.000000.png,2025-03-13T00:00:47,2025-03-13T06:00:47,20.0,25.0,2025-03-13T03:00:47,22.5,11.1238434802504,79.0183136392333,NOISE,2025-03-13T03:00:47,22.5,11.1238434802504,79.0183136392333,NOISE,2025-03-13T03:00:47,22.5,11.1238434802504,79.0183136392333,NOISE,2025-03-13T03:00:47,22.5,11.1238434802504,79.0183136392333,NOISE
2026-04-20T09:28:46.721843,Map-Energy__sum__linear-conv00396-20250313_060047-20250313_120047-20.000000-25.000000.png,2025-03-13T06:00:47,2025-03-13T12:00:47,20.0,25.0,2025-03-13T09:00:47,22.5,11.1238434802504,79.0183136392333,NOISE,2025-03-13T09:00:47,22.5,11.1238434802504,79.0183136392333,NOISE,2025-03-13T09:00:47,22.5,11.1238434802504,79.0183136392333,NOISE,2025-03-13T09:00:47,22.5,11.1238434802504,79.0183136392333,NOISE
2026-04-20T09:28:47.329596,Map-Energy__sum__linear-conv00406-20250313_120047-20250313_180047-20.000000-25.000000.png,2025-03-13T12:00:47,2025-03-13T18:00:47,20.0,25.0,2025-03-13T15:00:47,22.5,11.1238434802504,79.0183136392333,NOISE,2025-03-13T15:00:47,22.5,11.1238434802504,79.0183136392333,NOISE,2025-03-13T15:00:47,22.5,11.1238434802504,79.0183136392333,NOISE,2025-03-13T15:00:47,22.5,11.1238434802504,79.0183136392333,NOISE
2026-04-20T09:28:48.922106,Map-Energy__sum__linear-conv00416-20250313_180047-20250314_000047-20.000000-25.000000.png,2025-03-13T18:00:47,2025-03-14T00:00:47,20.0,25.0,2025-03-13T21:00:47,22.5,11.1238434802504,79.0183136392333,NOISE,2025-03-13T21:00:47,22.5,11.1238434802504,79.0183136392333,NOISE,2025-03-13T21:00:47,22.5,11.1238434802504,79.0183136392333,NOISE,2025-03-13T21:00:47,22.5,11.1238434802504,79.0183136392333,NOISE
2026-04-20T09:28:50.674113,Map-Energy__sum__linear-conv00426-20250314_000047-20250314_060047-20.000000-25.000000.png,2025-03-14T00:00:47,2025-03-14T06:00:47,20.0,25.0,2025-03-14T03:00:47,22.5,11.1238434802504,79.0183136392333,NOISE,2025-03-14T03:00:47,22.5,11.1238434802504,79.0183136392333,NOISE,2025-03-14T03:00:47,22.5,11.1238434802504,79.0183136392333,NOISE,2025-03-14T03:00:47,22.5,11.1238434802504,79.0183136392333,NOISE
2026-04-20T09:28:52.097719,Map-Energy__sum__linear-conv00436-20250314_060047-20250314_120047-20.000000-25.000000.png,2025-03-14T06:00:47,2025-03-14T12:00:47,20.0,25.0,2025-03-14T09:00:47,22.5,11.1238434802504,79.0183136392333,NOISE,2025-03-14T09:00:47,22.5,11.1238434802504,79.0183136392333,NOISE,2025-03-14T09:00:47,22.5,11.1238434802504,79.0183136392333,NOISE,2025-03-14T09:00:47,22.5,11.1238434802504,79.0183136392333,NOISE
2026-04-20T09:28:53.241971,Map-Energy__sum__linear-conv00446-20250314_120047-20250314_180047-20.000000-25.000000.png,2025-03-14T12:00:47,2025-03-14T18:00:47,20.0,25.0,2025-03-14T15:00:47,22.5,11.1238434802504,79.0183136392333,NOISE,2025-03-14T15:00:47,22.5,11.1238434802504,79.0183136392333,NOISE,2025-03-14T15:00:47,22.5,11.1238434802504,79.0183136392333,NOISE,2025-03-14T15:00:47,22.5,11.1238434802504,79.0183136392333,NOISE
2026-04-20T09:28:54.259845,Map-Energy__sum__linear-conv00456-20250314_180047-20250315_000047-20.000000-25.000000.png,2025-03-14T18:00:47,2025-03-15T00:00:47,20.0,25.0,2025-03-14T21:00:47,22.5,11.1238434802504,79.0183136392333,NOISE,2025-03-14T21:00:47,22.5,11.1238434802504,79.0183136392333,NOISE,2025-03-14T21:00:47,22.5,11.1238434802504,79.0183136392333,NOISE,2025-03-14T21:00:47,22.5,11.1238434802504,79.0183136392333,NOISE
2026-04-20T09:28:55.185986,Map-Energy__sum__linear-conv00466-20250315_000047-20250315_060047-20.000000-25.000000.png,2025-03-15T00:00:47,2025-03-15T06:00:47,20.0,25.0,2025-03-15T03:00:47,22.5,11.1238434802504,79.0183136392333,NOISE,2025-03-15T03:00:47,22.5,11.1238434802504,79.0183136392333,NOISE,2025-03-15T03:00:47,22.5,11.1238434802504,79.0183136392333,NOISE,2025-03-15T03:00:47,22.5,11.1238434802504,79.0183136392333,NOISE
2026-04-20T09:29:03.497862,Map-Energy__sum__linear-conv00476-20250315_060047-20250315_120047-20.000000-25.000000.png,2025-03-15T06:00:47,2025-03-15T12:00:47,20.0,25.0,2025-03-15T08:14:04,23.573913,11.0737320269977,79.0191082589049,OTHER,2025-03-15T09:00:47,22.5,11.1238434802504,79.0183136392333,NOISE,2025-03-15T09:00:47,22.5,11.1238434802504,79.0183136392333,NOISE,2025-03-15T09:00:47,22.5,11.1238434802504,79.0183136392333,NOISE
2026-04-20T09:29:10.114061,Map-Energy__sum__linear-conv00486-20250315_120047-20250315_180047-20.000000-25.000000.png,2025-03-15T12:00:47,2025-03-15T18:00:47,20.0,25.0,2025-03-15T12:35:52,21.309357,11.1794668872014,79.0172844076431,OTHER,2025-03-15T15:00:47,22.5,11.1238434802504,79.0183136392333,NOISE,2025-03-15T15:00:47,22.5,11.1238434802504,79.0183136392333,NOISE,2025-03-15T15:00:47,22.5,11.1238434802504,79.0183136392333,NOISE
2026-04-20T09:29:12.673417,Map-Energy__sum__linear-conv00496-20250315_180047-20250316_000047-20.000000-25.000000.png,2025-03-15T18:00:47,2025-03-16T00:00:47,20.0,25.0,2025-03-15T21:00:47,22.5,11.1238434802504,79.0183136392333,NOISE,2025-03-15T21:00:47,22.5,11.1238434802504,79.0183136392333,NOISE,2025-03-15T21:00:47,22.5,11.1238434802504,79.0183136392333,NOISE,2025-03-15T21:00:47,22.5,11.1238434802504,79.0183136392333,NOISE
2026-04-20T09:29:14.529872,Map-Energy__sum__linear-conv00506-20250316_000047-20250316_060047-20.000000-25.000000.png,2025-03-16T00:00:47,2025-03-16T06:00:47,20.0,25.0,2025-03-16T03:00:47,22.5,11.1238434802504,79.0183136392333,NOISE,2025-03-16T03:00:47,22.5,11.1238434802504,79.0183136392333,NOISE,2025-03-16T03:00:47,22.5,11.1238434802504,79.0183136392333,NOISE,2025-03-16T03:00:47,22.5,11.1238434802504,79.0183136392333,NOISE
2026-04-20T09:29:16.417334,Map-Energy__sum__linear-conv00516-20250316_060047-20250316_120047-20.000000-25.000000.png,2025-03-16T06:00:47,2025-03-16T12:00:47,20.0,25.0,2025-03-16T09:00:47,22.5,11.1238434802504,79.0183136392333,NOISE,2025-03-16T09:00:47,22.5,11.1238434802504,79.0183136392333,NOISE,2025-03-16T09:00:47,22.5,11.1238434802504,79.0183136392333,NOISE,2025-03-16T09:00:47,22.5,11.1238434802504,79.0183136392333,NOISE
2026-04-20T09:29:17.929877,Map-Energy__sum__linear-conv00526-20250316_120047-20250316_180047-20.000000-25.000000.png,2025-03-16T12:00:47,2025-03-16T18:00:47,20.0,25.0,2025-03-16T15:00:47,22.5,11.1238434802504,79.0183136392333,NOISE,2025-03-16T15:00:47,22.5,11.1238434802504,79.0183136392333,NOISE,2025-03-16T15:00:47,22.5,11.1238434802504,79.0183136392333,NOISE,2025-03-16T15:00:47,22.5,11.1238434802504,79.0183136392333,NOISE
2026-04-20T09:29:30.553768,Map-Energy__sum__linear-conv00536-20250316_180047-20250317_000047-20.000000-25.000000.png,2025-03-16T18:00:47,2025-03-17T00:00:47,20.0,25.0,2025-03-16T20:39:48,24.087524,11.049402620547,79.0195316465854,OTHER,2025-03-16T21:00:47,22.5,11.1238434802504,79.0183136392333,NOISE,2025-03-16T21:00:47,22.5,11.1238434802504,79.0183136392333,NOISE,2025-03-16T21:00:47,22.5,11.1238434802504,79.0183136392333,NOISE
2026-04-20T09:29:42.969774,Map-Energy__sum__linear-conv00546-20250317_000047-20250317_060047-20.000000-25.000000.png,2025-03-17T00:00:47,2025-03-17T06:00:47,20.0,25.0,2025-03-17T01:12:43,20.25879,11.2284134599027,79.0161230151587,SEISMIC,2025-03-17T04:17:22,20.18097,11.2321445682588,79.0160354702087,SEISMIC,2025-03-17T03:00:47,22.5,11.1238434802504,79.0183136392333,NOISE,2025-03-17T03:00:47,22.5,11.1238434802504,79.0183136392333,NOISE
2026-04-20T09:29:50.800886,Map-Energy__sum__linear-conv00556-20250317_060047-20250317_120047-20.000000-25.000000.png,2025-03-17T06:00:47,2025-03-17T12:00:47,20.0,25.0,2025-03-17T06:45:43,20.554505,11.2148876326681,79.0164403721457,SEISMIC,2025-03-17T09:00:47,22.5,11.1238434802504,79.0183136392333,NOISE,2025-03-17T09:00:47,22.5,11.1238434802504,79.0183136392333,NOISE,2025-03-17T09:00:47,22.5,11.1238434802504,79.0183136392333,NOISE
2026-04-20T09:29:58.250667,Map-Energy__sum__linear-conv00566-20250317_120047-20250317_180047-20.000000-25.000000.png,2025-03-17T12:00:47,2025-03-17T18:00:47,20.0,25.0,2025-03-17T15:00:47,22.5,11.1238434802504,79.0183136392333,NOISE,2025-03-17T15:00:47,22.5,11.1238434802504,79.0183136392333,NOISE,2025-03-17T15:00:47,22.5,11.1238434802504,79.0183136392333,NOISE,2025-03-17T15:00:47,22.5,11.1238434802504,79.0183136392333,NOISE
2026-04-20T09:30:04.042295,Map-Energy__sum__linear-conv00576-20250317_180047-20250318_000047-20.000000-25.000000.png,2025-03-17T18:00:47,2025-03-18T00:00:47,20.0,25.0,2025-03-17T20:35:59,20.375519,11.2228161539733,79.0162543456062,OTHER,2025-03-17T21:00:47,22.5,11.1238434802504,79.0183136392333,NOISE,2025-03-17T21:00:47,22.5,11.1238434802504,79.0183136392333,NOISE,2025-03-17T21:00:47,22.5,11.1238434802504,79.0183136392333,NOISE
2026-04-20T09:30:09.706022,Map-Energy__sum__linear-conv00586-20250318_000047-20250318_060047-20.000000-25.000000.png,2025-03-18T00:00:47,2025-03-18T06:00:47,20.0,25.0,2025-03-18T03:01:25,20.632325,11.2111564143891,79.016527919632,OTHER,2025-03-18T03:00:47,22.5,11.1238434802504,79.0183136392333,NOISE,2025-03-18T03:00:47,22.5,11.1238434802504,79.0183136392333,NOISE,2025-03-18T03:00:47,22.5,11.1238434802504,79.0183136392333,NOISE
2026-04-20T09:30:11.450592,Map-Energy__sum__linear-conv00596-20250318_060047-20250318_120047-20.000000-25.000000.png,2025-03-18T06:00:47,2025-03-18T12:00:47,20.0,25.0,2025-03-18T09:00:47,22.5,11.1238434802504,79.0183136392333,NOISE,2025-03-18T09:00:47,22.5,11.1238434802504,79.0183136392333,NOISE,2025-03-18T09:00:47,22.5,11.1238434802504,79.0183136392333,NOISE,2025-03-18T09:00:47,22.5,11.1238434802504,79.0183136392333,NOISE
2026-04-20T09:30:13.193873,Map-Energy__sum__linear-conv00606-20250318_120047-20250318_180047-20.000000-25.000000.png,2025-03-18T12:00:47,2025-03-18T18:00:47,20.0,25.0,2025-03-18T15:00:47,22.5,11.1238434802504,79.0183136392333,NOISE,2025-03-18T15:00:47,22.5,11.1238434802504,79.0183136392333,NOISE,2025-03-18T15:00:47,22.5,11.1238434802504,79.0183136392333,NOISE,2025-03-18T15:00:47,22.5,11.1238434802504,79.0183136392333,NOISE
2026-04-20T09:32:02.858073,Map-Energy__sum__linear-conv00616-20250318_180047-20250319_000047-20.000000-25.000000.png,2025-03-18T18:00:47,2025-03-19T00:00:47,20.0,25.0,2025-03-18T21:00:47,22.5,11.1238434802504,79.0183136392333,NOISE,2025-03-18T21:00:47,22.5,11.1238434802504,79.0183136392333,NOISE,2025-03-18T21:00:47,22.5,11.1238434802504,79.0183136392333,NOISE,2025-03-18T21:00:47,22.5,11.1238434802504,79.0183136392333,NOISE
2026-04-20T09:32:04.329989,Map-Energy__sum__linear-conv00626-20250319_000047-20250319_060047-20.000000-25.000000.png,2025-03-19T00:00:47,2025-03-19T06:00:47,20.0,25.0,2025-03-19T03:00:47,22.5,11.1238434802504,79.0183136392333,NOISE,2025-03-19T03:00:47,22.5,11.1238434802504,79.0183136392333,NOISE,2025-03-19T03:00:47,22.5,11.1238434802504,79.0183136392333,NOISE,2025-03-19T03:00:47,22.5,11.1238434802504,79.0183136392333,NOISE
2026-04-20T09:32:11.882039,Map-Energy__sum__linear-conv00636-20250319_060047-20250319_120047-20.000000-25.000000.png,2025-03-19T06:00:47,2025-03-19T12:00:47,20.0,25.0,2025-03-19T09:10:19,20.96695,11.1953074251863,79.0169057184778,OTHER,2025-03-19T09:00:47,22.5,11.1238434802504,79.0183136392333,NOISE,2025-03-19T09:00:47,22.5,11.1238434802504,79.0183136392333,NOISE,2025-03-19T09:00:47,22.5,11.1238434802504,79.0183136392333,NOISE
2026-04-20T09:32:17.953665,Map-Energy__sum__linear-conv00646-20250319_120047-20250319_180047-20.000000-25.000000.png,2025-03-19T12:00:47,2025-03-19T18:00:47,20.0,25.0,2025-03-19T16:28:10,21.029206,11.19251443689,79.0169724897254,OTHER,2025-03-19T15:00:47,22.5,11.1238434802504,79.0183136392333,NOISE,2025-03-19T15:00:47,22.5,11.1238434802504,79.0183136392333,NOISE,2025-03-19T15:00:47,22.5,11.1238434802504,79.0183136392333,NOISE
2026-04-20T09:32:21.097850,Map-Energy__sum__linear-conv00656-20250319_180047-20250320_000047-20.000000-25.000000.png,2025-03-19T18:00:47,2025-03-20T00:00:47,20.0,25.0,2025-03-19T21:00:47,22.5,11.1238434802504,79.0183136392333,NOISE,2025-03-19T21:00:47,22.5,11.1238434802504,79.0183136392333,NOISE,2025-03-19T21:00:47,22.5,11.1238434802504,79.0183136392333,NOISE,2025-03-19T21:00:47,22.5,11.1238434802504,79.0183136392333,NOISE
2026-04-20T09:32:23.042054,Map-Energy__sum__linear-conv00666-20250320_000047-20250320_060047-20.000000-25.000000.png,2025-03-20T00:00:47,2025-03-20T06:00:47,20.0,25.0,2025-03-20T03:00:47,22.5,11.1238434802504,79.0183136392333,NOISE,2025-03-20T03:00:47,22.5,11.1238434802504,79.0183136392333,NOISE,2025-03-20T03:00:47,22.5,11.1238434802504,79.0183136392333,NOISE,2025-03-20T03:00:47,22.5,11.1238434802504,79.0183136392333,NOISE
2026-04-20T09:32:25.850054,Map-Energy__sum__linear-conv00676-20250320_060047-20250320_120047-20.000000-25.000000.png,2025-03-20T06:00:47,2025-03-20T12:00:47,20.0,25.0,2025-03-20T09:00:47,22.5,11.1238434802504,79.0183136392333,NOISE,2025-03-20T09:00:47,22.5,11.1238434802504,79.0183136392333,NOISE,2025-03-20T09:00:47,22.5,11.1238434802504,79.0183136392333,NOISE,2025-03-20T09:00:47,22.5,11.1238434802504,79.0183136392333,NOISE
2026-04-20T09:32:36.354058,Map-Energy__sum__linear-conv00686-20250320_120047-20250320_180047-20.000000-25.000000.png,2025-03-20T12:00:47,2025-03-20T18:00:47,20.0,25.0,2025-03-20T13:58:10,21.278229,11.1808646944708,79.0172509915777,OTHER,2025-03-20T15:00:47,22.5,11.1238434802504,79.0183136392333,NOISE,2025-03-20T15:00:47,22.5,11.1238434802504,79.0183136392333,NOISE,2025-03-20T15:00:47,22.5,11.1238434802504,79.0183136392333,NOISE
2026-04-20T09:32:39.114100,Map-Energy__sum__linear-conv00696-20250320_180047-20250321_000047-20.000000-25.000000.png,2025-03-20T18:00:47,2025-03-21T00:00:47,20.0,25.0,2025-03-20T21:00:47,22.5,11.1238434802504,79.0183136392333,NOISE,2025-03-20T21:00:47,22.5,11.1238434802504,79.0183136392333,NOISE,2025-03-20T21:00:47,22.5,11.1238434802504,79.0183136392333,NOISE,2025-03-20T21:00:47,22.5,11.1238434802504,79.0183136392333,NOISE
2026-04-20T09:32:44.978508,Map-Energy__sum__linear-conv00706-20250321_000047-20250321_060047-20.000000-25.000000.png,2025-03-21T00:00:47,2025-03-21T06:00:47,20.0,25.0,2025-03-21T02:58:33,21.348267,11.1776031379977,79.0173289622235,VESSEL,2025-03-21T03:00:47,22.5,11.1238434802504,79.0183136392333,NOISE,2025-03-21T03:00:47,22.5,11.1238434802504,79.0183136392333,NOISE,2025-03-21T03:00:47,22.5,11.1238434802504,79.0183136392333,NOISE
2026-04-20T09:32:47.890086,Map-Energy__sum__linear-conv00716-20250321_060047-20250321_120047-20.000000-25.000000.png,2025-03-21T06:00:47,2025-03-21T12:00:47,20.0,25.0,2025-03-21T09:00:47,22.5,11.1238434802504,79.0183136392333,NOISE,2025-03-21T09:00:47,22.5,11.1238434802504,79.0183136392333,NOISE,2025-03-21T09:00:47,22.5,11.1238434802504,79.0183136392333,NOISE,2025-03-21T09:00:47,22.5,11.1238434802504,79.0183136392333,NOISE
2026-04-20T09:32:49.730610,Map-Energy__sum__linear-conv00726-20250321_120047-20250321_180047-20.000000-25.000000.png,2025-03-21T12:00:47,2025-03-21T18:00:47,20.0,25.0,2025-03-21T15:00:47,22.5,11.1238434802504,79.0183136392333,NOISE,2025-03-21T15:00:47,22.5,11.1238434802504,79.0183136392333,NOISE,2025-03-21T15:00:47,22.5,11.1238434802504,79.0183136392333,NOISE,2025-03-21T15:00:47,22.5,11.1238434802504,79.0183136392333,NOISE
2026-04-20T09:32:59.290210,Map-Energy__sum__linear-conv00736-20250321_180047-20250322_000047-20.000000-25.000000.png,2025-03-21T18:00:47,2025-03-22T00:00:47,20.0,25.0,2025-03-21T20:25:30,20.686799,11.2083577013046,79.0165937605924,OTHER,2025-03-21T21:00:47,22.5,11.1238434802504,79.0183136392333,NOISE,2025-03-21T21:00:47,22.5,11.1238434802504,79.0183136392333,NOISE,2025-03-21T21:00:47,22.5,11.1238434802504,79.0183136392333,NOISE
2026-04-20T09:33:04.386311,Map-Energy__sum__linear-conv00746-20250322_000047-20250322_060047-20.000000-25.000000.png,2025-03-22T00:00:47,2025-03-22T06:00:47,20.0,25.0,2025-03-22T03:16:02,20.570069,11.2139549167034,79.0164622581649,OTHER,2025-03-22T03:00:47,22.5,11.1238434802504,79.0183136392333,NOISE,2025-03-22T03:00:47,22.5,11.1238434802504,79.0183136392333,NOISE,2025-03-22T03:00:47,22.5,11.1238434802504,79.0183136392333,NOISE
2026-04-20T09:33:05.938019,Map-Energy__sum__linear-conv00756-20250322_060047-20250322_120047-20.000000-25.000000.png,2025-03-22T06:00:47,2025-03-22T12:00:47,20.0,25.0,2025-03-22T09:00:47,22.5,11.1238434802504,79.0183136392333,NOISE,2025-03-22T09:00:47,22.5,11.1238434802504,79.0183136392333,NOISE,2025-03-22T09:00:47,22.5,11.1238434802504,79.0183136392333,NOISE,2025-03-22T09:00:47,22.5,11.1238434802504,79.0183136392333,NOISE
2026-04-20T09:33:11.674323,Map-Energy__sum__linear-conv00766-20250322_120047-20250322_180047-20.000000-25.000000.png,2025-03-22T12:00:47,2025-03-22T18:00:47,20.0,25.0,2025-03-22T15:09:40,20.624543,11.2116228836695,79.0165169750456,SEISMIC,2025-03-22T15:00:47,22.5,11.1238434802504,79.0183136392333,NOISE,2025-03-22T15:00:47,22.5,11.1238434802504,79.0183136392333,NOISE,2025-03-22T15:00:47,22.5,11.1238434802504,79.0183136392333,NOISE
2026-04-20T09:33:18.090473,Map-Energy__sum__linear-conv00776-20250322_180047-20250323_000047-20.000000-25.000000.png,2025-03-22T18:00:47,2025-03-23T00:00:47,20.0,25.0,2025-03-22T21:55:07,20.562287,11.2144212749525,79.0164513151993,SEISMIC,2025-03-22T21:00:47,22.5,11.1238434802504,79.0183136392333,NOISE,2025-03-22T21:00:47,22.5,11.1238434802504,79.0183136392333,NOISE,2025-03-22T21:00:47,22.5,11.1238434802504,79.0183136392333,NOISE
2026-04-20T09:33:28.266235,Map-Energy__sum__linear-conv00786-20250323_000047-20250323_060047-20.000000-25.000000.png,2025-03-23T00:00:47,2025-03-23T06:00:47,20.0,25.0,2025-03-23T02:48:04,21.550598,11.1682908922,79.0175182248352,OTHER,2025-03-23T03:00:47,22.5,11.1238434802504,79.0183136392333,NOISE,2025-03-23T03:00:47,22.5,11.1238434802504,79.0183136392333,NOISE,2025-03-23T03:00:47,22.5,11.1238434802504,79.0183136392333,NOISE
2026-04-20T09:33:37.578487,Map-Energy__sum__linear-conv00796-20250323_060047-20250323_120047-20.000000-25.000000.png,2025-03-23T06:00:47,2025-03-23T12:00:47,20.0,25.0,2025-03-23T09:16:02,21.900788,11.1519197177523,79.0178137258515,OTHER,2025-03-23T09:00:47,22.5,11.1238434802504,79.0183136392333,NOISE,2025-03-23T09:00:47,22.5,11.1238434802504,79.0183136392333,NOISE,2025-03-23T09:00:47,22.5,11.1238434802504,79.0183136392333,NOISE
2026-04-20T09:33:44.137725,Map-Energy__sum__linear-conv00806-20250323_120047-20250323_180047-20.000000-25.000000.png,2025-03-23T12:00:47,2025-03-23T18:00:47,20.0,25.0,2025-03-23T15:03:38,21.270447,11.1813306293749,79.0172398529133,VESSEL,2025-03-23T15:00:47,22.5,11.1238434802504,79.0183136392333,NOISE,2025-03-23T15:00:47,22.5,11.1238434802504,79.0183136392333,NOISE,2025-03-23T15:00:47,22.5,11.1238434802504,79.0183136392333,NOISE
2026-04-20T09:33:55.466556,Map-Energy__sum__linear-conv00816-20250323_180047-20250324_000047-20.000000-25.000000.png,2025-03-23T18:00:47,2025-03-24T00:00:47,20.0,25.0,2025-03-23T21:00:47,22.5,11.1238434802504,79.0183136392333,NOISE,2025-03-23T21:00:47,22.5,11.1238434802504,79.0183136392333,NOISE,2025-03-23T21:00:47,22.5,11.1238434802504,79.0183136392333,NOISE,2025-03-23T21:00:47,22.5,11.1238434802504,79.0183136392333,NOISE
2026-04-20T09:33:56.634327,Map-Energy__sum__linear-conv00826-20250324_000047-20250324_060047-20.000000-25.000000.png,2025-03-24T00:00:47,2025-03-24T06:00:47,20.0,25.0,2025-03-24T03:00:47,22.5,11.1238434802504,79.0183136392333,NOISE,2025-03-24T03:00:47,22.5,11.1238434802504,79.0183136392333,NOISE,2025-03-24T03:00:47,22.5,11.1238434802504,79.0183136392333,NOISE,2025-03-24T03:00:47,22.5,11.1238434802504,79.0183136392333,NOISE
2026-04-20T09:33:59.354156,Map-Energy__sum__linear-conv00836-20250324_060047-20250324_120047-20.000000-25.000000.png,2025-03-24T06:00:47,2025-03-24T12:00:47,20.0,25.0,2025-03-24T09:00:47,22.5,11.1238434802504,79.0183136392333,NOISE,2025-03-24T09:00:47,22.5,11.1238434802504,79.0183136392333,NOISE,2025-03-24T09:00:47,22.5,11.1238434802504,79.0183136392333,NOISE,2025-03-24T09:00:47,22.5,11.1238434802504,79.0183136392333,NOISE
2026-04-20T09:34:02.009776,Map-Energy__sum__linear-conv00846-20250324_120047-20250324_180047-20.000000-25.000000.png,2025-03-24T12:00:47,2025-03-24T18:00:47,20.0,25.0,2025-03-24T15:00:47,22.5,11.1238434802504,79.0183136392333,NOISE,2025-03-24T15:00:47,22.5,11.1238434802504,79.0183136392333,NOISE,2025-03-24T15:00:47,22.5,11.1238434802504,79.0183136392333,NOISE,2025-03-24T15:00:47,22.5,11.1238434802504,79.0183136392333,NOISE
2026-04-20T09:34:10.082157,Map-Energy__sum__linear-conv00856-20250324_180047-20250325_000047-20.000000-25.000000.png,2025-03-24T18:00:47,2025-03-25T00:00:47,20.0,25.0,2025-03-24T20:56:20,20.406647,11.2214171005024,79.0162871704453,OTHER,2025-03-24T21:00:47,22.5,11.1238434802504,79.0183136392333,NOISE,2025-03-24T21:00:47,22.5,11.1238434802504,79.0183136392333,NOISE,2025-03-24T21:00:47,22.5,11.1238434802504,79.0183136392333,NOISE
2026-04-20T09:34:14.034332,Map-Energy__sum__linear-conv00866-20250325_000047-20250325_060047-20.000000-25.000000.png,2025-03-25T00:00:47,2025-03-25T06:00:47,20.0,25.0,2025-03-25T03:00:47,22.5,11.1238434802504,79.0183136392333,NOISE,2025-03-25T03:00:47,22.5,11.1238434802504,79.0183136392333,NOISE,2025-03-25T03:00:47,22.5,11.1238434802504,79.0183136392333,NOISE,2025-03-25T03:00:47,22.5,11.1238434802504,79.0183136392333,NOISE
2026-04-20T09:34:15.602327,Map-Energy__sum__linear-conv00876-20250325_060047-20250325_120047-20.000000-25.000000.png,2025-03-25T06:00:47,2025-03-25T12:00:47,20.0,25.0,2025-03-25T09:00:47,22.5,11.1238434802504,79.0183136392333,NOISE,2025-03-25T09:00:47,22.5,11.1238434802504,79.0183136392333,NOISE,2025-03-25T09:00:47,22.5,11.1238434802504,79.0183136392333,NOISE,2025-03-25T09:00:47,22.5,11.1238434802504,79.0183136392333,NOISE
2026-04-20T09:34:18.242162,Map-Energy__sum__linear-conv00886-20250325_120047-20250325_180047-20.000000-25.000000.png,2025-03-25T12:00:47,2025-03-25T18:00:47,20.0,25.0,2025-03-25T15:00:47,22.5,11.1238434802504,79.0183136392333,NOISE,2025-03-25T15:00:47,22.5,11.1238434802504,79.0183136392333,NOISE,2025-03-25T15:00:47,22.5,11.1238434802504,79.0183136392333,NOISE,2025-03-25T15:00:47,22.5,11.1238434802504,79.0183136392333,NOISE
2026-04-20T09:34:20.249419,Map-Energy__sum__linear-conv00896-20250325_180047-20250326_000047-20.000000-25.000000.png,2025-03-25T18:00:47,2025-03-26T00:00:47,20.0,25.0,2025-03-25T21:00:47,22.5,11.1238434802504,79.0183136392333,NOISE,2025-03-25T21:00:47,22.5,11.1238434802504,79.0183136392333,NOISE,2025-03-25T21:00:47,22.5,11.1238434802504,79.0183136392333,NOISE,2025-03-25T21:00:47,22.5,11.1238434802504,79.0183136392333,NOISE
2026-04-20T09:34:22.105716,Map-Energy__sum__linear-conv00906-20250326_000047-20250326_060047-20.000000-25.000000.png,2025-03-26T00:00:47,2025-03-26T06:00:47,20.0,25.0,2025-03-26T03:00:47,22.5,11.1238434802504,79.0183136392333,NOISE,2025-03-26T03:00:47,22.5,11.1238434802504,79.0183136392333,NOISE,2025-03-26T03:00:47,22.5,11.1238434802504,79.0183136392333,NOISE,2025-03-26T03:00:47,22.5,11.1238434802504,79.0183136392333,NOISE
2026-04-20T09:34:23.611091,Map-Energy__sum__linear-conv00916-20250326_060047-20250326_120047-20.000000-25.000000.png,2025-03-26T06:00:47,2025-03-26T12:00:47,20.0,25.0,2025-03-26T09:00:47,22.5,11.1238434802504,79.0183136392333,NOISE,2025-03-26T09:00:47,22.5,11.1238434802504,79.0183136392333,NOISE,2025-03-26T09:00:47,22.5,11.1238434802504,79.0183136392333,NOISE,2025-03-26T09:00:47,22.5,11.1238434802504,79.0183136392333,NOISE
2026-04-20T09:34:30.306435,Map-Energy__sum__linear-conv00926-20250326_120047-20250326_180047-20.000000-25.000000.png,2025-03-26T12:00:47,2025-03-26T18:00:47,20.0,25.0,2025-03-26T15:06:49,20.124512,11.2349431090173,79.0159698091782,OTHER,2025-03-26T15:00:47,22.5,11.1238434802504,79.0183136392333,NOISE,2025-03-26T15:00:47,22.5,11.1238434802504,79.0183136392333,NOISE,2025-03-26T15:00:47,22.5,11.1238434802504,79.0183136392333,NOISE
2026-04-20T09:34:32.097641,Map-Energy__sum__linear-conv00936-20250326_180047-20250327_000047-20.000000-25.000000.png,2025-03-26T18:00:47,2025-03-27T00:00:47,20.0,25.0,2025-03-26T21:00:47,22.5,11.1238434802504,79.0183136392333,NOISE,2025-03-26T21:00:47,22.5,11.1238434802504,79.0183136392333,NOISE,2025-03-26T21:00:47,22.5,11.1238434802504,79.0183136392333,NOISE,2025-03-26T21:00:47,22.5,11.1238434802504,79.0183136392333,NOISE
2026-04-20T09:34:32.922109,Map-Energy__sum__linear-conv00946-20250327_000047-20250327_060047-20.000000-25.000000.png,2025-03-27T00:00:47,2025-03-27T06:00:47,20.0,25.0,2025-03-27T03:00:47,22.5,11.1238434802504,79.0183136392333,NOISE,2025-03-27T03:00:47,22.5,11.1238434802504,79.0183136392333,NOISE,2025-03-27T03:00:47,22.5,11.1238434802504,79.0183136392333,NOISE,2025-03-27T03:00:47,22.5,11.1238434802504,79.0183136392333,NOISE
2026-04-20T09:34:33.939184,Map-Energy__sum__linear-conv00956-20250327_060047-20250327_120047-20.000000-25.000000.png,2025-03-27T06:00:47,2025-03-27T12:00:47,20.0,25.0,2025-03-27T09:00:47,22.5,11.1238434802504,79.0183136392333,NOISE,2025-03-27T09:00:47,22.5,11.1238434802504,79.0183136392333,NOISE,2025-03-27T09:00:47,22.5,11.1238434802504,79.0183136392333,NOISE,2025-03-27T09:00:47,22.5,11.1238434802504,79.0183136392333,NOISE
2026-04-20T09:34:34.818795,Map-Energy__sum__linear-conv00966-20250327_120047-20250327_180047-20.000000-25.000000.png,2025-03-27T12:00:47,2025-03-27T18:00:47,20.0,25.0,2025-03-27T15:00:47,22.5,11.1238434802504,79.0183136392333,NOISE,2025-03-27T15:00:47,22.5,11.1238434802504,79.0183136392333,NOISE,2025-03-27T15:00:47,22.5,11.1238434802504,79.0183136392333,NOISE,2025-03-27T15:00:47,22.5,11.1238434802504,79.0183136392333,NOISE
2026-04-20T09:34:35.674251,Map-Energy__sum__linear-conv00976-20250327_180047-20250328_000047-20.000000-25.000000.png,2025-03-27T18:00:47,2025-03-28T00:00:47,20.0,25.0,2025-03-27T21:00:47,22.5,11.1238434802504,79.0183136392333,NOISE,2025-03-27T21:00:47,22.5,11.1238434802504,79.0183136392333,NOISE,2025-03-27T21:00:47,22.5,11.1238434802504,79.0183136392333,NOISE,2025-03-27T21:00:47,22.5,11.1238434802504,79.0183136392333,NOISE
2026-04-20T09:34:36.458185,Map-Energy__sum__linear-conv00986-20250328_000047-20250328_060047-20.000000-25.000000.png,2025-03-28T00:00:47,2025-03-28T06:00:47,20.0,25.0,2025-03-28T03:00:47,22.5,11.1238434802504,79.0183136392333,NOISE,2025-03-28T03:00:47,22.5,11.1238434802504,79.0183136392333,NOISE,2025-03-28T03:00:47,22.5,11.1238434802504,79.0183136392333,NOISE,2025-03-28T03:00:47,22.5,11.1238434802504,79.0183136392333,NOISE
2026-04-20T09:34:37.322195,Map-Energy__sum__linear-conv00996-20250328_060047-20250328_120047-20.000000-25.000000.png,2025-03-28T06:00:47,2025-03-28T12:00:47,20.0,25.0,2025-03-28T09:00:47,22.5,11.1238434802504,79.0183136392333,NOISE,2025-03-28T09:00:47,22.5,11.1238434802504,79.0183136392333,NOISE,2025-03-28T09:00:47,22.5,11.1238434802504,79.0183136392333,NOISE,2025-03-28T09:00:47,22.5,11.1238434802504,79.0183136392333,NOISE
2026-04-20T09:34:38.186492,Map-Energy__sum__linear-conv01006-20250328_120047-20250328_180047-20.000000-25.000000.png,2025-03-28T12:00:47,2025-03-28T18:00:47,20.0,25.0,2025-03-28T15:00:47,22.5,11.1238434802504,79.0183136392333,NOISE,2025-03-28T15:00:47,22.5,11.1238434802504,79.0183136392333,NOISE,2025-03-28T15:00:47,22.5,11.1238434802504,79.0183136392333,NOISE,2025-03-28T15:00:47,22.5,11.1238434802504,79.0183136392333,NOISE
2026-04-20T09:34:39.009667,Map-Energy__sum__linear-conv01016-20250328_180047-20250329_000047-20.000000-25.000000.png,2025-03-28T18:00:47,2025-03-29T00:00:47,20.0,25.0,2025-03-28T21:00:47,22.5,11.1238434802504,79.0183136392333,NOISE,2025-03-28T21:00:47,22.5,11.1238434802504,79.0183136392333,NOISE,2025-03-28T21:00:47,22.5,11.1238434802504,79.0183136392333,NOISE,2025-03-28T21:00:47,22.5,11.1238434802504,79.0183136392333,NOISE
2026-04-20T09:34:39.898667,Map-Energy__sum__linear-conv01026-20250329_000047-20250329_060047-20.000000-25.000000.png,2025-03-29T00:00:47,2025-03-29T06:00:47,20.0,25.0,2025-03-29T03:00:47,22.5,11.1238434802504,79.0183136392333,NOISE,2025-03-29T03:00:47,22.5,11.1238434802504,79.0183136392333,NOISE,2025-03-29T03:00:47,22.5,11.1238434802504,79.0183136392333,NOISE,2025-03-29T03:00:47,22.5,11.1238434802504,79.0183136392333,NOISE
2026-04-20T09:34:40.818666,Map-Energy__sum__linear-conv01036-20250329_060047-20250329_120047-20.000000-25.000000.png,2025-03-29T06:00:47,2025-03-29T12:00:47,20.0,25.0,2025-03-29T09:00:47,22.5,11.1238434802504,79.0183136392333,NOISE,2025-03-29T09:00:47,22.5,11.1238434802504,79.0183136392333,NOISE,2025-03-29T09:00:47,22.5,11.1238434802504,79.0183136392333,NOISE,2025-03-29T09:00:47,22.5,11.1238434802504,79.0183136392333,NOISE
2026-04-20T09:34:42.033762,Map-Energy__sum__linear-conv01046-20250329_120047-20250329_180047-20.000000-25.000000.png,2025-03-29T12:00:47,2025-03-29T18:00:47,20.0,25.0,2025-03-29T15:00:47,22.5,11.1238434802504,79.0183136392333,NOISE,2025-03-29T15:00:47,22.5,11.1238434802504,79.0183136392333,NOISE,2025-03-29T15:00:47,22.5,11.1238434802504,79.0183136392333,NOISE,2025-03-29T15:00:47,22.5,11.1238434802504,79.0183136392333,NOISE
2026-04-20T09:34:42.930380,Map-Energy__sum__linear-conv01056-20250329_180047-20250330_000047-20.000000-25.000000.png,2025-03-29T18:00:47,2025-03-30T00:00:47,20.0,25.0,2025-03-29T21:00:47,22.5,11.1238434802504,79.0183136392333,NOISE,2025-03-29T21:00:47,22.5,11.1238434802504,79.0183136392333,NOISE,2025-03-29T21:00:47,22.5,11.1238434802504,79.0183136392333,NOISE,2025-03-29T21:00:47,22.5,11.1238434802504,79.0183136392333,NOISE
2026-04-20T09:34:43.722619,Map-Energy__sum__linear-conv01066-20250330_000047-20250330_060047-20.000000-25.000000.png,2025-03-30T00:00:47,2025-03-30T06:00:47,20.0,25.0,2025-03-30T03:00:47,22.5,11.1238434802504,79.0183136392333,NOISE,2025-03-30T03:00:47,22.5,11.1238434802504,79.0183136392333,NOISE,2025-03-30T03:00:47,22.5,11.1238434802504,79.0183136392333,NOISE,2025-03-30T03:00:47,22.5,11.1238434802504,79.0183136392333,NOISE
2026-04-20T09:34:44.689933,Map-Energy__sum__linear-conv01076-20250330_060047-20250330_120047-20.000000-25.000000.png,2025-03-30T06:00:47,2025-03-30T12:00:47,20.0,25.0,2025-03-30T09:00:47,22.5,11.1238434802504,79.0183136392333,NOISE,2025-03-30T09:00:47,22.5,11.1238434802504,79.0183136392333,NOISE,2025-03-30T09:00:47,22.5,11.1238434802504,79.0183136392333,NOISE,2025-03-30T09:00:47,22.5,11.1238434802504,79.0183136392333,NOISE
2026-04-20T09:34:45.506099,Map-Energy__sum__linear-conv01086-20250330_120047-20250330_180047-20.000000-25.000000.png,2025-03-30T12:00:47,2025-03-30T18:00:47,20.0,25.0,2025-03-30T15:00:47,22.5,11.1238434802504,79.0183136392333,NOISE,2025-03-30T15:00:47,22.5,11.1238434802504,79.0183136392333,NOISE,2025-03-30T15:00:47,22.5,11.1238434802504,79.0183136392333,NOISE,2025-03-30T15:00:47,22.5,11.1238434802504,79.0183136392333,NOISE
2026-04-20T09:34:46.354623,Map-Energy__sum__linear-conv01096-20250330_180047-20250331_000047-20.000000-25.000000.png,2025-03-30T18:00:47,2025-03-31T00:00:47,20.0,25.0,2025-03-30T21:00:47,22.5,11.1238434802504,79.0183136392333,NOISE,2025-03-30T21:00:47,22.5,11.1238434802504,79.0183136392333,NOISE,2025-03-30T21:00:47,22.5,11.1238434802504,79.0183136392333,NOISE,2025-03-30T21:00:47,22.5,11.1238434802504,79.0183136392333,NOISE
2026-04-20T09:34:47.314540,Map-Energy__sum__linear-conv01106-20250331_000047-20250331_060047-20.000000-25.000000.png,2025-03-31T00:00:47,2025-03-31T06:00:47,20.0,25.0,2025-03-31T03:00:47,22.5,11.1238434802504,79.0183136392333,NOISE,2025-03-31T03:00:47,22.5,11.1238434802504,79.0183136392333,NOISE,2025-03-31T03:00:47,22.5,11.1238434802504,79.0183136392333,NOISE,2025-03-31T03:00:47,22.5,11.1238434802504,79.0183136392333,NOISE
2026-04-20T09:34:51.410676,Map-Energy__sum__linear-conv00005-20250331_060047-20250331_120047-20.000000-25.000000.png,2025-03-31T06:00:47,2025-03-31T12:00:47,20.0,25.0,2025-03-31T09:00:47,22.5,11.1238434802504,79.0183136392333,NOISE,2025-03-31T09:00:47,22.5,11.1238434802504,79.0183136392333,NOISE,2025-03-31T09:00:47,22.5,11.1238434802504,79.0183136392333,NOISE,2025-03-31T09:00:47,22.5,11.1238434802504,79.0183136392333,NOISE
2026-04-20T09:34:53.754272,Map-Energy__sum__linear-conv00015-20250331_120047-20250331_180047-20.000000-25.000000.png,2025-03-31T12:00:47,2025-03-31T18:00:47,20.0,25.0,2025-03-31T15:00:47,22.5,11.1238434802504,79.0183136392333,NOISE,2025-03-31T15:00:47,22.5,11.1238434802504,79.0183136392333,NOISE,2025-03-31T15:00:47,22.5,11.1238434802504,79.0183136392333,NOISE,2025-03-31T15:00:47,22.5,11.1238434802504,79.0183136392333,NOISE
2026-04-20T09:34:55.713615,Map-Energy__sum__linear-conv00025-20250331_180047-20250401_000047-20.000000-25.000000.png,2025-03-31T18:00:47,2025-04-01T00:00:47,20.0,25.0,2025-03-31T21:00:47,22.5,11.1238434802504,79.0183136392333,NOISE,2025-03-31T21:00:47,22.5,11.1238434802504,79.0183136392333,NOISE,2025-03-31T21:00:47,22.5,11.1238434802504,79.0183136392333,NOISE,2025-03-31T21:00:47,22.5,11.1238434802504,79.0183136392333,NOISE
2026-04-20T09:34:58.266554,Map-Energy__sum__linear-conv00006-20250301_000047-20250301_060047-25.000000-30.000000.png,2025-03-01T00:00:47,2025-03-01T06:00:47,25.0,30.0,2025-03-01T03:00:47,27.5,10.889673808393,79.020806600637,NOISE,2025-03-01T03:00:47,27.5,10.889673808393,79.020806600637,NOISE,2025-03-01T03:00:47,27.5,10.889673808393,79.020806600637,NOISE,2025-03-01T03:00:47,27.5,10.889673808393,79.020806600637,NOISE
2026-04-20T09:35:00.545950,Map-Energy__sum__linear-conv00016-20250301_060047-20250301_120047-25.000000-30.000000.png,2025-03-01T06:00:47,2025-03-01T12:00:47,25.0,30.0,2025-03-01T09:00:47,27.5,10.889673808393,79.020806600637,NOISE,2025-03-01T09:00:47,27.5,10.889673808393,79.020806600637,NOISE,2025-03-01T09:00:47,27.5,10.889673808393,79.020806600637,NOISE,2025-03-01T09:00:47,27.5,10.889673808393,79.020806600637,NOISE
2026-04-20T09:35:09.698220,Map-Energy__sum__linear-conv00026-20250301_120047-20250301_180047-25.000000-30.000000.png,2025-03-01T12:00:47,2025-03-01T18:00:47,25.0,30.0,2025-03-01T15:00:47,27.5,10.889673808393,79.020806600637,NOISE,2025-03-01T15:00:47,27.5,10.889673808393,79.020806600637,NOISE,2025-03-01T15:00:47,27.5,10.889673808393,79.020806600637,NOISE,2025-03-01T15:00:47,27.5,10.889673808393,79.020806600637,NOISE
2026-04-20T09:35:11.618612,Map-Energy__sum__linear-conv00036-20250301_180047-20250302_000047-25.000000-30.000000.png,2025-03-01T18:00:47,2025-03-02T00:00:47,25.0,30.0,2025-03-01T21:00:47,27.5,10.889673808393,79.020806600637,NOISE,2025-03-01T21:00:47,27.5,10.889673808393,79.020806600637,NOISE,2025-03-01T21:00:47,27.5,10.889673808393,79.020806600637,NOISE,2025-03-01T21:00:47,27.5,10.889673808393,79.020806600637,NOISE
2026-04-20T09:35:13.369969,Map-Energy__sum__linear-conv00046-20250302_000047-20250302_060047-25.000000-30.000000.png,2025-03-02T00:00:47,2025-03-02T06:00:47,25.0,30.0,2025-03-02T03:00:47,27.5,10.889673808393,79.020806600637,NOISE,2025-03-02T03:00:47,27.5,10.889673808393,79.020806600637,NOISE,2025-03-02T03:00:47,27.5,10.889673808393,79.020806600637,NOISE,2025-03-02T03:00:47,27.5,10.889673808393,79.020806600637,NOISE
2026-04-20T09:35:15.082678,Map-Energy__sum__linear-conv00056-20250302_060047-20250302_120047-25.000000-30.000000.png,2025-03-02T06:00:47,2025-03-02T12:00:47,25.0,30.0,2025-03-02T09:00:47,27.5,10.889673808393,79.020806600637,NOISE,2025-03-02T09:00:47,27.5,10.889673808393,79.020806600637,NOISE,2025-03-02T09:00:47,27.5,10.889673808393,79.020806600637,NOISE,2025-03-02T09:00:47,27.5,10.889673808393,79.020806600637,NOISE
2026-04-20T09:35:17.026434,Map-Energy__sum__linear-conv00066-20250302_120047-20250302_180047-25.000000-30.000000.png,2025-03-02T12:00:47,2025-03-02T18:00:47,25.0,30.0,2025-03-02T15:00:47,27.5,10.889673808393,79.020806600637,NOISE,2025-03-02T15:00:47,27.5,10.889673808393,79.020806600637,NOISE,2025-03-02T15:00:47,27.5,10.889673808393,79.020806600637,NOISE,2025-03-02T15:00:47,27.5,10.889673808393,79.020806600637,NOISE
2026-04-20T09:35:19.419072,Map-Energy__sum__linear-conv00076-20250302_180047-20250303_000047-25.000000-30.000000.png,2025-03-02T18:00:47,2025-03-03T00:00:47,25.0,30.0,2025-03-02T21:00:47,27.5,10.889673808393,79.020806600637,NOISE,2025-03-02T21:00:47,27.5,10.889673808393,79.020806600637,NOISE,2025-03-02T21:00:47,27.5,10.889673808393,79.020806600637,NOISE,2025-03-02T21:00:47,27.5,10.889673808393,79.020806600637,NOISE
2026-04-20T09:35:21.810162,Map-Energy__sum__linear-conv00086-20250303_000047-20250303_060047-25.000000-30.000000.png,2025-03-03T00:00:47,2025-03-03T06:00:47,25.0,30.0,2025-03-03T03:00:47,27.5,10.889673808393,79.020806600637,NOISE,2025-03-03T03:00:47,27.5,10.889673808393,79.020806600637,NOISE,2025-03-03T03:00:47,27.5,10.889673808393,79.020806600637,NOISE,2025-03-03T03:00:47,27.5,10.889673808393,79.020806600637,NOISE
2026-04-20T09:35:23.898191,Map-Energy__sum__linear-conv00096-20250303_060047-20250303_120047-25.000000-30.000000.png,2025-03-03T06:00:47,2025-03-03T12:00:47,25.0,30.0,2025-03-03T09:00:47,27.5,10.889673808393,79.020806600637,NOISE,2025-03-03T09:00:47,27.5,10.889673808393,79.020806600637,NOISE,2025-03-03T09:00:47,27.5,10.889673808393,79.020806600637,NOISE,2025-03-03T09:00:47,27.5,10.889673808393,79.020806600637,NOISE
2026-04-20T09:35:25.922598,Map-Energy__sum__linear-conv00007-20250303_120047-20250303_180047-25.000000-30.000000.png,2025-03-03T12:00:47,2025-03-03T18:00:47,25.0,30.0,2025-03-03T15:00:47,27.5,10.889673808393,79.020806600637,NOISE,2025-03-03T15:00:47,27.5,10.889673808393,79.020806600637,NOISE,2025-03-03T15:00:47,27.5,10.889673808393,79.020806600637,NOISE,2025-03-03T15:00:47,27.5,10.889673808393,79.020806600637,NOISE
2026-04-20T09:35:28.098079,Map-Energy__sum__linear-conv00017-20250303_180047-20250304_000047-25.000000-30.000000.png,2025-03-03T18:00:47,2025-03-04T00:00:47,25.0,30.0,2025-03-03T21:00:47,27.5,10.889673808393,79.020806600637,NOISE,2025-03-03T21:00:47,27.5,10.889673808393,79.020806600637,NOISE,2025-03-03T21:00:47,27.5,10.889673808393,79.020806600637,NOISE,2025-03-03T21:00:47,27.5,10.889673808393,79.020806600637,NOISE
2026-04-20T09:35:29.442153,Map-Energy__sum__linear-conv00027-20250304_000047-20250304_060047-25.000000-30.000000.png,2025-03-04T00:00:47,2025-03-04T06:00:47,25.0,30.0,2025-03-04T03:00:47,27.5,10.889673808393,79.020806600637,NOISE,2025-03-04T03:00:47,27.5,10.889673808393,79.020806600637,NOISE,2025-03-04T03:00:47,27.5,10.889673808393,79.020806600637,NOISE,2025-03-04T03:00:47,27.5,10.889673808393,79.020806600637,NOISE
2026-04-20T09:35:31.018136,Map-Energy__sum__linear-conv00037-20250304_060047-20250304_120047-25.000000-30.000000.png,2025-03-04T06:00:47,2025-03-04T12:00:47,25.0,30.0,2025-03-04T09:00:47,27.5,10.889673808393,79.020806600637,NOISE,2025-03-04T09:00:47,27.5,10.889673808393,79.020806600637,NOISE,2025-03-04T09:00:47,27.5,10.889673808393,79.020806600637,NOISE,2025-03-04T09:00:47,27.5,10.889673808393,79.020806600637,NOISE
2026-04-20T09:35:32.209793,Map-Energy__sum__linear-conv00047-20250304_120047-20250304_180047-25.000000-30.000000.png,2025-03-04T12:00:47,2025-03-04T18:00:47,25.0,30.0,2025-03-04T15:00:47,27.5,10.889673808393,79.020806600637,NOISE,2025-03-04T15:00:47,27.5,10.889673808393,79.020806600637,NOISE,2025-03-04T15:00:47,27.5,10.889673808393,79.020806600637,NOISE,2025-03-04T15:00:47,27.5,10.889673808393,79.020806600637,NOISE
2026-04-20T09:35:33.785854,Map-Energy__sum__linear-conv00057-20250304_180047-20250305_000047-25.000000-30.000000.png,2025-03-04T18:00:47,2025-03-05T00:00:47,25.0,30.0,2025-03-04T21:00:47,27.5,10.889673808393,79.020806600637,NOISE,2025-03-04T21:00:47,27.5,10.889673808393,79.020806600637,NOISE,2025-03-04T21:00:47,27.5,10.889673808393,79.020806600637,NOISE,2025-03-04T21:00:47,27.5,10.889673808393,79.020806600637,NOISE
2026-04-20T09:35:35.306045,Map-Energy__sum__linear-conv00067-20250305_000047-20250305_060047-25.000000-30.000000.png,2025-03-05T00:00:47,2025-03-05T06:00:47,25.0,30.0,2025-03-05T03:00:47,27.5,10.889673808393,79.020806600637,NOISE,2025-03-05T03:00:47,27.5,10.889673808393,79.020806600637,NOISE,2025-03-05T03:00:47,27.5,10.889673808393,79.020806600637,NOISE,2025-03-05T03:00:47,27.5,10.889673808393,79.020806600637,NOISE
2026-04-20T09:35:36.882262,Map-Energy__sum__linear-conv00077-20250305_060047-20250305_120047-25.000000-30.000000.png,2025-03-05T06:00:47,2025-03-05T12:00:47,25.0,30.0,2025-03-05T09:00:47,27.5,10.889673808393,79.020806600637,NOISE,2025-03-05T09:00:47,27.5,10.889673808393,79.020806600637,NOISE,2025-03-05T09:00:47,27.5,10.889673808393,79.020806600637,NOISE,2025-03-05T09:00:47,27.5,10.889673808393,79.020806600637,NOISE
2026-04-20T09:35:38.202867,Map-Energy__sum__linear-conv00087-20250305_120047-20250305_180047-25.000000-30.000000.png,2025-03-05T12:00:47,2025-03-05T18:00:47,25.0,30.0,2025-03-05T15:00:47,27.5,10.889673808393,79.020806600637,NOISE,2025-03-05T15:00:47,27.5,10.889673808393,79.020806600637,NOISE,2025-03-05T15:00:47,27.5,10.889673808393,79.020806600637,NOISE,2025-03-05T15:00:47,27.5,10.889673808393,79.020806600637,NOISE
2026-04-20T09:35:39.474316,Map-Energy__sum__linear-conv00097-20250305_180047-20250306_000047-25.000000-30.000000.png,2025-03-05T18:00:47,2025-03-06T00:00:47,25.0,30.0,2025-03-05T21:00:47,27.5,10.889673808393,79.020806600637,NOISE,2025-03-05T21:00:47,27.5,10.889673808393,79.020806600637,NOISE,2025-03-05T21:00:47,27.5,10.889673808393,79.020806600637,NOISE,2025-03-05T21:00:47,27.5,10.889673808393,79.020806600637,NOISE
2026-04-20T09:35:40.730019,Map-Energy__sum__linear-conv00107-20250306_000047-20250306_060047-25.000000-30.000000.png,2025-03-06T00:00:47,2025-03-06T06:00:47,25.0,30.0,2025-03-06T03:00:47,27.5,10.889673808393,79.020806600637,NOISE,2025-03-06T03:00:47,27.5,10.889673808393,79.020806600637,NOISE,2025-03-06T03:00:47,27.5,10.889673808393,79.020806600637,NOISE,2025-03-06T03:00:47,27.5,10.889673808393,79.020806600637,NOISE
2026-04-20T09:35:43.306242,Map-Energy__sum__linear-conv00117-20250306_060047-20250306_120047-25.000000-30.000000.png,2025-03-06T06:00:47,2025-03-06T12:00:47,25.0,30.0,2025-03-06T09:00:47,27.5,10.889673808393,79.020806600637,NOISE,2025-03-06T09:00:47,27.5,10.889673808393,79.020806600637,NOISE,2025-03-06T09:00:47,27.5,10.889673808393,79.020806600637,NOISE,2025-03-06T09:00:47,27.5,10.889673808393,79.020806600637,NOISE
2026-04-20T09:35:45.474314,Map-Energy__sum__linear-conv00127-20250306_120047-20250306_180047-25.000000-30.000000.png,2025-03-06T12:00:47,2025-03-06T18:00:47,25.0,30.0,2025-03-06T15:00:47,27.5,10.889673808393,79.020806600637,NOISE,2025-03-06T15:00:47,27.5,10.889673808393,79.020806600637,NOISE,2025-03-06T15:00:47,27.5,10.889673808393,79.020806600637,NOISE,2025-03-06T15:00:47,27.5,10.889673808393,79.020806600637,NOISE
2026-04-20T09:35:46.730480,Map-Energy__sum__linear-conv00137-20250306_180047-20250307_000047-25.000000-30.000000.png,2025-03-06T18:00:47,2025-03-07T00:00:47,25.0,30.0,2025-03-06T21:00:47,27.5,10.889673808393,79.020806600637,NOISE,2025-03-06T21:00:47,27.5,10.889673808393,79.020806600637,NOISE,2025-03-06T21:00:47,27.5,10.889673808393,79.020806600637,NOISE,2025-03-06T21:00:47,27.5,10.889673808393,79.020806600637,NOISE
2026-04-20T09:35:48.114410,Map-Energy__sum__linear-conv00147-20250307_000047-20250307_060047-25.000000-30.000000.png,2025-03-07T00:00:47,2025-03-07T06:00:47,25.0,30.0,2025-03-07T03:00:47,27.5,10.889673808393,79.020806600637,NOISE,2025-03-07T03:00:47,27.5,10.889673808393,79.020806600637,NOISE,2025-03-07T03:00:47,27.5,10.889673808393,79.020806600637,NOISE,2025-03-07T03:00:47,27.5,10.889673808393,79.020806600637,NOISE
2026-04-20T09:35:49.234592,Map-Energy__sum__linear-conv00157-20250307_060047-20250307_120047-25.000000-30.000000.png,2025-03-07T06:00:47,2025-03-07T12:00:47,25.0,30.0,2025-03-07T09:00:47,27.5,10.889673808393,79.020806600637,NOISE,2025-03-07T09:00:47,27.5,10.889673808393,79.020806600637,NOISE,2025-03-07T09:00:47,27.5,10.889673808393,79.020806600637,NOISE,2025-03-07T09:00:47,27.5,10.889673808393,79.020806600637,NOISE
2026-04-20T09:35:50.411269,Map-Energy__sum__linear-conv00167-20250307_120047-20250307_180047-25.000000-30.000000.png,2025-03-07T12:00:47,2025-03-07T18:00:47,25.0,30.0,2025-03-07T15:00:47,27.5,10.889673808393,79.020806600637,NOISE,2025-03-07T15:00:47,27.5,10.889673808393,79.020806600637,NOISE,2025-03-07T15:00:47,27.5,10.889673808393,79.020806600637,NOISE,2025-03-07T15:00:47,27.5,10.889673808393,79.020806600637,NOISE
2026-04-20T09:35:51.610055,Map-Energy__sum__linear-conv00177-20250307_180047-20250308_000047-25.000000-30.000000.png,2025-03-07T18:00:47,2025-03-08T00:00:47,25.0,30.0,2025-03-07T21:00:47,27.5,10.889673808393,79.020806600637,NOISE,2025-03-07T21:00:47,27.5,10.889673808393,79.020806600637,NOISE,2025-03-07T21:00:47,27.5,10.889673808393,79.020806600637,NOISE,2025-03-07T21:00:47,27.5,10.889673808393,79.020806600637,NOISE
2026-04-20T09:35:52.730202,Map-Energy__sum__linear-conv00187-20250308_000047-20250308_060047-25.000000-30.000000.png,2025-03-08T00:00:47,2025-03-08T06:00:47,25.0,30.0,2025-03-08T03:00:47,27.5,10.889673808393,79.020806600637,NOISE,2025-03-08T03:00:47,27.5,10.889673808393,79.020806600637,NOISE,2025-03-08T03:00:47,27.5,10.889673808393,79.020806600637,NOISE,2025-03-08T03:00:47,27.5,10.889673808393,79.020806600637,NOISE
2026-04-20T09:35:53.978258,Map-Energy__sum__linear-conv00197-20250308_060047-20250308_120047-25.000000-30.000000.png,2025-03-08T06:00:47,2025-03-08T12:00:47,25.0,30.0,2025-03-08T09:00:47,27.5,10.889673808393,79.020806600637,NOISE,2025-03-08T09:00:47,27.5,10.889673808393,79.020806600637,NOISE,2025-03-08T09:00:47,27.5,10.889673808393,79.020806600637,NOISE,2025-03-08T09:00:47,27.5,10.889673808393,79.020806600637,NOISE
2026-04-20T09:35:55.514453,Map-Energy__sum__linear-conv00207-20250308_120047-20250308_180047-25.000000-30.000000.png,2025-03-08T12:00:47,2025-03-08T18:00:47,25.0,30.0,2025-03-08T15:00:47,27.5,10.889673808393,79.020806600637,NOISE,2025-03-08T15:00:47,27.5,10.889673808393,79.020806600637,NOISE,2025-03-08T15:00:47,27.5,10.889673808393,79.020806600637,NOISE,2025-03-08T15:00:47,27.5,10.889673808393,79.020806600637,NOISE
2026-04-20T09:35:57.122260,Map-Energy__sum__linear-conv00217-20250308_180047-20250309_000047-25.000000-30.000000.png,2025-03-08T18:00:47,2025-03-09T00:00:47,25.0,30.0,2025-03-08T21:00:47,27.5,10.889673808393,79.020806600637,NOISE,2025-03-08T21:00:47,27.5,10.889673808393,79.020806600637,NOISE,2025-03-08T21:00:47,27.5,10.889673808393,79.020806600637,NOISE,2025-03-08T21:00:47,27.5,10.889673808393,79.020806600637,NOISE
2026-04-20T09:35:59.466210,Map-Energy__sum__linear-conv00227-20250309_000047-20250309_060047-25.000000-30.000000.png,2025-03-09T00:00:47,2025-03-09T06:00:47,25.0,30.0,2025-03-09T03:00:47,27.5,10.889673808393,79.020806600637,NOISE,2025-03-09T03:00:47,27.5,10.889673808393,79.020806600637,NOISE,2025-03-09T03:00:47,27.5,10.889673808393,79.020806600637,NOISE,2025-03-09T03:00:47,27.5,10.889673808393,79.020806600637,NOISE
2026-04-20T09:36:01.066197,Map-Energy__sum__linear-conv00237-20250309_060047-20250309_120047-25.000000-30.000000.png,2025-03-09T06:00:47,2025-03-09T12:00:47,25.0,30.0,2025-03-09T09:00:47,27.5,10.889673808393,79.020806600637,NOISE,2025-03-09T09:00:47,27.5,10.889673808393,79.020806600637,NOISE,2025-03-09T09:00:47,27.5,10.889673808393,79.020806600637,NOISE,2025-03-09T09:00:47,27.5,10.889673808393,79.020806600637,NOISE
2026-04-20T09:36:03.049906,Map-Energy__sum__linear-conv00247-20250309_120047-20250309_180047-25.000000-30.000000.png,2025-03-09T12:00:47,2025-03-09T18:00:47,25.0,30.0,2025-03-09T15:00:47,27.5,10.889673808393,79.020806600637,NOISE,2025-03-09T15:00:47,27.5,10.889673808393,79.020806600637,NOISE,2025-03-09T15:00:47,27.5,10.889673808393,79.020806600637,NOISE,2025-03-09T15:00:47,27.5,10.889673808393,79.020806600637,NOISE
2026-04-20T09:36:04.506193,Map-Energy__sum__linear-conv00257-20250309_180047-20250310_000047-25.000000-30.000000.png,2025-03-09T18:00:47,2025-03-10T00:00:47,25.0,30.0,2025-03-09T21:00:47,27.5,10.889673808393,79.020806600637,NOISE,2025-03-09T21:00:47,27.5,10.889673808393,79.020806600637,NOISE,2025-03-09T21:00:47,27.5,10.889673808393,79.020806600637,NOISE,2025-03-09T21:00:47,27.5,10.889673808393,79.020806600637,NOISE
2026-04-20T09:36:05.697840,Map-Energy__sum__linear-conv00267-20250310_000047-20250310_060047-25.000000-30.000000.png,2025-03-10T00:00:47,2025-03-10T06:00:47,25.0,30.0,2025-03-10T03:00:47,27.5,10.889673808393,79.020806600637,NOISE,2025-03-10T03:00:47,27.5,10.889673808393,79.020806600637,NOISE,2025-03-10T03:00:47,27.5,10.889673808393,79.020806600637,NOISE,2025-03-10T03:00:47,27.5,10.889673808393,79.020806600637,NOISE
2026-04-20T09:36:12.610222,Map-Energy__sum__linear-conv00277-20250310_060047-20250310_120047-25.000000-30.000000.png,2025-03-10T06:00:47,2025-03-10T12:00:47,25.0,30.0,2025-03-10T09:00:47,27.5,10.889673808393,79.020806600637,NOISE,2025-03-10T09:00:47,27.5,10.889673808393,79.020806600637,NOISE,2025-03-10T09:00:47,27.5,10.889673808393,79.020806600637,NOISE,2025-03-10T09:00:47,27.5,10.889673808393,79.020806600637,NOISE
2026-04-20T09:36:13.786317,Map-Energy__sum__linear-conv00287-20250310_120047-20250310_180047-25.000000-30.000000.png,2025-03-10T12:00:47,2025-03-10T18:00:47,25.0,30.0,2025-03-10T15:00:47,27.5,10.889673808393,79.020806600637,NOISE,2025-03-10T15:00:47,27.5,10.889673808393,79.020806600637,NOISE,2025-03-10T15:00:47,27.5,10.889673808393,79.020806600637,NOISE,2025-03-10T15:00:47,27.5,10.889673808393,79.020806600637,NOISE
2026-04-20T09:36:14.889818,Map-Energy__sum__linear-conv00297-20250310_180047-20250311_000047-25.000000-30.000000.png,2025-03-10T18:00:47,2025-03-11T00:00:47,25.0,30.0,2025-03-10T21:00:47,27.5,10.889673808393,79.020806600637,NOISE,2025-03-10T21:00:47,27.5,10.889673808393,79.020806600637,NOISE,2025-03-10T21:00:47,27.5,10.889673808393,79.020806600637,NOISE,2025-03-10T21:00:47,27.5,10.889673808393,79.020806600637,NOISE
2026-04-20T09:36:16.082244,Map-Energy__sum__linear-conv00307-20250311_000047-20250311_060047-25.000000-30.000000.png,2025-03-11T00:00:47,2025-03-11T06:00:47,25.0,30.0,2025-03-11T03:00:47,27.5,10.889673808393,79.020806600637,NOISE,2025-03-11T03:00:47,27.5,10.889673808393,79.020806600637,NOISE,2025-03-11T03:00:47,27.5,10.889673808393,79.020806600637,NOISE,2025-03-11T03:00:47,27.5,10.889673808393,79.020806600637,NOISE
2026-04-20T09:36:18.003026,Map-Energy__sum__linear-conv00317-20250311_060047-20250311_120047-25.000000-30.000000.png,2025-03-11T06:00:47,2025-03-11T12:00:47,25.0,30.0,2025-03-11T09:00:47,27.5,10.889673808393,79.020806600637,NOISE,2025-03-11T09:00:47,27.5,10.889673808393,79.020806600637,NOISE,2025-03-11T09:00:47,27.5,10.889673808393,79.020806600637,NOISE,2025-03-11T09:00:47,27.5,10.889673808393,79.020806600637,NOISE
2026-04-20T09:36:19.353935,Map-Energy__sum__linear-conv00327-20250311_120047-20250311_180047-25.000000-30.000000.png,2025-03-11T12:00:47,2025-03-11T18:00:47,25.0,30.0,2025-03-11T15:00:47,27.5,10.889673808393,79.020806600637,NOISE,2025-03-11T15:00:47,27.5,10.889673808393,79.020806600637,NOISE,2025-03-11T15:00:47,27.5,10.889673808393,79.020806600637,NOISE,2025-03-11T15:00:47,27.5,10.889673808393,79.020806600637,NOISE
2026-04-20T09:36:20.682597,Map-Energy__sum__linear-conv00337-20250311_180047-20250312_000047-25.000000-30.000000.png,2025-03-11T18:00:47,2025-03-12T00:00:47,25.0,30.0,2025-03-11T21:00:47,27.5,10.889673808393,79.020806600637,NOISE,2025-03-11T21:00:47,27.5,10.889673808393,79.020806600637,NOISE,2025-03-11T21:00:47,27.5,10.889673808393,79.020806600637,NOISE,2025-03-11T21:00:47,27.5,10.889673808393,79.020806600637,NOISE
2026-04-20T09:36:22.129624,Map-Energy__sum__linear-conv00347-20250312_000047-20250312_060047-25.000000-30.000000.png,2025-03-12T00:00:47,2025-03-12T06:00:47,25.0,30.0,2025-03-12T03:00:47,27.5,10.889673808393,79.020806600637,NOISE,2025-03-12T03:00:47,27.5,10.889673808393,79.020806600637,NOISE,2025-03-12T03:00:47,27.5,10.889673808393,79.020806600637,NOISE,2025-03-12T03:00:47,27.5,10.889673808393,79.020806600637,NOISE
2026-04-20T09:36:23.490485,Map-Energy__sum__linear-conv00357-20250312_060047-20250312_120047-25.000000-30.000000.png,2025-03-12T06:00:47,2025-03-12T12:00:47,25.0,30.0,2025-03-12T09:00:47,27.5,10.889673808393,79.020806600637,NOISE,2025-03-12T09:00:47,27.5,10.889673808393,79.020806600637,NOISE,2025-03-12T09:00:47,27.5,10.889673808393,79.020806600637,NOISE,2025-03-12T09:00:47,27.5,10.889673808393,79.020806600637,NOISE
2026-04-20T09:36:25.017667,Map-Energy__sum__linear-conv00367-20250312_120047-20250312_180047-25.000000-30.000000.png,2025-03-12T12:00:47,2025-03-12T18:00:47,25.0,30.0,2025-03-12T15:00:47,27.5,10.889673808393,79.020806600637,NOISE,2025-03-12T15:00:47,27.5,10.889673808393,79.020806600637,NOISE,2025-03-12T15:00:47,27.5,10.889673808393,79.020806600637,NOISE,2025-03-12T15:00:47,27.5,10.889673808393,79.020806600637,NOISE
2026-04-20T09:36:27.482610,Map-Energy__sum__linear-conv00377-20250312_180047-20250313_000047-25.000000-30.000000.png,2025-03-12T18:00:47,2025-03-13T00:00:47,25.0,30.0,2025-03-12T21:00:47,27.5,10.889673808393,79.020806600637,NOISE,2025-03-12T21:00:47,27.5,10.889673808393,79.020806600637,NOISE,2025-03-12T21:00:47,27.5,10.889673808393,79.020806600637,NOISE,2025-03-12T21:00:47,27.5,10.889673808393,79.020806600637,NOISE
2026-04-20T09:36:28.714108,Map-Energy__sum__linear-conv00387-20250313_000047-20250313_060047-25.000000-30.000000.png,2025-03-13T00:00:47,2025-03-13T06:00:47,25.0,30.0,2025-03-13T03:00:47,27.5,10.889673808393,79.020806600637,NOISE,2025-03-13T03:00:47,27.5,10.889673808393,79.020806600637,NOISE,2025-03-13T03:00:47,27.5,10.889673808393,79.020806600637,NOISE,2025-03-13T03:00:47,27.5,10.889673808393,79.020806600637,NOISE
2026-04-20T09:36:29.818095,Map-Energy__sum__linear-conv00397-20250313_060047-20250313_120047-25.000000-30.000000.png,2025-03-13T06:00:47,2025-03-13T12:00:47,25.0,30.0,2025-03-13T09:00:47,27.5,10.889673808393,79.020806600637,NOISE,2025-03-13T09:00:47,27.5,10.889673808393,79.020806600637,NOISE,2025-03-13T09:00:47,27.5,10.889673808393,79.020806600637,NOISE,2025-03-13T09:00:47,27.5,10.889673808393,79.020806600637,NOISE
2026-04-20T09:36:30.794280,Map-Energy__sum__linear-conv00407-20250313_120047-20250313_180047-25.000000-30.000000.png,2025-03-13T12:00:47,2025-03-13T18:00:47,25.0,30.0,2025-03-13T15:00:47,27.5,10.889673808393,79.020806600637,NOISE,2025-03-13T15:00:47,27.5,10.889673808393,79.020806600637,NOISE,2025-03-13T15:00:47,27.5,10.889673808393,79.020806600637,NOISE,2025-03-13T15:00:47,27.5,10.889673808393,79.020806600637,NOISE
2026-04-20T09:36:31.898295,Map-Energy__sum__linear-conv00417-20250313_180047-20250314_000047-25.000000-30.000000.png,2025-03-13T18:00:47,2025-03-14T00:00:47,25.0,30.0,2025-03-13T21:00:47,27.5,10.889673808393,79.020806600637,NOISE,2025-03-13T21:00:47,27.5,10.889673808393,79.020806600637,NOISE,2025-03-13T21:00:47,27.5,10.889673808393,79.020806600637,NOISE,2025-03-13T21:00:47,27.5,10.889673808393,79.020806600637,NOISE
2026-04-20T09:36:32.977959,Map-Energy__sum__linear-conv00427-20250314_000047-20250314_060047-25.000000-30.000000.png,2025-03-14T00:00:47,2025-03-14T06:00:47,25.0,30.0,2025-03-14T03:00:47,27.5,10.889673808393,79.020806600637,NOISE,2025-03-14T03:00:47,27.5,10.889673808393,79.020806600637,NOISE,2025-03-14T03:00:47,27.5,10.889673808393,79.020806600637,NOISE,2025-03-14T03:00:47,27.5,10.889673808393,79.020806600637,NOISE
2026-04-20T09:36:34.010109,Map-Energy__sum__linear-conv00437-20250314_060047-20250314_120047-25.000000-30.000000.png,2025-03-14T06:00:47,2025-03-14T12:00:47,25.0,30.0,2025-03-14T09:00:47,27.5,10.889673808393,79.020806600637,NOISE,2025-03-14T09:00:47,27.5,10.889673808393,79.020806600637,NOISE,2025-03-14T09:00:47,27.5,10.889673808393,79.020806600637,NOISE,2025-03-14T09:00:47,27.5,10.889673808393,79.020806600637,NOISE
2026-04-20T09:36:35.418362,Map-Energy__sum__linear-conv00447-20250314_120047-20250314_180047-25.000000-30.000000.png,2025-03-14T12:00:47,2025-03-14T18:00:47,25.0,30.0,2025-03-14T15:00:47,27.5,10.889673808393,79.020806600637,NOISE,2025-03-14T15:00:47,27.5,10.889673808393,79.020806600637,NOISE,2025-03-14T15:00:47,27.5,10.889673808393,79.020806600637,NOISE,2025-03-14T15:00:47,27.5,10.889673808393,79.020806600637,NOISE
2026-04-20T09:36:52.874314,Map-Energy__sum__linear-conv00457-20250314_180047-20250315_000047-25.000000-30.000000.png,2025-03-14T18:00:47,2025-03-15T00:00:47,25.0,30.0,2025-03-14T19:17:10,25.717927,10.9730985731387,79.0208523109018,VESSEL,2025-03-14T21:00:47,27.5,10.889673808393,79.020806600637,NOISE,2025-03-14T21:00:47,27.5,10.889673808393,79.020806600637,NOISE,2025-03-14T21:00:47,27.5,10.889673808393,79.020806600637,NOISE
2026-04-20T09:36:55.602679,Map-Energy__sum__linear-conv00467-20250315_000047-20250315_060047-25.000000-30.000000.png,2025-03-15T00:00:47,2025-03-15T06:00:47,25.0,30.0,2025-03-15T03:00:47,27.5,10.889673808393,79.020806600637,NOISE,2025-03-15T03:00:47,27.5,10.889673808393,79.020806600637,NOISE,2025-03-15T03:00:47,27.5,10.889673808393,79.020806600637,NOISE,2025-03-15T03:00:47,27.5,10.889673808393,79.020806600637,NOISE
2026-04-20T09:36:56.723578,Map-Energy__sum__linear-conv00477-20250315_060047-20250315_120047-25.000000-30.000000.png,2025-03-15T06:00:47,2025-03-15T12:00:47,25.0,30.0,2025-03-15T09:00:47,27.5,10.889673808393,79.020806600637,NOISE,2025-03-15T09:00:47,27.5,10.889673808393,79.020806600637,NOISE,2025-03-15T09:00:47,27.5,10.889673808393,79.020806600637,NOISE,2025-03-15T09:00:47,27.5,10.889673808393,79.020806600637,NOISE
2026-04-20T09:36:57.810323,Map-Energy__sum__linear-conv00487-20250315_120047-20250315_180047-25.000000-30.000000.png,2025-03-15T12:00:47,2025-03-15T18:00:47,25.0,30.0,2025-03-15T15:00:47,27.5,10.889673808393,79.020806600637,NOISE,2025-03-15T15:00:47,27.5,10.889673808393,79.020806600637,NOISE,2025-03-15T15:00:47,27.5,10.889673808393,79.020806600637,NOISE,2025-03-15T15:00:47,27.5,10.889673808393,79.020806600637,NOISE
2026-04-20T09:36:59.147288,Map-Energy__sum__linear-conv00497-20250315_180047-20250316_000047-25.000000-30.000000.png,2025-03-15T18:00:47,2025-03-16T00:00:47,25.0,30.0,2025-03-15T21:00:47,27.5,10.889673808393,79.020806600637,NOISE,2025-03-15T21:00:47,27.5,10.889673808393,79.020806600637,NOISE,2025-03-15T21:00:47,27.5,10.889673808393,79.020806600637,NOISE,2025-03-15T21:00:47,27.5,10.889673808393,79.020806600637,NOISE
2026-04-20T09:37:00.706606,Map-Energy__sum__linear-conv00507-20250316_000047-20250316_060047-25.000000-30.000000.png,2025-03-16T00:00:47,2025-03-16T06:00:47,25.0,30.0,2025-03-16T03:00:47,27.5,10.889673808393,79.020806600637,NOISE,2025-03-16T03:00:47,27.5,10.889673808393,79.020806600637,NOISE,2025-03-16T03:00:47,27.5,10.889673808393,79.020806600637,NOISE,2025-03-16T03:00:47,27.5,10.889673808393,79.020806600637,NOISE
2026-04-20T09:37:02.234074,Map-Energy__sum__linear-conv00517-20250316_060047-20250316_120047-25.000000-30.000000.png,2025-03-16T06:00:47,2025-03-16T12:00:47,25.0,30.0,2025-03-16T09:00:47,27.5,10.889673808393,79.020806600637,NOISE,2025-03-16T09:00:47,27.5,10.889673808393,79.020806600637,NOISE,2025-03-16T09:00:47,27.5,10.889673808393,79.020806600637,NOISE,2025-03-16T09:00:47,27.5,10.889673808393,79.020806600637,NOISE
2026-04-20T09:37:03.498254,Map-Energy__sum__linear-conv00527-20250316_120047-20250316_180047-25.000000-30.000000.png,2025-03-16T12:00:47,2025-03-16T18:00:47,25.0,30.0,2025-03-16T15:00:47,27.5,10.889673808393,79.020806600637,NOISE,2025-03-16T15:00:47,27.5,10.889673808393,79.020806600637,NOISE,2025-03-16T15:00:47,27.5,10.889673808393,79.020806600637,NOISE,2025-03-16T15:00:47,27.5,10.889673808393,79.020806600637,NOISE
2026-04-20T09:37:04.506663,Map-Energy__sum__linear-conv00537-20250316_180047-20250317_000047-25.000000-30.000000.png,2025-03-16T18:00:47,2025-03-17T00:00:47,25.0,30.0,2025-03-16T21:00:47,27.5,10.889673808393,79.020806600637,NOISE,2025-03-16T21:00:47,27.5,10.889673808393,79.020806600637,NOISE,2025-03-16T21:00:47,27.5,10.889673808393,79.020806600637,NOISE,2025-03-16T21:00:47,27.5,10.889673808393,79.020806600637,NOISE
2026-04-20T09:37:05.890242,Map-Energy__sum__linear-conv00547-20250317_000047-20250317_060047-25.000000-30.000000.png,2025-03-17T00:00:47,2025-03-17T06:00:47,25.0,30.0,2025-03-17T03:00:47,27.5,10.889673808393,79.020806600637,NOISE,2025-03-17T03:00:47,27.5,10.889673808393,79.020806600637,NOISE,2025-03-17T03:00:47,27.5,10.889673808393,79.020806600637,NOISE,2025-03-17T03:00:47,27.5,10.889673808393,79.020806600637,NOISE
2026-04-20T09:37:06.906754,Map-Energy__sum__linear-conv00557-20250317_060047-20250317_120047-25.000000-30.000000.png,2025-03-17T06:00:47,2025-03-17T12:00:47,25.0,30.0,2025-03-17T09:00:47,27.5,10.889673808393,79.020806600637,NOISE,2025-03-17T09:00:47,27.5,10.889673808393,79.020806600637,NOISE,2025-03-17T09:00:47,27.5,10.889673808393,79.020806600637,NOISE,2025-03-17T09:00:47,27.5,10.889673808393,79.020806600637,NOISE
2026-04-20T09:37:08.106612,Map-Energy__sum__linear-conv00567-20250317_120047-20250317_180047-25.000000-30.000000.png,2025-03-17T12:00:47,2025-03-17T18:00:47,25.0,30.0,2025-03-17T15:00:47,27.5,10.889673808393,79.020806600637,NOISE,2025-03-17T15:00:47,27.5,10.889673808393,79.020806600637,NOISE,2025-03-17T15:00:47,27.5,10.889673808393,79.020806600637,NOISE,2025-03-17T15:00:47,27.5,10.889673808393,79.020806600637,NOISE
2026-04-20T09:37:09.226657,Map-Energy__sum__linear-conv00577-20250317_180047-20250318_000047-25.000000-30.000000.png,2025-03-17T18:00:47,2025-03-18T00:00:47,25.0,30.0,2025-03-17T21:00:47,27.5,10.889673808393,79.020806600637,NOISE,2025-03-17T21:00:47,27.5,10.889673808393,79.020806600637,NOISE,2025-03-17T21:00:47,27.5,10.889673808393,79.020806600637,NOISE,2025-03-17T21:00:47,27.5,10.889673808393,79.020806600637,NOISE
2026-04-20T09:37:10.458705,Map-Energy__sum__linear-conv00587-20250318_000047-20250318_060047-25.000000-30.000000.png,2025-03-18T00:00:47,2025-03-18T06:00:47,25.0,30.0,2025-03-18T03:00:47,27.5,10.889673808393,79.020806600637,NOISE,2025-03-18T03:00:47,27.5,10.889673808393,79.020806600637,NOISE,2025-03-18T03:00:47,27.5,10.889673808393,79.020806600637,NOISE,2025-03-18T03:00:47,27.5,10.889673808393,79.020806600637,NOISE
2026-04-20T09:37:11.890362,Map-Energy__sum__linear-conv00597-20250318_060047-20250318_120047-25.000000-30.000000.png,2025-03-18T06:00:47,2025-03-18T12:00:47,25.0,30.0,2025-03-18T09:00:47,27.5,10.889673808393,79.020806600637,NOISE,2025-03-18T09:00:47,27.5,10.889673808393,79.020806600637,NOISE,2025-03-18T09:00:47,27.5,10.889673808393,79.020806600637,NOISE,2025-03-18T09:00:47,27.5,10.889673808393,79.020806600637,NOISE
2026-04-20T09:37:12.978663,Map-Energy__sum__linear-conv00607-20250318_120047-20250318_180047-25.000000-30.000000.png,2025-03-18T12:00:47,2025-03-18T18:00:47,25.0,30.0,2025-03-18T15:00:47,27.5,10.889673808393,79.020806600637,NOISE,2025-03-18T15:00:47,27.5,10.889673808393,79.020806600637,NOISE,2025-03-18T15:00:47,27.5,10.889673808393,79.020806600637,NOISE,2025-03-18T15:00:47,27.5,10.889673808393,79.020806600637,NOISE
2026-04-20T09:37:14.650167,Map-Energy__sum__linear-conv00617-20250318_180047-20250319_000047-25.000000-30.000000.png,2025-03-18T18:00:47,2025-03-19T00:00:47,25.0,30.0,2025-03-18T21:00:47,27.5,10.889673808393,79.020806600637,NOISE,2025-03-18T21:00:47,27.5,10.889673808393,79.020806600637,NOISE,2025-03-18T21:00:47,27.5,10.889673808393,79.020806600637,NOISE,2025-03-18T21:00:47,27.5,10.889673808393,79.020806600637,NOISE
2026-04-20T09:37:15.898127,Map-Energy__sum__linear-conv00627-20250319_000047-20250319_060047-25.000000-30.000000.png,2025-03-19T00:00:47,2025-03-19T06:00:47,25.0,30.0,2025-03-19T03:00:47,27.5,10.889673808393,79.020806600637,NOISE,2025-03-19T03:00:47,27.5,10.889673808393,79.020806600637,NOISE,2025-03-19T03:00:47,27.5,10.889673808393,79.020806600637,NOISE,2025-03-19T03:00:47,27.5,10.889673808393,79.020806600637,NOISE
2026-04-20T09:37:18.714304,Map-Energy__sum__linear-conv00637-20250319_060047-20250319_120047-25.000000-30.000000.png,2025-03-19T06:00:47,2025-03-19T12:00:47,25.0,30.0,2025-03-19T09:00:47,27.5,10.889673808393,79.020806600637,NOISE,2025-03-19T09:00:47,27.5,10.889673808393,79.020806600637,NOISE,2025-03-19T09:00:47,27.5,10.889673808393,79.020806600637,NOISE,2025-03-19T09:00:47,27.5,10.889673808393,79.020806600637,NOISE
2026-04-20T09:37:20.418991,Map-Energy__sum__linear-conv00647-20250319_120047-20250319_180047-25.000000-30.000000.png,2025-03-19T12:00:47,2025-03-19T18:00:47,25.0,30.0,2025-03-19T15:00:47,27.5,10.889673808393,79.020806600637,NOISE,2025-03-19T15:00:47,27.5,10.889673808393,79.020806600637,NOISE,2025-03-19T15:00:47,27.5,10.889673808393,79.020806600637,NOISE,2025-03-19T15:00:47,27.5,10.889673808393,79.020806600637,NOISE
2026-04-20T09:37:21.858235,Map-Energy__sum__linear-conv00657-20250319_180047-20250320_000047-25.000000-30.000000.png,2025-03-19T18:00:47,2025-03-20T00:00:47,25.0,30.0,2025-03-19T21:00:47,27.5,10.889673808393,79.020806600637,NOISE,2025-03-19T21:00:47,27.5,10.889673808393,79.020806600637,NOISE,2025-03-19T21:00:47,27.5,10.889673808393,79.020806600637,NOISE,2025-03-19T21:00:47,27.5,10.889673808393,79.020806600637,NOISE
2026-04-20T09:37:23.138050,Map-Energy__sum__linear-conv00667-20250320_000047-20250320_060047-25.000000-30.000000.png,2025-03-20T00:00:47,2025-03-20T06:00:47,25.0,30.0,2025-03-20T03:00:47,27.5,10.889673808393,79.020806600637,NOISE,2025-03-20T03:00:47,27.5,10.889673808393,79.020806600637,NOISE,2025-03-20T03:00:47,27.5,10.889673808393,79.020806600637,NOISE,2025-03-20T03:00:47,27.5,10.889673808393,79.020806600637,NOISE
2026-04-20T09:37:24.434476,Map-Energy__sum__linear-conv00677-20250320_060047-20250320_120047-25.000000-30.000000.png,2025-03-20T06:00:47,2025-03-20T12:00:47,25.0,30.0,2025-03-20T09:00:47,27.5,10.889673808393,79.020806600637,NOISE,2025-03-20T09:00:47,27.5,10.889673808393,79.020806600637,NOISE,2025-03-20T09:00:47,27.5,10.889673808393,79.020806600637,NOISE,2025-03-20T09:00:47,27.5,10.889673808393,79.020806600637,NOISE
2026-04-20T09:37:30.587127,Map-Energy__sum__linear-conv00687-20250320_120047-20250320_180047-25.000000-30.000000.png,2025-03-20T12:00:47,2025-03-20T18:00:47,25.0,30.0,2025-03-20T15:00:47,27.5,10.889673808393,79.020806600637,NOISE,2025-03-20T15:00:47,27.5,10.889673808393,79.020806600637,NOISE,2025-03-20T15:00:47,27.5,10.889673808393,79.020806600637,NOISE,2025-03-20T15:00:47,27.5,10.889673808393,79.020806600637,NOISE
2026-04-20T09:37:32.322358,Map-Energy__sum__linear-conv00697-20250320_180047-20250321_000047-25.000000-30.000000.png,2025-03-20T18:00:47,2025-03-21T00:00:47,25.0,30.0,2025-03-20T21:00:47,27.5,10.889673808393,79.020806600637,NOISE,2025-03-20T21:00:47,27.5,10.889673808393,79.020806600637,NOISE,2025-03-20T21:00:47,27.5,10.889673808393,79.020806600637,NOISE,2025-03-20T21:00:47,27.5,10.889673808393,79.020806600637,NOISE
2026-04-20T09:37:33.466183,Map-Energy__sum__linear-conv00707-20250321_000047-20250321_060047-25.000000-30.000000.png,2025-03-21T00:00:47,2025-03-21T06:00:47,25.0,30.0,2025-03-21T03:00:47,27.5,10.889673808393,79.020806600637,NOISE,2025-03-21T03:00:47,27.5,10.889673808393,79.020806600637,NOISE,2025-03-21T03:00:47,27.5,10.889673808393,79.020806600637,NOISE,2025-03-21T03:00:47,27.5,10.889673808393,79.020806600637,NOISE
2026-04-20T09:37:34.834302,Map-Energy__sum__linear-conv00717-20250321_060047-20250321_120047-25.000000-30.000000.png,2025-03-21T06:00:47,2025-03-21T12:00:47,25.0,30.0,2025-03-21T09:00:47,27.5,10.889673808393,79.020806600637,NOISE,2025-03-21T09:00:47,27.5,10.889673808393,79.020806600637,NOISE,2025-03-21T09:00:47,27.5,10.889673808393,79.020806600637,NOISE,2025-03-21T09:00:47,27.5,10.889673808393,79.020806600637,NOISE
2026-04-20T09:37:36.386801,Map-Energy__sum__linear-conv00727-20250321_120047-20250321_180047-25.000000-30.000000.png,2025-03-21T12:00:47,2025-03-21T18:00:47,25.0,30.0,2025-03-21T15:00:47,27.5,10.889673808393,79.020806600637,NOISE,2025-03-21T15:00:47,27.5,10.889673808393,79.020806600637,NOISE,2025-03-21T15:00:47,27.5,10.889673808393,79.020806600637,NOISE,2025-03-21T15:00:47,27.5,10.889673808393,79.020806600637,NOISE
2026-04-20T09:37:37.706294,Map-Energy__sum__linear-conv00737-20250321_180047-20250322_000047-25.000000-30.000000.png,2025-03-21T18:00:47,2025-03-22T00:00:47,25.0,30.0,2025-03-21T21:00:47,27.5,10.889673808393,79.020806600637,NOISE,2025-03-21T21:00:47,27.5,10.889673808393,79.020806600637,NOISE,2025-03-21T21:00:47,27.5,10.889673808393,79.020806600637,NOISE,2025-03-21T21:00:47,27.5,10.889673808393,79.020806600637,NOISE
2026-04-20T09:37:38.946356,Map-Energy__sum__linear-conv00747-20250322_000047-20250322_060047-25.000000-30.000000.png,2025-03-22T00:00:47,2025-03-22T06:00:47,25.0,30.0,2025-03-22T03:00:47,27.5,10.889673808393,79.020806600637,NOISE,2025-03-22T03:00:47,27.5,10.889673808393,79.020806600637,NOISE,2025-03-22T03:00:47,27.5,10.889673808393,79.020806600637,NOISE,2025-03-22T03:00:47,27.5,10.889673808393,79.020806600637,NOISE
2026-04-20T09:37:40.754131,Map-Energy__sum__linear-conv00757-20250322_060047-20250322_120047-25.000000-30.000000.png,2025-03-22T06:00:47,2025-03-22T12:00:47,25.0,30.0,2025-03-22T09:00:47,27.5,10.889673808393,79.020806600637,NOISE,2025-03-22T09:00:47,27.5,10.889673808393,79.020806600637,NOISE,2025-03-22T09:00:47,27.5,10.889673808393,79.020806600637,NOISE,2025-03-22T09:00:47,27.5,10.889673808393,79.020806600637,NOISE
2026-04-20T09:37:44.562375,Map-Energy__sum__linear-conv00767-20250322_120047-20250322_180047-25.000000-30.000000.png,2025-03-22T12:00:47,2025-03-22T18:00:47,25.0,30.0,2025-03-22T15:00:47,27.5,10.889673808393,79.020806600637,NOISE,2025-03-22T15:00:47,27.5,10.889673808393,79.020806600637,NOISE,2025-03-22T15:00:47,27.5,10.889673808393,79.020806600637,NOISE,2025-03-22T15:00:47,27.5,10.889673808393,79.020806600637,NOISE
2026-04-20T09:37:46.226323,Map-Energy__sum__linear-conv00777-20250322_180047-20250323_000047-25.000000-30.000000.png,2025-03-22T18:00:47,2025-03-23T00:00:47,25.0,30.0,2025-03-22T21:00:47,27.5,10.889673808393,79.020806600637,NOISE,2025-03-22T21:00:47,27.5,10.889673808393,79.020806600637,NOISE,2025-03-22T21:00:47,27.5,10.889673808393,79.020806600637,NOISE,2025-03-22T21:00:47,27.5,10.889673808393,79.020806600637,NOISE
2026-04-20T09:37:47.650369,Map-Energy__sum__linear-conv00787-20250323_000047-20250323_060047-25.000000-30.000000.png,2025-03-23T00:00:47,2025-03-23T06:00:47,25.0,30.0,2025-03-23T03:00:47,27.5,10.889673808393,79.020806600637,NOISE,2025-03-23T03:00:47,27.5,10.889673808393,79.020806600637,NOISE,2025-03-23T03:00:47,27.5,10.889673808393,79.020806600637,NOISE,2025-03-23T03:00:47,27.5,10.889673808393,79.020806600637,NOISE
2026-04-20T09:37:53.554519,Map-Energy__sum__linear-conv00797-20250323_060047-20250323_120047-25.000000-30.000000.png,2025-03-23T06:00:47,2025-03-23T12:00:47,25.0,30.0,2025-03-23T09:00:47,27.5,10.889673808393,79.020806600637,VESSEL,2025-03-23T09:00:47,27.5,10.889673808393,79.020806600637,NOISE,2025-03-23T09:00:47,27.5,10.889673808393,79.020806600637,NOISE,2025-03-23T09:00:47,27.5,10.889673808393,79.020806600637,NOISE
2026-04-20T09:38:01.770418,Map-Energy__sum__linear-conv00807-20250323_120047-20250323_180047-25.000000-30.000000.png,2025-03-23T12:00:47,2025-03-23T18:00:47,25.0,30.0,2025-03-23T13:27:40,27.359924,10.8962439836489,79.0208796073961,OTHER,2025-03-23T15:00:47,27.5,10.889673808393,79.020806600637,NOISE,2025-03-23T15:00:47,27.5,10.889673808393,79.020806600637,NOISE,2025-03-23T15:00:47,27.5,10.889673808393,79.020806600637,NOISE
2026-04-20T09:38:06.595069,Map-Energy__sum__linear-conv00817-20250323_180047-20250324_000047-25.000000-30.000000.png,2025-03-23T18:00:47,2025-03-24T00:00:47,25.0,30.0,2025-03-23T21:00:47,27.5,10.889673808393,79.020806600637,NOISE,2025-03-23T21:00:47,27.5,10.889673808393,79.020806600637,NOISE,2025-03-23T21:00:47,27.5,10.889673808393,79.020806600637,NOISE,2025-03-23T21:00:47,27.5,10.889673808393,79.020806600637,NOISE
2026-04-20T09:38:08.314295,Map-Energy__sum__linear-conv00827-20250324_000047-20250324_060047-25.000000-30.000000.png,2025-03-24T00:00:47,2025-03-24T06:00:47,25.0,30.0,2025-03-24T03:00:47,27.5,10.889673808393,79.020806600637,NOISE,2025-03-24T03:00:47,27.5,10.889673808393,79.020806600637,NOISE,2025-03-24T03:00:47,27.5,10.889673808393,79.020806600637,NOISE,2025-03-24T03:00:47,27.5,10.889673808393,79.020806600637,NOISE
2026-04-20T09:38:09.882756,Map-Energy__sum__linear-conv00837-20250324_060047-20250324_120047-25.000000-30.000000.png,2025-03-24T06:00:47,2025-03-24T12:00:47,25.0,30.0,2025-03-24T09:00:47,27.5,10.889673808393,79.020806600637,NOISE,2025-03-24T09:00:47,27.5,10.889673808393,79.020806600637,NOISE,2025-03-24T09:00:47,27.5,10.889673808393,79.020806600637,NOISE,2025-03-24T09:00:47,27.5,10.889673808393,79.020806600637,NOISE
2026-04-20T09:38:15.594299,Map-Energy__sum__linear-conv00847-20250324_120047-20250324_180047-25.000000-30.000000.png,2025-03-24T12:00:47,2025-03-24T18:00:47,25.0,30.0,2025-03-24T16:46:36,28.550567,10.8403383721795,79.0206567842216,VESSEL,2025-03-24T15:00:47,27.5,10.889673808393,79.020806600637,NOISE,2025-03-24T15:00:47,27.5,10.889673808393,79.020806600637,NOISE,2025-03-24T15:00:47,27.5,10.889673808393,79.020806600637,NOISE
2026-04-20T09:38:18.154215,Map-Energy__sum__linear-conv00857-20250324_180047-20250325_000047-25.000000-30.000000.png,2025-03-24T18:00:47,2025-03-25T00:00:47,25.0,30.0,2025-03-24T21:00:47,27.5,10.889673808393,79.020806600637,NOISE,2025-03-24T21:00:47,27.5,10.889673808393,79.020806600637,NOISE,2025-03-24T21:00:47,27.5,10.889673808393,79.020806600637,NOISE,2025-03-24T21:00:47,27.5,10.889673808393,79.020806600637,NOISE
2026-04-20T09:38:21.507339,Map-Energy__sum__linear-conv00867-20250325_000047-20250325_060047-25.000000-30.000000.png,2025-03-25T00:00:47,2025-03-25T06:00:47,25.0,30.0,2025-03-25T03:00:47,27.5,10.889673808393,79.020806600637,NOISE,2025-03-25T03:00:47,27.5,10.889673808393,79.020806600637,NOISE,2025-03-25T03:00:47,27.5,10.889673808393,79.020806600637,NOISE,2025-03-25T03:00:47,27.5,10.889673808393,79.020806600637,NOISE
2026-04-20T09:38:23.778134,Map-Energy__sum__linear-conv00877-20250325_060047-20250325_120047-25.000000-30.000000.png,2025-03-25T06:00:47,2025-03-25T12:00:47,25.0,30.0,2025-03-25T09:00:47,27.5,10.889673808393,79.020806600637,NOISE,2025-03-25T09:00:47,27.5,10.889673808393,79.020806600637,NOISE,2025-03-25T09:00:47,27.5,10.889673808393,79.020806600637,NOISE,2025-03-25T09:00:47,27.5,10.889673808393,79.020806600637,NOISE
2026-04-20T09:38:25.514294,Map-Energy__sum__linear-conv00887-20250325_120047-20250325_180047-25.000000-30.000000.png,2025-03-25T12:00:47,2025-03-25T18:00:47,25.0,30.0,2025-03-25T15:00:47,27.5,10.889673808393,79.020806600637,NOISE,2025-03-25T15:00:47,27.5,10.889673808393,79.020806600637,NOISE,2025-03-25T15:00:47,27.5,10.889673808393,79.020806600637,NOISE,2025-03-25T15:00:47,27.5,10.889673808393,79.020806600637,NOISE
2026-04-20T09:38:27.050408,Map-Energy__sum__linear-conv00897-20250325_180047-20250326_000047-25.000000-30.000000.png,2025-03-25T18:00:47,2025-03-26T00:00:47,25.0,30.0,2025-03-25T21:00:47,27.5,10.889673808393,79.020806600637,NOISE,2025-03-25T21:00:47,27.5,10.889673808393,79.020806600637,NOISE,2025-03-25T21:00:47,27.5,10.889673808393,79.020806600637,NOISE,2025-03-25T21:00:47,27.5,10.889673808393,79.020806600637,NOISE
2026-04-20T09:38:28.442600,Map-Energy__sum__linear-conv00907-20250326_000047-20250326_060047-25.000000-30.000000.png,2025-03-26T00:00:47,2025-03-26T06:00:47,25.0,30.0,2025-03-26T03:00:47,27.5,10.889673808393,79.020806600637,NOISE,2025-03-26T03:00:47,27.5,10.889673808393,79.020806600637,NOISE,2025-03-26T03:00:47,27.5,10.889673808393,79.020806600637,NOISE,2025-03-26T03:00:47,27.5,10.889673808393,79.020806600637,NOISE
2026-04-20T09:38:30.682436,Map-Energy__sum__linear-conv00917-20250326_060047-20250326_120047-25.000000-30.000000.png,2025-03-26T06:00:47,2025-03-26T12:00:47,25.0,30.0,2025-03-26T09:00:47,27.5,10.889673808393,79.020806600637,NOISE,2025-03-26T09:00:47,27.5,10.889673808393,79.020806600637,NOISE,2025-03-26T09:00:47,27.5,10.889673808393,79.020806600637,NOISE,2025-03-26T09:00:47,27.5,10.889673808393,79.020806600637,NOISE
2026-04-20T09:38:31.962671,Map-Energy__sum__linear-conv00927-20250326_120047-20250326_180047-25.000000-30.000000.png,2025-03-26T12:00:47,2025-03-26T18:00:47,25.0,30.0,2025-03-26T15:00:47,27.5,10.889673808393,79.020806600637,NOISE,2025-03-26T15:00:47,27.5,10.889673808393,79.020806600637,NOISE,2025-03-26T15:00:47,27.5,10.889673808393,79.020806600637,NOISE,2025-03-26T15:00:47,27.5,10.889673808393,79.020806600637,NOISE
2026-04-20T09:38:33.042463,Map-Energy__sum__linear-conv00937-20250326_180047-20250327_000047-25.000000-30.000000.png,2025-03-26T18:00:47,2025-03-27T00:00:47,25.0,30.0,2025-03-26T21:00:47,27.5,10.889673808393,79.020806600637,NOISE,2025-03-26T21:00:47,27.5,10.889673808393,79.020806600637,NOISE,2025-03-26T21:00:47,27.5,10.889673808393,79.020806600637,NOISE,2025-03-26T21:00:47,27.5,10.889673808393,79.020806600637,NOISE
2026-04-20T09:38:33.794301,Map-Energy__sum__linear-conv00947-20250327_000047-20250327_060047-25.000000-30.000000.png,2025-03-27T00:00:47,2025-03-27T06:00:47,25.0,30.0,2025-03-27T03:00:47,27.5,10.889673808393,79.020806600637,NOISE,2025-03-27T03:00:47,27.5,10.889673808393,79.020806600637,NOISE,2025-03-27T03:00:47,27.5,10.889673808393,79.020806600637,NOISE,2025-03-27T03:00:47,27.5,10.889673808393,79.020806600637,NOISE
2026-04-20T09:38:34.562710,Map-Energy__sum__linear-conv00957-20250327_060047-20250327_120047-25.000000-30.000000.png,2025-03-27T06:00:47,2025-03-27T12:00:47,25.0,30.0,2025-03-27T09:00:47,27.5,10.889673808393,79.020806600637,NOISE,2025-03-27T09:00:47,27.5,10.889673808393,79.020806600637,NOISE,2025-03-27T09:00:47,27.5,10.889673808393,79.020806600637,NOISE,2025-03-27T09:00:47,27.5,10.889673808393,79.020806600637,NOISE
2026-04-20T09:38:35.578415,Map-Energy__sum__linear-conv00967-20250327_120047-20250327_180047-25.000000-30.000000.png,2025-03-27T12:00:47,2025-03-27T18:00:47,25.0,30.0,2025-03-27T15:00:47,27.5,10.889673808393,79.020806600637,NOISE,2025-03-27T15:00:47,27.5,10.889673808393,79.020806600637,NOISE,2025-03-27T15:00:47,27.5,10.889673808393,79.020806600637,NOISE,2025-03-27T15:00:47,27.5,10.889673808393,79.020806600637,NOISE
2026-04-20T09:38:36.378667,Map-Energy__sum__linear-conv00977-20250327_180047-20250328_000047-25.000000-30.000000.png,2025-03-27T18:00:47,2025-03-28T00:00:47,25.0,30.0,2025-03-27T21:00:47,27.5,10.889673808393,79.020806600637,NOISE,2025-03-27T21:00:47,27.5,10.889673808393,79.020806600637,NOISE,2025-03-27T21:00:47,27.5,10.889673808393,79.020806600637,NOISE,2025-03-27T21:00:47,27.5,10.889673808393,79.020806600637,NOISE
2026-04-20T09:38:37.130298,Map-Energy__sum__linear-conv00987-20250328_000047-20250328_060047-25.000000-30.000000.png,2025-03-28T00:00:47,2025-03-28T06:00:47,25.0,30.0,2025-03-28T03:00:47,27.5,10.889673808393,79.020806600637,NOISE,2025-03-28T03:00:47,27.5,10.889673808393,79.020806600637,NOISE,2025-03-28T03:00:47,27.5,10.889673808393,79.020806600637,NOISE,2025-03-28T03:00:47,27.5,10.889673808393,79.020806600637,NOISE
2026-04-20T09:38:37.874464,Map-Energy__sum__linear-conv00997-20250328_060047-20250328_120047-25.000000-30.000000.png,2025-03-28T06:00:47,2025-03-28T12:00:47,25.0,30.0,2025-03-28T09:00:47,27.5,10.889673808393,79.020806600637,NOISE,2025-03-28T09:00:47,27.5,10.889673808393,79.020806600637,NOISE,2025-03-28T09:00:47,27.5,10.889673808393,79.020806600637,NOISE,2025-03-28T09:00:47,27.5,10.889673808393,79.020806600637,NOISE
2026-04-20T09:38:38.538336,Map-Energy__sum__linear-conv01007-20250328_120047-20250328_180047-25.000000-30.000000.png,2025-03-28T12:00:47,2025-03-28T18:00:47,25.0,30.0,2025-03-28T15:00:47,27.5,10.889673808393,79.020806600637,NOISE,2025-03-28T15:00:47,27.5,10.889673808393,79.020806600637,NOISE,2025-03-28T15:00:47,27.5,10.889673808393,79.020806600637,NOISE,2025-03-28T15:00:47,27.5,10.889673808393,79.020806600637,NOISE
2026-04-20T09:38:39.153915,Map-Energy__sum__linear-conv01017-20250328_180047-20250329_000047-25.000000-30.000000.png,2025-03-28T18:00:47,2025-03-29T00:00:47,25.0,30.0,2025-03-28T21:00:47,27.5,10.889673808393,79.020806600637,NOISE,2025-03-28T21:00:47,27.5,10.889673808393,79.020806600637,NOISE,2025-03-28T21:00:47,27.5,10.889673808393,79.020806600637,NOISE,2025-03-28T21:00:47,27.5,10.889673808393,79.020806600637,NOISE
2026-04-20T09:38:39.962383,Map-Energy__sum__linear-conv01027-20250329_000047-20250329_060047-25.000000-30.000000.png,2025-03-29T00:00:47,2025-03-29T06:00:47,25.0,30.0,2025-03-29T03:00:47,27.5,10.889673808393,79.020806600637,NOISE,2025-03-29T03:00:47,27.5,10.889673808393,79.020806600637,NOISE,2025-03-29T03:00:47,27.5,10.889673808393,79.020806600637,NOISE,2025-03-29T03:00:47,27.5,10.889673808393,79.020806600637,NOISE
2026-04-20T09:38:40.706269,Map-Energy__sum__linear-conv01037-20250329_060047-20250329_120047-25.000000-30.000000.png,2025-03-29T06:00:47,2025-03-29T12:00:47,25.0,30.0,2025-03-29T09:00:47,27.5,10.889673808393,79.020806600637,NOISE,2025-03-29T09:00:47,27.5,10.889673808393,79.020806600637,NOISE,2025-03-29T09:00:47,27.5,10.889673808393,79.020806600637,NOISE,2025-03-29T09:00:47,27.5,10.889673808393,79.020806600637,NOISE
2026-04-20T09:38:41.452010,Map-Energy__sum__linear-conv01047-20250329_120047-20250329_180047-25.000000-30.000000.png,2025-03-29T12:00:47,2025-03-29T18:00:47,25.0,30.0,2025-03-29T15:00:47,27.5,10.889673808393,79.020806600637,NOISE,2025-03-29T15:00:47,27.5,10.889673808393,79.020806600637,NOISE,2025-03-29T15:00:47,27.5,10.889673808393,79.020806600637,NOISE,2025-03-29T15:00:47,27.5,10.889673808393,79.020806600637,NOISE
2026-04-20T09:38:42.170652,Map-Energy__sum__linear-conv01057-20250329_180047-20250330_000047-25.000000-30.000000.png,2025-03-29T18:00:47,2025-03-30T00:00:47,25.0,30.0,2025-03-29T21:00:47,27.5,10.889673808393,79.020806600637,NOISE,2025-03-29T21:00:47,27.5,10.889673808393,79.020806600637,NOISE,2025-03-29T21:00:47,27.5,10.889673808393,79.020806600637,NOISE,2025-03-29T21:00:47,27.5,10.889673808393,79.020806600637,NOISE
2026-04-20T09:38:42.794312,Map-Energy__sum__linear-conv01067-20250330_000047-20250330_060047-25.000000-30.000000.png,2025-03-30T00:00:47,2025-03-30T06:00:47,25.0,30.0,2025-03-30T03:00:47,27.5,10.889673808393,79.020806600637,NOISE,2025-03-30T03:00:47,27.5,10.889673808393,79.020806600637,NOISE,2025-03-30T03:00:47,27.5,10.889673808393,79.020806600637,NOISE,2025-03-30T03:00:47,27.5,10.889673808393,79.020806600637,NOISE
2026-04-20T09:38:43.498381,Map-Energy__sum__linear-conv01077-20250330_060047-20250330_120047-25.000000-30.000000.png,2025-03-30T06:00:47,2025-03-30T12:00:47,25.0,30.0,2025-03-30T09:00:47,27.5,10.889673808393,79.020806600637,NOISE,2025-03-30T09:00:47,27.5,10.889673808393,79.020806600637,NOISE,2025-03-30T09:00:47,27.5,10.889673808393,79.020806600637,NOISE,2025-03-30T09:00:47,27.5,10.889673808393,79.020806600637,NOISE
2026-04-20T09:38:44.138416,Map-Energy__sum__linear-conv01087-20250330_120047-20250330_180047-25.000000-30.000000.png,2025-03-30T12:00:47,2025-03-30T18:00:47,25.0,30.0,2025-03-30T15:00:47,27.5,10.889673808393,79.020806600637,NOISE,2025-03-30T15:00:47,27.5,10.889673808393,79.020806600637,NOISE,2025-03-30T15:00:47,27.5,10.889673808393,79.020806600637,NOISE,2025-03-30T15:00:47,27.5,10.889673808393,79.020806600637,NOISE
2026-04-20T09:38:45.154288,Map-Energy__sum__linear-conv01097-20250330_180047-20250331_000047-25.000000-30.000000.png,2025-03-30T18:00:47,2025-03-31T00:00:47,25.0,30.0,2025-03-30T21:00:47,27.5,10.889673808393,79.020806600637,NOISE,2025-03-30T21:00:47,27.5,10.889673808393,79.020806600637,NOISE,2025-03-30T21:00:47,27.5,10.889673808393,79.020806600637,NOISE,2025-03-30T21:00:47,27.5,10.889673808393,79.020806600637,NOISE
2026-04-20T09:38:45.978243,Map-Energy__sum__linear-conv01107-20250331_000047-20250331_060047-25.000000-30.000000.png,2025-03-31T00:00:47,2025-03-31T06:00:47,25.0,30.0,2025-03-31T03:00:47,27.5,10.889673808393,79.020806600637,NOISE,2025-03-31T03:00:47,27.5,10.889673808393,79.020806600637,NOISE,2025-03-31T03:00:47,27.5,10.889673808393,79.020806600637,NOISE,2025-03-31T03:00:47,27.5,10.889673808393,79.020806600637,NOISE
2026-04-20T09:38:48.635296,Map-Energy__sum__linear-conv00006-20250331_060047-20250331_120047-25.000000-30.000000.png,2025-03-31T06:00:47,2025-03-31T12:00:47,25.0,30.0,2025-03-31T09:00:47,27.5,10.889673808393,79.020806600637,NOISE,2025-03-31T09:00:47,27.5,10.889673808393,79.020806600637,NOISE,2025-03-31T09:00:47,27.5,10.889673808393,79.020806600637,NOISE,2025-03-31T09:00:47,27.5,10.889673808393,79.020806600637,NOISE
2026-04-20T09:38:50.226069,Map-Energy__sum__linear-conv00016-20250331_120047-20250331_180047-25.000000-30.000000.png,2025-03-31T12:00:47,2025-03-31T18:00:47,25.0,30.0,2025-03-31T15:00:47,27.5,10.889673808393,79.020806600637,NOISE,2025-03-31T15:00:47,27.5,10.889673808393,79.020806600637,NOISE,2025-03-31T15:00:47,27.5,10.889673808393,79.020806600637,NOISE,2025-03-31T15:00:47,27.5,10.889673808393,79.020806600637,NOISE
2026-04-20T09:38:51.298798,Map-Energy__sum__linear-conv00026-20250331_180047-20250401_000047-25.000000-30.000000.png,2025-03-31T18:00:47,2025-04-01T00:00:47,25.0,30.0,2025-03-31T21:00:47,27.5,10.889673808393,79.020806600637,NOISE,2025-03-31T21:00:47,27.5,10.889673808393,79.020806600637,NOISE,2025-03-31T21:00:47,27.5,10.889673808393,79.020806600637,NOISE,2025-03-31T21:00:47,27.5,10.889673808393,79.020806600637,NOISE
2026-04-20T09:38:52.634360,Map-Energy__sum__linear-conv00007-20250301_000047-20250301_060047-30.000000-35.000000.png,2025-03-01T00:00:47,2025-03-01T06:00:47,30.0,35.0,2025-03-01T03:00:47,32.5,10.6593790614908,79.0131989106931,NOISE,2025-03-01T03:00:47,32.5,10.6593790614908,79.0131989106931,NOISE,2025-03-01T03:00:47,32.5,10.6593790614908,79.0131989106931,NOISE,2025-03-01T03:00:47,32.5,10.6593790614908,79.0131989106931,NOISE
2026-04-20T09:38:54.162634,Map-Energy__sum__linear-conv00017-20250301_060047-20250301_120047-30.000000-35.000000.png,2025-03-01T06:00:47,2025-03-01T12:00:47,30.0,35.0,2025-03-01T09:00:47,32.5,10.6593790614908,79.0131989106931,NOISE,2025-03-01T09:00:47,32.5,10.6593790614908,79.0131989106931,NOISE,2025-03-01T09:00:47,32.5,10.6593790614908,79.0131989106931,NOISE,2025-03-01T09:00:47,32.5,10.6593790614908,79.0131989106931,NOISE
2026-04-20T09:38:55.290146,Map-Energy__sum__linear-conv00027-20250301_120047-20250301_180047-30.000000-35.000000.png,2025-03-01T12:00:47,2025-03-01T18:00:47,30.0,35.0,2025-03-01T15:00:47,32.5,10.6593790614908,79.0131989106931,NOISE,2025-03-01T15:00:47,32.5,10.6593790614908,79.0131989106931,NOISE,2025-03-01T15:00:47,32.5,10.6593790614908,79.0131989106931,NOISE,2025-03-01T15:00:47,32.5,10.6593790614908,79.0131989106931,NOISE
2026-04-20T09:38:56.162553,Map-Energy__sum__linear-conv00037-20250301_180047-20250302_000047-30.000000-35.000000.png,2025-03-01T18:00:47,2025-03-02T00:00:47,30.0,35.0,2025-03-01T21:00:47,32.5,10.6593790614908,79.0131989106931,NOISE,2025-03-01T21:00:47,32.5,10.6593790614908,79.0131989106931,NOISE,2025-03-01T21:00:47,32.5,10.6593790614908,79.0131989106931,NOISE,2025-03-01T21:00:47,32.5,10.6593790614908,79.0131989106931,NOISE
2026-04-20T09:38:57.337976,Map-Energy__sum__linear-conv00047-20250302_000047-20250302_060047-30.000000-35.000000.png,2025-03-02T00:00:47,2025-03-02T06:00:47,30.0,35.0,2025-03-02T03:00:47,32.5,10.6593790614908,79.0131989106931,NOISE,2025-03-02T03:00:47,32.5,10.6593790614908,79.0131989106931,NOISE,2025-03-02T03:00:47,32.5,10.6593790614908,79.0131989106931,NOISE,2025-03-02T03:00:47,32.5,10.6593790614908,79.0131989106931,NOISE
2026-04-20T09:38:58.290275,Map-Energy__sum__linear-conv00057-20250302_060047-20250302_120047-30.000000-35.000000.png,2025-03-02T06:00:47,2025-03-02T12:00:47,30.0,35.0,2025-03-02T09:00:47,32.5,10.6593790614908,79.0131989106931,NOISE,2025-03-02T09:00:47,32.5,10.6593790614908,79.0131989106931,NOISE,2025-03-02T09:00:47,32.5,10.6593790614908,79.0131989106931,NOISE,2025-03-02T09:00:47,32.5,10.6593790614908,79.0131989106931,NOISE
2026-04-20T09:38:59.306674,Map-Energy__sum__linear-conv00067-20250302_120047-20250302_180047-30.000000-35.000000.png,2025-03-02T12:00:47,2025-03-02T18:00:47,30.0,35.0,2025-03-02T15:00:47,32.5,10.6593790614908,79.0131989106931,NOISE,2025-03-02T15:00:47,32.5,10.6593790614908,79.0131989106931,NOISE,2025-03-02T15:00:47,32.5,10.6593790614908,79.0131989106931,NOISE,2025-03-02T15:00:47,32.5,10.6593790614908,79.0131989106931,NOISE
2026-04-20T09:39:00.322971,Map-Energy__sum__linear-conv00077-20250302_180047-20250303_000047-30.000000-35.000000.png,2025-03-02T18:00:47,2025-03-03T00:00:47,30.0,35.0,2025-03-02T21:00:47,32.5,10.6593790614908,79.0131989106931,NOISE,2025-03-02T21:00:47,32.5,10.6593790614908,79.0131989106931,NOISE,2025-03-02T21:00:47,32.5,10.6593790614908,79.0131989106931,NOISE,2025-03-02T21:00:47,32.5,10.6593790614908,79.0131989106931,NOISE
2026-04-20T09:39:01.274290,Map-Energy__sum__linear-conv00087-20250303_000047-20250303_060047-30.000000-35.000000.png,2025-03-03T00:00:47,2025-03-03T06:00:47,30.0,35.0,2025-03-03T03:00:47,32.5,10.6593790614908,79.0131989106931,NOISE,2025-03-03T03:00:47,32.5,10.6593790614908,79.0131989106931,NOISE,2025-03-03T03:00:47,32.5,10.6593790614908,79.0131989106931,NOISE,2025-03-03T03:00:47,32.5,10.6593790614908,79.0131989106931,NOISE
2026-04-20T09:39:02.442068,Map-Energy__sum__linear-conv00097-20250303_060047-20250303_120047-30.000000-35.000000.png,2025-03-03T06:00:47,2025-03-03T12:00:47,30.0,35.0,2025-03-03T09:00:47,32.5,10.6593790614908,79.0131989106931,NOISE,2025-03-03T09:00:47,32.5,10.6593790614908,79.0131989106931,NOISE,2025-03-03T09:00:47,32.5,10.6593790614908,79.0131989106931,NOISE,2025-03-03T09:00:47,32.5,10.6593790614908,79.0131989106931,NOISE
2026-04-20T09:39:03.403064,Map-Energy__sum__linear-conv00008-20250303_120047-20250303_180047-30.000000-35.000000.png,2025-03-03T12:00:47,2025-03-03T18:00:47,30.0,35.0,2025-03-03T15:00:47,32.5,10.6593790614908,79.0131989106931,NOISE,2025-03-03T15:00:47,32.5,10.6593790614908,79.0131989106931,NOISE,2025-03-03T15:00:47,32.5,10.6593790614908,79.0131989106931,NOISE,2025-03-03T15:00:47,32.5,10.6593790614908,79.0131989106931,NOISE
2026-04-20T09:39:04.794458,Map-Energy__sum__linear-conv00018-20250303_180047-20250304_000047-30.000000-35.000000.png,2025-03-03T18:00:47,2025-03-04T00:00:47,30.0,35.0,2025-03-03T21:00:47,32.5,10.6593790614908,79.0131989106931,NOISE,2025-03-03T21:00:47,32.5,10.6593790614908,79.0131989106931,NOISE,2025-03-03T21:00:47,32.5,10.6593790614908,79.0131989106931,NOISE,2025-03-03T21:00:47,32.5,10.6593790614908,79.0131989106931,NOISE
2026-04-20T09:39:05.970862,Map-Energy__sum__linear-conv00028-20250304_000047-20250304_060047-30.000000-35.000000.png,2025-03-04T00:00:47,2025-03-04T06:00:47,30.0,35.0,2025-03-04T03:00:47,32.5,10.6593790614908,79.0131989106931,NOISE,2025-03-04T03:00:47,32.5,10.6593790614908,79.0131989106931,NOISE,2025-03-04T03:00:47,32.5,10.6593790614908,79.0131989106931,NOISE,2025-03-04T03:00:47,32.5,10.6593790614908,79.0131989106931,NOISE
2026-04-20T09:39:07.866230,Map-Energy__sum__linear-conv00038-20250304_060047-20250304_120047-30.000000-35.000000.png,2025-03-04T06:00:47,2025-03-04T12:00:47,30.0,35.0,2025-03-04T09:00:47,32.5,10.6593790614908,79.0131989106931,NOISE,2025-03-04T09:00:47,32.5,10.6593790614908,79.0131989106931,NOISE,2025-03-04T09:00:47,32.5,10.6593790614908,79.0131989106931,NOISE,2025-03-04T09:00:47,32.5,10.6593790614908,79.0131989106931,NOISE
2026-04-20T09:39:09.074463,Map-Energy__sum__linear-conv00048-20250304_120047-20250304_180047-30.000000-35.000000.png,2025-03-04T12:00:47,2025-03-04T18:00:47,30.0,35.0,2025-03-04T15:00:47,32.5,10.6593790614908,79.0131989106931,NOISE,2025-03-04T15:00:47,32.5,10.6593790614908,79.0131989106931,NOISE,2025-03-04T15:00:47,32.5,10.6593790614908,79.0131989106931,NOISE,2025-03-04T15:00:47,32.5,10.6593790614908,79.0131989106931,NOISE
2026-04-20T09:39:10.050279,Map-Energy__sum__linear-conv00058-20250304_180047-20250305_000047-30.000000-35.000000.png,2025-03-04T18:00:47,2025-03-05T00:00:47,30.0,35.0,2025-03-04T21:00:47,32.5,10.6593790614908,79.0131989106931,NOISE,2025-03-04T21:00:47,32.5,10.6593790614908,79.0131989106931,NOISE,2025-03-04T21:00:47,32.5,10.6593790614908,79.0131989106931,NOISE,2025-03-04T21:00:47,32.5,10.6593790614908,79.0131989106931,NOISE
2026-04-20T09:39:10.818453,Map-Energy__sum__linear-conv00068-20250305_000047-20250305_060047-30.000000-35.000000.png,2025-03-05T00:00:47,2025-03-05T06:00:47,30.0,35.0,2025-03-05T03:00:47,32.5,10.6593790614908,79.0131989106931,NOISE,2025-03-05T03:00:47,32.5,10.6593790614908,79.0131989106931,NOISE,2025-03-05T03:00:47,32.5,10.6593790614908,79.0131989106931,NOISE,2025-03-05T03:00:47,32.5,10.6593790614908,79.0131989106931,NOISE
2026-04-20T09:39:12.490634,Map-Energy__sum__linear-conv00078-20250305_060047-20250305_120047-30.000000-35.000000.png,2025-03-05T06:00:47,2025-03-05T12:00:47,30.0,35.0,2025-03-05T09:00:47,32.5,10.6593790614908,79.0131989106931,NOISE,2025-03-05T09:00:47,32.5,10.6593790614908,79.0131989106931,NOISE,2025-03-05T09:00:47,32.5,10.6593790614908,79.0131989106931,NOISE,2025-03-05T09:00:47,32.5,10.6593790614908,79.0131989106931,NOISE
2026-04-20T09:39:13.788109,Map-Energy__sum__linear-conv00088-20250305_120047-20250305_180047-30.000000-35.000000.png,2025-03-05T12:00:47,2025-03-05T18:00:47,30.0,35.0,2025-03-05T15:00:47,32.5,10.6593790614908,79.0131989106931,NOISE,2025-03-05T15:00:47,32.5,10.6593790614908,79.0131989106931,NOISE,2025-03-05T15:00:47,32.5,10.6593790614908,79.0131989106931,NOISE,2025-03-05T15:00:47,32.5,10.6593790614908,79.0131989106931,NOISE
2026-04-20T09:39:15.106522,Map-Energy__sum__linear-conv00098-20250305_180047-20250306_000047-30.000000-35.000000.png,2025-03-05T18:00:47,2025-03-06T00:00:47,30.0,35.0,2025-03-05T21:00:47,32.5,10.6593790614908,79.0131989106931,NOISE,2025-03-05T21:00:47,32.5,10.6593790614908,79.0131989106931,NOISE,2025-03-05T21:00:47,32.5,10.6593790614908,79.0131989106931,NOISE,2025-03-05T21:00:47,32.5,10.6593790614908,79.0131989106931,NOISE
2026-04-20T09:39:16.259459,Map-Energy__sum__linear-conv00108-20250306_000047-20250306_060047-30.000000-35.000000.png,2025-03-06T00:00:47,2025-03-06T06:00:47,30.0,35.0,2025-03-06T03:00:47,32.5,10.6593790614908,79.0131989106931,NOISE,2025-03-06T03:00:47,32.5,10.6593790614908,79.0131989106931,NOISE,2025-03-06T03:00:47,32.5,10.6593790614908,79.0131989106931,NOISE,2025-03-06T03:00:47,32.5,10.6593790614908,79.0131989106931,NOISE
2026-04-20T09:39:17.562382,Map-Energy__sum__linear-conv00118-20250306_060047-20250306_120047-30.000000-35.000000.png,2025-03-06T06:00:47,2025-03-06T12:00:47,30.0,35.0,2025-03-06T09:00:47,32.5,10.6593790614908,79.0131989106931,NOISE,2025-03-06T09:00:47,32.5,10.6593790614908,79.0131989106931,NOISE,2025-03-06T09:00:47,32.5,10.6593790614908,79.0131989106931,NOISE,2025-03-06T09:00:47,32.5,10.6593790614908,79.0131989106931,NOISE
2026-04-20T09:39:20.378475,Map-Energy__sum__linear-conv00128-20250306_120047-20250306_180047-30.000000-35.000000.png,2025-03-06T12:00:47,2025-03-06T18:00:47,30.0,35.0,2025-03-06T15:00:47,32.5,10.6593790614908,79.0131989106931,NOISE,2025-03-06T15:00:47,32.5,10.6593790614908,79.0131989106931,NOISE,2025-03-06T15:00:47,32.5,10.6593790614908,79.0131989106931,NOISE,2025-03-06T15:00:47,32.5,10.6593790614908,79.0131989106931,NOISE
2026-04-20T09:39:21.898633,Map-Energy__sum__linear-conv00138-20250306_180047-20250307_000047-30.000000-35.000000.png,2025-03-06T18:00:47,2025-03-07T00:00:47,30.0,35.0,2025-03-06T21:00:47,32.5,10.6593790614908,79.0131989106931,NOISE,2025-03-06T21:00:47,32.5,10.6593790614908,79.0131989106931,NOISE,2025-03-06T21:00:47,32.5,10.6593790614908,79.0131989106931,NOISE,2025-03-06T21:00:47,32.5,10.6593790614908,79.0131989106931,NOISE
2026-04-20T09:39:23.274482,Map-Energy__sum__linear-conv00148-20250307_000047-20250307_060047-30.000000-35.000000.png,2025-03-07T00:00:47,2025-03-07T06:00:47,30.0,35.0,2025-03-07T03:00:47,32.5,10.6593790614908,79.0131989106931,NOISE,2025-03-07T03:00:47,32.5,10.6593790614908,79.0131989106931,NOISE,2025-03-07T03:00:47,32.5,10.6593790614908,79.0131989106931,NOISE,2025-03-07T03:00:47,32.5,10.6593790614908,79.0131989106931,NOISE
2026-04-20T09:39:24.554260,Map-Energy__sum__linear-conv00158-20250307_060047-20250307_120047-30.000000-35.000000.png,2025-03-07T06:00:47,2025-03-07T12:00:47,30.0,35.0,2025-03-07T09:00:47,32.5,10.6593790614908,79.0131989106931,NOISE,2025-03-07T09:00:47,32.5,10.6593790614908,79.0131989106931,NOISE,2025-03-07T09:00:47,32.5,10.6593790614908,79.0131989106931,NOISE,2025-03-07T09:00:47,32.5,10.6593790614908,79.0131989106931,NOISE
2026-04-20T09:39:25.738454,Map-Energy__sum__linear-conv00168-20250307_120047-20250307_180047-30.000000-35.000000.png,2025-03-07T12:00:47,2025-03-07T18:00:47,30.0,35.0,2025-03-07T15:00:47,32.5,10.6593790614908,79.0131989106931,NOISE,2025-03-07T15:00:47,32.5,10.6593790614908,79.0131989106931,NOISE,2025-03-07T15:00:47,32.5,10.6593790614908,79.0131989106931,NOISE,2025-03-07T15:00:47,32.5,10.6593790614908,79.0131989106931,NOISE
2026-04-20T09:39:27.114591,Map-Energy__sum__linear-conv00178-20250307_180047-20250308_000047-30.000000-35.000000.png,2025-03-07T18:00:47,2025-03-08T00:00:47,30.0,35.0,2025-03-07T21:00:47,32.5,10.6593790614908,79.0131989106931,NOISE,2025-03-07T21:00:47,32.5,10.6593790614908,79.0131989106931,NOISE,2025-03-07T21:00:47,32.5,10.6593790614908,79.0131989106931,NOISE,2025-03-07T21:00:47,32.5,10.6593790614908,79.0131989106931,NOISE
2026-04-20T09:39:28.371010,Map-Energy__sum__linear-conv00188-20250308_000047-20250308_060047-30.000000-35.000000.png,2025-03-08T00:00:47,2025-03-08T06:00:47,30.0,35.0,2025-03-08T03:00:47,32.5,10.6593790614908,79.0131989106931,NOISE,2025-03-08T03:00:47,32.5,10.6593790614908,79.0131989106931,NOISE,2025-03-08T03:00:47,32.5,10.6593790614908,79.0131989106931,NOISE,2025-03-08T03:00:47,32.5,10.6593790614908,79.0131989106931,NOISE
2026-04-20T09:39:29.690706,Map-Energy__sum__linear-conv00198-20250308_060047-20250308_120047-30.000000-35.000000.png,2025-03-08T06:00:47,2025-03-08T12:00:47,30.0,35.0,2025-03-08T09:00:47,32.5,10.6593790614908,79.0131989106931,NOISE,2025-03-08T09:00:47,32.5,10.6593790614908,79.0131989106931,NOISE,2025-03-08T09:00:47,32.5,10.6593790614908,79.0131989106931,NOISE,2025-03-08T09:00:47,32.5,10.6593790614908,79.0131989106931,NOISE
2026-04-20T09:39:31.354687,Map-Energy__sum__linear-conv00208-20250308_120047-20250308_180047-30.000000-35.000000.png,2025-03-08T12:00:47,2025-03-08T18:00:47,30.0,35.0,2025-03-08T15:00:47,32.5,10.6593790614908,79.0131989106931,NOISE,2025-03-08T15:00:47,32.5,10.6593790614908,79.0131989106931,NOISE,2025-03-08T15:00:47,32.5,10.6593790614908,79.0131989106931,NOISE,2025-03-08T15:00:47,32.5,10.6593790614908,79.0131989106931,NOISE
2026-04-20T09:39:32.786662,Map-Energy__sum__linear-conv00218-20250308_180047-20250309_000047-30.000000-35.000000.png,2025-03-08T18:00:47,2025-03-09T00:00:47,30.0,35.0,2025-03-08T21:00:47,32.5,10.6593790614908,79.0131989106931,NOISE,2025-03-08T21:00:47,32.5,10.6593790614908,79.0131989106931,NOISE,2025-03-08T21:00:47,32.5,10.6593790614908,79.0131989106931,NOISE,2025-03-08T21:00:47,32.5,10.6593790614908,79.0131989106931,NOISE
2026-04-20T09:39:34.242709,Map-Energy__sum__linear-conv00228-20250309_000047-20250309_060047-30.000000-35.000000.png,2025-03-09T00:00:47,2025-03-09T06:00:47,30.0,35.0,2025-03-09T03:00:47,32.5,10.6593790614908,79.0131989106931,NOISE,2025-03-09T03:00:47,32.5,10.6593790614908,79.0131989106931,NOISE,2025-03-09T03:00:47,32.5,10.6593790614908,79.0131989106931,NOISE,2025-03-09T03:00:47,32.5,10.6593790614908,79.0131989106931,NOISE
2026-04-20T09:39:35.450385,Map-Energy__sum__linear-conv00238-20250309_060047-20250309_120047-30.000000-35.000000.png,2025-03-09T06:00:47,2025-03-09T12:00:47,30.0,35.0,2025-03-09T09:00:47,32.5,10.6593790614908,79.0131989106931,NOISE,2025-03-09T09:00:47,32.5,10.6593790614908,79.0131989106931,NOISE,2025-03-09T09:00:47,32.5,10.6593790614908,79.0131989106931,NOISE,2025-03-09T09:00:47,32.5,10.6593790614908,79.0131989106931,NOISE
2026-04-20T09:39:36.794289,Map-Energy__sum__linear-conv00248-20250309_120047-20250309_180047-30.000000-35.000000.png,2025-03-09T12:00:47,2025-03-09T18:00:47,30.0,35.0,2025-03-09T15:00:47,32.5,10.6593790614908,79.0131989106931,NOISE,2025-03-09T15:00:47,32.5,10.6593790614908,79.0131989106931,NOISE,2025-03-09T15:00:47,32.5,10.6593790614908,79.0131989106931,NOISE,2025-03-09T15:00:47,32.5,10.6593790614908,79.0131989106931,NOISE
2026-04-20T09:39:37.970890,Map-Energy__sum__linear-conv00258-20250309_180047-20250310_000047-30.000000-35.000000.png,2025-03-09T18:00:47,2025-03-10T00:00:47,30.0,35.0,2025-03-09T21:00:47,32.5,10.6593790614908,79.0131989106931,NOISE,2025-03-09T21:00:47,32.5,10.6593790614908,79.0131989106931,NOISE,2025-03-09T21:00:47,32.5,10.6593790614908,79.0131989106931,NOISE,2025-03-09T21:00:47,32.5,10.6593790614908,79.0131989106931,NOISE
2026-04-20T09:39:39.114218,Map-Energy__sum__linear-conv00268-20250310_000047-20250310_060047-30.000000-35.000000.png,2025-03-10T00:00:47,2025-03-10T06:00:47,30.0,35.0,2025-03-10T03:00:47,32.5,10.6593790614908,79.0131989106931,NOISE,2025-03-10T03:00:47,32.5,10.6593790614908,79.0131989106931,NOISE,2025-03-10T03:00:47,32.5,10.6593790614908,79.0131989106931,NOISE,2025-03-10T03:00:47,32.5,10.6593790614908,79.0131989106931,NOISE
2026-04-20T09:39:40.138072,Map-Energy__sum__linear-conv00278-20250310_060047-20250310_120047-30.000000-35.000000.png,2025-03-10T06:00:47,2025-03-10T12:00:47,30.0,35.0,2025-03-10T09:00:47,32.5,10.6593790614908,79.0131989106931,NOISE,2025-03-10T09:00:47,32.5,10.6593790614908,79.0131989106931,NOISE,2025-03-10T09:00:47,32.5,10.6593790614908,79.0131989106931,NOISE,2025-03-10T09:00:47,32.5,10.6593790614908,79.0131989106931,NOISE
2026-04-20T09:39:41.266217,Map-Energy__sum__linear-conv00288-20250310_120047-20250310_180047-30.000000-35.000000.png,2025-03-10T12:00:47,2025-03-10T18:00:47,30.0,35.0,2025-03-10T15:00:47,32.5,10.6593790614908,79.0131989106931,NOISE,2025-03-10T15:00:47,32.5,10.6593790614908,79.0131989106931,NOISE,2025-03-10T15:00:47,32.5,10.6593790614908,79.0131989106931,NOISE,2025-03-10T15:00:47,32.5,10.6593790614908,79.0131989106931,NOISE
2026-04-20T09:39:42.514413,Map-Energy__sum__linear-conv00298-20250310_180047-20250311_000047-30.000000-35.000000.png,2025-03-10T18:00:47,2025-03-11T00:00:47,30.0,35.0,2025-03-10T21:00:47,32.5,10.6593790614908,79.0131989106931,NOISE,2025-03-10T21:00:47,32.5,10.6593790614908,79.0131989106931,NOISE,2025-03-10T21:00:47,32.5,10.6593790614908,79.0131989106931,NOISE,2025-03-10T21:00:47,32.5,10.6593790614908,79.0131989106931,NOISE
2026-04-20T09:39:43.594466,Map-Energy__sum__linear-conv00308-20250311_000047-20250311_060047-30.000000-35.000000.png,2025-03-11T00:00:47,2025-03-11T06:00:47,30.0,35.0,2025-03-11T03:00:47,32.5,10.6593790614908,79.0131989106931,NOISE,2025-03-11T03:00:47,32.5,10.6593790614908,79.0131989106931,NOISE,2025-03-11T03:00:47,32.5,10.6593790614908,79.0131989106931,NOISE,2025-03-11T03:00:47,32.5,10.6593790614908,79.0131989106931,NOISE
2026-04-20T09:39:44.682369,Map-Energy__sum__linear-conv00318-20250311_060047-20250311_120047-30.000000-35.000000.png,2025-03-11T06:00:47,2025-03-11T12:00:47,30.0,35.0,2025-03-11T09:00:47,32.5,10.6593790614908,79.0131989106931,NOISE,2025-03-11T09:00:47,32.5,10.6593790614908,79.0131989106931,NOISE,2025-03-11T09:00:47,32.5,10.6593790614908,79.0131989106931,NOISE,2025-03-11T09:00:47,32.5,10.6593790614908,79.0131989106931,NOISE
2026-04-20T09:39:45.730407,Map-Energy__sum__linear-conv00328-20250311_120047-20250311_180047-30.000000-35.000000.png,2025-03-11T12:00:47,2025-03-11T18:00:47,30.0,35.0,2025-03-11T15:00:47,32.5,10.6593790614908,79.0131989106931,NOISE,2025-03-11T15:00:47,32.5,10.6593790614908,79.0131989106931,NOISE,2025-03-11T15:00:47,32.5,10.6593790614908,79.0131989106931,NOISE,2025-03-11T15:00:47,32.5,10.6593790614908,79.0131989106931,NOISE
2026-04-20T09:39:47.002709,Map-Energy__sum__linear-conv00338-20250311_180047-20250312_000047-30.000000-35.000000.png,2025-03-11T18:00:47,2025-03-12T00:00:47,30.0,35.0,2025-03-11T21:00:47,32.5,10.6593790614908,79.0131989106931,NOISE,2025-03-11T21:00:47,32.5,10.6593790614908,79.0131989106931,NOISE,2025-03-11T21:00:47,32.5,10.6593790614908,79.0131989106931,NOISE,2025-03-11T21:00:47,32.5,10.6593790614908,79.0131989106931,NOISE
2026-04-20T09:39:48.826500,Map-Energy__sum__linear-conv00348-20250312_000047-20250312_060047-30.000000-35.000000.png,2025-03-12T00:00:47,2025-03-12T06:00:47,30.0,35.0,2025-03-12T03:00:47,32.5,10.6593790614908,79.0131989106931,NOISE,2025-03-12T03:00:47,32.5,10.6593790614908,79.0131989106931,NOISE,2025-03-12T03:00:47,32.5,10.6593790614908,79.0131989106931,NOISE,2025-03-12T03:00:47,32.5,10.6593790614908,79.0131989106931,NOISE
2026-04-20T09:39:50.122079,Map-Energy__sum__linear-conv00358-20250312_060047-20250312_120047-30.000000-35.000000.png,2025-03-12T06:00:47,2025-03-12T12:00:47,30.0,35.0,2025-03-12T09:00:47,32.5,10.6593790614908,79.0131989106931,NOISE,2025-03-12T09:00:47,32.5,10.6593790614908,79.0131989106931,NOISE,2025-03-12T09:00:47,32.5,10.6593790614908,79.0131989106931,NOISE,2025-03-12T09:00:47,32.5,10.6593790614908,79.0131989106931,NOISE
2026-04-20T09:39:51.226076,Map-Energy__sum__linear-conv00368-20250312_120047-20250312_180047-30.000000-35.000000.png,2025-03-12T12:00:47,2025-03-12T18:00:47,30.0,35.0,2025-03-12T15:00:47,32.5,10.6593790614908,79.0131989106931,NOISE,2025-03-12T15:00:47,32.5,10.6593790614908,79.0131989106931,NOISE,2025-03-12T15:00:47,32.5,10.6593790614908,79.0131989106931,NOISE,2025-03-12T15:00:47,32.5,10.6593790614908,79.0131989106931,NOISE
2026-04-20T09:39:56.683499,Map-Energy__sum__linear-conv00378-20250312_180047-20250313_000047-30.000000-35.000000.png,2025-03-12T18:00:47,2025-03-13T00:00:47,30.0,35.0,2025-03-12T21:00:47,32.5,10.6593790614908,79.0131989106931,NOISE,2025-03-12T21:00:47,32.5,10.6593790614908,79.0131989106931,NOISE,2025-03-12T21:00:47,32.5,10.6593790614908,79.0131989106931,NOISE,2025-03-12T21:00:47,32.5,10.6593790614908,79.0131989106931,NOISE
2026-04-20T09:39:59.242876,Map-Energy__sum__linear-conv00388-20250313_000047-20250313_060047-30.000000-35.000000.png,2025-03-13T00:00:47,2025-03-13T06:00:47,30.0,35.0,2025-03-13T03:00:47,32.5,10.6593790614908,79.0131989106931,NOISE,2025-03-13T03:00:47,32.5,10.6593790614908,79.0131989106931,NOISE,2025-03-13T03:00:47,32.5,10.6593790614908,79.0131989106931,NOISE,2025-03-13T03:00:47,32.5,10.6593790614908,79.0131989106931,NOISE
2026-04-20T09:40:00.674463,Map-Energy__sum__linear-conv00398-20250313_060047-20250313_120047-30.000000-35.000000.png,2025-03-13T06:00:47,2025-03-13T12:00:47,30.0,35.0,2025-03-13T09:00:47,32.5,10.6593790614908,79.0131989106931,NOISE,2025-03-13T09:00:47,32.5,10.6593790614908,79.0131989106931,NOISE,2025-03-13T09:00:47,32.5,10.6593790614908,79.0131989106931,NOISE,2025-03-13T09:00:47,32.5,10.6593790614908,79.0131989106931,NOISE
2026-04-20T09:40:01.810433,Map-Energy__sum__linear-conv00408-20250313_120047-20250313_180047-30.000000-35.000000.png,2025-03-13T12:00:47,2025-03-13T18:00:47,30.0,35.0,2025-03-13T15:00:47,32.5,10.6593790614908,79.0131989106931,NOISE,2025-03-13T15:00:47,32.5,10.6593790614908,79.0131989106931,NOISE,2025-03-13T15:00:47,32.5,10.6593790614908,79.0131989106931,NOISE,2025-03-13T15:00:47,32.5,10.6593790614908,79.0131989106931,NOISE
2026-04-20T09:40:09.386484,Map-Energy__sum__linear-conv00418-20250313_180047-20250314_000047-30.000000-35.000000.png,2025-03-13T18:00:47,2025-03-14T00:00:47,30.0,35.0,2025-03-13T21:20:48,33.301544,10.6234664756664,79.0110869628358,VESSEL,2025-03-13T21:00:47,32.5,10.6593790614908,79.0131989106931,NOISE,2025-03-13T21:00:47,32.5,10.6593790614908,79.0131989106931,NOISE,2025-03-13T21:00:47,32.5,10.6593790614908,79.0131989106931,NOISE
2026-04-20T09:40:11.098434,Map-Energy__sum__linear-conv00428-20250314_000047-20250314_060047-30.000000-35.000000.png,2025-03-14T00:00:47,2025-03-14T06:00:47,30.0,35.0,2025-03-14T03:00:47,32.5,10.6593790614908,79.0131989106931,NOISE,2025-03-14T03:00:47,32.5,10.6593790614908,79.0131989106931,NOISE,2025-03-14T03:00:47,32.5,10.6593790614908,79.0131989106931,NOISE,2025-03-14T03:00:47,32.5,10.6593790614908,79.0131989106931,NOISE
2026-04-20T09:40:12.898379,Map-Energy__sum__linear-conv00438-20250314_060047-20250314_120047-30.000000-35.000000.png,2025-03-14T06:00:47,2025-03-14T12:00:47,30.0,35.0,2025-03-14T09:00:47,32.5,10.6593790614908,79.0131989106931,NOISE,2025-03-14T09:00:47,32.5,10.6593790614908,79.0131989106931,NOISE,2025-03-14T09:00:47,32.5,10.6593790614908,79.0131989106931,NOISE,2025-03-14T09:00:47,32.5,10.6593790614908,79.0131989106931,NOISE
2026-04-20T09:40:14.346093,Map-Energy__sum__linear-conv00448-20250314_120047-20250314_180047-30.000000-35.000000.png,2025-03-14T12:00:47,2025-03-14T18:00:47,30.0,35.0,2025-03-14T15:00:47,32.5,10.6593790614908,79.0131989106931,NOISE,2025-03-14T15:00:47,32.5,10.6593790614908,79.0131989106931,NOISE,2025-03-14T15:00:47,32.5,10.6593790614908,79.0131989106931,NOISE,2025-03-14T15:00:47,32.5,10.6593790614908,79.0131989106931,NOISE
2026-04-20T09:40:23.114109,Map-Energy__sum__linear-conv00458-20250314_180047-20250315_000047-30.000000-35.000000.png,2025-03-14T18:00:47,2025-03-15T00:00:47,30.0,35.0,2025-03-14T22:31:02,33.177032,10.6288531225658,79.0114038498838,OTHER,2025-03-14T21:00:47,32.5,10.6593790614908,79.0131989106931,NOISE,2025-03-14T21:00:47,32.5,10.6593790614908,79.0131989106931,NOISE,2025-03-14T21:00:47,32.5,10.6593790614908,79.0131989106931,NOISE
2026-04-20T09:40:25.178525,Map-Energy__sum__linear-conv00468-20250315_000047-20250315_060047-30.000000-35.000000.png,2025-03-15T00:00:47,2025-03-15T06:00:47,30.0,35.0,2025-03-15T03:00:47,32.5,10.6593790614908,79.0131989106931,NOISE,2025-03-15T03:00:47,32.5,10.6593790614908,79.0131989106931,NOISE,2025-03-15T03:00:47,32.5,10.6593790614908,79.0131989106931,NOISE,2025-03-15T03:00:47,32.5,10.6593790614908,79.0131989106931,NOISE
2026-04-20T09:40:26.650633,Map-Energy__sum__linear-conv00478-20250315_060047-20250315_120047-30.000000-35.000000.png,2025-03-15T06:00:47,2025-03-15T12:00:47,30.0,35.0,2025-03-15T09:00:47,32.5,10.6593790614908,79.0131989106931,NOISE,2025-03-15T09:00:47,32.5,10.6593790614908,79.0131989106931,NOISE,2025-03-15T09:00:47,32.5,10.6593790614908,79.0131989106931,NOISE,2025-03-15T09:00:47,32.5,10.6593790614908,79.0131989106931,NOISE
2026-04-20T09:40:27.810516,Map-Energy__sum__linear-conv00488-20250315_120047-20250315_180047-30.000000-35.000000.png,2025-03-15T12:00:47,2025-03-15T18:00:47,30.0,35.0,2025-03-15T15:00:47,32.5,10.6593790614908,79.0131989106931,NOISE,2025-03-15T15:00:47,32.5,10.6593790614908,79.0131989106931,NOISE,2025-03-15T15:00:47,32.5,10.6593790614908,79.0131989106931,NOISE,2025-03-15T15:00:47,32.5,10.6593790614908,79.0131989106931,NOISE
2026-04-20T09:40:29.106479,Map-Energy__sum__linear-conv00498-20250315_180047-20250316_000047-30.000000-35.000000.png,2025-03-15T18:00:47,2025-03-16T00:00:47,30.0,35.0,2025-03-15T21:00:47,32.5,10.6593790614908,79.0131989106931,NOISE,2025-03-15T21:00:47,32.5,10.6593790614908,79.0131989106931,NOISE,2025-03-15T21:00:47,32.5,10.6593790614908,79.0131989106931,NOISE,2025-03-15T21:00:47,32.5,10.6593790614908,79.0131989106931,NOISE
2026-04-20T09:40:30.578461,Map-Energy__sum__linear-conv00508-20250316_000047-20250316_060047-30.000000-35.000000.png,2025-03-16T00:00:47,2025-03-16T06:00:47,30.0,35.0,2025-03-16T03:00:47,32.5,10.6593790614908,79.0131989106931,NOISE,2025-03-16T03:00:47,32.5,10.6593790614908,79.0131989106931,NOISE,2025-03-16T03:00:47,32.5,10.6593790614908,79.0131989106931,NOISE,2025-03-16T03:00:47,32.5,10.6593790614908,79.0131989106931,NOISE
2026-04-20T09:40:31.810733,Map-Energy__sum__linear-conv00518-20250316_060047-20250316_120047-30.000000-35.000000.png,2025-03-16T06:00:47,2025-03-16T12:00:47,30.0,35.0,2025-03-16T09:00:47,32.5,10.6593790614908,79.0131989106931,NOISE,2025-03-16T09:00:47,32.5,10.6593790614908,79.0131989106931,NOISE,2025-03-16T09:00:47,32.5,10.6593790614908,79.0131989106931,NOISE,2025-03-16T09:00:47,32.5,10.6593790614908,79.0131989106931,NOISE
2026-04-20T09:40:33.386531,Map-Energy__sum__linear-conv00528-20250316_120047-20250316_180047-30.000000-35.000000.png,2025-03-16T12:00:47,2025-03-16T18:00:47,30.0,35.0,2025-03-16T15:00:47,32.5,10.6593790614908,79.0131989106931,NOISE,2025-03-16T15:00:47,32.5,10.6593790614908,79.0131989106931,NOISE,2025-03-16T15:00:47,32.5,10.6593790614908,79.0131989106931,NOISE,2025-03-16T15:00:47,32.5,10.6593790614908,79.0131989106931,NOISE
2026-04-20T09:40:34.634285,Map-Energy__sum__linear-conv00538-20250316_180047-20250317_000047-30.000000-35.000000.png,2025-03-16T18:00:47,2025-03-17T00:00:47,30.0,35.0,2025-03-16T21:00:47,32.5,10.6593790614908,79.0131989106931,NOISE,2025-03-16T21:00:47,32.5,10.6593790614908,79.0131989106931,NOISE,2025-03-16T21:00:47,32.5,10.6593790614908,79.0131989106931,NOISE,2025-03-16T21:00:47,32.5,10.6593790614908,79.0131989106931,NOISE
2026-04-20T09:40:35.826534,Map-Energy__sum__linear-conv00548-20250317_000047-20250317_060047-30.000000-35.000000.png,2025-03-17T00:00:47,2025-03-17T06:00:47,30.0,35.0,2025-03-17T03:00:47,32.5,10.6593790614908,79.0131989106931,NOISE,2025-03-17T03:00:47,32.5,10.6593790614908,79.0131989106931,NOISE,2025-03-17T03:00:47,32.5,10.6593790614908,79.0131989106931,NOISE,2025-03-17T03:00:47,32.5,10.6593790614908,79.0131989106931,NOISE
2026-04-20T09:40:37.435014,Map-Energy__sum__linear-conv00558-20250317_060047-20250317_120047-30.000000-35.000000.png,2025-03-17T06:00:47,2025-03-17T12:00:47,30.0,35.0,2025-03-17T09:00:47,32.5,10.6593790614908,79.0131989106931,NOISE,2025-03-17T09:00:47,32.5,10.6593790614908,79.0131989106931,NOISE,2025-03-17T09:00:47,32.5,10.6593790614908,79.0131989106931,NOISE,2025-03-17T09:00:47,32.5,10.6593790614908,79.0131989106931,NOISE
2026-04-20T09:40:38.826469,Map-Energy__sum__linear-conv00568-20250317_120047-20250317_180047-30.000000-35.000000.png,2025-03-17T12:00:47,2025-03-17T18:00:47,30.0,35.0,2025-03-17T15:00:47,32.5,10.6593790614908,79.0131989106931,NOISE,2025-03-17T15:00:47,32.5,10.6593790614908,79.0131989106931,NOISE,2025-03-17T15:00:47,32.5,10.6593790614908,79.0131989106931,NOISE,2025-03-17T15:00:47,32.5,10.6593790614908,79.0131989106931,NOISE
2026-04-20T09:40:40.162540,Map-Energy__sum__linear-conv00578-20250317_180047-20250318_000047-30.000000-35.000000.png,2025-03-17T18:00:47,2025-03-18T00:00:47,30.0,35.0,2025-03-17T21:00:47,32.5,10.6593790614908,79.0131989106931,NOISE,2025-03-17T21:00:47,32.5,10.6593790614908,79.0131989106931,NOISE,2025-03-17T21:00:47,32.5,10.6593790614908,79.0131989106931,NOISE,2025-03-17T21:00:47,32.5,10.6593790614908,79.0131989106931,NOISE
2026-04-20T09:40:41.394532,Map-Energy__sum__linear-conv00588-20250318_000047-20250318_060047-30.000000-35.000000.png,2025-03-18T00:00:47,2025-03-18T06:00:47,30.0,35.0,2025-03-18T03:00:47,32.5,10.6593790614908,79.0131989106931,NOISE,2025-03-18T03:00:47,32.5,10.6593790614908,79.0131989106931,NOISE,2025-03-18T03:00:47,32.5,10.6593790614908,79.0131989106931,NOISE,2025-03-18T03:00:47,32.5,10.6593790614908,79.0131989106931,NOISE
2026-04-20T09:40:42.778803,Map-Energy__sum__linear-conv00598-20250318_060047-20250318_120047-30.000000-35.000000.png,2025-03-18T06:00:47,2025-03-18T12:00:47,30.0,35.0,2025-03-18T09:00:47,32.5,10.6593790614908,79.0131989106931,NOISE,2025-03-18T09:00:47,32.5,10.6593790614908,79.0131989106931,NOISE,2025-03-18T09:00:47,32.5,10.6593790614908,79.0131989106931,NOISE,2025-03-18T09:00:47,32.5,10.6593790614908,79.0131989106931,NOISE
2026-04-20T09:40:44.394268,Map-Energy__sum__linear-conv00608-20250318_120047-20250318_180047-30.000000-35.000000.png,2025-03-18T12:00:47,2025-03-18T18:00:47,30.0,35.0,2025-03-18T15:00:47,32.5,10.6593790614908,79.0131989106931,NOISE,2025-03-18T15:00:47,32.5,10.6593790614908,79.0131989106931,NOISE,2025-03-18T15:00:47,32.5,10.6593790614908,79.0131989106931,NOISE,2025-03-18T15:00:47,32.5,10.6593790614908,79.0131989106931,NOISE
2026-04-20T09:40:45.410462,Map-Energy__sum__linear-conv00618-20250318_180047-20250319_000047-30.000000-35.000000.png,2025-03-18T18:00:47,2025-03-19T00:00:47,30.0,35.0,2025-03-18T21:00:47,32.5,10.6593790614908,79.0131989106931,NOISE,2025-03-18T21:00:47,32.5,10.6593790614908,79.0131989106931,NOISE,2025-03-18T21:00:47,32.5,10.6593790614908,79.0131989106931,NOISE,2025-03-18T21:00:47,32.5,10.6593790614908,79.0131989106931,NOISE
2026-04-20T09:40:46.771041,Map-Energy__sum__linear-conv00628-20250319_000047-20250319_060047-30.000000-35.000000.png,2025-03-19T00:00:47,2025-03-19T06:00:47,30.0,35.0,2025-03-19T03:00:47,32.5,10.6593790614908,79.0131989106931,NOISE,2025-03-19T03:00:47,32.5,10.6593790614908,79.0131989106931,NOISE,2025-03-19T03:00:47,32.5,10.6593790614908,79.0131989106931,NOISE,2025-03-19T03:00:47,32.5,10.6593790614908,79.0131989106931,NOISE
2026-04-20T09:40:48.090225,Map-Energy__sum__linear-conv00638-20250319_060047-20250319_120047-30.000000-35.000000.png,2025-03-19T06:00:47,2025-03-19T12:00:47,30.0,35.0,2025-03-19T09:00:47,32.5,10.6593790614908,79.0131989106931,NOISE,2025-03-19T09:00:47,32.5,10.6593790614908,79.0131989106931,NOISE,2025-03-19T09:00:47,32.5,10.6593790614908,79.0131989106931,NOISE,2025-03-19T09:00:47,32.5,10.6593790614908,79.0131989106931,NOISE
2026-04-20T09:40:49.171523,Map-Energy__sum__linear-conv00648-20250319_120047-20250319_180047-30.000000-35.000000.png,2025-03-19T12:00:47,2025-03-19T18:00:47,30.0,35.0,2025-03-19T15:00:47,32.5,10.6593790614908,79.0131989106931,NOISE,2025-03-19T15:00:47,32.5,10.6593790614908,79.0131989106931,NOISE,2025-03-19T15:00:47,32.5,10.6593790614908,79.0131989106931,NOISE,2025-03-19T15:00:47,32.5,10.6593790614908,79.0131989106931,NOISE
2026-04-20T09:40:50.346452,Map-Energy__sum__linear-conv00658-20250319_180047-20250320_000047-30.000000-35.000000.png,2025-03-19T18:00:47,2025-03-20T00:00:47,30.0,35.0,2025-03-19T21:00:47,32.5,10.6593790614908,79.0131989106931,NOISE,2025-03-19T21:00:47,32.5,10.6593790614908,79.0131989106931,NOISE,2025-03-19T21:00:47,32.5,10.6593790614908,79.0131989106931,NOISE,2025-03-19T21:00:47,32.5,10.6593790614908,79.0131989106931,NOISE
2026-04-20T09:40:51.610549,Map-Energy__sum__linear-conv00668-20250320_000047-20250320_060047-30.000000-35.000000.png,2025-03-20T00:00:47,2025-03-20T06:00:47,30.0,35.0,2025-03-20T03:00:47,32.5,10.6593790614908,79.0131989106931,NOISE,2025-03-20T03:00:47,32.5,10.6593790614908,79.0131989106931,NOISE,2025-03-20T03:00:47,32.5,10.6593790614908,79.0131989106931,NOISE,2025-03-20T03:00:47,32.5,10.6593790614908,79.0131989106931,NOISE
2026-04-20T09:40:53.010651,Map-Energy__sum__linear-conv00678-20250320_060047-20250320_120047-30.000000-35.000000.png,2025-03-20T06:00:47,2025-03-20T12:00:47,30.0,35.0,2025-03-20T09:00:47,32.5,10.6593790614908,79.0131989106931,NOISE,2025-03-20T09:00:47,32.5,10.6593790614908,79.0131989106931,NOISE,2025-03-20T09:00:47,32.5,10.6593790614908,79.0131989106931,NOISE,2025-03-20T09:00:47,32.5,10.6593790614908,79.0131989106931,NOISE
2026-04-20T09:40:55.434459,Map-Energy__sum__linear-conv00688-20250320_120047-20250320_180047-30.000000-35.000000.png,2025-03-20T12:00:47,2025-03-20T18:00:47,30.0,35.0,2025-03-20T15:00:47,32.5,10.6593790614908,79.0131989106931,NOISE,2025-03-20T15:00:47,32.5,10.6593790614908,79.0131989106931,NOISE,2025-03-20T15:00:47,32.5,10.6593790614908,79.0131989106931,NOISE,2025-03-20T15:00:47,32.5,10.6593790614908,79.0131989106931,NOISE
2026-04-20T09:40:56.778294,Map-Energy__sum__linear-conv00698-20250320_180047-20250321_000047-30.000000-35.000000.png,2025-03-20T18:00:47,2025-03-21T00:00:47,30.0,35.0,2025-03-20T21:00:47,32.5,10.6593790614908,79.0131989106931,NOISE,2025-03-20T21:00:47,32.5,10.6593790614908,79.0131989106931,NOISE,2025-03-20T21:00:47,32.5,10.6593790614908,79.0131989106931,NOISE,2025-03-20T21:00:47,32.5,10.6593790614908,79.0131989106931,NOISE
2026-04-20T09:40:57.890552,Map-Energy__sum__linear-conv00708-20250321_000047-20250321_060047-30.000000-35.000000.png,2025-03-21T00:00:47,2025-03-21T06:00:47,30.0,35.0,2025-03-21T03:00:47,32.5,10.6593790614908,79.0131989106931,NOISE,2025-03-21T03:00:47,32.5,10.6593790614908,79.0131989106931,NOISE,2025-03-21T03:00:47,32.5,10.6593790614908,79.0131989106931,NOISE,2025-03-21T03:00:47,32.5,10.6593790614908,79.0131989106931,NOISE
2026-04-20T09:40:59.506299,Map-Energy__sum__linear-conv00718-20250321_060047-20250321_120047-30.000000-35.000000.png,2025-03-21T06:00:47,2025-03-21T12:00:47,30.0,35.0,2025-03-21T09:00:47,32.5,10.6593790614908,79.0131989106931,NOISE,2025-03-21T09:00:47,32.5,10.6593790614908,79.0131989106931,NOISE,2025-03-21T09:00:47,32.5,10.6593790614908,79.0131989106931,NOISE,2025-03-21T09:00:47,32.5,10.6593790614908,79.0131989106931,NOISE
2026-04-20T09:41:01.146639,Map-Energy__sum__linear-conv00728-20250321_120047-20250321_180047-30.000000-35.000000.png,2025-03-21T12:00:47,2025-03-21T18:00:47,30.0,35.0,2025-03-21T15:00:47,32.5,10.6593790614908,79.0131989106931,NOISE,2025-03-21T15:00:47,32.5,10.6593790614908,79.0131989106931,NOISE,2025-03-21T15:00:47,32.5,10.6593790614908,79.0131989106931,NOISE,2025-03-21T15:00:47,32.5,10.6593790614908,79.0131989106931,NOISE
2026-04-20T09:41:03.786461,Map-Energy__sum__linear-conv00738-20250321_180047-20250322_000047-30.000000-35.000000.png,2025-03-21T18:00:47,2025-03-22T00:00:47,30.0,35.0,2025-03-21T21:00:47,32.5,10.6593790614908,79.0131989106931,NOISE,2025-03-21T21:00:47,32.5,10.6593790614908,79.0131989106931,NOISE,2025-03-21T21:00:47,32.5,10.6593790614908,79.0131989106931,NOISE,2025-03-21T21:00:47,32.5,10.6593790614908,79.0131989106931,NOISE
2026-04-20T09:41:05.643136,Map-Energy__sum__linear-conv00748-20250322_000047-20250322_060047-30.000000-35.000000.png,2025-03-22T00:00:47,2025-03-22T06:00:47,30.0,35.0,2025-03-22T03:00:47,32.5,10.6593790614908,79.0131989106931,NOISE,2025-03-22T03:00:47,32.5,10.6593790614908,79.0131989106931,NOISE,2025-03-22T03:00:47,32.5,10.6593790614908,79.0131989106931,NOISE,2025-03-22T03:00:47,32.5,10.6593790614908,79.0131989106931,NOISE
2026-04-20T09:41:12.722676,Map-Energy__sum__linear-conv00758-20250322_060047-20250322_120047-30.000000-35.000000.png,2025-03-22T06:00:47,2025-03-22T12:00:47,30.0,35.0,2025-03-22T08:29:19,31.153717,10.7204172587919,79.0164544816972,VESSEL,2025-03-22T09:00:47,32.5,10.6593790614908,79.0131989106931,NOISE,2025-03-22T09:00:47,32.5,10.6593790614908,79.0131989106931,NOISE,2025-03-22T09:00:47,32.5,10.6593790614908,79.0131989106931,NOISE
2026-04-20T09:41:14.418311,Map-Energy__sum__linear-conv00768-20250322_120047-20250322_180047-30.000000-35.000000.png,2025-03-22T12:00:47,2025-03-22T18:00:47,30.0,35.0,2025-03-22T15:00:47,32.5,10.6593790614908,79.0131989106931,NOISE,2025-03-22T15:00:47,32.5,10.6593790614908,79.0131989106931,NOISE,2025-03-22T15:00:47,32.5,10.6593790614908,79.0131989106931,NOISE,2025-03-22T15:00:47,32.5,10.6593790614908,79.0131989106931,NOISE
2026-04-20T09:41:15.626071,Map-Energy__sum__linear-conv00778-20250322_180047-20250323_000047-30.000000-35.000000.png,2025-03-22T18:00:47,2025-03-23T00:00:47,30.0,35.0,2025-03-22T21:00:47,32.5,10.6593790614908,79.0131989106931,NOISE,2025-03-22T21:00:47,32.5,10.6593790614908,79.0131989106931,NOISE,2025-03-22T21:00:47,32.5,10.6593790614908,79.0131989106931,NOISE,2025-03-22T21:00:47,32.5,10.6593790614908,79.0131989106931,NOISE
2026-04-20T09:41:16.898528,Map-Energy__sum__linear-conv00788-20250323_000047-20250323_060047-30.000000-35.000000.png,2025-03-23T00:00:47,2025-03-23T06:00:47,30.0,35.0,2025-03-23T03:00:47,32.5,10.6593790614908,79.0131989106931,NOISE,2025-03-23T03:00:47,32.5,10.6593790614908,79.0131989106931,NOISE,2025-03-23T03:00:47,32.5,10.6593790614908,79.0131989106931,NOISE,2025-03-23T03:00:47,32.5,10.6593790614908,79.0131989106931,NOISE
2026-04-20T09:41:18.130705,Map-Energy__sum__linear-conv00798-20250323_060047-20250323_120047-30.000000-35.000000.png,2025-03-23T06:00:47,2025-03-23T12:00:47,30.0,35.0,2025-03-23T09:00:47,32.5,10.6593790614908,79.0131989106931,NOISE,2025-03-23T09:00:47,32.5,10.6593790614908,79.0131989106931,NOISE,2025-03-23T09:00:47,32.5,10.6593790614908,79.0131989106931,NOISE,2025-03-23T09:00:47,32.5,10.6593790614908,79.0131989106931,NOISE
2026-04-20T09:41:24.947037,Map-Energy__sum__linear-conv00808-20250323_120047-20250323_180047-30.000000-35.000000.png,2025-03-23T12:00:47,2025-03-23T18:00:47,30.0,35.0,2025-03-23T12:58:06,32.624512,10.6539912185514,79.0128826793829,VESSEL,2025-03-23T15:00:47,32.5,10.6593790614908,79.0131989106931,NOISE,2025-03-23T15:00:47,32.5,10.6593790614908,79.0131989106931,NOISE,2025-03-23T15:00:47,32.5,10.6593790614908,79.0131989106931,NOISE
2026-04-20T09:41:30.482970,Map-Energy__sum__linear-conv00818-20250323_180047-20250324_000047-30.000000-35.000000.png,2025-03-23T18:00:47,2025-03-24T00:00:47,30.0,35.0,2025-03-23T22:38:39,31.247101,10.7158232569203,79.0162664313212,VESSEL,2025-03-23T21:00:47,32.5,10.6593790614908,79.0131989106931,NOISE,2025-03-23T21:00:47,32.5,10.6593790614908,79.0131989106931,NOISE,2025-03-23T21:00:47,32.5,10.6593790614908,79.0131989106931,NOISE
2026-04-20T09:41:31.914158,Map-Energy__sum__linear-conv00828-20250324_000047-20250324_060047-30.000000-35.000000.png,2025-03-24T00:00:47,2025-03-24T06:00:47,30.0,35.0,2025-03-24T03:00:47,32.5,10.6593790614908,79.0131989106931,NOISE,2025-03-24T03:00:47,32.5,10.6593790614908,79.0131989106931,NOISE,2025-03-24T03:00:47,32.5,10.6593790614908,79.0131989106931,NOISE,2025-03-24T03:00:47,32.5,10.6593790614908,79.0131989106931,NOISE
2026-04-20T09:41:33.090397,Map-Energy__sum__linear-conv00838-20250324_060047-20250324_120047-30.000000-35.000000.png,2025-03-24T06:00:47,2025-03-24T12:00:47,30.0,35.0,2025-03-24T09:00:47,32.5,10.6593790614908,79.0131989106931,NOISE,2025-03-24T09:00:47,32.5,10.6593790614908,79.0131989106931,NOISE,2025-03-24T09:00:47,32.5,10.6593790614908,79.0131989106931,NOISE,2025-03-24T09:00:47,32.5,10.6593790614908,79.0131989106931,NOISE
2026-04-20T09:41:34.490592,Map-Energy__sum__linear-conv00848-20250324_120047-20250324_180047-30.000000-35.000000.png,2025-03-24T12:00:47,2025-03-24T18:00:47,30.0,35.0,2025-03-24T15:00:47,32.5,10.6593790614908,79.0131989106931,NOISE,2025-03-24T15:00:47,32.5,10.6593790614908,79.0131989106931,NOISE,2025-03-24T15:00:47,32.5,10.6593790614908,79.0131989106931,NOISE,2025-03-24T15:00:47,32.5,10.6593790614908,79.0131989106931,NOISE
2026-04-20T09:41:36.594299,Map-Energy__sum__linear-conv00858-20250324_180047-20250325_000047-30.000000-35.000000.png,2025-03-24T18:00:47,2025-03-25T00:00:47,30.0,35.0,2025-03-24T21:00:47,32.5,10.6593790614908,79.0131989106931,NOISE,2025-03-24T21:00:47,32.5,10.6593790614908,79.0131989106931,NOISE,2025-03-24T21:00:47,32.5,10.6593790614908,79.0131989106931,NOISE,2025-03-24T21:00:47,32.5,10.6593790614908,79.0131989106931,NOISE
2026-04-20T09:41:38.041556,Map-Energy__sum__linear-conv00868-20250325_000047-20250325_060047-30.000000-35.000000.png,2025-03-25T00:00:47,2025-03-25T06:00:47,30.0,35.0,2025-03-25T03:00:47,32.5,10.6593790614908,79.0131989106931,NOISE,2025-03-25T03:00:47,32.5,10.6593790614908,79.0131989106931,NOISE,2025-03-25T03:00:47,32.5,10.6593790614908,79.0131989106931,NOISE,2025-03-25T03:00:47,32.5,10.6593790614908,79.0131989106931,NOISE
2026-04-20T09:41:39.298632,Map-Energy__sum__linear-conv00878-20250325_060047-20250325_120047-30.000000-35.000000.png,2025-03-25T06:00:47,2025-03-25T12:00:47,30.0,35.0,2025-03-25T09:00:47,32.5,10.6593790614908,79.0131989106931,NOISE,2025-03-25T09:00:47,32.5,10.6593790614908,79.0131989106931,NOISE,2025-03-25T09:00:47,32.5,10.6593790614908,79.0131989106931,NOISE,2025-03-25T09:00:47,32.5,10.6593790614908,79.0131989106931,NOISE
2026-04-20T09:41:49.114365,Map-Energy__sum__linear-conv00888-20250325_120047-20250325_180047-30.000000-35.000000.png,2025-03-25T12:00:47,2025-03-25T18:00:47,30.0,35.0,2025-03-25T14:45:31,34.07196,10.5888524666679,79.0090894078156,VESSEL,2025-03-25T15:00:47,32.5,10.6593790614908,79.0131989106931,NOISE,2025-03-25T15:00:47,32.5,10.6593790614908,79.0131989106931,NOISE,2025-03-25T15:00:47,32.5,10.6593790614908,79.0131989106931,NOISE
2026-04-20T09:41:51.570604,Map-Energy__sum__linear-conv00898-20250325_180047-20250326_000047-30.000000-35.000000.png,2025-03-25T18:00:47,2025-03-26T00:00:47,30.0,35.0,2025-03-25T21:00:47,32.5,10.6593790614908,79.0131989106931,NOISE,2025-03-25T21:00:47,32.5,10.6593790614908,79.0131989106931,NOISE,2025-03-25T21:00:47,32.5,10.6593790614908,79.0131989106931,NOISE,2025-03-25T21:00:47,32.5,10.6593790614908,79.0131989106931,NOISE
2026-04-20T09:41:53.250601,Map-Energy__sum__linear-conv00908-20250326_000047-20250326_060047-30.000000-35.000000.png,2025-03-26T00:00:47,2025-03-26T06:00:47,30.0,35.0,2025-03-26T03:00:47,32.5,10.6593790614908,79.0131989106931,NOISE,2025-03-26T03:00:47,32.5,10.6593790614908,79.0131989106931,NOISE,2025-03-26T03:00:47,32.5,10.6593790614908,79.0131989106931,NOISE,2025-03-26T03:00:47,32.5,10.6593790614908,79.0131989106931,NOISE
2026-04-20T09:41:54.850524,Map-Energy__sum__linear-conv00918-20250326_060047-20250326_120047-30.000000-35.000000.png,2025-03-26T06:00:47,2025-03-26T12:00:47,30.0,35.0,2025-03-26T09:00:47,32.5,10.6593790614908,79.0131989106931,NOISE,2025-03-26T09:00:47,32.5,10.6593790614908,79.0131989106931,NOISE,2025-03-26T09:00:47,32.5,10.6593790614908,79.0131989106931,NOISE,2025-03-26T09:00:47,32.5,10.6593790614908,79.0131989106931,NOISE
2026-04-20T09:41:56.442449,Map-Energy__sum__linear-conv00928-20250326_120047-20250326_180047-30.000000-35.000000.png,2025-03-26T12:00:47,2025-03-26T18:00:47,30.0,35.0,2025-03-26T15:00:47,32.5,10.6593790614908,79.0131989106931,NOISE,2025-03-26T15:00:47,32.5,10.6593790614908,79.0131989106931,NOISE,2025-03-26T15:00:47,32.5,10.6593790614908,79.0131989106931,NOISE,2025-03-26T15:00:47,32.5,10.6593790614908,79.0131989106931,NOISE
2026-04-20T09:41:57.498154,Map-Energy__sum__linear-conv00938-20250326_180047-20250327_000047-30.000000-35.000000.png,2025-03-26T18:00:47,2025-03-27T00:00:47,30.0,35.0,2025-03-26T21:00:47,32.5,10.6593790614908,79.0131989106931,NOISE,2025-03-26T21:00:47,32.5,10.6593790614908,79.0131989106931,NOISE,2025-03-26T21:00:47,32.5,10.6593790614908,79.0131989106931,NOISE,2025-03-26T21:00:47,32.5,10.6593790614908,79.0131989106931,NOISE
2026-04-20T09:41:58.355149,Map-Energy__sum__linear-conv00948-20250327_000047-20250327_060047-30.000000-35.000000.png,2025-03-27T00:00:47,2025-03-27T06:00:47,30.0,35.0,2025-03-27T03:00:47,32.5,10.6593790614908,79.0131989106931,NOISE,2025-03-27T03:00:47,32.5,10.6593790614908,79.0131989106931,NOISE,2025-03-27T03:00:47,32.5,10.6593790614908,79.0131989106931,NOISE,2025-03-27T03:00:47,32.5,10.6593790614908,79.0131989106931,NOISE
2026-04-20T09:41:59.090443,Map-Energy__sum__linear-conv00958-20250327_060047-20250327_120047-30.000000-35.000000.png,2025-03-27T06:00:47,2025-03-27T12:00:47,30.0,35.0,2025-03-27T09:00:47,32.5,10.6593790614908,79.0131989106931,NOISE,2025-03-27T09:00:47,32.5,10.6593790614908,79.0131989106931,NOISE,2025-03-27T09:00:47,32.5,10.6593790614908,79.0131989106931,NOISE,2025-03-27T09:00:47,32.5,10.6593790614908,79.0131989106931,NOISE
2026-04-20T09:41:59.770161,Map-Energy__sum__linear-conv00968-20250327_120047-20250327_180047-30.000000-35.000000.png,2025-03-27T12:00:47,2025-03-27T18:00:47,30.0,35.0,2025-03-27T15:00:47,32.5,10.6593790614908,79.0131989106931,NOISE,2025-03-27T15:00:47,32.5,10.6593790614908,79.0131989106931,NOISE,2025-03-27T15:00:47,32.5,10.6593790614908,79.0131989106931,NOISE,2025-03-27T15:00:47,32.5,10.6593790614908,79.0131989106931,NOISE
2026-04-20T09:42:00.410612,Map-Energy__sum__linear-conv00978-20250327_180047-20250328_000047-30.000000-35.000000.png,2025-03-27T18:00:47,2025-03-28T00:00:47,30.0,35.0,2025-03-27T21:00:47,32.5,10.6593790614908,79.0131989106931,NOISE,2025-03-27T21:00:47,32.5,10.6593790614908,79.0131989106931,NOISE,2025-03-27T21:00:47,32.5,10.6593790614908,79.0131989106931,NOISE,2025-03-27T21:00:47,32.5,10.6593790614908,79.0131989106931,NOISE
2026-04-20T09:42:01.090946,Map-Energy__sum__linear-conv00988-20250328_000047-20250328_060047-30.000000-35.000000.png,2025-03-28T00:00:47,2025-03-28T06:00:47,30.0,35.0,2025-03-28T03:00:47,32.5,10.6593790614908,79.0131989106931,NOISE,2025-03-28T03:00:47,32.5,10.6593790614908,79.0131989106931,NOISE,2025-03-28T03:00:47,32.5,10.6593790614908,79.0131989106931,NOISE,2025-03-28T03:00:47,32.5,10.6593790614908,79.0131989106931,NOISE
2026-04-20T09:42:01.810652,Map-Energy__sum__linear-conv00998-20250328_060047-20250328_120047-30.000000-35.000000.png,2025-03-28T06:00:47,2025-03-28T12:00:47,30.0,35.0,2025-03-28T09:00:47,32.5,10.6593790614908,79.0131989106931,NOISE,2025-03-28T09:00:47,32.5,10.6593790614908,79.0131989106931,NOISE,2025-03-28T09:00:47,32.5,10.6593790614908,79.0131989106931,NOISE,2025-03-28T09:00:47,32.5,10.6593790614908,79.0131989106931,NOISE
2026-04-20T09:42:02.474305,Map-Energy__sum__linear-conv01008-20250328_120047-20250328_180047-30.000000-35.000000.png,2025-03-28T12:00:47,2025-03-28T18:00:47,30.0,35.0,2025-03-28T15:00:47,32.5,10.6593790614908,79.0131989106931,NOISE,2025-03-28T15:00:47,32.5,10.6593790614908,79.0131989106931,NOISE,2025-03-28T15:00:47,32.5,10.6593790614908,79.0131989106931,NOISE,2025-03-28T15:00:47,32.5,10.6593790614908,79.0131989106931,NOISE
2026-04-20T09:42:03.162619,Map-Energy__sum__linear-conv01018-20250328_180047-20250329_000047-30.000000-35.000000.png,2025-03-28T18:00:47,2025-03-29T00:00:47,30.0,35.0,2025-03-28T21:00:47,32.5,10.6593790614908,79.0131989106931,NOISE,2025-03-28T21:00:47,32.5,10.6593790614908,79.0131989106931,NOISE,2025-03-28T21:00:47,32.5,10.6593790614908,79.0131989106931,NOISE,2025-03-28T21:00:47,32.5,10.6593790614908,79.0131989106931,NOISE
2026-04-20T09:42:03.858609,Map-Energy__sum__linear-conv01028-20250329_000047-20250329_060047-30.000000-35.000000.png,2025-03-29T00:00:47,2025-03-29T06:00:47,30.0,35.0,2025-03-29T03:00:47,32.5,10.6593790614908,79.0131989106931,NOISE,2025-03-29T03:00:47,32.5,10.6593790614908,79.0131989106931,NOISE,2025-03-29T03:00:47,32.5,10.6593790614908,79.0131989106931,NOISE,2025-03-29T03:00:47,32.5,10.6593790614908,79.0131989106931,NOISE
2026-04-20T09:42:04.474015,Map-Energy__sum__linear-conv01038-20250329_060047-20250329_120047-30.000000-35.000000.png,2025-03-29T06:00:47,2025-03-29T12:00:47,30.0,35.0,2025-03-29T09:00:47,32.5,10.6593790614908,79.0131989106931,NOISE,2025-03-29T09:00:47,32.5,10.6593790614908,79.0131989106931,NOISE,2025-03-29T09:00:47,32.5,10.6593790614908,79.0131989106931,NOISE,2025-03-29T09:00:47,32.5,10.6593790614908,79.0131989106931,NOISE
2026-04-20T09:42:05.172239,Map-Energy__sum__linear-conv01048-20250329_120047-20250329_180047-30.000000-35.000000.png,2025-03-29T12:00:47,2025-03-29T18:00:47,30.0,35.0,2025-03-29T15:00:47,32.5,10.6593790614908,79.0131989106931,NOISE,2025-03-29T15:00:47,32.5,10.6593790614908,79.0131989106931,NOISE,2025-03-29T15:00:47,32.5,10.6593790614908,79.0131989106931,NOISE,2025-03-29T15:00:47,32.5,10.6593790614908,79.0131989106931,NOISE
2026-04-20T09:42:05.818970,Map-Energy__sum__linear-conv01058-20250329_180047-20250330_000047-30.000000-35.000000.png,2025-03-29T18:00:47,2025-03-30T00:00:47,30.0,35.0,2025-03-29T21:00:47,32.5,10.6593790614908,79.0131989106931,NOISE,2025-03-29T21:00:47,32.5,10.6593790614908,79.0131989106931,NOISE,2025-03-29T21:00:47,32.5,10.6593790614908,79.0131989106931,NOISE,2025-03-29T21:00:47,32.5,10.6593790614908,79.0131989106931,NOISE
2026-04-20T09:42:06.546471,Map-Energy__sum__linear-conv01068-20250330_000047-20250330_060047-30.000000-35.000000.png,2025-03-30T00:00:47,2025-03-30T06:00:47,30.0,35.0,2025-03-30T03:00:47,32.5,10.6593790614908,79.0131989106931,NOISE,2025-03-30T03:00:47,32.5,10.6593790614908,79.0131989106931,NOISE,2025-03-30T03:00:47,32.5,10.6593790614908,79.0131989106931,NOISE,2025-03-30T03:00:47,32.5,10.6593790614908,79.0131989106931,NOISE
2026-04-20T09:42:07.202449,Map-Energy__sum__linear-conv01078-20250330_060047-20250330_120047-30.000000-35.000000.png,2025-03-30T06:00:47,2025-03-30T12:00:47,30.0,35.0,2025-03-30T09:00:47,32.5,10.6593790614908,79.0131989106931,NOISE,2025-03-30T09:00:47,32.5,10.6593790614908,79.0131989106931,NOISE,2025-03-30T09:00:47,32.5,10.6593790614908,79.0131989106931,NOISE,2025-03-30T09:00:47,32.5,10.6593790614908,79.0131989106931,NOISE
2026-04-20T09:42:07.882910,Map-Energy__sum__linear-conv01088-20250330_120047-20250330_180047-30.000000-35.000000.png,2025-03-30T12:00:47,2025-03-30T18:00:47,30.0,35.0,2025-03-30T15:00:47,32.5,10.6593790614908,79.0131989106931,NOISE,2025-03-30T15:00:47,32.5,10.6593790614908,79.0131989106931,NOISE,2025-03-30T15:00:47,32.5,10.6593790614908,79.0131989106931,NOISE,2025-03-30T15:00:47,32.5,10.6593790614908,79.0131989106931,NOISE
2026-04-20T09:42:08.562625,Map-Energy__sum__linear-conv01098-20250330_180047-20250331_000047-30.000000-35.000000.png,2025-03-30T18:00:47,2025-03-31T00:00:47,30.0,35.0,2025-03-30T21:00:47,32.5,10.6593790614908,79.0131989106931,NOISE,2025-03-30T21:00:47,32.5,10.6593790614908,79.0131989106931,NOISE,2025-03-30T21:00:47,32.5,10.6593790614908,79.0131989106931,NOISE,2025-03-30T21:00:47,32.5,10.6593790614908,79.0131989106931,NOISE
2026-04-20T09:42:09.155633,Map-Energy__sum__linear-conv01108-20250331_000047-20250331_060047-30.000000-35.000000.png,2025-03-31T00:00:47,2025-03-31T06:00:47,30.0,35.0,2025-03-31T03:00:47,32.5,10.6593790614908,79.0131989106931,NOISE,2025-03-31T03:00:47,32.5,10.6593790614908,79.0131989106931,NOISE,2025-03-31T03:00:47,32.5,10.6593790614908,79.0131989106931,NOISE,2025-03-31T03:00:47,32.5,10.6593790614908,79.0131989106931,NOISE
2026-04-20T09:42:13.746629,Map-Energy__sum__linear-conv00007-20250331_060047-20250331_120047-30.000000-35.000000.png,2025-03-31T06:00:47,2025-03-31T12:00:47,30.0,35.0,2025-03-31T09:00:47,32.5,10.6593790614908,79.0131989106931,NOISE,2025-03-31T09:00:47,32.5,10.6593790614908,79.0131989106931,NOISE,2025-03-31T09:00:47,32.5,10.6593790614908,79.0131989106931,NOISE,2025-03-31T09:00:47,32.5,10.6593790614908,79.0131989106931,NOISE
2026-04-20T09:42:14.778437,Map-Energy__sum__linear-conv00017-20250331_120047-20250331_180047-30.000000-35.000000.png,2025-03-31T12:00:47,2025-03-31T18:00:47,30.0,35.0,2025-03-31T15:00:47,32.5,10.6593790614908,79.0131989106931,NOISE,2025-03-31T15:00:47,32.5,10.6593790614908,79.0131989106931,NOISE,2025-03-31T15:00:47,32.5,10.6593790614908,79.0131989106931,NOISE,2025-03-31T15:00:47,32.5,10.6593790614908,79.0131989106931,NOISE
2026-04-20T09:42:16.058568,Map-Energy__sum__linear-conv00027-20250331_180047-20250401_000047-30.000000-35.000000.png,2025-03-31T18:00:47,2025-04-01T00:00:47,30.0,35.0,2025-03-31T21:00:47,32.5,10.6593790614908,79.0131989106931,NOISE,2025-03-31T21:00:47,32.5,10.6593790614908,79.0131989106931,NOISE,2025-03-31T21:00:47,32.5,10.6593790614908,79.0131989106931,NOISE,2025-03-31T21:00:47,32.5,10.6593790614908,79.0131989106931,NOISE
2026-04-20T09:42:17.652224,Map-Energy__sum__linear-conv00008-20250301_000047-20250301_060047-35.000000-40.000000.png,2025-03-01T00:00:47,2025-03-01T06:00:47,35.0,40.0,2025-03-01T03:00:47,37.5,10.437915725008,78.9984509925074,NOISE,2025-03-01T03:00:47,37.5,10.437915725008,78.9984509925074,NOISE,2025-03-01T03:00:47,37.5,10.437915725008,78.9984509925074,NOISE,2025-03-01T03:00:47,37.5,10.437915725008,78.9984509925074,NOISE
2026-04-20T09:42:19.674623,Map-Energy__sum__linear-conv00018-20250301_060047-20250301_120047-35.000000-40.000000.png,2025-03-01T06:00:47,2025-03-01T12:00:47,35.0,40.0,2025-03-01T09:00:47,37.5,10.437915725008,78.9984509925074,NOISE,2025-03-01T09:00:47,37.5,10.437915725008,78.9984509925074,NOISE,2025-03-01T09:00:47,37.5,10.437915725008,78.9984509925074,NOISE,2025-03-01T09:00:47,37.5,10.437915725008,78.9984509925074,NOISE
2026-04-20T09:42:21.522270,Map-Energy__sum__linear-conv00028-20250301_120047-20250301_180047-35.000000-40.000000.png,2025-03-01T12:00:47,2025-03-01T18:00:47,35.0,40.0,2025-03-01T15:00:47,37.5,10.437915725008,78.9984509925074,NOISE,2025-03-01T15:00:47,37.5,10.437915725008,78.9984509925074,NOISE,2025-03-01T15:00:47,37.5,10.437915725008,78.9984509925074,NOISE,2025-03-01T15:00:47,37.5,10.437915725008,78.9984509925074,NOISE
2026-04-20T09:42:22.994578,Map-Energy__sum__linear-conv00038-20250301_180047-20250302_000047-35.000000-40.000000.png,2025-03-01T18:00:47,2025-03-02T00:00:47,35.0,40.0,2025-03-01T21:00:47,37.5,10.437915725008,78.9984509925074,NOISE,2025-03-01T21:00:47,37.5,10.437915725008,78.9984509925074,NOISE,2025-03-01T21:00:47,37.5,10.437915725008,78.9984509925074,NOISE,2025-03-01T21:00:47,37.5,10.437915725008,78.9984509925074,NOISE
2026-04-20T09:42:24.418469,Map-Energy__sum__linear-conv00048-20250302_000047-20250302_060047-35.000000-40.000000.png,2025-03-02T00:00:47,2025-03-02T06:00:47,35.0,40.0,2025-03-02T03:00:47,37.5,10.437915725008,78.9984509925074,NOISE,2025-03-02T03:00:47,37.5,10.437915725008,78.9984509925074,NOISE,2025-03-02T03:00:47,37.5,10.437915725008,78.9984509925074,NOISE,2025-03-02T03:00:47,37.5,10.437915725008,78.9984509925074,NOISE
2026-04-20T09:42:25.851024,Map-Energy__sum__linear-conv00058-20250302_060047-20250302_120047-35.000000-40.000000.png,2025-03-02T06:00:47,2025-03-02T12:00:47,35.0,40.0,2025-03-02T09:00:47,37.5,10.437915725008,78.9984509925074,NOISE,2025-03-02T09:00:47,37.5,10.437915725008,78.9984509925074,NOISE,2025-03-02T09:00:47,37.5,10.437915725008,78.9984509925074,NOISE,2025-03-02T09:00:47,37.5,10.437915725008,78.9984509925074,NOISE
2026-04-20T09:42:27.155270,Map-Energy__sum__linear-conv00068-20250302_120047-20250302_180047-35.000000-40.000000.png,2025-03-02T12:00:47,2025-03-02T18:00:47,35.0,40.0,2025-03-02T15:00:47,37.5,10.437915725008,78.9984509925074,NOISE,2025-03-02T15:00:47,37.5,10.437915725008,78.9984509925074,NOISE,2025-03-02T15:00:47,37.5,10.437915725008,78.9984509925074,NOISE,2025-03-02T15:00:47,37.5,10.437915725008,78.9984509925074,NOISE
2026-04-20T09:42:28.666011,Map-Energy__sum__linear-conv00078-20250302_180047-20250303_000047-35.000000-40.000000.png,2025-03-02T18:00:47,2025-03-03T00:00:47,35.0,40.0,2025-03-02T21:00:47,37.5,10.437915725008,78.9984509925074,NOISE,2025-03-02T21:00:47,37.5,10.437915725008,78.9984509925074,NOISE,2025-03-02T21:00:47,37.5,10.437915725008,78.9984509925074,NOISE,2025-03-02T21:00:47,37.5,10.437915725008,78.9984509925074,NOISE
2026-04-20T09:42:30.418492,Map-Energy__sum__linear-conv00088-20250303_000047-20250303_060047-35.000000-40.000000.png,2025-03-03T00:00:47,2025-03-03T06:00:47,35.0,40.0,2025-03-03T03:00:47,37.5,10.437915725008,78.9984509925074,NOISE,2025-03-03T03:00:47,37.5,10.437915725008,78.9984509925074,NOISE,2025-03-03T03:00:47,37.5,10.437915725008,78.9984509925074,NOISE,2025-03-03T03:00:47,37.5,10.437915725008,78.9984509925074,NOISE
2026-04-20T09:42:32.058494,Map-Energy__sum__linear-conv00098-20250303_060047-20250303_120047-35.000000-40.000000.png,2025-03-03T06:00:47,2025-03-03T12:00:47,35.0,40.0,2025-03-03T09:00:47,37.5,10.437915725008,78.9984509925074,NOISE,2025-03-03T09:00:47,37.5,10.437915725008,78.9984509925074,NOISE,2025-03-03T09:00:47,37.5,10.437915725008,78.9984509925074,NOISE,2025-03-03T09:00:47,37.5,10.437915725008,78.9984509925074,NOISE
2026-04-20T09:42:33.450591,Map-Energy__sum__linear-conv00009-20250303_120047-20250303_180047-35.000000-40.000000.png,2025-03-03T12:00:47,2025-03-03T18:00:47,35.0,40.0,2025-03-03T15:00:47,37.5,10.437915725008,78.9984509925074,NOISE,2025-03-03T15:00:47,37.5,10.437915725008,78.9984509925074,NOISE,2025-03-03T15:00:47,37.5,10.437915725008,78.9984509925074,NOISE,2025-03-03T15:00:47,37.5,10.437915725008,78.9984509925074,NOISE
2026-04-20T09:42:34.818591,Map-Energy__sum__linear-conv00019-20250303_180047-20250304_000047-35.000000-40.000000.png,2025-03-03T18:00:47,2025-03-04T00:00:47,35.0,40.0,2025-03-03T21:00:47,37.5,10.437915725008,78.9984509925074,NOISE,2025-03-03T21:00:47,37.5,10.437915725008,78.9984509925074,NOISE,2025-03-03T21:00:47,37.5,10.437915725008,78.9984509925074,NOISE,2025-03-03T21:00:47,37.5,10.437915725008,78.9984509925074,NOISE
2026-04-20T09:42:35.931168,Map-Energy__sum__linear-conv00029-20250304_000047-20250304_060047-35.000000-40.000000.png,2025-03-04T00:00:47,2025-03-04T06:00:47,35.0,40.0,2025-03-04T03:00:47,37.5,10.437915725008,78.9984509925074,NOISE,2025-03-04T03:00:47,37.5,10.437915725008,78.9984509925074,NOISE,2025-03-04T03:00:47,37.5,10.437915725008,78.9984509925074,NOISE,2025-03-04T03:00:47,37.5,10.437915725008,78.9984509925074,NOISE
2026-04-20T09:42:37.234613,Map-Energy__sum__linear-conv00039-20250304_060047-20250304_120047-35.000000-40.000000.png,2025-03-04T06:00:47,2025-03-04T12:00:47,35.0,40.0,2025-03-04T09:00:47,37.5,10.437915725008,78.9984509925074,NOISE,2025-03-04T09:00:47,37.5,10.437915725008,78.9984509925074,NOISE,2025-03-04T09:00:47,37.5,10.437915725008,78.9984509925074,NOISE,2025-03-04T09:00:47,37.5,10.437915725008,78.9984509925074,NOISE
2026-04-20T09:42:38.386373,Map-Energy__sum__linear-conv00049-20250304_120047-20250304_180047-35.000000-40.000000.png,2025-03-04T12:00:47,2025-03-04T18:00:47,35.0,40.0,2025-03-04T15:00:47,37.5,10.437915725008,78.9984509925074,NOISE,2025-03-04T15:00:47,37.5,10.437915725008,78.9984509925074,NOISE,2025-03-04T15:00:47,37.5,10.437915725008,78.9984509925074,NOISE,2025-03-04T15:00:47,37.5,10.437915725008,78.9984509925074,NOISE
2026-04-20T09:42:43.194505,Map-Energy__sum__linear-conv00059-20250304_180047-20250305_000047-35.000000-40.000000.png,2025-03-04T18:00:47,2025-03-05T00:00:47,35.0,40.0,2025-03-04T21:00:47,37.5,10.437915725008,78.9984509925074,NOISE,2025-03-04T21:00:47,37.5,10.437915725008,78.9984509925074,NOISE,2025-03-04T21:00:47,37.5,10.437915725008,78.9984509925074,NOISE,2025-03-04T21:00:47,37.5,10.437915725008,78.9984509925074,NOISE
2026-04-20T09:42:45.347042,Map-Energy__sum__linear-conv00069-20250305_000047-20250305_060047-35.000000-40.000000.png,2025-03-05T00:00:47,2025-03-05T06:00:47,35.0,40.0,2025-03-05T03:00:47,37.5,10.437915725008,78.9984509925074,NOISE,2025-03-05T03:00:47,37.5,10.437915725008,78.9984509925074,NOISE,2025-03-05T03:00:47,37.5,10.437915725008,78.9984509925074,NOISE,2025-03-05T03:00:47,37.5,10.437915725008,78.9984509925074,NOISE
2026-04-20T09:42:47.626453,Map-Energy__sum__linear-conv00079-20250305_060047-20250305_120047-35.000000-40.000000.png,2025-03-05T06:00:47,2025-03-05T12:00:47,35.0,40.0,2025-03-05T09:00:47,37.5,10.437915725008,78.9984509925074,NOISE,2025-03-05T09:00:47,37.5,10.437915725008,78.9984509925074,NOISE,2025-03-05T09:00:47,37.5,10.437915725008,78.9984509925074,NOISE,2025-03-05T09:00:47,37.5,10.437915725008,78.9984509925074,NOISE
2026-04-20T09:42:49.323295,Map-Energy__sum__linear-conv00089-20250305_120047-20250305_180047-35.000000-40.000000.png,2025-03-05T12:00:47,2025-03-05T18:00:47,35.0,40.0,2025-03-05T15:00:47,37.5,10.437915725008,78.9984509925074,NOISE,2025-03-05T15:00:47,37.5,10.437915725008,78.9984509925074,NOISE,2025-03-05T15:00:47,37.5,10.437915725008,78.9984509925074,NOISE,2025-03-05T15:00:47,37.5,10.437915725008,78.9984509925074,NOISE
2026-04-20T09:42:50.578855,Map-Energy__sum__linear-conv00099-20250305_180047-20250306_000047-35.000000-40.000000.png,2025-03-05T18:00:47,2025-03-06T00:00:47,35.0,40.0,2025-03-05T21:00:47,37.5,10.437915725008,78.9984509925074,NOISE,2025-03-05T21:00:47,37.5,10.437915725008,78.9984509925074,NOISE,2025-03-05T21:00:47,37.5,10.437915725008,78.9984509925074,NOISE,2025-03-05T21:00:47,37.5,10.437915725008,78.9984509925074,NOISE
2026-04-20T09:42:52.019258,Map-Energy__sum__linear-conv00109-20250306_000047-20250306_060047-35.000000-40.000000.png,2025-03-06T00:00:47,2025-03-06T06:00:47,35.0,40.0,2025-03-06T03:00:47,37.5,10.437915725008,78.9984509925074,NOISE,2025-03-06T03:00:47,37.5,10.437915725008,78.9984509925074,NOISE,2025-03-06T03:00:47,37.5,10.437915725008,78.9984509925074,NOISE,2025-03-06T03:00:47,37.5,10.437915725008,78.9984509925074,NOISE
2026-04-20T09:42:53.763056,Map-Energy__sum__linear-conv00119-20250306_060047-20250306_120047-35.000000-40.000000.png,2025-03-06T06:00:47,2025-03-06T12:00:47,35.0,40.0,2025-03-06T09:00:47,37.5,10.437915725008,78.9984509925074,NOISE,2025-03-06T09:00:47,37.5,10.437915725008,78.9984509925074,NOISE,2025-03-06T09:00:47,37.5,10.437915725008,78.9984509925074,NOISE,2025-03-06T09:00:47,37.5,10.437915725008,78.9984509925074,NOISE
2026-04-20T09:42:54.858486,Map-Energy__sum__linear-conv00129-20250306_120047-20250306_180047-35.000000-40.000000.png,2025-03-06T12:00:47,2025-03-06T18:00:47,35.0,40.0,2025-03-06T15:00:47,37.5,10.437915725008,78.9984509925074,NOISE,2025-03-06T15:00:47,37.5,10.437915725008,78.9984509925074,NOISE,2025-03-06T15:00:47,37.5,10.437915725008,78.9984509925074,NOISE,2025-03-06T15:00:47,37.5,10.437915725008,78.9984509925074,NOISE
2026-04-20T09:42:56.026970,Map-Energy__sum__linear-conv00139-20250306_180047-20250307_000047-35.000000-40.000000.png,2025-03-06T18:00:47,2025-03-07T00:00:47,35.0,40.0,2025-03-06T21:00:47,37.5,10.437915725008,78.9984509925074,NOISE,2025-03-06T21:00:47,37.5,10.437915725008,78.9984509925074,NOISE,2025-03-06T21:00:47,37.5,10.437915725008,78.9984509925074,NOISE,2025-03-06T21:00:47,37.5,10.437915725008,78.9984509925074,NOISE
2026-04-20T09:42:57.162791,Map-Energy__sum__linear-conv00149-20250307_000047-20250307_060047-35.000000-40.000000.png,2025-03-07T00:00:47,2025-03-07T06:00:47,35.0,40.0,2025-03-07T03:00:47,37.5,10.437915725008,78.9984509925074,NOISE,2025-03-07T03:00:47,37.5,10.437915725008,78.9984509925074,NOISE,2025-03-07T03:00:47,37.5,10.437915725008,78.9984509925074,NOISE,2025-03-07T03:00:47,37.5,10.437915725008,78.9984509925074,NOISE
2026-04-20T09:42:58.730509,Map-Energy__sum__linear-conv00159-20250307_060047-20250307_120047-35.000000-40.000000.png,2025-03-07T06:00:47,2025-03-07T12:00:47,35.0,40.0,2025-03-07T09:00:47,37.5,10.437915725008,78.9984509925074,NOISE,2025-03-07T09:00:47,37.5,10.437915725008,78.9984509925074,NOISE,2025-03-07T09:00:47,37.5,10.437915725008,78.9984509925074,NOISE,2025-03-07T09:00:47,37.5,10.437915725008,78.9984509925074,NOISE
2026-04-20T09:42:59.866391,Map-Energy__sum__linear-conv00169-20250307_120047-20250307_180047-35.000000-40.000000.png,2025-03-07T12:00:47,2025-03-07T18:00:47,35.0,40.0,2025-03-07T15:00:47,37.5,10.437915725008,78.9984509925074,NOISE,2025-03-07T15:00:47,37.5,10.437915725008,78.9984509925074,NOISE,2025-03-07T15:00:47,37.5,10.437915725008,78.9984509925074,NOISE,2025-03-07T15:00:47,37.5,10.437915725008,78.9984509925074,NOISE
2026-04-20T09:43:00.874772,Map-Energy__sum__linear-conv00179-20250307_180047-20250308_000047-35.000000-40.000000.png,2025-03-07T18:00:47,2025-03-08T00:00:47,35.0,40.0,2025-03-07T21:00:47,37.5,10.437915725008,78.9984509925074,NOISE,2025-03-07T21:00:47,37.5,10.437915725008,78.9984509925074,NOISE,2025-03-07T21:00:47,37.5,10.437915725008,78.9984509925074,NOISE,2025-03-07T21:00:47,37.5,10.437915725008,78.9984509925074,NOISE
2026-04-20T09:43:02.122252,Map-Energy__sum__linear-conv00189-20250308_000047-20250308_060047-35.000000-40.000000.png,2025-03-08T00:00:47,2025-03-08T06:00:47,35.0,40.0,2025-03-08T03:00:47,37.5,10.437915725008,78.9984509925074,NOISE,2025-03-08T03:00:47,37.5,10.437915725008,78.9984509925074,NOISE,2025-03-08T03:00:47,37.5,10.437915725008,78.9984509925074,NOISE,2025-03-08T03:00:47,37.5,10.437915725008,78.9984509925074,NOISE
2026-04-20T09:43:03.378613,Map-Energy__sum__linear-conv00199-20250308_060047-20250308_120047-35.000000-40.000000.png,2025-03-08T06:00:47,2025-03-08T12:00:47,35.0,40.0,2025-03-08T09:00:47,37.5,10.437915725008,78.9984509925074,NOISE,2025-03-08T09:00:47,37.5,10.437915725008,78.9984509925074,NOISE,2025-03-08T09:00:47,37.5,10.437915725008,78.9984509925074,NOISE,2025-03-08T09:00:47,37.5,10.437915725008,78.9984509925074,NOISE
2026-04-20T09:43:04.771612,Map-Energy__sum__linear-conv00209-20250308_120047-20250308_180047-35.000000-40.000000.png,2025-03-08T12:00:47,2025-03-08T18:00:47,35.0,40.0,2025-03-08T15:00:47,37.5,10.437915725008,78.9984509925074,NOISE,2025-03-08T15:00:47,37.5,10.437915725008,78.9984509925074,NOISE,2025-03-08T15:00:47,37.5,10.437915725008,78.9984509925074,NOISE,2025-03-08T15:00:47,37.5,10.437915725008,78.9984509925074,NOISE
2026-04-20T09:43:05.786598,Map-Energy__sum__linear-conv00219-20250308_180047-20250309_000047-35.000000-40.000000.png,2025-03-08T18:00:47,2025-03-09T00:00:47,35.0,40.0,2025-03-08T21:00:47,37.5,10.437915725008,78.9984509925074,NOISE,2025-03-08T21:00:47,37.5,10.437915725008,78.9984509925074,NOISE,2025-03-08T21:00:47,37.5,10.437915725008,78.9984509925074,NOISE,2025-03-08T21:00:47,37.5,10.437915725008,78.9984509925074,NOISE
2026-04-20T09:43:06.746678,Map-Energy__sum__linear-conv00229-20250309_000047-20250309_060047-35.000000-40.000000.png,2025-03-09T00:00:47,2025-03-09T06:00:47,35.0,40.0,2025-03-09T03:00:47,37.5,10.437915725008,78.9984509925074,NOISE,2025-03-09T03:00:47,37.5,10.437915725008,78.9984509925074,NOISE,2025-03-09T03:00:47,37.5,10.437915725008,78.9984509925074,NOISE,2025-03-09T03:00:47,37.5,10.437915725008,78.9984509925074,NOISE
2026-04-20T09:43:08.138869,Map-Energy__sum__linear-conv00239-20250309_060047-20250309_120047-35.000000-40.000000.png,2025-03-09T06:00:47,2025-03-09T12:00:47,35.0,40.0,2025-03-09T09:00:47,37.5,10.437915725008,78.9984509925074,NOISE,2025-03-09T09:00:47,37.5,10.437915725008,78.9984509925074,NOISE,2025-03-09T09:00:47,37.5,10.437915725008,78.9984509925074,NOISE,2025-03-09T09:00:47,37.5,10.437915725008,78.9984509925074,NOISE
2026-04-20T09:43:09.690530,Map-Energy__sum__linear-conv00249-20250309_120047-20250309_180047-35.000000-40.000000.png,2025-03-09T12:00:47,2025-03-09T18:00:47,35.0,40.0,2025-03-09T15:00:47,37.5,10.437915725008,78.9984509925074,NOISE,2025-03-09T15:00:47,37.5,10.437915725008,78.9984509925074,NOISE,2025-03-09T15:00:47,37.5,10.437915725008,78.9984509925074,NOISE,2025-03-09T15:00:47,37.5,10.437915725008,78.9984509925074,NOISE
2026-04-20T09:43:11.130681,Map-Energy__sum__linear-conv00259-20250309_180047-20250310_000047-35.000000-40.000000.png,2025-03-09T18:00:47,2025-03-10T00:00:47,35.0,40.0,2025-03-09T21:00:47,37.5,10.437915725008,78.9984509925074,NOISE,2025-03-09T21:00:47,37.5,10.437915725008,78.9984509925074,NOISE,2025-03-09T21:00:47,37.5,10.437915725008,78.9984509925074,NOISE,2025-03-09T21:00:47,37.5,10.437915725008,78.9984509925074,NOISE
2026-04-20T09:43:12.418617,Map-Energy__sum__linear-conv00269-20250310_000047-20250310_060047-35.000000-40.000000.png,2025-03-10T00:00:47,2025-03-10T06:00:47,35.0,40.0,2025-03-10T03:00:47,37.5,10.437915725008,78.9984509925074,NOISE,2025-03-10T03:00:47,37.5,10.437915725008,78.9984509925074,NOISE,2025-03-10T03:00:47,37.5,10.437915725008,78.9984509925074,NOISE,2025-03-10T03:00:47,37.5,10.437915725008,78.9984509925074,NOISE
2026-04-20T09:43:13.594623,Map-Energy__sum__linear-conv00279-20250310_060047-20250310_120047-35.000000-40.000000.png,2025-03-10T06:00:47,2025-03-10T12:00:47,35.0,40.0,2025-03-10T09:00:47,37.5,10.437915725008,78.9984509925074,NOISE,2025-03-10T09:00:47,37.5,10.437915725008,78.9984509925074,NOISE,2025-03-10T09:00:47,37.5,10.437915725008,78.9984509925074,NOISE,2025-03-10T09:00:47,37.5,10.437915725008,78.9984509925074,NOISE
2026-04-20T09:43:14.706503,Map-Energy__sum__linear-conv00289-20250310_120047-20250310_180047-35.000000-40.000000.png,2025-03-10T12:00:47,2025-03-10T18:00:47,35.0,40.0,2025-03-10T15:00:47,37.5,10.437915725008,78.9984509925074,NOISE,2025-03-10T15:00:47,37.5,10.437915725008,78.9984509925074,NOISE,2025-03-10T15:00:47,37.5,10.437915725008,78.9984509925074,NOISE,2025-03-10T15:00:47,37.5,10.437915725008,78.9984509925074,NOISE
2026-04-20T09:43:16.091098,Map-Energy__sum__linear-conv00299-20250310_180047-20250311_000047-35.000000-40.000000.png,2025-03-10T18:00:47,2025-03-11T00:00:47,35.0,40.0,2025-03-10T21:00:47,37.5,10.437915725008,78.9984509925074,NOISE,2025-03-10T21:00:47,37.5,10.437915725008,78.9984509925074,NOISE,2025-03-10T21:00:47,37.5,10.437915725008,78.9984509925074,NOISE,2025-03-10T21:00:47,37.5,10.437915725008,78.9984509925074,NOISE
2026-04-20T09:43:17.378774,Map-Energy__sum__linear-conv00309-20250311_000047-20250311_060047-35.000000-40.000000.png,2025-03-11T00:00:47,2025-03-11T06:00:47,35.0,40.0,2025-03-11T03:00:47,37.5,10.437915725008,78.9984509925074,NOISE,2025-03-11T03:00:47,37.5,10.437915725008,78.9984509925074,NOISE,2025-03-11T03:00:47,37.5,10.437915725008,78.9984509925074,NOISE,2025-03-11T03:00:47,37.5,10.437915725008,78.9984509925074,NOISE
2026-04-20T09:43:18.443076,Map-Energy__sum__linear-conv00319-20250311_060047-20250311_120047-35.000000-40.000000.png,2025-03-11T06:00:47,2025-03-11T12:00:47,35.0,40.0,2025-03-11T09:00:47,37.5,10.437915725008,78.9984509925074,NOISE,2025-03-11T09:00:47,37.5,10.437915725008,78.9984509925074,NOISE,2025-03-11T09:00:47,37.5,10.437915725008,78.9984509925074,NOISE,2025-03-11T09:00:47,37.5,10.437915725008,78.9984509925074,NOISE
2026-04-20T09:43:19.578526,Map-Energy__sum__linear-conv00329-20250311_120047-20250311_180047-35.000000-40.000000.png,2025-03-11T12:00:47,2025-03-11T18:00:47,35.0,40.0,2025-03-11T15:00:47,37.5,10.437915725008,78.9984509925074,NOISE,2025-03-11T15:00:47,37.5,10.437915725008,78.9984509925074,NOISE,2025-03-11T15:00:47,37.5,10.437915725008,78.9984509925074,NOISE,2025-03-11T15:00:47,37.5,10.437915725008,78.9984509925074,NOISE
2026-04-20T09:43:21.394590,Map-Energy__sum__linear-conv00339-20250311_180047-20250312_000047-35.000000-40.000000.png,2025-03-11T18:00:47,2025-03-12T00:00:47,35.0,40.0,2025-03-11T21:00:47,37.5,10.437915725008,78.9984509925074,NOISE,2025-03-11T21:00:47,37.5,10.437915725008,78.9984509925074,NOISE,2025-03-11T21:00:47,37.5,10.437915725008,78.9984509925074,NOISE,2025-03-11T21:00:47,37.5,10.437915725008,78.9984509925074,NOISE
2026-04-20T09:43:22.986040,Map-Energy__sum__linear-conv00349-20250312_000047-20250312_060047-35.000000-40.000000.png,2025-03-12T00:00:47,2025-03-12T06:00:47,35.0,40.0,2025-03-12T03:00:47,37.5,10.437915725008,78.9984509925074,NOISE,2025-03-12T03:00:47,37.5,10.437915725008,78.9984509925074,NOISE,2025-03-12T03:00:47,37.5,10.437915725008,78.9984509925074,NOISE,2025-03-12T03:00:47,37.5,10.437915725008,78.9984509925074,NOISE
2026-04-20T09:43:24.114925,Map-Energy__sum__linear-conv00359-20250312_060047-20250312_120047-35.000000-40.000000.png,2025-03-12T06:00:47,2025-03-12T12:00:47,35.0,40.0,2025-03-12T09:00:47,37.5,10.437915725008,78.9984509925074,NOISE,2025-03-12T09:00:47,37.5,10.437915725008,78.9984509925074,NOISE,2025-03-12T09:00:47,37.5,10.437915725008,78.9984509925074,NOISE,2025-03-12T09:00:47,37.5,10.437915725008,78.9984509925074,NOISE
2026-04-20T09:43:25.218445,Map-Energy__sum__linear-conv00369-20250312_120047-20250312_180047-35.000000-40.000000.png,2025-03-12T12:00:47,2025-03-12T18:00:47,35.0,40.0,2025-03-12T15:00:47,37.5,10.437915725008,78.9984509925074,NOISE,2025-03-12T15:00:47,37.5,10.437915725008,78.9984509925074,NOISE,2025-03-12T15:00:47,37.5,10.437915725008,78.9984509925074,NOISE,2025-03-12T15:00:47,37.5,10.437915725008,78.9984509925074,NOISE
2026-04-20T09:43:26.394981,Map-Energy__sum__linear-conv00379-20250312_180047-20250313_000047-35.000000-40.000000.png,2025-03-12T18:00:47,2025-03-13T00:00:47,35.0,40.0,2025-03-12T21:00:47,37.5,10.437915725008,78.9984509925074,NOISE,2025-03-12T21:00:47,37.5,10.437915725008,78.9984509925074,NOISE,2025-03-12T21:00:47,37.5,10.437915725008,78.9984509925074,NOISE,2025-03-12T21:00:47,37.5,10.437915725008,78.9984509925074,NOISE
2026-04-20T09:43:27.939218,Map-Energy__sum__linear-conv00389-20250313_000047-20250313_060047-35.000000-40.000000.png,2025-03-13T00:00:47,2025-03-13T06:00:47,35.0,40.0,2025-03-13T03:00:47,37.5,10.437915725008,78.9984509925074,NOISE,2025-03-13T03:00:47,37.5,10.437915725008,78.9984509925074,NOISE,2025-03-13T03:00:47,37.5,10.437915725008,78.9984509925074,NOISE,2025-03-13T03:00:47,37.5,10.437915725008,78.9984509925074,NOISE
2026-04-20T09:43:29.130709,Map-Energy__sum__linear-conv00399-20250313_060047-20250313_120047-35.000000-40.000000.png,2025-03-13T06:00:47,2025-03-13T12:00:47,35.0,40.0,2025-03-13T09:00:47,37.5,10.437915725008,78.9984509925074,NOISE,2025-03-13T09:00:47,37.5,10.437915725008,78.9984509925074,NOISE,2025-03-13T09:00:47,37.5,10.437915725008,78.9984509925074,NOISE,2025-03-13T09:00:47,37.5,10.437915725008,78.9984509925074,NOISE
2026-04-20T09:43:30.202464,Map-Energy__sum__linear-conv00409-20250313_120047-20250313_180047-35.000000-40.000000.png,2025-03-13T12:00:47,2025-03-13T18:00:47,35.0,40.0,2025-03-13T15:00:47,37.5,10.437915725008,78.9984509925074,NOISE,2025-03-13T15:00:47,37.5,10.437915725008,78.9984509925074,NOISE,2025-03-13T15:00:47,37.5,10.437915725008,78.9984509925074,NOISE,2025-03-13T15:00:47,37.5,10.437915725008,78.9984509925074,NOISE
2026-04-20T09:43:33.514436,Map-Energy__sum__linear-conv00419-20250313_180047-20250314_000047-35.000000-40.000000.png,2025-03-13T18:00:47,2025-03-14T00:00:47,35.0,40.0,2025-03-13T21:00:47,37.5,10.437915725008,78.9984509925074,NOISE,2025-03-13T21:00:47,37.5,10.437915725008,78.9984509925074,NOISE,2025-03-13T21:00:47,37.5,10.437915725008,78.9984509925074,NOISE,2025-03-13T21:00:47,37.5,10.437915725008,78.9984509925074,NOISE
2026-04-20T09:43:34.946272,Map-Energy__sum__linear-conv00429-20250314_000047-20250314_060047-35.000000-40.000000.png,2025-03-14T00:00:47,2025-03-14T06:00:47,35.0,40.0,2025-03-14T03:00:47,37.5,10.437915725008,78.9984509925074,NOISE,2025-03-14T03:00:47,37.5,10.437915725008,78.9984509925074,NOISE,2025-03-14T03:00:47,37.5,10.437915725008,78.9984509925074,NOISE,2025-03-14T03:00:47,37.5,10.437915725008,78.9984509925074,NOISE
2026-04-20T09:43:36.010496,Map-Energy__sum__linear-conv00439-20250314_060047-20250314_120047-35.000000-40.000000.png,2025-03-14T06:00:47,2025-03-14T12:00:47,35.0,40.0,2025-03-14T09:00:47,37.5,10.437915725008,78.9984509925074,NOISE,2025-03-14T09:00:47,37.5,10.437915725008,78.9984509925074,NOISE,2025-03-14T09:00:47,37.5,10.437915725008,78.9984509925074,NOISE,2025-03-14T09:00:47,37.5,10.437915725008,78.9984509925074,NOISE
2026-04-20T09:43:37.202622,Map-Energy__sum__linear-conv00449-20250314_120047-20250314_180047-35.000000-40.000000.png,2025-03-14T12:00:47,2025-03-14T18:00:47,35.0,40.0,2025-03-14T15:00:47,37.5,10.437915725008,78.9984509925074,NOISE,2025-03-14T15:00:47,37.5,10.437915725008,78.9984509925074,NOISE,2025-03-14T15:00:47,37.5,10.437915725008,78.9984509925074,NOISE,2025-03-14T15:00:47,37.5,10.437915725008,78.9984509925074,NOISE
2026-04-20T09:43:45.722596,Map-Energy__sum__linear-conv00459-20250314_180047-20250315_000047-35.000000-40.000000.png,2025-03-14T18:00:47,2025-03-15T00:00:47,35.0,40.0,2025-03-14T21:48:27,37.562256,10.4353042914035,78.9982507840002,VESSEL,2025-03-14T21:00:47,37.5,10.437915725008,78.9984509925074,NOISE,2025-03-14T21:00:47,37.5,10.437915725008,78.9984509925074,NOISE,2025-03-14T21:00:47,37.5,10.437915725008,78.9984509925074,NOISE
2026-04-20T09:43:46.962381,Map-Energy__sum__linear-conv00469-20250315_000047-20250315_060047-35.000000-40.000000.png,2025-03-15T00:00:47,2025-03-15T06:00:47,35.0,40.0,2025-03-15T03:00:47,37.5,10.437915725008,78.9984509925074,NOISE,2025-03-15T03:00:47,37.5,10.437915725008,78.9984509925074,NOISE,2025-03-15T03:00:47,37.5,10.437915725008,78.9984509925074,NOISE,2025-03-15T03:00:47,37.5,10.437915725008,78.9984509925074,NOISE
2026-04-20T09:43:48.082334,Map-Energy__sum__linear-conv00479-20250315_060047-20250315_120047-35.000000-40.000000.png,2025-03-15T06:00:47,2025-03-15T12:00:47,35.0,40.0,2025-03-15T09:00:47,37.5,10.437915725008,78.9984509925074,NOISE,2025-03-15T09:00:47,37.5,10.437915725008,78.9984509925074,NOISE,2025-03-15T09:00:47,37.5,10.437915725008,78.9984509925074,NOISE,2025-03-15T09:00:47,37.5,10.437915725008,78.9984509925074,NOISE
2026-04-20T09:43:49.074894,Map-Energy__sum__linear-conv00489-20250315_120047-20250315_180047-35.000000-40.000000.png,2025-03-15T12:00:47,2025-03-15T18:00:47,35.0,40.0,2025-03-15T15:00:47,37.5,10.437915725008,78.9984509925074,NOISE,2025-03-15T15:00:47,37.5,10.437915725008,78.9984509925074,NOISE,2025-03-15T15:00:47,37.5,10.437915725008,78.9984509925074,NOISE,2025-03-15T15:00:47,37.5,10.437915725008,78.9984509925074,NOISE
2026-04-20T09:43:50.122623,Map-Energy__sum__linear-conv00499-20250315_180047-20250316_000047-35.000000-40.000000.png,2025-03-15T18:00:47,2025-03-16T00:00:47,35.0,40.0,2025-03-15T21:00:47,37.5,10.437915725008,78.9984509925074,NOISE,2025-03-15T21:00:47,37.5,10.437915725008,78.9984509925074,NOISE,2025-03-15T21:00:47,37.5,10.437915725008,78.9984509925074,NOISE,2025-03-15T21:00:47,37.5,10.437915725008,78.9984509925074,NOISE
2026-04-20T09:43:51.226422,Map-Energy__sum__linear-conv00509-20250316_000047-20250316_060047-35.000000-40.000000.png,2025-03-16T00:00:47,2025-03-16T06:00:47,35.0,40.0,2025-03-16T03:00:47,37.5,10.437915725008,78.9984509925074,NOISE,2025-03-16T03:00:47,37.5,10.437915725008,78.9984509925074,NOISE,2025-03-16T03:00:47,37.5,10.437915725008,78.9984509925074,NOISE,2025-03-16T03:00:47,37.5,10.437915725008,78.9984509925074,NOISE
2026-04-20T09:43:52.339244,Map-Energy__sum__linear-conv00519-20250316_060047-20250316_120047-35.000000-40.000000.png,2025-03-16T06:00:47,2025-03-16T12:00:47,35.0,40.0,2025-03-16T09:00:47,37.5,10.437915725008,78.9984509925074,NOISE,2025-03-16T09:00:47,37.5,10.437915725008,78.9984509925074,NOISE,2025-03-16T09:00:47,37.5,10.437915725008,78.9984509925074,NOISE,2025-03-16T09:00:47,37.5,10.437915725008,78.9984509925074,NOISE
2026-04-20T09:43:53.354977,Map-Energy__sum__linear-conv00529-20250316_120047-20250316_180047-35.000000-40.000000.png,2025-03-16T12:00:47,2025-03-16T18:00:47,35.0,40.0,2025-03-16T15:00:47,37.5,10.437915725008,78.9984509925074,NOISE,2025-03-16T15:00:47,37.5,10.437915725008,78.9984509925074,NOISE,2025-03-16T15:00:47,37.5,10.437915725008,78.9984509925074,NOISE,2025-03-16T15:00:47,37.5,10.437915725008,78.9984509925074,NOISE
2026-04-20T09:43:54.362544,Map-Energy__sum__linear-conv00539-20250316_180047-20250317_000047-35.000000-40.000000.png,2025-03-16T18:00:47,2025-03-17T00:00:47,35.0,40.0,2025-03-16T21:00:47,37.5,10.437915725008,78.9984509925074,NOISE,2025-03-16T21:00:47,37.5,10.437915725008,78.9984509925074,NOISE,2025-03-16T21:00:47,37.5,10.437915725008,78.9984509925074,NOISE,2025-03-16T21:00:47,37.5,10.437915725008,78.9984509925074,NOISE
2026-04-20T09:43:55.364717,Map-Energy__sum__linear-conv00549-20250317_000047-20250317_060047-35.000000-40.000000.png,2025-03-17T00:00:47,2025-03-17T06:00:47,35.0,40.0,2025-03-17T03:00:47,37.5,10.437915725008,78.9984509925074,NOISE,2025-03-17T03:00:47,37.5,10.437915725008,78.9984509925074,NOISE,2025-03-17T03:00:47,37.5,10.437915725008,78.9984509925074,NOISE,2025-03-17T03:00:47,37.5,10.437915725008,78.9984509925074,NOISE
2026-04-20T09:43:56.394714,Map-Energy__sum__linear-conv00559-20250317_060047-20250317_120047-35.000000-40.000000.png,2025-03-17T06:00:47,2025-03-17T12:00:47,35.0,40.0,2025-03-17T09:00:47,37.5,10.437915725008,78.9984509925074,NOISE,2025-03-17T09:00:47,37.5,10.437915725008,78.9984509925074,NOISE,2025-03-17T09:00:47,37.5,10.437915725008,78.9984509925074,NOISE,2025-03-17T09:00:47,37.5,10.437915725008,78.9984509925074,NOISE
2026-04-20T09:43:57.442837,Map-Energy__sum__linear-conv00569-20250317_120047-20250317_180047-35.000000-40.000000.png,2025-03-17T12:00:47,2025-03-17T18:00:47,35.0,40.0,2025-03-17T15:00:47,37.5,10.437915725008,78.9984509925074,NOISE,2025-03-17T15:00:47,37.5,10.437915725008,78.9984509925074,NOISE,2025-03-17T15:00:47,37.5,10.437915725008,78.9984509925074,NOISE,2025-03-17T15:00:47,37.5,10.437915725008,78.9984509925074,NOISE
2026-04-20T09:43:58.530472,Map-Energy__sum__linear-conv00579-20250317_180047-20250318_000047-35.000000-40.000000.png,2025-03-17T18:00:47,2025-03-18T00:00:47,35.0,40.0,2025-03-17T21:00:47,37.5,10.437915725008,78.9984509925074,NOISE,2025-03-17T21:00:47,37.5,10.437915725008,78.9984509925074,NOISE,2025-03-17T21:00:47,37.5,10.437915725008,78.9984509925074,NOISE,2025-03-17T21:00:47,37.5,10.437915725008,78.9984509925074,NOISE
2026-04-20T09:43:59.730620,Map-Energy__sum__linear-conv00589-20250318_000047-20250318_060047-35.000000-40.000000.png,2025-03-18T00:00:47,2025-03-18T06:00:47,35.0,40.0,2025-03-18T03:00:47,37.5,10.437915725008,78.9984509925074,NOISE,2025-03-18T03:00:47,37.5,10.437915725008,78.9984509925074,NOISE,2025-03-18T03:00:47,37.5,10.437915725008,78.9984509925074,NOISE,2025-03-18T03:00:47,37.5,10.437915725008,78.9984509925074,NOISE
2026-04-20T09:44:09.850632,Map-Energy__sum__linear-conv00599-20250318_060047-20250318_120047-35.000000-40.000000.png,2025-03-18T06:00:47,2025-03-18T12:00:47,35.0,40.0,2025-03-18T08:30:54,38.87741,10.3779915201027,78.9937784373808,OTHER,2025-03-18T09:00:47,37.5,10.437915725008,78.9984509925074,NOISE,2025-03-18T09:00:47,37.5,10.437915725008,78.9984509925074,NOISE,2025-03-18T09:00:47,37.5,10.437915725008,78.9984509925074,NOISE
2026-04-20T09:44:10.962978,Map-Energy__sum__linear-conv00609-20250318_120047-20250318_180047-35.000000-40.000000.png,2025-03-18T12:00:47,2025-03-18T18:00:47,35.0,40.0,2025-03-18T15:00:47,37.5,10.437915725008,78.9984509925074,NOISE,2025-03-18T15:00:47,37.5,10.437915725008,78.9984509925074,NOISE,2025-03-18T15:00:47,37.5,10.437915725008,78.9984509925074,NOISE,2025-03-18T15:00:47,37.5,10.437915725008,78.9984509925074,NOISE
2026-04-20T09:44:12.266749,Map-Energy__sum__linear-conv00619-20250318_180047-20250319_000047-35.000000-40.000000.png,2025-03-18T18:00:47,2025-03-19T00:00:47,35.0,40.0,2025-03-18T21:00:47,37.5,10.437915725008,78.9984509925074,NOISE,2025-03-18T21:00:47,37.5,10.437915725008,78.9984509925074,NOISE,2025-03-18T21:00:47,37.5,10.437915725008,78.9984509925074,NOISE,2025-03-18T21:00:47,37.5,10.437915725008,78.9984509925074,NOISE
2026-04-20T09:44:13.458734,Map-Energy__sum__linear-conv00629-20250319_000047-20250319_060047-35.000000-40.000000.png,2025-03-19T00:00:47,2025-03-19T06:00:47,35.0,40.0,2025-03-19T03:00:47,37.5,10.437915725008,78.9984509925074,NOISE,2025-03-19T03:00:47,37.5,10.437915725008,78.9984509925074,NOISE,2025-03-19T03:00:47,37.5,10.437915725008,78.9984509925074,NOISE,2025-03-19T03:00:47,37.5,10.437915725008,78.9984509925074,NOISE
2026-04-20T09:44:15.002957,Map-Energy__sum__linear-conv00639-20250319_060047-20250319_120047-35.000000-40.000000.png,2025-03-19T06:00:47,2025-03-19T12:00:47,35.0,40.0,2025-03-19T09:00:47,37.5,10.437915725008,78.9984509925074,NOISE,2025-03-19T09:00:47,37.5,10.437915725008,78.9984509925074,NOISE,2025-03-19T09:00:47,37.5,10.437915725008,78.9984509925074,NOISE,2025-03-19T09:00:47,37.5,10.437915725008,78.9984509925074,NOISE
2026-04-20T09:44:16.315118,Map-Energy__sum__linear-conv00649-20250319_120047-20250319_180047-35.000000-40.000000.png,2025-03-19T12:00:47,2025-03-19T18:00:47,35.0,40.0,2025-03-19T15:00:47,37.5,10.437915725008,78.9984509925074,NOISE,2025-03-19T15:00:47,37.5,10.437915725008,78.9984509925074,NOISE,2025-03-19T15:00:47,37.5,10.437915725008,78.9984509925074,NOISE,2025-03-19T15:00:47,37.5,10.437915725008,78.9984509925074,NOISE
2026-04-20T09:44:17.498369,Map-Energy__sum__linear-conv00659-20250319_180047-20250320_000047-35.000000-40.000000.png,2025-03-19T18:00:47,2025-03-20T00:00:47,35.0,40.0,2025-03-19T21:00:47,37.5,10.437915725008,78.9984509925074,NOISE,2025-03-19T21:00:47,37.5,10.437915725008,78.9984509925074,NOISE,2025-03-19T21:00:47,37.5,10.437915725008,78.9984509925074,NOISE,2025-03-19T21:00:47,37.5,10.437915725008,78.9984509925074,NOISE
2026-04-20T09:44:18.874902,Map-Energy__sum__linear-conv00669-20250320_000047-20250320_060047-35.000000-40.000000.png,2025-03-20T00:00:47,2025-03-20T06:00:47,35.0,40.0,2025-03-20T03:00:47,37.5,10.437915725008,78.9984509925074,NOISE,2025-03-20T03:00:47,37.5,10.437915725008,78.9984509925074,NOISE,2025-03-20T03:00:47,37.5,10.437915725008,78.9984509925074,NOISE,2025-03-20T03:00:47,37.5,10.437915725008,78.9984509925074,NOISE
2026-04-20T09:44:20.234748,Map-Energy__sum__linear-conv00679-20250320_060047-20250320_120047-35.000000-40.000000.png,2025-03-20T06:00:47,2025-03-20T12:00:47,35.0,40.0,2025-03-20T09:00:47,37.5,10.437915725008,78.9984509925074,NOISE,2025-03-20T09:00:47,37.5,10.437915725008,78.9984509925074,NOISE,2025-03-20T09:00:47,37.5,10.437915725008,78.9984509925074,NOISE,2025-03-20T09:00:47,37.5,10.437915725008,78.9984509925074,NOISE
2026-04-20T09:44:22.386754,Map-Energy__sum__linear-conv00689-20250320_120047-20250320_180047-35.000000-40.000000.png,2025-03-20T12:00:47,2025-03-20T18:00:47,35.0,40.0,2025-03-20T15:00:47,37.5,10.437915725008,78.9984509925074,NOISE,2025-03-20T15:00:47,37.5,10.437915725008,78.9984509925074,NOISE,2025-03-20T15:00:47,37.5,10.437915725008,78.9984509925074,NOISE,2025-03-20T15:00:47,37.5,10.437915725008,78.9984509925074,NOISE
2026-04-20T09:44:24.106868,Map-Energy__sum__linear-conv00699-20250320_180047-20250321_000047-35.000000-40.000000.png,2025-03-20T18:00:47,2025-03-21T00:00:47,35.0,40.0,2025-03-20T21:00:47,37.5,10.437915725008,78.9984509925074,NOISE,2025-03-20T21:00:47,37.5,10.437915725008,78.9984509925074,NOISE,2025-03-20T21:00:47,37.5,10.437915725008,78.9984509925074,NOISE,2025-03-20T21:00:47,37.5,10.437915725008,78.9984509925074,NOISE
2026-04-20T09:44:26.674891,Map-Energy__sum__linear-conv00709-20250321_000047-20250321_060047-35.000000-40.000000.png,2025-03-21T00:00:47,2025-03-21T06:00:47,35.0,40.0,2025-03-21T03:00:47,37.5,10.437915725008,78.9984509925074,NOISE,2025-03-21T03:00:47,37.5,10.437915725008,78.9984509925074,NOISE,2025-03-21T03:00:47,37.5,10.437915725008,78.9984509925074,NOISE,2025-03-21T03:00:47,37.5,10.437915725008,78.9984509925074,NOISE
2026-04-20T09:44:27.914612,Map-Energy__sum__linear-conv00719-20250321_060047-20250321_120047-35.000000-40.000000.png,2025-03-21T06:00:47,2025-03-21T12:00:47,35.0,40.0,2025-03-21T09:00:47,37.5,10.437915725008,78.9984509925074,NOISE,2025-03-21T09:00:47,37.5,10.437915725008,78.9984509925074,NOISE,2025-03-21T09:00:47,37.5,10.437915725008,78.9984509925074,NOISE,2025-03-21T09:00:47,37.5,10.437915725008,78.9984509925074,NOISE
2026-04-20T09:44:29.122981,Map-Energy__sum__linear-conv00729-20250321_120047-20250321_180047-35.000000-40.000000.png,2025-03-21T12:00:47,2025-03-21T18:00:47,35.0,40.0,2025-03-21T15:00:47,37.5,10.437915725008,78.9984509925074,NOISE,2025-03-21T15:00:47,37.5,10.437915725008,78.9984509925074,NOISE,2025-03-21T15:00:47,37.5,10.437915725008,78.9984509925074,NOISE,2025-03-21T15:00:47,37.5,10.437915725008,78.9984509925074,NOISE
2026-04-20T09:44:30.778307,Map-Energy__sum__linear-conv00739-20250321_180047-20250322_000047-35.000000-40.000000.png,2025-03-21T18:00:47,2025-03-22T00:00:47,35.0,40.0,2025-03-21T21:00:47,37.5,10.437915725008,78.9984509925074,NOISE,2025-03-21T21:00:47,37.5,10.437915725008,78.9984509925074,NOISE,2025-03-21T21:00:47,37.5,10.437915725008,78.9984509925074,NOISE,2025-03-21T21:00:47,37.5,10.437915725008,78.9984509925074,NOISE
2026-04-20T09:44:32.234533,Map-Energy__sum__linear-conv00749-20250322_000047-20250322_060047-35.000000-40.000000.png,2025-03-22T00:00:47,2025-03-22T06:00:47,35.0,40.0,2025-03-22T03:00:47,37.5,10.437915725008,78.9984509925074,NOISE,2025-03-22T03:00:47,37.5,10.437915725008,78.9984509925074,NOISE,2025-03-22T03:00:47,37.5,10.437915725008,78.9984509925074,NOISE,2025-03-22T03:00:47,37.5,10.437915725008,78.9984509925074,NOISE
2026-04-20T09:44:33.419076,Map-Energy__sum__linear-conv00759-20250322_060047-20250322_120047-35.000000-40.000000.png,2025-03-22T06:00:47,2025-03-22T12:00:47,35.0,40.0,2025-03-22T09:00:47,37.5,10.437915725008,78.9984509925074,NOISE,2025-03-22T09:00:47,37.5,10.437915725008,78.9984509925074,NOISE,2025-03-22T09:00:47,37.5,10.437915725008,78.9984509925074,NOISE,2025-03-22T09:00:47,37.5,10.437915725008,78.9984509925074,NOISE
2026-04-20T09:44:35.402845,Map-Energy__sum__linear-conv00769-20250322_120047-20250322_180047-35.000000-40.000000.png,2025-03-22T12:00:47,2025-03-22T18:00:47,35.0,40.0,2025-03-22T15:00:47,37.5,10.437915725008,78.9984509925074,NOISE,2025-03-22T15:00:47,37.5,10.437915725008,78.9984509925074,NOISE,2025-03-22T15:00:47,37.5,10.437915725008,78.9984509925074,NOISE,2025-03-22T15:00:47,37.5,10.437915725008,78.9984509925074,NOISE
2026-04-20T09:44:37.018585,Map-Energy__sum__linear-conv00779-20250322_180047-20250323_000047-35.000000-40.000000.png,2025-03-22T18:00:47,2025-03-23T00:00:47,35.0,40.0,2025-03-22T21:00:47,37.5,10.437915725008,78.9984509925074,NOISE,2025-03-22T21:00:47,37.5,10.437915725008,78.9984509925074,NOISE,2025-03-22T21:00:47,37.5,10.437915725008,78.9984509925074,NOISE,2025-03-22T21:00:47,37.5,10.437915725008,78.9984509925074,NOISE
2026-04-20T09:44:38.290605,Map-Energy__sum__linear-conv00789-20250323_000047-20250323_060047-35.000000-40.000000.png,2025-03-23T00:00:47,2025-03-23T06:00:47,35.0,40.0,2025-03-23T03:00:47,37.5,10.437915725008,78.9984509925074,NOISE,2025-03-23T03:00:47,37.5,10.437915725008,78.9984509925074,NOISE,2025-03-23T03:00:47,37.5,10.437915725008,78.9984509925074,NOISE,2025-03-23T03:00:47,37.5,10.437915725008,78.9984509925074,NOISE
2026-04-20T09:44:39.490996,Map-Energy__sum__linear-conv00799-20250323_060047-20250323_120047-35.000000-40.000000.png,2025-03-23T06:00:47,2025-03-23T12:00:47,35.0,40.0,2025-03-23T09:00:47,37.5,10.437915725008,78.9984509925074,NOISE,2025-03-23T09:00:47,37.5,10.437915725008,78.9984509925074,NOISE,2025-03-23T09:00:47,37.5,10.437915725008,78.9984509925074,NOISE,2025-03-23T09:00:47,37.5,10.437915725008,78.9984509925074,NOISE
2026-04-20T09:44:45.106396,Map-Energy__sum__linear-conv00809-20250323_120047-20250323_180047-35.000000-40.000000.png,2025-03-23T12:00:47,2025-03-23T18:00:47,35.0,40.0,2025-03-23T13:00:01,36.08368,10.4998048147326,79.0031658393141,VESSEL,2025-03-23T15:00:47,37.5,10.437915725008,78.9984509925074,NOISE,2025-03-23T15:00:47,37.5,10.437915725008,78.9984509925074,NOISE,2025-03-23T15:00:47,37.5,10.437915725008,78.9984509925074,NOISE
2026-04-20T09:44:46.523038,Map-Energy__sum__linear-conv00819-20250323_180047-20250324_000047-35.000000-40.000000.png,2025-03-23T18:00:47,2025-03-24T00:00:47,35.0,40.0,2025-03-23T21:00:47,37.5,10.437915725008,78.9984509925074,NOISE,2025-03-23T21:00:47,37.5,10.437915725008,78.9984509925074,NOISE,2025-03-23T21:00:47,37.5,10.437915725008,78.9984509925074,NOISE,2025-03-23T21:00:47,37.5,10.437915725008,78.9984509925074,NOISE
2026-04-20T09:44:47.682349,Map-Energy__sum__linear-conv00829-20250324_000047-20250324_060047-35.000000-40.000000.png,2025-03-24T00:00:47,2025-03-24T06:00:47,35.0,40.0,2025-03-24T03:00:47,37.5,10.437915725008,78.9984509925074,NOISE,2025-03-24T03:00:47,37.5,10.437915725008,78.9984509925074,NOISE,2025-03-24T03:00:47,37.5,10.437915725008,78.9984509925074,NOISE,2025-03-24T03:00:47,37.5,10.437915725008,78.9984509925074,NOISE
2026-04-20T09:44:48.881758,Map-Energy__sum__linear-conv00839-20250324_060047-20250324_120047-35.000000-40.000000.png,2025-03-24T06:00:47,2025-03-24T12:00:47,35.0,40.0,2025-03-24T09:00:47,37.5,10.437915725008,78.9984509925074,NOISE,2025-03-24T09:00:47,37.5,10.437915725008,78.9984509925074,NOISE,2025-03-24T09:00:47,37.5,10.437915725008,78.9984509925074,NOISE,2025-03-24T09:00:47,37.5,10.437915725008,78.9984509925074,NOISE
2026-04-20T09:44:50.283029,Map-Energy__sum__linear-conv00849-20250324_120047-20250324_180047-35.000000-40.000000.png,2025-03-24T12:00:47,2025-03-24T18:00:47,35.0,40.0,2025-03-24T15:00:47,37.5,10.437915725008,78.9984509925074,NOISE,2025-03-24T15:00:47,37.5,10.437915725008,78.9984509925074,NOISE,2025-03-24T15:00:47,37.5,10.437915725008,78.9984509925074,NOISE,2025-03-24T15:00:47,37.5,10.437915725008,78.9984509925074,NOISE
2026-04-20T09:44:51.482907,Map-Energy__sum__linear-conv00859-20250324_180047-20250325_000047-35.000000-40.000000.png,2025-03-24T18:00:47,2025-03-25T00:00:47,35.0,40.0,2025-03-24T21:00:47,37.5,10.437915725008,78.9984509925074,NOISE,2025-03-24T21:00:47,37.5,10.437915725008,78.9984509925074,NOISE,2025-03-24T21:00:47,37.5,10.437915725008,78.9984509925074,NOISE,2025-03-24T21:00:47,37.5,10.437915725008,78.9984509925074,NOISE
2026-04-20T09:44:52.739614,Map-Energy__sum__linear-conv00869-20250325_000047-20250325_060047-35.000000-40.000000.png,2025-03-25T00:00:47,2025-03-25T06:00:47,35.0,40.0,2025-03-25T03:00:47,37.5,10.437915725008,78.9984509925074,NOISE,2025-03-25T03:00:47,37.5,10.437915725008,78.9984509925074,NOISE,2025-03-25T03:00:47,37.5,10.437915725008,78.9984509925074,NOISE,2025-03-25T03:00:47,37.5,10.437915725008,78.9984509925074,NOISE
2026-04-20T09:44:54.178602,Map-Energy__sum__linear-conv00879-20250325_060047-20250325_120047-35.000000-40.000000.png,2025-03-25T06:00:47,2025-03-25T12:00:47,35.0,40.0,2025-03-25T09:00:47,37.5,10.437915725008,78.9984509925074,NOISE,2025-03-25T09:00:47,37.5,10.437915725008,78.9984509925074,NOISE,2025-03-25T09:00:47,37.5,10.437915725008,78.9984509925074,NOISE,2025-03-25T09:00:47,37.5,10.437915725008,78.9984509925074,NOISE
2026-04-20T09:44:55.499137,Map-Energy__sum__linear-conv00889-20250325_120047-20250325_180047-35.000000-40.000000.png,2025-03-25T12:00:47,2025-03-25T18:00:47,35.0,40.0,2025-03-25T15:00:47,37.5,10.437915725008,78.9984509925074,NOISE,2025-03-25T15:00:47,37.5,10.437915725008,78.9984509925074,NOISE,2025-03-25T15:00:47,37.5,10.437915725008,78.9984509925074,NOISE,2025-03-25T15:00:47,37.5,10.437915725008,78.9984509925074,NOISE
2026-04-20T09:44:56.818969,Map-Energy__sum__linear-conv00899-20250325_180047-20250326_000047-35.000000-40.000000.png,2025-03-25T18:00:47,2025-03-26T00:00:47,35.0,40.0,2025-03-25T21:00:47,37.5,10.437915725008,78.9984509925074,NOISE,2025-03-25T21:00:47,37.5,10.437915725008,78.9984509925074,NOISE,2025-03-25T21:00:47,37.5,10.437915725008,78.9984509925074,NOISE,2025-03-25T21:00:47,37.5,10.437915725008,78.9984509925074,NOISE
2026-04-20T09:44:58.003108,Map-Energy__sum__linear-conv00909-20250326_000047-20250326_060047-35.000000-40.000000.png,2025-03-26T00:00:47,2025-03-26T06:00:47,35.0,40.0,2025-03-26T03:00:47,37.5,10.437915725008,78.9984509925074,NOISE,2025-03-26T03:00:47,37.5,10.437915725008,78.9984509925074,NOISE,2025-03-26T03:00:47,37.5,10.437915725008,78.9984509925074,NOISE,2025-03-26T03:00:47,37.5,10.437915725008,78.9984509925074,NOISE
2026-04-20T09:44:59.050791,Map-Energy__sum__linear-conv00919-20250326_060047-20250326_120047-35.000000-40.000000.png,2025-03-26T06:00:47,2025-03-26T12:00:47,35.0,40.0,2025-03-26T09:00:47,37.5,10.437915725008,78.9984509925074,NOISE,2025-03-26T09:00:47,37.5,10.437915725008,78.9984509925074,NOISE,2025-03-26T09:00:47,37.5,10.437915725008,78.9984509925074,NOISE,2025-03-26T09:00:47,37.5,10.437915725008,78.9984509925074,NOISE
2026-04-20T09:45:00.090456,Map-Energy__sum__linear-conv00929-20250326_120047-20250326_180047-35.000000-40.000000.png,2025-03-26T12:00:47,2025-03-26T18:00:47,35.0,40.0,2025-03-26T15:00:47,37.5,10.437915725008,78.9984509925074,NOISE,2025-03-26T15:00:47,37.5,10.437915725008,78.9984509925074,NOISE,2025-03-26T15:00:47,37.5,10.437915725008,78.9984509925074,NOISE,2025-03-26T15:00:47,37.5,10.437915725008,78.9984509925074,NOISE
2026-04-20T09:45:01.139604,Map-Energy__sum__linear-conv00939-20250326_180047-20250327_000047-35.000000-40.000000.png,2025-03-26T18:00:47,2025-03-27T00:00:47,35.0,40.0,2025-03-26T21:00:47,37.5,10.437915725008,78.9984509925074,NOISE,2025-03-26T21:00:47,37.5,10.437915725008,78.9984509925074,NOISE,2025-03-26T21:00:47,37.5,10.437915725008,78.9984509925074,NOISE,2025-03-26T21:00:47,37.5,10.437915725008,78.9984509925074,NOISE
2026-04-20T09:45:01.906631,Map-Energy__sum__linear-conv00949-20250327_000047-20250327_060047-35.000000-40.000000.png,2025-03-27T00:00:47,2025-03-27T06:00:47,35.0,40.0,2025-03-27T03:00:47,37.5,10.437915725008,78.9984509925074,NOISE,2025-03-27T03:00:47,37.5,10.437915725008,78.9984509925074,NOISE,2025-03-27T03:00:47,37.5,10.437915725008,78.9984509925074,NOISE,2025-03-27T03:00:47,37.5,10.437915725008,78.9984509925074,NOISE
2026-04-20T09:45:02.603359,Map-Energy__sum__linear-conv00959-20250327_060047-20250327_120047-35.000000-40.000000.png,2025-03-27T06:00:47,2025-03-27T12:00:47,35.0,40.0,2025-03-27T09:00:47,37.5,10.437915725008,78.9984509925074,NOISE,2025-03-27T09:00:47,37.5,10.437915725008,78.9984509925074,NOISE,2025-03-27T09:00:47,37.5,10.437915725008,78.9984509925074,NOISE,2025-03-27T09:00:47,37.5,10.437915725008,78.9984509925074,NOISE
2026-04-20T09:45:03.210790,Map-Energy__sum__linear-conv00969-20250327_120047-20250327_180047-35.000000-40.000000.png,2025-03-27T12:00:47,2025-03-27T18:00:47,35.0,40.0,2025-03-27T15:00:47,37.5,10.437915725008,78.9984509925074,NOISE,2025-03-27T15:00:47,37.5,10.437915725008,78.9984509925074,NOISE,2025-03-27T15:00:47,37.5,10.437915725008,78.9984509925074,NOISE,2025-03-27T15:00:47,37.5,10.437915725008,78.9984509925074,NOISE
2026-04-20T09:45:03.882358,Map-Energy__sum__linear-conv00979-20250327_180047-20250328_000047-35.000000-40.000000.png,2025-03-27T18:00:47,2025-03-28T00:00:47,35.0,40.0,2025-03-27T21:00:47,37.5,10.437915725008,78.9984509925074,NOISE,2025-03-27T21:00:47,37.5,10.437915725008,78.9984509925074,NOISE,2025-03-27T21:00:47,37.5,10.437915725008,78.9984509925074,NOISE,2025-03-27T21:00:47,37.5,10.437915725008,78.9984509925074,NOISE
2026-04-20T09:45:04.554662,Map-Energy__sum__linear-conv00989-20250328_000047-20250328_060047-35.000000-40.000000.png,2025-03-28T00:00:47,2025-03-28T06:00:47,35.0,40.0,2025-03-28T03:00:47,37.5,10.437915725008,78.9984509925074,NOISE,2025-03-28T03:00:47,37.5,10.437915725008,78.9984509925074,NOISE,2025-03-28T03:00:47,37.5,10.437915725008,78.9984509925074,NOISE,2025-03-28T03:00:47,37.5,10.437915725008,78.9984509925074,NOISE
2026-04-20T09:45:05.290433,Map-Energy__sum__linear-conv00999-20250328_060047-20250328_120047-35.000000-40.000000.png,2025-03-28T06:00:47,2025-03-28T12:00:47,35.0,40.0,2025-03-28T09:00:47,37.5,10.437915725008,78.9984509925074,NOISE,2025-03-28T09:00:47,37.5,10.437915725008,78.9984509925074,NOISE,2025-03-28T09:00:47,37.5,10.437915725008,78.9984509925074,NOISE,2025-03-28T09:00:47,37.5,10.437915725008,78.9984509925074,NOISE
2026-04-20T09:45:06.026791,Map-Energy__sum__linear-conv01009-20250328_120047-20250328_180047-35.000000-40.000000.png,2025-03-28T12:00:47,2025-03-28T18:00:47,35.0,40.0,2025-03-28T15:00:47,37.5,10.437915725008,78.9984509925074,NOISE,2025-03-28T15:00:47,37.5,10.437915725008,78.9984509925074,NOISE,2025-03-28T15:00:47,37.5,10.437915725008,78.9984509925074,NOISE,2025-03-28T15:00:47,37.5,10.437915725008,78.9984509925074,NOISE
2026-04-20T09:45:06.842802,Map-Energy__sum__linear-conv01019-20250328_180047-20250329_000047-35.000000-40.000000.png,2025-03-28T18:00:47,2025-03-29T00:00:47,35.0,40.0,2025-03-28T21:00:47,37.5,10.437915725008,78.9984509925074,NOISE,2025-03-28T21:00:47,37.5,10.437915725008,78.9984509925074,NOISE,2025-03-28T21:00:47,37.5,10.437915725008,78.9984509925074,NOISE,2025-03-28T21:00:47,37.5,10.437915725008,78.9984509925074,NOISE
2026-04-20T09:45:07.578645,Map-Energy__sum__linear-conv01029-20250329_000047-20250329_060047-35.000000-40.000000.png,2025-03-29T00:00:47,2025-03-29T06:00:47,35.0,40.0,2025-03-29T03:00:47,37.5,10.437915725008,78.9984509925074,NOISE,2025-03-29T03:00:47,37.5,10.437915725008,78.9984509925074,NOISE,2025-03-29T03:00:47,37.5,10.437915725008,78.9984509925074,NOISE,2025-03-29T03:00:47,37.5,10.437915725008,78.9984509925074,NOISE
2026-04-20T09:45:08.467038,Map-Energy__sum__linear-conv01039-20250329_060047-20250329_120047-35.000000-40.000000.png,2025-03-29T06:00:47,2025-03-29T12:00:47,35.0,40.0,2025-03-29T09:00:47,37.5,10.437915725008,78.9984509925074,NOISE,2025-03-29T09:00:47,37.5,10.437915725008,78.9984509925074,NOISE,2025-03-29T09:00:47,37.5,10.437915725008,78.9984509925074,NOISE,2025-03-29T09:00:47,37.5,10.437915725008,78.9984509925074,NOISE
2026-04-20T09:45:09.242141,Map-Energy__sum__linear-conv01049-20250329_120047-20250329_180047-35.000000-40.000000.png,2025-03-29T12:00:47,2025-03-29T18:00:47,35.0,40.0,2025-03-29T15:00:47,37.5,10.437915725008,78.9984509925074,NOISE,2025-03-29T15:00:47,37.5,10.437915725008,78.9984509925074,NOISE,2025-03-29T15:00:47,37.5,10.437915725008,78.9984509925074,NOISE,2025-03-29T15:00:47,37.5,10.437915725008,78.9984509925074,NOISE
2026-04-20T09:45:10.282583,Map-Energy__sum__linear-conv01059-20250329_180047-20250330_000047-35.000000-40.000000.png,2025-03-29T18:00:47,2025-03-30T00:00:47,35.0,40.0,2025-03-29T21:00:47,37.5,10.437915725008,78.9984509925074,NOISE,2025-03-29T21:00:47,37.5,10.437915725008,78.9984509925074,NOISE,2025-03-29T21:00:47,37.5,10.437915725008,78.9984509925074,NOISE,2025-03-29T21:00:47,37.5,10.437915725008,78.9984509925074,NOISE
2026-04-20T09:45:11.051132,Map-Energy__sum__linear-conv01069-20250330_000047-20250330_060047-35.000000-40.000000.png,2025-03-30T00:00:47,2025-03-30T06:00:47,35.0,40.0,2025-03-30T03:00:47,37.5,10.437915725008,78.9984509925074,NOISE,2025-03-30T03:00:47,37.5,10.437915725008,78.9984509925074,NOISE,2025-03-30T03:00:47,37.5,10.437915725008,78.9984509925074,NOISE,2025-03-30T03:00:47,37.5,10.437915725008,78.9984509925074,NOISE
2026-04-20T09:45:11.746740,Map-Energy__sum__linear-conv01079-20250330_060047-20250330_120047-35.000000-40.000000.png,2025-03-30T06:00:47,2025-03-30T12:00:47,35.0,40.0,2025-03-30T09:00:47,37.5,10.437915725008,78.9984509925074,NOISE,2025-03-30T09:00:47,37.5,10.437915725008,78.9984509925074,NOISE,2025-03-30T09:00:47,37.5,10.437915725008,78.9984509925074,NOISE,2025-03-30T09:00:47,37.5,10.437915725008,78.9984509925074,NOISE
2026-04-20T09:45:12.498093,Map-Energy__sum__linear-conv01089-20250330_120047-20250330_180047-35.000000-40.000000.png,2025-03-30T12:00:47,2025-03-30T18:00:47,35.0,40.0,2025-03-30T15:00:47,37.5,10.437915725008,78.9984509925074,NOISE,2025-03-30T15:00:47,37.5,10.437915725008,78.9984509925074,NOISE,2025-03-30T15:00:47,37.5,10.437915725008,78.9984509925074,NOISE,2025-03-30T15:00:47,37.5,10.437915725008,78.9984509925074,NOISE
2026-04-20T09:45:13.298803,Map-Energy__sum__linear-conv01099-20250330_180047-20250331_000047-35.000000-40.000000.png,2025-03-30T18:00:47,2025-03-31T00:00:47,35.0,40.0,2025-03-30T21:00:47,37.5,10.437915725008,78.9984509925074,NOISE,2025-03-30T21:00:47,37.5,10.437915725008,78.9984509925074,NOISE,2025-03-30T21:00:47,37.5,10.437915725008,78.9984509925074,NOISE,2025-03-30T21:00:47,37.5,10.437915725008,78.9984509925074,NOISE
2026-04-20T09:45:14.090923,Map-Energy__sum__linear-conv01109-20250331_000047-20250331_060047-35.000000-40.000000.png,2025-03-31T00:00:47,2025-03-31T06:00:47,35.0,40.0,2025-03-31T03:00:47,37.5,10.437915725008,78.9984509925074,NOISE,2025-03-31T03:00:47,37.5,10.437915725008,78.9984509925074,NOISE,2025-03-31T03:00:47,37.5,10.437915725008,78.9984509925074,NOISE,2025-03-31T03:00:47,37.5,10.437915725008,78.9984509925074,NOISE
2026-04-20T09:45:19.042387,Map-Energy__sum__linear-conv00008-20250331_060047-20250331_120047-35.000000-40.000000.png,2025-03-31T06:00:47,2025-03-31T12:00:47,35.0,40.0,2025-03-31T09:00:47,37.5,10.437915725008,78.9984509925074,NOISE,2025-03-31T09:00:47,37.5,10.437915725008,78.9984509925074,NOISE,2025-03-31T09:00:47,37.5,10.437915725008,78.9984509925074,NOISE,2025-03-31T09:00:47,37.5,10.437915725008,78.9984509925074,NOISE
2026-04-20T09:45:20.034815,Map-Energy__sum__linear-conv00018-20250331_120047-20250331_180047-35.000000-40.000000.png,2025-03-31T12:00:47,2025-03-31T18:00:47,35.0,40.0,2025-03-31T15:00:47,37.5,10.437915725008,78.9984509925074,NOISE,2025-03-31T15:00:47,37.5,10.437915725008,78.9984509925074,NOISE,2025-03-31T15:00:47,37.5,10.437915725008,78.9984509925074,NOISE,2025-03-31T15:00:47,37.5,10.437915725008,78.9984509925074,NOISE
2026-04-20T09:45:21.219081,Map-Energy__sum__linear-conv00028-20250331_180047-20250401_000047-35.000000-40.000000.png,2025-03-31T18:00:47,2025-04-01T00:00:47,35.0,40.0,2025-03-31T21:00:47,37.5,10.437915725008,78.9984509925074,NOISE,2025-03-31T21:00:47,37.5,10.437915725008,78.9984509925074,NOISE,2025-03-31T21:00:47,37.5,10.437915725008,78.9984509925074,NOISE,2025-03-31T21:00:47,37.5,10.437915725008,78.9984509925074,NOISE
2026-04-20T09:45:23.459331,Map-Energy__sum__linear-conv00009-20250301_000047-20250301_060047-40.000000-45.000000.png,2025-03-01T00:00:47,2025-03-01T06:00:47,40.0,45.0,2025-03-01T03:00:47,42.5,10.2209936532221,78.9814941910257,NOISE,2025-03-01T03:00:47,42.5,10.2209936532221,78.9814941910257,NOISE,2025-03-01T03:00:47,42.5,10.2209936532221,78.9814941910257,NOISE,2025-03-01T03:00:47,42.5,10.2209936532221,78.9814941910257,NOISE
2026-04-20T09:46:21.458698,Map-Energy__sum__linear-conv00019-20250301_060047-20250301_120047-40.000000-45.000000.png,2025-03-01T06:00:47,2025-03-01T12:00:47,40.0,45.0,2025-03-01T09:00:47,42.5,10.2209936532221,78.9814941910257,NOISE,2025-03-01T09:00:47,42.5,10.2209936532221,78.9814941910257,NOISE,2025-03-01T09:00:47,42.5,10.2209936532221,78.9814941910257,NOISE,2025-03-01T09:00:47,42.5,10.2209936532221,78.9814941910257,NOISE
2026-04-20T09:47:14.515052,Map-Energy__sum__linear-conv00029-20250301_120047-20250301_180047-40.000000-45.000000.png,2025-03-01T12:00:47,2025-03-01T18:00:47,40.0,45.0,2025-03-01T15:00:47,42.5,10.2209936532221,78.9814941910257,NOISE,2025-03-01T15:00:47,42.5,10.2209936532221,78.9814941910257,NOISE,2025-03-01T15:00:47,42.5,10.2209936532221,78.9814941910257,NOISE,2025-03-01T15:00:47,42.5,10.2209936532221,78.9814941910257,NOISE
2026-04-20T09:47:15.914673,Map-Energy__sum__linear-conv00039-20250301_180047-20250302_000047-40.000000-45.000000.png,2025-03-01T18:00:47,2025-03-02T00:00:47,40.0,45.0,2025-03-01T21:00:47,42.5,10.2209936532221,78.9814941910257,NOISE,2025-03-01T21:00:47,42.5,10.2209936532221,78.9814941910257,NOISE,2025-03-01T21:00:47,42.5,10.2209936532221,78.9814941910257,NOISE,2025-03-01T21:00:47,42.5,10.2209936532221,78.9814941910257,NOISE
2026-04-20T09:47:17.395408,Map-Energy__sum__linear-conv00049-20250302_000047-20250302_060047-40.000000-45.000000.png,2025-03-02T00:00:47,2025-03-02T06:00:47,40.0,45.0,2025-03-02T03:00:47,42.5,10.2209936532221,78.9814941910257,NOISE,2025-03-02T03:00:47,42.5,10.2209936532221,78.9814941910257,NOISE,2025-03-02T03:00:47,42.5,10.2209936532221,78.9814941910257,NOISE,2025-03-02T03:00:47,42.5,10.2209936532221,78.9814941910257,NOISE
2026-04-20T09:47:18.563054,Map-Energy__sum__linear-conv00059-20250302_060047-20250302_120047-40.000000-45.000000.png,2025-03-02T06:00:47,2025-03-02T12:00:47,40.0,45.0,2025-03-02T09:00:47,42.5,10.2209936532221,78.9814941910257,NOISE,2025-03-02T09:00:47,42.5,10.2209936532221,78.9814941910257,NOISE,2025-03-02T09:00:47,42.5,10.2209936532221,78.9814941910257,NOISE,2025-03-02T09:00:47,42.5,10.2209936532221,78.9814941910257,NOISE
2026-04-20T09:47:20.123601,Map-Energy__sum__linear-conv00069-20250302_120047-20250302_180047-40.000000-45.000000.png,2025-03-02T12:00:47,2025-03-02T18:00:47,40.0,45.0,2025-03-02T15:00:47,42.5,10.2209936532221,78.9814941910257,NOISE,2025-03-02T15:00:47,42.5,10.2209936532221,78.9814941910257,NOISE,2025-03-02T15:00:47,42.5,10.2209936532221,78.9814941910257,NOISE,2025-03-02T15:00:47,42.5,10.2209936532221,78.9814941910257,NOISE
2026-04-20T09:47:21.707136,Map-Energy__sum__linear-conv00079-20250302_180047-20250303_000047-40.000000-45.000000.png,2025-03-02T18:00:47,2025-03-03T00:00:47,40.0,45.0,2025-03-02T21:00:47,42.5,10.2209936532221,78.9814941910257,NOISE,2025-03-02T21:00:47,42.5,10.2209936532221,78.9814941910257,NOISE,2025-03-02T21:00:47,42.5,10.2209936532221,78.9814941910257,NOISE,2025-03-02T21:00:47,42.5,10.2209936532221,78.9814941910257,NOISE
2026-04-20T09:47:23.010902,Map-Energy__sum__linear-conv00089-20250303_000047-20250303_060047-40.000000-45.000000.png,2025-03-03T00:00:47,2025-03-03T06:00:47,40.0,45.0,2025-03-03T03:00:47,42.5,10.2209936532221,78.9814941910257,NOISE,2025-03-03T03:00:47,42.5,10.2209936532221,78.9814941910257,NOISE,2025-03-03T03:00:47,42.5,10.2209936532221,78.9814941910257,NOISE,2025-03-03T03:00:47,42.5,10.2209936532221,78.9814941910257,NOISE
2026-04-20T09:47:24.450931,Map-Energy__sum__linear-conv00099-20250303_060047-20250303_120047-40.000000-45.000000.png,2025-03-03T06:00:47,2025-03-03T12:00:47,40.0,45.0,2025-03-03T09:00:47,42.5,10.2209936532221,78.9814941910257,NOISE,2025-03-03T09:00:47,42.5,10.2209936532221,78.9814941910257,NOISE,2025-03-03T09:00:47,42.5,10.2209936532221,78.9814941910257,NOISE,2025-03-03T09:00:47,42.5,10.2209936532221,78.9814941910257,NOISE
2026-04-20T09:47:26.034335,Map-Energy__sum__linear-conv00010-20250303_120047-20250303_180047-40.000000-45.000000.png,2025-03-03T12:00:47,2025-03-03T18:00:47,40.0,45.0,2025-03-03T15:00:47,42.5,10.2209936532221,78.9814941910257,NOISE,2025-03-03T15:00:47,42.5,10.2209936532221,78.9814941910257,NOISE,2025-03-03T15:00:47,42.5,10.2209936532221,78.9814941910257,NOISE,2025-03-03T15:00:47,42.5,10.2209936532221,78.9814941910257,NOISE
2026-04-20T09:47:27.451056,Map-Energy__sum__linear-conv00020-20250303_180047-20250304_000047-40.000000-45.000000.png,2025-03-03T18:00:47,2025-03-04T00:00:47,40.0,45.0,2025-03-03T21:00:47,42.5,10.2209936532221,78.9814941910257,NOISE,2025-03-03T21:00:47,42.5,10.2209936532221,78.9814941910257,NOISE,2025-03-03T21:00:47,42.5,10.2209936532221,78.9814941910257,NOISE,2025-03-03T21:00:47,42.5,10.2209936532221,78.9814941910257,NOISE
2026-04-20T09:47:28.858907,Map-Energy__sum__linear-conv00030-20250304_000047-20250304_060047-40.000000-45.000000.png,2025-03-04T00:00:47,2025-03-04T06:00:47,40.0,45.0,2025-03-04T03:00:47,42.5,10.2209936532221,78.9814941910257,NOISE,2025-03-04T03:00:47,42.5,10.2209936532221,78.9814941910257,NOISE,2025-03-04T03:00:47,42.5,10.2209936532221,78.9814941910257,NOISE,2025-03-04T03:00:47,42.5,10.2209936532221,78.9814941910257,NOISE
2026-04-20T09:47:30.498701,Map-Energy__sum__linear-conv00040-20250304_060047-20250304_120047-40.000000-45.000000.png,2025-03-04T06:00:47,2025-03-04T12:00:47,40.0,45.0,2025-03-04T09:00:47,42.5,10.2209936532221,78.9814941910257,NOISE,2025-03-04T09:00:47,42.5,10.2209936532221,78.9814941910257,NOISE,2025-03-04T09:00:47,42.5,10.2209936532221,78.9814941910257,NOISE,2025-03-04T09:00:47,42.5,10.2209936532221,78.9814941910257,NOISE
2026-04-20T09:47:31.770423,Map-Energy__sum__linear-conv00050-20250304_120047-20250304_180047-40.000000-45.000000.png,2025-03-04T12:00:47,2025-03-04T18:00:47,40.0,45.0,2025-03-04T15:00:47,42.5,10.2209936532221,78.9814941910257,NOISE,2025-03-04T15:00:47,42.5,10.2209936532221,78.9814941910257,NOISE,2025-03-04T15:00:47,42.5,10.2209936532221,78.9814941910257,NOISE,2025-03-04T15:00:47,42.5,10.2209936532221,78.9814941910257,NOISE
2026-04-20T09:47:33.146625,Map-Energy__sum__linear-conv00060-20250304_180047-20250305_000047-40.000000-45.000000.png,2025-03-04T18:00:47,2025-03-05T00:00:47,40.0,45.0,2025-03-04T21:00:47,42.5,10.2209936532221,78.9814941910257,NOISE,2025-03-04T21:00:47,42.5,10.2209936532221,78.9814941910257,NOISE,2025-03-04T21:00:47,42.5,10.2209936532221,78.9814941910257,NOISE,2025-03-04T21:00:47,42.5,10.2209936532221,78.9814941910257,NOISE
2026-04-20T09:47:33.850940,Map-Energy__sum__linear-conv00070-20250305_000047-20250305_060047-40.000000-45.000000.png,2025-03-05T00:00:47,2025-03-05T06:00:47,40.0,45.0,2025-03-05T03:00:47,42.5,10.2209936532221,78.9814941910257,NOISE,2025-03-05T03:00:47,42.5,10.2209936532221,78.9814941910257,NOISE,2025-03-05T03:00:47,42.5,10.2209936532221,78.9814941910257,NOISE,2025-03-05T03:00:47,42.5,10.2209936532221,78.9814941910257,NOISE
2026-04-20T09:47:35.098620,Map-Energy__sum__linear-conv00080-20250305_060047-20250305_120047-40.000000-45.000000.png,2025-03-05T06:00:47,2025-03-05T12:00:47,40.0,45.0,2025-03-05T09:00:47,42.5,10.2209936532221,78.9814941910257,NOISE,2025-03-05T09:00:47,42.5,10.2209936532221,78.9814941910257,NOISE,2025-03-05T09:00:47,42.5,10.2209936532221,78.9814941910257,NOISE,2025-03-05T09:00:47,42.5,10.2209936532221,78.9814941910257,NOISE
2026-04-20T09:47:36.483238,Map-Energy__sum__linear-conv00090-20250305_120047-20250305_180047-40.000000-45.000000.png,2025-03-05T12:00:47,2025-03-05T18:00:47,40.0,45.0,2025-03-05T15:00:47,42.5,10.2209936532221,78.9814941910257,NOISE,2025-03-05T15:00:47,42.5,10.2209936532221,78.9814941910257,NOISE,2025-03-05T15:00:47,42.5,10.2209936532221,78.9814941910257,NOISE,2025-03-05T15:00:47,42.5,10.2209936532221,78.9814941910257,NOISE
2026-04-20T09:47:38.314648,Map-Energy__sum__linear-conv00100-20250305_180047-20250306_000047-40.000000-45.000000.png,2025-03-05T18:00:47,2025-03-06T00:00:47,40.0,45.0,2025-03-05T21:00:47,42.5,10.2209936532221,78.9814941910257,NOISE,2025-03-05T21:00:47,42.5,10.2209936532221,78.9814941910257,NOISE,2025-03-05T21:00:47,42.5,10.2209936532221,78.9814941910257,NOISE,2025-03-05T21:00:47,42.5,10.2209936532221,78.9814941910257,NOISE
2026-04-20T09:47:39.642823,Map-Energy__sum__linear-conv00110-20250306_000047-20250306_060047-40.000000-45.000000.png,2025-03-06T00:00:47,2025-03-06T06:00:47,40.0,45.0,2025-03-06T03:00:47,42.5,10.2209936532221,78.9814941910257,NOISE,2025-03-06T03:00:47,42.5,10.2209936532221,78.9814941910257,NOISE,2025-03-06T03:00:47,42.5,10.2209936532221,78.9814941910257,NOISE,2025-03-06T03:00:47,42.5,10.2209936532221,78.9814941910257,NOISE
2026-04-20T09:47:40.979090,Map-Energy__sum__linear-conv00120-20250306_060047-20250306_120047-40.000000-45.000000.png,2025-03-06T06:00:47,2025-03-06T12:00:47,40.0,45.0,2025-03-06T09:00:47,42.5,10.2209936532221,78.9814941910257,NOISE,2025-03-06T09:00:47,42.5,10.2209936532221,78.9814941910257,NOISE,2025-03-06T09:00:47,42.5,10.2209936532221,78.9814941910257,NOISE,2025-03-06T09:00:47,42.5,10.2209936532221,78.9814941910257,NOISE
2026-04-20T09:47:42.163148,Map-Energy__sum__linear-conv00130-20250306_120047-20250306_180047-40.000000-45.000000.png,2025-03-06T12:00:47,2025-03-06T18:00:47,40.0,45.0,2025-03-06T15:00:47,42.5,10.2209936532221,78.9814941910257,NOISE,2025-03-06T15:00:47,42.5,10.2209936532221,78.9814941910257,NOISE,2025-03-06T15:00:47,42.5,10.2209936532221,78.9814941910257,NOISE,2025-03-06T15:00:47,42.5,10.2209936532221,78.9814941910257,NOISE
2026-04-20T09:47:43.378471,Map-Energy__sum__linear-conv00140-20250306_180047-20250307_000047-40.000000-45.000000.png,2025-03-06T18:00:47,2025-03-07T00:00:47,40.0,45.0,2025-03-06T21:00:47,42.5,10.2209936532221,78.9814941910257,NOISE,2025-03-06T21:00:47,42.5,10.2209936532221,78.9814941910257,NOISE,2025-03-06T21:00:47,42.5,10.2209936532221,78.9814941910257,NOISE,2025-03-06T21:00:47,42.5,10.2209936532221,78.9814941910257,NOISE
2026-04-20T09:47:44.426538,Map-Energy__sum__linear-conv00150-20250307_000047-20250307_060047-40.000000-45.000000.png,2025-03-07T00:00:47,2025-03-07T06:00:47,40.0,45.0,2025-03-07T03:00:47,42.5,10.2209936532221,78.9814941910257,NOISE,2025-03-07T03:00:47,42.5,10.2209936532221,78.9814941910257,NOISE,2025-03-07T03:00:47,42.5,10.2209936532221,78.9814941910257,NOISE,2025-03-07T03:00:47,42.5,10.2209936532221,78.9814941910257,NOISE
2026-04-20T09:47:45.443241,Map-Energy__sum__linear-conv00160-20250307_060047-20250307_120047-40.000000-45.000000.png,2025-03-07T06:00:47,2025-03-07T12:00:47,40.0,45.0,2025-03-07T09:00:47,42.5,10.2209936532221,78.9814941910257,NOISE,2025-03-07T09:00:47,42.5,10.2209936532221,78.9814941910257,NOISE,2025-03-07T09:00:47,42.5,10.2209936532221,78.9814941910257,NOISE,2025-03-07T09:00:47,42.5,10.2209936532221,78.9814941910257,NOISE
2026-04-20T09:47:46.355274,Map-Energy__sum__linear-conv00170-20250307_120047-20250307_180047-40.000000-45.000000.png,2025-03-07T12:00:47,2025-03-07T18:00:47,40.0,45.0,2025-03-07T15:00:47,42.5,10.2209936532221,78.9814941910257,NOISE,2025-03-07T15:00:47,42.5,10.2209936532221,78.9814941910257,NOISE,2025-03-07T15:00:47,42.5,10.2209936532221,78.9814941910257,NOISE,2025-03-07T15:00:47,42.5,10.2209936532221,78.9814941910257,NOISE
2026-04-20T09:47:51.356049,Map-Energy__sum__linear-conv00180-20250307_180047-20250308_000047-40.000000-45.000000.png,2025-03-07T18:00:47,2025-03-08T00:00:47,40.0,45.0,2025-03-07T21:00:47,42.5,10.2209936532221,78.9814941910257,NOISE,2025-03-07T21:00:47,42.5,10.2209936532221,78.9814941910257,NOISE,2025-03-07T21:00:47,42.5,10.2209936532221,78.9814941910257,NOISE,2025-03-07T21:00:47,42.5,10.2209936532221,78.9814941910257,NOISE
2026-04-20T09:47:52.650973,Map-Energy__sum__linear-conv00190-20250308_000047-20250308_060047-40.000000-45.000000.png,2025-03-08T00:00:47,2025-03-08T06:00:47,40.0,45.0,2025-03-08T03:00:47,42.5,10.2209936532221,78.9814941910257,NOISE,2025-03-08T03:00:47,42.5,10.2209936532221,78.9814941910257,NOISE,2025-03-08T03:00:47,42.5,10.2209936532221,78.9814941910257,NOISE,2025-03-08T03:00:47,42.5,10.2209936532221,78.9814941910257,NOISE
2026-04-20T09:47:53.978610,Map-Energy__sum__linear-conv00200-20250308_060047-20250308_120047-40.000000-45.000000.png,2025-03-08T06:00:47,2025-03-08T12:00:47,40.0,45.0,2025-03-08T09:00:47,42.5,10.2209936532221,78.9814941910257,NOISE,2025-03-08T09:00:47,42.5,10.2209936532221,78.9814941910257,NOISE,2025-03-08T09:00:47,42.5,10.2209936532221,78.9814941910257,NOISE,2025-03-08T09:00:47,42.5,10.2209936532221,78.9814941910257,NOISE
2026-04-20T09:47:55.298535,Map-Energy__sum__linear-conv00210-20250308_120047-20250308_180047-40.000000-45.000000.png,2025-03-08T12:00:47,2025-03-08T18:00:47,40.0,45.0,2025-03-08T15:00:47,42.5,10.2209936532221,78.9814941910257,NOISE,2025-03-08T15:00:47,42.5,10.2209936532221,78.9814941910257,NOISE,2025-03-08T15:00:47,42.5,10.2209936532221,78.9814941910257,NOISE,2025-03-08T15:00:47,42.5,10.2209936532221,78.9814941910257,NOISE
2026-04-20T09:47:56.490536,Map-Energy__sum__linear-conv00220-20250308_180047-20250309_000047-40.000000-45.000000.png,2025-03-08T18:00:47,2025-03-09T00:00:47,40.0,45.0,2025-03-08T21:00:47,42.5,10.2209936532221,78.9814941910257,NOISE,2025-03-08T21:00:47,42.5,10.2209936532221,78.9814941910257,NOISE,2025-03-08T21:00:47,42.5,10.2209936532221,78.9814941910257,NOISE,2025-03-08T21:00:47,42.5,10.2209936532221,78.9814941910257,NOISE
2026-04-20T09:47:57.786896,Map-Energy__sum__linear-conv00230-20250309_000047-20250309_060047-40.000000-45.000000.png,2025-03-09T00:00:47,2025-03-09T06:00:47,40.0,45.0,2025-03-09T03:00:47,42.5,10.2209936532221,78.9814941910257,NOISE,2025-03-09T03:00:47,42.5,10.2209936532221,78.9814941910257,NOISE,2025-03-09T03:00:47,42.5,10.2209936532221,78.9814941910257,NOISE,2025-03-09T03:00:47,42.5,10.2209936532221,78.9814941910257,NOISE
2026-04-20T09:47:59.051097,Map-Energy__sum__linear-conv00240-20250309_060047-20250309_120047-40.000000-45.000000.png,2025-03-09T06:00:47,2025-03-09T12:00:47,40.0,45.0,2025-03-09T09:00:47,42.5,10.2209936532221,78.9814941910257,NOISE,2025-03-09T09:00:47,42.5,10.2209936532221,78.9814941910257,NOISE,2025-03-09T09:00:47,42.5,10.2209936532221,78.9814941910257,NOISE,2025-03-09T09:00:47,42.5,10.2209936532221,78.9814941910257,NOISE
2026-04-20T09:48:01.315092,Map-Energy__sum__linear-conv00250-20250309_120047-20250309_180047-40.000000-45.000000.png,2025-03-09T12:00:47,2025-03-09T18:00:47,40.0,45.0,2025-03-09T15:00:47,42.5,10.2209936532221,78.9814941910257,NOISE,2025-03-09T15:00:47,42.5,10.2209936532221,78.9814941910257,NOISE,2025-03-09T15:00:47,42.5,10.2209936532221,78.9814941910257,NOISE,2025-03-09T15:00:47,42.5,10.2209936532221,78.9814941910257,NOISE
2026-04-20T09:48:02.562572,Map-Energy__sum__linear-conv00260-20250309_180047-20250310_000047-40.000000-45.000000.png,2025-03-09T18:00:47,2025-03-10T00:00:47,40.0,45.0,2025-03-09T21:00:47,42.5,10.2209936532221,78.9814941910257,NOISE,2025-03-09T21:00:47,42.5,10.2209936532221,78.9814941910257,NOISE,2025-03-09T21:00:47,42.5,10.2209936532221,78.9814941910257,NOISE,2025-03-09T21:00:47,42.5,10.2209936532221,78.9814941910257,NOISE
2026-04-20T09:48:03.715407,Map-Energy__sum__linear-conv00270-20250310_000047-20250310_060047-40.000000-45.000000.png,2025-03-10T00:00:47,2025-03-10T06:00:47,40.0,45.0,2025-03-10T03:00:47,42.5,10.2209936532221,78.9814941910257,NOISE,2025-03-10T03:00:47,42.5,10.2209936532221,78.9814941910257,NOISE,2025-03-10T03:00:47,42.5,10.2209936532221,78.9814941910257,NOISE,2025-03-10T03:00:47,42.5,10.2209936532221,78.9814941910257,NOISE
2026-04-20T09:48:04.803409,Map-Energy__sum__linear-conv00280-20250310_060047-20250310_120047-40.000000-45.000000.png,2025-03-10T06:00:47,2025-03-10T12:00:47,40.0,45.0,2025-03-10T09:00:47,42.5,10.2209936532221,78.9814941910257,NOISE,2025-03-10T09:00:47,42.5,10.2209936532221,78.9814941910257,NOISE,2025-03-10T09:00:47,42.5,10.2209936532221,78.9814941910257,NOISE,2025-03-10T09:00:47,42.5,10.2209936532221,78.9814941910257,NOISE
2026-04-20T09:48:05.930281,Map-Energy__sum__linear-conv00290-20250310_120047-20250310_180047-40.000000-45.000000.png,2025-03-10T12:00:47,2025-03-10T18:00:47,40.0,45.0,2025-03-10T15:00:47,42.5,10.2209936532221,78.9814941910257,NOISE,2025-03-10T15:00:47,42.5,10.2209936532221,78.9814941910257,NOISE,2025-03-10T15:00:47,42.5,10.2209936532221,78.9814941910257,NOISE,2025-03-10T15:00:47,42.5,10.2209936532221,78.9814941910257,NOISE
2026-04-20T09:48:07.138883,Map-Energy__sum__linear-conv00300-20250310_180047-20250311_000047-40.000000-45.000000.png,2025-03-10T18:00:47,2025-03-11T00:00:47,40.0,45.0,2025-03-10T21:00:47,42.5,10.2209936532221,78.9814941910257,NOISE,2025-03-10T21:00:47,42.5,10.2209936532221,78.9814941910257,NOISE,2025-03-10T21:00:47,42.5,10.2209936532221,78.9814941910257,NOISE,2025-03-10T21:00:47,42.5,10.2209936532221,78.9814941910257,NOISE
2026-04-20T09:48:09.418877,Map-Energy__sum__linear-conv00310-20250311_000047-20250311_060047-40.000000-45.000000.png,2025-03-11T00:00:47,2025-03-11T06:00:47,40.0,45.0,2025-03-11T03:00:47,42.5,10.2209936532221,78.9814941910257,NOISE,2025-03-11T03:00:47,42.5,10.2209936532221,78.9814941910257,NOISE,2025-03-11T03:00:47,42.5,10.2209936532221,78.9814941910257,NOISE,2025-03-11T03:00:47,42.5,10.2209936532221,78.9814941910257,NOISE
2026-04-20T09:48:11.578530,Map-Energy__sum__linear-conv00320-20250311_060047-20250311_120047-40.000000-45.000000.png,2025-03-11T06:00:47,2025-03-11T12:00:47,40.0,45.0,2025-03-11T09:00:47,42.5,10.2209936532221,78.9814941910257,NOISE,2025-03-11T09:00:47,42.5,10.2209936532221,78.9814941910257,NOISE,2025-03-11T09:00:47,42.5,10.2209936532221,78.9814941910257,NOISE,2025-03-11T09:00:47,42.5,10.2209936532221,78.9814941910257,NOISE
2026-04-20T09:48:12.866600,Map-Energy__sum__linear-conv00330-20250311_120047-20250311_180047-40.000000-45.000000.png,2025-03-11T12:00:47,2025-03-11T18:00:47,40.0,45.0,2025-03-11T15:00:47,42.5,10.2209936532221,78.9814941910257,NOISE,2025-03-11T15:00:47,42.5,10.2209936532221,78.9814941910257,NOISE,2025-03-11T15:00:47,42.5,10.2209936532221,78.9814941910257,NOISE,2025-03-11T15:00:47,42.5,10.2209936532221,78.9814941910257,NOISE
2026-04-20T09:48:15.035297,Map-Energy__sum__linear-conv00340-20250311_180047-20250312_000047-40.000000-45.000000.png,2025-03-11T18:00:47,2025-03-12T00:00:47,40.0,45.0,2025-03-11T21:00:47,42.5,10.2209936532221,78.9814941910257,NOISE,2025-03-11T21:00:47,42.5,10.2209936532221,78.9814941910257,NOISE,2025-03-11T21:00:47,42.5,10.2209936532221,78.9814941910257,NOISE,2025-03-11T21:00:47,42.5,10.2209936532221,78.9814941910257,NOISE
2026-04-20T09:48:17.515278,Map-Energy__sum__linear-conv00350-20250312_000047-20250312_060047-40.000000-45.000000.png,2025-03-12T00:00:47,2025-03-12T06:00:47,40.0,45.0,2025-03-12T03:00:47,42.5,10.2209936532221,78.9814941910257,NOISE,2025-03-12T03:00:47,42.5,10.2209936532221,78.9814941910257,NOISE,2025-03-12T03:00:47,42.5,10.2209936532221,78.9814941910257,NOISE,2025-03-12T03:00:47,42.5,10.2209936532221,78.9814941910257,NOISE
2026-04-20T09:48:20.418920,Map-Energy__sum__linear-conv00360-20250312_060047-20250312_120047-40.000000-45.000000.png,2025-03-12T06:00:47,2025-03-12T12:00:47,40.0,45.0,2025-03-12T09:00:47,42.5,10.2209936532221,78.9814941910257,NOISE,2025-03-12T09:00:47,42.5,10.2209936532221,78.9814941910257,NOISE,2025-03-12T09:00:47,42.5,10.2209936532221,78.9814941910257,NOISE,2025-03-12T09:00:47,42.5,10.2209936532221,78.9814941910257,NOISE
2026-04-20T09:48:21.994985,Map-Energy__sum__linear-conv00370-20250312_120047-20250312_180047-40.000000-45.000000.png,2025-03-12T12:00:47,2025-03-12T18:00:47,40.0,45.0,2025-03-12T15:00:47,42.5,10.2209936532221,78.9814941910257,NOISE,2025-03-12T15:00:47,42.5,10.2209936532221,78.9814941910257,NOISE,2025-03-12T15:00:47,42.5,10.2209936532221,78.9814941910257,NOISE,2025-03-12T15:00:47,42.5,10.2209936532221,78.9814941910257,NOISE
2026-04-20T09:48:24.010987,Map-Energy__sum__linear-conv00380-20250312_180047-20250313_000047-40.000000-45.000000.png,2025-03-12T18:00:47,2025-03-13T00:00:47,40.0,45.0,2025-03-12T21:00:47,42.5,10.2209936532221,78.9814941910257,NOISE,2025-03-12T21:00:47,42.5,10.2209936532221,78.9814941910257,NOISE,2025-03-12T21:00:47,42.5,10.2209936532221,78.9814941910257,NOISE,2025-03-12T21:00:47,42.5,10.2209936532221,78.9814941910257,NOISE
2026-04-20T09:48:25.195233,Map-Energy__sum__linear-conv00390-20250313_000047-20250313_060047-40.000000-45.000000.png,2025-03-13T00:00:47,2025-03-13T06:00:47,40.0,45.0,2025-03-13T03:00:47,42.5,10.2209936532221,78.9814941910257,NOISE,2025-03-13T03:00:47,42.5,10.2209936532221,78.9814941910257,NOISE,2025-03-13T03:00:47,42.5,10.2209936532221,78.9814941910257,NOISE,2025-03-13T03:00:47,42.5,10.2209936532221,78.9814941910257,NOISE
2026-04-20T09:48:26.259197,Map-Energy__sum__linear-conv00400-20250313_060047-20250313_120047-40.000000-45.000000.png,2025-03-13T06:00:47,2025-03-13T12:00:47,40.0,45.0,2025-03-13T09:00:47,42.5,10.2209936532221,78.9814941910257,NOISE,2025-03-13T09:00:47,42.5,10.2209936532221,78.9814941910257,NOISE,2025-03-13T09:00:47,42.5,10.2209936532221,78.9814941910257,NOISE,2025-03-13T09:00:47,42.5,10.2209936532221,78.9814941910257,NOISE
2026-04-20T09:48:27.410658,Map-Energy__sum__linear-conv00410-20250313_120047-20250313_180047-40.000000-45.000000.png,2025-03-13T12:00:47,2025-03-13T18:00:47,40.0,45.0,2025-03-13T15:00:47,42.5,10.2209936532221,78.9814941910257,NOISE,2025-03-13T15:00:47,42.5,10.2209936532221,78.9814941910257,NOISE,2025-03-13T15:00:47,42.5,10.2209936532221,78.9814941910257,NOISE,2025-03-13T15:00:47,42.5,10.2209936532221,78.9814941910257,NOISE
2026-04-20T09:48:29.051331,Map-Energy__sum__linear-conv00420-20250313_180047-20250314_000047-40.000000-45.000000.png,2025-03-13T18:00:47,2025-03-14T00:00:47,40.0,45.0,2025-03-13T21:00:47,42.5,10.2209936532221,78.9814941910257,NOISE,2025-03-13T21:00:47,42.5,10.2209936532221,78.9814941910257,NOISE,2025-03-13T21:00:47,42.5,10.2209936532221,78.9814941910257,NOISE,2025-03-13T21:00:47,42.5,10.2209936532221,78.9814941910257,NOISE
2026-04-20T09:48:30.250916,Map-Energy__sum__linear-conv00430-20250314_000047-20250314_060047-40.000000-45.000000.png,2025-03-14T00:00:47,2025-03-14T06:00:47,40.0,45.0,2025-03-14T03:00:47,42.5,10.2209936532221,78.9814941910257,NOISE,2025-03-14T03:00:47,42.5,10.2209936532221,78.9814941910257,NOISE,2025-03-14T03:00:47,42.5,10.2209936532221,78.9814941910257,NOISE,2025-03-14T03:00:47,42.5,10.2209936532221,78.9814941910257,NOISE
2026-04-20T09:48:31.970919,Map-Energy__sum__linear-conv00440-20250314_060047-20250314_120047-40.000000-45.000000.png,2025-03-14T06:00:47,2025-03-14T12:00:47,40.0,45.0,2025-03-14T09:00:47,42.5,10.2209936532221,78.9814941910257,NOISE,2025-03-14T09:00:47,42.5,10.2209936532221,78.9814941910257,NOISE,2025-03-14T09:00:47,42.5,10.2209936532221,78.9814941910257,NOISE,2025-03-14T09:00:47,42.5,10.2209936532221,78.9814941910257,NOISE
2026-04-20T09:48:33.458736,Map-Energy__sum__linear-conv00450-20250314_120047-20250314_180047-40.000000-45.000000.png,2025-03-14T12:00:47,2025-03-14T18:00:47,40.0,45.0,2025-03-14T15:00:47,42.5,10.2209936532221,78.9814941910257,NOISE,2025-03-14T15:00:47,42.5,10.2209936532221,78.9814941910257,NOISE,2025-03-14T15:00:47,42.5,10.2209936532221,78.9814941910257,NOISE,2025-03-14T15:00:47,42.5,10.2209936532221,78.9814941910257,NOISE
2026-04-20T09:48:38.562875,Map-Energy__sum__linear-conv00460-20250314_180047-20250315_000047-40.000000-45.000000.png,2025-03-14T18:00:47,2025-03-15T00:00:47,40.0,45.0,2025-03-14T21:00:47,42.5,10.2209936532221,78.9814941910257,NOISE,2025-03-14T21:00:47,42.5,10.2209936532221,78.9814941910257,NOISE,2025-03-14T21:00:47,42.5,10.2209936532221,78.9814941910257,NOISE,2025-03-14T21:00:47,42.5,10.2209936532221,78.9814941910257,NOISE
2026-04-20T09:48:41.708407,Map-Energy__sum__linear-conv00470-20250315_000047-20250315_060047-40.000000-45.000000.png,2025-03-15T00:00:47,2025-03-15T06:00:47,40.0,45.0,2025-03-15T03:00:47,42.5,10.2209936532221,78.9814941910257,NOISE,2025-03-15T03:00:47,42.5,10.2209936532221,78.9814941910257,NOISE,2025-03-15T03:00:47,42.5,10.2209936532221,78.9814941910257,NOISE,2025-03-15T03:00:47,42.5,10.2209936532221,78.9814941910257,NOISE
2026-04-20T09:48:43.154622,Map-Energy__sum__linear-conv00480-20250315_060047-20250315_120047-40.000000-45.000000.png,2025-03-15T06:00:47,2025-03-15T12:00:47,40.0,45.0,2025-03-15T09:00:47,42.5,10.2209936532221,78.9814941910257,NOISE,2025-03-15T09:00:47,42.5,10.2209936532221,78.9814941910257,NOISE,2025-03-15T09:00:47,42.5,10.2209936532221,78.9814941910257,NOISE,2025-03-15T09:00:47,42.5,10.2209936532221,78.9814941910257,NOISE
2026-04-20T09:48:44.466744,Map-Energy__sum__linear-conv00490-20250315_120047-20250315_180047-40.000000-45.000000.png,2025-03-15T12:00:47,2025-03-15T18:00:47,40.0,45.0,2025-03-15T15:00:47,42.5,10.2209936532221,78.9814941910257,NOISE,2025-03-15T15:00:47,42.5,10.2209936532221,78.9814941910257,NOISE,2025-03-15T15:00:47,42.5,10.2209936532221,78.9814941910257,NOISE,2025-03-15T15:00:47,42.5,10.2209936532221,78.9814941910257,NOISE
2026-04-20T09:48:46.050636,Map-Energy__sum__linear-conv00500-20250315_180047-20250316_000047-40.000000-45.000000.png,2025-03-15T18:00:47,2025-03-16T00:00:47,40.0,45.0,2025-03-15T21:00:47,42.5,10.2209936532221,78.9814941910257,NOISE,2025-03-15T21:00:47,42.5,10.2209936532221,78.9814941910257,NOISE,2025-03-15T21:00:47,42.5,10.2209936532221,78.9814941910257,NOISE,2025-03-15T21:00:47,42.5,10.2209936532221,78.9814941910257,NOISE
2026-04-20T09:48:47.851021,Map-Energy__sum__linear-conv00510-20250316_000047-20250316_060047-40.000000-45.000000.png,2025-03-16T00:00:47,2025-03-16T06:00:47,40.0,45.0,2025-03-16T03:00:47,42.5,10.2209936532221,78.9814941910257,NOISE,2025-03-16T03:00:47,42.5,10.2209936532221,78.9814941910257,NOISE,2025-03-16T03:00:47,42.5,10.2209936532221,78.9814941910257,NOISE,2025-03-16T03:00:47,42.5,10.2209936532221,78.9814941910257,NOISE
2026-04-20T09:48:49.035125,Map-Energy__sum__linear-conv00520-20250316_060047-20250316_120047-40.000000-45.000000.png,2025-03-16T06:00:47,2025-03-16T12:00:47,40.0,45.0,2025-03-16T09:00:47,42.5,10.2209936532221,78.9814941910257,NOISE,2025-03-16T09:00:47,42.5,10.2209936532221,78.9814941910257,NOISE,2025-03-16T09:00:47,42.5,10.2209936532221,78.9814941910257,NOISE,2025-03-16T09:00:47,42.5,10.2209936532221,78.9814941910257,NOISE
2026-04-20T09:48:50.242792,Map-Energy__sum__linear-conv00530-20250316_120047-20250316_180047-40.000000-45.000000.png,2025-03-16T12:00:47,2025-03-16T18:00:47,40.0,45.0,2025-03-16T15:00:47,42.5,10.2209936532221,78.9814941910257,NOISE,2025-03-16T15:00:47,42.5,10.2209936532221,78.9814941910257,NOISE,2025-03-16T15:00:47,42.5,10.2209936532221,78.9814941910257,NOISE,2025-03-16T15:00:47,42.5,10.2209936532221,78.9814941910257,NOISE
2026-04-20T09:48:51.355482,Map-Energy__sum__linear-conv00540-20250316_180047-20250317_000047-40.000000-45.000000.png,2025-03-16T18:00:47,2025-03-17T00:00:47,40.0,45.0,2025-03-16T21:00:47,42.5,10.2209936532221,78.9814941910257,NOISE,2025-03-16T21:00:47,42.5,10.2209936532221,78.9814941910257,NOISE,2025-03-16T21:00:47,42.5,10.2209936532221,78.9814941910257,NOISE,2025-03-16T21:00:47,42.5,10.2209936532221,78.9814941910257,NOISE
2026-04-20T09:48:52.434371,Map-Energy__sum__linear-conv00550-20250317_000047-20250317_060047-40.000000-45.000000.png,2025-03-17T00:00:47,2025-03-17T06:00:47,40.0,45.0,2025-03-17T03:00:47,42.5,10.2209936532221,78.9814941910257,NOISE,2025-03-17T03:00:47,42.5,10.2209936532221,78.9814941910257,NOISE,2025-03-17T03:00:47,42.5,10.2209936532221,78.9814941910257,NOISE,2025-03-17T03:00:47,42.5,10.2209936532221,78.9814941910257,NOISE
2026-04-20T09:48:53.379135,Map-Energy__sum__linear-conv00560-20250317_060047-20250317_120047-40.000000-45.000000.png,2025-03-17T06:00:47,2025-03-17T12:00:47,40.0,45.0,2025-03-17T09:00:47,42.5,10.2209936532221,78.9814941910257,NOISE,2025-03-17T09:00:47,42.5,10.2209936532221,78.9814941910257,NOISE,2025-03-17T09:00:47,42.5,10.2209936532221,78.9814941910257,NOISE,2025-03-17T09:00:47,42.5,10.2209936532221,78.9814941910257,NOISE
2026-04-20T09:48:54.459395,Map-Energy__sum__linear-conv00570-20250317_120047-20250317_180047-40.000000-45.000000.png,2025-03-17T12:00:47,2025-03-17T18:00:47,40.0,45.0,2025-03-17T15:00:47,42.5,10.2209936532221,78.9814941910257,NOISE,2025-03-17T15:00:47,42.5,10.2209936532221,78.9814941910257,NOISE,2025-03-17T15:00:47,42.5,10.2209936532221,78.9814941910257,NOISE,2025-03-17T15:00:47,42.5,10.2209936532221,78.9814941910257,NOISE
2026-04-20T09:48:56.659333,Map-Energy__sum__linear-conv00580-20250317_180047-20250318_000047-40.000000-45.000000.png,2025-03-17T18:00:47,2025-03-18T00:00:47,40.0,45.0,2025-03-17T21:00:47,42.5,10.2209936532221,78.9814941910257,NOISE,2025-03-17T21:00:47,42.5,10.2209936532221,78.9814941910257,NOISE,2025-03-17T21:00:47,42.5,10.2209936532221,78.9814941910257,NOISE,2025-03-17T21:00:47,42.5,10.2209936532221,78.9814941910257,NOISE
2026-04-20T09:48:58.194981,Map-Energy__sum__linear-conv00590-20250318_000047-20250318_060047-40.000000-45.000000.png,2025-03-18T00:00:47,2025-03-18T06:00:47,40.0,45.0,2025-03-18T03:00:47,42.5,10.2209936532221,78.9814941910257,NOISE,2025-03-18T03:00:47,42.5,10.2209936532221,78.9814941910257,NOISE,2025-03-18T03:00:47,42.5,10.2209936532221,78.9814941910257,NOISE,2025-03-18T03:00:47,42.5,10.2209936532221,78.9814941910257,NOISE
2026-04-20T09:49:01.466957,Map-Energy__sum__linear-conv00600-20250318_060047-20250318_120047-40.000000-45.000000.png,2025-03-18T06:00:47,2025-03-18T12:00:47,40.0,45.0,2025-03-18T09:00:47,42.5,10.2209936532221,78.9814941910257,NOISE,2025-03-18T09:00:47,42.5,10.2209936532221,78.9814941910257,NOISE,2025-03-18T09:00:47,42.5,10.2209936532221,78.9814941910257,NOISE,2025-03-18T09:00:47,42.5,10.2209936532221,78.9814941910257,NOISE
2026-04-20T09:49:02.642819,Map-Energy__sum__linear-conv00610-20250318_120047-20250318_180047-40.000000-45.000000.png,2025-03-18T12:00:47,2025-03-18T18:00:47,40.0,45.0,2025-03-18T15:00:47,42.5,10.2209936532221,78.9814941910257,NOISE,2025-03-18T15:00:47,42.5,10.2209936532221,78.9814941910257,NOISE,2025-03-18T15:00:47,42.5,10.2209936532221,78.9814941910257,NOISE,2025-03-18T15:00:47,42.5,10.2209936532221,78.9814941910257,NOISE
2026-04-20T09:49:03.586906,Map-Energy__sum__linear-conv00620-20250318_180047-20250319_000047-40.000000-45.000000.png,2025-03-18T18:00:47,2025-03-19T00:00:47,40.0,45.0,2025-03-18T21:00:47,42.5,10.2209936532221,78.9814941910257,NOISE,2025-03-18T21:00:47,42.5,10.2209936532221,78.9814941910257,NOISE,2025-03-18T21:00:47,42.5,10.2209936532221,78.9814941910257,NOISE,2025-03-18T21:00:47,42.5,10.2209936532221,78.9814941910257,NOISE
2026-04-20T09:49:04.602616,Map-Energy__sum__linear-conv00630-20250319_000047-20250319_060047-40.000000-45.000000.png,2025-03-19T00:00:47,2025-03-19T06:00:47,40.0,45.0,2025-03-19T03:00:47,42.5,10.2209936532221,78.9814941910257,NOISE,2025-03-19T03:00:47,42.5,10.2209936532221,78.9814941910257,NOISE,2025-03-19T03:00:47,42.5,10.2209936532221,78.9814941910257,NOISE,2025-03-19T03:00:47,42.5,10.2209936532221,78.9814941910257,NOISE
2026-04-20T09:49:05.530959,Map-Energy__sum__linear-conv00640-20250319_060047-20250319_120047-40.000000-45.000000.png,2025-03-19T06:00:47,2025-03-19T12:00:47,40.0,45.0,2025-03-19T09:00:47,42.5,10.2209936532221,78.9814941910257,NOISE,2025-03-19T09:00:47,42.5,10.2209936532221,78.9814941910257,NOISE,2025-03-19T09:00:47,42.5,10.2209936532221,78.9814941910257,NOISE,2025-03-19T09:00:47,42.5,10.2209936532221,78.9814941910257,NOISE
2026-04-20T09:49:06.578777,Map-Energy__sum__linear-conv00650-20250319_120047-20250319_180047-40.000000-45.000000.png,2025-03-19T12:00:47,2025-03-19T18:00:47,40.0,45.0,2025-03-19T15:00:47,42.5,10.2209936532221,78.9814941910257,NOISE,2025-03-19T15:00:47,42.5,10.2209936532221,78.9814941910257,NOISE,2025-03-19T15:00:47,42.5,10.2209936532221,78.9814941910257,NOISE,2025-03-19T15:00:47,42.5,10.2209936532221,78.9814941910257,NOISE
2026-04-20T09:49:08.450586,Map-Energy__sum__linear-conv00660-20250319_180047-20250320_000047-40.000000-45.000000.png,2025-03-19T18:00:47,2025-03-20T00:00:47,40.0,45.0,2025-03-19T21:00:47,42.5,10.2209936532221,78.9814941910257,NOISE,2025-03-19T21:00:47,42.5,10.2209936532221,78.9814941910257,NOISE,2025-03-19T21:00:47,42.5,10.2209936532221,78.9814941910257,NOISE,2025-03-19T21:00:47,42.5,10.2209936532221,78.9814941910257,NOISE
2026-04-20T09:49:09.587033,Map-Energy__sum__linear-conv00670-20250320_000047-20250320_060047-40.000000-45.000000.png,2025-03-20T00:00:47,2025-03-20T06:00:47,40.0,45.0,2025-03-20T03:00:47,42.5,10.2209936532221,78.9814941910257,NOISE,2025-03-20T03:00:47,42.5,10.2209936532221,78.9814941910257,NOISE,2025-03-20T03:00:47,42.5,10.2209936532221,78.9814941910257,NOISE,2025-03-20T03:00:47,42.5,10.2209936532221,78.9814941910257,NOISE
2026-04-20T09:49:11.003192,Map-Energy__sum__linear-conv00680-20250320_060047-20250320_120047-40.000000-45.000000.png,2025-03-20T06:00:47,2025-03-20T12:00:47,40.0,45.0,2025-03-20T09:00:47,42.5,10.2209936532221,78.9814941910257,NOISE,2025-03-20T09:00:47,42.5,10.2209936532221,78.9814941910257,NOISE,2025-03-20T09:00:47,42.5,10.2209936532221,78.9814941910257,NOISE,2025-03-20T09:00:47,42.5,10.2209936532221,78.9814941910257,NOISE
2026-04-20T09:49:12.218319,Map-Energy__sum__linear-conv00690-20250320_120047-20250320_180047-40.000000-45.000000.png,2025-03-20T12:00:47,2025-03-20T18:00:47,40.0,45.0,2025-03-20T15:00:47,42.5,10.2209936532221,78.9814941910257,NOISE,2025-03-20T15:00:47,42.5,10.2209936532221,78.9814941910257,NOISE,2025-03-20T15:00:47,42.5,10.2209936532221,78.9814941910257,NOISE,2025-03-20T15:00:47,42.5,10.2209936532221,78.9814941910257,NOISE
2026-04-20T09:49:13.266595,Map-Energy__sum__linear-conv00700-20250320_180047-20250321_000047-40.000000-45.000000.png,2025-03-20T18:00:47,2025-03-21T00:00:47,40.0,45.0,2025-03-20T21:00:47,42.5,10.2209936532221,78.9814941910257,NOISE,2025-03-20T21:00:47,42.5,10.2209936532221,78.9814941910257,NOISE,2025-03-20T21:00:47,42.5,10.2209936532221,78.9814941910257,NOISE,2025-03-20T21:00:47,42.5,10.2209936532221,78.9814941910257,NOISE
2026-04-20T09:49:14.276239,Map-Energy__sum__linear-conv00710-20250321_000047-20250321_060047-40.000000-45.000000.png,2025-03-21T00:00:47,2025-03-21T06:00:47,40.0,45.0,2025-03-21T03:00:47,42.5,10.2209936532221,78.9814941910257,NOISE,2025-03-21T03:00:47,42.5,10.2209936532221,78.9814941910257,NOISE,2025-03-21T03:00:47,42.5,10.2209936532221,78.9814941910257,NOISE,2025-03-21T03:00:47,42.5,10.2209936532221,78.9814941910257,NOISE
2026-04-20T09:49:15.267331,Map-Energy__sum__linear-conv00720-20250321_060047-20250321_120047-40.000000-45.000000.png,2025-03-21T06:00:47,2025-03-21T12:00:47,40.0,45.0,2025-03-21T09:00:47,42.5,10.2209936532221,78.9814941910257,NOISE,2025-03-21T09:00:47,42.5,10.2209936532221,78.9814941910257,NOISE,2025-03-21T09:00:47,42.5,10.2209936532221,78.9814941910257,NOISE,2025-03-21T09:00:47,42.5,10.2209936532221,78.9814941910257,NOISE
2026-04-20T09:49:16.283041,Map-Energy__sum__linear-conv00730-20250321_120047-20250321_180047-40.000000-45.000000.png,2025-03-21T12:00:47,2025-03-21T18:00:47,40.0,45.0,2025-03-21T15:00:47,42.5,10.2209936532221,78.9814941910257,NOISE,2025-03-21T15:00:47,42.5,10.2209936532221,78.9814941910257,NOISE,2025-03-21T15:00:47,42.5,10.2209936532221,78.9814941910257,NOISE,2025-03-21T15:00:47,42.5,10.2209936532221,78.9814941910257,NOISE
2026-04-20T09:49:23.443153,Map-Energy__sum__linear-conv00740-20250321_180047-20250322_000047-40.000000-45.000000.png,2025-03-21T18:00:47,2025-03-22T00:00:47,40.0,45.0,2025-03-21T20:11:31,41.970825,10.2439140873553,78.9833186256176,VESSEL,2025-03-21T21:00:47,42.5,10.2209936532221,78.9814941910257,NOISE,2025-03-21T21:00:47,42.5,10.2209936532221,78.9814941910257,NOISE,2025-03-21T21:00:47,42.5,10.2209936532221,78.9814941910257,NOISE
2026-04-20T09:49:24.530767,Map-Energy__sum__linear-conv00750-20250322_000047-20250322_060047-40.000000-45.000000.png,2025-03-22T00:00:47,2025-03-22T06:00:47,40.0,45.0,2025-03-22T03:00:47,42.5,10.2209936532221,78.9814941910257,NOISE,2025-03-22T03:00:47,42.5,10.2209936532221,78.9814941910257,NOISE,2025-03-22T03:00:47,42.5,10.2209936532221,78.9814941910257,NOISE,2025-03-22T03:00:47,42.5,10.2209936532221,78.9814941910257,NOISE
2026-04-20T09:49:30.779042,Map-Energy__sum__linear-conv00760-20250322_060047-20250322_120047-40.000000-45.000000.png,2025-03-22T06:00:47,2025-03-22T12:00:47,40.0,45.0,2025-03-22T08:34:05,41.877442,10.2478068788306,78.9836284872067,VESSEL,2025-03-22T09:00:47,42.5,10.2209936532221,78.9814941910257,NOISE,2025-03-22T09:00:47,42.5,10.2209936532221,78.9814941910257,NOISE,2025-03-22T09:00:47,42.5,10.2209936532221,78.9814941910257,NOISE
2026-04-20T09:49:35.803319,Map-Energy__sum__linear-conv00770-20250322_120047-20250322_180047-40.000000-45.000000.png,2025-03-22T12:00:47,2025-03-22T18:00:47,40.0,45.0,2025-03-22T14:24:14,41.542816,10.2625150035376,78.9847979871842,VESSEL,2025-03-22T15:00:47,42.5,10.2209936532221,78.9814941910257,NOISE,2025-03-22T15:00:47,42.5,10.2209936532221,78.9814941910257,NOISE,2025-03-22T15:00:47,42.5,10.2209936532221,78.9814941910257,NOISE
2026-04-20T09:49:37.162855,Map-Energy__sum__linear-conv00780-20250322_180047-20250323_000047-40.000000-45.000000.png,2025-03-22T18:00:47,2025-03-23T00:00:47,40.0,45.0,2025-03-22T21:00:47,42.5,10.2209936532221,78.9814941910257,NOISE,2025-03-22T21:00:47,42.5,10.2209936532221,78.9814941910257,NOISE,2025-03-22T21:00:47,42.5,10.2209936532221,78.9814941910257,NOISE,2025-03-22T21:00:47,42.5,10.2209936532221,78.9814941910257,NOISE
2026-04-20T09:49:38.531164,Map-Energy__sum__linear-conv00790-20250323_000047-20250323_060047-40.000000-45.000000.png,2025-03-23T00:00:47,2025-03-23T06:00:47,40.0,45.0,2025-03-23T03:00:47,42.5,10.2209936532221,78.9814941910257,NOISE,2025-03-23T03:00:47,42.5,10.2209936532221,78.9814941910257,NOISE,2025-03-23T03:00:47,42.5,10.2209936532221,78.9814941910257,NOISE,2025-03-23T03:00:47,42.5,10.2209936532221,78.9814941910257,NOISE
2026-04-20T09:49:39.818271,Map-Energy__sum__linear-conv00800-20250323_060047-20250323_120047-40.000000-45.000000.png,2025-03-23T06:00:47,2025-03-23T12:00:47,40.0,45.0,2025-03-23T09:00:47,42.5,10.2209936532221,78.9814941910257,NOISE,2025-03-23T09:00:47,42.5,10.2209936532221,78.9814941910257,NOISE,2025-03-23T09:00:47,42.5,10.2209936532221,78.9814941910257,NOISE,2025-03-23T09:00:47,42.5,10.2209936532221,78.9814941910257,NOISE
2026-04-20T09:49:40.987060,Map-Energy__sum__linear-conv00810-20250323_120047-20250323_180047-40.000000-45.000000.png,2025-03-23T12:00:47,2025-03-23T18:00:47,40.0,45.0,2025-03-23T15:00:47,42.5,10.2209936532221,78.9814941910257,NOISE,2025-03-23T15:00:47,42.5,10.2209936532221,78.9814941910257,NOISE,2025-03-23T15:00:47,42.5,10.2209936532221,78.9814941910257,NOISE,2025-03-23T15:00:47,42.5,10.2209936532221,78.9814941910257,NOISE
2026-04-20T09:49:42.243093,Map-Energy__sum__linear-conv00820-20250323_180047-20250324_000047-40.000000-45.000000.png,2025-03-23T18:00:47,2025-03-24T00:00:47,40.0,45.0,2025-03-23T21:00:47,42.5,10.2209936532221,78.9814941910257,NOISE,2025-03-23T21:00:47,42.5,10.2209936532221,78.9814941910257,NOISE,2025-03-23T21:00:47,42.5,10.2209936532221,78.9814941910257,NOISE,2025-03-23T21:00:47,42.5,10.2209936532221,78.9814941910257,NOISE
2026-04-20T09:49:43.531209,Map-Energy__sum__linear-conv00830-20250324_000047-20250324_060047-40.000000-45.000000.png,2025-03-24T00:00:47,2025-03-24T06:00:47,40.0,45.0,2025-03-24T03:00:47,42.5,10.2209936532221,78.9814941910257,NOISE,2025-03-24T03:00:47,42.5,10.2209936532221,78.9814941910257,NOISE,2025-03-24T03:00:47,42.5,10.2209936532221,78.9814941910257,NOISE,2025-03-24T03:00:47,42.5,10.2209936532221,78.9814941910257,NOISE
2026-04-20T09:49:44.787278,Map-Energy__sum__linear-conv00840-20250324_060047-20250324_120047-40.000000-45.000000.png,2025-03-24T06:00:47,2025-03-24T12:00:47,40.0,45.0,2025-03-24T09:00:47,42.5,10.2209936532221,78.9814941910257,NOISE,2025-03-24T09:00:47,42.5,10.2209936532221,78.9814941910257,NOISE,2025-03-24T09:00:47,42.5,10.2209936532221,78.9814941910257,NOISE,2025-03-24T09:00:47,42.5,10.2209936532221,78.9814941910257,NOISE
2026-04-20T09:49:46.146999,Map-Energy__sum__linear-conv00850-20250324_120047-20250324_180047-40.000000-45.000000.png,2025-03-24T12:00:47,2025-03-24T18:00:47,40.0,45.0,2025-03-24T15:00:47,42.5,10.2209936532221,78.9814941910257,NOISE,2025-03-24T15:00:47,42.5,10.2209936532221,78.9814941910257,NOISE,2025-03-24T15:00:47,42.5,10.2209936532221,78.9814941910257,NOISE,2025-03-24T15:00:47,42.5,10.2209936532221,78.9814941910257,NOISE
2026-04-20T09:49:47.930866,Map-Energy__sum__linear-conv00860-20250324_180047-20250325_000047-40.000000-45.000000.png,2025-03-24T18:00:47,2025-03-25T00:00:47,40.0,45.0,2025-03-24T21:00:47,42.5,10.2209936532221,78.9814941910257,NOISE,2025-03-24T21:00:47,42.5,10.2209936532221,78.9814941910257,NOISE,2025-03-24T21:00:47,42.5,10.2209936532221,78.9814941910257,NOISE,2025-03-24T21:00:47,42.5,10.2209936532221,78.9814941910257,NOISE
2026-04-20T09:49:49.139066,Map-Energy__sum__linear-conv00870-20250325_000047-20250325_060047-40.000000-45.000000.png,2025-03-25T00:00:47,2025-03-25T06:00:47,40.0,45.0,2025-03-25T03:00:47,42.5,10.2209936532221,78.9814941910257,NOISE,2025-03-25T03:00:47,42.5,10.2209936532221,78.9814941910257,NOISE,2025-03-25T03:00:47,42.5,10.2209936532221,78.9814941910257,NOISE,2025-03-25T03:00:47,42.5,10.2209936532221,78.9814941910257,NOISE
2026-04-20T09:49:50.378962,Map-Energy__sum__linear-conv00880-20250325_060047-20250325_120047-40.000000-45.000000.png,2025-03-25T06:00:47,2025-03-25T12:00:47,40.0,45.0,2025-03-25T09:00:47,42.5,10.2209936532221,78.9814941910257,NOISE,2025-03-25T09:00:47,42.5,10.2209936532221,78.9814941910257,NOISE,2025-03-25T09:00:47,42.5,10.2209936532221,78.9814941910257,NOISE,2025-03-25T09:00:47,42.5,10.2209936532221,78.9814941910257,NOISE
2026-04-20T09:49:51.466790,Map-Energy__sum__linear-conv00890-20250325_120047-20250325_180047-40.000000-45.000000.png,2025-03-25T12:00:47,2025-03-25T18:00:47,40.0,45.0,2025-03-25T15:00:47,42.5,10.2209936532221,78.9814941910257,NOISE,2025-03-25T15:00:47,42.5,10.2209936532221,78.9814941910257,NOISE,2025-03-25T15:00:47,42.5,10.2209936532221,78.9814941910257,NOISE,2025-03-25T15:00:47,42.5,10.2209936532221,78.9814941910257,NOISE
2026-04-20T09:49:53.931346,Map-Energy__sum__linear-conv00900-20250325_180047-20250326_000047-40.000000-45.000000.png,2025-03-25T18:00:47,2025-03-26T00:00:47,40.0,45.0,2025-03-25T21:00:47,42.5,10.2209936532221,78.9814941910257,NOISE,2025-03-25T21:00:47,42.5,10.2209936532221,78.9814941910257,NOISE,2025-03-25T21:00:47,42.5,10.2209936532221,78.9814941910257,NOISE,2025-03-25T21:00:47,42.5,10.2209936532221,78.9814941910257,NOISE
2026-04-20T09:49:56.099148,Map-Energy__sum__linear-conv00910-20250326_000047-20250326_060047-40.000000-45.000000.png,2025-03-26T00:00:47,2025-03-26T06:00:47,40.0,45.0,2025-03-26T03:00:47,42.5,10.2209936532221,78.9814941910257,NOISE,2025-03-26T03:00:47,42.5,10.2209936532221,78.9814941910257,NOISE,2025-03-26T03:00:47,42.5,10.2209936532221,78.9814941910257,NOISE,2025-03-26T03:00:47,42.5,10.2209936532221,78.9814941910257,NOISE
2026-04-20T09:49:57.851022,Map-Energy__sum__linear-conv00920-20250326_060047-20250326_120047-40.000000-45.000000.png,2025-03-26T06:00:47,2025-03-26T12:00:47,40.0,45.0,2025-03-26T09:00:47,42.5,10.2209936532221,78.9814941910257,NOISE,2025-03-26T09:00:47,42.5,10.2209936532221,78.9814941910257,NOISE,2025-03-26T09:00:47,42.5,10.2209936532221,78.9814941910257,NOISE,2025-03-26T09:00:47,42.5,10.2209936532221,78.9814941910257,NOISE
2026-04-20T09:49:59.618653,Map-Energy__sum__linear-conv00930-20250326_120047-20250326_180047-40.000000-45.000000.png,2025-03-26T12:00:47,2025-03-26T18:00:47,40.0,45.0,2025-03-26T15:00:47,42.5,10.2209936532221,78.9814941910257,NOISE,2025-03-26T15:00:47,42.5,10.2209936532221,78.9814941910257,NOISE,2025-03-26T15:00:47,42.5,10.2209936532221,78.9814941910257,NOISE,2025-03-26T15:00:47,42.5,10.2209936532221,78.9814941910257,NOISE
2026-04-20T09:50:00.763216,Map-Energy__sum__linear-conv00940-20250326_180047-20250327_000047-40.000000-45.000000.png,2025-03-26T18:00:47,2025-03-27T00:00:47,40.0,45.0,2025-03-26T21:00:47,42.5,10.2209936532221,78.9814941910257,NOISE,2025-03-26T21:00:47,42.5,10.2209936532221,78.9814941910257,NOISE,2025-03-26T21:00:47,42.5,10.2209936532221,78.9814941910257,NOISE,2025-03-26T21:00:47,42.5,10.2209936532221,78.9814941910257,NOISE
2026-04-20T09:50:02.386925,Map-Energy__sum__linear-conv00950-20250327_000047-20250327_060047-40.000000-45.000000.png,2025-03-27T00:00:47,2025-03-27T06:00:47,40.0,45.0,2025-03-27T03:00:47,42.5,10.2209936532221,78.9814941910257,NOISE,2025-03-27T03:00:47,42.5,10.2209936532221,78.9814941910257,NOISE,2025-03-27T03:00:47,42.5,10.2209936532221,78.9814941910257,NOISE,2025-03-27T03:00:47,42.5,10.2209936532221,78.9814941910257,NOISE
2026-04-20T09:50:03.346788,Map-Energy__sum__linear-conv00960-20250327_060047-20250327_120047-40.000000-45.000000.png,2025-03-27T06:00:47,2025-03-27T12:00:47,40.0,45.0,2025-03-27T09:00:47,42.5,10.2209936532221,78.9814941910257,NOISE,2025-03-27T09:00:47,42.5,10.2209936532221,78.9814941910257,NOISE,2025-03-27T09:00:47,42.5,10.2209936532221,78.9814941910257,NOISE,2025-03-27T09:00:47,42.5,10.2209936532221,78.9814941910257,NOISE
2026-04-20T09:50:04.108388,Map-Energy__sum__linear-conv00970-20250327_120047-20250327_180047-40.000000-45.000000.png,2025-03-27T12:00:47,2025-03-27T18:00:47,40.0,45.0,2025-03-27T15:00:47,42.5,10.2209936532221,78.9814941910257,NOISE,2025-03-27T15:00:47,42.5,10.2209936532221,78.9814941910257,NOISE,2025-03-27T15:00:47,42.5,10.2209936532221,78.9814941910257,NOISE,2025-03-27T15:00:47,42.5,10.2209936532221,78.9814941910257,NOISE
2026-04-20T09:50:04.963136,Map-Energy__sum__linear-conv00980-20250327_180047-20250328_000047-40.000000-45.000000.png,2025-03-27T18:00:47,2025-03-28T00:00:47,40.0,45.0,2025-03-27T21:00:47,42.5,10.2209936532221,78.9814941910257,NOISE,2025-03-27T21:00:47,42.5,10.2209936532221,78.9814941910257,NOISE,2025-03-27T21:00:47,42.5,10.2209936532221,78.9814941910257,NOISE,2025-03-27T21:00:47,42.5,10.2209936532221,78.9814941910257,NOISE
2026-04-20T09:50:05.756219,Map-Energy__sum__linear-conv00990-20250328_000047-20250328_060047-40.000000-45.000000.png,2025-03-28T00:00:47,2025-03-28T06:00:47,40.0,45.0,2025-03-28T03:00:47,42.5,10.2209936532221,78.9814941910257,NOISE,2025-03-28T03:00:47,42.5,10.2209936532221,78.9814941910257,NOISE,2025-03-28T03:00:47,42.5,10.2209936532221,78.9814941910257,NOISE,2025-03-28T03:00:47,42.5,10.2209936532221,78.9814941910257,NOISE
2026-04-20T09:50:06.531002,Map-Energy__sum__linear-conv01000-20250328_060047-20250328_120047-40.000000-45.000000.png,2025-03-28T06:00:47,2025-03-28T12:00:47,40.0,45.0,2025-03-28T09:00:47,42.5,10.2209936532221,78.9814941910257,NOISE,2025-03-28T09:00:47,42.5,10.2209936532221,78.9814941910257,NOISE,2025-03-28T09:00:47,42.5,10.2209936532221,78.9814941910257,NOISE,2025-03-28T09:00:47,42.5,10.2209936532221,78.9814941910257,NOISE
2026-04-20T09:50:07.370515,Map-Energy__sum__linear-conv01010-20250328_120047-20250328_180047-40.000000-45.000000.png,2025-03-28T12:00:47,2025-03-28T18:00:47,40.0,45.0,2025-03-28T15:00:47,42.5,10.2209936532221,78.9814941910257,NOISE,2025-03-28T15:00:47,42.5,10.2209936532221,78.9814941910257,NOISE,2025-03-28T15:00:47,42.5,10.2209936532221,78.9814941910257,NOISE,2025-03-28T15:00:47,42.5,10.2209936532221,78.9814941910257,NOISE
2026-04-20T09:50:08.098990,Map-Energy__sum__linear-conv01020-20250328_180047-20250329_000047-40.000000-45.000000.png,2025-03-28T18:00:47,2025-03-29T00:00:47,40.0,45.0,2025-03-28T21:00:47,42.5,10.2209936532221,78.9814941910257,NOISE,2025-03-28T21:00:47,42.5,10.2209936532221,78.9814941910257,NOISE,2025-03-28T21:00:47,42.5,10.2209936532221,78.9814941910257,NOISE,2025-03-28T21:00:47,42.5,10.2209936532221,78.9814941910257,NOISE
2026-04-20T09:50:08.842461,Map-Energy__sum__linear-conv01030-20250329_000047-20250329_060047-40.000000-45.000000.png,2025-03-29T00:00:47,2025-03-29T06:00:47,40.0,45.0,2025-03-29T03:00:47,42.5,10.2209936532221,78.9814941910257,NOISE,2025-03-29T03:00:47,42.5,10.2209936532221,78.9814941910257,NOISE,2025-03-29T03:00:47,42.5,10.2209936532221,78.9814941910257,NOISE,2025-03-29T03:00:47,42.5,10.2209936532221,78.9814941910257,NOISE
2026-04-20T09:50:09.771545,Map-Energy__sum__linear-conv01040-20250329_060047-20250329_120047-40.000000-45.000000.png,2025-03-29T06:00:47,2025-03-29T12:00:47,40.0,45.0,2025-03-29T09:00:47,42.5,10.2209936532221,78.9814941910257,NOISE,2025-03-29T09:00:47,42.5,10.2209936532221,78.9814941910257,NOISE,2025-03-29T09:00:47,42.5,10.2209936532221,78.9814941910257,NOISE,2025-03-29T09:00:47,42.5,10.2209936532221,78.9814941910257,NOISE
2026-04-20T09:50:10.546925,Map-Energy__sum__linear-conv01050-20250329_120047-20250329_180047-40.000000-45.000000.png,2025-03-29T12:00:47,2025-03-29T18:00:47,40.0,45.0,2025-03-29T15:00:47,42.5,10.2209936532221,78.9814941910257,NOISE,2025-03-29T15:00:47,42.5,10.2209936532221,78.9814941910257,NOISE,2025-03-29T15:00:47,42.5,10.2209936532221,78.9814941910257,NOISE,2025-03-29T15:00:47,42.5,10.2209936532221,78.9814941910257,NOISE
2026-04-20T09:50:11.291811,Map-Energy__sum__linear-conv01060-20250329_180047-20250330_000047-40.000000-45.000000.png,2025-03-29T18:00:47,2025-03-30T00:00:47,40.0,45.0,2025-03-29T21:00:47,42.5,10.2209936532221,78.9814941910257,NOISE,2025-03-29T21:00:47,42.5,10.2209936532221,78.9814941910257,NOISE,2025-03-29T21:00:47,42.5,10.2209936532221,78.9814941910257,NOISE,2025-03-29T21:00:47,42.5,10.2209936532221,78.9814941910257,NOISE
2026-04-20T09:50:12.146754,Map-Energy__sum__linear-conv01070-20250330_000047-20250330_060047-40.000000-45.000000.png,2025-03-30T00:00:47,2025-03-30T06:00:47,40.0,45.0,2025-03-30T03:00:47,42.5,10.2209936532221,78.9814941910257,NOISE,2025-03-30T03:00:47,42.5,10.2209936532221,78.9814941910257,NOISE,2025-03-30T03:00:47,42.5,10.2209936532221,78.9814941910257,NOISE,2025-03-30T03:00:47,42.5,10.2209936532221,78.9814941910257,NOISE
2026-04-20T09:50:12.898292,Map-Energy__sum__linear-conv01080-20250330_060047-20250330_120047-40.000000-45.000000.png,2025-03-30T06:00:47,2025-03-30T12:00:47,40.0,45.0,2025-03-30T09:00:47,42.5,10.2209936532221,78.9814941910257,NOISE,2025-03-30T09:00:47,42.5,10.2209936532221,78.9814941910257,NOISE,2025-03-30T09:00:47,42.5,10.2209936532221,78.9814941910257,NOISE,2025-03-30T09:00:47,42.5,10.2209936532221,78.9814941910257,NOISE
2026-04-20T09:50:13.491579,Map-Energy__sum__linear-conv01090-20250330_120047-20250330_180047-40.000000-45.000000.png,2025-03-30T12:00:47,2025-03-30T18:00:47,40.0,45.0,2025-03-30T15:00:47,42.5,10.2209936532221,78.9814941910257,NOISE,2025-03-30T15:00:47,42.5,10.2209936532221,78.9814941910257,NOISE,2025-03-30T15:00:47,42.5,10.2209936532221,78.9814941910257,NOISE,2025-03-30T15:00:47,42.5,10.2209936532221,78.9814941910257,NOISE
2026-04-20T09:50:14.163199,Map-Energy__sum__linear-conv01100-20250330_180047-20250331_000047-40.000000-45.000000.png,2025-03-30T18:00:47,2025-03-31T00:00:47,40.0,45.0,2025-03-30T21:00:47,42.5,10.2209936532221,78.9814941910257,NOISE,2025-03-30T21:00:47,42.5,10.2209936532221,78.9814941910257,NOISE,2025-03-30T21:00:47,42.5,10.2209936532221,78.9814941910257,NOISE,2025-03-30T21:00:47,42.5,10.2209936532221,78.9814941910257,NOISE
2026-04-20T09:50:14.747414,Map-Energy__sum__linear-conv01110-20250331_000047-20250331_060047-40.000000-45.000000.png,2025-03-31T00:00:47,2025-03-31T06:00:47,40.0,45.0,2025-03-31T03:00:47,42.5,10.2209936532221,78.9814941910257,NOISE,2025-03-31T03:00:47,42.5,10.2209936532221,78.9814941910257,NOISE,2025-03-31T03:00:47,42.5,10.2209936532221,78.9814941910257,NOISE,2025-03-31T03:00:47,42.5,10.2209936532221,78.9814941910257,NOISE
2026-04-20T09:50:15.355229,Map-Energy__sum__linear-conv00009-20250331_060047-20250331_120047-40.000000-45.000000.png,2025-03-31T06:00:47,2025-03-31T12:00:47,40.0,45.0,2025-03-31T09:00:47,42.5,10.2209936532221,78.9814941910257,NOISE,2025-03-31T09:00:47,42.5,10.2209936532221,78.9814941910257,NOISE,2025-03-31T09:00:47,42.5,10.2209936532221,78.9814941910257,NOISE,2025-03-31T09:00:47,42.5,10.2209936532221,78.9814941910257,NOISE
2026-04-20T09:50:19.211287,Map-Energy__sum__linear-conv00019-20250331_120047-20250331_180047-40.000000-45.000000.png,2025-03-31T12:00:47,2025-03-31T18:00:47,40.0,45.0,2025-03-31T15:00:47,42.5,10.2209936532221,78.9814941910257,NOISE,2025-03-31T15:00:47,42.5,10.2209936532221,78.9814941910257,NOISE,2025-03-31T15:00:47,42.5,10.2209936532221,78.9814941910257,NOISE,2025-03-31T15:00:47,42.5,10.2209936532221,78.9814941910257,NOISE
2026-04-20T09:50:23.411106,Map-Energy__sum__linear-conv00029-20250331_180047-20250401_000047-40.000000-45.000000.png,2025-03-31T18:00:47,2025-04-01T00:00:47,40.0,45.0,2025-03-31T21:00:47,42.5,10.2209936532221,78.9814941910257,NOISE,2025-03-31T21:00:47,42.5,10.2209936532221,78.9814941910257,NOISE,2025-03-31T21:00:47,42.5,10.2209936532221,78.9814941910257,NOISE,2025-03-31T21:00:47,42.5,10.2209936532221,78.9814941910257,NOISE
2026-04-20T09:50:26.019075,Map-Energy__sum__linear-conv00010-20250301_000047-20250301_060047-45.000000-49.900000.png,2025-03-01T00:00:47,2025-03-01T06:00:47,45.0,49.9,2025-03-01T03:00:47,47.45,10.0532262506808,78.9644950928927,NOISE,2025-03-01T03:00:47,47.45,10.0532262506808,78.9644950928927,NOISE,2025-03-01T03:00:47,47.45,10.0532262506808,78.9644950928927,NOISE,2025-03-01T03:00:47,47.45,10.0532262506808,78.9644950928927,NOISE
2026-04-20T09:50:26.931282,Map-Energy__sum__linear-conv00020-20250301_060047-20250301_120047-45.000000-49.900000.png,2025-03-01T06:00:47,2025-03-01T12:00:47,45.0,49.9,2025-03-01T09:00:47,47.45,10.0532262506808,78.9644950928927,NOISE,2025-03-01T09:00:47,47.45,10.0532262506808,78.9644950928927,NOISE,2025-03-01T09:00:47,47.45,10.0532262506808,78.9644950928927,NOISE,2025-03-01T09:00:47,47.45,10.0532262506808,78.9644950928927,NOISE
2026-04-20T09:50:27.835497,Map-Energy__sum__linear-conv00030-20250301_120047-20250301_180047-45.000000-49.900000.png,2025-03-01T12:00:47,2025-03-01T18:00:47,45.0,49.9,2025-03-01T15:00:47,47.45,10.0532262506808,78.9644950928927,NOISE,2025-03-01T15:00:47,47.45,10.0532262506808,78.9644950928927,NOISE,2025-03-01T15:00:47,47.45,10.0532262506808,78.9644950928927,NOISE,2025-03-01T15:00:47,47.45,10.0532262506808,78.9644950928927,NOISE
2026-04-20T09:50:28.747094,Map-Energy__sum__linear-conv00040-20250301_180047-20250302_000047-45.000000-49.900000.png,2025-03-01T18:00:47,2025-03-02T00:00:47,45.0,49.9,2025-03-01T21:00:47,47.45,10.0532262506808,78.9644950928927,NOISE,2025-03-01T21:00:47,47.45,10.0532262506808,78.9644950928927,NOISE,2025-03-01T21:00:47,47.45,10.0532262506808,78.9644950928927,NOISE,2025-03-01T21:00:47,47.45,10.0532262506808,78.9644950928927,NOISE
2026-04-20T09:50:29.562608,Map-Energy__sum__linear-conv00050-20250302_000047-20250302_060047-45.000000-49.900000.png,2025-03-02T00:00:47,2025-03-02T06:00:47,45.0,49.9,2025-03-02T03:00:47,47.45,10.0532262506808,78.9644950928927,NOISE,2025-03-02T03:00:47,47.45,10.0532262506808,78.9644950928927,NOISE,2025-03-02T03:00:47,47.45,10.0532262506808,78.9644950928927,NOISE,2025-03-02T03:00:47,47.45,10.0532262506808,78.9644950928927,NOISE
2026-04-20T09:50:35.091311,Map-Energy__sum__linear-conv00060-20250302_060047-20250302_120047-45.000000-49.900000.png,2025-03-02T06:00:47,2025-03-02T12:00:47,45.0,49.9,2025-03-02T09:00:47,47.45,10.0532262506808,78.9644950928927,NOISE,2025-03-02T09:00:47,47.45,10.0532262506808,78.9644950928927,NOISE,2025-03-02T09:00:47,47.45,10.0532262506808,78.9644950928927,NOISE,2025-03-02T09:00:47,47.45,10.0532262506808,78.9644950928927,NOISE
2026-04-20T09:50:36.066901,Map-Energy__sum__linear-conv00070-20250302_120047-20250302_180047-45.000000-49.900000.png,2025-03-02T12:00:47,2025-03-02T18:00:47,45.0,49.9,2025-03-02T15:00:47,47.45,10.0532262506808,78.9644950928927,NOISE,2025-03-02T15:00:47,47.45,10.0532262506808,78.9644950928927,NOISE,2025-03-02T15:00:47,47.45,10.0532262506808,78.9644950928927,NOISE,2025-03-02T15:00:47,47.45,10.0532262506808,78.9644950928927,NOISE
2026-04-20T09:50:37.011647,Map-Energy__sum__linear-conv00080-20250302_180047-20250303_000047-45.000000-49.900000.png,2025-03-02T18:00:47,2025-03-03T00:00:47,45.0,49.9,2025-03-02T21:00:47,47.45,10.0532262506808,78.9644950928927,NOISE,2025-03-02T21:00:47,47.45,10.0532262506808,78.9644950928927,NOISE,2025-03-02T21:00:47,47.45,10.0532262506808,78.9644950928927,NOISE,2025-03-02T21:00:47,47.45,10.0532262506808,78.9644950928927,NOISE
2026-04-20T09:50:38.011059,Map-Energy__sum__linear-conv00090-20250303_000047-20250303_060047-45.000000-49.900000.png,2025-03-03T00:00:47,2025-03-03T06:00:47,45.0,49.9,2025-03-03T03:00:47,47.45,10.0532262506808,78.9644950928927,NOISE,2025-03-03T03:00:47,47.45,10.0532262506808,78.9644950928927,NOISE,2025-03-03T03:00:47,47.45,10.0532262506808,78.9644950928927,NOISE,2025-03-03T03:00:47,47.45,10.0532262506808,78.9644950928927,NOISE
2026-04-20T09:50:39.347573,Map-Energy__sum__linear-conv00001-20250303_060047-20250303_120047-45.000000-49.900000.png,2025-03-03T06:00:47,2025-03-03T12:00:47,45.0,49.9,2025-03-03T09:00:47,47.45,10.0532262506808,78.9644950928927,NOISE,2025-03-03T09:00:47,47.45,10.0532262506808,78.9644950928927,NOISE,2025-03-03T09:00:47,47.45,10.0532262506808,78.9644950928927,NOISE,2025-03-03T09:00:47,47.45,10.0532262506808,78.9644950928927,NOISE
2026-04-20T09:50:40.675165,Map-Energy__sum__linear-conv00011-20250303_120047-20250303_180047-45.000000-49.040000.png,2025-03-03T12:00:47,2025-03-03T18:00:47,45.0,49.04,2025-03-03T15:00:47,47.02,10.0532262506808,78.9644950928927,NOISE,2025-03-03T15:00:47,47.02,10.0532262506808,78.9644950928927,NOISE,2025-03-03T15:00:47,47.02,10.0532262506808,78.9644950928927,NOISE,2025-03-03T15:00:47,47.02,10.0532262506808,78.9644950928927,NOISE
2026-04-20T09:50:41.675899,Map-Energy__sum__linear-conv00021-20250303_180047-20250304_000047-45.000000-49.040000.png,2025-03-03T18:00:47,2025-03-04T00:00:47,45.0,49.04,2025-03-03T21:00:47,47.02,10.0532262506808,78.9644950928927,NOISE,2025-03-03T21:00:47,47.02,10.0532262506808,78.9644950928927,NOISE,2025-03-03T21:00:47,47.02,10.0532262506808,78.9644950928927,NOISE,2025-03-03T21:00:47,47.02,10.0532262506808,78.9644950928927,NOISE
2026-04-20T09:50:42.771131,Map-Energy__sum__linear-conv00031-20250304_000047-20250304_060047-45.000000-49.040000.png,2025-03-04T00:00:47,2025-03-04T06:00:47,45.0,49.04,2025-03-04T03:00:47,47.02,10.0532262506808,78.9644950928927,NOISE,2025-03-04T03:00:47,47.02,10.0532262506808,78.9644950928927,NOISE,2025-03-04T03:00:47,47.02,10.0532262506808,78.9644950928927,NOISE,2025-03-04T03:00:47,47.02,10.0532262506808,78.9644950928927,NOISE
2026-04-20T09:50:44.050942,Map-Energy__sum__linear-conv00041-20250304_060047-20250304_120047-45.000000-49.040000.png,2025-03-04T06:00:47,2025-03-04T12:00:47,45.0,49.04,2025-03-04T09:00:47,47.02,10.0532262506808,78.9644950928927,NOISE,2025-03-04T09:00:47,47.02,10.0532262506808,78.9644950928927,NOISE,2025-03-04T09:00:47,47.02,10.0532262506808,78.9644950928927,NOISE,2025-03-04T09:00:47,47.02,10.0532262506808,78.9644950928927,NOISE
2026-04-20T09:50:45.052370,Map-Energy__sum__linear-conv00051-20250304_120047-20250304_180047-45.000000-49.040000.png,2025-03-04T12:00:47,2025-03-04T18:00:47,45.0,49.04,2025-03-04T15:00:47,47.02,10.0532262506808,78.9644950928927,NOISE,2025-03-04T15:00:47,47.02,10.0532262506808,78.9644950928927,NOISE,2025-03-04T15:00:47,47.02,10.0532262506808,78.9644950928927,NOISE,2025-03-04T15:00:47,47.02,10.0532262506808,78.9644950928927,NOISE
2026-04-20T09:50:46.203017,Map-Energy__sum__linear-conv00061-20250304_180047-20250305_000047-45.000000-49.040000.png,2025-03-04T18:00:47,2025-03-05T00:00:47,45.0,49.04,2025-03-04T21:00:47,47.02,10.0532262506808,78.9644950928927,NOISE,2025-03-04T21:00:47,47.02,10.0532262506808,78.9644950928927,NOISE,2025-03-04T21:00:47,47.02,10.0532262506808,78.9644950928927,NOISE,2025-03-04T21:00:47,47.02,10.0532262506808,78.9644950928927,NOISE
2026-04-20T09:50:47.147035,Map-Energy__sum__linear-conv00071-20250305_000047-20250305_060047-45.000000-49.040000.png,2025-03-05T00:00:47,2025-03-05T06:00:47,45.0,49.04,2025-03-05T03:00:47,47.02,10.0532262506808,78.9644950928927,NOISE,2025-03-05T03:00:47,47.02,10.0532262506808,78.9644950928927,NOISE,2025-03-05T03:00:47,47.02,10.0532262506808,78.9644950928927,NOISE,2025-03-05T03:00:47,47.02,10.0532262506808,78.9644950928927,NOISE
2026-04-20T09:50:48.146916,Map-Energy__sum__linear-conv00081-20250305_060047-20250305_120047-45.000000-49.040000.png,2025-03-05T06:00:47,2025-03-05T12:00:47,45.0,49.04,2025-03-05T09:00:47,47.02,10.0532262506808,78.9644950928927,NOISE,2025-03-05T09:00:47,47.02,10.0532262506808,78.9644950928927,NOISE,2025-03-05T09:00:47,47.02,10.0532262506808,78.9644950928927,NOISE,2025-03-05T09:00:47,47.02,10.0532262506808,78.9644950928927,NOISE
2026-04-20T09:50:49.555227,Map-Energy__sum__linear-conv00091-20250305_120047-20250305_180047-45.000000-49.040000.png,2025-03-05T12:00:47,2025-03-05T18:00:47,45.0,49.04,2025-03-05T15:00:47,47.02,10.0532262506808,78.9644950928927,NOISE,2025-03-05T15:00:47,47.02,10.0532262506808,78.9644950928927,NOISE,2025-03-05T15:00:47,47.02,10.0532262506808,78.9644950928927,NOISE,2025-03-05T15:00:47,47.02,10.0532262506808,78.9644950928927,NOISE
2026-04-20T09:50:50.563303,Map-Energy__sum__linear-conv00101-20250305_180047-20250306_000047-45.000000-49.040000.png,2025-03-05T18:00:47,2025-03-06T00:00:47,45.0,49.04,2025-03-05T21:00:47,47.02,10.0532262506808,78.9644950928927,NOISE,2025-03-05T21:00:47,47.02,10.0532262506808,78.9644950928927,NOISE,2025-03-05T21:00:47,47.02,10.0532262506808,78.9644950928927,NOISE,2025-03-05T21:00:47,47.02,10.0532262506808,78.9644950928927,NOISE
2026-04-20T09:50:51.492186,Map-Energy__sum__linear-conv00111-20250306_000047-20250306_060047-45.000000-49.040000.png,2025-03-06T00:00:47,2025-03-06T06:00:47,45.0,49.04,2025-03-06T03:00:47,47.02,10.0532262506808,78.9644950928927,NOISE,2025-03-06T03:00:47,47.02,10.0532262506808,78.9644950928927,NOISE,2025-03-06T03:00:47,47.02,10.0532262506808,78.9644950928927,NOISE,2025-03-06T03:00:47,47.02,10.0532262506808,78.9644950928927,NOISE
2026-04-20T09:50:52.706807,Map-Energy__sum__linear-conv00121-20250306_060047-20250306_120047-45.000000-49.040000.png,2025-03-06T06:00:47,2025-03-06T12:00:47,45.0,49.04,2025-03-06T09:00:47,47.02,10.0532262506808,78.9644950928927,NOISE,2025-03-06T09:00:47,47.02,10.0532262506808,78.9644950928927,NOISE,2025-03-06T09:00:47,47.02,10.0532262506808,78.9644950928927,NOISE,2025-03-06T09:00:47,47.02,10.0532262506808,78.9644950928927,NOISE
2026-04-20T09:50:53.571516,Map-Energy__sum__linear-conv00131-20250306_120047-20250306_180047-45.000000-49.040000.png,2025-03-06T12:00:47,2025-03-06T18:00:47,45.0,49.04,2025-03-06T15:00:47,47.02,10.0532262506808,78.9644950928927,NOISE,2025-03-06T15:00:47,47.02,10.0532262506808,78.9644950928927,NOISE,2025-03-06T15:00:47,47.02,10.0532262506808,78.9644950928927,NOISE,2025-03-06T15:00:47,47.02,10.0532262506808,78.9644950928927,NOISE
2026-04-20T09:50:55.483431,Map-Energy__sum__linear-conv00141-20250306_180047-20250307_000047-45.000000-49.040000.png,2025-03-06T18:00:47,2025-03-07T00:00:47,45.0,49.04,2025-03-06T21:00:47,47.02,10.0532262506808,78.9644950928927,NOISE,2025-03-06T21:00:47,47.02,10.0532262506808,78.9644950928927,NOISE,2025-03-06T21:00:47,47.02,10.0532262506808,78.9644950928927,NOISE,2025-03-06T21:00:47,47.02,10.0532262506808,78.9644950928927,NOISE
2026-04-20T09:50:57.347066,Map-Energy__sum__linear-conv00151-20250307_000047-20250307_060047-45.000000-49.040000.png,2025-03-07T00:00:47,2025-03-07T06:00:47,45.0,49.04,2025-03-07T03:00:47,47.02,10.0532262506808,78.9644950928927,NOISE,2025-03-07T03:00:47,47.02,10.0532262506808,78.9644950928927,NOISE,2025-03-07T03:00:47,47.02,10.0532262506808,78.9644950928927,NOISE,2025-03-07T03:00:47,47.02,10.0532262506808,78.9644950928927,NOISE
2026-04-20T09:50:58.492115,Map-Energy__sum__linear-conv00161-20250307_060047-20250307_120047-45.000000-49.040000.png,2025-03-07T06:00:47,2025-03-07T12:00:47,45.0,49.04,2025-03-07T09:00:47,47.02,10.0532262506808,78.9644950928927,NOISE,2025-03-07T09:00:47,47.02,10.0532262506808,78.9644950928927,NOISE,2025-03-07T09:00:47,47.02,10.0532262506808,78.9644950928927,NOISE,2025-03-07T09:00:47,47.02,10.0532262506808,78.9644950928927,NOISE
2026-04-20T09:50:59.466571,Map-Energy__sum__linear-conv00171-20250307_120047-20250307_180047-45.000000-49.040000.png,2025-03-07T12:00:47,2025-03-07T18:00:47,45.0,49.04,2025-03-07T15:00:47,47.02,10.0532262506808,78.9644950928927,NOISE,2025-03-07T15:00:47,47.02,10.0532262506808,78.9644950928927,NOISE,2025-03-07T15:00:47,47.02,10.0532262506808,78.9644950928927,NOISE,2025-03-07T15:00:47,47.02,10.0532262506808,78.9644950928927,NOISE
2026-04-20T09:51:00.699062,Map-Energy__sum__linear-conv00181-20250307_180047-20250308_000047-45.000000-49.040000.png,2025-03-07T18:00:47,2025-03-08T00:00:47,45.0,49.04,2025-03-07T21:00:47,47.02,10.0532262506808,78.9644950928927,NOISE,2025-03-07T21:00:47,47.02,10.0532262506808,78.9644950928927,NOISE,2025-03-07T21:00:47,47.02,10.0532262506808,78.9644950928927,NOISE,2025-03-07T21:00:47,47.02,10.0532262506808,78.9644950928927,NOISE
2026-04-20T09:51:01.635278,Map-Energy__sum__linear-conv00191-20250308_000047-20250308_060047-45.000000-49.040000.png,2025-03-08T00:00:47,2025-03-08T06:00:47,45.0,49.04,2025-03-08T03:00:47,47.02,10.0532262506808,78.9644950928927,NOISE,2025-03-08T03:00:47,47.02,10.0532262506808,78.9644950928927,NOISE,2025-03-08T03:00:47,47.02,10.0532262506808,78.9644950928927,NOISE,2025-03-08T03:00:47,47.02,10.0532262506808,78.9644950928927,NOISE
2026-04-20T09:51:02.522841,Map-Energy__sum__linear-conv00201-20250308_060047-20250308_120047-45.000000-49.040000.png,2025-03-08T06:00:47,2025-03-08T12:00:47,45.0,49.04,2025-03-08T09:00:47,47.02,10.0532262506808,78.9644950928927,NOISE,2025-03-08T09:00:47,47.02,10.0532262506808,78.9644950928927,NOISE,2025-03-08T09:00:47,47.02,10.0532262506808,78.9644950928927,NOISE,2025-03-08T09:00:47,47.02,10.0532262506808,78.9644950928927,NOISE
2026-04-20T09:51:03.283492,Map-Energy__sum__linear-conv00211-20250308_120047-20250308_180047-45.000000-49.040000.png,2025-03-08T12:00:47,2025-03-08T18:00:47,45.0,49.04,2025-03-08T15:00:47,47.02,10.0532262506808,78.9644950928927,NOISE,2025-03-08T15:00:47,47.02,10.0532262506808,78.9644950928927,NOISE,2025-03-08T15:00:47,47.02,10.0532262506808,78.9644950928927,NOISE,2025-03-08T15:00:47,47.02,10.0532262506808,78.9644950928927,NOISE
2026-04-20T09:51:04.084607,Map-Energy__sum__linear-conv00221-20250308_180047-20250309_000047-45.000000-49.040000.png,2025-03-08T18:00:47,2025-03-09T00:00:47,45.0,49.04,2025-03-08T21:00:47,47.02,10.0532262506808,78.9644950928927,NOISE,2025-03-08T21:00:47,47.02,10.0532262506808,78.9644950928927,NOISE,2025-03-08T21:00:47,47.02,10.0532262506808,78.9644950928927,NOISE,2025-03-08T21:00:47,47.02,10.0532262506808,78.9644950928927,NOISE
2026-04-20T09:51:05.218962,Map-Energy__sum__linear-conv00231-20250309_000047-20250309_060047-45.000000-49.040000.png,2025-03-09T00:00:47,2025-03-09T06:00:47,45.0,49.04,2025-03-09T03:00:47,47.02,10.0532262506808,78.9644950928927,NOISE,2025-03-09T03:00:47,47.02,10.0532262506808,78.9644950928927,NOISE,2025-03-09T03:00:47,47.02,10.0532262506808,78.9644950928927,NOISE,2025-03-09T03:00:47,47.02,10.0532262506808,78.9644950928927,NOISE
2026-04-20T09:51:06.363146,Map-Energy__sum__linear-conv00241-20250309_060047-20250309_120047-45.000000-49.040000.png,2025-03-09T06:00:47,2025-03-09T12:00:47,45.0,49.04,2025-03-09T09:00:47,47.02,10.0532262506808,78.9644950928927,NOISE,2025-03-09T09:00:47,47.02,10.0532262506808,78.9644950928927,NOISE,2025-03-09T09:00:47,47.02,10.0532262506808,78.9644950928927,NOISE,2025-03-09T09:00:47,47.02,10.0532262506808,78.9644950928927,NOISE
2026-04-20T09:51:07.323455,Map-Energy__sum__linear-conv00251-20250309_120047-20250309_180047-45.000000-49.040000.png,2025-03-09T12:00:47,2025-03-09T18:00:47,45.0,49.04,2025-03-09T15:00:47,47.02,10.0532262506808,78.9644950928927,NOISE,2025-03-09T15:00:47,47.02,10.0532262506808,78.9644950928927,NOISE,2025-03-09T15:00:47,47.02,10.0532262506808,78.9644950928927,NOISE,2025-03-09T15:00:47,47.02,10.0532262506808,78.9644950928927,NOISE
2026-04-20T09:51:08.866942,Map-Energy__sum__linear-conv00261-20250309_180047-20250310_000047-45.000000-49.040000.png,2025-03-09T18:00:47,2025-03-10T00:00:47,45.0,49.04,2025-03-09T21:00:47,47.02,10.0532262506808,78.9644950928927,NOISE,2025-03-09T21:00:47,47.02,10.0532262506808,78.9644950928927,NOISE,2025-03-09T21:00:47,47.02,10.0532262506808,78.9644950928927,NOISE,2025-03-09T21:00:47,47.02,10.0532262506808,78.9644950928927,NOISE
2026-04-20T09:51:09.907146,Map-Energy__sum__linear-conv00271-20250310_000047-20250310_060047-45.000000-49.040000.png,2025-03-10T00:00:47,2025-03-10T06:00:47,45.0,49.04,2025-03-10T03:00:47,47.02,10.0532262506808,78.9644950928927,NOISE,2025-03-10T03:00:47,47.02,10.0532262506808,78.9644950928927,NOISE,2025-03-10T03:00:47,47.02,10.0532262506808,78.9644950928927,NOISE,2025-03-10T03:00:47,47.02,10.0532262506808,78.9644950928927,NOISE
2026-04-20T09:51:10.892149,Map-Energy__sum__linear-conv00281-20250310_060047-20250310_120047-45.000000-49.040000.png,2025-03-10T06:00:47,2025-03-10T12:00:47,45.0,49.04,2025-03-10T09:00:47,47.02,10.0532262506808,78.9644950928927,NOISE,2025-03-10T09:00:47,47.02,10.0532262506808,78.9644950928927,NOISE,2025-03-10T09:00:47,47.02,10.0532262506808,78.9644950928927,NOISE,2025-03-10T09:00:47,47.02,10.0532262506808,78.9644950928927,NOISE
2026-04-20T09:51:11.739075,Map-Energy__sum__linear-conv00291-20250310_120047-20250310_180047-45.000000-49.040000.png,2025-03-10T12:00:47,2025-03-10T18:00:47,45.0,49.04,2025-03-10T15:00:47,47.02,10.0532262506808,78.9644950928927,NOISE,2025-03-10T15:00:47,47.02,10.0532262506808,78.9644950928927,NOISE,2025-03-10T15:00:47,47.02,10.0532262506808,78.9644950928927,NOISE,2025-03-10T15:00:47,47.02,10.0532262506808,78.9644950928927,NOISE
2026-04-20T09:51:12.826756,Map-Energy__sum__linear-conv00301-20250310_180047-20250311_000047-45.000000-49.040000.png,2025-03-10T18:00:47,2025-03-11T00:00:47,45.0,49.04,2025-03-10T21:00:47,47.02,10.0532262506808,78.9644950928927,NOISE,2025-03-10T21:00:47,47.02,10.0532262506808,78.9644950928927,NOISE,2025-03-10T21:00:47,47.02,10.0532262506808,78.9644950928927,NOISE,2025-03-10T21:00:47,47.02,10.0532262506808,78.9644950928927,NOISE
2026-04-20T09:51:13.755158,Map-Energy__sum__linear-conv00311-20250311_000047-20250311_060047-45.000000-49.040000.png,2025-03-11T00:00:47,2025-03-11T06:00:47,45.0,49.04,2025-03-11T03:00:47,47.02,10.0532262506808,78.9644950928927,NOISE,2025-03-11T03:00:47,47.02,10.0532262506808,78.9644950928927,NOISE,2025-03-11T03:00:47,47.02,10.0532262506808,78.9644950928927,NOISE,2025-03-11T03:00:47,47.02,10.0532262506808,78.9644950928927,NOISE
2026-04-20T09:51:14.763141,Map-Energy__sum__linear-conv00321-20250311_060047-20250311_120047-45.000000-49.040000.png,2025-03-11T06:00:47,2025-03-11T12:00:47,45.0,49.04,2025-03-11T09:00:47,47.02,10.0532262506808,78.9644950928927,NOISE,2025-03-11T09:00:47,47.02,10.0532262506808,78.9644950928927,NOISE,2025-03-11T09:00:47,47.02,10.0532262506808,78.9644950928927,NOISE,2025-03-11T09:00:47,47.02,10.0532262506808,78.9644950928927,NOISE
2026-04-20T09:51:16.755485,Map-Energy__sum__linear-conv00331-20250311_120047-20250311_180047-45.000000-49.040000.png,2025-03-11T12:00:47,2025-03-11T18:00:47,45.0,49.04,2025-03-11T15:00:47,47.02,10.0532262506808,78.9644950928927,NOISE,2025-03-11T15:00:47,47.02,10.0532262506808,78.9644950928927,NOISE,2025-03-11T15:00:47,47.02,10.0532262506808,78.9644950928927,NOISE,2025-03-11T15:00:47,47.02,10.0532262506808,78.9644950928927,NOISE
2026-04-20T09:51:17.956297,Map-Energy__sum__linear-conv00341-20250311_180047-20250312_000047-45.000000-49.040000.png,2025-03-11T18:00:47,2025-03-12T00:00:47,45.0,49.04,2025-03-11T21:00:47,47.02,10.0532262506808,78.9644950928927,NOISE,2025-03-11T21:00:47,47.02,10.0532262506808,78.9644950928927,NOISE,2025-03-11T21:00:47,47.02,10.0532262506808,78.9644950928927,NOISE,2025-03-11T21:00:47,47.02,10.0532262506808,78.9644950928927,NOISE
2026-04-20T09:51:19.035860,Map-Energy__sum__linear-conv00351-20250312_000047-20250312_060047-45.000000-49.040000.png,2025-03-12T00:00:47,2025-03-12T06:00:47,45.0,49.04,2025-03-12T03:00:47,47.02,10.0532262506808,78.9644950928927,NOISE,2025-03-12T03:00:47,47.02,10.0532262506808,78.9644950928927,NOISE,2025-03-12T03:00:47,47.02,10.0532262506808,78.9644950928927,NOISE,2025-03-12T03:00:47,47.02,10.0532262506808,78.9644950928927,NOISE
2026-04-20T09:51:25.531391,Map-Energy__sum__linear-conv00361-20250312_060047-20250312_120047-45.000000-49.040000.png,2025-03-12T06:00:47,2025-03-12T12:00:47,45.0,49.04,2025-03-12T09:00:47,47.02,10.0532262506808,78.9644950928927,NOISE,2025-03-12T09:00:47,47.02,10.0532262506808,78.9644950928927,NOISE,2025-03-12T09:00:47,47.02,10.0532262506808,78.9644950928927,NOISE,2025-03-12T09:00:47,47.02,10.0532262506808,78.9644950928927,NOISE
2026-04-20T09:51:27.859252,Map-Energy__sum__linear-conv00371-20250312_120047-20250312_180047-45.000000-49.040000.png,2025-03-12T12:00:47,2025-03-12T18:00:47,45.0,49.04,2025-03-12T15:00:47,47.02,10.0532262506808,78.9644950928927,NOISE,2025-03-12T15:00:47,47.02,10.0532262506808,78.9644950928927,NOISE,2025-03-12T15:00:47,47.02,10.0532262506808,78.9644950928927,NOISE,2025-03-12T15:00:47,47.02,10.0532262506808,78.9644950928927,NOISE
2026-04-20T09:51:30.179435,Map-Energy__sum__linear-conv00381-20250312_180047-20250313_000047-45.000000-49.040000.png,2025-03-12T18:00:47,2025-03-13T00:00:47,45.0,49.04,2025-03-12T21:00:47,47.02,10.0532262506808,78.9644950928927,NOISE,2025-03-12T21:00:47,47.02,10.0532262506808,78.9644950928927,NOISE,2025-03-12T21:00:47,47.02,10.0532262506808,78.9644950928927,NOISE,2025-03-12T21:00:47,47.02,10.0532262506808,78.9644950928927,NOISE
2026-04-20T09:51:34.291722,Map-Energy__sum__linear-conv00391-20250313_000047-20250313_060047-45.000000-49.040000.png,2025-03-13T00:00:47,2025-03-13T06:00:47,45.0,49.04,2025-03-13T03:00:47,47.02,10.0532262506808,78.9644950928927,NOISE,2025-03-13T03:00:47,47.02,10.0532262506808,78.9644950928927,NOISE,2025-03-13T03:00:47,47.02,10.0532262506808,78.9644950928927,NOISE,2025-03-13T03:00:47,47.02,10.0532262506808,78.9644950928927,NOISE
2026-04-20T09:51:35.554410,Map-Energy__sum__linear-conv00401-20250313_060047-20250313_120047-45.000000-49.040000.png,2025-03-13T06:00:47,2025-03-13T12:00:47,45.0,49.04,2025-03-13T09:00:47,47.02,10.0532262506808,78.9644950928927,NOISE,2025-03-13T09:00:47,47.02,10.0532262506808,78.9644950928927,NOISE,2025-03-13T09:00:47,47.02,10.0532262506808,78.9644950928927,NOISE,2025-03-13T09:00:47,47.02,10.0532262506808,78.9644950928927,NOISE
2026-04-20T09:51:36.651516,Map-Energy__sum__linear-conv00411-20250313_120047-20250313_180047-45.000000-49.040000.png,2025-03-13T12:00:47,2025-03-13T18:00:47,45.0,49.04,2025-03-13T15:00:47,47.02,10.0532262506808,78.9644950928927,NOISE,2025-03-13T15:00:47,47.02,10.0532262506808,78.9644950928927,NOISE,2025-03-13T15:00:47,47.02,10.0532262506808,78.9644950928927,NOISE,2025-03-13T15:00:47,47.02,10.0532262506808,78.9644950928927,NOISE
2026-04-20T09:51:37.915218,Map-Energy__sum__linear-conv00421-20250313_180047-20250314_000047-45.000000-49.040000.png,2025-03-13T18:00:47,2025-03-14T00:00:47,45.0,49.04,2025-03-13T21:00:47,47.02,10.0532262506808,78.9644950928927,NOISE,2025-03-13T21:00:47,47.02,10.0532262506808,78.9644950928927,NOISE,2025-03-13T21:00:47,47.02,10.0532262506808,78.9644950928927,NOISE,2025-03-13T21:00:47,47.02,10.0532262506808,78.9644950928927,NOISE
2026-04-20T09:51:38.987356,Map-Energy__sum__linear-conv00431-20250314_000047-20250314_060047-45.000000-49.040000.png,2025-03-14T00:00:47,2025-03-14T06:00:47,45.0,49.04,2025-03-14T03:00:47,47.02,10.0532262506808,78.9644950928927,NOISE,2025-03-14T03:00:47,47.02,10.0532262506808,78.9644950928927,NOISE,2025-03-14T03:00:47,47.02,10.0532262506808,78.9644950928927,NOISE,2025-03-14T03:00:47,47.02,10.0532262506808,78.9644950928927,NOISE
2026-04-20T09:51:40.242557,Map-Energy__sum__linear-conv00441-20250314_060047-20250314_120047-45.000000-49.040000.png,2025-03-14T06:00:47,2025-03-14T12:00:47,45.0,49.04,2025-03-14T09:00:47,47.02,10.0532262506808,78.9644950928927,NOISE,2025-03-14T09:00:47,47.02,10.0532262506808,78.9644950928927,NOISE,2025-03-14T09:00:47,47.02,10.0532262506808,78.9644950928927,NOISE,2025-03-14T09:00:47,47.02,10.0532262506808,78.9644950928927,NOISE
2026-04-20T09:51:41.363221,Map-Energy__sum__linear-conv00451-20250314_120047-20250314_180047-45.000000-49.040000.png,2025-03-14T12:00:47,2025-03-14T18:00:47,45.0,49.04,2025-03-14T15:00:47,47.02,10.0532262506808,78.9644950928927,NOISE,2025-03-14T15:00:47,47.02,10.0532262506808,78.9644950928927,NOISE,2025-03-14T15:00:47,47.02,10.0532262506808,78.9644950928927,NOISE,2025-03-14T15:00:47,47.02,10.0532262506808,78.9644950928927,NOISE
2026-04-20T09:51:46.242684,Map-Energy__sum__linear-conv00461-20250314_180047-20250315_000047-45.000000-49.040000.png,2025-03-14T18:00:47,2025-03-15T00:00:47,45.0,49.04,2025-03-14T22:01:48,46.950834,10.0532262506808,78.9644950928927,VESSEL,2025-03-14T21:00:47,47.02,10.0532262506808,78.9644950928927,NOISE,2025-03-14T21:00:47,47.02,10.0532262506808,78.9644950928927,NOISE,2025-03-14T21:00:47,47.02,10.0532262506808,78.9644950928927,NOISE
2026-04-20T09:51:47.475390,Map-Energy__sum__linear-conv00471-20250315_000047-20250315_060047-45.000000-49.040000.png,2025-03-15T00:00:47,2025-03-15T06:00:47,45.0,49.04,2025-03-15T03:00:47,47.02,10.0532262506808,78.9644950928927,NOISE,2025-03-15T03:00:47,47.02,10.0532262506808,78.9644950928927,NOISE,2025-03-15T03:00:47,47.02,10.0532262506808,78.9644950928927,NOISE,2025-03-15T03:00:47,47.02,10.0532262506808,78.9644950928927,NOISE
2026-04-20T09:51:48.634877,Map-Energy__sum__linear-conv00481-20250315_060047-20250315_120047-45.000000-49.040000.png,2025-03-15T06:00:47,2025-03-15T12:00:47,45.0,49.04,2025-03-15T09:00:47,47.02,10.0532262506808,78.9644950928927,NOISE,2025-03-15T09:00:47,47.02,10.0532262506808,78.9644950928927,NOISE,2025-03-15T09:00:47,47.02,10.0532262506808,78.9644950928927,NOISE,2025-03-15T09:00:47,47.02,10.0532262506808,78.9644950928927,NOISE
2026-04-20T09:51:49.587077,Map-Energy__sum__linear-conv00491-20250315_120047-20250315_180047-45.000000-49.040000.png,2025-03-15T12:00:47,2025-03-15T18:00:47,45.0,49.04,2025-03-15T15:00:47,47.02,10.0532262506808,78.9644950928927,NOISE,2025-03-15T15:00:47,47.02,10.0532262506808,78.9644950928927,NOISE,2025-03-15T15:00:47,47.02,10.0532262506808,78.9644950928927,NOISE,2025-03-15T15:00:47,47.02,10.0532262506808,78.9644950928927,NOISE
2026-04-20T09:51:52.155083,Map-Energy__sum__linear-conv00501-20250315_180047-20250316_000047-45.000000-49.040000.png,2025-03-15T18:00:47,2025-03-16T00:00:47,45.0,49.04,2025-03-15T21:00:47,47.02,10.0532262506808,78.9644950928927,NOISE,2025-03-15T21:00:47,47.02,10.0532262506808,78.9644950928927,NOISE,2025-03-15T21:00:47,47.02,10.0532262506808,78.9644950928927,NOISE,2025-03-15T21:00:47,47.02,10.0532262506808,78.9644950928927,NOISE
2026-04-20T09:51:53.619387,Map-Energy__sum__linear-conv00511-20250316_000047-20250316_060047-45.000000-49.040000.png,2025-03-16T00:00:47,2025-03-16T06:00:47,45.0,49.04,2025-03-16T03:00:47,47.02,10.0532262506808,78.9644950928927,NOISE,2025-03-16T03:00:47,47.02,10.0532262506808,78.9644950928927,NOISE,2025-03-16T03:00:47,47.02,10.0532262506808,78.9644950928927,NOISE,2025-03-16T03:00:47,47.02,10.0532262506808,78.9644950928927,NOISE
2026-04-20T09:51:55.114931,Map-Energy__sum__linear-conv00521-20250316_060047-20250316_120047-45.000000-49.040000.png,2025-03-16T06:00:47,2025-03-16T12:00:47,45.0,49.04,2025-03-16T09:00:47,47.02,10.0532262506808,78.9644950928927,NOISE,2025-03-16T09:00:47,47.02,10.0532262506808,78.9644950928927,NOISE,2025-03-16T09:00:47,47.02,10.0532262506808,78.9644950928927,NOISE,2025-03-16T09:00:47,47.02,10.0532262506808,78.9644950928927,NOISE
2026-04-20T09:51:56.347337,Map-Energy__sum__linear-conv00531-20250316_120047-20250316_180047-45.000000-49.040000.png,2025-03-16T12:00:47,2025-03-16T18:00:47,45.0,49.04,2025-03-16T15:00:47,47.02,10.0532262506808,78.9644950928927,NOISE,2025-03-16T15:00:47,47.02,10.0532262506808,78.9644950928927,NOISE,2025-03-16T15:00:47,47.02,10.0532262506808,78.9644950928927,NOISE,2025-03-16T15:00:47,47.02,10.0532262506808,78.9644950928927,NOISE
2026-04-20T09:51:57.442765,Map-Energy__sum__linear-conv00541-20250316_180047-20250317_000047-45.000000-49.040000.png,2025-03-16T18:00:47,2025-03-17T00:00:47,45.0,49.04,2025-03-16T21:00:47,47.02,10.0532262506808,78.9644950928927,NOISE,2025-03-16T21:00:47,47.02,10.0532262506808,78.9644950928927,NOISE,2025-03-16T21:00:47,47.02,10.0532262506808,78.9644950928927,NOISE,2025-03-16T21:00:47,47.02,10.0532262506808,78.9644950928927,NOISE
2026-04-20T09:52:00.724201,Map-Energy__sum__linear-conv00551-20250317_000047-20250317_060047-45.000000-49.040000.png,2025-03-17T00:00:47,2025-03-17T06:00:47,45.0,49.04,2025-03-17T03:00:47,47.02,10.0532262506808,78.9644950928927,NOISE,2025-03-17T03:00:47,47.02,10.0532262506808,78.9644950928927,NOISE,2025-03-17T03:00:47,47.02,10.0532262506808,78.9644950928927,NOISE,2025-03-17T03:00:47,47.02,10.0532262506808,78.9644950928927,NOISE
2026-04-20T09:52:01.755530,Map-Energy__sum__linear-conv00561-20250317_060047-20250317_120047-45.000000-49.040000.png,2025-03-17T06:00:47,2025-03-17T12:00:47,45.0,49.04,2025-03-17T09:00:47,47.02,10.0532262506808,78.9644950928927,NOISE,2025-03-17T09:00:47,47.02,10.0532262506808,78.9644950928927,NOISE,2025-03-17T09:00:47,47.02,10.0532262506808,78.9644950928927,NOISE,2025-03-17T09:00:47,47.02,10.0532262506808,78.9644950928927,NOISE
2026-04-20T09:52:02.619123,Map-Energy__sum__linear-conv00571-20250317_120047-20250317_180047-45.000000-49.040000.png,2025-03-17T12:00:47,2025-03-17T18:00:47,45.0,49.04,2025-03-17T15:00:47,47.02,10.0532262506808,78.9644950928927,NOISE,2025-03-17T15:00:47,47.02,10.0532262506808,78.9644950928927,NOISE,2025-03-17T15:00:47,47.02,10.0532262506808,78.9644950928927,NOISE,2025-03-17T15:00:47,47.02,10.0532262506808,78.9644950928927,NOISE
2026-04-20T09:52:03.490960,Map-Energy__sum__linear-conv00581-20250317_180047-20250318_000047-45.000000-49.040000.png,2025-03-17T18:00:47,2025-03-18T00:00:47,45.0,49.04,2025-03-17T21:00:47,47.02,10.0532262506808,78.9644950928927,NOISE,2025-03-17T21:00:47,47.02,10.0532262506808,78.9644950928927,NOISE,2025-03-17T21:00:47,47.02,10.0532262506808,78.9644950928927,NOISE,2025-03-17T21:00:47,47.02,10.0532262506808,78.9644950928927,NOISE
2026-04-20T09:52:04.323468,Map-Energy__sum__linear-conv00591-20250318_000047-20250318_060047-45.000000-49.040000.png,2025-03-18T00:00:47,2025-03-18T06:00:47,45.0,49.04,2025-03-18T03:00:47,47.02,10.0532262506808,78.9644950928927,NOISE,2025-03-18T03:00:47,47.02,10.0532262506808,78.9644950928927,NOISE,2025-03-18T03:00:47,47.02,10.0532262506808,78.9644950928927,NOISE,2025-03-18T03:00:47,47.02,10.0532262506808,78.9644950928927,NOISE
2026-04-20T09:52:05.130729,Map-Energy__sum__linear-conv00601-20250318_060047-20250318_120047-45.000000-49.040000.png,2025-03-18T06:00:47,2025-03-18T12:00:47,45.0,49.04,2025-03-18T09:00:47,47.02,10.0532262506808,78.9644950928927,NOISE,2025-03-18T09:00:47,47.02,10.0532262506808,78.9644950928927,NOISE,2025-03-18T09:00:47,47.02,10.0532262506808,78.9644950928927,NOISE,2025-03-18T09:00:47,47.02,10.0532262506808,78.9644950928927,NOISE
2026-04-20T09:52:05.970726,Map-Energy__sum__linear-conv00611-20250318_120047-20250318_180047-45.000000-49.040000.png,2025-03-18T12:00:47,2025-03-18T18:00:47,45.0,49.04,2025-03-18T15:00:47,47.02,10.0532262506808,78.9644950928927,NOISE,2025-03-18T15:00:47,47.02,10.0532262506808,78.9644950928927,NOISE,2025-03-18T15:00:47,47.02,10.0532262506808,78.9644950928927,NOISE,2025-03-18T15:00:47,47.02,10.0532262506808,78.9644950928927,NOISE
2026-04-20T09:52:06.835213,Map-Energy__sum__linear-conv00621-20250318_180047-20250319_000047-45.000000-49.040000.png,2025-03-18T18:00:47,2025-03-19T00:00:47,45.0,49.04,2025-03-18T21:00:47,47.02,10.0532262506808,78.9644950928927,NOISE,2025-03-18T21:00:47,47.02,10.0532262506808,78.9644950928927,NOISE,2025-03-18T21:00:47,47.02,10.0532262506808,78.9644950928927,NOISE,2025-03-18T21:00:47,47.02,10.0532262506808,78.9644950928927,NOISE
2026-04-20T09:52:07.667302,Map-Energy__sum__linear-conv00631-20250319_000047-20250319_060047-45.000000-49.040000.png,2025-03-19T00:00:47,2025-03-19T06:00:47,45.0,49.04,2025-03-19T03:00:47,47.02,10.0532262506808,78.9644950928927,NOISE,2025-03-19T03:00:47,47.02,10.0532262506808,78.9644950928927,NOISE,2025-03-19T03:00:47,47.02,10.0532262506808,78.9644950928927,NOISE,2025-03-19T03:00:47,47.02,10.0532262506808,78.9644950928927,NOISE
2026-04-20T09:52:08.578842,Map-Energy__sum__linear-conv00641-20250319_060047-20250319_120047-45.000000-49.040000.png,2025-03-19T06:00:47,2025-03-19T12:00:47,45.0,49.04,2025-03-19T09:00:47,47.02,10.0532262506808,78.9644950928927,NOISE,2025-03-19T09:00:47,47.02,10.0532262506808,78.9644950928927,NOISE,2025-03-19T09:00:47,47.02,10.0532262506808,78.9644950928927,NOISE,2025-03-19T09:00:47,47.02,10.0532262506808,78.9644950928927,NOISE
2026-04-20T09:52:09.386884,Map-Energy__sum__linear-conv00651-20250319_120047-20250319_180047-45.000000-49.040000.png,2025-03-19T12:00:47,2025-03-19T18:00:47,45.0,49.04,2025-03-19T15:00:47,47.02,10.0532262506808,78.9644950928927,NOISE,2025-03-19T15:00:47,47.02,10.0532262506808,78.9644950928927,NOISE,2025-03-19T15:00:47,47.02,10.0532262506808,78.9644950928927,NOISE,2025-03-19T15:00:47,47.02,10.0532262506808,78.9644950928927,NOISE
2026-04-20T09:52:10.227783,Map-Energy__sum__linear-conv00661-20250319_180047-20250320_000047-45.000000-49.040000.png,2025-03-19T18:00:47,2025-03-20T00:00:47,45.0,49.04,2025-03-19T21:00:47,47.02,10.0532262506808,78.9644950928927,NOISE,2025-03-19T21:00:47,47.02,10.0532262506808,78.9644950928927,NOISE,2025-03-19T21:00:47,47.02,10.0532262506808,78.9644950928927,NOISE,2025-03-19T21:00:47,47.02,10.0532262506808,78.9644950928927,NOISE
2026-04-20T09:52:11.122753,Map-Energy__sum__linear-conv00671-20250320_000047-20250320_060047-45.000000-49.040000.png,2025-03-20T00:00:47,2025-03-20T06:00:47,45.0,49.04,2025-03-20T03:00:47,47.02,10.0532262506808,78.9644950928927,NOISE,2025-03-20T03:00:47,47.02,10.0532262506808,78.9644950928927,NOISE,2025-03-20T03:00:47,47.02,10.0532262506808,78.9644950928927,NOISE,2025-03-20T03:00:47,47.02,10.0532262506808,78.9644950928927,NOISE
2026-04-20T09:52:11.995453,Map-Energy__sum__linear-conv00681-20250320_060047-20250320_120047-45.000000-49.040000.png,2025-03-20T06:00:47,2025-03-20T12:00:47,45.0,49.04,2025-03-20T09:00:47,47.02,10.0532262506808,78.9644950928927,NOISE,2025-03-20T09:00:47,47.02,10.0532262506808,78.9644950928927,NOISE,2025-03-20T09:00:47,47.02,10.0532262506808,78.9644950928927,NOISE,2025-03-20T09:00:47,47.02,10.0532262506808,78.9644950928927,NOISE
2026-04-20T09:52:14.195569,Map-Energy__sum__linear-conv00691-20250320_120047-20250320_180047-45.000000-49.040000.png,2025-03-20T12:00:47,2025-03-20T18:00:47,45.0,49.04,2025-03-20T15:00:47,47.02,10.0532262506808,78.9644950928927,NOISE,2025-03-20T15:00:47,47.02,10.0532262506808,78.9644950928927,NOISE,2025-03-20T15:00:47,47.02,10.0532262506808,78.9644950928927,NOISE,2025-03-20T15:00:47,47.02,10.0532262506808,78.9644950928927,NOISE
2026-04-20T09:52:15.355423,Map-Energy__sum__linear-conv00701-20250320_180047-20250321_000047-45.000000-49.040000.png,2025-03-20T18:00:47,2025-03-21T00:00:47,45.0,49.04,2025-03-20T21:00:47,47.02,10.0532262506808,78.9644950928927,NOISE,2025-03-20T21:00:47,47.02,10.0532262506808,78.9644950928927,NOISE,2025-03-20T21:00:47,47.02,10.0532262506808,78.9644950928927,NOISE,2025-03-20T21:00:47,47.02,10.0532262506808,78.9644950928927,NOISE
2026-04-20T09:52:17.595386,Map-Energy__sum__linear-conv00711-20250321_000047-20250321_060047-45.000000-49.040000.png,2025-03-21T00:00:47,2025-03-21T06:00:47,45.0,49.04,2025-03-21T03:00:47,47.02,10.0532262506808,78.9644950928927,NOISE,2025-03-21T03:00:47,47.02,10.0532262506808,78.9644950928927,NOISE,2025-03-21T03:00:47,47.02,10.0532262506808,78.9644950928927,NOISE,2025-03-21T03:00:47,47.02,10.0532262506808,78.9644950928927,NOISE
2026-04-20T09:52:19.507980,Map-Energy__sum__linear-conv00721-20250321_060047-20250321_120047-45.000000-49.040000.png,2025-03-21T06:00:47,2025-03-21T12:00:47,45.0,49.04,2025-03-21T09:00:47,47.02,10.0532262506808,78.9644950928927,NOISE,2025-03-21T09:00:47,47.02,10.0532262506808,78.9644950928927,NOISE,2025-03-21T09:00:47,47.02,10.0532262506808,78.9644950928927,NOISE,2025-03-21T09:00:47,47.02,10.0532262506808,78.9644950928927,NOISE
2026-04-20T09:52:20.755635,Map-Energy__sum__linear-conv00731-20250321_120047-20250321_180047-45.000000-49.040000.png,2025-03-21T12:00:47,2025-03-21T18:00:47,45.0,49.04,2025-03-21T15:00:47,47.02,10.0532262506808,78.9644950928927,NOISE,2025-03-21T15:00:47,47.02,10.0532262506808,78.9644950928927,NOISE,2025-03-21T15:00:47,47.02,10.0532262506808,78.9644950928927,NOISE,2025-03-21T15:00:47,47.02,10.0532262506808,78.9644950928927,NOISE
2026-04-20T09:52:22.002936,Map-Energy__sum__linear-conv00741-20250321_180047-20250322_000047-45.000000-49.040000.png,2025-03-21T18:00:47,2025-03-22T00:00:47,45.0,49.04,2025-03-21T21:00:47,47.02,10.0532262506808,78.9644950928927,NOISE,2025-03-21T21:00:47,47.02,10.0532262506808,78.9644950928927,NOISE,2025-03-21T21:00:47,47.02,10.0532262506808,78.9644950928927,NOISE,2025-03-21T21:00:47,47.02,10.0532262506808,78.9644950928927,NOISE
2026-04-20T09:52:23.219577,Map-Energy__sum__linear-conv00751-20250322_000047-20250322_060047-45.000000-49.040000.png,2025-03-22T00:00:47,2025-03-22T06:00:47,45.0,49.04,2025-03-22T03:00:47,47.02,10.0532262506808,78.9644950928927,NOISE,2025-03-22T03:00:47,47.02,10.0532262506808,78.9644950928927,NOISE,2025-03-22T03:00:47,47.02,10.0532262506808,78.9644950928927,NOISE,2025-03-22T03:00:47,47.02,10.0532262506808,78.9644950928927,NOISE
2026-04-20T09:52:24.235897,Map-Energy__sum__linear-conv00761-20250322_060047-20250322_120047-45.000000-49.040000.png,2025-03-22T06:00:47,2025-03-22T12:00:47,45.0,49.04,2025-03-22T09:00:47,47.02,10.0532262506808,78.9644950928927,NOISE,2025-03-22T09:00:47,47.02,10.0532262506808,78.9644950928927,NOISE,2025-03-22T09:00:47,47.02,10.0532262506808,78.9644950928927,NOISE,2025-03-22T09:00:47,47.02,10.0532262506808,78.9644950928927,NOISE
2026-04-20T09:52:25.676251,Map-Energy__sum__linear-conv00771-20250322_120047-20250322_180047-45.000000-49.040000.png,2025-03-22T12:00:47,2025-03-22T18:00:47,45.0,49.04,2025-03-22T15:00:47,47.02,10.0532262506808,78.9644950928927,NOISE,2025-03-22T15:00:47,47.02,10.0532262506808,78.9644950928927,NOISE,2025-03-22T15:00:47,47.02,10.0532262506808,78.9644950928927,NOISE,2025-03-22T15:00:47,47.02,10.0532262506808,78.9644950928927,NOISE
2026-04-20T09:52:27.067050,Map-Energy__sum__linear-conv00781-20250322_180047-20250323_000047-45.000000-49.040000.png,2025-03-22T18:00:47,2025-03-23T00:00:47,45.0,49.04,2025-03-22T21:00:47,47.02,10.0532262506808,78.9644950928927,NOISE,2025-03-22T21:00:47,47.02,10.0532262506808,78.9644950928927,NOISE,2025-03-22T21:00:47,47.02,10.0532262506808,78.9644950928927,NOISE,2025-03-22T21:00:47,47.02,10.0532262506808,78.9644950928927,NOISE
2026-04-20T09:52:28.051385,Map-Energy__sum__linear-conv00791-20250323_000047-20250323_060047-45.000000-49.040000.png,2025-03-23T00:00:47,2025-03-23T06:00:47,45.0,49.04,2025-03-23T03:00:47,47.02,10.0532262506808,78.9644950928927,NOISE,2025-03-23T03:00:47,47.02,10.0532262506808,78.9644950928927,NOISE,2025-03-23T03:00:47,47.02,10.0532262506808,78.9644950928927,NOISE,2025-03-23T03:00:47,47.02,10.0532262506808,78.9644950928927,NOISE
2026-04-20T09:52:29.403220,Map-Energy__sum__linear-conv00801-20250323_060047-20250323_120047-45.000000-49.040000.png,2025-03-23T06:00:47,2025-03-23T12:00:47,45.0,49.04,2025-03-23T09:00:47,47.02,10.0532262506808,78.9644950928927,NOISE,2025-03-23T09:00:47,47.02,10.0532262506808,78.9644950928927,NOISE,2025-03-23T09:00:47,47.02,10.0532262506808,78.9644950928927,NOISE,2025-03-23T09:00:47,47.02,10.0532262506808,78.9644950928927,NOISE
2026-04-20T09:52:30.403174,Map-Energy__sum__linear-conv00811-20250323_120047-20250323_180047-45.000000-49.040000.png,2025-03-23T12:00:47,2025-03-23T18:00:47,45.0,49.04,2025-03-23T15:00:47,47.02,10.0532262506808,78.9644950928927,NOISE,2025-03-23T15:00:47,47.02,10.0532262506808,78.9644950928927,NOISE,2025-03-23T15:00:47,47.02,10.0532262506808,78.9644950928927,NOISE,2025-03-23T15:00:47,47.02,10.0532262506808,78.9644950928927,NOISE
2026-04-20T09:52:31.386933,Map-Energy__sum__linear-conv00821-20250323_180047-20250324_000047-45.000000-49.040000.png,2025-03-23T18:00:47,2025-03-24T00:00:47,45.0,49.04,2025-03-23T21:00:47,47.02,10.0532262506808,78.9644950928927,NOISE,2025-03-23T21:00:47,47.02,10.0532262506808,78.9644950928927,NOISE,2025-03-23T21:00:47,47.02,10.0532262506808,78.9644950928927,NOISE,2025-03-23T21:00:47,47.02,10.0532262506808,78.9644950928927,NOISE
2026-04-20T09:52:32.306976,Map-Energy__sum__linear-conv00831-20250324_000047-20250324_060047-45.000000-49.040000.png,2025-03-24T00:00:47,2025-03-24T06:00:47,45.0,49.04,2025-03-24T03:00:47,47.02,10.0532262506808,78.9644950928927,NOISE,2025-03-24T03:00:47,47.02,10.0532262506808,78.9644950928927,NOISE,2025-03-24T03:00:47,47.02,10.0532262506808,78.9644950928927,NOISE,2025-03-24T03:00:47,47.02,10.0532262506808,78.9644950928927,NOISE
2026-04-20T09:52:33.250909,Map-Energy__sum__linear-conv00841-20250324_060047-20250324_120047-45.000000-49.040000.png,2025-03-24T06:00:47,2025-03-24T12:00:47,45.0,49.04,2025-03-24T09:00:47,47.02,10.0532262506808,78.9644950928927,NOISE,2025-03-24T09:00:47,47.02,10.0532262506808,78.9644950928927,NOISE,2025-03-24T09:00:47,47.02,10.0532262506808,78.9644950928927,NOISE,2025-03-24T09:00:47,47.02,10.0532262506808,78.9644950928927,NOISE
2026-04-20T09:52:34.179386,Map-Energy__sum__linear-conv00851-20250324_120047-20250324_180047-45.000000-49.040000.png,2025-03-24T12:00:47,2025-03-24T18:00:47,45.0,49.04,2025-03-24T15:00:47,47.02,10.0532262506808,78.9644950928927,NOISE,2025-03-24T15:00:47,47.02,10.0532262506808,78.9644950928927,NOISE,2025-03-24T15:00:47,47.02,10.0532262506808,78.9644950928927,NOISE,2025-03-24T15:00:47,47.02,10.0532262506808,78.9644950928927,NOISE
2026-04-20T09:52:35.995236,Map-Energy__sum__linear-conv00861-20250324_180047-20250325_000047-45.000000-49.040000.png,2025-03-24T18:00:47,2025-03-25T00:00:47,45.0,49.04,2025-03-24T21:00:47,47.02,10.0532262506808,78.9644950928927,NOISE,2025-03-24T21:00:47,47.02,10.0532262506808,78.9644950928927,NOISE,2025-03-24T21:00:47,47.02,10.0532262506808,78.9644950928927,NOISE,2025-03-24T21:00:47,47.02,10.0532262506808,78.9644950928927,NOISE
2026-04-20T09:52:37.354910,Map-Energy__sum__linear-conv00871-20250325_000047-20250325_060047-45.000000-49.040000.png,2025-03-25T00:00:47,2025-03-25T06:00:47,45.0,49.04,2025-03-25T03:00:47,47.02,10.0532262506808,78.9644950928927,NOISE,2025-03-25T03:00:47,47.02,10.0532262506808,78.9644950928927,NOISE,2025-03-25T03:00:47,47.02,10.0532262506808,78.9644950928927,NOISE,2025-03-25T03:00:47,47.02,10.0532262506808,78.9644950928927,NOISE
2026-04-20T09:52:38.770968,Map-Energy__sum__linear-conv00881-20250325_060047-20250325_120047-45.000000-49.040000.png,2025-03-25T06:00:47,2025-03-25T12:00:47,45.0,49.04,2025-03-25T09:00:47,47.02,10.0532262506808,78.9644950928927,NOISE,2025-03-25T09:00:47,47.02,10.0532262506808,78.9644950928927,NOISE,2025-03-25T09:00:47,47.02,10.0532262506808,78.9644950928927,NOISE,2025-03-25T09:00:47,47.02,10.0532262506808,78.9644950928927,NOISE
2026-04-20T09:52:39.738862,Map-Energy__sum__linear-conv00891-20250325_120047-20250325_180047-45.000000-49.040000.png,2025-03-25T12:00:47,2025-03-25T18:00:47,45.0,49.04,2025-03-25T15:00:47,47.02,10.0532262506808,78.9644950928927,NOISE,2025-03-25T15:00:47,47.02,10.0532262506808,78.9644950928927,NOISE,2025-03-25T15:00:47,47.02,10.0532262506808,78.9644950928927,NOISE,2025-03-25T15:00:47,47.02,10.0532262506808,78.9644950928927,NOISE
2026-04-20T09:52:41.155074,Map-Energy__sum__linear-conv00901-20250325_180047-20250326_000047-45.000000-49.040000.png,2025-03-25T18:00:47,2025-03-26T00:00:47,45.0,49.04,2025-03-25T21:00:47,47.02,10.0532262506808,78.9644950928927,NOISE,2025-03-25T21:00:47,47.02,10.0532262506808,78.9644950928927,NOISE,2025-03-25T21:00:47,47.02,10.0532262506808,78.9644950928927,NOISE,2025-03-25T21:00:47,47.02,10.0532262506808,78.9644950928927,NOISE
2026-04-20T09:52:42.322933,Map-Energy__sum__linear-conv00911-20250326_000047-20250326_060047-45.000000-49.040000.png,2025-03-26T00:00:47,2025-03-26T06:00:47,45.0,49.04,2025-03-26T03:00:47,47.02,10.0532262506808,78.9644950928927,NOISE,2025-03-26T03:00:47,47.02,10.0532262506808,78.9644950928927,NOISE,2025-03-26T03:00:47,47.02,10.0532262506808,78.9644950928927,NOISE,2025-03-26T03:00:47,47.02,10.0532262506808,78.9644950928927,NOISE
2026-04-20T09:52:43.251241,Map-Energy__sum__linear-conv00921-20250326_060047-20250326_120047-45.000000-49.040000.png,2025-03-26T06:00:47,2025-03-26T12:00:47,45.0,49.04,2025-03-26T09:00:47,47.02,10.0532262506808,78.9644950928927,NOISE,2025-03-26T09:00:47,47.02,10.0532262506808,78.9644950928927,NOISE,2025-03-26T09:00:47,47.02,10.0532262506808,78.9644950928927,NOISE,2025-03-26T09:00:47,47.02,10.0532262506808,78.9644950928927,NOISE
2026-04-20T09:52:44.107417,Map-Energy__sum__linear-conv00931-20250326_120047-20250326_180047-45.000000-49.040000.png,2025-03-26T12:00:47,2025-03-26T18:00:47,45.0,49.04,2025-03-26T15:00:47,47.02,10.0532262506808,78.9644950928927,NOISE,2025-03-26T15:00:47,47.02,10.0532262506808,78.9644950928927,NOISE,2025-03-26T15:00:47,47.02,10.0532262506808,78.9644950928927,NOISE,2025-03-26T15:00:47,47.02,10.0532262506808,78.9644950928927,NOISE
2026-04-20T09:52:45.083198,Map-Energy__sum__linear-conv00941-20250326_180047-20250327_000047-45.000000-49.040000.png,2025-03-26T18:00:47,2025-03-27T00:00:47,45.0,49.04,2025-03-26T21:00:47,47.02,10.0532262506808,78.9644950928927,NOISE,2025-03-26T21:00:47,47.02,10.0532262506808,78.9644950928927,NOISE,2025-03-26T21:00:47,47.02,10.0532262506808,78.9644950928927,NOISE,2025-03-26T21:00:47,47.02,10.0532262506808,78.9644950928927,NOISE
2026-04-20T09:52:45.931079,Map-Energy__sum__linear-conv00951-20250327_000047-20250327_060047-45.000000-49.040000.png,2025-03-27T00:00:47,2025-03-27T06:00:47,45.0,49.04,2025-03-27T03:00:47,47.02,10.0532262506808,78.9644950928927,NOISE,2025-03-27T03:00:47,47.02,10.0532262506808,78.9644950928927,NOISE,2025-03-27T03:00:47,47.02,10.0532262506808,78.9644950928927,NOISE,2025-03-27T03:00:47,47.02,10.0532262506808,78.9644950928927,NOISE
2026-04-20T09:52:46.755549,Map-Energy__sum__linear-conv00961-20250327_060047-20250327_120047-45.000000-49.040000.png,2025-03-27T06:00:47,2025-03-27T12:00:47,45.0,49.04,2025-03-27T09:00:47,47.02,10.0532262506808,78.9644950928927,NOISE,2025-03-27T09:00:47,47.02,10.0532262506808,78.9644950928927,NOISE,2025-03-27T09:00:47,47.02,10.0532262506808,78.9644950928927,NOISE,2025-03-27T09:00:47,47.02,10.0532262506808,78.9644950928927,NOISE
2026-04-20T09:52:47.715072,Map-Energy__sum__linear-conv00971-20250327_120047-20250327_180047-45.000000-49.040000.png,2025-03-27T12:00:47,2025-03-27T18:00:47,45.0,49.04,2025-03-27T15:00:47,47.02,10.0532262506808,78.9644950928927,NOISE,2025-03-27T15:00:47,47.02,10.0532262506808,78.9644950928927,NOISE,2025-03-27T15:00:47,47.02,10.0532262506808,78.9644950928927,NOISE,2025-03-27T15:00:47,47.02,10.0532262506808,78.9644950928927,NOISE
2026-04-20T09:52:48.651151,Map-Energy__sum__linear-conv00981-20250327_180047-20250328_000047-45.000000-49.040000.png,2025-03-27T18:00:47,2025-03-28T00:00:47,45.0,49.04,2025-03-27T21:00:47,47.02,10.0532262506808,78.9644950928927,NOISE,2025-03-27T21:00:47,47.02,10.0532262506808,78.9644950928927,NOISE,2025-03-27T21:00:47,47.02,10.0532262506808,78.9644950928927,NOISE,2025-03-27T21:00:47,47.02,10.0532262506808,78.9644950928927,NOISE
2026-04-20T09:52:49.563371,Map-Energy__sum__linear-conv00991-20250328_000047-20250328_060047-45.000000-49.040000.png,2025-03-28T00:00:47,2025-03-28T06:00:47,45.0,49.04,2025-03-28T03:00:47,47.02,10.0532262506808,78.9644950928927,NOISE,2025-03-28T03:00:47,47.02,10.0532262506808,78.9644950928927,NOISE,2025-03-28T03:00:47,47.02,10.0532262506808,78.9644950928927,NOISE,2025-03-28T03:00:47,47.02,10.0532262506808,78.9644950928927,NOISE
2026-04-20T09:52:50.403237,Map-Energy__sum__linear-conv01001-20250328_060047-20250328_120047-45.000000-49.040000.png,2025-03-28T06:00:47,2025-03-28T12:00:47,45.0,49.04,2025-03-28T09:00:47,47.02,10.0532262506808,78.9644950928927,NOISE,2025-03-28T09:00:47,47.02,10.0532262506808,78.9644950928927,NOISE,2025-03-28T09:00:47,47.02,10.0532262506808,78.9644950928927,NOISE,2025-03-28T09:00:47,47.02,10.0532262506808,78.9644950928927,NOISE
2026-04-20T09:52:51.227376,Map-Energy__sum__linear-conv01011-20250328_120047-20250328_180047-45.000000-49.040000.png,2025-03-28T12:00:47,2025-03-28T18:00:47,45.0,49.04,2025-03-28T15:00:47,47.02,10.0532262506808,78.9644950928927,NOISE,2025-03-28T15:00:47,47.02,10.0532262506808,78.9644950928927,NOISE,2025-03-28T15:00:47,47.02,10.0532262506808,78.9644950928927,NOISE,2025-03-28T15:00:47,47.02,10.0532262506808,78.9644950928927,NOISE
2026-04-20T09:52:51.971371,Map-Energy__sum__linear-conv01021-20250328_180047-20250329_000047-45.000000-49.040000.png,2025-03-28T18:00:47,2025-03-29T00:00:47,45.0,49.04,2025-03-28T21:00:47,47.02,10.0532262506808,78.9644950928927,NOISE,2025-03-28T21:00:47,47.02,10.0532262506808,78.9644950928927,NOISE,2025-03-28T21:00:47,47.02,10.0532262506808,78.9644950928927,NOISE,2025-03-28T21:00:47,47.02,10.0532262506808,78.9644950928927,NOISE
2026-04-20T09:52:52.723202,Map-Energy__sum__linear-conv01031-20250329_000047-20250329_060047-45.000000-49.040000.png,2025-03-29T00:00:47,2025-03-29T06:00:47,45.0,49.04,2025-03-29T03:00:47,47.02,10.0532262506808,78.9644950928927,NOISE,2025-03-29T03:00:47,47.02,10.0532262506808,78.9644950928927,NOISE,2025-03-29T03:00:47,47.02,10.0532262506808,78.9644950928927,NOISE,2025-03-29T03:00:47,47.02,10.0532262506808,78.9644950928927,NOISE
2026-04-20T09:52:53.427083,Map-Energy__sum__linear-conv01041-20250329_060047-20250329_120047-45.000000-49.040000.png,2025-03-29T06:00:47,2025-03-29T12:00:47,45.0,49.04,2025-03-29T09:00:47,47.02,10.0532262506808,78.9644950928927,NOISE,2025-03-29T09:00:47,47.02,10.0532262506808,78.9644950928927,NOISE,2025-03-29T09:00:47,47.02,10.0532262506808,78.9644950928927,NOISE,2025-03-29T09:00:47,47.02,10.0532262506808,78.9644950928927,NOISE
2026-04-20T09:52:54.164719,Map-Energy__sum__linear-conv01051-20250329_120047-20250329_180047-45.000000-49.040000.png,2025-03-29T12:00:47,2025-03-29T18:00:47,45.0,49.04,2025-03-29T15:00:47,47.02,10.0532262506808,78.9644950928927,NOISE,2025-03-29T15:00:47,47.02,10.0532262506808,78.9644950928927,NOISE,2025-03-29T15:00:47,47.02,10.0532262506808,78.9644950928927,NOISE,2025-03-29T15:00:47,47.02,10.0532262506808,78.9644950928927,NOISE
2026-04-20T09:52:54.891248,Map-Energy__sum__linear-conv01061-20250329_180047-20250330_000047-45.000000-49.040000.png,2025-03-29T18:00:47,2025-03-30T00:00:47,45.0,49.04,2025-03-29T21:00:47,47.02,10.0532262506808,78.9644950928927,NOISE,2025-03-29T21:00:47,47.02,10.0532262506808,78.9644950928927,NOISE,2025-03-29T21:00:47,47.02,10.0532262506808,78.9644950928927,NOISE,2025-03-29T21:00:47,47.02,10.0532262506808,78.9644950928927,NOISE
2026-04-20T09:52:55.659564,Map-Energy__sum__linear-conv01071-20250330_000047-20250330_060047-45.000000-49.040000.png,2025-03-30T00:00:47,2025-03-30T06:00:47,45.0,49.04,2025-03-30T03:00:47,47.02,10.0532262506808,78.9644950928927,NOISE,2025-03-30T03:00:47,47.02,10.0532262506808,78.9644950928927,NOISE,2025-03-30T03:00:47,47.02,10.0532262506808,78.9644950928927,NOISE,2025-03-30T03:00:47,47.02,10.0532262506808,78.9644950928927,NOISE
2026-04-20T09:52:56.371254,Map-Energy__sum__linear-conv01081-20250330_060047-20250330_120047-45.000000-49.040000.png,2025-03-30T06:00:47,2025-03-30T12:00:47,45.0,49.04,2025-03-30T09:00:47,47.02,10.0532262506808,78.9644950928927,NOISE,2025-03-30T09:00:47,47.02,10.0532262506808,78.9644950928927,NOISE,2025-03-30T09:00:47,47.02,10.0532262506808,78.9644950928927,NOISE,2025-03-30T09:00:47,47.02,10.0532262506808,78.9644950928927,NOISE
2026-04-20T09:52:57.099324,Map-Energy__sum__linear-conv01091-20250330_120047-20250330_180047-45.000000-49.040000.png,2025-03-30T12:00:47,2025-03-30T18:00:47,45.0,49.04,2025-03-30T15:00:47,47.02,10.0532262506808,78.9644950928927,NOISE,2025-03-30T15:00:47,47.02,10.0532262506808,78.9644950928927,NOISE,2025-03-30T15:00:47,47.02,10.0532262506808,78.9644950928927,NOISE,2025-03-30T15:00:47,47.02,10.0532262506808,78.9644950928927,NOISE
2026-04-20T09:52:57.795027,Map-Energy__sum__linear-conv01101-20250330_180047-20250331_000047-45.000000-49.040000.png,2025-03-30T18:00:47,2025-03-31T00:00:47,45.0,49.04,2025-03-30T21:00:47,47.02,10.0532262506808,78.9644950928927,NOISE,2025-03-30T21:00:47,47.02,10.0532262506808,78.9644950928927,NOISE,2025-03-30T21:00:47,47.02,10.0532262506808,78.9644950928927,NOISE,2025-03-30T21:00:47,47.02,10.0532262506808,78.9644950928927,NOISE
2026-04-20T09:52:58.475953,Map-Energy__sum__linear-conv01111-20250331_000047-20250331_060047-45.000000-49.040000.png,2025-03-31T00:00:47,2025-03-31T06:00:47,45.0,49.04,2025-03-31T03:00:47,47.02,10.0532262506808,78.9644950928927,NOISE,2025-03-31T03:00:47,47.02,10.0532262506808,78.9644950928927,NOISE,2025-03-31T03:00:47,47.02,10.0532262506808,78.9644950928927,NOISE,2025-03-31T03:00:47,47.02,10.0532262506808,78.9644950928927,NOISE
2026-04-20T09:53:00.404215,Map-Energy__sum__linear-conv00010-20250331_060047-20250331_120047-45.000000-49.900000.png,2025-03-31T06:00:47,2025-03-31T12:00:47,45.0,49.9,2025-03-31T09:00:47,47.45,10.0532262506808,78.9644950928927,NOISE,2025-03-31T09:00:47,47.45,10.0532262506808,78.9644950928927,NOISE,2025-03-31T09:00:47,47.45,10.0532262506808,78.9644950928927,NOISE,2025-03-31T09:00:47,47.45,10.0532262506808,78.9644950928927,NOISE
2026-04-20T09:53:01.315377,Map-Energy__sum__linear-conv00020-20250331_120047-20250331_180047-45.000000-49.900000.png,2025-03-31T12:00:47,2025-03-31T18:00:47,45.0,49.9,2025-03-31T15:00:47,47.45,10.0532262506808,78.9644950928927,NOISE,2025-03-31T15:00:47,47.45,10.0532262506808,78.9644950928927,NOISE,2025-03-31T15:00:47,47.45,10.0532262506808,78.9644950928927,NOISE,2025-03-31T15:00:47,47.45,10.0532262506808,78.9644950928927,NOISE
2026-04-20T09:53:02.195588,Map-Energy__sum__linear-conv00030-20250331_180047-20250401_000047-45.000000-49.900000.png,2025-03-31T18:00:47,2025-04-01T00:00:47,45.0,49.9,2025-03-31T21:00:47,47.45,10.0532262506808,78.9644950928927,NOISE,2025-03-31T21:00:47,47.45,10.0532262506808,78.9644950928927,NOISE,2025-03-31T21:00:47,47.45,10.0532262506808,78.9644950928927,NOISE,2025-03-31T21:00:47,47.45,10.0532262506808,78.9644950928927,NOISE
