edited_at,filename,init_dt,end_dt,init_km,end_km,event1_dt,event1_km,event1_lon,event1_lat,event1_label,event2_dt,event2_km,event2_lon,event2_lat,event2_label,event3_dt,event3_km,event3_lon,event3_lat,event3_label,event4_dt,event4_km,event4_lon,event4_lat,event4_label
2026-03-06T09:15:46.330490,Map-Energy__sum__linear-conv00001-20250201_000047-20250201_060047-0.050000-5.000000.png,2025-02-01T00:00:47,2025-02-01T06:00:47,0.05,5.0,2025-02-01T03:00:47,2.525,,,NOISE,2025-02-01T03:00:47,2.525,,,NOISE,2025-02-01T03:00:47,2.525,,,NOISE,2025-02-01T03:00:47,2.525,,,NOISE
2026-03-06T09:15:48.170170,Map-Energy__sum__linear-conv00011-20250201_060047-20250201_120047-0.050000-5.000000.png,2025-02-01T06:00:47,2025-02-01T12:00:47,0.05,5.0,2025-02-01T09:00:47,2.525,,,NOISE,2025-02-01T09:00:47,2.525,,,NOISE,2025-02-01T09:00:47,2.525,,,NOISE,2025-02-01T09:00:47,2.525,,,NOISE
2026-03-06T09:15:49.546224,Map-Energy__sum__linear-conv00021-20250201_120047-20250201_180047-0.050000-5.000000.png,2025-02-01T12:00:47,2025-02-01T18:00:47,0.05,5.0,2025-02-01T15:00:47,2.525,,,NOISE,2025-02-01T15:00:47,2.525,,,NOISE,2025-02-01T15:00:47,2.525,,,NOISE,2025-02-01T15:00:47,2.525,,,NOISE
2026-03-06T09:15:50.482230,Map-Energy__sum__linear-conv00031-20250201_180047-20250202_000047-0.050000-5.000000.png,2025-02-01T18:00:47,2025-02-02T00:00:47,0.05,5.0,2025-02-01T21:00:47,2.525,,,NOISE,2025-02-01T21:00:47,2.525,,,NOISE,2025-02-01T21:00:47,2.525,,,NOISE,2025-02-01T21:00:47,2.525,,,NOISE
2026-03-06T09:15:51.322067,Map-Energy__sum__linear-conv00041-20250202_000047-20250202_060047-0.050000-5.000000.png,2025-02-02T00:00:47,2025-02-02T06:00:47,0.05,5.0,2025-02-02T03:00:47,2.525,,,NOISE,2025-02-02T03:00:47,2.525,,,NOISE,2025-02-02T03:00:47,2.525,,,NOISE,2025-02-02T03:00:47,2.525,,,NOISE
2026-03-06T09:15:52.266128,Map-Energy__sum__linear-conv00051-20250202_060047-20250202_120047-0.050000-5.000000.png,2025-02-02T06:00:47,2025-02-02T12:00:47,0.05,5.0,2025-02-02T09:00:47,2.525,,,NOISE,2025-02-02T09:00:47,2.525,,,NOISE,2025-02-02T09:00:47,2.525,,,NOISE,2025-02-02T09:00:47,2.525,,,NOISE
2026-03-06T09:15:53.098157,Map-Energy__sum__linear-conv00061-20250202_120047-20250202_180047-0.050000-5.000000.png,2025-02-02T12:00:47,2025-02-02T18:00:47,0.05,5.0,2025-02-02T15:00:47,2.525,,,NOISE,2025-02-02T15:00:47,2.525,,,NOISE,2025-02-02T15:00:47,2.525,,,NOISE,2025-02-02T15:00:47,2.525,,,NOISE
2026-03-06T09:15:53.930005,Map-Energy__sum__linear-conv00071-20250202_180047-20250203_000047-0.050000-5.000000.png,2025-02-02T18:00:47,2025-02-03T00:00:47,0.05,5.0,2025-02-02T21:00:47,2.525,,,NOISE,2025-02-02T21:00:47,2.525,,,NOISE,2025-02-02T21:00:47,2.525,,,NOISE,2025-02-02T21:00:47,2.525,,,NOISE
2026-03-06T09:15:54.722279,Map-Energy__sum__linear-conv00081-20250203_000047-20250203_060047-0.050000-5.000000.png,2025-02-03T00:00:47,2025-02-03T06:00:47,0.05,5.0,2025-02-03T03:00:47,2.525,,,NOISE,2025-02-03T03:00:47,2.525,,,NOISE,2025-02-03T03:00:47,2.525,,,NOISE,2025-02-03T03:00:47,2.525,,,NOISE
2026-03-06T09:15:55.554008,Map-Energy__sum__linear-conv00091-20250203_060047-20250203_120047-0.050000-5.000000.png,2025-02-03T06:00:47,2025-02-03T12:00:47,0.05,5.0,2025-02-03T09:00:47,2.525,,,NOISE,2025-02-03T09:00:47,2.525,,,NOISE,2025-02-03T09:00:47,2.525,,,NOISE,2025-02-03T09:00:47,2.525,,,NOISE
2026-03-06T09:15:56.426186,Map-Energy__sum__linear-conv00101-20250203_120047-20250203_180047-0.050000-5.000000.png,2025-02-03T12:00:47,2025-02-03T18:00:47,0.05,5.0,2025-02-03T15:00:47,2.525,,,NOISE,2025-02-03T15:00:47,2.525,,,NOISE,2025-02-03T15:00:47,2.525,,,NOISE,2025-02-03T15:00:47,2.525,,,NOISE
2026-03-06T09:15:57.378091,Map-Energy__sum__linear-conv00111-20250203_180047-20250204_000047-0.050000-5.000000.png,2025-02-03T18:00:47,2025-02-04T00:00:47,0.05,5.0,2025-02-03T21:00:47,2.525,,,NOISE,2025-02-03T21:00:47,2.525,,,NOISE,2025-02-03T21:00:47,2.525,,,NOISE,2025-02-03T21:00:47,2.525,,,NOISE
2026-03-06T09:15:58.234177,Map-Energy__sum__linear-conv00121-20250204_000047-20250204_060047-0.050000-5.000000.png,2025-02-04T00:00:47,2025-02-04T06:00:47,0.05,5.0,2025-02-04T03:00:47,2.525,,,NOISE,2025-02-04T03:00:47,2.525,,,NOISE,2025-02-04T03:00:47,2.525,,,NOISE,2025-02-04T03:00:47,2.525,,,NOISE
2026-03-06T09:15:59.162081,Map-Energy__sum__linear-conv00131-20250204_060047-20250204_120047-0.050000-5.000000.png,2025-02-04T06:00:47,2025-02-04T12:00:47,0.05,5.0,2025-02-04T09:00:47,2.525,,,NOISE,2025-02-04T09:00:47,2.525,,,NOISE,2025-02-04T09:00:47,2.525,,,NOISE,2025-02-04T09:00:47,2.525,,,NOISE
2026-03-06T09:15:59.938280,Map-Energy__sum__linear-conv00141-20250204_120047-20250204_180047-0.050000-5.000000.png,2025-02-04T12:00:47,2025-02-04T18:00:47,0.05,5.0,2025-02-04T15:00:47,2.525,,,NOISE,2025-02-04T15:00:47,2.525,,,NOISE,2025-02-04T15:00:47,2.525,,,NOISE,2025-02-04T15:00:47,2.525,,,NOISE
2026-03-06T09:16:00.810124,Map-Energy__sum__linear-conv00151-20250204_180047-20250205_000047-0.050000-5.000000.png,2025-02-04T18:00:47,2025-02-05T00:00:47,0.05,5.0,2025-02-04T21:00:47,2.525,,,NOISE,2025-02-04T21:00:47,2.525,,,NOISE,2025-02-04T21:00:47,2.525,,,NOISE,2025-02-04T21:00:47,2.525,,,NOISE
2026-03-06T09:16:01.570044,Map-Energy__sum__linear-conv00161-20250205_000047-20250205_060047-0.050000-5.000000.png,2025-02-05T00:00:47,2025-02-05T06:00:47,0.05,5.0,2025-02-05T03:00:47,2.525,,,NOISE,2025-02-05T03:00:47,2.525,,,NOISE,2025-02-05T03:00:47,2.525,,,NOISE,2025-02-05T03:00:47,2.525,,,NOISE
2026-03-06T09:16:02.306076,Map-Energy__sum__linear-conv00171-20250205_060047-20250205_120047-0.050000-5.000000.png,2025-02-05T06:00:47,2025-02-05T12:00:47,0.05,5.0,2025-02-05T09:00:47,2.525,,,NOISE,2025-02-05T09:00:47,2.525,,,NOISE,2025-02-05T09:00:47,2.525,,,NOISE,2025-02-05T09:00:47,2.525,,,NOISE
2026-03-06T09:16:03.026115,Map-Energy__sum__linear-conv00181-20250205_120047-20250205_180047-0.050000-5.000000.png,2025-02-05T12:00:47,2025-02-05T18:00:47,0.05,5.0,2025-02-05T15:00:47,2.525,,,NOISE,2025-02-05T15:00:47,2.525,,,NOISE,2025-02-05T15:00:47,2.525,,,NOISE,2025-02-05T15:00:47,2.525,,,NOISE
2026-03-06T09:16:03.826198,Map-Energy__sum__linear-conv00191-20250205_180047-20250206_000047-0.050000-5.000000.png,2025-02-05T18:00:47,2025-02-06T00:00:47,0.05,5.0,2025-02-05T21:00:47,2.525,,,NOISE,2025-02-05T21:00:47,2.525,,,NOISE,2025-02-05T21:00:47,2.525,,,NOISE,2025-02-05T21:00:47,2.525,,,NOISE
2026-03-06T09:16:04.578232,Map-Energy__sum__linear-conv00201-20250206_000047-20250206_060047-0.050000-5.000000.png,2025-02-06T00:00:47,2025-02-06T06:00:47,0.05,5.0,2025-02-06T03:00:47,2.525,,,NOISE,2025-02-06T03:00:47,2.525,,,NOISE,2025-02-06T03:00:47,2.525,,,NOISE,2025-02-06T03:00:47,2.525,,,NOISE
2026-03-06T09:16:05.314099,Map-Energy__sum__linear-conv00211-20250206_060047-20250206_120047-0.050000-5.000000.png,2025-02-06T06:00:47,2025-02-06T12:00:47,0.05,5.0,2025-02-06T09:00:47,2.525,,,NOISE,2025-02-06T09:00:47,2.525,,,NOISE,2025-02-06T09:00:47,2.525,,,NOISE,2025-02-06T09:00:47,2.525,,,NOISE
2026-03-06T09:16:06.186174,Map-Energy__sum__linear-conv00221-20250206_120047-20250206_180047-0.050000-5.000000.png,2025-02-06T12:00:47,2025-02-06T18:00:47,0.05,5.0,2025-02-06T15:00:47,2.525,,,NOISE,2025-02-06T15:00:47,2.525,,,NOISE,2025-02-06T15:00:47,2.525,,,NOISE,2025-02-06T15:00:47,2.525,,,NOISE
2026-03-06T09:16:07.234197,Map-Energy__sum__linear-conv00231-20250206_180047-20250207_000047-0.050000-5.000000.png,2025-02-06T18:00:47,2025-02-07T00:00:47,0.05,5.0,2025-02-06T21:00:47,2.525,,,NOISE,2025-02-06T21:00:47,2.525,,,NOISE,2025-02-06T21:00:47,2.525,,,NOISE,2025-02-06T21:00:47,2.525,,,NOISE
2026-03-06T09:16:08.146149,Map-Energy__sum__linear-conv00241-20250207_000047-20250207_060047-0.050000-5.000000.png,2025-02-07T00:00:47,2025-02-07T06:00:47,0.05,5.0,2025-02-07T03:00:47,2.525,,,NOISE,2025-02-07T03:00:47,2.525,,,NOISE,2025-02-07T03:00:47,2.525,,,NOISE,2025-02-07T03:00:47,2.525,,,NOISE
2026-03-06T09:16:09.490218,Map-Energy__sum__linear-conv00251-20250207_060047-20250207_120047-0.050000-5.000000.png,2025-02-07T06:00:47,2025-02-07T12:00:47,0.05,5.0,2025-02-07T09:00:47,2.525,,,NOISE,2025-02-07T09:00:47,2.525,,,NOISE,2025-02-07T09:00:47,2.525,,,NOISE,2025-02-07T09:00:47,2.525,,,NOISE
2026-03-06T09:16:10.530203,Map-Energy__sum__linear-conv00261-20250207_120047-20250207_180047-0.050000-5.000000.png,2025-02-07T12:00:47,2025-02-07T18:00:47,0.05,5.0,2025-02-07T15:00:47,2.525,,,NOISE,2025-02-07T15:00:47,2.525,,,NOISE,2025-02-07T15:00:47,2.525,,,NOISE,2025-02-07T15:00:47,2.525,,,NOISE
2026-03-06T09:16:11.914099,Map-Energy__sum__linear-conv00271-20250207_180047-20250208_000047-0.050000-5.000000.png,2025-02-07T18:00:47,2025-02-08T00:00:47,0.05,5.0,2025-02-07T21:00:47,2.525,,,NOISE,2025-02-07T21:00:47,2.525,,,NOISE,2025-02-07T21:00:47,2.525,,,NOISE,2025-02-07T21:00:47,2.525,,,NOISE
2026-03-06T09:16:13.026097,Map-Energy__sum__linear-conv00281-20250208_000047-20250208_060047-0.050000-5.000000.png,2025-02-08T00:00:47,2025-02-08T06:00:47,0.05,5.0,2025-02-08T03:00:47,2.525,,,NOISE,2025-02-08T03:00:47,2.525,,,NOISE,2025-02-08T03:00:47,2.525,,,NOISE,2025-02-08T03:00:47,2.525,,,NOISE
2026-03-06T09:16:14.002119,Map-Energy__sum__linear-conv00291-20250208_060047-20250208_120047-0.050000-5.000000.png,2025-02-08T06:00:47,2025-02-08T12:00:47,0.05,5.0,2025-02-08T09:00:47,2.525,,,NOISE,2025-02-08T09:00:47,2.525,,,NOISE,2025-02-08T09:00:47,2.525,,,NOISE,2025-02-08T09:00:47,2.525,,,NOISE
2026-03-06T09:16:14.970220,Map-Energy__sum__linear-conv00301-20250208_120047-20250208_180047-0.050000-5.000000.png,2025-02-08T12:00:47,2025-02-08T18:00:47,0.05,5.0,2025-02-08T15:00:47,2.525,,,NOISE,2025-02-08T15:00:47,2.525,,,NOISE,2025-02-08T15:00:47,2.525,,,NOISE,2025-02-08T15:00:47,2.525,,,NOISE
2026-03-06T09:16:16.442157,Map-Energy__sum__linear-conv00311-20250208_180047-20250209_000047-0.050000-5.000000.png,2025-02-08T18:00:47,2025-02-09T00:00:47,0.05,5.0,2025-02-08T21:00:47,2.525,,,NOISE,2025-02-08T21:00:47,2.525,,,NOISE,2025-02-08T21:00:47,2.525,,,NOISE,2025-02-08T21:00:47,2.525,,,NOISE
2026-03-06T09:16:17.898075,Map-Energy__sum__linear-conv00321-20250209_000047-20250209_060047-0.050000-5.000000.png,2025-02-09T00:00:47,2025-02-09T06:00:47,0.05,5.0,2025-02-09T03:00:47,2.525,,,NOISE,2025-02-09T03:00:47,2.525,,,NOISE,2025-02-09T03:00:47,2.525,,,NOISE,2025-02-09T03:00:47,2.525,,,NOISE
2026-03-06T09:16:18.634089,Map-Energy__sum__linear-conv00331-20250209_060047-20250209_120047-0.050000-5.000000.png,2025-02-09T06:00:47,2025-02-09T12:00:47,0.05,5.0,2025-02-09T09:00:47,2.525,,,NOISE,2025-02-09T09:00:47,2.525,,,NOISE,2025-02-09T09:00:47,2.525,,,NOISE,2025-02-09T09:00:47,2.525,,,NOISE
2026-03-06T09:16:19.426072,Map-Energy__sum__linear-conv00341-20250209_120047-20250209_180047-0.050000-5.000000.png,2025-02-09T12:00:47,2025-02-09T18:00:47,0.05,5.0,2025-02-09T15:00:47,2.525,,,NOISE,2025-02-09T15:00:47,2.525,,,NOISE,2025-02-09T15:00:47,2.525,,,NOISE,2025-02-09T15:00:47,2.525,,,NOISE
2026-03-06T09:16:21.634147,Map-Energy__sum__linear-conv00351-20250209_180047-20250210_000047-0.050000-5.000000.png,2025-02-09T18:00:47,2025-02-10T00:00:47,0.05,5.0,2025-02-09T21:00:47,2.525,,,NOISE,2025-02-09T21:00:47,2.525,,,NOISE,2025-02-09T21:00:47,2.525,,,NOISE,2025-02-09T21:00:47,2.525,,,NOISE
2026-03-06T09:16:22.865991,Map-Energy__sum__linear-conv00361-20250210_000047-20250210_060047-0.050000-5.000000.png,2025-02-10T00:00:47,2025-02-10T06:00:47,0.05,5.0,2025-02-10T03:00:47,2.525,,,NOISE,2025-02-10T03:00:47,2.525,,,NOISE,2025-02-10T03:00:47,2.525,,,NOISE,2025-02-10T03:00:47,2.525,,,NOISE
2026-03-06T09:16:24.018119,Map-Energy__sum__linear-conv00371-20250210_060047-20250210_120047-0.050000-5.000000.png,2025-02-10T06:00:47,2025-02-10T12:00:47,0.05,5.0,2025-02-10T09:00:47,2.525,,,NOISE,2025-02-10T09:00:47,2.525,,,NOISE,2025-02-10T09:00:47,2.525,,,NOISE,2025-02-10T09:00:47,2.525,,,NOISE
2026-03-06T09:16:25.028178,Map-Energy__sum__linear-conv00381-20250210_120047-20250210_180047-0.050000-5.000000.png,2025-02-10T12:00:47,2025-02-10T18:00:47,0.05,5.0,2025-02-10T15:00:47,2.525,,,NOISE,2025-02-10T15:00:47,2.525,,,NOISE,2025-02-10T15:00:47,2.525,,,NOISE,2025-02-10T15:00:47,2.525,,,NOISE
2026-03-06T09:16:26.298144,Map-Energy__sum__linear-conv00391-20250210_180047-20250211_000047-0.050000-5.000000.png,2025-02-10T18:00:47,2025-02-11T00:00:47,0.05,5.0,2025-02-10T21:00:47,2.525,,,NOISE,2025-02-10T21:00:47,2.525,,,NOISE,2025-02-10T21:00:47,2.525,,,NOISE,2025-02-10T21:00:47,2.525,,,NOISE
2026-03-06T09:16:27.146181,Map-Energy__sum__linear-conv00401-20250211_000047-20250211_060047-0.050000-5.000000.png,2025-02-11T00:00:47,2025-02-11T06:00:47,0.05,5.0,2025-02-11T03:00:47,2.525,,,NOISE,2025-02-11T03:00:47,2.525,,,NOISE,2025-02-11T03:00:47,2.525,,,NOISE,2025-02-11T03:00:47,2.525,,,NOISE
2026-03-06T09:16:28.538142,Map-Energy__sum__linear-conv00411-20250211_060047-20250211_120047-0.050000-5.000000.png,2025-02-11T06:00:47,2025-02-11T12:00:47,0.05,5.0,2025-02-11T09:00:47,2.525,,,NOISE,2025-02-11T09:00:47,2.525,,,NOISE,2025-02-11T09:00:47,2.525,,,NOISE,2025-02-11T09:00:47,2.525,,,NOISE
2026-03-06T09:16:29.426103,Map-Energy__sum__linear-conv00421-20250211_120047-20250211_180047-0.050000-5.000000.png,2025-02-11T12:00:47,2025-02-11T18:00:47,0.05,5.0,2025-02-11T15:00:47,2.525,,,NOISE,2025-02-11T15:00:47,2.525,,,NOISE,2025-02-11T15:00:47,2.525,,,NOISE,2025-02-11T15:00:47,2.525,,,NOISE
2026-03-06T09:16:30.242087,Map-Energy__sum__linear-conv00431-20250211_180047-20250212_000047-0.050000-5.000000.png,2025-02-11T18:00:47,2025-02-12T00:00:47,0.05,5.0,2025-02-11T21:00:47,2.525,,,NOISE,2025-02-11T21:00:47,2.525,,,NOISE,2025-02-11T21:00:47,2.525,,,NOISE,2025-02-11T21:00:47,2.525,,,NOISE
2026-03-06T09:16:31.050138,Map-Energy__sum__linear-conv00441-20250212_000047-20250212_060047-0.050000-5.000000.png,2025-02-12T00:00:47,2025-02-12T06:00:47,0.05,5.0,2025-02-12T03:00:47,2.525,,,NOISE,2025-02-12T03:00:47,2.525,,,NOISE,2025-02-12T03:00:47,2.525,,,NOISE,2025-02-12T03:00:47,2.525,,,NOISE
2026-03-06T09:16:31.882145,Map-Energy__sum__linear-conv00451-20250212_060047-20250212_120047-0.050000-5.000000.png,2025-02-12T06:00:47,2025-02-12T12:00:47,0.05,5.0,2025-02-12T09:00:47,2.525,,,NOISE,2025-02-12T09:00:47,2.525,,,NOISE,2025-02-12T09:00:47,2.525,,,NOISE,2025-02-12T09:00:47,2.525,,,NOISE
2026-03-06T09:16:32.690143,Map-Energy__sum__linear-conv00461-20250212_120047-20250212_180047-0.050000-5.000000.png,2025-02-12T12:00:47,2025-02-12T18:00:47,0.05,5.0,2025-02-12T15:00:47,2.525,,,NOISE,2025-02-12T15:00:47,2.525,,,NOISE,2025-02-12T15:00:47,2.525,,,NOISE,2025-02-12T15:00:47,2.525,,,NOISE
2026-03-06T09:16:33.506352,Map-Energy__sum__linear-conv00471-20250212_180047-20250213_000047-0.050000-5.000000.png,2025-02-12T18:00:47,2025-02-13T00:00:47,0.05,5.0,2025-02-12T21:00:47,2.525,,,NOISE,2025-02-12T21:00:47,2.525,,,NOISE,2025-02-12T21:00:47,2.525,,,NOISE,2025-02-12T21:00:47,2.525,,,NOISE
2026-03-06T09:16:34.346109,Map-Energy__sum__linear-conv00481-20250213_000047-20250213_060047-0.050000-5.000000.png,2025-02-13T00:00:47,2025-02-13T06:00:47,0.05,5.0,2025-02-13T03:00:47,2.525,,,NOISE,2025-02-13T03:00:47,2.525,,,NOISE,2025-02-13T03:00:47,2.525,,,NOISE,2025-02-13T03:00:47,2.525,,,NOISE
2026-03-06T09:16:35.170079,Map-Energy__sum__linear-conv00491-20250213_060047-20250213_120047-0.050000-5.000000.png,2025-02-13T06:00:47,2025-02-13T12:00:47,0.05,5.0,2025-02-13T09:00:47,2.525,,,NOISE,2025-02-13T09:00:47,2.525,,,NOISE,2025-02-13T09:00:47,2.525,,,NOISE,2025-02-13T09:00:47,2.525,,,NOISE
2026-03-06T09:16:36.522086,Map-Energy__sum__linear-conv00501-20250213_120047-20250213_180047-0.050000-5.000000.png,2025-02-13T12:00:47,2025-02-13T18:00:47,0.05,5.0,2025-02-13T15:00:47,2.525,,,NOISE,2025-02-13T15:00:47,2.525,,,NOISE,2025-02-13T15:00:47,2.525,,,NOISE,2025-02-13T15:00:47,2.525,,,NOISE
2026-03-06T09:16:37.345899,Map-Energy__sum__linear-conv00511-20250213_180047-20250214_000047-0.050000-5.000000.png,2025-02-13T18:00:47,2025-02-14T00:00:47,0.05,5.0,2025-02-13T21:00:47,2.525,,,NOISE,2025-02-13T21:00:47,2.525,,,NOISE,2025-02-13T21:00:47,2.525,,,NOISE,2025-02-13T21:00:47,2.525,,,NOISE
2026-03-06T09:16:38.130176,Map-Energy__sum__linear-conv00521-20250214_000047-20250214_060047-0.050000-5.000000.png,2025-02-14T00:00:47,2025-02-14T06:00:47,0.05,5.0,2025-02-14T03:00:47,2.525,,,NOISE,2025-02-14T03:00:47,2.525,,,NOISE,2025-02-14T03:00:47,2.525,,,NOISE,2025-02-14T03:00:47,2.525,,,NOISE
2026-03-06T09:16:39.234066,Map-Energy__sum__linear-conv00531-20250214_060047-20250214_120047-0.050000-5.000000.png,2025-02-14T06:00:47,2025-02-14T12:00:47,0.05,5.0,2025-02-14T09:00:47,2.525,,,NOISE,2025-02-14T09:00:47,2.525,,,NOISE,2025-02-14T09:00:47,2.525,,,NOISE,2025-02-14T09:00:47,2.525,,,NOISE
2026-03-06T09:16:40.106128,Map-Energy__sum__linear-conv00541-20250214_120047-20250214_180047-0.050000-5.000000.png,2025-02-14T12:00:47,2025-02-14T18:00:47,0.05,5.0,2025-02-14T15:00:47,2.525,,,NOISE,2025-02-14T15:00:47,2.525,,,NOISE,2025-02-14T15:00:47,2.525,,,NOISE,2025-02-14T15:00:47,2.525,,,NOISE
2026-03-06T09:16:41.026050,Map-Energy__sum__linear-conv00551-20250214_180047-20250215_000047-0.050000-5.000000.png,2025-02-14T18:00:47,2025-02-15T00:00:47,0.05,5.0,2025-02-14T21:00:47,2.525,,,NOISE,2025-02-14T21:00:47,2.525,,,NOISE,2025-02-14T21:00:47,2.525,,,NOISE,2025-02-14T21:00:47,2.525,,,NOISE
2026-03-06T09:16:42.682116,Map-Energy__sum__linear-conv00561-20250215_000047-20250215_060047-0.050000-5.000000.png,2025-02-15T00:00:47,2025-02-15T06:00:47,0.05,5.0,2025-02-15T03:00:47,2.525,,,NOISE,2025-02-15T03:00:47,2.525,,,NOISE,2025-02-15T03:00:47,2.525,,,NOISE,2025-02-15T03:00:47,2.525,,,NOISE
2026-03-06T09:16:44.402015,Map-Energy__sum__linear-conv00571-20250215_060047-20250215_120047-0.050000-5.000000.png,2025-02-15T06:00:47,2025-02-15T12:00:47,0.05,5.0,2025-02-15T09:00:47,2.525,,,NOISE,2025-02-15T09:00:47,2.525,,,NOISE,2025-02-15T09:00:47,2.525,,,NOISE,2025-02-15T09:00:47,2.525,,,NOISE
2026-03-06T09:16:48.618254,Map-Energy__sum__linear-conv00581-20250215_120047-20250215_180047-0.050000-5.000000.png,2025-02-15T12:00:47,2025-02-15T18:00:47,0.05,5.0,2025-02-15T15:00:47,2.525,,,NOISE,2025-02-15T15:00:47,2.525,,,NOISE,2025-02-15T15:00:47,2.525,,,NOISE,2025-02-15T15:00:47,2.525,,,NOISE
2026-03-06T09:16:50.634130,Map-Energy__sum__linear-conv00591-20250215_180047-20250216_000047-0.050000-5.000000.png,2025-02-15T18:00:47,2025-02-16T00:00:47,0.05,5.0,2025-02-15T21:00:47,2.525,,,NOISE,2025-02-15T21:00:47,2.525,,,NOISE,2025-02-15T21:00:47,2.525,,,NOISE,2025-02-15T21:00:47,2.525,,,NOISE
2026-03-06T09:16:52.858103,Map-Energy__sum__linear-conv00601-20250216_000047-20250216_060047-0.050000-5.000000.png,2025-02-16T00:00:47,2025-02-16T06:00:47,0.05,5.0,2025-02-16T03:00:47,2.525,,,NOISE,2025-02-16T03:00:47,2.525,,,NOISE,2025-02-16T03:00:47,2.525,,,NOISE,2025-02-16T03:00:47,2.525,,,NOISE
2026-03-06T09:16:54.097928,Map-Energy__sum__linear-conv00611-20250216_060047-20250216_120047-0.050000-5.000000.png,2025-02-16T06:00:47,2025-02-16T12:00:47,0.05,5.0,2025-02-16T09:00:47,2.525,,,NOISE,2025-02-16T09:00:47,2.525,,,NOISE,2025-02-16T09:00:47,2.525,,,NOISE,2025-02-16T09:00:47,2.525,,,NOISE
2026-03-06T09:16:59.746195,Map-Energy__sum__linear-conv00621-20250216_120047-20250216_180047-0.050000-5.000000.png,2025-02-16T12:00:47,2025-02-16T18:00:47,0.05,5.0,2025-02-16T15:00:47,2.525,,,NOISE,2025-02-16T15:00:47,2.525,,,NOISE,2025-02-16T15:00:47,2.525,,,NOISE,2025-02-16T15:00:47,2.525,,,NOISE
2026-03-06T09:17:00.890179,Map-Energy__sum__linear-conv00631-20250216_180047-20250217_000047-0.050000-5.000000.png,2025-02-16T18:00:47,2025-02-17T00:00:47,0.05,5.0,2025-02-16T21:00:47,2.525,,,NOISE,2025-02-16T21:00:47,2.525,,,NOISE,2025-02-16T21:00:47,2.525,,,NOISE,2025-02-16T21:00:47,2.525,,,NOISE
2026-03-06T09:17:04.289938,Map-Energy__sum__linear-conv00641-20250217_000047-20250217_060047-0.050000-5.000000.png,2025-02-17T00:00:47,2025-02-17T06:00:47,0.05,5.0,2025-02-17T03:00:47,2.525,,,NOISE,2025-02-17T03:00:47,2.525,,,NOISE,2025-02-17T03:00:47,2.525,,,NOISE,2025-02-17T03:00:47,2.525,,,NOISE
2026-03-06T09:17:05.850517,Map-Energy__sum__linear-conv00651-20250217_060047-20250217_120047-0.050000-5.000000.png,2025-02-17T06:00:47,2025-02-17T12:00:47,0.05,5.0,2025-02-17T09:00:47,2.525,,,NOISE,2025-02-17T09:00:47,2.525,,,NOISE,2025-02-17T09:00:47,2.525,,,NOISE,2025-02-17T09:00:47,2.525,,,NOISE
2026-03-06T09:17:06.882119,Map-Energy__sum__linear-conv00661-20250217_120047-20250217_180047-0.050000-5.000000.png,2025-02-17T12:00:47,2025-02-17T18:00:47,0.05,5.0,2025-02-17T15:00:47,2.525,,,NOISE,2025-02-17T15:00:47,2.525,,,NOISE,2025-02-17T15:00:47,2.525,,,NOISE,2025-02-17T15:00:47,2.525,,,NOISE
2026-03-06T09:17:07.754064,Map-Energy__sum__linear-conv00671-20250217_180047-20250218_000047-0.050000-5.000000.png,2025-02-17T18:00:47,2025-02-18T00:00:47,0.05,5.0,2025-02-17T21:00:47,2.525,,,NOISE,2025-02-17T21:00:47,2.525,,,NOISE,2025-02-17T21:00:47,2.525,,,NOISE,2025-02-17T21:00:47,2.525,,,NOISE
2026-03-06T09:17:08.666001,Map-Energy__sum__linear-conv00681-20250218_000047-20250218_060047-0.050000-5.000000.png,2025-02-18T00:00:47,2025-02-18T06:00:47,0.05,5.0,2025-02-18T03:00:47,2.525,,,NOISE,2025-02-18T03:00:47,2.525,,,NOISE,2025-02-18T03:00:47,2.525,,,NOISE,2025-02-18T03:00:47,2.525,,,NOISE
2026-03-06T09:17:09.690706,Map-Energy__sum__linear-conv00691-20250218_060047-20250218_120047-0.050000-5.000000.png,2025-02-18T06:00:47,2025-02-18T12:00:47,0.05,5.0,2025-02-18T09:00:47,2.525,,,NOISE,2025-02-18T09:00:47,2.525,,,NOISE,2025-02-18T09:00:47,2.525,,,NOISE,2025-02-18T09:00:47,2.525,,,NOISE
2026-03-06T09:17:10.537948,Map-Energy__sum__linear-conv00701-20250218_120047-20250218_180047-0.050000-5.000000.png,2025-02-18T12:00:47,2025-02-18T18:00:47,0.05,5.0,2025-02-18T15:00:47,2.525,,,NOISE,2025-02-18T15:00:47,2.525,,,NOISE,2025-02-18T15:00:47,2.525,,,NOISE,2025-02-18T15:00:47,2.525,,,NOISE
2026-03-06T09:17:11.433986,Map-Energy__sum__linear-conv00711-20250218_180047-20250219_000047-0.050000-5.000000.png,2025-02-18T18:00:47,2025-02-19T00:00:47,0.05,5.0,2025-02-18T21:00:47,2.525,,,NOISE,2025-02-18T21:00:47,2.525,,,NOISE,2025-02-18T21:00:47,2.525,,,NOISE,2025-02-18T21:00:47,2.525,,,NOISE
2026-03-06T09:17:12.274055,Map-Energy__sum__linear-conv00721-20250219_000047-20250219_060047-0.050000-5.000000.png,2025-02-19T00:00:47,2025-02-19T06:00:47,0.05,5.0,2025-02-19T03:00:47,2.525,,,NOISE,2025-02-19T03:00:47,2.525,,,NOISE,2025-02-19T03:00:47,2.525,,,NOISE,2025-02-19T03:00:47,2.525,,,NOISE
2026-03-06T09:17:13.050022,Map-Energy__sum__linear-conv00731-20250219_060047-20250219_120047-0.050000-5.000000.png,2025-02-19T06:00:47,2025-02-19T12:00:47,0.05,5.0,2025-02-19T09:00:47,2.525,,,NOISE,2025-02-19T09:00:47,2.525,,,NOISE,2025-02-19T09:00:47,2.525,,,NOISE,2025-02-19T09:00:47,2.525,,,NOISE
2026-03-06T09:17:13.898023,Map-Energy__sum__linear-conv00741-20250219_120047-20250219_180047-0.050000-5.000000.png,2025-02-19T12:00:47,2025-02-19T18:00:47,0.05,5.0,2025-02-19T15:00:47,2.525,,,NOISE,2025-02-19T15:00:47,2.525,,,NOISE,2025-02-19T15:00:47,2.525,,,NOISE,2025-02-19T15:00:47,2.525,,,NOISE
2026-03-06T09:17:14.978080,Map-Energy__sum__linear-conv00751-20250219_180047-20250220_000047-0.050000-5.000000.png,2025-02-19T18:00:47,2025-02-20T00:00:47,0.05,5.0,2025-02-19T21:00:47,2.525,,,NOISE,2025-02-19T21:00:47,2.525,,,NOISE,2025-02-19T21:00:47,2.525,,,NOISE,2025-02-19T21:00:47,2.525,,,NOISE
2026-03-06T09:17:15.842028,Map-Energy__sum__linear-conv00761-20250220_000047-20250220_060047-0.050000-5.000000.png,2025-02-20T00:00:47,2025-02-20T06:00:47,0.05,5.0,2025-02-20T03:00:47,2.525,,,NOISE,2025-02-20T03:00:47,2.525,,,NOISE,2025-02-20T03:00:47,2.525,,,NOISE,2025-02-20T03:00:47,2.525,,,NOISE
2026-03-06T09:17:16.818098,Map-Energy__sum__linear-conv00771-20250220_060047-20250220_120047-0.050000-5.000000.png,2025-02-20T06:00:47,2025-02-20T12:00:47,0.05,5.0,2025-02-20T09:00:47,2.525,,,NOISE,2025-02-20T09:00:47,2.525,,,NOISE,2025-02-20T09:00:47,2.525,,,NOISE,2025-02-20T09:00:47,2.525,,,NOISE
2026-03-06T09:17:17.706039,Map-Energy__sum__linear-conv00781-20250220_120047-20250220_180047-0.050000-5.000000.png,2025-02-20T12:00:47,2025-02-20T18:00:47,0.05,5.0,2025-02-20T15:00:47,2.525,,,NOISE,2025-02-20T15:00:47,2.525,,,NOISE,2025-02-20T15:00:47,2.525,,,NOISE,2025-02-20T15:00:47,2.525,,,NOISE
2026-03-06T09:17:18.546127,Map-Energy__sum__linear-conv00791-20250220_180047-20250221_000047-0.050000-5.000000.png,2025-02-20T18:00:47,2025-02-21T00:00:47,0.05,5.0,2025-02-20T21:00:47,2.525,,,NOISE,2025-02-20T21:00:47,2.525,,,NOISE,2025-02-20T21:00:47,2.525,,,NOISE,2025-02-20T21:00:47,2.525,,,NOISE
2026-03-06T09:17:19.354171,Map-Energy__sum__linear-conv00801-20250221_000047-20250221_060047-0.050000-5.000000.png,2025-02-21T00:00:47,2025-02-21T06:00:47,0.05,5.0,2025-02-21T03:00:47,2.525,,,NOISE,2025-02-21T03:00:47,2.525,,,NOISE,2025-02-21T03:00:47,2.525,,,NOISE,2025-02-21T03:00:47,2.525,,,NOISE
2026-03-06T09:17:20.146083,Map-Energy__sum__linear-conv00811-20250221_060047-20250221_120047-0.050000-5.000000.png,2025-02-21T06:00:47,2025-02-21T12:00:47,0.05,5.0,2025-02-21T09:00:47,2.525,,,NOISE,2025-02-21T09:00:47,2.525,,,NOISE,2025-02-21T09:00:47,2.525,,,NOISE,2025-02-21T09:00:47,2.525,,,NOISE
2026-03-06T09:17:20.921826,Map-Energy__sum__linear-conv00821-20250221_120047-20250221_180047-0.050000-5.000000.png,2025-02-21T12:00:47,2025-02-21T18:00:47,0.05,5.0,2025-02-21T15:00:47,2.525,,,NOISE,2025-02-21T15:00:47,2.525,,,NOISE,2025-02-21T15:00:47,2.525,,,NOISE,2025-02-21T15:00:47,2.525,,,NOISE
2026-03-06T09:17:21.657969,Map-Energy__sum__linear-conv00831-20250221_180047-20250222_000047-0.050000-5.000000.png,2025-02-21T18:00:47,2025-02-22T00:00:47,0.05,5.0,2025-02-21T21:00:47,2.525,,,NOISE,2025-02-21T21:00:47,2.525,,,NOISE,2025-02-21T21:00:47,2.525,,,NOISE,2025-02-21T21:00:47,2.525,,,NOISE
2026-03-06T09:17:22.401950,Map-Energy__sum__linear-conv00841-20250222_000047-20250222_060047-0.050000-5.000000.png,2025-02-22T00:00:47,2025-02-22T06:00:47,0.05,5.0,2025-02-22T03:00:47,2.525,,,NOISE,2025-02-22T03:00:47,2.525,,,NOISE,2025-02-22T03:00:47,2.525,,,NOISE,2025-02-22T03:00:47,2.525,,,NOISE
2026-03-06T09:17:23.098439,Map-Energy__sum__linear-conv00851-20250222_060047-20250222_120047-0.050000-5.000000.png,2025-02-22T06:00:47,2025-02-22T12:00:47,0.05,5.0,2025-02-22T09:00:47,2.525,,,NOISE,2025-02-22T09:00:47,2.525,,,NOISE,2025-02-22T09:00:47,2.525,,,NOISE,2025-02-22T09:00:47,2.525,,,NOISE
2026-03-06T09:17:23.890258,Map-Energy__sum__linear-conv00861-20250222_120047-20250222_180047-0.050000-5.000000.png,2025-02-22T12:00:47,2025-02-22T18:00:47,0.05,5.0,2025-02-22T15:00:47,2.525,,,NOISE,2025-02-22T15:00:47,2.525,,,NOISE,2025-02-22T15:00:47,2.525,,,NOISE,2025-02-22T15:00:47,2.525,,,NOISE
2026-03-06T09:17:24.553907,Map-Energy__sum__linear-conv00871-20250222_180047-20250223_000047-0.050000-5.000000.png,2025-02-22T18:00:47,2025-02-23T00:00:47,0.05,5.0,2025-02-22T21:00:47,2.525,,,NOISE,2025-02-22T21:00:47,2.525,,,NOISE,2025-02-22T21:00:47,2.525,,,NOISE,2025-02-22T21:00:47,2.525,,,NOISE
2026-03-06T09:17:25.249979,Map-Energy__sum__linear-conv00881-20250223_000047-20250223_060047-0.050000-5.000000.png,2025-02-23T00:00:47,2025-02-23T06:00:47,0.05,5.0,2025-02-23T03:00:47,2.525,,,NOISE,2025-02-23T03:00:47,2.525,,,NOISE,2025-02-23T03:00:47,2.525,,,NOISE,2025-02-23T03:00:47,2.525,,,NOISE
2026-03-06T09:17:26.418144,Map-Energy__sum__linear-conv00891-20250223_060047-20250223_120047-0.050000-5.000000.png,2025-02-23T06:00:47,2025-02-23T12:00:47,0.05,5.0,2025-02-23T09:00:47,2.525,,,NOISE,2025-02-23T09:00:47,2.525,,,NOISE,2025-02-23T09:00:47,2.525,,,NOISE,2025-02-23T09:00:47,2.525,,,NOISE
2026-03-06T09:17:27.450112,Map-Energy__sum__linear-conv00901-20250223_120047-20250223_180047-0.050000-5.000000.png,2025-02-23T12:00:47,2025-02-23T18:00:47,0.05,5.0,2025-02-23T15:00:47,2.525,,,NOISE,2025-02-23T15:00:47,2.525,,,NOISE,2025-02-23T15:00:47,2.525,,,NOISE,2025-02-23T15:00:47,2.525,,,NOISE
2026-03-06T09:17:28.297944,Map-Energy__sum__linear-conv00911-20250223_180047-20250224_000047-0.050000-5.000000.png,2025-02-23T18:00:47,2025-02-24T00:00:47,0.05,5.0,2025-02-23T21:00:47,2.525,,,NOISE,2025-02-23T21:00:47,2.525,,,NOISE,2025-02-23T21:00:47,2.525,,,NOISE,2025-02-23T21:00:47,2.525,,,NOISE
2026-03-06T09:17:29.129860,Map-Energy__sum__linear-conv00921-20250224_000047-20250224_060047-0.050000-5.000000.png,2025-02-24T00:00:47,2025-02-24T06:00:47,0.05,5.0,2025-02-24T03:00:47,2.525,,,NOISE,2025-02-24T03:00:47,2.525,,,NOISE,2025-02-24T03:00:47,2.525,,,NOISE,2025-02-24T03:00:47,2.525,,,NOISE
2026-03-06T09:17:29.906282,Map-Energy__sum__linear-conv00931-20250224_060047-20250224_120047-0.050000-5.000000.png,2025-02-24T06:00:47,2025-02-24T12:00:47,0.05,5.0,2025-02-24T09:00:47,2.525,,,NOISE,2025-02-24T09:00:47,2.525,,,NOISE,2025-02-24T09:00:47,2.525,,,NOISE,2025-02-24T09:00:47,2.525,,,NOISE
2026-03-06T09:17:30.713963,Map-Energy__sum__linear-conv00941-20250224_120047-20250224_180047-0.050000-5.000000.png,2025-02-24T12:00:47,2025-02-24T18:00:47,0.05,5.0,2025-02-24T15:00:47,2.525,,,NOISE,2025-02-24T15:00:47,2.525,,,NOISE,2025-02-24T15:00:47,2.525,,,NOISE,2025-02-24T15:00:47,2.525,,,NOISE
2026-03-06T09:17:31.738026,Map-Energy__sum__linear-conv00951-20250224_180047-20250225_000047-0.050000-5.000000.png,2025-02-24T18:00:47,2025-02-25T00:00:47,0.05,5.0,2025-02-24T21:00:47,2.525,,,NOISE,2025-02-24T21:00:47,2.525,,,NOISE,2025-02-24T21:00:47,2.525,,,NOISE,2025-02-24T21:00:47,2.525,,,NOISE
2026-03-06T09:17:32.994100,Map-Energy__sum__linear-conv00961-20250225_000047-20250225_060047-0.050000-5.000000.png,2025-02-25T00:00:47,2025-02-25T06:00:47,0.05,5.0,2025-02-25T03:00:47,2.525,,,NOISE,2025-02-25T03:00:47,2.525,,,NOISE,2025-02-25T03:00:47,2.525,,,NOISE,2025-02-25T03:00:47,2.525,,,NOISE
2026-03-06T09:17:34.058792,Map-Energy__sum__linear-conv00971-20250225_060047-20250225_120047-0.050000-5.000000.png,2025-02-25T06:00:47,2025-02-25T12:00:47,0.05,5.0,2025-02-25T09:00:47,2.525,,,NOISE,2025-02-25T09:00:47,2.525,,,NOISE,2025-02-25T09:00:47,2.525,,,NOISE,2025-02-25T09:00:47,2.525,,,NOISE
2026-03-06T09:17:34.865990,Map-Energy__sum__linear-conv00981-20250225_120047-20250225_180047-0.050000-5.000000.png,2025-02-25T12:00:47,2025-02-25T18:00:47,0.05,5.0,2025-02-25T15:00:47,2.525,,,NOISE,2025-02-25T15:00:47,2.525,,,NOISE,2025-02-25T15:00:47,2.525,,,NOISE,2025-02-25T15:00:47,2.525,,,NOISE
2026-03-06T09:17:35.738057,Map-Energy__sum__linear-conv00991-20250225_180047-20250226_000047-0.050000-5.000000.png,2025-02-25T18:00:47,2025-02-26T00:00:47,0.05,5.0,2025-02-25T21:00:47,2.525,,,NOISE,2025-02-25T21:00:47,2.525,,,NOISE,2025-02-25T21:00:47,2.525,,,NOISE,2025-02-25T21:00:47,2.525,,,NOISE
2026-03-06T09:17:36.554031,Map-Energy__sum__linear-conv01001-20250226_000047-20250226_060047-0.050000-5.000000.png,2025-02-26T00:00:47,2025-02-26T06:00:47,0.05,5.0,2025-02-26T03:00:47,2.525,,,NOISE,2025-02-26T03:00:47,2.525,,,NOISE,2025-02-26T03:00:47,2.525,,,NOISE,2025-02-26T03:00:47,2.525,,,NOISE
2026-03-06T09:17:37.305637,Map-Energy__sum__linear-conv01011-20250226_060047-20250226_120047-0.050000-5.000000.png,2025-02-26T06:00:47,2025-02-26T12:00:47,0.05,5.0,2025-02-26T09:00:47,2.525,,,NOISE,2025-02-26T09:00:47,2.525,,,NOISE,2025-02-26T09:00:47,2.525,,,NOISE,2025-02-26T09:00:47,2.525,,,NOISE
2026-03-06T09:17:38.114017,Map-Energy__sum__linear-conv01021-20250226_120047-20250226_180047-0.050000-5.000000.png,2025-02-26T12:00:47,2025-02-26T18:00:47,0.05,5.0,2025-02-26T15:00:47,2.525,,,NOISE,2025-02-26T15:00:47,2.525,,,NOISE,2025-02-26T15:00:47,2.525,,,NOISE,2025-02-26T15:00:47,2.525,,,NOISE
2026-03-06T09:17:39.201988,Map-Energy__sum__linear-conv01031-20250226_180047-20250227_000047-0.050000-5.000000.png,2025-02-26T18:00:47,2025-02-27T00:00:47,0.05,5.0,2025-02-26T21:00:47,2.525,,,NOISE,2025-02-26T21:00:47,2.525,,,NOISE,2025-02-26T21:00:47,2.525,,,NOISE,2025-02-26T21:00:47,2.525,,,NOISE
2026-03-06T09:17:40.234038,Map-Energy__sum__linear-conv01041-20250227_000047-20250227_060047-0.050000-5.000000.png,2025-02-27T00:00:47,2025-02-27T06:00:47,0.05,5.0,2025-02-27T03:00:47,2.525,,,NOISE,2025-02-27T03:00:47,2.525,,,NOISE,2025-02-27T03:00:47,2.525,,,NOISE,2025-02-27T03:00:47,2.525,,,NOISE
2026-03-06T09:17:41.121823,Map-Energy__sum__linear-conv01051-20250227_060047-20250227_120047-0.050000-5.000000.png,2025-02-27T06:00:47,2025-02-27T12:00:47,0.05,5.0,2025-02-27T09:00:47,2.525,,,NOISE,2025-02-27T09:00:47,2.525,,,NOISE,2025-02-27T09:00:47,2.525,,,NOISE,2025-02-27T09:00:47,2.525,,,NOISE
2026-03-06T09:17:42.025919,Map-Energy__sum__linear-conv01061-20250227_120047-20250227_180047-0.050000-5.000000.png,2025-02-27T12:00:47,2025-02-27T18:00:47,0.05,5.0,2025-02-27T15:00:47,2.525,,,NOISE,2025-02-27T15:00:47,2.525,,,NOISE,2025-02-27T15:00:47,2.525,,,NOISE,2025-02-27T15:00:47,2.525,,,NOISE
2026-03-06T09:17:42.905742,Map-Energy__sum__linear-conv01071-20250227_180047-20250228_000047-0.050000-5.000000.png,2025-02-27T18:00:47,2025-02-28T00:00:47,0.05,5.0,2025-02-27T21:00:47,2.525,,,NOISE,2025-02-27T21:00:47,2.525,,,NOISE,2025-02-27T21:00:47,2.525,,,NOISE,2025-02-27T21:00:47,2.525,,,NOISE
2026-03-06T09:17:43.738062,Map-Energy__sum__linear-conv01081-20250228_000047-20250228_060047-0.050000-5.000000.png,2025-02-28T00:00:47,2025-02-28T06:00:47,0.05,5.0,2025-02-28T03:00:47,2.525,,,NOISE,2025-02-28T03:00:47,2.525,,,NOISE,2025-02-28T03:00:47,2.525,,,NOISE,2025-02-28T03:00:47,2.525,,,NOISE
2026-03-06T09:17:44.585974,Map-Energy__sum__linear-conv01091-20250228_060047-20250228_120047-0.050000-5.000000.png,2025-02-28T06:00:47,2025-02-28T12:00:47,0.05,5.0,2025-02-28T09:00:47,2.525,,,NOISE,2025-02-28T09:00:47,2.525,,,NOISE,2025-02-28T09:00:47,2.525,,,NOISE,2025-02-28T09:00:47,2.525,,,NOISE
2026-03-06T09:17:45.393965,Map-Energy__sum__linear-conv01101-20250228_120047-20250228_180047-0.050000-5.000000.png,2025-02-28T12:00:47,2025-02-28T18:00:47,0.05,5.0,2025-02-28T15:00:47,2.525,,,NOISE,2025-02-28T15:00:47,2.525,,,NOISE,2025-02-28T15:00:47,2.525,,,NOISE,2025-02-28T15:00:47,2.525,,,NOISE
2026-03-06T09:17:46.138040,Map-Energy__sum__linear-conv01111-20250228_180047-20250301_000047-0.050000-5.000000.png,2025-02-28T18:00:47,2025-03-01T00:00:47,0.05,5.0,2025-02-28T21:00:47,2.525,,,NOISE,2025-02-28T21:00:47,2.525,,,NOISE,2025-02-28T21:00:47,2.525,,,NOISE,2025-02-28T21:00:47,2.525,,,NOISE
2026-03-06T09:17:46.945967,Map-Energy__sum__linear-conv00002-20250201_000047-20250201_060047-5.000000-10.000000.png,2025-02-01T00:00:47,2025-02-01T06:00:47,5.0,10.0,2025-02-01T03:00:47,7.5,,,NOISE,2025-02-01T03:00:47,7.5,,,NOISE,2025-02-01T03:00:47,7.5,,,NOISE,2025-02-01T03:00:47,7.5,,,NOISE
2026-03-06T09:17:48.970022,Map-Energy__sum__linear-conv00012-20250201_060047-20250201_120047-5.000000-10.000000.png,2025-02-01T06:00:47,2025-02-01T12:00:47,5.0,10.0,2025-02-01T09:00:47,7.5,,,NOISE,2025-02-01T09:00:47,7.5,,,NOISE,2025-02-01T09:00:47,7.5,,,NOISE,2025-02-01T09:00:47,7.5,,,NOISE
2026-03-06T09:17:50.058048,Map-Energy__sum__linear-conv00022-20250201_120047-20250201_180047-5.000000-10.000000.png,2025-02-01T12:00:47,2025-02-01T18:00:47,5.0,10.0,2025-02-01T15:00:47,7.5,,,NOISE,2025-02-01T15:00:47,7.5,,,NOISE,2025-02-01T15:00:47,7.5,,,NOISE,2025-02-01T15:00:47,7.5,,,NOISE
2026-03-06T09:17:51.185921,Map-Energy__sum__linear-conv00032-20250201_180047-20250202_000047-5.000000-10.000000.png,2025-02-01T18:00:47,2025-02-02T00:00:47,5.0,10.0,2025-02-01T21:00:47,7.5,,,NOISE,2025-02-01T21:00:47,7.5,,,NOISE,2025-02-01T21:00:47,7.5,,,NOISE,2025-02-01T21:00:47,7.5,,,NOISE
2026-03-06T09:17:52.001896,Map-Energy__sum__linear-conv00042-20250202_000047-20250202_060047-5.000000-10.000000.png,2025-02-02T00:00:47,2025-02-02T06:00:47,5.0,10.0,2025-02-02T03:00:47,7.5,,,NOISE,2025-02-02T03:00:47,7.5,,,NOISE,2025-02-02T03:00:47,7.5,,,NOISE,2025-02-02T03:00:47,7.5,,,NOISE
2026-03-06T09:17:52.802047,Map-Energy__sum__linear-conv00052-20250202_060047-20250202_120047-5.000000-10.000000.png,2025-02-02T06:00:47,2025-02-02T12:00:47,5.0,10.0,2025-02-02T09:00:47,7.5,,,NOISE,2025-02-02T09:00:47,7.5,,,NOISE,2025-02-02T09:00:47,7.5,,,NOISE,2025-02-02T09:00:47,7.5,,,NOISE
2026-03-06T09:17:53.626042,Map-Energy__sum__linear-conv00062-20250202_120047-20250202_180047-5.000000-10.000000.png,2025-02-02T12:00:47,2025-02-02T18:00:47,5.0,10.0,2025-02-02T15:00:47,7.5,,,NOISE,2025-02-02T15:00:47,7.5,,,NOISE,2025-02-02T15:00:47,7.5,,,NOISE,2025-02-02T15:00:47,7.5,,,NOISE
2026-03-06T09:17:54.369941,Map-Energy__sum__linear-conv00072-20250202_180047-20250203_000047-5.000000-10.000000.png,2025-02-02T18:00:47,2025-02-03T00:00:47,5.0,10.0,2025-02-02T21:00:47,7.5,,,NOISE,2025-02-02T21:00:47,7.5,,,NOISE,2025-02-02T21:00:47,7.5,,,NOISE,2025-02-02T21:00:47,7.5,,,NOISE
2026-03-06T09:17:55.162019,Map-Energy__sum__linear-conv00082-20250203_000047-20250203_060047-5.000000-10.000000.png,2025-02-03T00:00:47,2025-02-03T06:00:47,5.0,10.0,2025-02-03T03:00:47,7.5,,,NOISE,2025-02-03T03:00:47,7.5,,,NOISE,2025-02-03T03:00:47,7.5,,,NOISE,2025-02-03T03:00:47,7.5,,,NOISE
2026-03-06T09:17:56.113984,Map-Energy__sum__linear-conv00092-20250203_060047-20250203_120047-5.000000-10.000000.png,2025-02-03T06:00:47,2025-02-03T12:00:47,5.0,10.0,2025-02-03T09:00:47,7.5,,,NOISE,2025-02-03T09:00:47,7.5,,,NOISE,2025-02-03T09:00:47,7.5,,,NOISE,2025-02-03T09:00:47,7.5,,,NOISE
2026-03-06T09:17:56.905967,Map-Energy__sum__linear-conv00102-20250203_120047-20250203_180047-5.000000-10.000000.png,2025-02-03T12:00:47,2025-02-03T18:00:47,5.0,10.0,2025-02-03T15:00:47,7.5,,,NOISE,2025-02-03T15:00:47,7.5,,,NOISE,2025-02-03T15:00:47,7.5,,,NOISE,2025-02-03T15:00:47,7.5,,,NOISE
2026-03-06T09:17:57.649965,Map-Energy__sum__linear-conv00112-20250203_180047-20250204_000047-5.000000-10.000000.png,2025-02-03T18:00:47,2025-02-04T00:00:47,5.0,10.0,2025-02-03T21:00:47,7.5,,,NOISE,2025-02-03T21:00:47,7.5,,,NOISE,2025-02-03T21:00:47,7.5,,,NOISE,2025-02-03T21:00:47,7.5,,,NOISE
2026-03-06T09:17:58.353996,Map-Energy__sum__linear-conv00122-20250204_000047-20250204_060047-5.000000-10.000000.png,2025-02-04T00:00:47,2025-02-04T06:00:47,5.0,10.0,2025-02-04T03:00:47,7.5,,,NOISE,2025-02-04T03:00:47,7.5,,,NOISE,2025-02-04T03:00:47,7.5,,,NOISE,2025-02-04T03:00:47,7.5,,,NOISE
2026-03-06T09:17:59.065829,Map-Energy__sum__linear-conv00132-20250204_060047-20250204_120047-5.000000-10.000000.png,2025-02-04T06:00:47,2025-02-04T12:00:47,5.0,10.0,2025-02-04T09:00:47,7.5,,,NOISE,2025-02-04T09:00:47,7.5,,,NOISE,2025-02-04T09:00:47,7.5,,,NOISE,2025-02-04T09:00:47,7.5,,,NOISE
2026-03-06T09:17:59.817998,Map-Energy__sum__linear-conv00142-20250204_120047-20250204_180047-5.000000-10.000000.png,2025-02-04T12:00:47,2025-02-04T18:00:47,5.0,10.0,2025-02-04T15:00:47,7.5,,,NOISE,2025-02-04T15:00:47,7.5,,,NOISE,2025-02-04T15:00:47,7.5,,,NOISE,2025-02-04T15:00:47,7.5,,,NOISE
2026-03-06T09:18:00.730081,Map-Energy__sum__linear-conv00152-20250204_180047-20250205_000047-5.000000-10.000000.png,2025-02-04T18:00:47,2025-02-05T00:00:47,5.0,10.0,2025-02-04T21:00:47,7.5,,,NOISE,2025-02-04T21:00:47,7.5,,,NOISE,2025-02-04T21:00:47,7.5,,,NOISE,2025-02-04T21:00:47,7.5,,,NOISE
2026-03-06T09:18:01.593983,Map-Energy__sum__linear-conv00162-20250205_000047-20250205_060047-5.000000-10.000000.png,2025-02-05T00:00:47,2025-02-05T06:00:47,5.0,10.0,2025-02-05T03:00:47,7.5,,,NOISE,2025-02-05T03:00:47,7.5,,,NOISE,2025-02-05T03:00:47,7.5,,,NOISE,2025-02-05T03:00:47,7.5,,,NOISE
2026-03-06T09:18:02.371638,Map-Energy__sum__linear-conv00172-20250205_060047-20250205_120047-5.000000-10.000000.png,2025-02-05T06:00:47,2025-02-05T12:00:47,5.0,10.0,2025-02-05T09:00:47,7.5,,,NOISE,2025-02-05T09:00:47,7.5,,,NOISE,2025-02-05T09:00:47,7.5,,,NOISE,2025-02-05T09:00:47,7.5,,,NOISE
2026-03-06T09:18:03.137935,Map-Energy__sum__linear-conv00182-20250205_120047-20250205_180047-5.000000-10.000000.png,2025-02-05T12:00:47,2025-02-05T18:00:47,5.0,10.0,2025-02-05T15:00:47,7.5,,,NOISE,2025-02-05T15:00:47,7.5,,,NOISE,2025-02-05T15:00:47,7.5,,,NOISE,2025-02-05T15:00:47,7.5,,,NOISE
2026-03-06T09:18:03.905847,Map-Energy__sum__linear-conv00192-20250205_180047-20250206_000047-5.000000-10.000000.png,2025-02-05T18:00:47,2025-02-06T00:00:47,5.0,10.0,2025-02-05T21:00:47,7.5,,,NOISE,2025-02-05T21:00:47,7.5,,,NOISE,2025-02-05T21:00:47,7.5,,,NOISE,2025-02-05T21:00:47,7.5,,,NOISE
2026-03-06T09:18:04.713762,Map-Energy__sum__linear-conv00202-20250206_000047-20250206_060047-5.000000-10.000000.png,2025-02-06T00:00:47,2025-02-06T06:00:47,5.0,10.0,2025-02-06T03:00:47,7.5,,,NOISE,2025-02-06T03:00:47,7.5,,,NOISE,2025-02-06T03:00:47,7.5,,,NOISE,2025-02-06T03:00:47,7.5,,,NOISE
2026-03-06T09:18:05.722028,Map-Energy__sum__linear-conv00212-20250206_060047-20250206_120047-5.000000-10.000000.png,2025-02-06T06:00:47,2025-02-06T12:00:47,5.0,10.0,2025-02-06T09:00:47,7.5,,,NOISE,2025-02-06T09:00:47,7.5,,,NOISE,2025-02-06T09:00:47,7.5,,,NOISE,2025-02-06T09:00:47,7.5,,,NOISE
2026-03-06T09:18:06.426019,Map-Energy__sum__linear-conv00222-20250206_120047-20250206_180047-5.000000-10.000000.png,2025-02-06T12:00:47,2025-02-06T18:00:47,5.0,10.0,2025-02-06T15:00:47,7.5,,,NOISE,2025-02-06T15:00:47,7.5,,,NOISE,2025-02-06T15:00:47,7.5,,,NOISE,2025-02-06T15:00:47,7.5,,,NOISE
2026-03-06T09:18:07.193884,Map-Energy__sum__linear-conv00232-20250206_180047-20250207_000047-5.000000-10.000000.png,2025-02-06T18:00:47,2025-02-07T00:00:47,5.0,10.0,2025-02-06T21:00:47,7.5,,,NOISE,2025-02-06T21:00:47,7.5,,,NOISE,2025-02-06T21:00:47,7.5,,,NOISE,2025-02-06T21:00:47,7.5,,,NOISE
2026-03-06T09:18:07.937958,Map-Energy__sum__linear-conv00242-20250207_000047-20250207_060047-5.000000-10.000000.png,2025-02-07T00:00:47,2025-02-07T06:00:47,5.0,10.0,2025-02-07T03:00:47,7.5,,,NOISE,2025-02-07T03:00:47,7.5,,,NOISE,2025-02-07T03:00:47,7.5,,,NOISE,2025-02-07T03:00:47,7.5,,,NOISE
2026-03-06T09:18:08.673948,Map-Energy__sum__linear-conv00252-20250207_060047-20250207_120047-5.000000-10.000000.png,2025-02-07T06:00:47,2025-02-07T12:00:47,5.0,10.0,2025-02-07T09:00:47,7.5,,,NOISE,2025-02-07T09:00:47,7.5,,,NOISE,2025-02-07T09:00:47,7.5,,,NOISE,2025-02-07T09:00:47,7.5,,,NOISE
2026-03-06T09:18:09.452578,Map-Energy__sum__linear-conv00262-20250207_120047-20250207_180047-5.000000-10.000000.png,2025-02-07T12:00:47,2025-02-07T18:00:47,5.0,10.0,2025-02-07T15:00:47,7.5,,,NOISE,2025-02-07T15:00:47,7.5,,,NOISE,2025-02-07T15:00:47,7.5,,,NOISE,2025-02-07T15:00:47,7.5,,,NOISE
2026-03-06T09:18:10.201738,Map-Energy__sum__linear-conv00272-20250207_180047-20250208_000047-5.000000-10.000000.png,2025-02-07T18:00:47,2025-02-08T00:00:47,5.0,10.0,2025-02-07T21:00:47,7.5,,,NOISE,2025-02-07T21:00:47,7.5,,,NOISE,2025-02-07T21:00:47,7.5,,,NOISE,2025-02-07T21:00:47,7.5,,,NOISE
2026-03-06T09:18:11.026065,Map-Energy__sum__linear-conv00282-20250208_000047-20250208_060047-5.000000-10.000000.png,2025-02-08T00:00:47,2025-02-08T06:00:47,5.0,10.0,2025-02-08T03:00:47,7.5,,,NOISE,2025-02-08T03:00:47,7.5,,,NOISE,2025-02-08T03:00:47,7.5,,,NOISE,2025-02-08T03:00:47,7.5,,,NOISE
2026-03-06T09:18:11.786046,Map-Energy__sum__linear-conv00292-20250208_060047-20250208_120047-5.000000-10.000000.png,2025-02-08T06:00:47,2025-02-08T12:00:47,5.0,10.0,2025-02-08T09:00:47,7.5,,,NOISE,2025-02-08T09:00:47,7.5,,,NOISE,2025-02-08T09:00:47,7.5,,,NOISE,2025-02-08T09:00:47,7.5,,,NOISE
2026-03-06T09:18:12.529952,Map-Energy__sum__linear-conv00302-20250208_120047-20250208_180047-5.000000-10.000000.png,2025-02-08T12:00:47,2025-02-08T18:00:47,5.0,10.0,2025-02-08T15:00:47,7.5,,,NOISE,2025-02-08T15:00:47,7.5,,,NOISE,2025-02-08T15:00:47,7.5,,,NOISE,2025-02-08T15:00:47,7.5,,,NOISE
2026-03-06T09:18:13.913955,Map-Energy__sum__linear-conv00312-20250208_180047-20250209_000047-5.000000-10.000000.png,2025-02-08T18:00:47,2025-02-09T00:00:47,5.0,10.0,2025-02-08T21:00:47,7.5,,,NOISE,2025-02-08T21:00:47,7.5,,,NOISE,2025-02-08T21:00:47,7.5,,,NOISE,2025-02-08T21:00:47,7.5,,,NOISE
2026-03-06T09:18:14.809995,Map-Energy__sum__linear-conv00322-20250209_000047-20250209_060047-5.000000-10.000000.png,2025-02-09T00:00:47,2025-02-09T06:00:47,5.0,10.0,2025-02-09T03:00:47,7.5,,,NOISE,2025-02-09T03:00:47,7.5,,,NOISE,2025-02-09T03:00:47,7.5,,,NOISE,2025-02-09T03:00:47,7.5,,,NOISE
2026-03-06T09:18:15.617804,Map-Energy__sum__linear-conv00332-20250209_060047-20250209_120047-5.000000-10.000000.png,2025-02-09T06:00:47,2025-02-09T12:00:47,5.0,10.0,2025-02-09T09:00:47,7.5,,,NOISE,2025-02-09T09:00:47,7.5,,,NOISE,2025-02-09T09:00:47,7.5,,,NOISE,2025-02-09T09:00:47,7.5,,,NOISE
2026-03-06T09:18:16.889786,Map-Energy__sum__linear-conv00342-20250209_120047-20250209_180047-5.000000-10.000000.png,2025-02-09T12:00:47,2025-02-09T18:00:47,5.0,10.0,2025-02-09T15:00:47,7.5,,,NOISE,2025-02-09T15:00:47,7.5,,,NOISE,2025-02-09T15:00:47,7.5,,,NOISE,2025-02-09T15:00:47,7.5,,,NOISE
2026-03-06T09:18:17.898369,Map-Energy__sum__linear-conv00352-20250209_180047-20250210_000047-5.000000-10.000000.png,2025-02-09T18:00:47,2025-02-10T00:00:47,5.0,10.0,2025-02-09T21:00:47,7.5,,,NOISE,2025-02-09T21:00:47,7.5,,,NOISE,2025-02-09T21:00:47,7.5,,,NOISE,2025-02-09T21:00:47,7.5,,,NOISE
2026-03-06T09:18:18.682044,Map-Energy__sum__linear-conv00362-20250210_000047-20250210_060047-5.000000-10.000000.png,2025-02-10T00:00:47,2025-02-10T06:00:47,5.0,10.0,2025-02-10T03:00:47,7.5,,,NOISE,2025-02-10T03:00:47,7.5,,,NOISE,2025-02-10T03:00:47,7.5,,,NOISE,2025-02-10T03:00:47,7.5,,,NOISE
2026-03-06T09:18:30.321871,Map-Energy__sum__linear-conv00372-20250210_060047-20250210_120047-5.000000-10.000000.png,2025-02-10T06:00:47,2025-02-10T12:00:47,5.0,10.0,2025-02-10T09:00:47,7.5,,,NOISE,2025-02-10T09:00:47,7.5,,,NOISE,2025-02-10T09:00:47,7.5,,,NOISE,2025-02-10T09:00:47,7.5,,,NOISE
2026-03-06T09:18:32.610052,Map-Energy__sum__linear-conv00382-20250210_120047-20250210_180047-5.000000-10.000000.png,2025-02-10T12:00:47,2025-02-10T18:00:47,5.0,10.0,2025-02-10T15:00:47,7.5,,,NOISE,2025-02-10T15:00:47,7.5,,,NOISE,2025-02-10T15:00:47,7.5,,,NOISE,2025-02-10T15:00:47,7.5,,,NOISE
2026-03-06T09:18:33.890006,Map-Energy__sum__linear-conv00392-20250210_180047-20250211_000047-5.000000-10.000000.png,2025-02-10T18:00:47,2025-02-11T00:00:47,5.0,10.0,2025-02-10T21:00:47,7.5,,,NOISE,2025-02-10T21:00:47,7.5,,,NOISE,2025-02-10T21:00:47,7.5,,,NOISE,2025-02-10T21:00:47,7.5,,,NOISE
2026-03-06T09:18:35.049954,Map-Energy__sum__linear-conv00402-20250211_000047-20250211_060047-5.000000-10.000000.png,2025-02-11T00:00:47,2025-02-11T06:00:47,5.0,10.0,2025-02-11T03:00:47,7.5,,,NOISE,2025-02-11T03:00:47,7.5,,,NOISE,2025-02-11T03:00:47,7.5,,,NOISE,2025-02-11T03:00:47,7.5,,,NOISE
2026-03-06T09:18:36.114396,Map-Energy__sum__linear-conv00412-20250211_060047-20250211_120047-5.000000-10.000000.png,2025-02-11T06:00:47,2025-02-11T12:00:47,5.0,10.0,2025-02-11T09:00:47,7.5,,,NOISE,2025-02-11T09:00:47,7.5,,,NOISE,2025-02-11T09:00:47,7.5,,,NOISE,2025-02-11T09:00:47,7.5,,,NOISE
2026-03-06T09:18:38.569860,Map-Energy__sum__linear-conv00422-20250211_120047-20250211_180047-5.000000-10.000000.png,2025-02-11T12:00:47,2025-02-11T18:00:47,5.0,10.0,2025-02-11T15:00:47,7.5,,,NOISE,2025-02-11T15:00:47,7.5,,,NOISE,2025-02-11T15:00:47,7.5,,,NOISE,2025-02-11T15:00:47,7.5,,,NOISE
2026-03-06T09:18:39.681930,Map-Energy__sum__linear-conv00432-20250211_180047-20250212_000047-5.000000-10.000000.png,2025-02-11T18:00:47,2025-02-12T00:00:47,5.0,10.0,2025-02-11T21:00:47,7.5,,,NOISE,2025-02-11T21:00:47,7.5,,,NOISE,2025-02-11T21:00:47,7.5,,,NOISE,2025-02-11T21:00:47,7.5,,,NOISE
2026-03-06T09:18:40.753984,Map-Energy__sum__linear-conv00442-20250212_000047-20250212_060047-5.000000-10.000000.png,2025-02-12T00:00:47,2025-02-12T06:00:47,5.0,10.0,2025-02-12T03:00:47,7.5,,,NOISE,2025-02-12T03:00:47,7.5,,,NOISE,2025-02-12T03:00:47,7.5,,,NOISE,2025-02-12T03:00:47,7.5,,,NOISE
2026-03-06T09:18:41.713967,Map-Energy__sum__linear-conv00452-20250212_060047-20250212_120047-5.000000-10.000000.png,2025-02-12T06:00:47,2025-02-12T12:00:47,5.0,10.0,2025-02-12T09:00:47,7.5,,,NOISE,2025-02-12T09:00:47,7.5,,,NOISE,2025-02-12T09:00:47,7.5,,,NOISE,2025-02-12T09:00:47,7.5,,,NOISE
2026-03-06T09:18:42.657831,Map-Energy__sum__linear-conv00462-20250212_120047-20250212_180047-5.000000-10.000000.png,2025-02-12T12:00:47,2025-02-12T18:00:47,5.0,10.0,2025-02-12T15:00:47,7.5,,,NOISE,2025-02-12T15:00:47,7.5,,,NOISE,2025-02-12T15:00:47,7.5,,,NOISE,2025-02-12T15:00:47,7.5,,,NOISE
2026-03-06T09:18:43.585902,Map-Energy__sum__linear-conv00472-20250212_180047-20250213_000047-5.000000-10.000000.png,2025-02-12T18:00:47,2025-02-13T00:00:47,5.0,10.0,2025-02-12T21:00:47,7.5,,,NOISE,2025-02-12T21:00:47,7.5,,,NOISE,2025-02-12T21:00:47,7.5,,,NOISE,2025-02-12T21:00:47,7.5,,,NOISE
2026-03-06T09:18:44.521929,Map-Energy__sum__linear-conv00482-20250213_000047-20250213_060047-5.000000-10.000000.png,2025-02-13T00:00:47,2025-02-13T06:00:47,5.0,10.0,2025-02-13T03:00:47,7.5,,,NOISE,2025-02-13T03:00:47,7.5,,,NOISE,2025-02-13T03:00:47,7.5,,,NOISE,2025-02-13T03:00:47,7.5,,,NOISE
2026-03-06T09:18:45.338117,Map-Energy__sum__linear-conv00492-20250213_060047-20250213_120047-5.000000-10.000000.png,2025-02-13T06:00:47,2025-02-13T12:00:47,5.0,10.0,2025-02-13T09:00:47,7.5,,,NOISE,2025-02-13T09:00:47,7.5,,,NOISE,2025-02-13T09:00:47,7.5,,,NOISE,2025-02-13T09:00:47,7.5,,,NOISE
2026-03-06T09:18:46.137917,Map-Energy__sum__linear-conv00502-20250213_120047-20250213_180047-5.000000-10.000000.png,2025-02-13T12:00:47,2025-02-13T18:00:47,5.0,10.0,2025-02-13T15:00:47,7.5,,,NOISE,2025-02-13T15:00:47,7.5,,,NOISE,2025-02-13T15:00:47,7.5,,,NOISE,2025-02-13T15:00:47,7.5,,,NOISE
2026-03-06T09:18:46.961822,Map-Energy__sum__linear-conv00512-20250213_180047-20250214_000047-5.000000-10.000000.png,2025-02-13T18:00:47,2025-02-14T00:00:47,5.0,10.0,2025-02-13T21:00:47,7.5,,,NOISE,2025-02-13T21:00:47,7.5,,,NOISE,2025-02-13T21:00:47,7.5,,,NOISE,2025-02-13T21:00:47,7.5,,,NOISE
2026-03-06T09:18:47.970084,Map-Energy__sum__linear-conv00522-20250214_000047-20250214_060047-5.000000-10.000000.png,2025-02-14T00:00:47,2025-02-14T06:00:47,5.0,10.0,2025-02-14T03:00:47,7.5,,,NOISE,2025-02-14T03:00:47,7.5,,,NOISE,2025-02-14T03:00:47,7.5,,,NOISE,2025-02-14T03:00:47,7.5,,,NOISE
2026-03-06T09:18:48.778142,Map-Energy__sum__linear-conv00532-20250214_060047-20250214_120047-5.000000-10.000000.png,2025-02-14T06:00:47,2025-02-14T12:00:47,5.0,10.0,2025-02-14T09:00:47,7.5,,,NOISE,2025-02-14T09:00:47,7.5,,,NOISE,2025-02-14T09:00:47,7.5,,,NOISE,2025-02-14T09:00:47,7.5,,,NOISE
2026-03-06T09:18:49.769986,Map-Energy__sum__linear-conv00542-20250214_120047-20250214_180047-5.000000-10.000000.png,2025-02-14T12:00:47,2025-02-14T18:00:47,5.0,10.0,2025-02-14T15:00:47,7.5,,,NOISE,2025-02-14T15:00:47,7.5,,,NOISE,2025-02-14T15:00:47,7.5,,,NOISE,2025-02-14T15:00:47,7.5,,,NOISE
2026-03-06T09:18:50.586045,Map-Energy__sum__linear-conv00552-20250214_180047-20250215_000047-5.000000-10.000000.png,2025-02-14T18:00:47,2025-02-15T00:00:47,5.0,10.0,2025-02-14T21:00:47,7.5,,,NOISE,2025-02-14T21:00:47,7.5,,,NOISE,2025-02-14T21:00:47,7.5,,,NOISE,2025-02-14T21:00:47,7.5,,,NOISE
2026-03-06T09:18:51.417813,Map-Energy__sum__linear-conv00562-20250215_000047-20250215_060047-5.000000-10.000000.png,2025-02-15T00:00:47,2025-02-15T06:00:47,5.0,10.0,2025-02-15T03:00:47,7.5,,,NOISE,2025-02-15T03:00:47,7.5,,,NOISE,2025-02-15T03:00:47,7.5,,,NOISE,2025-02-15T03:00:47,7.5,,,NOISE
2026-03-06T09:18:52.226018,Map-Energy__sum__linear-conv00572-20250215_060047-20250215_120047-5.000000-10.000000.png,2025-02-15T06:00:47,2025-02-15T12:00:47,5.0,10.0,2025-02-15T09:00:47,7.5,,,NOISE,2025-02-15T09:00:47,7.5,,,NOISE,2025-02-15T09:00:47,7.5,,,NOISE,2025-02-15T09:00:47,7.5,,,NOISE
2026-03-06T09:18:53.025663,Map-Energy__sum__linear-conv00582-20250215_120047-20250215_180047-5.000000-10.000000.png,2025-02-15T12:00:47,2025-02-15T18:00:47,5.0,10.0,2025-02-15T15:00:47,7.5,,,NOISE,2025-02-15T15:00:47,7.5,,,NOISE,2025-02-15T15:00:47,7.5,,,NOISE,2025-02-15T15:00:47,7.5,,,NOISE
2026-03-06T09:18:53.817868,Map-Energy__sum__linear-conv00592-20250215_180047-20250216_000047-5.000000-10.000000.png,2025-02-15T18:00:47,2025-02-16T00:00:47,5.0,10.0,2025-02-15T21:00:47,7.5,,,NOISE,2025-02-15T21:00:47,7.5,,,NOISE,2025-02-15T21:00:47,7.5,,,NOISE,2025-02-15T21:00:47,7.5,,,NOISE
2026-03-06T09:18:54.673869,Map-Energy__sum__linear-conv00602-20250216_000047-20250216_060047-5.000000-10.000000.png,2025-02-16T00:00:47,2025-02-16T06:00:47,5.0,10.0,2025-02-16T03:00:47,7.5,,,NOISE,2025-02-16T03:00:47,7.5,,,NOISE,2025-02-16T03:00:47,7.5,,,NOISE,2025-02-16T03:00:47,7.5,,,NOISE
2026-03-06T09:18:55.601765,Map-Energy__sum__linear-conv00612-20250216_060047-20250216_120047-5.000000-10.000000.png,2025-02-16T06:00:47,2025-02-16T12:00:47,5.0,10.0,2025-02-16T09:00:47,7.5,,,NOISE,2025-02-16T09:00:47,7.5,,,NOISE,2025-02-16T09:00:47,7.5,,,NOISE,2025-02-16T09:00:47,7.5,,,NOISE
2026-03-06T09:18:56.497726,Map-Energy__sum__linear-conv00622-20250216_120047-20250216_180047-5.000000-10.000000.png,2025-02-16T12:00:47,2025-02-16T18:00:47,5.0,10.0,2025-02-16T15:00:47,7.5,,,NOISE,2025-02-16T15:00:47,7.5,,,NOISE,2025-02-16T15:00:47,7.5,,,NOISE,2025-02-16T15:00:47,7.5,,,NOISE
2026-03-06T09:18:57.305831,Map-Energy__sum__linear-conv00632-20250216_180047-20250217_000047-5.000000-10.000000.png,2025-02-16T18:00:47,2025-02-17T00:00:47,5.0,10.0,2025-02-16T21:00:47,7.5,,,NOISE,2025-02-16T21:00:47,7.5,,,NOISE,2025-02-16T21:00:47,7.5,,,NOISE,2025-02-16T21:00:47,7.5,,,NOISE
2026-03-06T09:18:58.097957,Map-Energy__sum__linear-conv00642-20250217_000047-20250217_060047-5.000000-10.000000.png,2025-02-17T00:00:47,2025-02-17T06:00:47,5.0,10.0,2025-02-17T03:00:47,7.5,,,NOISE,2025-02-17T03:00:47,7.5,,,NOISE,2025-02-17T03:00:47,7.5,,,NOISE,2025-02-17T03:00:47,7.5,,,NOISE
2026-03-06T09:18:58.873928,Map-Energy__sum__linear-conv00652-20250217_060047-20250217_120047-5.000000-10.000000.png,2025-02-17T06:00:47,2025-02-17T12:00:47,5.0,10.0,2025-02-17T09:00:47,7.5,,,NOISE,2025-02-17T09:00:47,7.5,,,NOISE,2025-02-17T09:00:47,7.5,,,NOISE,2025-02-17T09:00:47,7.5,,,NOISE
2026-03-06T09:18:59.889899,Map-Energy__sum__linear-conv00662-20250217_120047-20250217_180047-5.000000-10.000000.png,2025-02-17T12:00:47,2025-02-17T18:00:47,5.0,10.0,2025-02-17T15:00:47,7.5,,,NOISE,2025-02-17T15:00:47,7.5,,,NOISE,2025-02-17T15:00:47,7.5,,,NOISE,2025-02-17T15:00:47,7.5,,,NOISE
2026-03-06T09:19:02.473914,Map-Energy__sum__linear-conv00672-20250217_180047-20250218_000047-5.000000-10.000000.png,2025-02-17T18:00:47,2025-02-18T00:00:47,5.0,10.0,2025-02-17T21:00:47,7.5,,,NOISE,2025-02-17T21:00:47,7.5,,,NOISE,2025-02-17T21:00:47,7.5,,,NOISE,2025-02-17T21:00:47,7.5,,,NOISE
2026-03-06T09:19:03.785898,Map-Energy__sum__linear-conv00682-20250218_000047-20250218_060047-5.000000-10.000000.png,2025-02-18T00:00:47,2025-02-18T06:00:47,5.0,10.0,2025-02-18T03:00:47,7.5,,,NOISE,2025-02-18T03:00:47,7.5,,,NOISE,2025-02-18T03:00:47,7.5,,,NOISE,2025-02-18T03:00:47,7.5,,,NOISE
2026-03-06T09:19:04.633961,Map-Energy__sum__linear-conv00692-20250218_060047-20250218_120047-5.000000-10.000000.png,2025-02-18T06:00:47,2025-02-18T12:00:47,5.0,10.0,2025-02-18T09:00:47,7.5,,,NOISE,2025-02-18T09:00:47,7.5,,,NOISE,2025-02-18T09:00:47,7.5,,,NOISE,2025-02-18T09:00:47,7.5,,,NOISE
2026-03-06T09:19:05.401897,Map-Energy__sum__linear-conv00702-20250218_120047-20250218_180047-5.000000-10.000000.png,2025-02-18T12:00:47,2025-02-18T18:00:47,5.0,10.0,2025-02-18T15:00:47,7.5,,,NOISE,2025-02-18T15:00:47,7.5,,,NOISE,2025-02-18T15:00:47,7.5,,,NOISE,2025-02-18T15:00:47,7.5,,,NOISE
2026-03-06T09:19:06.241827,Map-Energy__sum__linear-conv00712-20250218_180047-20250219_000047-5.000000-10.000000.png,2025-02-18T18:00:47,2025-02-19T00:00:47,5.0,10.0,2025-02-18T21:00:47,7.5,,,NOISE,2025-02-18T21:00:47,7.5,,,NOISE,2025-02-18T21:00:47,7.5,,,NOISE,2025-02-18T21:00:47,7.5,,,NOISE
2026-03-06T09:19:07.177856,Map-Energy__sum__linear-conv00722-20250219_000047-20250219_060047-5.000000-10.000000.png,2025-02-19T00:00:47,2025-02-19T06:00:47,5.0,10.0,2025-02-19T03:00:47,7.5,,,NOISE,2025-02-19T03:00:47,7.5,,,NOISE,2025-02-19T03:00:47,7.5,,,NOISE,2025-02-19T03:00:47,7.5,,,NOISE
2026-03-06T09:19:08.169887,Map-Energy__sum__linear-conv00732-20250219_060047-20250219_120047-5.000000-10.000000.png,2025-02-19T06:00:47,2025-02-19T12:00:47,5.0,10.0,2025-02-19T09:00:47,7.5,,,NOISE,2025-02-19T09:00:47,7.5,,,NOISE,2025-02-19T09:00:47,7.5,,,NOISE,2025-02-19T09:00:47,7.5,,,NOISE
2026-03-06T09:19:09.121797,Map-Energy__sum__linear-conv00742-20250219_120047-20250219_180047-5.000000-10.000000.png,2025-02-19T12:00:47,2025-02-19T18:00:47,5.0,10.0,2025-02-19T15:00:47,7.5,,,NOISE,2025-02-19T15:00:47,7.5,,,NOISE,2025-02-19T15:00:47,7.5,,,NOISE,2025-02-19T15:00:47,7.5,,,NOISE
2026-03-06T09:19:10.081909,Map-Energy__sum__linear-conv00752-20250219_180047-20250220_000047-5.000000-10.000000.png,2025-02-19T18:00:47,2025-02-20T00:00:47,5.0,10.0,2025-02-19T21:00:47,7.5,,,NOISE,2025-02-19T21:00:47,7.5,,,NOISE,2025-02-19T21:00:47,7.5,,,NOISE,2025-02-19T21:00:47,7.5,,,NOISE
2026-03-06T09:19:10.985843,Map-Energy__sum__linear-conv00762-20250220_000047-20250220_060047-5.000000-10.000000.png,2025-02-20T00:00:47,2025-02-20T06:00:47,5.0,10.0,2025-02-20T03:00:47,7.5,,,NOISE,2025-02-20T03:00:47,7.5,,,NOISE,2025-02-20T03:00:47,7.5,,,NOISE,2025-02-20T03:00:47,7.5,,,NOISE
2026-03-06T09:19:11.841944,Map-Energy__sum__linear-conv00772-20250220_060047-20250220_120047-5.000000-10.000000.png,2025-02-20T06:00:47,2025-02-20T12:00:47,5.0,10.0,2025-02-20T09:00:47,7.5,,,NOISE,2025-02-20T09:00:47,7.5,,,NOISE,2025-02-20T09:00:47,7.5,,,NOISE,2025-02-20T09:00:47,7.5,,,NOISE
2026-03-06T09:19:12.649958,Map-Energy__sum__linear-conv00782-20250220_120047-20250220_180047-5.000000-10.000000.png,2025-02-20T12:00:47,2025-02-20T18:00:47,5.0,10.0,2025-02-20T15:00:47,7.5,,,NOISE,2025-02-20T15:00:47,7.5,,,NOISE,2025-02-20T15:00:47,7.5,,,NOISE,2025-02-20T15:00:47,7.5,,,NOISE
2026-03-06T09:19:13.529776,Map-Energy__sum__linear-conv00792-20250220_180047-20250221_000047-5.000000-10.000000.png,2025-02-20T18:00:47,2025-02-21T00:00:47,5.0,10.0,2025-02-20T21:00:47,7.5,,,NOISE,2025-02-20T21:00:47,7.5,,,NOISE,2025-02-20T21:00:47,7.5,,,NOISE,2025-02-20T21:00:47,7.5,,,NOISE
2026-03-06T09:19:14.337885,Map-Energy__sum__linear-conv00802-20250221_000047-20250221_060047-5.000000-10.000000.png,2025-02-21T00:00:47,2025-02-21T06:00:47,5.0,10.0,2025-02-21T03:00:47,7.5,,,NOISE,2025-02-21T03:00:47,7.5,,,NOISE,2025-02-21T03:00:47,7.5,,,NOISE,2025-02-21T03:00:47,7.5,,,NOISE
2026-03-06T09:19:15.113872,Map-Energy__sum__linear-conv00812-20250221_060047-20250221_120047-5.000000-10.000000.png,2025-02-21T06:00:47,2025-02-21T12:00:47,5.0,10.0,2025-02-21T09:00:47,7.5,,,NOISE,2025-02-21T09:00:47,7.5,,,NOISE,2025-02-21T09:00:47,7.5,,,NOISE,2025-02-21T09:00:47,7.5,,,NOISE
2026-03-06T09:19:15.881898,Map-Energy__sum__linear-conv00822-20250221_120047-20250221_180047-5.000000-10.000000.png,2025-02-21T12:00:47,2025-02-21T18:00:47,5.0,10.0,2025-02-21T15:00:47,7.5,,,NOISE,2025-02-21T15:00:47,7.5,,,NOISE,2025-02-21T15:00:47,7.5,,,NOISE,2025-02-21T15:00:47,7.5,,,NOISE
2026-03-06T09:19:16.658140,Map-Energy__sum__linear-conv00832-20250221_180047-20250222_000047-5.000000-10.000000.png,2025-02-21T18:00:47,2025-02-22T00:00:47,5.0,10.0,2025-02-21T21:00:47,7.5,,,NOISE,2025-02-21T21:00:47,7.5,,,NOISE,2025-02-21T21:00:47,7.5,,,NOISE,2025-02-21T21:00:47,7.5,,,NOISE
2026-03-06T09:19:17.361918,Map-Energy__sum__linear-conv00842-20250222_000047-20250222_060047-5.000000-10.000000.png,2025-02-22T00:00:47,2025-02-22T06:00:47,5.0,10.0,2025-02-22T03:00:47,7.5,,,NOISE,2025-02-22T03:00:47,7.5,,,NOISE,2025-02-22T03:00:47,7.5,,,NOISE,2025-02-22T03:00:47,7.5,,,NOISE
2026-03-06T09:19:18.121789,Map-Energy__sum__linear-conv00852-20250222_060047-20250222_120047-5.000000-10.000000.png,2025-02-22T06:00:47,2025-02-22T12:00:47,5.0,10.0,2025-02-22T09:00:47,7.5,,,NOISE,2025-02-22T09:00:47,7.5,,,NOISE,2025-02-22T09:00:47,7.5,,,NOISE,2025-02-22T09:00:47,7.5,,,NOISE
2026-03-06T09:19:18.897878,Map-Energy__sum__linear-conv00862-20250222_120047-20250222_180047-5.000000-10.000000.png,2025-02-22T12:00:47,2025-02-22T18:00:47,5.0,10.0,2025-02-22T15:00:47,7.5,,,NOISE,2025-02-22T15:00:47,7.5,,,NOISE,2025-02-22T15:00:47,7.5,,,NOISE,2025-02-22T15:00:47,7.5,,,NOISE
2026-03-06T09:19:19.657813,Map-Energy__sum__linear-conv00872-20250222_180047-20250223_000047-5.000000-10.000000.png,2025-02-22T18:00:47,2025-02-23T00:00:47,5.0,10.0,2025-02-22T21:00:47,7.5,,,NOISE,2025-02-22T21:00:47,7.5,,,NOISE,2025-02-22T21:00:47,7.5,,,NOISE,2025-02-22T21:00:47,7.5,,,NOISE
2026-03-06T09:19:20.425858,Map-Energy__sum__linear-conv00882-20250223_000047-20250223_060047-5.000000-10.000000.png,2025-02-23T00:00:47,2025-02-23T06:00:47,5.0,10.0,2025-02-23T03:00:47,7.5,,,NOISE,2025-02-23T03:00:47,7.5,,,NOISE,2025-02-23T03:00:47,7.5,,,NOISE,2025-02-23T03:00:47,7.5,,,NOISE
2026-03-06T09:19:21.201738,Map-Energy__sum__linear-conv00892-20250223_060047-20250223_120047-5.000000-10.000000.png,2025-02-23T06:00:47,2025-02-23T12:00:47,5.0,10.0,2025-02-23T09:00:47,7.5,,,NOISE,2025-02-23T09:00:47,7.5,,,NOISE,2025-02-23T09:00:47,7.5,,,NOISE,2025-02-23T09:00:47,7.5,,,NOISE
2026-03-06T09:19:21.953938,Map-Energy__sum__linear-conv00902-20250223_120047-20250223_180047-5.000000-10.000000.png,2025-02-23T12:00:47,2025-02-23T18:00:47,5.0,10.0,2025-02-23T15:00:47,7.5,,,NOISE,2025-02-23T15:00:47,7.5,,,NOISE,2025-02-23T15:00:47,7.5,,,NOISE,2025-02-23T15:00:47,7.5,,,NOISE
2026-03-06T09:19:22.689904,Map-Energy__sum__linear-conv00912-20250223_180047-20250224_000047-5.000000-10.000000.png,2025-02-23T18:00:47,2025-02-24T00:00:47,5.0,10.0,2025-02-23T21:00:47,7.5,,,NOISE,2025-02-23T21:00:47,7.5,,,NOISE,2025-02-23T21:00:47,7.5,,,NOISE,2025-02-23T21:00:47,7.5,,,NOISE
2026-03-06T09:19:23.441830,Map-Energy__sum__linear-conv00922-20250224_000047-20250224_060047-5.000000-10.000000.png,2025-02-24T00:00:47,2025-02-24T06:00:47,5.0,10.0,2025-02-24T03:00:47,7.5,,,NOISE,2025-02-24T03:00:47,7.5,,,NOISE,2025-02-24T03:00:47,7.5,,,NOISE,2025-02-24T03:00:47,7.5,,,NOISE
2026-03-06T09:19:24.193841,Map-Energy__sum__linear-conv00932-20250224_060047-20250224_120047-5.000000-10.000000.png,2025-02-24T06:00:47,2025-02-24T12:00:47,5.0,10.0,2025-02-24T09:00:47,7.5,,,NOISE,2025-02-24T09:00:47,7.5,,,NOISE,2025-02-24T09:00:47,7.5,,,NOISE,2025-02-24T09:00:47,7.5,,,NOISE
2026-03-06T09:19:24.953874,Map-Energy__sum__linear-conv00942-20250224_120047-20250224_180047-5.000000-10.000000.png,2025-02-24T12:00:47,2025-02-24T18:00:47,5.0,10.0,2025-02-24T15:00:47,7.5,,,NOISE,2025-02-24T15:00:47,7.5,,,NOISE,2025-02-24T15:00:47,7.5,,,NOISE,2025-02-24T15:00:47,7.5,,,NOISE
2026-03-06T09:19:25.657881,Map-Energy__sum__linear-conv00952-20250224_180047-20250225_000047-5.000000-10.000000.png,2025-02-24T18:00:47,2025-02-25T00:00:47,5.0,10.0,2025-02-24T21:00:47,7.5,,,NOISE,2025-02-24T21:00:47,7.5,,,NOISE,2025-02-24T21:00:47,7.5,,,NOISE,2025-02-24T21:00:47,7.5,,,NOISE
2026-03-06T09:19:26.409847,Map-Energy__sum__linear-conv00962-20250225_000047-20250225_060047-5.000000-10.000000.png,2025-02-25T00:00:47,2025-02-25T06:00:47,5.0,10.0,2025-02-25T03:00:47,7.5,,,NOISE,2025-02-25T03:00:47,7.5,,,NOISE,2025-02-25T03:00:47,7.5,,,NOISE,2025-02-25T03:00:47,7.5,,,NOISE
2026-03-06T09:19:27.169832,Map-Energy__sum__linear-conv00972-20250225_060047-20250225_120047-5.000000-10.000000.png,2025-02-25T06:00:47,2025-02-25T12:00:47,5.0,10.0,2025-02-25T09:00:47,7.5,,,NOISE,2025-02-25T09:00:47,7.5,,,NOISE,2025-02-25T09:00:47,7.5,,,NOISE,2025-02-25T09:00:47,7.5,,,NOISE
2026-03-06T09:19:27.889876,Map-Energy__sum__linear-conv00982-20250225_120047-20250225_180047-5.000000-10.000000.png,2025-02-25T12:00:47,2025-02-25T18:00:47,5.0,10.0,2025-02-25T15:00:47,7.5,,,NOISE,2025-02-25T15:00:47,7.5,,,NOISE,2025-02-25T15:00:47,7.5,,,NOISE,2025-02-25T15:00:47,7.5,,,NOISE
2026-03-06T09:19:28.705846,Map-Energy__sum__linear-conv00992-20250225_180047-20250226_000047-5.000000-10.000000.png,2025-02-25T18:00:47,2025-02-26T00:00:47,5.0,10.0,2025-02-25T21:00:47,7.5,,,NOISE,2025-02-25T21:00:47,7.5,,,NOISE,2025-02-25T21:00:47,7.5,,,NOISE,2025-02-25T21:00:47,7.5,,,NOISE
2026-03-06T09:19:29.433848,Map-Energy__sum__linear-conv01002-20250226_000047-20250226_060047-5.000000-10.000000.png,2025-02-26T00:00:47,2025-02-26T06:00:47,5.0,10.0,2025-02-26T03:00:47,7.5,,,NOISE,2025-02-26T03:00:47,7.5,,,NOISE,2025-02-26T03:00:47,7.5,,,NOISE,2025-02-26T03:00:47,7.5,,,NOISE
2026-03-06T09:19:30.193477,Map-Energy__sum__linear-conv01012-20250226_060047-20250226_120047-5.000000-10.000000.png,2025-02-26T06:00:47,2025-02-26T12:00:47,5.0,10.0,2025-02-26T09:00:47,7.5,,,NOISE,2025-02-26T09:00:47,7.5,,,NOISE,2025-02-26T09:00:47,7.5,,,NOISE,2025-02-26T09:00:47,7.5,,,NOISE
2026-03-06T09:19:30.929916,Map-Energy__sum__linear-conv01022-20250226_120047-20250226_180047-5.000000-10.000000.png,2025-02-26T12:00:47,2025-02-26T18:00:47,5.0,10.0,2025-02-26T15:00:47,7.5,,,NOISE,2025-02-26T15:00:47,7.5,,,NOISE,2025-02-26T15:00:47,7.5,,,NOISE,2025-02-26T15:00:47,7.5,,,NOISE
2026-03-06T09:19:31.769993,Map-Energy__sum__linear-conv01032-20250226_180047-20250227_000047-5.000000-10.000000.png,2025-02-26T18:00:47,2025-02-27T00:00:47,5.0,10.0,2025-02-26T21:00:47,7.5,,,NOISE,2025-02-26T21:00:47,7.5,,,NOISE,2025-02-26T21:00:47,7.5,,,NOISE,2025-02-26T21:00:47,7.5,,,NOISE
2026-03-06T09:19:32.481925,Map-Energy__sum__linear-conv01042-20250227_000047-20250227_060047-5.000000-10.000000.png,2025-02-27T00:00:47,2025-02-27T06:00:47,5.0,10.0,2025-02-27T03:00:47,7.5,,,NOISE,2025-02-27T03:00:47,7.5,,,NOISE,2025-02-27T03:00:47,7.5,,,NOISE,2025-02-27T03:00:47,7.5,,,NOISE
2026-03-06T09:19:33.273792,Map-Energy__sum__linear-conv01052-20250227_060047-20250227_120047-5.000000-10.000000.png,2025-02-27T06:00:47,2025-02-27T12:00:47,5.0,10.0,2025-02-27T09:00:47,7.5,,,NOISE,2025-02-27T09:00:47,7.5,,,NOISE,2025-02-27T09:00:47,7.5,,,NOISE,2025-02-27T09:00:47,7.5,,,NOISE
2026-03-06T09:19:33.961832,Map-Energy__sum__linear-conv01062-20250227_120047-20250227_180047-5.000000-10.000000.png,2025-02-27T12:00:47,2025-02-27T18:00:47,5.0,10.0,2025-02-27T15:00:47,7.5,,,NOISE,2025-02-27T15:00:47,7.5,,,NOISE,2025-02-27T15:00:47,7.5,,,NOISE,2025-02-27T15:00:47,7.5,,,NOISE
2026-03-06T09:19:34.737872,Map-Energy__sum__linear-conv01072-20250227_180047-20250228_000047-5.000000-10.000000.png,2025-02-27T18:00:47,2025-02-28T00:00:47,5.0,10.0,2025-02-27T21:00:47,7.5,,,NOISE,2025-02-27T21:00:47,7.5,,,NOISE,2025-02-27T21:00:47,7.5,,,NOISE,2025-02-27T21:00:47,7.5,,,NOISE
2026-03-06T09:19:35.441733,Map-Energy__sum__linear-conv01082-20250228_000047-20250228_060047-5.000000-10.000000.png,2025-02-28T00:00:47,2025-02-28T06:00:47,5.0,10.0,2025-02-28T03:00:47,7.5,,,NOISE,2025-02-28T03:00:47,7.5,,,NOISE,2025-02-28T03:00:47,7.5,,,NOISE,2025-02-28T03:00:47,7.5,,,NOISE
2026-03-06T09:19:36.161854,Map-Energy__sum__linear-conv01092-20250228_060047-20250228_120047-5.000000-10.000000.png,2025-02-28T06:00:47,2025-02-28T12:00:47,5.0,10.0,2025-02-28T09:00:47,7.5,,,NOISE,2025-02-28T09:00:47,7.5,,,NOISE,2025-02-28T09:00:47,7.5,,,NOISE,2025-02-28T09:00:47,7.5,,,NOISE
2026-03-06T09:19:36.937815,Map-Energy__sum__linear-conv01102-20250228_120047-20250228_180047-5.000000-10.000000.png,2025-02-28T12:00:47,2025-02-28T18:00:47,5.0,10.0,2025-02-28T15:00:47,7.5,,,NOISE,2025-02-28T15:00:47,7.5,,,NOISE,2025-02-28T15:00:47,7.5,,,NOISE,2025-02-28T15:00:47,7.5,,,NOISE
2026-03-06T09:19:37.641878,Map-Energy__sum__linear-conv01112-20250228_180047-20250301_000047-5.000000-10.000000.png,2025-02-28T18:00:47,2025-03-01T00:00:47,5.0,10.0,2025-02-28T21:00:47,7.5,,,NOISE,2025-02-28T21:00:47,7.5,,,NOISE,2025-02-28T21:00:47,7.5,,,NOISE,2025-02-28T21:00:47,7.5,,,NOISE
2026-03-06T09:19:38.377871,Map-Energy__sum__linear-conv00003-20250201_000047-20250201_060047-10.000000-15.000000.png,2025-02-01T00:00:47,2025-02-01T06:00:47,10.0,15.0,2025-02-01T03:00:47,12.5,,,NOISE,2025-02-01T03:00:47,12.5,,,NOISE,2025-02-01T03:00:47,12.5,,,NOISE,2025-02-01T03:00:47,12.5,,,NOISE
2026-03-06T09:19:40.249895,Map-Energy__sum__linear-conv00013-20250201_060047-20250201_120047-10.000000-15.000000.png,2025-02-01T06:00:47,2025-02-01T12:00:47,10.0,15.0,2025-02-01T09:00:47,12.5,,,NOISE,2025-02-01T09:00:47,12.5,,,NOISE,2025-02-01T09:00:47,12.5,,,NOISE,2025-02-01T09:00:47,12.5,,,NOISE
2026-03-06T09:19:41.745829,Map-Energy__sum__linear-conv00023-20250201_120047-20250201_180047-10.000000-15.000000.png,2025-02-01T12:00:47,2025-02-01T18:00:47,10.0,15.0,2025-02-01T15:00:47,12.5,,,NOISE,2025-02-01T15:00:47,12.5,,,NOISE,2025-02-01T15:00:47,12.5,,,NOISE,2025-02-01T15:00:47,12.5,,,NOISE
2026-03-06T09:19:42.825796,Map-Energy__sum__linear-conv00033-20250201_180047-20250202_000047-10.000000-15.000000.png,2025-02-01T18:00:47,2025-02-02T00:00:47,10.0,15.0,2025-02-01T21:00:47,12.5,,,NOISE,2025-02-01T21:00:47,12.5,,,NOISE,2025-02-01T21:00:47,12.5,,,NOISE,2025-02-01T21:00:47,12.5,,,NOISE
2026-03-06T09:19:43.673878,Map-Energy__sum__linear-conv00043-20250202_000047-20250202_060047-10.000000-15.000000.png,2025-02-02T00:00:47,2025-02-02T06:00:47,10.0,15.0,2025-02-02T03:00:47,12.5,,,NOISE,2025-02-02T03:00:47,12.5,,,NOISE,2025-02-02T03:00:47,12.5,,,NOISE,2025-02-02T03:00:47,12.5,,,NOISE
2026-03-06T09:19:44.633912,Map-Energy__sum__linear-conv00053-20250202_060047-20250202_120047-10.000000-15.000000.png,2025-02-02T06:00:47,2025-02-02T12:00:47,10.0,15.0,2025-02-02T09:00:47,12.5,,,NOISE,2025-02-02T09:00:47,12.5,,,NOISE,2025-02-02T09:00:47,12.5,,,NOISE,2025-02-02T09:00:47,12.5,,,NOISE
2026-03-06T09:19:45.497775,Map-Energy__sum__linear-conv00063-20250202_120047-20250202_180047-10.000000-15.000000.png,2025-02-02T12:00:47,2025-02-02T18:00:47,10.0,15.0,2025-02-02T15:00:47,12.5,,,NOISE,2025-02-02T15:00:47,12.5,,,NOISE,2025-02-02T15:00:47,12.5,,,NOISE,2025-02-02T15:00:47,12.5,,,NOISE
2026-03-06T09:19:46.505750,Map-Energy__sum__linear-conv00073-20250202_180047-20250203_000047-10.000000-15.000000.png,2025-02-02T18:00:47,2025-02-03T00:00:47,10.0,15.0,2025-02-02T21:00:47,12.5,,,NOISE,2025-02-02T21:00:47,12.5,,,NOISE,2025-02-02T21:00:47,12.5,,,NOISE,2025-02-02T21:00:47,12.5,,,NOISE
2026-03-06T09:19:47.570892,Map-Energy__sum__linear-conv00083-20250203_000047-20250203_060047-10.000000-15.000000.png,2025-02-03T00:00:47,2025-02-03T06:00:47,10.0,15.0,2025-02-03T03:00:47,12.5,,,NOISE,2025-02-03T03:00:47,12.5,,,NOISE,2025-02-03T03:00:47,12.5,,,NOISE,2025-02-03T03:00:47,12.5,,,NOISE
2026-03-06T09:19:48.489881,Map-Energy__sum__linear-conv00093-20250203_060047-20250203_120047-10.000000-15.000000.png,2025-02-03T06:00:47,2025-02-03T12:00:47,10.0,15.0,2025-02-03T09:00:47,12.5,,,NOISE,2025-02-03T09:00:47,12.5,,,NOISE,2025-02-03T09:00:47,12.5,,,NOISE,2025-02-03T09:00:47,12.5,,,NOISE
2026-03-06T09:19:49.473916,Map-Energy__sum__linear-conv00103-20250203_120047-20250203_180047-10.000000-15.000000.png,2025-02-03T12:00:47,2025-02-03T18:00:47,10.0,15.0,2025-02-03T15:00:47,12.5,,,NOISE,2025-02-03T15:00:47,12.5,,,NOISE,2025-02-03T15:00:47,12.5,,,NOISE,2025-02-03T15:00:47,12.5,,,NOISE
2026-03-06T09:19:50.337693,Map-Energy__sum__linear-conv00113-20250203_180047-20250204_000047-10.000000-15.000000.png,2025-02-03T18:00:47,2025-02-04T00:00:47,10.0,15.0,2025-02-03T21:00:47,12.5,,,NOISE,2025-02-03T21:00:47,12.5,,,NOISE,2025-02-03T21:00:47,12.5,,,NOISE,2025-02-03T21:00:47,12.5,,,NOISE
2026-03-06T09:19:59.697920,Map-Energy__sum__linear-conv00123-20250204_000047-20250204_060047-10.000000-15.000000.png,2025-02-04T00:00:47,2025-02-04T06:00:47,10.0,15.0,2025-02-04T03:00:47,12.5,,,NOISE,2025-02-04T03:00:47,12.5,,,NOISE,2025-02-04T03:00:47,12.5,,,NOISE,2025-02-04T03:00:47,12.5,,,NOISE
2026-03-06T09:20:17.329950,Map-Energy__sum__linear-conv00133-20250204_060047-20250204_120047-10.000000-15.000000.png,2025-02-04T06:00:47,2025-02-04T12:00:47,10.0,15.0,2025-02-04T06:43:10,12.321014,,,OTHER,2025-02-04T08:27:24,11.877442,,,OTHER,2025-02-04T09:00:47,12.5,,,NOISE,2025-02-04T09:00:47,12.5,,,NOISE
2026-03-06T09:20:20.249706,Map-Energy__sum__linear-conv00143-20250204_120047-20250204_180047-10.000000-15.000000.png,2025-02-04T12:00:47,2025-02-04T18:00:47,10.0,15.0,2025-02-04T15:00:47,12.5,,,NOISE,2025-02-04T15:00:47,12.5,,,NOISE,2025-02-04T15:00:47,12.5,,,NOISE,2025-02-04T15:00:47,12.5,,,NOISE
2026-03-06T09:20:21.441906,Map-Energy__sum__linear-conv00153-20250204_180047-20250205_000047-10.000000-15.000000.png,2025-02-04T18:00:47,2025-02-05T00:00:47,10.0,15.0,2025-02-04T21:00:47,12.5,,,NOISE,2025-02-04T21:00:47,12.5,,,NOISE,2025-02-04T21:00:47,12.5,,,NOISE,2025-02-04T21:00:47,12.5,,,NOISE
2026-03-06T09:20:23.265909,Map-Energy__sum__linear-conv00163-20250205_000047-20250205_060047-10.000000-15.000000.png,2025-02-05T00:00:47,2025-02-05T06:00:47,10.0,15.0,2025-02-05T03:00:47,12.5,,,NOISE,2025-02-05T03:00:47,12.5,,,NOISE,2025-02-05T03:00:47,12.5,,,NOISE,2025-02-05T03:00:47,12.5,,,NOISE
2026-03-06T09:20:24.185834,Map-Energy__sum__linear-conv00173-20250205_060047-20250205_120047-10.000000-15.000000.png,2025-02-05T06:00:47,2025-02-05T12:00:47,10.0,15.0,2025-02-05T09:00:47,12.5,,,NOISE,2025-02-05T09:00:47,12.5,,,NOISE,2025-02-05T09:00:47,12.5,,,NOISE,2025-02-05T09:00:47,12.5,,,NOISE
2026-03-06T09:20:25.090357,Map-Energy__sum__linear-conv00183-20250205_120047-20250205_180047-10.000000-15.000000.png,2025-02-05T12:00:47,2025-02-05T18:00:47,10.0,15.0,2025-02-05T15:00:47,12.5,,,NOISE,2025-02-05T15:00:47,12.5,,,NOISE,2025-02-05T15:00:47,12.5,,,NOISE,2025-02-05T15:00:47,12.5,,,NOISE
2026-03-06T09:20:26.026081,Map-Energy__sum__linear-conv00193-20250205_180047-20250206_000047-10.000000-15.000000.png,2025-02-05T18:00:47,2025-02-06T00:00:47,10.0,15.0,2025-02-05T21:00:47,12.5,,,NOISE,2025-02-05T21:00:47,12.5,,,NOISE,2025-02-05T21:00:47,12.5,,,NOISE,2025-02-05T21:00:47,12.5,,,NOISE
2026-03-06T09:20:26.841768,Map-Energy__sum__linear-conv00203-20250206_000047-20250206_060047-10.000000-15.000000.png,2025-02-06T00:00:47,2025-02-06T06:00:47,10.0,15.0,2025-02-06T03:00:47,12.5,,,NOISE,2025-02-06T03:00:47,12.5,,,NOISE,2025-02-06T03:00:47,12.5,,,NOISE,2025-02-06T03:00:47,12.5,,,NOISE
2026-03-06T09:20:27.858952,Map-Energy__sum__linear-conv00213-20250206_060047-20250206_120047-10.000000-15.000000.png,2025-02-06T06:00:47,2025-02-06T12:00:47,10.0,15.0,2025-02-06T09:00:47,12.5,,,NOISE,2025-02-06T09:00:47,12.5,,,NOISE,2025-02-06T09:00:47,12.5,,,NOISE,2025-02-06T09:00:47,12.5,,,NOISE
2026-03-06T09:20:28.673754,Map-Energy__sum__linear-conv00223-20250206_120047-20250206_180047-10.000000-15.000000.png,2025-02-06T12:00:47,2025-02-06T18:00:47,10.0,15.0,2025-02-06T15:00:47,12.5,,,NOISE,2025-02-06T15:00:47,12.5,,,NOISE,2025-02-06T15:00:47,12.5,,,NOISE,2025-02-06T15:00:47,12.5,,,NOISE
2026-03-06T09:20:29.729977,Map-Energy__sum__linear-conv00233-20250206_180047-20250207_000047-10.000000-15.000000.png,2025-02-06T18:00:47,2025-02-07T00:00:47,10.0,15.0,2025-02-06T21:00:47,12.5,,,NOISE,2025-02-06T21:00:47,12.5,,,NOISE,2025-02-06T21:00:47,12.5,,,NOISE,2025-02-06T21:00:47,12.5,,,NOISE
2026-03-06T09:20:30.609654,Map-Energy__sum__linear-conv00243-20250207_000047-20250207_060047-10.000000-15.000000.png,2025-02-07T00:00:47,2025-02-07T06:00:47,10.0,15.0,2025-02-07T03:00:47,12.5,,,NOISE,2025-02-07T03:00:47,12.5,,,NOISE,2025-02-07T03:00:47,12.5,,,NOISE,2025-02-07T03:00:47,12.5,,,NOISE
2026-03-06T09:20:31.441951,Map-Energy__sum__linear-conv00253-20250207_060047-20250207_120047-10.000000-15.000000.png,2025-02-07T06:00:47,2025-02-07T12:00:47,10.0,15.0,2025-02-07T09:00:47,12.5,,,NOISE,2025-02-07T09:00:47,12.5,,,NOISE,2025-02-07T09:00:47,12.5,,,NOISE,2025-02-07T09:00:47,12.5,,,NOISE
2026-03-06T09:20:32.289799,Map-Energy__sum__linear-conv00263-20250207_120047-20250207_180047-10.000000-15.000000.png,2025-02-07T12:00:47,2025-02-07T18:00:47,10.0,15.0,2025-02-07T15:00:47,12.5,,,NOISE,2025-02-07T15:00:47,12.5,,,NOISE,2025-02-07T15:00:47,12.5,,,NOISE,2025-02-07T15:00:47,12.5,,,NOISE
2026-03-06T09:20:33.169802,Map-Energy__sum__linear-conv00273-20250207_180047-20250208_000047-10.000000-15.000000.png,2025-02-07T18:00:47,2025-02-08T00:00:47,10.0,15.0,2025-02-07T21:00:47,12.5,,,NOISE,2025-02-07T21:00:47,12.5,,,NOISE,2025-02-07T21:00:47,12.5,,,NOISE,2025-02-07T21:00:47,12.5,,,NOISE
2026-03-06T09:20:34.201815,Map-Energy__sum__linear-conv00283-20250208_000047-20250208_060047-10.000000-15.000000.png,2025-02-08T00:00:47,2025-02-08T06:00:47,10.0,15.0,2025-02-08T03:00:47,12.5,,,NOISE,2025-02-08T03:00:47,12.5,,,NOISE,2025-02-08T03:00:47,12.5,,,NOISE,2025-02-08T03:00:47,12.5,,,NOISE
2026-03-06T09:20:35.145854,Map-Energy__sum__linear-conv00293-20250208_060047-20250208_120047-10.000000-15.000000.png,2025-02-08T06:00:47,2025-02-08T12:00:47,10.0,15.0,2025-02-08T09:00:47,12.5,,,NOISE,2025-02-08T09:00:47,12.5,,,NOISE,2025-02-08T09:00:47,12.5,,,NOISE,2025-02-08T09:00:47,12.5,,,NOISE
2026-03-06T09:20:36.186074,Map-Energy__sum__linear-conv00303-20250208_120047-20250208_180047-10.000000-15.000000.png,2025-02-08T12:00:47,2025-02-08T18:00:47,10.0,15.0,2025-02-08T15:00:47,12.5,,,NOISE,2025-02-08T15:00:47,12.5,,,NOISE,2025-02-08T15:00:47,12.5,,,NOISE,2025-02-08T15:00:47,12.5,,,NOISE
2026-03-06T09:20:37.297786,Map-Energy__sum__linear-conv00313-20250208_180047-20250209_000047-10.000000-15.000000.png,2025-02-08T18:00:47,2025-02-09T00:00:47,10.0,15.0,2025-02-08T21:00:47,12.5,,,NOISE,2025-02-08T21:00:47,12.5,,,NOISE,2025-02-08T21:00:47,12.5,,,NOISE,2025-02-08T21:00:47,12.5,,,NOISE
2026-03-06T09:20:38.353747,Map-Energy__sum__linear-conv00323-20250209_000047-20250209_060047-10.000000-15.000000.png,2025-02-09T00:00:47,2025-02-09T06:00:47,10.0,15.0,2025-02-09T03:00:47,12.5,,,NOISE,2025-02-09T03:00:47,12.5,,,NOISE,2025-02-09T03:00:47,12.5,,,NOISE,2025-02-09T03:00:47,12.5,,,NOISE
2026-03-06T09:20:44.217592,Map-Energy__sum__linear-conv00333-20250209_060047-20250209_120047-10.000000-15.000000.png,2025-02-09T06:00:47,2025-02-09T12:00:47,10.0,15.0,2025-02-09T09:00:47,12.5,,,NOISE,2025-02-09T09:00:47,12.5,,,NOISE,2025-02-09T09:00:47,12.5,,,NOISE,2025-02-09T09:00:47,12.5,,,NOISE
2026-03-06T09:20:45.267524,Map-Energy__sum__linear-conv00343-20250209_120047-20250209_180047-10.000000-15.000000.png,2025-02-09T12:00:47,2025-02-09T18:00:47,10.0,15.0,2025-02-09T15:00:47,12.5,,,NOISE,2025-02-09T15:00:47,12.5,,,NOISE,2025-02-09T15:00:47,12.5,,,NOISE,2025-02-09T15:00:47,12.5,,,NOISE
2026-03-06T09:20:46.313704,Map-Energy__sum__linear-conv00353-20250209_180047-20250210_000047-10.000000-15.000000.png,2025-02-09T18:00:47,2025-02-10T00:00:47,10.0,15.0,2025-02-09T21:00:47,12.5,,,NOISE,2025-02-09T21:00:47,12.5,,,NOISE,2025-02-09T21:00:47,12.5,,,NOISE,2025-02-09T21:00:47,12.5,,,NOISE
2026-03-06T09:20:47.225739,Map-Energy__sum__linear-conv00363-20250210_000047-20250210_060047-10.000000-15.000000.png,2025-02-10T00:00:47,2025-02-10T06:00:47,10.0,15.0,2025-02-10T03:00:47,12.5,,,NOISE,2025-02-10T03:00:47,12.5,,,NOISE,2025-02-10T03:00:47,12.5,,,NOISE,2025-02-10T03:00:47,12.5,,,NOISE
2026-03-06T09:20:48.369741,Map-Energy__sum__linear-conv00373-20250210_060047-20250210_120047-10.000000-15.000000.png,2025-02-10T06:00:47,2025-02-10T12:00:47,10.0,15.0,2025-02-10T09:00:47,12.5,,,NOISE,2025-02-10T09:00:47,12.5,,,NOISE,2025-02-10T09:00:47,12.5,,,NOISE,2025-02-10T09:00:47,12.5,,,NOISE
2026-03-06T09:20:49.513646,Map-Energy__sum__linear-conv00383-20250210_120047-20250210_180047-10.000000-15.000000.png,2025-02-10T12:00:47,2025-02-10T18:00:47,10.0,15.0,2025-02-10T15:00:47,12.5,,,NOISE,2025-02-10T15:00:47,12.5,,,NOISE,2025-02-10T15:00:47,12.5,,,NOISE,2025-02-10T15:00:47,12.5,,,NOISE
2026-03-06T09:20:51.025724,Map-Energy__sum__linear-conv00393-20250210_180047-20250211_000047-10.000000-15.000000.png,2025-02-10T18:00:47,2025-02-11T00:00:47,10.0,15.0,2025-02-10T21:00:47,12.5,,,NOISE,2025-02-10T21:00:47,12.5,,,NOISE,2025-02-10T21:00:47,12.5,,,NOISE,2025-02-10T21:00:47,12.5,,,NOISE
2026-03-06T09:20:52.001862,Map-Energy__sum__linear-conv00403-20250211_000047-20250211_060047-10.000000-15.000000.png,2025-02-11T00:00:47,2025-02-11T06:00:47,10.0,15.0,2025-02-11T03:00:47,12.5,,,NOISE,2025-02-11T03:00:47,12.5,,,NOISE,2025-02-11T03:00:47,12.5,,,NOISE,2025-02-11T03:00:47,12.5,,,NOISE
2026-03-06T09:20:53.633572,Map-Energy__sum__linear-conv00413-20250211_060047-20250211_120047-10.000000-15.000000.png,2025-02-11T06:00:47,2025-02-11T12:00:47,10.0,15.0,2025-02-11T09:00:47,12.5,,,NOISE,2025-02-11T09:00:47,12.5,,,NOISE,2025-02-11T09:00:47,12.5,,,NOISE,2025-02-11T09:00:47,12.5,,,NOISE
2026-03-06T09:20:54.801813,Map-Energy__sum__linear-conv00423-20250211_120047-20250211_180047-10.000000-15.000000.png,2025-02-11T12:00:47,2025-02-11T18:00:47,10.0,15.0,2025-02-11T15:00:47,12.5,,,NOISE,2025-02-11T15:00:47,12.5,,,NOISE,2025-02-11T15:00:47,12.5,,,NOISE,2025-02-11T15:00:47,12.5,,,NOISE
2026-03-06T09:20:55.673601,Map-Energy__sum__linear-conv00433-20250211_180047-20250212_000047-10.000000-15.000000.png,2025-02-11T18:00:47,2025-02-12T00:00:47,10.0,15.0,2025-02-11T21:00:47,12.5,,,NOISE,2025-02-11T21:00:47,12.5,,,NOISE,2025-02-11T21:00:47,12.5,,,NOISE,2025-02-11T21:00:47,12.5,,,NOISE
2026-03-06T09:20:56.634004,Map-Energy__sum__linear-conv00443-20250212_000047-20250212_060047-10.000000-15.000000.png,2025-02-12T00:00:47,2025-02-12T06:00:47,10.0,15.0,2025-02-12T03:00:47,12.5,,,NOISE,2025-02-12T03:00:47,12.5,,,NOISE,2025-02-12T03:00:47,12.5,,,NOISE,2025-02-12T03:00:47,12.5,,,NOISE
2026-03-06T09:20:57.793713,Map-Energy__sum__linear-conv00453-20250212_060047-20250212_120047-10.000000-15.000000.png,2025-02-12T06:00:47,2025-02-12T12:00:47,10.0,15.0,2025-02-12T09:00:47,12.5,,,NOISE,2025-02-12T09:00:47,12.5,,,NOISE,2025-02-12T09:00:47,12.5,,,NOISE,2025-02-12T09:00:47,12.5,,,NOISE
2026-03-06T09:20:58.873500,Map-Energy__sum__linear-conv00463-20250212_120047-20250212_180047-10.000000-15.000000.png,2025-02-12T12:00:47,2025-02-12T18:00:47,10.0,15.0,2025-02-12T15:00:47,12.5,,,NOISE,2025-02-12T15:00:47,12.5,,,NOISE,2025-02-12T15:00:47,12.5,,,NOISE,2025-02-12T15:00:47,12.5,,,NOISE
2026-03-06T09:21:00.401800,Map-Energy__sum__linear-conv00473-20250212_180047-20250213_000047-10.000000-15.000000.png,2025-02-12T18:00:47,2025-02-13T00:00:47,10.0,15.0,2025-02-12T21:00:47,12.5,,,NOISE,2025-02-12T21:00:47,12.5,,,NOISE,2025-02-12T21:00:47,12.5,,,NOISE,2025-02-12T21:00:47,12.5,,,NOISE
2026-03-06T09:21:02.225721,Map-Energy__sum__linear-conv00483-20250213_000047-20250213_060047-10.000000-15.000000.png,2025-02-13T00:00:47,2025-02-13T06:00:47,10.0,15.0,2025-02-13T03:00:47,12.5,,,NOISE,2025-02-13T03:00:47,12.5,,,NOISE,2025-02-13T03:00:47,12.5,,,NOISE,2025-02-13T03:00:47,12.5,,,NOISE
2026-03-06T09:21:03.315933,Map-Energy__sum__linear-conv00493-20250213_060047-20250213_120047-10.000000-15.000000.png,2025-02-13T06:00:47,2025-02-13T12:00:47,10.0,15.0,2025-02-13T09:00:47,12.5,,,NOISE,2025-02-13T09:00:47,12.5,,,NOISE,2025-02-13T09:00:47,12.5,,,NOISE,2025-02-13T09:00:47,12.5,,,NOISE
2026-03-06T09:21:04.537584,Map-Energy__sum__linear-conv00503-20250213_120047-20250213_180047-10.000000-15.000000.png,2025-02-13T12:00:47,2025-02-13T18:00:47,10.0,15.0,2025-02-13T15:00:47,12.5,,,NOISE,2025-02-13T15:00:47,12.5,,,NOISE,2025-02-13T15:00:47,12.5,,,NOISE,2025-02-13T15:00:47,12.5,,,NOISE
2026-03-06T09:21:05.521739,Map-Energy__sum__linear-conv00513-20250213_180047-20250214_000047-10.000000-15.000000.png,2025-02-13T18:00:47,2025-02-14T00:00:47,10.0,15.0,2025-02-13T21:00:47,12.5,,,NOISE,2025-02-13T21:00:47,12.5,,,NOISE,2025-02-13T21:00:47,12.5,,,NOISE,2025-02-13T21:00:47,12.5,,,NOISE
2026-03-06T09:21:06.505778,Map-Energy__sum__linear-conv00523-20250214_000047-20250214_060047-10.000000-15.000000.png,2025-02-14T00:00:47,2025-02-14T06:00:47,10.0,15.0,2025-02-14T03:00:47,12.5,,,NOISE,2025-02-14T03:00:47,12.5,,,NOISE,2025-02-14T03:00:47,12.5,,,NOISE,2025-02-14T03:00:47,12.5,,,NOISE
2026-03-06T09:21:07.321657,Map-Energy__sum__linear-conv00533-20250214_060047-20250214_120047-10.000000-15.000000.png,2025-02-14T06:00:47,2025-02-14T12:00:47,10.0,15.0,2025-02-14T09:00:47,12.5,,,NOISE,2025-02-14T09:00:47,12.5,,,NOISE,2025-02-14T09:00:47,12.5,,,NOISE,2025-02-14T09:00:47,12.5,,,NOISE
2026-03-06T09:21:08.121718,Map-Energy__sum__linear-conv00543-20250214_120047-20250214_180047-10.000000-15.000000.png,2025-02-14T12:00:47,2025-02-14T18:00:47,10.0,15.0,2025-02-14T15:00:47,12.5,,,NOISE,2025-02-14T15:00:47,12.5,,,NOISE,2025-02-14T15:00:47,12.5,,,NOISE,2025-02-14T15:00:47,12.5,,,NOISE
2026-03-06T09:21:09.449667,Map-Energy__sum__linear-conv00553-20250214_180047-20250215_000047-10.000000-15.000000.png,2025-02-14T18:00:47,2025-02-15T00:00:47,10.0,15.0,2025-02-14T21:00:47,12.5,,,NOISE,2025-02-14T21:00:47,12.5,,,NOISE,2025-02-14T21:00:47,12.5,,,NOISE,2025-02-14T21:00:47,12.5,,,NOISE
2026-03-06T09:21:13.889656,Map-Energy__sum__linear-conv00563-20250215_000047-20250215_060047-10.000000-15.000000.png,2025-02-15T00:00:47,2025-02-15T06:00:47,10.0,15.0,2025-02-15T03:00:47,12.5,,,NOISE,2025-02-15T03:00:47,12.5,,,NOISE,2025-02-15T03:00:47,12.5,,,NOISE,2025-02-15T03:00:47,12.5,,,NOISE
2026-03-06T09:21:14.729763,Map-Energy__sum__linear-conv00573-20250215_060047-20250215_120047-10.000000-15.000000.png,2025-02-15T06:00:47,2025-02-15T12:00:47,10.0,15.0,2025-02-15T09:00:47,12.5,,,NOISE,2025-02-15T09:00:47,12.5,,,NOISE,2025-02-15T09:00:47,12.5,,,NOISE,2025-02-15T09:00:47,12.5,,,NOISE
2026-03-06T09:21:15.769766,Map-Energy__sum__linear-conv00583-20250215_120047-20250215_180047-10.000000-15.000000.png,2025-02-15T12:00:47,2025-02-15T18:00:47,10.0,15.0,2025-02-15T15:00:47,12.5,,,NOISE,2025-02-15T15:00:47,12.5,,,NOISE,2025-02-15T15:00:47,12.5,,,NOISE,2025-02-15T15:00:47,12.5,,,NOISE
2026-03-06T09:21:17.249683,Map-Energy__sum__linear-conv00593-20250215_180047-20250216_000047-10.000000-15.000000.png,2025-02-15T18:00:47,2025-02-16T00:00:47,10.0,15.0,2025-02-15T21:00:47,12.5,,,NOISE,2025-02-15T21:00:47,12.5,,,NOISE,2025-02-15T21:00:47,12.5,,,NOISE,2025-02-15T21:00:47,12.5,,,NOISE
2026-03-06T09:21:18.577695,Map-Energy__sum__linear-conv00603-20250216_000047-20250216_060047-10.000000-15.000000.png,2025-02-16T00:00:47,2025-02-16T06:00:47,10.0,15.0,2025-02-16T03:00:47,12.5,,,NOISE,2025-02-16T03:00:47,12.5,,,NOISE,2025-02-16T03:00:47,12.5,,,NOISE,2025-02-16T03:00:47,12.5,,,NOISE
2026-03-06T09:21:19.785723,Map-Energy__sum__linear-conv00613-20250216_060047-20250216_120047-10.000000-15.000000.png,2025-02-16T06:00:47,2025-02-16T12:00:47,10.0,15.0,2025-02-16T09:00:47,12.5,,,NOISE,2025-02-16T09:00:47,12.5,,,NOISE,2025-02-16T09:00:47,12.5,,,NOISE,2025-02-16T09:00:47,12.5,,,NOISE
2026-03-06T09:21:20.769836,Map-Energy__sum__linear-conv00623-20250216_120047-20250216_180047-10.000000-15.000000.png,2025-02-16T12:00:47,2025-02-16T18:00:47,10.0,15.0,2025-02-16T15:00:47,12.5,,,NOISE,2025-02-16T15:00:47,12.5,,,NOISE,2025-02-16T15:00:47,12.5,,,NOISE,2025-02-16T15:00:47,12.5,,,NOISE
2026-03-06T09:21:21.617783,Map-Energy__sum__linear-conv00633-20250216_180047-20250217_000047-10.000000-15.000000.png,2025-02-16T18:00:47,2025-02-17T00:00:47,10.0,15.0,2025-02-16T21:00:47,12.5,,,NOISE,2025-02-16T21:00:47,12.5,,,NOISE,2025-02-16T21:00:47,12.5,,,NOISE,2025-02-16T21:00:47,12.5,,,NOISE
2026-03-06T09:21:22.417892,Map-Energy__sum__linear-conv00643-20250217_000047-20250217_060047-10.000000-15.000000.png,2025-02-17T00:00:47,2025-02-17T06:00:47,10.0,15.0,2025-02-17T03:00:47,12.5,,,NOISE,2025-02-17T03:00:47,12.5,,,NOISE,2025-02-17T03:00:47,12.5,,,NOISE,2025-02-17T03:00:47,12.5,,,NOISE
2026-03-06T09:21:23.377758,Map-Energy__sum__linear-conv00653-20250217_060047-20250217_120047-10.000000-15.000000.png,2025-02-17T06:00:47,2025-02-17T12:00:47,10.0,15.0,2025-02-17T09:00:47,12.5,,,NOISE,2025-02-17T09:00:47,12.5,,,NOISE,2025-02-17T09:00:47,12.5,,,NOISE,2025-02-17T09:00:47,12.5,,,NOISE
2026-03-06T09:21:24.201730,Map-Energy__sum__linear-conv00663-20250217_120047-20250217_180047-10.000000-15.000000.png,2025-02-17T12:00:47,2025-02-17T18:00:47,10.0,15.0,2025-02-17T15:00:47,12.5,,,NOISE,2025-02-17T15:00:47,12.5,,,NOISE,2025-02-17T15:00:47,12.5,,,NOISE,2025-02-17T15:00:47,12.5,,,NOISE
2026-03-06T09:21:24.977793,Map-Energy__sum__linear-conv00673-20250217_180047-20250218_000047-10.000000-15.000000.png,2025-02-17T18:00:47,2025-02-18T00:00:47,10.0,15.0,2025-02-17T21:00:47,12.5,,,NOISE,2025-02-17T21:00:47,12.5,,,NOISE,2025-02-17T21:00:47,12.5,,,NOISE,2025-02-17T21:00:47,12.5,,,NOISE
2026-03-06T09:21:25.753748,Map-Energy__sum__linear-conv00683-20250218_000047-20250218_060047-10.000000-15.000000.png,2025-02-18T00:00:47,2025-02-18T06:00:47,10.0,15.0,2025-02-18T03:00:47,12.5,,,NOISE,2025-02-18T03:00:47,12.5,,,NOISE,2025-02-18T03:00:47,12.5,,,NOISE,2025-02-18T03:00:47,12.5,,,NOISE
2026-03-06T09:21:26.529542,Map-Energy__sum__linear-conv00693-20250218_060047-20250218_120047-10.000000-15.000000.png,2025-02-18T06:00:47,2025-02-18T12:00:47,10.0,15.0,2025-02-18T09:00:47,12.5,,,NOISE,2025-02-18T09:00:47,12.5,,,NOISE,2025-02-18T09:00:47,12.5,,,NOISE,2025-02-18T09:00:47,12.5,,,NOISE
2026-03-06T09:21:27.473674,Map-Energy__sum__linear-conv00703-20250218_120047-20250218_180047-10.000000-15.000000.png,2025-02-18T12:00:47,2025-02-18T18:00:47,10.0,15.0,2025-02-18T15:00:47,12.5,,,NOISE,2025-02-18T15:00:47,12.5,,,NOISE,2025-02-18T15:00:47,12.5,,,NOISE,2025-02-18T15:00:47,12.5,,,NOISE
2026-03-06T09:21:28.275192,Map-Energy__sum__linear-conv00713-20250218_180047-20250219_000047-10.000000-15.000000.png,2025-02-18T18:00:47,2025-02-19T00:00:47,10.0,15.0,2025-02-18T21:00:47,12.5,,,NOISE,2025-02-18T21:00:47,12.5,,,NOISE,2025-02-18T21:00:47,12.5,,,NOISE,2025-02-18T21:00:47,12.5,,,NOISE
2026-03-06T09:21:29.009678,Map-Energy__sum__linear-conv00723-20250219_000047-20250219_060047-10.000000-15.000000.png,2025-02-19T00:00:47,2025-02-19T06:00:47,10.0,15.0,2025-02-19T03:00:47,12.5,,,NOISE,2025-02-19T03:00:47,12.5,,,NOISE,2025-02-19T03:00:47,12.5,,,NOISE,2025-02-19T03:00:47,12.5,,,NOISE
2026-03-06T09:21:29.777724,Map-Energy__sum__linear-conv00733-20250219_060047-20250219_120047-10.000000-15.000000.png,2025-02-19T06:00:47,2025-02-19T12:00:47,10.0,15.0,2025-02-19T09:00:47,12.5,,,NOISE,2025-02-19T09:00:47,12.5,,,NOISE,2025-02-19T09:00:47,12.5,,,NOISE,2025-02-19T09:00:47,12.5,,,NOISE
2026-03-06T09:21:30.513692,Map-Energy__sum__linear-conv00743-20250219_120047-20250219_180047-10.000000-15.000000.png,2025-02-19T12:00:47,2025-02-19T18:00:47,10.0,15.0,2025-02-19T15:00:47,12.5,,,NOISE,2025-02-19T15:00:47,12.5,,,NOISE,2025-02-19T15:00:47,12.5,,,NOISE,2025-02-19T15:00:47,12.5,,,NOISE
2026-03-06T09:21:31.273800,Map-Energy__sum__linear-conv00753-20250219_180047-20250220_000047-10.000000-15.000000.png,2025-02-19T18:00:47,2025-02-20T00:00:47,10.0,15.0,2025-02-19T21:00:47,12.5,,,NOISE,2025-02-19T21:00:47,12.5,,,NOISE,2025-02-19T21:00:47,12.5,,,NOISE,2025-02-19T21:00:47,12.5,,,NOISE
2026-03-06T09:21:32.025719,Map-Energy__sum__linear-conv00763-20250220_000047-20250220_060047-10.000000-15.000000.png,2025-02-20T00:00:47,2025-02-20T06:00:47,10.0,15.0,2025-02-20T03:00:47,12.5,,,NOISE,2025-02-20T03:00:47,12.5,,,NOISE,2025-02-20T03:00:47,12.5,,,NOISE,2025-02-20T03:00:47,12.5,,,NOISE
2026-03-06T09:21:40.737660,Map-Energy__sum__linear-conv00773-20250220_060047-20250220_120047-10.000000-15.000000.png,2025-02-20T06:00:47,2025-02-20T12:00:47,10.0,15.0,2025-02-20T09:11:54,13.433838,,,VESSEL,2025-02-20T09:00:47,12.5,,,NOISE,2025-02-20T09:00:47,12.5,,,NOISE,2025-02-20T09:00:47,12.5,,,NOISE
2026-03-06T09:21:42.513775,Map-Energy__sum__linear-conv00783-20250220_120047-20250220_180047-10.000000-15.000000.png,2025-02-20T12:00:47,2025-02-20T18:00:47,10.0,15.0,2025-02-20T15:00:47,12.5,,,NOISE,2025-02-20T15:00:47,12.5,,,NOISE,2025-02-20T15:00:47,12.5,,,NOISE,2025-02-20T15:00:47,12.5,,,NOISE
2026-03-06T09:21:43.713715,Map-Energy__sum__linear-conv00793-20250220_180047-20250221_000047-10.000000-15.000000.png,2025-02-20T18:00:47,2025-02-21T00:00:47,10.0,15.0,2025-02-20T21:00:47,12.5,,,NOISE,2025-02-20T21:00:47,12.5,,,NOISE,2025-02-20T21:00:47,12.5,,,NOISE,2025-02-20T21:00:47,12.5,,,NOISE
2026-03-06T09:21:45.201675,Map-Energy__sum__linear-conv00803-20250221_000047-20250221_060047-10.000000-15.000000.png,2025-02-21T00:00:47,2025-02-21T06:00:47,10.0,15.0,2025-02-21T03:00:47,12.5,,,NOISE,2025-02-21T03:00:47,12.5,,,NOISE,2025-02-21T03:00:47,12.5,,,NOISE,2025-02-21T03:00:47,12.5,,,NOISE
2026-03-06T09:21:46.737850,Map-Energy__sum__linear-conv00813-20250221_060047-20250221_120047-10.000000-15.000000.png,2025-02-21T06:00:47,2025-02-21T12:00:47,10.0,15.0,2025-02-21T09:00:47,12.5,,,NOISE,2025-02-21T09:00:47,12.5,,,NOISE,2025-02-21T09:00:47,12.5,,,NOISE,2025-02-21T09:00:47,12.5,,,NOISE
2026-03-06T09:21:47.881528,Map-Energy__sum__linear-conv00823-20250221_120047-20250221_180047-10.000000-15.000000.png,2025-02-21T12:00:47,2025-02-21T18:00:47,10.0,15.0,2025-02-21T15:00:47,12.5,,,NOISE,2025-02-21T15:00:47,12.5,,,NOISE,2025-02-21T15:00:47,12.5,,,NOISE,2025-02-21T15:00:47,12.5,,,NOISE
2026-03-06T09:21:48.977921,Map-Energy__sum__linear-conv00833-20250221_180047-20250222_000047-10.000000-15.000000.png,2025-02-21T18:00:47,2025-02-22T00:00:47,10.0,15.0,2025-02-21T21:00:47,12.5,,,NOISE,2025-02-21T21:00:47,12.5,,,NOISE,2025-02-21T21:00:47,12.5,,,NOISE,2025-02-21T21:00:47,12.5,,,NOISE
2026-03-06T09:21:49.905594,Map-Energy__sum__linear-conv00843-20250222_000047-20250222_060047-10.000000-15.000000.png,2025-02-22T00:00:47,2025-02-22T06:00:47,10.0,15.0,2025-02-22T03:00:47,12.5,,,NOISE,2025-02-22T03:00:47,12.5,,,NOISE,2025-02-22T03:00:47,12.5,,,NOISE,2025-02-22T03:00:47,12.5,,,NOISE
2026-03-06T09:21:51.585701,Map-Energy__sum__linear-conv00853-20250222_060047-20250222_120047-10.000000-15.000000.png,2025-02-22T06:00:47,2025-02-22T12:00:47,10.0,15.0,2025-02-22T09:00:47,12.5,,,NOISE,2025-02-22T09:00:47,12.5,,,NOISE,2025-02-22T09:00:47,12.5,,,NOISE,2025-02-22T09:00:47,12.5,,,NOISE
2026-03-06T09:21:52.881608,Map-Energy__sum__linear-conv00863-20250222_120047-20250222_180047-10.000000-15.000000.png,2025-02-22T12:00:47,2025-02-22T18:00:47,10.0,15.0,2025-02-22T15:00:47,12.5,,,NOISE,2025-02-22T15:00:47,12.5,,,NOISE,2025-02-22T15:00:47,12.5,,,NOISE,2025-02-22T15:00:47,12.5,,,NOISE
2026-03-06T09:21:53.961793,Map-Energy__sum__linear-conv00873-20250222_180047-20250223_000047-10.000000-15.000000.png,2025-02-22T18:00:47,2025-02-23T00:00:47,10.0,15.0,2025-02-22T21:00:47,12.5,,,NOISE,2025-02-22T21:00:47,12.5,,,NOISE,2025-02-22T21:00:47,12.5,,,NOISE,2025-02-22T21:00:47,12.5,,,NOISE
2026-03-06T09:21:55.169696,Map-Energy__sum__linear-conv00883-20250223_000047-20250223_060047-10.000000-15.000000.png,2025-02-23T00:00:47,2025-02-23T06:00:47,10.0,15.0,2025-02-23T03:00:47,12.5,,,NOISE,2025-02-23T03:00:47,12.5,,,NOISE,2025-02-23T03:00:47,12.5,,,NOISE,2025-02-23T03:00:47,12.5,,,NOISE
2026-03-06T09:21:56.393579,Map-Energy__sum__linear-conv00893-20250223_060047-20250223_120047-10.000000-15.000000.png,2025-02-23T06:00:47,2025-02-23T12:00:47,10.0,15.0,2025-02-23T09:00:47,12.5,,,NOISE,2025-02-23T09:00:47,12.5,,,NOISE,2025-02-23T09:00:47,12.5,,,NOISE,2025-02-23T09:00:47,12.5,,,NOISE
2026-03-06T09:21:57.386944,Map-Energy__sum__linear-conv00903-20250223_120047-20250223_180047-10.000000-15.000000.png,2025-02-23T12:00:47,2025-02-23T18:00:47,10.0,15.0,2025-02-23T15:00:47,12.5,,,NOISE,2025-02-23T15:00:47,12.5,,,NOISE,2025-02-23T15:00:47,12.5,,,NOISE,2025-02-23T15:00:47,12.5,,,NOISE
2026-03-06T09:21:58.241672,Map-Energy__sum__linear-conv00913-20250223_180047-20250224_000047-10.000000-15.000000.png,2025-02-23T18:00:47,2025-02-24T00:00:47,10.0,15.0,2025-02-23T21:00:47,12.5,,,NOISE,2025-02-23T21:00:47,12.5,,,NOISE,2025-02-23T21:00:47,12.5,,,NOISE,2025-02-23T21:00:47,12.5,,,NOISE
2026-03-06T09:21:59.233717,Map-Energy__sum__linear-conv00923-20250224_000047-20250224_060047-10.000000-15.000000.png,2025-02-24T00:00:47,2025-02-24T06:00:47,10.0,15.0,2025-02-24T03:00:47,12.5,,,NOISE,2025-02-24T03:00:47,12.5,,,NOISE,2025-02-24T03:00:47,12.5,,,NOISE,2025-02-24T03:00:47,12.5,,,NOISE
2026-03-06T09:22:00.377743,Map-Energy__sum__linear-conv00933-20250224_060047-20250224_120047-10.000000-15.000000.png,2025-02-24T06:00:47,2025-02-24T12:00:47,10.0,15.0,2025-02-24T09:00:47,12.5,,,NOISE,2025-02-24T09:00:47,12.5,,,NOISE,2025-02-24T09:00:47,12.5,,,NOISE,2025-02-24T09:00:47,12.5,,,NOISE
2026-03-06T09:22:01.225578,Map-Energy__sum__linear-conv00943-20250224_120047-20250224_180047-10.000000-15.000000.png,2025-02-24T12:00:47,2025-02-24T18:00:47,10.0,15.0,2025-02-24T15:00:47,12.5,,,NOISE,2025-02-24T15:00:47,12.5,,,NOISE,2025-02-24T15:00:47,12.5,,,NOISE,2025-02-24T15:00:47,12.5,,,NOISE
2026-03-06T09:22:02.129526,Map-Energy__sum__linear-conv00953-20250224_180047-20250225_000047-10.000000-15.000000.png,2025-02-24T18:00:47,2025-02-25T00:00:47,10.0,15.0,2025-02-24T21:00:47,12.5,,,NOISE,2025-02-24T21:00:47,12.5,,,NOISE,2025-02-24T21:00:47,12.5,,,NOISE,2025-02-24T21:00:47,12.5,,,NOISE
2026-03-06T09:22:02.985579,Map-Energy__sum__linear-conv00963-20250225_000047-20250225_060047-10.000000-15.000000.png,2025-02-25T00:00:47,2025-02-25T06:00:47,10.0,15.0,2025-02-25T03:00:47,12.5,,,NOISE,2025-02-25T03:00:47,12.5,,,NOISE,2025-02-25T03:00:47,12.5,,,NOISE,2025-02-25T03:00:47,12.5,,,NOISE
2026-03-06T09:22:03.921647,Map-Energy__sum__linear-conv00973-20250225_060047-20250225_120047-10.000000-15.000000.png,2025-02-25T06:00:47,2025-02-25T12:00:47,10.0,15.0,2025-02-25T09:00:47,12.5,,,NOISE,2025-02-25T09:00:47,12.5,,,NOISE,2025-02-25T09:00:47,12.5,,,NOISE,2025-02-25T09:00:47,12.5,,,NOISE
2026-03-06T09:22:04.801720,Map-Energy__sum__linear-conv00983-20250225_120047-20250225_180047-10.000000-15.000000.png,2025-02-25T12:00:47,2025-02-25T18:00:47,10.0,15.0,2025-02-25T15:00:47,12.5,,,NOISE,2025-02-25T15:00:47,12.5,,,NOISE,2025-02-25T15:00:47,12.5,,,NOISE,2025-02-25T15:00:47,12.5,,,NOISE
2026-03-06T09:22:05.761994,Map-Energy__sum__linear-conv00993-20250225_180047-20250226_000047-10.000000-15.000000.png,2025-02-25T18:00:47,2025-02-26T00:00:47,10.0,15.0,2025-02-25T21:00:47,12.5,,,NOISE,2025-02-25T21:00:47,12.5,,,NOISE,2025-02-25T21:00:47,12.5,,,NOISE,2025-02-25T21:00:47,12.5,,,NOISE
2026-03-06T09:22:06.681572,Map-Energy__sum__linear-conv01003-20250226_000047-20250226_060047-10.000000-15.000000.png,2025-02-26T00:00:47,2025-02-26T06:00:47,10.0,15.0,2025-02-26T03:00:47,12.5,,,NOISE,2025-02-26T03:00:47,12.5,,,NOISE,2025-02-26T03:00:47,12.5,,,NOISE,2025-02-26T03:00:47,12.5,,,NOISE
2026-03-06T09:22:07.585758,Map-Energy__sum__linear-conv01013-20250226_060047-20250226_120047-10.000000-15.000000.png,2025-02-26T06:00:47,2025-02-26T12:00:47,10.0,15.0,2025-02-26T09:00:47,12.5,,,NOISE,2025-02-26T09:00:47,12.5,,,NOISE,2025-02-26T09:00:47,12.5,,,NOISE,2025-02-26T09:00:47,12.5,,,NOISE
2026-03-06T09:22:08.417654,Map-Energy__sum__linear-conv01023-20250226_120047-20250226_180047-10.000000-15.000000.png,2025-02-26T12:00:47,2025-02-26T18:00:47,10.0,15.0,2025-02-26T15:00:47,12.5,,,NOISE,2025-02-26T15:00:47,12.5,,,NOISE,2025-02-26T15:00:47,12.5,,,NOISE,2025-02-26T15:00:47,12.5,,,NOISE
2026-03-06T09:22:09.225625,Map-Energy__sum__linear-conv01033-20250226_180047-20250227_000047-10.000000-15.000000.png,2025-02-26T18:00:47,2025-02-27T00:00:47,10.0,15.0,2025-02-26T21:00:47,12.5,,,NOISE,2025-02-26T21:00:47,12.5,,,NOISE,2025-02-26T21:00:47,12.5,,,NOISE,2025-02-26T21:00:47,12.5,,,NOISE
2026-03-06T09:22:10.049680,Map-Energy__sum__linear-conv01043-20250227_000047-20250227_060047-10.000000-15.000000.png,2025-02-27T00:00:47,2025-02-27T06:00:47,10.0,15.0,2025-02-27T03:00:47,12.5,,,NOISE,2025-02-27T03:00:47,12.5,,,NOISE,2025-02-27T03:00:47,12.5,,,NOISE,2025-02-27T03:00:47,12.5,,,NOISE
2026-03-06T09:22:10.825766,Map-Energy__sum__linear-conv01053-20250227_060047-20250227_120047-10.000000-15.000000.png,2025-02-27T06:00:47,2025-02-27T12:00:47,10.0,15.0,2025-02-27T09:00:47,12.5,,,NOISE,2025-02-27T09:00:47,12.5,,,NOISE,2025-02-27T09:00:47,12.5,,,NOISE,2025-02-27T09:00:47,12.5,,,NOISE
2026-03-06T09:22:11.665535,Map-Energy__sum__linear-conv01063-20250227_120047-20250227_180047-10.000000-15.000000.png,2025-02-27T12:00:47,2025-02-27T18:00:47,10.0,15.0,2025-02-27T15:00:47,12.5,,,NOISE,2025-02-27T15:00:47,12.5,,,NOISE,2025-02-27T15:00:47,12.5,,,NOISE,2025-02-27T15:00:47,12.5,,,NOISE
2026-03-06T09:22:12.497486,Map-Energy__sum__linear-conv01073-20250227_180047-20250228_000047-10.000000-15.000000.png,2025-02-27T18:00:47,2025-02-28T00:00:47,10.0,15.0,2025-02-27T21:00:47,12.5,,,NOISE,2025-02-27T21:00:47,12.5,,,NOISE,2025-02-27T21:00:47,12.5,,,NOISE,2025-02-27T21:00:47,12.5,,,NOISE
2026-03-06T09:22:13.177558,Map-Energy__sum__linear-conv01083-20250228_000047-20250228_060047-10.000000-15.000000.png,2025-02-28T00:00:47,2025-02-28T06:00:47,10.0,15.0,2025-02-28T03:00:47,12.5,,,NOISE,2025-02-28T03:00:47,12.5,,,NOISE,2025-02-28T03:00:47,12.5,,,NOISE,2025-02-28T03:00:47,12.5,,,NOISE
2026-03-06T09:22:14.137573,Map-Energy__sum__linear-conv01093-20250228_060047-20250228_120047-10.000000-15.000000.png,2025-02-28T06:00:47,2025-02-28T12:00:47,10.0,15.0,2025-02-28T09:00:47,12.5,,,NOISE,2025-02-28T09:00:47,12.5,,,NOISE,2025-02-28T09:00:47,12.5,,,NOISE,2025-02-28T09:00:47,12.5,,,NOISE
2026-03-06T09:22:15.017344,Map-Energy__sum__linear-conv01103-20250228_120047-20250228_180047-10.000000-15.000000.png,2025-02-28T12:00:47,2025-02-28T18:00:47,10.0,15.0,2025-02-28T15:00:47,12.5,,,NOISE,2025-02-28T15:00:47,12.5,,,NOISE,2025-02-28T15:00:47,12.5,,,NOISE,2025-02-28T15:00:47,12.5,,,NOISE
2026-03-06T09:22:15.961679,Map-Energy__sum__linear-conv01113-20250228_180047-20250301_000047-10.000000-15.000000.png,2025-02-28T18:00:47,2025-03-01T00:00:47,10.0,15.0,2025-02-28T21:00:47,12.5,,,NOISE,2025-02-28T21:00:47,12.5,,,NOISE,2025-02-28T21:00:47,12.5,,,NOISE,2025-02-28T21:00:47,12.5,,,NOISE
2026-03-06T09:22:18.123214,Map-Energy__sum__linear-conv00004-20250201_000047-20250201_060047-15.000000-20.000000.png,2025-02-01T00:00:47,2025-02-01T06:00:47,15.0,20.0,2025-02-01T03:00:47,17.5,,,NOISE,2025-02-01T03:00:47,17.5,,,NOISE,2025-02-01T03:00:47,17.5,,,NOISE,2025-02-01T03:00:47,17.5,,,NOISE
2026-03-06T09:22:20.361510,Map-Energy__sum__linear-conv00014-20250201_060047-20250201_120047-15.000000-20.000000.png,2025-02-01T06:00:47,2025-02-01T12:00:47,15.0,20.0,2025-02-01T09:00:47,17.5,,,NOISE,2025-02-01T09:00:47,17.5,,,NOISE,2025-02-01T09:00:47,17.5,,,NOISE,2025-02-01T09:00:47,17.5,,,NOISE
2026-03-06T09:22:22.001676,Map-Energy__sum__linear-conv00024-20250201_120047-20250201_180047-15.000000-20.000000.png,2025-02-01T12:00:47,2025-02-01T18:00:47,15.0,20.0,2025-02-01T15:00:47,17.5,,,NOISE,2025-02-01T15:00:47,17.5,,,NOISE,2025-02-01T15:00:47,17.5,,,NOISE,2025-02-01T15:00:47,17.5,,,NOISE
2026-03-06T09:22:33.457637,Map-Energy__sum__linear-conv00034-20250201_180047-20250202_000047-15.000000-20.000000.png,2025-02-01T18:00:47,2025-02-02T00:00:47,15.0,20.0,2025-02-01T21:00:47,17.5,,,NOISE,2025-02-01T21:00:47,17.5,,,NOISE,2025-02-01T21:00:47,17.5,,,NOISE,2025-02-01T21:00:47,17.5,,,NOISE
2026-03-06T09:22:51.657527,Map-Energy__sum__linear-conv00044-20250202_000047-20250202_060047-15.000000-20.000000.png,2025-02-02T00:00:47,2025-02-02T06:00:47,15.0,20.0,2025-02-02T01:48:57,18.963012,,,OTHER,2025-02-02T03:14:26,19.001922,,,OTHER,2025-02-02T03:00:47,17.5,,,NOISE,2025-02-02T03:00:47,17.5,,,NOISE
2026-03-06T09:22:56.481470,Map-Energy__sum__linear-conv00054-20250202_060047-20250202_120047-15.000000-20.000000.png,2025-02-02T06:00:47,2025-02-02T12:00:47,15.0,20.0,2025-02-02T09:00:47,17.5,,,NOISE,2025-02-02T09:00:47,17.5,,,NOISE,2025-02-02T09:00:47,17.5,,,NOISE,2025-02-02T09:00:47,17.5,,,NOISE
2026-03-06T09:23:09.433447,Map-Energy__sum__linear-conv00064-20250202_120047-20250202_180047-15.000000-20.000000.png,2025-02-02T12:00:47,2025-02-02T18:00:47,15.0,20.0,2025-02-02T14:53:28,19.608917,,,SEISMIC,2025-02-02T15:00:47,17.5,,,NOISE,2025-02-02T15:00:47,17.5,,,NOISE,2025-02-02T15:00:47,17.5,,,NOISE
2026-03-06T09:23:13.177564,Map-Energy__sum__linear-conv00074-20250202_180047-20250203_000047-15.000000-20.000000.png,2025-02-02T18:00:47,2025-02-03T00:00:47,15.0,20.0,2025-02-02T21:00:47,17.5,,,NOISE,2025-02-02T21:00:47,17.5,,,NOISE,2025-02-02T21:00:47,17.5,,,NOISE,2025-02-02T21:00:47,17.5,,,NOISE
2026-03-06T09:23:14.473505,Map-Energy__sum__linear-conv00084-20250203_000047-20250203_060047-15.000000-20.000000.png,2025-02-03T00:00:47,2025-02-03T06:00:47,15.0,20.0,2025-02-03T03:00:47,17.5,,,NOISE,2025-02-03T03:00:47,17.5,,,NOISE,2025-02-03T03:00:47,17.5,,,NOISE,2025-02-03T03:00:47,17.5,,,NOISE
2026-03-06T09:23:16.201592,Map-Energy__sum__linear-conv00094-20250203_060047-20250203_120047-15.000000-20.000000.png,2025-02-03T06:00:47,2025-02-03T12:00:47,15.0,20.0,2025-02-03T09:00:47,17.5,,,NOISE,2025-02-03T09:00:47,17.5,,,NOISE,2025-02-03T09:00:47,17.5,,,NOISE,2025-02-03T09:00:47,17.5,,,NOISE
2026-03-06T09:23:17.313628,Map-Energy__sum__linear-conv00104-20250203_120047-20250203_180047-15.000000-20.000000.png,2025-02-03T12:00:47,2025-02-03T18:00:47,15.0,20.0,2025-02-03T15:00:47,17.5,,,NOISE,2025-02-03T15:00:47,17.5,,,NOISE,2025-02-03T15:00:47,17.5,,,NOISE,2025-02-03T15:00:47,17.5,,,NOISE
2026-03-06T09:23:19.793552,Map-Energy__sum__linear-conv00114-20250203_180047-20250204_000047-15.000000-20.000000.png,2025-02-03T18:00:47,2025-02-04T00:00:47,15.0,20.0,2025-02-03T21:00:47,17.5,,,NOISE,2025-02-03T21:00:47,17.5,,,NOISE,2025-02-03T21:00:47,17.5,,,NOISE,2025-02-03T21:00:47,17.5,,,NOISE
2026-03-06T09:23:21.505568,Map-Energy__sum__linear-conv00124-20250204_000047-20250204_060047-15.000000-20.000000.png,2025-02-04T00:00:47,2025-02-04T06:00:47,15.0,20.0,2025-02-04T03:00:47,17.5,,,NOISE,2025-02-04T03:00:47,17.5,,,NOISE,2025-02-04T03:00:47,17.5,,,NOISE,2025-02-04T03:00:47,17.5,,,NOISE
2026-03-06T09:23:30.761463,Map-Energy__sum__linear-conv00134-20250204_060047-20250204_120047-15.000000-20.000000.png,2025-02-04T06:00:47,2025-02-04T12:00:47,15.0,20.0,2025-02-04T11:17:26,19.608917,,,SEISMIC,2025-02-04T09:00:47,17.5,,,NOISE,2025-02-04T09:00:47,17.5,,,NOISE,2025-02-04T09:00:47,17.5,,,NOISE
2026-03-06T09:23:37.417710,Map-Energy__sum__linear-conv00144-20250204_120047-20250204_180047-15.000000-20.000000.png,2025-02-04T12:00:47,2025-02-04T18:00:47,15.0,20.0,2025-02-04T14:47:26,19.531097,,,SEISMIC,2025-02-04T15:00:47,17.5,,,NOISE,2025-02-04T15:00:47,17.5,,,NOISE,2025-02-04T15:00:47,17.5,,,NOISE
2026-03-06T09:23:47.697801,Map-Energy__sum__linear-conv00154-20250204_180047-20250205_000047-15.000000-20.000000.png,2025-02-04T18:00:47,2025-02-05T00:00:47,15.0,20.0,2025-02-04T19:30:12,19.710082,,,SEISMIC,2025-02-04T21:00:47,17.5,,,NOISE,2025-02-04T21:00:47,17.5,,,NOISE,2025-02-04T21:00:47,17.5,,,NOISE
2026-03-06T09:23:49.065430,Map-Energy__sum__linear-conv00164-20250205_000047-20250205_060047-15.000000-20.000000.png,2025-02-05T00:00:47,2025-02-05T06:00:47,15.0,20.0,2025-02-05T03:00:47,17.5,,,NOISE,2025-02-05T03:00:47,17.5,,,NOISE,2025-02-05T03:00:47,17.5,,,NOISE,2025-02-05T03:00:47,17.5,,,NOISE
2026-03-06T09:23:57.401181,Map-Energy__sum__linear-conv00174-20250205_060047-20250205_120047-15.000000-20.000000.png,2025-02-05T06:00:47,2025-02-05T12:00:47,15.0,20.0,2025-02-05T09:34:47,15.546723,,,SEISMIC,2025-02-05T09:00:47,17.5,,,NOISE,2025-02-05T09:00:47,17.5,,,NOISE,2025-02-05T09:00:47,17.5,,,NOISE
2026-03-06T09:24:00.321432,Map-Energy__sum__linear-conv00184-20250205_120047-20250205_180047-15.000000-20.000000.png,2025-02-05T12:00:47,2025-02-05T18:00:47,15.0,20.0,2025-02-05T15:00:47,17.5,,,NOISE,2025-02-05T15:00:47,17.5,,,NOISE,2025-02-05T15:00:47,17.5,,,NOISE,2025-02-05T15:00:47,17.5,,,NOISE
2026-03-06T09:24:01.633241,Map-Energy__sum__linear-conv00194-20250205_180047-20250206_000047-15.000000-20.000000.png,2025-02-05T18:00:47,2025-02-06T00:00:47,15.0,20.0,2025-02-05T21:00:47,17.5,,,NOISE,2025-02-05T21:00:47,17.5,,,NOISE,2025-02-05T21:00:47,17.5,,,NOISE,2025-02-05T21:00:47,17.5,,,NOISE
2026-03-06T09:24:02.929398,Map-Energy__sum__linear-conv00204-20250206_000047-20250206_060047-15.000000-20.000000.png,2025-02-06T00:00:47,2025-02-06T06:00:47,15.0,20.0,2025-02-06T03:00:47,17.5,,,NOISE,2025-02-06T03:00:47,17.5,,,NOISE,2025-02-06T03:00:47,17.5,,,NOISE,2025-02-06T03:00:47,17.5,,,NOISE
2026-03-06T09:24:04.049238,Map-Energy__sum__linear-conv00214-20250206_060047-20250206_120047-15.000000-20.000000.png,2025-02-06T06:00:47,2025-02-06T12:00:47,15.0,20.0,2025-02-06T09:00:47,17.5,,,NOISE,2025-02-06T09:00:47,17.5,,,NOISE,2025-02-06T09:00:47,17.5,,,NOISE,2025-02-06T09:00:47,17.5,,,NOISE
2026-03-06T09:24:05.337222,Map-Energy__sum__linear-conv00224-20250206_120047-20250206_180047-15.000000-20.000000.png,2025-02-06T12:00:47,2025-02-06T18:00:47,15.0,20.0,2025-02-06T15:00:47,17.5,,,NOISE,2025-02-06T15:00:47,17.5,,,NOISE,2025-02-06T15:00:47,17.5,,,NOISE,2025-02-06T15:00:47,17.5,,,NOISE
2026-03-06T09:24:06.625760,Map-Energy__sum__linear-conv00234-20250206_180047-20250207_000047-15.000000-20.000000.png,2025-02-06T18:00:47,2025-02-07T00:00:47,15.0,20.0,2025-02-06T21:00:47,17.5,,,NOISE,2025-02-06T21:00:47,17.5,,,NOISE,2025-02-06T21:00:47,17.5,,,NOISE,2025-02-06T21:00:47,17.5,,,NOISE
2026-03-06T09:24:08.137543,Map-Energy__sum__linear-conv00244-20250207_000047-20250207_060047-15.000000-20.000000.png,2025-02-07T00:00:47,2025-02-07T06:00:47,15.0,20.0,2025-02-07T03:00:47,17.5,,,NOISE,2025-02-07T03:00:47,17.5,,,NOISE,2025-02-07T03:00:47,17.5,,,NOISE,2025-02-07T03:00:47,17.5,,,NOISE
2026-03-06T09:24:13.561418,Map-Energy__sum__linear-conv00254-20250207_060047-20250207_120047-15.000000-20.000000.png,2025-02-07T06:00:47,2025-02-07T12:00:47,15.0,20.0,2025-02-07T09:00:47,17.5,,,NOISE,2025-02-07T09:00:47,17.5,,,NOISE,2025-02-07T09:00:47,17.5,,,NOISE,2025-02-07T09:00:47,17.5,,,NOISE
2026-03-06T09:24:20.497325,Map-Energy__sum__linear-conv00264-20250207_120047-20250207_180047-15.000000-20.000000.png,2025-02-07T12:00:47,2025-02-07T18:00:47,15.0,20.0,2025-02-07T14:49:39,19.391021,,,SEISMIC,2025-02-07T15:00:47,17.5,,,NOISE,2025-02-07T15:00:47,17.5,,,NOISE,2025-02-07T15:00:47,17.5,,,NOISE
2026-03-06T09:24:27.177302,Map-Energy__sum__linear-conv00274-20250207_180047-20250208_000047-15.000000-20.000000.png,2025-02-07T18:00:47,2025-02-08T00:00:47,15.0,20.0,2025-02-07T19:57:13,19.282073,,,SEISMIC,2025-02-07T21:00:47,17.5,,,NOISE,2025-02-07T21:00:47,17.5,,,NOISE,2025-02-07T21:00:47,17.5,,,NOISE
2026-03-06T09:24:34.297267,Map-Energy__sum__linear-conv00284-20250208_000047-20250208_060047-15.000000-20.000000.png,2025-02-08T00:00:47,2025-02-08T06:00:47,15.0,20.0,2025-02-08T02:55:41,19.282073,,,SEISMIC,2025-02-08T03:00:47,17.5,,,NOISE,2025-02-08T03:00:47,17.5,,,NOISE,2025-02-08T03:00:47,17.5,,,NOISE
2026-03-06T09:24:40.105116,Map-Energy__sum__linear-conv00294-20250208_060047-20250208_120047-15.000000-20.000000.png,2025-02-08T06:00:47,2025-02-08T12:00:47,15.0,20.0,2025-02-08T08:17:33,19.196472,,,SEISMIC,2025-02-08T09:00:47,17.5,,,NOISE,2025-02-08T09:00:47,17.5,,,NOISE,2025-02-08T09:00:47,17.5,,,NOISE
2026-03-06T09:24:42.081044,Map-Energy__sum__linear-conv00304-20250208_120047-20250208_180047-15.000000-20.000000.png,2025-02-08T12:00:47,2025-02-08T18:00:47,15.0,20.0,2025-02-08T15:00:47,17.5,,,NOISE,2025-02-08T15:00:47,17.5,,,NOISE,2025-02-08T15:00:47,17.5,,,NOISE,2025-02-08T15:00:47,17.5,,,NOISE
2026-03-06T09:24:55.865326,Map-Energy__sum__linear-conv00314-20250208_180047-20250209_000047-15.000000-20.000000.png,2025-02-08T18:00:47,2025-02-09T00:00:47,15.0,20.0,2025-02-08T21:32:14,16.768494,,,OTHER,2025-02-08T21:00:47,17.5,,,NOISE,2025-02-08T21:00:47,17.5,,,NOISE,2025-02-08T21:00:47,17.5,,,NOISE
2026-03-06T09:24:58.249312,Map-Energy__sum__linear-conv00324-20250209_000047-20250209_060047-15.000000-20.000000.png,2025-02-09T00:00:47,2025-02-09T06:00:47,15.0,20.0,2025-02-09T03:00:47,17.5,,,NOISE,2025-02-09T03:00:47,17.5,,,NOISE,2025-02-09T03:00:47,17.5,,,NOISE,2025-02-09T03:00:47,17.5,,,NOISE
2026-03-06T09:25:04.849328,Map-Energy__sum__linear-conv00334-20250209_060047-20250209_120047-15.000000-20.000000.png,2025-02-09T06:00:47,2025-02-09T12:00:47,15.0,20.0,2025-02-09T08:22:57,16.519471,,,VESSEL,2025-02-09T09:00:47,17.5,,,NOISE,2025-02-09T09:00:47,17.5,,,NOISE,2025-02-09T09:00:47,17.5,,,NOISE
2026-03-06T09:25:07.529053,Map-Energy__sum__linear-conv00344-20250209_120047-20250209_180047-15.000000-20.000000.png,2025-02-09T12:00:47,2025-02-09T18:00:47,15.0,20.0,2025-02-09T15:00:47,17.5,,,NOISE,2025-02-09T15:00:47,17.5,,,NOISE,2025-02-09T15:00:47,17.5,,,NOISE,2025-02-09T15:00:47,17.5,,,NOISE
2026-03-06T09:25:15.017394,Map-Energy__sum__linear-conv00354-20250209_180047-20250210_000047-15.000000-20.000000.png,2025-02-09T18:00:47,2025-02-10T00:00:47,15.0,20.0,2025-02-09T22:25:38,19.484405,,,OTHER,2025-02-09T21:00:47,17.5,,,NOISE,2025-02-09T21:00:47,17.5,,,NOISE,2025-02-09T21:00:47,17.5,,,NOISE
2026-03-06T09:25:17.433074,Map-Energy__sum__linear-conv00364-20250210_000047-20250210_060047-15.000000-20.000000.png,2025-02-10T00:00:47,2025-02-10T06:00:47,15.0,20.0,2025-02-10T03:00:47,17.5,,,NOISE,2025-02-10T03:00:47,17.5,,,NOISE,2025-02-10T03:00:47,17.5,,,NOISE,2025-02-10T03:00:47,17.5,,,NOISE
2026-03-06T09:25:25.673283,Map-Energy__sum__linear-conv00374-20250210_060047-20250210_120047-15.000000-20.000000.png,2025-02-10T06:00:47,2025-02-10T12:00:47,15.0,20.0,2025-02-10T08:28:22,19.367675,,,OTHER,2025-02-10T09:00:47,17.5,,,NOISE,2025-02-10T09:00:47,17.5,,,NOISE,2025-02-10T09:00:47,17.5,,,NOISE
2026-03-06T09:25:28.921312,Map-Energy__sum__linear-conv00384-20250210_120047-20250210_180047-15.000000-20.000000.png,2025-02-10T12:00:47,2025-02-10T18:00:47,15.0,20.0,2025-02-10T15:00:47,17.5,,,NOISE,2025-02-10T15:00:47,17.5,,,NOISE,2025-02-10T15:00:47,17.5,,,NOISE,2025-02-10T15:00:47,17.5,,,NOISE
2026-03-06T09:25:33.649303,Map-Energy__sum__linear-conv00394-20250210_180047-20250211_000047-15.000000-20.000000.png,2025-02-10T18:00:47,2025-02-11T00:00:47,15.0,20.0,2025-02-10T21:00:47,17.5,,,NOISE,2025-02-10T21:00:47,17.5,,,NOISE,2025-02-10T21:00:47,17.5,,,NOISE,2025-02-10T21:00:47,17.5,,,NOISE
2026-03-06T09:25:41.297277,Map-Energy__sum__linear-conv00404-20250211_000047-20250211_060047-15.000000-20.000000.png,2025-02-11T00:00:47,2025-02-11T06:00:47,15.0,20.0,2025-02-11T02:49:20,19.001922,,,OTHER,2025-02-11T03:00:47,17.5,,,NOISE,2025-02-11T03:00:47,17.5,,,NOISE,2025-02-11T03:00:47,17.5,,,NOISE
2026-03-06T09:25:48.361060,Map-Energy__sum__linear-conv00414-20250211_060047-20250211_120047-15.000000-20.000000.png,2025-02-11T06:00:47,2025-02-11T12:00:47,15.0,20.0,2025-02-11T08:18:50,19.274291,,,SEISMIC,2025-02-11T09:00:47,17.5,,,NOISE,2025-02-11T09:00:47,17.5,,,NOISE,2025-02-11T09:00:47,17.5,,,NOISE
2026-03-06T09:25:58.465013,Map-Energy__sum__linear-conv00424-20250211_120047-20250211_180047-15.000000-20.000000.png,2025-02-11T12:00:47,2025-02-11T18:00:47,15.0,20.0,2025-02-11T16:18:57,19.655608,,,OTHER,2025-02-11T15:00:47,17.5,,,NOISE,2025-02-11T15:00:47,17.5,,,NOISE,2025-02-11T15:00:47,17.5,,,NOISE
2026-03-06T09:26:02.089081,Map-Energy__sum__linear-conv00434-20250211_180047-20250212_000047-15.000000-20.000000.png,2025-02-11T18:00:47,2025-02-12T00:00:47,15.0,20.0,2025-02-11T21:00:47,17.5,,,NOISE,2025-02-11T21:00:47,17.5,,,NOISE,2025-02-11T21:00:47,17.5,,,NOISE,2025-02-11T21:00:47,17.5,,,NOISE
2026-03-06T09:26:06.265103,Map-Energy__sum__linear-conv00444-20250212_000047-20250212_060047-15.000000-20.000000.png,2025-02-12T00:00:47,2025-02-12T06:00:47,15.0,20.0,2025-02-12T03:00:47,17.5,,,NOISE,2025-02-12T03:00:47,17.5,,,NOISE,2025-02-12T03:00:47,17.5,,,NOISE,2025-02-12T03:00:47,17.5,,,NOISE
2026-03-06T09:26:09.025290,Map-Energy__sum__linear-conv00454-20250212_060047-20250212_120047-15.000000-20.000000.png,2025-02-12T06:00:47,2025-02-12T12:00:47,15.0,20.0,2025-02-12T09:00:47,17.5,,,NOISE,2025-02-12T09:00:47,17.5,,,NOISE,2025-02-12T09:00:47,17.5,,,NOISE,2025-02-12T09:00:47,17.5,,,NOISE
2026-03-06T09:26:11.057075,Map-Energy__sum__linear-conv00464-20250212_120047-20250212_180047-15.000000-20.000000.png,2025-02-12T12:00:47,2025-02-12T18:00:47,15.0,20.0,2025-02-12T15:00:47,17.5,,,NOISE,2025-02-12T15:00:47,17.5,,,NOISE,2025-02-12T15:00:47,17.5,,,NOISE,2025-02-12T15:00:47,17.5,,,NOISE
2026-03-06T09:26:13.945224,Map-Energy__sum__linear-conv00474-20250212_180047-20250213_000047-15.000000-20.000000.png,2025-02-12T18:00:47,2025-02-13T00:00:47,15.0,20.0,2025-02-12T21:00:47,17.5,,,NOISE,2025-02-12T21:00:47,17.5,,,NOISE,2025-02-12T21:00:47,17.5,,,NOISE,2025-02-12T21:00:47,17.5,,,NOISE
2026-03-06T09:26:22.337143,Map-Energy__sum__linear-conv00484-20250213_000047-20250213_060047-15.000000-20.000000.png,2025-02-13T00:00:47,2025-02-13T06:00:47,15.0,20.0,2025-02-13T03:00:47,17.5,,,NOISE,2025-02-13T03:00:47,17.5,,,NOISE,2025-02-13T03:00:47,17.5,,,NOISE,2025-02-13T03:00:47,17.5,,,NOISE
2026-03-06T09:26:25.353250,Map-Energy__sum__linear-conv00494-20250213_060047-20250213_120047-15.000000-20.000000.png,2025-02-13T06:00:47,2025-02-13T12:00:47,15.0,20.0,2025-02-13T09:00:47,17.5,,,NOISE,2025-02-13T09:00:47,17.5,,,NOISE,2025-02-13T09:00:47,17.5,,,NOISE,2025-02-13T09:00:47,17.5,,,NOISE
2026-03-06T09:26:29.521206,Map-Energy__sum__linear-conv00504-20250213_120047-20250213_180047-15.000000-20.000000.png,2025-02-13T12:00:47,2025-02-13T18:00:47,15.0,20.0,2025-02-13T15:00:47,17.5,,,NOISE,2025-02-13T15:00:47,17.5,,,NOISE,2025-02-13T15:00:47,17.5,,,NOISE,2025-02-13T15:00:47,17.5,,,NOISE
2026-03-06T09:26:32.425141,Map-Energy__sum__linear-conv00514-20250213_180047-20250214_000047-15.000000-20.000000.png,2025-02-13T18:00:47,2025-02-14T00:00:47,15.0,20.0,2025-02-13T21:00:47,17.5,,,NOISE,2025-02-13T21:00:47,17.5,,,NOISE,2025-02-13T21:00:47,17.5,,,NOISE,2025-02-13T21:00:47,17.5,,,NOISE
2026-03-06T09:26:34.145161,Map-Energy__sum__linear-conv00524-20250214_000047-20250214_060047-15.000000-20.000000.png,2025-02-14T00:00:47,2025-02-14T06:00:47,15.0,20.0,2025-02-14T03:00:47,17.5,,,NOISE,2025-02-14T03:00:47,17.5,,,NOISE,2025-02-14T03:00:47,17.5,,,NOISE,2025-02-14T03:00:47,17.5,,,NOISE
2026-03-06T09:26:37.049236,Map-Energy__sum__linear-conv00534-20250214_060047-20250214_120047-15.000000-20.000000.png,2025-02-14T06:00:47,2025-02-14T12:00:47,15.0,20.0,2025-02-14T09:00:47,17.5,,,NOISE,2025-02-14T09:00:47,17.5,,,NOISE,2025-02-14T09:00:47,17.5,,,NOISE,2025-02-14T09:00:47,17.5,,,NOISE
2026-03-06T09:26:43.961190,Map-Energy__sum__linear-conv00544-20250214_120047-20250214_180047-15.000000-20.000000.png,2025-02-14T12:00:47,2025-02-14T18:00:47,15.0,20.0,2025-02-14T15:00:27,19.03305,,,SEISMIC,2025-02-14T15:00:47,17.5,,,NOISE,2025-02-14T15:00:47,17.5,,,NOISE,2025-02-14T15:00:47,17.5,,,NOISE
2026-03-06T09:26:47.873112,Map-Energy__sum__linear-conv00554-20250214_180047-20250215_000047-15.000000-20.000000.png,2025-02-14T18:00:47,2025-02-15T00:00:47,15.0,20.0,2025-02-14T21:00:47,17.5,,,NOISE,2025-02-14T21:00:47,17.5,,,NOISE,2025-02-14T21:00:47,17.5,,,NOISE,2025-02-14T21:00:47,17.5,,,NOISE
2026-03-06T09:26:57.752981,Map-Energy__sum__linear-conv00564-20250215_000047-20250215_060047-15.000000-20.000000.png,2025-02-15T00:00:47,2025-02-15T06:00:47,15.0,20.0,2025-02-15T03:02:22,19.531097,,,OTHER,2025-02-15T03:00:47,17.5,,,NOISE,2025-02-15T03:00:47,17.5,,,NOISE,2025-02-15T03:00:47,17.5,,,NOISE
2026-03-06T09:27:06.265750,Map-Energy__sum__linear-conv00574-20250215_060047-20250215_120047-15.000000-20.000000.png,2025-02-15T06:00:47,2025-02-15T12:00:47,15.0,20.0,2025-02-15T09:00:47,17.5,,,NOISE,2025-02-15T09:00:47,17.5,,,NOISE,2025-02-15T09:00:47,17.5,,,NOISE,2025-02-15T09:00:47,17.5,,,NOISE
2026-03-06T09:27:10.289088,Map-Energy__sum__linear-conv00584-20250215_120047-20250215_180047-15.000000-20.000000.png,2025-02-15T12:00:47,2025-02-15T18:00:47,15.0,20.0,2025-02-15T15:00:47,17.5,,,NOISE,2025-02-15T15:00:47,17.5,,,NOISE,2025-02-15T15:00:47,17.5,,,NOISE,2025-02-15T15:00:47,17.5,,,NOISE
2026-03-06T09:27:13.777097,Map-Energy__sum__linear-conv00594-20250215_180047-20250216_000047-15.000000-20.000000.png,2025-02-15T18:00:47,2025-02-16T00:00:47,15.0,20.0,2025-02-15T21:00:47,17.5,,,NOISE,2025-02-15T21:00:47,17.5,,,NOISE,2025-02-15T21:00:47,17.5,,,NOISE,2025-02-15T21:00:47,17.5,,,NOISE
2026-03-06T09:27:16.297344,Map-Energy__sum__linear-conv00604-20250216_000047-20250216_060047-15.000000-20.000000.png,2025-02-16T00:00:47,2025-02-16T06:00:47,15.0,20.0,2025-02-16T03:00:47,17.5,,,NOISE,2025-02-16T03:00:47,17.5,,,NOISE,2025-02-16T03:00:47,17.5,,,NOISE,2025-02-16T03:00:47,17.5,,,NOISE
2026-03-06T09:27:18.729130,Map-Energy__sum__linear-conv00614-20250216_060047-20250216_120047-15.000000-20.000000.png,2025-02-16T06:00:47,2025-02-16T12:00:47,15.0,20.0,2025-02-16T09:00:47,17.5,,,NOISE,2025-02-16T09:00:47,17.5,,,NOISE,2025-02-16T09:00:47,17.5,,,NOISE,2025-02-16T09:00:47,17.5,,,NOISE
2026-03-06T09:27:22.241240,Map-Energy__sum__linear-conv00624-20250216_120047-20250216_180047-15.000000-20.000000.png,2025-02-16T12:00:47,2025-02-16T18:00:47,15.0,20.0,2025-02-16T15:00:47,17.5,,,NOISE,2025-02-16T15:00:47,17.5,,,NOISE,2025-02-16T15:00:47,17.5,,,NOISE,2025-02-16T15:00:47,17.5,,,NOISE
2026-03-06T09:27:24.121663,Map-Energy__sum__linear-conv00634-20250216_180047-20250217_000047-15.000000-20.000000.png,2025-02-16T18:00:47,2025-02-17T00:00:47,15.0,20.0,2025-02-16T21:00:47,17.5,,,NOISE,2025-02-16T21:00:47,17.5,,,NOISE,2025-02-16T21:00:47,17.5,,,NOISE,2025-02-16T21:00:47,17.5,,,NOISE
2026-03-06T09:27:25.321112,Map-Energy__sum__linear-conv00644-20250217_000047-20250217_060047-15.000000-20.000000.png,2025-02-17T00:00:47,2025-02-17T06:00:47,15.0,20.0,2025-02-17T03:00:47,17.5,,,NOISE,2025-02-17T03:00:47,17.5,,,NOISE,2025-02-17T03:00:47,17.5,,,NOISE,2025-02-17T03:00:47,17.5,,,NOISE
2026-03-06T09:27:27.208992,Map-Energy__sum__linear-conv00654-20250217_060047-20250217_120047-15.000000-20.000000.png,2025-02-17T06:00:47,2025-02-17T12:00:47,15.0,20.0,2025-02-17T09:00:47,17.5,,,NOISE,2025-02-17T09:00:47,17.5,,,NOISE,2025-02-17T09:00:47,17.5,,,NOISE,2025-02-17T09:00:47,17.5,,,NOISE
2026-03-06T09:27:28.561191,Map-Energy__sum__linear-conv00664-20250217_120047-20250217_180047-15.000000-20.000000.png,2025-02-17T12:00:47,2025-02-17T18:00:47,15.0,20.0,2025-02-17T15:00:47,17.5,,,NOISE,2025-02-17T15:00:47,17.5,,,NOISE,2025-02-17T15:00:47,17.5,,,NOISE,2025-02-17T15:00:47,17.5,,,NOISE
2026-03-06T09:27:30.041229,Map-Energy__sum__linear-conv00674-20250217_180047-20250218_000047-15.000000-20.000000.png,2025-02-17T18:00:47,2025-02-18T00:00:47,15.0,20.0,2025-02-17T21:00:47,17.5,,,NOISE,2025-02-17T21:00:47,17.5,,,NOISE,2025-02-17T21:00:47,17.5,,,NOISE,2025-02-17T21:00:47,17.5,,,NOISE
2026-03-06T09:27:31.225136,Map-Energy__sum__linear-conv00684-20250218_000047-20250218_060047-15.000000-20.000000.png,2025-02-18T00:00:47,2025-02-18T06:00:47,15.0,20.0,2025-02-18T03:00:47,17.5,,,NOISE,2025-02-18T03:00:47,17.5,,,NOISE,2025-02-18T03:00:47,17.5,,,NOISE,2025-02-18T03:00:47,17.5,,,NOISE
2026-03-06T09:27:32.337178,Map-Energy__sum__linear-conv00694-20250218_060047-20250218_120047-15.000000-20.000000.png,2025-02-18T06:00:47,2025-02-18T12:00:47,15.0,20.0,2025-02-18T09:00:47,17.5,,,NOISE,2025-02-18T09:00:47,17.5,,,NOISE,2025-02-18T09:00:47,17.5,,,NOISE,2025-02-18T09:00:47,17.5,,,NOISE
2026-03-06T09:27:33.449112,Map-Energy__sum__linear-conv00704-20250218_120047-20250218_180047-15.000000-20.000000.png,2025-02-18T12:00:47,2025-02-18T18:00:47,15.0,20.0,2025-02-18T15:00:47,17.5,,,NOISE,2025-02-18T15:00:47,17.5,,,NOISE,2025-02-18T15:00:47,17.5,,,NOISE,2025-02-18T15:00:47,17.5,,,NOISE
2026-03-06T09:27:34.625157,Map-Energy__sum__linear-conv00714-20250218_180047-20250219_000047-15.000000-20.000000.png,2025-02-18T18:00:47,2025-02-19T00:00:47,15.0,20.0,2025-02-18T21:00:47,17.5,,,NOISE,2025-02-18T21:00:47,17.5,,,NOISE,2025-02-18T21:00:47,17.5,,,NOISE,2025-02-18T21:00:47,17.5,,,NOISE
2026-03-06T09:27:35.698577,Map-Energy__sum__linear-conv00724-20250219_000047-20250219_060047-15.000000-20.000000.png,2025-02-19T00:00:47,2025-02-19T06:00:47,15.0,20.0,2025-02-19T03:00:47,17.5,,,NOISE,2025-02-19T03:00:47,17.5,,,NOISE,2025-02-19T03:00:47,17.5,,,NOISE,2025-02-19T03:00:47,17.5,,,NOISE
2026-03-06T09:27:37.441051,Map-Energy__sum__linear-conv00734-20250219_060047-20250219_120047-15.000000-20.000000.png,2025-02-19T06:00:47,2025-02-19T12:00:47,15.0,20.0,2025-02-19T09:00:47,17.5,,,NOISE,2025-02-19T09:00:47,17.5,,,NOISE,2025-02-19T09:00:47,17.5,,,NOISE,2025-02-19T09:00:47,17.5,,,NOISE
2026-03-06T09:27:53.689218,Map-Energy__sum__linear-conv00744-20250219_120047-20250219_180047-15.000000-20.000000.png,2025-02-19T12:00:47,2025-02-19T18:00:47,15.0,20.0,2025-02-19T13:57:13,19.787902,,,OTHER,2025-02-19T15:00:47,17.5,,,NOISE,2025-02-19T15:00:47,17.5,,,NOISE,2025-02-19T15:00:47,17.5,,,NOISE
2026-03-06T09:28:10.593091,Map-Energy__sum__linear-conv00754-20250219_180047-20250220_000047-15.000000-20.000000.png,2025-02-19T18:00:47,2025-02-20T00:00:47,15.0,20.0,2025-02-19T19:57:13,19.484405,,,OTHER,2025-02-19T21:57:40,19.429931,,,OTHER,2025-02-19T23:30:08,16.877442,,,OTHER,2025-02-19T21:00:47,17.5,,,NOISE
2026-03-06T09:28:27.568993,Map-Energy__sum__linear-conv00764-20250220_000047-20250220_060047-15.000000-20.000000.png,2025-02-20T00:00:47,2025-02-20T06:00:47,15.0,20.0,2025-02-20T02:08:01,16.729584,,,OTHER,2025-02-20T04:29:26,17.865753,,,OTHER,2025-02-20T03:00:47,17.5,,,NOISE,2025-02-20T03:00:47,17.5,,,NOISE
2026-03-06T09:28:39.392919,Map-Energy__sum__linear-conv00774-20250220_060047-20250220_120047-15.000000-20.000000.png,2025-02-20T06:00:47,2025-02-20T12:00:47,15.0,20.0,2025-02-20T07:57:32,16.59729,,,VESSEL,2025-02-20T11:37:27,19.406585,,,OTHER,2025-02-20T09:00:47,17.5,,,NOISE,2025-02-20T09:00:47,17.5,,,NOISE
2026-03-06T09:28:48.368977,Map-Energy__sum__linear-conv00784-20250220_120047-20250220_180047-15.000000-20.000000.png,2025-02-20T12:00:47,2025-02-20T18:00:47,15.0,20.0,2025-02-20T14:41:23,19.282073,,,VESSEL,2025-02-20T15:00:47,17.5,,,NOISE,2025-02-20T15:00:47,17.5,,,NOISE,2025-02-20T15:00:47,17.5,,,NOISE
2026-03-06T09:28:52.577115,Map-Energy__sum__linear-conv00794-20250220_180047-20250221_000047-15.000000-20.000000.png,2025-02-20T18:00:47,2025-02-21T00:00:47,15.0,20.0,2025-02-20T21:00:47,17.5,,,NOISE,2025-02-20T21:00:47,17.5,,,NOISE,2025-02-20T21:00:47,17.5,,,NOISE,2025-02-20T21:00:47,17.5,,,NOISE
2026-03-06T09:28:58.824797,Map-Energy__sum__linear-conv00804-20250221_000047-20250221_060047-15.000000-20.000000.png,2025-02-21T00:00:47,2025-02-21T06:00:47,15.0,20.0,2025-02-21T03:00:47,17.5,,,NOISE,2025-02-21T03:00:47,17.5,,,NOISE,2025-02-21T03:00:47,17.5,,,NOISE,2025-02-21T03:00:47,17.5,,,NOISE
2026-03-06T09:29:09.096928,Map-Energy__sum__linear-conv00814-20250221_060047-20250221_120047-15.000000-20.000000.png,2025-02-21T06:00:47,2025-02-21T12:00:47,15.0,20.0,2025-02-21T09:00:47,17.5,,,NOISE,2025-02-21T09:00:47,17.5,,,NOISE,2025-02-21T09:00:47,17.5,,,NOISE,2025-02-21T09:00:47,17.5,,,NOISE
2026-03-06T09:29:11.113173,Map-Energy__sum__linear-conv00824-20250221_120047-20250221_180047-15.000000-20.000000.png,2025-02-21T12:00:47,2025-02-21T18:00:47,15.0,20.0,2025-02-21T15:00:47,17.5,,,NOISE,2025-02-21T15:00:47,17.5,,,NOISE,2025-02-21T15:00:47,17.5,,,NOISE,2025-02-21T15:00:47,17.5,,,NOISE
2026-03-06T09:29:13.344932,Map-Energy__sum__linear-conv00834-20250221_180047-20250222_000047-15.000000-20.000000.png,2025-02-21T18:00:47,2025-02-22T00:00:47,15.0,20.0,2025-02-21T21:00:47,17.5,,,NOISE,2025-02-21T21:00:47,17.5,,,NOISE,2025-02-21T21:00:47,17.5,,,NOISE,2025-02-21T21:00:47,17.5,,,NOISE
2026-03-06T09:29:16.416913,Map-Energy__sum__linear-conv00844-20250222_000047-20250222_060047-15.000000-20.000000.png,2025-02-22T00:00:47,2025-02-22T06:00:47,15.0,20.0,2025-02-22T03:00:47,17.5,,,NOISE,2025-02-22T03:00:47,17.5,,,NOISE,2025-02-22T03:00:47,17.5,,,NOISE,2025-02-22T03:00:47,17.5,,,NOISE
2026-03-06T09:29:20.841162,Map-Energy__sum__linear-conv00854-20250222_060047-20250222_120047-15.000000-20.000000.png,2025-02-22T06:00:47,2025-02-22T12:00:47,15.0,20.0,2025-02-22T09:00:47,17.5,,,NOISE,2025-02-22T09:00:47,17.5,,,NOISE,2025-02-22T09:00:47,17.5,,,NOISE,2025-02-22T09:00:47,17.5,,,NOISE
2026-03-06T09:29:36.480724,Map-Energy__sum__linear-conv00864-20250222_120047-20250222_180047-15.000000-20.000000.png,2025-02-22T12:00:47,2025-02-22T18:00:47,15.0,20.0,2025-02-22T15:44:19,19.81903,,,OTHER,2025-02-22T15:00:47,17.5,,,NOISE,2025-02-22T15:00:47,17.5,,,NOISE,2025-02-22T15:00:47,17.5,,,NOISE
2026-03-06T09:29:47.200727,Map-Energy__sum__linear-conv00874-20250222_180047-20250223_000047-15.000000-20.000000.png,2025-02-22T18:00:47,2025-02-23T00:00:47,15.0,20.0,2025-02-22T21:41:46,19.476623,,,VESSEL,2025-02-22T21:00:47,17.5,,,NOISE,2025-02-22T21:00:47,17.5,,,NOISE,2025-02-22T21:00:47,17.5,,,NOISE
2026-03-06T09:30:09.080903,Map-Energy__sum__linear-conv00884-20250223_000047-20250223_060047-15.000000-20.000000.png,2025-02-23T00:00:47,2025-02-23T06:00:47,15.0,20.0,2025-02-23T01:14:38,18.869628,,,VESSEL,2025-02-23T03:00:47,17.5,,,NOISE,2025-02-23T03:00:47,17.5,,,NOISE,2025-02-23T03:00:47,17.5,,,NOISE
2026-03-06T09:30:17.784885,Map-Energy__sum__linear-conv00894-20250223_060047-20250223_120047-15.000000-20.000000.png,2025-02-23T06:00:47,2025-02-23T12:00:47,15.0,20.0,2025-02-23T07:31:28,19.671172,,,VESSEL,2025-02-23T09:00:47,17.5,,,NOISE,2025-02-23T09:00:47,17.5,,,NOISE,2025-02-23T09:00:47,17.5,,,NOISE
2026-03-06T09:30:25.320782,Map-Energy__sum__linear-conv00904-20250223_120047-20250223_180047-15.000000-20.000000.png,2025-02-23T12:00:47,2025-02-23T18:00:47,15.0,20.0,2025-02-23T14:20:44,19.2276,,,OTHER,2025-02-23T15:00:47,17.5,,,NOISE,2025-02-23T15:00:47,17.5,,,NOISE,2025-02-23T15:00:47,17.5,,,NOISE
2026-03-06T09:30:38.960646,Map-Energy__sum__linear-conv00914-20250223_180047-20250224_000047-15.000000-20.000000.png,2025-02-23T18:00:47,2025-02-24T00:00:47,15.0,20.0,2025-02-23T19:53:43,18.060303,,,OTHER,2025-02-23T19:32:45,19.795684,,,OTHER,2025-02-23T21:00:47,17.5,,,NOISE,2025-02-23T21:00:47,17.5,,,NOISE
2026-03-06T09:30:41.136727,Map-Energy__sum__linear-conv00924-20250224_000047-20250224_060047-15.000000-20.000000.png,2025-02-24T00:00:47,2025-02-24T06:00:47,15.0,20.0,2025-02-24T03:00:47,17.5,,,NOISE,2025-02-24T03:00:47,17.5,,,NOISE,2025-02-24T03:00:47,17.5,,,NOISE,2025-02-24T03:00:47,17.5,,,NOISE
2026-03-06T09:30:45.240865,Map-Energy__sum__linear-conv00934-20250224_060047-20250224_120047-15.000000-20.000000.png,2025-02-24T06:00:47,2025-02-24T12:00:47,15.0,20.0,2025-02-24T09:00:47,17.5,,,NOISE,2025-02-24T09:00:47,17.5,,,NOISE,2025-02-24T09:00:47,17.5,,,NOISE,2025-02-24T09:00:47,17.5,,,NOISE
2026-03-06T09:30:47.000715,Map-Energy__sum__linear-conv00944-20250224_120047-20250224_180047-15.000000-20.000000.png,2025-02-24T12:00:47,2025-02-24T18:00:47,15.0,20.0,2025-02-24T15:00:47,17.5,,,NOISE,2025-02-24T15:00:47,17.5,,,NOISE,2025-02-24T15:00:47,17.5,,,NOISE,2025-02-24T15:00:47,17.5,,,NOISE
2026-03-06T09:30:50.120835,Map-Energy__sum__linear-conv00954-20250224_180047-20250225_000047-15.000000-20.000000.png,2025-02-24T18:00:47,2025-02-25T00:00:47,15.0,20.0,2025-02-24T21:00:47,17.5,,,NOISE,2025-02-24T21:00:47,17.5,,,NOISE,2025-02-24T21:00:47,17.5,,,NOISE,2025-02-24T21:00:47,17.5,,,NOISE
2026-03-06T09:30:52.680691,Map-Energy__sum__linear-conv00964-20250225_000047-20250225_060047-15.000000-20.000000.png,2025-02-25T00:00:47,2025-02-25T06:00:47,15.0,20.0,2025-02-25T03:00:47,17.5,,,NOISE,2025-02-25T03:00:47,17.5,,,NOISE,2025-02-25T03:00:47,17.5,,,NOISE,2025-02-25T03:00:47,17.5,,,NOISE
2026-03-06T09:30:56.993616,Map-Energy__sum__linear-conv00974-20250225_060047-20250225_120047-15.000000-20.000000.png,2025-02-25T06:00:47,2025-02-25T12:00:47,15.0,20.0,2025-02-25T09:00:47,17.5,,,NOISE,2025-02-25T09:00:47,17.5,,,NOISE,2025-02-25T09:00:47,17.5,,,NOISE,2025-02-25T09:00:47,17.5,,,NOISE
2026-03-06T09:31:00.560670,Map-Energy__sum__linear-conv00984-20250225_120047-20250225_180047-15.000000-20.000000.png,2025-02-25T12:00:47,2025-02-25T18:00:47,15.0,20.0,2025-02-25T15:00:47,17.5,,,NOISE,2025-02-25T15:00:47,17.5,,,NOISE,2025-02-25T15:00:47,17.5,,,NOISE,2025-02-25T15:00:47,17.5,,,NOISE
2026-03-06T09:31:03.280821,Map-Energy__sum__linear-conv00994-20250225_180047-20250226_000047-15.000000-20.000000.png,2025-02-25T18:00:47,2025-02-26T00:00:47,15.0,20.0,2025-02-25T21:00:47,17.5,,,NOISE,2025-02-25T21:00:47,17.5,,,NOISE,2025-02-25T21:00:47,17.5,,,NOISE,2025-02-25T21:00:47,17.5,,,NOISE
2026-03-06T09:31:10.256972,Map-Energy__sum__linear-conv01004-20250226_000047-20250226_060047-15.000000-20.000000.png,2025-02-26T00:00:47,2025-02-26T06:00:47,15.0,20.0,2025-02-26T02:59:11,19.087524,,,SEISMIC,2025-02-26T03:00:47,17.5,,,NOISE,2025-02-26T03:00:47,17.5,,,NOISE,2025-02-26T03:00:47,17.5,,,NOISE
2026-03-06T09:31:24.152559,Map-Energy__sum__linear-conv01014-20250226_060047-20250226_120047-15.000000-20.000000.png,2025-02-26T06:00:47,2025-02-26T12:00:47,15.0,20.0,2025-02-26T10:29:46,19.764556,,,SEISMIC,2025-02-26T08:34:05,18.340454,,,VESSEL,2025-02-26T09:00:47,17.5,,,SEISMIC,2025-02-26T09:00:47,17.5,,,NOISE
2026-03-06T09:31:32.408595,Map-Energy__sum__linear-conv01024-20250226_120047-20250226_180047-15.000000-20.000000.png,2025-02-26T12:00:47,2025-02-26T18:00:47,15.0,20.0,2025-02-26T14:30:54,19.678954,,,SEISMIC,2025-02-26T15:00:47,17.5,,,NOISE,2025-02-26T15:00:47,17.5,,,NOISE,2025-02-26T15:00:47,17.5,,,NOISE
2026-03-06T09:31:37.672750,Map-Energy__sum__linear-conv01034-20250226_180047-20250227_000047-15.000000-20.000000.png,2025-02-26T18:00:47,2025-02-27T00:00:47,15.0,20.0,2025-02-26T21:14:45,19.546661,,,SEISMIC,2025-02-26T21:00:47,17.5,,,NOISE,2025-02-26T21:00:47,17.5,,,NOISE,2025-02-26T21:00:47,17.5,,,NOISE
2026-03-06T09:31:44.152551,Map-Energy__sum__linear-conv01044-20250227_000047-20250227_060047-15.000000-20.000000.png,2025-02-27T00:00:47,2025-02-27T06:00:47,15.0,20.0,2025-02-27T00:32:41,19.320983,,,SEISMIC,2025-02-27T03:00:47,17.5,,,NOISE,2025-02-27T03:00:47,17.5,,,NOISE,2025-02-27T03:00:47,17.5,,,NOISE
2026-03-06T09:31:48.632694,Map-Energy__sum__linear-conv01054-20250227_060047-20250227_120047-15.000000-20.000000.png,2025-02-27T06:00:47,2025-02-27T12:00:47,15.0,20.0,2025-02-27T09:00:47,17.5,,,NOISE,2025-02-27T09:00:47,17.5,,,NOISE,2025-02-27T09:00:47,17.5,,,NOISE,2025-02-27T09:00:47,17.5,,,NOISE
2026-03-06T09:31:56.320735,Map-Energy__sum__linear-conv01064-20250227_120047-20250227_180047-15.000000-20.000000.png,2025-02-27T12:00:47,2025-02-27T18:00:47,15.0,20.0,2025-02-27T16:39:37,19.367675,,,VESSEL,2025-02-27T15:00:47,17.5,,,NOISE,2025-02-27T15:00:47,17.5,,,NOISE,2025-02-27T15:00:47,17.5,,,NOISE
2026-03-06T09:32:06.560585,Map-Energy__sum__linear-conv01074-20250227_180047-20250228_000047-15.000000-20.000000.png,2025-02-27T18:00:47,2025-02-28T00:00:47,15.0,20.0,2025-02-27T21:18:53,19.842376,,,SEISMIC,2025-02-27T21:00:47,17.5,,,NOISE,2025-02-27T21:00:47,17.5,,,NOISE,2025-02-27T21:00:47,17.5,,,NOISE
2026-03-06T09:32:09.072760,Map-Energy__sum__linear-conv01084-20250228_000047-20250228_060047-15.000000-20.000000.png,2025-02-28T00:00:47,2025-02-28T06:00:47,15.0,20.0,2025-02-28T03:00:47,17.5,,,NOISE,2025-02-28T03:00:47,17.5,,,NOISE,2025-02-28T03:00:47,17.5,,,NOISE,2025-02-28T03:00:47,17.5,,,NOISE
2026-03-06T09:32:11.912713,Map-Energy__sum__linear-conv01094-20250228_060047-20250228_120047-15.000000-20.000000.png,2025-02-28T06:00:47,2025-02-28T12:00:47,15.0,20.0,2025-02-28T09:00:47,17.5,,,NOISE,2025-02-28T09:00:47,17.5,,,NOISE,2025-02-28T09:00:47,17.5,,,NOISE,2025-02-28T09:00:47,17.5,,,NOISE
2026-03-06T09:32:13.384593,Map-Energy__sum__linear-conv01104-20250228_120047-20250228_180047-15.000000-20.000000.png,2025-02-28T12:00:47,2025-02-28T18:00:47,15.0,20.0,2025-02-28T15:00:47,17.5,,,NOISE,2025-02-28T15:00:47,17.5,,,NOISE,2025-02-28T15:00:47,17.5,,,NOISE,2025-02-28T15:00:47,17.5,,,NOISE
2026-03-06T09:32:14.784672,Map-Energy__sum__linear-conv01114-20250228_180047-20250301_000047-15.000000-20.000000.png,2025-02-28T18:00:47,2025-03-01T00:00:47,15.0,20.0,2025-02-28T21:00:47,17.5,,,NOISE,2025-02-28T21:00:47,17.5,,,NOISE,2025-02-28T21:00:47,17.5,,,NOISE,2025-02-28T21:00:47,17.5,,,NOISE
2026-03-06T09:32:16.208727,Map-Energy__sum__linear-conv00005-20250201_000047-20250201_060047-20.000000-25.000000.png,2025-02-01T00:00:47,2025-02-01T06:00:47,20.0,25.0,2025-02-01T03:00:47,22.5,,,NOISE,2025-02-01T03:00:47,22.5,,,NOISE,2025-02-01T03:00:47,22.5,,,NOISE,2025-02-01T03:00:47,22.5,,,NOISE
2026-03-06T09:32:17.592625,Map-Energy__sum__linear-conv00015-20250201_060047-20250201_120047-20.000000-25.000000.png,2025-02-01T06:00:47,2025-02-01T12:00:47,20.0,25.0,2025-02-01T09:00:47,22.5,,,NOISE,2025-02-01T09:00:47,22.5,,,NOISE,2025-02-01T09:00:47,22.5,,,NOISE,2025-02-01T09:00:47,22.5,,,NOISE
2026-03-06T09:32:19.920754,Map-Energy__sum__linear-conv00025-20250201_120047-20250201_180047-20.000000-25.000000.png,2025-02-01T12:00:47,2025-02-01T18:00:47,20.0,25.0,2025-02-01T15:00:47,22.5,,,NOISE,2025-02-01T15:00:47,22.5,,,NOISE,2025-02-01T15:00:47,22.5,,,NOISE,2025-02-01T15:00:47,22.5,,,NOISE
2026-03-06T09:32:21.128712,Map-Energy__sum__linear-conv00035-20250201_180047-20250202_000047-20.000000-25.000000.png,2025-02-01T18:00:47,2025-02-02T00:00:47,20.0,25.0,2025-02-01T21:00:47,22.5,,,NOISE,2025-02-01T21:00:47,22.5,,,NOISE,2025-02-01T21:00:47,22.5,,,NOISE,2025-02-01T21:00:47,22.5,,,NOISE
2026-03-06T09:32:22.689008,Map-Energy__sum__linear-conv00045-20250202_000047-20250202_060047-20.000000-25.000000.png,2025-02-02T00:00:47,2025-02-02T06:00:47,20.0,25.0,2025-02-02T03:00:47,22.5,,,NOISE,2025-02-02T03:00:47,22.5,,,NOISE,2025-02-02T03:00:47,22.5,,,NOISE,2025-02-02T03:00:47,22.5,,,NOISE
2026-03-06T09:32:25.536633,Map-Energy__sum__linear-conv00055-20250202_060047-20250202_120047-20.000000-25.000000.png,2025-02-02T06:00:47,2025-02-02T12:00:47,20.0,25.0,2025-02-02T09:00:47,22.5,,,NOISE,2025-02-02T09:00:47,22.5,,,NOISE,2025-02-02T09:00:47,22.5,,,NOISE,2025-02-02T09:00:47,22.5,,,NOISE
2026-03-06T09:32:32.624543,Map-Energy__sum__linear-conv00065-20250202_120047-20250202_180047-20.000000-25.000000.png,2025-02-02T12:00:47,2025-02-02T18:00:47,20.0,25.0,2025-02-02T14:48:04,23.550567,,,SEISMIC,2025-02-02T15:00:47,22.5,,,NOISE,2025-02-02T15:00:47,22.5,,,NOISE,2025-02-02T15:00:47,22.5,,,NOISE
2026-03-06T09:32:39.528644,Map-Energy__sum__linear-conv00075-20250202_180047-20250203_000047-20.000000-25.000000.png,2025-02-02T18:00:47,2025-02-03T00:00:47,20.0,25.0,2025-02-02T20:54:44,23.535003,,,SEISMIC,2025-02-02T21:00:47,22.5,,,NOISE,2025-02-02T21:00:47,22.5,,,NOISE,2025-02-02T21:00:47,22.5,,,NOISE
2026-03-06T09:32:41.168682,Map-Energy__sum__linear-conv00085-20250203_000047-20250203_060047-20.000000-25.000000.png,2025-02-03T00:00:47,2025-02-03T06:00:47,20.0,25.0,2025-02-03T03:00:47,22.5,,,NOISE,2025-02-03T03:00:47,22.5,,,NOISE,2025-02-03T03:00:47,22.5,,,NOISE,2025-02-03T03:00:47,22.5,,,NOISE
2026-03-06T09:32:42.944703,Map-Energy__sum__linear-conv00095-20250203_060047-20250203_120047-20.000000-25.000000.png,2025-02-03T06:00:47,2025-02-03T12:00:47,20.0,25.0,2025-02-03T09:00:47,22.5,,,NOISE,2025-02-03T09:00:47,22.5,,,NOISE,2025-02-03T09:00:47,22.5,,,NOISE,2025-02-03T09:00:47,22.5,,,NOISE
2026-03-06T09:32:44.104519,Map-Energy__sum__linear-conv00105-20250203_120047-20250203_180047-20.000000-25.000000.png,2025-02-03T12:00:47,2025-02-03T18:00:47,20.0,25.0,2025-02-03T15:00:47,22.5,,,NOISE,2025-02-03T15:00:47,22.5,,,NOISE,2025-02-03T15:00:47,22.5,,,NOISE,2025-02-03T15:00:47,22.5,,,NOISE
2026-03-06T09:32:45.296716,Map-Energy__sum__linear-conv00115-20250203_180047-20250204_000047-20.000000-25.000000.png,2025-02-03T18:00:47,2025-02-04T00:00:47,20.0,25.0,2025-02-03T21:00:47,22.5,,,NOISE,2025-02-03T21:00:47,22.5,,,NOISE,2025-02-03T21:00:47,22.5,,,NOISE,2025-02-03T21:00:47,22.5,,,NOISE
2026-03-06T09:32:46.353812,Map-Energy__sum__linear-conv00125-20250204_000047-20250204_060047-20.000000-25.000000.png,2025-02-04T00:00:47,2025-02-04T06:00:47,20.0,25.0,2025-02-04T03:00:47,22.5,,,NOISE,2025-02-04T03:00:47,22.5,,,NOISE,2025-02-04T03:00:47,22.5,,,NOISE,2025-02-04T03:00:47,22.5,,,NOISE
2026-03-06T09:32:47.784865,Map-Energy__sum__linear-conv00135-20250204_060047-20250204_120047-20.000000-25.000000.png,2025-02-04T06:00:47,2025-02-04T12:00:47,20.0,25.0,2025-02-04T09:00:47,22.5,,,NOISE,2025-02-04T09:00:47,22.5,,,NOISE,2025-02-04T09:00:47,22.5,,,NOISE,2025-02-04T09:00:47,22.5,,,NOISE
2026-03-06T09:32:53.752937,Map-Energy__sum__linear-conv00145-20250204_120047-20250204_180047-20.000000-25.000000.png,2025-02-04T12:00:47,2025-02-04T18:00:47,20.0,25.0,2025-02-04T15:08:43,23.589477,,,SEISMIC,2025-02-04T15:00:47,22.5,,,NOISE,2025-02-04T15:00:47,22.5,,,NOISE,2025-02-04T15:00:47,22.5,,,NOISE
2026-03-06T09:33:03.592452,Map-Energy__sum__linear-conv00155-20250204_180047-20250205_000047-20.000000-25.000000.png,2025-02-04T18:00:47,2025-02-05T00:00:47,20.0,25.0,2025-02-04T20:49:58,23.776245,,,SEISMIC,2025-02-04T21:00:47,22.5,,,NOISE,2025-02-04T21:00:47,22.5,,,NOISE,2025-02-04T21:00:47,22.5,,,NOISE
2026-03-06T09:33:05.248670,Map-Energy__sum__linear-conv00165-20250205_000047-20250205_060047-20.000000-25.000000.png,2025-02-05T00:00:47,2025-02-05T06:00:47,20.0,25.0,2025-02-05T03:00:47,22.5,,,NOISE,2025-02-05T03:00:47,22.5,,,NOISE,2025-02-05T03:00:47,22.5,,,NOISE,2025-02-05T03:00:47,22.5,,,NOISE
2026-03-06T09:33:11.112750,Map-Energy__sum__linear-conv00175-20250205_060047-20250205_120047-20.000000-25.000000.png,2025-02-05T06:00:47,2025-02-05T12:00:47,20.0,25.0,2025-02-05T09:00:47,23.721771,,,SEISMIC,2025-02-05T09:00:47,22.5,,,NOISE,2025-02-05T09:00:47,22.5,,,NOISE,2025-02-05T09:00:47,22.5,,,NOISE
2026-03-06T09:33:12.544657,Map-Energy__sum__linear-conv00185-20250205_120047-20250205_180047-20.000000-25.000000.png,2025-02-05T12:00:47,2025-02-05T18:00:47,20.0,25.0,2025-02-05T15:00:47,22.5,,,NOISE,2025-02-05T15:00:47,22.5,,,NOISE,2025-02-05T15:00:47,22.5,,,NOISE,2025-02-05T15:00:47,22.5,,,NOISE
2026-03-06T09:33:13.784670,Map-Energy__sum__linear-conv00195-20250205_180047-20250206_000047-20.000000-25.000000.png,2025-02-05T18:00:47,2025-02-06T00:00:47,20.0,25.0,2025-02-05T21:00:47,22.5,,,NOISE,2025-02-05T21:00:47,22.5,,,NOISE,2025-02-05T21:00:47,22.5,,,NOISE,2025-02-05T21:00:47,22.5,,,NOISE
2026-03-06T09:33:15.232441,Map-Energy__sum__linear-conv00205-20250206_000047-20250206_060047-20.000000-25.000000.png,2025-02-06T00:00:47,2025-02-06T06:00:47,20.0,25.0,2025-02-06T03:00:47,22.5,,,NOISE,2025-02-06T03:00:47,22.5,,,NOISE,2025-02-06T03:00:47,22.5,,,NOISE,2025-02-06T03:00:47,22.5,,,NOISE
2026-03-06T09:33:16.456470,Map-Energy__sum__linear-conv00215-20250206_060047-20250206_120047-20.000000-25.000000.png,2025-02-06T06:00:47,2025-02-06T12:00:47,20.0,25.0,2025-02-06T09:00:47,22.5,,,NOISE,2025-02-06T09:00:47,22.5,,,NOISE,2025-02-06T09:00:47,22.5,,,NOISE,2025-02-06T09:00:47,22.5,,,NOISE
2026-03-06T09:33:17.744645,Map-Energy__sum__linear-conv00225-20250206_120047-20250206_180047-20.000000-25.000000.png,2025-02-06T12:00:47,2025-02-06T18:00:47,20.0,25.0,2025-02-06T15:00:47,22.5,,,NOISE,2025-02-06T15:00:47,22.5,,,NOISE,2025-02-06T15:00:47,22.5,,,NOISE,2025-02-06T15:00:47,22.5,,,NOISE
2026-03-06T09:33:18.728418,Map-Energy__sum__linear-conv00235-20250206_180047-20250207_000047-20.000000-25.000000.png,2025-02-06T18:00:47,2025-02-07T00:00:47,20.0,25.0,2025-02-06T21:00:47,22.5,,,NOISE,2025-02-06T21:00:47,22.5,,,NOISE,2025-02-06T21:00:47,22.5,,,NOISE,2025-02-06T21:00:47,22.5,,,NOISE
2026-03-06T09:33:19.801659,Map-Energy__sum__linear-conv00245-20250207_000047-20250207_060047-20.000000-25.000000.png,2025-02-07T00:00:47,2025-02-07T06:00:47,20.0,25.0,2025-02-07T03:00:47,22.5,,,NOISE,2025-02-07T03:00:47,22.5,,,NOISE,2025-02-07T03:00:47,22.5,,,NOISE,2025-02-07T03:00:47,22.5,,,NOISE
2026-03-06T09:33:24.904485,Map-Energy__sum__linear-conv00255-20250207_060047-20250207_120047-20.000000-25.000000.png,2025-02-07T06:00:47,2025-02-07T12:00:47,20.0,25.0,2025-02-07T08:41:04,23.675079,,,SEISMIC,2025-02-07T09:00:47,22.5,,,NOISE,2025-02-07T09:00:47,22.5,,,NOISE,2025-02-07T09:00:47,22.5,,,NOISE
2026-03-06T09:33:29.808614,Map-Energy__sum__linear-conv00265-20250207_120047-20250207_180047-20.000000-25.000000.png,2025-02-07T12:00:47,2025-02-07T18:00:47,20.0,25.0,2025-02-07T15:20:48,23.371582,,,SEISMIC,2025-02-07T15:00:47,22.5,,,NOISE,2025-02-07T15:00:47,22.5,,,NOISE,2025-02-07T15:00:47,22.5,,,NOISE
2026-03-06T09:33:36.064496,Map-Energy__sum__linear-conv00275-20250207_180047-20250208_000047-20.000000-25.000000.png,2025-02-07T18:00:47,2025-02-08T00:00:47,20.0,25.0,2025-02-07T20:25:49,23.791809,,,SEISMIC,2025-02-07T21:00:47,22.5,,,NOISE,2025-02-07T21:00:47,22.5,,,NOISE,2025-02-07T21:00:47,22.5,,,NOISE
2026-03-06T09:33:41.424371,Map-Energy__sum__linear-conv00285-20250208_000047-20250208_060047-20.000000-25.000000.png,2025-02-08T00:00:47,2025-02-08T06:00:47,20.0,25.0,2025-02-08T02:38:51,23.558349,,,SEISMIC,2025-02-08T03:00:47,22.5,,,NOISE,2025-02-08T03:00:47,22.5,,,NOISE,2025-02-08T03:00:47,22.5,,,NOISE
2026-03-06T09:33:47.216518,Map-Energy__sum__linear-conv00295-20250208_060047-20250208_120047-20.000000-25.000000.png,2025-02-08T06:00:47,2025-02-08T12:00:47,20.0,25.0,2025-02-08T08:31:13,23.410492,,,SEISMIC,2025-02-08T09:00:47,22.5,,,NOISE,2025-02-08T09:00:47,22.5,,,NOISE,2025-02-08T09:00:47,22.5,,,NOISE
2026-03-06T09:33:50.776623,Map-Energy__sum__linear-conv00305-20250208_120047-20250208_180047-20.000000-25.000000.png,2025-02-08T12:00:47,2025-02-08T18:00:47,20.0,25.0,2025-02-08T15:00:47,22.5,,,NOISE,2025-02-08T15:00:47,22.5,,,NOISE,2025-02-08T15:00:47,22.5,,,NOISE,2025-02-08T15:00:47,22.5,,,NOISE
2026-03-06T09:33:52.016607,Map-Energy__sum__linear-conv00315-20250208_180047-20250209_000047-20.000000-25.000000.png,2025-02-08T18:00:47,2025-02-09T00:00:47,20.0,25.0,2025-02-08T21:00:47,22.5,,,NOISE,2025-02-08T21:00:47,22.5,,,NOISE,2025-02-08T21:00:47,22.5,,,NOISE,2025-02-08T21:00:47,22.5,,,NOISE
2026-03-06T09:33:53.464578,Map-Energy__sum__linear-conv00325-20250209_000047-20250209_060047-20.000000-25.000000.png,2025-02-09T00:00:47,2025-02-09T06:00:47,20.0,25.0,2025-02-09T03:00:47,22.5,,,NOISE,2025-02-09T03:00:47,22.5,,,NOISE,2025-02-09T03:00:47,22.5,,,NOISE,2025-02-09T03:00:47,22.5,,,NOISE
2026-03-06T09:33:54.792407,Map-Energy__sum__linear-conv00335-20250209_060047-20250209_120047-20.000000-25.000000.png,2025-02-09T06:00:47,2025-02-09T12:00:47,20.0,25.0,2025-02-09T09:00:47,22.5,,,NOISE,2025-02-09T09:00:47,22.5,,,NOISE,2025-02-09T09:00:47,22.5,,,NOISE,2025-02-09T09:00:47,22.5,,,NOISE
2026-03-06T09:33:55.936551,Map-Energy__sum__linear-conv00345-20250209_120047-20250209_180047-20.000000-25.000000.png,2025-02-09T12:00:47,2025-02-09T18:00:47,20.0,25.0,2025-02-09T15:00:47,22.5,,,NOISE,2025-02-09T15:00:47,22.5,,,NOISE,2025-02-09T15:00:47,22.5,,,NOISE,2025-02-09T15:00:47,22.5,,,NOISE
2026-03-06T09:34:02.024511,Map-Energy__sum__linear-conv00355-20250209_180047-20250210_000047-20.000000-25.000000.png,2025-02-09T18:00:47,2025-02-10T00:00:47,20.0,25.0,2025-02-09T21:00:47,22.5,,,NOISE,2025-02-09T21:00:47,22.5,,,NOISE,2025-02-09T21:00:47,22.5,,,NOISE,2025-02-09T21:00:47,22.5,,,NOISE
2026-03-06T09:34:04.288399,Map-Energy__sum__linear-conv00365-20250210_000047-20250210_060047-20.000000-25.000000.png,2025-02-10T00:00:47,2025-02-10T06:00:47,20.0,25.0,2025-02-10T03:00:47,22.5,,,NOISE,2025-02-10T03:00:47,22.5,,,NOISE,2025-02-10T03:00:47,22.5,,,NOISE,2025-02-10T03:00:47,22.5,,,NOISE
2026-03-06T09:34:05.720621,Map-Energy__sum__linear-conv00375-20250210_060047-20250210_120047-20.000000-25.000000.png,2025-02-10T06:00:47,2025-02-10T12:00:47,20.0,25.0,2025-02-10T09:00:47,22.5,,,NOISE,2025-02-10T09:00:47,22.5,,,NOISE,2025-02-10T09:00:47,22.5,,,NOISE,2025-02-10T09:00:47,22.5,,,NOISE
2026-03-06T09:34:06.952552,Map-Energy__sum__linear-conv00385-20250210_120047-20250210_180047-20.000000-25.000000.png,2025-02-10T12:00:47,2025-02-10T18:00:47,20.0,25.0,2025-02-10T15:00:47,22.5,,,NOISE,2025-02-10T15:00:47,22.5,,,NOISE,2025-02-10T15:00:47,22.5,,,NOISE,2025-02-10T15:00:47,22.5,,,NOISE
2026-03-06T09:34:08.760655,Map-Energy__sum__linear-conv00395-20250210_180047-20250211_000047-20.000000-25.000000.png,2025-02-10T18:00:47,2025-02-11T00:00:47,20.0,25.0,2025-02-10T21:00:47,22.5,,,NOISE,2025-02-10T21:00:47,22.5,,,NOISE,2025-02-10T21:00:47,22.5,,,NOISE,2025-02-10T21:00:47,22.5,,,NOISE
2026-03-06T09:34:11.144514,Map-Energy__sum__linear-conv00405-20250211_000047-20250211_060047-20.000000-25.000000.png,2025-02-11T00:00:47,2025-02-11T06:00:47,20.0,25.0,2025-02-11T03:00:47,22.5,,,NOISE,2025-02-11T03:00:47,22.5,,,NOISE,2025-02-11T03:00:47,22.5,,,NOISE,2025-02-11T03:00:47,22.5,,,NOISE
2026-03-06T09:34:12.656516,Map-Energy__sum__linear-conv00415-20250211_060047-20250211_120047-20.000000-25.000000.png,2025-02-11T06:00:47,2025-02-11T12:00:47,20.0,25.0,2025-02-11T09:00:47,22.5,,,NOISE,2025-02-11T09:00:47,22.5,,,NOISE,2025-02-11T09:00:47,22.5,,,NOISE,2025-02-11T09:00:47,22.5,,,NOISE
2026-03-06T09:34:20.904604,Map-Energy__sum__linear-conv00425-20250211_120047-20250211_180047-20.000000-25.000000.png,2025-02-11T12:00:47,2025-02-11T18:00:47,20.0,25.0,2025-02-11T15:00:47,22.5,,,NOISE,2025-02-11T15:00:47,22.5,,,NOISE,2025-02-11T15:00:47,22.5,,,NOISE,2025-02-11T15:00:47,22.5,,,NOISE
2026-03-06T09:34:24.032466,Map-Energy__sum__linear-conv00435-20250211_180047-20250212_000047-20.000000-25.000000.png,2025-02-11T18:00:47,2025-02-12T00:00:47,20.0,25.0,2025-02-11T21:00:47,22.5,,,NOISE,2025-02-11T21:00:47,22.5,,,NOISE,2025-02-11T21:00:47,22.5,,,NOISE,2025-02-11T21:00:47,22.5,,,NOISE
2026-03-06T09:34:25.728550,Map-Energy__sum__linear-conv00445-20250212_000047-20250212_060047-20.000000-25.000000.png,2025-02-12T00:00:47,2025-02-12T06:00:47,20.0,25.0,2025-02-12T03:00:47,22.5,,,NOISE,2025-02-12T03:00:47,22.5,,,NOISE,2025-02-12T03:00:47,22.5,,,NOISE,2025-02-12T03:00:47,22.5,,,NOISE
2026-03-06T09:34:27.040401,Map-Energy__sum__linear-conv00455-20250212_060047-20250212_120047-20.000000-25.000000.png,2025-02-12T06:00:47,2025-02-12T12:00:47,20.0,25.0,2025-02-12T09:00:47,22.5,,,NOISE,2025-02-12T09:00:47,22.5,,,NOISE,2025-02-12T09:00:47,22.5,,,NOISE,2025-02-12T09:00:47,22.5,,,NOISE
2026-03-06T09:34:28.680512,Map-Energy__sum__linear-conv00465-20250212_120047-20250212_180047-20.000000-25.000000.png,2025-02-12T12:00:47,2025-02-12T18:00:47,20.0,25.0,2025-02-12T15:00:47,22.5,,,NOISE,2025-02-12T15:00:47,22.5,,,NOISE,2025-02-12T15:00:47,22.5,,,NOISE,2025-02-12T15:00:47,22.5,,,NOISE
2026-03-06T09:34:30.776440,Map-Energy__sum__linear-conv00475-20250212_180047-20250213_000047-20.000000-25.000000.png,2025-02-12T18:00:47,2025-02-13T00:00:47,20.0,25.0,2025-02-12T21:00:47,22.5,,,NOISE,2025-02-12T21:00:47,22.5,,,NOISE,2025-02-12T21:00:47,22.5,,,NOISE,2025-02-12T21:00:47,22.5,,,NOISE
2026-03-06T09:34:32.192699,Map-Energy__sum__linear-conv00485-20250213_000047-20250213_060047-20.000000-25.000000.png,2025-02-13T00:00:47,2025-02-13T06:00:47,20.0,25.0,2025-02-13T03:00:47,22.5,,,NOISE,2025-02-13T03:00:47,22.5,,,NOISE,2025-02-13T03:00:47,22.5,,,NOISE,2025-02-13T03:00:47,22.5,,,NOISE
2026-03-06T09:34:33.944560,Map-Energy__sum__linear-conv00495-20250213_060047-20250213_120047-20.000000-25.000000.png,2025-02-13T06:00:47,2025-02-13T12:00:47,20.0,25.0,2025-02-13T09:00:47,22.5,,,NOISE,2025-02-13T09:00:47,22.5,,,NOISE,2025-02-13T09:00:47,22.5,,,NOISE,2025-02-13T09:00:47,22.5,,,NOISE
2026-03-06T09:34:35.216570,Map-Energy__sum__linear-conv00505-20250213_120047-20250213_180047-20.000000-25.000000.png,2025-02-13T12:00:47,2025-02-13T18:00:47,20.0,25.0,2025-02-13T15:00:47,22.5,,,NOISE,2025-02-13T15:00:47,22.5,,,NOISE,2025-02-13T15:00:47,22.5,,,NOISE,2025-02-13T15:00:47,22.5,,,NOISE
2026-03-06T09:34:37.352536,Map-Energy__sum__linear-conv00515-20250213_180047-20250214_000047-20.000000-25.000000.png,2025-02-13T18:00:47,2025-02-14T00:00:47,20.0,25.0,2025-02-13T21:00:47,22.5,,,NOISE,2025-02-13T21:00:47,22.5,,,NOISE,2025-02-13T21:00:47,22.5,,,NOISE,2025-02-13T21:00:47,22.5,,,NOISE
2026-03-06T09:34:38.536634,Map-Energy__sum__linear-conv00525-20250214_000047-20250214_060047-20.000000-25.000000.png,2025-02-14T00:00:47,2025-02-14T06:00:47,20.0,25.0,2025-02-14T03:00:47,22.5,,,NOISE,2025-02-14T03:00:47,22.5,,,NOISE,2025-02-14T03:00:47,22.5,,,NOISE,2025-02-14T03:00:47,22.5,,,NOISE
2026-03-06T09:34:39.696422,Map-Energy__sum__linear-conv00535-20250214_060047-20250214_120047-20.000000-25.000000.png,2025-02-14T06:00:47,2025-02-14T12:00:47,20.0,25.0,2025-02-14T09:00:47,22.5,,,NOISE,2025-02-14T09:00:47,22.5,,,NOISE,2025-02-14T09:00:47,22.5,,,NOISE,2025-02-14T09:00:47,22.5,,,NOISE
2026-03-06T09:34:40.753006,Map-Energy__sum__linear-conv00545-20250214_120047-20250214_180047-20.000000-25.000000.png,2025-02-14T12:00:47,2025-02-14T18:00:47,20.0,25.0,2025-02-14T15:00:47,22.5,,,NOISE,2025-02-14T15:00:47,22.5,,,NOISE,2025-02-14T15:00:47,22.5,,,NOISE,2025-02-14T15:00:47,22.5,,,NOISE
2026-03-06T09:34:41.736456,Map-Energy__sum__linear-conv00555-20250214_180047-20250215_000047-20.000000-25.000000.png,2025-02-14T18:00:47,2025-02-15T00:00:47,20.0,25.0,2025-02-14T21:00:47,22.5,,,NOISE,2025-02-14T21:00:47,22.5,,,NOISE,2025-02-14T21:00:47,22.5,,,NOISE,2025-02-14T21:00:47,22.5,,,NOISE
2026-03-06T09:34:43.512469,Map-Energy__sum__linear-conv00565-20250215_000047-20250215_060047-20.000000-25.000000.png,2025-02-15T00:00:47,2025-02-15T06:00:47,20.0,25.0,2025-02-15T03:00:47,22.5,,,NOISE,2025-02-15T03:00:47,22.5,,,NOISE,2025-02-15T03:00:47,22.5,,,NOISE,2025-02-15T03:00:47,22.5,,,NOISE
2026-03-06T09:34:44.624384,Map-Energy__sum__linear-conv00575-20250215_060047-20250215_120047-20.000000-25.000000.png,2025-02-15T06:00:47,2025-02-15T12:00:47,20.0,25.0,2025-02-15T09:00:47,22.5,,,NOISE,2025-02-15T09:00:47,22.5,,,NOISE,2025-02-15T09:00:47,22.5,,,NOISE,2025-02-15T09:00:47,22.5,,,NOISE
2026-03-06T09:34:45.992487,Map-Energy__sum__linear-conv00585-20250215_120047-20250215_180047-20.000000-25.000000.png,2025-02-15T12:00:47,2025-02-15T18:00:47,20.0,25.0,2025-02-15T15:00:47,22.5,,,NOISE,2025-02-15T15:00:47,22.5,,,NOISE,2025-02-15T15:00:47,22.5,,,NOISE,2025-02-15T15:00:47,22.5,,,NOISE
2026-03-06T09:34:47.240509,Map-Energy__sum__linear-conv00595-20250215_180047-20250216_000047-20.000000-25.000000.png,2025-02-15T18:00:47,2025-02-16T00:00:47,20.0,25.0,2025-02-15T21:00:47,22.5,,,NOISE,2025-02-15T21:00:47,22.5,,,NOISE,2025-02-15T21:00:47,22.5,,,NOISE,2025-02-15T21:00:47,22.5,,,NOISE
2026-03-06T09:34:48.600565,Map-Energy__sum__linear-conv00605-20250216_000047-20250216_060047-20.000000-25.000000.png,2025-02-16T00:00:47,2025-02-16T06:00:47,20.0,25.0,2025-02-16T03:00:47,22.5,,,NOISE,2025-02-16T03:00:47,22.5,,,NOISE,2025-02-16T03:00:47,22.5,,,NOISE,2025-02-16T03:00:47,22.5,,,NOISE
2026-03-06T09:34:49.592463,Map-Energy__sum__linear-conv00615-20250216_060047-20250216_120047-20.000000-25.000000.png,2025-02-16T06:00:47,2025-02-16T12:00:47,20.0,25.0,2025-02-16T09:00:47,22.5,,,NOISE,2025-02-16T09:00:47,22.5,,,NOISE,2025-02-16T09:00:47,22.5,,,NOISE,2025-02-16T09:00:47,22.5,,,NOISE
2026-03-06T09:34:50.864493,Map-Energy__sum__linear-conv00625-20250216_120047-20250216_180047-20.000000-25.000000.png,2025-02-16T12:00:47,2025-02-16T18:00:47,20.0,25.0,2025-02-16T15:00:47,22.5,,,NOISE,2025-02-16T15:00:47,22.5,,,NOISE,2025-02-16T15:00:47,22.5,,,NOISE,2025-02-16T15:00:47,22.5,,,NOISE
2026-03-06T09:34:52.056474,Map-Energy__sum__linear-conv00635-20250216_180047-20250217_000047-20.000000-25.000000.png,2025-02-16T18:00:47,2025-02-17T00:00:47,20.0,25.0,2025-02-16T21:00:47,22.5,,,NOISE,2025-02-16T21:00:47,22.5,,,NOISE,2025-02-16T21:00:47,22.5,,,NOISE,2025-02-16T21:00:47,22.5,,,NOISE
2026-03-06T09:34:53.152485,Map-Energy__sum__linear-conv00645-20250217_000047-20250217_060047-20.000000-25.000000.png,2025-02-17T00:00:47,2025-02-17T06:00:47,20.0,25.0,2025-02-17T03:00:47,22.5,,,NOISE,2025-02-17T03:00:47,22.5,,,NOISE,2025-02-17T03:00:47,22.5,,,NOISE,2025-02-17T03:00:47,22.5,,,NOISE
2026-03-06T09:34:58.352698,Map-Energy__sum__linear-conv00655-20250217_060047-20250217_120047-20.000000-25.000000.png,2025-02-17T06:00:47,2025-02-17T12:00:47,20.0,25.0,2025-02-17T09:00:47,22.5,,,NOISE,2025-02-17T09:00:47,22.5,,,NOISE,2025-02-17T09:00:47,22.5,,,NOISE,2025-02-17T09:00:47,22.5,,,NOISE
2026-03-06T09:34:59.608263,Map-Energy__sum__linear-conv00665-20250217_120047-20250217_180047-20.000000-25.000000.png,2025-02-17T12:00:47,2025-02-17T18:00:47,20.0,25.0,2025-02-17T15:00:47,22.5,,,NOISE,2025-02-17T15:00:47,22.5,,,NOISE,2025-02-17T15:00:47,22.5,,,NOISE,2025-02-17T15:00:47,22.5,,,NOISE
2026-03-06T09:35:01.864527,Map-Energy__sum__linear-conv00675-20250217_180047-20250218_000047-20.000000-25.000000.png,2025-02-17T18:00:47,2025-02-18T00:00:47,20.0,25.0,2025-02-17T21:00:47,22.5,,,NOISE,2025-02-17T21:00:47,22.5,,,NOISE,2025-02-17T21:00:47,22.5,,,NOISE,2025-02-17T21:00:47,22.5,,,NOISE
2026-03-06T09:35:09.744459,Map-Energy__sum__linear-conv00685-20250218_000047-20250218_060047-20.000000-25.000000.png,2025-02-18T00:00:47,2025-02-18T06:00:47,20.0,25.0,2025-02-18T01:15:35,20.741273,,,OTHER,2025-02-18T03:00:47,22.5,,,NOISE,2025-02-18T03:00:47,22.5,,,NOISE,2025-02-18T03:00:47,22.5,,,NOISE
2026-03-06T09:35:12.144509,Map-Energy__sum__linear-conv00695-20250218_060047-20250218_120047-20.000000-25.000000.png,2025-02-18T06:00:47,2025-02-18T12:00:47,20.0,25.0,2025-02-18T09:00:47,22.5,,,NOISE,2025-02-18T09:00:47,22.5,,,NOISE,2025-02-18T09:00:47,22.5,,,NOISE,2025-02-18T09:00:47,22.5,,,NOISE
2026-03-06T09:35:14.928460,Map-Energy__sum__linear-conv00705-20250218_120047-20250218_180047-20.000000-25.000000.png,2025-02-18T12:00:47,2025-02-18T18:00:47,20.0,25.0,2025-02-18T15:00:47,22.5,,,NOISE,2025-02-18T15:00:47,22.5,,,NOISE,2025-02-18T15:00:47,22.5,,,NOISE,2025-02-18T15:00:47,22.5,,,NOISE
2026-03-06T09:35:17.064519,Map-Energy__sum__linear-conv00715-20250218_180047-20250219_000047-20.000000-25.000000.png,2025-02-18T18:00:47,2025-02-19T00:00:47,20.0,25.0,2025-02-18T21:00:47,22.5,,,NOISE,2025-02-18T21:00:47,22.5,,,NOISE,2025-02-18T21:00:47,22.5,,,NOISE,2025-02-18T21:00:47,22.5,,,NOISE
2026-03-06T09:35:18.504343,Map-Energy__sum__linear-conv00725-20250219_000047-20250219_060047-20.000000-25.000000.png,2025-02-19T00:00:47,2025-02-19T06:00:47,20.0,25.0,2025-02-19T03:00:47,22.5,,,NOISE,2025-02-19T03:00:47,22.5,,,NOISE,2025-02-19T03:00:47,22.5,,,NOISE,2025-02-19T03:00:47,22.5,,,NOISE
2026-03-06T09:35:19.896446,Map-Energy__sum__linear-conv00735-20250219_060047-20250219_120047-20.000000-25.000000.png,2025-02-19T06:00:47,2025-02-19T12:00:47,20.0,25.0,2025-02-19T09:00:47,22.5,,,NOISE,2025-02-19T09:00:47,22.5,,,NOISE,2025-02-19T09:00:47,22.5,,,NOISE,2025-02-19T09:00:47,22.5,,,NOISE
2026-03-06T09:35:34.816408,Map-Energy__sum__linear-conv00745-20250219_120047-20250219_180047-20.000000-25.000000.png,2025-02-19T12:00:47,2025-02-19T18:00:47,20.0,25.0,2025-02-19T14:45:31,21.332703,,,OTHER,2025-02-19T15:00:47,22.5,,,NOISE,2025-02-19T15:00:47,22.5,,,NOISE,2025-02-19T15:00:47,22.5,,,NOISE
2026-03-06T09:35:37.128314,Map-Energy__sum__linear-conv00755-20250219_180047-20250220_000047-20.000000-25.000000.png,2025-02-19T18:00:47,2025-02-20T00:00:47,20.0,25.0,2025-02-19T21:00:47,22.5,,,NOISE,2025-02-19T21:00:47,22.5,,,NOISE,2025-02-19T21:00:47,22.5,,,NOISE,2025-02-19T21:00:47,22.5,,,NOISE
2026-03-06T09:35:39.248633,Map-Energy__sum__linear-conv00765-20250220_000047-20250220_060047-20.000000-25.000000.png,2025-02-20T00:00:47,2025-02-20T06:00:47,20.0,25.0,2025-02-20T03:00:47,22.5,,,NOISE,2025-02-20T03:00:47,22.5,,,NOISE,2025-02-20T03:00:47,22.5,,,NOISE,2025-02-20T03:00:47,22.5,,,NOISE
2026-03-06T09:35:42.696176,Map-Energy__sum__linear-conv00775-20250220_060047-20250220_120047-20.000000-25.000000.png,2025-02-20T06:00:47,2025-02-20T12:00:47,20.0,25.0,2025-02-20T09:00:47,22.5,,,NOISE,2025-02-20T09:00:47,22.5,,,NOISE,2025-02-20T09:00:47,22.5,,,NOISE,2025-02-20T09:00:47,22.5,,,NOISE
2026-03-06T09:35:50.512252,Map-Energy__sum__linear-conv00785-20250220_120047-20250220_180047-20.000000-25.000000.png,2025-02-20T12:00:47,2025-02-20T18:00:47,20.0,25.0,2025-02-20T13:29:53,20.110932,,,OTHER,2025-02-20T15:00:47,22.5,,,NOISE,2025-02-20T15:00:47,22.5,,,NOISE,2025-02-20T15:00:47,22.5,,,NOISE
2026-03-06T09:35:53.136280,Map-Energy__sum__linear-conv00795-20250220_180047-20250221_000047-20.000000-25.000000.png,2025-02-20T18:00:47,2025-02-21T00:00:47,20.0,25.0,2025-02-20T21:00:47,22.5,,,NOISE,2025-02-20T21:00:47,22.5,,,NOISE,2025-02-20T21:00:47,22.5,,,NOISE,2025-02-20T21:00:47,22.5,,,NOISE
2026-03-06T09:35:55.096354,Map-Energy__sum__linear-conv00805-20250221_000047-20250221_060047-20.000000-25.000000.png,2025-02-21T00:00:47,2025-02-21T06:00:47,20.0,25.0,2025-02-21T03:00:47,22.5,,,NOISE,2025-02-21T03:00:47,22.5,,,NOISE,2025-02-21T03:00:47,22.5,,,NOISE,2025-02-21T03:00:47,22.5,,,NOISE
2026-03-06T09:35:57.232294,Map-Energy__sum__linear-conv00815-20250221_060047-20250221_120047-20.000000-25.000000.png,2025-02-21T06:00:47,2025-02-21T12:00:47,20.0,25.0,2025-02-21T09:00:47,22.5,,,NOISE,2025-02-21T09:00:47,22.5,,,NOISE,2025-02-21T09:00:47,22.5,,,NOISE,2025-02-21T09:00:47,22.5,,,NOISE
2026-03-06T09:36:00.520371,Map-Energy__sum__linear-conv00825-20250221_120047-20250221_180047-20.000000-25.000000.png,2025-02-21T12:00:47,2025-02-21T18:00:47,20.0,25.0,2025-02-21T15:00:47,22.5,,,NOISE,2025-02-21T15:00:47,22.5,,,NOISE,2025-02-21T15:00:47,22.5,,,NOISE,2025-02-21T15:00:47,22.5,,,NOISE
2026-03-06T09:36:02.320302,Map-Energy__sum__linear-conv00835-20250221_180047-20250222_000047-20.000000-25.000000.png,2025-02-21T18:00:47,2025-02-22T00:00:47,20.0,25.0,2025-02-21T21:00:47,22.5,,,NOISE,2025-02-21T21:00:47,22.5,,,NOISE,2025-02-21T21:00:47,22.5,,,NOISE,2025-02-21T21:00:47,22.5,,,NOISE
2026-03-06T09:36:04.848415,Map-Energy__sum__linear-conv00845-20250222_000047-20250222_060047-20.000000-25.000000.png,2025-02-22T00:00:47,2025-02-22T06:00:47,20.0,25.0,2025-02-22T03:00:47,22.5,,,NOISE,2025-02-22T03:00:47,22.5,,,NOISE,2025-02-22T03:00:47,22.5,,,NOISE,2025-02-22T03:00:47,22.5,,,NOISE
2026-03-06T09:36:23.792422,Map-Energy__sum__linear-conv00855-20250222_060047-20250222_120047-20.000000-25.000000.png,2025-02-22T06:00:47,2025-02-22T12:00:47,20.0,25.0,2025-02-22T08:30:35,23.527221,,,OTHER,2025-02-22T09:00:47,22.5,,,NOISE,2025-02-22T09:00:47,22.5,,,NOISE,2025-02-22T09:00:47,22.5,,,NOISE
2026-03-06T09:36:34.960159,Map-Energy__sum__linear-conv00865-20250222_120047-20250222_180047-20.000000-25.000000.png,2025-02-22T12:00:47,2025-02-22T18:00:47,20.0,25.0,2025-02-22T14:40:07,20.149842,,,OTHER,2025-02-22T16:11:00,20.21988,,,OTHER,2025-02-22T15:00:47,22.5,,,NOISE,2025-02-22T15:00:47,22.5,,,NOISE
2026-03-06T09:36:59.080170,Map-Energy__sum__linear-conv00875-20250222_180047-20250223_000047-20.000000-25.000000.png,2025-02-22T18:00:47,2025-02-23T00:00:47,20.0,25.0,2025-02-22T19:26:42,20.484467,,,OTHER,2025-02-22T21:00:47,22.5,,,NOISE,2025-02-22T21:00:47,22.5,,,NOISE,2025-02-22T21:00:47,22.5,,,NOISE
2026-03-06T09:37:14.456519,Map-Energy__sum__linear-conv00885-20250223_000047-20250223_060047-20.000000-25.000000.png,2025-02-23T00:00:47,2025-02-23T06:00:47,20.0,25.0,2025-02-23T02:53:28,20.468903,,,OTHER,2025-02-23T03:00:47,22.5,,,NOISE,2025-02-23T03:00:47,22.5,,,NOISE,2025-02-23T03:00:47,22.5,,,NOISE
2026-03-06T09:37:22.048195,Map-Energy__sum__linear-conv00895-20250223_060047-20250223_120047-20.000000-25.000000.png,2025-02-23T06:00:47,2025-02-23T12:00:47,20.0,25.0,2025-02-23T09:38:36,20.671235,,,OTHER,2025-02-23T09:00:47,22.5,,,NOISE,2025-02-23T09:00:47,22.5,,,NOISE,2025-02-23T09:00:47,22.5,,,NOISE
2026-03-06T09:37:29.952286,Map-Energy__sum__linear-conv00905-20250223_120047-20250223_180047-20.000000-25.000000.png,2025-02-23T12:00:47,2025-02-23T18:00:47,20.0,25.0,2025-02-23T14:53:09,20.608979,,,OTHER,2025-02-23T15:00:47,22.5,,,NOISE,2025-02-23T15:00:47,22.5,,,NOISE,2025-02-23T15:00:47,22.5,,,NOISE
2026-03-06T09:37:33.408361,Map-Energy__sum__linear-conv00915-20250223_180047-20250224_000047-20.000000-25.000000.png,2025-02-23T18:00:47,2025-02-24T00:00:47,20.0,25.0,2025-02-23T21:00:47,22.5,,,NOISE,2025-02-23T21:00:47,22.5,,,NOISE,2025-02-23T21:00:47,22.5,,,NOISE,2025-02-23T21:00:47,22.5,,,NOISE
2026-03-06T09:37:34.664463,Map-Energy__sum__linear-conv00925-20250224_000047-20250224_060047-20.000000-25.000000.png,2025-02-24T00:00:47,2025-02-24T06:00:47,20.0,25.0,2025-02-24T03:00:47,22.5,,,NOISE,2025-02-24T03:00:47,22.5,,,NOISE,2025-02-24T03:00:47,22.5,,,NOISE,2025-02-24T03:00:47,22.5,,,NOISE
2026-03-06T09:37:35.792162,Map-Energy__sum__linear-conv00935-20250224_060047-20250224_120047-20.000000-25.000000.png,2025-02-24T06:00:47,2025-02-24T12:00:47,20.0,25.0,2025-02-24T09:00:47,22.5,,,NOISE,2025-02-24T09:00:47,22.5,,,NOISE,2025-02-24T09:00:47,22.5,,,NOISE,2025-02-24T09:00:47,22.5,,,NOISE
2026-03-06T09:37:36.752295,Map-Energy__sum__linear-conv00945-20250224_120047-20250224_180047-20.000000-25.000000.png,2025-02-24T12:00:47,2025-02-24T18:00:47,20.0,25.0,2025-02-24T15:00:47,22.5,,,NOISE,2025-02-24T15:00:47,22.5,,,NOISE,2025-02-24T15:00:47,22.5,,,NOISE,2025-02-24T15:00:47,22.5,,,NOISE
2026-03-06T09:37:38.560215,Map-Energy__sum__linear-conv00955-20250224_180047-20250225_000047-20.000000-25.000000.png,2025-02-24T18:00:47,2025-02-25T00:00:47,20.0,25.0,2025-02-24T21:00:47,22.5,,,NOISE,2025-02-24T21:00:47,22.5,,,NOISE,2025-02-24T21:00:47,22.5,,,NOISE,2025-02-24T21:00:47,22.5,,,NOISE
2026-03-06T09:37:41.176670,Map-Energy__sum__linear-conv00965-20250225_000047-20250225_060047-20.000000-25.000000.png,2025-02-25T00:00:47,2025-02-25T06:00:47,20.0,25.0,2025-02-25T03:00:47,22.5,,,NOISE,2025-02-25T03:00:47,22.5,,,NOISE,2025-02-25T03:00:47,22.5,,,NOISE,2025-02-25T03:00:47,22.5,,,NOISE
2026-03-06T09:37:42.752195,Map-Energy__sum__linear-conv00975-20250225_060047-20250225_120047-20.000000-25.000000.png,2025-02-25T06:00:47,2025-02-25T12:00:47,20.0,25.0,2025-02-25T09:00:47,22.5,,,NOISE,2025-02-25T09:00:47,22.5,,,NOISE,2025-02-25T09:00:47,22.5,,,NOISE,2025-02-25T09:00:47,22.5,,,NOISE
2026-03-06T09:37:44.352151,Map-Energy__sum__linear-conv00985-20250225_120047-20250225_180047-20.000000-25.000000.png,2025-02-25T12:00:47,2025-02-25T18:00:47,20.0,25.0,2025-02-25T15:00:47,22.5,,,NOISE,2025-02-25T15:00:47,22.5,,,NOISE,2025-02-25T15:00:47,22.5,,,NOISE,2025-02-25T15:00:47,22.5,,,NOISE
2026-03-06T09:37:49.600524,Map-Energy__sum__linear-conv00995-20250225_180047-20250226_000047-20.000000-25.000000.png,2025-02-25T18:00:47,2025-02-26T00:00:47,20.0,25.0,2025-02-25T21:00:47,22.5,,,SEISMIC,2025-02-25T21:00:47,22.5,,,NOISE,2025-02-25T21:00:47,22.5,,,NOISE,2025-02-25T21:00:47,22.5,,,NOISE
2026-03-06T09:37:51.609667,Map-Energy__sum__linear-conv01005-20250226_000047-20250226_060047-20.000000-25.000000.png,2025-02-26T00:00:47,2025-02-26T06:00:47,20.0,25.0,2025-02-26T03:00:47,22.5,,,NOISE,2025-02-26T03:00:47,22.5,,,NOISE,2025-02-26T03:00:47,22.5,,,NOISE,2025-02-26T03:00:47,22.5,,,NOISE
2026-03-06T09:37:54.968440,Map-Energy__sum__linear-conv01015-20250226_060047-20250226_120047-20.000000-25.000000.png,2025-02-26T06:00:47,2025-02-26T12:00:47,20.0,25.0,2025-02-26T09:00:47,22.5,,,NOISE,2025-02-26T09:00:47,22.5,,,NOISE,2025-02-26T09:00:47,22.5,,,NOISE,2025-02-26T09:00:47,22.5,,,NOISE
2026-03-06T09:37:56.368662,Map-Energy__sum__linear-conv01025-20250226_120047-20250226_180047-20.000000-25.000000.png,2025-02-26T12:00:47,2025-02-26T18:00:47,20.0,25.0,2025-02-26T15:00:47,22.5,,,NOISE,2025-02-26T15:00:47,22.5,,,NOISE,2025-02-26T15:00:47,22.5,,,NOISE,2025-02-26T15:00:47,22.5,,,NOISE
2026-03-06T09:38:06.112052,Map-Energy__sum__linear-conv01035-20250226_180047-20250227_000047-20.000000-25.000000.png,2025-02-26T18:00:47,2025-02-27T00:00:47,20.0,25.0,2025-02-26T20:21:03,20.616761,,,SEISMIC,2025-02-26T22:37:23,20.523377,,,SEISMIC,2025-02-26T21:00:47,22.5,,,NOISE,2025-02-26T21:00:47,22.5,,,NOISE
2026-03-06T09:38:12.080716,Map-Energy__sum__linear-conv01045-20250227_000047-20250227_060047-20.000000-25.000000.png,2025-02-27T00:00:47,2025-02-27T06:00:47,20.0,25.0,2025-02-27T01:24:29,20.741273,,,SEISMIC,2025-02-27T03:00:47,22.5,,,NOISE,2025-02-27T03:00:47,22.5,,,NOISE,2025-02-27T03:00:47,22.5,,,NOISE
2026-03-06T09:38:17.704048,Map-Energy__sum__linear-conv01055-20250227_060047-20250227_120047-20.000000-25.000000.png,2025-02-27T06:00:47,2025-02-27T12:00:47,20.0,25.0,2025-02-27T08:21:41,20.616761,,,SEISMIC,2025-02-27T09:00:47,22.5,,,NOISE,2025-02-27T09:00:47,22.5,,,NOISE,2025-02-27T09:00:47,22.5,,,NOISE
2026-03-06T09:38:20.440197,Map-Energy__sum__linear-conv01065-20250227_120047-20250227_180047-20.000000-25.000000.png,2025-02-27T12:00:47,2025-02-27T18:00:47,20.0,25.0,2025-02-27T15:00:47,22.5,,,NOISE,2025-02-27T15:00:47,22.5,,,NOISE,2025-02-27T15:00:47,22.5,,,NOISE,2025-02-27T15:00:47,22.5,,,NOISE
2026-03-06T09:38:22.656231,Map-Energy__sum__linear-conv01075-20250227_180047-20250228_000047-20.000000-25.000000.png,2025-02-27T18:00:47,2025-02-28T00:00:47,20.0,25.0,2025-02-27T21:00:47,22.5,,,NOISE,2025-02-27T21:00:47,22.5,,,NOISE,2025-02-27T21:00:47,22.5,,,NOISE,2025-02-27T21:00:47,22.5,,,NOISE
2026-03-06T09:38:24.512238,Map-Energy__sum__linear-conv01085-20250228_000047-20250228_060047-20.000000-25.000000.png,2025-02-28T00:00:47,2025-02-28T06:00:47,20.0,25.0,2025-02-28T03:00:47,22.5,,,NOISE,2025-02-28T03:00:47,22.5,,,NOISE,2025-02-28T03:00:47,22.5,,,NOISE,2025-02-28T03:00:47,22.5,,,NOISE
2026-03-06T09:38:31.216155,Map-Energy__sum__linear-conv01095-20250228_060047-20250228_120047-20.000000-25.000000.png,2025-02-28T06:00:47,2025-02-28T12:00:47,20.0,25.0,2025-02-28T08:15:20,20.468903,,,OTHER,2025-02-28T09:00:47,22.5,,,NOISE,2025-02-28T09:00:47,22.5,,,NOISE,2025-02-28T09:00:47,22.5,,,NOISE
2026-03-06T09:38:38.247961,Map-Energy__sum__linear-conv01105-20250228_120047-20250228_180047-20.000000-25.000000.png,2025-02-28T12:00:47,2025-02-28T18:00:47,20.0,25.0,2025-02-28T14:29:38,20.391083,,,OTHER,2025-02-28T15:00:47,22.5,,,NOISE,2025-02-28T15:00:47,22.5,,,NOISE,2025-02-28T15:00:47,22.5,,,NOISE
2026-03-06T09:38:40.568189,Map-Energy__sum__linear-conv01115-20250228_180047-20250301_000047-20.000000-25.000000.png,2025-02-28T18:00:47,2025-03-01T00:00:47,20.0,25.0,2025-02-28T21:00:47,22.5,,,NOISE,2025-02-28T21:00:47,22.5,,,NOISE,2025-02-28T21:00:47,22.5,,,NOISE,2025-02-28T21:00:47,22.5,,,NOISE
2026-03-06T09:38:43.432015,Map-Energy__sum__linear-conv00006-20250201_000047-20250201_060047-25.000000-30.000000.png,2025-02-01T00:00:47,2025-02-01T06:00:47,25.0,30.0,2025-02-01T03:00:47,27.5,,,NOISE,2025-02-01T03:00:47,27.5,,,NOISE,2025-02-01T03:00:47,27.5,,,NOISE,2025-02-01T03:00:47,27.5,,,NOISE
2026-03-06T09:38:45.416186,Map-Energy__sum__linear-conv00016-20250201_060047-20250201_120047-25.000000-30.000000.png,2025-02-01T06:00:47,2025-02-01T12:00:47,25.0,30.0,2025-02-01T09:00:47,27.5,,,NOISE,2025-02-01T09:00:47,27.5,,,NOISE,2025-02-01T09:00:47,27.5,,,NOISE,2025-02-01T09:00:47,27.5,,,NOISE
2026-03-06T09:38:46.832055,Map-Energy__sum__linear-conv00026-20250201_120047-20250201_180047-25.000000-30.000000.png,2025-02-01T12:00:47,2025-02-01T18:00:47,25.0,30.0,2025-02-01T15:00:47,27.5,,,NOISE,2025-02-01T15:00:47,27.5,,,NOISE,2025-02-01T15:00:47,27.5,,,NOISE,2025-02-01T15:00:47,27.5,,,NOISE
2026-03-06T09:38:48.232199,Map-Energy__sum__linear-conv00036-20250201_180047-20250202_000047-25.000000-30.000000.png,2025-02-01T18:00:47,2025-02-02T00:00:47,25.0,30.0,2025-02-01T21:00:47,27.5,,,NOISE,2025-02-01T21:00:47,27.5,,,NOISE,2025-02-01T21:00:47,27.5,,,NOISE,2025-02-01T21:00:47,27.5,,,NOISE
2026-03-06T09:38:49.408193,Map-Energy__sum__linear-conv00046-20250202_000047-20250202_060047-25.000000-30.000000.png,2025-02-02T00:00:47,2025-02-02T06:00:47,25.0,30.0,2025-02-02T03:00:47,27.5,,,NOISE,2025-02-02T03:00:47,27.5,,,NOISE,2025-02-02T03:00:47,27.5,,,NOISE,2025-02-02T03:00:47,27.5,,,NOISE
2026-03-06T09:38:50.728061,Map-Energy__sum__linear-conv00056-20250202_060047-20250202_120047-25.000000-30.000000.png,2025-02-02T06:00:47,2025-02-02T12:00:47,25.0,30.0,2025-02-02T09:00:47,27.5,,,NOISE,2025-02-02T09:00:47,27.5,,,NOISE,2025-02-02T09:00:47,27.5,,,NOISE,2025-02-02T09:00:47,27.5,,,NOISE
2026-03-06T09:38:52.080139,Map-Energy__sum__linear-conv00066-20250202_120047-20250202_180047-25.000000-30.000000.png,2025-02-02T12:00:47,2025-02-02T18:00:47,25.0,30.0,2025-02-02T15:00:47,27.5,,,NOISE,2025-02-02T15:00:47,27.5,,,NOISE,2025-02-02T15:00:47,27.5,,,NOISE,2025-02-02T15:00:47,27.5,,,NOISE
2026-03-06T09:38:53.328111,Map-Energy__sum__linear-conv00076-20250202_180047-20250203_000047-25.000000-30.000000.png,2025-02-02T18:00:47,2025-02-03T00:00:47,25.0,30.0,2025-02-02T21:00:47,27.5,,,NOISE,2025-02-02T21:00:47,27.5,,,NOISE,2025-02-02T21:00:47,27.5,,,NOISE,2025-02-02T21:00:47,27.5,,,NOISE
2026-03-06T09:38:54.408171,Map-Energy__sum__linear-conv00086-20250203_000047-20250203_060047-25.000000-30.000000.png,2025-02-03T00:00:47,2025-02-03T06:00:47,25.0,30.0,2025-02-03T03:00:47,27.5,,,NOISE,2025-02-03T03:00:47,27.5,,,NOISE,2025-02-03T03:00:47,27.5,,,NOISE,2025-02-03T03:00:47,27.5,,,NOISE
2026-03-06T09:38:55.472273,Map-Energy__sum__linear-conv00096-20250203_060047-20250203_120047-25.000000-30.000000.png,2025-02-03T06:00:47,2025-02-03T12:00:47,25.0,30.0,2025-02-03T09:00:47,27.5,,,NOISE,2025-02-03T09:00:47,27.5,,,NOISE,2025-02-03T09:00:47,27.5,,,NOISE,2025-02-03T09:00:47,27.5,,,NOISE
2026-03-06T09:38:57.232053,Map-Energy__sum__linear-conv00106-20250203_120047-20250203_180047-25.000000-30.000000.png,2025-02-03T12:00:47,2025-02-03T18:00:47,25.0,30.0,2025-02-03T15:00:47,27.5,,,NOISE,2025-02-03T15:00:47,27.5,,,NOISE,2025-02-03T15:00:47,27.5,,,NOISE,2025-02-03T15:00:47,27.5,,,NOISE
2026-03-06T09:38:58.223967,Map-Energy__sum__linear-conv00116-20250203_180047-20250204_000047-25.000000-30.000000.png,2025-02-03T18:00:47,2025-02-04T00:00:47,25.0,30.0,2025-02-03T21:00:47,27.5,,,NOISE,2025-02-03T21:00:47,27.5,,,NOISE,2025-02-03T21:00:47,27.5,,,NOISE,2025-02-03T21:00:47,27.5,,,NOISE
2026-03-06T09:39:03.231923,Map-Energy__sum__linear-conv00126-20250204_000047-20250204_060047-25.000000-30.000000.png,2025-02-04T00:00:47,2025-02-04T06:00:47,25.0,30.0,2025-02-04T03:00:47,27.5,,,NOISE,2025-02-04T03:00:47,27.5,,,NOISE,2025-02-04T03:00:47,27.5,,,NOISE,2025-02-04T03:00:47,27.5,,,NOISE
2026-03-06T09:39:04.824442,Map-Energy__sum__linear-conv00136-20250204_060047-20250204_120047-25.000000-30.000000.png,2025-02-04T06:00:47,2025-02-04T12:00:47,25.0,30.0,2025-02-04T09:00:47,27.5,,,NOISE,2025-02-04T09:00:47,27.5,,,NOISE,2025-02-04T09:00:47,27.5,,,NOISE,2025-02-04T09:00:47,27.5,,,NOISE
2026-03-06T09:39:06.112317,Map-Energy__sum__linear-conv00146-20250204_120047-20250204_180047-25.000000-30.000000.png,2025-02-04T12:00:47,2025-02-04T18:00:47,25.0,30.0,2025-02-04T15:00:47,27.5,,,NOISE,2025-02-04T15:00:47,27.5,,,NOISE,2025-02-04T15:00:47,27.5,,,NOISE,2025-02-04T15:00:47,27.5,,,NOISE
2026-03-06T09:39:07.544353,Map-Energy__sum__linear-conv00156-20250204_180047-20250205_000047-25.000000-30.000000.png,2025-02-04T18:00:47,2025-02-05T00:00:47,25.0,30.0,2025-02-04T21:00:47,27.5,,,NOISE,2025-02-04T21:00:47,27.5,,,NOISE,2025-02-04T21:00:47,27.5,,,NOISE,2025-02-04T21:00:47,27.5,,,NOISE
2026-03-06T09:39:09.424312,Map-Energy__sum__linear-conv00166-20250205_000047-20250205_060047-25.000000-30.000000.png,2025-02-05T00:00:47,2025-02-05T06:00:47,25.0,30.0,2025-02-05T03:00:47,27.5,,,NOISE,2025-02-05T03:00:47,27.5,,,NOISE,2025-02-05T03:00:47,27.5,,,NOISE,2025-02-05T03:00:47,27.5,,,NOISE
2026-03-06T09:39:10.952001,Map-Energy__sum__linear-conv00176-20250205_060047-20250205_120047-25.000000-30.000000.png,2025-02-05T06:00:47,2025-02-05T12:00:47,25.0,30.0,2025-02-05T09:00:47,27.5,,,NOISE,2025-02-05T09:00:47,27.5,,,NOISE,2025-02-05T09:00:47,27.5,,,NOISE,2025-02-05T09:00:47,27.5,,,NOISE
2026-03-06T09:39:12.080114,Map-Energy__sum__linear-conv00186-20250205_120047-20250205_180047-25.000000-30.000000.png,2025-02-05T12:00:47,2025-02-05T18:00:47,25.0,30.0,2025-02-05T15:00:47,27.5,,,NOISE,2025-02-05T15:00:47,27.5,,,NOISE,2025-02-05T15:00:47,27.5,,,NOISE,2025-02-05T15:00:47,27.5,,,NOISE
2026-03-06T09:39:14.111961,Map-Energy__sum__linear-conv00196-20250205_180047-20250206_000047-25.000000-30.000000.png,2025-02-05T18:00:47,2025-02-06T00:00:47,25.0,30.0,2025-02-05T21:00:47,27.5,,,NOISE,2025-02-05T21:00:47,27.5,,,NOISE,2025-02-05T21:00:47,27.5,,,NOISE,2025-02-05T21:00:47,27.5,,,NOISE
2026-03-06T09:39:17.400193,Map-Energy__sum__linear-conv00206-20250206_000047-20250206_060047-25.000000-30.000000.png,2025-02-06T00:00:47,2025-02-06T06:00:47,25.0,30.0,2025-02-06T03:00:47,27.5,,,NOISE,2025-02-06T03:00:47,27.5,,,NOISE,2025-02-06T03:00:47,27.5,,,NOISE,2025-02-06T03:00:47,27.5,,,NOISE
2026-03-06T10:45:52.459127,Map-Energy__sum__linear-conv00216-20250206_060047-20250206_120047-25.000000-30.000000.png,2025-02-06T06:00:47,2025-02-06T12:00:47,25.0,30.0,2025-02-06T09:00:47,27.5,,,NOISE,2025-02-06T09:00:47,27.5,,,NOISE,2025-02-06T09:00:47,27.5,,,NOISE,2025-02-06T09:00:47,27.5,,,NOISE
2026-03-06T10:45:55.451119,Map-Energy__sum__linear-conv00226-20250206_120047-20250206_180047-25.000000-30.000000.png,2025-02-06T12:00:47,2025-02-06T18:00:47,25.0,30.0,2025-02-06T15:00:47,27.5,,,NOISE,2025-02-06T15:00:47,27.5,,,NOISE,2025-02-06T15:00:47,27.5,,,NOISE,2025-02-06T15:00:47,27.5,,,NOISE
2026-03-06T10:45:57.706984,Map-Energy__sum__linear-conv00236-20250206_180047-20250207_000047-25.000000-30.000000.png,2025-02-06T18:00:47,2025-02-07T00:00:47,25.0,30.0,2025-02-06T21:00:47,27.5,,,NOISE,2025-02-06T21:00:47,27.5,,,NOISE,2025-02-06T21:00:47,27.5,,,NOISE,2025-02-06T21:00:47,27.5,,,NOISE
2026-03-06T10:45:59.315187,Map-Energy__sum__linear-conv00246-20250207_000047-20250207_060047-25.000000-30.000000.png,2025-02-07T00:00:47,2025-02-07T06:00:47,25.0,30.0,2025-02-07T03:00:47,27.5,,,NOISE,2025-02-07T03:00:47,27.5,,,NOISE,2025-02-07T03:00:47,27.5,,,NOISE,2025-02-07T03:00:47,27.5,,,NOISE
2026-03-06T10:46:00.443262,Map-Energy__sum__linear-conv00256-20250207_060047-20250207_120047-25.000000-30.000000.png,2025-02-07T06:00:47,2025-02-07T12:00:47,25.0,30.0,2025-02-07T09:00:47,27.5,,,NOISE,2025-02-07T09:00:47,27.5,,,NOISE,2025-02-07T09:00:47,27.5,,,NOISE,2025-02-07T09:00:47,27.5,,,NOISE
2026-03-06T10:46:01.771335,Map-Energy__sum__linear-conv00266-20250207_120047-20250207_180047-25.000000-30.000000.png,2025-02-07T12:00:47,2025-02-07T18:00:47,25.0,30.0,2025-02-07T15:00:47,27.5,,,NOISE,2025-02-07T15:00:47,27.5,,,NOISE,2025-02-07T15:00:47,27.5,,,NOISE,2025-02-07T15:00:47,27.5,,,NOISE
2026-03-06T10:46:08.771184,Map-Energy__sum__linear-conv00276-20250207_180047-20250208_000047-25.000000-30.000000.png,2025-02-07T18:00:47,2025-02-08T00:00:47,25.0,30.0,2025-02-07T20:58:52,25.251008,,,SEISMIC,2025-02-07T21:00:47,27.5,,,NOISE,2025-02-07T21:00:47,27.5,,,NOISE,2025-02-07T21:00:47,27.5,,,NOISE
2026-03-06T10:46:10.563040,Map-Energy__sum__linear-conv00286-20250208_000047-20250208_060047-25.000000-30.000000.png,2025-02-08T00:00:47,2025-02-08T06:00:47,25.0,30.0,2025-02-08T03:00:47,27.5,,,NOISE,2025-02-08T03:00:47,27.5,,,NOISE,2025-02-08T03:00:47,27.5,,,NOISE,2025-02-08T03:00:47,27.5,,,NOISE
2026-03-06T10:46:11.835134,Map-Energy__sum__linear-conv00296-20250208_060047-20250208_120047-25.000000-30.000000.png,2025-02-08T06:00:47,2025-02-08T12:00:47,25.0,30.0,2025-02-08T09:00:47,27.5,,,NOISE,2025-02-08T09:00:47,27.5,,,NOISE,2025-02-08T09:00:47,27.5,,,NOISE,2025-02-08T09:00:47,27.5,,,NOISE
2026-03-06T10:46:12.939113,Map-Energy__sum__linear-conv00306-20250208_120047-20250208_180047-25.000000-30.000000.png,2025-02-08T12:00:47,2025-02-08T18:00:47,25.0,30.0,2025-02-08T15:00:47,27.5,,,NOISE,2025-02-08T15:00:47,27.5,,,NOISE,2025-02-08T15:00:47,27.5,,,NOISE,2025-02-08T15:00:47,27.5,,,NOISE
2026-03-06T10:46:14.203250,Map-Energy__sum__linear-conv00316-20250208_180047-20250209_000047-25.000000-30.000000.png,2025-02-08T18:00:47,2025-02-09T00:00:47,25.0,30.0,2025-02-08T21:00:47,27.5,,,NOISE,2025-02-08T21:00:47,27.5,,,NOISE,2025-02-08T21:00:47,27.5,,,NOISE,2025-02-08T21:00:47,27.5,,,NOISE
2026-03-06T10:46:15.275415,Map-Energy__sum__linear-conv00326-20250209_000047-20250209_060047-25.000000-30.000000.png,2025-02-09T00:00:47,2025-02-09T06:00:47,25.0,30.0,2025-02-09T03:00:47,27.5,,,NOISE,2025-02-09T03:00:47,27.5,,,NOISE,2025-02-09T03:00:47,27.5,,,NOISE,2025-02-09T03:00:47,27.5,,,NOISE
2026-03-06T10:46:16.267264,Map-Energy__sum__linear-conv00336-20250209_060047-20250209_120047-25.000000-30.000000.png,2025-02-09T06:00:47,2025-02-09T12:00:47,25.0,30.0,2025-02-09T09:00:47,27.5,,,NOISE,2025-02-09T09:00:47,27.5,,,NOISE,2025-02-09T09:00:47,27.5,,,NOISE,2025-02-09T09:00:47,27.5,,,NOISE
2026-03-06T10:46:17.451304,Map-Energy__sum__linear-conv00346-20250209_120047-20250209_180047-25.000000-30.000000.png,2025-02-09T12:00:47,2025-02-09T18:00:47,25.0,30.0,2025-02-09T15:00:47,27.5,,,NOISE,2025-02-09T15:00:47,27.5,,,NOISE,2025-02-09T15:00:47,27.5,,,NOISE,2025-02-09T15:00:47,27.5,,,NOISE
2026-03-06T10:46:23.859067,Map-Energy__sum__linear-conv00356-20250209_180047-20250210_000047-25.000000-30.000000.png,2025-02-09T18:00:47,2025-02-10T00:00:47,25.0,30.0,2025-02-09T21:05:13,28.24707,,,OTHER,2025-02-09T21:00:47,27.5,,,NOISE,2025-02-09T21:00:47,27.5,,,NOISE,2025-02-09T21:00:47,27.5,,,NOISE
2026-03-06T10:46:25.891218,Map-Energy__sum__linear-conv00366-20250210_000047-20250210_060047-25.000000-30.000000.png,2025-02-10T00:00:47,2025-02-10T06:00:47,25.0,30.0,2025-02-10T03:00:47,27.5,,,NOISE,2025-02-10T03:00:47,27.5,,,NOISE,2025-02-10T03:00:47,27.5,,,NOISE,2025-02-10T03:00:47,27.5,,,NOISE
2026-03-06T10:46:27.499114,Map-Energy__sum__linear-conv00376-20250210_060047-20250210_120047-25.000000-30.000000.png,2025-02-10T06:00:47,2025-02-10T12:00:47,25.0,30.0,2025-02-10T09:00:47,27.5,,,NOISE,2025-02-10T09:00:47,27.5,,,NOISE,2025-02-10T09:00:47,27.5,,,NOISE,2025-02-10T09:00:47,27.5,,,NOISE
2026-03-06T10:46:28.963052,Map-Energy__sum__linear-conv00386-20250210_120047-20250210_180047-25.000000-30.000000.png,2025-02-10T12:00:47,2025-02-10T18:00:47,25.0,30.0,2025-02-10T15:00:47,27.5,,,NOISE,2025-02-10T15:00:47,27.5,,,NOISE,2025-02-10T15:00:47,27.5,,,NOISE,2025-02-10T15:00:47,27.5,,,NOISE
2026-03-06T10:46:30.403300,Map-Energy__sum__linear-conv00396-20250210_180047-20250211_000047-25.000000-30.000000.png,2025-02-10T18:00:47,2025-02-11T00:00:47,25.0,30.0,2025-02-10T21:00:47,27.5,,,NOISE,2025-02-10T21:00:47,27.5,,,NOISE,2025-02-10T21:00:47,27.5,,,NOISE,2025-02-10T21:00:47,27.5,,,NOISE
2026-03-06T10:46:32.019114,Map-Energy__sum__linear-conv00406-20250211_000047-20250211_060047-25.000000-30.000000.png,2025-02-11T00:00:47,2025-02-11T06:00:47,25.0,30.0,2025-02-11T03:00:47,27.5,,,NOISE,2025-02-11T03:00:47,27.5,,,NOISE,2025-02-11T03:00:47,27.5,,,NOISE,2025-02-11T03:00:47,27.5,,,NOISE
2026-03-06T10:46:33.651245,Map-Energy__sum__linear-conv00416-20250211_060047-20250211_120047-25.000000-30.000000.png,2025-02-11T06:00:47,2025-02-11T12:00:47,25.0,30.0,2025-02-11T09:00:47,27.5,,,NOISE,2025-02-11T09:00:47,27.5,,,NOISE,2025-02-11T09:00:47,27.5,,,NOISE,2025-02-11T09:00:47,27.5,,,NOISE
2026-03-06T10:46:35.211141,Map-Energy__sum__linear-conv00426-20250211_120047-20250211_180047-25.000000-30.000000.png,2025-02-11T12:00:47,2025-02-11T18:00:47,25.0,30.0,2025-02-11T15:00:47,27.5,,,NOISE,2025-02-11T15:00:47,27.5,,,NOISE,2025-02-11T15:00:47,27.5,,,NOISE,2025-02-11T15:00:47,27.5,,,NOISE
2026-03-06T10:46:36.411104,Map-Energy__sum__linear-conv00436-20250211_180047-20250212_000047-25.000000-30.000000.png,2025-02-11T18:00:47,2025-02-12T00:00:47,25.0,30.0,2025-02-11T21:00:47,27.5,,,NOISE,2025-02-11T21:00:47,27.5,,,NOISE,2025-02-11T21:00:47,27.5,,,NOISE,2025-02-11T21:00:47,27.5,,,NOISE
2026-03-06T10:46:37.739296,Map-Energy__sum__linear-conv00446-20250212_000047-20250212_060047-25.000000-30.000000.png,2025-02-12T00:00:47,2025-02-12T06:00:47,25.0,30.0,2025-02-12T03:00:47,27.5,,,NOISE,2025-02-12T03:00:47,27.5,,,NOISE,2025-02-12T03:00:47,27.5,,,NOISE,2025-02-12T03:00:47,27.5,,,NOISE
2026-03-06T10:46:39.083097,Map-Energy__sum__linear-conv00456-20250212_060047-20250212_120047-25.000000-30.000000.png,2025-02-12T06:00:47,2025-02-12T12:00:47,25.0,30.0,2025-02-12T09:00:47,27.5,,,NOISE,2025-02-12T09:00:47,27.5,,,NOISE,2025-02-12T09:00:47,27.5,,,NOISE,2025-02-12T09:00:47,27.5,,,NOISE
2026-03-06T10:46:40.299149,Map-Energy__sum__linear-conv00466-20250212_120047-20250212_180047-25.000000-30.000000.png,2025-02-12T12:00:47,2025-02-12T18:00:47,25.0,30.0,2025-02-12T15:00:47,27.5,,,NOISE,2025-02-12T15:00:47,27.5,,,NOISE,2025-02-12T15:00:47,27.5,,,NOISE,2025-02-12T15:00:47,27.5,,,NOISE
2026-03-06T10:46:41.619235,Map-Energy__sum__linear-conv00476-20250212_180047-20250213_000047-25.000000-30.000000.png,2025-02-12T18:00:47,2025-02-13T00:00:47,25.0,30.0,2025-02-12T21:00:47,27.5,,,NOISE,2025-02-12T21:00:47,27.5,,,NOISE,2025-02-12T21:00:47,27.5,,,NOISE,2025-02-12T21:00:47,27.5,,,NOISE
2026-03-06T10:46:44.435035,Map-Energy__sum__linear-conv00486-20250213_000047-20250213_060047-25.000000-30.000000.png,2025-02-13T00:00:47,2025-02-13T06:00:47,25.0,30.0,2025-02-13T03:00:47,27.5,,,NOISE,2025-02-13T03:00:47,27.5,,,NOISE,2025-02-13T03:00:47,27.5,,,NOISE,2025-02-13T03:00:47,27.5,,,NOISE
2026-03-06T10:46:46.171247,Map-Energy__sum__linear-conv00496-20250213_060047-20250213_120047-25.000000-30.000000.png,2025-02-13T06:00:47,2025-02-13T12:00:47,25.0,30.0,2025-02-13T09:00:47,27.5,,,NOISE,2025-02-13T09:00:47,27.5,,,NOISE,2025-02-13T09:00:47,27.5,,,NOISE,2025-02-13T09:00:47,27.5,,,NOISE
2026-03-06T10:46:47.475303,Map-Energy__sum__linear-conv00506-20250213_120047-20250213_180047-25.000000-30.000000.png,2025-02-13T12:00:47,2025-02-13T18:00:47,25.0,30.0,2025-02-13T15:00:47,27.5,,,NOISE,2025-02-13T15:00:47,27.5,,,NOISE,2025-02-13T15:00:47,27.5,,,NOISE,2025-02-13T15:00:47,27.5,,,NOISE
2026-03-06T10:46:52.883070,Map-Energy__sum__linear-conv00516-20250213_180047-20250214_000047-25.000000-30.000000.png,2025-02-13T18:00:47,2025-02-14T00:00:47,25.0,30.0,2025-02-13T21:00:47,27.5,,,NOISE,2025-02-13T21:00:47,27.5,,,NOISE,2025-02-13T21:00:47,27.5,,,NOISE,2025-02-13T21:00:47,27.5,,,NOISE
2026-03-06T10:46:53.987238,Map-Energy__sum__linear-conv00526-20250214_000047-20250214_060047-25.000000-30.000000.png,2025-02-14T00:00:47,2025-02-14T06:00:47,25.0,30.0,2025-02-14T03:00:47,27.5,,,NOISE,2025-02-14T03:00:47,27.5,,,NOISE,2025-02-14T03:00:47,27.5,,,NOISE,2025-02-14T03:00:47,27.5,,,NOISE
2026-03-06T10:46:56.931086,Map-Energy__sum__linear-conv00536-20250214_060047-20250214_120047-25.000000-30.000000.png,2025-02-14T06:00:47,2025-02-14T12:00:47,25.0,30.0,2025-02-14T09:00:47,27.5,,,NOISE,2025-02-14T09:00:47,27.5,,,NOISE,2025-02-14T09:00:47,27.5,,,NOISE,2025-02-14T09:00:47,27.5,,,NOISE
2026-03-06T10:46:58.299264,Map-Energy__sum__linear-conv00546-20250214_120047-20250214_180047-25.000000-30.000000.png,2025-02-14T12:00:47,2025-02-14T18:00:47,25.0,30.0,2025-02-14T15:00:47,27.5,,,NOISE,2025-02-14T15:00:47,27.5,,,NOISE,2025-02-14T15:00:47,27.5,,,NOISE,2025-02-14T15:00:47,27.5,,,NOISE
2026-03-06T10:46:59.875247,Map-Energy__sum__linear-conv00556-20250214_180047-20250215_000047-25.000000-30.000000.png,2025-02-14T18:00:47,2025-02-15T00:00:47,25.0,30.0,2025-02-14T21:00:47,27.5,,,NOISE,2025-02-14T21:00:47,27.5,,,NOISE,2025-02-14T21:00:47,27.5,,,NOISE,2025-02-14T21:00:47,27.5,,,NOISE
2026-03-06T10:47:02.962926,Map-Energy__sum__linear-conv00566-20250215_000047-20250215_060047-25.000000-30.000000.png,2025-02-15T00:00:47,2025-02-15T06:00:47,25.0,30.0,2025-02-15T03:00:47,27.5,,,NOISE,2025-02-15T03:00:47,27.5,,,NOISE,2025-02-15T03:00:47,27.5,,,NOISE,2025-02-15T03:00:47,27.5,,,NOISE
2026-03-06T10:47:04.395399,Map-Energy__sum__linear-conv00576-20250215_060047-20250215_120047-25.000000-30.000000.png,2025-02-15T06:00:47,2025-02-15T12:00:47,25.0,30.0,2025-02-15T09:00:47,27.5,,,NOISE,2025-02-15T09:00:47,27.5,,,NOISE,2025-02-15T09:00:47,27.5,,,NOISE,2025-02-15T09:00:47,27.5,,,NOISE
2026-03-06T10:47:06.435137,Map-Energy__sum__linear-conv00586-20250215_120047-20250215_180047-25.000000-30.000000.png,2025-02-15T12:00:47,2025-02-15T18:00:47,25.0,30.0,2025-02-15T15:00:47,27.5,,,NOISE,2025-02-15T15:00:47,27.5,,,NOISE,2025-02-15T15:00:47,27.5,,,NOISE,2025-02-15T15:00:47,27.5,,,NOISE
2026-03-06T10:47:08.179027,Map-Energy__sum__linear-conv00596-20250215_180047-20250216_000047-25.000000-30.000000.png,2025-02-15T18:00:47,2025-02-16T00:00:47,25.0,30.0,2025-02-15T21:00:47,27.5,,,NOISE,2025-02-15T21:00:47,27.5,,,NOISE,2025-02-15T21:00:47,27.5,,,NOISE,2025-02-15T21:00:47,27.5,,,NOISE
2026-03-06T10:47:09.491128,Map-Energy__sum__linear-conv00606-20250216_000047-20250216_060047-25.000000-30.000000.png,2025-02-16T00:00:47,2025-02-16T06:00:47,25.0,30.0,2025-02-16T03:00:47,27.5,,,NOISE,2025-02-16T03:00:47,27.5,,,NOISE,2025-02-16T03:00:47,27.5,,,NOISE,2025-02-16T03:00:47,27.5,,,NOISE
2026-03-06T10:47:10.691134,Map-Energy__sum__linear-conv00616-20250216_060047-20250216_120047-25.000000-30.000000.png,2025-02-16T06:00:47,2025-02-16T12:00:47,25.0,30.0,2025-02-16T09:00:47,27.5,,,NOISE,2025-02-16T09:00:47,27.5,,,NOISE,2025-02-16T09:00:47,27.5,,,NOISE,2025-02-16T09:00:47,27.5,,,NOISE
2026-03-06T10:47:12.083069,Map-Energy__sum__linear-conv00626-20250216_120047-20250216_180047-25.000000-30.000000.png,2025-02-16T12:00:47,2025-02-16T18:00:47,25.0,30.0,2025-02-16T15:00:47,27.5,,,NOISE,2025-02-16T15:00:47,27.5,,,NOISE,2025-02-16T15:00:47,27.5,,,NOISE,2025-02-16T15:00:47,27.5,,,NOISE
2026-03-06T10:47:14.251100,Map-Energy__sum__linear-conv00636-20250216_180047-20250217_000047-25.000000-30.000000.png,2025-02-16T18:00:47,2025-02-17T00:00:47,25.0,30.0,2025-02-16T21:00:47,27.5,,,NOISE,2025-02-16T21:00:47,27.5,,,NOISE,2025-02-16T21:00:47,27.5,,,NOISE,2025-02-16T21:00:47,27.5,,,NOISE
2026-03-06T10:47:15.819207,Map-Energy__sum__linear-conv00646-20250217_000047-20250217_060047-25.000000-30.000000.png,2025-02-17T00:00:47,2025-02-17T06:00:47,25.0,30.0,2025-02-17T03:00:47,27.5,,,NOISE,2025-02-17T03:00:47,27.5,,,NOISE,2025-02-17T03:00:47,27.5,,,NOISE,2025-02-17T03:00:47,27.5,,,NOISE
2026-03-06T10:47:17.707119,Map-Energy__sum__linear-conv00656-20250217_060047-20250217_120047-25.000000-30.000000.png,2025-02-17T06:00:47,2025-02-17T12:00:47,25.0,30.0,2025-02-17T09:00:47,27.5,,,NOISE,2025-02-17T09:00:47,27.5,,,NOISE,2025-02-17T09:00:47,27.5,,,NOISE,2025-02-17T09:00:47,27.5,,,NOISE
2026-03-06T10:47:19.019218,Map-Energy__sum__linear-conv00666-20250217_120047-20250217_180047-25.000000-30.000000.png,2025-02-17T12:00:47,2025-02-17T18:00:47,25.0,30.0,2025-02-17T15:00:47,27.5,,,NOISE,2025-02-17T15:00:47,27.5,,,NOISE,2025-02-17T15:00:47,27.5,,,NOISE,2025-02-17T15:00:47,27.5,,,NOISE
2026-03-06T10:47:20.187172,Map-Energy__sum__linear-conv00676-20250217_180047-20250218_000047-25.000000-30.000000.png,2025-02-17T18:00:47,2025-02-18T00:00:47,25.0,30.0,2025-02-17T21:00:47,27.5,,,NOISE,2025-02-17T21:00:47,27.5,,,NOISE,2025-02-17T21:00:47,27.5,,,NOISE,2025-02-17T21:00:47,27.5,,,NOISE
2026-03-06T10:47:21.227123,Map-Energy__sum__linear-conv00686-20250218_000047-20250218_060047-25.000000-30.000000.png,2025-02-18T00:00:47,2025-02-18T06:00:47,25.0,30.0,2025-02-18T03:00:47,27.5,,,NOISE,2025-02-18T03:00:47,27.5,,,NOISE,2025-02-18T03:00:47,27.5,,,NOISE,2025-02-18T03:00:47,27.5,,,NOISE
2026-03-06T10:47:22.403034,Map-Energy__sum__linear-conv00696-20250218_060047-20250218_120047-25.000000-30.000000.png,2025-02-18T06:00:47,2025-02-18T12:00:47,25.0,30.0,2025-02-18T09:00:47,27.5,,,NOISE,2025-02-18T09:00:47,27.5,,,NOISE,2025-02-18T09:00:47,27.5,,,NOISE,2025-02-18T09:00:47,27.5,,,NOISE
2026-03-06T10:47:23.603205,Map-Energy__sum__linear-conv00706-20250218_120047-20250218_180047-25.000000-30.000000.png,2025-02-18T12:00:47,2025-02-18T18:00:47,25.0,30.0,2025-02-18T15:00:47,27.5,,,NOISE,2025-02-18T15:00:47,27.5,,,NOISE,2025-02-18T15:00:47,27.5,,,NOISE,2025-02-18T15:00:47,27.5,,,NOISE
2026-03-06T10:47:24.979187,Map-Energy__sum__linear-conv00716-20250218_180047-20250219_000047-25.000000-30.000000.png,2025-02-18T18:00:47,2025-02-19T00:00:47,25.0,30.0,2025-02-18T21:00:47,27.5,,,NOISE,2025-02-18T21:00:47,27.5,,,NOISE,2025-02-18T21:00:47,27.5,,,NOISE,2025-02-18T21:00:47,27.5,,,NOISE
2026-03-06T10:47:26.291293,Map-Energy__sum__linear-conv00726-20250219_000047-20250219_060047-25.000000-30.000000.png,2025-02-19T00:00:47,2025-02-19T06:00:47,25.0,30.0,2025-02-19T03:00:47,27.5,,,NOISE,2025-02-19T03:00:47,27.5,,,NOISE,2025-02-19T03:00:47,27.5,,,NOISE,2025-02-19T03:00:47,27.5,,,NOISE
2026-03-06T10:47:28.389314,Map-Energy__sum__linear-conv00736-20250219_060047-20250219_120047-25.000000-30.000000.png,2025-02-19T06:00:47,2025-02-19T12:00:47,25.0,30.0,2025-02-19T09:00:47,27.5,,,NOISE,2025-02-19T09:00:47,27.5,,,NOISE,2025-02-19T09:00:47,27.5,,,NOISE,2025-02-19T09:00:47,27.5,,,NOISE
2026-03-06T10:47:30.987131,Map-Energy__sum__linear-conv00746-20250219_120047-20250219_180047-25.000000-30.000000.png,2025-02-19T12:00:47,2025-02-19T18:00:47,25.0,30.0,2025-02-19T15:00:47,27.5,,,NOISE,2025-02-19T15:00:47,27.5,,,NOISE,2025-02-19T15:00:47,27.5,,,NOISE,2025-02-19T15:00:47,27.5,,,NOISE
2026-03-06T10:47:33.723346,Map-Energy__sum__linear-conv00756-20250219_180047-20250220_000047-25.000000-30.000000.png,2025-02-19T18:00:47,2025-02-20T00:00:47,25.0,30.0,2025-02-19T21:00:47,27.5,,,NOISE,2025-02-19T21:00:47,27.5,,,NOISE,2025-02-19T21:00:47,27.5,,,NOISE,2025-02-19T21:00:47,27.5,,,NOISE
2026-03-06T10:47:35.099250,Map-Energy__sum__linear-conv00766-20250220_000047-20250220_060047-25.000000-30.000000.png,2025-02-20T00:00:47,2025-02-20T06:00:47,25.0,30.0,2025-02-20T03:00:47,27.5,,,NOISE,2025-02-20T03:00:47,27.5,,,NOISE,2025-02-20T03:00:47,27.5,,,NOISE,2025-02-20T03:00:47,27.5,,,NOISE
2026-03-06T10:47:36.443145,Map-Energy__sum__linear-conv00776-20250220_060047-20250220_120047-25.000000-30.000000.png,2025-02-20T06:00:47,2025-02-20T12:00:47,25.0,30.0,2025-02-20T09:00:47,27.5,,,NOISE,2025-02-20T09:00:47,27.5,,,NOISE,2025-02-20T09:00:47,27.5,,,NOISE,2025-02-20T09:00:47,27.5,,,NOISE
2026-03-06T10:47:37.578887,Map-Energy__sum__linear-conv00786-20250220_120047-20250220_180047-25.000000-30.000000.png,2025-02-20T12:00:47,2025-02-20T18:00:47,25.0,30.0,2025-02-20T15:00:47,27.5,,,NOISE,2025-02-20T15:00:47,27.5,,,NOISE,2025-02-20T15:00:47,27.5,,,NOISE,2025-02-20T15:00:47,27.5,,,NOISE
2026-03-06T10:47:38.675159,Map-Energy__sum__linear-conv00796-20250220_180047-20250221_000047-25.000000-30.000000.png,2025-02-20T18:00:47,2025-02-21T00:00:47,25.0,30.0,2025-02-20T21:00:47,27.5,,,NOISE,2025-02-20T21:00:47,27.5,,,NOISE,2025-02-20T21:00:47,27.5,,,NOISE,2025-02-20T21:00:47,27.5,,,NOISE
2026-03-06T10:47:39.987076,Map-Energy__sum__linear-conv00806-20250221_000047-20250221_060047-25.000000-30.000000.png,2025-02-21T00:00:47,2025-02-21T06:00:47,25.0,30.0,2025-02-21T03:00:47,27.5,,,NOISE,2025-02-21T03:00:47,27.5,,,NOISE,2025-02-21T03:00:47,27.5,,,NOISE,2025-02-21T03:00:47,27.5,,,NOISE
2026-03-06T10:47:41.266992,Map-Energy__sum__linear-conv00816-20250221_060047-20250221_120047-25.000000-30.000000.png,2025-02-21T06:00:47,2025-02-21T12:00:47,25.0,30.0,2025-02-21T09:00:47,27.5,,,NOISE,2025-02-21T09:00:47,27.5,,,NOISE,2025-02-21T09:00:47,27.5,,,NOISE,2025-02-21T09:00:47,27.5,,,NOISE
2026-03-06T10:47:47.771148,Map-Energy__sum__linear-conv00826-20250221_120047-20250221_180047-25.000000-30.000000.png,2025-02-21T12:00:47,2025-02-21T18:00:47,25.0,30.0,2025-02-21T15:14:07,27.966919,,,VESSEL,2025-02-21T15:00:47,27.5,,,NOISE,2025-02-21T15:00:47,27.5,,,NOISE,2025-02-21T15:00:47,27.5,,,NOISE
2026-03-06T10:47:49.587093,Map-Energy__sum__linear-conv00836-20250221_180047-20250222_000047-25.000000-30.000000.png,2025-02-21T18:00:47,2025-02-22T00:00:47,25.0,30.0,2025-02-21T21:00:47,27.5,,,NOISE,2025-02-21T21:00:47,27.5,,,NOISE,2025-02-21T21:00:47,27.5,,,NOISE,2025-02-21T21:00:47,27.5,,,NOISE
2026-03-06T10:47:51.171160,Map-Energy__sum__linear-conv00846-20250222_000047-20250222_060047-25.000000-30.000000.png,2025-02-22T00:00:47,2025-02-22T06:00:47,25.0,30.0,2025-02-22T03:00:47,27.5,,,NOISE,2025-02-22T03:00:47,27.5,,,NOISE,2025-02-22T03:00:47,27.5,,,NOISE,2025-02-22T03:00:47,27.5,,,NOISE
2026-03-06T10:47:53.651194,Map-Energy__sum__linear-conv00856-20250222_060047-20250222_120047-25.000000-30.000000.png,2025-02-22T06:00:47,2025-02-22T12:00:47,25.0,30.0,2025-02-22T09:00:47,27.5,,,NOISE,2025-02-22T09:00:47,27.5,,,NOISE,2025-02-22T09:00:47,27.5,,,NOISE,2025-02-22T09:00:47,27.5,,,NOISE
2026-03-06T10:47:55.595154,Map-Energy__sum__linear-conv00866-20250222_120047-20250222_180047-25.000000-30.000000.png,2025-02-22T12:00:47,2025-02-22T18:00:47,25.0,30.0,2025-02-22T15:00:47,27.5,,,NOISE,2025-02-22T15:00:47,27.5,,,NOISE,2025-02-22T15:00:47,27.5,,,NOISE,2025-02-22T15:00:47,27.5,,,NOISE
2026-03-06T10:47:56.850989,Map-Energy__sum__linear-conv00876-20250222_180047-20250223_000047-25.000000-30.000000.png,2025-02-22T18:00:47,2025-02-23T00:00:47,25.0,30.0,2025-02-22T21:00:47,27.5,,,NOISE,2025-02-22T21:00:47,27.5,,,NOISE,2025-02-22T21:00:47,27.5,,,NOISE,2025-02-22T21:00:47,27.5,,,NOISE
2026-03-06T10:47:58.099098,Map-Energy__sum__linear-conv00886-20250223_000047-20250223_060047-25.000000-30.000000.png,2025-02-23T00:00:47,2025-02-23T06:00:47,25.0,30.0,2025-02-23T03:00:47,27.5,,,NOISE,2025-02-23T03:00:47,27.5,,,NOISE,2025-02-23T03:00:47,27.5,,,NOISE,2025-02-23T03:00:47,27.5,,,NOISE
2026-03-06T10:47:59.171149,Map-Energy__sum__linear-conv00896-20250223_060047-20250223_120047-25.000000-30.000000.png,2025-02-23T06:00:47,2025-02-23T12:00:47,25.0,30.0,2025-02-23T09:00:47,27.5,,,NOISE,2025-02-23T09:00:47,27.5,,,NOISE,2025-02-23T09:00:47,27.5,,,NOISE,2025-02-23T09:00:47,27.5,,,NOISE
2026-03-06T10:48:00.251172,Map-Energy__sum__linear-conv00906-20250223_120047-20250223_180047-25.000000-30.000000.png,2025-02-23T12:00:47,2025-02-23T18:00:47,25.0,30.0,2025-02-23T15:00:47,27.5,,,NOISE,2025-02-23T15:00:47,27.5,,,NOISE,2025-02-23T15:00:47,27.5,,,NOISE,2025-02-23T15:00:47,27.5,,,NOISE
2026-03-06T10:48:01.347237,Map-Energy__sum__linear-conv00916-20250223_180047-20250224_000047-25.000000-30.000000.png,2025-02-23T18:00:47,2025-02-24T00:00:47,25.0,30.0,2025-02-23T21:00:47,27.5,,,NOISE,2025-02-23T21:00:47,27.5,,,NOISE,2025-02-23T21:00:47,27.5,,,NOISE,2025-02-23T21:00:47,27.5,,,NOISE
2026-03-06T10:48:02.363194,Map-Energy__sum__linear-conv00926-20250224_000047-20250224_060047-25.000000-30.000000.png,2025-02-24T00:00:47,2025-02-24T06:00:47,25.0,30.0,2025-02-24T03:00:47,27.5,,,NOISE,2025-02-24T03:00:47,27.5,,,NOISE,2025-02-24T03:00:47,27.5,,,NOISE,2025-02-24T03:00:47,27.5,,,NOISE
2026-03-06T10:48:03.435028,Map-Energy__sum__linear-conv00936-20250224_060047-20250224_120047-25.000000-30.000000.png,2025-02-24T06:00:47,2025-02-24T12:00:47,25.0,30.0,2025-02-24T09:00:47,27.5,,,NOISE,2025-02-24T09:00:47,27.5,,,NOISE,2025-02-24T09:00:47,27.5,,,NOISE,2025-02-24T09:00:47,27.5,,,NOISE
2026-03-06T10:48:04.763133,Map-Energy__sum__linear-conv00946-20250224_120047-20250224_180047-25.000000-30.000000.png,2025-02-24T12:00:47,2025-02-24T18:00:47,25.0,30.0,2025-02-24T15:00:47,27.5,,,NOISE,2025-02-24T15:00:47,27.5,,,NOISE,2025-02-24T15:00:47,27.5,,,NOISE,2025-02-24T15:00:47,27.5,,,NOISE
2026-03-06T10:48:06.123166,Map-Energy__sum__linear-conv00956-20250224_180047-20250225_000047-25.000000-30.000000.png,2025-02-24T18:00:47,2025-02-25T00:00:47,25.0,30.0,2025-02-24T21:00:47,27.5,,,NOISE,2025-02-24T21:00:47,27.5,,,NOISE,2025-02-24T21:00:47,27.5,,,NOISE,2025-02-24T21:00:47,27.5,,,NOISE
2026-03-06T10:48:07.251041,Map-Energy__sum__linear-conv00966-20250225_000047-20250225_060047-25.000000-30.000000.png,2025-02-25T00:00:47,2025-02-25T06:00:47,25.0,30.0,2025-02-25T03:00:47,27.5,,,NOISE,2025-02-25T03:00:47,27.5,,,NOISE,2025-02-25T03:00:47,27.5,,,NOISE,2025-02-25T03:00:47,27.5,,,NOISE
2026-03-06T10:48:08.274996,Map-Energy__sum__linear-conv00976-20250225_060047-20250225_120047-25.000000-30.000000.png,2025-02-25T06:00:47,2025-02-25T12:00:47,25.0,30.0,2025-02-25T09:00:47,27.5,,,NOISE,2025-02-25T09:00:47,27.5,,,NOISE,2025-02-25T09:00:47,27.5,,,NOISE,2025-02-25T09:00:47,27.5,,,NOISE
2026-03-06T10:48:09.442961,Map-Energy__sum__linear-conv00986-20250225_120047-20250225_180047-25.000000-30.000000.png,2025-02-25T12:00:47,2025-02-25T18:00:47,25.0,30.0,2025-02-25T15:00:47,27.5,,,NOISE,2025-02-25T15:00:47,27.5,,,NOISE,2025-02-25T15:00:47,27.5,,,NOISE,2025-02-25T15:00:47,27.5,,,NOISE
2026-03-06T10:48:19.307007,Map-Energy__sum__linear-conv00996-20250225_180047-20250226_000047-25.000000-30.000000.png,2025-02-25T18:00:47,2025-02-26T00:00:47,25.0,30.0,2025-02-25T22:18:57,25.283812,,,SEISMIC,2025-02-25T21:00:47,27.5,,,NOISE,2025-02-25T21:00:47,27.5,,,NOISE,2025-02-25T21:00:47,27.5,,,NOISE
2026-03-06T10:48:20.610991,Map-Energy__sum__linear-conv01006-20250226_000047-20250226_060047-25.000000-30.000000.png,2025-02-26T00:00:47,2025-02-26T06:00:47,25.0,30.0,2025-02-26T03:00:47,27.5,,,NOISE,2025-02-26T03:00:47,27.5,,,NOISE,2025-02-26T03:00:47,27.5,,,NOISE,2025-02-26T03:00:47,27.5,,,NOISE
2026-03-06T10:48:21.795251,Map-Energy__sum__linear-conv01016-20250226_060047-20250226_120047-25.000000-30.000000.png,2025-02-26T06:00:47,2025-02-26T12:00:47,25.0,30.0,2025-02-26T09:00:47,27.5,,,NOISE,2025-02-26T09:00:47,27.5,,,NOISE,2025-02-26T09:00:47,27.5,,,NOISE,2025-02-26T09:00:47,27.5,,,NOISE
2026-03-06T10:48:23.299111,Map-Energy__sum__linear-conv01026-20250226_120047-20250226_180047-25.000000-30.000000.png,2025-02-26T12:00:47,2025-02-26T18:00:47,25.0,30.0,2025-02-26T15:00:47,27.5,,,NOISE,2025-02-26T15:00:47,27.5,,,NOISE,2025-02-26T15:00:47,27.5,,,NOISE,2025-02-26T15:00:47,27.5,,,NOISE
2026-03-06T10:48:24.794921,Map-Energy__sum__linear-conv01036-20250226_180047-20250227_000047-25.000000-30.000000.png,2025-02-26T18:00:47,2025-02-27T00:00:47,25.0,30.0,2025-02-26T21:00:47,27.5,,,NOISE,2025-02-26T21:00:47,27.5,,,NOISE,2025-02-26T21:00:47,27.5,,,NOISE,2025-02-26T21:00:47,27.5,,,NOISE
2026-03-06T10:48:26.779152,Map-Energy__sum__linear-conv01046-20250227_000047-20250227_060047-25.000000-30.000000.png,2025-02-27T00:00:47,2025-02-27T06:00:47,25.0,30.0,2025-02-27T03:00:47,27.5,,,NOISE,2025-02-27T03:00:47,27.5,,,NOISE,2025-02-27T03:00:47,27.5,,,NOISE,2025-02-27T03:00:47,27.5,,,NOISE
2026-03-06T10:48:28.515112,Map-Energy__sum__linear-conv01056-20250227_060047-20250227_120047-25.000000-30.000000.png,2025-02-27T06:00:47,2025-02-27T12:00:47,25.0,30.0,2025-02-27T09:00:47,27.5,,,NOISE,2025-02-27T09:00:47,27.5,,,NOISE,2025-02-27T09:00:47,27.5,,,NOISE,2025-02-27T09:00:47,27.5,,,NOISE
2026-03-06T10:48:30.075027,Map-Energy__sum__linear-conv01066-20250227_120047-20250227_180047-25.000000-30.000000.png,2025-02-27T12:00:47,2025-02-27T18:00:47,25.0,30.0,2025-02-27T15:00:47,27.5,,,NOISE,2025-02-27T15:00:47,27.5,,,NOISE,2025-02-27T15:00:47,27.5,,,NOISE,2025-02-27T15:00:47,27.5,,,NOISE
2026-03-06T10:48:31.971144,Map-Energy__sum__linear-conv01076-20250227_180047-20250228_000047-25.000000-30.000000.png,2025-02-27T18:00:47,2025-02-28T00:00:47,25.0,30.0,2025-02-27T21:00:47,27.5,,,NOISE,2025-02-27T21:00:47,27.5,,,NOISE,2025-02-27T21:00:47,27.5,,,NOISE,2025-02-27T21:00:47,27.5,,,NOISE
2026-03-06T10:48:33.186950,Map-Energy__sum__linear-conv01086-20250228_000047-20250228_060047-25.000000-30.000000.png,2025-02-28T00:00:47,2025-02-28T06:00:47,25.0,30.0,2025-02-28T03:00:47,27.5,,,NOISE,2025-02-28T03:00:47,27.5,,,NOISE,2025-02-28T03:00:47,27.5,,,NOISE,2025-02-28T03:00:47,27.5,,,NOISE
2026-03-06T10:48:34.235004,Map-Energy__sum__linear-conv01096-20250228_060047-20250228_120047-25.000000-30.000000.png,2025-02-28T06:00:47,2025-02-28T12:00:47,25.0,30.0,2025-02-28T09:00:47,27.5,,,NOISE,2025-02-28T09:00:47,27.5,,,NOISE,2025-02-28T09:00:47,27.5,,,NOISE,2025-02-28T09:00:47,27.5,,,NOISE
2026-03-06T10:48:35.394922,Map-Energy__sum__linear-conv01106-20250228_120047-20250228_180047-25.000000-30.000000.png,2025-02-28T12:00:47,2025-02-28T18:00:47,25.0,30.0,2025-02-28T15:00:47,27.5,,,NOISE,2025-02-28T15:00:47,27.5,,,NOISE,2025-02-28T15:00:47,27.5,,,NOISE,2025-02-28T15:00:47,27.5,,,NOISE
2026-03-06T10:48:36.971243,Map-Energy__sum__linear-conv01116-20250228_180047-20250301_000047-25.000000-30.000000.png,2025-02-28T18:00:47,2025-03-01T00:00:47,25.0,30.0,2025-02-28T21:00:47,27.5,,,NOISE,2025-02-28T21:00:47,27.5,,,NOISE,2025-02-28T21:00:47,27.5,,,NOISE,2025-02-28T21:00:47,27.5,,,NOISE
2026-03-06T10:48:38.434943,Map-Energy__sum__linear-conv00007-20250201_000047-20250201_060047-30.000000-35.000000.png,2025-02-01T00:00:47,2025-02-01T06:00:47,30.0,35.0,2025-02-01T03:00:47,32.5,,,NOISE,2025-02-01T03:00:47,32.5,,,NOISE,2025-02-01T03:00:47,32.5,,,NOISE,2025-02-01T03:00:47,32.5,,,NOISE
2026-03-06T10:48:39.643094,Map-Energy__sum__linear-conv00017-20250201_060047-20250201_120047-30.000000-35.000000.png,2025-02-01T06:00:47,2025-02-01T12:00:47,30.0,35.0,2025-02-01T09:00:47,32.5,,,NOISE,2025-02-01T09:00:47,32.5,,,NOISE,2025-02-01T09:00:47,32.5,,,NOISE,2025-02-01T09:00:47,32.5,,,NOISE
2026-03-06T10:48:40.875050,Map-Energy__sum__linear-conv00027-20250201_120047-20250201_180047-30.000000-35.000000.png,2025-02-01T12:00:47,2025-02-01T18:00:47,30.0,35.0,2025-02-01T15:00:47,32.5,,,NOISE,2025-02-01T15:00:47,32.5,,,NOISE,2025-02-01T15:00:47,32.5,,,NOISE,2025-02-01T15:00:47,32.5,,,NOISE
2026-03-06T10:48:41.907131,Map-Energy__sum__linear-conv00037-20250201_180047-20250202_000047-30.000000-35.000000.png,2025-02-01T18:00:47,2025-02-02T00:00:47,30.0,35.0,2025-02-01T21:00:47,32.5,,,NOISE,2025-02-01T21:00:47,32.5,,,NOISE,2025-02-01T21:00:47,32.5,,,NOISE,2025-02-01T21:00:47,32.5,,,NOISE
2026-03-06T10:48:44.059202,Map-Energy__sum__linear-conv00047-20250202_000047-20250202_060047-30.000000-35.000000.png,2025-02-02T00:00:47,2025-02-02T06:00:47,30.0,35.0,2025-02-02T03:00:47,32.5,,,NOISE,2025-02-02T03:00:47,32.5,,,NOISE,2025-02-02T03:00:47,32.5,,,NOISE,2025-02-02T03:00:47,32.5,,,NOISE
2026-03-06T10:48:45.130998,Map-Energy__sum__linear-conv00057-20250202_060047-20250202_120047-30.000000-35.000000.png,2025-02-02T06:00:47,2025-02-02T12:00:47,30.0,35.0,2025-02-02T09:00:47,32.5,,,NOISE,2025-02-02T09:00:47,32.5,,,NOISE,2025-02-02T09:00:47,32.5,,,NOISE,2025-02-02T09:00:47,32.5,,,NOISE
2026-03-06T10:48:46.163054,Map-Energy__sum__linear-conv00067-20250202_120047-20250202_180047-30.000000-35.000000.png,2025-02-02T12:00:47,2025-02-02T18:00:47,30.0,35.0,2025-02-02T15:00:47,32.5,,,NOISE,2025-02-02T15:00:47,32.5,,,NOISE,2025-02-02T15:00:47,32.5,,,NOISE,2025-02-02T15:00:47,32.5,,,NOISE
2026-03-06T10:48:48.298991,Map-Energy__sum__linear-conv00077-20250202_180047-20250203_000047-30.000000-35.000000.png,2025-02-02T18:00:47,2025-02-03T00:00:47,30.0,35.0,2025-02-02T21:00:47,32.5,,,NOISE,2025-02-02T21:00:47,32.5,,,NOISE,2025-02-02T21:00:47,32.5,,,NOISE,2025-02-02T21:00:47,32.5,,,NOISE
2026-03-06T10:48:49.483061,Map-Energy__sum__linear-conv00087-20250203_000047-20250203_060047-30.000000-35.000000.png,2025-02-03T00:00:47,2025-02-03T06:00:47,30.0,35.0,2025-02-03T03:00:47,32.5,,,NOISE,2025-02-03T03:00:47,32.5,,,NOISE,2025-02-03T03:00:47,32.5,,,NOISE,2025-02-03T03:00:47,32.5,,,NOISE
2026-03-06T10:48:55.939017,Map-Energy__sum__linear-conv00097-20250203_060047-20250203_120047-30.000000-35.000000.png,2025-02-03T06:00:47,2025-02-03T12:00:47,30.0,35.0,2025-02-03T07:54:02,33.706207,,,VESSEL,2025-02-03T09:00:47,32.5,,,NOISE,2025-02-03T09:00:47,32.5,,,NOISE,2025-02-03T09:00:47,32.5,,,NOISE
2026-03-06T10:48:57.850779,Map-Energy__sum__linear-conv00107-20250203_120047-20250203_180047-30.000000-35.000000.png,2025-02-03T12:00:47,2025-02-03T18:00:47,30.0,35.0,2025-02-03T15:00:47,32.5,,,NOISE,2025-02-03T15:00:47,32.5,,,NOISE,2025-02-03T15:00:47,32.5,,,NOISE,2025-02-03T15:00:47,32.5,,,NOISE
2026-03-06T10:48:59.570944,Map-Energy__sum__linear-conv00117-20250203_180047-20250204_000047-30.000000-35.000000.png,2025-02-03T18:00:47,2025-02-04T00:00:47,30.0,35.0,2025-02-03T21:00:47,32.5,,,NOISE,2025-02-03T21:00:47,32.5,,,NOISE,2025-02-03T21:00:47,32.5,,,NOISE,2025-02-03T21:00:47,32.5,,,NOISE
2026-03-06T10:49:00.971057,Map-Energy__sum__linear-conv00127-20250204_000047-20250204_060047-30.000000-35.000000.png,2025-02-04T00:00:47,2025-02-04T06:00:47,30.0,35.0,2025-02-04T03:00:47,32.5,,,NOISE,2025-02-04T03:00:47,32.5,,,NOISE,2025-02-04T03:00:47,32.5,,,NOISE,2025-02-04T03:00:47,32.5,,,NOISE
2026-03-06T10:49:03.594953,Map-Energy__sum__linear-conv00137-20250204_060047-20250204_120047-30.000000-35.000000.png,2025-02-04T06:00:47,2025-02-04T12:00:47,30.0,35.0,2025-02-04T09:00:47,32.5,,,NOISE,2025-02-04T09:00:47,32.5,,,NOISE,2025-02-04T09:00:47,32.5,,,NOISE,2025-02-04T09:00:47,32.5,,,NOISE
2026-03-06T10:49:09.842869,Map-Energy__sum__linear-conv00147-20250204_120047-20250204_180047-30.000000-35.000000.png,2025-02-04T12:00:47,2025-02-04T18:00:47,30.0,35.0,2025-02-04T15:38:55,33.752899,,,SEISMIC,2025-02-04T15:00:47,32.5,,,NOISE,2025-02-04T15:00:47,32.5,,,NOISE,2025-02-04T15:00:47,32.5,,,NOISE
2026-03-06T10:49:11.491047,Map-Energy__sum__linear-conv00157-20250204_180047-20250205_000047-30.000000-35.000000.png,2025-02-04T18:00:47,2025-02-05T00:00:47,30.0,35.0,2025-02-04T21:00:47,32.5,,,NOISE,2025-02-04T21:00:47,32.5,,,NOISE,2025-02-04T21:00:47,32.5,,,NOISE,2025-02-04T21:00:47,32.5,,,NOISE
2026-03-06T10:49:13.691199,Map-Energy__sum__linear-conv00167-20250205_000047-20250205_060047-30.000000-35.000000.png,2025-02-05T00:00:47,2025-02-05T06:00:47,30.0,35.0,2025-02-05T03:00:47,32.5,,,NOISE,2025-02-05T03:00:47,32.5,,,NOISE,2025-02-05T03:00:47,32.5,,,NOISE,2025-02-05T03:00:47,32.5,,,NOISE
2026-03-06T10:49:20.426862,Map-Energy__sum__linear-conv00177-20250205_060047-20250205_120047-30.000000-35.000000.png,2025-02-05T06:00:47,2025-02-05T12:00:47,30.0,35.0,2025-02-05T09:00:47,32.5,,,NOISE,2025-02-05T09:00:47,32.5,,,NOISE,2025-02-05T09:00:47,32.5,,,NOISE,2025-02-05T09:00:47,32.5,,,NOISE
2026-03-06T10:49:21.795009,Map-Energy__sum__linear-conv00187-20250205_120047-20250205_180047-30.000000-35.000000.png,2025-02-05T12:00:47,2025-02-05T18:00:47,30.0,35.0,2025-02-05T15:00:47,32.5,,,NOISE,2025-02-05T15:00:47,32.5,,,NOISE,2025-02-05T15:00:47,32.5,,,NOISE,2025-02-05T15:00:47,32.5,,,NOISE
2026-03-06T10:49:28.226936,Map-Energy__sum__linear-conv00197-20250205_180047-20250206_000047-30.000000-35.000000.png,2025-02-05T18:00:47,2025-02-06T00:00:47,30.0,35.0,2025-02-05T21:00:47,32.5,,,NOISE,2025-02-05T21:00:47,32.5,,,NOISE,2025-02-05T21:00:47,32.5,,,NOISE,2025-02-05T21:00:47,32.5,,,NOISE
2026-03-06T10:49:29.418836,Map-Energy__sum__linear-conv00207-20250206_000047-20250206_060047-30.000000-35.000000.png,2025-02-06T00:00:47,2025-02-06T06:00:47,30.0,35.0,2025-02-06T03:00:47,32.5,,,NOISE,2025-02-06T03:00:47,32.5,,,NOISE,2025-02-06T03:00:47,32.5,,,NOISE,2025-02-06T03:00:47,32.5,,,NOISE
2026-03-06T10:49:31.314835,Map-Energy__sum__linear-conv00217-20250206_060047-20250206_120047-30.000000-35.000000.png,2025-02-06T06:00:47,2025-02-06T12:00:47,30.0,35.0,2025-02-06T09:00:47,32.5,,,NOISE,2025-02-06T09:00:47,32.5,,,NOISE,2025-02-06T09:00:47,32.5,,,NOISE,2025-02-06T09:00:47,32.5,,,NOISE
2026-03-06T10:49:33.458935,Map-Energy__sum__linear-conv00227-20250206_120047-20250206_180047-30.000000-35.000000.png,2025-02-06T12:00:47,2025-02-06T18:00:47,30.0,35.0,2025-02-06T15:00:47,32.5,,,NOISE,2025-02-06T15:00:47,32.5,,,NOISE,2025-02-06T15:00:47,32.5,,,NOISE,2025-02-06T15:00:47,32.5,,,NOISE
2026-03-06T10:49:34.915018,Map-Energy__sum__linear-conv00237-20250206_180047-20250207_000047-30.000000-35.000000.png,2025-02-06T18:00:47,2025-02-07T00:00:47,30.0,35.0,2025-02-06T21:00:47,32.5,,,NOISE,2025-02-06T21:00:47,32.5,,,NOISE,2025-02-06T21:00:47,32.5,,,NOISE,2025-02-06T21:00:47,32.5,,,NOISE
2026-03-06T10:49:36.154993,Map-Energy__sum__linear-conv00247-20250207_000047-20250207_060047-30.000000-35.000000.png,2025-02-07T00:00:47,2025-02-07T06:00:47,30.0,35.0,2025-02-07T03:00:47,32.5,,,NOISE,2025-02-07T03:00:47,32.5,,,NOISE,2025-02-07T03:00:47,32.5,,,NOISE,2025-02-07T03:00:47,32.5,,,NOISE
2026-03-06T10:49:42.755061,Map-Energy__sum__linear-conv00257-20250207_060047-20250207_120047-30.000000-35.000000.png,2025-02-07T06:00:47,2025-02-07T12:00:47,30.0,35.0,2025-02-07T09:37:19,34.095306,,,SEISMIC,2025-02-07T09:00:47,32.5,,,NOISE,2025-02-07T09:00:47,32.5,,,NOISE,2025-02-07T09:00:47,32.5,,,NOISE
2026-03-06T10:49:47.586969,Map-Energy__sum__linear-conv00267-20250207_120047-20250207_180047-30.000000-35.000000.png,2025-02-07T12:00:47,2025-02-07T18:00:47,30.0,35.0,2025-02-07T15:00:47,32.5,,,SEISMIC,2025-02-07T15:00:47,32.5,,,NOISE,2025-02-07T15:00:47,32.5,,,NOISE,2025-02-07T15:00:47,32.5,,,NOISE
2026-03-06T10:49:52.370987,Map-Energy__sum__linear-conv00277-20250207_180047-20250208_000047-30.000000-35.000000.png,2025-02-07T18:00:47,2025-02-08T00:00:47,30.0,35.0,2025-02-07T21:00:47,32.5,,,SEISMIC,2025-02-07T21:00:47,32.5,,,NOISE,2025-02-07T21:00:47,32.5,,,NOISE,2025-02-07T21:00:47,32.5,,,NOISE
2026-03-06T10:49:58.138792,Map-Energy__sum__linear-conv00287-20250208_000047-20250208_060047-30.000000-35.000000.png,2025-02-08T00:00:47,2025-02-08T06:00:47,30.0,35.0,2025-02-08T03:58:18,33.791809,,,SEISMIC,2025-02-08T03:00:47,32.5,,,NOISE,2025-02-08T03:00:47,32.5,,,NOISE,2025-02-08T03:00:47,32.5,,,NOISE
2026-03-06T10:50:02.738976,Map-Energy__sum__linear-conv00297-20250208_060047-20250208_120047-30.000000-35.000000.png,2025-02-08T06:00:47,2025-02-08T12:00:47,30.0,35.0,2025-02-08T09:00:47,32.5,,,SEISMIC,2025-02-08T09:00:47,32.5,,,NOISE,2025-02-08T09:00:47,32.5,,,NOISE,2025-02-08T09:00:47,32.5,,,NOISE
2026-03-06T10:50:04.251304,Map-Energy__sum__linear-conv00307-20250208_120047-20250208_180047-30.000000-35.000000.png,2025-02-08T12:00:47,2025-02-08T18:00:47,30.0,35.0,2025-02-08T15:00:47,32.5,,,NOISE,2025-02-08T15:00:47,32.5,,,NOISE,2025-02-08T15:00:47,32.5,,,NOISE,2025-02-08T15:00:47,32.5,,,NOISE
2026-03-06T10:50:05.602947,Map-Energy__sum__linear-conv00317-20250208_180047-20250209_000047-30.000000-35.000000.png,2025-02-08T18:00:47,2025-02-09T00:00:47,30.0,35.0,2025-02-08T21:00:47,32.5,,,NOISE,2025-02-08T21:00:47,32.5,,,NOISE,2025-02-08T21:00:47,32.5,,,NOISE,2025-02-08T21:00:47,32.5,,,NOISE
2026-03-06T10:50:06.930862,Map-Energy__sum__linear-conv00327-20250209_000047-20250209_060047-30.000000-35.000000.png,2025-02-09T00:00:47,2025-02-09T06:00:47,30.0,35.0,2025-02-09T03:00:47,32.5,,,NOISE,2025-02-09T03:00:47,32.5,,,NOISE,2025-02-09T03:00:47,32.5,,,NOISE,2025-02-09T03:00:47,32.5,,,NOISE
2026-03-06T10:50:08.314951,Map-Energy__sum__linear-conv00337-20250209_060047-20250209_120047-30.000000-35.000000.png,2025-02-09T06:00:47,2025-02-09T12:00:47,30.0,35.0,2025-02-09T09:00:47,32.5,,,NOISE,2025-02-09T09:00:47,32.5,,,NOISE,2025-02-09T09:00:47,32.5,,,NOISE,2025-02-09T09:00:47,32.5,,,NOISE
2026-03-06T10:50:09.499828,Map-Energy__sum__linear-conv00347-20250209_120047-20250209_180047-30.000000-35.000000.png,2025-02-09T12:00:47,2025-02-09T18:00:47,30.0,35.0,2025-02-09T15:00:47,32.5,,,NOISE,2025-02-09T15:00:47,32.5,,,NOISE,2025-02-09T15:00:47,32.5,,,NOISE,2025-02-09T15:00:47,32.5,,,NOISE
2026-03-06T10:50:10.739022,Map-Energy__sum__linear-conv00357-20250209_180047-20250210_000047-30.000000-35.000000.png,2025-02-09T18:00:47,2025-02-10T00:00:47,30.0,35.0,2025-02-09T21:00:47,32.5,,,NOISE,2025-02-09T21:00:47,32.5,,,NOISE,2025-02-09T21:00:47,32.5,,,NOISE,2025-02-09T21:00:47,32.5,,,NOISE
2026-03-06T10:50:11.899101,Map-Energy__sum__linear-conv00367-20250210_000047-20250210_060047-30.000000-35.000000.png,2025-02-10T00:00:47,2025-02-10T06:00:47,30.0,35.0,2025-02-10T03:00:47,32.5,,,NOISE,2025-02-10T03:00:47,32.5,,,NOISE,2025-02-10T03:00:47,32.5,,,NOISE,2025-02-10T03:00:47,32.5,,,NOISE
2026-03-06T10:50:12.931004,Map-Energy__sum__linear-conv00377-20250210_060047-20250210_120047-30.000000-35.000000.png,2025-02-10T06:00:47,2025-02-10T12:00:47,30.0,35.0,2025-02-10T09:00:47,32.5,,,NOISE,2025-02-10T09:00:47,32.5,,,NOISE,2025-02-10T09:00:47,32.5,,,NOISE,2025-02-10T09:00:47,32.5,,,NOISE
2026-03-06T10:50:14.050956,Map-Energy__sum__linear-conv00387-20250210_120047-20250210_180047-30.000000-35.000000.png,2025-02-10T12:00:47,2025-02-10T18:00:47,30.0,35.0,2025-02-10T15:00:47,32.5,,,NOISE,2025-02-10T15:00:47,32.5,,,NOISE,2025-02-10T15:00:47,32.5,,,NOISE,2025-02-10T15:00:47,32.5,,,NOISE
2026-03-06T10:50:14.970971,Map-Energy__sum__linear-conv00397-20250210_180047-20250211_000047-30.000000-35.000000.png,2025-02-10T18:00:47,2025-02-11T00:00:47,30.0,35.0,2025-02-10T21:00:47,32.5,,,NOISE,2025-02-10T21:00:47,32.5,,,NOISE,2025-02-10T21:00:47,32.5,,,NOISE,2025-02-10T21:00:47,32.5,,,NOISE
2026-03-06T10:50:16.643055,Map-Energy__sum__linear-conv00407-20250211_000047-20250211_060047-30.000000-35.000000.png,2025-02-11T00:00:47,2025-02-11T06:00:47,30.0,35.0,2025-02-11T03:00:47,32.5,,,NOISE,2025-02-11T03:00:47,32.5,,,NOISE,2025-02-11T03:00:47,32.5,,,NOISE,2025-02-11T03:00:47,32.5,,,NOISE
2026-03-06T10:50:18.266923,Map-Energy__sum__linear-conv00417-20250211_060047-20250211_120047-30.000000-35.000000.png,2025-02-11T06:00:47,2025-02-11T12:00:47,30.0,35.0,2025-02-11T09:00:47,32.5,,,NOISE,2025-02-11T09:00:47,32.5,,,NOISE,2025-02-11T09:00:47,32.5,,,NOISE,2025-02-11T09:00:47,32.5,,,NOISE
2026-03-06T10:50:19.474939,Map-Energy__sum__linear-conv00427-20250211_120047-20250211_180047-30.000000-35.000000.png,2025-02-11T12:00:47,2025-02-11T18:00:47,30.0,35.0,2025-02-11T15:00:47,32.5,,,NOISE,2025-02-11T15:00:47,32.5,,,NOISE,2025-02-11T15:00:47,32.5,,,NOISE,2025-02-11T15:00:47,32.5,,,NOISE
2026-03-06T10:50:21.050817,Map-Energy__sum__linear-conv00437-20250211_180047-20250212_000047-30.000000-35.000000.png,2025-02-11T18:00:47,2025-02-12T00:00:47,30.0,35.0,2025-02-11T21:00:47,32.5,,,NOISE,2025-02-11T21:00:47,32.5,,,NOISE,2025-02-11T21:00:47,32.5,,,NOISE,2025-02-11T21:00:47,32.5,,,NOISE
2026-03-06T10:50:27.290942,Map-Energy__sum__linear-conv00447-20250212_000047-20250212_060047-30.000000-35.000000.png,2025-02-12T00:00:47,2025-02-12T06:00:47,30.0,35.0,2025-02-12T03:00:47,32.5,,,NOISE,2025-02-12T03:00:47,32.5,,,NOISE,2025-02-12T03:00:47,32.5,,,NOISE,2025-02-12T03:00:47,32.5,,,NOISE
2026-03-06T10:50:28.610995,Map-Energy__sum__linear-conv00457-20250212_060047-20250212_120047-30.000000-35.000000.png,2025-02-12T06:00:47,2025-02-12T12:00:47,30.0,35.0,2025-02-12T09:00:47,32.5,,,NOISE,2025-02-12T09:00:47,32.5,,,NOISE,2025-02-12T09:00:47,32.5,,,NOISE,2025-02-12T09:00:47,32.5,,,NOISE
2026-03-06T10:50:30.154860,Map-Energy__sum__linear-conv00467-20250212_120047-20250212_180047-30.000000-35.000000.png,2025-02-12T12:00:47,2025-02-12T18:00:47,30.0,35.0,2025-02-12T15:00:47,32.5,,,NOISE,2025-02-12T15:00:47,32.5,,,NOISE,2025-02-12T15:00:47,32.5,,,NOISE,2025-02-12T15:00:47,32.5,,,NOISE
2026-03-06T10:50:31.747174,Map-Energy__sum__linear-conv00477-20250212_180047-20250213_000047-30.000000-35.000000.png,2025-02-12T18:00:47,2025-02-13T00:00:47,30.0,35.0,2025-02-12T21:00:47,32.5,,,NOISE,2025-02-12T21:00:47,32.5,,,NOISE,2025-02-12T21:00:47,32.5,,,NOISE,2025-02-12T21:00:47,32.5,,,NOISE
2026-03-06T10:50:33.186992,Map-Energy__sum__linear-conv00487-20250213_000047-20250213_060047-30.000000-35.000000.png,2025-02-13T00:00:47,2025-02-13T06:00:47,30.0,35.0,2025-02-13T03:00:47,32.5,,,NOISE,2025-02-13T03:00:47,32.5,,,NOISE,2025-02-13T03:00:47,32.5,,,NOISE,2025-02-13T03:00:47,32.5,,,NOISE
2026-03-06T10:50:34.378782,Map-Energy__sum__linear-conv00497-20250213_060047-20250213_120047-30.000000-35.000000.png,2025-02-13T06:00:47,2025-02-13T12:00:47,30.0,35.0,2025-02-13T09:00:47,32.5,,,NOISE,2025-02-13T09:00:47,32.5,,,NOISE,2025-02-13T09:00:47,32.5,,,NOISE,2025-02-13T09:00:47,32.5,,,NOISE
2026-03-06T10:50:35.523028,Map-Energy__sum__linear-conv00507-20250213_120047-20250213_180047-30.000000-35.000000.png,2025-02-13T12:00:47,2025-02-13T18:00:47,30.0,35.0,2025-02-13T15:00:47,32.5,,,NOISE,2025-02-13T15:00:47,32.5,,,NOISE,2025-02-13T15:00:47,32.5,,,NOISE,2025-02-13T15:00:47,32.5,,,NOISE
2026-03-06T10:50:36.650997,Map-Energy__sum__linear-conv00517-20250213_180047-20250214_000047-30.000000-35.000000.png,2025-02-13T18:00:47,2025-02-14T00:00:47,30.0,35.0,2025-02-13T21:00:47,32.5,,,NOISE,2025-02-13T21:00:47,32.5,,,NOISE,2025-02-13T21:00:47,32.5,,,NOISE,2025-02-13T21:00:47,32.5,,,NOISE
2026-03-06T10:50:37.755025,Map-Energy__sum__linear-conv00527-20250214_000047-20250214_060047-30.000000-35.000000.png,2025-02-14T00:00:47,2025-02-14T06:00:47,30.0,35.0,2025-02-14T03:00:47,32.5,,,NOISE,2025-02-14T03:00:47,32.5,,,NOISE,2025-02-14T03:00:47,32.5,,,NOISE,2025-02-14T03:00:47,32.5,,,NOISE
2026-03-06T10:50:39.139110,Map-Energy__sum__linear-conv00537-20250214_060047-20250214_120047-30.000000-35.000000.png,2025-02-14T06:00:47,2025-02-14T12:00:47,30.0,35.0,2025-02-14T09:00:47,32.5,,,NOISE,2025-02-14T09:00:47,32.5,,,NOISE,2025-02-14T09:00:47,32.5,,,NOISE,2025-02-14T09:00:47,32.5,,,NOISE
2026-03-06T10:50:40.258836,Map-Energy__sum__linear-conv00547-20250214_120047-20250214_180047-30.000000-35.000000.png,2025-02-14T12:00:47,2025-02-14T18:00:47,30.0,35.0,2025-02-14T15:00:47,32.5,,,NOISE,2025-02-14T15:00:47,32.5,,,NOISE,2025-02-14T15:00:47,32.5,,,NOISE,2025-02-14T15:00:47,32.5,,,NOISE
2026-03-06T10:50:41.370976,Map-Energy__sum__linear-conv00557-20250214_180047-20250215_000047-30.000000-35.000000.png,2025-02-14T18:00:47,2025-02-15T00:00:47,30.0,35.0,2025-02-14T21:00:47,32.5,,,NOISE,2025-02-14T21:00:47,32.5,,,NOISE,2025-02-14T21:00:47,32.5,,,NOISE,2025-02-14T21:00:47,32.5,,,NOISE
2026-03-06T10:50:42.714963,Map-Energy__sum__linear-conv00567-20250215_000047-20250215_060047-30.000000-35.000000.png,2025-02-15T00:00:47,2025-02-15T06:00:47,30.0,35.0,2025-02-15T03:00:47,32.5,,,NOISE,2025-02-15T03:00:47,32.5,,,NOISE,2025-02-15T03:00:47,32.5,,,NOISE,2025-02-15T03:00:47,32.5,,,NOISE
2026-03-06T10:50:43.930990,Map-Energy__sum__linear-conv00577-20250215_060047-20250215_120047-30.000000-35.000000.png,2025-02-15T06:00:47,2025-02-15T12:00:47,30.0,35.0,2025-02-15T09:00:47,32.5,,,NOISE,2025-02-15T09:00:47,32.5,,,NOISE,2025-02-15T09:00:47,32.5,,,NOISE,2025-02-15T09:00:47,32.5,,,NOISE
2026-03-06T10:50:45.394972,Map-Energy__sum__linear-conv00587-20250215_120047-20250215_180047-30.000000-35.000000.png,2025-02-15T12:00:47,2025-02-15T18:00:47,30.0,35.0,2025-02-15T15:00:47,32.5,,,NOISE,2025-02-15T15:00:47,32.5,,,NOISE,2025-02-15T15:00:47,32.5,,,NOISE,2025-02-15T15:00:47,32.5,,,NOISE
2026-03-06T10:50:47.315025,Map-Energy__sum__linear-conv00597-20250215_180047-20250216_000047-30.000000-35.000000.png,2025-02-15T18:00:47,2025-02-16T00:00:47,30.0,35.0,2025-02-15T21:00:47,32.5,,,NOISE,2025-02-15T21:00:47,32.5,,,NOISE,2025-02-15T21:00:47,32.5,,,NOISE,2025-02-15T21:00:47,32.5,,,NOISE
2026-03-06T10:50:49.203000,Map-Energy__sum__linear-conv00607-20250216_000047-20250216_060047-30.000000-35.000000.png,2025-02-16T00:00:47,2025-02-16T06:00:47,30.0,35.0,2025-02-16T03:00:47,32.5,,,NOISE,2025-02-16T03:00:47,32.5,,,NOISE,2025-02-16T03:00:47,32.5,,,NOISE,2025-02-16T03:00:47,32.5,,,NOISE
2026-03-06T10:50:50.611067,Map-Energy__sum__linear-conv00617-20250216_060047-20250216_120047-30.000000-35.000000.png,2025-02-16T06:00:47,2025-02-16T12:00:47,30.0,35.0,2025-02-16T09:00:47,32.5,,,NOISE,2025-02-16T09:00:47,32.5,,,NOISE,2025-02-16T09:00:47,32.5,,,NOISE,2025-02-16T09:00:47,32.5,,,NOISE
2026-03-06T10:50:53.258881,Map-Energy__sum__linear-conv00627-20250216_120047-20250216_180047-30.000000-35.000000.png,2025-02-16T12:00:47,2025-02-16T18:00:47,30.0,35.0,2025-02-16T15:00:47,32.5,,,NOISE,2025-02-16T15:00:47,32.5,,,NOISE,2025-02-16T15:00:47,32.5,,,NOISE,2025-02-16T15:00:47,32.5,,,NOISE
2026-03-06T10:50:54.922675,Map-Energy__sum__linear-conv00637-20250216_180047-20250217_000047-30.000000-35.000000.png,2025-02-16T18:00:47,2025-02-17T00:00:47,30.0,35.0,2025-02-16T21:00:47,32.5,,,NOISE,2025-02-16T21:00:47,32.5,,,NOISE,2025-02-16T21:00:47,32.5,,,NOISE,2025-02-16T21:00:47,32.5,,,NOISE
2026-03-06T10:50:56.347077,Map-Energy__sum__linear-conv00647-20250217_000047-20250217_060047-30.000000-35.000000.png,2025-02-17T00:00:47,2025-02-17T06:00:47,30.0,35.0,2025-02-17T03:00:47,32.5,,,NOISE,2025-02-17T03:00:47,32.5,,,NOISE,2025-02-17T03:00:47,32.5,,,NOISE,2025-02-17T03:00:47,32.5,,,NOISE
2026-03-06T10:50:58.114839,Map-Energy__sum__linear-conv00657-20250217_060047-20250217_120047-30.000000-35.000000.png,2025-02-17T06:00:47,2025-02-17T12:00:47,30.0,35.0,2025-02-17T09:00:47,32.5,,,NOISE,2025-02-17T09:00:47,32.5,,,NOISE,2025-02-17T09:00:47,32.5,,,NOISE,2025-02-17T09:00:47,32.5,,,NOISE
2026-03-06T10:50:59.922812,Map-Energy__sum__linear-conv00667-20250217_120047-20250217_180047-30.000000-35.000000.png,2025-02-17T12:00:47,2025-02-17T18:00:47,30.0,35.0,2025-02-17T15:00:47,32.5,,,NOISE,2025-02-17T15:00:47,32.5,,,NOISE,2025-02-17T15:00:47,32.5,,,NOISE,2025-02-17T15:00:47,32.5,,,NOISE
2026-03-06T10:51:02.083205,Map-Energy__sum__linear-conv00677-20250217_180047-20250218_000047-30.000000-35.000000.png,2025-02-17T18:00:47,2025-02-18T00:00:47,30.0,35.0,2025-02-17T21:00:47,32.5,,,NOISE,2025-02-17T21:00:47,32.5,,,NOISE,2025-02-17T21:00:47,32.5,,,NOISE,2025-02-17T21:00:47,32.5,,,NOISE
2026-03-06T10:51:03.243041,Map-Energy__sum__linear-conv00687-20250218_000047-20250218_060047-30.000000-35.000000.png,2025-02-18T00:00:47,2025-02-18T06:00:47,30.0,35.0,2025-02-18T03:00:47,32.5,,,NOISE,2025-02-18T03:00:47,32.5,,,NOISE,2025-02-18T03:00:47,32.5,,,NOISE,2025-02-18T03:00:47,32.5,,,NOISE
2026-03-06T10:51:04.882933,Map-Energy__sum__linear-conv00697-20250218_060047-20250218_120047-30.000000-35.000000.png,2025-02-18T06:00:47,2025-02-18T12:00:47,30.0,35.0,2025-02-18T09:00:47,32.5,,,NOISE,2025-02-18T09:00:47,32.5,,,NOISE,2025-02-18T09:00:47,32.5,,,NOISE,2025-02-18T09:00:47,32.5,,,NOISE
2026-03-06T10:51:06.194762,Map-Energy__sum__linear-conv00707-20250218_120047-20250218_180047-30.000000-35.000000.png,2025-02-18T12:00:47,2025-02-18T18:00:47,30.0,35.0,2025-02-18T15:00:47,32.5,,,NOISE,2025-02-18T15:00:47,32.5,,,NOISE,2025-02-18T15:00:47,32.5,,,NOISE,2025-02-18T15:00:47,32.5,,,NOISE
2026-03-06T10:51:10.074761,Map-Energy__sum__linear-conv00717-20250218_180047-20250219_000047-30.000000-35.000000.png,2025-02-18T18:00:47,2025-02-19T00:00:47,30.0,35.0,2025-02-18T21:00:47,32.5,,,NOISE,2025-02-18T21:00:47,32.5,,,NOISE,2025-02-18T21:00:47,32.5,,,NOISE,2025-02-18T21:00:47,32.5,,,NOISE
2026-03-06T10:51:12.003149,Map-Energy__sum__linear-conv00727-20250219_000047-20250219_060047-30.000000-35.000000.png,2025-02-19T00:00:47,2025-02-19T06:00:47,30.0,35.0,2025-02-19T03:00:47,32.5,,,NOISE,2025-02-19T03:00:47,32.5,,,NOISE,2025-02-19T03:00:47,32.5,,,NOISE,2025-02-19T03:00:47,32.5,,,NOISE
2026-03-06T10:51:13.994814,Map-Energy__sum__linear-conv00737-20250219_060047-20250219_120047-30.000000-35.000000.png,2025-02-19T06:00:47,2025-02-19T12:00:47,30.0,35.0,2025-02-19T09:00:47,32.5,,,NOISE,2025-02-19T09:00:47,32.5,,,NOISE,2025-02-19T09:00:47,32.5,,,NOISE,2025-02-19T09:00:47,32.5,,,NOISE
2026-03-06T10:51:17.098910,Map-Energy__sum__linear-conv00747-20250219_120047-20250219_180047-30.000000-35.000000.png,2025-02-19T12:00:47,2025-02-19T18:00:47,30.0,35.0,2025-02-19T15:00:47,32.5,,,NOISE,2025-02-19T15:00:47,32.5,,,NOISE,2025-02-19T15:00:47,32.5,,,NOISE,2025-02-19T15:00:47,32.5,,,NOISE
2026-03-06T10:51:19.331271,Map-Energy__sum__linear-conv00757-20250219_180047-20250220_000047-30.000000-35.000000.png,2025-02-19T18:00:47,2025-02-20T00:00:47,30.0,35.0,2025-02-19T21:00:47,32.5,,,NOISE,2025-02-19T21:00:47,32.5,,,NOISE,2025-02-19T21:00:47,32.5,,,NOISE,2025-02-19T21:00:47,32.5,,,NOISE
2026-03-06T10:51:25.266855,Map-Energy__sum__linear-conv00767-20250220_000047-20250220_060047-30.000000-35.000000.png,2025-02-20T00:00:47,2025-02-20T06:00:47,30.0,35.0,2025-02-20T03:00:47,32.5,,,NOISE,2025-02-20T03:00:47,32.5,,,NOISE,2025-02-20T03:00:47,32.5,,,NOISE,2025-02-20T03:00:47,32.5,,,NOISE
2026-03-06T10:51:27.546703,Map-Energy__sum__linear-conv00777-20250220_060047-20250220_120047-30.000000-35.000000.png,2025-02-20T06:00:47,2025-02-20T12:00:47,30.0,35.0,2025-02-20T09:00:47,32.5,,,NOISE,2025-02-20T09:00:47,32.5,,,NOISE,2025-02-20T09:00:47,32.5,,,NOISE,2025-02-20T09:00:47,32.5,,,NOISE
2026-03-06T10:51:28.874779,Map-Energy__sum__linear-conv00787-20250220_120047-20250220_180047-30.000000-35.000000.png,2025-02-20T12:00:47,2025-02-20T18:00:47,30.0,35.0,2025-02-20T15:00:47,32.5,,,NOISE,2025-02-20T15:00:47,32.5,,,NOISE,2025-02-20T15:00:47,32.5,,,NOISE,2025-02-20T15:00:47,32.5,,,NOISE
2026-03-06T10:51:30.242854,Map-Energy__sum__linear-conv00797-20250220_180047-20250221_000047-30.000000-35.000000.png,2025-02-20T18:00:47,2025-02-21T00:00:47,30.0,35.0,2025-02-20T21:00:47,32.5,,,NOISE,2025-02-20T21:00:47,32.5,,,NOISE,2025-02-20T21:00:47,32.5,,,NOISE,2025-02-20T21:00:47,32.5,,,NOISE
2026-03-06T10:51:31.202855,Map-Energy__sum__linear-conv00807-20250221_000047-20250221_060047-30.000000-35.000000.png,2025-02-21T00:00:47,2025-02-21T06:00:47,30.0,35.0,2025-02-21T03:00:47,32.5,,,NOISE,2025-02-21T03:00:47,32.5,,,NOISE,2025-02-21T03:00:47,32.5,,,NOISE,2025-02-21T03:00:47,32.5,,,NOISE
2026-03-06T10:51:32.850870,Map-Energy__sum__linear-conv00817-20250221_060047-20250221_120047-30.000000-35.000000.png,2025-02-21T06:00:47,2025-02-21T12:00:47,30.0,35.0,2025-02-21T09:00:47,32.5,,,NOISE,2025-02-21T09:00:47,32.5,,,NOISE,2025-02-21T09:00:47,32.5,,,NOISE,2025-02-21T09:00:47,32.5,,,NOISE
2026-03-06T10:51:34.378831,Map-Energy__sum__linear-conv00827-20250221_120047-20250221_180047-30.000000-35.000000.png,2025-02-21T12:00:47,2025-02-21T18:00:47,30.0,35.0,2025-02-21T15:00:47,32.5,,,NOISE,2025-02-21T15:00:47,32.5,,,NOISE,2025-02-21T15:00:47,32.5,,,NOISE,2025-02-21T15:00:47,32.5,,,NOISE
2026-03-06T10:51:37.610743,Map-Energy__sum__linear-conv00837-20250221_180047-20250222_000047-30.000000-35.000000.png,2025-02-21T18:00:47,2025-02-22T00:00:47,30.0,35.0,2025-02-21T21:00:47,32.5,,,NOISE,2025-02-21T21:00:47,32.5,,,NOISE,2025-02-21T21:00:47,32.5,,,NOISE,2025-02-21T21:00:47,32.5,,,NOISE
2026-03-06T10:51:39.042770,Map-Energy__sum__linear-conv00847-20250222_000047-20250222_060047-30.000000-35.000000.png,2025-02-22T00:00:47,2025-02-22T06:00:47,30.0,35.0,2025-02-22T03:00:47,32.5,,,NOISE,2025-02-22T03:00:47,32.5,,,NOISE,2025-02-22T03:00:47,32.5,,,NOISE,2025-02-22T03:00:47,32.5,,,NOISE
2026-03-06T10:51:40.170820,Map-Energy__sum__linear-conv00857-20250222_060047-20250222_120047-30.000000-35.000000.png,2025-02-22T06:00:47,2025-02-22T12:00:47,30.0,35.0,2025-02-22T09:00:47,32.5,,,NOISE,2025-02-22T09:00:47,32.5,,,NOISE,2025-02-22T09:00:47,32.5,,,NOISE,2025-02-22T09:00:47,32.5,,,NOISE
2026-03-06T10:51:41.346896,Map-Energy__sum__linear-conv00867-20250222_120047-20250222_180047-30.000000-35.000000.png,2025-02-22T12:00:47,2025-02-22T18:00:47,30.0,35.0,2025-02-22T15:00:47,32.5,,,NOISE,2025-02-22T15:00:47,32.5,,,NOISE,2025-02-22T15:00:47,32.5,,,NOISE,2025-02-22T15:00:47,32.5,,,NOISE
2026-03-06T10:51:42.458715,Map-Energy__sum__linear-conv00877-20250222_180047-20250223_000047-30.000000-35.000000.png,2025-02-22T18:00:47,2025-02-23T00:00:47,30.0,35.0,2025-02-22T21:00:47,32.5,,,NOISE,2025-02-22T21:00:47,32.5,,,NOISE,2025-02-22T21:00:47,32.5,,,NOISE,2025-02-22T21:00:47,32.5,,,NOISE
2026-03-06T10:51:43.738933,Map-Energy__sum__linear-conv00887-20250223_000047-20250223_060047-30.000000-35.000000.png,2025-02-23T00:00:47,2025-02-23T06:00:47,30.0,35.0,2025-02-23T03:00:47,32.5,,,NOISE,2025-02-23T03:00:47,32.5,,,NOISE,2025-02-23T03:00:47,32.5,,,NOISE,2025-02-23T03:00:47,32.5,,,NOISE
2026-03-06T10:51:45.131423,Map-Energy__sum__linear-conv00897-20250223_060047-20250223_120047-30.000000-35.000000.png,2025-02-23T06:00:47,2025-02-23T12:00:47,30.0,35.0,2025-02-23T09:00:47,32.5,,,NOISE,2025-02-23T09:00:47,32.5,,,NOISE,2025-02-23T09:00:47,32.5,,,NOISE,2025-02-23T09:00:47,32.5,,,NOISE
2026-03-06T10:51:46.147274,Map-Energy__sum__linear-conv00907-20250223_120047-20250223_180047-30.000000-35.000000.png,2025-02-23T12:00:47,2025-02-23T18:00:47,30.0,35.0,2025-02-23T15:00:47,32.5,,,NOISE,2025-02-23T15:00:47,32.5,,,NOISE,2025-02-23T15:00:47,32.5,,,NOISE,2025-02-23T15:00:47,32.5,,,NOISE
2026-03-06T10:51:47.658814,Map-Energy__sum__linear-conv00917-20250223_180047-20250224_000047-30.000000-35.000000.png,2025-02-23T18:00:47,2025-02-24T00:00:47,30.0,35.0,2025-02-23T21:00:47,32.5,,,NOISE,2025-02-23T21:00:47,32.5,,,NOISE,2025-02-23T21:00:47,32.5,,,NOISE,2025-02-23T21:00:47,32.5,,,NOISE
2026-03-06T10:51:48.714983,Map-Energy__sum__linear-conv00927-20250224_000047-20250224_060047-30.000000-35.000000.png,2025-02-24T00:00:47,2025-02-24T06:00:47,30.0,35.0,2025-02-24T03:00:47,32.5,,,NOISE,2025-02-24T03:00:47,32.5,,,NOISE,2025-02-24T03:00:47,32.5,,,NOISE,2025-02-24T03:00:47,32.5,,,NOISE
2026-03-06T10:51:49.826878,Map-Energy__sum__linear-conv00937-20250224_060047-20250224_120047-30.000000-35.000000.png,2025-02-24T06:00:47,2025-02-24T12:00:47,30.0,35.0,2025-02-24T09:00:47,32.5,,,NOISE,2025-02-24T09:00:47,32.5,,,NOISE,2025-02-24T09:00:47,32.5,,,NOISE,2025-02-24T09:00:47,32.5,,,NOISE
2026-03-06T10:51:50.858818,Map-Energy__sum__linear-conv00947-20250224_120047-20250224_180047-30.000000-35.000000.png,2025-02-24T12:00:47,2025-02-24T18:00:47,30.0,35.0,2025-02-24T15:00:47,32.5,,,NOISE,2025-02-24T15:00:47,32.5,,,NOISE,2025-02-24T15:00:47,32.5,,,NOISE,2025-02-24T15:00:47,32.5,,,NOISE
2026-03-06T10:51:52.090847,Map-Energy__sum__linear-conv00957-20250224_180047-20250225_000047-30.000000-35.000000.png,2025-02-24T18:00:47,2025-02-25T00:00:47,30.0,35.0,2025-02-24T21:00:47,32.5,,,NOISE,2025-02-24T21:00:47,32.5,,,NOISE,2025-02-24T21:00:47,32.5,,,NOISE,2025-02-24T21:00:47,32.5,,,NOISE
2026-03-06T10:51:53.394893,Map-Energy__sum__linear-conv00967-20250225_000047-20250225_060047-30.000000-35.000000.png,2025-02-25T00:00:47,2025-02-25T06:00:47,30.0,35.0,2025-02-25T03:00:47,32.5,,,NOISE,2025-02-25T03:00:47,32.5,,,NOISE,2025-02-25T03:00:47,32.5,,,NOISE,2025-02-25T03:00:47,32.5,,,NOISE
2026-03-06T10:51:54.602740,Map-Energy__sum__linear-conv00977-20250225_060047-20250225_120047-30.000000-35.000000.png,2025-02-25T06:00:47,2025-02-25T12:00:47,30.0,35.0,2025-02-25T09:00:47,32.5,,,NOISE,2025-02-25T09:00:47,32.5,,,NOISE,2025-02-25T09:00:47,32.5,,,NOISE,2025-02-25T09:00:47,32.5,,,NOISE
2026-03-06T10:51:55.730672,Map-Energy__sum__linear-conv00987-20250225_120047-20250225_180047-30.000000-35.000000.png,2025-02-25T12:00:47,2025-02-25T18:00:47,30.0,35.0,2025-02-25T15:00:47,32.5,,,NOISE,2025-02-25T15:00:47,32.5,,,NOISE,2025-02-25T15:00:47,32.5,,,NOISE,2025-02-25T15:00:47,32.5,,,NOISE
2026-03-06T10:51:58.274937,Map-Energy__sum__linear-conv00997-20250225_180047-20250226_000047-30.000000-35.000000.png,2025-02-25T18:00:47,2025-02-26T00:00:47,30.0,35.0,2025-02-25T21:00:47,32.5,,,NOISE,2025-02-25T21:00:47,32.5,,,NOISE,2025-02-25T21:00:47,32.5,,,NOISE,2025-02-25T21:00:47,32.5,,,NOISE
2026-03-06T10:51:59.490931,Map-Energy__sum__linear-conv01007-20250226_000047-20250226_060047-30.000000-35.000000.png,2025-02-26T00:00:47,2025-02-26T06:00:47,30.0,35.0,2025-02-26T03:00:47,32.5,,,NOISE,2025-02-26T03:00:47,32.5,,,NOISE,2025-02-26T03:00:47,32.5,,,NOISE,2025-02-26T03:00:47,32.5,,,NOISE
2026-03-06T10:52:00.730865,Map-Energy__sum__linear-conv01017-20250226_060047-20250226_120047-30.000000-35.000000.png,2025-02-26T06:00:47,2025-02-26T12:00:47,30.0,35.0,2025-02-26T09:00:47,32.5,,,NOISE,2025-02-26T09:00:47,32.5,,,NOISE,2025-02-26T09:00:47,32.5,,,NOISE,2025-02-26T09:00:47,32.5,,,NOISE
2026-03-06T10:52:01.771315,Map-Energy__sum__linear-conv01027-20250226_120047-20250226_180047-30.000000-35.000000.png,2025-02-26T12:00:47,2025-02-26T18:00:47,30.0,35.0,2025-02-26T15:00:47,32.5,,,NOISE,2025-02-26T15:00:47,32.5,,,NOISE,2025-02-26T15:00:47,32.5,,,NOISE,2025-02-26T15:00:47,32.5,,,NOISE
2026-03-06T10:52:02.723155,Map-Energy__sum__linear-conv01037-20250226_180047-20250227_000047-30.000000-35.000000.png,2025-02-26T18:00:47,2025-02-27T00:00:47,30.0,35.0,2025-02-26T21:00:47,32.5,,,NOISE,2025-02-26T21:00:47,32.5,,,NOISE,2025-02-26T21:00:47,32.5,,,NOISE,2025-02-26T21:00:47,32.5,,,NOISE
2026-03-06T10:52:03.834806,Map-Energy__sum__linear-conv01047-20250227_000047-20250227_060047-30.000000-35.000000.png,2025-02-27T00:00:47,2025-02-27T06:00:47,30.0,35.0,2025-02-27T03:00:47,32.5,,,NOISE,2025-02-27T03:00:47,32.5,,,NOISE,2025-02-27T03:00:47,32.5,,,NOISE,2025-02-27T03:00:47,32.5,,,NOISE
2026-03-06T10:52:04.938731,Map-Energy__sum__linear-conv01057-20250227_060047-20250227_120047-30.000000-35.000000.png,2025-02-27T06:00:47,2025-02-27T12:00:47,30.0,35.0,2025-02-27T09:00:47,32.5,,,NOISE,2025-02-27T09:00:47,32.5,,,NOISE,2025-02-27T09:00:47,32.5,,,NOISE,2025-02-27T09:00:47,32.5,,,NOISE
2026-03-06T10:52:05.922919,Map-Energy__sum__linear-conv01067-20250227_120047-20250227_180047-30.000000-35.000000.png,2025-02-27T12:00:47,2025-02-27T18:00:47,30.0,35.0,2025-02-27T15:00:47,32.5,,,NOISE,2025-02-27T15:00:47,32.5,,,NOISE,2025-02-27T15:00:47,32.5,,,NOISE,2025-02-27T15:00:47,32.5,,,NOISE
2026-03-06T10:52:07.091351,Map-Energy__sum__linear-conv01077-20250227_180047-20250228_000047-30.000000-35.000000.png,2025-02-27T18:00:47,2025-02-28T00:00:47,30.0,35.0,2025-02-27T21:00:47,32.5,,,NOISE,2025-02-27T21:00:47,32.5,,,NOISE,2025-02-27T21:00:47,32.5,,,NOISE,2025-02-27T21:00:47,32.5,,,NOISE
2026-03-06T10:52:08.762928,Map-Energy__sum__linear-conv01087-20250228_000047-20250228_060047-30.000000-35.000000.png,2025-02-28T00:00:47,2025-02-28T06:00:47,30.0,35.0,2025-02-28T03:00:47,32.5,,,NOISE,2025-02-28T03:00:47,32.5,,,NOISE,2025-02-28T03:00:47,32.5,,,NOISE,2025-02-28T03:00:47,32.5,,,NOISE
2026-03-06T10:52:10.058826,Map-Energy__sum__linear-conv01097-20250228_060047-20250228_120047-30.000000-35.000000.png,2025-02-28T06:00:47,2025-02-28T12:00:47,30.0,35.0,2025-02-28T09:00:47,32.5,,,NOISE,2025-02-28T09:00:47,32.5,,,NOISE,2025-02-28T09:00:47,32.5,,,NOISE,2025-02-28T09:00:47,32.5,,,NOISE
2026-03-06T10:52:11.418949,Map-Energy__sum__linear-conv01107-20250228_120047-20250228_180047-30.000000-35.000000.png,2025-02-28T12:00:47,2025-02-28T18:00:47,30.0,35.0,2025-02-28T15:00:47,32.5,,,NOISE,2025-02-28T15:00:47,32.5,,,NOISE,2025-02-28T15:00:47,32.5,,,NOISE,2025-02-28T15:00:47,32.5,,,NOISE
2026-03-06T10:52:12.514682,Map-Energy__sum__linear-conv01117-20250228_180047-20250301_000047-30.000000-35.000000.png,2025-02-28T18:00:47,2025-03-01T00:00:47,30.0,35.0,2025-02-28T21:00:47,32.5,,,NOISE,2025-02-28T21:00:47,32.5,,,NOISE,2025-02-28T21:00:47,32.5,,,NOISE,2025-02-28T21:00:47,32.5,,,NOISE
2026-03-06T10:52:13.530745,Map-Energy__sum__linear-conv00008-20250201_000047-20250201_060047-35.000000-40.000000.png,2025-02-01T00:00:47,2025-02-01T06:00:47,35.0,40.0,2025-02-01T03:00:47,37.5,,,NOISE,2025-02-01T03:00:47,37.5,,,NOISE,2025-02-01T03:00:47,37.5,,,NOISE,2025-02-01T03:00:47,37.5,,,NOISE
2026-03-06T10:52:15.282752,Map-Energy__sum__linear-conv00018-20250201_060047-20250201_120047-35.000000-40.000000.png,2025-02-01T06:00:47,2025-02-01T12:00:47,35.0,40.0,2025-02-01T09:00:47,37.5,,,NOISE,2025-02-01T09:00:47,37.5,,,NOISE,2025-02-01T09:00:47,37.5,,,NOISE,2025-02-01T09:00:47,37.5,,,NOISE
2026-03-06T10:52:17.386849,Map-Energy__sum__linear-conv00028-20250201_120047-20250201_180047-35.000000-40.000000.png,2025-02-01T12:00:47,2025-02-01T18:00:47,35.0,40.0,2025-02-01T15:00:47,37.5,,,NOISE,2025-02-01T15:00:47,37.5,,,NOISE,2025-02-01T15:00:47,37.5,,,NOISE,2025-02-01T15:00:47,37.5,,,NOISE
2026-03-06T10:52:19.602753,Map-Energy__sum__linear-conv00038-20250201_180047-20250202_000047-35.000000-40.000000.png,2025-02-01T18:00:47,2025-02-02T00:00:47,35.0,40.0,2025-02-01T21:00:47,37.5,,,NOISE,2025-02-01T21:00:47,37.5,,,NOISE,2025-02-01T21:00:47,37.5,,,NOISE,2025-02-01T21:00:47,37.5,,,NOISE
2026-03-06T10:52:21.546913,Map-Energy__sum__linear-conv00048-20250202_000047-20250202_060047-35.000000-40.000000.png,2025-02-02T00:00:47,2025-02-02T06:00:47,35.0,40.0,2025-02-02T03:00:47,37.5,,,NOISE,2025-02-02T03:00:47,37.5,,,NOISE,2025-02-02T03:00:47,37.5,,,NOISE,2025-02-02T03:00:47,37.5,,,NOISE
2026-03-06T10:52:27.354768,Map-Energy__sum__linear-conv00058-20250202_060047-20250202_120047-35.000000-40.000000.png,2025-02-02T06:00:47,2025-02-02T12:00:47,35.0,40.0,2025-02-02T09:00:47,37.5,,,SEISMIC,2025-02-02T09:00:47,37.5,,,NOISE,2025-02-02T09:00:47,37.5,,,NOISE,2025-02-02T09:00:47,37.5,,,NOISE
2026-03-06T10:52:40.186870,Map-Energy__sum__linear-conv00068-20250202_120047-20250202_180047-35.000000-40.000000.png,2025-02-02T12:00:47,2025-02-02T18:00:47,35.0,40.0,2025-02-02T16:46:36,37.367706,,,VESSEL,2025-02-02T15:00:47,37.5,,,SEISMIC,2025-02-02T15:00:47,37.5,,,NOISE,2025-02-02T15:00:47,37.5,,,NOISE
2026-03-06T10:52:45.426764,Map-Energy__sum__linear-conv00078-20250202_180047-20250203_000047-35.000000-40.000000.png,2025-02-02T18:00:47,2025-02-03T00:00:47,35.0,40.0,2025-02-02T21:00:47,37.5,,,SEISMIC,2025-02-02T21:00:47,37.5,,,NOISE,2025-02-02T21:00:47,37.5,,,NOISE,2025-02-02T21:00:47,37.5,,,NOISE
2026-03-06T10:52:46.850746,Map-Energy__sum__linear-conv00088-20250203_000047-20250203_060047-35.000000-40.000000.png,2025-02-03T00:00:47,2025-02-03T06:00:47,35.0,40.0,2025-02-03T03:00:47,37.5,,,NOISE,2025-02-03T03:00:47,37.5,,,NOISE,2025-02-03T03:00:47,37.5,,,NOISE,2025-02-03T03:00:47,37.5,,,NOISE
2026-03-06T10:53:03.306536,Map-Energy__sum__linear-conv00098-20250203_060047-20250203_120047-35.000000-40.000000.png,2025-02-03T06:00:47,2025-02-03T12:00:47,35.0,40.0,2025-02-03T06:06:56,35.188752,,,VESSEL,2025-02-03T09:00:47,37.5,,,SEISMIC,2025-02-03T09:00:47,37.5,,,NOISE,2025-02-03T09:00:47,37.5,,,NOISE
2026-03-06T10:53:09.890643,Map-Energy__sum__linear-conv00108-20250203_120047-20250203_180047-35.000000-40.000000.png,2025-02-03T12:00:47,2025-02-03T18:00:47,35.0,40.0,2025-02-03T15:00:47,37.5,,,SEISMIC,2025-02-03T15:00:47,37.5,,,NOISE,2025-02-03T15:00:47,37.5,,,NOISE,2025-02-03T15:00:47,37.5,,,NOISE
2026-03-06T10:53:11.082692,Map-Energy__sum__linear-conv00118-20250203_180047-20250204_000047-35.000000-40.000000.png,2025-02-03T18:00:47,2025-02-04T00:00:47,35.0,40.0,2025-02-03T21:00:47,37.5,,,NOISE,2025-02-03T21:00:47,37.5,,,NOISE,2025-02-03T21:00:47,37.5,,,NOISE,2025-02-03T21:00:47,37.5,,,NOISE
2026-03-06T10:53:12.426799,Map-Energy__sum__linear-conv00128-20250204_000047-20250204_060047-35.000000-40.000000.png,2025-02-04T00:00:47,2025-02-04T06:00:47,35.0,40.0,2025-02-04T03:00:47,37.5,,,NOISE,2025-02-04T03:00:47,37.5,,,NOISE,2025-02-04T03:00:47,37.5,,,NOISE,2025-02-04T03:00:47,37.5,,,NOISE
2026-03-06T10:53:16.930783,Map-Energy__sum__linear-conv00138-20250204_060047-20250204_120047-35.000000-40.000000.png,2025-02-04T06:00:47,2025-02-04T12:00:47,35.0,40.0,2025-02-04T09:00:47,37.5,,,SEISMIC,2025-02-04T09:00:47,37.5,,,NOISE,2025-02-04T09:00:47,37.5,,,NOISE,2025-02-04T09:00:47,37.5,,,NOISE
2026-03-06T10:53:22.250691,Map-Energy__sum__linear-conv00148-20250204_120047-20250204_180047-35.000000-40.000000.png,2025-02-04T12:00:47,2025-02-04T18:00:47,35.0,40.0,2025-02-04T15:00:47,37.5,,,SEISMIC,2025-02-04T15:00:47,37.5,,,NOISE,2025-02-04T15:00:47,37.5,,,NOISE,2025-02-04T15:00:47,37.5,,,NOISE
2026-03-06T10:53:26.162676,Map-Energy__sum__linear-conv00158-20250204_180047-20250205_000047-35.000000-40.000000.png,2025-02-04T18:00:47,2025-02-05T00:00:47,35.0,40.0,2025-02-04T21:00:47,37.5,,,SEISMIC,2025-02-04T21:00:47,37.5,,,NOISE,2025-02-04T21:00:47,37.5,,,NOISE,2025-02-04T21:00:47,37.5,,,NOISE
2026-03-06T10:53:27.714868,Map-Energy__sum__linear-conv00168-20250205_000047-20250205_060047-35.000000-40.000000.png,2025-02-05T00:00:47,2025-02-05T06:00:47,35.0,40.0,2025-02-05T03:00:47,37.5,,,NOISE,2025-02-05T03:00:47,37.5,,,NOISE,2025-02-05T03:00:47,37.5,,,NOISE,2025-02-05T03:00:47,37.5,,,NOISE
2026-03-06T10:53:37.298645,Map-Energy__sum__linear-conv00178-20250205_060047-20250205_120047-35.000000-40.000000.png,2025-02-05T06:00:47,2025-02-05T12:00:47,35.0,40.0,2025-02-05T10:06:34,38.200378,,,VESSEL,2025-02-05T09:00:47,37.5,,,SEISMIC,2025-02-05T09:00:47,37.5,,,NOISE,2025-02-05T09:00:47,37.5,,,NOISE
2026-03-06T10:53:48.674854,Map-Energy__sum__linear-conv00188-20250205_120047-20250205_180047-35.000000-40.000000.png,2025-02-05T12:00:47,2025-02-05T18:00:47,35.0,40.0,2025-02-05T13:54:59,35.398865,,,VESSEL,2025-02-05T15:00:47,37.5,,,SEISMIC,2025-02-05T15:00:47,37.5,,,NOISE,2025-02-05T15:00:47,37.5,,,NOISE
2026-03-06T10:53:50.162595,Map-Energy__sum__linear-conv00198-20250205_180047-20250206_000047-35.000000-40.000000.png,2025-02-05T18:00:47,2025-02-06T00:00:47,35.0,40.0,2025-02-05T21:00:47,37.5,,,NOISE,2025-02-05T21:00:47,37.5,,,NOISE,2025-02-05T21:00:47,37.5,,,NOISE,2025-02-05T21:00:47,37.5,,,NOISE
2026-03-06T10:53:51.850746,Map-Energy__sum__linear-conv00208-20250206_000047-20250206_060047-35.000000-40.000000.png,2025-02-06T00:00:47,2025-02-06T06:00:47,35.0,40.0,2025-02-06T03:00:47,37.5,,,NOISE,2025-02-06T03:00:47,37.5,,,NOISE,2025-02-06T03:00:47,37.5,,,NOISE,2025-02-06T03:00:47,37.5,,,NOISE
2026-03-06T10:53:53.235028,Map-Energy__sum__linear-conv00218-20250206_060047-20250206_120047-35.000000-40.000000.png,2025-02-06T06:00:47,2025-02-06T12:00:47,35.0,40.0,2025-02-06T09:00:47,37.5,,,NOISE,2025-02-06T09:00:47,37.5,,,NOISE,2025-02-06T09:00:47,37.5,,,NOISE,2025-02-06T09:00:47,37.5,,,NOISE
2026-03-06T10:53:57.474922,Map-Energy__sum__linear-conv00228-20250206_120047-20250206_180047-35.000000-40.000000.png,2025-02-06T12:00:47,2025-02-06T18:00:47,35.0,40.0,2025-02-06T15:00:47,37.5,,,NOISE,2025-02-06T15:00:47,37.5,,,NOISE,2025-02-06T15:00:47,37.5,,,NOISE,2025-02-06T15:00:47,37.5,,,NOISE
2026-03-06T10:54:05.562540,Map-Energy__sum__linear-conv00238-20250206_180047-20250207_000047-35.000000-40.000000.png,2025-02-06T18:00:47,2025-02-07T00:00:47,35.0,40.0,2025-02-06T21:09:02,37.009735,,,OTHER,2025-02-06T21:00:47,37.5,,,NOISE,2025-02-06T21:00:47,37.5,,,NOISE,2025-02-06T21:00:47,37.5,,,NOISE
2026-03-06T10:54:07.186872,Map-Energy__sum__linear-conv00248-20250207_000047-20250207_060047-35.000000-40.000000.png,2025-02-07T00:00:47,2025-02-07T06:00:47,35.0,40.0,2025-02-07T03:00:47,37.5,,,NOISE,2025-02-07T03:00:47,37.5,,,NOISE,2025-02-07T03:00:47,37.5,,,NOISE,2025-02-07T03:00:47,37.5,,,NOISE
2026-03-06T10:54:11.570558,Map-Energy__sum__linear-conv00258-20250207_060047-20250207_120047-35.000000-40.000000.png,2025-02-07T06:00:47,2025-02-07T12:00:47,35.0,40.0,2025-02-07T09:00:47,37.5,,,SEISMIC,2025-02-07T09:00:47,37.5,,,NOISE,2025-02-07T09:00:47,37.5,,,NOISE,2025-02-07T09:00:47,37.5,,,NOISE
2026-03-06T10:54:16.026787,Map-Energy__sum__linear-conv00268-20250207_120047-20250207_180047-35.000000-40.000000.png,2025-02-07T12:00:47,2025-02-07T18:00:47,35.0,40.0,2025-02-07T15:00:47,37.5,,,SEISMIC,2025-02-07T15:00:47,37.5,,,NOISE,2025-02-07T15:00:47,37.5,,,NOISE,2025-02-07T15:00:47,37.5,,,NOISE
2026-03-06T10:54:20.858941,Map-Energy__sum__linear-conv00278-20250207_180047-20250208_000047-35.000000-40.000000.png,2025-02-07T18:00:47,2025-02-08T00:00:47,35.0,40.0,2025-02-07T21:00:47,37.5,,,SEISMIC,2025-02-07T21:00:47,37.5,,,NOISE,2025-02-07T21:00:47,37.5,,,NOISE,2025-02-07T21:00:47,37.5,,,NOISE
2026-03-06T10:54:24.978516,Map-Energy__sum__linear-conv00288-20250208_000047-20250208_060047-35.000000-40.000000.png,2025-02-08T00:00:47,2025-02-08T06:00:47,35.0,40.0,2025-02-08T03:00:47,37.5,,,SEISMIC,2025-02-08T03:00:47,37.5,,,NOISE,2025-02-08T03:00:47,37.5,,,NOISE,2025-02-08T03:00:47,37.5,,,NOISE
2026-03-06T10:54:29.314729,Map-Energy__sum__linear-conv00298-20250208_060047-20250208_120047-35.000000-40.000000.png,2025-02-08T06:00:47,2025-02-08T12:00:47,35.0,40.0,2025-02-08T09:00:47,37.5,,,SEISMIC,2025-02-08T09:00:47,37.5,,,NOISE,2025-02-08T09:00:47,37.5,,,NOISE,2025-02-08T09:00:47,37.5,,,NOISE
2026-03-06T10:54:30.986708,Map-Energy__sum__linear-conv00308-20250208_120047-20250208_180047-35.000000-40.000000.png,2025-02-08T12:00:47,2025-02-08T18:00:47,35.0,40.0,2025-02-08T15:00:47,37.5,,,NOISE,2025-02-08T15:00:47,37.5,,,NOISE,2025-02-08T15:00:47,37.5,,,NOISE,2025-02-08T15:00:47,37.5,,,NOISE
2026-03-06T10:54:32.498522,Map-Energy__sum__linear-conv00318-20250208_180047-20250209_000047-35.000000-40.000000.png,2025-02-08T18:00:47,2025-02-09T00:00:47,35.0,40.0,2025-02-08T21:00:47,37.5,,,NOISE,2025-02-08T21:00:47,37.5,,,NOISE,2025-02-08T21:00:47,37.5,,,NOISE,2025-02-08T21:00:47,37.5,,,NOISE
2026-03-06T10:54:33.666743,Map-Energy__sum__linear-conv00328-20250209_000047-20250209_060047-35.000000-40.000000.png,2025-02-09T00:00:47,2025-02-09T06:00:47,35.0,40.0,2025-02-09T03:00:47,37.5,,,NOISE,2025-02-09T03:00:47,37.5,,,NOISE,2025-02-09T03:00:47,37.5,,,NOISE,2025-02-09T03:00:47,37.5,,,NOISE
2026-03-06T10:54:34.954675,Map-Energy__sum__linear-conv00338-20250209_060047-20250209_120047-35.000000-40.000000.png,2025-02-09T06:00:47,2025-02-09T12:00:47,35.0,40.0,2025-02-09T09:00:47,37.5,,,NOISE,2025-02-09T09:00:47,37.5,,,NOISE,2025-02-09T09:00:47,37.5,,,NOISE,2025-02-09T09:00:47,37.5,,,NOISE
2026-03-06T10:54:36.002925,Map-Energy__sum__linear-conv00348-20250209_120047-20250209_180047-35.000000-40.000000.png,2025-02-09T12:00:47,2025-02-09T18:00:47,35.0,40.0,2025-02-09T15:00:47,37.5,,,NOISE,2025-02-09T15:00:47,37.5,,,NOISE,2025-02-09T15:00:47,37.5,,,NOISE,2025-02-09T15:00:47,37.5,,,NOISE
2026-03-06T10:54:37.610668,Map-Energy__sum__linear-conv00358-20250209_180047-20250210_000047-35.000000-40.000000.png,2025-02-09T18:00:47,2025-02-10T00:00:47,35.0,40.0,2025-02-09T21:00:47,37.5,,,NOISE,2025-02-09T21:00:47,37.5,,,NOISE,2025-02-09T21:00:47,37.5,,,NOISE,2025-02-09T21:00:47,37.5,,,NOISE
2026-03-06T10:54:38.690656,Map-Energy__sum__linear-conv00368-20250210_000047-20250210_060047-35.000000-40.000000.png,2025-02-10T00:00:47,2025-02-10T06:00:47,35.0,40.0,2025-02-10T03:00:47,37.5,,,NOISE,2025-02-10T03:00:47,37.5,,,NOISE,2025-02-10T03:00:47,37.5,,,NOISE,2025-02-10T03:00:47,37.5,,,NOISE
2026-03-06T10:54:39.794712,Map-Energy__sum__linear-conv00378-20250210_060047-20250210_120047-35.000000-40.000000.png,2025-02-10T06:00:47,2025-02-10T12:00:47,35.0,40.0,2025-02-10T09:00:47,37.5,,,NOISE,2025-02-10T09:00:47,37.5,,,NOISE,2025-02-10T09:00:47,37.5,,,NOISE,2025-02-10T09:00:47,37.5,,,NOISE
2026-03-06T10:54:40.778649,Map-Energy__sum__linear-conv00388-20250210_120047-20250210_180047-35.000000-40.000000.png,2025-02-10T12:00:47,2025-02-10T18:00:47,35.0,40.0,2025-02-10T15:00:47,37.5,,,NOISE,2025-02-10T15:00:47,37.5,,,NOISE,2025-02-10T15:00:47,37.5,,,NOISE,2025-02-10T15:00:47,37.5,,,NOISE
2026-03-06T10:54:41.770622,Map-Energy__sum__linear-conv00398-20250210_180047-20250211_000047-35.000000-40.000000.png,2025-02-10T18:00:47,2025-02-11T00:00:47,35.0,40.0,2025-02-10T21:00:47,37.5,,,NOISE,2025-02-10T21:00:47,37.5,,,NOISE,2025-02-10T21:00:47,37.5,,,NOISE,2025-02-10T21:00:47,37.5,,,NOISE
2026-03-06T10:54:44.498543,Map-Energy__sum__linear-conv00408-20250211_000047-20250211_060047-35.000000-40.000000.png,2025-02-11T00:00:47,2025-02-11T06:00:47,35.0,40.0,2025-02-11T03:00:47,37.5,,,NOISE,2025-02-11T03:00:47,37.5,,,NOISE,2025-02-11T03:00:47,37.5,,,NOISE,2025-02-11T03:00:47,37.5,,,NOISE
2026-03-06T10:54:46.442650,Map-Energy__sum__linear-conv00418-20250211_060047-20250211_120047-35.000000-40.000000.png,2025-02-11T06:00:47,2025-02-11T12:00:47,35.0,40.0,2025-02-11T09:00:47,37.5,,,NOISE,2025-02-11T09:00:47,37.5,,,NOISE,2025-02-11T09:00:47,37.5,,,NOISE,2025-02-11T09:00:47,37.5,,,NOISE
2026-03-06T10:54:53.578615,Map-Energy__sum__linear-conv00428-20250211_120047-20250211_180047-35.000000-40.000000.png,2025-02-11T12:00:47,2025-02-11T18:00:47,35.0,40.0,2025-02-11T15:00:47,37.5,,,NOISE,2025-02-11T15:00:47,37.5,,,NOISE,2025-02-11T15:00:47,37.5,,,NOISE,2025-02-11T15:00:47,37.5,,,NOISE
2026-03-06T10:54:55.858831,Map-Energy__sum__linear-conv00438-20250211_180047-20250212_000047-35.000000-40.000000.png,2025-02-11T18:00:47,2025-02-12T00:00:47,35.0,40.0,2025-02-11T21:00:47,37.5,,,NOISE,2025-02-11T21:00:47,37.5,,,NOISE,2025-02-11T21:00:47,37.5,,,NOISE,2025-02-11T21:00:47,37.5,,,NOISE
2026-03-06T10:54:58.386620,Map-Energy__sum__linear-conv00448-20250212_000047-20250212_060047-35.000000-40.000000.png,2025-02-12T00:00:47,2025-02-12T06:00:47,35.0,40.0,2025-02-12T03:00:47,37.5,,,NOISE,2025-02-12T03:00:47,37.5,,,NOISE,2025-02-12T03:00:47,37.5,,,NOISE,2025-02-12T03:00:47,37.5,,,NOISE
2026-03-06T10:54:59.666685,Map-Energy__sum__linear-conv00458-20250212_060047-20250212_120047-35.000000-40.000000.png,2025-02-12T06:00:47,2025-02-12T12:00:47,35.0,40.0,2025-02-12T09:00:47,37.5,,,NOISE,2025-02-12T09:00:47,37.5,,,NOISE,2025-02-12T09:00:47,37.5,,,NOISE,2025-02-12T09:00:47,37.5,,,NOISE
2026-03-06T10:55:01.306565,Map-Energy__sum__linear-conv00468-20250212_120047-20250212_180047-35.000000-40.000000.png,2025-02-12T12:00:47,2025-02-12T18:00:47,35.0,40.0,2025-02-12T15:00:47,37.5,,,NOISE,2025-02-12T15:00:47,37.5,,,NOISE,2025-02-12T15:00:47,37.5,,,NOISE,2025-02-12T15:00:47,37.5,,,NOISE
2026-03-06T10:55:04.906671,Map-Energy__sum__linear-conv00478-20250212_180047-20250213_000047-35.000000-40.000000.png,2025-02-12T18:00:47,2025-02-13T00:00:47,35.0,40.0,2025-02-12T21:00:47,37.5,,,NOISE,2025-02-12T21:00:47,37.5,,,NOISE,2025-02-12T21:00:47,37.5,,,NOISE,2025-02-12T21:00:47,37.5,,,NOISE
2026-03-06T10:55:07.826686,Map-Energy__sum__linear-conv00488-20250213_000047-20250213_060047-35.000000-40.000000.png,2025-02-13T00:00:47,2025-02-13T06:00:47,35.0,40.0,2025-02-13T03:00:47,37.5,,,NOISE,2025-02-13T03:00:47,37.5,,,NOISE,2025-02-13T03:00:47,37.5,,,NOISE,2025-02-13T03:00:47,37.5,,,NOISE
2026-03-06T10:55:12.298580,Map-Energy__sum__linear-conv00498-20250213_060047-20250213_120047-35.000000-40.000000.png,2025-02-13T06:00:47,2025-02-13T12:00:47,35.0,40.0,2025-02-13T09:00:47,37.5,,,NOISE,2025-02-13T09:00:47,37.5,,,NOISE,2025-02-13T09:00:47,37.5,,,NOISE,2025-02-13T09:00:47,37.5,,,NOISE
2026-03-06T10:55:12.815658,Map-Energy__sum__linear-conv00508-20250213_120047-20250213_180047-35.000000-40.000000.png,2025-02-13T12:00:47,2025-02-13T18:00:47,35.0,40.0,2025-02-13T15:00:47,37.5,,,NOISE,2025-02-13T15:00:47,37.5,,,NOISE,2025-02-13T15:00:47,37.5,,,NOISE,2025-02-13T15:00:47,37.5,,,NOISE
2026-03-06T10:55:14.162539,Map-Energy__sum__linear-conv00518-20250213_180047-20250214_000047-35.000000-40.000000.png,2025-02-13T18:00:47,2025-02-14T00:00:47,35.0,40.0,2025-02-13T21:00:47,37.5,,,NOISE,2025-02-13T21:00:47,37.5,,,NOISE,2025-02-13T21:00:47,37.5,,,NOISE,2025-02-13T21:00:47,37.5,,,NOISE
2026-03-06T10:55:15.314646,Map-Energy__sum__linear-conv00528-20250214_000047-20250214_060047-35.000000-40.000000.png,2025-02-14T00:00:47,2025-02-14T06:00:47,35.0,40.0,2025-02-14T03:00:47,37.5,,,NOISE,2025-02-14T03:00:47,37.5,,,NOISE,2025-02-14T03:00:47,37.5,,,NOISE,2025-02-14T03:00:47,37.5,,,NOISE
2026-03-06T10:55:17.634594,Map-Energy__sum__linear-conv00538-20250214_060047-20250214_120047-35.000000-40.000000.png,2025-02-14T06:00:47,2025-02-14T12:00:47,35.0,40.0,2025-02-14T09:00:47,37.5,,,NOISE,2025-02-14T09:00:47,37.5,,,NOISE,2025-02-14T09:00:47,37.5,,,NOISE,2025-02-14T09:00:47,37.5,,,NOISE
2026-03-06T10:55:18.811032,Map-Energy__sum__linear-conv00548-20250214_120047-20250214_180047-35.000000-40.000000.png,2025-02-14T12:00:47,2025-02-14T18:00:47,35.0,40.0,2025-02-14T15:00:47,37.5,,,NOISE,2025-02-14T15:00:47,37.5,,,NOISE,2025-02-14T15:00:47,37.5,,,NOISE,2025-02-14T15:00:47,37.5,,,NOISE
2026-03-06T10:55:19.946494,Map-Energy__sum__linear-conv00558-20250214_180047-20250215_000047-35.000000-40.000000.png,2025-02-14T18:00:47,2025-02-15T00:00:47,35.0,40.0,2025-02-14T21:00:47,37.5,,,NOISE,2025-02-14T21:00:47,37.5,,,NOISE,2025-02-14T21:00:47,37.5,,,NOISE,2025-02-14T21:00:47,37.5,,,NOISE
2026-03-06T10:55:21.658557,Map-Energy__sum__linear-conv00568-20250215_000047-20250215_060047-35.000000-40.000000.png,2025-02-15T00:00:47,2025-02-15T06:00:47,35.0,40.0,2025-02-15T03:00:47,37.5,,,NOISE,2025-02-15T03:00:47,37.5,,,NOISE,2025-02-15T03:00:47,37.5,,,NOISE,2025-02-15T03:00:47,37.5,,,NOISE
2026-03-06T10:55:22.818722,Map-Energy__sum__linear-conv00578-20250215_060047-20250215_120047-35.000000-40.000000.png,2025-02-15T06:00:47,2025-02-15T12:00:47,35.0,40.0,2025-02-15T09:00:47,37.5,,,NOISE,2025-02-15T09:00:47,37.5,,,NOISE,2025-02-15T09:00:47,37.5,,,NOISE,2025-02-15T09:00:47,37.5,,,NOISE
2026-03-06T10:55:24.130556,Map-Energy__sum__linear-conv00588-20250215_120047-20250215_180047-35.000000-40.000000.png,2025-02-15T12:00:47,2025-02-15T18:00:47,35.0,40.0,2025-02-15T15:00:47,37.5,,,NOISE,2025-02-15T15:00:47,37.5,,,NOISE,2025-02-15T15:00:47,37.5,,,NOISE,2025-02-15T15:00:47,37.5,,,NOISE
2026-03-06T10:55:26.362601,Map-Energy__sum__linear-conv00598-20250215_180047-20250216_000047-35.000000-40.000000.png,2025-02-15T18:00:47,2025-02-16T00:00:47,35.0,40.0,2025-02-15T21:00:47,37.5,,,NOISE,2025-02-15T21:00:47,37.5,,,NOISE,2025-02-15T21:00:47,37.5,,,NOISE,2025-02-15T21:00:47,37.5,,,NOISE
2026-03-06T10:55:28.282625,Map-Energy__sum__linear-conv00608-20250216_000047-20250216_060047-35.000000-40.000000.png,2025-02-16T00:00:47,2025-02-16T06:00:47,35.0,40.0,2025-02-16T03:00:47,37.5,,,NOISE,2025-02-16T03:00:47,37.5,,,NOISE,2025-02-16T03:00:47,37.5,,,NOISE,2025-02-16T03:00:47,37.5,,,NOISE
2026-03-06T10:55:29.786651,Map-Energy__sum__linear-conv00618-20250216_060047-20250216_120047-35.000000-40.000000.png,2025-02-16T06:00:47,2025-02-16T12:00:47,35.0,40.0,2025-02-16T09:00:47,37.5,,,NOISE,2025-02-16T09:00:47,37.5,,,NOISE,2025-02-16T09:00:47,37.5,,,NOISE,2025-02-16T09:00:47,37.5,,,NOISE
2026-03-06T10:55:31.458533,Map-Energy__sum__linear-conv00628-20250216_120047-20250216_180047-35.000000-40.000000.png,2025-02-16T12:00:47,2025-02-16T18:00:47,35.0,40.0,2025-02-16T15:00:47,37.5,,,NOISE,2025-02-16T15:00:47,37.5,,,NOISE,2025-02-16T15:00:47,37.5,,,NOISE,2025-02-16T15:00:47,37.5,,,NOISE
2026-03-06T10:55:32.714553,Map-Energy__sum__linear-conv00638-20250216_180047-20250217_000047-35.000000-40.000000.png,2025-02-16T18:00:47,2025-02-17T00:00:47,35.0,40.0,2025-02-16T21:00:47,37.5,,,NOISE,2025-02-16T21:00:47,37.5,,,NOISE,2025-02-16T21:00:47,37.5,,,NOISE,2025-02-16T21:00:47,37.5,,,NOISE
2026-03-06T10:55:33.866534,Map-Energy__sum__linear-conv00648-20250217_000047-20250217_060047-35.000000-40.000000.png,2025-02-17T00:00:47,2025-02-17T06:00:47,35.0,40.0,2025-02-17T03:00:47,37.5,,,NOISE,2025-02-17T03:00:47,37.5,,,NOISE,2025-02-17T03:00:47,37.5,,,NOISE,2025-02-17T03:00:47,37.5,,,NOISE
2026-03-06T10:55:35.234554,Map-Energy__sum__linear-conv00658-20250217_060047-20250217_120047-35.000000-40.000000.png,2025-02-17T06:00:47,2025-02-17T12:00:47,35.0,40.0,2025-02-17T09:00:47,37.5,,,NOISE,2025-02-17T09:00:47,37.5,,,NOISE,2025-02-17T09:00:47,37.5,,,NOISE,2025-02-17T09:00:47,37.5,,,NOISE
2026-03-06T10:55:36.490616,Map-Energy__sum__linear-conv00668-20250217_120047-20250217_180047-35.000000-40.000000.png,2025-02-17T12:00:47,2025-02-17T18:00:47,35.0,40.0,2025-02-17T15:00:47,37.5,,,NOISE,2025-02-17T15:00:47,37.5,,,NOISE,2025-02-17T15:00:47,37.5,,,NOISE,2025-02-17T15:00:47,37.5,,,NOISE
2026-03-06T10:55:38.130515,Map-Energy__sum__linear-conv00678-20250217_180047-20250218_000047-35.000000-40.000000.png,2025-02-17T18:00:47,2025-02-18T00:00:47,35.0,40.0,2025-02-17T21:00:47,37.5,,,NOISE,2025-02-17T21:00:47,37.5,,,NOISE,2025-02-17T21:00:47,37.5,,,NOISE,2025-02-17T21:00:47,37.5,,,NOISE
2026-03-06T10:55:39.890760,Map-Energy__sum__linear-conv00688-20250218_000047-20250218_060047-35.000000-40.000000.png,2025-02-18T00:00:47,2025-02-18T06:00:47,35.0,40.0,2025-02-18T03:00:47,37.5,,,NOISE,2025-02-18T03:00:47,37.5,,,NOISE,2025-02-18T03:00:47,37.5,,,NOISE,2025-02-18T03:00:47,37.5,,,NOISE
2026-03-06T10:55:41.082575,Map-Energy__sum__linear-conv00698-20250218_060047-20250218_120047-35.000000-40.000000.png,2025-02-18T06:00:47,2025-02-18T12:00:47,35.0,40.0,2025-02-18T09:00:47,37.5,,,NOISE,2025-02-18T09:00:47,37.5,,,NOISE,2025-02-18T09:00:47,37.5,,,NOISE,2025-02-18T09:00:47,37.5,,,NOISE
2026-03-06T10:55:42.322608,Map-Energy__sum__linear-conv00708-20250218_120047-20250218_180047-35.000000-40.000000.png,2025-02-18T12:00:47,2025-02-18T18:00:47,35.0,40.0,2025-02-18T15:00:47,37.5,,,NOISE,2025-02-18T15:00:47,37.5,,,NOISE,2025-02-18T15:00:47,37.5,,,NOISE,2025-02-18T15:00:47,37.5,,,NOISE
2026-03-06T10:55:43.610536,Map-Energy__sum__linear-conv00718-20250218_180047-20250219_000047-35.000000-40.000000.png,2025-02-18T18:00:47,2025-02-19T00:00:47,35.0,40.0,2025-02-18T21:00:47,37.5,,,NOISE,2025-02-18T21:00:47,37.5,,,NOISE,2025-02-18T21:00:47,37.5,,,NOISE,2025-02-18T21:00:47,37.5,,,NOISE
2026-03-06T10:55:44.930738,Map-Energy__sum__linear-conv00728-20250219_000047-20250219_060047-35.000000-40.000000.png,2025-02-19T00:00:47,2025-02-19T06:00:47,35.0,40.0,2025-02-19T03:00:47,37.5,,,NOISE,2025-02-19T03:00:47,37.5,,,NOISE,2025-02-19T03:00:47,37.5,,,NOISE,2025-02-19T03:00:47,37.5,,,NOISE
2026-03-06T10:55:47.250564,Map-Energy__sum__linear-conv00738-20250219_060047-20250219_120047-35.000000-40.000000.png,2025-02-19T06:00:47,2025-02-19T12:00:47,35.0,40.0,2025-02-19T09:00:47,37.5,,,NOISE,2025-02-19T09:00:47,37.5,,,NOISE,2025-02-19T09:00:47,37.5,,,NOISE,2025-02-19T09:00:47,37.5,,,NOISE
2026-03-06T10:55:48.450786,Map-Energy__sum__linear-conv00748-20250219_120047-20250219_180047-35.000000-40.000000.png,2025-02-19T12:00:47,2025-02-19T18:00:47,35.0,40.0,2025-02-19T15:00:47,37.5,,,NOISE,2025-02-19T15:00:47,37.5,,,NOISE,2025-02-19T15:00:47,37.5,,,NOISE,2025-02-19T15:00:47,37.5,,,NOISE
2026-03-06T10:55:49.690568,Map-Energy__sum__linear-conv00758-20250219_180047-20250220_000047-35.000000-40.000000.png,2025-02-19T18:00:47,2025-02-20T00:00:47,35.0,40.0,2025-02-19T21:00:47,37.5,,,NOISE,2025-02-19T21:00:47,37.5,,,NOISE,2025-02-19T21:00:47,37.5,,,NOISE,2025-02-19T21:00:47,37.5,,,NOISE
2026-03-06T10:55:51.058666,Map-Energy__sum__linear-conv00768-20250220_000047-20250220_060047-35.000000-40.000000.png,2025-02-20T00:00:47,2025-02-20T06:00:47,35.0,40.0,2025-02-20T03:00:47,37.5,,,NOISE,2025-02-20T03:00:47,37.5,,,NOISE,2025-02-20T03:00:47,37.5,,,NOISE,2025-02-20T03:00:47,37.5,,,NOISE
2026-03-06T10:55:53.002432,Map-Energy__sum__linear-conv00778-20250220_060047-20250220_120047-35.000000-40.000000.png,2025-02-20T06:00:47,2025-02-20T12:00:47,35.0,40.0,2025-02-20T09:00:47,37.5,,,NOISE,2025-02-20T09:00:47,37.5,,,NOISE,2025-02-20T09:00:47,37.5,,,NOISE,2025-02-20T09:00:47,37.5,,,NOISE
2026-03-06T10:55:54.266386,Map-Energy__sum__linear-conv00788-20250220_120047-20250220_180047-35.000000-40.000000.png,2025-02-20T12:00:47,2025-02-20T18:00:47,35.0,40.0,2025-02-20T15:00:47,37.5,,,NOISE,2025-02-20T15:00:47,37.5,,,NOISE,2025-02-20T15:00:47,37.5,,,NOISE,2025-02-20T15:00:47,37.5,,,NOISE
2026-03-06T10:55:55.554481,Map-Energy__sum__linear-conv00798-20250220_180047-20250221_000047-35.000000-40.000000.png,2025-02-20T18:00:47,2025-02-21T00:00:47,35.0,40.0,2025-02-20T21:00:47,37.5,,,NOISE,2025-02-20T21:00:47,37.5,,,NOISE,2025-02-20T21:00:47,37.5,,,NOISE,2025-02-20T21:00:47,37.5,,,NOISE
2026-03-06T10:55:57.138645,Map-Energy__sum__linear-conv00808-20250221_000047-20250221_060047-35.000000-40.000000.png,2025-02-21T00:00:47,2025-02-21T06:00:47,35.0,40.0,2025-02-21T03:00:47,37.5,,,NOISE,2025-02-21T03:00:47,37.5,,,NOISE,2025-02-21T03:00:47,37.5,,,NOISE,2025-02-21T03:00:47,37.5,,,NOISE
2026-03-06T10:55:58.858431,Map-Energy__sum__linear-conv00818-20250221_060047-20250221_120047-35.000000-40.000000.png,2025-02-21T06:00:47,2025-02-21T12:00:47,35.0,40.0,2025-02-21T09:00:47,37.5,,,NOISE,2025-02-21T09:00:47,37.5,,,NOISE,2025-02-21T09:00:47,37.5,,,NOISE,2025-02-21T09:00:47,37.5,,,NOISE
2026-03-06T10:56:04.458597,Map-Energy__sum__linear-conv00828-20250221_120047-20250221_180047-35.000000-40.000000.png,2025-02-21T12:00:47,2025-02-21T18:00:47,35.0,40.0,2025-02-21T15:00:47,37.5,,,NOISE,2025-02-21T15:00:47,37.5,,,NOISE,2025-02-21T15:00:47,37.5,,,NOISE,2025-02-21T15:00:47,37.5,,,NOISE
2026-03-06T10:56:06.346376,Map-Energy__sum__linear-conv00838-20250221_180047-20250222_000047-35.000000-40.000000.png,2025-02-21T18:00:47,2025-02-22T00:00:47,35.0,40.0,2025-02-21T21:00:47,37.5,,,NOISE,2025-02-21T21:00:47,37.5,,,NOISE,2025-02-21T21:00:47,37.5,,,NOISE,2025-02-21T21:00:47,37.5,,,NOISE
2026-03-06T10:56:07.946407,Map-Energy__sum__linear-conv00848-20250222_000047-20250222_060047-35.000000-40.000000.png,2025-02-22T00:00:47,2025-02-22T06:00:47,35.0,40.0,2025-02-22T03:00:47,37.5,,,NOISE,2025-02-22T03:00:47,37.5,,,NOISE,2025-02-22T03:00:47,37.5,,,NOISE,2025-02-22T03:00:47,37.5,,,NOISE
2026-03-06T10:56:10.154529,Map-Energy__sum__linear-conv00858-20250222_060047-20250222_120047-35.000000-40.000000.png,2025-02-22T06:00:47,2025-02-22T12:00:47,35.0,40.0,2025-02-22T09:00:47,37.5,,,NOISE,2025-02-22T09:00:47,37.5,,,NOISE,2025-02-22T09:00:47,37.5,,,NOISE,2025-02-22T09:00:47,37.5,,,NOISE
2026-03-06T10:56:12.130613,Map-Energy__sum__linear-conv00868-20250222_120047-20250222_180047-35.000000-40.000000.png,2025-02-22T12:00:47,2025-02-22T18:00:47,35.0,40.0,2025-02-22T15:00:47,37.5,,,NOISE,2025-02-22T15:00:47,37.5,,,NOISE,2025-02-22T15:00:47,37.5,,,NOISE,2025-02-22T15:00:47,37.5,,,NOISE
2026-03-06T10:56:13.938538,Map-Energy__sum__linear-conv00878-20250222_180047-20250223_000047-35.000000-40.000000.png,2025-02-22T18:00:47,2025-02-23T00:00:47,35.0,40.0,2025-02-22T21:00:47,37.5,,,NOISE,2025-02-22T21:00:47,37.5,,,NOISE,2025-02-22T21:00:47,37.5,,,NOISE,2025-02-22T21:00:47,37.5,,,NOISE
2026-03-06T10:56:17.010517,Map-Energy__sum__linear-conv00888-20250223_000047-20250223_060047-35.000000-40.000000.png,2025-02-23T00:00:47,2025-02-23T06:00:47,35.0,40.0,2025-02-23T03:00:47,37.5,,,NOISE,2025-02-23T03:00:47,37.5,,,NOISE,2025-02-23T03:00:47,37.5,,,NOISE,2025-02-23T03:00:47,37.5,,,NOISE
2026-03-06T10:56:18.714436,Map-Energy__sum__linear-conv00898-20250223_060047-20250223_120047-35.000000-40.000000.png,2025-02-23T06:00:47,2025-02-23T12:00:47,35.0,40.0,2025-02-23T09:00:47,37.5,,,NOISE,2025-02-23T09:00:47,37.5,,,NOISE,2025-02-23T09:00:47,37.5,,,NOISE,2025-02-23T09:00:47,37.5,,,NOISE
2026-03-06T10:56:19.962769,Map-Energy__sum__linear-conv00908-20250223_120047-20250223_180047-35.000000-40.000000.png,2025-02-23T12:00:47,2025-02-23T18:00:47,35.0,40.0,2025-02-23T15:00:47,37.5,,,NOISE,2025-02-23T15:00:47,37.5,,,NOISE,2025-02-23T15:00:47,37.5,,,NOISE,2025-02-23T15:00:47,37.5,,,NOISE
2026-03-06T10:56:21.402757,Map-Energy__sum__linear-conv00918-20250223_180047-20250224_000047-35.000000-40.000000.png,2025-02-23T18:00:47,2025-02-24T00:00:47,35.0,40.0,2025-02-23T21:00:47,37.5,,,NOISE,2025-02-23T21:00:47,37.5,,,NOISE,2025-02-23T21:00:47,37.5,,,NOISE,2025-02-23T21:00:47,37.5,,,NOISE
2026-03-06T10:56:22.658556,Map-Energy__sum__linear-conv00928-20250224_000047-20250224_060047-35.000000-40.000000.png,2025-02-24T00:00:47,2025-02-24T06:00:47,35.0,40.0,2025-02-24T03:00:47,37.5,,,NOISE,2025-02-24T03:00:47,37.5,,,NOISE,2025-02-24T03:00:47,37.5,,,NOISE,2025-02-24T03:00:47,37.5,,,NOISE
2026-03-06T10:56:23.762531,Map-Energy__sum__linear-conv00938-20250224_060047-20250224_120047-35.000000-40.000000.png,2025-02-24T06:00:47,2025-02-24T12:00:47,35.0,40.0,2025-02-24T09:00:47,37.5,,,NOISE,2025-02-24T09:00:47,37.5,,,NOISE,2025-02-24T09:00:47,37.5,,,NOISE,2025-02-24T09:00:47,37.5,,,NOISE
2026-03-06T10:56:24.890871,Map-Energy__sum__linear-conv00948-20250224_120047-20250224_180047-35.000000-40.000000.png,2025-02-24T12:00:47,2025-02-24T18:00:47,35.0,40.0,2025-02-24T15:00:47,37.5,,,NOISE,2025-02-24T15:00:47,37.5,,,NOISE,2025-02-24T15:00:47,37.5,,,NOISE,2025-02-24T15:00:47,37.5,,,NOISE
2026-03-06T10:56:26.226508,Map-Energy__sum__linear-conv00958-20250224_180047-20250225_000047-35.000000-40.000000.png,2025-02-24T18:00:47,2025-02-25T00:00:47,35.0,40.0,2025-02-24T21:00:47,37.5,,,NOISE,2025-02-24T21:00:47,37.5,,,NOISE,2025-02-24T21:00:47,37.5,,,NOISE,2025-02-24T21:00:47,37.5,,,NOISE
2026-03-06T10:56:27.810601,Map-Energy__sum__linear-conv00968-20250225_000047-20250225_060047-35.000000-40.000000.png,2025-02-25T00:00:47,2025-02-25T06:00:47,35.0,40.0,2025-02-25T03:00:47,37.5,,,NOISE,2025-02-25T03:00:47,37.5,,,NOISE,2025-02-25T03:00:47,37.5,,,NOISE,2025-02-25T03:00:47,37.5,,,NOISE
2026-03-06T10:56:29.010519,Map-Energy__sum__linear-conv00978-20250225_060047-20250225_120047-35.000000-40.000000.png,2025-02-25T06:00:47,2025-02-25T12:00:47,35.0,40.0,2025-02-25T09:00:47,37.5,,,NOISE,2025-02-25T09:00:47,37.5,,,NOISE,2025-02-25T09:00:47,37.5,,,NOISE,2025-02-25T09:00:47,37.5,,,NOISE
2026-03-06T10:56:30.130561,Map-Energy__sum__linear-conv00988-20250225_120047-20250225_180047-35.000000-40.000000.png,2025-02-25T12:00:47,2025-02-25T18:00:47,35.0,40.0,2025-02-25T15:00:47,37.5,,,NOISE,2025-02-25T15:00:47,37.5,,,NOISE,2025-02-25T15:00:47,37.5,,,NOISE,2025-02-25T15:00:47,37.5,,,NOISE
2026-03-06T10:56:31.514500,Map-Energy__sum__linear-conv00998-20250225_180047-20250226_000047-35.000000-40.000000.png,2025-02-25T18:00:47,2025-02-26T00:00:47,35.0,40.0,2025-02-25T21:00:47,37.5,,,NOISE,2025-02-25T21:00:47,37.5,,,NOISE,2025-02-25T21:00:47,37.5,,,NOISE,2025-02-25T21:00:47,37.5,,,NOISE
2026-03-06T10:56:32.650579,Map-Energy__sum__linear-conv01008-20250226_000047-20250226_060047-35.000000-40.000000.png,2025-02-26T00:00:47,2025-02-26T06:00:47,35.0,40.0,2025-02-26T03:00:47,37.5,,,NOISE,2025-02-26T03:00:47,37.5,,,NOISE,2025-02-26T03:00:47,37.5,,,NOISE,2025-02-26T03:00:47,37.5,,,NOISE
2026-03-06T10:56:33.762439,Map-Energy__sum__linear-conv01018-20250226_060047-20250226_120047-35.000000-40.000000.png,2025-02-26T06:00:47,2025-02-26T12:00:47,35.0,40.0,2025-02-26T09:00:47,37.5,,,NOISE,2025-02-26T09:00:47,37.5,,,NOISE,2025-02-26T09:00:47,37.5,,,NOISE,2025-02-26T09:00:47,37.5,,,NOISE
2026-03-06T10:56:34.754502,Map-Energy__sum__linear-conv01028-20250226_120047-20250226_180047-35.000000-40.000000.png,2025-02-26T12:00:47,2025-02-26T18:00:47,35.0,40.0,2025-02-26T15:00:47,37.5,,,NOISE,2025-02-26T15:00:47,37.5,,,NOISE,2025-02-26T15:00:47,37.5,,,NOISE,2025-02-26T15:00:47,37.5,,,NOISE
2026-03-06T10:56:35.842274,Map-Energy__sum__linear-conv01038-20250226_180047-20250227_000047-35.000000-40.000000.png,2025-02-26T18:00:47,2025-02-27T00:00:47,35.0,40.0,2025-02-26T21:00:47,37.5,,,NOISE,2025-02-26T21:00:47,37.5,,,NOISE,2025-02-26T21:00:47,37.5,,,NOISE,2025-02-26T21:00:47,37.5,,,NOISE
2026-03-06T10:56:36.850624,Map-Energy__sum__linear-conv01048-20250227_000047-20250227_060047-35.000000-40.000000.png,2025-02-27T00:00:47,2025-02-27T06:00:47,35.0,40.0,2025-02-27T03:00:47,37.5,,,NOISE,2025-02-27T03:00:47,37.5,,,NOISE,2025-02-27T03:00:47,37.5,,,NOISE,2025-02-27T03:00:47,37.5,,,NOISE
2026-03-06T10:56:38.098337,Map-Energy__sum__linear-conv01058-20250227_060047-20250227_120047-35.000000-40.000000.png,2025-02-27T06:00:47,2025-02-27T12:00:47,35.0,40.0,2025-02-27T09:00:47,37.5,,,NOISE,2025-02-27T09:00:47,37.5,,,NOISE,2025-02-27T09:00:47,37.5,,,NOISE,2025-02-27T09:00:47,37.5,,,NOISE
2026-03-06T10:56:39.362609,Map-Energy__sum__linear-conv01068-20250227_120047-20250227_180047-35.000000-40.000000.png,2025-02-27T12:00:47,2025-02-27T18:00:47,35.0,40.0,2025-02-27T15:00:47,37.5,,,NOISE,2025-02-27T15:00:47,37.5,,,NOISE,2025-02-27T15:00:47,37.5,,,NOISE,2025-02-27T15:00:47,37.5,,,NOISE
2026-03-06T10:56:40.426412,Map-Energy__sum__linear-conv01078-20250227_180047-20250228_000047-35.000000-40.000000.png,2025-02-27T18:00:47,2025-02-28T00:00:47,35.0,40.0,2025-02-27T21:00:47,37.5,,,NOISE,2025-02-27T21:00:47,37.5,,,NOISE,2025-02-27T21:00:47,37.5,,,NOISE,2025-02-27T21:00:47,37.5,,,NOISE
2026-03-06T10:56:42.106463,Map-Energy__sum__linear-conv01088-20250228_000047-20250228_060047-35.000000-40.000000.png,2025-02-28T00:00:47,2025-02-28T06:00:47,35.0,40.0,2025-02-28T03:00:47,37.5,,,NOISE,2025-02-28T03:00:47,37.5,,,NOISE,2025-02-28T03:00:47,37.5,,,NOISE,2025-02-28T03:00:47,37.5,,,NOISE
2026-03-06T10:56:43.506589,Map-Energy__sum__linear-conv01098-20250228_060047-20250228_120047-35.000000-40.000000.png,2025-02-28T06:00:47,2025-02-28T12:00:47,35.0,40.0,2025-02-28T09:00:47,37.5,,,NOISE,2025-02-28T09:00:47,37.5,,,NOISE,2025-02-28T09:00:47,37.5,,,NOISE,2025-02-28T09:00:47,37.5,,,NOISE
2026-03-06T10:56:44.722520,Map-Energy__sum__linear-conv01108-20250228_120047-20250228_180047-35.000000-40.000000.png,2025-02-28T12:00:47,2025-02-28T18:00:47,35.0,40.0,2025-02-28T15:00:47,37.5,,,NOISE,2025-02-28T15:00:47,37.5,,,NOISE,2025-02-28T15:00:47,37.5,,,NOISE,2025-02-28T15:00:47,37.5,,,NOISE
2026-03-06T10:56:45.890381,Map-Energy__sum__linear-conv01118-20250228_180047-20250301_000047-35.000000-40.000000.png,2025-02-28T18:00:47,2025-03-01T00:00:47,35.0,40.0,2025-02-28T21:00:47,37.5,,,NOISE,2025-02-28T21:00:47,37.5,,,NOISE,2025-02-28T21:00:47,37.5,,,NOISE,2025-02-28T21:00:47,37.5,,,NOISE
2026-03-06T10:56:47.674570,Map-Energy__sum__linear-conv00009-20250201_000047-20250201_060047-40.000000-45.000000.png,2025-02-01T00:00:47,2025-02-01T06:00:47,40.0,45.0,2025-02-01T03:00:47,42.5,,,NOISE,2025-02-01T03:00:47,42.5,,,NOISE,2025-02-01T03:00:47,42.5,,,NOISE,2025-02-01T03:00:47,42.5,,,NOISE
2026-03-06T10:56:49.194440,Map-Energy__sum__linear-conv00019-20250201_060047-20250201_120047-40.000000-45.000000.png,2025-02-01T06:00:47,2025-02-01T12:00:47,40.0,45.0,2025-02-01T09:00:47,42.5,,,NOISE,2025-02-01T09:00:47,42.5,,,NOISE,2025-02-01T09:00:47,42.5,,,NOISE,2025-02-01T09:00:47,42.5,,,NOISE
2026-03-06T10:56:51.626352,Map-Energy__sum__linear-conv00029-20250201_120047-20250201_180047-40.000000-45.000000.png,2025-02-01T12:00:47,2025-02-01T18:00:47,40.0,45.0,2025-02-01T15:00:47,42.5,,,NOISE,2025-02-01T15:00:47,42.5,,,NOISE,2025-02-01T15:00:47,42.5,,,NOISE,2025-02-01T15:00:47,42.5,,,NOISE
2026-03-06T10:56:53.058921,Map-Energy__sum__linear-conv00039-20250201_180047-20250202_000047-40.000000-45.000000.png,2025-02-01T18:00:47,2025-02-02T00:00:47,40.0,45.0,2025-02-01T21:00:47,42.5,,,NOISE,2025-02-01T21:00:47,42.5,,,NOISE,2025-02-01T21:00:47,42.5,,,NOISE,2025-02-01T21:00:47,42.5,,,NOISE
2026-03-06T10:56:54.778727,Map-Energy__sum__linear-conv00049-20250202_000047-20250202_060047-40.000000-45.000000.png,2025-02-02T00:00:47,2025-02-02T06:00:47,40.0,45.0,2025-02-02T03:00:47,42.5,,,NOISE,2025-02-02T03:00:47,42.5,,,NOISE,2025-02-02T03:00:47,42.5,,,NOISE,2025-02-02T03:00:47,42.5,,,NOISE
2026-03-06T10:57:04.154469,Map-Energy__sum__linear-conv00059-20250202_060047-20250202_120047-40.000000-45.000000.png,2025-02-02T06:00:47,2025-02-02T12:00:47,40.0,45.0,2025-02-02T09:10:57,42.865753,,,OTHER,2025-02-02T09:00:47,42.5,,,NOISE,2025-02-02T09:00:47,42.5,,,NOISE,2025-02-02T09:00:47,42.5,,,NOISE
2026-03-06T10:57:05.650421,Map-Energy__sum__linear-conv00069-20250202_120047-20250202_180047-40.000000-45.000000.png,2025-02-02T12:00:47,2025-02-02T18:00:47,40.0,45.0,2025-02-02T15:00:47,42.5,,,NOISE,2025-02-02T15:00:47,42.5,,,NOISE,2025-02-02T15:00:47,42.5,,,NOISE,2025-02-02T15:00:47,42.5,,,NOISE
2026-03-06T10:57:19.314490,Map-Energy__sum__linear-conv00079-20250202_180047-20250203_000047-40.000000-45.000000.png,2025-02-02T18:00:47,2025-02-03T00:00:47,40.0,45.0,2025-02-02T19:07:00,40.959168,,,OTHER,2025-02-02T21:00:47,42.5,,,NOISE,2025-02-02T21:00:47,42.5,,,NOISE,2025-02-02T21:00:47,42.5,,,NOISE
2026-03-06T10:57:21.106402,Map-Energy__sum__linear-conv00089-20250203_000047-20250203_060047-40.000000-45.000000.png,2025-02-03T00:00:47,2025-02-03T06:00:47,40.0,45.0,2025-02-03T03:00:47,42.5,,,NOISE,2025-02-03T03:00:47,42.5,,,NOISE,2025-02-03T03:00:47,42.5,,,NOISE,2025-02-03T03:00:47,42.5,,,NOISE
2026-03-06T10:57:22.698373,Map-Energy__sum__linear-conv00099-20250203_060047-20250203_120047-40.000000-45.000000.png,2025-02-03T06:00:47,2025-02-03T12:00:47,40.0,45.0,2025-02-03T09:00:47,42.5,,,NOISE,2025-02-03T09:00:47,42.5,,,NOISE,2025-02-03T09:00:47,42.5,,,NOISE,2025-02-03T09:00:47,42.5,,,NOISE
2026-03-06T10:57:23.842451,Map-Energy__sum__linear-conv00109-20250203_120047-20250203_180047-40.000000-45.000000.png,2025-02-03T12:00:47,2025-02-03T18:00:47,40.0,45.0,2025-02-03T15:00:47,42.5,,,NOISE,2025-02-03T15:00:47,42.5,,,NOISE,2025-02-03T15:00:47,42.5,,,NOISE,2025-02-03T15:00:47,42.5,,,NOISE
2026-03-06T10:57:24.882475,Map-Energy__sum__linear-conv00119-20250203_180047-20250204_000047-40.000000-45.000000.png,2025-02-03T18:00:47,2025-02-04T00:00:47,40.0,45.0,2025-02-03T21:00:47,42.5,,,NOISE,2025-02-03T21:00:47,42.5,,,NOISE,2025-02-03T21:00:47,42.5,,,NOISE,2025-02-03T21:00:47,42.5,,,NOISE
2026-03-06T10:57:25.898432,Map-Energy__sum__linear-conv00129-20250204_000047-20250204_060047-40.000000-45.000000.png,2025-02-04T00:00:47,2025-02-04T06:00:47,40.0,45.0,2025-02-04T03:00:47,42.5,,,NOISE,2025-02-04T03:00:47,42.5,,,NOISE,2025-02-04T03:00:47,42.5,,,NOISE,2025-02-04T03:00:47,42.5,,,NOISE
2026-03-06T10:57:31.290743,Map-Energy__sum__linear-conv00139-20250204_060047-20250204_120047-40.000000-45.000000.png,2025-02-04T06:00:47,2025-02-04T12:00:47,40.0,45.0,2025-02-04T09:00:47,42.5,,,SEISMIC,2025-02-04T09:00:47,42.5,,,NOISE,2025-02-04T09:00:47,42.5,,,NOISE,2025-02-04T09:00:47,42.5,,,NOISE
2026-03-06T10:57:35.106466,Map-Energy__sum__linear-conv00149-20250204_120047-20250204_180047-40.000000-45.000000.png,2025-02-04T12:00:47,2025-02-04T18:00:47,40.0,45.0,2025-02-04T15:00:47,42.5,,,NOISE,2025-02-04T15:00:47,42.5,,,NOISE,2025-02-04T15:00:47,42.5,,,NOISE,2025-02-04T15:00:47,42.5,,,NOISE
2026-03-06T10:57:36.250551,Map-Energy__sum__linear-conv00159-20250204_180047-20250205_000047-40.000000-45.000000.png,2025-02-04T18:00:47,2025-02-05T00:00:47,40.0,45.0,2025-02-04T21:00:47,42.5,,,NOISE,2025-02-04T21:00:47,42.5,,,NOISE,2025-02-04T21:00:47,42.5,,,NOISE,2025-02-04T21:00:47,42.5,,,NOISE
2026-03-06T10:57:37.330471,Map-Energy__sum__linear-conv00169-20250205_000047-20250205_060047-40.000000-45.000000.png,2025-02-05T00:00:47,2025-02-05T06:00:47,40.0,45.0,2025-02-05T03:00:47,42.5,,,NOISE,2025-02-05T03:00:47,42.5,,,NOISE,2025-02-05T03:00:47,42.5,,,NOISE,2025-02-05T03:00:47,42.5,,,NOISE
2026-03-06T10:57:38.322504,Map-Energy__sum__linear-conv00179-20250205_060047-20250205_120047-40.000000-45.000000.png,2025-02-05T06:00:47,2025-02-05T12:00:47,40.0,45.0,2025-02-05T09:00:47,42.5,,,NOISE,2025-02-05T09:00:47,42.5,,,NOISE,2025-02-05T09:00:47,42.5,,,NOISE,2025-02-05T09:00:47,42.5,,,NOISE
2026-03-06T10:57:39.346364,Map-Energy__sum__linear-conv00189-20250205_120047-20250205_180047-40.000000-45.000000.png,2025-02-05T12:00:47,2025-02-05T18:00:47,40.0,45.0,2025-02-05T15:00:47,42.5,,,NOISE,2025-02-05T15:00:47,42.5,,,NOISE,2025-02-05T15:00:47,42.5,,,NOISE,2025-02-05T15:00:47,42.5,,,NOISE
2026-03-06T10:57:40.370409,Map-Energy__sum__linear-conv00199-20250205_180047-20250206_000047-40.000000-45.000000.png,2025-02-05T18:00:47,2025-02-06T00:00:47,40.0,45.0,2025-02-05T21:00:47,42.5,,,NOISE,2025-02-05T21:00:47,42.5,,,NOISE,2025-02-05T21:00:47,42.5,,,NOISE,2025-02-05T21:00:47,42.5,,,NOISE
2026-03-06T10:57:41.722209,Map-Energy__sum__linear-conv00209-20250206_000047-20250206_060047-40.000000-45.000000.png,2025-02-06T00:00:47,2025-02-06T06:00:47,40.0,45.0,2025-02-06T03:00:47,42.5,,,NOISE,2025-02-06T03:00:47,42.5,,,NOISE,2025-02-06T03:00:47,42.5,,,NOISE,2025-02-06T03:00:47,42.5,,,NOISE
2026-03-06T10:57:42.770622,Map-Energy__sum__linear-conv00219-20250206_060047-20250206_120047-40.000000-45.000000.png,2025-02-06T06:00:47,2025-02-06T12:00:47,40.0,45.0,2025-02-06T09:00:47,42.5,,,NOISE,2025-02-06T09:00:47,42.5,,,NOISE,2025-02-06T09:00:47,42.5,,,NOISE,2025-02-06T09:00:47,42.5,,,NOISE
2026-03-06T10:57:53.474406,Map-Energy__sum__linear-conv00229-20250206_120047-20250206_180047-40.000000-45.000000.png,2025-02-06T12:00:47,2025-02-06T18:00:47,40.0,45.0,2025-02-06T14:25:30,43.815155,,,OTHER,2025-02-06T15:00:47,42.5,,,NOISE,2025-02-06T15:00:47,42.5,,,NOISE,2025-02-06T15:00:47,42.5,,,NOISE
2026-03-06T10:57:54.690433,Map-Energy__sum__linear-conv00239-20250206_180047-20250207_000047-40.000000-45.000000.png,2025-02-06T18:00:47,2025-02-07T00:00:47,40.0,45.0,2025-02-06T21:00:47,42.5,,,NOISE,2025-02-06T21:00:47,42.5,,,NOISE,2025-02-06T21:00:47,42.5,,,NOISE,2025-02-06T21:00:47,42.5,,,NOISE
2026-03-06T10:57:55.826706,Map-Energy__sum__linear-conv00249-20250207_000047-20250207_060047-40.000000-45.000000.png,2025-02-07T00:00:47,2025-02-07T06:00:47,40.0,45.0,2025-02-07T03:00:47,42.5,,,NOISE,2025-02-07T03:00:47,42.5,,,NOISE,2025-02-07T03:00:47,42.5,,,NOISE,2025-02-07T03:00:47,42.5,,,NOISE
2026-03-06T10:57:57.074467,Map-Energy__sum__linear-conv00259-20250207_060047-20250207_120047-40.000000-45.000000.png,2025-02-07T06:00:47,2025-02-07T12:00:47,40.0,45.0,2025-02-07T09:00:47,42.5,,,NOISE,2025-02-07T09:00:47,42.5,,,NOISE,2025-02-07T09:00:47,42.5,,,NOISE,2025-02-07T09:00:47,42.5,,,NOISE
2026-03-06T10:57:58.282593,Map-Energy__sum__linear-conv00269-20250207_120047-20250207_180047-40.000000-45.000000.png,2025-02-07T12:00:47,2025-02-07T18:00:47,40.0,45.0,2025-02-07T15:00:47,42.5,,,NOISE,2025-02-07T15:00:47,42.5,,,NOISE,2025-02-07T15:00:47,42.5,,,NOISE,2025-02-07T15:00:47,42.5,,,NOISE
2026-03-06T10:57:59.386976,Map-Energy__sum__linear-conv00279-20250207_180047-20250208_000047-40.000000-45.000000.png,2025-02-07T18:00:47,2025-02-08T00:00:47,40.0,45.0,2025-02-07T21:00:47,42.5,,,NOISE,2025-02-07T21:00:47,42.5,,,NOISE,2025-02-07T21:00:47,42.5,,,NOISE,2025-02-07T21:00:47,42.5,,,NOISE
2026-03-06T10:58:00.834641,Map-Energy__sum__linear-conv00289-20250208_000047-20250208_060047-40.000000-45.000000.png,2025-02-08T00:00:47,2025-02-08T06:00:47,40.0,45.0,2025-02-08T03:00:47,42.5,,,NOISE,2025-02-08T03:00:47,42.5,,,NOISE,2025-02-08T03:00:47,42.5,,,NOISE,2025-02-08T03:00:47,42.5,,,NOISE
2026-03-06T10:58:01.818529,Map-Energy__sum__linear-conv00299-20250208_060047-20250208_120047-40.000000-45.000000.png,2025-02-08T06:00:47,2025-02-08T12:00:47,40.0,45.0,2025-02-08T09:00:47,42.5,,,NOISE,2025-02-08T09:00:47,42.5,,,NOISE,2025-02-08T09:00:47,42.5,,,NOISE,2025-02-08T09:00:47,42.5,,,NOISE
2026-03-06T10:58:02.834668,Map-Energy__sum__linear-conv00309-20250208_120047-20250208_180047-40.000000-45.000000.png,2025-02-08T12:00:47,2025-02-08T18:00:47,40.0,45.0,2025-02-08T15:00:47,42.5,,,NOISE,2025-02-08T15:00:47,42.5,,,NOISE,2025-02-08T15:00:47,42.5,,,NOISE,2025-02-08T15:00:47,42.5,,,NOISE
2026-03-06T10:58:03.914126,Map-Energy__sum__linear-conv00319-20250208_180047-20250209_000047-40.000000-45.000000.png,2025-02-08T18:00:47,2025-02-09T00:00:47,40.0,45.0,2025-02-08T21:00:47,42.5,,,NOISE,2025-02-08T21:00:47,42.5,,,NOISE,2025-02-08T21:00:47,42.5,,,NOISE,2025-02-08T21:00:47,42.5,,,NOISE
2026-03-06T10:58:05.034503,Map-Energy__sum__linear-conv00329-20250209_000047-20250209_060047-40.000000-45.000000.png,2025-02-09T00:00:47,2025-02-09T06:00:47,40.0,45.0,2025-02-09T03:00:47,42.5,,,NOISE,2025-02-09T03:00:47,42.5,,,NOISE,2025-02-09T03:00:47,42.5,,,NOISE,2025-02-09T03:00:47,42.5,,,NOISE
2026-03-06T10:58:06.514429,Map-Energy__sum__linear-conv00339-20250209_060047-20250209_120047-40.000000-45.000000.png,2025-02-09T06:00:47,2025-02-09T12:00:47,40.0,45.0,2025-02-09T09:00:47,42.5,,,NOISE,2025-02-09T09:00:47,42.5,,,NOISE,2025-02-09T09:00:47,42.5,,,NOISE,2025-02-09T09:00:47,42.5,,,NOISE
2026-03-06T10:58:07.714279,Map-Energy__sum__linear-conv00349-20250209_120047-20250209_180047-40.000000-45.000000.png,2025-02-09T12:00:47,2025-02-09T18:00:47,40.0,45.0,2025-02-09T15:00:47,42.5,,,NOISE,2025-02-09T15:00:47,42.5,,,NOISE,2025-02-09T15:00:47,42.5,,,NOISE,2025-02-09T15:00:47,42.5,,,NOISE
2026-03-06T10:58:10.058460,Map-Energy__sum__linear-conv00359-20250209_180047-20250210_000047-40.000000-45.000000.png,2025-02-09T18:00:47,2025-02-10T00:00:47,40.0,45.0,2025-02-09T21:00:47,42.5,,,NOISE,2025-02-09T21:00:47,42.5,,,NOISE,2025-02-09T21:00:47,42.5,,,NOISE,2025-02-09T21:00:47,42.5,,,NOISE
2026-03-06T10:58:11.554417,Map-Energy__sum__linear-conv00369-20250210_000047-20250210_060047-40.000000-45.000000.png,2025-02-10T00:00:47,2025-02-10T06:00:47,40.0,45.0,2025-02-10T03:00:47,42.5,,,NOISE,2025-02-10T03:00:47,42.5,,,NOISE,2025-02-10T03:00:47,42.5,,,NOISE,2025-02-10T03:00:47,42.5,,,NOISE
2026-03-06T10:58:13.034319,Map-Energy__sum__linear-conv00379-20250210_060047-20250210_120047-40.000000-45.000000.png,2025-02-10T06:00:47,2025-02-10T12:00:47,40.0,45.0,2025-02-10T09:00:47,42.5,,,NOISE,2025-02-10T09:00:47,42.5,,,NOISE,2025-02-10T09:00:47,42.5,,,NOISE,2025-02-10T09:00:47,42.5,,,NOISE
2026-03-06T10:58:14.498346,Map-Energy__sum__linear-conv00389-20250210_120047-20250210_180047-40.000000-45.000000.png,2025-02-10T12:00:47,2025-02-10T18:00:47,40.0,45.0,2025-02-10T15:00:47,42.5,,,NOISE,2025-02-10T15:00:47,42.5,,,NOISE,2025-02-10T15:00:47,42.5,,,NOISE,2025-02-10T15:00:47,42.5,,,NOISE
2026-03-06T10:58:17.034573,Map-Energy__sum__linear-conv00399-20250210_180047-20250211_000047-40.000000-45.000000.png,2025-02-10T18:00:47,2025-02-11T00:00:47,40.0,45.0,2025-02-10T21:00:47,42.5,,,NOISE,2025-02-10T21:00:47,42.5,,,NOISE,2025-02-10T21:00:47,42.5,,,NOISE,2025-02-10T21:00:47,42.5,,,NOISE
2026-03-06T10:58:18.346594,Map-Energy__sum__linear-conv00409-20250211_000047-20250211_060047-40.000000-45.000000.png,2025-02-11T00:00:47,2025-02-11T06:00:47,40.0,45.0,2025-02-11T03:00:47,42.5,,,NOISE,2025-02-11T03:00:47,42.5,,,NOISE,2025-02-11T03:00:47,42.5,,,NOISE,2025-02-11T03:00:47,42.5,,,NOISE
2026-03-06T10:58:19.682400,Map-Energy__sum__linear-conv00419-20250211_060047-20250211_120047-40.000000-45.000000.png,2025-02-11T06:00:47,2025-02-11T12:00:47,40.0,45.0,2025-02-11T09:00:47,42.5,,,NOISE,2025-02-11T09:00:47,42.5,,,NOISE,2025-02-11T09:00:47,42.5,,,NOISE,2025-02-11T09:00:47,42.5,,,NOISE
2026-03-06T10:58:20.882277,Map-Energy__sum__linear-conv00429-20250211_120047-20250211_180047-40.000000-45.000000.png,2025-02-11T12:00:47,2025-02-11T18:00:47,40.0,45.0,2025-02-11T15:00:47,42.5,,,NOISE,2025-02-11T15:00:47,42.5,,,NOISE,2025-02-11T15:00:47,42.5,,,NOISE,2025-02-11T15:00:47,42.5,,,NOISE
2026-03-06T10:58:24.242287,Map-Energy__sum__linear-conv00439-20250211_180047-20250212_000047-40.000000-45.000000.png,2025-02-11T18:00:47,2025-02-12T00:00:47,40.0,45.0,2025-02-11T21:00:47,42.5,,,NOISE,2025-02-11T21:00:47,42.5,,,NOISE,2025-02-11T21:00:47,42.5,,,NOISE,2025-02-11T21:00:47,42.5,,,NOISE
2026-03-06T10:58:25.434319,Map-Energy__sum__linear-conv00449-20250212_000047-20250212_060047-40.000000-45.000000.png,2025-02-12T00:00:47,2025-02-12T06:00:47,40.0,45.0,2025-02-12T03:00:47,42.5,,,NOISE,2025-02-12T03:00:47,42.5,,,NOISE,2025-02-12T03:00:47,42.5,,,NOISE,2025-02-12T03:00:47,42.5,,,NOISE
2026-03-06T10:58:26.930483,Map-Energy__sum__linear-conv00459-20250212_060047-20250212_120047-40.000000-45.000000.png,2025-02-12T06:00:47,2025-02-12T12:00:47,40.0,45.0,2025-02-12T09:00:47,42.5,,,NOISE,2025-02-12T09:00:47,42.5,,,NOISE,2025-02-12T09:00:47,42.5,,,NOISE,2025-02-12T09:00:47,42.5,,,NOISE
2026-03-06T10:58:28.090283,Map-Energy__sum__linear-conv00469-20250212_120047-20250212_180047-40.000000-45.000000.png,2025-02-12T12:00:47,2025-02-12T18:00:47,40.0,45.0,2025-02-12T15:00:47,42.5,,,NOISE,2025-02-12T15:00:47,42.5,,,NOISE,2025-02-12T15:00:47,42.5,,,NOISE,2025-02-12T15:00:47,42.5,,,NOISE
2026-03-06T10:58:29.266241,Map-Energy__sum__linear-conv00479-20250212_180047-20250213_000047-40.000000-45.000000.png,2025-02-12T18:00:47,2025-02-13T00:00:47,40.0,45.0,2025-02-12T21:00:47,42.5,,,NOISE,2025-02-12T21:00:47,42.5,,,NOISE,2025-02-12T21:00:47,42.5,,,NOISE,2025-02-12T21:00:47,42.5,,,NOISE
2026-03-06T10:58:34.866193,Map-Energy__sum__linear-conv00489-20250213_000047-20250213_060047-40.000000-45.000000.png,2025-02-13T00:00:47,2025-02-13T06:00:47,40.0,45.0,2025-02-13T03:09:21,44.258727,,,VESSEL,2025-02-13T03:00:47,42.5,,,NOISE,2025-02-13T03:00:47,42.5,,,NOISE,2025-02-13T03:00:47,42.5,,,NOISE
2026-03-06T10:58:36.018189,Map-Energy__sum__linear-conv00499-20250213_060047-20250213_120047-40.000000-45.000000.png,2025-02-13T06:00:47,2025-02-13T12:00:47,40.0,45.0,2025-02-13T09:00:47,42.5,,,NOISE,2025-02-13T09:00:47,42.5,,,NOISE,2025-02-13T09:00:47,42.5,,,NOISE,2025-02-13T09:00:47,42.5,,,NOISE
2026-03-06T10:58:37.362483,Map-Energy__sum__linear-conv00509-20250213_120047-20250213_180047-40.000000-45.000000.png,2025-02-13T12:00:47,2025-02-13T18:00:47,40.0,45.0,2025-02-13T15:00:47,42.5,,,NOISE,2025-02-13T15:00:47,42.5,,,NOISE,2025-02-13T15:00:47,42.5,,,NOISE,2025-02-13T15:00:47,42.5,,,NOISE
2026-03-06T10:58:38.442403,Map-Energy__sum__linear-conv00519-20250213_180047-20250214_000047-40.000000-45.000000.png,2025-02-13T18:00:47,2025-02-14T00:00:47,40.0,45.0,2025-02-13T21:00:47,42.5,,,NOISE,2025-02-13T21:00:47,42.5,,,NOISE,2025-02-13T21:00:47,42.5,,,NOISE,2025-02-13T21:00:47,42.5,,,NOISE
2026-03-06T10:58:39.538429,Map-Energy__sum__linear-conv00529-20250214_000047-20250214_060047-40.000000-45.000000.png,2025-02-14T00:00:47,2025-02-14T06:00:47,40.0,45.0,2025-02-14T03:00:47,42.5,,,NOISE,2025-02-14T03:00:47,42.5,,,NOISE,2025-02-14T03:00:47,42.5,,,NOISE,2025-02-14T03:00:47,42.5,,,NOISE
2026-03-06T10:58:40.538390,Map-Energy__sum__linear-conv00539-20250214_060047-20250214_120047-40.000000-45.000000.png,2025-02-14T06:00:47,2025-02-14T12:00:47,40.0,45.0,2025-02-14T09:00:47,42.5,,,NOISE,2025-02-14T09:00:47,42.5,,,NOISE,2025-02-14T09:00:47,42.5,,,NOISE,2025-02-14T09:00:47,42.5,,,NOISE
2026-03-06T10:58:41.570282,Map-Energy__sum__linear-conv00549-20250214_120047-20250214_180047-40.000000-45.000000.png,2025-02-14T12:00:47,2025-02-14T18:00:47,40.0,45.0,2025-02-14T15:00:47,42.5,,,NOISE,2025-02-14T15:00:47,42.5,,,NOISE,2025-02-14T15:00:47,42.5,,,NOISE,2025-02-14T15:00:47,42.5,,,NOISE
2026-03-06T10:58:42.570452,Map-Energy__sum__linear-conv00559-20250214_180047-20250215_000047-40.000000-45.000000.png,2025-02-14T18:00:47,2025-02-15T00:00:47,40.0,45.0,2025-02-14T21:00:47,42.5,,,NOISE,2025-02-14T21:00:47,42.5,,,NOISE,2025-02-14T21:00:47,42.5,,,NOISE,2025-02-14T21:00:47,42.5,,,NOISE
2026-03-06T10:58:46.010385,Map-Energy__sum__linear-conv00569-20250215_000047-20250215_060047-40.000000-45.000000.png,2025-02-15T00:00:47,2025-02-15T06:00:47,40.0,45.0,2025-02-15T03:00:47,42.5,,,NOISE,2025-02-15T03:00:47,42.5,,,NOISE,2025-02-15T03:00:47,42.5,,,NOISE,2025-02-15T03:00:47,42.5,,,NOISE
2026-03-06T10:58:47.138544,Map-Energy__sum__linear-conv00579-20250215_060047-20250215_120047-40.000000-45.000000.png,2025-02-15T06:00:47,2025-02-15T12:00:47,40.0,45.0,2025-02-15T09:00:47,42.5,,,NOISE,2025-02-15T09:00:47,42.5,,,NOISE,2025-02-15T09:00:47,42.5,,,NOISE,2025-02-15T09:00:47,42.5,,,NOISE
2026-03-06T10:58:48.682227,Map-Energy__sum__linear-conv00589-20250215_120047-20250215_180047-40.000000-45.000000.png,2025-02-15T12:00:47,2025-02-15T18:00:47,40.0,45.0,2025-02-15T15:00:47,42.5,,,NOISE,2025-02-15T15:00:47,42.5,,,NOISE,2025-02-15T15:00:47,42.5,,,NOISE,2025-02-15T15:00:47,42.5,,,NOISE
2026-03-06T10:58:50.842608,Map-Energy__sum__linear-conv00599-20250215_180047-20250216_000047-40.000000-45.000000.png,2025-02-15T18:00:47,2025-02-16T00:00:47,40.0,45.0,2025-02-15T21:00:47,42.5,,,NOISE,2025-02-15T21:00:47,42.5,,,NOISE,2025-02-15T21:00:47,42.5,,,NOISE,2025-02-15T21:00:47,42.5,,,NOISE
2026-03-06T10:58:52.786417,Map-Energy__sum__linear-conv00609-20250216_000047-20250216_060047-40.000000-45.000000.png,2025-02-16T00:00:47,2025-02-16T06:00:47,40.0,45.0,2025-02-16T03:00:47,42.5,,,NOISE,2025-02-16T03:00:47,42.5,,,NOISE,2025-02-16T03:00:47,42.5,,,NOISE,2025-02-16T03:00:47,42.5,,,NOISE
2026-03-06T10:58:53.978233,Map-Energy__sum__linear-conv00619-20250216_060047-20250216_120047-40.000000-45.000000.png,2025-02-16T06:00:47,2025-02-16T12:00:47,40.0,45.0,2025-02-16T09:00:47,42.5,,,NOISE,2025-02-16T09:00:47,42.5,,,NOISE,2025-02-16T09:00:47,42.5,,,NOISE,2025-02-16T09:00:47,42.5,,,NOISE
2026-03-06T10:58:56.034201,Map-Energy__sum__linear-conv00629-20250216_120047-20250216_180047-40.000000-45.000000.png,2025-02-16T12:00:47,2025-02-16T18:00:47,40.0,45.0,2025-02-16T15:00:47,42.5,,,NOISE,2025-02-16T15:00:47,42.5,,,NOISE,2025-02-16T15:00:47,42.5,,,NOISE,2025-02-16T15:00:47,42.5,,,NOISE
2026-03-06T10:58:58.322736,Map-Energy__sum__linear-conv00639-20250216_180047-20250217_000047-40.000000-45.000000.png,2025-02-16T18:00:47,2025-02-17T00:00:47,40.0,45.0,2025-02-16T21:00:47,42.5,,,NOISE,2025-02-16T21:00:47,42.5,,,NOISE,2025-02-16T21:00:47,42.5,,,NOISE,2025-02-16T21:00:47,42.5,,,NOISE
2026-03-06T10:58:59.562369,Map-Energy__sum__linear-conv00649-20250217_000047-20250217_060047-40.000000-45.000000.png,2025-02-17T00:00:47,2025-02-17T06:00:47,40.0,45.0,2025-02-17T03:00:47,42.5,,,NOISE,2025-02-17T03:00:47,42.5,,,NOISE,2025-02-17T03:00:47,42.5,,,NOISE,2025-02-17T03:00:47,42.5,,,NOISE
2026-03-06T10:59:01.714220,Map-Energy__sum__linear-conv00659-20250217_060047-20250217_120047-40.000000-45.000000.png,2025-02-17T06:00:47,2025-02-17T12:00:47,40.0,45.0,2025-02-17T09:00:47,42.5,,,NOISE,2025-02-17T09:00:47,42.5,,,NOISE,2025-02-17T09:00:47,42.5,,,NOISE,2025-02-17T09:00:47,42.5,,,NOISE
2026-03-06T10:59:03.282410,Map-Energy__sum__linear-conv00669-20250217_120047-20250217_180047-40.000000-45.000000.png,2025-02-17T12:00:47,2025-02-17T18:00:47,40.0,45.0,2025-02-17T15:00:47,42.5,,,NOISE,2025-02-17T15:00:47,42.5,,,NOISE,2025-02-17T15:00:47,42.5,,,NOISE,2025-02-17T15:00:47,42.5,,,NOISE
2026-03-06T10:59:04.882310,Map-Energy__sum__linear-conv00679-20250217_180047-20250218_000047-40.000000-45.000000.png,2025-02-17T18:00:47,2025-02-18T00:00:47,40.0,45.0,2025-02-17T21:00:47,42.5,,,NOISE,2025-02-17T21:00:47,42.5,,,NOISE,2025-02-17T21:00:47,42.5,,,NOISE,2025-02-17T21:00:47,42.5,,,NOISE
2026-03-06T10:59:06.098234,Map-Energy__sum__linear-conv00689-20250218_000047-20250218_060047-40.000000-45.000000.png,2025-02-18T00:00:47,2025-02-18T06:00:47,40.0,45.0,2025-02-18T03:00:47,42.5,,,NOISE,2025-02-18T03:00:47,42.5,,,NOISE,2025-02-18T03:00:47,42.5,,,NOISE,2025-02-18T03:00:47,42.5,,,NOISE
2026-03-06T10:59:07.170395,Map-Energy__sum__linear-conv00699-20250218_060047-20250218_120047-40.000000-45.000000.png,2025-02-18T06:00:47,2025-02-18T12:00:47,40.0,45.0,2025-02-18T09:00:47,42.5,,,NOISE,2025-02-18T09:00:47,42.5,,,NOISE,2025-02-18T09:00:47,42.5,,,NOISE,2025-02-18T09:00:47,42.5,,,NOISE
2026-03-06T10:59:08.546399,Map-Energy__sum__linear-conv00709-20250218_120047-20250218_180047-40.000000-45.000000.png,2025-02-18T12:00:47,2025-02-18T18:00:47,40.0,45.0,2025-02-18T15:00:47,42.5,,,NOISE,2025-02-18T15:00:47,42.5,,,NOISE,2025-02-18T15:00:47,42.5,,,NOISE,2025-02-18T15:00:47,42.5,,,NOISE
2026-03-06T10:59:10.090408,Map-Energy__sum__linear-conv00719-20250218_180047-20250219_000047-40.000000-45.000000.png,2025-02-18T18:00:47,2025-02-19T00:00:47,40.0,45.0,2025-02-18T21:00:47,42.5,,,NOISE,2025-02-18T21:00:47,42.5,,,NOISE,2025-02-18T21:00:47,42.5,,,NOISE,2025-02-18T21:00:47,42.5,,,NOISE
2026-03-06T10:59:11.362340,Map-Energy__sum__linear-conv00729-20250219_000047-20250219_060047-40.000000-45.000000.png,2025-02-19T00:00:47,2025-02-19T06:00:47,40.0,45.0,2025-02-19T03:00:47,42.5,,,NOISE,2025-02-19T03:00:47,42.5,,,NOISE,2025-02-19T03:00:47,42.5,,,NOISE,2025-02-19T03:00:47,42.5,,,NOISE
2026-03-06T10:59:12.858241,Map-Energy__sum__linear-conv00739-20250219_060047-20250219_120047-40.000000-45.000000.png,2025-02-19T06:00:47,2025-02-19T12:00:47,40.0,45.0,2025-02-19T09:00:47,42.5,,,NOISE,2025-02-19T09:00:47,42.5,,,NOISE,2025-02-19T09:00:47,42.5,,,NOISE,2025-02-19T09:00:47,42.5,,,NOISE
2026-03-06T10:59:14.274597,Map-Energy__sum__linear-conv00749-20250219_120047-20250219_180047-40.000000-45.000000.png,2025-02-19T12:00:47,2025-02-19T18:00:47,40.0,45.0,2025-02-19T15:00:47,42.5,,,NOISE,2025-02-19T15:00:47,42.5,,,NOISE,2025-02-19T15:00:47,42.5,,,NOISE,2025-02-19T15:00:47,42.5,,,NOISE
2026-03-06T10:59:15.698254,Map-Energy__sum__linear-conv00759-20250219_180047-20250220_000047-40.000000-45.000000.png,2025-02-19T18:00:47,2025-02-20T00:00:47,40.0,45.0,2025-02-19T21:00:47,42.5,,,NOISE,2025-02-19T21:00:47,42.5,,,NOISE,2025-02-19T21:00:47,42.5,,,NOISE,2025-02-19T21:00:47,42.5,,,NOISE
2026-03-06T10:59:16.978385,Map-Energy__sum__linear-conv00769-20250220_000047-20250220_060047-40.000000-45.000000.png,2025-02-20T00:00:47,2025-02-20T06:00:47,40.0,45.0,2025-02-20T03:00:47,42.5,,,NOISE,2025-02-20T03:00:47,42.5,,,NOISE,2025-02-20T03:00:47,42.5,,,NOISE,2025-02-20T03:00:47,42.5,,,NOISE
2026-03-06T10:59:18.570588,Map-Energy__sum__linear-conv00779-20250220_060047-20250220_120047-40.000000-45.000000.png,2025-02-20T06:00:47,2025-02-20T12:00:47,40.0,45.0,2025-02-20T09:00:47,42.5,,,NOISE,2025-02-20T09:00:47,42.5,,,NOISE,2025-02-20T09:00:47,42.5,,,NOISE,2025-02-20T09:00:47,42.5,,,NOISE
2026-03-06T10:59:19.698225,Map-Energy__sum__linear-conv00789-20250220_120047-20250220_180047-40.000000-45.000000.png,2025-02-20T12:00:47,2025-02-20T18:00:47,40.0,45.0,2025-02-20T15:00:47,42.5,,,NOISE,2025-02-20T15:00:47,42.5,,,NOISE,2025-02-20T15:00:47,42.5,,,NOISE,2025-02-20T15:00:47,42.5,,,NOISE
2026-03-06T10:59:20.754192,Map-Energy__sum__linear-conv00799-20250220_180047-20250221_000047-40.000000-45.000000.png,2025-02-20T18:00:47,2025-02-21T00:00:47,40.0,45.0,2025-02-20T21:00:47,42.5,,,NOISE,2025-02-20T21:00:47,42.5,,,NOISE,2025-02-20T21:00:47,42.5,,,NOISE,2025-02-20T21:00:47,42.5,,,NOISE
2026-03-06T10:59:22.450248,Map-Energy__sum__linear-conv00809-20250221_000047-20250221_060047-40.000000-45.000000.png,2025-02-21T00:00:47,2025-02-21T06:00:47,40.0,45.0,2025-02-21T03:00:47,42.5,,,NOISE,2025-02-21T03:00:47,42.5,,,NOISE,2025-02-21T03:00:47,42.5,,,NOISE,2025-02-21T03:00:47,42.5,,,NOISE
2026-03-06T10:59:24.314184,Map-Energy__sum__linear-conv00819-20250221_060047-20250221_120047-40.000000-45.000000.png,2025-02-21T06:00:47,2025-02-21T12:00:47,40.0,45.0,2025-02-21T09:00:47,42.5,,,NOISE,2025-02-21T09:00:47,42.5,,,NOISE,2025-02-21T09:00:47,42.5,,,NOISE,2025-02-21T09:00:47,42.5,,,NOISE
2026-03-06T10:59:25.762177,Map-Energy__sum__linear-conv00829-20250221_120047-20250221_180047-40.000000-45.000000.png,2025-02-21T12:00:47,2025-02-21T18:00:47,40.0,45.0,2025-02-21T15:00:47,42.5,,,NOISE,2025-02-21T15:00:47,42.5,,,NOISE,2025-02-21T15:00:47,42.5,,,NOISE,2025-02-21T15:00:47,42.5,,,NOISE
2026-03-06T10:59:27.570161,Map-Energy__sum__linear-conv00839-20250221_180047-20250222_000047-40.000000-45.000000.png,2025-02-21T18:00:47,2025-02-22T00:00:47,40.0,45.0,2025-02-21T21:00:47,42.5,,,NOISE,2025-02-21T21:00:47,42.5,,,NOISE,2025-02-21T21:00:47,42.5,,,NOISE,2025-02-21T21:00:47,42.5,,,NOISE
2026-03-06T10:59:28.890283,Map-Energy__sum__linear-conv00849-20250222_000047-20250222_060047-40.000000-45.000000.png,2025-02-22T00:00:47,2025-02-22T06:00:47,40.0,45.0,2025-02-22T03:00:47,42.5,,,NOISE,2025-02-22T03:00:47,42.5,,,NOISE,2025-02-22T03:00:47,42.5,,,NOISE,2025-02-22T03:00:47,42.5,,,NOISE
2026-03-06T10:59:31.322611,Map-Energy__sum__linear-conv00859-20250222_060047-20250222_120047-40.000000-45.000000.png,2025-02-22T06:00:47,2025-02-22T12:00:47,40.0,45.0,2025-02-22T09:00:47,42.5,,,NOISE,2025-02-22T09:00:47,42.5,,,NOISE,2025-02-22T09:00:47,42.5,,,NOISE,2025-02-22T09:00:47,42.5,,,NOISE
2026-03-06T10:59:40.474077,Map-Energy__sum__linear-conv00869-20250222_120047-20250222_180047-40.000000-45.000000.png,2025-02-22T12:00:47,2025-02-22T18:00:47,40.0,45.0,2025-02-22T15:00:47,42.5,,,NOISE,2025-02-22T15:00:47,42.5,,,NOISE,2025-02-22T15:00:47,42.5,,,NOISE,2025-02-22T15:00:47,42.5,,,NOISE
2026-03-06T10:59:41.706477,Map-Energy__sum__linear-conv00879-20250222_180047-20250223_000047-40.000000-45.000000.png,2025-02-22T18:00:47,2025-02-23T00:00:47,40.0,45.0,2025-02-22T21:00:47,42.5,,,NOISE,2025-02-22T21:00:47,42.5,,,NOISE,2025-02-22T21:00:47,42.5,,,NOISE,2025-02-22T21:00:47,42.5,,,NOISE
2026-03-06T10:59:43.074373,Map-Energy__sum__linear-conv00889-20250223_000047-20250223_060047-40.000000-45.000000.png,2025-02-23T00:00:47,2025-02-23T06:00:47,40.0,45.0,2025-02-23T03:00:47,42.5,,,NOISE,2025-02-23T03:00:47,42.5,,,NOISE,2025-02-23T03:00:47,42.5,,,NOISE,2025-02-23T03:00:47,42.5,,,NOISE
2026-03-06T10:59:44.754238,Map-Energy__sum__linear-conv00899-20250223_060047-20250223_120047-40.000000-45.000000.png,2025-02-23T06:00:47,2025-02-23T12:00:47,40.0,45.0,2025-02-23T09:00:47,42.5,,,NOISE,2025-02-23T09:00:47,42.5,,,NOISE,2025-02-23T09:00:47,42.5,,,NOISE,2025-02-23T09:00:47,42.5,,,NOISE
2026-03-06T10:59:46.018332,Map-Energy__sum__linear-conv00909-20250223_120047-20250223_180047-40.000000-45.000000.png,2025-02-23T12:00:47,2025-02-23T18:00:47,40.0,45.0,2025-02-23T15:00:47,42.5,,,NOISE,2025-02-23T15:00:47,42.5,,,NOISE,2025-02-23T15:00:47,42.5,,,NOISE,2025-02-23T15:00:47,42.5,,,NOISE
2026-03-06T10:59:56.594418,Map-Energy__sum__linear-conv00919-20250223_180047-20250224_000047-40.000000-45.000000.png,2025-02-23T18:00:47,2025-02-24T00:00:47,40.0,45.0,2025-02-23T22:23:43,42.842407,,,OTHER,2025-02-23T21:00:47,42.5,,,NOISE,2025-02-23T21:00:47,42.5,,,NOISE,2025-02-23T21:00:47,42.5,,,NOISE
2026-03-06T10:59:57.906208,Map-Energy__sum__linear-conv00929-20250224_000047-20250224_060047-40.000000-45.000000.png,2025-02-24T00:00:47,2025-02-24T06:00:47,40.0,45.0,2025-02-24T03:00:47,42.5,,,NOISE,2025-02-24T03:00:47,42.5,,,NOISE,2025-02-24T03:00:47,42.5,,,NOISE,2025-02-24T03:00:47,42.5,,,NOISE
2026-03-06T10:59:59.386334,Map-Energy__sum__linear-conv00939-20250224_060047-20250224_120047-40.000000-45.000000.png,2025-02-24T06:00:47,2025-02-24T12:00:47,40.0,45.0,2025-02-24T09:00:47,42.5,,,NOISE,2025-02-24T09:00:47,42.5,,,NOISE,2025-02-24T09:00:47,42.5,,,NOISE,2025-02-24T09:00:47,42.5,,,NOISE
2026-03-06T11:00:00.450326,Map-Energy__sum__linear-conv00949-20250224_120047-20250224_180047-40.000000-45.000000.png,2025-02-24T12:00:47,2025-02-24T18:00:47,40.0,45.0,2025-02-24T15:00:47,42.5,,,NOISE,2025-02-24T15:00:47,42.5,,,NOISE,2025-02-24T15:00:47,42.5,,,NOISE,2025-02-24T15:00:47,42.5,,,NOISE
2026-03-06T11:00:02.058254,Map-Energy__sum__linear-conv00959-20250224_180047-20250225_000047-40.000000-45.000000.png,2025-02-24T18:00:47,2025-02-25T00:00:47,40.0,45.0,2025-02-24T21:00:47,42.5,,,NOISE,2025-02-24T21:00:47,42.5,,,NOISE,2025-02-24T21:00:47,42.5,,,NOISE,2025-02-24T21:00:47,42.5,,,NOISE
2026-03-06T11:00:03.098131,Map-Energy__sum__linear-conv00969-20250225_000047-20250225_060047-40.000000-45.000000.png,2025-02-25T00:00:47,2025-02-25T06:00:47,40.0,45.0,2025-02-25T03:00:47,42.5,,,NOISE,2025-02-25T03:00:47,42.5,,,NOISE,2025-02-25T03:00:47,42.5,,,NOISE,2025-02-25T03:00:47,42.5,,,NOISE
2026-03-06T11:00:04.090225,Map-Energy__sum__linear-conv00979-20250225_060047-20250225_120047-40.000000-45.000000.png,2025-02-25T06:00:47,2025-02-25T12:00:47,40.0,45.0,2025-02-25T09:00:47,42.5,,,NOISE,2025-02-25T09:00:47,42.5,,,NOISE,2025-02-25T09:00:47,42.5,,,NOISE,2025-02-25T09:00:47,42.5,,,NOISE
2026-03-06T11:00:05.042353,Map-Energy__sum__linear-conv00989-20250225_120047-20250225_180047-40.000000-45.000000.png,2025-02-25T12:00:47,2025-02-25T18:00:47,40.0,45.0,2025-02-25T15:00:47,42.5,,,NOISE,2025-02-25T15:00:47,42.5,,,NOISE,2025-02-25T15:00:47,42.5,,,NOISE,2025-02-25T15:00:47,42.5,,,NOISE
2026-03-06T11:00:08.434126,Map-Energy__sum__linear-conv00999-20250225_180047-20250226_000047-40.000000-45.000000.png,2025-02-25T18:00:47,2025-02-26T00:00:47,40.0,45.0,2025-02-25T21:00:47,42.5,,,NOISE,2025-02-25T21:00:47,42.5,,,NOISE,2025-02-25T21:00:47,42.5,,,NOISE,2025-02-25T21:00:47,42.5,,,NOISE
2026-03-06T11:00:09.602392,Map-Energy__sum__linear-conv01009-20250226_000047-20250226_060047-40.000000-45.000000.png,2025-02-26T00:00:47,2025-02-26T06:00:47,40.0,45.0,2025-02-26T03:00:47,42.5,,,NOISE,2025-02-26T03:00:47,42.5,,,NOISE,2025-02-26T03:00:47,42.5,,,NOISE,2025-02-26T03:00:47,42.5,,,NOISE
2026-03-06T11:00:10.746501,Map-Energy__sum__linear-conv01019-20250226_060047-20250226_120047-40.000000-45.000000.png,2025-02-26T06:00:47,2025-02-26T12:00:47,40.0,45.0,2025-02-26T09:00:47,42.5,,,NOISE,2025-02-26T09:00:47,42.5,,,NOISE,2025-02-26T09:00:47,42.5,,,NOISE,2025-02-26T09:00:47,42.5,,,NOISE
2026-03-06T11:00:11.858335,Map-Energy__sum__linear-conv01029-20250226_120047-20250226_180047-40.000000-45.000000.png,2025-02-26T12:00:47,2025-02-26T18:00:47,40.0,45.0,2025-02-26T15:00:47,42.5,,,NOISE,2025-02-26T15:00:47,42.5,,,NOISE,2025-02-26T15:00:47,42.5,,,NOISE,2025-02-26T15:00:47,42.5,,,NOISE
2026-03-06T11:00:13.082203,Map-Energy__sum__linear-conv01039-20250226_180047-20250227_000047-40.000000-45.000000.png,2025-02-26T18:00:47,2025-02-27T00:00:47,40.0,45.0,2025-02-26T21:00:47,42.5,,,NOISE,2025-02-26T21:00:47,42.5,,,NOISE,2025-02-26T21:00:47,42.5,,,NOISE,2025-02-26T21:00:47,42.5,,,NOISE
2026-03-06T11:00:14.122105,Map-Energy__sum__linear-conv01049-20250227_000047-20250227_060047-40.000000-45.000000.png,2025-02-27T00:00:47,2025-02-27T06:00:47,40.0,45.0,2025-02-27T03:00:47,42.5,,,NOISE,2025-02-27T03:00:47,42.5,,,NOISE,2025-02-27T03:00:47,42.5,,,NOISE,2025-02-27T03:00:47,42.5,,,NOISE
2026-03-06T11:00:15.154411,Map-Energy__sum__linear-conv01059-20250227_060047-20250227_120047-40.000000-45.000000.png,2025-02-27T06:00:47,2025-02-27T12:00:47,40.0,45.0,2025-02-27T09:00:47,42.5,,,NOISE,2025-02-27T09:00:47,42.5,,,NOISE,2025-02-27T09:00:47,42.5,,,NOISE,2025-02-27T09:00:47,42.5,,,NOISE
2026-03-06T11:00:16.114312,Map-Energy__sum__linear-conv01069-20250227_120047-20250227_180047-40.000000-45.000000.png,2025-02-27T12:00:47,2025-02-27T18:00:47,40.0,45.0,2025-02-27T15:00:47,42.5,,,NOISE,2025-02-27T15:00:47,42.5,,,NOISE,2025-02-27T15:00:47,42.5,,,NOISE,2025-02-27T15:00:47,42.5,,,NOISE
2026-03-06T11:00:17.194135,Map-Energy__sum__linear-conv01079-20250227_180047-20250228_000047-40.000000-45.000000.png,2025-02-27T18:00:47,2025-02-28T00:00:47,40.0,45.0,2025-02-27T21:00:47,42.5,,,NOISE,2025-02-27T21:00:47,42.5,,,NOISE,2025-02-27T21:00:47,42.5,,,NOISE,2025-02-27T21:00:47,42.5,,,NOISE
2026-03-06T11:00:18.250227,Map-Energy__sum__linear-conv01089-20250228_000047-20250228_060047-40.000000-45.000000.png,2025-02-28T00:00:47,2025-02-28T06:00:47,40.0,45.0,2025-02-28T03:00:47,42.5,,,NOISE,2025-02-28T03:00:47,42.5,,,NOISE,2025-02-28T03:00:47,42.5,,,NOISE,2025-02-28T03:00:47,42.5,,,NOISE
2026-03-06T11:00:19.218257,Map-Energy__sum__linear-conv01099-20250228_060047-20250228_120047-40.000000-45.000000.png,2025-02-28T06:00:47,2025-02-28T12:00:47,40.0,45.0,2025-02-28T09:00:47,42.5,,,NOISE,2025-02-28T09:00:47,42.5,,,NOISE,2025-02-28T09:00:47,42.5,,,NOISE,2025-02-28T09:00:47,42.5,,,NOISE
2026-03-06T11:00:20.186135,Map-Energy__sum__linear-conv01109-20250228_120047-20250228_180047-40.000000-45.000000.png,2025-02-28T12:00:47,2025-02-28T18:00:47,40.0,45.0,2025-02-28T15:00:47,42.5,,,NOISE,2025-02-28T15:00:47,42.5,,,NOISE,2025-02-28T15:00:47,42.5,,,NOISE,2025-02-28T15:00:47,42.5,,,NOISE
2026-03-06T11:00:21.146300,Map-Energy__sum__linear-conv01119-20250228_180047-20250301_000047-40.000000-45.000000.png,2025-02-28T18:00:47,2025-03-01T00:00:47,40.0,45.0,2025-02-28T21:00:47,42.5,,,NOISE,2025-02-28T21:00:47,42.5,,,NOISE,2025-02-28T21:00:47,42.5,,,NOISE,2025-02-28T21:00:47,42.5,,,NOISE
2026-03-06T11:00:22.026232,Map-Energy__sum__linear-conv00010-20250201_000047-20250201_060047-45.000000-49.900000.png,2025-02-01T00:00:47,2025-02-01T06:00:47,45.0,49.9,2025-02-01T03:00:47,47.45,,,NOISE,2025-02-01T03:00:47,47.45,,,NOISE,2025-02-01T03:00:47,47.45,,,NOISE,2025-02-01T03:00:47,47.45,,,NOISE
2026-03-06T11:00:22.994016,Map-Energy__sum__linear-conv00020-20250201_060047-20250201_120047-45.000000-49.900000.png,2025-02-01T06:00:47,2025-02-01T12:00:47,45.0,49.9,2025-02-01T09:00:47,47.45,,,NOISE,2025-02-01T09:00:47,47.45,,,NOISE,2025-02-01T09:00:47,47.45,,,NOISE,2025-02-01T09:00:47,47.45,,,NOISE
2026-03-06T11:00:23.970233,Map-Energy__sum__linear-conv00030-20250201_120047-20250201_180047-45.000000-49.900000.png,2025-02-01T12:00:47,2025-02-01T18:00:47,45.0,49.9,2025-02-01T15:00:47,47.45,,,NOISE,2025-02-01T15:00:47,47.45,,,NOISE,2025-02-01T15:00:47,47.45,,,NOISE,2025-02-01T15:00:47,47.45,,,NOISE
2026-03-06T11:00:24.802466,Map-Energy__sum__linear-conv00040-20250201_180047-20250202_000047-45.000000-49.900000.png,2025-02-01T18:00:47,2025-02-02T00:00:47,45.0,49.9,2025-02-01T21:00:47,47.45,,,NOISE,2025-02-01T21:00:47,47.45,,,NOISE,2025-02-01T21:00:47,47.45,,,NOISE,2025-02-01T21:00:47,47.45,,,NOISE
2026-03-06T11:00:25.650217,Map-Energy__sum__linear-conv00050-20250202_000047-20250202_060047-45.000000-49.900000.png,2025-02-02T00:00:47,2025-02-02T06:00:47,45.0,49.9,2025-02-02T03:00:47,47.45,,,NOISE,2025-02-02T03:00:47,47.45,,,NOISE,2025-02-02T03:00:47,47.45,,,NOISE,2025-02-02T03:00:47,47.45,,,NOISE
2026-03-06T11:00:26.562114,Map-Energy__sum__linear-conv00060-20250202_060047-20250202_120047-45.000000-49.900000.png,2025-02-02T06:00:47,2025-02-02T12:00:47,45.0,49.9,2025-02-02T09:00:47,47.45,,,NOISE,2025-02-02T09:00:47,47.45,,,NOISE,2025-02-02T09:00:47,47.45,,,NOISE,2025-02-02T09:00:47,47.45,,,NOISE
2026-03-06T11:00:29.234245,Map-Energy__sum__linear-conv00070-20250202_120047-20250202_180047-45.000000-49.900000.png,2025-02-02T12:00:47,2025-02-02T18:00:47,45.0,49.9,2025-02-02T15:00:47,47.45,,,NOISE,2025-02-02T15:00:47,47.45,,,NOISE,2025-02-02T15:00:47,47.45,,,NOISE,2025-02-02T15:00:47,47.45,,,NOISE
2026-03-06T11:00:30.234255,Map-Energy__sum__linear-conv00080-20250202_180047-20250203_000047-45.000000-49.900000.png,2025-02-02T18:00:47,2025-02-03T00:00:47,45.0,49.9,2025-02-02T21:00:47,47.45,,,NOISE,2025-02-02T21:00:47,47.45,,,NOISE,2025-02-02T21:00:47,47.45,,,NOISE,2025-02-02T21:00:47,47.45,,,NOISE
2026-03-06T11:00:31.290185,Map-Energy__sum__linear-conv00090-20250203_000047-20250203_060047-45.000000-49.900000.png,2025-02-03T00:00:47,2025-02-03T06:00:47,45.0,49.9,2025-02-03T03:00:47,47.45,,,NOISE,2025-02-03T03:00:47,47.45,,,NOISE,2025-02-03T03:00:47,47.45,,,NOISE,2025-02-03T03:00:47,47.45,,,NOISE
2026-03-06T11:00:32.442566,Map-Energy__sum__linear-conv00100-20250203_060047-20250203_120047-45.000000-49.900000.png,2025-02-03T06:00:47,2025-02-03T12:00:47,45.0,49.9,2025-02-03T09:00:47,47.45,,,NOISE,2025-02-03T09:00:47,47.45,,,NOISE,2025-02-03T09:00:47,47.45,,,NOISE,2025-02-03T09:00:47,47.45,,,NOISE
2026-03-06T11:00:33.730237,Map-Energy__sum__linear-conv00110-20250203_120047-20250203_180047-45.000000-49.900000.png,2025-02-03T12:00:47,2025-02-03T18:00:47,45.0,49.9,2025-02-03T15:00:47,47.45,,,NOISE,2025-02-03T15:00:47,47.45,,,NOISE,2025-02-03T15:00:47,47.45,,,NOISE,2025-02-03T15:00:47,47.45,,,NOISE
2026-03-06T11:00:34.618101,Map-Energy__sum__linear-conv00120-20250203_180047-20250204_000047-45.000000-49.900000.png,2025-02-03T18:00:47,2025-02-04T00:00:47,45.0,49.9,2025-02-03T21:00:47,47.45,,,NOISE,2025-02-03T21:00:47,47.45,,,NOISE,2025-02-03T21:00:47,47.45,,,NOISE,2025-02-03T21:00:47,47.45,,,NOISE
2026-03-06T11:00:35.602157,Map-Energy__sum__linear-conv00130-20250204_000047-20250204_060047-45.000000-49.900000.png,2025-02-04T00:00:47,2025-02-04T06:00:47,45.0,49.9,2025-02-04T03:00:47,47.45,,,NOISE,2025-02-04T03:00:47,47.45,,,NOISE,2025-02-04T03:00:47,47.45,,,NOISE,2025-02-04T03:00:47,47.45,,,NOISE
2026-03-06T11:00:36.474116,Map-Energy__sum__linear-conv00140-20250204_060047-20250204_120047-45.000000-49.900000.png,2025-02-04T06:00:47,2025-02-04T12:00:47,45.0,49.9,2025-02-04T09:00:47,47.45,,,NOISE,2025-02-04T09:00:47,47.45,,,NOISE,2025-02-04T09:00:47,47.45,,,NOISE,2025-02-04T09:00:47,47.45,,,NOISE
2026-03-06T11:00:37.266199,Map-Energy__sum__linear-conv00150-20250204_120047-20250204_180047-45.000000-49.900000.png,2025-02-04T12:00:47,2025-02-04T18:00:47,45.0,49.9,2025-02-04T15:00:47,47.45,,,NOISE,2025-02-04T15:00:47,47.45,,,NOISE,2025-02-04T15:00:47,47.45,,,NOISE,2025-02-04T15:00:47,47.45,,,NOISE
2026-03-06T11:00:38.154282,Map-Energy__sum__linear-conv00160-20250204_180047-20250205_000047-45.000000-49.900000.png,2025-02-04T18:00:47,2025-02-05T00:00:47,45.0,49.9,2025-02-04T21:00:47,47.45,,,NOISE,2025-02-04T21:00:47,47.45,,,NOISE,2025-02-04T21:00:47,47.45,,,NOISE,2025-02-04T21:00:47,47.45,,,NOISE
2026-03-06T11:00:38.962279,Map-Energy__sum__linear-conv00170-20250205_000047-20250205_060047-45.000000-49.900000.png,2025-02-05T00:00:47,2025-02-05T06:00:47,45.0,49.9,2025-02-05T03:00:47,47.45,,,NOISE,2025-02-05T03:00:47,47.45,,,NOISE,2025-02-05T03:00:47,47.45,,,NOISE,2025-02-05T03:00:47,47.45,,,NOISE
2026-03-06T11:00:39.770321,Map-Energy__sum__linear-conv00180-20250205_060047-20250205_120047-45.000000-49.900000.png,2025-02-05T06:00:47,2025-02-05T12:00:47,45.0,49.9,2025-02-05T09:00:47,47.45,,,NOISE,2025-02-05T09:00:47,47.45,,,NOISE,2025-02-05T09:00:47,47.45,,,NOISE,2025-02-05T09:00:47,47.45,,,NOISE
2026-03-06T11:00:40.642280,Map-Energy__sum__linear-conv00190-20250205_120047-20250205_180047-45.000000-49.900000.png,2025-02-05T12:00:47,2025-02-05T18:00:47,45.0,49.9,2025-02-05T15:00:47,47.45,,,NOISE,2025-02-05T15:00:47,47.45,,,NOISE,2025-02-05T15:00:47,47.45,,,NOISE,2025-02-05T15:00:47,47.45,,,NOISE
2026-03-06T11:00:41.362154,Map-Energy__sum__linear-conv00200-20250205_180047-20250206_000047-45.000000-49.900000.png,2025-02-05T18:00:47,2025-02-06T00:00:47,45.0,49.9,2025-02-05T21:00:47,47.45,,,NOISE,2025-02-05T21:00:47,47.45,,,NOISE,2025-02-05T21:00:47,47.45,,,NOISE,2025-02-05T21:00:47,47.45,,,NOISE
2026-03-06T11:00:42.322397,Map-Energy__sum__linear-conv00210-20250206_000047-20250206_060047-45.000000-49.900000.png,2025-02-06T00:00:47,2025-02-06T06:00:47,45.0,49.9,2025-02-06T03:00:47,47.45,,,NOISE,2025-02-06T03:00:47,47.45,,,NOISE,2025-02-06T03:00:47,47.45,,,NOISE,2025-02-06T03:00:47,47.45,,,NOISE
2026-03-06T11:00:43.130309,Map-Energy__sum__linear-conv00220-20250206_060047-20250206_120047-45.000000-49.900000.png,2025-02-06T06:00:47,2025-02-06T12:00:47,45.0,49.9,2025-02-06T09:00:47,47.45,,,NOISE,2025-02-06T09:00:47,47.45,,,NOISE,2025-02-06T09:00:47,47.45,,,NOISE,2025-02-06T09:00:47,47.45,,,NOISE
2026-03-06T11:00:44.010277,Map-Energy__sum__linear-conv00230-20250206_120047-20250206_180047-45.000000-49.900000.png,2025-02-06T12:00:47,2025-02-06T18:00:47,45.0,49.9,2025-02-06T15:00:47,47.45,,,NOISE,2025-02-06T15:00:47,47.45,,,NOISE,2025-02-06T15:00:47,47.45,,,NOISE,2025-02-06T15:00:47,47.45,,,NOISE
2026-03-06T11:00:44.826681,Map-Energy__sum__linear-conv00240-20250206_180047-20250207_000047-45.000000-49.900000.png,2025-02-06T18:00:47,2025-02-07T00:00:47,45.0,49.9,2025-02-06T21:00:47,47.45,,,NOISE,2025-02-06T21:00:47,47.45,,,NOISE,2025-02-06T21:00:47,47.45,,,NOISE,2025-02-06T21:00:47,47.45,,,NOISE
2026-03-06T11:00:45.466148,Map-Energy__sum__linear-conv00250-20250207_000047-20250207_060047-45.000000-49.900000.png,2025-02-07T00:00:47,2025-02-07T06:00:47,45.0,49.9,2025-02-07T03:00:47,47.45,,,NOISE,2025-02-07T03:00:47,47.45,,,NOISE,2025-02-07T03:00:47,47.45,,,NOISE,2025-02-07T03:00:47,47.45,,,NOISE
2026-03-06T11:00:46.466181,Map-Energy__sum__linear-conv00260-20250207_060047-20250207_120047-45.000000-49.900000.png,2025-02-07T06:00:47,2025-02-07T12:00:47,45.0,49.9,2025-02-07T09:00:47,47.45,,,NOISE,2025-02-07T09:00:47,47.45,,,NOISE,2025-02-07T09:00:47,47.45,,,NOISE,2025-02-07T09:00:47,47.45,,,NOISE
2026-03-06T11:00:47.186216,Map-Energy__sum__linear-conv00270-20250207_120047-20250207_180047-45.000000-49.900000.png,2025-02-07T12:00:47,2025-02-07T18:00:47,45.0,49.9,2025-02-07T15:00:47,47.45,,,NOISE,2025-02-07T15:00:47,47.45,,,NOISE,2025-02-07T15:00:47,47.45,,,NOISE,2025-02-07T15:00:47,47.45,,,NOISE
2026-03-06T11:00:48.370308,Map-Energy__sum__linear-conv00280-20250207_180047-20250208_000047-45.000000-49.900000.png,2025-02-07T18:00:47,2025-02-08T00:00:47,45.0,49.9,2025-02-07T21:00:47,47.45,,,NOISE,2025-02-07T21:00:47,47.45,,,NOISE,2025-02-07T21:00:47,47.45,,,NOISE,2025-02-07T21:00:47,47.45,,,NOISE
2026-03-06T11:00:48.946438,Map-Energy__sum__linear-conv00290-20250208_000047-20250208_060047-45.000000-49.900000.png,2025-02-08T00:00:47,2025-02-08T06:00:47,45.0,49.9,2025-02-08T03:00:47,47.45,,,NOISE,2025-02-08T03:00:47,47.45,,,NOISE,2025-02-08T03:00:47,47.45,,,NOISE,2025-02-08T03:00:47,47.45,,,NOISE
2026-03-06T11:00:49.786274,Map-Energy__sum__linear-conv00300-20250208_060047-20250208_120047-45.000000-49.900000.png,2025-02-08T06:00:47,2025-02-08T12:00:47,45.0,49.9,2025-02-08T09:00:47,47.45,,,NOISE,2025-02-08T09:00:47,47.45,,,NOISE,2025-02-08T09:00:47,47.45,,,NOISE,2025-02-08T09:00:47,47.45,,,NOISE
2026-03-06T11:00:50.474389,Map-Energy__sum__linear-conv00310-20250208_120047-20250208_180047-45.000000-49.900000.png,2025-02-08T12:00:47,2025-02-08T18:00:47,45.0,49.9,2025-02-08T15:00:47,47.45,,,NOISE,2025-02-08T15:00:47,47.45,,,NOISE,2025-02-08T15:00:47,47.45,,,NOISE,2025-02-08T15:00:47,47.45,,,NOISE
2026-03-06T11:00:51.482358,Map-Energy__sum__linear-conv00320-20250208_180047-20250209_000047-45.000000-49.900000.png,2025-02-08T18:00:47,2025-02-09T00:00:47,45.0,49.9,2025-02-08T21:00:47,47.45,,,NOISE,2025-02-08T21:00:47,47.45,,,NOISE,2025-02-08T21:00:47,47.45,,,NOISE,2025-02-08T21:00:47,47.45,,,NOISE
2026-03-06T11:00:52.626136,Map-Energy__sum__linear-conv00330-20250209_000047-20250209_060047-45.000000-49.900000.png,2025-02-09T00:00:47,2025-02-09T06:00:47,45.0,49.9,2025-02-09T03:00:47,47.45,,,NOISE,2025-02-09T03:00:47,47.45,,,NOISE,2025-02-09T03:00:47,47.45,,,NOISE,2025-02-09T03:00:47,47.45,,,NOISE
2026-03-06T11:00:53.626057,Map-Energy__sum__linear-conv00340-20250209_060047-20250209_120047-45.000000-49.900000.png,2025-02-09T06:00:47,2025-02-09T12:00:47,45.0,49.9,2025-02-09T09:00:47,47.45,,,NOISE,2025-02-09T09:00:47,47.45,,,NOISE,2025-02-09T09:00:47,47.45,,,NOISE,2025-02-09T09:00:47,47.45,,,NOISE
2026-03-06T11:00:54.650268,Map-Energy__sum__linear-conv00350-20250209_120047-20250209_180047-45.000000-49.900000.png,2025-02-09T12:00:47,2025-02-09T18:00:47,45.0,49.9,2025-02-09T15:00:47,47.45,,,NOISE,2025-02-09T15:00:47,47.45,,,NOISE,2025-02-09T15:00:47,47.45,,,NOISE,2025-02-09T15:00:47,47.45,,,NOISE
2026-03-06T11:00:55.530125,Map-Energy__sum__linear-conv00360-20250209_180047-20250210_000047-45.000000-49.900000.png,2025-02-09T18:00:47,2025-02-10T00:00:47,45.0,49.9,2025-02-09T21:00:47,47.45,,,NOISE,2025-02-09T21:00:47,47.45,,,NOISE,2025-02-09T21:00:47,47.45,,,NOISE,2025-02-09T21:00:47,47.45,,,NOISE
2026-03-06T11:00:56.450138,Map-Energy__sum__linear-conv00370-20250210_000047-20250210_060047-45.000000-49.900000.png,2025-02-10T00:00:47,2025-02-10T06:00:47,45.0,49.9,2025-02-10T03:00:47,47.45,,,NOISE,2025-02-10T03:00:47,47.45,,,NOISE,2025-02-10T03:00:47,47.45,,,NOISE,2025-02-10T03:00:47,47.45,,,NOISE
2026-03-06T11:00:57.290108,Map-Energy__sum__linear-conv00380-20250210_060047-20250210_120047-45.000000-49.900000.png,2025-02-10T06:00:47,2025-02-10T12:00:47,45.0,49.9,2025-02-10T09:00:47,47.45,,,NOISE,2025-02-10T09:00:47,47.45,,,NOISE,2025-02-10T09:00:47,47.45,,,NOISE,2025-02-10T09:00:47,47.45,,,NOISE
2026-03-06T11:00:58.258243,Map-Energy__sum__linear-conv00390-20250210_120047-20250210_180047-45.000000-49.900000.png,2025-02-10T12:00:47,2025-02-10T18:00:47,45.0,49.9,2025-02-10T15:00:47,47.45,,,NOISE,2025-02-10T15:00:47,47.45,,,NOISE,2025-02-10T15:00:47,47.45,,,NOISE,2025-02-10T15:00:47,47.45,,,NOISE
2026-03-06T11:00:59.266622,Map-Energy__sum__linear-conv00400-20250210_180047-20250211_000047-45.000000-49.900000.png,2025-02-10T18:00:47,2025-02-11T00:00:47,45.0,49.9,2025-02-10T21:00:47,47.45,,,NOISE,2025-02-10T21:00:47,47.45,,,NOISE,2025-02-10T21:00:47,47.45,,,NOISE,2025-02-10T21:00:47,47.45,,,NOISE
2026-03-06T11:01:00.106426,Map-Energy__sum__linear-conv00410-20250211_000047-20250211_060047-45.000000-49.900000.png,2025-02-11T00:00:47,2025-02-11T06:00:47,45.0,49.9,2025-02-11T03:00:47,47.45,,,NOISE,2025-02-11T03:00:47,47.45,,,NOISE,2025-02-11T03:00:47,47.45,,,NOISE,2025-02-11T03:00:47,47.45,,,NOISE
2026-03-06T11:01:01.178135,Map-Energy__sum__linear-conv00420-20250211_060047-20250211_120047-45.000000-49.900000.png,2025-02-11T06:00:47,2025-02-11T12:00:47,45.0,49.9,2025-02-11T09:00:47,47.45,,,NOISE,2025-02-11T09:00:47,47.45,,,NOISE,2025-02-11T09:00:47,47.45,,,NOISE,2025-02-11T09:00:47,47.45,,,NOISE
2026-03-06T11:01:02.002205,Map-Energy__sum__linear-conv00430-20250211_120047-20250211_180047-45.000000-49.900000.png,2025-02-11T12:00:47,2025-02-11T18:00:47,45.0,49.9,2025-02-11T15:00:47,47.45,,,NOISE,2025-02-11T15:00:47,47.45,,,NOISE,2025-02-11T15:00:47,47.45,,,NOISE,2025-02-11T15:00:47,47.45,,,NOISE
2026-03-06T11:01:02.858082,Map-Energy__sum__linear-conv00440-20250211_180047-20250212_000047-45.000000-49.900000.png,2025-02-11T18:00:47,2025-02-12T00:00:47,45.0,49.9,2025-02-11T21:00:47,47.45,,,NOISE,2025-02-11T21:00:47,47.45,,,NOISE,2025-02-11T21:00:47,47.45,,,NOISE,2025-02-11T21:00:47,47.45,,,NOISE
2026-03-06T11:01:03.794269,Map-Energy__sum__linear-conv00450-20250212_000047-20250212_060047-45.000000-49.900000.png,2025-02-12T00:00:47,2025-02-12T06:00:47,45.0,49.9,2025-02-12T03:00:47,47.45,,,NOISE,2025-02-12T03:00:47,47.45,,,NOISE,2025-02-12T03:00:47,47.45,,,NOISE,2025-02-12T03:00:47,47.45,,,NOISE
2026-03-06T11:01:04.698203,Map-Energy__sum__linear-conv00460-20250212_060047-20250212_120047-45.000000-49.900000.png,2025-02-12T06:00:47,2025-02-12T12:00:47,45.0,49.9,2025-02-12T09:00:47,47.45,,,NOISE,2025-02-12T09:00:47,47.45,,,NOISE,2025-02-12T09:00:47,47.45,,,NOISE,2025-02-12T09:00:47,47.45,,,NOISE
2026-03-06T11:01:05.506237,Map-Energy__sum__linear-conv00470-20250212_120047-20250212_180047-45.000000-49.900000.png,2025-02-12T12:00:47,2025-02-12T18:00:47,45.0,49.9,2025-02-12T15:00:47,47.45,,,NOISE,2025-02-12T15:00:47,47.45,,,NOISE,2025-02-12T15:00:47,47.45,,,NOISE,2025-02-12T15:00:47,47.45,,,NOISE
2026-03-06T11:01:05.982096,Map-Energy__sum__linear-conv00480-20250212_180047-20250213_000047-45.000000-49.900000.png,2025-02-12T18:00:47,2025-02-13T00:00:47,45.0,49.9,2025-02-12T21:00:47,47.45,,,NOISE,2025-02-12T21:00:47,47.45,,,NOISE,2025-02-12T21:00:47,47.45,,,NOISE,2025-02-12T21:00:47,47.45,,,NOISE
2026-03-06T11:01:06.914432,Map-Energy__sum__linear-conv00490-20250213_000047-20250213_060047-45.000000-49.900000.png,2025-02-13T00:00:47,2025-02-13T06:00:47,45.0,49.9,2025-02-13T03:00:47,47.45,,,NOISE,2025-02-13T03:00:47,47.45,,,NOISE,2025-02-13T03:00:47,47.45,,,NOISE,2025-02-13T03:00:47,47.45,,,NOISE
2026-03-06T11:01:07.626204,Map-Energy__sum__linear-conv00500-20250213_060047-20250213_120047-45.000000-49.900000.png,2025-02-13T06:00:47,2025-02-13T12:00:47,45.0,49.9,2025-02-13T09:00:47,47.45,,,NOISE,2025-02-13T09:00:47,47.45,,,NOISE,2025-02-13T09:00:47,47.45,,,NOISE,2025-02-13T09:00:47,47.45,,,NOISE
2026-03-06T11:01:08.514274,Map-Energy__sum__linear-conv00510-20250213_120047-20250213_180047-45.000000-49.900000.png,2025-02-13T12:00:47,2025-02-13T18:00:47,45.0,49.9,2025-02-13T15:00:47,47.45,,,NOISE,2025-02-13T15:00:47,47.45,,,NOISE,2025-02-13T15:00:47,47.45,,,NOISE,2025-02-13T15:00:47,47.45,,,NOISE
2026-03-06T11:01:09.274142,Map-Energy__sum__linear-conv00520-20250213_180047-20250214_000047-45.000000-49.900000.png,2025-02-13T18:00:47,2025-02-14T00:00:47,45.0,49.9,2025-02-13T21:00:47,47.45,,,NOISE,2025-02-13T21:00:47,47.45,,,NOISE,2025-02-13T21:00:47,47.45,,,NOISE,2025-02-13T21:00:47,47.45,,,NOISE
2026-03-06T11:01:10.186160,Map-Energy__sum__linear-conv00530-20250214_000047-20250214_060047-45.000000-49.900000.png,2025-02-14T00:00:47,2025-02-14T06:00:47,45.0,49.9,2025-02-14T03:00:47,47.45,,,NOISE,2025-02-14T03:00:47,47.45,,,NOISE,2025-02-14T03:00:47,47.45,,,NOISE,2025-02-14T03:00:47,47.45,,,NOISE
2026-03-06T11:01:11.018175,Map-Energy__sum__linear-conv00540-20250214_060047-20250214_120047-45.000000-49.900000.png,2025-02-14T06:00:47,2025-02-14T12:00:47,45.0,49.9,2025-02-14T09:00:47,47.45,,,NOISE,2025-02-14T09:00:47,47.45,,,NOISE,2025-02-14T09:00:47,47.45,,,NOISE,2025-02-14T09:00:47,47.45,,,NOISE
2026-03-06T11:01:11.882275,Map-Energy__sum__linear-conv00550-20250214_120047-20250214_180047-45.000000-49.900000.png,2025-02-14T12:00:47,2025-02-14T18:00:47,45.0,49.9,2025-02-14T15:00:47,47.45,,,NOISE,2025-02-14T15:00:47,47.45,,,NOISE,2025-02-14T15:00:47,47.45,,,NOISE,2025-02-14T15:00:47,47.45,,,NOISE
2026-03-06T11:01:12.730255,Map-Energy__sum__linear-conv00560-20250214_180047-20250215_000047-45.000000-49.900000.png,2025-02-14T18:00:47,2025-02-15T00:00:47,45.0,49.9,2025-02-14T21:00:47,47.45,,,NOISE,2025-02-14T21:00:47,47.45,,,NOISE,2025-02-14T21:00:47,47.45,,,NOISE,2025-02-14T21:00:47,47.45,,,NOISE
2026-03-06T11:01:13.610205,Map-Energy__sum__linear-conv00570-20250215_000047-20250215_060047-45.000000-49.900000.png,2025-02-15T00:00:47,2025-02-15T06:00:47,45.0,49.9,2025-02-15T03:00:47,47.45,,,NOISE,2025-02-15T03:00:47,47.45,,,NOISE,2025-02-15T03:00:47,47.45,,,NOISE,2025-02-15T03:00:47,47.45,,,NOISE
2026-03-06T11:01:14.338244,Map-Energy__sum__linear-conv00580-20250215_060047-20250215_120047-45.000000-49.900000.png,2025-02-15T06:00:47,2025-02-15T12:00:47,45.0,49.9,2025-02-15T09:00:47,47.45,,,NOISE,2025-02-15T09:00:47,47.45,,,NOISE,2025-02-15T09:00:47,47.45,,,NOISE,2025-02-15T09:00:47,47.45,,,NOISE
2026-03-06T11:01:15.322356,Map-Energy__sum__linear-conv00590-20250215_120047-20250215_180047-45.000000-49.900000.png,2025-02-15T12:00:47,2025-02-15T18:00:47,45.0,49.9,2025-02-15T15:00:47,47.45,,,NOISE,2025-02-15T15:00:47,47.45,,,NOISE,2025-02-15T15:00:47,47.45,,,NOISE,2025-02-15T15:00:47,47.45,,,NOISE
2026-03-06T11:01:16.058239,Map-Energy__sum__linear-conv00600-20250215_180047-20250216_000047-45.000000-49.900000.png,2025-02-15T18:00:47,2025-02-16T00:00:47,45.0,49.9,2025-02-15T21:00:47,47.45,,,NOISE,2025-02-15T21:00:47,47.45,,,NOISE,2025-02-15T21:00:47,47.45,,,NOISE,2025-02-15T21:00:47,47.45,,,NOISE
2026-03-06T11:01:16.874543,Map-Energy__sum__linear-conv00610-20250216_000047-20250216_060047-45.000000-49.900000.png,2025-02-16T00:00:47,2025-02-16T06:00:47,45.0,49.9,2025-02-16T03:00:47,47.45,,,NOISE,2025-02-16T03:00:47,47.45,,,NOISE,2025-02-16T03:00:47,47.45,,,NOISE,2025-02-16T03:00:47,47.45,,,NOISE
2026-03-06T11:01:17.706111,Map-Energy__sum__linear-conv00620-20250216_060047-20250216_120047-45.000000-49.900000.png,2025-02-16T06:00:47,2025-02-16T12:00:47,45.0,49.9,2025-02-16T09:00:47,47.45,,,NOISE,2025-02-16T09:00:47,47.45,,,NOISE,2025-02-16T09:00:47,47.45,,,NOISE,2025-02-16T09:00:47,47.45,,,NOISE
2026-03-06T11:01:18.634159,Map-Energy__sum__linear-conv00630-20250216_120047-20250216_180047-45.000000-49.900000.png,2025-02-16T12:00:47,2025-02-16T18:00:47,45.0,49.9,2025-02-16T15:00:47,47.45,,,NOISE,2025-02-16T15:00:47,47.45,,,NOISE,2025-02-16T15:00:47,47.45,,,NOISE,2025-02-16T15:00:47,47.45,,,NOISE
2026-03-06T11:01:19.410081,Map-Energy__sum__linear-conv00640-20250216_180047-20250217_000047-45.000000-49.900000.png,2025-02-16T18:00:47,2025-02-17T00:00:47,45.0,49.9,2025-02-16T21:00:47,47.45,,,NOISE,2025-02-16T21:00:47,47.45,,,NOISE,2025-02-16T21:00:47,47.45,,,NOISE,2025-02-16T21:00:47,47.45,,,NOISE
2026-03-06T11:01:21.010221,Map-Energy__sum__linear-conv00650-20250217_000047-20250217_060047-45.000000-49.900000.png,2025-02-17T00:00:47,2025-02-17T06:00:47,45.0,49.9,2025-02-17T03:00:47,47.45,,,NOISE,2025-02-17T03:00:47,47.45,,,NOISE,2025-02-17T03:00:47,47.45,,,NOISE,2025-02-17T03:00:47,47.45,,,NOISE
2026-03-06T11:01:22.826375,Map-Energy__sum__linear-conv00660-20250217_060047-20250217_120047-45.000000-49.900000.png,2025-02-17T06:00:47,2025-02-17T12:00:47,45.0,49.9,2025-02-17T09:00:47,47.45,,,NOISE,2025-02-17T09:00:47,47.45,,,NOISE,2025-02-17T09:00:47,47.45,,,NOISE,2025-02-17T09:00:47,47.45,,,NOISE
2026-03-06T11:01:23.866114,Map-Energy__sum__linear-conv00670-20250217_120047-20250217_180047-45.000000-49.900000.png,2025-02-17T12:00:47,2025-02-17T18:00:47,45.0,49.9,2025-02-17T15:00:47,47.45,,,NOISE,2025-02-17T15:00:47,47.45,,,NOISE,2025-02-17T15:00:47,47.45,,,NOISE,2025-02-17T15:00:47,47.45,,,NOISE
2026-03-06T11:01:24.842417,Map-Energy__sum__linear-conv00680-20250217_180047-20250218_000047-45.000000-49.900000.png,2025-02-17T18:00:47,2025-02-18T00:00:47,45.0,49.9,2025-02-17T21:00:47,47.45,,,NOISE,2025-02-17T21:00:47,47.45,,,NOISE,2025-02-17T21:00:47,47.45,,,NOISE,2025-02-17T21:00:47,47.45,,,NOISE
2026-03-06T11:01:28.330031,Map-Energy__sum__linear-conv00690-20250218_000047-20250218_060047-45.000000-49.900000.png,2025-02-18T00:00:47,2025-02-18T06:00:47,45.0,49.9,2025-02-18T03:00:47,47.45,,,NOISE,2025-02-18T03:00:47,47.45,,,NOISE,2025-02-18T03:00:47,47.45,,,NOISE,2025-02-18T03:00:47,47.45,,,NOISE
2026-03-06T11:01:29.306204,Map-Energy__sum__linear-conv00700-20250218_060047-20250218_120047-45.000000-49.900000.png,2025-02-18T06:00:47,2025-02-18T12:00:47,45.0,49.9,2025-02-18T09:00:47,47.45,,,NOISE,2025-02-18T09:00:47,47.45,,,NOISE,2025-02-18T09:00:47,47.45,,,NOISE,2025-02-18T09:00:47,47.45,,,NOISE
2026-03-06T11:01:30.122219,Map-Energy__sum__linear-conv00710-20250218_120047-20250218_180047-45.000000-49.900000.png,2025-02-18T12:00:47,2025-02-18T18:00:47,45.0,49.9,2025-02-18T15:00:47,47.45,,,NOISE,2025-02-18T15:00:47,47.45,,,NOISE,2025-02-18T15:00:47,47.45,,,NOISE,2025-02-18T15:00:47,47.45,,,NOISE
2026-03-06T11:01:31.577965,Map-Energy__sum__linear-conv00720-20250218_180047-20250219_000047-45.000000-49.900000.png,2025-02-18T18:00:47,2025-02-19T00:00:47,45.0,49.9,2025-02-18T21:00:47,47.45,,,NOISE,2025-02-18T21:00:47,47.45,,,NOISE,2025-02-18T21:00:47,47.45,,,NOISE,2025-02-18T21:00:47,47.45,,,NOISE
2026-03-06T11:01:34.090259,Map-Energy__sum__linear-conv00730-20250219_000047-20250219_060047-45.000000-49.900000.png,2025-02-19T00:00:47,2025-02-19T06:00:47,45.0,49.9,2025-02-19T03:00:47,47.45,,,NOISE,2025-02-19T03:00:47,47.45,,,NOISE,2025-02-19T03:00:47,47.45,,,NOISE,2025-02-19T03:00:47,47.45,,,NOISE
2026-03-06T11:01:35.185985,Map-Energy__sum__linear-conv00740-20250219_060047-20250219_120047-45.000000-49.900000.png,2025-02-19T06:00:47,2025-02-19T12:00:47,45.0,49.9,2025-02-19T09:00:47,47.45,,,NOISE,2025-02-19T09:00:47,47.45,,,NOISE,2025-02-19T09:00:47,47.45,,,NOISE,2025-02-19T09:00:47,47.45,,,NOISE
2026-03-06T11:01:36.146245,Map-Energy__sum__linear-conv00750-20250219_120047-20250219_180047-45.000000-49.900000.png,2025-02-19T12:00:47,2025-02-19T18:00:47,45.0,49.9,2025-02-19T15:00:47,47.45,,,NOISE,2025-02-19T15:00:47,47.45,,,NOISE,2025-02-19T15:00:47,47.45,,,NOISE,2025-02-19T15:00:47,47.45,,,NOISE
2026-03-06T11:01:37.210004,Map-Energy__sum__linear-conv00760-20250219_180047-20250220_000047-45.000000-49.900000.png,2025-02-19T18:00:47,2025-02-20T00:00:47,45.0,49.9,2025-02-19T21:00:47,47.45,,,NOISE,2025-02-19T21:00:47,47.45,,,NOISE,2025-02-19T21:00:47,47.45,,,NOISE,2025-02-19T21:00:47,47.45,,,NOISE
2026-03-06T11:01:38.106253,Map-Energy__sum__linear-conv00770-20250220_000047-20250220_060047-45.000000-49.900000.png,2025-02-20T00:00:47,2025-02-20T06:00:47,45.0,49.9,2025-02-20T03:00:47,47.45,,,NOISE,2025-02-20T03:00:47,47.45,,,NOISE,2025-02-20T03:00:47,47.45,,,NOISE,2025-02-20T03:00:47,47.45,,,NOISE
2026-03-06T11:01:39.018470,Map-Energy__sum__linear-conv00780-20250220_060047-20250220_120047-45.000000-49.900000.png,2025-02-20T06:00:47,2025-02-20T12:00:47,45.0,49.9,2025-02-20T09:00:47,47.45,,,NOISE,2025-02-20T09:00:47,47.45,,,NOISE,2025-02-20T09:00:47,47.45,,,NOISE,2025-02-20T09:00:47,47.45,,,NOISE
2026-03-06T11:01:40.218180,Map-Energy__sum__linear-conv00790-20250220_120047-20250220_180047-45.000000-49.900000.png,2025-02-20T12:00:47,2025-02-20T18:00:47,45.0,49.9,2025-02-20T15:00:47,47.45,,,NOISE,2025-02-20T15:00:47,47.45,,,NOISE,2025-02-20T15:00:47,47.45,,,NOISE,2025-02-20T15:00:47,47.45,,,NOISE
2026-03-06T11:01:41.218058,Map-Energy__sum__linear-conv00800-20250220_180047-20250221_000047-45.000000-49.900000.png,2025-02-20T18:00:47,2025-02-21T00:00:47,45.0,49.9,2025-02-20T21:00:47,47.45,,,NOISE,2025-02-20T21:00:47,47.45,,,NOISE,2025-02-20T21:00:47,47.45,,,NOISE,2025-02-20T21:00:47,47.45,,,NOISE
2026-03-06T11:01:42.362088,Map-Energy__sum__linear-conv00810-20250221_000047-20250221_060047-45.000000-49.900000.png,2025-02-21T00:00:47,2025-02-21T06:00:47,45.0,49.9,2025-02-21T03:00:47,47.45,,,NOISE,2025-02-21T03:00:47,47.45,,,NOISE,2025-02-21T03:00:47,47.45,,,NOISE,2025-02-21T03:00:47,47.45,,,NOISE
2026-03-06T11:01:43.730345,Map-Energy__sum__linear-conv00820-20250221_060047-20250221_120047-45.000000-49.900000.png,2025-02-21T06:00:47,2025-02-21T12:00:47,45.0,49.9,2025-02-21T09:00:47,47.45,,,NOISE,2025-02-21T09:00:47,47.45,,,NOISE,2025-02-21T09:00:47,47.45,,,NOISE,2025-02-21T09:00:47,47.45,,,NOISE
2026-03-06T11:01:45.418225,Map-Energy__sum__linear-conv00830-20250221_120047-20250221_180047-45.000000-49.900000.png,2025-02-21T12:00:47,2025-02-21T18:00:47,45.0,49.9,2025-02-21T15:00:47,47.45,,,NOISE,2025-02-21T15:00:47,47.45,,,NOISE,2025-02-21T15:00:47,47.45,,,NOISE,2025-02-21T15:00:47,47.45,,,NOISE
2026-03-06T11:01:46.858194,Map-Energy__sum__linear-conv00840-20250221_180047-20250222_000047-45.000000-49.900000.png,2025-02-21T18:00:47,2025-02-22T00:00:47,45.0,49.9,2025-02-21T21:00:47,47.45,,,NOISE,2025-02-21T21:00:47,47.45,,,NOISE,2025-02-21T21:00:47,47.45,,,NOISE,2025-02-21T21:00:47,47.45,,,NOISE
2026-03-06T11:01:47.890169,Map-Energy__sum__linear-conv00850-20250222_000047-20250222_060047-45.000000-49.900000.png,2025-02-22T00:00:47,2025-02-22T06:00:47,45.0,49.9,2025-02-22T03:00:47,47.45,,,NOISE,2025-02-22T03:00:47,47.45,,,NOISE,2025-02-22T03:00:47,47.45,,,NOISE,2025-02-22T03:00:47,47.45,,,NOISE
2026-03-06T11:01:48.810262,Map-Energy__sum__linear-conv00860-20250222_060047-20250222_120047-45.000000-49.900000.png,2025-02-22T06:00:47,2025-02-22T12:00:47,45.0,49.9,2025-02-22T09:00:47,47.45,,,NOISE,2025-02-22T09:00:47,47.45,,,NOISE,2025-02-22T09:00:47,47.45,,,NOISE,2025-02-22T09:00:47,47.45,,,NOISE
2026-03-06T11:01:50.090155,Map-Energy__sum__linear-conv00870-20250222_120047-20250222_180047-45.000000-49.900000.png,2025-02-22T12:00:47,2025-02-22T18:00:47,45.0,49.9,2025-02-22T15:00:47,47.45,,,NOISE,2025-02-22T15:00:47,47.45,,,NOISE,2025-02-22T15:00:47,47.45,,,NOISE,2025-02-22T15:00:47,47.45,,,NOISE
2026-03-06T11:01:51.154222,Map-Energy__sum__linear-conv00880-20250222_180047-20250223_000047-45.000000-49.900000.png,2025-02-22T18:00:47,2025-02-23T00:00:47,45.0,49.9,2025-02-22T21:00:47,47.45,,,NOISE,2025-02-22T21:00:47,47.45,,,NOISE,2025-02-22T21:00:47,47.45,,,NOISE,2025-02-22T21:00:47,47.45,,,NOISE
2026-03-06T11:01:52.105990,Map-Energy__sum__linear-conv00890-20250223_000047-20250223_060047-45.000000-49.900000.png,2025-02-23T00:00:47,2025-02-23T06:00:47,45.0,49.9,2025-02-23T03:00:47,47.45,,,NOISE,2025-02-23T03:00:47,47.45,,,NOISE,2025-02-23T03:00:47,47.45,,,NOISE,2025-02-23T03:00:47,47.45,,,NOISE
2026-03-06T11:01:53.210194,Map-Energy__sum__linear-conv00900-20250223_060047-20250223_120047-45.000000-49.900000.png,2025-02-23T06:00:47,2025-02-23T12:00:47,45.0,49.9,2025-02-23T09:00:47,47.45,,,NOISE,2025-02-23T09:00:47,47.45,,,NOISE,2025-02-23T09:00:47,47.45,,,NOISE,2025-02-23T09:00:47,47.45,,,NOISE
2026-03-06T11:01:54.282247,Map-Energy__sum__linear-conv00910-20250223_120047-20250223_180047-45.000000-49.900000.png,2025-02-23T12:00:47,2025-02-23T18:00:47,45.0,49.9,2025-02-23T15:00:47,47.45,,,NOISE,2025-02-23T15:00:47,47.45,,,NOISE,2025-02-23T15:00:47,47.45,,,NOISE,2025-02-23T15:00:47,47.45,,,NOISE
2026-03-06T11:01:55.618138,Map-Energy__sum__linear-conv00920-20250223_180047-20250224_000047-45.000000-49.900000.png,2025-02-23T18:00:47,2025-02-24T00:00:47,45.0,49.9,2025-02-23T21:00:47,47.45,,,NOISE,2025-02-23T21:00:47,47.45,,,NOISE,2025-02-23T21:00:47,47.45,,,NOISE,2025-02-23T21:00:47,47.45,,,NOISE
2026-03-06T11:01:56.594042,Map-Energy__sum__linear-conv00930-20250224_000047-20250224_060047-45.000000-49.900000.png,2025-02-24T00:00:47,2025-02-24T06:00:47,45.0,49.9,2025-02-24T03:00:47,47.45,,,NOISE,2025-02-24T03:00:47,47.45,,,NOISE,2025-02-24T03:00:47,47.45,,,NOISE,2025-02-24T03:00:47,47.45,,,NOISE
2026-03-06T11:01:57.802194,Map-Energy__sum__linear-conv00940-20250224_060047-20250224_120047-45.000000-49.900000.png,2025-02-24T06:00:47,2025-02-24T12:00:47,45.0,49.9,2025-02-24T09:00:47,47.45,,,NOISE,2025-02-24T09:00:47,47.45,,,NOISE,2025-02-24T09:00:47,47.45,,,NOISE,2025-02-24T09:00:47,47.45,,,NOISE
2026-03-06T11:01:58.729891,Map-Energy__sum__linear-conv00950-20250224_120047-20250224_180047-45.000000-49.900000.png,2025-02-24T12:00:47,2025-02-24T18:00:47,45.0,49.9,2025-02-24T15:00:47,47.45,,,NOISE,2025-02-24T15:00:47,47.45,,,NOISE,2025-02-24T15:00:47,47.45,,,NOISE,2025-02-24T15:00:47,47.45,,,NOISE
2026-03-06T11:02:00.514039,Map-Energy__sum__linear-conv00960-20250224_180047-20250225_000047-45.000000-49.900000.png,2025-02-24T18:00:47,2025-02-25T00:00:47,45.0,49.9,2025-02-24T21:00:47,47.45,,,NOISE,2025-02-24T21:00:47,47.45,,,NOISE,2025-02-24T21:00:47,47.45,,,NOISE,2025-02-24T21:00:47,47.45,,,NOISE
2026-03-06T11:02:01.706159,Map-Energy__sum__linear-conv00970-20250225_000047-20250225_060047-45.000000-49.900000.png,2025-02-25T00:00:47,2025-02-25T06:00:47,45.0,49.9,2025-02-25T03:00:47,47.45,,,NOISE,2025-02-25T03:00:47,47.45,,,NOISE,2025-02-25T03:00:47,47.45,,,NOISE,2025-02-25T03:00:47,47.45,,,NOISE
2026-03-06T11:02:03.266067,Map-Energy__sum__linear-conv00980-20250225_060047-20250225_120047-45.000000-49.900000.png,2025-02-25T06:00:47,2025-02-25T12:00:47,45.0,49.9,2025-02-25T09:00:47,47.45,,,NOISE,2025-02-25T09:00:47,47.45,,,NOISE,2025-02-25T09:00:47,47.45,,,NOISE,2025-02-25T09:00:47,47.45,,,NOISE
2026-03-06T11:02:04.322196,Map-Energy__sum__linear-conv00990-20250225_120047-20250225_180047-45.000000-49.900000.png,2025-02-25T12:00:47,2025-02-25T18:00:47,45.0,49.9,2025-02-25T15:00:47,47.45,,,NOISE,2025-02-25T15:00:47,47.45,,,NOISE,2025-02-25T15:00:47,47.45,,,NOISE,2025-02-25T15:00:47,47.45,,,NOISE
2026-03-06T11:02:05.570170,Map-Energy__sum__linear-conv01000-20250225_180047-20250226_000047-45.000000-49.900000.png,2025-02-25T18:00:47,2025-02-26T00:00:47,45.0,49.9,2025-02-25T21:00:47,47.45,,,NOISE,2025-02-25T21:00:47,47.45,,,NOISE,2025-02-25T21:00:47,47.45,,,NOISE,2025-02-25T21:00:47,47.45,,,NOISE
2026-03-06T11:02:06.482021,Map-Energy__sum__linear-conv01010-20250226_000047-20250226_060047-45.000000-49.900000.png,2025-02-26T00:00:47,2025-02-26T06:00:47,45.0,49.9,2025-02-26T03:00:47,47.45,,,NOISE,2025-02-26T03:00:47,47.45,,,NOISE,2025-02-26T03:00:47,47.45,,,NOISE,2025-02-26T03:00:47,47.45,,,NOISE
2026-03-06T11:02:08.074460,Map-Energy__sum__linear-conv01020-20250226_060047-20250226_120047-45.000000-49.900000.png,2025-02-26T06:00:47,2025-02-26T12:00:47,45.0,49.9,2025-02-26T09:00:47,47.45,,,NOISE,2025-02-26T09:00:47,47.45,,,NOISE,2025-02-26T09:00:47,47.45,,,NOISE,2025-02-26T09:00:47,47.45,,,NOISE
2026-03-06T11:02:13.954038,Map-Energy__sum__linear-conv01030-20250226_120047-20250226_180047-45.000000-49.900000.png,2025-02-26T12:00:47,2025-02-26T18:00:47,45.0,49.9,2025-02-26T15:00:47,47.45,,,NOISE,2025-02-26T15:00:47,47.45,,,NOISE,2025-02-26T15:00:47,47.45,,,NOISE,2025-02-26T15:00:47,47.45,,,NOISE
2026-03-06T11:02:14.810123,Map-Energy__sum__linear-conv01040-20250226_180047-20250227_000047-45.000000-49.900000.png,2025-02-26T18:00:47,2025-02-27T00:00:47,45.0,49.9,2025-02-26T21:00:47,47.45,,,NOISE,2025-02-26T21:00:47,47.45,,,NOISE,2025-02-26T21:00:47,47.45,,,NOISE,2025-02-26T21:00:47,47.45,,,NOISE
2026-03-06T11:02:15.690170,Map-Energy__sum__linear-conv01050-20250227_000047-20250227_060047-45.000000-49.900000.png,2025-02-27T00:00:47,2025-02-27T06:00:47,45.0,49.9,2025-02-27T03:00:47,47.45,,,NOISE,2025-02-27T03:00:47,47.45,,,NOISE,2025-02-27T03:00:47,47.45,,,NOISE,2025-02-27T03:00:47,47.45,,,NOISE
2026-03-06T11:02:16.546197,Map-Energy__sum__linear-conv01060-20250227_060047-20250227_120047-45.000000-49.900000.png,2025-02-27T06:00:47,2025-02-27T12:00:47,45.0,49.9,2025-02-27T09:00:47,47.45,,,NOISE,2025-02-27T09:00:47,47.45,,,NOISE,2025-02-27T09:00:47,47.45,,,NOISE,2025-02-27T09:00:47,47.45,,,NOISE
2026-03-06T11:02:17.274133,Map-Energy__sum__linear-conv01070-20250227_120047-20250227_180047-45.000000-49.900000.png,2025-02-27T12:00:47,2025-02-27T18:00:47,45.0,49.9,2025-02-27T15:00:47,47.45,,,NOISE,2025-02-27T15:00:47,47.45,,,NOISE,2025-02-27T15:00:47,47.45,,,NOISE,2025-02-27T15:00:47,47.45,,,NOISE
2026-03-06T11:02:18.162163,Map-Energy__sum__linear-conv01080-20250227_180047-20250228_000047-45.000000-49.900000.png,2025-02-27T18:00:47,2025-02-28T00:00:47,45.0,49.9,2025-02-27T21:00:47,47.45,,,NOISE,2025-02-27T21:00:47,47.45,,,NOISE,2025-02-27T21:00:47,47.45,,,NOISE,2025-02-27T21:00:47,47.45,,,NOISE
2026-03-06T11:02:19.162041,Map-Energy__sum__linear-conv01090-20250228_000047-20250228_060047-45.000000-49.900000.png,2025-02-28T00:00:47,2025-02-28T06:00:47,45.0,49.9,2025-02-28T03:00:47,47.45,,,NOISE,2025-02-28T03:00:47,47.45,,,NOISE,2025-02-28T03:00:47,47.45,,,NOISE,2025-02-28T03:00:47,47.45,,,NOISE
2026-03-06T11:02:20.002069,Map-Energy__sum__linear-conv01100-20250228_060047-20250228_120047-45.000000-49.900000.png,2025-02-28T06:00:47,2025-02-28T12:00:47,45.0,49.9,2025-02-28T09:00:47,47.45,,,NOISE,2025-02-28T09:00:47,47.45,,,NOISE,2025-02-28T09:00:47,47.45,,,NOISE,2025-02-28T09:00:47,47.45,,,NOISE
2026-03-06T11:02:21.330140,Map-Energy__sum__linear-conv01110-20250228_120047-20250228_180047-45.000000-49.900000.png,2025-02-28T12:00:47,2025-02-28T18:00:47,45.0,49.9,2025-02-28T15:00:47,47.45,,,NOISE,2025-02-28T15:00:47,47.45,,,NOISE,2025-02-28T15:00:47,47.45,,,NOISE,2025-02-28T15:00:47,47.45,,,NOISE
2026-03-06T11:02:22.610115,Map-Energy__sum__linear-conv01120-20250228_180047-20250301_000047-45.000000-49.900000.png,2025-02-28T18:00:47,2025-03-01T00:00:47,45.0,49.9,2025-02-28T21:00:47,47.45,,,NOISE,2025-02-28T21:00:47,47.45,,,NOISE,2025-02-28T21:00:47,47.45,,,NOISE,2025-02-28T21:00:47,47.45,,,NOISE
