edited_at,filename,init_dt,end_dt,init_km,end_km,event1_dt,event1_km,event1_lon,event1_lat,event1_label,event2_dt,event2_km,event2_lon,event2_lat,event2_label,event3_dt,event3_km,event3_lon,event3_lat,event3_label,event4_dt,event4_km,event4_lon,event4_lat,event4_label
2026-03-05T12:06:46.162470,Map-Energy__sum__linear-conv00001-20250101_000047-20250101_060047-0.050000-5.000000.png,2025-01-01T00:00:47,2025-01-01T06:00:47,0.05,5.0,2025-01-01T03:00:47,2.525,,,NOISE,2025-01-01T03:00:47,2.525,,,NOISE,2025-01-01T03:00:47,2.525,,,NOISE,2025-01-01T03:00:47,2.525,,,NOISE
2026-03-05T12:06:50.171052,Map-Energy__sum__linear-conv00011-20250101_060047-20250101_120047-0.050000-5.000000.png,2025-01-01T06:00:47,2025-01-01T12:00:47,0.05,5.0,2025-01-01T09:00:47,2.525,,,NOISE,2025-01-01T09:00:47,2.525,,,NOISE,2025-01-01T09:00:47,2.525,,,NOISE,2025-01-01T09:00:47,2.525,,,NOISE
2026-03-05T12:08:47.882390,Map-Energy__sum__linear-conv00021-20250101_120047-20250101_180047-0.050000-5.000000.png,2025-01-01T12:00:47,2025-01-01T18:00:47,0.05,5.0,2025-01-01T15:00:47,2.525,,,NOISE,2025-01-01T15:00:47,2.525,,,NOISE,2025-01-01T15:00:47,2.525,,,NOISE,2025-01-01T15:00:47,2.525,,,NOISE
2026-03-05T12:08:49.346544,Map-Energy__sum__linear-conv00031-20250101_180047-20250102_000047-0.050000-5.000000.png,2025-01-01T18:00:47,2025-01-02T00:00:47,0.05,5.0,2025-01-01T21:00:47,2.525,,,NOISE,2025-01-01T21:00:47,2.525,,,NOISE,2025-01-01T21:00:47,2.525,,,NOISE,2025-01-01T21:00:47,2.525,,,NOISE
2026-03-05T12:08:53.170382,Map-Energy__sum__linear-conv00041-20250102_000047-20250102_060047-0.050000-5.000000.png,2025-01-02T00:00:47,2025-01-02T06:00:47,0.05,5.0,2025-01-02T03:00:47,2.525,,,NOISE,2025-01-02T03:00:47,2.525,,,NOISE,2025-01-02T03:00:47,2.525,,,NOISE,2025-01-02T03:00:47,2.525,,,NOISE
2026-03-05T12:08:55.258543,Map-Energy__sum__linear-conv00051-20250102_060047-20250102_120047-0.050000-5.000000.png,2025-01-02T06:00:47,2025-01-02T12:00:47,0.05,5.0,2025-01-02T09:00:47,2.525,,,NOISE,2025-01-02T09:00:47,2.525,,,NOISE,2025-01-02T09:00:47,2.525,,,NOISE,2025-01-02T09:00:47,2.525,,,NOISE
2026-03-05T12:08:56.682433,Map-Energy__sum__linear-conv00061-20250102_120047-20250102_180047-0.050000-5.000000.png,2025-01-02T12:00:47,2025-01-02T18:00:47,0.05,5.0,2025-01-02T15:00:47,2.525,,,NOISE,2025-01-02T15:00:47,2.525,,,NOISE,2025-01-02T15:00:47,2.525,,,NOISE,2025-01-02T15:00:47,2.525,,,NOISE
2026-03-05T12:08:58.082461,Map-Energy__sum__linear-conv00071-20250102_180047-20250103_000047-0.050000-5.000000.png,2025-01-02T18:00:47,2025-01-03T00:00:47,0.05,5.0,2025-01-02T21:00:47,2.525,,,NOISE,2025-01-02T21:00:47,2.525,,,NOISE,2025-01-02T21:00:47,2.525,,,NOISE,2025-01-02T21:00:47,2.525,,,NOISE
2026-03-05T12:08:59.330635,Map-Energy__sum__linear-conv00081-20250103_000047-20250103_060047-0.050000-5.000000.png,2025-01-03T00:00:47,2025-01-03T06:00:47,0.05,5.0,2025-01-03T03:00:47,2.525,,,NOISE,2025-01-03T03:00:47,2.525,,,NOISE,2025-01-03T03:00:47,2.525,,,NOISE,2025-01-03T03:00:47,2.525,,,NOISE
2026-03-05T12:09:00.458345,Map-Energy__sum__linear-conv00091-20250103_060047-20250103_120047-0.050000-5.000000.png,2025-01-03T06:00:47,2025-01-03T12:00:47,0.05,5.0,2025-01-03T09:00:47,2.525,,,NOISE,2025-01-03T09:00:47,2.525,,,NOISE,2025-01-03T09:00:47,2.525,,,NOISE,2025-01-03T09:00:47,2.525,,,NOISE
2026-03-05T12:09:01.322410,Map-Energy__sum__linear-conv00101-20250103_120047-20250103_180047-0.050000-5.000000.png,2025-01-03T12:00:47,2025-01-03T18:00:47,0.05,5.0,2025-01-03T15:00:47,2.525,,,NOISE,2025-01-03T15:00:47,2.525,,,NOISE,2025-01-03T15:00:47,2.525,,,NOISE,2025-01-03T15:00:47,2.525,,,NOISE
2026-03-05T12:09:02.138422,Map-Energy__sum__linear-conv00111-20250103_180047-20250104_000047-0.050000-5.000000.png,2025-01-03T18:00:47,2025-01-04T00:00:47,0.05,5.0,2025-01-03T21:00:47,2.525,,,NOISE,2025-01-03T21:00:47,2.525,,,NOISE,2025-01-03T21:00:47,2.525,,,NOISE,2025-01-03T21:00:47,2.525,,,NOISE
2026-03-05T12:09:02.994511,Map-Energy__sum__linear-conv00121-20250104_000047-20250104_060047-0.050000-5.000000.png,2025-01-04T00:00:47,2025-01-04T06:00:47,0.05,5.0,2025-01-04T03:00:47,2.525,,,NOISE,2025-01-04T03:00:47,2.525,,,NOISE,2025-01-04T03:00:47,2.525,,,NOISE,2025-01-04T03:00:47,2.525,,,NOISE
2026-03-05T12:09:04.194386,Map-Energy__sum__linear-conv00131-20250104_060047-20250104_120047-0.050000-5.000000.png,2025-01-04T06:00:47,2025-01-04T12:00:47,0.05,5.0,2025-01-04T09:00:47,2.525,,,NOISE,2025-01-04T09:00:47,2.525,,,NOISE,2025-01-04T09:00:47,2.525,,,NOISE,2025-01-04T09:00:47,2.525,,,NOISE
2026-03-05T12:09:05.546474,Map-Energy__sum__linear-conv00141-20250104_120047-20250104_180047-0.050000-5.000000.png,2025-01-04T12:00:47,2025-01-04T18:00:47,0.05,5.0,2025-01-04T15:00:47,2.525,,,NOISE,2025-01-04T15:00:47,2.525,,,NOISE,2025-01-04T15:00:47,2.525,,,NOISE,2025-01-04T15:00:47,2.525,,,NOISE
2026-03-05T12:09:06.578430,Map-Energy__sum__linear-conv00151-20250104_180047-20250105_000047-0.050000-5.000000.png,2025-01-04T18:00:47,2025-01-05T00:00:47,0.05,5.0,2025-01-04T21:00:47,2.525,,,NOISE,2025-01-04T21:00:47,2.525,,,NOISE,2025-01-04T21:00:47,2.525,,,NOISE,2025-01-04T21:00:47,2.525,,,NOISE
2026-03-05T12:09:07.858508,Map-Energy__sum__linear-conv00161-20250105_000047-20250105_060047-0.050000-5.000000.png,2025-01-05T00:00:47,2025-01-05T06:00:47,0.05,5.0,2025-01-05T03:00:47,2.525,,,NOISE,2025-01-05T03:00:47,2.525,,,NOISE,2025-01-05T03:00:47,2.525,,,NOISE,2025-01-05T03:00:47,2.525,,,NOISE
2026-03-05T12:09:09.602499,Map-Energy__sum__linear-conv00171-20250105_060047-20250105_120047-0.050000-5.000000.png,2025-01-05T06:00:47,2025-01-05T12:00:47,0.05,5.0,2025-01-05T09:00:47,2.525,,,NOISE,2025-01-05T09:00:47,2.525,,,NOISE,2025-01-05T09:00:47,2.525,,,NOISE,2025-01-05T09:00:47,2.525,,,NOISE
2026-03-05T12:09:11.146431,Map-Energy__sum__linear-conv00181-20250105_120047-20250105_180047-0.050000-5.000000.png,2025-01-05T12:00:47,2025-01-05T18:00:47,0.05,5.0,2025-01-05T15:00:47,2.525,,,NOISE,2025-01-05T15:00:47,2.525,,,NOISE,2025-01-05T15:00:47,2.525,,,NOISE,2025-01-05T15:00:47,2.525,,,NOISE
2026-03-05T12:09:12.274516,Map-Energy__sum__linear-conv00191-20250105_180047-20250106_000047-0.050000-5.000000.png,2025-01-05T18:00:47,2025-01-06T00:00:47,0.05,5.0,2025-01-05T21:00:47,2.525,,,NOISE,2025-01-05T21:00:47,2.525,,,NOISE,2025-01-05T21:00:47,2.525,,,NOISE,2025-01-05T21:00:47,2.525,,,NOISE
2026-03-05T12:09:13.138477,Map-Energy__sum__linear-conv00201-20250106_000047-20250106_060047-0.050000-5.000000.png,2025-01-06T00:00:47,2025-01-06T06:00:47,0.05,5.0,2025-01-06T03:00:47,2.525,,,NOISE,2025-01-06T03:00:47,2.525,,,NOISE,2025-01-06T03:00:47,2.525,,,NOISE,2025-01-06T03:00:47,2.525,,,NOISE
2026-03-05T12:09:13.978407,Map-Energy__sum__linear-conv00211-20250106_060047-20250106_120047-0.050000-5.000000.png,2025-01-06T06:00:47,2025-01-06T12:00:47,0.05,5.0,2025-01-06T09:00:47,2.525,,,NOISE,2025-01-06T09:00:47,2.525,,,NOISE,2025-01-06T09:00:47,2.525,,,NOISE,2025-01-06T09:00:47,2.525,,,NOISE
2026-03-05T12:09:14.850196,Map-Energy__sum__linear-conv00221-20250106_120047-20250106_180047-0.050000-5.000000.png,2025-01-06T12:00:47,2025-01-06T18:00:47,0.05,5.0,2025-01-06T15:00:47,2.525,,,NOISE,2025-01-06T15:00:47,2.525,,,NOISE,2025-01-06T15:00:47,2.525,,,NOISE,2025-01-06T15:00:47,2.525,,,NOISE
2026-03-05T12:09:15.730503,Map-Energy__sum__linear-conv00231-20250106_180047-20250107_000047-0.050000-5.000000.png,2025-01-06T18:00:47,2025-01-07T00:00:47,0.05,5.0,2025-01-06T21:00:47,2.525,,,NOISE,2025-01-06T21:00:47,2.525,,,NOISE,2025-01-06T21:00:47,2.525,,,NOISE,2025-01-06T21:00:47,2.525,,,NOISE
2026-03-05T12:09:16.474355,Map-Energy__sum__linear-conv00241-20250107_000047-20250107_060047-0.050000-5.000000.png,2025-01-07T00:00:47,2025-01-07T06:00:47,0.05,5.0,2025-01-07T03:00:47,2.525,,,NOISE,2025-01-07T03:00:47,2.525,,,NOISE,2025-01-07T03:00:47,2.525,,,NOISE,2025-01-07T03:00:47,2.525,,,NOISE
2026-03-05T12:09:17.402373,Map-Energy__sum__linear-conv00251-20250107_060047-20250107_120047-0.050000-5.000000.png,2025-01-07T06:00:47,2025-01-07T12:00:47,0.05,5.0,2025-01-07T09:00:47,2.525,,,NOISE,2025-01-07T09:00:47,2.525,,,NOISE,2025-01-07T09:00:47,2.525,,,NOISE,2025-01-07T09:00:47,2.525,,,NOISE
2026-03-05T12:09:18.202515,Map-Energy__sum__linear-conv00261-20250107_120047-20250107_180047-0.050000-5.000000.png,2025-01-07T12:00:47,2025-01-07T18:00:47,0.05,5.0,2025-01-07T15:00:47,2.525,,,NOISE,2025-01-07T15:00:47,2.525,,,NOISE,2025-01-07T15:00:47,2.525,,,NOISE,2025-01-07T15:00:47,2.525,,,NOISE
2026-03-05T12:09:18.962462,Map-Energy__sum__linear-conv00271-20250107_180047-20250108_000047-0.050000-5.000000.png,2025-01-07T18:00:47,2025-01-08T00:00:47,0.05,5.0,2025-01-07T21:00:47,2.525,,,NOISE,2025-01-07T21:00:47,2.525,,,NOISE,2025-01-07T21:00:47,2.525,,,NOISE,2025-01-07T21:00:47,2.525,,,NOISE
2026-03-05T12:09:19.778457,Map-Energy__sum__linear-conv00281-20250108_000047-20250108_060047-0.050000-5.000000.png,2025-01-08T00:00:47,2025-01-08T06:00:47,0.05,5.0,2025-01-08T03:00:47,2.525,,,NOISE,2025-01-08T03:00:47,2.525,,,NOISE,2025-01-08T03:00:47,2.525,,,NOISE,2025-01-08T03:00:47,2.525,,,NOISE
2026-03-05T12:09:20.514198,Map-Energy__sum__linear-conv00291-20250108_060047-20250108_120047-0.050000-5.000000.png,2025-01-08T06:00:47,2025-01-08T12:00:47,0.05,5.0,2025-01-08T09:00:47,2.525,,,NOISE,2025-01-08T09:00:47,2.525,,,NOISE,2025-01-08T09:00:47,2.525,,,NOISE,2025-01-08T09:00:47,2.525,,,NOISE
2026-03-05T12:09:21.338445,Map-Energy__sum__linear-conv00301-20250108_120047-20250108_180047-0.050000-5.000000.png,2025-01-08T12:00:47,2025-01-08T18:00:47,0.05,5.0,2025-01-08T15:00:47,2.525,,,NOISE,2025-01-08T15:00:47,2.525,,,NOISE,2025-01-08T15:00:47,2.525,,,NOISE,2025-01-08T15:00:47,2.525,,,NOISE
2026-03-05T12:09:22.634672,Map-Energy__sum__linear-conv00311-20250108_180047-20250109_000047-0.050000-5.000000.png,2025-01-08T18:00:47,2025-01-09T00:00:47,0.05,5.0,2025-01-08T21:00:47,2.525,,,NOISE,2025-01-08T21:00:47,2.525,,,NOISE,2025-01-08T21:00:47,2.525,,,NOISE,2025-01-08T21:00:47,2.525,,,NOISE
2026-03-05T12:09:23.410408,Map-Energy__sum__linear-conv00321-20250109_000047-20250109_060047-0.050000-5.000000.png,2025-01-09T00:00:47,2025-01-09T06:00:47,0.05,5.0,2025-01-09T03:00:47,2.525,,,NOISE,2025-01-09T03:00:47,2.525,,,NOISE,2025-01-09T03:00:47,2.525,,,NOISE,2025-01-09T03:00:47,2.525,,,NOISE
2026-03-05T12:09:24.258420,Map-Energy__sum__linear-conv00331-20250109_060047-20250109_120047-0.050000-5.000000.png,2025-01-09T06:00:47,2025-01-09T12:00:47,0.05,5.0,2025-01-09T09:00:47,2.525,,,NOISE,2025-01-09T09:00:47,2.525,,,NOISE,2025-01-09T09:00:47,2.525,,,NOISE,2025-01-09T09:00:47,2.525,,,NOISE
2026-03-05T12:09:25.042324,Map-Energy__sum__linear-conv00341-20250109_120047-20250109_180047-0.050000-5.000000.png,2025-01-09T12:00:47,2025-01-09T18:00:47,0.05,5.0,2025-01-09T15:00:47,2.525,,,NOISE,2025-01-09T15:00:47,2.525,,,NOISE,2025-01-09T15:00:47,2.525,,,NOISE,2025-01-09T15:00:47,2.525,,,NOISE
2026-03-05T12:09:26.170337,Map-Energy__sum__linear-conv00351-20250109_180047-20250110_000047-0.050000-5.000000.png,2025-01-09T18:00:47,2025-01-10T00:00:47,0.05,5.0,2025-01-09T21:00:47,2.525,,,NOISE,2025-01-09T21:00:47,2.525,,,NOISE,2025-01-09T21:00:47,2.525,,,NOISE,2025-01-09T21:00:47,2.525,,,NOISE
2026-03-05T12:09:27.146435,Map-Energy__sum__linear-conv00361-20250110_000047-20250110_060047-0.050000-5.000000.png,2025-01-10T00:00:47,2025-01-10T06:00:47,0.05,5.0,2025-01-10T03:00:47,2.525,,,NOISE,2025-01-10T03:00:47,2.525,,,NOISE,2025-01-10T03:00:47,2.525,,,NOISE,2025-01-10T03:00:47,2.525,,,NOISE
2026-03-05T12:09:28.666416,Map-Energy__sum__linear-conv00371-20250110_060047-20250110_120047-0.050000-5.000000.png,2025-01-10T06:00:47,2025-01-10T12:00:47,0.05,5.0,2025-01-10T09:00:47,2.525,,,NOISE,2025-01-10T09:00:47,2.525,,,NOISE,2025-01-10T09:00:47,2.525,,,NOISE,2025-01-10T09:00:47,2.525,,,NOISE
2026-03-05T12:09:29.554422,Map-Energy__sum__linear-conv00381-20250110_120047-20250110_180047-0.050000-5.000000.png,2025-01-10T12:00:47,2025-01-10T18:00:47,0.05,5.0,2025-01-10T15:00:47,2.525,,,NOISE,2025-01-10T15:00:47,2.525,,,NOISE,2025-01-10T15:00:47,2.525,,,NOISE,2025-01-10T15:00:47,2.525,,,NOISE
2026-03-05T12:09:30.338361,Map-Energy__sum__linear-conv00391-20250110_180047-20250111_000047-0.050000-5.000000.png,2025-01-10T18:00:47,2025-01-11T00:00:47,0.05,5.0,2025-01-10T21:00:47,2.525,,,NOISE,2025-01-10T21:00:47,2.525,,,NOISE,2025-01-10T21:00:47,2.525,,,NOISE,2025-01-10T21:00:47,2.525,,,NOISE
2026-03-05T12:09:31.170301,Map-Energy__sum__linear-conv00401-20250111_000047-20250111_060047-0.050000-5.000000.png,2025-01-11T00:00:47,2025-01-11T06:00:47,0.05,5.0,2025-01-11T03:00:47,2.525,,,NOISE,2025-01-11T03:00:47,2.525,,,NOISE,2025-01-11T03:00:47,2.525,,,NOISE,2025-01-11T03:00:47,2.525,,,NOISE
2026-03-05T12:09:32.090440,Map-Energy__sum__linear-conv00411-20250111_060047-20250111_120047-0.050000-5.000000.png,2025-01-11T06:00:47,2025-01-11T12:00:47,0.05,5.0,2025-01-11T09:00:47,2.525,,,NOISE,2025-01-11T09:00:47,2.525,,,NOISE,2025-01-11T09:00:47,2.525,,,NOISE,2025-01-11T09:00:47,2.525,,,NOISE
2026-03-05T12:09:33.050423,Map-Energy__sum__linear-conv00421-20250111_120047-20250111_180047-0.050000-5.000000.png,2025-01-11T12:00:47,2025-01-11T18:00:47,0.05,5.0,2025-01-11T15:00:47,2.525,,,NOISE,2025-01-11T15:00:47,2.525,,,NOISE,2025-01-11T15:00:47,2.525,,,NOISE,2025-01-11T15:00:47,2.525,,,NOISE
2026-03-05T12:09:33.914321,Map-Energy__sum__linear-conv00431-20250111_180047-20250112_000047-0.050000-5.000000.png,2025-01-11T18:00:47,2025-01-12T00:00:47,0.05,5.0,2025-01-11T21:00:47,2.525,,,NOISE,2025-01-11T21:00:47,2.525,,,NOISE,2025-01-11T21:00:47,2.525,,,NOISE,2025-01-11T21:00:47,2.525,,,NOISE
2026-03-05T12:09:34.706475,Map-Energy__sum__linear-conv00441-20250112_000047-20250112_060047-0.050000-5.000000.png,2025-01-12T00:00:47,2025-01-12T06:00:47,0.05,5.0,2025-01-12T03:00:47,2.525,,,NOISE,2025-01-12T03:00:47,2.525,,,NOISE,2025-01-12T03:00:47,2.525,,,NOISE,2025-01-12T03:00:47,2.525,,,NOISE
2026-03-05T12:09:35.498854,Map-Energy__sum__linear-conv00451-20250112_060047-20250112_120047-0.050000-5.000000.png,2025-01-12T06:00:47,2025-01-12T12:00:47,0.05,5.0,2025-01-12T09:00:47,2.525,,,NOISE,2025-01-12T09:00:47,2.525,,,NOISE,2025-01-12T09:00:47,2.525,,,NOISE,2025-01-12T09:00:47,2.525,,,NOISE
2026-03-05T12:09:36.458349,Map-Energy__sum__linear-conv00461-20250112_120047-20250112_180047-0.050000-5.000000.png,2025-01-12T12:00:47,2025-01-12T18:00:47,0.05,5.0,2025-01-12T15:00:47,2.525,,,NOISE,2025-01-12T15:00:47,2.525,,,NOISE,2025-01-12T15:00:47,2.525,,,NOISE,2025-01-12T15:00:47,2.525,,,NOISE
2026-03-05T12:09:37.306271,Map-Energy__sum__linear-conv00471-20250112_180047-20250113_000047-0.050000-5.000000.png,2025-01-12T18:00:47,2025-01-13T00:00:47,0.05,5.0,2025-01-12T21:00:47,2.525,,,NOISE,2025-01-12T21:00:47,2.525,,,NOISE,2025-01-12T21:00:47,2.525,,,NOISE,2025-01-12T21:00:47,2.525,,,NOISE
2026-03-05T12:09:38.802476,Map-Energy__sum__linear-conv00481-20250113_000047-20250113_060047-0.050000-5.000000.png,2025-01-13T00:00:47,2025-01-13T06:00:47,0.05,5.0,2025-01-13T03:00:47,2.525,,,NOISE,2025-01-13T03:00:47,2.525,,,NOISE,2025-01-13T03:00:47,2.525,,,NOISE,2025-01-13T03:00:47,2.525,,,NOISE
2026-03-05T12:09:40.146321,Map-Energy__sum__linear-conv00491-20250113_060047-20250113_120047-0.050000-5.000000.png,2025-01-13T06:00:47,2025-01-13T12:00:47,0.05,5.0,2025-01-13T09:00:47,2.525,,,NOISE,2025-01-13T09:00:47,2.525,,,NOISE,2025-01-13T09:00:47,2.525,,,NOISE,2025-01-13T09:00:47,2.525,,,NOISE
2026-03-05T12:09:41.074430,Map-Energy__sum__linear-conv00501-20250113_120047-20250113_180047-0.050000-5.000000.png,2025-01-13T12:00:47,2025-01-13T18:00:47,0.05,5.0,2025-01-13T15:00:47,2.525,,,NOISE,2025-01-13T15:00:47,2.525,,,NOISE,2025-01-13T15:00:47,2.525,,,NOISE,2025-01-13T15:00:47,2.525,,,NOISE
2026-03-05T12:09:42.354377,Map-Energy__sum__linear-conv00511-20250113_180047-20250114_000047-0.050000-5.000000.png,2025-01-13T18:00:47,2025-01-14T00:00:47,0.05,5.0,2025-01-13T21:00:47,2.525,,,NOISE,2025-01-13T21:00:47,2.525,,,NOISE,2025-01-13T21:00:47,2.525,,,NOISE,2025-01-13T21:00:47,2.525,,,NOISE
2026-03-05T12:09:43.427883,Map-Energy__sum__linear-conv00521-20250114_000047-20250114_060047-0.050000-5.000000.png,2025-01-14T00:00:47,2025-01-14T06:00:47,0.05,5.0,2025-01-14T03:00:47,2.525,,,NOISE,2025-01-14T03:00:47,2.525,,,NOISE,2025-01-14T03:00:47,2.525,,,NOISE,2025-01-14T03:00:47,2.525,,,NOISE
2026-03-05T12:09:44.426588,Map-Energy__sum__linear-conv00531-20250114_060047-20250114_120047-0.050000-5.000000.png,2025-01-14T06:00:47,2025-01-14T12:00:47,0.05,5.0,2025-01-14T09:00:47,2.525,,,NOISE,2025-01-14T09:00:47,2.525,,,NOISE,2025-01-14T09:00:47,2.525,,,NOISE,2025-01-14T09:00:47,2.525,,,NOISE
2026-03-05T12:09:45.338316,Map-Energy__sum__linear-conv00541-20250114_120047-20250114_180047-0.050000-5.000000.png,2025-01-14T12:00:47,2025-01-14T18:00:47,0.05,5.0,2025-01-14T15:00:47,2.525,,,NOISE,2025-01-14T15:00:47,2.525,,,NOISE,2025-01-14T15:00:47,2.525,,,NOISE,2025-01-14T15:00:47,2.525,,,NOISE
2026-03-05T12:09:45.713539,Map-Energy__sum__linear-conv00551-20250114_180047-20250115_000047-0.050000-5.000000.png,2025-01-14T18:00:47,2025-01-15T00:00:47,0.05,5.0,2025-01-14T21:00:47,2.525,,,NOISE,2025-01-14T21:00:47,2.525,,,NOISE,2025-01-14T21:00:47,2.525,,,NOISE,2025-01-14T21:00:47,2.525,,,NOISE
2026-03-05T12:09:46.866387,Map-Energy__sum__linear-conv00561-20250115_000047-20250115_060047-0.050000-5.000000.png,2025-01-15T00:00:47,2025-01-15T06:00:47,0.05,5.0,2025-01-15T03:00:47,2.525,,,NOISE,2025-01-15T03:00:47,2.525,,,NOISE,2025-01-15T03:00:47,2.525,,,NOISE,2025-01-15T03:00:47,2.525,,,NOISE
2026-03-05T12:09:48.042388,Map-Energy__sum__linear-conv00571-20250115_060047-20250115_120047-0.050000-5.000000.png,2025-01-15T06:00:47,2025-01-15T12:00:47,0.05,5.0,2025-01-15T09:00:47,2.525,,,NOISE,2025-01-15T09:00:47,2.525,,,NOISE,2025-01-15T09:00:47,2.525,,,NOISE,2025-01-15T09:00:47,2.525,,,NOISE
2026-03-05T12:09:50.202450,Map-Energy__sum__linear-conv00581-20250115_120047-20250115_180047-0.050000-5.000000.png,2025-01-15T12:00:47,2025-01-15T18:00:47,0.05,5.0,2025-01-15T15:00:47,2.525,,,NOISE,2025-01-15T15:00:47,2.525,,,NOISE,2025-01-15T15:00:47,2.525,,,NOISE,2025-01-15T15:00:47,2.525,,,NOISE
2026-03-05T12:09:51.114488,Map-Energy__sum__linear-conv00591-20250115_180047-20250116_000047-0.050000-5.000000.png,2025-01-15T18:00:47,2025-01-16T00:00:47,0.05,5.0,2025-01-15T21:00:47,2.525,,,NOISE,2025-01-15T21:00:47,2.525,,,NOISE,2025-01-15T21:00:47,2.525,,,NOISE,2025-01-15T21:00:47,2.525,,,NOISE
2026-03-05T12:09:52.650758,Map-Energy__sum__linear-conv00601-20250116_000047-20250116_060047-0.050000-5.000000.png,2025-01-16T00:00:47,2025-01-16T06:00:47,0.05,5.0,2025-01-16T03:00:47,2.525,,,NOISE,2025-01-16T03:00:47,2.525,,,NOISE,2025-01-16T03:00:47,2.525,,,NOISE,2025-01-16T03:00:47,2.525,,,NOISE
2026-03-05T12:09:53.834399,Map-Energy__sum__linear-conv00611-20250116_060047-20250116_120047-0.050000-5.000000.png,2025-01-16T06:00:47,2025-01-16T12:00:47,0.05,5.0,2025-01-16T09:00:47,2.525,,,NOISE,2025-01-16T09:00:47,2.525,,,NOISE,2025-01-16T09:00:47,2.525,,,NOISE,2025-01-16T09:00:47,2.525,,,NOISE
2026-03-05T12:09:54.746357,Map-Energy__sum__linear-conv00621-20250116_120047-20250116_180047-0.050000-5.000000.png,2025-01-16T12:00:47,2025-01-16T18:00:47,0.05,5.0,2025-01-16T15:00:47,2.525,,,NOISE,2025-01-16T15:00:47,2.525,,,NOISE,2025-01-16T15:00:47,2.525,,,NOISE,2025-01-16T15:00:47,2.525,,,NOISE
2026-03-05T12:09:55.466348,Map-Energy__sum__linear-conv00631-20250116_180047-20250117_000047-0.050000-5.000000.png,2025-01-16T18:00:47,2025-01-17T00:00:47,0.05,5.0,2025-01-16T21:00:47,2.525,,,NOISE,2025-01-16T21:00:47,2.525,,,NOISE,2025-01-16T21:00:47,2.525,,,NOISE,2025-01-16T21:00:47,2.525,,,NOISE
2026-03-05T12:09:56.474178,Map-Energy__sum__linear-conv00641-20250117_000047-20250117_060047-0.050000-5.000000.png,2025-01-17T00:00:47,2025-01-17T06:00:47,0.05,5.0,2025-01-17T03:00:47,2.525,,,NOISE,2025-01-17T03:00:47,2.525,,,NOISE,2025-01-17T03:00:47,2.525,,,NOISE,2025-01-17T03:00:47,2.525,,,NOISE
2026-03-05T12:09:57.562628,Map-Energy__sum__linear-conv00651-20250117_060047-20250117_120047-0.050000-5.000000.png,2025-01-17T06:00:47,2025-01-17T12:00:47,0.05,5.0,2025-01-17T09:00:47,2.525,,,NOISE,2025-01-17T09:00:47,2.525,,,NOISE,2025-01-17T09:00:47,2.525,,,NOISE,2025-01-17T09:00:47,2.525,,,NOISE
2026-03-05T12:09:58.394330,Map-Energy__sum__linear-conv00661-20250117_120047-20250117_180047-0.050000-5.000000.png,2025-01-17T12:00:47,2025-01-17T18:00:47,0.05,5.0,2025-01-17T15:00:47,2.525,,,NOISE,2025-01-17T15:00:47,2.525,,,NOISE,2025-01-17T15:00:47,2.525,,,NOISE,2025-01-17T15:00:47,2.525,,,NOISE
2026-03-05T12:09:59.155027,Map-Energy__sum__linear-conv00671-20250117_180047-20250118_000047-0.050000-5.000000.png,2025-01-17T18:00:47,2025-01-18T00:00:47,0.05,5.0,2025-01-17T21:00:47,2.525,,,NOISE,2025-01-17T21:00:47,2.525,,,NOISE,2025-01-17T21:00:47,2.525,,,NOISE,2025-01-17T21:00:47,2.525,,,NOISE
2026-03-05T12:10:00.002404,Map-Energy__sum__linear-conv00681-20250118_000047-20250118_060047-0.050000-5.000000.png,2025-01-18T00:00:47,2025-01-18T06:00:47,0.05,5.0,2025-01-18T03:00:47,2.525,,,NOISE,2025-01-18T03:00:47,2.525,,,NOISE,2025-01-18T03:00:47,2.525,,,NOISE,2025-01-18T03:00:47,2.525,,,NOISE
2026-03-05T12:10:00.786218,Map-Energy__sum__linear-conv00691-20250118_060047-20250118_120047-0.050000-5.000000.png,2025-01-18T06:00:47,2025-01-18T12:00:47,0.05,5.0,2025-01-18T09:00:47,2.525,,,NOISE,2025-01-18T09:00:47,2.525,,,NOISE,2025-01-18T09:00:47,2.525,,,NOISE,2025-01-18T09:00:47,2.525,,,NOISE
2026-03-05T12:10:01.426432,Map-Energy__sum__linear-conv00701-20250118_120047-20250118_180047-0.050000-5.000000.png,2025-01-18T12:00:47,2025-01-18T18:00:47,0.05,5.0,2025-01-18T15:00:47,2.525,,,NOISE,2025-01-18T15:00:47,2.525,,,NOISE,2025-01-18T15:00:47,2.525,,,NOISE,2025-01-18T15:00:47,2.525,,,NOISE
2026-03-05T12:10:02.258319,Map-Energy__sum__linear-conv00711-20250118_180047-20250119_000047-0.050000-5.000000.png,2025-01-18T18:00:47,2025-01-19T00:00:47,0.05,5.0,2025-01-18T21:00:47,2.525,,,NOISE,2025-01-18T21:00:47,2.525,,,NOISE,2025-01-18T21:00:47,2.525,,,NOISE,2025-01-18T21:00:47,2.525,,,NOISE
2026-03-05T12:10:02.962418,Map-Energy__sum__linear-conv00721-20250119_000047-20250119_060047-0.050000-5.000000.png,2025-01-19T00:00:47,2025-01-19T06:00:47,0.05,5.0,2025-01-19T03:00:47,2.525,,,NOISE,2025-01-19T03:00:47,2.525,,,NOISE,2025-01-19T03:00:47,2.525,,,NOISE,2025-01-19T03:00:47,2.525,,,NOISE
2026-03-05T12:10:03.666649,Map-Energy__sum__linear-conv00731-20250119_060047-20250119_120047-0.050000-5.000000.png,2025-01-19T06:00:47,2025-01-19T12:00:47,0.05,5.0,2025-01-19T09:00:47,2.525,,,NOISE,2025-01-19T09:00:47,2.525,,,NOISE,2025-01-19T09:00:47,2.525,,,NOISE,2025-01-19T09:00:47,2.525,,,NOISE
2026-03-05T12:10:04.450292,Map-Energy__sum__linear-conv00741-20250119_120047-20250119_180047-0.050000-5.000000.png,2025-01-19T12:00:47,2025-01-19T18:00:47,0.05,5.0,2025-01-19T15:00:47,2.525,,,NOISE,2025-01-19T15:00:47,2.525,,,NOISE,2025-01-19T15:00:47,2.525,,,NOISE,2025-01-19T15:00:47,2.525,,,NOISE
2026-03-05T12:10:05.594651,Map-Energy__sum__linear-conv00751-20250119_180047-20250120_000047-0.050000-5.000000.png,2025-01-19T18:00:47,2025-01-20T00:00:47,0.05,5.0,2025-01-19T21:00:47,2.525,,,NOISE,2025-01-19T21:00:47,2.525,,,NOISE,2025-01-19T21:00:47,2.525,,,NOISE,2025-01-19T21:00:47,2.525,,,NOISE
2026-03-05T12:10:06.242187,Map-Energy__sum__linear-conv00761-20250120_000047-20250120_060047-0.050000-5.000000.png,2025-01-20T00:00:47,2025-01-20T06:00:47,0.05,5.0,2025-01-20T03:00:47,2.525,,,NOISE,2025-01-20T03:00:47,2.525,,,NOISE,2025-01-20T03:00:47,2.525,,,NOISE,2025-01-20T03:00:47,2.525,,,NOISE
2026-03-05T12:10:07.634472,Map-Energy__sum__linear-conv00771-20250120_060047-20250120_120047-0.050000-5.000000.png,2025-01-20T06:00:47,2025-01-20T12:00:47,0.05,5.0,2025-01-20T09:00:47,2.525,,,NOISE,2025-01-20T09:00:47,2.525,,,NOISE,2025-01-20T09:00:47,2.525,,,NOISE,2025-01-20T09:00:47,2.525,,,NOISE
2026-03-05T12:10:08.578377,Map-Energy__sum__linear-conv00781-20250120_120047-20250120_180047-0.050000-5.000000.png,2025-01-20T12:00:47,2025-01-20T18:00:47,0.05,5.0,2025-01-20T15:00:47,2.525,,,NOISE,2025-01-20T15:00:47,2.525,,,NOISE,2025-01-20T15:00:47,2.525,,,NOISE,2025-01-20T15:00:47,2.525,,,NOISE
2026-03-05T12:10:09.274355,Map-Energy__sum__linear-conv00791-20250120_180047-20250121_000047-0.050000-5.000000.png,2025-01-20T18:00:47,2025-01-21T00:00:47,0.05,5.0,2025-01-20T21:00:47,2.525,,,NOISE,2025-01-20T21:00:47,2.525,,,NOISE,2025-01-20T21:00:47,2.525,,,NOISE,2025-01-20T21:00:47,2.525,,,NOISE
2026-03-05T12:10:10.786403,Map-Energy__sum__linear-conv00801-20250121_000047-20250121_060047-0.050000-5.000000.png,2025-01-21T00:00:47,2025-01-21T06:00:47,0.05,5.0,2025-01-21T03:00:47,2.525,,,NOISE,2025-01-21T03:00:47,2.525,,,NOISE,2025-01-21T03:00:47,2.525,,,NOISE,2025-01-21T03:00:47,2.525,,,NOISE
2026-03-05T12:10:11.930479,Map-Energy__sum__linear-conv00811-20250121_060047-20250121_120047-0.050000-5.000000.png,2025-01-21T06:00:47,2025-01-21T12:00:47,0.05,5.0,2025-01-21T09:00:47,2.525,,,NOISE,2025-01-21T09:00:47,2.525,,,NOISE,2025-01-21T09:00:47,2.525,,,NOISE,2025-01-21T09:00:47,2.525,,,NOISE
2026-03-05T12:10:12.850350,Map-Energy__sum__linear-conv00821-20250121_120047-20250121_180047-0.050000-5.000000.png,2025-01-21T12:00:47,2025-01-21T18:00:47,0.05,5.0,2025-01-21T15:00:47,2.525,,,NOISE,2025-01-21T15:00:47,2.525,,,NOISE,2025-01-21T15:00:47,2.525,,,NOISE,2025-01-21T15:00:47,2.525,,,NOISE
2026-03-05T12:10:13.834544,Map-Energy__sum__linear-conv00831-20250121_180047-20250122_000047-0.050000-5.000000.png,2025-01-21T18:00:47,2025-01-22T00:00:47,0.05,5.0,2025-01-21T21:00:47,2.525,,,NOISE,2025-01-21T21:00:47,2.525,,,NOISE,2025-01-21T21:00:47,2.525,,,NOISE,2025-01-21T21:00:47,2.525,,,NOISE
2026-03-05T12:10:15.202211,Map-Energy__sum__linear-conv00841-20250122_000047-20250122_060047-0.050000-5.000000.png,2025-01-22T00:00:47,2025-01-22T06:00:47,0.05,5.0,2025-01-22T03:00:47,2.525,,,NOISE,2025-01-22T03:00:47,2.525,,,NOISE,2025-01-22T03:00:47,2.525,,,NOISE,2025-01-22T03:00:47,2.525,,,NOISE
2026-03-05T12:10:16.466355,Map-Energy__sum__linear-conv00851-20250122_060047-20250122_120047-0.050000-5.000000.png,2025-01-22T06:00:47,2025-01-22T12:00:47,0.05,5.0,2025-01-22T09:00:47,2.525,,,NOISE,2025-01-22T09:00:47,2.525,,,NOISE,2025-01-22T09:00:47,2.525,,,NOISE,2025-01-22T09:00:47,2.525,,,NOISE
2026-03-05T12:10:17.338368,Map-Energy__sum__linear-conv00861-20250122_120047-20250122_180047-0.050000-5.000000.png,2025-01-22T12:00:47,2025-01-22T18:00:47,0.05,5.0,2025-01-22T15:00:47,2.525,,,NOISE,2025-01-22T15:00:47,2.525,,,NOISE,2025-01-22T15:00:47,2.525,,,NOISE,2025-01-22T15:00:47,2.525,,,NOISE
2026-03-05T12:10:18.170408,Map-Energy__sum__linear-conv00871-20250122_180047-20250123_000047-0.050000-5.000000.png,2025-01-22T18:00:47,2025-01-23T00:00:47,0.05,5.0,2025-01-22T21:00:47,2.525,,,NOISE,2025-01-22T21:00:47,2.525,,,NOISE,2025-01-22T21:00:47,2.525,,,NOISE,2025-01-22T21:00:47,2.525,,,NOISE
2026-03-05T12:10:18.994404,Map-Energy__sum__linear-conv00881-20250123_000047-20250123_060047-0.050000-5.000000.png,2025-01-23T00:00:47,2025-01-23T06:00:47,0.05,5.0,2025-01-23T03:00:47,2.525,,,NOISE,2025-01-23T03:00:47,2.525,,,NOISE,2025-01-23T03:00:47,2.525,,,NOISE,2025-01-23T03:00:47,2.525,,,NOISE
2026-03-05T12:10:19.730343,Map-Energy__sum__linear-conv00891-20250123_060047-20250123_120047-0.050000-5.000000.png,2025-01-23T06:00:47,2025-01-23T12:00:47,0.05,5.0,2025-01-23T09:00:47,2.525,,,NOISE,2025-01-23T09:00:47,2.525,,,NOISE,2025-01-23T09:00:47,2.525,,,NOISE,2025-01-23T09:00:47,2.525,,,NOISE
2026-03-05T12:10:20.570219,Map-Energy__sum__linear-conv00901-20250123_120047-20250123_180047-0.050000-5.000000.png,2025-01-23T12:00:47,2025-01-23T18:00:47,0.05,5.0,2025-01-23T15:00:47,2.525,,,NOISE,2025-01-23T15:00:47,2.525,,,NOISE,2025-01-23T15:00:47,2.525,,,NOISE,2025-01-23T15:00:47,2.525,,,NOISE
2026-03-05T12:10:21.394473,Map-Energy__sum__linear-conv00911-20250123_180047-20250124_000047-0.050000-5.000000.png,2025-01-23T18:00:47,2025-01-24T00:00:47,0.05,5.0,2025-01-23T21:00:47,2.525,,,NOISE,2025-01-23T21:00:47,2.525,,,NOISE,2025-01-23T21:00:47,2.525,,,NOISE,2025-01-23T21:00:47,2.525,,,NOISE
2026-03-05T12:10:22.098380,Map-Energy__sum__linear-conv00921-20250124_000047-20250124_060047-0.050000-5.000000.png,2025-01-24T00:00:47,2025-01-24T06:00:47,0.05,5.0,2025-01-24T03:00:47,2.525,,,NOISE,2025-01-24T03:00:47,2.525,,,NOISE,2025-01-24T03:00:47,2.525,,,NOISE,2025-01-24T03:00:47,2.525,,,NOISE
2026-03-05T12:10:22.866393,Map-Energy__sum__linear-conv00931-20250124_060047-20250124_120047-0.050000-5.000000.png,2025-01-24T06:00:47,2025-01-24T12:00:47,0.05,5.0,2025-01-24T09:00:47,2.525,,,NOISE,2025-01-24T09:00:47,2.525,,,NOISE,2025-01-24T09:00:47,2.525,,,NOISE,2025-01-24T09:00:47,2.525,,,NOISE
2026-03-05T12:10:23.586781,Map-Energy__sum__linear-conv00941-20250124_120047-20250124_180047-0.050000-5.000000.png,2025-01-24T12:00:47,2025-01-24T18:00:47,0.05,5.0,2025-01-24T15:00:47,2.525,,,NOISE,2025-01-24T15:00:47,2.525,,,NOISE,2025-01-24T15:00:47,2.525,,,NOISE,2025-01-24T15:00:47,2.525,,,NOISE
2026-03-05T12:10:24.394927,Map-Energy__sum__linear-conv00951-20250124_180047-20250125_000047-0.050000-5.000000.png,2025-01-24T18:00:47,2025-01-25T00:00:47,0.05,5.0,2025-01-24T21:00:47,2.525,,,NOISE,2025-01-24T21:00:47,2.525,,,NOISE,2025-01-24T21:00:47,2.525,,,NOISE,2025-01-24T21:00:47,2.525,,,NOISE
2026-03-05T12:10:25.098243,Map-Energy__sum__linear-conv00961-20250125_000047-20250125_060047-0.050000-5.000000.png,2025-01-25T00:00:47,2025-01-25T06:00:47,0.05,5.0,2025-01-25T03:00:47,2.525,,,NOISE,2025-01-25T03:00:47,2.525,,,NOISE,2025-01-25T03:00:47,2.525,,,NOISE,2025-01-25T03:00:47,2.525,,,NOISE
2026-03-05T12:10:25.874097,Map-Energy__sum__linear-conv00971-20250125_060047-20250125_120047-0.050000-5.000000.png,2025-01-25T06:00:47,2025-01-25T12:00:47,0.05,5.0,2025-01-25T09:00:47,2.525,,,NOISE,2025-01-25T09:00:47,2.525,,,NOISE,2025-01-25T09:00:47,2.525,,,NOISE,2025-01-25T09:00:47,2.525,,,NOISE
2026-03-05T12:10:26.618298,Map-Energy__sum__linear-conv00981-20250125_120047-20250125_180047-0.050000-5.000000.png,2025-01-25T12:00:47,2025-01-25T18:00:47,0.05,5.0,2025-01-25T15:00:47,2.525,,,NOISE,2025-01-25T15:00:47,2.525,,,NOISE,2025-01-25T15:00:47,2.525,,,NOISE,2025-01-25T15:00:47,2.525,,,NOISE
2026-03-05T12:10:27.378275,Map-Energy__sum__linear-conv00991-20250125_180047-20250126_000047-0.050000-5.000000.png,2025-01-25T18:00:47,2025-01-26T00:00:47,0.05,5.0,2025-01-25T21:00:47,2.525,,,NOISE,2025-01-25T21:00:47,2.525,,,NOISE,2025-01-25T21:00:47,2.525,,,NOISE,2025-01-25T21:00:47,2.525,,,NOISE
2026-03-05T12:10:29.250448,Map-Energy__sum__linear-conv01001-20250126_000047-20250126_060047-0.050000-5.000000.png,2025-01-26T00:00:47,2025-01-26T06:00:47,0.05,5.0,2025-01-26T03:00:47,2.525,,,NOISE,2025-01-26T03:00:47,2.525,,,NOISE,2025-01-26T03:00:47,2.525,,,NOISE,2025-01-26T03:00:47,2.525,,,NOISE
2026-03-05T12:10:30.154509,Map-Energy__sum__linear-conv01011-20250126_060047-20250126_120047-0.050000-5.000000.png,2025-01-26T06:00:47,2025-01-26T12:00:47,0.05,5.0,2025-01-26T09:00:47,2.525,,,NOISE,2025-01-26T09:00:47,2.525,,,NOISE,2025-01-26T09:00:47,2.525,,,NOISE,2025-01-26T09:00:47,2.525,,,NOISE
2026-03-05T12:10:30.962265,Map-Energy__sum__linear-conv01021-20250126_120047-20250126_180047-0.050000-5.000000.png,2025-01-26T12:00:47,2025-01-26T18:00:47,0.05,5.0,2025-01-26T15:00:47,2.525,,,NOISE,2025-01-26T15:00:47,2.525,,,NOISE,2025-01-26T15:00:47,2.525,,,NOISE,2025-01-26T15:00:47,2.525,,,NOISE
2026-03-05T12:10:32.306332,Map-Energy__sum__linear-conv01031-20250126_180047-20250127_000047-0.050000-5.000000.png,2025-01-26T18:00:47,2025-01-27T00:00:47,0.05,5.0,2025-01-26T21:00:47,2.525,,,NOISE,2025-01-26T21:00:47,2.525,,,NOISE,2025-01-26T21:00:47,2.525,,,NOISE,2025-01-26T21:00:47,2.525,,,NOISE
2026-03-05T12:10:33.578834,Map-Energy__sum__linear-conv01041-20250127_000047-20250127_060047-0.050000-5.000000.png,2025-01-27T00:00:47,2025-01-27T06:00:47,0.05,5.0,2025-01-27T03:00:47,2.525,,,NOISE,2025-01-27T03:00:47,2.525,,,NOISE,2025-01-27T03:00:47,2.525,,,NOISE,2025-01-27T03:00:47,2.525,,,NOISE
2026-03-05T12:10:34.794300,Map-Energy__sum__linear-conv01051-20250127_060047-20250127_120047-0.050000-5.000000.png,2025-01-27T06:00:47,2025-01-27T12:00:47,0.05,5.0,2025-01-27T09:00:47,2.525,,,NOISE,2025-01-27T09:00:47,2.525,,,NOISE,2025-01-27T09:00:47,2.525,,,NOISE,2025-01-27T09:00:47,2.525,,,NOISE
2026-03-05T12:10:36.146378,Map-Energy__sum__linear-conv01061-20250127_120047-20250127_180047-0.050000-5.000000.png,2025-01-27T12:00:47,2025-01-27T18:00:47,0.05,5.0,2025-01-27T15:00:47,2.525,,,NOISE,2025-01-27T15:00:47,2.525,,,NOISE,2025-01-27T15:00:47,2.525,,,NOISE,2025-01-27T15:00:47,2.525,,,NOISE
2026-03-05T12:10:37.522330,Map-Energy__sum__linear-conv01071-20250127_180047-20250128_000047-0.050000-5.000000.png,2025-01-27T18:00:47,2025-01-28T00:00:47,0.05,5.0,2025-01-27T21:00:47,2.525,,,NOISE,2025-01-27T21:00:47,2.525,,,NOISE,2025-01-27T21:00:47,2.525,,,NOISE,2025-01-27T21:00:47,2.525,,,NOISE
2026-03-05T12:10:38.314286,Map-Energy__sum__linear-conv01081-20250128_000047-20250128_060047-0.050000-5.000000.png,2025-01-28T00:00:47,2025-01-28T06:00:47,0.05,5.0,2025-01-28T03:00:47,2.525,,,NOISE,2025-01-28T03:00:47,2.525,,,NOISE,2025-01-28T03:00:47,2.525,,,NOISE,2025-01-28T03:00:47,2.525,,,NOISE
2026-03-05T12:10:39.315116,Map-Energy__sum__linear-conv01091-20250128_060047-20250128_120047-0.050000-5.000000.png,2025-01-28T06:00:47,2025-01-28T12:00:47,0.05,5.0,2025-01-28T09:00:47,2.525,,,NOISE,2025-01-28T09:00:47,2.525,,,NOISE,2025-01-28T09:00:47,2.525,,,NOISE,2025-01-28T09:00:47,2.525,,,NOISE
2026-03-05T12:10:40.474266,Map-Energy__sum__linear-conv01101-20250128_120047-20250128_180047-0.050000-5.000000.png,2025-01-28T12:00:47,2025-01-28T18:00:47,0.05,5.0,2025-01-28T15:00:47,2.525,,,NOISE,2025-01-28T15:00:47,2.525,,,NOISE,2025-01-28T15:00:47,2.525,,,NOISE,2025-01-28T15:00:47,2.525,,,NOISE
2026-03-05T12:10:42.354405,Map-Energy__sum__linear-conv01111-20250128_180047-20250129_000047-0.050000-5.000000.png,2025-01-28T18:00:47,2025-01-29T00:00:47,0.05,5.0,2025-01-28T21:00:47,2.525,,,NOISE,2025-01-28T21:00:47,2.525,,,NOISE,2025-01-28T21:00:47,2.525,,,NOISE,2025-01-28T21:00:47,2.525,,,NOISE
2026-03-05T12:10:43.162404,Map-Energy__sum__linear-conv01121-20250129_000047-20250129_060047-0.050000-5.000000.png,2025-01-29T00:00:47,2025-01-29T06:00:47,0.05,5.0,2025-01-29T03:00:47,2.525,,,NOISE,2025-01-29T03:00:47,2.525,,,NOISE,2025-01-29T03:00:47,2.525,,,NOISE,2025-01-29T03:00:47,2.525,,,NOISE
2026-03-05T12:10:44.306326,Map-Energy__sum__linear-conv01131-20250129_060047-20250129_120047-0.050000-5.000000.png,2025-01-29T06:00:47,2025-01-29T12:00:47,0.05,5.0,2025-01-29T09:00:47,2.525,,,NOISE,2025-01-29T09:00:47,2.525,,,NOISE,2025-01-29T09:00:47,2.525,,,NOISE,2025-01-29T09:00:47,2.525,,,NOISE
2026-03-05T12:10:45.106298,Map-Energy__sum__linear-conv01141-20250129_120047-20250129_180047-0.050000-5.000000.png,2025-01-29T12:00:47,2025-01-29T18:00:47,0.05,5.0,2025-01-29T15:00:47,2.525,,,NOISE,2025-01-29T15:00:47,2.525,,,NOISE,2025-01-29T15:00:47,2.525,,,NOISE,2025-01-29T15:00:47,2.525,,,NOISE
2026-03-05T12:10:45.826549,Map-Energy__sum__linear-conv01151-20250129_180047-20250130_000047-0.050000-5.000000.png,2025-01-29T18:00:47,2025-01-30T00:00:47,0.05,5.0,2025-01-29T21:00:47,2.525,,,NOISE,2025-01-29T21:00:47,2.525,,,NOISE,2025-01-29T21:00:47,2.525,,,NOISE,2025-01-29T21:00:47,2.525,,,NOISE
2026-03-05T12:10:46.835429,Map-Energy__sum__linear-conv01161-20250130_000047-20250130_060047-0.050000-5.000000.png,2025-01-30T00:00:47,2025-01-30T06:00:47,0.05,5.0,2025-01-30T03:00:47,2.525,,,NOISE,2025-01-30T03:00:47,2.525,,,NOISE,2025-01-30T03:00:47,2.525,,,NOISE,2025-01-30T03:00:47,2.525,,,NOISE
2026-03-05T12:10:47.690093,Map-Energy__sum__linear-conv01171-20250130_060047-20250130_120047-0.050000-5.000000.png,2025-01-30T06:00:47,2025-01-30T12:00:47,0.05,5.0,2025-01-30T09:00:47,2.525,,,NOISE,2025-01-30T09:00:47,2.525,,,NOISE,2025-01-30T09:00:47,2.525,,,NOISE,2025-01-30T09:00:47,2.525,,,NOISE
2026-03-05T12:10:48.514524,Map-Energy__sum__linear-conv01181-20250130_120047-20250130_180047-0.050000-5.000000.png,2025-01-30T12:00:47,2025-01-30T18:00:47,0.05,5.0,2025-01-30T15:00:47,2.525,,,NOISE,2025-01-30T15:00:47,2.525,,,NOISE,2025-01-30T15:00:47,2.525,,,NOISE,2025-01-30T15:00:47,2.525,,,NOISE
2026-03-05T12:10:49.386329,Map-Energy__sum__linear-conv01191-20250130_180047-20250131_000047-0.050000-5.000000.png,2025-01-30T18:00:47,2025-01-31T00:00:47,0.05,5.0,2025-01-30T21:00:47,2.525,,,NOISE,2025-01-30T21:00:47,2.525,,,NOISE,2025-01-30T21:00:47,2.525,,,NOISE,2025-01-30T21:00:47,2.525,,,NOISE
2026-03-05T12:10:52.154324,Map-Energy__sum__linear-conv01201-20250131_000047-20250131_060047-0.050000-5.000000.png,2025-01-31T00:00:47,2025-01-31T06:00:47,0.05,5.0,2025-01-31T03:00:47,2.525,,,NOISE,2025-01-31T03:00:47,2.525,,,NOISE,2025-01-31T03:00:47,2.525,,,NOISE,2025-01-31T03:00:47,2.525,,,NOISE
2026-03-05T12:10:54.058372,Map-Energy__sum__linear-conv01211-20250131_060047-20250131_120047-0.050000-5.000000.png,2025-01-31T06:00:47,2025-01-31T12:00:47,0.05,5.0,2025-01-31T09:00:47,2.525,,,NOISE,2025-01-31T09:00:47,2.525,,,NOISE,2025-01-31T09:00:47,2.525,,,NOISE,2025-01-31T09:00:47,2.525,,,NOISE
2026-03-05T12:10:55.354214,Map-Energy__sum__linear-conv01221-20250131_120047-20250131_180047-0.050000-5.000000.png,2025-01-31T12:00:47,2025-01-31T18:00:47,0.05,5.0,2025-01-31T15:00:47,2.525,,,NOISE,2025-01-31T15:00:47,2.525,,,NOISE,2025-01-31T15:00:47,2.525,,,NOISE,2025-01-31T15:00:47,2.525,,,NOISE
2026-03-05T12:10:56.802393,Map-Energy__sum__linear-conv01231-20250131_180047-20250201_000047-0.050000-5.000000.png,2025-01-31T18:00:47,2025-02-01T00:00:47,0.05,5.0,2025-01-31T21:00:47,2.525,,,NOISE,2025-01-31T21:00:47,2.525,,,NOISE,2025-01-31T21:00:47,2.525,,,NOISE,2025-01-31T21:00:47,2.525,,,NOISE
2026-03-05T12:10:59.346532,Map-Energy__sum__linear-conv00002-20250101_000047-20250101_060047-5.000000-10.000000.png,2025-01-01T00:00:47,2025-01-01T06:00:47,5.0,10.0,2025-01-01T03:00:47,7.5,,,NOISE,2025-01-01T03:00:47,7.5,,,NOISE,2025-01-01T03:00:47,7.5,,,NOISE,2025-01-01T03:00:47,7.5,,,NOISE
2026-03-05T12:11:00.402321,Map-Energy__sum__linear-conv00012-20250101_060047-20250101_120047-5.000000-10.000000.png,2025-01-01T06:00:47,2025-01-01T12:00:47,5.0,10.0,2025-01-01T09:00:47,7.5,,,NOISE,2025-01-01T09:00:47,7.5,,,NOISE,2025-01-01T09:00:47,7.5,,,NOISE,2025-01-01T09:00:47,7.5,,,NOISE
2026-03-05T12:11:01.330292,Map-Energy__sum__linear-conv00022-20250101_120047-20250101_180047-5.000000-10.000000.png,2025-01-01T12:00:47,2025-01-01T18:00:47,5.0,10.0,2025-01-01T15:00:47,7.5,,,NOISE,2025-01-01T15:00:47,7.5,,,NOISE,2025-01-01T15:00:47,7.5,,,NOISE,2025-01-01T15:00:47,7.5,,,NOISE
2026-03-05T12:11:02.162219,Map-Energy__sum__linear-conv00032-20250101_180047-20250102_000047-5.000000-10.000000.png,2025-01-01T18:00:47,2025-01-02T00:00:47,5.0,10.0,2025-01-01T21:00:47,7.5,,,NOISE,2025-01-01T21:00:47,7.5,,,NOISE,2025-01-01T21:00:47,7.5,,,NOISE,2025-01-01T21:00:47,7.5,,,NOISE
2026-03-05T12:11:03.722133,Map-Energy__sum__linear-conv00042-20250102_000047-20250102_060047-5.000000-10.000000.png,2025-01-02T00:00:47,2025-01-02T06:00:47,5.0,10.0,2025-01-02T03:00:47,7.5,,,NOISE,2025-01-02T03:00:47,7.5,,,NOISE,2025-01-02T03:00:47,7.5,,,NOISE,2025-01-02T03:00:47,7.5,,,NOISE
2026-03-05T12:11:04.682319,Map-Energy__sum__linear-conv00052-20250102_060047-20250102_120047-5.000000-10.000000.png,2025-01-02T06:00:47,2025-01-02T12:00:47,5.0,10.0,2025-01-02T09:00:47,7.5,,,NOISE,2025-01-02T09:00:47,7.5,,,NOISE,2025-01-02T09:00:47,7.5,,,NOISE,2025-01-02T09:00:47,7.5,,,NOISE
2026-03-05T12:11:05.738236,Map-Energy__sum__linear-conv00062-20250102_120047-20250102_180047-5.000000-10.000000.png,2025-01-02T12:00:47,2025-01-02T18:00:47,5.0,10.0,2025-01-02T15:00:47,7.5,,,NOISE,2025-01-02T15:00:47,7.5,,,NOISE,2025-01-02T15:00:47,7.5,,,NOISE,2025-01-02T15:00:47,7.5,,,NOISE
2026-03-05T12:11:07.170266,Map-Energy__sum__linear-conv00072-20250102_180047-20250103_000047-5.000000-10.000000.png,2025-01-02T18:00:47,2025-01-03T00:00:47,5.0,10.0,2025-01-02T21:00:47,7.5,,,NOISE,2025-01-02T21:00:47,7.5,,,NOISE,2025-01-02T21:00:47,7.5,,,NOISE,2025-01-02T21:00:47,7.5,,,NOISE
2026-03-05T12:11:08.138319,Map-Energy__sum__linear-conv00082-20250103_000047-20250103_060047-5.000000-10.000000.png,2025-01-03T00:00:47,2025-01-03T06:00:47,5.0,10.0,2025-01-03T03:00:47,7.5,,,NOISE,2025-01-03T03:00:47,7.5,,,NOISE,2025-01-03T03:00:47,7.5,,,NOISE,2025-01-03T03:00:47,7.5,,,NOISE
2026-03-05T12:11:09.058302,Map-Energy__sum__linear-conv00092-20250103_060047-20250103_120047-5.000000-10.000000.png,2025-01-03T06:00:47,2025-01-03T12:00:47,5.0,10.0,2025-01-03T09:00:47,7.5,,,NOISE,2025-01-03T09:00:47,7.5,,,NOISE,2025-01-03T09:00:47,7.5,,,NOISE,2025-01-03T09:00:47,7.5,,,NOISE
2026-03-05T12:11:09.994204,Map-Energy__sum__linear-conv00102-20250103_120047-20250103_180047-5.000000-10.000000.png,2025-01-03T12:00:47,2025-01-03T18:00:47,5.0,10.0,2025-01-03T15:00:47,7.5,,,NOISE,2025-01-03T15:00:47,7.5,,,NOISE,2025-01-03T15:00:47,7.5,,,NOISE,2025-01-03T15:00:47,7.5,,,NOISE
2026-03-05T12:11:10.970198,Map-Energy__sum__linear-conv00112-20250103_180047-20250104_000047-5.000000-10.000000.png,2025-01-03T18:00:47,2025-01-04T00:00:47,5.0,10.0,2025-01-03T21:00:47,7.5,,,NOISE,2025-01-03T21:00:47,7.5,,,NOISE,2025-01-03T21:00:47,7.5,,,NOISE,2025-01-03T21:00:47,7.5,,,NOISE
2026-03-05T12:11:11.842171,Map-Energy__sum__linear-conv00122-20250104_000047-20250104_060047-5.000000-10.000000.png,2025-01-04T00:00:47,2025-01-04T06:00:47,5.0,10.0,2025-01-04T03:00:47,7.5,,,NOISE,2025-01-04T03:00:47,7.5,,,NOISE,2025-01-04T03:00:47,7.5,,,NOISE,2025-01-04T03:00:47,7.5,,,NOISE
2026-03-05T12:11:12.666255,Map-Energy__sum__linear-conv00132-20250104_060047-20250104_120047-5.000000-10.000000.png,2025-01-04T06:00:47,2025-01-04T12:00:47,5.0,10.0,2025-01-04T09:00:47,7.5,,,NOISE,2025-01-04T09:00:47,7.5,,,NOISE,2025-01-04T09:00:47,7.5,,,NOISE,2025-01-04T09:00:47,7.5,,,NOISE
2026-03-05T12:11:13.482214,Map-Energy__sum__linear-conv00142-20250104_120047-20250104_180047-5.000000-10.000000.png,2025-01-04T12:00:47,2025-01-04T18:00:47,5.0,10.0,2025-01-04T15:00:47,7.5,,,NOISE,2025-01-04T15:00:47,7.5,,,NOISE,2025-01-04T15:00:47,7.5,,,NOISE,2025-01-04T15:00:47,7.5,,,NOISE
2026-03-05T12:11:14.314257,Map-Energy__sum__linear-conv00152-20250104_180047-20250105_000047-5.000000-10.000000.png,2025-01-04T18:00:47,2025-01-05T00:00:47,5.0,10.0,2025-01-04T21:00:47,7.5,,,NOISE,2025-01-04T21:00:47,7.5,,,NOISE,2025-01-04T21:00:47,7.5,,,NOISE,2025-01-04T21:00:47,7.5,,,NOISE
2026-03-05T12:11:15.450241,Map-Energy__sum__linear-conv00162-20250105_000047-20250105_060047-5.000000-10.000000.png,2025-01-05T00:00:47,2025-01-05T06:00:47,5.0,10.0,2025-01-05T03:00:47,7.5,,,NOISE,2025-01-05T03:00:47,7.5,,,NOISE,2025-01-05T03:00:47,7.5,,,NOISE,2025-01-05T03:00:47,7.5,,,NOISE
2026-03-05T12:11:16.330262,Map-Energy__sum__linear-conv00172-20250105_060047-20250105_120047-5.000000-10.000000.png,2025-01-05T06:00:47,2025-01-05T12:00:47,5.0,10.0,2025-01-05T09:00:47,7.5,,,NOISE,2025-01-05T09:00:47,7.5,,,NOISE,2025-01-05T09:00:47,7.5,,,NOISE,2025-01-05T09:00:47,7.5,,,NOISE
2026-03-05T12:11:17.322287,Map-Energy__sum__linear-conv00182-20250105_120047-20250105_180047-5.000000-10.000000.png,2025-01-05T12:00:47,2025-01-05T18:00:47,5.0,10.0,2025-01-05T15:00:47,7.5,,,NOISE,2025-01-05T15:00:47,7.5,,,NOISE,2025-01-05T15:00:47,7.5,,,NOISE,2025-01-05T15:00:47,7.5,,,NOISE
2026-03-05T12:11:18.290249,Map-Energy__sum__linear-conv00192-20250105_180047-20250106_000047-5.000000-10.000000.png,2025-01-05T18:00:47,2025-01-06T00:00:47,5.0,10.0,2025-01-05T21:00:47,7.5,,,NOISE,2025-01-05T21:00:47,7.5,,,NOISE,2025-01-05T21:00:47,7.5,,,NOISE,2025-01-05T21:00:47,7.5,,,NOISE
2026-03-05T12:11:19.450334,Map-Energy__sum__linear-conv00202-20250106_000047-20250106_060047-5.000000-10.000000.png,2025-01-06T00:00:47,2025-01-06T06:00:47,5.0,10.0,2025-01-06T03:00:47,7.5,,,NOISE,2025-01-06T03:00:47,7.5,,,NOISE,2025-01-06T03:00:47,7.5,,,NOISE,2025-01-06T03:00:47,7.5,,,NOISE
2026-03-05T12:11:20.506773,Map-Energy__sum__linear-conv00212-20250106_060047-20250106_120047-5.000000-10.000000.png,2025-01-06T06:00:47,2025-01-06T12:00:47,5.0,10.0,2025-01-06T09:00:47,7.5,,,NOISE,2025-01-06T09:00:47,7.5,,,NOISE,2025-01-06T09:00:47,7.5,,,NOISE,2025-01-06T09:00:47,7.5,,,NOISE
2026-03-05T12:11:23.490306,Map-Energy__sum__linear-conv00222-20250106_120047-20250106_180047-5.000000-10.000000.png,2025-01-06T12:00:47,2025-01-06T18:00:47,5.0,10.0,2025-01-06T15:00:47,7.5,,,NOISE,2025-01-06T15:00:47,7.5,,,NOISE,2025-01-06T15:00:47,7.5,,,NOISE,2025-01-06T15:00:47,7.5,,,NOISE
2026-03-05T12:11:24.690283,Map-Energy__sum__linear-conv00232-20250106_180047-20250107_000047-5.000000-10.000000.png,2025-01-06T18:00:47,2025-01-07T00:00:47,5.0,10.0,2025-01-06T21:00:47,7.5,,,NOISE,2025-01-06T21:00:47,7.5,,,NOISE,2025-01-06T21:00:47,7.5,,,NOISE,2025-01-06T21:00:47,7.5,,,NOISE
2026-03-05T12:11:25.946132,Map-Energy__sum__linear-conv00242-20250107_000047-20250107_060047-5.000000-10.000000.png,2025-01-07T00:00:47,2025-01-07T06:00:47,5.0,10.0,2025-01-07T03:00:47,7.5,,,NOISE,2025-01-07T03:00:47,7.5,,,NOISE,2025-01-07T03:00:47,7.5,,,NOISE,2025-01-07T03:00:47,7.5,,,NOISE
2026-03-05T12:11:26.906216,Map-Energy__sum__linear-conv00252-20250107_060047-20250107_120047-5.000000-10.000000.png,2025-01-07T06:00:47,2025-01-07T12:00:47,5.0,10.0,2025-01-07T09:00:47,7.5,,,NOISE,2025-01-07T09:00:47,7.5,,,NOISE,2025-01-07T09:00:47,7.5,,,NOISE,2025-01-07T09:00:47,7.5,,,NOISE
2026-03-05T12:11:27.834433,Map-Energy__sum__linear-conv00262-20250107_120047-20250107_180047-5.000000-10.000000.png,2025-01-07T12:00:47,2025-01-07T18:00:47,5.0,10.0,2025-01-07T15:00:47,7.5,,,NOISE,2025-01-07T15:00:47,7.5,,,NOISE,2025-01-07T15:00:47,7.5,,,NOISE,2025-01-07T15:00:47,7.5,,,NOISE
2026-03-05T12:11:28.690304,Map-Energy__sum__linear-conv00272-20250107_180047-20250108_000047-5.000000-10.000000.png,2025-01-07T18:00:47,2025-01-08T00:00:47,5.0,10.0,2025-01-07T21:00:47,7.5,,,NOISE,2025-01-07T21:00:47,7.5,,,NOISE,2025-01-07T21:00:47,7.5,,,NOISE,2025-01-07T21:00:47,7.5,,,NOISE
2026-03-05T12:11:29.546171,Map-Energy__sum__linear-conv00282-20250108_000047-20250108_060047-5.000000-10.000000.png,2025-01-08T00:00:47,2025-01-08T06:00:47,5.0,10.0,2025-01-08T03:00:47,7.5,,,NOISE,2025-01-08T03:00:47,7.5,,,NOISE,2025-01-08T03:00:47,7.5,,,NOISE,2025-01-08T03:00:47,7.5,,,NOISE
2026-03-05T12:11:30.409888,Map-Energy__sum__linear-conv00292-20250108_060047-20250108_120047-5.000000-10.000000.png,2025-01-08T06:00:47,2025-01-08T12:00:47,5.0,10.0,2025-01-08T09:00:47,7.5,,,NOISE,2025-01-08T09:00:47,7.5,,,NOISE,2025-01-08T09:00:47,7.5,,,NOISE,2025-01-08T09:00:47,7.5,,,NOISE
2026-03-05T12:11:31.242085,Map-Energy__sum__linear-conv00302-20250108_120047-20250108_180047-5.000000-10.000000.png,2025-01-08T12:00:47,2025-01-08T18:00:47,5.0,10.0,2025-01-08T15:00:47,7.5,,,NOISE,2025-01-08T15:00:47,7.5,,,NOISE,2025-01-08T15:00:47,7.5,,,NOISE,2025-01-08T15:00:47,7.5,,,NOISE
2026-03-05T12:11:32.474062,Map-Energy__sum__linear-conv00312-20250108_180047-20250109_000047-5.000000-10.000000.png,2025-01-08T18:00:47,2025-01-09T00:00:47,5.0,10.0,2025-01-08T21:00:47,7.5,,,NOISE,2025-01-08T21:00:47,7.5,,,NOISE,2025-01-08T21:00:47,7.5,,,NOISE,2025-01-08T21:00:47,7.5,,,NOISE
2026-03-05T12:11:33.362183,Map-Energy__sum__linear-conv00322-20250109_000047-20250109_060047-5.000000-10.000000.png,2025-01-09T00:00:47,2025-01-09T06:00:47,5.0,10.0,2025-01-09T03:00:47,7.5,,,NOISE,2025-01-09T03:00:47,7.5,,,NOISE,2025-01-09T03:00:47,7.5,,,NOISE,2025-01-09T03:00:47,7.5,,,NOISE
2026-03-05T12:11:34.338295,Map-Energy__sum__linear-conv00332-20250109_060047-20250109_120047-5.000000-10.000000.png,2025-01-09T06:00:47,2025-01-09T12:00:47,5.0,10.0,2025-01-09T09:00:47,7.5,,,NOISE,2025-01-09T09:00:47,7.5,,,NOISE,2025-01-09T09:00:47,7.5,,,NOISE,2025-01-09T09:00:47,7.5,,,NOISE
2026-03-05T12:11:35.146171,Map-Energy__sum__linear-conv00342-20250109_120047-20250109_180047-5.000000-10.000000.png,2025-01-09T12:00:47,2025-01-09T18:00:47,5.0,10.0,2025-01-09T15:00:47,7.5,,,NOISE,2025-01-09T15:00:47,7.5,,,NOISE,2025-01-09T15:00:47,7.5,,,NOISE,2025-01-09T15:00:47,7.5,,,NOISE
2026-03-05T12:11:35.922210,Map-Energy__sum__linear-conv00352-20250109_180047-20250110_000047-5.000000-10.000000.png,2025-01-09T18:00:47,2025-01-10T00:00:47,5.0,10.0,2025-01-09T21:00:47,7.5,,,NOISE,2025-01-09T21:00:47,7.5,,,NOISE,2025-01-09T21:00:47,7.5,,,NOISE,2025-01-09T21:00:47,7.5,,,NOISE
2026-03-05T12:11:36.714330,Map-Energy__sum__linear-conv00362-20250110_000047-20250110_060047-5.000000-10.000000.png,2025-01-10T00:00:47,2025-01-10T06:00:47,5.0,10.0,2025-01-10T03:00:47,7.5,,,NOISE,2025-01-10T03:00:47,7.5,,,NOISE,2025-01-10T03:00:47,7.5,,,NOISE,2025-01-10T03:00:47,7.5,,,NOISE
2026-03-05T12:11:37.450303,Map-Energy__sum__linear-conv00372-20250110_060047-20250110_120047-5.000000-10.000000.png,2025-01-10T06:00:47,2025-01-10T12:00:47,5.0,10.0,2025-01-10T09:00:47,7.5,,,NOISE,2025-01-10T09:00:47,7.5,,,NOISE,2025-01-10T09:00:47,7.5,,,NOISE,2025-01-10T09:00:47,7.5,,,NOISE
2026-03-05T12:11:38.690350,Map-Energy__sum__linear-conv00382-20250110_120047-20250110_180047-5.000000-10.000000.png,2025-01-10T12:00:47,2025-01-10T18:00:47,5.0,10.0,2025-01-10T15:00:47,7.5,,,NOISE,2025-01-10T15:00:47,7.5,,,NOISE,2025-01-10T15:00:47,7.5,,,NOISE,2025-01-10T15:00:47,7.5,,,NOISE
2026-03-05T12:11:39.530210,Map-Energy__sum__linear-conv00392-20250110_180047-20250111_000047-5.000000-10.000000.png,2025-01-10T18:00:47,2025-01-11T00:00:47,5.0,10.0,2025-01-10T21:00:47,7.5,,,NOISE,2025-01-10T21:00:47,7.5,,,NOISE,2025-01-10T21:00:47,7.5,,,NOISE,2025-01-10T21:00:47,7.5,,,NOISE
2026-03-05T12:11:40.746233,Map-Energy__sum__linear-conv00402-20250111_000047-20250111_060047-5.000000-10.000000.png,2025-01-11T00:00:47,2025-01-11T06:00:47,5.0,10.0,2025-01-11T03:00:47,7.5,,,NOISE,2025-01-11T03:00:47,7.5,,,NOISE,2025-01-11T03:00:47,7.5,,,NOISE,2025-01-11T03:00:47,7.5,,,NOISE
2026-03-05T12:11:41.586353,Map-Energy__sum__linear-conv00412-20250111_060047-20250111_120047-5.000000-10.000000.png,2025-01-11T06:00:47,2025-01-11T12:00:47,5.0,10.0,2025-01-11T09:00:47,7.5,,,NOISE,2025-01-11T09:00:47,7.5,,,NOISE,2025-01-11T09:00:47,7.5,,,NOISE,2025-01-11T09:00:47,7.5,,,NOISE
2026-03-05T12:11:42.402240,Map-Energy__sum__linear-conv00422-20250111_120047-20250111_180047-5.000000-10.000000.png,2025-01-11T12:00:47,2025-01-11T18:00:47,5.0,10.0,2025-01-11T15:00:47,7.5,,,NOISE,2025-01-11T15:00:47,7.5,,,NOISE,2025-01-11T15:00:47,7.5,,,NOISE,2025-01-11T15:00:47,7.5,,,NOISE
2026-03-05T12:11:43.282666,Map-Energy__sum__linear-conv00432-20250111_180047-20250112_000047-5.000000-10.000000.png,2025-01-11T18:00:47,2025-01-12T00:00:47,5.0,10.0,2025-01-11T21:00:47,7.5,,,NOISE,2025-01-11T21:00:47,7.5,,,NOISE,2025-01-11T21:00:47,7.5,,,NOISE,2025-01-11T21:00:47,7.5,,,NOISE
2026-03-05T12:11:44.162260,Map-Energy__sum__linear-conv00442-20250112_000047-20250112_060047-5.000000-10.000000.png,2025-01-12T00:00:47,2025-01-12T06:00:47,5.0,10.0,2025-01-12T03:00:47,7.5,,,NOISE,2025-01-12T03:00:47,7.5,,,NOISE,2025-01-12T03:00:47,7.5,,,NOISE,2025-01-12T03:00:47,7.5,,,NOISE
2026-03-05T12:11:45.122244,Map-Energy__sum__linear-conv00452-20250112_060047-20250112_120047-5.000000-10.000000.png,2025-01-12T06:00:47,2025-01-12T12:00:47,5.0,10.0,2025-01-12T09:00:47,7.5,,,NOISE,2025-01-12T09:00:47,7.5,,,NOISE,2025-01-12T09:00:47,7.5,,,NOISE,2025-01-12T09:00:47,7.5,,,NOISE
2026-03-05T12:11:45.954194,Map-Energy__sum__linear-conv00462-20250112_120047-20250112_180047-5.000000-10.000000.png,2025-01-12T12:00:47,2025-01-12T18:00:47,5.0,10.0,2025-01-12T15:00:47,7.5,,,NOISE,2025-01-12T15:00:47,7.5,,,NOISE,2025-01-12T15:00:47,7.5,,,NOISE,2025-01-12T15:00:47,7.5,,,NOISE
2026-03-05T12:11:46.898306,Map-Energy__sum__linear-conv00472-20250112_180047-20250113_000047-5.000000-10.000000.png,2025-01-12T18:00:47,2025-01-13T00:00:47,5.0,10.0,2025-01-12T21:00:47,7.5,,,NOISE,2025-01-12T21:00:47,7.5,,,NOISE,2025-01-12T21:00:47,7.5,,,NOISE,2025-01-12T21:00:47,7.5,,,NOISE
2026-03-05T12:11:50.098156,Map-Energy__sum__linear-conv00482-20250113_000047-20250113_060047-5.000000-10.000000.png,2025-01-13T00:00:47,2025-01-13T06:00:47,5.0,10.0,2025-01-13T03:00:47,7.5,,,NOISE,2025-01-13T03:00:47,7.5,,,NOISE,2025-01-13T03:00:47,7.5,,,NOISE,2025-01-13T03:00:47,7.5,,,NOISE
2026-03-05T12:11:52.514134,Map-Energy__sum__linear-conv00492-20250113_060047-20250113_120047-5.000000-10.000000.png,2025-01-13T06:00:47,2025-01-13T12:00:47,5.0,10.0,2025-01-13T09:00:47,7.5,,,NOISE,2025-01-13T09:00:47,7.5,,,NOISE,2025-01-13T09:00:47,7.5,,,NOISE,2025-01-13T09:00:47,7.5,,,NOISE
2026-03-05T12:11:53.434574,Map-Energy__sum__linear-conv00502-20250113_120047-20250113_180047-5.000000-10.000000.png,2025-01-13T12:00:47,2025-01-13T18:00:47,5.0,10.0,2025-01-13T15:00:47,7.5,,,NOISE,2025-01-13T15:00:47,7.5,,,NOISE,2025-01-13T15:00:47,7.5,,,NOISE,2025-01-13T15:00:47,7.5,,,NOISE
2026-03-05T12:11:54.186184,Map-Energy__sum__linear-conv00512-20250113_180047-20250114_000047-5.000000-10.000000.png,2025-01-13T18:00:47,2025-01-14T00:00:47,5.0,10.0,2025-01-13T21:00:47,7.5,,,NOISE,2025-01-13T21:00:47,7.5,,,NOISE,2025-01-13T21:00:47,7.5,,,NOISE,2025-01-13T21:00:47,7.5,,,NOISE
2026-03-05T12:11:55.066154,Map-Energy__sum__linear-conv00522-20250114_000047-20250114_060047-5.000000-10.000000.png,2025-01-14T00:00:47,2025-01-14T06:00:47,5.0,10.0,2025-01-14T03:00:47,7.5,,,NOISE,2025-01-14T03:00:47,7.5,,,NOISE,2025-01-14T03:00:47,7.5,,,NOISE,2025-01-14T03:00:47,7.5,,,NOISE
2026-03-05T12:11:56.114210,Map-Energy__sum__linear-conv00532-20250114_060047-20250114_120047-5.000000-10.000000.png,2025-01-14T06:00:47,2025-01-14T12:00:47,5.0,10.0,2025-01-14T09:00:47,7.5,,,NOISE,2025-01-14T09:00:47,7.5,,,NOISE,2025-01-14T09:00:47,7.5,,,NOISE,2025-01-14T09:00:47,7.5,,,NOISE
2026-03-05T12:11:57.210088,Map-Energy__sum__linear-conv00542-20250114_120047-20250114_180047-5.000000-10.000000.png,2025-01-14T12:00:47,2025-01-14T18:00:47,5.0,10.0,2025-01-14T15:00:47,7.5,,,NOISE,2025-01-14T15:00:47,7.5,,,NOISE,2025-01-14T15:00:47,7.5,,,NOISE,2025-01-14T15:00:47,7.5,,,NOISE
2026-03-05T12:11:58.090404,Map-Energy__sum__linear-conv00552-20250114_180047-20250115_000047-5.000000-10.000000.png,2025-01-14T18:00:47,2025-01-15T00:00:47,5.0,10.0,2025-01-14T21:00:47,7.5,,,NOISE,2025-01-14T21:00:47,7.5,,,NOISE,2025-01-14T21:00:47,7.5,,,NOISE,2025-01-14T21:00:47,7.5,,,NOISE
2026-03-05T12:11:58.962168,Map-Energy__sum__linear-conv00562-20250115_000047-20250115_060047-5.000000-10.000000.png,2025-01-15T00:00:47,2025-01-15T06:00:47,5.0,10.0,2025-01-15T03:00:47,7.5,,,NOISE,2025-01-15T03:00:47,7.5,,,NOISE,2025-01-15T03:00:47,7.5,,,NOISE,2025-01-15T03:00:47,7.5,,,NOISE
2026-03-05T12:11:59.730192,Map-Energy__sum__linear-conv00572-20250115_060047-20250115_120047-5.000000-10.000000.png,2025-01-15T06:00:47,2025-01-15T12:00:47,5.0,10.0,2025-01-15T09:00:47,7.5,,,NOISE,2025-01-15T09:00:47,7.5,,,NOISE,2025-01-15T09:00:47,7.5,,,NOISE,2025-01-15T09:00:47,7.5,,,NOISE
2026-03-05T12:12:00.434208,Map-Energy__sum__linear-conv00582-20250115_120047-20250115_180047-5.000000-10.000000.png,2025-01-15T12:00:47,2025-01-15T18:00:47,5.0,10.0,2025-01-15T15:00:47,7.5,,,NOISE,2025-01-15T15:00:47,7.5,,,NOISE,2025-01-15T15:00:47,7.5,,,NOISE,2025-01-15T15:00:47,7.5,,,NOISE
2026-03-05T12:12:01.298212,Map-Energy__sum__linear-conv00592-20250115_180047-20250116_000047-5.000000-10.000000.png,2025-01-15T18:00:47,2025-01-16T00:00:47,5.0,10.0,2025-01-15T21:00:47,7.5,,,NOISE,2025-01-15T21:00:47,7.5,,,NOISE,2025-01-15T21:00:47,7.5,,,NOISE,2025-01-15T21:00:47,7.5,,,NOISE
2026-03-05T12:12:02.026118,Map-Energy__sum__linear-conv00602-20250116_000047-20250116_060047-5.000000-10.000000.png,2025-01-16T00:00:47,2025-01-16T06:00:47,5.0,10.0,2025-01-16T03:00:47,7.5,,,NOISE,2025-01-16T03:00:47,7.5,,,NOISE,2025-01-16T03:00:47,7.5,,,NOISE,2025-01-16T03:00:47,7.5,,,NOISE
2026-03-05T12:12:02.738155,Map-Energy__sum__linear-conv00612-20250116_060047-20250116_120047-5.000000-10.000000.png,2025-01-16T06:00:47,2025-01-16T12:00:47,5.0,10.0,2025-01-16T09:00:47,7.5,,,NOISE,2025-01-16T09:00:47,7.5,,,NOISE,2025-01-16T09:00:47,7.5,,,NOISE,2025-01-16T09:00:47,7.5,,,NOISE
2026-03-05T12:12:03.458202,Map-Energy__sum__linear-conv00622-20250116_120047-20250116_180047-5.000000-10.000000.png,2025-01-16T12:00:47,2025-01-16T18:00:47,5.0,10.0,2025-01-16T15:00:47,7.5,,,NOISE,2025-01-16T15:00:47,7.5,,,NOISE,2025-01-16T15:00:47,7.5,,,NOISE,2025-01-16T15:00:47,7.5,,,NOISE
2026-03-05T12:12:04.130226,Map-Energy__sum__linear-conv00632-20250116_180047-20250117_000047-5.000000-10.000000.png,2025-01-16T18:00:47,2025-01-17T00:00:47,5.0,10.0,2025-01-16T21:00:47,7.5,,,NOISE,2025-01-16T21:00:47,7.5,,,NOISE,2025-01-16T21:00:47,7.5,,,NOISE,2025-01-16T21:00:47,7.5,,,NOISE
2026-03-05T12:12:04.874039,Map-Energy__sum__linear-conv00642-20250117_000047-20250117_060047-5.000000-10.000000.png,2025-01-17T00:00:47,2025-01-17T06:00:47,5.0,10.0,2025-01-17T03:00:47,7.5,,,NOISE,2025-01-17T03:00:47,7.5,,,NOISE,2025-01-17T03:00:47,7.5,,,NOISE,2025-01-17T03:00:47,7.5,,,NOISE
2026-03-05T12:12:05.594026,Map-Energy__sum__linear-conv00652-20250117_060047-20250117_120047-5.000000-10.000000.png,2025-01-17T06:00:47,2025-01-17T12:00:47,5.0,10.0,2025-01-17T09:00:47,7.5,,,NOISE,2025-01-17T09:00:47,7.5,,,NOISE,2025-01-17T09:00:47,7.5,,,NOISE,2025-01-17T09:00:47,7.5,,,NOISE
2026-03-05T12:12:06.434271,Map-Energy__sum__linear-conv00662-20250117_120047-20250117_180047-5.000000-10.000000.png,2025-01-17T12:00:47,2025-01-17T18:00:47,5.0,10.0,2025-01-17T15:00:47,7.5,,,NOISE,2025-01-17T15:00:47,7.5,,,NOISE,2025-01-17T15:00:47,7.5,,,NOISE,2025-01-17T15:00:47,7.5,,,NOISE
2026-03-05T12:12:07.162076,Map-Energy__sum__linear-conv00672-20250117_180047-20250118_000047-5.000000-10.000000.png,2025-01-17T18:00:47,2025-01-18T00:00:47,5.0,10.0,2025-01-17T21:00:47,7.5,,,NOISE,2025-01-17T21:00:47,7.5,,,NOISE,2025-01-17T21:00:47,7.5,,,NOISE,2025-01-17T21:00:47,7.5,,,NOISE
2026-03-05T12:12:07.906198,Map-Energy__sum__linear-conv00682-20250118_000047-20250118_060047-5.000000-10.000000.png,2025-01-18T00:00:47,2025-01-18T06:00:47,5.0,10.0,2025-01-18T03:00:47,7.5,,,NOISE,2025-01-18T03:00:47,7.5,,,NOISE,2025-01-18T03:00:47,7.5,,,NOISE,2025-01-18T03:00:47,7.5,,,NOISE
2026-03-05T12:12:08.674187,Map-Energy__sum__linear-conv00692-20250118_060047-20250118_120047-5.000000-10.000000.png,2025-01-18T06:00:47,2025-01-18T12:00:47,5.0,10.0,2025-01-18T09:00:47,7.5,,,NOISE,2025-01-18T09:00:47,7.5,,,NOISE,2025-01-18T09:00:47,7.5,,,NOISE,2025-01-18T09:00:47,7.5,,,NOISE
2026-03-05T12:12:09.458295,Map-Energy__sum__linear-conv00702-20250118_120047-20250118_180047-5.000000-10.000000.png,2025-01-18T12:00:47,2025-01-18T18:00:47,5.0,10.0,2025-01-18T15:00:47,7.5,,,NOISE,2025-01-18T15:00:47,7.5,,,NOISE,2025-01-18T15:00:47,7.5,,,NOISE,2025-01-18T15:00:47,7.5,,,NOISE
2026-03-05T12:12:10.122209,Map-Energy__sum__linear-conv00712-20250118_180047-20250119_000047-5.000000-10.000000.png,2025-01-18T18:00:47,2025-01-19T00:00:47,5.0,10.0,2025-01-18T21:00:47,7.5,,,NOISE,2025-01-18T21:00:47,7.5,,,NOISE,2025-01-18T21:00:47,7.5,,,NOISE,2025-01-18T21:00:47,7.5,,,NOISE
2026-03-05T12:12:10.890262,Map-Energy__sum__linear-conv00722-20250119_000047-20250119_060047-5.000000-10.000000.png,2025-01-19T00:00:47,2025-01-19T06:00:47,5.0,10.0,2025-01-19T03:00:47,7.5,,,NOISE,2025-01-19T03:00:47,7.5,,,NOISE,2025-01-19T03:00:47,7.5,,,NOISE,2025-01-19T03:00:47,7.5,,,NOISE
2026-03-05T12:12:11.634210,Map-Energy__sum__linear-conv00732-20250119_060047-20250119_120047-5.000000-10.000000.png,2025-01-19T06:00:47,2025-01-19T12:00:47,5.0,10.0,2025-01-19T09:00:47,7.5,,,NOISE,2025-01-19T09:00:47,7.5,,,NOISE,2025-01-19T09:00:47,7.5,,,NOISE,2025-01-19T09:00:47,7.5,,,NOISE
2026-03-05T12:12:12.298316,Map-Energy__sum__linear-conv00742-20250119_120047-20250119_180047-5.000000-10.000000.png,2025-01-19T12:00:47,2025-01-19T18:00:47,5.0,10.0,2025-01-19T15:00:47,7.5,,,NOISE,2025-01-19T15:00:47,7.5,,,NOISE,2025-01-19T15:00:47,7.5,,,NOISE,2025-01-19T15:00:47,7.5,,,NOISE
2026-03-05T12:12:13.178219,Map-Energy__sum__linear-conv00752-20250119_180047-20250120_000047-5.000000-10.000000.png,2025-01-19T18:00:47,2025-01-20T00:00:47,5.0,10.0,2025-01-19T21:00:47,7.5,,,NOISE,2025-01-19T21:00:47,7.5,,,NOISE,2025-01-19T21:00:47,7.5,,,NOISE,2025-01-19T21:00:47,7.5,,,NOISE
2026-03-05T12:12:13.914289,Map-Energy__sum__linear-conv00762-20250120_000047-20250120_060047-5.000000-10.000000.png,2025-01-20T00:00:47,2025-01-20T06:00:47,5.0,10.0,2025-01-20T03:00:47,7.5,,,NOISE,2025-01-20T03:00:47,7.5,,,NOISE,2025-01-20T03:00:47,7.5,,,NOISE,2025-01-20T03:00:47,7.5,,,NOISE
2026-03-05T12:12:15.218281,Map-Energy__sum__linear-conv00772-20250120_060047-20250120_120047-5.000000-10.000000.png,2025-01-20T06:00:47,2025-01-20T12:00:47,5.0,10.0,2025-01-20T09:00:47,7.5,,,NOISE,2025-01-20T09:00:47,7.5,,,NOISE,2025-01-20T09:00:47,7.5,,,NOISE,2025-01-20T09:00:47,7.5,,,NOISE
2026-03-05T12:12:17.722107,Map-Energy__sum__linear-conv00782-20250120_120047-20250120_180047-5.000000-10.000000.png,2025-01-20T12:00:47,2025-01-20T18:00:47,5.0,10.0,2025-01-20T15:00:47,7.5,,,NOISE,2025-01-20T15:00:47,7.5,,,NOISE,2025-01-20T15:00:47,7.5,,,NOISE,2025-01-20T15:00:47,7.5,,,NOISE
2026-03-05T12:12:19.370172,Map-Energy__sum__linear-conv00792-20250120_180047-20250121_000047-5.000000-10.000000.png,2025-01-20T18:00:47,2025-01-21T00:00:47,5.0,10.0,2025-01-20T21:00:47,7.5,,,NOISE,2025-01-20T21:00:47,7.5,,,NOISE,2025-01-20T21:00:47,7.5,,,NOISE,2025-01-20T21:00:47,7.5,,,NOISE
2026-03-05T12:12:20.330119,Map-Energy__sum__linear-conv00802-20250121_000047-20250121_060047-5.000000-10.000000.png,2025-01-21T00:00:47,2025-01-21T06:00:47,5.0,10.0,2025-01-21T03:00:47,7.5,,,NOISE,2025-01-21T03:00:47,7.5,,,NOISE,2025-01-21T03:00:47,7.5,,,NOISE,2025-01-21T03:00:47,7.5,,,NOISE
2026-03-05T12:12:21.178215,Map-Energy__sum__linear-conv00812-20250121_060047-20250121_120047-5.000000-10.000000.png,2025-01-21T06:00:47,2025-01-21T12:00:47,5.0,10.0,2025-01-21T09:00:47,7.5,,,NOISE,2025-01-21T09:00:47,7.5,,,NOISE,2025-01-21T09:00:47,7.5,,,NOISE,2025-01-21T09:00:47,7.5,,,NOISE
2026-03-05T12:12:22.050167,Map-Energy__sum__linear-conv00822-20250121_120047-20250121_180047-5.000000-10.000000.png,2025-01-21T12:00:47,2025-01-21T18:00:47,5.0,10.0,2025-01-21T15:00:47,7.5,,,NOISE,2025-01-21T15:00:47,7.5,,,NOISE,2025-01-21T15:00:47,7.5,,,NOISE,2025-01-21T15:00:47,7.5,,,NOISE
2026-03-05T12:12:22.986203,Map-Energy__sum__linear-conv00832-20250121_180047-20250122_000047-5.000000-10.000000.png,2025-01-21T18:00:47,2025-01-22T00:00:47,5.0,10.0,2025-01-21T21:00:47,7.5,,,NOISE,2025-01-21T21:00:47,7.5,,,NOISE,2025-01-21T21:00:47,7.5,,,NOISE,2025-01-21T21:00:47,7.5,,,NOISE
2026-03-05T12:12:23.746250,Map-Energy__sum__linear-conv00842-20250122_000047-20250122_060047-5.000000-10.000000.png,2025-01-22T00:00:47,2025-01-22T06:00:47,5.0,10.0,2025-01-22T03:00:47,7.5,,,NOISE,2025-01-22T03:00:47,7.5,,,NOISE,2025-01-22T03:00:47,7.5,,,NOISE,2025-01-22T03:00:47,7.5,,,NOISE
2026-03-05T12:12:24.546154,Map-Energy__sum__linear-conv00852-20250122_060047-20250122_120047-5.000000-10.000000.png,2025-01-22T06:00:47,2025-01-22T12:00:47,5.0,10.0,2025-01-22T09:00:47,7.5,,,NOISE,2025-01-22T09:00:47,7.5,,,NOISE,2025-01-22T09:00:47,7.5,,,NOISE,2025-01-22T09:00:47,7.5,,,NOISE
2026-03-05T12:12:25.258310,Map-Energy__sum__linear-conv00862-20250122_120047-20250122_180047-5.000000-10.000000.png,2025-01-22T12:00:47,2025-01-22T18:00:47,5.0,10.0,2025-01-22T15:00:47,7.5,,,NOISE,2025-01-22T15:00:47,7.5,,,NOISE,2025-01-22T15:00:47,7.5,,,NOISE,2025-01-22T15:00:47,7.5,,,NOISE
2026-03-05T12:12:25.922141,Map-Energy__sum__linear-conv00872-20250122_180047-20250123_000047-5.000000-10.000000.png,2025-01-22T18:00:47,2025-01-23T00:00:47,5.0,10.0,2025-01-22T21:00:47,7.5,,,NOISE,2025-01-22T21:00:47,7.5,,,NOISE,2025-01-22T21:00:47,7.5,,,NOISE,2025-01-22T21:00:47,7.5,,,NOISE
2026-03-05T12:12:26.602170,Map-Energy__sum__linear-conv00882-20250123_000047-20250123_060047-5.000000-10.000000.png,2025-01-23T00:00:47,2025-01-23T06:00:47,5.0,10.0,2025-01-23T03:00:47,7.5,,,NOISE,2025-01-23T03:00:47,7.5,,,NOISE,2025-01-23T03:00:47,7.5,,,NOISE,2025-01-23T03:00:47,7.5,,,NOISE
2026-03-05T12:12:27.338095,Map-Energy__sum__linear-conv00892-20250123_060047-20250123_120047-5.000000-10.000000.png,2025-01-23T06:00:47,2025-01-23T12:00:47,5.0,10.0,2025-01-23T09:00:47,7.5,,,NOISE,2025-01-23T09:00:47,7.5,,,NOISE,2025-01-23T09:00:47,7.5,,,NOISE,2025-01-23T09:00:47,7.5,,,NOISE
2026-03-05T12:12:28.066166,Map-Energy__sum__linear-conv00902-20250123_120047-20250123_180047-5.000000-10.000000.png,2025-01-23T12:00:47,2025-01-23T18:00:47,5.0,10.0,2025-01-23T15:00:47,7.5,,,NOISE,2025-01-23T15:00:47,7.5,,,NOISE,2025-01-23T15:00:47,7.5,,,NOISE,2025-01-23T15:00:47,7.5,,,NOISE
2026-03-05T12:12:28.842126,Map-Energy__sum__linear-conv00912-20250123_180047-20250124_000047-5.000000-10.000000.png,2025-01-23T18:00:47,2025-01-24T00:00:47,5.0,10.0,2025-01-23T21:00:47,7.5,,,NOISE,2025-01-23T21:00:47,7.5,,,NOISE,2025-01-23T21:00:47,7.5,,,NOISE,2025-01-23T21:00:47,7.5,,,NOISE
2026-03-05T12:12:29.562142,Map-Energy__sum__linear-conv00922-20250124_000047-20250124_060047-5.000000-10.000000.png,2025-01-24T00:00:47,2025-01-24T06:00:47,5.0,10.0,2025-01-24T03:00:47,7.5,,,NOISE,2025-01-24T03:00:47,7.5,,,NOISE,2025-01-24T03:00:47,7.5,,,NOISE,2025-01-24T03:00:47,7.5,,,NOISE
2026-03-05T12:12:30.354054,Map-Energy__sum__linear-conv00932-20250124_060047-20250124_120047-5.000000-10.000000.png,2025-01-24T06:00:47,2025-01-24T12:00:47,5.0,10.0,2025-01-24T09:00:47,7.5,,,NOISE,2025-01-24T09:00:47,7.5,,,NOISE,2025-01-24T09:00:47,7.5,,,NOISE,2025-01-24T09:00:47,7.5,,,NOISE
2026-03-05T12:12:31.130276,Map-Energy__sum__linear-conv00942-20250124_120047-20250124_180047-5.000000-10.000000.png,2025-01-24T12:00:47,2025-01-24T18:00:47,5.0,10.0,2025-01-24T15:00:47,7.5,,,NOISE,2025-01-24T15:00:47,7.5,,,NOISE,2025-01-24T15:00:47,7.5,,,NOISE,2025-01-24T15:00:47,7.5,,,NOISE
2026-03-05T12:12:32.058211,Map-Energy__sum__linear-conv00952-20250124_180047-20250125_000047-5.000000-10.000000.png,2025-01-24T18:00:47,2025-01-25T00:00:47,5.0,10.0,2025-01-24T21:00:47,7.5,,,NOISE,2025-01-24T21:00:47,7.5,,,NOISE,2025-01-24T21:00:47,7.5,,,NOISE,2025-01-24T21:00:47,7.5,,,NOISE
2026-03-05T12:12:32.802169,Map-Energy__sum__linear-conv00962-20250125_000047-20250125_060047-5.000000-10.000000.png,2025-01-25T00:00:47,2025-01-25T06:00:47,5.0,10.0,2025-01-25T03:00:47,7.5,,,NOISE,2025-01-25T03:00:47,7.5,,,NOISE,2025-01-25T03:00:47,7.5,,,NOISE,2025-01-25T03:00:47,7.5,,,NOISE
2026-03-05T12:12:33.722015,Map-Energy__sum__linear-conv00972-20250125_060047-20250125_120047-5.000000-10.000000.png,2025-01-25T06:00:47,2025-01-25T12:00:47,5.0,10.0,2025-01-25T09:00:47,7.5,,,NOISE,2025-01-25T09:00:47,7.5,,,NOISE,2025-01-25T09:00:47,7.5,,,NOISE,2025-01-25T09:00:47,7.5,,,NOISE
2026-03-05T12:12:34.458100,Map-Energy__sum__linear-conv00982-20250125_120047-20250125_180047-5.000000-10.000000.png,2025-01-25T12:00:47,2025-01-25T18:00:47,5.0,10.0,2025-01-25T15:00:47,7.5,,,NOISE,2025-01-25T15:00:47,7.5,,,NOISE,2025-01-25T15:00:47,7.5,,,NOISE,2025-01-25T15:00:47,7.5,,,NOISE
2026-03-05T12:12:35.218094,Map-Energy__sum__linear-conv00992-20250125_180047-20250126_000047-5.000000-10.000000.png,2025-01-25T18:00:47,2025-01-26T00:00:47,5.0,10.0,2025-01-25T21:00:47,7.5,,,NOISE,2025-01-25T21:00:47,7.5,,,NOISE,2025-01-25T21:00:47,7.5,,,NOISE,2025-01-25T21:00:47,7.5,,,NOISE
2026-03-05T12:12:37.130119,Map-Energy__sum__linear-conv01002-20250126_000047-20250126_060047-5.000000-10.000000.png,2025-01-26T00:00:47,2025-01-26T06:00:47,5.0,10.0,2025-01-26T03:00:47,7.5,,,NOISE,2025-01-26T03:00:47,7.5,,,NOISE,2025-01-26T03:00:47,7.5,,,NOISE,2025-01-26T03:00:47,7.5,,,NOISE
2026-03-05T12:12:37.986165,Map-Energy__sum__linear-conv01012-20250126_060047-20250126_120047-5.000000-10.000000.png,2025-01-26T06:00:47,2025-01-26T12:00:47,5.0,10.0,2025-01-26T09:00:47,7.5,,,NOISE,2025-01-26T09:00:47,7.5,,,NOISE,2025-01-26T09:00:47,7.5,,,NOISE,2025-01-26T09:00:47,7.5,,,NOISE
2026-03-05T12:12:38.754132,Map-Energy__sum__linear-conv01022-20250126_120047-20250126_180047-5.000000-10.000000.png,2025-01-26T12:00:47,2025-01-26T18:00:47,5.0,10.0,2025-01-26T15:00:47,7.5,,,NOISE,2025-01-26T15:00:47,7.5,,,NOISE,2025-01-26T15:00:47,7.5,,,NOISE,2025-01-26T15:00:47,7.5,,,NOISE
2026-03-05T12:12:39.994161,Map-Energy__sum__linear-conv01032-20250126_180047-20250127_000047-5.000000-10.000000.png,2025-01-26T18:00:47,2025-01-27T00:00:47,5.0,10.0,2025-01-26T21:00:47,7.5,,,NOISE,2025-01-26T21:00:47,7.5,,,NOISE,2025-01-26T21:00:47,7.5,,,NOISE,2025-01-26T21:00:47,7.5,,,NOISE
2026-03-05T12:12:40.818392,Map-Energy__sum__linear-conv01042-20250127_000047-20250127_060047-5.000000-10.000000.png,2025-01-27T00:00:47,2025-01-27T06:00:47,5.0,10.0,2025-01-27T03:00:47,7.5,,,NOISE,2025-01-27T03:00:47,7.5,,,NOISE,2025-01-27T03:00:47,7.5,,,NOISE,2025-01-27T03:00:47,7.5,,,NOISE
2026-03-05T12:12:41.601685,Map-Energy__sum__linear-conv01052-20250127_060047-20250127_120047-5.000000-10.000000.png,2025-01-27T06:00:47,2025-01-27T12:00:47,5.0,10.0,2025-01-27T09:00:47,7.5,,,NOISE,2025-01-27T09:00:47,7.5,,,NOISE,2025-01-27T09:00:47,7.5,,,NOISE,2025-01-27T09:00:47,7.5,,,NOISE
2026-03-05T12:12:42.386567,Map-Energy__sum__linear-conv01062-20250127_120047-20250127_180047-5.000000-10.000000.png,2025-01-27T12:00:47,2025-01-27T18:00:47,5.0,10.0,2025-01-27T15:00:47,7.5,,,NOISE,2025-01-27T15:00:47,7.5,,,NOISE,2025-01-27T15:00:47,7.5,,,NOISE,2025-01-27T15:00:47,7.5,,,NOISE
2026-03-05T12:12:43.098151,Map-Energy__sum__linear-conv01072-20250127_180047-20250128_000047-5.000000-10.000000.png,2025-01-27T18:00:47,2025-01-28T00:00:47,5.0,10.0,2025-01-27T21:00:47,7.5,,,NOISE,2025-01-27T21:00:47,7.5,,,NOISE,2025-01-27T21:00:47,7.5,,,NOISE,2025-01-27T21:00:47,7.5,,,NOISE
2026-03-05T12:12:43.810153,Map-Energy__sum__linear-conv01082-20250128_000047-20250128_060047-5.000000-10.000000.png,2025-01-28T00:00:47,2025-01-28T06:00:47,5.0,10.0,2025-01-28T03:00:47,7.5,,,NOISE,2025-01-28T03:00:47,7.5,,,NOISE,2025-01-28T03:00:47,7.5,,,NOISE,2025-01-28T03:00:47,7.5,,,NOISE
2026-03-05T12:12:44.554179,Map-Energy__sum__linear-conv01092-20250128_060047-20250128_120047-5.000000-10.000000.png,2025-01-28T06:00:47,2025-01-28T12:00:47,5.0,10.0,2025-01-28T09:00:47,7.5,,,NOISE,2025-01-28T09:00:47,7.5,,,NOISE,2025-01-28T09:00:47,7.5,,,NOISE,2025-01-28T09:00:47,7.5,,,NOISE
2026-03-05T12:12:45.291456,Map-Energy__sum__linear-conv01102-20250128_120047-20250128_180047-5.000000-10.000000.png,2025-01-28T12:00:47,2025-01-28T18:00:47,5.0,10.0,2025-01-28T15:00:47,7.5,,,NOISE,2025-01-28T15:00:47,7.5,,,NOISE,2025-01-28T15:00:47,7.5,,,NOISE,2025-01-28T15:00:47,7.5,,,NOISE
2026-03-05T12:12:46.066182,Map-Energy__sum__linear-conv01112-20250128_180047-20250129_000047-5.000000-10.000000.png,2025-01-28T18:00:47,2025-01-29T00:00:47,5.0,10.0,2025-01-28T21:00:47,7.5,,,NOISE,2025-01-28T21:00:47,7.5,,,NOISE,2025-01-28T21:00:47,7.5,,,NOISE,2025-01-28T21:00:47,7.5,,,NOISE
2026-03-05T12:12:46.842284,Map-Energy__sum__linear-conv01122-20250129_000047-20250129_060047-5.000000-10.000000.png,2025-01-29T00:00:47,2025-01-29T06:00:47,5.0,10.0,2025-01-29T03:00:47,7.5,,,NOISE,2025-01-29T03:00:47,7.5,,,NOISE,2025-01-29T03:00:47,7.5,,,NOISE,2025-01-29T03:00:47,7.5,,,NOISE
2026-03-05T12:12:47.610118,Map-Energy__sum__linear-conv01132-20250129_060047-20250129_120047-5.000000-10.000000.png,2025-01-29T06:00:47,2025-01-29T12:00:47,5.0,10.0,2025-01-29T09:00:47,7.5,,,NOISE,2025-01-29T09:00:47,7.5,,,NOISE,2025-01-29T09:00:47,7.5,,,NOISE,2025-01-29T09:00:47,7.5,,,NOISE
2026-03-05T12:12:48.322144,Map-Energy__sum__linear-conv01142-20250129_120047-20250129_180047-5.000000-10.000000.png,2025-01-29T12:00:47,2025-01-29T18:00:47,5.0,10.0,2025-01-29T15:00:47,7.5,,,NOISE,2025-01-29T15:00:47,7.5,,,NOISE,2025-01-29T15:00:47,7.5,,,NOISE,2025-01-29T15:00:47,7.5,,,NOISE
2026-03-05T12:12:49.002107,Map-Energy__sum__linear-conv01152-20250129_180047-20250130_000047-5.000000-10.000000.png,2025-01-29T18:00:47,2025-01-30T00:00:47,5.0,10.0,2025-01-29T21:00:47,7.5,,,NOISE,2025-01-29T21:00:47,7.5,,,NOISE,2025-01-29T21:00:47,7.5,,,NOISE,2025-01-29T21:00:47,7.5,,,NOISE
2026-03-05T12:12:49.770129,Map-Energy__sum__linear-conv01162-20250130_000047-20250130_060047-5.000000-10.000000.png,2025-01-30T00:00:47,2025-01-30T06:00:47,5.0,10.0,2025-01-30T03:00:47,7.5,,,NOISE,2025-01-30T03:00:47,7.5,,,NOISE,2025-01-30T03:00:47,7.5,,,NOISE,2025-01-30T03:00:47,7.5,,,NOISE
2026-03-05T12:12:50.522186,Map-Energy__sum__linear-conv01172-20250130_060047-20250130_120047-5.000000-10.000000.png,2025-01-30T06:00:47,2025-01-30T12:00:47,5.0,10.0,2025-01-30T09:00:47,7.5,,,NOISE,2025-01-30T09:00:47,7.5,,,NOISE,2025-01-30T09:00:47,7.5,,,NOISE,2025-01-30T09:00:47,7.5,,,NOISE
2026-03-05T12:12:51.282067,Map-Energy__sum__linear-conv01182-20250130_120047-20250130_180047-5.000000-10.000000.png,2025-01-30T12:00:47,2025-01-30T18:00:47,5.0,10.0,2025-01-30T15:00:47,7.5,,,NOISE,2025-01-30T15:00:47,7.5,,,NOISE,2025-01-30T15:00:47,7.5,,,NOISE,2025-01-30T15:00:47,7.5,,,NOISE
2026-03-05T12:12:52.041935,Map-Energy__sum__linear-conv01192-20250130_180047-20250131_000047-5.000000-10.000000.png,2025-01-30T18:00:47,2025-01-31T00:00:47,5.0,10.0,2025-01-30T21:00:47,7.5,,,NOISE,2025-01-30T21:00:47,7.5,,,NOISE,2025-01-30T21:00:47,7.5,,,NOISE,2025-01-30T21:00:47,7.5,,,NOISE
2026-03-05T12:12:52.946227,Map-Energy__sum__linear-conv01202-20250131_000047-20250131_060047-5.000000-10.000000.png,2025-01-31T00:00:47,2025-01-31T06:00:47,5.0,10.0,2025-01-31T03:00:47,7.5,,,NOISE,2025-01-31T03:00:47,7.5,,,NOISE,2025-01-31T03:00:47,7.5,,,NOISE,2025-01-31T03:00:47,7.5,,,NOISE
2026-03-05T12:12:53.730159,Map-Energy__sum__linear-conv01212-20250131_060047-20250131_120047-5.000000-10.000000.png,2025-01-31T06:00:47,2025-01-31T12:00:47,5.0,10.0,2025-01-31T09:00:47,7.5,,,NOISE,2025-01-31T09:00:47,7.5,,,NOISE,2025-01-31T09:00:47,7.5,,,NOISE,2025-01-31T09:00:47,7.5,,,NOISE
2026-03-05T12:12:54.610019,Map-Energy__sum__linear-conv01222-20250131_120047-20250131_180047-5.000000-10.000000.png,2025-01-31T12:00:47,2025-01-31T18:00:47,5.0,10.0,2025-01-31T15:00:47,7.5,,,NOISE,2025-01-31T15:00:47,7.5,,,NOISE,2025-01-31T15:00:47,7.5,,,NOISE,2025-01-31T15:00:47,7.5,,,NOISE
2026-03-05T12:12:55.298111,Map-Energy__sum__linear-conv01232-20250131_180047-20250201_000047-5.000000-10.000000.png,2025-01-31T18:00:47,2025-02-01T00:00:47,5.0,10.0,2025-01-31T21:00:47,7.5,,,NOISE,2025-01-31T21:00:47,7.5,,,NOISE,2025-01-31T21:00:47,7.5,,,NOISE,2025-01-31T21:00:47,7.5,,,NOISE
2026-03-05T12:12:58.329983,Map-Energy__sum__linear-conv00003-20250101_000047-20250101_060047-10.000000-15.000000.png,2025-01-01T00:00:47,2025-01-01T06:00:47,10.0,15.0,2025-01-01T03:00:47,12.5,,,NOISE,2025-01-01T03:00:47,12.5,,,NOISE,2025-01-01T03:00:47,12.5,,,NOISE,2025-01-01T03:00:47,12.5,,,NOISE
2026-03-05T12:12:59.522132,Map-Energy__sum__linear-conv00013-20250101_060047-20250101_120047-10.000000-15.000000.png,2025-01-01T06:00:47,2025-01-01T12:00:47,10.0,15.0,2025-01-01T09:00:47,12.5,,,NOISE,2025-01-01T09:00:47,12.5,,,NOISE,2025-01-01T09:00:47,12.5,,,NOISE,2025-01-01T09:00:47,12.5,,,NOISE
2026-03-05T12:13:04.674045,Map-Energy__sum__linear-conv00023-20250101_120047-20250101_180047-10.000000-15.000000.png,2025-01-01T12:00:47,2025-01-01T18:00:47,10.0,15.0,2025-01-01T15:00:47,12.5,,,NOISE,2025-01-01T15:00:47,12.5,,,NOISE,2025-01-01T15:00:47,12.5,,,NOISE,2025-01-01T15:00:47,12.5,,,NOISE
2026-03-05T12:13:05.762105,Map-Energy__sum__linear-conv00033-20250101_180047-20250102_000047-10.000000-15.000000.png,2025-01-01T18:00:47,2025-01-02T00:00:47,10.0,15.0,2025-01-01T21:00:47,12.5,,,NOISE,2025-01-01T21:00:47,12.5,,,NOISE,2025-01-01T21:00:47,12.5,,,NOISE,2025-01-01T21:00:47,12.5,,,NOISE
2026-03-05T12:13:07.226113,Map-Energy__sum__linear-conv00043-20250102_000047-20250102_060047-10.000000-15.000000.png,2025-01-02T00:00:47,2025-01-02T06:00:47,10.0,15.0,2025-01-02T03:00:47,12.5,,,NOISE,2025-01-02T03:00:47,12.5,,,NOISE,2025-01-02T03:00:47,12.5,,,NOISE,2025-01-02T03:00:47,12.5,,,NOISE
2026-03-05T12:13:08.339082,Map-Energy__sum__linear-conv00053-20250102_060047-20250102_120047-10.000000-15.000000.png,2025-01-02T06:00:47,2025-01-02T12:00:47,10.0,15.0,2025-01-02T09:00:47,12.5,,,NOISE,2025-01-02T09:00:47,12.5,,,NOISE,2025-01-02T09:00:47,12.5,,,NOISE,2025-01-02T09:00:47,12.5,,,NOISE
2026-03-05T12:13:09.314174,Map-Energy__sum__linear-conv00063-20250102_120047-20250102_180047-10.000000-15.000000.png,2025-01-02T12:00:47,2025-01-02T18:00:47,10.0,15.0,2025-01-02T15:00:47,12.5,,,NOISE,2025-01-02T15:00:47,12.5,,,NOISE,2025-01-02T15:00:47,12.5,,,NOISE,2025-01-02T15:00:47,12.5,,,NOISE
2026-03-05T12:13:10.562187,Map-Energy__sum__linear-conv00073-20250102_180047-20250103_000047-10.000000-15.000000.png,2025-01-02T18:00:47,2025-01-03T00:00:47,10.0,15.0,2025-01-02T21:00:47,12.5,,,NOISE,2025-01-02T21:00:47,12.5,,,NOISE,2025-01-02T21:00:47,12.5,,,NOISE,2025-01-02T21:00:47,12.5,,,NOISE
2026-03-05T12:13:11.490004,Map-Energy__sum__linear-conv00083-20250103_000047-20250103_060047-10.000000-15.000000.png,2025-01-03T00:00:47,2025-01-03T06:00:47,10.0,15.0,2025-01-03T03:00:47,12.5,,,NOISE,2025-01-03T03:00:47,12.5,,,NOISE,2025-01-03T03:00:47,12.5,,,NOISE,2025-01-03T03:00:47,12.5,,,NOISE
2026-03-05T12:13:12.586096,Map-Energy__sum__linear-conv00093-20250103_060047-20250103_120047-10.000000-15.000000.png,2025-01-03T06:00:47,2025-01-03T12:00:47,10.0,15.0,2025-01-03T09:00:47,12.5,,,NOISE,2025-01-03T09:00:47,12.5,,,NOISE,2025-01-03T09:00:47,12.5,,,NOISE,2025-01-03T09:00:47,12.5,,,NOISE
2026-03-05T12:13:13.818348,Map-Energy__sum__linear-conv00103-20250103_120047-20250103_180047-10.000000-15.000000.png,2025-01-03T12:00:47,2025-01-03T18:00:47,10.0,15.0,2025-01-03T15:00:47,12.5,,,NOISE,2025-01-03T15:00:47,12.5,,,NOISE,2025-01-03T15:00:47,12.5,,,NOISE,2025-01-03T15:00:47,12.5,,,NOISE
2026-03-05T12:13:14.810137,Map-Energy__sum__linear-conv00113-20250103_180047-20250104_000047-10.000000-15.000000.png,2025-01-03T18:00:47,2025-01-04T00:00:47,10.0,15.0,2025-01-03T21:00:47,12.5,,,NOISE,2025-01-03T21:00:47,12.5,,,NOISE,2025-01-03T21:00:47,12.5,,,NOISE,2025-01-03T21:00:47,12.5,,,NOISE
2026-03-05T12:13:15.762097,Map-Energy__sum__linear-conv00123-20250104_000047-20250104_060047-10.000000-15.000000.png,2025-01-04T00:00:47,2025-01-04T06:00:47,10.0,15.0,2025-01-04T03:00:47,12.5,,,NOISE,2025-01-04T03:00:47,12.5,,,NOISE,2025-01-04T03:00:47,12.5,,,NOISE,2025-01-04T03:00:47,12.5,,,NOISE
2026-03-05T12:13:16.674237,Map-Energy__sum__linear-conv00133-20250104_060047-20250104_120047-10.000000-15.000000.png,2025-01-04T06:00:47,2025-01-04T12:00:47,10.0,15.0,2025-01-04T09:00:47,12.5,,,NOISE,2025-01-04T09:00:47,12.5,,,NOISE,2025-01-04T09:00:47,12.5,,,NOISE,2025-01-04T09:00:47,12.5,,,NOISE
2026-03-05T12:13:17.794307,Map-Energy__sum__linear-conv00143-20250104_120047-20250104_180047-10.000000-15.000000.png,2025-01-04T12:00:47,2025-01-04T18:00:47,10.0,15.0,2025-01-04T15:00:47,12.5,,,NOISE,2025-01-04T15:00:47,12.5,,,NOISE,2025-01-04T15:00:47,12.5,,,NOISE,2025-01-04T15:00:47,12.5,,,NOISE
2026-03-05T12:13:19.018092,Map-Energy__sum__linear-conv00153-20250104_180047-20250105_000047-10.000000-15.000000.png,2025-01-04T18:00:47,2025-01-05T00:00:47,10.0,15.0,2025-01-04T21:00:47,12.5,,,NOISE,2025-01-04T21:00:47,12.5,,,NOISE,2025-01-04T21:00:47,12.5,,,NOISE,2025-01-04T21:00:47,12.5,,,NOISE
2026-03-05T12:13:20.194229,Map-Energy__sum__linear-conv00163-20250105_000047-20250105_060047-10.000000-15.000000.png,2025-01-05T00:00:47,2025-01-05T06:00:47,10.0,15.0,2025-01-05T03:00:47,12.5,,,NOISE,2025-01-05T03:00:47,12.5,,,NOISE,2025-01-05T03:00:47,12.5,,,NOISE,2025-01-05T03:00:47,12.5,,,NOISE
2026-03-05T12:13:21.378061,Map-Energy__sum__linear-conv00173-20250105_060047-20250105_120047-10.000000-15.000000.png,2025-01-05T06:00:47,2025-01-05T12:00:47,10.0,15.0,2025-01-05T09:00:47,12.5,,,NOISE,2025-01-05T09:00:47,12.5,,,NOISE,2025-01-05T09:00:47,12.5,,,NOISE,2025-01-05T09:00:47,12.5,,,NOISE
2026-03-05T12:13:22.258023,Map-Energy__sum__linear-conv00183-20250105_120047-20250105_180047-10.000000-15.000000.png,2025-01-05T12:00:47,2025-01-05T18:00:47,10.0,15.0,2025-01-05T15:00:47,12.5,,,NOISE,2025-01-05T15:00:47,12.5,,,NOISE,2025-01-05T15:00:47,12.5,,,NOISE,2025-01-05T15:00:47,12.5,,,NOISE
2026-03-05T12:13:23.066134,Map-Energy__sum__linear-conv00193-20250105_180047-20250106_000047-10.000000-15.000000.png,2025-01-05T18:00:47,2025-01-06T00:00:47,10.0,15.0,2025-01-05T21:00:47,12.5,,,NOISE,2025-01-05T21:00:47,12.5,,,NOISE,2025-01-05T21:00:47,12.5,,,NOISE,2025-01-05T21:00:47,12.5,,,NOISE
2026-03-05T12:13:23.874228,Map-Energy__sum__linear-conv00203-20250106_000047-20250106_060047-10.000000-15.000000.png,2025-01-06T00:00:47,2025-01-06T06:00:47,10.0,15.0,2025-01-06T03:00:47,12.5,,,NOISE,2025-01-06T03:00:47,12.5,,,NOISE,2025-01-06T03:00:47,12.5,,,NOISE,2025-01-06T03:00:47,12.5,,,NOISE
2026-03-05T12:13:24.666060,Map-Energy__sum__linear-conv00213-20250106_060047-20250106_120047-10.000000-15.000000.png,2025-01-06T06:00:47,2025-01-06T12:00:47,10.0,15.0,2025-01-06T09:00:47,12.5,,,NOISE,2025-01-06T09:00:47,12.5,,,NOISE,2025-01-06T09:00:47,12.5,,,NOISE,2025-01-06T09:00:47,12.5,,,NOISE
2026-03-05T12:13:25.586040,Map-Energy__sum__linear-conv00223-20250106_120047-20250106_180047-10.000000-15.000000.png,2025-01-06T12:00:47,2025-01-06T18:00:47,10.0,15.0,2025-01-06T15:00:47,12.5,,,NOISE,2025-01-06T15:00:47,12.5,,,NOISE,2025-01-06T15:00:47,12.5,,,NOISE,2025-01-06T15:00:47,12.5,,,NOISE
2026-03-05T12:13:26.378101,Map-Energy__sum__linear-conv00233-20250106_180047-20250107_000047-10.000000-15.000000.png,2025-01-06T18:00:47,2025-01-07T00:00:47,10.0,15.0,2025-01-06T21:00:47,12.5,,,NOISE,2025-01-06T21:00:47,12.5,,,NOISE,2025-01-06T21:00:47,12.5,,,NOISE,2025-01-06T21:00:47,12.5,,,NOISE
2026-03-05T12:13:27.194229,Map-Energy__sum__linear-conv00243-20250107_000047-20250107_060047-10.000000-15.000000.png,2025-01-07T00:00:47,2025-01-07T06:00:47,10.0,15.0,2025-01-07T03:00:47,12.5,,,NOISE,2025-01-07T03:00:47,12.5,,,NOISE,2025-01-07T03:00:47,12.5,,,NOISE,2025-01-07T03:00:47,12.5,,,NOISE
2026-03-05T12:13:27.994104,Map-Energy__sum__linear-conv00253-20250107_060047-20250107_120047-10.000000-15.000000.png,2025-01-07T06:00:47,2025-01-07T12:00:47,10.0,15.0,2025-01-07T09:00:47,12.5,,,NOISE,2025-01-07T09:00:47,12.5,,,NOISE,2025-01-07T09:00:47,12.5,,,NOISE,2025-01-07T09:00:47,12.5,,,NOISE
2026-03-05T12:13:28.858186,Map-Energy__sum__linear-conv00263-20250107_120047-20250107_180047-10.000000-15.000000.png,2025-01-07T12:00:47,2025-01-07T18:00:47,10.0,15.0,2025-01-07T15:00:47,12.5,,,NOISE,2025-01-07T15:00:47,12.5,,,NOISE,2025-01-07T15:00:47,12.5,,,NOISE,2025-01-07T15:00:47,12.5,,,NOISE
2026-03-05T12:13:29.642078,Map-Energy__sum__linear-conv00273-20250107_180047-20250108_000047-10.000000-15.000000.png,2025-01-07T18:00:47,2025-01-08T00:00:47,10.0,15.0,2025-01-07T21:00:47,12.5,,,NOISE,2025-01-07T21:00:47,12.5,,,NOISE,2025-01-07T21:00:47,12.5,,,NOISE,2025-01-07T21:00:47,12.5,,,NOISE
2026-03-05T12:13:30.450029,Map-Energy__sum__linear-conv00283-20250108_000047-20250108_060047-10.000000-15.000000.png,2025-01-08T00:00:47,2025-01-08T06:00:47,10.0,15.0,2025-01-08T03:00:47,12.5,,,NOISE,2025-01-08T03:00:47,12.5,,,NOISE,2025-01-08T03:00:47,12.5,,,NOISE,2025-01-08T03:00:47,12.5,,,NOISE
2026-03-05T12:13:31.186291,Map-Energy__sum__linear-conv00293-20250108_060047-20250108_120047-10.000000-15.000000.png,2025-01-08T06:00:47,2025-01-08T12:00:47,10.0,15.0,2025-01-08T09:00:47,12.5,,,NOISE,2025-01-08T09:00:47,12.5,,,NOISE,2025-01-08T09:00:47,12.5,,,NOISE,2025-01-08T09:00:47,12.5,,,NOISE
2026-03-05T12:13:32.010054,Map-Energy__sum__linear-conv00303-20250108_120047-20250108_180047-10.000000-15.000000.png,2025-01-08T12:00:47,2025-01-08T18:00:47,10.0,15.0,2025-01-08T15:00:47,12.5,,,NOISE,2025-01-08T15:00:47,12.5,,,NOISE,2025-01-08T15:00:47,12.5,,,NOISE,2025-01-08T15:00:47,12.5,,,NOISE
2026-03-05T12:13:32.826148,Map-Energy__sum__linear-conv00313-20250108_180047-20250109_000047-10.000000-15.000000.png,2025-01-08T18:00:47,2025-01-09T00:00:47,10.0,15.0,2025-01-08T21:00:47,12.5,,,NOISE,2025-01-08T21:00:47,12.5,,,NOISE,2025-01-08T21:00:47,12.5,,,NOISE,2025-01-08T21:00:47,12.5,,,NOISE
2026-03-05T12:13:33.489848,Map-Energy__sum__linear-conv00323-20250109_000047-20250109_060047-10.000000-15.000000.png,2025-01-09T00:00:47,2025-01-09T06:00:47,10.0,15.0,2025-01-09T03:00:47,12.5,,,NOISE,2025-01-09T03:00:47,12.5,,,NOISE,2025-01-09T03:00:47,12.5,,,NOISE,2025-01-09T03:00:47,12.5,,,NOISE
2026-03-05T12:13:34.210088,Map-Energy__sum__linear-conv00333-20250109_060047-20250109_120047-10.000000-15.000000.png,2025-01-09T06:00:47,2025-01-09T12:00:47,10.0,15.0,2025-01-09T09:00:47,12.5,,,NOISE,2025-01-09T09:00:47,12.5,,,NOISE,2025-01-09T09:00:47,12.5,,,NOISE,2025-01-09T09:00:47,12.5,,,NOISE
2026-03-05T12:13:34.977943,Map-Energy__sum__linear-conv00343-20250109_120047-20250109_180047-10.000000-15.000000.png,2025-01-09T12:00:47,2025-01-09T18:00:47,10.0,15.0,2025-01-09T15:00:47,12.5,,,NOISE,2025-01-09T15:00:47,12.5,,,NOISE,2025-01-09T15:00:47,12.5,,,NOISE,2025-01-09T15:00:47,12.5,,,NOISE
2026-03-05T12:13:35.609989,Map-Energy__sum__linear-conv00353-20250109_180047-20250110_000047-10.000000-15.000000.png,2025-01-09T18:00:47,2025-01-10T00:00:47,10.0,15.0,2025-01-09T21:00:47,12.5,,,NOISE,2025-01-09T21:00:47,12.5,,,NOISE,2025-01-09T21:00:47,12.5,,,NOISE,2025-01-09T21:00:47,12.5,,,NOISE
2026-03-05T12:13:36.434158,Map-Energy__sum__linear-conv00363-20250110_000047-20250110_060047-10.000000-15.000000.png,2025-01-10T00:00:47,2025-01-10T06:00:47,10.0,15.0,2025-01-10T03:00:47,12.5,,,NOISE,2025-01-10T03:00:47,12.5,,,NOISE,2025-01-10T03:00:47,12.5,,,NOISE,2025-01-10T03:00:47,12.5,,,NOISE
2026-03-05T12:13:37.258134,Map-Energy__sum__linear-conv00373-20250110_060047-20250110_120047-10.000000-15.000000.png,2025-01-10T06:00:47,2025-01-10T12:00:47,10.0,15.0,2025-01-10T09:00:47,12.5,,,NOISE,2025-01-10T09:00:47,12.5,,,NOISE,2025-01-10T09:00:47,12.5,,,NOISE,2025-01-10T09:00:47,12.5,,,NOISE
2026-03-05T12:13:38.050116,Map-Energy__sum__linear-conv00383-20250110_120047-20250110_180047-10.000000-15.000000.png,2025-01-10T12:00:47,2025-01-10T18:00:47,10.0,15.0,2025-01-10T15:00:47,12.5,,,NOISE,2025-01-10T15:00:47,12.5,,,NOISE,2025-01-10T15:00:47,12.5,,,NOISE,2025-01-10T15:00:47,12.5,,,NOISE
2026-03-05T12:13:39.090105,Map-Energy__sum__linear-conv00393-20250110_180047-20250111_000047-10.000000-15.000000.png,2025-01-10T18:00:47,2025-01-11T00:00:47,10.0,15.0,2025-01-10T21:00:47,12.5,,,NOISE,2025-01-10T21:00:47,12.5,,,NOISE,2025-01-10T21:00:47,12.5,,,NOISE,2025-01-10T21:00:47,12.5,,,NOISE
2026-03-05T12:13:40.761947,Map-Energy__sum__linear-conv00403-20250111_000047-20250111_060047-10.000000-15.000000.png,2025-01-11T00:00:47,2025-01-11T06:00:47,10.0,15.0,2025-01-11T03:00:47,12.5,,,NOISE,2025-01-11T03:00:47,12.5,,,NOISE,2025-01-11T03:00:47,12.5,,,NOISE,2025-01-11T03:00:47,12.5,,,NOISE
2026-03-05T12:13:42.306112,Map-Energy__sum__linear-conv00413-20250111_060047-20250111_120047-10.000000-15.000000.png,2025-01-11T06:00:47,2025-01-11T12:00:47,10.0,15.0,2025-01-11T09:00:47,12.5,,,NOISE,2025-01-11T09:00:47,12.5,,,NOISE,2025-01-11T09:00:47,12.5,,,NOISE,2025-01-11T09:00:47,12.5,,,NOISE
2026-03-05T12:13:43.562131,Map-Energy__sum__linear-conv00423-20250111_120047-20250111_180047-10.000000-15.000000.png,2025-01-11T12:00:47,2025-01-11T18:00:47,10.0,15.0,2025-01-11T15:00:47,12.5,,,NOISE,2025-01-11T15:00:47,12.5,,,NOISE,2025-01-11T15:00:47,12.5,,,NOISE,2025-01-11T15:00:47,12.5,,,NOISE
2026-03-05T12:13:44.786018,Map-Energy__sum__linear-conv00433-20250111_180047-20250112_000047-10.000000-15.000000.png,2025-01-11T18:00:47,2025-01-12T00:00:47,10.0,15.0,2025-01-11T21:00:47,12.5,,,NOISE,2025-01-11T21:00:47,12.5,,,NOISE,2025-01-11T21:00:47,12.5,,,NOISE,2025-01-11T21:00:47,12.5,,,NOISE
2026-03-05T12:13:46.234038,Map-Energy__sum__linear-conv00443-20250112_000047-20250112_060047-10.000000-15.000000.png,2025-01-12T00:00:47,2025-01-12T06:00:47,10.0,15.0,2025-01-12T03:00:47,12.5,,,NOISE,2025-01-12T03:00:47,12.5,,,NOISE,2025-01-12T03:00:47,12.5,,,NOISE,2025-01-12T03:00:47,12.5,,,NOISE
2026-03-05T12:13:47.538469,Map-Energy__sum__linear-conv00453-20250112_060047-20250112_120047-10.000000-15.000000.png,2025-01-12T06:00:47,2025-01-12T12:00:47,10.0,15.0,2025-01-12T09:00:47,12.5,,,NOISE,2025-01-12T09:00:47,12.5,,,NOISE,2025-01-12T09:00:47,12.5,,,NOISE,2025-01-12T09:00:47,12.5,,,NOISE
2026-03-05T12:13:48.626069,Map-Energy__sum__linear-conv00463-20250112_120047-20250112_180047-10.000000-15.000000.png,2025-01-12T12:00:47,2025-01-12T18:00:47,10.0,15.0,2025-01-12T15:00:47,12.5,,,NOISE,2025-01-12T15:00:47,12.5,,,NOISE,2025-01-12T15:00:47,12.5,,,NOISE,2025-01-12T15:00:47,12.5,,,NOISE
2026-03-05T12:13:49.521993,Map-Energy__sum__linear-conv00473-20250112_180047-20250113_000047-10.000000-15.000000.png,2025-01-12T18:00:47,2025-01-13T00:00:47,10.0,15.0,2025-01-12T21:00:47,12.5,,,NOISE,2025-01-12T21:00:47,12.5,,,NOISE,2025-01-12T21:00:47,12.5,,,NOISE,2025-01-12T21:00:47,12.5,,,NOISE
2026-03-05T12:13:50.330031,Map-Energy__sum__linear-conv00483-20250113_000047-20250113_060047-10.000000-15.000000.png,2025-01-13T00:00:47,2025-01-13T06:00:47,10.0,15.0,2025-01-13T03:00:47,12.5,,,NOISE,2025-01-13T03:00:47,12.5,,,NOISE,2025-01-13T03:00:47,12.5,,,NOISE,2025-01-13T03:00:47,12.5,,,NOISE
2026-03-05T12:13:51.098046,Map-Energy__sum__linear-conv00493-20250113_060047-20250113_120047-10.000000-15.000000.png,2025-01-13T06:00:47,2025-01-13T12:00:47,10.0,15.0,2025-01-13T09:00:47,12.5,,,NOISE,2025-01-13T09:00:47,12.5,,,NOISE,2025-01-13T09:00:47,12.5,,,NOISE,2025-01-13T09:00:47,12.5,,,NOISE
2026-03-05T12:13:53.010149,Map-Energy__sum__linear-conv00503-20250113_120047-20250113_180047-10.000000-15.000000.png,2025-01-13T12:00:47,2025-01-13T18:00:47,10.0,15.0,2025-01-13T15:00:47,12.5,,,NOISE,2025-01-13T15:00:47,12.5,,,NOISE,2025-01-13T15:00:47,12.5,,,NOISE,2025-01-13T15:00:47,12.5,,,NOISE
2026-03-05T12:14:47.970518,Map-Energy__sum__linear-conv00513-20250113_180047-20250114_000047-10.000000-15.000000.png,2025-01-13T18:00:47,2025-01-14T00:00:47,10.0,15.0,2025-01-13T21:00:47,12.5,,,NOISE,2025-01-13T21:00:47,12.5,,,NOISE,2025-01-13T21:00:47,12.5,,,NOISE,2025-01-13T21:00:47,12.5,,,NOISE
2026-03-05T12:14:49.081980,Map-Energy__sum__linear-conv00523-20250114_000047-20250114_060047-10.000000-15.000000.png,2025-01-14T00:00:47,2025-01-14T06:00:47,10.0,15.0,2025-01-14T03:00:47,12.5,,,NOISE,2025-01-14T03:00:47,12.5,,,NOISE,2025-01-14T03:00:47,12.5,,,NOISE,2025-01-14T03:00:47,12.5,,,NOISE
2026-03-05T12:14:50.201944,Map-Energy__sum__linear-conv00533-20250114_060047-20250114_120047-10.000000-15.000000.png,2025-01-14T06:00:47,2025-01-14T12:00:47,10.0,15.0,2025-01-14T09:00:47,12.5,,,NOISE,2025-01-14T09:00:47,12.5,,,NOISE,2025-01-14T09:00:47,12.5,,,NOISE,2025-01-14T09:00:47,12.5,,,NOISE
2026-03-05T12:14:51.081935,Map-Energy__sum__linear-conv00543-20250114_120047-20250114_180047-10.000000-15.000000.png,2025-01-14T12:00:47,2025-01-14T18:00:47,10.0,15.0,2025-01-14T15:00:47,12.5,,,NOISE,2025-01-14T15:00:47,12.5,,,NOISE,2025-01-14T15:00:47,12.5,,,NOISE,2025-01-14T15:00:47,12.5,,,NOISE
2026-03-05T12:14:52.025674,Map-Energy__sum__linear-conv00553-20250114_180047-20250115_000047-10.000000-15.000000.png,2025-01-14T18:00:47,2025-01-15T00:00:47,10.0,15.0,2025-01-14T21:00:47,12.5,,,NOISE,2025-01-14T21:00:47,12.5,,,NOISE,2025-01-14T21:00:47,12.5,,,NOISE,2025-01-14T21:00:47,12.5,,,NOISE
2026-03-05T12:14:53.090304,Map-Energy__sum__linear-conv00563-20250115_000047-20250115_060047-10.000000-15.000000.png,2025-01-15T00:00:47,2025-01-15T06:00:47,10.0,15.0,2025-01-15T03:00:47,12.5,,,NOISE,2025-01-15T03:00:47,12.5,,,NOISE,2025-01-15T03:00:47,12.5,,,NOISE,2025-01-15T03:00:47,12.5,,,NOISE
2026-03-05T12:14:54.337862,Map-Energy__sum__linear-conv00573-20250115_060047-20250115_120047-10.000000-15.000000.png,2025-01-15T06:00:47,2025-01-15T12:00:47,10.0,15.0,2025-01-15T09:00:47,12.5,,,NOISE,2025-01-15T09:00:47,12.5,,,NOISE,2025-01-15T09:00:47,12.5,,,NOISE,2025-01-15T09:00:47,12.5,,,NOISE
2026-03-05T12:14:55.225922,Map-Energy__sum__linear-conv00583-20250115_120047-20250115_180047-10.000000-15.000000.png,2025-01-15T12:00:47,2025-01-15T18:00:47,10.0,15.0,2025-01-15T15:00:47,12.5,,,NOISE,2025-01-15T15:00:47,12.5,,,NOISE,2025-01-15T15:00:47,12.5,,,NOISE,2025-01-15T15:00:47,12.5,,,NOISE
2026-03-05T12:14:56.073948,Map-Energy__sum__linear-conv00593-20250115_180047-20250116_000047-10.000000-15.000000.png,2025-01-15T18:00:47,2025-01-16T00:00:47,10.0,15.0,2025-01-15T21:00:47,12.5,,,NOISE,2025-01-15T21:00:47,12.5,,,NOISE,2025-01-15T21:00:47,12.5,,,NOISE,2025-01-15T21:00:47,12.5,,,NOISE
2026-03-05T12:14:57.049940,Map-Energy__sum__linear-conv00603-20250116_000047-20250116_060047-10.000000-15.000000.png,2025-01-16T00:00:47,2025-01-16T06:00:47,10.0,15.0,2025-01-16T03:00:47,12.5,,,NOISE,2025-01-16T03:00:47,12.5,,,NOISE,2025-01-16T03:00:47,12.5,,,NOISE,2025-01-16T03:00:47,12.5,,,NOISE
2026-03-05T12:14:57.882099,Map-Energy__sum__linear-conv00613-20250116_060047-20250116_120047-10.000000-15.000000.png,2025-01-16T06:00:47,2025-01-16T12:00:47,10.0,15.0,2025-01-16T09:00:47,12.5,,,NOISE,2025-01-16T09:00:47,12.5,,,NOISE,2025-01-16T09:00:47,12.5,,,NOISE,2025-01-16T09:00:47,12.5,,,NOISE
2026-03-05T12:14:58.729918,Map-Energy__sum__linear-conv00623-20250116_120047-20250116_180047-10.000000-15.000000.png,2025-01-16T12:00:47,2025-01-16T18:00:47,10.0,15.0,2025-01-16T15:00:47,12.5,,,NOISE,2025-01-16T15:00:47,12.5,,,NOISE,2025-01-16T15:00:47,12.5,,,NOISE,2025-01-16T15:00:47,12.5,,,NOISE
2026-03-05T12:14:59.641902,Map-Energy__sum__linear-conv00633-20250116_180047-20250117_000047-10.000000-15.000000.png,2025-01-16T18:00:47,2025-01-17T00:00:47,10.0,15.0,2025-01-16T21:00:47,12.5,,,NOISE,2025-01-16T21:00:47,12.5,,,NOISE,2025-01-16T21:00:47,12.5,,,NOISE,2025-01-16T21:00:47,12.5,,,NOISE
2026-03-05T12:15:00.441877,Map-Energy__sum__linear-conv00643-20250117_000047-20250117_060047-10.000000-15.000000.png,2025-01-17T00:00:47,2025-01-17T06:00:47,10.0,15.0,2025-01-17T03:00:47,12.5,,,NOISE,2025-01-17T03:00:47,12.5,,,NOISE,2025-01-17T03:00:47,12.5,,,NOISE,2025-01-17T03:00:47,12.5,,,NOISE
2026-03-05T12:15:01.281876,Map-Energy__sum__linear-conv00653-20250117_060047-20250117_120047-10.000000-15.000000.png,2025-01-17T06:00:47,2025-01-17T12:00:47,10.0,15.0,2025-01-17T09:00:47,12.5,,,NOISE,2025-01-17T09:00:47,12.5,,,NOISE,2025-01-17T09:00:47,12.5,,,NOISE,2025-01-17T09:00:47,12.5,,,NOISE
2026-03-05T12:15:02.073952,Map-Energy__sum__linear-conv00663-20250117_120047-20250117_180047-10.000000-15.000000.png,2025-01-17T12:00:47,2025-01-17T18:00:47,10.0,15.0,2025-01-17T15:00:47,12.5,,,NOISE,2025-01-17T15:00:47,12.5,,,NOISE,2025-01-17T15:00:47,12.5,,,NOISE,2025-01-17T15:00:47,12.5,,,NOISE
2026-03-05T12:15:02.865639,Map-Energy__sum__linear-conv00673-20250117_180047-20250118_000047-10.000000-15.000000.png,2025-01-17T18:00:47,2025-01-18T00:00:47,10.0,15.0,2025-01-17T21:00:47,12.5,,,NOISE,2025-01-17T21:00:47,12.5,,,NOISE,2025-01-17T21:00:47,12.5,,,NOISE,2025-01-17T21:00:47,12.5,,,NOISE
2026-03-05T12:15:03.657873,Map-Energy__sum__linear-conv00683-20250118_000047-20250118_060047-10.000000-15.000000.png,2025-01-18T00:00:47,2025-01-18T06:00:47,10.0,15.0,2025-01-18T03:00:47,12.5,,,NOISE,2025-01-18T03:00:47,12.5,,,NOISE,2025-01-18T03:00:47,12.5,,,NOISE,2025-01-18T03:00:47,12.5,,,NOISE
2026-03-05T12:15:04.473978,Map-Energy__sum__linear-conv00693-20250118_060047-20250118_120047-10.000000-15.000000.png,2025-01-18T06:00:47,2025-01-18T12:00:47,10.0,15.0,2025-01-18T09:00:47,12.5,,,NOISE,2025-01-18T09:00:47,12.5,,,NOISE,2025-01-18T09:00:47,12.5,,,NOISE,2025-01-18T09:00:47,12.5,,,NOISE
2026-03-05T12:15:05.233894,Map-Energy__sum__linear-conv00703-20250118_120047-20250118_180047-10.000000-15.000000.png,2025-01-18T12:00:47,2025-01-18T18:00:47,10.0,15.0,2025-01-18T15:00:47,12.5,,,NOISE,2025-01-18T15:00:47,12.5,,,NOISE,2025-01-18T15:00:47,12.5,,,NOISE,2025-01-18T15:00:47,12.5,,,NOISE
2026-03-05T12:15:06.258078,Map-Energy__sum__linear-conv00713-20250118_180047-20250119_000047-10.000000-15.000000.png,2025-01-18T18:00:47,2025-01-19T00:00:47,10.0,15.0,2025-01-18T21:00:47,12.5,,,NOISE,2025-01-18T21:00:47,12.5,,,NOISE,2025-01-18T21:00:47,12.5,,,NOISE,2025-01-18T21:00:47,12.5,,,NOISE
2026-03-05T12:15:07.130046,Map-Energy__sum__linear-conv00723-20250119_000047-20250119_060047-10.000000-15.000000.png,2025-01-19T00:00:47,2025-01-19T06:00:47,10.0,15.0,2025-01-19T03:00:47,12.5,,,NOISE,2025-01-19T03:00:47,12.5,,,NOISE,2025-01-19T03:00:47,12.5,,,NOISE,2025-01-19T03:00:47,12.5,,,NOISE
2026-03-05T12:15:08.273832,Map-Energy__sum__linear-conv00733-20250119_060047-20250119_120047-10.000000-15.000000.png,2025-01-19T06:00:47,2025-01-19T12:00:47,10.0,15.0,2025-01-19T09:00:47,12.5,,,NOISE,2025-01-19T09:00:47,12.5,,,NOISE,2025-01-19T09:00:47,12.5,,,NOISE,2025-01-19T09:00:47,12.5,,,NOISE
2026-03-05T12:15:09.233927,Map-Energy__sum__linear-conv00743-20250119_120047-20250119_180047-10.000000-15.000000.png,2025-01-19T12:00:47,2025-01-19T18:00:47,10.0,15.0,2025-01-19T15:00:47,12.5,,,NOISE,2025-01-19T15:00:47,12.5,,,NOISE,2025-01-19T15:00:47,12.5,,,NOISE,2025-01-19T15:00:47,12.5,,,NOISE
2026-03-05T12:15:10.041984,Map-Energy__sum__linear-conv00753-20250119_180047-20250120_000047-10.000000-15.000000.png,2025-01-19T18:00:47,2025-01-20T00:00:47,10.0,15.0,2025-01-19T21:00:47,12.5,,,NOISE,2025-01-19T21:00:47,12.5,,,NOISE,2025-01-19T21:00:47,12.5,,,NOISE,2025-01-19T21:00:47,12.5,,,NOISE
2026-03-05T12:15:10.801794,Map-Energy__sum__linear-conv00763-20250120_000047-20250120_060047-10.000000-15.000000.png,2025-01-20T00:00:47,2025-01-20T06:00:47,10.0,15.0,2025-01-20T03:00:47,12.5,,,NOISE,2025-01-20T03:00:47,12.5,,,NOISE,2025-01-20T03:00:47,12.5,,,NOISE,2025-01-20T03:00:47,12.5,,,NOISE
2026-03-05T12:15:11.633882,Map-Energy__sum__linear-conv00773-20250120_060047-20250120_120047-10.000000-15.000000.png,2025-01-20T06:00:47,2025-01-20T12:00:47,10.0,15.0,2025-01-20T09:00:47,12.5,,,NOISE,2025-01-20T09:00:47,12.5,,,NOISE,2025-01-20T09:00:47,12.5,,,NOISE,2025-01-20T09:00:47,12.5,,,NOISE
2026-03-05T12:15:12.481917,Map-Energy__sum__linear-conv00783-20250120_120047-20250120_180047-10.000000-15.000000.png,2025-01-20T12:00:47,2025-01-20T18:00:47,10.0,15.0,2025-01-20T15:00:47,12.5,,,NOISE,2025-01-20T15:00:47,12.5,,,NOISE,2025-01-20T15:00:47,12.5,,,NOISE,2025-01-20T15:00:47,12.5,,,NOISE
2026-03-05T12:15:13.745983,Map-Energy__sum__linear-conv00793-20250120_180047-20250121_000047-10.000000-15.000000.png,2025-01-20T18:00:47,2025-01-21T00:00:47,10.0,15.0,2025-01-20T21:00:47,12.5,,,NOISE,2025-01-20T21:00:47,12.5,,,NOISE,2025-01-20T21:00:47,12.5,,,NOISE,2025-01-20T21:00:47,12.5,,,NOISE
2026-03-05T12:15:14.746913,Map-Energy__sum__linear-conv00803-20250121_000047-20250121_060047-10.000000-15.000000.png,2025-01-21T00:00:47,2025-01-21T06:00:47,10.0,15.0,2025-01-21T03:00:47,12.5,,,NOISE,2025-01-21T03:00:47,12.5,,,NOISE,2025-01-21T03:00:47,12.5,,,NOISE,2025-01-21T03:00:47,12.5,,,NOISE
2026-03-05T12:15:15.939375,Map-Energy__sum__linear-conv00813-20250121_060047-20250121_120047-10.000000-15.000000.png,2025-01-21T06:00:47,2025-01-21T12:00:47,10.0,15.0,2025-01-21T09:00:47,12.5,,,NOISE,2025-01-21T09:00:47,12.5,,,NOISE,2025-01-21T09:00:47,12.5,,,NOISE,2025-01-21T09:00:47,12.5,,,NOISE
2026-03-05T12:15:17.097945,Map-Energy__sum__linear-conv00823-20250121_120047-20250121_180047-10.000000-15.000000.png,2025-01-21T12:00:47,2025-01-21T18:00:47,10.0,15.0,2025-01-21T15:00:47,12.5,,,NOISE,2025-01-21T15:00:47,12.5,,,NOISE,2025-01-21T15:00:47,12.5,,,NOISE,2025-01-21T15:00:47,12.5,,,NOISE
2026-03-05T12:15:17.994032,Map-Energy__sum__linear-conv00833-20250121_180047-20250122_000047-10.000000-15.000000.png,2025-01-21T18:00:47,2025-01-22T00:00:47,10.0,15.0,2025-01-21T21:00:47,12.5,,,NOISE,2025-01-21T21:00:47,12.5,,,NOISE,2025-01-21T21:00:47,12.5,,,NOISE,2025-01-21T21:00:47,12.5,,,NOISE
2026-03-05T12:15:18.857903,Map-Energy__sum__linear-conv00843-20250122_000047-20250122_060047-10.000000-15.000000.png,2025-01-22T00:00:47,2025-01-22T06:00:47,10.0,15.0,2025-01-22T03:00:47,12.5,,,NOISE,2025-01-22T03:00:47,12.5,,,NOISE,2025-01-22T03:00:47,12.5,,,NOISE,2025-01-22T03:00:47,12.5,,,NOISE
2026-03-05T12:15:19.689988,Map-Energy__sum__linear-conv00853-20250122_060047-20250122_120047-10.000000-15.000000.png,2025-01-22T06:00:47,2025-01-22T12:00:47,10.0,15.0,2025-01-22T09:00:47,12.5,,,NOISE,2025-01-22T09:00:47,12.5,,,NOISE,2025-01-22T09:00:47,12.5,,,NOISE,2025-01-22T09:00:47,12.5,,,NOISE
2026-03-05T12:15:20.625917,Map-Energy__sum__linear-conv00863-20250122_120047-20250122_180047-10.000000-15.000000.png,2025-01-22T12:00:47,2025-01-22T18:00:47,10.0,15.0,2025-01-22T15:00:47,12.5,,,NOISE,2025-01-22T15:00:47,12.5,,,NOISE,2025-01-22T15:00:47,12.5,,,NOISE,2025-01-22T15:00:47,12.5,,,NOISE
2026-03-05T12:15:21.441968,Map-Energy__sum__linear-conv00873-20250122_180047-20250123_000047-10.000000-15.000000.png,2025-01-22T18:00:47,2025-01-23T00:00:47,10.0,15.0,2025-01-22T21:00:47,12.5,,,NOISE,2025-01-22T21:00:47,12.5,,,NOISE,2025-01-22T21:00:47,12.5,,,NOISE,2025-01-22T21:00:47,12.5,,,NOISE
2026-03-05T12:15:22.249737,Map-Energy__sum__linear-conv00883-20250123_000047-20250123_060047-10.000000-15.000000.png,2025-01-23T00:00:47,2025-01-23T06:00:47,10.0,15.0,2025-01-23T03:00:47,12.5,,,NOISE,2025-01-23T03:00:47,12.5,,,NOISE,2025-01-23T03:00:47,12.5,,,NOISE,2025-01-23T03:00:47,12.5,,,NOISE
2026-03-05T12:15:23.265857,Map-Energy__sum__linear-conv00893-20250123_060047-20250123_120047-10.000000-15.000000.png,2025-01-23T06:00:47,2025-01-23T12:00:47,10.0,15.0,2025-01-23T09:00:47,12.5,,,NOISE,2025-01-23T09:00:47,12.5,,,NOISE,2025-01-23T09:00:47,12.5,,,NOISE,2025-01-23T09:00:47,12.5,,,NOISE
2026-03-05T12:15:24.577891,Map-Energy__sum__linear-conv00903-20250123_120047-20250123_180047-10.000000-15.000000.png,2025-01-23T12:00:47,2025-01-23T18:00:47,10.0,15.0,2025-01-23T15:00:47,12.5,,,NOISE,2025-01-23T15:00:47,12.5,,,NOISE,2025-01-23T15:00:47,12.5,,,NOISE,2025-01-23T15:00:47,12.5,,,NOISE
2026-03-05T12:15:25.473892,Map-Energy__sum__linear-conv00913-20250123_180047-20250124_000047-10.000000-15.000000.png,2025-01-23T18:00:47,2025-01-24T00:00:47,10.0,15.0,2025-01-23T21:00:47,12.5,,,NOISE,2025-01-23T21:00:47,12.5,,,NOISE,2025-01-23T21:00:47,12.5,,,NOISE,2025-01-23T21:00:47,12.5,,,NOISE
2026-03-05T12:15:26.474606,Map-Energy__sum__linear-conv00923-20250124_000047-20250124_060047-10.000000-15.000000.png,2025-01-24T00:00:47,2025-01-24T06:00:47,10.0,15.0,2025-01-24T03:00:47,12.5,,,NOISE,2025-01-24T03:00:47,12.5,,,NOISE,2025-01-24T03:00:47,12.5,,,NOISE,2025-01-24T03:00:47,12.5,,,NOISE
2026-03-05T12:15:27.489934,Map-Energy__sum__linear-conv00933-20250124_060047-20250124_120047-10.000000-15.000000.png,2025-01-24T06:00:47,2025-01-24T12:00:47,10.0,15.0,2025-01-24T09:00:47,12.5,,,NOISE,2025-01-24T09:00:47,12.5,,,NOISE,2025-01-24T09:00:47,12.5,,,NOISE,2025-01-24T09:00:47,12.5,,,NOISE
2026-03-05T12:15:28.753824,Map-Energy__sum__linear-conv00943-20250124_120047-20250124_180047-10.000000-15.000000.png,2025-01-24T12:00:47,2025-01-24T18:00:47,10.0,15.0,2025-01-24T15:00:47,12.5,,,NOISE,2025-01-24T15:00:47,12.5,,,NOISE,2025-01-24T15:00:47,12.5,,,NOISE,2025-01-24T15:00:47,12.5,,,NOISE
2026-03-05T12:15:30.137740,Map-Energy__sum__linear-conv00953-20250124_180047-20250125_000047-10.000000-15.000000.png,2025-01-24T18:00:47,2025-01-25T00:00:47,10.0,15.0,2025-01-24T21:00:47,12.5,,,NOISE,2025-01-24T21:00:47,12.5,,,NOISE,2025-01-24T21:00:47,12.5,,,NOISE,2025-01-24T21:00:47,12.5,,,NOISE
2026-03-05T12:15:31.170045,Map-Energy__sum__linear-conv00963-20250125_000047-20250125_060047-10.000000-15.000000.png,2025-01-25T00:00:47,2025-01-25T06:00:47,10.0,15.0,2025-01-25T03:00:47,12.5,,,NOISE,2025-01-25T03:00:47,12.5,,,NOISE,2025-01-25T03:00:47,12.5,,,NOISE,2025-01-25T03:00:47,12.5,,,NOISE
2026-03-05T12:15:32.057972,Map-Energy__sum__linear-conv00973-20250125_060047-20250125_120047-10.000000-15.000000.png,2025-01-25T06:00:47,2025-01-25T12:00:47,10.0,15.0,2025-01-25T09:00:47,12.5,,,NOISE,2025-01-25T09:00:47,12.5,,,NOISE,2025-01-25T09:00:47,12.5,,,NOISE,2025-01-25T09:00:47,12.5,,,NOISE
2026-03-05T12:15:32.945667,Map-Energy__sum__linear-conv00983-20250125_120047-20250125_180047-10.000000-15.000000.png,2025-01-25T12:00:47,2025-01-25T18:00:47,10.0,15.0,2025-01-25T15:00:47,12.5,,,NOISE,2025-01-25T15:00:47,12.5,,,NOISE,2025-01-25T15:00:47,12.5,,,NOISE,2025-01-25T15:00:47,12.5,,,NOISE
2026-03-05T12:15:33.841977,Map-Energy__sum__linear-conv00993-20250125_180047-20250126_000047-10.000000-15.000000.png,2025-01-25T18:00:47,2025-01-26T00:00:47,10.0,15.0,2025-01-25T21:00:47,12.5,,,NOISE,2025-01-25T21:00:47,12.5,,,NOISE,2025-01-25T21:00:47,12.5,,,NOISE,2025-01-25T21:00:47,12.5,,,NOISE
2026-03-05T12:15:34.713963,Map-Energy__sum__linear-conv01003-20250126_000047-20250126_060047-10.000000-15.000000.png,2025-01-26T00:00:47,2025-01-26T06:00:47,10.0,15.0,2025-01-26T03:00:47,12.5,,,NOISE,2025-01-26T03:00:47,12.5,,,NOISE,2025-01-26T03:00:47,12.5,,,NOISE,2025-01-26T03:00:47,12.5,,,NOISE
2026-03-05T12:15:35.593844,Map-Energy__sum__linear-conv01013-20250126_060047-20250126_120047-10.000000-15.000000.png,2025-01-26T06:00:47,2025-01-26T12:00:47,10.0,15.0,2025-01-26T09:00:47,12.5,,,NOISE,2025-01-26T09:00:47,12.5,,,NOISE,2025-01-26T09:00:47,12.5,,,NOISE,2025-01-26T09:00:47,12.5,,,NOISE
2026-03-05T12:15:36.441930,Map-Energy__sum__linear-conv01023-20250126_120047-20250126_180047-10.000000-15.000000.png,2025-01-26T12:00:47,2025-01-26T18:00:47,10.0,15.0,2025-01-26T15:00:47,12.5,,,NOISE,2025-01-26T15:00:47,12.5,,,NOISE,2025-01-26T15:00:47,12.5,,,NOISE,2025-01-26T15:00:47,12.5,,,NOISE
2026-03-05T12:15:37.417896,Map-Energy__sum__linear-conv01033-20250126_180047-20250127_000047-10.000000-15.000000.png,2025-01-26T18:00:47,2025-01-27T00:00:47,10.0,15.0,2025-01-26T21:00:47,12.5,,,NOISE,2025-01-26T21:00:47,12.5,,,NOISE,2025-01-26T21:00:47,12.5,,,NOISE,2025-01-26T21:00:47,12.5,,,NOISE
2026-03-05T12:15:38.298002,Map-Energy__sum__linear-conv01043-20250127_000047-20250127_060047-10.000000-15.000000.png,2025-01-27T00:00:47,2025-01-27T06:00:47,10.0,15.0,2025-01-27T03:00:47,12.5,,,NOISE,2025-01-27T03:00:47,12.5,,,NOISE,2025-01-27T03:00:47,12.5,,,NOISE,2025-01-27T03:00:47,12.5,,,NOISE
2026-03-05T12:15:39.154018,Map-Energy__sum__linear-conv01053-20250127_060047-20250127_120047-10.000000-15.000000.png,2025-01-27T06:00:47,2025-01-27T12:00:47,10.0,15.0,2025-01-27T09:00:47,12.5,,,NOISE,2025-01-27T09:00:47,12.5,,,NOISE,2025-01-27T09:00:47,12.5,,,NOISE,2025-01-27T09:00:47,12.5,,,NOISE
2026-03-05T12:15:40.050270,Map-Energy__sum__linear-conv01063-20250127_120047-20250127_180047-10.000000-15.000000.png,2025-01-27T12:00:47,2025-01-27T18:00:47,10.0,15.0,2025-01-27T15:00:47,12.5,,,NOISE,2025-01-27T15:00:47,12.5,,,NOISE,2025-01-27T15:00:47,12.5,,,NOISE,2025-01-27T15:00:47,12.5,,,NOISE
2026-03-05T12:15:40.922081,Map-Energy__sum__linear-conv01073-20250127_180047-20250128_000047-10.000000-15.000000.png,2025-01-27T18:00:47,2025-01-28T00:00:47,10.0,15.0,2025-01-27T21:00:47,12.5,,,NOISE,2025-01-27T21:00:47,12.5,,,NOISE,2025-01-27T21:00:47,12.5,,,NOISE,2025-01-27T21:00:47,12.5,,,NOISE
2026-03-05T12:15:42.273906,Map-Energy__sum__linear-conv01083-20250128_000047-20250128_060047-10.000000-15.000000.png,2025-01-28T00:00:47,2025-01-28T06:00:47,10.0,15.0,2025-01-28T03:00:47,12.5,,,NOISE,2025-01-28T03:00:47,12.5,,,NOISE,2025-01-28T03:00:47,12.5,,,NOISE,2025-01-28T03:00:47,12.5,,,NOISE
2026-03-05T12:15:43.617853,Map-Energy__sum__linear-conv01093-20250128_060047-20250128_120047-10.000000-15.000000.png,2025-01-28T06:00:47,2025-01-28T12:00:47,10.0,15.0,2025-01-28T09:00:47,12.5,,,NOISE,2025-01-28T09:00:47,12.5,,,NOISE,2025-01-28T09:00:47,12.5,,,NOISE,2025-01-28T09:00:47,12.5,,,NOISE
2026-03-05T12:15:44.521907,Map-Energy__sum__linear-conv01103-20250128_120047-20250128_180047-10.000000-15.000000.png,2025-01-28T12:00:47,2025-01-28T18:00:47,10.0,15.0,2025-01-28T15:00:47,12.5,,,NOISE,2025-01-28T15:00:47,12.5,,,NOISE,2025-01-28T15:00:47,12.5,,,NOISE,2025-01-28T15:00:47,12.5,,,NOISE
2026-03-05T12:15:45.402565,Map-Energy__sum__linear-conv01113-20250128_180047-20250129_000047-10.000000-15.000000.png,2025-01-28T18:00:47,2025-01-29T00:00:47,10.0,15.0,2025-01-28T21:00:47,12.5,,,NOISE,2025-01-28T21:00:47,12.5,,,NOISE,2025-01-28T21:00:47,12.5,,,NOISE,2025-01-28T21:00:47,12.5,,,NOISE
2026-03-05T12:15:46.433955,Map-Energy__sum__linear-conv01123-20250129_000047-20250129_060047-10.000000-15.000000.png,2025-01-29T00:00:47,2025-01-29T06:00:47,10.0,15.0,2025-01-29T03:00:47,12.5,,,NOISE,2025-01-29T03:00:47,12.5,,,NOISE,2025-01-29T03:00:47,12.5,,,NOISE,2025-01-29T03:00:47,12.5,,,NOISE
2026-03-05T12:15:47.657953,Map-Energy__sum__linear-conv01133-20250129_060047-20250129_120047-10.000000-15.000000.png,2025-01-29T06:00:47,2025-01-29T12:00:47,10.0,15.0,2025-01-29T09:00:47,12.5,,,NOISE,2025-01-29T09:00:47,12.5,,,NOISE,2025-01-29T09:00:47,12.5,,,NOISE,2025-01-29T09:00:47,12.5,,,NOISE
2026-03-05T12:15:48.585859,Map-Energy__sum__linear-conv01143-20250129_120047-20250129_180047-10.000000-15.000000.png,2025-01-29T12:00:47,2025-01-29T18:00:47,10.0,15.0,2025-01-29T15:00:47,12.5,,,NOISE,2025-01-29T15:00:47,12.5,,,NOISE,2025-01-29T15:00:47,12.5,,,NOISE,2025-01-29T15:00:47,12.5,,,NOISE
2026-03-05T12:15:49.481885,Map-Energy__sum__linear-conv01153-20250129_180047-20250130_000047-10.000000-15.000000.png,2025-01-29T18:00:47,2025-01-30T00:00:47,10.0,15.0,2025-01-29T21:00:47,12.5,,,NOISE,2025-01-29T21:00:47,12.5,,,NOISE,2025-01-29T21:00:47,12.5,,,NOISE,2025-01-29T21:00:47,12.5,,,NOISE
2026-03-05T12:15:50.321821,Map-Energy__sum__linear-conv01163-20250130_000047-20250130_060047-10.000000-15.000000.png,2025-01-30T00:00:47,2025-01-30T06:00:47,10.0,15.0,2025-01-30T03:00:47,12.5,,,NOISE,2025-01-30T03:00:47,12.5,,,NOISE,2025-01-30T03:00:47,12.5,,,NOISE,2025-01-30T03:00:47,12.5,,,NOISE
2026-03-05T12:15:51.265820,Map-Energy__sum__linear-conv01173-20250130_060047-20250130_120047-10.000000-15.000000.png,2025-01-30T06:00:47,2025-01-30T12:00:47,10.0,15.0,2025-01-30T09:00:47,12.5,,,NOISE,2025-01-30T09:00:47,12.5,,,NOISE,2025-01-30T09:00:47,12.5,,,NOISE,2025-01-30T09:00:47,12.5,,,NOISE
2026-03-05T12:15:52.161820,Map-Energy__sum__linear-conv01183-20250130_120047-20250130_180047-10.000000-15.000000.png,2025-01-30T12:00:47,2025-01-30T18:00:47,10.0,15.0,2025-01-30T15:00:47,12.5,,,NOISE,2025-01-30T15:00:47,12.5,,,NOISE,2025-01-30T15:00:47,12.5,,,NOISE,2025-01-30T15:00:47,12.5,,,NOISE
2026-03-05T12:15:52.945779,Map-Energy__sum__linear-conv01193-20250130_180047-20250131_000047-10.000000-15.000000.png,2025-01-30T18:00:47,2025-01-31T00:00:47,10.0,15.0,2025-01-30T21:00:47,12.5,,,NOISE,2025-01-30T21:00:47,12.5,,,NOISE,2025-01-30T21:00:47,12.5,,,NOISE,2025-01-30T21:00:47,12.5,,,NOISE
2026-03-05T12:15:53.761818,Map-Energy__sum__linear-conv01203-20250131_000047-20250131_060047-10.000000-15.000000.png,2025-01-31T00:00:47,2025-01-31T06:00:47,10.0,15.0,2025-01-31T03:00:47,12.5,,,NOISE,2025-01-31T03:00:47,12.5,,,NOISE,2025-01-31T03:00:47,12.5,,,NOISE,2025-01-31T03:00:47,12.5,,,NOISE
2026-03-05T12:15:54.641918,Map-Energy__sum__linear-conv01213-20250131_060047-20250131_120047-10.000000-15.000000.png,2025-01-31T06:00:47,2025-01-31T12:00:47,10.0,15.0,2025-01-31T09:00:47,12.5,,,NOISE,2025-01-31T09:00:47,12.5,,,NOISE,2025-01-31T09:00:47,12.5,,,NOISE,2025-01-31T09:00:47,12.5,,,NOISE
2026-03-05T12:15:55.529816,Map-Energy__sum__linear-conv01223-20250131_120047-20250131_180047-10.000000-15.000000.png,2025-01-31T12:00:47,2025-01-31T18:00:47,10.0,15.0,2025-01-31T15:00:47,12.5,,,NOISE,2025-01-31T15:00:47,12.5,,,NOISE,2025-01-31T15:00:47,12.5,,,NOISE,2025-01-31T15:00:47,12.5,,,NOISE
2026-03-05T12:15:56.785944,Map-Energy__sum__linear-conv01233-20250131_180047-20250201_000047-10.000000-15.000000.png,2025-01-31T18:00:47,2025-02-01T00:00:47,10.0,15.0,2025-01-31T21:00:47,12.5,,,NOISE,2025-01-31T21:00:47,12.5,,,NOISE,2025-01-31T21:00:47,12.5,,,NOISE,2025-01-31T21:00:47,12.5,,,NOISE
2026-03-05T12:16:03.065729,Map-Energy__sum__linear-conv00004-20250101_000047-20250101_060047-15.000000-20.000000.png,2025-01-01T00:00:47,2025-01-01T06:00:47,15.0,20.0,2025-01-01T03:00:47,17.5,,,NOISE,2025-01-01T03:00:47,17.5,,,NOISE,2025-01-01T03:00:47,17.5,,,NOISE,2025-01-01T03:00:47,17.5,,,NOISE
2026-03-05T12:16:05.265866,Map-Energy__sum__linear-conv00014-20250101_060047-20250101_120047-15.000000-20.000000.png,2025-01-01T06:00:47,2025-01-01T12:00:47,15.0,20.0,2025-01-01T09:00:47,17.5,,,NOISE,2025-01-01T09:00:47,17.5,,,NOISE,2025-01-01T09:00:47,17.5,,,NOISE,2025-01-01T09:00:47,17.5,,,NOISE
2026-03-05T12:16:07.281958,Map-Energy__sum__linear-conv00024-20250101_120047-20250101_180047-15.000000-20.000000.png,2025-01-01T12:00:47,2025-01-01T18:00:47,15.0,20.0,2025-01-01T15:00:47,17.5,,,NOISE,2025-01-01T15:00:47,17.5,,,NOISE,2025-01-01T15:00:47,17.5,,,NOISE,2025-01-01T15:00:47,17.5,,,NOISE
2026-03-05T12:23:19.497912,Map-Energy__sum__linear-conv00034-20250101_180047-20250102_000047-15.000000-20.000000.png,2025-01-01T18:00:47,2025-01-02T00:00:47,15.0,20.0,2025-01-01T21:00:47,17.5,,,NOISE,2025-01-01T21:00:47,17.5,,,NOISE,2025-01-01T21:00:47,17.5,,,NOISE,2025-01-01T21:00:47,17.5,,,NOISE
2026-03-05T12:23:25.849466,Map-Energy__sum__linear-conv00044-20250102_000047-20250102_060047-15.000000-20.000000.png,2025-01-02T00:00:47,2025-01-02T06:00:47,15.0,20.0,2025-01-02T03:00:47,17.5,,,NOISE,2025-01-02T03:00:47,17.5,,,NOISE,2025-01-02T03:00:47,17.5,,,NOISE,2025-01-02T03:00:47,17.5,,,NOISE
2026-03-05T12:23:27.785361,Map-Energy__sum__linear-conv00054-20250102_060047-20250102_120047-15.000000-20.000000.png,2025-01-02T06:00:47,2025-01-02T12:00:47,15.0,20.0,2025-01-02T09:00:47,17.5,,,NOISE,2025-01-02T09:00:47,17.5,,,NOISE,2025-01-02T09:00:47,17.5,,,NOISE,2025-01-02T09:00:47,17.5,,,NOISE
2026-03-05T12:23:39.961261,Map-Energy__sum__linear-conv00064-20250102_120047-20250102_180047-15.000000-20.000000.png,2025-01-02T12:00:47,2025-01-02T18:00:47,15.0,20.0,2025-01-02T15:00:47,17.5,,,NOISE,2025-01-02T15:00:47,17.5,,,NOISE,2025-01-02T15:00:47,17.5,,,NOISE,2025-01-02T15:00:47,17.5,,,NOISE
2026-03-05T12:23:53.105212,Map-Energy__sum__linear-conv00074-20250102_180047-20250103_000047-15.000000-20.000000.png,2025-01-02T18:00:47,2025-01-03T00:00:47,15.0,20.0,2025-01-02T21:46:32,17.647858,,,OTHER,2025-01-02T21:00:47,17.5,,,NOISE,2025-01-02T21:00:47,17.5,,,NOISE,2025-01-02T21:00:47,17.5,,,NOISE
2026-03-05T12:24:12.785070,Map-Energy__sum__linear-conv00084-20250103_000047-20250103_060047-15.000000-20.000000.png,2025-01-03T00:00:47,2025-01-03T06:00:47,15.0,20.0,2025-01-03T01:46:25,16.776276,,,VESSEL,2025-01-03T03:48:27,16.643982,,,OTHER,2025-01-03T03:00:47,17.5,,,NOISE,2025-01-03T03:00:47,17.5,,,NOISE
2026-03-05T12:24:16.985068,Map-Energy__sum__linear-conv00094-20250103_060047-20250103_120047-15.000000-20.000000.png,2025-01-03T06:00:47,2025-01-03T12:00:47,15.0,20.0,2025-01-03T09:00:47,17.5,,,NOISE,2025-01-03T09:00:47,17.5,,,NOISE,2025-01-03T09:00:47,17.5,,,NOISE,2025-01-03T09:00:47,17.5,,,NOISE
2026-03-05T12:24:25.809117,Map-Energy__sum__linear-conv00104-20250103_120047-20250103_180047-15.000000-20.000000.png,2025-01-03T12:00:47,2025-01-03T18:00:47,15.0,20.0,2025-01-03T15:00:47,17.5,,,NOISE,2025-01-03T15:00:47,17.5,,,NOISE,2025-01-03T15:00:47,17.5,,,NOISE,2025-01-03T15:00:47,17.5,,,NOISE
2026-03-05T12:24:44.745306,Map-Energy__sum__linear-conv00114-20250103_180047-20250104_000047-15.000000-20.000000.png,2025-01-03T18:00:47,2025-01-04T00:00:47,15.0,20.0,2025-01-03T21:00:47,17.5,,,NOISE,2025-01-03T21:00:47,17.5,,,NOISE,2025-01-03T21:00:47,17.5,,,NOISE,2025-01-03T21:00:47,17.5,,,NOISE
2026-03-05T12:24:48.146205,Map-Energy__sum__linear-conv00124-20250104_000047-20250104_060047-15.000000-20.000000.png,2025-01-04T00:00:47,2025-01-04T06:00:47,15.0,20.0,2025-01-04T03:00:47,17.5,,,NOISE,2025-01-04T03:00:47,17.5,,,NOISE,2025-01-04T03:00:47,17.5,,,NOISE,2025-01-04T03:00:47,17.5,,,NOISE
2026-03-05T12:24:52.897146,Map-Energy__sum__linear-conv00134-20250104_060047-20250104_120047-15.000000-20.000000.png,2025-01-04T06:00:47,2025-01-04T12:00:47,15.0,20.0,2025-01-04T09:00:47,17.5,,,NOISE,2025-01-04T09:00:47,17.5,,,NOISE,2025-01-04T09:00:47,17.5,,,NOISE,2025-01-04T09:00:47,17.5,,,NOISE
2026-03-05T12:24:57.681525,Map-Energy__sum__linear-conv00144-20250104_120047-20250104_180047-15.000000-20.000000.png,2025-01-04T12:00:47,2025-01-04T18:00:47,15.0,20.0,2025-01-04T15:00:47,17.5,,,NOISE,2025-01-04T15:00:47,17.5,,,NOISE,2025-01-04T15:00:47,17.5,,,NOISE,2025-01-04T15:00:47,17.5,,,NOISE
2026-03-05T12:25:01.001809,Map-Energy__sum__linear-conv00154-20250104_180047-20250105_000047-15.000000-20.000000.png,2025-01-04T18:00:47,2025-01-05T00:00:47,15.0,20.0,2025-01-04T21:00:47,17.5,,,NOISE,2025-01-04T21:00:47,17.5,,,NOISE,2025-01-04T21:00:47,17.5,,,NOISE,2025-01-04T21:00:47,17.5,,,NOISE
2026-03-05T12:25:04.393177,Map-Energy__sum__linear-conv00164-20250105_000047-20250105_060047-15.000000-20.000000.png,2025-01-05T00:00:47,2025-01-05T06:00:47,15.0,20.0,2025-01-05T03:00:47,17.5,,,NOISE,2025-01-05T03:00:47,17.5,,,NOISE,2025-01-05T03:00:47,17.5,,,NOISE,2025-01-05T03:00:47,17.5,,,NOISE
2026-03-05T12:25:08.097201,Map-Energy__sum__linear-conv00174-20250105_060047-20250105_120047-15.000000-20.000000.png,2025-01-05T06:00:47,2025-01-05T12:00:47,15.0,20.0,2025-01-05T09:00:47,17.5,,,NOISE,2025-01-05T09:00:47,17.5,,,NOISE,2025-01-05T09:00:47,17.5,,,NOISE,2025-01-05T09:00:47,17.5,,,NOISE
2026-03-05T12:25:19.185929,Map-Energy__sum__linear-conv00184-20250105_120047-20250105_180047-15.000000-20.000000.png,2025-01-05T12:00:47,2025-01-05T18:00:47,15.0,20.0,2025-01-05T17:17:45,19.842376,,,OTHER,2025-01-05T15:00:47,17.5,,,NOISE,2025-01-05T15:00:47,17.5,,,NOISE,2025-01-05T15:00:47,17.5,,,NOISE
2026-03-05T12:25:24.593322,Map-Energy__sum__linear-conv00194-20250105_180047-20250106_000047-15.000000-20.000000.png,2025-01-05T18:00:47,2025-01-06T00:00:47,15.0,20.0,2025-01-05T21:00:47,17.5,,,NOISE,2025-01-05T21:00:47,17.5,,,NOISE,2025-01-05T21:00:47,17.5,,,NOISE,2025-01-05T21:00:47,17.5,,,NOISE
2026-03-05T12:25:34.216993,Map-Energy__sum__linear-conv00204-20250106_000047-20250106_060047-15.000000-20.000000.png,2025-01-06T00:00:47,2025-01-06T06:00:47,15.0,20.0,2025-01-06T02:23:36,19.640045,,,OTHER,2025-01-06T03:00:47,17.5,,,NOISE,2025-01-06T03:00:47,17.5,,,NOISE,2025-01-06T03:00:47,17.5,,,NOISE
2026-03-05T12:25:52.185080,Map-Energy__sum__linear-conv00214-20250106_060047-20250106_120047-15.000000-20.000000.png,2025-01-06T06:00:47,2025-01-06T12:00:47,15.0,20.0,2025-01-06T08:49:58,19.437713,,,OTHER,2025-01-06T06:30:46,19.11087,,,OTHER,2025-01-06T11:49:32,19.85794,,,OTHER,2025-01-06T09:00:47,17.5,,,NOISE
2026-03-05T12:26:02.568944,Map-Energy__sum__linear-conv00224-20250106_120047-20250106_180047-15.000000-20.000000.png,2025-01-06T12:00:47,2025-01-06T18:00:47,15.0,20.0,2025-01-06T14:59:49,19.570007,,,OTHER,2025-01-06T16:06:53,19.336547,,,OTHER,2025-01-06T15:00:47,17.5,,,NOISE,2025-01-06T15:00:47,17.5,,,NOISE
2026-03-05T12:27:52.849248,Map-Energy__sum__linear-conv00234-20250106_180047-20250107_000047-15.000000-20.000000.png,2025-01-06T18:00:47,2025-01-07T00:00:47,15.0,20.0,2025-01-06T21:00:47,17.5,,,NOISE,2025-01-06T21:00:47,17.5,,,NOISE,2025-01-06T21:00:47,17.5,,,NOISE,2025-01-06T21:00:47,17.5,,,NOISE
2026-03-05T12:28:01.817045,Map-Energy__sum__linear-conv00244-20250107_000047-20250107_060047-15.000000-20.000000.png,2025-01-07T00:00:47,2025-01-07T06:00:47,15.0,20.0,2025-01-07T03:55:07,19.429931,,,VESSEL,2025-01-07T03:00:47,17.5,,,NOISE,2025-01-07T03:00:47,17.5,,,NOISE,2025-01-07T03:00:47,17.5,,,NOISE
2026-03-05T12:28:05.384916,Map-Energy__sum__linear-conv00254-20250107_060047-20250107_120047-15.000000-20.000000.png,2025-01-07T06:00:47,2025-01-07T12:00:47,15.0,20.0,2025-01-07T09:00:47,17.5,,,NOISE,2025-01-07T09:00:47,17.5,,,NOISE,2025-01-07T09:00:47,17.5,,,NOISE,2025-01-07T09:00:47,17.5,,,NOISE
2026-03-05T12:28:18.704922,Map-Energy__sum__linear-conv00264-20250107_120047-20250107_180047-15.000000-20.000000.png,2025-01-07T12:00:47,2025-01-07T18:00:47,15.0,20.0,2025-01-07T13:34:20,19.352111,,,OTHER,2025-01-07T15:11:54,19.001922,,,OTHER,2025-01-07T15:00:47,17.5,,,NOISE,2025-01-07T15:00:47,17.5,,,NOISE
2026-03-05T12:28:23.304649,Map-Energy__sum__linear-conv00274-20250107_180047-20250108_000047-15.000000-20.000000.png,2025-01-07T18:00:47,2025-01-08T00:00:47,15.0,20.0,2025-01-07T21:00:47,17.5,,,NOISE,2025-01-07T21:00:47,17.5,,,NOISE,2025-01-07T21:00:47,17.5,,,NOISE,2025-01-07T21:00:47,17.5,,,NOISE
2026-03-05T12:28:35.384873,Map-Energy__sum__linear-conv00284-20250108_000047-20250108_060047-15.000000-20.000000.png,2025-01-08T00:00:47,2025-01-08T06:00:47,15.0,20.0,2025-01-08T02:47:07,19.468841,,,OTHER,2025-01-08T03:58:56,19.406585,,,OTHER,2025-01-08T03:00:47,17.5,,,NOISE,2025-01-08T03:00:47,17.5,,,NOISE
2026-03-05T12:28:50.848960,Map-Energy__sum__linear-conv00294-20250108_060047-20250108_120047-15.000000-20.000000.png,2025-01-08T06:00:47,2025-01-08T12:00:47,15.0,20.0,2025-01-08T07:08:16,19.118652,,,OTHER,2025-01-08T08:32:29,19.492187,,,OTHER,2025-01-08T09:46:51,19.515533,,,OTHER,2025-01-08T09:00:47,17.5,,,NOISE
2026-03-05T12:29:04.352690,Map-Energy__sum__linear-conv00304-20250108_120047-20250108_180047-15.000000-20.000000.png,2025-01-08T12:00:47,2025-01-08T18:00:47,15.0,20.0,2025-01-08T16:56:08,19.733428,,,VESSEL,2025-01-08T14:57:36,19.826812,,,OTHER,2025-01-08T15:00:47,17.5,,,NOISE,2025-01-08T15:00:47,17.5,,,NOISE
2026-03-05T12:29:11.648591,Map-Energy__sum__linear-conv00314-20250108_180047-20250109_000047-15.000000-20.000000.png,2025-01-08T18:00:47,2025-01-09T00:00:47,15.0,20.0,2025-01-08T21:00:47,17.5,,,NOISE,2025-01-08T21:00:47,17.5,,,NOISE,2025-01-08T21:00:47,17.5,,,NOISE,2025-01-08T21:00:47,17.5,,,NOISE
2026-03-05T12:29:25.088738,Map-Energy__sum__linear-conv00324-20250109_000047-20250109_060047-15.000000-20.000000.png,2025-01-09T00:00:47,2025-01-09T06:00:47,15.0,20.0,2025-01-09T04:05:36,19.795684,,,OTHER,2025-01-09T03:00:47,17.5,,,NOISE,2025-01-09T03:00:47,17.5,,,NOISE,2025-01-09T03:00:47,17.5,,,NOISE
2026-03-05T12:29:46.872908,Map-Energy__sum__linear-conv00334-20250109_060047-20250109_120047-15.000000-20.000000.png,2025-01-09T06:00:47,2025-01-09T12:00:47,15.0,20.0,2025-01-09T07:56:16,19.079742,,,VESSEL,2025-01-09T08:49:20,19.795684,,,OTHER,2025-01-09T09:00:47,17.5,,,NOISE,2025-01-09T09:00:47,17.5,,,NOISE
2026-03-05T12:29:54.680514,Map-Energy__sum__linear-conv00344-20250109_120047-20250109_180047-15.000000-20.000000.png,2025-01-09T12:00:47,2025-01-09T18:00:47,15.0,20.0,2025-01-09T15:00:47,17.5,,,NOISE,2025-01-09T15:00:47,17.5,,,NOISE,2025-01-09T15:00:47,17.5,,,NOISE,2025-01-09T15:00:47,17.5,,,NOISE
2026-03-05T12:30:19.792740,Map-Energy__sum__linear-conv00354-20250109_180047-20250110_000047-15.000000-20.000000.png,2025-01-09T18:00:47,2025-01-10T00:00:47,15.0,20.0,2025-01-09T21:59:34,19.336547,,,OTHER,2025-01-09T19:20:21,19.398803,,,VESSEL,2025-01-09T21:00:47,17.5,,,NOISE,2025-01-09T21:00:47,17.5,,,NOISE
2026-03-05T12:30:36.345000,Map-Energy__sum__linear-conv00364-20250110_000047-20250110_060047-15.000000-20.000000.png,2025-01-10T00:00:47,2025-01-10T06:00:47,15.0,20.0,2025-01-10T04:31:21,19.577789,,,VESSEL,2025-01-10T03:00:47,17.5,,,NOISE,2025-01-10T03:00:47,17.5,,,NOISE,2025-01-10T03:00:47,17.5,,,NOISE
2026-03-05T12:30:44.112536,Map-Energy__sum__linear-conv00374-20250110_060047-20250110_120047-15.000000-20.000000.png,2025-01-10T06:00:47,2025-01-10T12:00:47,15.0,20.0,2025-01-10T08:06:26,19.328765,,,VESSEL,2025-01-10T09:00:47,17.5,,,NOISE,2025-01-10T09:00:47,17.5,,,NOISE,2025-01-10T09:00:47,17.5,,,NOISE
2026-03-05T12:30:55.696423,Map-Energy__sum__linear-conv00384-20250110_120047-20250110_180047-15.000000-20.000000.png,2025-01-10T12:00:47,2025-01-10T18:00:47,15.0,20.0,2025-01-10T15:48:46,19.85794,,,VESSEL,2025-01-10T15:00:47,17.5,,,NOISE,2025-01-10T15:00:47,17.5,,,NOISE,2025-01-10T15:00:47,17.5,,,NOISE
2026-03-05T12:31:02.736485,Map-Energy__sum__linear-conv00394-20250110_180047-20250111_000047-15.000000-20.000000.png,2025-01-10T18:00:47,2025-01-11T00:00:47,15.0,20.0,2025-01-10T20:12:47,19.523315,,,VESSEL,2025-01-10T21:00:47,17.5,,,NOISE,2025-01-10T21:00:47,17.5,,,NOISE,2025-01-10T21:00:47,17.5,,,NOISE
2026-03-05T12:31:05.832423,Map-Energy__sum__linear-conv00404-20250111_000047-20250111_060047-15.000000-20.000000.png,2025-01-11T00:00:47,2025-01-11T06:00:47,15.0,20.0,2025-01-11T03:00:47,17.5,,,NOISE,2025-01-11T03:00:47,17.5,,,NOISE,2025-01-11T03:00:47,17.5,,,NOISE,2025-01-11T03:00:47,17.5,,,NOISE
2026-03-05T12:31:08.232522,Map-Energy__sum__linear-conv00414-20250111_060047-20250111_120047-15.000000-20.000000.png,2025-01-11T06:00:47,2025-01-11T12:00:47,15.0,20.0,2025-01-11T09:00:47,17.5,,,NOISE,2025-01-11T09:00:47,17.5,,,NOISE,2025-01-11T09:00:47,17.5,,,NOISE,2025-01-11T09:00:47,17.5,,,NOISE
2026-03-05T12:31:10.152536,Map-Energy__sum__linear-conv00424-20250111_120047-20250111_180047-15.000000-20.000000.png,2025-01-11T12:00:47,2025-01-11T18:00:47,15.0,20.0,2025-01-11T15:00:47,17.5,,,NOISE,2025-01-11T15:00:47,17.5,,,NOISE,2025-01-11T15:00:47,17.5,,,NOISE,2025-01-11T15:00:47,17.5,,,NOISE
2026-03-05T12:31:11.592615,Map-Energy__sum__linear-conv00434-20250111_180047-20250112_000047-15.000000-20.000000.png,2025-01-11T18:00:47,2025-01-12T00:00:47,15.0,20.0,2025-01-11T21:00:47,17.5,,,NOISE,2025-01-11T21:00:47,17.5,,,NOISE,2025-01-11T21:00:47,17.5,,,NOISE,2025-01-11T21:00:47,17.5,,,NOISE
2026-03-05T12:31:13.144509,Map-Energy__sum__linear-conv00444-20250112_000047-20250112_060047-15.000000-20.000000.png,2025-01-12T00:00:47,2025-01-12T06:00:47,15.0,20.0,2025-01-12T03:00:47,17.5,,,NOISE,2025-01-12T03:00:47,17.5,,,NOISE,2025-01-12T03:00:47,17.5,,,NOISE,2025-01-12T03:00:47,17.5,,,NOISE
2026-03-05T12:31:16.200429,Map-Energy__sum__linear-conv00454-20250112_060047-20250112_120047-15.000000-20.000000.png,2025-01-12T06:00:47,2025-01-12T12:00:47,15.0,20.0,2025-01-12T09:00:47,17.5,,,NOISE,2025-01-12T09:00:47,17.5,,,NOISE,2025-01-12T09:00:47,17.5,,,NOISE,2025-01-12T09:00:47,17.5,,,NOISE
2026-03-05T12:31:18.416673,Map-Energy__sum__linear-conv00464-20250112_120047-20250112_180047-15.000000-20.000000.png,2025-01-12T12:00:47,2025-01-12T18:00:47,15.0,20.0,2025-01-12T15:00:47,17.5,,,NOISE,2025-01-12T15:00:47,17.5,,,NOISE,2025-01-12T15:00:47,17.5,,,NOISE,2025-01-12T15:00:47,17.5,,,NOISE
2026-03-05T12:31:19.672506,Map-Energy__sum__linear-conv00474-20250112_180047-20250113_000047-15.000000-20.000000.png,2025-01-12T18:00:47,2025-01-13T00:00:47,15.0,20.0,2025-01-12T21:00:47,17.5,,,NOISE,2025-01-12T21:00:47,17.5,,,NOISE,2025-01-12T21:00:47,17.5,,,NOISE,2025-01-12T21:00:47,17.5,,,NOISE
2026-03-05T12:31:20.776686,Map-Energy__sum__linear-conv00484-20250113_000047-20250113_060047-15.000000-20.000000.png,2025-01-13T00:00:47,2025-01-13T06:00:47,15.0,20.0,2025-01-13T03:00:47,17.5,,,NOISE,2025-01-13T03:00:47,17.5,,,NOISE,2025-01-13T03:00:47,17.5,,,NOISE,2025-01-13T03:00:47,17.5,,,NOISE
2026-03-05T12:31:22.840483,Map-Energy__sum__linear-conv00494-20250113_060047-20250113_120047-15.000000-20.000000.png,2025-01-13T06:00:47,2025-01-13T12:00:47,15.0,20.0,2025-01-13T09:00:47,17.5,,,NOISE,2025-01-13T09:00:47,17.5,,,NOISE,2025-01-13T09:00:47,17.5,,,NOISE,2025-01-13T09:00:47,17.5,,,NOISE
2026-03-05T12:31:24.488599,Map-Energy__sum__linear-conv00504-20250113_120047-20250113_180047-15.000000-20.000000.png,2025-01-13T12:00:47,2025-01-13T18:00:47,15.0,20.0,2025-01-13T15:00:47,17.5,,,NOISE,2025-01-13T15:00:47,17.5,,,NOISE,2025-01-13T15:00:47,17.5,,,NOISE,2025-01-13T15:00:47,17.5,,,NOISE
2026-03-05T12:31:25.608516,Map-Energy__sum__linear-conv00514-20250113_180047-20250114_000047-15.000000-20.000000.png,2025-01-13T18:00:47,2025-01-14T00:00:47,15.0,20.0,2025-01-13T21:00:47,17.5,,,NOISE,2025-01-13T21:00:47,17.5,,,NOISE,2025-01-13T21:00:47,17.5,,,NOISE,2025-01-13T21:00:47,17.5,,,NOISE
2026-03-05T12:31:26.656530,Map-Energy__sum__linear-conv00524-20250114_000047-20250114_060047-15.000000-20.000000.png,2025-01-14T00:00:47,2025-01-14T06:00:47,15.0,20.0,2025-01-14T03:00:47,17.5,,,NOISE,2025-01-14T03:00:47,17.5,,,NOISE,2025-01-14T03:00:47,17.5,,,NOISE,2025-01-14T03:00:47,17.5,,,NOISE
2026-03-05T12:31:27.785446,Map-Energy__sum__linear-conv00534-20250114_060047-20250114_120047-15.000000-20.000000.png,2025-01-14T06:00:47,2025-01-14T12:00:47,15.0,20.0,2025-01-14T09:00:47,17.5,,,NOISE,2025-01-14T09:00:47,17.5,,,NOISE,2025-01-14T09:00:47,17.5,,,NOISE,2025-01-14T09:00:47,17.5,,,NOISE
2026-03-05T12:31:37.680423,Map-Energy__sum__linear-conv00544-20250114_120047-20250114_180047-15.000000-20.000000.png,2025-01-14T12:00:47,2025-01-14T18:00:47,15.0,20.0,2025-01-14T14:34:24,19.74121,,,OTHER,2025-01-14T15:00:47,17.5,,,NOISE,2025-01-14T15:00:47,17.5,,,NOISE,2025-01-14T15:00:47,17.5,,,NOISE
2026-03-05T12:31:45.344497,Map-Energy__sum__linear-conv00554-20250114_180047-20250115_000047-15.000000-20.000000.png,2025-01-14T18:00:47,2025-01-15T00:00:47,15.0,20.0,2025-01-14T19:19:24,17.476654,,,VESSEL,2025-01-14T21:00:47,17.5,,,NOISE,2025-01-14T21:00:47,17.5,,,NOISE,2025-01-14T21:00:47,17.5,,,NOISE
2026-03-05T12:31:47.848721,Map-Energy__sum__linear-conv00564-20250115_000047-20250115_060047-15.000000-20.000000.png,2025-01-15T00:00:47,2025-01-15T06:00:47,15.0,20.0,2025-01-15T03:00:47,17.5,,,NOISE,2025-01-15T03:00:47,17.5,,,NOISE,2025-01-15T03:00:47,17.5,,,NOISE,2025-01-15T03:00:47,17.5,,,NOISE
2026-03-05T12:31:56.784562,Map-Energy__sum__linear-conv00574-20250115_060047-20250115_120047-15.000000-20.000000.png,2025-01-15T06:00:47,2025-01-15T12:00:47,15.0,20.0,2025-01-15T09:49:05,19.772338,,,OTHER,2025-01-15T09:00:47,17.5,,,NOISE,2025-01-15T09:00:47,17.5,,,NOISE,2025-01-15T09:00:47,17.5,,,NOISE
2026-03-05T12:31:58.624485,Map-Energy__sum__linear-conv00584-20250115_120047-20250115_180047-15.000000-20.000000.png,2025-01-15T12:00:47,2025-01-15T18:00:47,15.0,20.0,2025-01-15T15:00:47,17.5,,,NOISE,2025-01-15T15:00:47,17.5,,,NOISE,2025-01-15T15:00:47,17.5,,,NOISE,2025-01-15T15:00:47,17.5,,,NOISE
2026-03-05T12:32:00.480164,Map-Energy__sum__linear-conv00594-20250115_180047-20250116_000047-15.000000-20.000000.png,2025-01-15T18:00:47,2025-01-16T00:00:47,15.0,20.0,2025-01-15T21:00:47,17.5,,,NOISE,2025-01-15T21:00:47,17.5,,,NOISE,2025-01-15T21:00:47,17.5,,,NOISE,2025-01-15T21:00:47,17.5,,,NOISE
2026-03-05T12:32:01.808844,Map-Energy__sum__linear-conv00604-20250116_000047-20250116_060047-15.000000-20.000000.png,2025-01-16T00:00:47,2025-01-16T06:00:47,15.0,20.0,2025-01-16T03:00:47,17.5,,,NOISE,2025-01-16T03:00:47,17.5,,,NOISE,2025-01-16T03:00:47,17.5,,,NOISE,2025-01-16T03:00:47,17.5,,,NOISE
2026-03-05T12:32:02.896754,Map-Energy__sum__linear-conv00614-20250116_060047-20250116_120047-15.000000-20.000000.png,2025-01-16T06:00:47,2025-01-16T12:00:47,15.0,20.0,2025-01-16T09:00:47,17.5,,,NOISE,2025-01-16T09:00:47,17.5,,,NOISE,2025-01-16T09:00:47,17.5,,,NOISE,2025-01-16T09:00:47,17.5,,,NOISE
2026-03-05T12:32:16.064463,Map-Energy__sum__linear-conv00624-20250116_120047-20250116_180047-15.000000-20.000000.png,2025-01-16T12:00:47,2025-01-16T18:00:47,15.0,20.0,2025-01-16T15:24:56,19.912414,,,VESSEL,2025-01-16T15:56:04,19.367675,,,VESSEL,2025-01-16T15:00:47,17.5,,,NOISE,2025-01-16T15:00:47,17.5,,,NOISE
2026-03-05T12:32:25.408392,Map-Energy__sum__linear-conv00634-20250116_180047-20250117_000047-15.000000-20.000000.png,2025-01-16T18:00:47,2025-01-17T00:00:47,15.0,20.0,2025-01-16T18:48:15,18.153686,,,VESSEL,2025-01-16T21:00:47,17.5,,,NOISE,2025-01-16T21:00:47,17.5,,,NOISE,2025-01-16T21:00:47,17.5,,,NOISE
2026-03-05T12:32:32.336590,Map-Energy__sum__linear-conv00644-20250117_000047-20250117_060047-15.000000-20.000000.png,2025-01-17T00:00:47,2025-01-17T06:00:47,15.0,20.0,2025-01-17T03:00:47,17.5,,,NOISE,2025-01-17T03:00:47,17.5,,,NOISE,2025-01-17T03:00:47,17.5,,,NOISE,2025-01-17T03:00:47,17.5,,,NOISE
2026-03-05T12:32:35.768579,Map-Energy__sum__linear-conv00654-20250117_060047-20250117_120047-15.000000-20.000000.png,2025-01-17T06:00:47,2025-01-17T12:00:47,15.0,20.0,2025-01-17T09:00:47,17.5,,,NOISE,2025-01-17T09:00:47,17.5,,,NOISE,2025-01-17T09:00:47,17.5,,,NOISE,2025-01-17T09:00:47,17.5,,,NOISE
2026-03-05T12:32:46.840342,Map-Energy__sum__linear-conv00664-20250117_120047-20250117_180047-15.000000-20.000000.png,2025-01-17T12:00:47,2025-01-17T18:00:47,15.0,20.0,2025-01-17T14:10:34,19.258727,,,OTHER,2025-01-17T15:00:47,17.5,,,NOISE,2025-01-17T15:00:47,17.5,,,NOISE,2025-01-17T15:00:47,17.5,,,NOISE
2026-03-05T12:32:50.008302,Map-Energy__sum__linear-conv00674-20250117_180047-20250118_000047-15.000000-20.000000.png,2025-01-17T18:00:47,2025-01-18T00:00:47,15.0,20.0,2025-01-17T21:00:47,17.5,,,NOISE,2025-01-17T21:00:47,17.5,,,NOISE,2025-01-17T21:00:47,17.5,,,NOISE,2025-01-17T21:00:47,17.5,,,NOISE
2026-03-05T12:32:52.904249,Map-Energy__sum__linear-conv00684-20250118_000047-20250118_060047-15.000000-20.000000.png,2025-01-18T00:00:47,2025-01-18T06:00:47,15.0,20.0,2025-01-18T03:00:47,17.5,,,NOISE,2025-01-18T03:00:47,17.5,,,NOISE,2025-01-18T03:00:47,17.5,,,NOISE,2025-01-18T03:00:47,17.5,,,NOISE
2026-03-05T12:32:55.473220,Map-Energy__sum__linear-conv00694-20250118_060047-20250118_120047-15.000000-20.000000.png,2025-01-18T06:00:47,2025-01-18T12:00:47,15.0,20.0,2025-01-18T09:00:47,17.5,,,NOISE,2025-01-18T09:00:47,17.5,,,NOISE,2025-01-18T09:00:47,17.5,,,NOISE,2025-01-18T09:00:47,17.5,,,NOISE
2026-03-05T12:32:57.976294,Map-Energy__sum__linear-conv00704-20250118_120047-20250118_180047-15.000000-20.000000.png,2025-01-18T12:00:47,2025-01-18T18:00:47,15.0,20.0,2025-01-18T15:00:47,17.5,,,NOISE,2025-01-18T15:00:47,17.5,,,NOISE,2025-01-18T15:00:47,17.5,,,NOISE,2025-01-18T15:00:47,17.5,,,NOISE
2026-03-05T12:32:59.736518,Map-Energy__sum__linear-conv00714-20250118_180047-20250119_000047-15.000000-20.000000.png,2025-01-18T18:00:47,2025-01-19T00:00:47,15.0,20.0,2025-01-18T21:00:47,17.5,,,NOISE,2025-01-18T21:00:47,17.5,,,NOISE,2025-01-18T21:00:47,17.5,,,NOISE,2025-01-18T21:00:47,17.5,,,NOISE
2026-03-05T12:33:01.536409,Map-Energy__sum__linear-conv00724-20250119_000047-20250119_060047-15.000000-20.000000.png,2025-01-19T00:00:47,2025-01-19T06:00:47,15.0,20.0,2025-01-19T03:00:47,17.5,,,NOISE,2025-01-19T03:00:47,17.5,,,NOISE,2025-01-19T03:00:47,17.5,,,NOISE,2025-01-19T03:00:47,17.5,,,NOISE
2026-03-05T12:33:06.800381,Map-Energy__sum__linear-conv00734-20250119_060047-20250119_120047-15.000000-20.000000.png,2025-01-19T06:00:47,2025-01-19T12:00:47,15.0,20.0,2025-01-19T09:00:47,17.5,,,NOISE,2025-01-19T09:00:47,17.5,,,NOISE,2025-01-19T09:00:47,17.5,,,NOISE,2025-01-19T09:00:47,17.5,,,NOISE
2026-03-05T12:33:09.296392,Map-Energy__sum__linear-conv00744-20250119_120047-20250119_180047-15.000000-20.000000.png,2025-01-19T12:00:47,2025-01-19T18:00:47,15.0,20.0,2025-01-19T15:00:47,17.5,,,NOISE,2025-01-19T15:00:47,17.5,,,NOISE,2025-01-19T15:00:47,17.5,,,NOISE,2025-01-19T15:00:47,17.5,,,NOISE
2026-03-05T12:33:11.120370,Map-Energy__sum__linear-conv00754-20250119_180047-20250120_000047-15.000000-20.000000.png,2025-01-19T18:00:47,2025-01-20T00:00:47,15.0,20.0,2025-01-19T21:00:47,17.5,,,NOISE,2025-01-19T21:00:47,17.5,,,NOISE,2025-01-19T21:00:47,17.5,,,NOISE,2025-01-19T21:00:47,17.5,,,NOISE
2026-03-05T12:33:13.016217,Map-Energy__sum__linear-conv00764-20250120_000047-20250120_060047-15.000000-20.000000.png,2025-01-20T00:00:47,2025-01-20T06:00:47,15.0,20.0,2025-01-20T03:00:47,17.5,,,NOISE,2025-01-20T03:00:47,17.5,,,NOISE,2025-01-20T03:00:47,17.5,,,NOISE,2025-01-20T03:00:47,17.5,,,NOISE
2026-03-05T12:33:15.792312,Map-Energy__sum__linear-conv00774-20250120_060047-20250120_120047-15.000000-20.000000.png,2025-01-20T06:00:47,2025-01-20T12:00:47,15.0,20.0,2025-01-20T09:00:47,17.5,,,NOISE,2025-01-20T09:00:47,17.5,,,NOISE,2025-01-20T09:00:47,17.5,,,NOISE,2025-01-20T09:00:47,17.5,,,NOISE
2026-03-05T12:33:18.752341,Map-Energy__sum__linear-conv00784-20250120_120047-20250120_180047-15.000000-20.000000.png,2025-01-20T12:00:47,2025-01-20T18:00:47,15.0,20.0,2025-01-20T15:00:47,17.5,,,NOISE,2025-01-20T15:00:47,17.5,,,NOISE,2025-01-20T15:00:47,17.5,,,NOISE,2025-01-20T15:00:47,17.5,,,NOISE
2026-03-05T12:33:20.312591,Map-Energy__sum__linear-conv00794-20250120_180047-20250121_000047-15.000000-20.000000.png,2025-01-20T18:00:47,2025-01-21T00:00:47,15.0,20.0,2025-01-20T21:00:47,17.5,,,NOISE,2025-01-20T21:00:47,17.5,,,NOISE,2025-01-20T21:00:47,17.5,,,NOISE,2025-01-20T21:00:47,17.5,,,NOISE
2026-03-05T12:33:25.144027,Map-Energy__sum__linear-conv00804-20250121_000047-20250121_060047-15.000000-20.000000.png,2025-01-21T00:00:47,2025-01-21T06:00:47,15.0,20.0,2025-01-21T03:00:47,17.5,,,NOISE,2025-01-21T03:00:47,17.5,,,NOISE,2025-01-21T03:00:47,17.5,,,NOISE,2025-01-21T03:00:47,17.5,,,NOISE
2026-03-05T12:33:26.832555,Map-Energy__sum__linear-conv00814-20250121_060047-20250121_120047-15.000000-20.000000.png,2025-01-21T06:00:47,2025-01-21T12:00:47,15.0,20.0,2025-01-21T09:00:47,17.5,,,NOISE,2025-01-21T09:00:47,17.5,,,NOISE,2025-01-21T09:00:47,17.5,,,NOISE,2025-01-21T09:00:47,17.5,,,NOISE
2026-03-05T12:33:28.080298,Map-Energy__sum__linear-conv00824-20250121_120047-20250121_180047-15.000000-20.000000.png,2025-01-21T12:00:47,2025-01-21T18:00:47,15.0,20.0,2025-01-21T15:00:47,17.5,,,NOISE,2025-01-21T15:00:47,17.5,,,NOISE,2025-01-21T15:00:47,17.5,,,NOISE,2025-01-21T15:00:47,17.5,,,NOISE
2026-03-05T12:33:29.320274,Map-Energy__sum__linear-conv00834-20250121_180047-20250122_000047-15.000000-20.000000.png,2025-01-21T18:00:47,2025-01-22T00:00:47,15.0,20.0,2025-01-21T21:00:47,17.5,,,NOISE,2025-01-21T21:00:47,17.5,,,NOISE,2025-01-21T21:00:47,17.5,,,NOISE,2025-01-21T21:00:47,17.5,,,NOISE
2026-03-05T12:33:56.008442,Map-Energy__sum__linear-conv00844-20250122_000047-20250122_060047-15.000000-20.000000.png,2025-01-22T00:00:47,2025-01-22T06:00:47,15.0,20.0,2025-01-22T03:26:31,19.694518,,,OTHER,2025-01-22T02:30:54,19.826812,,,OTHER,2025-01-22T04:34:32,19.7023,,,OTHER,2025-01-22T03:00:47,17.5,,,NOISE
2026-03-05T12:34:10.064147,Map-Energy__sum__linear-conv00854-20250122_060047-20250122_120047-15.000000-20.000000.png,2025-01-22T06:00:47,2025-01-22T12:00:47,15.0,20.0,2025-01-22T08:32:10,19.725646,,,OTHER,2025-01-22T07:26:04,19.74121,,,OTHER,2025-01-22T06:17:07,19.640045,,,OTHER,2025-01-22T09:00:47,17.5,,,NOISE
2026-03-05T12:34:23.448144,Map-Energy__sum__linear-conv00864-20250122_120047-20250122_180047-15.000000-20.000000.png,2025-01-22T12:00:47,2025-01-22T18:00:47,15.0,20.0,2025-01-22T14:34:05,19.476623,,,OTHER,2025-01-22T15:00:47,17.5,,,NOISE,2025-01-22T15:00:47,17.5,,,NOISE,2025-01-22T15:00:47,17.5,,,NOISE
2026-03-05T12:34:31.464327,Map-Energy__sum__linear-conv00874-20250122_180047-20250123_000047-15.000000-20.000000.png,2025-01-22T18:00:47,2025-01-23T00:00:47,15.0,20.0,2025-01-22T22:02:26,19.2276,,,VESSEL,2025-01-22T21:00:47,17.5,,,NOISE,2025-01-22T21:00:47,17.5,,,NOISE,2025-01-22T21:00:47,17.5,,,NOISE
2026-03-05T12:34:35.944241,Map-Energy__sum__linear-conv00884-20250123_000047-20250123_060047-15.000000-20.000000.png,2025-01-23T00:00:47,2025-01-23T06:00:47,15.0,20.0,2025-01-23T03:00:47,17.5,,,NOISE,2025-01-23T03:00:47,17.5,,,NOISE,2025-01-23T03:00:47,17.5,,,NOISE,2025-01-23T03:00:47,17.5,,,NOISE
2026-03-05T12:34:44.688231,Map-Energy__sum__linear-conv00894-20250123_060047-20250123_120047-15.000000-20.000000.png,2025-01-23T06:00:47,2025-01-23T12:00:47,15.0,20.0,2025-01-23T09:23:39,16.667328,,,VESSEL,2025-01-23T09:00:47,17.5,,,NOISE,2025-01-23T09:00:47,17.5,,,NOISE,2025-01-23T09:00:47,17.5,,,NOISE
2026-03-05T12:34:49.096009,Map-Energy__sum__linear-conv00904-20250123_120047-20250123_180047-15.000000-20.000000.png,2025-01-23T12:00:47,2025-01-23T18:00:47,15.0,20.0,2025-01-23T15:00:47,17.5,,,NOISE,2025-01-23T15:00:47,17.5,,,NOISE,2025-01-23T15:00:47,17.5,,,NOISE,2025-01-23T15:00:47,17.5,,,NOISE
2026-03-05T12:34:53.512044,Map-Energy__sum__linear-conv00914-20250123_180047-20250124_000047-15.000000-20.000000.png,2025-01-23T18:00:47,2025-01-24T00:00:47,15.0,20.0,2025-01-23T21:00:47,17.5,,,NOISE,2025-01-23T21:00:47,17.5,,,NOISE,2025-01-23T21:00:47,17.5,,,NOISE,2025-01-23T21:00:47,17.5,,,NOISE
2026-03-05T12:34:56.608228,Map-Energy__sum__linear-conv00924-20250124_000047-20250124_060047-15.000000-20.000000.png,2025-01-24T00:00:47,2025-01-24T06:00:47,15.0,20.0,2025-01-24T03:00:47,17.5,,,NOISE,2025-01-24T03:00:47,17.5,,,NOISE,2025-01-24T03:00:47,17.5,,,NOISE,2025-01-24T03:00:47,17.5,,,NOISE
2026-03-05T12:35:02.080532,Map-Energy__sum__linear-conv00934-20250124_060047-20250124_120047-15.000000-20.000000.png,2025-01-24T06:00:47,2025-01-24T12:00:47,15.0,20.0,2025-01-24T09:00:47,17.5,,,NOISE,2025-01-24T09:00:47,17.5,,,NOISE,2025-01-24T09:00:47,17.5,,,NOISE,2025-01-24T09:00:47,17.5,,,NOISE
2026-03-05T12:35:05.016497,Map-Energy__sum__linear-conv00944-20250124_120047-20250124_180047-15.000000-20.000000.png,2025-01-24T12:00:47,2025-01-24T18:00:47,15.0,20.0,2025-01-24T15:00:47,17.5,,,NOISE,2025-01-24T15:00:47,17.5,,,NOISE,2025-01-24T15:00:47,17.5,,,NOISE,2025-01-24T15:00:47,17.5,,,NOISE
2026-03-05T12:35:07.720733,Map-Energy__sum__linear-conv00954-20250124_180047-20250125_000047-15.000000-20.000000.png,2025-01-24T18:00:47,2025-01-25T00:00:47,15.0,20.0,2025-01-24T21:00:47,17.5,,,NOISE,2025-01-24T21:00:47,17.5,,,NOISE,2025-01-24T21:00:47,17.5,,,NOISE,2025-01-24T21:00:47,17.5,,,NOISE
2026-03-05T12:35:09.728074,Map-Energy__sum__linear-conv00964-20250125_000047-20250125_060047-15.000000-20.000000.png,2025-01-25T00:00:47,2025-01-25T06:00:47,15.0,20.0,2025-01-25T03:00:47,17.5,,,NOISE,2025-01-25T03:00:47,17.5,,,NOISE,2025-01-25T03:00:47,17.5,,,NOISE,2025-01-25T03:00:47,17.5,,,NOISE
2026-03-05T12:35:14.912185,Map-Energy__sum__linear-conv00974-20250125_060047-20250125_120047-15.000000-20.000000.png,2025-01-25T06:00:47,2025-01-25T12:00:47,15.0,20.0,2025-01-25T10:51:41,19.795684,,,VESSEL,2025-01-25T09:00:47,17.5,,,NOISE,2025-01-25T09:00:47,17.5,,,NOISE,2025-01-25T09:00:47,17.5,,,NOISE
2026-03-05T12:35:27.760165,Map-Energy__sum__linear-conv00984-20250125_120047-20250125_180047-15.000000-20.000000.png,2025-01-25T12:00:47,2025-01-25T18:00:47,15.0,20.0,2025-01-25T14:49:58,19.372835,,,OTHER,2025-01-25T16:28:10,19.349424,,,OTHER,2025-01-25T15:00:47,17.5,,,NOISE,2025-01-25T15:00:47,17.5,,,NOISE
2026-03-05T12:35:46.672061,Map-Energy__sum__linear-conv00994-20250125_180047-20250126_000047-15.000000-20.000000.png,2025-01-25T18:00:47,2025-01-26T00:00:47,15.0,20.0,2025-01-25T20:49:01,19.515533,,,SEISMIC,2025-01-25T22:53:55,19.468841,,,OTHER,2025-01-25T18:44:26,19.352111,,,OTHER,2025-01-25T21:00:47,17.5,,,NOISE
2026-03-05T12:35:59.215990,Map-Energy__sum__linear-conv01004-20250126_000047-20250126_060047-15.000000-20.000000.png,2025-01-26T00:00:47,2025-01-26T06:00:47,15.0,20.0,2025-01-26T01:16:13,19.352111,,,SEISMIC,2025-01-26T02:24:52,19.134216,,,OTHER,2025-01-26T03:00:47,17.5,,,NOISE,2025-01-26T03:00:47,17.5,,,NOISE
2026-03-05T12:36:13.751897,Map-Energy__sum__linear-conv01014-20250126_060047-20250126_120047-15.000000-20.000000.png,2025-01-26T06:00:47,2025-01-26T12:00:47,15.0,20.0,2025-01-26T08:57:36,19.74121,,,OTHER,2025-01-26T06:45:24,19.865722,,,OTHER,2025-01-26T09:00:47,17.5,,,NOISE,2025-01-26T09:00:47,17.5,,,NOISE
2026-03-05T12:36:27.368226,Map-Energy__sum__linear-conv01024-20250126_120047-20250126_180047-15.000000-20.000000.png,2025-01-26T12:00:47,2025-01-26T18:00:47,15.0,20.0,2025-01-26T17:05:59,19.873504,,,OTHER,2025-01-26T14:18:30,18.939666,,,OTHER,2025-01-26T15:00:47,17.5,,,NOISE,2025-01-26T15:00:47,17.5,,,NOISE
2026-03-05T12:36:39.039971,Map-Energy__sum__linear-conv01034-20250126_180047-20250127_000047-15.000000-20.000000.png,2025-01-26T18:00:47,2025-01-27T00:00:47,15.0,20.0,2025-01-26T22:03:04,19.429931,,,VESSEL,2025-01-26T20:54:44,19.787902,,,VESSEL,2025-01-26T23:21:34,19.118652,,,VESSEL,2025-01-26T21:00:47,17.5,,,NOISE
2026-03-05T12:36:43.816190,Map-Energy__sum__linear-conv01044-20250127_000047-20250127_060047-15.000000-20.000000.png,2025-01-27T00:00:47,2025-01-27T06:00:47,15.0,20.0,2025-01-27T03:00:47,17.5,,,NOISE,2025-01-27T03:00:47,17.5,,,NOISE,2025-01-27T03:00:47,17.5,,,NOISE,2025-01-27T03:00:47,17.5,,,NOISE
2026-03-05T12:36:49.000094,Map-Energy__sum__linear-conv01054-20250127_060047-20250127_120047-15.000000-20.000000.png,2025-01-27T06:00:47,2025-01-27T12:00:47,15.0,20.0,2025-01-27T09:00:47,17.5,,,NOISE,2025-01-27T09:00:47,17.5,,,NOISE,2025-01-27T09:00:47,17.5,,,NOISE,2025-01-27T09:00:47,17.5,,,NOISE
2026-03-05T12:36:51.736017,Map-Energy__sum__linear-conv01064-20250127_120047-20250127_180047-15.000000-20.000000.png,2025-01-27T12:00:47,2025-01-27T18:00:47,15.0,20.0,2025-01-27T15:00:47,17.5,,,NOISE,2025-01-27T15:00:47,17.5,,,NOISE,2025-01-27T15:00:47,17.5,,,NOISE,2025-01-27T15:00:47,17.5,,,NOISE
2026-03-05T12:36:57.824498,Map-Energy__sum__linear-conv01074-20250127_180047-20250128_000047-15.000000-20.000000.png,2025-01-27T18:00:47,2025-01-28T00:00:47,15.0,20.0,2025-01-27T21:28:06,18.682861,,,VESSEL,2025-01-27T21:00:47,17.5,,,NOISE,2025-01-27T21:00:47,17.5,,,NOISE,2025-01-27T21:00:47,17.5,,,NOISE
2026-03-05T12:37:18.832103,Map-Energy__sum__linear-conv01084-20250128_000047-20250128_060047-15.000000-20.000000.png,2025-01-28T00:00:47,2025-01-28T06:00:47,15.0,20.0,2025-01-28T03:49:24,15.570069,,,VESSEL,2025-01-28T02:42:21,16.760712,,,OTHER,2025-01-28T03:00:47,17.5,,,NOISE,2025-01-28T03:00:47,17.5,,,NOISE
2026-03-05T12:37:23.263812,Map-Energy__sum__linear-conv01094-20250128_060047-20250128_120047-15.000000-20.000000.png,2025-01-28T06:00:47,2025-01-28T12:00:47,15.0,20.0,2025-01-28T09:00:47,17.5,,,NOISE,2025-01-28T09:00:47,17.5,,,NOISE,2025-01-28T09:00:47,17.5,,,NOISE,2025-01-28T09:00:47,17.5,,,NOISE
2026-03-05T12:37:26.864017,Map-Energy__sum__linear-conv01104-20250128_120047-20250128_180047-15.000000-20.000000.png,2025-01-28T12:00:47,2025-01-28T18:00:47,15.0,20.0,2025-01-28T15:00:47,17.5,,,NOISE,2025-01-28T15:00:47,17.5,,,NOISE,2025-01-28T15:00:47,17.5,,,NOISE,2025-01-28T15:00:47,17.5,,,NOISE
2026-03-05T12:37:31.119940,Map-Energy__sum__linear-conv01114-20250128_180047-20250129_000047-15.000000-20.000000.png,2025-01-28T18:00:47,2025-01-29T00:00:47,15.0,20.0,2025-01-28T21:00:47,17.5,,,NOISE,2025-01-28T21:00:47,17.5,,,NOISE,2025-01-28T21:00:47,17.5,,,NOISE,2025-01-28T21:00:47,17.5,,,NOISE
2026-03-05T12:37:33.271866,Map-Energy__sum__linear-conv01124-20250129_000047-20250129_060047-15.000000-20.000000.png,2025-01-29T00:00:47,2025-01-29T06:00:47,15.0,20.0,2025-01-29T03:00:47,17.5,,,NOISE,2025-01-29T03:00:47,17.5,,,NOISE,2025-01-29T03:00:47,17.5,,,NOISE,2025-01-29T03:00:47,17.5,,,NOISE
2026-03-05T12:37:34.399984,Map-Energy__sum__linear-conv01134-20250129_060047-20250129_120047-15.000000-20.000000.png,2025-01-29T06:00:47,2025-01-29T12:00:47,15.0,20.0,2025-01-29T09:00:47,17.5,,,NOISE,2025-01-29T09:00:47,17.5,,,NOISE,2025-01-29T09:00:47,17.5,,,NOISE,2025-01-29T09:00:47,17.5,,,NOISE
2026-03-05T12:37:36.600011,Map-Energy__sum__linear-conv01144-20250129_120047-20250129_180047-15.000000-20.000000.png,2025-01-29T12:00:47,2025-01-29T18:00:47,15.0,20.0,2025-01-29T15:00:47,17.5,,,NOISE,2025-01-29T15:00:47,17.5,,,NOISE,2025-01-29T15:00:47,17.5,,,NOISE,2025-01-29T15:00:47,17.5,,,NOISE
2026-03-05T12:37:37.767894,Map-Energy__sum__linear-conv01154-20250129_180047-20250130_000047-15.000000-20.000000.png,2025-01-29T18:00:47,2025-01-30T00:00:47,15.0,20.0,2025-01-29T21:00:47,17.5,,,NOISE,2025-01-29T21:00:47,17.5,,,NOISE,2025-01-29T21:00:47,17.5,,,NOISE,2025-01-29T21:00:47,17.5,,,NOISE
2026-03-05T12:37:40.032276,Map-Energy__sum__linear-conv01164-20250130_000047-20250130_060047-15.000000-20.000000.png,2025-01-30T00:00:47,2025-01-30T06:00:47,15.0,20.0,2025-01-30T03:00:47,17.5,,,NOISE,2025-01-30T03:00:47,17.5,,,NOISE,2025-01-30T03:00:47,17.5,,,NOISE,2025-01-30T03:00:47,17.5,,,NOISE
2026-03-05T12:37:41.543858,Map-Energy__sum__linear-conv01174-20250130_060047-20250130_120047-15.000000-20.000000.png,2025-01-30T06:00:47,2025-01-30T12:00:47,15.0,20.0,2025-01-30T09:00:47,17.5,,,NOISE,2025-01-30T09:00:47,17.5,,,NOISE,2025-01-30T09:00:47,17.5,,,NOISE,2025-01-30T09:00:47,17.5,,,NOISE
2026-03-05T12:37:42.903971,Map-Energy__sum__linear-conv01184-20250130_120047-20250130_180047-15.000000-20.000000.png,2025-01-30T12:00:47,2025-01-30T18:00:47,15.0,20.0,2025-01-30T15:00:47,17.5,,,NOISE,2025-01-30T15:00:47,17.5,,,NOISE,2025-01-30T15:00:47,17.5,,,NOISE,2025-01-30T15:00:47,17.5,,,NOISE
2026-03-05T12:37:50.415856,Map-Energy__sum__linear-conv01194-20250130_180047-20250131_000047-15.000000-20.000000.png,2025-01-30T18:00:47,2025-01-31T00:00:47,15.0,20.0,2025-01-30T23:35:13,19.756774,,,OTHER,2025-01-30T21:00:47,17.5,,,NOISE,2025-01-30T21:00:47,17.5,,,NOISE,2025-01-30T21:00:47,17.5,,,NOISE
2026-03-05T12:38:00.543847,Map-Energy__sum__linear-conv01204-20250131_000047-20250131_060047-15.000000-20.000000.png,2025-01-31T00:00:47,2025-01-31T06:00:47,15.0,20.0,2025-01-31T01:12:24,19.313201,,,VESSEL,2025-01-31T03:00:47,17.5,,,NOISE,2025-01-31T03:00:47,17.5,,,NOISE,2025-01-31T03:00:47,17.5,,,NOISE
2026-03-05T12:38:03.135990,Map-Energy__sum__linear-conv01214-20250131_060047-20250131_120047-15.000000-20.000000.png,2025-01-31T06:00:47,2025-01-31T12:00:47,15.0,20.0,2025-01-31T09:00:47,17.5,,,NOISE,2025-01-31T09:00:47,17.5,,,NOISE,2025-01-31T09:00:47,17.5,,,NOISE,2025-01-31T09:00:47,17.5,,,NOISE
2026-03-05T12:38:05.559815,Map-Energy__sum__linear-conv01224-20250131_120047-20250131_180047-15.000000-20.000000.png,2025-01-31T12:00:47,2025-01-31T18:00:47,15.0,20.0,2025-01-31T15:00:47,17.5,,,NOISE,2025-01-31T15:00:47,17.5,,,NOISE,2025-01-31T15:00:47,17.5,,,NOISE,2025-01-31T15:00:47,17.5,,,NOISE
2026-03-05T12:38:08.368041,Map-Energy__sum__linear-conv01234-20250131_180047-20250201_000047-15.000000-20.000000.png,2025-01-31T18:00:47,2025-02-01T00:00:47,15.0,20.0,2025-01-31T21:00:47,17.5,,,NOISE,2025-01-31T21:00:47,17.5,,,NOISE,2025-01-31T21:00:47,17.5,,,NOISE,2025-01-31T21:00:47,17.5,,,NOISE
2026-03-05T12:38:10.264339,Map-Energy__sum__linear-conv00005-20250101_000047-20250101_060047-20.000000-25.000000.png,2025-01-01T00:00:47,2025-01-01T06:00:47,20.0,25.0,2025-01-01T03:00:47,22.5,,,NOISE,2025-01-01T03:00:47,22.5,,,NOISE,2025-01-01T03:00:47,22.5,,,NOISE,2025-01-01T03:00:47,22.5,,,NOISE
2026-03-05T12:38:12.559954,Map-Energy__sum__linear-conv00015-20250101_060047-20250101_120047-20.000000-25.000000.png,2025-01-01T06:00:47,2025-01-01T12:00:47,20.0,25.0,2025-01-01T09:00:47,22.5,,,NOISE,2025-01-01T09:00:47,22.5,,,NOISE,2025-01-01T09:00:47,22.5,,,NOISE,2025-01-01T09:00:47,22.5,,,NOISE
2026-03-05T12:38:16.967939,Map-Energy__sum__linear-conv00025-20250101_120047-20250101_180047-20.000000-25.000000.png,2025-01-01T12:00:47,2025-01-01T18:00:47,20.0,25.0,2025-01-01T15:00:47,22.5,,,NOISE,2025-01-01T15:00:47,22.5,,,NOISE,2025-01-01T15:00:47,22.5,,,NOISE,2025-01-01T15:00:47,22.5,,,NOISE
2026-03-05T12:38:18.511960,Map-Energy__sum__linear-conv00035-20250101_180047-20250102_000047-20.000000-25.000000.png,2025-01-01T18:00:47,2025-01-02T00:00:47,20.0,25.0,2025-01-01T21:00:47,22.5,,,NOISE,2025-01-01T21:00:47,22.5,,,NOISE,2025-01-01T21:00:47,22.5,,,NOISE,2025-01-01T21:00:47,22.5,,,NOISE
2026-03-05T12:38:20.703860,Map-Energy__sum__linear-conv00045-20250102_000047-20250102_060047-20.000000-25.000000.png,2025-01-02T00:00:47,2025-01-02T06:00:47,20.0,25.0,2025-01-02T03:00:47,22.5,,,NOISE,2025-01-02T03:00:47,22.5,,,NOISE,2025-01-02T03:00:47,22.5,,,NOISE,2025-01-02T03:00:47,22.5,,,NOISE
2026-03-05T12:38:22.255808,Map-Energy__sum__linear-conv00055-20250102_060047-20250102_120047-20.000000-25.000000.png,2025-01-02T06:00:47,2025-01-02T12:00:47,20.0,25.0,2025-01-02T09:00:47,22.5,,,NOISE,2025-01-02T09:00:47,22.5,,,NOISE,2025-01-02T09:00:47,22.5,,,NOISE,2025-01-02T09:00:47,22.5,,,NOISE
2026-03-05T12:38:24.456290,Map-Energy__sum__linear-conv00065-20250102_120047-20250102_180047-20.000000-25.000000.png,2025-01-02T12:00:47,2025-01-02T18:00:47,20.0,25.0,2025-01-02T15:00:47,22.5,,,NOISE,2025-01-02T15:00:47,22.5,,,NOISE,2025-01-02T15:00:47,22.5,,,NOISE,2025-01-02T15:00:47,22.5,,,NOISE
2026-03-05T12:38:34.680018,Map-Energy__sum__linear-conv00075-20250102_180047-20250103_000047-20.000000-25.000000.png,2025-01-02T18:00:47,2025-01-03T00:00:47,20.0,25.0,2025-01-02T22:23:43,23.830719,,,VESSEL,2025-01-02T21:00:47,22.5,,,NOISE,2025-01-02T21:00:47,22.5,,,NOISE,2025-01-02T21:00:47,22.5,,,NOISE
2026-03-05T12:38:40.655969,Map-Energy__sum__linear-conv00085-20250103_000047-20250103_060047-20.000000-25.000000.png,2025-01-03T00:00:47,2025-01-03T06:00:47,20.0,25.0,2025-01-03T00:58:06,22.912445,,,VESSEL,2025-01-03T03:00:47,22.5,,,NOISE,2025-01-03T03:00:47,22.5,,,NOISE,2025-01-03T03:00:47,22.5,,,NOISE
2026-03-05T12:38:42.936204,Map-Energy__sum__linear-conv00095-20250103_060047-20250103_120047-20.000000-25.000000.png,2025-01-03T06:00:47,2025-01-03T12:00:47,20.0,25.0,2025-01-03T09:00:47,22.5,,,NOISE,2025-01-03T09:00:47,22.5,,,NOISE,2025-01-03T09:00:47,22.5,,,NOISE,2025-01-03T09:00:47,22.5,,,NOISE
2026-03-05T12:38:53.983819,Map-Energy__sum__linear-conv00105-20250103_120047-20250103_180047-20.000000-25.000000.png,2025-01-03T12:00:47,2025-01-03T18:00:47,20.0,25.0,2025-01-03T14:23:36,23.854065,,,OTHER,2025-01-03T15:11:16,24.243164,,,OTHER,2025-01-03T15:00:47,22.5,,,NOISE,2025-01-03T15:00:47,22.5,,,NOISE
2026-03-05T12:38:57.919832,Map-Energy__sum__linear-conv00115-20250103_180047-20250104_000047-20.000000-25.000000.png,2025-01-03T18:00:47,2025-01-04T00:00:47,20.0,25.0,2025-01-03T21:00:47,22.5,,,NOISE,2025-01-03T21:00:47,22.5,,,NOISE,2025-01-03T21:00:47,22.5,,,NOISE,2025-01-03T21:00:47,22.5,,,NOISE
2026-03-05T12:39:04.943839,Map-Energy__sum__linear-conv00125-20250104_000047-20250104_060047-20.000000-25.000000.png,2025-01-04T00:00:47,2025-01-04T06:00:47,20.0,25.0,2025-01-04T03:00:47,22.5,,,NOISE,2025-01-04T03:00:47,22.5,,,NOISE,2025-01-04T03:00:47,22.5,,,NOISE,2025-01-04T03:00:47,22.5,,,NOISE
2026-03-05T12:39:06.967859,Map-Energy__sum__linear-conv00135-20250104_060047-20250104_120047-20.000000-25.000000.png,2025-01-04T06:00:47,2025-01-04T12:00:47,20.0,25.0,2025-01-04T09:00:47,22.5,,,NOISE,2025-01-04T09:00:47,22.5,,,NOISE,2025-01-04T09:00:47,22.5,,,NOISE,2025-01-04T09:00:47,22.5,,,NOISE
2026-03-05T12:39:09.039796,Map-Energy__sum__linear-conv00145-20250104_120047-20250104_180047-20.000000-25.000000.png,2025-01-04T12:00:47,2025-01-04T18:00:47,20.0,25.0,2025-01-04T15:00:47,22.5,,,NOISE,2025-01-04T15:00:47,22.5,,,NOISE,2025-01-04T15:00:47,22.5,,,NOISE,2025-01-04T15:00:47,22.5,,,NOISE
2026-03-05T12:39:12.728050,Map-Energy__sum__linear-conv00155-20250104_180047-20250105_000047-20.000000-25.000000.png,2025-01-04T18:00:47,2025-01-05T00:00:47,20.0,25.0,2025-01-04T21:00:47,22.5,,,NOISE,2025-01-04T21:00:47,22.5,,,NOISE,2025-01-04T21:00:47,22.5,,,NOISE,2025-01-04T21:00:47,22.5,,,NOISE
2026-03-05T12:39:19.127840,Map-Energy__sum__linear-conv00165-20250105_000047-20250105_060047-20.000000-25.000000.png,2025-01-05T00:00:47,2025-01-05T06:00:47,20.0,25.0,2025-01-05T02:20:25,22.865753,,,OTHER,2025-01-05T03:00:47,22.5,,,NOISE,2025-01-05T03:00:47,22.5,,,NOISE,2025-01-05T03:00:47,22.5,,,NOISE
2026-03-05T12:39:22.327663,Map-Energy__sum__linear-conv00175-20250105_060047-20250105_120047-20.000000-25.000000.png,2025-01-05T06:00:47,2025-01-05T12:00:47,20.0,25.0,2025-01-05T09:00:47,22.5,,,NOISE,2025-01-05T09:00:47,22.5,,,NOISE,2025-01-05T09:00:47,22.5,,,NOISE,2025-01-05T09:00:47,22.5,,,NOISE
2026-03-05T12:39:35.151921,Map-Energy__sum__linear-conv00185-20250105_120047-20250105_180047-20.000000-25.000000.png,2025-01-05T12:00:47,2025-01-05T18:00:47,20.0,25.0,2025-01-05T15:55:07,20.523377,,,OTHER,2025-01-05T15:00:47,22.5,,,NOISE,2025-01-05T15:00:47,22.5,,,NOISE,2025-01-05T15:00:47,22.5,,,NOISE
2026-03-05T12:39:44.832274,Map-Energy__sum__linear-conv00195-20250105_180047-20250106_000047-20.000000-25.000000.png,2025-01-05T18:00:47,2025-01-06T00:00:47,20.0,25.0,2025-01-05T21:50:40,20.819092,,,OTHER,2025-01-05T20:03:15,20.756836,,,OTHER,2025-01-05T21:00:47,22.5,,,NOISE,2025-01-05T21:00:47,22.5,,,NOISE
2026-03-05T12:39:46.967848,Map-Energy__sum__linear-conv00205-20250106_000047-20250106_060047-20.000000-25.000000.png,2025-01-06T00:00:47,2025-01-06T06:00:47,20.0,25.0,2025-01-06T03:00:47,22.5,,,NOISE,2025-01-06T03:00:47,22.5,,,NOISE,2025-01-06T03:00:47,22.5,,,NOISE,2025-01-06T03:00:47,22.5,,,NOISE
2026-03-05T12:39:48.655794,Map-Energy__sum__linear-conv00215-20250106_060047-20250106_120047-20.000000-25.000000.png,2025-01-06T06:00:47,2025-01-06T12:00:47,20.0,25.0,2025-01-06T09:00:47,22.5,,,NOISE,2025-01-06T09:00:47,22.5,,,NOISE,2025-01-06T09:00:47,22.5,,,NOISE,2025-01-06T09:00:47,22.5,,,NOISE
2026-03-05T12:39:50.463739,Map-Energy__sum__linear-conv00225-20250106_120047-20250106_180047-20.000000-25.000000.png,2025-01-06T12:00:47,2025-01-06T18:00:47,20.0,25.0,2025-01-06T15:00:47,22.5,,,NOISE,2025-01-06T15:00:47,22.5,,,NOISE,2025-01-06T15:00:47,22.5,,,NOISE,2025-01-06T15:00:47,22.5,,,NOISE
2026-03-05T12:39:53.031826,Map-Energy__sum__linear-conv00235-20250106_180047-20250107_000047-20.000000-25.000000.png,2025-01-06T18:00:47,2025-01-07T00:00:47,20.0,25.0,2025-01-06T21:00:47,22.5,,,NOISE,2025-01-06T21:00:47,22.5,,,NOISE,2025-01-06T21:00:47,22.5,,,NOISE,2025-01-06T21:00:47,22.5,,,NOISE
2026-03-05T12:39:54.680820,Map-Energy__sum__linear-conv00245-20250107_000047-20250107_060047-20.000000-25.000000.png,2025-01-07T00:00:47,2025-01-07T06:00:47,20.0,25.0,2025-01-07T03:00:47,22.5,,,NOISE,2025-01-07T03:00:47,22.5,,,NOISE,2025-01-07T03:00:47,22.5,,,NOISE,2025-01-07T03:00:47,22.5,,,NOISE
2026-03-05T12:40:07.376451,Map-Energy__sum__linear-conv00255-20250107_060047-20250107_120047-20.000000-25.000000.png,2025-01-07T06:00:47,2025-01-07T12:00:47,20.0,25.0,2025-01-07T09:00:47,22.5,,,NOISE,2025-01-07T09:00:47,22.5,,,NOISE,2025-01-07T09:00:47,22.5,,,NOISE,2025-01-07T09:00:47,22.5,,,NOISE
2026-03-05T12:40:11.631879,Map-Energy__sum__linear-conv00265-20250107_120047-20250107_180047-20.000000-25.000000.png,2025-01-07T12:00:47,2025-01-07T18:00:47,20.0,25.0,2025-01-07T15:00:47,22.5,,,NOISE,2025-01-07T15:00:47,22.5,,,NOISE,2025-01-07T15:00:47,22.5,,,NOISE,2025-01-07T15:00:47,22.5,,,NOISE
2026-03-05T12:40:17.295612,Map-Energy__sum__linear-conv00275-20250107_180047-20250108_000047-20.000000-25.000000.png,2025-01-07T18:00:47,2025-01-08T00:00:47,20.0,25.0,2025-01-07T21:00:47,22.5,,,NOISE,2025-01-07T21:00:47,22.5,,,NOISE,2025-01-07T21:00:47,22.5,,,NOISE,2025-01-07T21:00:47,22.5,,,NOISE
2026-03-05T12:40:19.367759,Map-Energy__sum__linear-conv00285-20250108_000047-20250108_060047-20.000000-25.000000.png,2025-01-08T00:00:47,2025-01-08T06:00:47,20.0,25.0,2025-01-08T03:00:47,22.5,,,NOISE,2025-01-08T03:00:47,22.5,,,NOISE,2025-01-08T03:00:47,22.5,,,NOISE,2025-01-08T03:00:47,22.5,,,NOISE
2026-03-05T12:40:32.151771,Map-Energy__sum__linear-conv00295-20250108_060047-20250108_120047-20.000000-25.000000.png,2025-01-08T06:00:47,2025-01-08T12:00:47,20.0,25.0,2025-01-08T07:18:27,20.585633,,,OTHER,2025-01-08T10:10:22,20.108948,,,OTHER,2025-01-08T09:00:47,22.5,,,NOISE,2025-01-08T09:00:47,22.5,,,NOISE
2026-03-05T12:40:37.927740,Map-Energy__sum__linear-conv00305-20250108_120047-20250108_180047-20.000000-25.000000.png,2025-01-08T12:00:47,2025-01-08T18:00:47,20.0,25.0,2025-01-08T13:45:08,20.196534,,,VESSEL,2025-01-08T15:00:47,22.5,,,NOISE,2025-01-08T15:00:47,22.5,,,NOISE,2025-01-08T15:00:47,22.5,,,NOISE
2026-03-05T12:40:41.447744,Map-Energy__sum__linear-conv00315-20250108_180047-20250109_000047-20.000000-25.000000.png,2025-01-08T18:00:47,2025-01-09T00:00:47,20.0,25.0,2025-01-08T21:00:47,22.5,,,NOISE,2025-01-08T21:00:47,22.5,,,NOISE,2025-01-08T21:00:47,22.5,,,NOISE,2025-01-08T21:00:47,22.5,,,NOISE
2026-03-05T12:40:44.983589,Map-Energy__sum__linear-conv00325-20250109_000047-20250109_060047-20.000000-25.000000.png,2025-01-09T00:00:47,2025-01-09T06:00:47,20.0,25.0,2025-01-09T03:00:47,22.5,,,NOISE,2025-01-09T03:00:47,22.5,,,NOISE,2025-01-09T03:00:47,22.5,,,NOISE,2025-01-09T03:00:47,22.5,,,NOISE
2026-03-05T12:40:53.519505,Map-Energy__sum__linear-conv00335-20250109_060047-20250109_120047-20.000000-25.000000.png,2025-01-09T06:00:47,2025-01-09T12:00:47,20.0,25.0,2025-01-09T10:08:47,20.15564,,,OTHER,2025-01-09T09:00:47,22.5,,,NOISE,2025-01-09T09:00:47,22.5,,,NOISE,2025-01-09T09:00:47,22.5,,,NOISE
2026-03-05T12:40:56.311742,Map-Energy__sum__linear-conv00345-20250109_120047-20250109_180047-20.000000-25.000000.png,2025-01-09T12:00:47,2025-01-09T18:00:47,20.0,25.0,2025-01-09T15:00:47,22.5,,,NOISE,2025-01-09T15:00:47,22.5,,,NOISE,2025-01-09T15:00:47,22.5,,,NOISE,2025-01-09T15:00:47,22.5,,,NOISE
2026-03-05T12:40:59.543725,Map-Energy__sum__linear-conv00355-20250109_180047-20250110_000047-20.000000-25.000000.png,2025-01-09T18:00:47,2025-01-10T00:00:47,20.0,25.0,2025-01-09T21:00:47,22.5,,,NOISE,2025-01-09T21:00:47,22.5,,,NOISE,2025-01-09T21:00:47,22.5,,,NOISE,2025-01-09T21:00:47,22.5,,,NOISE
2026-03-05T12:41:03.207849,Map-Energy__sum__linear-conv00365-20250110_000047-20250110_060047-20.000000-25.000000.png,2025-01-10T00:00:47,2025-01-10T06:00:47,20.0,25.0,2025-01-10T03:00:47,22.5,,,NOISE,2025-01-10T03:00:47,22.5,,,NOISE,2025-01-10T03:00:47,22.5,,,NOISE,2025-01-10T03:00:47,22.5,,,NOISE
2026-03-05T12:41:08.071657,Map-Energy__sum__linear-conv00375-20250110_060047-20250110_120047-20.000000-25.000000.png,2025-01-10T06:00:47,2025-01-10T12:00:47,20.0,25.0,2025-01-10T09:00:47,22.5,,,NOISE,2025-01-10T09:00:47,22.5,,,NOISE,2025-01-10T09:00:47,22.5,,,NOISE,2025-01-10T09:00:47,22.5,,,NOISE
2026-03-05T12:41:23.967771,Map-Energy__sum__linear-conv00385-20250110_120047-20250110_180047-20.000000-25.000000.png,2025-01-10T12:00:47,2025-01-10T18:00:47,20.0,25.0,2025-01-10T13:55:19,20.072022,,,OTHER,2025-01-10T16:48:31,20.461121,,,OTHER,2025-01-10T15:00:47,22.5,,,NOISE,2025-01-10T15:00:47,22.5,,,NOISE
2026-03-05T12:41:26.287477,Map-Energy__sum__linear-conv00395-20250110_180047-20250111_000047-20.000000-25.000000.png,2025-01-10T18:00:47,2025-01-11T00:00:47,20.0,25.0,2025-01-10T21:00:47,22.5,,,NOISE,2025-01-10T21:00:47,22.5,,,NOISE,2025-01-10T21:00:47,22.5,,,NOISE,2025-01-10T21:00:47,22.5,,,NOISE
2026-03-05T12:41:27.815907,Map-Energy__sum__linear-conv00405-20250111_000047-20250111_060047-20.000000-25.000000.png,2025-01-11T00:00:47,2025-01-11T06:00:47,20.0,25.0,2025-01-11T03:00:47,22.5,,,NOISE,2025-01-11T03:00:47,22.5,,,NOISE,2025-01-11T03:00:47,22.5,,,NOISE,2025-01-11T03:00:47,22.5,,,NOISE
2026-03-05T12:41:29.455864,Map-Energy__sum__linear-conv00415-20250111_060047-20250111_120047-20.000000-25.000000.png,2025-01-11T06:00:47,2025-01-11T12:00:47,20.0,25.0,2025-01-11T09:00:47,22.5,,,NOISE,2025-01-11T09:00:47,22.5,,,NOISE,2025-01-11T09:00:47,22.5,,,NOISE,2025-01-11T09:00:47,22.5,,,NOISE
2026-03-05T12:41:30.920267,Map-Energy__sum__linear-conv00425-20250111_120047-20250111_180047-20.000000-25.000000.png,2025-01-11T12:00:47,2025-01-11T18:00:47,20.0,25.0,2025-01-11T15:00:47,22.5,,,NOISE,2025-01-11T15:00:47,22.5,,,NOISE,2025-01-11T15:00:47,22.5,,,NOISE,2025-01-11T15:00:47,22.5,,,NOISE
2026-03-05T12:41:32.559664,Map-Energy__sum__linear-conv00435-20250111_180047-20250112_000047-20.000000-25.000000.png,2025-01-11T18:00:47,2025-01-12T00:00:47,20.0,25.0,2025-01-11T21:00:47,22.5,,,NOISE,2025-01-11T21:00:47,22.5,,,NOISE,2025-01-11T21:00:47,22.5,,,NOISE,2025-01-11T21:00:47,22.5,,,NOISE
2026-03-05T12:41:33.839998,Map-Energy__sum__linear-conv00445-20250112_000047-20250112_060047-20.000000-25.000000.png,2025-01-12T00:00:47,2025-01-12T06:00:47,20.0,25.0,2025-01-12T03:00:47,22.5,,,NOISE,2025-01-12T03:00:47,22.5,,,NOISE,2025-01-12T03:00:47,22.5,,,NOISE,2025-01-12T03:00:47,22.5,,,NOISE
2026-03-05T12:41:34.951785,Map-Energy__sum__linear-conv00455-20250112_060047-20250112_120047-20.000000-25.000000.png,2025-01-12T06:00:47,2025-01-12T12:00:47,20.0,25.0,2025-01-12T09:00:47,22.5,,,NOISE,2025-01-12T09:00:47,22.5,,,NOISE,2025-01-12T09:00:47,22.5,,,NOISE,2025-01-12T09:00:47,22.5,,,NOISE
2026-03-05T12:41:36.095604,Map-Energy__sum__linear-conv00465-20250112_120047-20250112_180047-20.000000-25.000000.png,2025-01-12T12:00:47,2025-01-12T18:00:47,20.0,25.0,2025-01-12T15:00:47,22.5,,,NOISE,2025-01-12T15:00:47,22.5,,,NOISE,2025-01-12T15:00:47,22.5,,,NOISE,2025-01-12T15:00:47,22.5,,,NOISE
2026-03-05T12:41:41.823989,Map-Energy__sum__linear-conv00475-20250112_180047-20250113_000047-20.000000-25.000000.png,2025-01-12T18:00:47,2025-01-13T00:00:47,20.0,25.0,2025-01-12T21:00:47,22.5,,,NOISE,2025-01-12T21:00:47,22.5,,,NOISE,2025-01-12T21:00:47,22.5,,,NOISE,2025-01-12T21:00:47,22.5,,,NOISE
2026-03-05T12:41:42.695567,Map-Energy__sum__linear-conv00485-20250113_000047-20250113_060047-20.000000-25.000000.png,2025-01-13T00:00:47,2025-01-13T06:00:47,20.0,25.0,2025-01-13T03:00:47,22.5,,,NOISE,2025-01-13T03:00:47,22.5,,,NOISE,2025-01-13T03:00:47,22.5,,,NOISE,2025-01-13T03:00:47,22.5,,,NOISE
2026-03-05T12:41:44.663615,Map-Energy__sum__linear-conv00495-20250113_060047-20250113_120047-20.000000-25.000000.png,2025-01-13T06:00:47,2025-01-13T12:00:47,20.0,25.0,2025-01-13T09:00:47,22.5,,,NOISE,2025-01-13T09:00:47,22.5,,,NOISE,2025-01-13T09:00:47,22.5,,,NOISE,2025-01-13T09:00:47,22.5,,,NOISE
2026-03-05T12:41:45.839578,Map-Energy__sum__linear-conv00505-20250113_120047-20250113_180047-20.000000-25.000000.png,2025-01-13T12:00:47,2025-01-13T18:00:47,20.0,25.0,2025-01-13T15:00:47,22.5,,,NOISE,2025-01-13T15:00:47,22.5,,,NOISE,2025-01-13T15:00:47,22.5,,,NOISE,2025-01-13T15:00:47,22.5,,,NOISE
2026-03-05T12:41:47.103950,Map-Energy__sum__linear-conv00515-20250113_180047-20250114_000047-20.000000-25.000000.png,2025-01-13T18:00:47,2025-01-14T00:00:47,20.0,25.0,2025-01-13T21:00:47,22.5,,,NOISE,2025-01-13T21:00:47,22.5,,,NOISE,2025-01-13T21:00:47,22.5,,,NOISE,2025-01-13T21:00:47,22.5,,,NOISE
2026-03-05T12:41:48.855716,Map-Energy__sum__linear-conv00525-20250114_000047-20250114_060047-20.000000-25.000000.png,2025-01-14T00:00:47,2025-01-14T06:00:47,20.0,25.0,2025-01-14T03:00:47,22.5,,,NOISE,2025-01-14T03:00:47,22.5,,,NOISE,2025-01-14T03:00:47,22.5,,,NOISE,2025-01-14T03:00:47,22.5,,,NOISE
2026-03-05T12:41:51.487659,Map-Energy__sum__linear-conv00535-20250114_060047-20250114_120047-20.000000-25.000000.png,2025-01-14T06:00:47,2025-01-14T12:00:47,20.0,25.0,2025-01-14T09:00:47,22.5,,,NOISE,2025-01-14T09:00:47,22.5,,,NOISE,2025-01-14T09:00:47,22.5,,,NOISE,2025-01-14T09:00:47,22.5,,,NOISE
2026-03-05T12:41:55.983716,Map-Energy__sum__linear-conv00545-20250114_120047-20250114_180047-20.000000-25.000000.png,2025-01-14T12:00:47,2025-01-14T18:00:47,20.0,25.0,2025-01-14T15:00:47,22.5,,,NOISE,2025-01-14T15:00:47,22.5,,,NOISE,2025-01-14T15:00:47,22.5,,,NOISE,2025-01-14T15:00:47,22.5,,,NOISE
2026-03-05T12:42:15.239567,Map-Energy__sum__linear-conv00555-20250114_180047-20250115_000047-20.000000-25.000000.png,2025-01-14T18:00:47,2025-01-15T00:00:47,20.0,25.0,2025-01-14T20:35:59,22.865753,,,VESSEL,2025-01-14T19:07:57,23.612823,,,VESSEL,2025-01-14T19:16:32,20.10315,,,SEISMIC,2025-01-14T21:00:47,22.5,,,NOISE
2026-03-05T12:42:17.495842,Map-Energy__sum__linear-conv00565-20250115_000047-20250115_060047-20.000000-25.000000.png,2025-01-15T00:00:47,2025-01-15T06:00:47,20.0,25.0,2025-01-15T03:00:47,22.5,,,NOISE,2025-01-15T03:00:47,22.5,,,NOISE,2025-01-15T03:00:47,22.5,,,NOISE,2025-01-15T03:00:47,22.5,,,NOISE
2026-03-05T12:42:24.007678,Map-Energy__sum__linear-conv00575-20250115_060047-20250115_120047-20.000000-25.000000.png,2025-01-15T06:00:47,2025-01-15T12:00:47,20.0,25.0,2025-01-15T09:00:47,22.5,,,NOISE,2025-01-15T09:00:47,22.5,,,NOISE,2025-01-15T09:00:47,22.5,,,NOISE,2025-01-15T09:00:47,22.5,,,NOISE
2026-03-05T12:42:25.823479,Map-Energy__sum__linear-conv00585-20250115_120047-20250115_180047-20.000000-25.000000.png,2025-01-15T12:00:47,2025-01-15T18:00:47,20.0,25.0,2025-01-15T15:00:47,22.5,,,NOISE,2025-01-15T15:00:47,22.5,,,NOISE,2025-01-15T15:00:47,22.5,,,NOISE,2025-01-15T15:00:47,22.5,,,NOISE
2026-03-05T12:42:27.487545,Map-Energy__sum__linear-conv00595-20250115_180047-20250116_000047-20.000000-25.000000.png,2025-01-15T18:00:47,2025-01-16T00:00:47,20.0,25.0,2025-01-15T21:00:47,22.5,,,NOISE,2025-01-15T21:00:47,22.5,,,NOISE,2025-01-15T21:00:47,22.5,,,NOISE,2025-01-15T21:00:47,22.5,,,NOISE
2026-03-05T12:42:28.887675,Map-Energy__sum__linear-conv00605-20250116_000047-20250116_060047-20.000000-25.000000.png,2025-01-16T00:00:47,2025-01-16T06:00:47,20.0,25.0,2025-01-16T03:00:47,22.5,,,NOISE,2025-01-16T03:00:47,22.5,,,NOISE,2025-01-16T03:00:47,22.5,,,NOISE,2025-01-16T03:00:47,22.5,,,NOISE
2026-03-05T12:42:30.615786,Map-Energy__sum__linear-conv00615-20250116_060047-20250116_120047-20.000000-25.000000.png,2025-01-16T06:00:47,2025-01-16T12:00:47,20.0,25.0,2025-01-16T09:00:47,22.5,,,NOISE,2025-01-16T09:00:47,22.5,,,NOISE,2025-01-16T09:00:47,22.5,,,NOISE,2025-01-16T09:00:47,22.5,,,NOISE
2026-03-05T12:42:58.487365,Map-Energy__sum__linear-conv00625-20250116_120047-20250116_180047-20.000000-25.000000.png,2025-01-16T12:00:47,2025-01-16T18:00:47,20.0,25.0,2025-01-16T15:37:00,22.772369,,,VESSEL,2025-01-16T15:57:40,20.7724,,,OTHER,2025-01-16T15:16:59,20.048676,,,OTHER,2025-01-16T15:00:47,22.5,,,NOISE
2026-03-05T12:43:15.567402,Map-Energy__sum__linear-conv00635-20250116_180047-20250117_000047-20.000000-25.000000.png,2025-01-16T18:00:47,2025-01-17T00:00:47,20.0,25.0,2025-01-16T21:25:53,24.437713,,,OTHER,2025-01-16T19:29:34,24.212036,,,OTHER,2025-01-16T21:00:47,22.5,,,NOISE,2025-01-16T21:00:47,22.5,,,NOISE
2026-03-05T12:43:20.303676,Map-Energy__sum__linear-conv00645-20250117_000047-20250117_060047-20.000000-25.000000.png,2025-01-17T00:00:47,2025-01-17T06:00:47,20.0,25.0,2025-01-17T03:00:47,22.5,,,NOISE,2025-01-17T03:00:47,22.5,,,NOISE,2025-01-17T03:00:47,22.5,,,NOISE,2025-01-17T03:00:47,22.5,,,NOISE
2026-03-05T12:43:33.607432,Map-Energy__sum__linear-conv00655-20250117_060047-20250117_120047-20.000000-25.000000.png,2025-01-17T06:00:47,2025-01-17T12:00:47,20.0,25.0,2025-01-17T08:40:07,20.749054,,,SEISMIC,2025-01-17T10:09:25,20.406647,,,SEISMIC,2025-01-17T11:21:53,20.398865,,,SEISMIC,2025-01-17T09:00:47,22.5,,,NOISE
2026-03-05T12:43:48.503788,Map-Energy__sum__linear-conv00665-20250117_120047-20250117_180047-20.000000-25.000000.png,2025-01-17T12:00:47,2025-01-17T18:00:47,20.0,25.0,2025-01-17T13:51:11,23.20816,,,VESSEL,2025-01-17T14:32:49,20.25879,,,SEISMIC,2025-01-17T15:25:53,20.243226,,,SEISMIC,2025-01-17T15:00:47,22.5,,,NOISE
2026-03-05T12:44:00.919273,Map-Energy__sum__linear-conv00675-20250117_180047-20250118_000047-20.000000-25.000000.png,2025-01-17T18:00:47,2025-01-18T00:00:47,20.0,25.0,2025-01-17T20:03:53,20.476685,,,SEISMIC,2025-01-17T21:02:41,20.414429,,,SEISMIC,2025-01-17T21:00:47,22.5,,,NOISE,2025-01-17T21:00:47,22.5,,,NOISE
2026-03-05T12:44:07.943754,Map-Energy__sum__linear-conv00685-20250118_000047-20250118_060047-20.000000-25.000000.png,2025-01-18T00:00:47,2025-01-18T06:00:47,20.0,25.0,2025-01-18T01:50:33,20.476685,,,VESSEL,2025-01-18T03:00:47,22.5,,,NOISE,2025-01-18T03:00:47,22.5,,,NOISE,2025-01-18T03:00:47,22.5,,,NOISE
2026-03-05T12:44:15.471389,Map-Energy__sum__linear-conv00695-20250118_060047-20250118_120047-20.000000-25.000000.png,2025-01-18T06:00:47,2025-01-18T12:00:47,20.0,25.0,2025-01-18T10:46:17,20.523377,,,SEISMIC,2025-01-18T09:00:47,22.5,,,NOISE,2025-01-18T09:00:47,22.5,,,NOISE,2025-01-18T09:00:47,22.5,,,NOISE
2026-03-05T12:44:21.223184,Map-Energy__sum__linear-conv00705-20250118_120047-20250118_180047-20.000000-25.000000.png,2025-01-18T12:00:47,2025-01-18T18:00:47,20.0,25.0,2025-01-18T14:41:04,20.445557,,,SEISMIC,2025-01-18T15:00:47,22.5,,,NOISE,2025-01-18T15:00:47,22.5,,,NOISE,2025-01-18T15:00:47,22.5,,,NOISE
2026-03-05T12:44:23.423391,Map-Energy__sum__linear-conv00715-20250118_180047-20250119_000047-20.000000-25.000000.png,2025-01-18T18:00:47,2025-01-19T00:00:47,20.0,25.0,2025-01-18T21:00:47,22.5,,,NOISE,2025-01-18T21:00:47,22.5,,,NOISE,2025-01-18T21:00:47,22.5,,,NOISE,2025-01-18T21:00:47,22.5,,,NOISE
2026-03-05T12:44:25.311348,Map-Energy__sum__linear-conv00725-20250119_000047-20250119_060047-20.000000-25.000000.png,2025-01-19T00:00:47,2025-01-19T06:00:47,20.0,25.0,2025-01-19T03:00:47,22.5,,,NOISE,2025-01-19T03:00:47,22.5,,,NOISE,2025-01-19T03:00:47,22.5,,,NOISE,2025-01-19T03:00:47,22.5,,,NOISE
2026-03-05T12:44:33.183361,Map-Energy__sum__linear-conv00735-20250119_060047-20250119_120047-20.000000-25.000000.png,2025-01-19T06:00:47,2025-01-19T12:00:47,20.0,25.0,2025-01-19T10:07:12,24.14978,,,VESSEL,2025-01-19T09:00:47,22.5,,,NOISE,2025-01-19T09:00:47,22.5,,,NOISE,2025-01-19T09:00:47,22.5,,,NOISE
2026-03-05T12:44:36.247271,Map-Energy__sum__linear-conv00745-20250119_120047-20250119_180047-20.000000-25.000000.png,2025-01-19T12:00:47,2025-01-19T18:00:47,20.0,25.0,2025-01-19T15:00:47,22.5,,,NOISE,2025-01-19T15:00:47,22.5,,,NOISE,2025-01-19T15:00:47,22.5,,,NOISE,2025-01-19T15:00:47,22.5,,,NOISE
2026-03-05T12:44:37.671486,Map-Energy__sum__linear-conv00755-20250119_180047-20250120_000047-20.000000-25.000000.png,2025-01-19T18:00:47,2025-01-20T00:00:47,20.0,25.0,2025-01-19T21:00:47,22.5,,,NOISE,2025-01-19T21:00:47,22.5,,,NOISE,2025-01-19T21:00:47,22.5,,,NOISE,2025-01-19T21:00:47,22.5,,,NOISE
2026-03-05T12:44:39.031376,Map-Energy__sum__linear-conv00765-20250120_000047-20250120_060047-20.000000-25.000000.png,2025-01-20T00:00:47,2025-01-20T06:00:47,20.0,25.0,2025-01-20T03:00:47,22.5,,,NOISE,2025-01-20T03:00:47,22.5,,,NOISE,2025-01-20T03:00:47,22.5,,,NOISE,2025-01-20T03:00:47,22.5,,,NOISE
2026-03-05T12:44:40.279886,Map-Energy__sum__linear-conv00775-20250120_060047-20250120_120047-20.000000-25.000000.png,2025-01-20T06:00:47,2025-01-20T12:00:47,20.0,25.0,2025-01-20T09:00:47,22.5,,,NOISE,2025-01-20T09:00:47,22.5,,,NOISE,2025-01-20T09:00:47,22.5,,,NOISE,2025-01-20T09:00:47,22.5,,,NOISE
2026-03-05T12:44:42.247324,Map-Energy__sum__linear-conv00785-20250120_120047-20250120_180047-20.000000-25.000000.png,2025-01-20T12:00:47,2025-01-20T18:00:47,20.0,25.0,2025-01-20T15:00:47,22.5,,,NOISE,2025-01-20T15:00:47,22.5,,,NOISE,2025-01-20T15:00:47,22.5,,,NOISE,2025-01-20T15:00:47,22.5,,,NOISE
2026-03-05T12:44:43.295403,Map-Energy__sum__linear-conv00795-20250120_180047-20250121_000047-20.000000-25.000000.png,2025-01-20T18:00:47,2025-01-21T00:00:47,20.0,25.0,2025-01-20T21:00:47,22.5,,,NOISE,2025-01-20T21:00:47,22.5,,,NOISE,2025-01-20T21:00:47,22.5,,,NOISE,2025-01-20T21:00:47,22.5,,,NOISE
2026-03-05T12:44:44.479404,Map-Energy__sum__linear-conv00805-20250121_000047-20250121_060047-20.000000-25.000000.png,2025-01-21T00:00:47,2025-01-21T06:00:47,20.0,25.0,2025-01-21T03:00:47,22.5,,,NOISE,2025-01-21T03:00:47,22.5,,,NOISE,2025-01-21T03:00:47,22.5,,,NOISE,2025-01-21T03:00:47,22.5,,,NOISE
2026-03-05T12:44:45.495436,Map-Energy__sum__linear-conv00815-20250121_060047-20250121_120047-20.000000-25.000000.png,2025-01-21T06:00:47,2025-01-21T12:00:47,20.0,25.0,2025-01-21T09:00:47,22.5,,,NOISE,2025-01-21T09:00:47,22.5,,,NOISE,2025-01-21T09:00:47,22.5,,,NOISE,2025-01-21T09:00:47,22.5,,,NOISE
2026-03-05T12:44:47.055495,Map-Energy__sum__linear-conv00825-20250121_120047-20250121_180047-20.000000-25.000000.png,2025-01-21T12:00:47,2025-01-21T18:00:47,20.0,25.0,2025-01-21T15:00:47,22.5,,,NOISE,2025-01-21T15:00:47,22.5,,,NOISE,2025-01-21T15:00:47,22.5,,,NOISE,2025-01-21T15:00:47,22.5,,,NOISE
2026-03-05T12:44:59.783180,Map-Energy__sum__linear-conv00835-20250121_180047-20250122_000047-20.000000-25.000000.png,2025-01-21T18:00:47,2025-01-22T00:00:47,20.0,25.0,2025-01-21T22:30:43,22.741241,,,OTHER,2025-01-21T21:00:47,22.5,,,NOISE,2025-01-21T21:00:47,22.5,,,NOISE,2025-01-21T21:00:47,22.5,,,NOISE
2026-03-05T12:45:23.311166,Map-Energy__sum__linear-conv00845-20250122_000047-20250122_060047-20.000000-25.000000.png,2025-01-22T00:00:47,2025-01-22T06:00:47,20.0,25.0,2025-01-22T03:59:53,20.593415,,,OTHER,2025-01-22T03:29:04,23.278198,,,VESSEL,2025-01-22T03:00:47,22.5,,,NOISE,2025-01-22T03:00:47,22.5,,,NOISE
2026-03-05T12:45:27.599234,Map-Energy__sum__linear-conv00855-20250122_060047-20250122_120047-20.000000-25.000000.png,2025-01-22T06:00:47,2025-01-22T12:00:47,20.0,25.0,2025-01-22T09:00:47,22.5,,,NOISE,2025-01-22T09:00:47,22.5,,,NOISE,2025-01-22T09:00:47,22.5,,,NOISE,2025-01-22T09:00:47,22.5,,,NOISE
2026-03-05T12:45:30.007311,Map-Energy__sum__linear-conv00865-20250122_120047-20250122_180047-20.000000-25.000000.png,2025-01-22T12:00:47,2025-01-22T18:00:47,20.0,25.0,2025-01-22T15:00:47,22.5,,,NOISE,2025-01-22T15:00:47,22.5,,,NOISE,2025-01-22T15:00:47,22.5,,,NOISE,2025-01-22T15:00:47,22.5,,,NOISE
2026-03-05T12:45:34.487537,Map-Energy__sum__linear-conv00875-20250122_180047-20250123_000047-20.000000-25.000000.png,2025-01-22T18:00:47,2025-01-23T00:00:47,20.0,25.0,2025-01-22T21:00:47,22.5,,,NOISE,2025-01-22T21:00:47,22.5,,,NOISE,2025-01-22T21:00:47,22.5,,,NOISE,2025-01-22T21:00:47,22.5,,,NOISE
2026-03-05T12:45:36.343282,Map-Energy__sum__linear-conv00885-20250123_000047-20250123_060047-20.000000-25.000000.png,2025-01-23T00:00:47,2025-01-23T06:00:47,20.0,25.0,2025-01-23T03:00:47,22.5,,,NOISE,2025-01-23T03:00:47,22.5,,,NOISE,2025-01-23T03:00:47,22.5,,,NOISE,2025-01-23T03:00:47,22.5,,,NOISE
2026-03-05T12:45:38.470966,Map-Energy__sum__linear-conv00895-20250123_060047-20250123_120047-20.000000-25.000000.png,2025-01-23T06:00:47,2025-01-23T12:00:47,20.0,25.0,2025-01-23T09:00:47,22.5,,,NOISE,2025-01-23T09:00:47,22.5,,,NOISE,2025-01-23T09:00:47,22.5,,,NOISE,2025-01-23T09:00:47,22.5,,,NOISE
2026-03-05T12:45:39.679249,Map-Energy__sum__linear-conv00905-20250123_120047-20250123_180047-20.000000-25.000000.png,2025-01-23T12:00:47,2025-01-23T18:00:47,20.0,25.0,2025-01-23T15:00:47,22.5,,,NOISE,2025-01-23T15:00:47,22.5,,,NOISE,2025-01-23T15:00:47,22.5,,,NOISE,2025-01-23T15:00:47,22.5,,,NOISE
2026-03-05T12:45:41.295317,Map-Energy__sum__linear-conv00915-20250123_180047-20250124_000047-20.000000-25.000000.png,2025-01-23T18:00:47,2025-01-24T00:00:47,20.0,25.0,2025-01-23T21:00:47,22.5,,,NOISE,2025-01-23T21:00:47,22.5,,,NOISE,2025-01-23T21:00:47,22.5,,,NOISE,2025-01-23T21:00:47,22.5,,,NOISE
2026-03-05T12:45:49.055193,Map-Energy__sum__linear-conv00925-20250124_000047-20250124_060047-20.000000-25.000000.png,2025-01-24T00:00:47,2025-01-24T06:00:47,20.0,25.0,2025-01-24T03:22:04,21.177063,,,SEISMIC,2025-01-24T03:00:47,22.5,,,NOISE,2025-01-24T03:00:47,22.5,,,NOISE,2025-01-24T03:00:47,22.5,,,NOISE
2026-03-05T12:45:57.743787,Map-Energy__sum__linear-conv00935-20250124_060047-20250124_120047-20.000000-25.000000.png,2025-01-24T06:00:47,2025-01-24T12:00:47,20.0,25.0,2025-01-24T07:48:19,20.406647,,,SEISMIC,2025-01-24T09:00:47,22.5,,,NOISE,2025-01-24T09:00:47,22.5,,,NOISE,2025-01-24T09:00:47,22.5,,,NOISE
2026-03-05T12:46:08.695080,Map-Energy__sum__linear-conv00945-20250124_120047-20250124_180047-20.000000-25.000000.png,2025-01-24T12:00:47,2025-01-24T18:00:47,20.0,25.0,2025-01-24T15:36:41,21.698456,,,SEISMIC,2025-01-24T15:00:47,22.5,,,NOISE,2025-01-24T15:00:47,22.5,,,NOISE,2025-01-24T15:00:47,22.5,,,NOISE
2026-03-05T12:46:12.558984,Map-Energy__sum__linear-conv00955-20250124_180047-20250125_000047-20.000000-25.000000.png,2025-01-24T18:00:47,2025-01-25T00:00:47,20.0,25.0,2025-01-24T21:00:47,22.5,,,NOISE,2025-01-24T21:00:47,22.5,,,NOISE,2025-01-24T21:00:47,22.5,,,NOISE,2025-01-24T21:00:47,22.5,,,NOISE
2026-03-05T12:46:15.022988,Map-Energy__sum__linear-conv00965-20250125_000047-20250125_060047-20.000000-25.000000.png,2025-01-25T00:00:47,2025-01-25T06:00:47,20.0,25.0,2025-01-25T03:00:47,22.5,,,NOISE,2025-01-25T03:00:47,22.5,,,NOISE,2025-01-25T03:00:47,22.5,,,NOISE,2025-01-25T03:00:47,22.5,,,NOISE
2026-03-05T12:46:33.471102,Map-Energy__sum__linear-conv00975-20250125_060047-20250125_120047-20.000000-25.000000.png,2025-01-25T06:00:47,2025-01-25T12:00:47,20.0,25.0,2025-01-25T07:48:57,20.663453,,,OTHER,2025-01-25T10:02:26,21.472779,,,OTHER,2025-01-25T09:00:47,22.5,,,NOISE,2025-01-25T09:00:47,22.5,,,NOISE
2026-03-05T12:46:36.719239,Map-Energy__sum__linear-conv00985-20250125_120047-20250125_180047-20.000000-25.000000.png,2025-01-25T12:00:47,2025-01-25T18:00:47,20.0,25.0,2025-01-25T15:00:47,22.5,,,NOISE,2025-01-25T15:00:47,22.5,,,NOISE,2025-01-25T15:00:47,22.5,,,NOISE,2025-01-25T15:00:47,22.5,,,NOISE
2026-03-05T12:46:48.783176,Map-Energy__sum__linear-conv00995-20250125_180047-20250126_000047-20.000000-25.000000.png,2025-01-25T18:00:47,2025-01-26T00:00:47,20.0,25.0,2025-01-25T20:28:41,20.147858,,,OTHER,2025-01-25T21:14:26,24.03305,,,VESSEL,2025-01-25T21:00:47,22.5,,,NOISE,2025-01-25T21:00:47,22.5,,,NOISE
2026-03-05T12:46:52.431198,Map-Energy__sum__linear-conv01005-20250126_000047-20250126_060047-20.000000-25.000000.png,2025-01-26T00:00:47,2025-01-26T06:00:47,20.0,25.0,2025-01-26T03:00:47,22.5,,,NOISE,2025-01-26T03:00:47,22.5,,,NOISE,2025-01-26T03:00:47,22.5,,,NOISE,2025-01-26T03:00:47,22.5,,,NOISE
2026-03-05T12:47:06.575134,Map-Energy__sum__linear-conv01015-20250126_060047-20250126_120047-20.000000-25.000000.png,2025-01-26T06:00:47,2025-01-26T12:00:47,20.0,25.0,2025-01-26T09:45:54,20.18097,,,SEISMIC,2025-01-26T07:34:20,20.10315,,,SEISMIC,2025-01-26T09:00:47,22.5,,,NOISE,2025-01-26T09:00:47,22.5,,,NOISE
2026-03-05T12:47:14.511438,Map-Energy__sum__linear-conv01025-20250126_120047-20250126_180047-20.000000-25.000000.png,2025-01-26T12:00:47,2025-01-26T18:00:47,20.0,25.0,2025-01-26T17:43:10,20.344392,,,SEISMIC,2025-01-26T15:00:47,22.5,,,NOISE,2025-01-26T15:00:47,22.5,,,NOISE,2025-01-26T15:00:47,22.5,,,NOISE
2026-03-05T12:47:20.935195,Map-Energy__sum__linear-conv01035-20250126_180047-20250127_000047-20.000000-25.000000.png,2025-01-26T18:00:47,2025-01-27T00:00:47,20.0,25.0,2025-01-26T18:49:12,20.305482,,,VESSEL,2025-01-26T21:00:47,22.5,,,SEISMIC,2025-01-26T21:00:47,22.5,,,NOISE,2025-01-26T21:00:47,22.5,,,NOISE
2026-03-05T12:47:32.103080,Map-Energy__sum__linear-conv01045-20250127_000047-20250127_060047-20.000000-25.000000.png,2025-01-27T00:00:47,2025-01-27T06:00:47,20.0,25.0,2025-01-27T03:00:47,22.5,,,NOISE,2025-01-27T03:00:47,22.5,,,NOISE,2025-01-27T03:00:47,22.5,,,NOISE,2025-01-27T03:00:47,22.5,,,NOISE
2026-03-05T12:47:35.247807,Map-Energy__sum__linear-conv01055-20250127_060047-20250127_120047-20.000000-25.000000.png,2025-01-27T06:00:47,2025-01-27T12:00:47,20.0,25.0,2025-01-27T09:00:47,22.5,,,NOISE,2025-01-27T09:00:47,22.5,,,NOISE,2025-01-27T09:00:47,22.5,,,NOISE,2025-01-27T09:00:47,22.5,,,NOISE
2026-03-05T12:49:29.326937,Map-Energy__sum__linear-conv01065-20250127_120047-20250127_180047-20.000000-25.000000.png,2025-01-27T12:00:47,2025-01-27T18:00:47,20.0,25.0,2025-01-27T16:10:22,23.752899,,,VESSEL,2025-01-27T14:12:47,20.173188,,,VESSEL,2025-01-27T15:00:47,22.5,,,NOISE,2025-01-27T15:00:47,22.5,,,NOISE
2026-03-05T12:49:32.590907,Map-Energy__sum__linear-conv01075-20250127_180047-20250128_000047-20.000000-25.000000.png,2025-01-27T18:00:47,2025-01-28T00:00:47,20.0,25.0,2025-01-27T21:00:47,22.5,,,NOISE,2025-01-27T21:00:47,22.5,,,NOISE,2025-01-27T21:00:47,22.5,,,NOISE,2025-01-27T21:00:47,22.5,,,NOISE
2026-03-05T12:49:35.431037,Map-Energy__sum__linear-conv01085-20250128_000047-20250128_060047-20.000000-25.000000.png,2025-01-28T00:00:47,2025-01-28T06:00:47,20.0,25.0,2025-01-28T03:00:47,22.5,,,NOISE,2025-01-28T03:00:47,22.5,,,NOISE,2025-01-28T03:00:47,22.5,,,NOISE,2025-01-28T03:00:47,22.5,,,NOISE
2026-03-05T12:49:37.823232,Map-Energy__sum__linear-conv01095-20250128_060047-20250128_120047-20.000000-25.000000.png,2025-01-28T06:00:47,2025-01-28T12:00:47,20.0,25.0,2025-01-28T09:00:47,22.5,,,NOISE,2025-01-28T09:00:47,22.5,,,NOISE,2025-01-28T09:00:47,22.5,,,NOISE,2025-01-28T09:00:47,22.5,,,NOISE
2026-03-05T12:49:39.598849,Map-Energy__sum__linear-conv01105-20250128_120047-20250128_180047-20.000000-25.000000.png,2025-01-28T12:00:47,2025-01-28T18:00:47,20.0,25.0,2025-01-28T15:00:47,22.5,,,NOISE,2025-01-28T15:00:47,22.5,,,NOISE,2025-01-28T15:00:47,22.5,,,NOISE,2025-01-28T15:00:47,22.5,,,NOISE
2026-03-05T12:49:56.510784,Map-Energy__sum__linear-conv01115-20250128_180047-20250129_000047-20.000000-25.000000.png,2025-01-28T18:00:47,2025-01-29T00:00:47,20.0,25.0,2025-01-28T23:12:02,23.822937,,,VESSEL,2025-01-28T21:00:47,22.5,,,NOISE,2025-01-28T21:00:47,22.5,,,NOISE,2025-01-28T21:00:47,22.5,,,NOISE
2026-03-05T12:49:59.094907,Map-Energy__sum__linear-conv01125-20250129_000047-20250129_060047-20.000000-25.000000.png,2025-01-29T00:00:47,2025-01-29T06:00:47,20.0,25.0,2025-01-29T03:00:47,22.5,,,NOISE,2025-01-29T03:00:47,22.5,,,NOISE,2025-01-29T03:00:47,22.5,,,NOISE,2025-01-29T03:00:47,22.5,,,NOISE
2026-03-05T12:50:01.207008,Map-Energy__sum__linear-conv01135-20250129_060047-20250129_120047-20.000000-25.000000.png,2025-01-29T06:00:47,2025-01-29T12:00:47,20.0,25.0,2025-01-29T09:00:47,22.5,,,NOISE,2025-01-29T09:00:47,22.5,,,NOISE,2025-01-29T09:00:47,22.5,,,NOISE,2025-01-29T09:00:47,22.5,,,NOISE
2026-03-05T12:50:02.790927,Map-Energy__sum__linear-conv01145-20250129_120047-20250129_180047-20.000000-25.000000.png,2025-01-29T12:00:47,2025-01-29T18:00:47,20.0,25.0,2025-01-29T15:00:47,22.5,,,NOISE,2025-01-29T15:00:47,22.5,,,NOISE,2025-01-29T15:00:47,22.5,,,NOISE,2025-01-29T15:00:47,22.5,,,NOISE
2026-03-05T12:50:04.174965,Map-Energy__sum__linear-conv01155-20250129_180047-20250130_000047-20.000000-25.000000.png,2025-01-29T18:00:47,2025-01-30T00:00:47,20.0,25.0,2025-01-29T21:00:47,22.5,,,NOISE,2025-01-29T21:00:47,22.5,,,NOISE,2025-01-29T21:00:47,22.5,,,NOISE,2025-01-29T21:00:47,22.5,,,NOISE
2026-03-05T12:50:05.511132,Map-Energy__sum__linear-conv01165-20250130_000047-20250130_060047-20.000000-25.000000.png,2025-01-30T00:00:47,2025-01-30T06:00:47,20.0,25.0,2025-01-30T03:00:47,22.5,,,NOISE,2025-01-30T03:00:47,22.5,,,NOISE,2025-01-30T03:00:47,22.5,,,NOISE,2025-01-30T03:00:47,22.5,,,NOISE
2026-03-05T12:50:06.726996,Map-Energy__sum__linear-conv01175-20250130_060047-20250130_120047-20.000000-25.000000.png,2025-01-30T06:00:47,2025-01-30T12:00:47,20.0,25.0,2025-01-30T09:00:47,22.5,,,NOISE,2025-01-30T09:00:47,22.5,,,NOISE,2025-01-30T09:00:47,22.5,,,NOISE,2025-01-30T09:00:47,22.5,,,NOISE
2026-03-05T12:50:11.815033,Map-Energy__sum__linear-conv01185-20250130_120047-20250130_180047-20.000000-25.000000.png,2025-01-30T12:00:47,2025-01-30T18:00:47,20.0,25.0,2025-01-30T16:00:12,20.422211,,,VESSEL,2025-01-30T15:00:47,22.5,,,NOISE,2025-01-30T15:00:47,22.5,,,NOISE,2025-01-30T15:00:47,22.5,,,NOISE
2026-03-05T12:50:26.542778,Map-Energy__sum__linear-conv01195-20250130_180047-20250131_000047-20.000000-25.000000.png,2025-01-30T18:00:47,2025-01-31T00:00:47,20.0,25.0,2025-01-30T21:08:05,20.110932,,,SEISMIC,2025-01-30T22:23:05,20.367737,,,SEISMIC,2025-01-30T21:00:47,22.5,,,NOISE,2025-01-30T21:00:47,22.5,,,NOISE
2026-03-05T12:50:29.550757,Map-Energy__sum__linear-conv01205-20250131_000047-20250131_060047-20.000000-25.000000.png,2025-01-31T00:00:47,2025-01-31T06:00:47,20.0,25.0,2025-01-31T03:00:47,22.5,,,NOISE,2025-01-31T03:00:47,22.5,,,NOISE,2025-01-31T03:00:47,22.5,,,NOISE,2025-01-31T03:00:47,22.5,,,NOISE
2026-03-05T12:50:31.318988,Map-Energy__sum__linear-conv01215-20250131_060047-20250131_120047-20.000000-25.000000.png,2025-01-31T06:00:47,2025-01-31T12:00:47,20.0,25.0,2025-01-31T09:00:47,22.5,,,NOISE,2025-01-31T09:00:47,22.5,,,NOISE,2025-01-31T09:00:47,22.5,,,NOISE,2025-01-31T09:00:47,22.5,,,NOISE
2026-03-05T12:50:32.614878,Map-Energy__sum__linear-conv01225-20250131_120047-20250131_180047-20.000000-25.000000.png,2025-01-31T12:00:47,2025-01-31T18:00:47,20.0,25.0,2025-01-31T15:00:47,22.5,,,NOISE,2025-01-31T15:00:47,22.5,,,NOISE,2025-01-31T15:00:47,22.5,,,NOISE,2025-01-31T15:00:47,22.5,,,NOISE
2026-03-05T12:50:33.718917,Map-Energy__sum__linear-conv01235-20250131_180047-20250201_000047-20.000000-25.000000.png,2025-01-31T18:00:47,2025-02-01T00:00:47,20.0,25.0,2025-01-31T21:00:47,22.5,,,NOISE,2025-01-31T21:00:47,22.5,,,NOISE,2025-01-31T21:00:47,22.5,,,NOISE,2025-01-31T21:00:47,22.5,,,NOISE
2026-03-05T12:50:35.374862,Map-Energy__sum__linear-conv00006-20250101_000047-20250101_060047-25.000000-30.000000.png,2025-01-01T00:00:47,2025-01-01T06:00:47,25.0,30.0,2025-01-01T03:00:47,27.5,,,NOISE,2025-01-01T03:00:47,27.5,,,NOISE,2025-01-01T03:00:47,27.5,,,NOISE,2025-01-01T03:00:47,27.5,,,NOISE
2026-03-05T12:50:36.895312,Map-Energy__sum__linear-conv00016-20250101_060047-20250101_120047-25.000000-30.000000.png,2025-01-01T06:00:47,2025-01-01T12:00:47,25.0,30.0,2025-01-01T09:00:47,27.5,,,NOISE,2025-01-01T09:00:47,27.5,,,NOISE,2025-01-01T09:00:47,27.5,,,NOISE,2025-01-01T09:00:47,27.5,,,NOISE
2026-03-05T12:50:38.254800,Map-Energy__sum__linear-conv00026-20250101_120047-20250101_180047-25.000000-30.000000.png,2025-01-01T12:00:47,2025-01-01T18:00:47,25.0,30.0,2025-01-01T15:00:47,27.5,,,NOISE,2025-01-01T15:00:47,27.5,,,NOISE,2025-01-01T15:00:47,27.5,,,NOISE,2025-01-01T15:00:47,27.5,,,NOISE
2026-03-05T12:50:39.430860,Map-Energy__sum__linear-conv00036-20250101_180047-20250102_000047-25.000000-30.000000.png,2025-01-01T18:00:47,2025-01-02T00:00:47,25.0,30.0,2025-01-01T21:00:47,27.5,,,NOISE,2025-01-01T21:00:47,27.5,,,NOISE,2025-01-01T21:00:47,27.5,,,NOISE,2025-01-01T21:00:47,27.5,,,NOISE
2026-03-05T12:50:40.623056,Map-Energy__sum__linear-conv00046-20250102_000047-20250102_060047-25.000000-30.000000.png,2025-01-02T00:00:47,2025-01-02T06:00:47,25.0,30.0,2025-01-02T03:00:47,27.5,,,NOISE,2025-01-02T03:00:47,27.5,,,NOISE,2025-01-02T03:00:47,27.5,,,NOISE,2025-01-02T03:00:47,27.5,,,NOISE
2026-03-05T12:50:45.831575,Map-Energy__sum__linear-conv00056-20250102_060047-20250102_120047-25.000000-30.000000.png,2025-01-02T06:00:47,2025-01-02T12:00:47,25.0,30.0,2025-01-02T09:00:47,27.5,,,NOISE,2025-01-02T09:00:47,27.5,,,NOISE,2025-01-02T09:00:47,27.5,,,NOISE,2025-01-02T09:00:47,27.5,,,NOISE
2026-03-05T12:50:47.038793,Map-Energy__sum__linear-conv00066-20250102_120047-20250102_180047-25.000000-30.000000.png,2025-01-02T12:00:47,2025-01-02T18:00:47,25.0,30.0,2025-01-02T15:00:47,27.5,,,NOISE,2025-01-02T15:00:47,27.5,,,NOISE,2025-01-02T15:00:47,27.5,,,NOISE,2025-01-02T15:00:47,27.5,,,NOISE
2026-03-05T12:50:49.191261,Map-Energy__sum__linear-conv00076-20250102_180047-20250103_000047-25.000000-30.000000.png,2025-01-02T18:00:47,2025-01-03T00:00:47,25.0,30.0,2025-01-02T21:00:47,27.5,,,NOISE,2025-01-02T21:00:47,27.5,,,NOISE,2025-01-02T21:00:47,27.5,,,NOISE,2025-01-02T21:00:47,27.5,,,NOISE
2026-03-05T12:50:53.495093,Map-Energy__sum__linear-conv00086-20250103_000047-20250103_060047-25.000000-30.000000.png,2025-01-03T00:00:47,2025-01-03T06:00:47,25.0,30.0,2025-01-03T03:00:47,27.5,,,NOISE,2025-01-03T03:00:47,27.5,,,NOISE,2025-01-03T03:00:47,27.5,,,NOISE,2025-01-03T03:00:47,27.5,,,NOISE
2026-03-05T12:50:54.734944,Map-Energy__sum__linear-conv00096-20250103_060047-20250103_120047-25.000000-30.000000.png,2025-01-03T06:00:47,2025-01-03T12:00:47,25.0,30.0,2025-01-03T09:00:47,27.5,,,NOISE,2025-01-03T09:00:47,27.5,,,NOISE,2025-01-03T09:00:47,27.5,,,NOISE,2025-01-03T09:00:47,27.5,,,NOISE
2026-03-05T12:50:55.862985,Map-Energy__sum__linear-conv00106-20250103_120047-20250103_180047-25.000000-30.000000.png,2025-01-03T12:00:47,2025-01-03T18:00:47,25.0,30.0,2025-01-03T15:00:47,27.5,,,NOISE,2025-01-03T15:00:47,27.5,,,NOISE,2025-01-03T15:00:47,27.5,,,NOISE,2025-01-03T15:00:47,27.5,,,NOISE
2026-03-05T12:50:57.110801,Map-Energy__sum__linear-conv00116-20250103_180047-20250104_000047-25.000000-30.000000.png,2025-01-03T18:00:47,2025-01-04T00:00:47,25.0,30.0,2025-01-03T21:00:47,27.5,,,NOISE,2025-01-03T21:00:47,27.5,,,NOISE,2025-01-03T21:00:47,27.5,,,NOISE,2025-01-03T21:00:47,27.5,,,NOISE
2026-03-05T12:51:04.302838,Map-Energy__sum__linear-conv00126-20250104_000047-20250104_060047-25.000000-30.000000.png,2025-01-04T00:00:47,2025-01-04T06:00:47,25.0,30.0,2025-01-04T02:54:44,25.25879,,,SEISMIC,2025-01-04T03:00:47,27.5,,,NOISE,2025-01-04T03:00:47,27.5,,,NOISE,2025-01-04T03:00:47,27.5,,,NOISE
2026-03-05T12:51:05.798879,Map-Energy__sum__linear-conv00136-20250104_060047-20250104_120047-25.000000-30.000000.png,2025-01-04T06:00:47,2025-01-04T12:00:47,25.0,30.0,2025-01-04T09:00:47,27.5,,,NOISE,2025-01-04T09:00:47,27.5,,,NOISE,2025-01-04T09:00:47,27.5,,,NOISE,2025-01-04T09:00:47,27.5,,,NOISE
2026-03-05T12:51:13.790896,Map-Energy__sum__linear-conv00146-20250104_120047-20250104_180047-25.000000-30.000000.png,2025-01-04T12:00:47,2025-01-04T18:00:47,25.0,30.0,2025-01-04T15:00:47,27.5,,,NOISE,2025-01-04T15:00:47,27.5,,,NOISE,2025-01-04T15:00:47,27.5,,,NOISE,2025-01-04T15:00:47,27.5,,,NOISE
2026-03-05T12:51:14.233028,Map-Energy__sum__linear-conv00156-20250104_180047-20250105_000047-25.000000-30.000000.png,2025-01-04T18:00:47,2025-01-05T00:00:47,25.0,30.0,2025-01-04T21:00:47,27.5,,,NOISE,2025-01-04T21:00:47,27.5,,,NOISE,2025-01-04T21:00:47,27.5,,,NOISE,2025-01-04T21:00:47,27.5,,,NOISE
2026-03-05T12:51:18.526845,Map-Energy__sum__linear-conv00166-20250105_000047-20250105_060047-25.000000-30.000000.png,2025-01-05T00:00:47,2025-01-05T06:00:47,25.0,30.0,2025-01-05T03:00:47,27.5,,,NOISE,2025-01-05T03:00:47,27.5,,,NOISE,2025-01-05T03:00:47,27.5,,,NOISE,2025-01-05T03:00:47,27.5,,,NOISE
2026-03-05T12:51:20.119424,Map-Energy__sum__linear-conv00176-20250105_060047-20250105_120047-25.000000-30.000000.png,2025-01-05T06:00:47,2025-01-05T12:00:47,25.0,30.0,2025-01-05T09:00:47,27.5,,,NOISE,2025-01-05T09:00:47,27.5,,,NOISE,2025-01-05T09:00:47,27.5,,,NOISE,2025-01-05T09:00:47,27.5,,,NOISE
2026-03-05T12:51:21.903757,Map-Energy__sum__linear-conv00186-20250105_120047-20250105_180047-25.000000-30.000000.png,2025-01-05T12:00:47,2025-01-05T18:00:47,25.0,30.0,2025-01-05T15:00:47,27.5,,,NOISE,2025-01-05T15:00:47,27.5,,,NOISE,2025-01-05T15:00:47,27.5,,,NOISE,2025-01-05T15:00:47,27.5,,,NOISE
2026-03-05T12:51:23.279420,Map-Energy__sum__linear-conv00196-20250105_180047-20250106_000047-25.000000-30.000000.png,2025-01-05T18:00:47,2025-01-06T00:00:47,25.0,30.0,2025-01-05T21:00:47,27.5,,,NOISE,2025-01-05T21:00:47,27.5,,,NOISE,2025-01-05T21:00:47,27.5,,,NOISE,2025-01-05T21:00:47,27.5,,,NOISE
2026-03-05T12:51:24.286745,Map-Energy__sum__linear-conv00206-20250106_000047-20250106_060047-25.000000-30.000000.png,2025-01-06T00:00:47,2025-01-06T06:00:47,25.0,30.0,2025-01-06T03:00:47,27.5,,,NOISE,2025-01-06T03:00:47,27.5,,,NOISE,2025-01-06T03:00:47,27.5,,,NOISE,2025-01-06T03:00:47,27.5,,,NOISE
2026-03-05T12:51:25.886767,Map-Energy__sum__linear-conv00216-20250106_060047-20250106_120047-25.000000-30.000000.png,2025-01-06T06:00:47,2025-01-06T12:00:47,25.0,30.0,2025-01-06T09:00:47,27.5,,,NOISE,2025-01-06T09:00:47,27.5,,,NOISE,2025-01-06T09:00:47,27.5,,,NOISE,2025-01-06T09:00:47,27.5,,,NOISE
2026-03-05T12:51:27.231439,Map-Energy__sum__linear-conv00226-20250106_120047-20250106_180047-25.000000-30.000000.png,2025-01-06T12:00:47,2025-01-06T18:00:47,25.0,30.0,2025-01-06T15:00:47,27.5,,,NOISE,2025-01-06T15:00:47,27.5,,,NOISE,2025-01-06T15:00:47,27.5,,,NOISE,2025-01-06T15:00:47,27.5,,,NOISE
2026-03-05T12:51:28.494887,Map-Energy__sum__linear-conv00236-20250106_180047-20250107_000047-25.000000-30.000000.png,2025-01-06T18:00:47,2025-01-07T00:00:47,25.0,30.0,2025-01-06T21:00:47,27.5,,,NOISE,2025-01-06T21:00:47,27.5,,,NOISE,2025-01-06T21:00:47,27.5,,,NOISE,2025-01-06T21:00:47,27.5,,,NOISE
2026-03-05T12:51:35.166837,Map-Energy__sum__linear-conv00246-20250107_000047-20250107_060047-25.000000-30.000000.png,2025-01-07T00:00:47,2025-01-07T06:00:47,25.0,30.0,2025-01-07T03:00:47,27.5,,,NOISE,2025-01-07T03:00:47,27.5,,,NOISE,2025-01-07T03:00:47,27.5,,,NOISE,2025-01-07T03:00:47,27.5,,,NOISE
2026-03-05T12:51:36.374658,Map-Energy__sum__linear-conv00256-20250107_060047-20250107_120047-25.000000-30.000000.png,2025-01-07T06:00:47,2025-01-07T12:00:47,25.0,30.0,2025-01-07T09:00:47,27.5,,,NOISE,2025-01-07T09:00:47,27.5,,,NOISE,2025-01-07T09:00:47,27.5,,,NOISE,2025-01-07T09:00:47,27.5,,,NOISE
2026-03-05T12:51:37.495060,Map-Energy__sum__linear-conv00266-20250107_120047-20250107_180047-25.000000-30.000000.png,2025-01-07T12:00:47,2025-01-07T18:00:47,25.0,30.0,2025-01-07T15:00:47,27.5,,,NOISE,2025-01-07T15:00:47,27.5,,,NOISE,2025-01-07T15:00:47,27.5,,,NOISE,2025-01-07T15:00:47,27.5,,,NOISE
2026-03-05T12:51:38.823076,Map-Energy__sum__linear-conv00276-20250107_180047-20250108_000047-25.000000-30.000000.png,2025-01-07T18:00:47,2025-01-08T00:00:47,25.0,30.0,2025-01-07T21:00:47,27.5,,,NOISE,2025-01-07T21:00:47,27.5,,,NOISE,2025-01-07T21:00:47,27.5,,,NOISE,2025-01-07T21:00:47,27.5,,,NOISE
2026-03-05T12:51:40.054819,Map-Energy__sum__linear-conv00286-20250108_000047-20250108_060047-25.000000-30.000000.png,2025-01-08T00:00:47,2025-01-08T06:00:47,25.0,30.0,2025-01-08T03:00:47,27.5,,,NOISE,2025-01-08T03:00:47,27.5,,,NOISE,2025-01-08T03:00:47,27.5,,,NOISE,2025-01-08T03:00:47,27.5,,,NOISE
2026-03-05T12:51:41.127032,Map-Energy__sum__linear-conv00296-20250108_060047-20250108_120047-25.000000-30.000000.png,2025-01-08T06:00:47,2025-01-08T12:00:47,25.0,30.0,2025-01-08T09:00:47,27.5,,,NOISE,2025-01-08T09:00:47,27.5,,,NOISE,2025-01-08T09:00:47,27.5,,,NOISE,2025-01-08T09:00:47,27.5,,,NOISE
2026-03-05T12:51:43.223124,Map-Energy__sum__linear-conv00306-20250108_120047-20250108_180047-25.000000-30.000000.png,2025-01-08T12:00:47,2025-01-08T18:00:47,25.0,30.0,2025-01-08T15:00:47,27.5,,,NOISE,2025-01-08T15:00:47,27.5,,,NOISE,2025-01-08T15:00:47,27.5,,,NOISE,2025-01-08T15:00:47,27.5,,,NOISE
2026-03-05T12:51:44.599120,Map-Energy__sum__linear-conv00316-20250108_180047-20250109_000047-25.000000-30.000000.png,2025-01-08T18:00:47,2025-01-09T00:00:47,25.0,30.0,2025-01-08T21:00:47,27.5,,,NOISE,2025-01-08T21:00:47,27.5,,,NOISE,2025-01-08T21:00:47,27.5,,,NOISE,2025-01-08T21:00:47,27.5,,,NOISE
2026-03-05T12:51:45.774804,Map-Energy__sum__linear-conv00326-20250109_000047-20250109_060047-25.000000-30.000000.png,2025-01-09T00:00:47,2025-01-09T06:00:47,25.0,30.0,2025-01-09T03:00:47,27.5,,,NOISE,2025-01-09T03:00:47,27.5,,,NOISE,2025-01-09T03:00:47,27.5,,,NOISE,2025-01-09T03:00:47,27.5,,,NOISE
2026-03-05T12:51:47.214874,Map-Energy__sum__linear-conv00336-20250109_060047-20250109_120047-25.000000-30.000000.png,2025-01-09T06:00:47,2025-01-09T12:00:47,25.0,30.0,2025-01-09T09:00:47,27.5,,,NOISE,2025-01-09T09:00:47,27.5,,,NOISE,2025-01-09T09:00:47,27.5,,,NOISE,2025-01-09T09:00:47,27.5,,,NOISE
2026-03-05T12:51:48.222941,Map-Energy__sum__linear-conv00346-20250109_120047-20250109_180047-25.000000-30.000000.png,2025-01-09T12:00:47,2025-01-09T18:00:47,25.0,30.0,2025-01-09T15:00:47,27.5,,,NOISE,2025-01-09T15:00:47,27.5,,,NOISE,2025-01-09T15:00:47,27.5,,,NOISE,2025-01-09T15:00:47,27.5,,,NOISE
2026-03-05T12:51:49.550771,Map-Energy__sum__linear-conv00356-20250109_180047-20250110_000047-25.000000-30.000000.png,2025-01-09T18:00:47,2025-01-10T00:00:47,25.0,30.0,2025-01-09T21:00:47,27.5,,,NOISE,2025-01-09T21:00:47,27.5,,,NOISE,2025-01-09T21:00:47,27.5,,,NOISE,2025-01-09T21:00:47,27.5,,,NOISE
2026-03-05T12:52:14.575344,Map-Energy__sum__linear-conv00366-20250110_000047-20250110_060047-25.000000-30.000000.png,2025-01-10T00:00:47,2025-01-10T06:00:47,25.0,30.0,2025-01-10T03:00:47,27.5,,,NOISE,2025-01-10T03:00:47,27.5,,,NOISE,2025-01-10T03:00:47,27.5,,,NOISE,2025-01-10T03:00:47,27.5,,,NOISE
2026-03-05T12:52:16.295447,Map-Energy__sum__linear-conv00376-20250110_060047-20250110_120047-25.000000-30.000000.png,2025-01-10T06:00:47,2025-01-10T12:00:47,25.0,30.0,2025-01-10T09:00:47,27.5,,,NOISE,2025-01-10T09:00:47,27.5,,,NOISE,2025-01-10T09:00:47,27.5,,,NOISE,2025-01-10T09:00:47,27.5,,,NOISE
2026-03-05T12:52:17.623535,Map-Energy__sum__linear-conv00386-20250110_120047-20250110_180047-25.000000-30.000000.png,2025-01-10T12:00:47,2025-01-10T18:00:47,25.0,30.0,2025-01-10T15:00:47,27.5,,,NOISE,2025-01-10T15:00:47,27.5,,,NOISE,2025-01-10T15:00:47,27.5,,,NOISE,2025-01-10T15:00:47,27.5,,,NOISE
2026-03-05T12:52:18.862895,Map-Energy__sum__linear-conv00396-20250110_180047-20250111_000047-25.000000-30.000000.png,2025-01-10T18:00:47,2025-01-11T00:00:47,25.0,30.0,2025-01-10T21:00:47,27.5,,,NOISE,2025-01-10T21:00:47,27.5,,,NOISE,2025-01-10T21:00:47,27.5,,,NOISE,2025-01-10T21:00:47,27.5,,,NOISE
2026-03-05T12:52:20.110917,Map-Energy__sum__linear-conv00406-20250111_000047-20250111_060047-25.000000-30.000000.png,2025-01-11T00:00:47,2025-01-11T06:00:47,25.0,30.0,2025-01-11T03:00:47,27.5,,,NOISE,2025-01-11T03:00:47,27.5,,,NOISE,2025-01-11T03:00:47,27.5,,,NOISE,2025-01-11T03:00:47,27.5,,,NOISE
2026-03-05T12:52:21.446604,Map-Energy__sum__linear-conv00416-20250111_060047-20250111_120047-25.000000-30.000000.png,2025-01-11T06:00:47,2025-01-11T12:00:47,25.0,30.0,2025-01-11T09:00:47,27.5,,,NOISE,2025-01-11T09:00:47,27.5,,,NOISE,2025-01-11T09:00:47,27.5,,,NOISE,2025-01-11T09:00:47,27.5,,,NOISE
2026-03-05T12:52:22.647019,Map-Energy__sum__linear-conv00426-20250111_120047-20250111_180047-25.000000-30.000000.png,2025-01-11T12:00:47,2025-01-11T18:00:47,25.0,30.0,2025-01-11T15:00:47,27.5,,,NOISE,2025-01-11T15:00:47,27.5,,,NOISE,2025-01-11T15:00:47,27.5,,,NOISE,2025-01-11T15:00:47,27.5,,,NOISE
2026-03-05T12:52:24.231055,Map-Energy__sum__linear-conv00436-20250111_180047-20250112_000047-25.000000-30.000000.png,2025-01-11T18:00:47,2025-01-12T00:00:47,25.0,30.0,2025-01-11T21:00:47,27.5,,,NOISE,2025-01-11T21:00:47,27.5,,,NOISE,2025-01-11T21:00:47,27.5,,,NOISE,2025-01-11T21:00:47,27.5,,,NOISE
2026-03-05T12:52:25.382546,Map-Energy__sum__linear-conv00446-20250112_000047-20250112_060047-25.000000-30.000000.png,2025-01-12T00:00:47,2025-01-12T06:00:47,25.0,30.0,2025-01-12T03:00:47,27.5,,,NOISE,2025-01-12T03:00:47,27.5,,,NOISE,2025-01-12T03:00:47,27.5,,,NOISE,2025-01-12T03:00:47,27.5,,,NOISE
2026-03-05T12:52:26.558766,Map-Energy__sum__linear-conv00456-20250112_060047-20250112_120047-25.000000-30.000000.png,2025-01-12T06:00:47,2025-01-12T12:00:47,25.0,30.0,2025-01-12T09:00:47,27.5,,,NOISE,2025-01-12T09:00:47,27.5,,,NOISE,2025-01-12T09:00:47,27.5,,,NOISE,2025-01-12T09:00:47,27.5,,,NOISE
2026-03-05T12:52:28.230946,Map-Energy__sum__linear-conv00466-20250112_120047-20250112_180047-25.000000-30.000000.png,2025-01-12T12:00:47,2025-01-12T18:00:47,25.0,30.0,2025-01-12T15:00:47,27.5,,,NOISE,2025-01-12T15:00:47,27.5,,,NOISE,2025-01-12T15:00:47,27.5,,,NOISE,2025-01-12T15:00:47,27.5,,,NOISE
2026-03-05T12:52:31.054798,Map-Energy__sum__linear-conv00476-20250112_180047-20250113_000047-25.000000-30.000000.png,2025-01-12T18:00:47,2025-01-13T00:00:47,25.0,30.0,2025-01-12T21:00:47,27.5,,,NOISE,2025-01-12T21:00:47,27.5,,,NOISE,2025-01-12T21:00:47,27.5,,,NOISE,2025-01-12T21:00:47,27.5,,,NOISE
2026-03-05T12:52:32.366980,Map-Energy__sum__linear-conv00486-20250113_000047-20250113_060047-25.000000-30.000000.png,2025-01-13T00:00:47,2025-01-13T06:00:47,25.0,30.0,2025-01-13T03:00:47,27.5,,,NOISE,2025-01-13T03:00:47,27.5,,,NOISE,2025-01-13T03:00:47,27.5,,,NOISE,2025-01-13T03:00:47,27.5,,,NOISE
2026-03-05T12:52:34.991421,Map-Energy__sum__linear-conv00496-20250113_060047-20250113_120047-25.000000-30.000000.png,2025-01-13T06:00:47,2025-01-13T12:00:47,25.0,30.0,2025-01-13T09:00:47,27.5,,,NOISE,2025-01-13T09:00:47,27.5,,,NOISE,2025-01-13T09:00:47,27.5,,,NOISE,2025-01-13T09:00:47,27.5,,,NOISE
2026-03-05T12:52:36.918759,Map-Energy__sum__linear-conv00506-20250113_120047-20250113_180047-25.000000-30.000000.png,2025-01-13T12:00:47,2025-01-13T18:00:47,25.0,30.0,2025-01-13T15:00:47,27.5,,,NOISE,2025-01-13T15:00:47,27.5,,,NOISE,2025-01-13T15:00:47,27.5,,,NOISE,2025-01-13T15:00:47,27.5,,,NOISE
2026-03-05T12:52:38.134601,Map-Energy__sum__linear-conv00516-20250113_180047-20250114_000047-25.000000-30.000000.png,2025-01-13T18:00:47,2025-01-14T00:00:47,25.0,30.0,2025-01-13T21:00:47,27.5,,,NOISE,2025-01-13T21:00:47,27.5,,,NOISE,2025-01-13T21:00:47,27.5,,,NOISE,2025-01-13T21:00:47,27.5,,,NOISE
2026-03-05T12:52:42.342876,Map-Energy__sum__linear-conv00526-20250114_000047-20250114_060047-25.000000-30.000000.png,2025-01-14T00:00:47,2025-01-14T06:00:47,25.0,30.0,2025-01-14T03:00:47,27.5,,,NOISE,2025-01-14T03:00:47,27.5,,,NOISE,2025-01-14T03:00:47,27.5,,,NOISE,2025-01-14T03:00:47,27.5,,,NOISE
2026-03-05T12:52:43.710604,Map-Energy__sum__linear-conv00536-20250114_060047-20250114_120047-25.000000-30.000000.png,2025-01-14T06:00:47,2025-01-14T12:00:47,25.0,30.0,2025-01-14T09:00:47,27.5,,,NOISE,2025-01-14T09:00:47,27.5,,,NOISE,2025-01-14T09:00:47,27.5,,,NOISE,2025-01-14T09:00:47,27.5,,,NOISE
2026-03-05T12:52:45.318973,Map-Energy__sum__linear-conv00546-20250114_120047-20250114_180047-25.000000-30.000000.png,2025-01-14T12:00:47,2025-01-14T18:00:47,25.0,30.0,2025-01-14T15:00:47,27.5,,,NOISE,2025-01-14T15:00:47,27.5,,,NOISE,2025-01-14T15:00:47,27.5,,,NOISE,2025-01-14T15:00:47,27.5,,,NOISE
2026-03-05T12:52:46.590730,Map-Energy__sum__linear-conv00556-20250114_180047-20250115_000047-25.000000-30.000000.png,2025-01-14T18:00:47,2025-01-15T00:00:47,25.0,30.0,2025-01-14T21:00:47,27.5,,,NOISE,2025-01-14T21:00:47,27.5,,,NOISE,2025-01-14T21:00:47,27.5,,,NOISE,2025-01-14T21:00:47,27.5,,,NOISE
2026-03-05T12:52:47.798709,Map-Energy__sum__linear-conv00566-20250115_000047-20250115_060047-25.000000-30.000000.png,2025-01-15T00:00:47,2025-01-15T06:00:47,25.0,30.0,2025-01-15T03:00:47,27.5,,,NOISE,2025-01-15T03:00:47,27.5,,,NOISE,2025-01-15T03:00:47,27.5,,,NOISE,2025-01-15T03:00:47,27.5,,,NOISE
2026-03-05T12:52:48.870800,Map-Energy__sum__linear-conv00576-20250115_060047-20250115_120047-25.000000-30.000000.png,2025-01-15T06:00:47,2025-01-15T12:00:47,25.0,30.0,2025-01-15T09:00:47,27.5,,,NOISE,2025-01-15T09:00:47,27.5,,,NOISE,2025-01-15T09:00:47,27.5,,,NOISE,2025-01-15T09:00:47,27.5,,,NOISE
2026-03-05T12:52:50.214618,Map-Energy__sum__linear-conv00586-20250115_120047-20250115_180047-25.000000-30.000000.png,2025-01-15T12:00:47,2025-01-15T18:00:47,25.0,30.0,2025-01-15T15:00:47,27.5,,,NOISE,2025-01-15T15:00:47,27.5,,,NOISE,2025-01-15T15:00:47,27.5,,,NOISE,2025-01-15T15:00:47,27.5,,,NOISE
2026-03-05T12:52:51.510841,Map-Energy__sum__linear-conv00596-20250115_180047-20250116_000047-25.000000-30.000000.png,2025-01-15T18:00:47,2025-01-16T00:00:47,25.0,30.0,2025-01-15T21:00:47,27.5,,,NOISE,2025-01-15T21:00:47,27.5,,,NOISE,2025-01-15T21:00:47,27.5,,,NOISE,2025-01-15T21:00:47,27.5,,,NOISE
2026-03-05T12:53:01.326520,Map-Energy__sum__linear-conv00606-20250116_000047-20250116_060047-25.000000-30.000000.png,2025-01-16T00:00:47,2025-01-16T06:00:47,25.0,30.0,2025-01-16T01:57:51,26.900788,,,VESSEL,2025-01-16T03:00:47,27.5,,,NOISE,2025-01-16T03:00:47,27.5,,,NOISE,2025-01-16T03:00:47,27.5,,,NOISE
2026-03-05T12:53:03.271445,Map-Energy__sum__linear-conv00616-20250116_060047-20250116_120047-25.000000-30.000000.png,2025-01-16T06:00:47,2025-01-16T12:00:47,25.0,30.0,2025-01-16T09:00:47,27.5,,,NOISE,2025-01-16T09:00:47,27.5,,,NOISE,2025-01-16T09:00:47,27.5,,,NOISE,2025-01-16T09:00:47,27.5,,,NOISE
2026-03-05T12:53:07.182686,Map-Energy__sum__linear-conv00626-20250116_120047-20250116_180047-25.000000-30.000000.png,2025-01-16T12:00:47,2025-01-16T18:00:47,25.0,30.0,2025-01-16T15:00:47,27.5,,,NOISE,2025-01-16T15:00:47,27.5,,,NOISE,2025-01-16T15:00:47,27.5,,,NOISE,2025-01-16T15:00:47,27.5,,,NOISE
2026-03-05T12:53:29.150980,Map-Energy__sum__linear-conv00636-20250116_180047-20250117_000047-25.000000-30.000000.png,2025-01-16T18:00:47,2025-01-17T00:00:47,25.0,30.0,2025-01-16T20:58:33,27.5,,,OTHER,2025-01-16T21:00:47,27.5,,,NOISE,2025-01-16T21:00:47,27.5,,,NOISE,2025-01-16T21:00:47,27.5,,,NOISE
2026-03-05T12:53:32.286566,Map-Energy__sum__linear-conv00646-20250117_000047-20250117_060047-25.000000-30.000000.png,2025-01-17T00:00:47,2025-01-17T06:00:47,25.0,30.0,2025-01-17T03:00:47,27.5,,,NOISE,2025-01-17T03:00:47,27.5,,,NOISE,2025-01-17T03:00:47,27.5,,,NOISE,2025-01-17T03:00:47,27.5,,,NOISE
2026-03-05T12:53:36.558614,Map-Energy__sum__linear-conv00656-20250117_060047-20250117_120047-25.000000-30.000000.png,2025-01-17T06:00:47,2025-01-17T12:00:47,25.0,30.0,2025-01-17T09:00:47,27.5,,,NOISE,2025-01-17T09:00:47,27.5,,,NOISE,2025-01-17T09:00:47,27.5,,,NOISE,2025-01-17T09:00:47,27.5,,,NOISE
2026-03-05T12:53:38.399374,Map-Energy__sum__linear-conv00666-20250117_120047-20250117_180047-25.000000-30.000000.png,2025-01-17T12:00:47,2025-01-17T18:00:47,25.0,30.0,2025-01-17T15:00:47,27.5,,,NOISE,2025-01-17T15:00:47,27.5,,,NOISE,2025-01-17T15:00:47,27.5,,,NOISE,2025-01-17T15:00:47,27.5,,,NOISE
2026-03-05T12:53:39.982719,Map-Energy__sum__linear-conv00676-20250117_180047-20250118_000047-25.000000-30.000000.png,2025-01-17T18:00:47,2025-01-18T00:00:47,25.0,30.0,2025-01-17T21:00:47,27.5,,,NOISE,2025-01-17T21:00:47,27.5,,,NOISE,2025-01-17T21:00:47,27.5,,,NOISE,2025-01-17T21:00:47,27.5,,,NOISE
2026-03-05T12:53:41.422746,Map-Energy__sum__linear-conv00686-20250118_000047-20250118_060047-25.000000-30.000000.png,2025-01-18T00:00:47,2025-01-18T06:00:47,25.0,30.0,2025-01-18T03:00:47,27.5,,,NOISE,2025-01-18T03:00:47,27.5,,,NOISE,2025-01-18T03:00:47,27.5,,,NOISE,2025-01-18T03:00:47,27.5,,,NOISE
2026-03-05T12:53:44.230930,Map-Energy__sum__linear-conv00696-20250118_060047-20250118_120047-25.000000-30.000000.png,2025-01-18T06:00:47,2025-01-18T12:00:47,25.0,30.0,2025-01-18T09:00:47,27.5,,,NOISE,2025-01-18T09:00:47,27.5,,,NOISE,2025-01-18T09:00:47,27.5,,,NOISE,2025-01-18T09:00:47,27.5,,,NOISE
2026-03-05T12:53:45.807071,Map-Energy__sum__linear-conv00706-20250118_120047-20250118_180047-25.000000-30.000000.png,2025-01-18T12:00:47,2025-01-18T18:00:47,25.0,30.0,2025-01-18T15:00:47,27.5,,,NOISE,2025-01-18T15:00:47,27.5,,,NOISE,2025-01-18T15:00:47,27.5,,,NOISE,2025-01-18T15:00:47,27.5,,,NOISE
2026-03-05T12:53:46.998777,Map-Energy__sum__linear-conv00716-20250118_180047-20250119_000047-25.000000-30.000000.png,2025-01-18T18:00:47,2025-01-19T00:00:47,25.0,30.0,2025-01-18T21:00:47,27.5,,,NOISE,2025-01-18T21:00:47,27.5,,,NOISE,2025-01-18T21:00:47,27.5,,,NOISE,2025-01-18T21:00:47,27.5,,,NOISE
2026-03-05T12:53:48.158659,Map-Energy__sum__linear-conv00726-20250119_000047-20250119_060047-25.000000-30.000000.png,2025-01-19T00:00:47,2025-01-19T06:00:47,25.0,30.0,2025-01-19T03:00:47,27.5,,,NOISE,2025-01-19T03:00:47,27.5,,,NOISE,2025-01-19T03:00:47,27.5,,,NOISE,2025-01-19T03:00:47,27.5,,,NOISE
2026-03-05T12:53:49.214643,Map-Energy__sum__linear-conv00736-20250119_060047-20250119_120047-25.000000-30.000000.png,2025-01-19T06:00:47,2025-01-19T12:00:47,25.0,30.0,2025-01-19T09:00:47,27.5,,,NOISE,2025-01-19T09:00:47,27.5,,,NOISE,2025-01-19T09:00:47,27.5,,,NOISE,2025-01-19T09:00:47,27.5,,,NOISE
2026-03-05T12:53:50.350604,Map-Energy__sum__linear-conv00746-20250119_120047-20250119_180047-25.000000-30.000000.png,2025-01-19T12:00:47,2025-01-19T18:00:47,25.0,30.0,2025-01-19T15:00:47,27.5,,,NOISE,2025-01-19T15:00:47,27.5,,,NOISE,2025-01-19T15:00:47,27.5,,,NOISE,2025-01-19T15:00:47,27.5,,,NOISE
2026-03-05T12:53:51.486973,Map-Energy__sum__linear-conv00756-20250119_180047-20250120_000047-25.000000-30.000000.png,2025-01-19T18:00:47,2025-01-20T00:00:47,25.0,30.0,2025-01-19T21:00:47,27.5,,,NOISE,2025-01-19T21:00:47,27.5,,,NOISE,2025-01-19T21:00:47,27.5,,,NOISE,2025-01-19T21:00:47,27.5,,,NOISE
2026-03-05T12:53:52.630657,Map-Energy__sum__linear-conv00766-20250120_000047-20250120_060047-25.000000-30.000000.png,2025-01-20T00:00:47,2025-01-20T06:00:47,25.0,30.0,2025-01-20T03:00:47,27.5,,,NOISE,2025-01-20T03:00:47,27.5,,,NOISE,2025-01-20T03:00:47,27.5,,,NOISE,2025-01-20T03:00:47,27.5,,,NOISE
2026-03-05T12:53:53.934570,Map-Energy__sum__linear-conv00776-20250120_060047-20250120_120047-25.000000-30.000000.png,2025-01-20T06:00:47,2025-01-20T12:00:47,25.0,30.0,2025-01-20T09:00:47,27.5,,,NOISE,2025-01-20T09:00:47,27.5,,,NOISE,2025-01-20T09:00:47,27.5,,,NOISE,2025-01-20T09:00:47,27.5,,,NOISE
2026-03-05T12:53:57.030590,Map-Energy__sum__linear-conv00786-20250120_120047-20250120_180047-25.000000-30.000000.png,2025-01-20T12:00:47,2025-01-20T18:00:47,25.0,30.0,2025-01-20T15:00:47,27.5,,,NOISE,2025-01-20T15:00:47,27.5,,,NOISE,2025-01-20T15:00:47,27.5,,,NOISE,2025-01-20T15:00:47,27.5,,,NOISE
2026-03-05T12:53:58.294495,Map-Energy__sum__linear-conv00796-20250120_180047-20250121_000047-25.000000-30.000000.png,2025-01-20T18:00:47,2025-01-21T00:00:47,25.0,30.0,2025-01-20T21:00:47,27.5,,,NOISE,2025-01-20T21:00:47,27.5,,,NOISE,2025-01-20T21:00:47,27.5,,,NOISE,2025-01-20T21:00:47,27.5,,,NOISE
2026-03-05T12:54:11.742944,Map-Energy__sum__linear-conv00806-20250121_000047-20250121_060047-25.000000-30.000000.png,2025-01-21T00:00:47,2025-01-21T06:00:47,25.0,30.0,2025-01-21T02:59:49,25.663453,,,OTHER,2025-01-21T03:00:47,27.5,,,NOISE,2025-01-21T03:00:47,27.5,,,NOISE,2025-01-21T03:00:47,27.5,,,NOISE
2026-03-05T12:54:34.638560,Map-Energy__sum__linear-conv00816-20250121_060047-20250121_120047-25.000000-30.000000.png,2025-01-21T06:00:47,2025-01-21T12:00:47,25.0,30.0,2025-01-21T07:41:20,26.184845,,,VESSEL,2025-01-21T09:00:47,27.5,,,NOISE,2025-01-21T09:00:47,27.5,,,NOISE,2025-01-21T09:00:47,27.5,,,NOISE
2026-03-05T12:54:37.350469,Map-Energy__sum__linear-conv00826-20250121_120047-20250121_180047-25.000000-30.000000.png,2025-01-21T12:00:47,2025-01-21T18:00:47,25.0,30.0,2025-01-21T15:00:47,27.5,,,NOISE,2025-01-21T15:00:47,27.5,,,NOISE,2025-01-21T15:00:47,27.5,,,NOISE,2025-01-21T15:00:47,27.5,,,NOISE
2026-03-05T12:54:38.766508,Map-Energy__sum__linear-conv00836-20250121_180047-20250122_000047-25.000000-30.000000.png,2025-01-21T18:00:47,2025-01-22T00:00:47,25.0,30.0,2025-01-21T21:00:47,27.5,,,NOISE,2025-01-21T21:00:47,27.5,,,NOISE,2025-01-21T21:00:47,27.5,,,NOISE,2025-01-21T21:00:47,27.5,,,NOISE
2026-03-05T12:54:39.870676,Map-Energy__sum__linear-conv00846-20250122_000047-20250122_060047-25.000000-30.000000.png,2025-01-22T00:00:47,2025-01-22T06:00:47,25.0,30.0,2025-01-22T03:00:47,27.5,,,NOISE,2025-01-22T03:00:47,27.5,,,NOISE,2025-01-22T03:00:47,27.5,,,NOISE,2025-01-22T03:00:47,27.5,,,NOISE
2026-03-05T12:54:41.118702,Map-Energy__sum__linear-conv00856-20250122_060047-20250122_120047-25.000000-30.000000.png,2025-01-22T06:00:47,2025-01-22T12:00:47,25.0,30.0,2025-01-22T09:00:47,27.5,,,NOISE,2025-01-22T09:00:47,27.5,,,NOISE,2025-01-22T09:00:47,27.5,,,NOISE,2025-01-22T09:00:47,27.5,,,NOISE
2026-03-05T12:54:42.150558,Map-Energy__sum__linear-conv00866-20250122_120047-20250122_180047-25.000000-30.000000.png,2025-01-22T12:00:47,2025-01-22T18:00:47,25.0,30.0,2025-01-22T15:00:47,27.5,,,NOISE,2025-01-22T15:00:47,27.5,,,NOISE,2025-01-22T15:00:47,27.5,,,NOISE,2025-01-22T15:00:47,27.5,,,NOISE
2026-03-05T12:54:43.342572,Map-Energy__sum__linear-conv00876-20250122_180047-20250123_000047-25.000000-30.000000.png,2025-01-22T18:00:47,2025-01-23T00:00:47,25.0,30.0,2025-01-22T21:00:47,27.5,,,NOISE,2025-01-22T21:00:47,27.5,,,NOISE,2025-01-22T21:00:47,27.5,,,NOISE,2025-01-22T21:00:47,27.5,,,NOISE
2026-03-05T12:54:44.646785,Map-Energy__sum__linear-conv00886-20250123_000047-20250123_060047-25.000000-30.000000.png,2025-01-23T00:00:47,2025-01-23T06:00:47,25.0,30.0,2025-01-23T03:00:47,27.5,,,NOISE,2025-01-23T03:00:47,27.5,,,NOISE,2025-01-23T03:00:47,27.5,,,NOISE,2025-01-23T03:00:47,27.5,,,NOISE
2026-03-05T12:54:45.903654,Map-Energy__sum__linear-conv00896-20250123_060047-20250123_120047-25.000000-30.000000.png,2025-01-23T06:00:47,2025-01-23T12:00:47,25.0,30.0,2025-01-23T09:00:47,27.5,,,NOISE,2025-01-23T09:00:47,27.5,,,NOISE,2025-01-23T09:00:47,27.5,,,NOISE,2025-01-23T09:00:47,27.5,,,NOISE
2026-03-05T12:54:47.374617,Map-Energy__sum__linear-conv00906-20250123_120047-20250123_180047-25.000000-30.000000.png,2025-01-23T12:00:47,2025-01-23T18:00:47,25.0,30.0,2025-01-23T15:00:47,27.5,,,NOISE,2025-01-23T15:00:47,27.5,,,NOISE,2025-01-23T15:00:47,27.5,,,NOISE,2025-01-23T15:00:47,27.5,,,NOISE
2026-03-05T12:54:48.654439,Map-Energy__sum__linear-conv00916-20250123_180047-20250124_000047-25.000000-30.000000.png,2025-01-23T18:00:47,2025-01-24T00:00:47,25.0,30.0,2025-01-23T21:00:47,27.5,,,NOISE,2025-01-23T21:00:47,27.5,,,NOISE,2025-01-23T21:00:47,27.5,,,NOISE,2025-01-23T21:00:47,27.5,,,NOISE
2026-03-05T12:54:50.878473,Map-Energy__sum__linear-conv00926-20250124_000047-20250124_060047-25.000000-30.000000.png,2025-01-24T00:00:47,2025-01-24T06:00:47,25.0,30.0,2025-01-24T03:00:47,27.5,,,NOISE,2025-01-24T03:00:47,27.5,,,NOISE,2025-01-24T03:00:47,27.5,,,NOISE,2025-01-24T03:00:47,27.5,,,NOISE
2026-03-05T12:54:51.974843,Map-Energy__sum__linear-conv00936-20250124_060047-20250124_120047-25.000000-30.000000.png,2025-01-24T06:00:47,2025-01-24T12:00:47,25.0,30.0,2025-01-24T09:00:47,27.5,,,NOISE,2025-01-24T09:00:47,27.5,,,NOISE,2025-01-24T09:00:47,27.5,,,NOISE,2025-01-24T09:00:47,27.5,,,NOISE
2026-03-05T12:54:53.134576,Map-Energy__sum__linear-conv00946-20250124_120047-20250124_180047-25.000000-30.000000.png,2025-01-24T12:00:47,2025-01-24T18:00:47,25.0,30.0,2025-01-24T15:00:47,27.5,,,NOISE,2025-01-24T15:00:47,27.5,,,NOISE,2025-01-24T15:00:47,27.5,,,NOISE,2025-01-24T15:00:47,27.5,,,NOISE
2026-03-05T12:54:54.262479,Map-Energy__sum__linear-conv00956-20250124_180047-20250125_000047-25.000000-30.000000.png,2025-01-24T18:00:47,2025-01-25T00:00:47,25.0,30.0,2025-01-24T21:00:47,27.5,,,NOISE,2025-01-24T21:00:47,27.5,,,NOISE,2025-01-24T21:00:47,27.5,,,NOISE,2025-01-24T21:00:47,27.5,,,NOISE
2026-03-05T12:54:55.830860,Map-Energy__sum__linear-conv00966-20250125_000047-20250125_060047-25.000000-30.000000.png,2025-01-25T00:00:47,2025-01-25T06:00:47,25.0,30.0,2025-01-25T03:00:47,27.5,,,NOISE,2025-01-25T03:00:47,27.5,,,NOISE,2025-01-25T03:00:47,27.5,,,NOISE,2025-01-25T03:00:47,27.5,,,NOISE
2026-03-05T12:54:56.950522,Map-Energy__sum__linear-conv00976-20250125_060047-20250125_120047-25.000000-30.000000.png,2025-01-25T06:00:47,2025-01-25T12:00:47,25.0,30.0,2025-01-25T09:00:47,27.5,,,NOISE,2025-01-25T09:00:47,27.5,,,NOISE,2025-01-25T09:00:47,27.5,,,NOISE,2025-01-25T09:00:47,27.5,,,NOISE
2026-03-05T12:54:58.063484,Map-Energy__sum__linear-conv00986-20250125_120047-20250125_180047-25.000000-30.000000.png,2025-01-25T12:00:47,2025-01-25T18:00:47,25.0,30.0,2025-01-25T15:00:47,27.5,,,NOISE,2025-01-25T15:00:47,27.5,,,NOISE,2025-01-25T15:00:47,27.5,,,NOISE,2025-01-25T15:00:47,27.5,,,NOISE
2026-03-05T12:54:59.406612,Map-Energy__sum__linear-conv00996-20250125_180047-20250126_000047-25.000000-30.000000.png,2025-01-25T18:00:47,2025-01-26T00:00:47,25.0,30.0,2025-01-25T21:00:47,27.5,,,NOISE,2025-01-25T21:00:47,27.5,,,NOISE,2025-01-25T21:00:47,27.5,,,NOISE,2025-01-25T21:00:47,27.5,,,NOISE
2026-03-05T12:55:00.662517,Map-Energy__sum__linear-conv01006-20250126_000047-20250126_060047-25.000000-30.000000.png,2025-01-26T00:00:47,2025-01-26T06:00:47,25.0,30.0,2025-01-26T03:00:47,27.5,,,NOISE,2025-01-26T03:00:47,27.5,,,NOISE,2025-01-26T03:00:47,27.5,,,NOISE,2025-01-26T03:00:47,27.5,,,NOISE
2026-03-05T12:55:01.646541,Map-Energy__sum__linear-conv01016-20250126_060047-20250126_120047-25.000000-30.000000.png,2025-01-26T06:00:47,2025-01-26T12:00:47,25.0,30.0,2025-01-26T09:00:47,27.5,,,NOISE,2025-01-26T09:00:47,27.5,,,NOISE,2025-01-26T09:00:47,27.5,,,NOISE,2025-01-26T09:00:47,27.5,,,NOISE
2026-03-05T12:55:02.718461,Map-Energy__sum__linear-conv01026-20250126_120047-20250126_180047-25.000000-30.000000.png,2025-01-26T12:00:47,2025-01-26T18:00:47,25.0,30.0,2025-01-26T15:00:47,27.5,,,NOISE,2025-01-26T15:00:47,27.5,,,NOISE,2025-01-26T15:00:47,27.5,,,NOISE,2025-01-26T15:00:47,27.5,,,NOISE
2026-03-05T12:55:03.807855,Map-Energy__sum__linear-conv01036-20250126_180047-20250127_000047-25.000000-30.000000.png,2025-01-26T18:00:47,2025-01-27T00:00:47,25.0,30.0,2025-01-26T21:00:47,27.5,,,NOISE,2025-01-26T21:00:47,27.5,,,NOISE,2025-01-26T21:00:47,27.5,,,NOISE,2025-01-26T21:00:47,27.5,,,NOISE
2026-03-05T12:55:05.134632,Map-Energy__sum__linear-conv01046-20250127_000047-20250127_060047-25.000000-30.000000.png,2025-01-27T00:00:47,2025-01-27T06:00:47,25.0,30.0,2025-01-27T03:00:47,27.5,,,NOISE,2025-01-27T03:00:47,27.5,,,NOISE,2025-01-27T03:00:47,27.5,,,NOISE,2025-01-27T03:00:47,27.5,,,NOISE
2026-03-05T12:55:06.478334,Map-Energy__sum__linear-conv01056-20250127_060047-20250127_120047-25.000000-30.000000.png,2025-01-27T06:00:47,2025-01-27T12:00:47,25.0,30.0,2025-01-27T09:00:47,27.5,,,NOISE,2025-01-27T09:00:47,27.5,,,NOISE,2025-01-27T09:00:47,27.5,,,NOISE,2025-01-27T09:00:47,27.5,,,NOISE
2026-03-05T12:55:07.678491,Map-Energy__sum__linear-conv01066-20250127_120047-20250127_180047-25.000000-30.000000.png,2025-01-27T12:00:47,2025-01-27T18:00:47,25.0,30.0,2025-01-27T15:00:47,27.5,,,NOISE,2025-01-27T15:00:47,27.5,,,NOISE,2025-01-27T15:00:47,27.5,,,NOISE,2025-01-27T15:00:47,27.5,,,NOISE
2026-03-05T12:55:20.454378,Map-Energy__sum__linear-conv01076-20250127_180047-20250128_000047-25.000000-30.000000.png,2025-01-27T18:00:47,2025-01-28T00:00:47,25.0,30.0,2025-01-27T21:46:32,26.682892,,,OTHER,2025-01-27T21:00:47,27.5,,,NOISE,2025-01-27T21:00:47,27.5,,,NOISE,2025-01-27T21:00:47,27.5,,,NOISE
2026-03-05T12:55:21.902716,Map-Energy__sum__linear-conv01086-20250128_000047-20250128_060047-25.000000-30.000000.png,2025-01-28T00:00:47,2025-01-28T06:00:47,25.0,30.0,2025-01-28T03:00:47,27.5,,,NOISE,2025-01-28T03:00:47,27.5,,,NOISE,2025-01-28T03:00:47,27.5,,,NOISE,2025-01-28T03:00:47,27.5,,,NOISE
2026-03-05T12:55:23.598739,Map-Energy__sum__linear-conv01096-20250128_060047-20250128_120047-25.000000-30.000000.png,2025-01-28T06:00:47,2025-01-28T12:00:47,25.0,30.0,2025-01-28T09:00:47,27.5,,,NOISE,2025-01-28T09:00:47,27.5,,,NOISE,2025-01-28T09:00:47,27.5,,,NOISE,2025-01-28T09:00:47,27.5,,,NOISE
2026-03-05T12:55:25.494465,Map-Energy__sum__linear-conv01106-20250128_120047-20250128_180047-25.000000-30.000000.png,2025-01-28T12:00:47,2025-01-28T18:00:47,25.0,30.0,2025-01-28T15:00:47,27.5,,,NOISE,2025-01-28T15:00:47,27.5,,,NOISE,2025-01-28T15:00:47,27.5,,,NOISE,2025-01-28T15:00:47,27.5,,,NOISE
2026-03-05T12:55:27.094569,Map-Energy__sum__linear-conv01116-20250128_180047-20250129_000047-25.000000-30.000000.png,2025-01-28T18:00:47,2025-01-29T00:00:47,25.0,30.0,2025-01-28T21:00:47,27.5,,,NOISE,2025-01-28T21:00:47,27.5,,,NOISE,2025-01-28T21:00:47,27.5,,,NOISE,2025-01-28T21:00:47,27.5,,,NOISE
2026-03-05T12:55:28.174546,Map-Energy__sum__linear-conv01126-20250129_000047-20250129_060047-25.000000-30.000000.png,2025-01-29T00:00:47,2025-01-29T06:00:47,25.0,30.0,2025-01-29T03:00:47,27.5,,,NOISE,2025-01-29T03:00:47,27.5,,,NOISE,2025-01-29T03:00:47,27.5,,,NOISE,2025-01-29T03:00:47,27.5,,,NOISE
2026-03-05T12:55:29.110519,Map-Energy__sum__linear-conv01136-20250129_060047-20250129_120047-25.000000-30.000000.png,2025-01-29T06:00:47,2025-01-29T12:00:47,25.0,30.0,2025-01-29T09:00:47,27.5,,,NOISE,2025-01-29T09:00:47,27.5,,,NOISE,2025-01-29T09:00:47,27.5,,,NOISE,2025-01-29T09:00:47,27.5,,,NOISE
2026-03-05T12:55:30.110583,Map-Energy__sum__linear-conv01146-20250129_120047-20250129_180047-25.000000-30.000000.png,2025-01-29T12:00:47,2025-01-29T18:00:47,25.0,30.0,2025-01-29T15:00:47,27.5,,,NOISE,2025-01-29T15:00:47,27.5,,,NOISE,2025-01-29T15:00:47,27.5,,,NOISE,2025-01-29T15:00:47,27.5,,,NOISE
2026-03-05T12:55:31.230527,Map-Energy__sum__linear-conv01156-20250129_180047-20250130_000047-25.000000-30.000000.png,2025-01-29T18:00:47,2025-01-30T00:00:47,25.0,30.0,2025-01-29T21:00:47,27.5,,,NOISE,2025-01-29T21:00:47,27.5,,,NOISE,2025-01-29T21:00:47,27.5,,,NOISE,2025-01-29T21:00:47,27.5,,,NOISE
2026-03-05T12:55:33.302530,Map-Energy__sum__linear-conv01166-20250130_000047-20250130_060047-25.000000-30.000000.png,2025-01-30T00:00:47,2025-01-30T06:00:47,25.0,30.0,2025-01-30T03:00:47,27.5,,,NOISE,2025-01-30T03:00:47,27.5,,,NOISE,2025-01-30T03:00:47,27.5,,,NOISE,2025-01-30T03:00:47,27.5,,,NOISE
2026-03-05T12:55:34.742698,Map-Energy__sum__linear-conv01176-20250130_060047-20250130_120047-25.000000-30.000000.png,2025-01-30T06:00:47,2025-01-30T12:00:47,25.0,30.0,2025-01-30T09:00:47,27.5,,,NOISE,2025-01-30T09:00:47,27.5,,,NOISE,2025-01-30T09:00:47,27.5,,,NOISE,2025-01-30T09:00:47,27.5,,,NOISE
2026-03-05T12:55:35.782666,Map-Energy__sum__linear-conv01186-20250130_120047-20250130_180047-25.000000-30.000000.png,2025-01-30T12:00:47,2025-01-30T18:00:47,25.0,30.0,2025-01-30T15:00:47,27.5,,,NOISE,2025-01-30T15:00:47,27.5,,,NOISE,2025-01-30T15:00:47,27.5,,,NOISE,2025-01-30T15:00:47,27.5,,,NOISE
2026-03-05T12:55:36.710301,Map-Energy__sum__linear-conv01196-20250130_180047-20250131_000047-25.000000-30.000000.png,2025-01-30T18:00:47,2025-01-31T00:00:47,25.0,30.0,2025-01-30T21:00:47,27.5,,,NOISE,2025-01-30T21:00:47,27.5,,,NOISE,2025-01-30T21:00:47,27.5,,,NOISE,2025-01-30T21:00:47,27.5,,,NOISE
2026-03-05T12:55:37.662490,Map-Energy__sum__linear-conv01206-20250131_000047-20250131_060047-25.000000-30.000000.png,2025-01-31T00:00:47,2025-01-31T06:00:47,25.0,30.0,2025-01-31T03:00:47,27.5,,,NOISE,2025-01-31T03:00:47,27.5,,,NOISE,2025-01-31T03:00:47,27.5,,,NOISE,2025-01-31T03:00:47,27.5,,,NOISE
2026-03-05T12:55:38.566516,Map-Energy__sum__linear-conv01216-20250131_060047-20250131_120047-25.000000-30.000000.png,2025-01-31T06:00:47,2025-01-31T12:00:47,25.0,30.0,2025-01-31T09:00:47,27.5,,,NOISE,2025-01-31T09:00:47,27.5,,,NOISE,2025-01-31T09:00:47,27.5,,,NOISE,2025-01-31T09:00:47,27.5,,,NOISE
2026-03-05T12:55:39.478472,Map-Energy__sum__linear-conv01226-20250131_120047-20250131_180047-25.000000-30.000000.png,2025-01-31T12:00:47,2025-01-31T18:00:47,25.0,30.0,2025-01-31T15:00:47,27.5,,,NOISE,2025-01-31T15:00:47,27.5,,,NOISE,2025-01-31T15:00:47,27.5,,,NOISE,2025-01-31T15:00:47,27.5,,,NOISE
2026-03-05T12:55:40.327017,Map-Energy__sum__linear-conv01236-20250131_180047-20250201_000047-25.000000-30.000000.png,2025-01-31T18:00:47,2025-02-01T00:00:47,25.0,30.0,2025-01-31T21:00:47,27.5,,,NOISE,2025-01-31T21:00:47,27.5,,,NOISE,2025-01-31T21:00:47,27.5,,,NOISE,2025-01-31T21:00:47,27.5,,,NOISE
2026-03-05T12:55:41.374868,Map-Energy__sum__linear-conv00007-20250101_000047-20250101_060047-30.000000-35.000000.png,2025-01-01T00:00:47,2025-01-01T06:00:47,30.0,35.0,2025-01-01T03:00:47,32.5,,,NOISE,2025-01-01T03:00:47,32.5,,,NOISE,2025-01-01T03:00:47,32.5,,,NOISE,2025-01-01T03:00:47,32.5,,,NOISE
2026-03-05T12:55:42.646578,Map-Energy__sum__linear-conv00017-20250101_060047-20250101_120047-30.000000-35.000000.png,2025-01-01T06:00:47,2025-01-01T12:00:47,30.0,35.0,2025-01-01T09:00:47,32.5,,,NOISE,2025-01-01T09:00:47,32.5,,,NOISE,2025-01-01T09:00:47,32.5,,,NOISE,2025-01-01T09:00:47,32.5,,,NOISE
2026-03-05T12:55:52.430350,Map-Energy__sum__linear-conv00027-20250101_120047-20250101_180047-30.000000-35.000000.png,2025-01-01T12:00:47,2025-01-01T18:00:47,30.0,35.0,2025-01-01T14:29:57,32.61673,,,SEISMIC,2025-01-01T15:00:47,32.5,,,NOISE,2025-01-01T15:00:47,32.5,,,NOISE,2025-01-01T15:00:47,32.5,,,NOISE
2026-03-05T12:55:53.526432,Map-Energy__sum__linear-conv00037-20250101_180047-20250102_000047-30.000000-35.000000.png,2025-01-01T18:00:47,2025-01-02T00:00:47,30.0,35.0,2025-01-01T21:00:47,32.5,,,NOISE,2025-01-01T21:00:47,32.5,,,NOISE,2025-01-01T21:00:47,32.5,,,NOISE,2025-01-01T21:00:47,32.5,,,NOISE
2026-03-05T12:55:55.342561,Map-Energy__sum__linear-conv00047-20250102_000047-20250102_060047-30.000000-35.000000.png,2025-01-02T00:00:47,2025-01-02T06:00:47,30.0,35.0,2025-01-02T03:00:47,32.5,,,NOISE,2025-01-02T03:00:47,32.5,,,NOISE,2025-01-02T03:00:47,32.5,,,NOISE,2025-01-02T03:00:47,32.5,,,NOISE
2026-03-05T12:55:59.238369,Map-Energy__sum__linear-conv00057-20250102_060047-20250102_120047-30.000000-35.000000.png,2025-01-02T06:00:47,2025-01-02T12:00:47,30.0,35.0,2025-01-02T09:00:47,32.5,,,NOISE,2025-01-02T09:00:47,32.5,,,NOISE,2025-01-02T09:00:47,32.5,,,NOISE,2025-01-02T09:00:47,32.5,,,NOISE
2026-03-05T12:56:00.214405,Map-Energy__sum__linear-conv00067-20250102_120047-20250102_180047-30.000000-35.000000.png,2025-01-02T12:00:47,2025-01-02T18:00:47,30.0,35.0,2025-01-02T15:00:47,32.5,,,NOISE,2025-01-02T15:00:47,32.5,,,NOISE,2025-01-02T15:00:47,32.5,,,NOISE,2025-01-02T15:00:47,32.5,,,NOISE
2026-03-05T12:56:01.438317,Map-Energy__sum__linear-conv00077-20250102_180047-20250103_000047-30.000000-35.000000.png,2025-01-02T18:00:47,2025-01-03T00:00:47,30.0,35.0,2025-01-02T21:00:47,32.5,,,NOISE,2025-01-02T21:00:47,32.5,,,NOISE,2025-01-02T21:00:47,32.5,,,NOISE,2025-01-02T21:00:47,32.5,,,NOISE
2026-03-05T12:56:07.726407,Map-Energy__sum__linear-conv00087-20250103_000047-20250103_060047-30.000000-35.000000.png,2025-01-03T00:00:47,2025-01-03T06:00:47,30.0,35.0,2025-01-03T03:00:47,32.5,,,NOISE,2025-01-03T03:00:47,32.5,,,NOISE,2025-01-03T03:00:47,32.5,,,NOISE,2025-01-03T03:00:47,32.5,,,NOISE
2026-03-05T12:56:08.934450,Map-Energy__sum__linear-conv00097-20250103_060047-20250103_120047-30.000000-35.000000.png,2025-01-03T06:00:47,2025-01-03T12:00:47,30.0,35.0,2025-01-03T09:00:47,32.5,,,NOISE,2025-01-03T09:00:47,32.5,,,NOISE,2025-01-03T09:00:47,32.5,,,NOISE,2025-01-03T09:00:47,32.5,,,NOISE
2026-03-05T12:56:11.118537,Map-Energy__sum__linear-conv00107-20250103_120047-20250103_180047-30.000000-35.000000.png,2025-01-03T12:00:47,2025-01-03T18:00:47,30.0,35.0,2025-01-03T15:00:47,32.5,,,NOISE,2025-01-03T15:00:47,32.5,,,NOISE,2025-01-03T15:00:47,32.5,,,NOISE,2025-01-03T15:00:47,32.5,,,NOISE
2026-03-05T12:56:20.390691,Map-Energy__sum__linear-conv00117-20250103_180047-20250104_000047-30.000000-35.000000.png,2025-01-03T18:00:47,2025-01-04T00:00:47,30.0,35.0,2025-01-03T21:00:47,32.5,,,SEISMIC,2025-01-03T21:00:47,32.5,,,NOISE,2025-01-03T21:00:47,32.5,,,NOISE,2025-01-03T21:00:47,32.5,,,NOISE
2026-03-05T12:56:27.582356,Map-Energy__sum__linear-conv00127-20250104_000047-20250104_060047-30.000000-35.000000.png,2025-01-04T00:00:47,2025-01-04T06:00:47,30.0,35.0,2025-01-04T01:45:27,31.114808,,,SEISMIC,2025-01-04T03:00:47,32.5,,,NOISE,2025-01-04T03:00:47,32.5,,,NOISE,2025-01-04T03:00:47,32.5,,,NOISE
2026-03-05T12:56:28.814845,Map-Energy__sum__linear-conv00137-20250104_060047-20250104_120047-30.000000-35.000000.png,2025-01-04T06:00:47,2025-01-04T12:00:47,30.0,35.0,2025-01-04T09:00:47,32.5,,,NOISE,2025-01-04T09:00:47,32.5,,,NOISE,2025-01-04T09:00:47,32.5,,,NOISE,2025-01-04T09:00:47,32.5,,,NOISE
2026-03-05T12:56:30.174519,Map-Energy__sum__linear-conv00147-20250104_120047-20250104_180047-30.000000-35.000000.png,2025-01-04T12:00:47,2025-01-04T18:00:47,30.0,35.0,2025-01-04T15:00:47,32.5,,,NOISE,2025-01-04T15:00:47,32.5,,,NOISE,2025-01-04T15:00:47,32.5,,,NOISE,2025-01-04T15:00:47,32.5,,,NOISE
2026-03-05T12:56:31.854865,Map-Energy__sum__linear-conv00157-20250104_180047-20250105_000047-30.000000-35.000000.png,2025-01-04T18:00:47,2025-01-05T00:00:47,30.0,35.0,2025-01-04T21:00:47,32.5,,,NOISE,2025-01-04T21:00:47,32.5,,,NOISE,2025-01-04T21:00:47,32.5,,,NOISE,2025-01-04T21:00:47,32.5,,,NOISE
2026-03-05T12:56:32.918423,Map-Energy__sum__linear-conv00167-20250105_000047-20250105_060047-30.000000-35.000000.png,2025-01-05T00:00:47,2025-01-05T06:00:47,30.0,35.0,2025-01-05T03:00:47,32.5,,,NOISE,2025-01-05T03:00:47,32.5,,,NOISE,2025-01-05T03:00:47,32.5,,,NOISE,2025-01-05T03:00:47,32.5,,,NOISE
2026-03-05T12:56:36.510394,Map-Energy__sum__linear-conv00177-20250105_060047-20250105_120047-30.000000-35.000000.png,2025-01-05T06:00:47,2025-01-05T12:00:47,30.0,35.0,2025-01-05T09:00:47,32.5,,,NOISE,2025-01-05T09:00:47,32.5,,,NOISE,2025-01-05T09:00:47,32.5,,,NOISE,2025-01-05T09:00:47,32.5,,,NOISE
2026-03-05T12:56:38.622389,Map-Energy__sum__linear-conv00187-20250105_120047-20250105_180047-30.000000-35.000000.png,2025-01-05T12:00:47,2025-01-05T18:00:47,30.0,35.0,2025-01-05T15:00:47,32.5,,,NOISE,2025-01-05T15:00:47,32.5,,,NOISE,2025-01-05T15:00:47,32.5,,,NOISE,2025-01-05T15:00:47,32.5,,,NOISE
2026-03-05T12:56:45.670487,Map-Energy__sum__linear-conv00197-20250105_180047-20250106_000047-30.000000-35.000000.png,2025-01-05T18:00:47,2025-01-06T00:00:47,30.0,35.0,2025-01-05T21:00:47,32.5,,,NOISE,2025-01-05T21:00:47,32.5,,,NOISE,2025-01-05T21:00:47,32.5,,,NOISE,2025-01-05T21:00:47,32.5,,,NOISE
2026-03-05T12:56:46.558327,Map-Energy__sum__linear-conv00207-20250106_000047-20250106_060047-30.000000-35.000000.png,2025-01-06T00:00:47,2025-01-06T06:00:47,30.0,35.0,2025-01-06T03:00:47,32.5,,,NOISE,2025-01-06T03:00:47,32.5,,,NOISE,2025-01-06T03:00:47,32.5,,,NOISE,2025-01-06T03:00:47,32.5,,,NOISE
2026-03-05T12:56:48.126639,Map-Energy__sum__linear-conv00217-20250106_060047-20250106_120047-30.000000-35.000000.png,2025-01-06T06:00:47,2025-01-06T12:00:47,30.0,35.0,2025-01-06T09:00:47,32.5,,,NOISE,2025-01-06T09:00:47,32.5,,,NOISE,2025-01-06T09:00:47,32.5,,,NOISE,2025-01-06T09:00:47,32.5,,,NOISE
2026-03-05T12:56:50.110102,Map-Energy__sum__linear-conv00227-20250106_120047-20250106_180047-30.000000-35.000000.png,2025-01-06T12:00:47,2025-01-06T18:00:47,30.0,35.0,2025-01-06T15:00:47,32.5,,,NOISE,2025-01-06T15:00:47,32.5,,,NOISE,2025-01-06T15:00:47,32.5,,,NOISE,2025-01-06T15:00:47,32.5,,,NOISE
2026-03-05T12:56:52.454534,Map-Energy__sum__linear-conv00237-20250106_180047-20250107_000047-30.000000-35.000000.png,2025-01-06T18:00:47,2025-01-07T00:00:47,30.0,35.0,2025-01-06T21:00:47,32.5,,,NOISE,2025-01-06T21:00:47,32.5,,,NOISE,2025-01-06T21:00:47,32.5,,,NOISE,2025-01-06T21:00:47,32.5,,,NOISE
2026-03-05T12:56:53.750150,Map-Energy__sum__linear-conv00247-20250107_000047-20250107_060047-30.000000-35.000000.png,2025-01-07T00:00:47,2025-01-07T06:00:47,30.0,35.0,2025-01-07T03:00:47,32.5,,,NOISE,2025-01-07T03:00:47,32.5,,,NOISE,2025-01-07T03:00:47,32.5,,,NOISE,2025-01-07T03:00:47,32.5,,,NOISE
2026-03-05T12:56:54.918494,Map-Energy__sum__linear-conv00257-20250107_060047-20250107_120047-30.000000-35.000000.png,2025-01-07T06:00:47,2025-01-07T12:00:47,30.0,35.0,2025-01-07T09:00:47,32.5,,,NOISE,2025-01-07T09:00:47,32.5,,,NOISE,2025-01-07T09:00:47,32.5,,,NOISE,2025-01-07T09:00:47,32.5,,,NOISE
2026-03-05T12:56:56.510303,Map-Energy__sum__linear-conv00267-20250107_120047-20250107_180047-30.000000-35.000000.png,2025-01-07T12:00:47,2025-01-07T18:00:47,30.0,35.0,2025-01-07T15:00:47,32.5,,,NOISE,2025-01-07T15:00:47,32.5,,,NOISE,2025-01-07T15:00:47,32.5,,,NOISE,2025-01-07T15:00:47,32.5,,,NOISE
2026-03-05T12:56:57.606418,Map-Energy__sum__linear-conv00277-20250107_180047-20250108_000047-30.000000-35.000000.png,2025-01-07T18:00:47,2025-01-08T00:00:47,30.0,35.0,2025-01-07T21:00:47,32.5,,,NOISE,2025-01-07T21:00:47,32.5,,,NOISE,2025-01-07T21:00:47,32.5,,,NOISE,2025-01-07T21:00:47,32.5,,,NOISE
2026-03-05T12:56:58.646460,Map-Energy__sum__linear-conv00287-20250108_000047-20250108_060047-30.000000-35.000000.png,2025-01-08T00:00:47,2025-01-08T06:00:47,30.0,35.0,2025-01-08T03:00:47,32.5,,,NOISE,2025-01-08T03:00:47,32.5,,,NOISE,2025-01-08T03:00:47,32.5,,,NOISE,2025-01-08T03:00:47,32.5,,,NOISE
2026-03-05T12:56:59.846400,Map-Energy__sum__linear-conv00297-20250108_060047-20250108_120047-30.000000-35.000000.png,2025-01-08T06:00:47,2025-01-08T12:00:47,30.0,35.0,2025-01-08T09:00:47,32.5,,,NOISE,2025-01-08T09:00:47,32.5,,,NOISE,2025-01-08T09:00:47,32.5,,,NOISE,2025-01-08T09:00:47,32.5,,,NOISE
2026-03-05T12:57:01.838396,Map-Energy__sum__linear-conv00307-20250108_120047-20250108_180047-30.000000-35.000000.png,2025-01-08T12:00:47,2025-01-08T18:00:47,30.0,35.0,2025-01-08T15:00:47,32.5,,,NOISE,2025-01-08T15:00:47,32.5,,,NOISE,2025-01-08T15:00:47,32.5,,,NOISE,2025-01-08T15:00:47,32.5,,,NOISE
2026-03-05T12:57:02.982296,Map-Energy__sum__linear-conv00317-20250108_180047-20250109_000047-30.000000-35.000000.png,2025-01-08T18:00:47,2025-01-09T00:00:47,30.0,35.0,2025-01-08T21:00:47,32.5,,,NOISE,2025-01-08T21:00:47,32.5,,,NOISE,2025-01-08T21:00:47,32.5,,,NOISE,2025-01-08T21:00:47,32.5,,,NOISE
2026-03-05T12:57:03.934444,Map-Energy__sum__linear-conv00327-20250109_000047-20250109_060047-30.000000-35.000000.png,2025-01-09T00:00:47,2025-01-09T06:00:47,30.0,35.0,2025-01-09T03:00:47,32.5,,,NOISE,2025-01-09T03:00:47,32.5,,,NOISE,2025-01-09T03:00:47,32.5,,,NOISE,2025-01-09T03:00:47,32.5,,,NOISE
2026-03-05T12:57:08.510374,Map-Energy__sum__linear-conv00337-20250109_060047-20250109_120047-30.000000-35.000000.png,2025-01-09T06:00:47,2025-01-09T12:00:47,30.0,35.0,2025-01-09T09:00:47,32.5,,,NOISE,2025-01-09T09:00:47,32.5,,,NOISE,2025-01-09T09:00:47,32.5,,,NOISE,2025-01-09T09:00:47,32.5,,,NOISE
2026-03-05T12:57:09.446211,Map-Energy__sum__linear-conv00347-20250109_120047-20250109_180047-30.000000-35.000000.png,2025-01-09T12:00:47,2025-01-09T18:00:47,30.0,35.0,2025-01-09T15:00:47,32.5,,,NOISE,2025-01-09T15:00:47,32.5,,,NOISE,2025-01-09T15:00:47,32.5,,,NOISE,2025-01-09T15:00:47,32.5,,,NOISE
2026-03-05T12:57:10.646814,Map-Energy__sum__linear-conv00357-20250109_180047-20250110_000047-30.000000-35.000000.png,2025-01-09T18:00:47,2025-01-10T00:00:47,30.0,35.0,2025-01-09T21:00:47,32.5,,,NOISE,2025-01-09T21:00:47,32.5,,,NOISE,2025-01-09T21:00:47,32.5,,,NOISE,2025-01-09T21:00:47,32.5,,,NOISE
2026-03-05T12:57:11.686454,Map-Energy__sum__linear-conv00367-20250110_000047-20250110_060047-30.000000-35.000000.png,2025-01-10T00:00:47,2025-01-10T06:00:47,30.0,35.0,2025-01-10T03:00:47,32.5,,,NOISE,2025-01-10T03:00:47,32.5,,,NOISE,2025-01-10T03:00:47,32.5,,,NOISE,2025-01-10T03:00:47,32.5,,,NOISE
2026-03-05T12:57:13.014324,Map-Energy__sum__linear-conv00377-20250110_060047-20250110_120047-30.000000-35.000000.png,2025-01-10T06:00:47,2025-01-10T12:00:47,30.0,35.0,2025-01-10T09:00:47,32.5,,,NOISE,2025-01-10T09:00:47,32.5,,,NOISE,2025-01-10T09:00:47,32.5,,,NOISE,2025-01-10T09:00:47,32.5,,,NOISE
2026-03-05T12:57:14.070400,Map-Energy__sum__linear-conv00387-20250110_120047-20250110_180047-30.000000-35.000000.png,2025-01-10T12:00:47,2025-01-10T18:00:47,30.0,35.0,2025-01-10T15:00:47,32.5,,,NOISE,2025-01-10T15:00:47,32.5,,,NOISE,2025-01-10T15:00:47,32.5,,,NOISE,2025-01-10T15:00:47,32.5,,,NOISE
2026-03-05T12:57:15.094519,Map-Energy__sum__linear-conv00397-20250110_180047-20250111_000047-30.000000-35.000000.png,2025-01-10T18:00:47,2025-01-11T00:00:47,30.0,35.0,2025-01-10T21:00:47,32.5,,,NOISE,2025-01-10T21:00:47,32.5,,,NOISE,2025-01-10T21:00:47,32.5,,,NOISE,2025-01-10T21:00:47,32.5,,,NOISE
2026-03-05T12:57:16.151396,Map-Energy__sum__linear-conv00407-20250111_000047-20250111_060047-30.000000-35.000000.png,2025-01-11T00:00:47,2025-01-11T06:00:47,30.0,35.0,2025-01-11T03:00:47,32.5,,,NOISE,2025-01-11T03:00:47,32.5,,,NOISE,2025-01-11T03:00:47,32.5,,,NOISE,2025-01-11T03:00:47,32.5,,,NOISE
2026-03-05T12:57:17.462274,Map-Energy__sum__linear-conv00417-20250111_060047-20250111_120047-30.000000-35.000000.png,2025-01-11T06:00:47,2025-01-11T12:00:47,30.0,35.0,2025-01-11T09:00:47,32.5,,,NOISE,2025-01-11T09:00:47,32.5,,,NOISE,2025-01-11T09:00:47,32.5,,,NOISE,2025-01-11T09:00:47,32.5,,,NOISE
2026-03-05T12:57:18.678148,Map-Energy__sum__linear-conv00427-20250111_120047-20250111_180047-30.000000-35.000000.png,2025-01-11T12:00:47,2025-01-11T18:00:47,30.0,35.0,2025-01-11T15:00:47,32.5,,,NOISE,2025-01-11T15:00:47,32.5,,,NOISE,2025-01-11T15:00:47,32.5,,,NOISE,2025-01-11T15:00:47,32.5,,,NOISE
2026-03-05T12:57:20.558429,Map-Energy__sum__linear-conv00437-20250111_180047-20250112_000047-30.000000-35.000000.png,2025-01-11T18:00:47,2025-01-12T00:00:47,30.0,35.0,2025-01-11T21:00:47,32.5,,,NOISE,2025-01-11T21:00:47,32.5,,,NOISE,2025-01-11T21:00:47,32.5,,,NOISE,2025-01-11T21:00:47,32.5,,,NOISE
2026-03-05T12:57:21.862441,Map-Energy__sum__linear-conv00447-20250112_000047-20250112_060047-30.000000-35.000000.png,2025-01-12T00:00:47,2025-01-12T06:00:47,30.0,35.0,2025-01-12T03:00:47,32.5,,,NOISE,2025-01-12T03:00:47,32.5,,,NOISE,2025-01-12T03:00:47,32.5,,,NOISE,2025-01-12T03:00:47,32.5,,,NOISE
2026-03-05T12:57:22.318366,Map-Energy__sum__linear-conv00457-20250112_060047-20250112_120047-30.000000-35.000000.png,2025-01-12T06:00:47,2025-01-12T12:00:47,30.0,35.0,2025-01-12T09:00:47,32.5,,,NOISE,2025-01-12T09:00:47,32.5,,,NOISE,2025-01-12T09:00:47,32.5,,,NOISE,2025-01-12T09:00:47,32.5,,,NOISE
2026-03-05T12:57:23.734441,Map-Energy__sum__linear-conv00467-20250112_120047-20250112_180047-30.000000-35.000000.png,2025-01-12T12:00:47,2025-01-12T18:00:47,30.0,35.0,2025-01-12T15:00:47,32.5,,,NOISE,2025-01-12T15:00:47,32.5,,,NOISE,2025-01-12T15:00:47,32.5,,,NOISE,2025-01-12T15:00:47,32.5,,,NOISE
2026-03-05T12:57:24.910469,Map-Energy__sum__linear-conv00477-20250112_180047-20250113_000047-30.000000-35.000000.png,2025-01-12T18:00:47,2025-01-13T00:00:47,30.0,35.0,2025-01-12T21:00:47,32.5,,,NOISE,2025-01-12T21:00:47,32.5,,,NOISE,2025-01-12T21:00:47,32.5,,,NOISE,2025-01-12T21:00:47,32.5,,,NOISE
2026-03-05T12:57:25.863113,Map-Energy__sum__linear-conv00487-20250113_000047-20250113_060047-30.000000-35.000000.png,2025-01-13T00:00:47,2025-01-13T06:00:47,30.0,35.0,2025-01-13T03:00:47,32.5,,,NOISE,2025-01-13T03:00:47,32.5,,,NOISE,2025-01-13T03:00:47,32.5,,,NOISE,2025-01-13T03:00:47,32.5,,,NOISE
2026-03-05T12:57:27.710237,Map-Energy__sum__linear-conv00497-20250113_060047-20250113_120047-30.000000-35.000000.png,2025-01-13T06:00:47,2025-01-13T12:00:47,30.0,35.0,2025-01-13T09:00:47,32.5,,,NOISE,2025-01-13T09:00:47,32.5,,,NOISE,2025-01-13T09:00:47,32.5,,,NOISE,2025-01-13T09:00:47,32.5,,,NOISE
2026-03-05T12:57:29.790251,Map-Energy__sum__linear-conv00507-20250113_120047-20250113_180047-30.000000-35.000000.png,2025-01-13T12:00:47,2025-01-13T18:00:47,30.0,35.0,2025-01-13T15:00:47,32.5,,,NOISE,2025-01-13T15:00:47,32.5,,,NOISE,2025-01-13T15:00:47,32.5,,,NOISE,2025-01-13T15:00:47,32.5,,,NOISE
2026-03-05T12:57:31.062426,Map-Energy__sum__linear-conv00517-20250113_180047-20250114_000047-30.000000-35.000000.png,2025-01-13T18:00:47,2025-01-14T00:00:47,30.0,35.0,2025-01-13T21:00:47,32.5,,,NOISE,2025-01-13T21:00:47,32.5,,,NOISE,2025-01-13T21:00:47,32.5,,,NOISE,2025-01-13T21:00:47,32.5,,,NOISE
2026-03-05T12:57:32.374413,Map-Energy__sum__linear-conv00527-20250114_000047-20250114_060047-30.000000-35.000000.png,2025-01-14T00:00:47,2025-01-14T06:00:47,30.0,35.0,2025-01-14T03:00:47,32.5,,,NOISE,2025-01-14T03:00:47,32.5,,,NOISE,2025-01-14T03:00:47,32.5,,,NOISE,2025-01-14T03:00:47,32.5,,,NOISE
2026-03-05T12:57:33.414252,Map-Energy__sum__linear-conv00537-20250114_060047-20250114_120047-30.000000-35.000000.png,2025-01-14T06:00:47,2025-01-14T12:00:47,30.0,35.0,2025-01-14T09:00:47,32.5,,,NOISE,2025-01-14T09:00:47,32.5,,,NOISE,2025-01-14T09:00:47,32.5,,,NOISE,2025-01-14T09:00:47,32.5,,,NOISE
2026-03-05T12:57:34.342437,Map-Energy__sum__linear-conv00547-20250114_120047-20250114_180047-30.000000-35.000000.png,2025-01-14T12:00:47,2025-01-14T18:00:47,30.0,35.0,2025-01-14T15:00:47,32.5,,,NOISE,2025-01-14T15:00:47,32.5,,,NOISE,2025-01-14T15:00:47,32.5,,,NOISE,2025-01-14T15:00:47,32.5,,,NOISE
2026-03-05T12:57:35.318185,Map-Energy__sum__linear-conv00557-20250114_180047-20250115_000047-30.000000-35.000000.png,2025-01-14T18:00:47,2025-01-15T00:00:47,30.0,35.0,2025-01-14T21:00:47,32.5,,,NOISE,2025-01-14T21:00:47,32.5,,,NOISE,2025-01-14T21:00:47,32.5,,,NOISE,2025-01-14T21:00:47,32.5,,,NOISE
2026-03-05T12:57:36.358271,Map-Energy__sum__linear-conv00567-20250115_000047-20250115_060047-30.000000-35.000000.png,2025-01-15T00:00:47,2025-01-15T06:00:47,30.0,35.0,2025-01-15T03:00:47,32.5,,,NOISE,2025-01-15T03:00:47,32.5,,,NOISE,2025-01-15T03:00:47,32.5,,,NOISE,2025-01-15T03:00:47,32.5,,,NOISE
2026-03-05T12:57:37.966354,Map-Energy__sum__linear-conv00577-20250115_060047-20250115_120047-30.000000-35.000000.png,2025-01-15T06:00:47,2025-01-15T12:00:47,30.0,35.0,2025-01-15T09:00:47,32.5,,,NOISE,2025-01-15T09:00:47,32.5,,,NOISE,2025-01-15T09:00:47,32.5,,,NOISE,2025-01-15T09:00:47,32.5,,,NOISE
2026-03-05T12:57:39.486410,Map-Energy__sum__linear-conv00587-20250115_120047-20250115_180047-30.000000-35.000000.png,2025-01-15T12:00:47,2025-01-15T18:00:47,30.0,35.0,2025-01-15T15:00:47,32.5,,,NOISE,2025-01-15T15:00:47,32.5,,,NOISE,2025-01-15T15:00:47,32.5,,,NOISE,2025-01-15T15:00:47,32.5,,,NOISE
2026-03-05T12:57:40.614214,Map-Energy__sum__linear-conv00597-20250115_180047-20250116_000047-30.000000-35.000000.png,2025-01-15T18:00:47,2025-01-16T00:00:47,30.0,35.0,2025-01-15T21:00:47,32.5,,,NOISE,2025-01-15T21:00:47,32.5,,,NOISE,2025-01-15T21:00:47,32.5,,,NOISE,2025-01-15T21:00:47,32.5,,,NOISE
2026-03-05T12:57:41.590242,Map-Energy__sum__linear-conv00607-20250116_000047-20250116_060047-30.000000-35.000000.png,2025-01-16T00:00:47,2025-01-16T06:00:47,30.0,35.0,2025-01-16T03:00:47,32.5,,,NOISE,2025-01-16T03:00:47,32.5,,,NOISE,2025-01-16T03:00:47,32.5,,,NOISE,2025-01-16T03:00:47,32.5,,,NOISE
2026-03-05T12:57:42.830381,Map-Energy__sum__linear-conv00617-20250116_060047-20250116_120047-30.000000-35.000000.png,2025-01-16T06:00:47,2025-01-16T12:00:47,30.0,35.0,2025-01-16T09:00:47,32.5,,,NOISE,2025-01-16T09:00:47,32.5,,,NOISE,2025-01-16T09:00:47,32.5,,,NOISE,2025-01-16T09:00:47,32.5,,,NOISE
2026-03-05T12:57:44.862246,Map-Energy__sum__linear-conv00627-20250116_120047-20250116_180047-30.000000-35.000000.png,2025-01-16T12:00:47,2025-01-16T18:00:47,30.0,35.0,2025-01-16T15:00:47,32.5,,,NOISE,2025-01-16T15:00:47,32.5,,,NOISE,2025-01-16T15:00:47,32.5,,,NOISE,2025-01-16T15:00:47,32.5,,,NOISE
2026-03-05T12:57:46.606599,Map-Energy__sum__linear-conv00637-20250116_180047-20250117_000047-30.000000-35.000000.png,2025-01-16T18:00:47,2025-01-17T00:00:47,30.0,35.0,2025-01-16T21:00:47,32.5,,,NOISE,2025-01-16T21:00:47,32.5,,,NOISE,2025-01-16T21:00:47,32.5,,,NOISE,2025-01-16T21:00:47,32.5,,,NOISE
2026-03-05T12:57:47.822294,Map-Energy__sum__linear-conv00647-20250117_000047-20250117_060047-30.000000-35.000000.png,2025-01-17T00:00:47,2025-01-17T06:00:47,30.0,35.0,2025-01-17T03:00:47,32.5,,,NOISE,2025-01-17T03:00:47,32.5,,,NOISE,2025-01-17T03:00:47,32.5,,,NOISE,2025-01-17T03:00:47,32.5,,,NOISE
2026-03-05T12:57:48.934191,Map-Energy__sum__linear-conv00657-20250117_060047-20250117_120047-30.000000-35.000000.png,2025-01-17T06:00:47,2025-01-17T12:00:47,30.0,35.0,2025-01-17T09:00:47,32.5,,,NOISE,2025-01-17T09:00:47,32.5,,,NOISE,2025-01-17T09:00:47,32.5,,,NOISE,2025-01-17T09:00:47,32.5,,,NOISE
2026-03-05T12:57:49.966229,Map-Energy__sum__linear-conv00667-20250117_120047-20250117_180047-30.000000-35.000000.png,2025-01-17T12:00:47,2025-01-17T18:00:47,30.0,35.0,2025-01-17T15:00:47,32.5,,,NOISE,2025-01-17T15:00:47,32.5,,,NOISE,2025-01-17T15:00:47,32.5,,,NOISE,2025-01-17T15:00:47,32.5,,,NOISE
2026-03-05T12:57:50.934542,Map-Energy__sum__linear-conv00677-20250117_180047-20250118_000047-30.000000-35.000000.png,2025-01-17T18:00:47,2025-01-18T00:00:47,30.0,35.0,2025-01-17T21:00:47,32.5,,,NOISE,2025-01-17T21:00:47,32.5,,,NOISE,2025-01-17T21:00:47,32.5,,,NOISE,2025-01-17T21:00:47,32.5,,,NOISE
2026-03-05T12:57:51.910551,Map-Energy__sum__linear-conv00687-20250118_000047-20250118_060047-30.000000-35.000000.png,2025-01-18T00:00:47,2025-01-18T06:00:47,30.0,35.0,2025-01-18T03:00:47,32.5,,,NOISE,2025-01-18T03:00:47,32.5,,,NOISE,2025-01-18T03:00:47,32.5,,,NOISE,2025-01-18T03:00:47,32.5,,,NOISE
2026-03-05T12:58:21.502198,Map-Energy__sum__linear-conv00697-20250118_060047-20250118_120047-30.000000-35.000000.png,2025-01-18T06:00:47,2025-01-18T12:00:47,30.0,35.0,2025-01-18T08:53:28,33.044739,,,VESSEL,2025-01-18T07:53:05,32.095337,,,VESSEL,2025-01-18T09:00:47,32.5,,,NOISE,2025-01-18T09:00:47,32.5,,,NOISE
2026-03-05T12:58:23.286221,Map-Energy__sum__linear-conv00707-20250118_120047-20250118_180047-30.000000-35.000000.png,2025-01-18T12:00:47,2025-01-18T18:00:47,30.0,35.0,2025-01-18T15:00:47,32.5,,,NOISE,2025-01-18T15:00:47,32.5,,,NOISE,2025-01-18T15:00:47,32.5,,,NOISE,2025-01-18T15:00:47,32.5,,,NOISE
2026-03-05T12:58:24.806236,Map-Energy__sum__linear-conv00717-20250118_180047-20250119_000047-30.000000-35.000000.png,2025-01-18T18:00:47,2025-01-19T00:00:47,30.0,35.0,2025-01-18T21:00:47,32.5,,,NOISE,2025-01-18T21:00:47,32.5,,,NOISE,2025-01-18T21:00:47,32.5,,,NOISE,2025-01-18T21:00:47,32.5,,,NOISE
2026-03-05T12:58:58.782388,Map-Energy__sum__linear-conv00727-20250119_000047-20250119_060047-30.000000-35.000000.png,2025-01-19T00:00:47,2025-01-19T06:00:47,30.0,35.0,2025-01-19T03:00:47,32.5,,,NOISE,2025-01-19T03:00:47,32.5,,,NOISE,2025-01-19T03:00:47,32.5,,,NOISE,2025-01-19T03:00:47,32.5,,,NOISE
2026-03-05T12:59:00.246061,Map-Energy__sum__linear-conv00737-20250119_060047-20250119_120047-30.000000-35.000000.png,2025-01-19T06:00:47,2025-01-19T12:00:47,30.0,35.0,2025-01-19T09:00:47,32.5,,,NOISE,2025-01-19T09:00:47,32.5,,,NOISE,2025-01-19T09:00:47,32.5,,,NOISE,2025-01-19T09:00:47,32.5,,,NOISE
2026-03-05T12:59:01.326184,Map-Energy__sum__linear-conv00747-20250119_120047-20250119_180047-30.000000-35.000000.png,2025-01-19T12:00:47,2025-01-19T18:00:47,30.0,35.0,2025-01-19T15:00:47,32.5,,,NOISE,2025-01-19T15:00:47,32.5,,,NOISE,2025-01-19T15:00:47,32.5,,,NOISE,2025-01-19T15:00:47,32.5,,,NOISE
2026-03-05T12:59:02.534213,Map-Energy__sum__linear-conv00757-20250119_180047-20250120_000047-30.000000-35.000000.png,2025-01-19T18:00:47,2025-01-20T00:00:47,30.0,35.0,2025-01-19T21:00:47,32.5,,,NOISE,2025-01-19T21:00:47,32.5,,,NOISE,2025-01-19T21:00:47,32.5,,,NOISE,2025-01-19T21:00:47,32.5,,,NOISE
2026-03-05T12:59:05.966379,Map-Energy__sum__linear-conv00767-20250120_000047-20250120_060047-30.000000-35.000000.png,2025-01-20T00:00:47,2025-01-20T06:00:47,30.0,35.0,2025-01-20T03:00:47,32.5,,,NOISE,2025-01-20T03:00:47,32.5,,,NOISE,2025-01-20T03:00:47,32.5,,,NOISE,2025-01-20T03:00:47,32.5,,,NOISE
2026-03-05T12:59:07.174224,Map-Energy__sum__linear-conv00777-20250120_060047-20250120_120047-30.000000-35.000000.png,2025-01-20T06:00:47,2025-01-20T12:00:47,30.0,35.0,2025-01-20T09:00:47,32.5,,,NOISE,2025-01-20T09:00:47,32.5,,,NOISE,2025-01-20T09:00:47,32.5,,,NOISE,2025-01-20T09:00:47,32.5,,,NOISE
2026-03-05T12:59:08.390217,Map-Energy__sum__linear-conv00787-20250120_120047-20250120_180047-30.000000-35.000000.png,2025-01-20T12:00:47,2025-01-20T18:00:47,30.0,35.0,2025-01-20T15:00:47,32.5,,,NOISE,2025-01-20T15:00:47,32.5,,,NOISE,2025-01-20T15:00:47,32.5,,,NOISE,2025-01-20T15:00:47,32.5,,,NOISE
2026-03-05T12:59:09.502238,Map-Energy__sum__linear-conv00797-20250120_180047-20250121_000047-30.000000-35.000000.png,2025-01-20T18:00:47,2025-01-21T00:00:47,30.0,35.0,2025-01-20T21:00:47,32.5,,,NOISE,2025-01-20T21:00:47,32.5,,,NOISE,2025-01-20T21:00:47,32.5,,,NOISE,2025-01-20T21:00:47,32.5,,,NOISE
2026-03-05T12:59:10.686060,Map-Energy__sum__linear-conv00807-20250121_000047-20250121_060047-30.000000-35.000000.png,2025-01-21T00:00:47,2025-01-21T06:00:47,30.0,35.0,2025-01-21T03:00:47,32.5,,,NOISE,2025-01-21T03:00:47,32.5,,,NOISE,2025-01-21T03:00:47,32.5,,,NOISE,2025-01-21T03:00:47,32.5,,,NOISE
2026-03-05T12:59:11.950082,Map-Energy__sum__linear-conv00817-20250121_060047-20250121_120047-30.000000-35.000000.png,2025-01-21T06:00:47,2025-01-21T12:00:47,30.0,35.0,2025-01-21T09:00:47,32.5,,,NOISE,2025-01-21T09:00:47,32.5,,,NOISE,2025-01-21T09:00:47,32.5,,,NOISE,2025-01-21T09:00:47,32.5,,,NOISE
2026-03-05T12:59:13.182068,Map-Energy__sum__linear-conv00827-20250121_120047-20250121_180047-30.000000-35.000000.png,2025-01-21T12:00:47,2025-01-21T18:00:47,30.0,35.0,2025-01-21T15:00:47,32.5,,,NOISE,2025-01-21T15:00:47,32.5,,,NOISE,2025-01-21T15:00:47,32.5,,,NOISE,2025-01-21T15:00:47,32.5,,,NOISE
2026-03-05T12:59:14.262229,Map-Energy__sum__linear-conv00837-20250121_180047-20250122_000047-30.000000-35.000000.png,2025-01-21T18:00:47,2025-01-22T00:00:47,30.0,35.0,2025-01-21T21:00:47,32.5,,,NOISE,2025-01-21T21:00:47,32.5,,,NOISE,2025-01-21T21:00:47,32.5,,,NOISE,2025-01-21T21:00:47,32.5,,,NOISE
2026-03-05T12:59:15.278533,Map-Energy__sum__linear-conv00847-20250122_000047-20250122_060047-30.000000-35.000000.png,2025-01-22T00:00:47,2025-01-22T06:00:47,30.0,35.0,2025-01-22T03:00:47,32.5,,,NOISE,2025-01-22T03:00:47,32.5,,,NOISE,2025-01-22T03:00:47,32.5,,,NOISE,2025-01-22T03:00:47,32.5,,,NOISE
2026-03-05T12:59:16.350120,Map-Energy__sum__linear-conv00857-20250122_060047-20250122_120047-30.000000-35.000000.png,2025-01-22T06:00:47,2025-01-22T12:00:47,30.0,35.0,2025-01-22T09:00:47,32.5,,,NOISE,2025-01-22T09:00:47,32.5,,,NOISE,2025-01-22T09:00:47,32.5,,,NOISE,2025-01-22T09:00:47,32.5,,,NOISE
2026-03-05T12:59:17.494267,Map-Energy__sum__linear-conv00867-20250122_120047-20250122_180047-30.000000-35.000000.png,2025-01-22T12:00:47,2025-01-22T18:00:47,30.0,35.0,2025-01-22T15:00:47,32.5,,,NOISE,2025-01-22T15:00:47,32.5,,,NOISE,2025-01-22T15:00:47,32.5,,,NOISE,2025-01-22T15:00:47,32.5,,,NOISE
2026-03-05T12:59:18.526180,Map-Energy__sum__linear-conv00877-20250122_180047-20250123_000047-30.000000-35.000000.png,2025-01-22T18:00:47,2025-01-23T00:00:47,30.0,35.0,2025-01-22T21:00:47,32.5,,,NOISE,2025-01-22T21:00:47,32.5,,,NOISE,2025-01-22T21:00:47,32.5,,,NOISE,2025-01-22T21:00:47,32.5,,,NOISE
2026-03-05T12:59:19.494129,Map-Energy__sum__linear-conv00887-20250123_000047-20250123_060047-30.000000-35.000000.png,2025-01-23T00:00:47,2025-01-23T06:00:47,30.0,35.0,2025-01-23T03:00:47,32.5,,,NOISE,2025-01-23T03:00:47,32.5,,,NOISE,2025-01-23T03:00:47,32.5,,,NOISE,2025-01-23T03:00:47,32.5,,,NOISE
2026-03-05T12:59:20.446157,Map-Energy__sum__linear-conv00897-20250123_060047-20250123_120047-30.000000-35.000000.png,2025-01-23T06:00:47,2025-01-23T12:00:47,30.0,35.0,2025-01-23T09:00:47,32.5,,,NOISE,2025-01-23T09:00:47,32.5,,,NOISE,2025-01-23T09:00:47,32.5,,,NOISE,2025-01-23T09:00:47,32.5,,,NOISE
2026-03-05T12:59:21.446039,Map-Energy__sum__linear-conv00907-20250123_120047-20250123_180047-30.000000-35.000000.png,2025-01-23T12:00:47,2025-01-23T18:00:47,30.0,35.0,2025-01-23T15:00:47,32.5,,,NOISE,2025-01-23T15:00:47,32.5,,,NOISE,2025-01-23T15:00:47,32.5,,,NOISE,2025-01-23T15:00:47,32.5,,,NOISE
2026-03-05T12:59:22.526255,Map-Energy__sum__linear-conv00917-20250123_180047-20250124_000047-30.000000-35.000000.png,2025-01-23T18:00:47,2025-01-24T00:00:47,30.0,35.0,2025-01-23T21:00:47,32.5,,,NOISE,2025-01-23T21:00:47,32.5,,,NOISE,2025-01-23T21:00:47,32.5,,,NOISE,2025-01-23T21:00:47,32.5,,,NOISE
2026-03-05T12:59:23.718064,Map-Energy__sum__linear-conv00927-20250124_000047-20250124_060047-30.000000-35.000000.png,2025-01-24T00:00:47,2025-01-24T06:00:47,30.0,35.0,2025-01-24T03:00:47,32.5,,,NOISE,2025-01-24T03:00:47,32.5,,,NOISE,2025-01-24T03:00:47,32.5,,,NOISE,2025-01-24T03:00:47,32.5,,,NOISE
2026-03-05T12:59:24.670020,Map-Energy__sum__linear-conv00937-20250124_060047-20250124_120047-30.000000-35.000000.png,2025-01-24T06:00:47,2025-01-24T12:00:47,30.0,35.0,2025-01-24T09:00:47,32.5,,,NOISE,2025-01-24T09:00:47,32.5,,,NOISE,2025-01-24T09:00:47,32.5,,,NOISE,2025-01-24T09:00:47,32.5,,,NOISE
2026-03-05T12:59:25.606303,Map-Energy__sum__linear-conv00947-20250124_120047-20250124_180047-30.000000-35.000000.png,2025-01-24T12:00:47,2025-01-24T18:00:47,30.0,35.0,2025-01-24T15:00:47,32.5,,,NOISE,2025-01-24T15:00:47,32.5,,,NOISE,2025-01-24T15:00:47,32.5,,,NOISE,2025-01-24T15:00:47,32.5,,,NOISE
2026-03-05T12:59:26.558430,Map-Energy__sum__linear-conv00957-20250124_180047-20250125_000047-30.000000-35.000000.png,2025-01-24T18:00:47,2025-01-25T00:00:47,30.0,35.0,2025-01-24T21:00:47,32.5,,,NOISE,2025-01-24T21:00:47,32.5,,,NOISE,2025-01-24T21:00:47,32.5,,,NOISE,2025-01-24T21:00:47,32.5,,,NOISE
2026-03-05T12:59:27.502255,Map-Energy__sum__linear-conv00967-20250125_000047-20250125_060047-30.000000-35.000000.png,2025-01-25T00:00:47,2025-01-25T06:00:47,30.0,35.0,2025-01-25T03:00:47,32.5,,,NOISE,2025-01-25T03:00:47,32.5,,,NOISE,2025-01-25T03:00:47,32.5,,,NOISE,2025-01-25T03:00:47,32.5,,,NOISE
2026-03-05T12:59:28.478206,Map-Energy__sum__linear-conv00977-20250125_060047-20250125_120047-30.000000-35.000000.png,2025-01-25T06:00:47,2025-01-25T12:00:47,30.0,35.0,2025-01-25T09:00:47,32.5,,,NOISE,2025-01-25T09:00:47,32.5,,,NOISE,2025-01-25T09:00:47,32.5,,,NOISE,2025-01-25T09:00:47,32.5,,,NOISE
2026-03-05T12:59:29.350035,Map-Energy__sum__linear-conv00987-20250125_120047-20250125_180047-30.000000-35.000000.png,2025-01-25T12:00:47,2025-01-25T18:00:47,30.0,35.0,2025-01-25T15:00:47,32.5,,,NOISE,2025-01-25T15:00:47,32.5,,,NOISE,2025-01-25T15:00:47,32.5,,,NOISE,2025-01-25T15:00:47,32.5,,,NOISE
2026-03-05T12:59:30.414231,Map-Energy__sum__linear-conv00997-20250125_180047-20250126_000047-30.000000-35.000000.png,2025-01-25T18:00:47,2025-01-26T00:00:47,30.0,35.0,2025-01-25T21:00:47,32.5,,,NOISE,2025-01-25T21:00:47,32.5,,,NOISE,2025-01-25T21:00:47,32.5,,,NOISE,2025-01-25T21:00:47,32.5,,,NOISE
2026-03-05T12:59:35.782187,Map-Energy__sum__linear-conv01007-20250126_000047-20250126_060047-30.000000-35.000000.png,2025-01-26T00:00:47,2025-01-26T06:00:47,30.0,35.0,2025-01-26T03:00:47,32.5,,,NOISE,2025-01-26T03:00:47,32.5,,,NOISE,2025-01-26T03:00:47,32.5,,,NOISE,2025-01-26T03:00:47,32.5,,,NOISE
2026-03-05T12:59:37.246244,Map-Energy__sum__linear-conv01017-20250126_060047-20250126_120047-30.000000-35.000000.png,2025-01-26T06:00:47,2025-01-26T12:00:47,30.0,35.0,2025-01-26T09:00:47,32.5,,,NOISE,2025-01-26T09:00:47,32.5,,,NOISE,2025-01-26T09:00:47,32.5,,,NOISE,2025-01-26T09:00:47,32.5,,,NOISE
2026-03-05T12:59:38.430443,Map-Energy__sum__linear-conv01027-20250126_120047-20250126_180047-30.000000-35.000000.png,2025-01-26T12:00:47,2025-01-26T18:00:47,30.0,35.0,2025-01-26T15:00:47,32.5,,,NOISE,2025-01-26T15:00:47,32.5,,,NOISE,2025-01-26T15:00:47,32.5,,,NOISE,2025-01-26T15:00:47,32.5,,,NOISE
2026-03-05T12:59:41.566121,Map-Energy__sum__linear-conv01037-20250126_180047-20250127_000047-30.000000-35.000000.png,2025-01-26T18:00:47,2025-01-27T00:00:47,30.0,35.0,2025-01-26T21:00:47,32.5,,,NOISE,2025-01-26T21:00:47,32.5,,,NOISE,2025-01-26T21:00:47,32.5,,,NOISE,2025-01-26T21:00:47,32.5,,,NOISE
2026-03-05T12:59:48.702791,Map-Energy__sum__linear-conv01047-20250127_000047-20250127_060047-30.000000-35.000000.png,2025-01-27T00:00:47,2025-01-27T06:00:47,30.0,35.0,2025-01-27T02:19:09,30.959168,,,OTHER,2025-01-27T03:00:47,32.5,,,NOISE,2025-01-27T03:00:47,32.5,,,NOISE,2025-01-27T03:00:47,32.5,,,NOISE
2026-03-05T13:00:02.198152,Map-Energy__sum__linear-conv01057-20250127_060047-20250127_120047-30.000000-35.000000.png,2025-01-27T06:00:47,2025-01-27T12:00:47,30.0,35.0,2025-01-27T09:17:37,30.842438,,,VESSEL,2025-01-27T09:00:47,32.5,,,NOISE,2025-01-27T09:00:47,32.5,,,NOISE,2025-01-27T09:00:47,32.5,,,NOISE
2026-03-05T13:00:04.318235,Map-Energy__sum__linear-conv01067-20250127_120047-20250127_180047-30.000000-35.000000.png,2025-01-27T12:00:47,2025-01-27T18:00:47,30.0,35.0,2025-01-27T15:00:47,32.5,,,NOISE,2025-01-27T15:00:47,32.5,,,NOISE,2025-01-27T15:00:47,32.5,,,NOISE,2025-01-27T15:00:47,32.5,,,NOISE
2026-03-05T13:00:05.670102,Map-Energy__sum__linear-conv01077-20250127_180047-20250128_000047-30.000000-35.000000.png,2025-01-27T18:00:47,2025-01-28T00:00:47,30.0,35.0,2025-01-27T21:00:47,32.5,,,NOISE,2025-01-27T21:00:47,32.5,,,NOISE,2025-01-27T21:00:47,32.5,,,NOISE,2025-01-27T21:00:47,32.5,,,NOISE
2026-03-05T13:00:07.326168,Map-Energy__sum__linear-conv01087-20250128_000047-20250128_060047-30.000000-35.000000.png,2025-01-28T00:00:47,2025-01-28T06:00:47,30.0,35.0,2025-01-28T03:00:47,32.5,,,NOISE,2025-01-28T03:00:47,32.5,,,NOISE,2025-01-28T03:00:47,32.5,,,NOISE,2025-01-28T03:00:47,32.5,,,NOISE
2026-03-05T13:00:08.830210,Map-Energy__sum__linear-conv01097-20250128_060047-20250128_120047-30.000000-35.000000.png,2025-01-28T06:00:47,2025-01-28T12:00:47,30.0,35.0,2025-01-28T09:00:47,32.5,,,NOISE,2025-01-28T09:00:47,32.5,,,NOISE,2025-01-28T09:00:47,32.5,,,NOISE,2025-01-28T09:00:47,32.5,,,NOISE
2026-03-05T13:00:10.174073,Map-Energy__sum__linear-conv01107-20250128_120047-20250128_180047-30.000000-35.000000.png,2025-01-28T12:00:47,2025-01-28T18:00:47,30.0,35.0,2025-01-28T15:00:47,32.5,,,NOISE,2025-01-28T15:00:47,32.5,,,NOISE,2025-01-28T15:00:47,32.5,,,NOISE,2025-01-28T15:00:47,32.5,,,NOISE
2026-03-05T13:00:11.318166,Map-Energy__sum__linear-conv01117-20250128_180047-20250129_000047-30.000000-35.000000.png,2025-01-28T18:00:47,2025-01-29T00:00:47,30.0,35.0,2025-01-28T21:00:47,32.5,,,NOISE,2025-01-28T21:00:47,32.5,,,NOISE,2025-01-28T21:00:47,32.5,,,NOISE,2025-01-28T21:00:47,32.5,,,NOISE
2026-03-05T13:00:12.454642,Map-Energy__sum__linear-conv01127-20250129_000047-20250129_060047-30.000000-35.000000.png,2025-01-29T00:00:47,2025-01-29T06:00:47,30.0,35.0,2025-01-29T03:00:47,32.5,,,NOISE,2025-01-29T03:00:47,32.5,,,NOISE,2025-01-29T03:00:47,32.5,,,NOISE,2025-01-29T03:00:47,32.5,,,NOISE
2026-03-05T13:00:13.382051,Map-Energy__sum__linear-conv01137-20250129_060047-20250129_120047-30.000000-35.000000.png,2025-01-29T06:00:47,2025-01-29T12:00:47,30.0,35.0,2025-01-29T09:00:47,32.5,,,NOISE,2025-01-29T09:00:47,32.5,,,NOISE,2025-01-29T09:00:47,32.5,,,NOISE,2025-01-29T09:00:47,32.5,,,NOISE
2026-03-05T13:00:14.454173,Map-Energy__sum__linear-conv01147-20250129_120047-20250129_180047-30.000000-35.000000.png,2025-01-29T12:00:47,2025-01-29T18:00:47,30.0,35.0,2025-01-29T15:00:47,32.5,,,NOISE,2025-01-29T15:00:47,32.5,,,NOISE,2025-01-29T15:00:47,32.5,,,NOISE,2025-01-29T15:00:47,32.5,,,NOISE
2026-03-05T13:00:15.518123,Map-Energy__sum__linear-conv01157-20250129_180047-20250130_000047-30.000000-35.000000.png,2025-01-29T18:00:47,2025-01-30T00:00:47,30.0,35.0,2025-01-29T21:00:47,32.5,,,NOISE,2025-01-29T21:00:47,32.5,,,NOISE,2025-01-29T21:00:47,32.5,,,NOISE,2025-01-29T21:00:47,32.5,,,NOISE
2026-03-05T13:00:16.710014,Map-Energy__sum__linear-conv01167-20250130_000047-20250130_060047-30.000000-35.000000.png,2025-01-30T00:00:47,2025-01-30T06:00:47,30.0,35.0,2025-01-30T03:00:47,32.5,,,NOISE,2025-01-30T03:00:47,32.5,,,NOISE,2025-01-30T03:00:47,32.5,,,NOISE,2025-01-30T03:00:47,32.5,,,NOISE
2026-03-05T13:00:17.990307,Map-Energy__sum__linear-conv01177-20250130_060047-20250130_120047-30.000000-35.000000.png,2025-01-30T06:00:47,2025-01-30T12:00:47,30.0,35.0,2025-01-30T09:00:47,32.5,,,NOISE,2025-01-30T09:00:47,32.5,,,NOISE,2025-01-30T09:00:47,32.5,,,NOISE,2025-01-30T09:00:47,32.5,,,NOISE
2026-03-05T13:00:19.173982,Map-Energy__sum__linear-conv01187-20250130_120047-20250130_180047-30.000000-35.000000.png,2025-01-30T12:00:47,2025-01-30T18:00:47,30.0,35.0,2025-01-30T15:00:47,32.5,,,NOISE,2025-01-30T15:00:47,32.5,,,NOISE,2025-01-30T15:00:47,32.5,,,NOISE,2025-01-30T15:00:47,32.5,,,NOISE
2026-03-05T13:00:20.782312,Map-Energy__sum__linear-conv01197-20250130_180047-20250131_000047-30.000000-35.000000.png,2025-01-30T18:00:47,2025-01-31T00:00:47,30.0,35.0,2025-01-30T21:00:47,32.5,,,NOISE,2025-01-30T21:00:47,32.5,,,NOISE,2025-01-30T21:00:47,32.5,,,NOISE,2025-01-30T21:00:47,32.5,,,NOISE
2026-03-05T13:00:22.078442,Map-Energy__sum__linear-conv01207-20250131_000047-20250131_060047-30.000000-35.000000.png,2025-01-31T00:00:47,2025-01-31T06:00:47,30.0,35.0,2025-01-31T03:00:47,32.5,,,NOISE,2025-01-31T03:00:47,32.5,,,NOISE,2025-01-31T03:00:47,32.5,,,NOISE,2025-01-31T03:00:47,32.5,,,NOISE
2026-03-05T13:00:23.286095,Map-Energy__sum__linear-conv01217-20250131_060047-20250131_120047-30.000000-35.000000.png,2025-01-31T06:00:47,2025-01-31T12:00:47,30.0,35.0,2025-01-31T09:00:47,32.5,,,NOISE,2025-01-31T09:00:47,32.5,,,NOISE,2025-01-31T09:00:47,32.5,,,NOISE,2025-01-31T09:00:47,32.5,,,NOISE
2026-03-05T13:00:24.342193,Map-Energy__sum__linear-conv01227-20250131_120047-20250131_180047-30.000000-35.000000.png,2025-01-31T12:00:47,2025-01-31T18:00:47,30.0,35.0,2025-01-31T15:00:47,32.5,,,NOISE,2025-01-31T15:00:47,32.5,,,NOISE,2025-01-31T15:00:47,32.5,,,NOISE,2025-01-31T15:00:47,32.5,,,NOISE
2026-03-05T13:00:25.487012,Map-Energy__sum__linear-conv01237-20250131_180047-20250201_000047-30.000000-35.000000.png,2025-01-31T18:00:47,2025-02-01T00:00:47,30.0,35.0,2025-01-31T21:00:47,32.5,,,NOISE,2025-01-31T21:00:47,32.5,,,NOISE,2025-01-31T21:00:47,32.5,,,NOISE,2025-01-31T21:00:47,32.5,,,NOISE
2026-03-05T13:00:26.630032,Map-Energy__sum__linear-conv00008-20250101_000047-20250101_060047-35.000000-40.000000.png,2025-01-01T00:00:47,2025-01-01T06:00:47,35.0,40.0,2025-01-01T03:00:47,37.5,,,NOISE,2025-01-01T03:00:47,37.5,,,NOISE,2025-01-01T03:00:47,37.5,,,NOISE,2025-01-01T03:00:47,37.5,,,NOISE
2026-03-05T13:00:27.823025,Map-Energy__sum__linear-conv00018-20250101_060047-20250101_120047-35.000000-40.000000.png,2025-01-01T06:00:47,2025-01-01T12:00:47,35.0,40.0,2025-01-01T09:00:47,37.5,,,NOISE,2025-01-01T09:00:47,37.5,,,NOISE,2025-01-01T09:00:47,37.5,,,NOISE,2025-01-01T09:00:47,37.5,,,NOISE
2026-03-05T13:00:29.077939,Map-Energy__sum__linear-conv00028-20250101_120047-20250101_180047-35.000000-40.000000.png,2025-01-01T12:00:47,2025-01-01T18:00:47,35.0,40.0,2025-01-01T15:00:47,37.5,,,NOISE,2025-01-01T15:00:47,37.5,,,NOISE,2025-01-01T15:00:47,37.5,,,NOISE,2025-01-01T15:00:47,37.5,,,NOISE
2026-03-05T13:00:30.206068,Map-Energy__sum__linear-conv00038-20250101_180047-20250102_000047-35.000000-40.000000.png,2025-01-01T18:00:47,2025-01-02T00:00:47,35.0,40.0,2025-01-01T21:00:47,37.5,,,NOISE,2025-01-01T21:00:47,37.5,,,NOISE,2025-01-01T21:00:47,37.5,,,NOISE,2025-01-01T21:00:47,37.5,,,NOISE
2026-03-05T13:00:39.469914,Map-Energy__sum__linear-conv00048-20250102_000047-20250102_060047-35.000000-40.000000.png,2025-01-02T00:00:47,2025-01-02T06:00:47,35.0,40.0,2025-01-02T03:35:06,35.243226,,,SEISMIC,2025-01-02T03:00:47,37.5,,,NOISE,2025-01-02T03:00:47,37.5,,,NOISE,2025-01-02T03:00:47,37.5,,,NOISE
2026-03-05T13:00:41.254323,Map-Energy__sum__linear-conv00058-20250102_060047-20250102_120047-35.000000-40.000000.png,2025-01-02T06:00:47,2025-01-02T12:00:47,35.0,40.0,2025-01-02T09:00:47,37.5,,,NOISE,2025-01-02T09:00:47,37.5,,,NOISE,2025-01-02T09:00:47,37.5,,,NOISE,2025-01-02T09:00:47,37.5,,,NOISE
2026-03-05T13:00:42.998113,Map-Energy__sum__linear-conv00068-20250102_120047-20250102_180047-35.000000-40.000000.png,2025-01-02T12:00:47,2025-01-02T18:00:47,35.0,40.0,2025-01-02T15:00:47,37.5,,,NOISE,2025-01-02T15:00:47,37.5,,,NOISE,2025-01-02T15:00:47,37.5,,,NOISE,2025-01-02T15:00:47,37.5,,,NOISE
2026-03-05T13:00:44.822025,Map-Energy__sum__linear-conv00078-20250102_180047-20250103_000047-35.000000-40.000000.png,2025-01-02T18:00:47,2025-01-03T00:00:47,35.0,40.0,2025-01-02T21:00:47,37.5,,,NOISE,2025-01-02T21:00:47,37.5,,,NOISE,2025-01-02T21:00:47,37.5,,,NOISE,2025-01-02T21:00:47,37.5,,,NOISE
2026-03-05T13:00:47.046760,Map-Energy__sum__linear-conv00088-20250103_000047-20250103_060047-35.000000-40.000000.png,2025-01-03T00:00:47,2025-01-03T06:00:47,35.0,40.0,2025-01-03T03:00:47,37.5,,,NOISE,2025-01-03T03:00:47,37.5,,,NOISE,2025-01-03T03:00:47,37.5,,,NOISE,2025-01-03T03:00:47,37.5,,,NOISE
2026-03-05T13:00:48.166177,Map-Energy__sum__linear-conv00098-20250103_060047-20250103_120047-35.000000-40.000000.png,2025-01-03T06:00:47,2025-01-03T12:00:47,35.0,40.0,2025-01-03T09:00:47,37.5,,,NOISE,2025-01-03T09:00:47,37.5,,,NOISE,2025-01-03T09:00:47,37.5,,,NOISE,2025-01-03T09:00:47,37.5,,,NOISE
2026-03-05T13:00:49.358070,Map-Energy__sum__linear-conv00108-20250103_120047-20250103_180047-35.000000-40.000000.png,2025-01-03T12:00:47,2025-01-03T18:00:47,35.0,40.0,2025-01-03T15:00:47,37.5,,,NOISE,2025-01-03T15:00:47,37.5,,,NOISE,2025-01-03T15:00:47,37.5,,,NOISE,2025-01-03T15:00:47,37.5,,,NOISE
2026-03-05T13:00:50.350177,Map-Energy__sum__linear-conv00118-20250103_180047-20250104_000047-35.000000-40.000000.png,2025-01-03T18:00:47,2025-01-04T00:00:47,35.0,40.0,2025-01-03T21:00:47,37.5,,,NOISE,2025-01-03T21:00:47,37.5,,,NOISE,2025-01-03T21:00:47,37.5,,,NOISE,2025-01-03T21:00:47,37.5,,,NOISE
2026-03-05T13:00:51.790150,Map-Energy__sum__linear-conv00128-20250104_000047-20250104_060047-35.000000-40.000000.png,2025-01-04T00:00:47,2025-01-04T06:00:47,35.0,40.0,2025-01-04T03:00:47,37.5,,,NOISE,2025-01-04T03:00:47,37.5,,,NOISE,2025-01-04T03:00:47,37.5,,,NOISE,2025-01-04T03:00:47,37.5,,,NOISE
2026-03-05T13:00:52.862085,Map-Energy__sum__linear-conv00138-20250104_060047-20250104_120047-35.000000-40.000000.png,2025-01-04T06:00:47,2025-01-04T12:00:47,35.0,40.0,2025-01-04T09:00:47,37.5,,,NOISE,2025-01-04T09:00:47,37.5,,,NOISE,2025-01-04T09:00:47,37.5,,,NOISE,2025-01-04T09:00:47,37.5,,,NOISE
2026-03-05T13:00:54.118126,Map-Energy__sum__linear-conv00148-20250104_120047-20250104_180047-35.000000-40.000000.png,2025-01-04T12:00:47,2025-01-04T18:00:47,35.0,40.0,2025-01-04T15:00:47,37.5,,,NOISE,2025-01-04T15:00:47,37.5,,,NOISE,2025-01-04T15:00:47,37.5,,,NOISE,2025-01-04T15:00:47,37.5,,,NOISE
2026-03-05T13:00:55.454640,Map-Energy__sum__linear-conv00158-20250104_180047-20250105_000047-35.000000-40.000000.png,2025-01-04T18:00:47,2025-01-05T00:00:47,35.0,40.0,2025-01-04T21:00:47,37.5,,,NOISE,2025-01-04T21:00:47,37.5,,,NOISE,2025-01-04T21:00:47,37.5,,,NOISE,2025-01-04T21:00:47,37.5,,,NOISE
2026-03-05T13:00:56.726271,Map-Energy__sum__linear-conv00168-20250105_000047-20250105_060047-35.000000-40.000000.png,2025-01-05T00:00:47,2025-01-05T06:00:47,35.0,40.0,2025-01-05T03:00:47,37.5,,,NOISE,2025-01-05T03:00:47,37.5,,,NOISE,2025-01-05T03:00:47,37.5,,,NOISE,2025-01-05T03:00:47,37.5,,,NOISE
2026-03-05T13:00:58.174211,Map-Energy__sum__linear-conv00178-20250105_060047-20250105_120047-35.000000-40.000000.png,2025-01-05T06:00:47,2025-01-05T12:00:47,35.0,40.0,2025-01-05T09:00:47,37.5,,,NOISE,2025-01-05T09:00:47,37.5,,,NOISE,2025-01-05T09:00:47,37.5,,,NOISE,2025-01-05T09:00:47,37.5,,,NOISE
2026-03-05T13:01:00.078544,Map-Energy__sum__linear-conv00188-20250105_120047-20250105_180047-35.000000-40.000000.png,2025-01-05T12:00:47,2025-01-05T18:00:47,35.0,40.0,2025-01-05T15:00:47,37.5,,,NOISE,2025-01-05T15:00:47,37.5,,,NOISE,2025-01-05T15:00:47,37.5,,,NOISE,2025-01-05T15:00:47,37.5,,,NOISE
2026-03-05T13:01:01.509858,Map-Energy__sum__linear-conv00198-20250105_180047-20250106_000047-35.000000-40.000000.png,2025-01-05T18:00:47,2025-01-06T00:00:47,35.0,40.0,2025-01-05T21:00:47,37.5,,,NOISE,2025-01-05T21:00:47,37.5,,,NOISE,2025-01-05T21:00:47,37.5,,,NOISE,2025-01-05T21:00:47,37.5,,,NOISE
2026-03-05T13:01:02.646050,Map-Energy__sum__linear-conv00208-20250106_000047-20250106_060047-35.000000-40.000000.png,2025-01-06T00:00:47,2025-01-06T06:00:47,35.0,40.0,2025-01-06T03:00:47,37.5,,,NOISE,2025-01-06T03:00:47,37.5,,,NOISE,2025-01-06T03:00:47,37.5,,,NOISE,2025-01-06T03:00:47,37.5,,,NOISE
2026-03-05T13:01:04.117989,Map-Energy__sum__linear-conv00218-20250106_060047-20250106_120047-35.000000-40.000000.png,2025-01-06T06:00:47,2025-01-06T12:00:47,35.0,40.0,2025-01-06T09:00:47,37.5,,,NOISE,2025-01-06T09:00:47,37.5,,,NOISE,2025-01-06T09:00:47,37.5,,,NOISE,2025-01-06T09:00:47,37.5,,,NOISE
2026-03-05T13:01:05.222120,Map-Energy__sum__linear-conv00228-20250106_120047-20250106_180047-35.000000-40.000000.png,2025-01-06T12:00:47,2025-01-06T18:00:47,35.0,40.0,2025-01-06T15:00:47,37.5,,,NOISE,2025-01-06T15:00:47,37.5,,,NOISE,2025-01-06T15:00:47,37.5,,,NOISE,2025-01-06T15:00:47,37.5,,,NOISE
2026-03-05T13:01:06.501960,Map-Energy__sum__linear-conv00238-20250106_180047-20250107_000047-35.000000-40.000000.png,2025-01-06T18:00:47,2025-01-07T00:00:47,35.0,40.0,2025-01-06T21:00:47,37.5,,,NOISE,2025-01-06T21:00:47,37.5,,,NOISE,2025-01-06T21:00:47,37.5,,,NOISE,2025-01-06T21:00:47,37.5,,,NOISE
2026-03-05T13:01:08.182297,Map-Energy__sum__linear-conv00248-20250107_000047-20250107_060047-35.000000-40.000000.png,2025-01-07T00:00:47,2025-01-07T06:00:47,35.0,40.0,2025-01-07T03:00:47,37.5,,,NOISE,2025-01-07T03:00:47,37.5,,,NOISE,2025-01-07T03:00:47,37.5,,,NOISE,2025-01-07T03:00:47,37.5,,,NOISE
2026-03-05T13:01:09.477916,Map-Energy__sum__linear-conv00258-20250107_060047-20250107_120047-35.000000-40.000000.png,2025-01-07T06:00:47,2025-01-07T12:00:47,35.0,40.0,2025-01-07T09:00:47,37.5,,,NOISE,2025-01-07T09:00:47,37.5,,,NOISE,2025-01-07T09:00:47,37.5,,,NOISE,2025-01-07T09:00:47,37.5,,,NOISE
2026-03-05T13:01:11.381920,Map-Energy__sum__linear-conv00268-20250107_120047-20250107_180047-35.000000-40.000000.png,2025-01-07T12:00:47,2025-01-07T18:00:47,35.0,40.0,2025-01-07T15:00:47,37.5,,,NOISE,2025-01-07T15:00:47,37.5,,,NOISE,2025-01-07T15:00:47,37.5,,,NOISE,2025-01-07T15:00:47,37.5,,,NOISE
2026-03-05T13:01:12.470149,Map-Energy__sum__linear-conv00278-20250107_180047-20250108_000047-35.000000-40.000000.png,2025-01-07T18:00:47,2025-01-08T00:00:47,35.0,40.0,2025-01-07T21:00:47,37.5,,,NOISE,2025-01-07T21:00:47,37.5,,,NOISE,2025-01-07T21:00:47,37.5,,,NOISE,2025-01-07T21:00:47,37.5,,,NOISE
2026-03-05T13:01:13.581993,Map-Energy__sum__linear-conv00288-20250108_000047-20250108_060047-35.000000-40.000000.png,2025-01-08T00:00:47,2025-01-08T06:00:47,35.0,40.0,2025-01-08T03:00:47,37.5,,,NOISE,2025-01-08T03:00:47,37.5,,,NOISE,2025-01-08T03:00:47,37.5,,,NOISE,2025-01-08T03:00:47,37.5,,,NOISE
2026-03-05T13:01:14.669972,Map-Energy__sum__linear-conv00298-20250108_060047-20250108_120047-35.000000-40.000000.png,2025-01-08T06:00:47,2025-01-08T12:00:47,35.0,40.0,2025-01-08T09:00:47,37.5,,,NOISE,2025-01-08T09:00:47,37.5,,,NOISE,2025-01-08T09:00:47,37.5,,,NOISE,2025-01-08T09:00:47,37.5,,,NOISE
2026-03-05T13:01:15.909933,Map-Energy__sum__linear-conv00308-20250108_120047-20250108_180047-35.000000-40.000000.png,2025-01-08T12:00:47,2025-01-08T18:00:47,35.0,40.0,2025-01-08T15:00:47,37.5,,,NOISE,2025-01-08T15:00:47,37.5,,,NOISE,2025-01-08T15:00:47,37.5,,,NOISE,2025-01-08T15:00:47,37.5,,,NOISE
2026-03-05T13:01:17.086056,Map-Energy__sum__linear-conv00318-20250108_180047-20250109_000047-35.000000-40.000000.png,2025-01-08T18:00:47,2025-01-09T00:00:47,35.0,40.0,2025-01-08T21:00:47,37.5,,,NOISE,2025-01-08T21:00:47,37.5,,,NOISE,2025-01-08T21:00:47,37.5,,,NOISE,2025-01-08T21:00:47,37.5,,,NOISE
2026-03-05T13:01:18.125759,Map-Energy__sum__linear-conv00328-20250109_000047-20250109_060047-35.000000-40.000000.png,2025-01-09T00:00:47,2025-01-09T06:00:47,35.0,40.0,2025-01-09T03:00:47,37.5,,,NOISE,2025-01-09T03:00:47,37.5,,,NOISE,2025-01-09T03:00:47,37.5,,,NOISE,2025-01-09T03:00:47,37.5,,,NOISE
2026-03-05T13:01:19.182059,Map-Energy__sum__linear-conv00338-20250109_060047-20250109_120047-35.000000-40.000000.png,2025-01-09T06:00:47,2025-01-09T12:00:47,35.0,40.0,2025-01-09T09:00:47,37.5,,,NOISE,2025-01-09T09:00:47,37.5,,,NOISE,2025-01-09T09:00:47,37.5,,,NOISE,2025-01-09T09:00:47,37.5,,,NOISE
2026-03-05T13:01:20.149832,Map-Energy__sum__linear-conv00348-20250109_120047-20250109_180047-35.000000-40.000000.png,2025-01-09T12:00:47,2025-01-09T18:00:47,35.0,40.0,2025-01-09T15:00:47,37.5,,,NOISE,2025-01-09T15:00:47,37.5,,,NOISE,2025-01-09T15:00:47,37.5,,,NOISE,2025-01-09T15:00:47,37.5,,,NOISE
2026-03-05T13:01:21.478138,Map-Energy__sum__linear-conv00358-20250109_180047-20250110_000047-35.000000-40.000000.png,2025-01-09T18:00:47,2025-01-10T00:00:47,35.0,40.0,2025-01-09T21:00:47,37.5,,,NOISE,2025-01-09T21:00:47,37.5,,,NOISE,2025-01-09T21:00:47,37.5,,,NOISE,2025-01-09T21:00:47,37.5,,,NOISE
2026-03-05T13:01:22.854324,Map-Energy__sum__linear-conv00368-20250110_000047-20250110_060047-35.000000-40.000000.png,2025-01-10T00:00:47,2025-01-10T06:00:47,35.0,40.0,2025-01-10T03:00:47,37.5,,,NOISE,2025-01-10T03:00:47,37.5,,,NOISE,2025-01-10T03:00:47,37.5,,,NOISE,2025-01-10T03:00:47,37.5,,,NOISE
2026-03-05T13:01:26.445899,Map-Energy__sum__linear-conv00378-20250110_060047-20250110_120047-35.000000-40.000000.png,2025-01-10T06:00:47,2025-01-10T12:00:47,35.0,40.0,2025-01-10T09:00:47,37.5,,,NOISE,2025-01-10T09:00:47,37.5,,,NOISE,2025-01-10T09:00:47,37.5,,,NOISE,2025-01-10T09:00:47,37.5,,,NOISE
2026-03-05T13:01:27.606003,Map-Energy__sum__linear-conv00388-20250110_120047-20250110_180047-35.000000-40.000000.png,2025-01-10T12:00:47,2025-01-10T18:00:47,35.0,40.0,2025-01-10T15:00:47,37.5,,,NOISE,2025-01-10T15:00:47,37.5,,,NOISE,2025-01-10T15:00:47,37.5,,,NOISE,2025-01-10T15:00:47,37.5,,,NOISE
2026-03-05T13:01:28.933884,Map-Energy__sum__linear-conv00398-20250110_180047-20250111_000047-35.000000-40.000000.png,2025-01-10T18:00:47,2025-01-11T00:00:47,35.0,40.0,2025-01-10T21:00:47,37.5,,,NOISE,2025-01-10T21:00:47,37.5,,,NOISE,2025-01-10T21:00:47,37.5,,,NOISE,2025-01-10T21:00:47,37.5,,,NOISE
2026-03-05T13:01:30.021904,Map-Energy__sum__linear-conv00408-20250111_000047-20250111_060047-35.000000-40.000000.png,2025-01-11T00:00:47,2025-01-11T06:00:47,35.0,40.0,2025-01-11T03:00:47,37.5,,,NOISE,2025-01-11T03:00:47,37.5,,,NOISE,2025-01-11T03:00:47,37.5,,,NOISE,2025-01-11T03:00:47,37.5,,,NOISE
2026-03-05T13:01:50.174220,Map-Energy__sum__linear-conv00418-20250111_060047-20250111_120047-35.000000-40.000000.png,2025-01-11T06:00:47,2025-01-11T12:00:47,35.0,40.0,2025-01-11T08:28:22,35.585633,,,OTHER,2025-01-11T09:00:47,37.5,,,NOISE,2025-01-11T09:00:47,37.5,,,NOISE,2025-01-11T09:00:47,37.5,,,NOISE
2026-03-05T13:01:52.189916,Map-Energy__sum__linear-conv00428-20250111_120047-20250111_180047-35.000000-40.000000.png,2025-01-11T12:00:47,2025-01-11T18:00:47,35.0,40.0,2025-01-11T15:00:47,37.5,,,NOISE,2025-01-11T15:00:47,37.5,,,NOISE,2025-01-11T15:00:47,37.5,,,NOISE,2025-01-11T15:00:47,37.5,,,NOISE
2026-03-05T13:01:53.782270,Map-Energy__sum__linear-conv00438-20250111_180047-20250112_000047-35.000000-40.000000.png,2025-01-11T18:00:47,2025-01-12T00:00:47,35.0,40.0,2025-01-11T21:00:47,37.5,,,NOISE,2025-01-11T21:00:47,37.5,,,NOISE,2025-01-11T21:00:47,37.5,,,NOISE,2025-01-11T21:00:47,37.5,,,NOISE
2026-03-05T13:01:55.597841,Map-Energy__sum__linear-conv00448-20250112_000047-20250112_060047-35.000000-40.000000.png,2025-01-12T00:00:47,2025-01-12T06:00:47,35.0,40.0,2025-01-12T03:00:47,37.5,,,NOISE,2025-01-12T03:00:47,37.5,,,NOISE,2025-01-12T03:00:47,37.5,,,NOISE,2025-01-12T03:00:47,37.5,,,NOISE
2026-03-05T13:01:57.190040,Map-Energy__sum__linear-conv00458-20250112_060047-20250112_120047-35.000000-40.000000.png,2025-01-12T06:00:47,2025-01-12T12:00:47,35.0,40.0,2025-01-12T09:00:47,37.5,,,NOISE,2025-01-12T09:00:47,37.5,,,NOISE,2025-01-12T09:00:47,37.5,,,NOISE,2025-01-12T09:00:47,37.5,,,NOISE
2026-03-05T13:01:58.678116,Map-Energy__sum__linear-conv00468-20250112_120047-20250112_180047-35.000000-40.000000.png,2025-01-12T12:00:47,2025-01-12T18:00:47,35.0,40.0,2025-01-12T15:00:47,37.5,,,NOISE,2025-01-12T15:00:47,37.5,,,NOISE,2025-01-12T15:00:47,37.5,,,NOISE,2025-01-12T15:00:47,37.5,,,NOISE
2026-03-05T13:01:59.933961,Map-Energy__sum__linear-conv00478-20250112_180047-20250113_000047-35.000000-40.000000.png,2025-01-12T18:00:47,2025-01-13T00:00:47,35.0,40.0,2025-01-12T21:00:47,37.5,,,NOISE,2025-01-12T21:00:47,37.5,,,NOISE,2025-01-12T21:00:47,37.5,,,NOISE,2025-01-12T21:00:47,37.5,,,NOISE
2026-03-05T13:02:00.910280,Map-Energy__sum__linear-conv00488-20250113_000047-20250113_060047-35.000000-40.000000.png,2025-01-13T00:00:47,2025-01-13T06:00:47,35.0,40.0,2025-01-13T03:00:47,37.5,,,NOISE,2025-01-13T03:00:47,37.5,,,NOISE,2025-01-13T03:00:47,37.5,,,NOISE,2025-01-13T03:00:47,37.5,,,NOISE
2026-03-05T13:02:02.630193,Map-Energy__sum__linear-conv00498-20250113_060047-20250113_120047-35.000000-40.000000.png,2025-01-13T06:00:47,2025-01-13T12:00:47,35.0,40.0,2025-01-13T09:00:47,37.5,,,NOISE,2025-01-13T09:00:47,37.5,,,NOISE,2025-01-13T09:00:47,37.5,,,NOISE,2025-01-13T09:00:47,37.5,,,NOISE
2026-03-05T13:02:04.213764,Map-Energy__sum__linear-conv00508-20250113_120047-20250113_180047-35.000000-40.000000.png,2025-01-13T12:00:47,2025-01-13T18:00:47,35.0,40.0,2025-01-13T15:00:47,37.5,,,NOISE,2025-01-13T15:00:47,37.5,,,NOISE,2025-01-13T15:00:47,37.5,,,NOISE,2025-01-13T15:00:47,37.5,,,NOISE
2026-03-05T13:02:06.230412,Map-Energy__sum__linear-conv00518-20250113_180047-20250114_000047-35.000000-40.000000.png,2025-01-13T18:00:47,2025-01-14T00:00:47,35.0,40.0,2025-01-13T21:00:47,37.5,,,NOISE,2025-01-13T21:00:47,37.5,,,NOISE,2025-01-13T21:00:47,37.5,,,NOISE,2025-01-13T21:00:47,37.5,,,NOISE
2026-03-05T13:02:08.294710,Map-Energy__sum__linear-conv00528-20250114_000047-20250114_060047-35.000000-40.000000.png,2025-01-14T00:00:47,2025-01-14T06:00:47,35.0,40.0,2025-01-14T03:00:47,37.5,,,NOISE,2025-01-14T03:00:47,37.5,,,NOISE,2025-01-14T03:00:47,37.5,,,NOISE,2025-01-14T03:00:47,37.5,,,NOISE
2026-03-05T13:02:09.653701,Map-Energy__sum__linear-conv00538-20250114_060047-20250114_120047-35.000000-40.000000.png,2025-01-14T06:00:47,2025-01-14T12:00:47,35.0,40.0,2025-01-14T09:00:47,37.5,,,NOISE,2025-01-14T09:00:47,37.5,,,NOISE,2025-01-14T09:00:47,37.5,,,NOISE,2025-01-14T09:00:47,37.5,,,NOISE
2026-03-05T13:02:10.693875,Map-Energy__sum__linear-conv00548-20250114_120047-20250114_180047-35.000000-40.000000.png,2025-01-14T12:00:47,2025-01-14T18:00:47,35.0,40.0,2025-01-14T15:00:47,37.5,,,NOISE,2025-01-14T15:00:47,37.5,,,NOISE,2025-01-14T15:00:47,37.5,,,NOISE,2025-01-14T15:00:47,37.5,,,NOISE
2026-03-05T13:02:16.509606,Map-Energy__sum__linear-conv00558-20250114_180047-20250115_000047-35.000000-40.000000.png,2025-01-14T18:00:47,2025-01-15T00:00:47,35.0,40.0,2025-01-14T22:04:39,37.764587,,,VESSEL,2025-01-14T21:00:47,37.5,,,NOISE,2025-01-14T21:00:47,37.5,,,NOISE,2025-01-14T21:00:47,37.5,,,NOISE
2026-03-05T13:02:17.965512,Map-Energy__sum__linear-conv00568-20250115_000047-20250115_060047-35.000000-40.000000.png,2025-01-15T00:00:47,2025-01-15T06:00:47,35.0,40.0,2025-01-15T03:00:47,37.5,,,NOISE,2025-01-15T03:00:47,37.5,,,NOISE,2025-01-15T03:00:47,37.5,,,NOISE,2025-01-15T03:00:47,37.5,,,NOISE
2026-03-05T13:02:19.117611,Map-Energy__sum__linear-conv00578-20250115_060047-20250115_120047-35.000000-40.000000.png,2025-01-15T06:00:47,2025-01-15T12:00:47,35.0,40.0,2025-01-15T09:00:47,37.5,,,NOISE,2025-01-15T09:00:47,37.5,,,NOISE,2025-01-15T09:00:47,37.5,,,NOISE,2025-01-15T09:00:47,37.5,,,NOISE
2026-03-05T13:02:26.198645,Map-Energy__sum__linear-conv00588-20250115_120047-20250115_180047-35.000000-40.000000.png,2025-01-15T12:00:47,2025-01-15T18:00:47,35.0,40.0,2025-01-15T15:57:21,35.912476,,,SEISMIC,2025-01-15T15:00:47,37.5,,,NOISE,2025-01-15T15:00:47,37.5,,,NOISE,2025-01-15T15:00:47,37.5,,,NOISE
2026-03-05T13:02:27.950538,Map-Energy__sum__linear-conv00598-20250115_180047-20250116_000047-35.000000-40.000000.png,2025-01-15T18:00:47,2025-01-16T00:00:47,35.0,40.0,2025-01-15T21:00:47,37.5,,,NOISE,2025-01-15T21:00:47,37.5,,,NOISE,2025-01-15T21:00:47,37.5,,,NOISE,2025-01-15T21:00:47,37.5,,,NOISE
2026-03-05T13:02:34.574876,Map-Energy__sum__linear-conv00608-20250116_000047-20250116_060047-35.000000-40.000000.png,2025-01-16T00:00:47,2025-01-16T06:00:47,35.0,40.0,2025-01-16T04:38:39,36.138153,,,SEISMIC,2025-01-16T03:00:47,37.5,,,NOISE,2025-01-16T03:00:47,37.5,,,NOISE,2025-01-16T03:00:47,37.5,,,NOISE
2026-03-05T13:02:36.918540,Map-Energy__sum__linear-conv00618-20250116_060047-20250116_120047-35.000000-40.000000.png,2025-01-16T06:00:47,2025-01-16T12:00:47,35.0,40.0,2025-01-16T09:00:47,37.5,,,NOISE,2025-01-16T09:00:47,37.5,,,NOISE,2025-01-16T09:00:47,37.5,,,NOISE,2025-01-16T09:00:47,37.5,,,NOISE
2026-03-05T13:02:38.118007,Map-Energy__sum__linear-conv00628-20250116_120047-20250116_180047-35.000000-40.000000.png,2025-01-16T12:00:47,2025-01-16T18:00:47,35.0,40.0,2025-01-16T15:00:47,37.5,,,NOISE,2025-01-16T15:00:47,37.5,,,NOISE,2025-01-16T15:00:47,37.5,,,NOISE,2025-01-16T15:00:47,37.5,,,NOISE
2026-03-05T13:02:39.302821,Map-Energy__sum__linear-conv00638-20250116_180047-20250117_000047-35.000000-40.000000.png,2025-01-16T18:00:47,2025-01-17T00:00:47,35.0,40.0,2025-01-16T21:00:47,37.5,,,NOISE,2025-01-16T21:00:47,37.5,,,NOISE,2025-01-16T21:00:47,37.5,,,NOISE,2025-01-16T21:00:47,37.5,,,NOISE
2026-03-05T13:02:40.550544,Map-Energy__sum__linear-conv00648-20250117_000047-20250117_060047-35.000000-40.000000.png,2025-01-17T00:00:47,2025-01-17T06:00:47,35.0,40.0,2025-01-17T03:00:47,37.5,,,NOISE,2025-01-17T03:00:47,37.5,,,NOISE,2025-01-17T03:00:47,37.5,,,NOISE,2025-01-17T03:00:47,37.5,,,NOISE
2026-03-05T13:02:41.582593,Map-Energy__sum__linear-conv00658-20250117_060047-20250117_120047-35.000000-40.000000.png,2025-01-17T06:00:47,2025-01-17T12:00:47,35.0,40.0,2025-01-17T09:00:47,37.5,,,NOISE,2025-01-17T09:00:47,37.5,,,NOISE,2025-01-17T09:00:47,37.5,,,NOISE,2025-01-17T09:00:47,37.5,,,NOISE
2026-03-05T13:02:42.558469,Map-Energy__sum__linear-conv00668-20250117_120047-20250117_180047-35.000000-40.000000.png,2025-01-17T12:00:47,2025-01-17T18:00:47,35.0,40.0,2025-01-17T15:00:47,37.5,,,NOISE,2025-01-17T15:00:47,37.5,,,NOISE,2025-01-17T15:00:47,37.5,,,NOISE,2025-01-17T15:00:47,37.5,,,NOISE
2026-03-05T13:02:43.854673,Map-Energy__sum__linear-conv00678-20250117_180047-20250118_000047-35.000000-40.000000.png,2025-01-17T18:00:47,2025-01-18T00:00:47,35.0,40.0,2025-01-17T21:00:47,37.5,,,NOISE,2025-01-17T21:00:47,37.5,,,NOISE,2025-01-17T21:00:47,37.5,,,NOISE,2025-01-17T21:00:47,37.5,,,NOISE
2026-03-05T13:02:45.014416,Map-Energy__sum__linear-conv00688-20250118_000047-20250118_060047-35.000000-40.000000.png,2025-01-18T00:00:47,2025-01-18T06:00:47,35.0,40.0,2025-01-18T03:00:47,37.5,,,NOISE,2025-01-18T03:00:47,37.5,,,NOISE,2025-01-18T03:00:47,37.5,,,NOISE,2025-01-18T03:00:47,37.5,,,NOISE
2026-03-05T13:02:46.294156,Map-Energy__sum__linear-conv00698-20250118_060047-20250118_120047-35.000000-40.000000.png,2025-01-18T06:00:47,2025-01-18T12:00:47,35.0,40.0,2025-01-18T09:00:47,37.5,,,NOISE,2025-01-18T09:00:47,37.5,,,NOISE,2025-01-18T09:00:47,37.5,,,NOISE,2025-01-18T09:00:47,37.5,,,NOISE
2026-03-05T13:02:47.381685,Map-Energy__sum__linear-conv00708-20250118_120047-20250118_180047-35.000000-40.000000.png,2025-01-18T12:00:47,2025-01-18T18:00:47,35.0,40.0,2025-01-18T15:00:47,37.5,,,NOISE,2025-01-18T15:00:47,37.5,,,NOISE,2025-01-18T15:00:47,37.5,,,NOISE,2025-01-18T15:00:47,37.5,,,NOISE
2026-03-05T13:02:48.933749,Map-Energy__sum__linear-conv00718-20250118_180047-20250119_000047-35.000000-40.000000.png,2025-01-18T18:00:47,2025-01-19T00:00:47,35.0,40.0,2025-01-18T21:00:47,37.5,,,NOISE,2025-01-18T21:00:47,37.5,,,NOISE,2025-01-18T21:00:47,37.5,,,NOISE,2025-01-18T21:00:47,37.5,,,NOISE
2026-03-05T13:02:51.277629,Map-Energy__sum__linear-conv00728-20250119_000047-20250119_060047-35.000000-40.000000.png,2025-01-19T00:00:47,2025-01-19T06:00:47,35.0,40.0,2025-01-19T03:00:47,37.5,,,NOISE,2025-01-19T03:00:47,37.5,,,NOISE,2025-01-19T03:00:47,37.5,,,NOISE,2025-01-19T03:00:47,37.5,,,NOISE
2026-03-05T13:02:52.621616,Map-Energy__sum__linear-conv00738-20250119_060047-20250119_120047-35.000000-40.000000.png,2025-01-19T06:00:47,2025-01-19T12:00:47,35.0,40.0,2025-01-19T09:00:47,37.5,,,NOISE,2025-01-19T09:00:47,37.5,,,NOISE,2025-01-19T09:00:47,37.5,,,NOISE,2025-01-19T09:00:47,37.5,,,NOISE
2026-03-05T13:02:53.646222,Map-Energy__sum__linear-conv00748-20250119_120047-20250119_180047-35.000000-40.000000.png,2025-01-19T12:00:47,2025-01-19T18:00:47,35.0,40.0,2025-01-19T15:00:47,37.5,,,NOISE,2025-01-19T15:00:47,37.5,,,NOISE,2025-01-19T15:00:47,37.5,,,NOISE,2025-01-19T15:00:47,37.5,,,NOISE
2026-03-05T13:03:11.605841,Map-Energy__sum__linear-conv00758-20250119_180047-20250120_000047-35.000000-40.000000.png,2025-01-19T18:00:47,2025-01-20T00:00:47,35.0,40.0,2025-01-19T20:35:02,35.725709,,,OTHER,2025-01-19T18:10:45,37.040863,,,OTHER,2025-01-19T21:00:47,37.5,,,NOISE,2025-01-19T21:00:47,37.5,,,NOISE
2026-03-05T13:03:13.749737,Map-Energy__sum__linear-conv00768-20250120_000047-20250120_060047-35.000000-40.000000.png,2025-01-20T00:00:47,2025-01-20T06:00:47,35.0,40.0,2025-01-20T03:00:47,37.5,,,NOISE,2025-01-20T03:00:47,37.5,,,NOISE,2025-01-20T03:00:47,37.5,,,NOISE,2025-01-20T03:00:47,37.5,,,NOISE
2026-03-05T13:03:15.485744,Map-Energy__sum__linear-conv00778-20250120_060047-20250120_120047-35.000000-40.000000.png,2025-01-20T06:00:47,2025-01-20T12:00:47,35.0,40.0,2025-01-20T09:00:47,37.5,,,NOISE,2025-01-20T09:00:47,37.5,,,NOISE,2025-01-20T09:00:47,37.5,,,NOISE,2025-01-20T09:00:47,37.5,,,NOISE
2026-03-05T13:03:28.077651,Map-Energy__sum__linear-conv00788-20250120_120047-20250120_180047-35.000000-40.000000.png,2025-01-20T12:00:47,2025-01-20T18:00:47,35.0,40.0,2025-01-20T14:40:26,35.461121,,,OTHER,2025-01-20T15:00:47,37.5,,,NOISE,2025-01-20T15:00:47,37.5,,,NOISE,2025-01-20T15:00:47,37.5,,,NOISE
2026-03-05T13:03:30.134166,Map-Energy__sum__linear-conv00798-20250120_180047-20250121_000047-35.000000-40.000000.png,2025-01-20T18:00:47,2025-01-21T00:00:47,35.0,40.0,2025-01-20T21:00:47,37.5,,,NOISE,2025-01-20T21:00:47,37.5,,,NOISE,2025-01-20T21:00:47,37.5,,,NOISE,2025-01-20T21:00:47,37.5,,,NOISE
2026-03-05T13:03:31.509726,Map-Energy__sum__linear-conv00808-20250121_000047-20250121_060047-35.000000-40.000000.png,2025-01-21T00:00:47,2025-01-21T06:00:47,35.0,40.0,2025-01-21T03:00:47,37.5,,,NOISE,2025-01-21T03:00:47,37.5,,,NOISE,2025-01-21T03:00:47,37.5,,,NOISE,2025-01-21T03:00:47,37.5,,,NOISE
2026-03-05T13:03:32.773936,Map-Energy__sum__linear-conv00818-20250121_060047-20250121_120047-35.000000-40.000000.png,2025-01-21T06:00:47,2025-01-21T12:00:47,35.0,40.0,2025-01-21T09:00:47,37.5,,,NOISE,2025-01-21T09:00:47,37.5,,,NOISE,2025-01-21T09:00:47,37.5,,,NOISE,2025-01-21T09:00:47,37.5,,,NOISE
2026-03-05T13:03:33.853889,Map-Energy__sum__linear-conv00828-20250121_120047-20250121_180047-35.000000-40.000000.png,2025-01-21T12:00:47,2025-01-21T18:00:47,35.0,40.0,2025-01-21T15:00:47,37.5,,,NOISE,2025-01-21T15:00:47,37.5,,,NOISE,2025-01-21T15:00:47,37.5,,,NOISE,2025-01-21T15:00:47,37.5,,,NOISE
2026-03-05T13:03:35.277901,Map-Energy__sum__linear-conv00838-20250121_180047-20250122_000047-35.000000-40.000000.png,2025-01-21T18:00:47,2025-01-22T00:00:47,35.0,40.0,2025-01-21T21:00:47,37.5,,,NOISE,2025-01-21T21:00:47,37.5,,,NOISE,2025-01-21T21:00:47,37.5,,,NOISE,2025-01-21T21:00:47,37.5,,,NOISE
2026-03-05T13:03:36.341838,Map-Energy__sum__linear-conv00848-20250122_000047-20250122_060047-35.000000-40.000000.png,2025-01-22T00:00:47,2025-01-22T06:00:47,35.0,40.0,2025-01-22T03:00:47,37.5,,,NOISE,2025-01-22T03:00:47,37.5,,,NOISE,2025-01-22T03:00:47,37.5,,,NOISE,2025-01-22T03:00:47,37.5,,,NOISE
2026-03-05T13:03:37.685965,Map-Energy__sum__linear-conv00858-20250122_060047-20250122_120047-35.000000-40.000000.png,2025-01-22T06:00:47,2025-01-22T12:00:47,35.0,40.0,2025-01-22T09:00:47,37.5,,,NOISE,2025-01-22T09:00:47,37.5,,,NOISE,2025-01-22T09:00:47,37.5,,,NOISE,2025-01-22T09:00:47,37.5,,,NOISE
2026-03-05T13:03:38.853680,Map-Energy__sum__linear-conv00868-20250122_120047-20250122_180047-35.000000-40.000000.png,2025-01-22T12:00:47,2025-01-22T18:00:47,35.0,40.0,2025-01-22T15:00:47,37.5,,,NOISE,2025-01-22T15:00:47,37.5,,,NOISE,2025-01-22T15:00:47,37.5,,,NOISE,2025-01-22T15:00:47,37.5,,,NOISE
2026-03-05T13:03:39.893818,Map-Energy__sum__linear-conv00878-20250122_180047-20250123_000047-35.000000-40.000000.png,2025-01-22T18:00:47,2025-01-23T00:00:47,35.0,40.0,2025-01-22T21:00:47,37.5,,,NOISE,2025-01-22T21:00:47,37.5,,,NOISE,2025-01-22T21:00:47,37.5,,,NOISE,2025-01-22T21:00:47,37.5,,,NOISE
2026-03-05T13:03:41.149882,Map-Energy__sum__linear-conv00888-20250123_000047-20250123_060047-35.000000-40.000000.png,2025-01-23T00:00:47,2025-01-23T06:00:47,35.0,40.0,2025-01-23T03:00:47,37.5,,,NOISE,2025-01-23T03:00:47,37.5,,,NOISE,2025-01-23T03:00:47,37.5,,,NOISE,2025-01-23T03:00:47,37.5,,,NOISE
2026-03-05T13:03:42.502110,Map-Energy__sum__linear-conv00898-20250123_060047-20250123_120047-35.000000-40.000000.png,2025-01-23T06:00:47,2025-01-23T12:00:47,35.0,40.0,2025-01-23T09:00:47,37.5,,,NOISE,2025-01-23T09:00:47,37.5,,,NOISE,2025-01-23T09:00:47,37.5,,,NOISE,2025-01-23T09:00:47,37.5,,,NOISE
2026-03-05T13:03:43.565904,Map-Energy__sum__linear-conv00908-20250123_120047-20250123_180047-35.000000-40.000000.png,2025-01-23T12:00:47,2025-01-23T18:00:47,35.0,40.0,2025-01-23T15:00:47,37.5,,,NOISE,2025-01-23T15:00:47,37.5,,,NOISE,2025-01-23T15:00:47,37.5,,,NOISE,2025-01-23T15:00:47,37.5,,,NOISE
2026-03-05T13:03:45.869923,Map-Energy__sum__linear-conv00918-20250123_180047-20250124_000047-35.000000-40.000000.png,2025-01-23T18:00:47,2025-01-24T00:00:47,35.0,40.0,2025-01-23T21:00:47,37.5,,,NOISE,2025-01-23T21:00:47,37.5,,,NOISE,2025-01-23T21:00:47,37.5,,,NOISE,2025-01-23T21:00:47,37.5,,,NOISE
2026-03-05T13:03:47.877849,Map-Energy__sum__linear-conv00928-20250124_000047-20250124_060047-35.000000-40.000000.png,2025-01-24T00:00:47,2025-01-24T06:00:47,35.0,40.0,2025-01-24T03:00:47,37.5,,,NOISE,2025-01-24T03:00:47,37.5,,,NOISE,2025-01-24T03:00:47,37.5,,,NOISE,2025-01-24T03:00:47,37.5,,,NOISE
2026-03-05T13:03:49.157679,Map-Energy__sum__linear-conv00938-20250124_060047-20250124_120047-35.000000-40.000000.png,2025-01-24T06:00:47,2025-01-24T12:00:47,35.0,40.0,2025-01-24T09:00:47,37.5,,,NOISE,2025-01-24T09:00:47,37.5,,,NOISE,2025-01-24T09:00:47,37.5,,,NOISE,2025-01-24T09:00:47,37.5,,,NOISE
2026-03-05T13:03:50.613734,Map-Energy__sum__linear-conv00948-20250124_120047-20250124_180047-35.000000-40.000000.png,2025-01-24T12:00:47,2025-01-24T18:00:47,35.0,40.0,2025-01-24T15:00:47,37.5,,,NOISE,2025-01-24T15:00:47,37.5,,,NOISE,2025-01-24T15:00:47,37.5,,,NOISE,2025-01-24T15:00:47,37.5,,,NOISE
2026-03-05T13:03:51.717960,Map-Energy__sum__linear-conv00958-20250124_180047-20250125_000047-35.000000-40.000000.png,2025-01-24T18:00:47,2025-01-25T00:00:47,35.0,40.0,2025-01-24T21:00:47,37.5,,,NOISE,2025-01-24T21:00:47,37.5,,,NOISE,2025-01-24T21:00:47,37.5,,,NOISE,2025-01-24T21:00:47,37.5,,,NOISE
2026-03-05T13:03:53.677761,Map-Energy__sum__linear-conv00968-20250125_000047-20250125_060047-35.000000-40.000000.png,2025-01-25T00:00:47,2025-01-25T06:00:47,35.0,40.0,2025-01-25T03:00:47,37.5,,,NOISE,2025-01-25T03:00:47,37.5,,,NOISE,2025-01-25T03:00:47,37.5,,,NOISE,2025-01-25T03:00:47,37.5,,,NOISE
2026-03-05T13:03:55.221792,Map-Energy__sum__linear-conv00978-20250125_060047-20250125_120047-35.000000-40.000000.png,2025-01-25T06:00:47,2025-01-25T12:00:47,35.0,40.0,2025-01-25T09:00:47,37.5,,,NOISE,2025-01-25T09:00:47,37.5,,,NOISE,2025-01-25T09:00:47,37.5,,,NOISE,2025-01-25T09:00:47,37.5,,,NOISE
2026-03-05T13:03:56.421804,Map-Energy__sum__linear-conv00988-20250125_120047-20250125_180047-35.000000-40.000000.png,2025-01-25T12:00:47,2025-01-25T18:00:47,35.0,40.0,2025-01-25T15:00:47,37.5,,,NOISE,2025-01-25T15:00:47,37.5,,,NOISE,2025-01-25T15:00:47,37.5,,,NOISE,2025-01-25T15:00:47,37.5,,,NOISE
2026-03-05T13:03:57.501816,Map-Energy__sum__linear-conv00998-20250125_180047-20250126_000047-35.000000-40.000000.png,2025-01-25T18:00:47,2025-01-26T00:00:47,35.0,40.0,2025-01-25T21:00:47,37.5,,,NOISE,2025-01-25T21:00:47,37.5,,,NOISE,2025-01-25T21:00:47,37.5,,,NOISE,2025-01-25T21:00:47,37.5,,,NOISE
2026-03-05T13:03:58.573672,Map-Energy__sum__linear-conv01008-20250126_000047-20250126_060047-35.000000-40.000000.png,2025-01-26T00:00:47,2025-01-26T06:00:47,35.0,40.0,2025-01-26T03:00:47,37.5,,,NOISE,2025-01-26T03:00:47,37.5,,,NOISE,2025-01-26T03:00:47,37.5,,,NOISE,2025-01-26T03:00:47,37.5,,,NOISE
2026-03-05T13:04:07.709906,Map-Energy__sum__linear-conv01018-20250126_060047-20250126_120047-35.000000-40.000000.png,2025-01-26T06:00:47,2025-01-26T12:00:47,35.0,40.0,2025-01-26T09:51:56,38.348236,,,VESSEL,2025-01-26T11:04:24,39.219818,,,OTHER,2025-01-26T09:00:47,37.5,,,NOISE,2025-01-26T09:00:47,37.5,,,NOISE
2026-03-05T13:04:12.326405,Map-Energy__sum__linear-conv01028-20250126_120047-20250126_180047-35.000000-40.000000.png,2025-01-26T12:00:47,2025-01-26T18:00:47,35.0,40.0,2025-01-26T15:00:47,37.5,,,NOISE,2025-01-26T15:00:47,37.5,,,NOISE,2025-01-26T15:00:47,37.5,,,NOISE,2025-01-26T15:00:47,37.5,,,NOISE
2026-03-05T13:04:35.021546,Map-Energy__sum__linear-conv01038-20250126_180047-20250127_000047-35.000000-40.000000.png,2025-01-26T18:00:47,2025-01-27T00:00:47,35.0,40.0,2025-01-26T20:12:47,36.612854,,,VESSEL,2025-01-26T21:48:46,39.11087,,,VESSEL,2025-01-26T21:00:47,37.5,,,NOISE,2025-01-26T21:00:47,37.5,,,NOISE
2026-03-05T13:04:37.238134,Map-Energy__sum__linear-conv01048-20250127_000047-20250127_060047-35.000000-40.000000.png,2025-01-27T00:00:47,2025-01-27T06:00:47,35.0,40.0,2025-01-27T03:00:47,37.5,,,NOISE,2025-01-27T03:00:47,37.5,,,NOISE,2025-01-27T03:00:47,37.5,,,NOISE,2025-01-27T03:00:47,37.5,,,NOISE
2026-03-05T13:04:38.509944,Map-Energy__sum__linear-conv01058-20250127_060047-20250127_120047-35.000000-40.000000.png,2025-01-27T06:00:47,2025-01-27T12:00:47,35.0,40.0,2025-01-27T09:00:47,37.5,,,NOISE,2025-01-27T09:00:47,37.5,,,NOISE,2025-01-27T09:00:47,37.5,,,NOISE,2025-01-27T09:00:47,37.5,,,NOISE
2026-03-05T13:04:43.605641,Map-Energy__sum__linear-conv01068-20250127_120047-20250127_180047-35.000000-40.000000.png,2025-01-27T12:00:47,2025-01-27T18:00:47,35.0,40.0,2025-01-27T15:00:47,37.5,,,NOISE,2025-01-27T15:00:47,37.5,,,NOISE,2025-01-27T15:00:47,37.5,,,NOISE,2025-01-27T15:00:47,37.5,,,NOISE
2026-03-05T13:04:44.678833,Map-Energy__sum__linear-conv01078-20250127_180047-20250128_000047-35.000000-40.000000.png,2025-01-27T18:00:47,2025-01-28T00:00:47,35.0,40.0,2025-01-27T21:00:47,37.5,,,NOISE,2025-01-27T21:00:47,37.5,,,NOISE,2025-01-27T21:00:47,37.5,,,NOISE,2025-01-27T21:00:47,37.5,,,NOISE
2026-03-05T13:04:45.997767,Map-Energy__sum__linear-conv01088-20250128_000047-20250128_060047-35.000000-40.000000.png,2025-01-28T00:00:47,2025-01-28T06:00:47,35.0,40.0,2025-01-28T03:00:47,37.5,,,NOISE,2025-01-28T03:00:47,37.5,,,NOISE,2025-01-28T03:00:47,37.5,,,NOISE,2025-01-28T03:00:47,37.5,,,NOISE
2026-03-05T13:04:47.093675,Map-Energy__sum__linear-conv01098-20250128_060047-20250128_120047-35.000000-40.000000.png,2025-01-28T06:00:47,2025-01-28T12:00:47,35.0,40.0,2025-01-28T09:00:47,37.5,,,NOISE,2025-01-28T09:00:47,37.5,,,NOISE,2025-01-28T09:00:47,37.5,,,NOISE,2025-01-28T09:00:47,37.5,,,NOISE
2026-03-05T13:04:48.341702,Map-Energy__sum__linear-conv01108-20250128_120047-20250128_180047-35.000000-40.000000.png,2025-01-28T12:00:47,2025-01-28T18:00:47,35.0,40.0,2025-01-28T15:00:47,37.5,,,NOISE,2025-01-28T15:00:47,37.5,,,NOISE,2025-01-28T15:00:47,37.5,,,NOISE,2025-01-28T15:00:47,37.5,,,NOISE
2026-03-05T13:04:49.253583,Map-Energy__sum__linear-conv01118-20250128_180047-20250129_000047-35.000000-40.000000.png,2025-01-28T18:00:47,2025-01-29T00:00:47,35.0,40.0,2025-01-28T21:00:47,37.5,,,NOISE,2025-01-28T21:00:47,37.5,,,NOISE,2025-01-28T21:00:47,37.5,,,NOISE,2025-01-28T21:00:47,37.5,,,NOISE
2026-03-05T13:04:50.357540,Map-Energy__sum__linear-conv01128-20250129_000047-20250129_060047-35.000000-40.000000.png,2025-01-29T00:00:47,2025-01-29T06:00:47,35.0,40.0,2025-01-29T03:00:47,37.5,,,NOISE,2025-01-29T03:00:47,37.5,,,NOISE,2025-01-29T03:00:47,37.5,,,NOISE,2025-01-29T03:00:47,37.5,,,NOISE
2026-03-05T13:04:51.429631,Map-Energy__sum__linear-conv01138-20250129_060047-20250129_120047-35.000000-40.000000.png,2025-01-29T06:00:47,2025-01-29T12:00:47,35.0,40.0,2025-01-29T09:00:47,37.5,,,NOISE,2025-01-29T09:00:47,37.5,,,NOISE,2025-01-29T09:00:47,37.5,,,NOISE,2025-01-29T09:00:47,37.5,,,NOISE
2026-03-05T13:04:52.485918,Map-Energy__sum__linear-conv01148-20250129_120047-20250129_180047-35.000000-40.000000.png,2025-01-29T12:00:47,2025-01-29T18:00:47,35.0,40.0,2025-01-29T15:00:47,37.5,,,NOISE,2025-01-29T15:00:47,37.5,,,NOISE,2025-01-29T15:00:47,37.5,,,NOISE,2025-01-29T15:00:47,37.5,,,NOISE
2026-03-05T13:04:53.981732,Map-Energy__sum__linear-conv01158-20250129_180047-20250130_000047-35.000000-40.000000.png,2025-01-29T18:00:47,2025-01-30T00:00:47,35.0,40.0,2025-01-29T21:00:47,37.5,,,NOISE,2025-01-29T21:00:47,37.5,,,NOISE,2025-01-29T21:00:47,37.5,,,NOISE,2025-01-29T21:00:47,37.5,,,NOISE
2026-03-05T13:04:55.077749,Map-Energy__sum__linear-conv01168-20250130_000047-20250130_060047-35.000000-40.000000.png,2025-01-30T00:00:47,2025-01-30T06:00:47,35.0,40.0,2025-01-30T03:00:47,37.5,,,NOISE,2025-01-30T03:00:47,37.5,,,NOISE,2025-01-30T03:00:47,37.5,,,NOISE,2025-01-30T03:00:47,37.5,,,NOISE
2026-03-05T13:04:56.397926,Map-Energy__sum__linear-conv01178-20250130_060047-20250130_120047-35.000000-40.000000.png,2025-01-30T06:00:47,2025-01-30T12:00:47,35.0,40.0,2025-01-30T09:00:47,37.5,,,NOISE,2025-01-30T09:00:47,37.5,,,NOISE,2025-01-30T09:00:47,37.5,,,NOISE,2025-01-30T09:00:47,37.5,,,NOISE
2026-03-05T13:04:57.621716,Map-Energy__sum__linear-conv01188-20250130_120047-20250130_180047-35.000000-40.000000.png,2025-01-30T12:00:47,2025-01-30T18:00:47,35.0,40.0,2025-01-30T15:00:47,37.5,,,NOISE,2025-01-30T15:00:47,37.5,,,NOISE,2025-01-30T15:00:47,37.5,,,NOISE,2025-01-30T15:00:47,37.5,,,NOISE
2026-03-05T13:04:58.829754,Map-Energy__sum__linear-conv01198-20250130_180047-20250131_000047-35.000000-40.000000.png,2025-01-30T18:00:47,2025-01-31T00:00:47,35.0,40.0,2025-01-30T21:00:47,37.5,,,NOISE,2025-01-30T21:00:47,37.5,,,NOISE,2025-01-30T21:00:47,37.5,,,NOISE,2025-01-30T21:00:47,37.5,,,NOISE
2026-03-05T13:04:59.901697,Map-Energy__sum__linear-conv01208-20250131_000047-20250131_060047-35.000000-40.000000.png,2025-01-31T00:00:47,2025-01-31T06:00:47,35.0,40.0,2025-01-31T03:00:47,37.5,,,NOISE,2025-01-31T03:00:47,37.5,,,NOISE,2025-01-31T03:00:47,37.5,,,NOISE,2025-01-31T03:00:47,37.5,,,NOISE
2026-03-05T13:05:00.997622,Map-Energy__sum__linear-conv01218-20250131_060047-20250131_120047-35.000000-40.000000.png,2025-01-31T06:00:47,2025-01-31T12:00:47,35.0,40.0,2025-01-31T09:00:47,37.5,,,NOISE,2025-01-31T09:00:47,37.5,,,NOISE,2025-01-31T09:00:47,37.5,,,NOISE,2025-01-31T09:00:47,37.5,,,NOISE
2026-03-05T13:05:01.957725,Map-Energy__sum__linear-conv01228-20250131_120047-20250131_180047-35.000000-40.000000.png,2025-01-31T12:00:47,2025-01-31T18:00:47,35.0,40.0,2025-01-31T15:00:47,37.5,,,NOISE,2025-01-31T15:00:47,37.5,,,NOISE,2025-01-31T15:00:47,37.5,,,NOISE,2025-01-31T15:00:47,37.5,,,NOISE
2026-03-05T13:05:03.133792,Map-Energy__sum__linear-conv01238-20250131_180047-20250201_000047-35.000000-40.000000.png,2025-01-31T18:00:47,2025-02-01T00:00:47,35.0,40.0,2025-01-31T21:00:47,37.5,,,NOISE,2025-01-31T21:00:47,37.5,,,NOISE,2025-01-31T21:00:47,37.5,,,NOISE,2025-01-31T21:00:47,37.5,,,NOISE
2026-03-05T13:05:04.342402,Map-Energy__sum__linear-conv00009-20250101_000047-20250101_060047-40.000000-45.000000.png,2025-01-01T00:00:47,2025-01-01T06:00:47,40.0,45.0,2025-01-01T03:00:47,42.5,,,NOISE,2025-01-01T03:00:47,42.5,,,NOISE,2025-01-01T03:00:47,42.5,,,NOISE,2025-01-01T03:00:47,42.5,,,NOISE
2026-03-05T13:05:05.381636,Map-Energy__sum__linear-conv00019-20250101_060047-20250101_120047-40.000000-45.000000.png,2025-01-01T06:00:47,2025-01-01T12:00:47,40.0,45.0,2025-01-01T09:00:47,42.5,,,NOISE,2025-01-01T09:00:47,42.5,,,NOISE,2025-01-01T09:00:47,42.5,,,NOISE,2025-01-01T09:00:47,42.5,,,NOISE
2026-03-05T13:05:06.429559,Map-Energy__sum__linear-conv00029-20250101_120047-20250101_180047-40.000000-45.000000.png,2025-01-01T12:00:47,2025-01-01T18:00:47,40.0,45.0,2025-01-01T15:00:47,42.5,,,NOISE,2025-01-01T15:00:47,42.5,,,NOISE,2025-01-01T15:00:47,42.5,,,NOISE,2025-01-01T15:00:47,42.5,,,NOISE
2026-03-05T13:05:07.493829,Map-Energy__sum__linear-conv00039-20250101_180047-20250102_000047-40.000000-45.000000.png,2025-01-01T18:00:47,2025-01-02T00:00:47,40.0,45.0,2025-01-01T21:00:47,42.5,,,NOISE,2025-01-01T21:00:47,42.5,,,NOISE,2025-01-01T21:00:47,42.5,,,NOISE,2025-01-01T21:00:47,42.5,,,NOISE
2026-03-05T13:05:08.989583,Map-Energy__sum__linear-conv00049-20250102_000047-20250102_060047-40.000000-45.000000.png,2025-01-02T00:00:47,2025-01-02T06:00:47,40.0,45.0,2025-01-02T03:00:47,42.5,,,NOISE,2025-01-02T03:00:47,42.5,,,NOISE,2025-01-02T03:00:47,42.5,,,NOISE,2025-01-02T03:00:47,42.5,,,NOISE
2026-03-05T13:05:10.206343,Map-Energy__sum__linear-conv00059-20250102_060047-20250102_120047-40.000000-45.000000.png,2025-01-02T06:00:47,2025-01-02T12:00:47,40.0,45.0,2025-01-02T09:00:47,42.5,,,NOISE,2025-01-02T09:00:47,42.5,,,NOISE,2025-01-02T09:00:47,42.5,,,NOISE,2025-01-02T09:00:47,42.5,,,NOISE
2026-03-05T13:05:11.245703,Map-Energy__sum__linear-conv00069-20250102_120047-20250102_180047-40.000000-45.000000.png,2025-01-02T12:00:47,2025-01-02T18:00:47,40.0,45.0,2025-01-02T15:00:47,42.5,,,NOISE,2025-01-02T15:00:47,42.5,,,NOISE,2025-01-02T15:00:47,42.5,,,NOISE,2025-01-02T15:00:47,42.5,,,NOISE
2026-03-05T13:05:12.477876,Map-Energy__sum__linear-conv00079-20250102_180047-20250103_000047-40.000000-45.000000.png,2025-01-02T18:00:47,2025-01-03T00:00:47,40.0,45.0,2025-01-02T21:00:47,42.5,,,NOISE,2025-01-02T21:00:47,42.5,,,NOISE,2025-01-02T21:00:47,42.5,,,NOISE,2025-01-02T21:00:47,42.5,,,NOISE
2026-03-05T13:05:14.261653,Map-Energy__sum__linear-conv00089-20250103_000047-20250103_060047-40.000000-45.000000.png,2025-01-03T00:00:47,2025-01-03T06:00:47,40.0,45.0,2025-01-03T03:00:47,42.5,,,NOISE,2025-01-03T03:00:47,42.5,,,NOISE,2025-01-03T03:00:47,42.5,,,NOISE,2025-01-03T03:00:47,42.5,,,NOISE
2026-03-05T13:05:15.389741,Map-Energy__sum__linear-conv00099-20250103_060047-20250103_120047-40.000000-45.000000.png,2025-01-03T06:00:47,2025-01-03T12:00:47,40.0,45.0,2025-01-03T09:00:47,42.5,,,NOISE,2025-01-03T09:00:47,42.5,,,NOISE,2025-01-03T09:00:47,42.5,,,NOISE,2025-01-03T09:00:47,42.5,,,NOISE
2026-03-05T13:05:16.677688,Map-Energy__sum__linear-conv00109-20250103_120047-20250103_180047-40.000000-45.000000.png,2025-01-03T12:00:47,2025-01-03T18:00:47,40.0,45.0,2025-01-03T15:00:47,42.5,,,NOISE,2025-01-03T15:00:47,42.5,,,NOISE,2025-01-03T15:00:47,42.5,,,NOISE,2025-01-03T15:00:47,42.5,,,NOISE
2026-03-05T13:05:17.845999,Map-Energy__sum__linear-conv00119-20250103_180047-20250104_000047-40.000000-45.000000.png,2025-01-03T18:00:47,2025-01-04T00:00:47,40.0,45.0,2025-01-03T21:00:47,42.5,,,NOISE,2025-01-03T21:00:47,42.5,,,NOISE,2025-01-03T21:00:47,42.5,,,NOISE,2025-01-03T21:00:47,42.5,,,NOISE
2026-03-05T13:05:19.381694,Map-Energy__sum__linear-conv00129-20250104_000047-20250104_060047-40.000000-45.000000.png,2025-01-04T00:00:47,2025-01-04T06:00:47,40.0,45.0,2025-01-04T03:00:47,42.5,,,NOISE,2025-01-04T03:00:47,42.5,,,NOISE,2025-01-04T03:00:47,42.5,,,NOISE,2025-01-04T03:00:47,42.5,,,NOISE
2026-03-05T13:05:20.461551,Map-Energy__sum__linear-conv00139-20250104_060047-20250104_120047-40.000000-45.000000.png,2025-01-04T06:00:47,2025-01-04T12:00:47,40.0,45.0,2025-01-04T09:00:47,42.5,,,NOISE,2025-01-04T09:00:47,42.5,,,NOISE,2025-01-04T09:00:47,42.5,,,NOISE,2025-01-04T09:00:47,42.5,,,NOISE
2026-03-05T13:05:21.846099,Map-Energy__sum__linear-conv00149-20250104_120047-20250104_180047-40.000000-45.000000.png,2025-01-04T12:00:47,2025-01-04T18:00:47,40.0,45.0,2025-01-04T15:00:47,42.5,,,NOISE,2025-01-04T15:00:47,42.5,,,NOISE,2025-01-04T15:00:47,42.5,,,NOISE,2025-01-04T15:00:47,42.5,,,NOISE
2026-03-05T13:05:23.549554,Map-Energy__sum__linear-conv00159-20250104_180047-20250105_000047-40.000000-45.000000.png,2025-01-04T18:00:47,2025-01-05T00:00:47,40.0,45.0,2025-01-04T21:00:47,42.5,,,NOISE,2025-01-04T21:00:47,42.5,,,NOISE,2025-01-04T21:00:47,42.5,,,NOISE,2025-01-04T21:00:47,42.5,,,NOISE
2026-03-05T13:05:24.694185,Map-Energy__sum__linear-conv00169-20250105_000047-20250105_060047-40.000000-45.000000.png,2025-01-05T00:00:47,2025-01-05T06:00:47,40.0,45.0,2025-01-05T03:00:47,42.5,,,NOISE,2025-01-05T03:00:47,42.5,,,NOISE,2025-01-05T03:00:47,42.5,,,NOISE,2025-01-05T03:00:47,42.5,,,NOISE
2026-03-05T13:05:26.669645,Map-Energy__sum__linear-conv00179-20250105_060047-20250105_120047-40.000000-45.000000.png,2025-01-05T06:00:47,2025-01-05T12:00:47,40.0,45.0,2025-01-05T09:00:47,42.5,,,NOISE,2025-01-05T09:00:47,42.5,,,NOISE,2025-01-05T09:00:47,42.5,,,NOISE,2025-01-05T09:00:47,42.5,,,NOISE
2026-03-05T13:05:27.797728,Map-Energy__sum__linear-conv00189-20250105_120047-20250105_180047-40.000000-45.000000.png,2025-01-05T12:00:47,2025-01-05T18:00:47,40.0,45.0,2025-01-05T15:00:47,42.5,,,NOISE,2025-01-05T15:00:47,42.5,,,NOISE,2025-01-05T15:00:47,42.5,,,NOISE,2025-01-05T15:00:47,42.5,,,NOISE
2026-03-05T13:05:28.869729,Map-Energy__sum__linear-conv00199-20250105_180047-20250106_000047-40.000000-45.000000.png,2025-01-05T18:00:47,2025-01-06T00:00:47,40.0,45.0,2025-01-05T21:00:47,42.5,,,NOISE,2025-01-05T21:00:47,42.5,,,NOISE,2025-01-05T21:00:47,42.5,,,NOISE,2025-01-05T21:00:47,42.5,,,NOISE
2026-03-05T13:05:29.925585,Map-Energy__sum__linear-conv00209-20250106_000047-20250106_060047-40.000000-45.000000.png,2025-01-06T00:00:47,2025-01-06T06:00:47,40.0,45.0,2025-01-06T03:00:47,42.5,,,NOISE,2025-01-06T03:00:47,42.5,,,NOISE,2025-01-06T03:00:47,42.5,,,NOISE,2025-01-06T03:00:47,42.5,,,NOISE
2026-03-05T13:05:30.973772,Map-Energy__sum__linear-conv00219-20250106_060047-20250106_120047-40.000000-45.000000.png,2025-01-06T06:00:47,2025-01-06T12:00:47,40.0,45.0,2025-01-06T09:00:47,42.5,,,NOISE,2025-01-06T09:00:47,42.5,,,NOISE,2025-01-06T09:00:47,42.5,,,NOISE,2025-01-06T09:00:47,42.5,,,NOISE
2026-03-05T13:05:31.974094,Map-Energy__sum__linear-conv00229-20250106_120047-20250106_180047-40.000000-45.000000.png,2025-01-06T12:00:47,2025-01-06T18:00:47,40.0,45.0,2025-01-06T15:00:47,42.5,,,NOISE,2025-01-06T15:00:47,42.5,,,NOISE,2025-01-06T15:00:47,42.5,,,NOISE,2025-01-06T15:00:47,42.5,,,NOISE
2026-03-05T13:05:32.989686,Map-Energy__sum__linear-conv00239-20250106_180047-20250107_000047-40.000000-45.000000.png,2025-01-06T18:00:47,2025-01-07T00:00:47,40.0,45.0,2025-01-06T21:00:47,42.5,,,NOISE,2025-01-06T21:00:47,42.5,,,NOISE,2025-01-06T21:00:47,42.5,,,NOISE,2025-01-06T21:00:47,42.5,,,NOISE
2026-03-05T13:05:34.517704,Map-Energy__sum__linear-conv00249-20250107_000047-20250107_060047-40.000000-45.000000.png,2025-01-07T00:00:47,2025-01-07T06:00:47,40.0,45.0,2025-01-07T03:00:47,42.5,,,NOISE,2025-01-07T03:00:47,42.5,,,NOISE,2025-01-07T03:00:47,42.5,,,NOISE,2025-01-07T03:00:47,42.5,,,NOISE
2026-03-05T13:05:35.717664,Map-Energy__sum__linear-conv00259-20250107_060047-20250107_120047-40.000000-45.000000.png,2025-01-07T06:00:47,2025-01-07T12:00:47,40.0,45.0,2025-01-07T09:00:47,42.5,,,NOISE,2025-01-07T09:00:47,42.5,,,NOISE,2025-01-07T09:00:47,42.5,,,NOISE,2025-01-07T09:00:47,42.5,,,NOISE
2026-03-05T13:05:36.757907,Map-Energy__sum__linear-conv00269-20250107_120047-20250107_180047-40.000000-45.000000.png,2025-01-07T12:00:47,2025-01-07T18:00:47,40.0,45.0,2025-01-07T15:00:47,42.5,,,NOISE,2025-01-07T15:00:47,42.5,,,NOISE,2025-01-07T15:00:47,42.5,,,NOISE,2025-01-07T15:00:47,42.5,,,NOISE
2026-03-05T13:05:37.789811,Map-Energy__sum__linear-conv00279-20250107_180047-20250108_000047-40.000000-45.000000.png,2025-01-07T18:00:47,2025-01-08T00:00:47,40.0,45.0,2025-01-07T21:00:47,42.5,,,NOISE,2025-01-07T21:00:47,42.5,,,NOISE,2025-01-07T21:00:47,42.5,,,NOISE,2025-01-07T21:00:47,42.5,,,NOISE
2026-03-05T13:05:38.757601,Map-Energy__sum__linear-conv00289-20250108_000047-20250108_060047-40.000000-45.000000.png,2025-01-08T00:00:47,2025-01-08T06:00:47,40.0,45.0,2025-01-08T03:00:47,42.5,,,NOISE,2025-01-08T03:00:47,42.5,,,NOISE,2025-01-08T03:00:47,42.5,,,NOISE,2025-01-08T03:00:47,42.5,,,NOISE
2026-03-05T13:05:39.974032,Map-Energy__sum__linear-conv00299-20250108_060047-20250108_120047-40.000000-45.000000.png,2025-01-08T06:00:47,2025-01-08T12:00:47,40.0,45.0,2025-01-08T09:00:47,42.5,,,NOISE,2025-01-08T09:00:47,42.5,,,NOISE,2025-01-08T09:00:47,42.5,,,NOISE,2025-01-08T09:00:47,42.5,,,NOISE
2026-03-05T13:05:41.341681,Map-Energy__sum__linear-conv00309-20250108_120047-20250108_180047-40.000000-45.000000.png,2025-01-08T12:00:47,2025-01-08T18:00:47,40.0,45.0,2025-01-08T15:00:47,42.5,,,NOISE,2025-01-08T15:00:47,42.5,,,NOISE,2025-01-08T15:00:47,42.5,,,NOISE,2025-01-08T15:00:47,42.5,,,NOISE
2026-03-05T13:05:42.533672,Map-Energy__sum__linear-conv00319-20250108_180047-20250109_000047-40.000000-45.000000.png,2025-01-08T18:00:47,2025-01-09T00:00:47,40.0,45.0,2025-01-08T21:00:47,42.5,,,NOISE,2025-01-08T21:00:47,42.5,,,NOISE,2025-01-08T21:00:47,42.5,,,NOISE,2025-01-08T21:00:47,42.5,,,NOISE
2026-03-05T13:05:43.765826,Map-Energy__sum__linear-conv00329-20250109_000047-20250109_060047-40.000000-45.000000.png,2025-01-09T00:00:47,2025-01-09T06:00:47,40.0,45.0,2025-01-09T03:00:47,42.5,,,NOISE,2025-01-09T03:00:47,42.5,,,NOISE,2025-01-09T03:00:47,42.5,,,NOISE,2025-01-09T03:00:47,42.5,,,NOISE
2026-03-05T13:05:44.805892,Map-Energy__sum__linear-conv00339-20250109_060047-20250109_120047-40.000000-45.000000.png,2025-01-09T06:00:47,2025-01-09T12:00:47,40.0,45.0,2025-01-09T09:00:47,42.5,,,NOISE,2025-01-09T09:00:47,42.5,,,NOISE,2025-01-09T09:00:47,42.5,,,NOISE,2025-01-09T09:00:47,42.5,,,NOISE
2026-03-05T13:05:45.813888,Map-Energy__sum__linear-conv00349-20250109_120047-20250109_180047-40.000000-45.000000.png,2025-01-09T12:00:47,2025-01-09T18:00:47,40.0,45.0,2025-01-09T15:00:47,42.5,,,NOISE,2025-01-09T15:00:47,42.5,,,NOISE,2025-01-09T15:00:47,42.5,,,NOISE,2025-01-09T15:00:47,42.5,,,NOISE
2026-03-05T13:05:47.077912,Map-Energy__sum__linear-conv00359-20250109_180047-20250110_000047-40.000000-45.000000.png,2025-01-09T18:00:47,2025-01-10T00:00:47,40.0,45.0,2025-01-09T21:00:47,42.5,,,NOISE,2025-01-09T21:00:47,42.5,,,NOISE,2025-01-09T21:00:47,42.5,,,NOISE,2025-01-09T21:00:47,42.5,,,NOISE
2026-03-05T13:05:48.893686,Map-Energy__sum__linear-conv00369-20250110_000047-20250110_060047-40.000000-45.000000.png,2025-01-10T00:00:47,2025-01-10T06:00:47,40.0,45.0,2025-01-10T03:00:47,42.5,,,NOISE,2025-01-10T03:00:47,42.5,,,NOISE,2025-01-10T03:00:47,42.5,,,NOISE,2025-01-10T03:00:47,42.5,,,NOISE
2026-03-05T13:05:50.533607,Map-Energy__sum__linear-conv00379-20250110_060047-20250110_120047-40.000000-45.000000.png,2025-01-10T06:00:47,2025-01-10T12:00:47,40.0,45.0,2025-01-10T09:00:47,42.5,,,NOISE,2025-01-10T09:00:47,42.5,,,NOISE,2025-01-10T09:00:47,42.5,,,NOISE,2025-01-10T09:00:47,42.5,,,NOISE
2026-03-05T13:05:51.766378,Map-Energy__sum__linear-conv00389-20250110_120047-20250110_180047-40.000000-45.000000.png,2025-01-10T12:00:47,2025-01-10T18:00:47,40.0,45.0,2025-01-10T15:00:47,42.5,,,NOISE,2025-01-10T15:00:47,42.5,,,NOISE,2025-01-10T15:00:47,42.5,,,NOISE,2025-01-10T15:00:47,42.5,,,NOISE
2026-03-05T13:05:53.413563,Map-Energy__sum__linear-conv00399-20250110_180047-20250111_000047-40.000000-45.000000.png,2025-01-10T18:00:47,2025-01-11T00:00:47,40.0,45.0,2025-01-10T21:00:47,42.5,,,NOISE,2025-01-10T21:00:47,42.5,,,NOISE,2025-01-10T21:00:47,42.5,,,NOISE,2025-01-10T21:00:47,42.5,,,NOISE
2026-03-05T13:05:54.565887,Map-Energy__sum__linear-conv00409-20250111_000047-20250111_060047-40.000000-45.000000.png,2025-01-11T00:00:47,2025-01-11T06:00:47,40.0,45.0,2025-01-11T03:00:47,42.5,,,NOISE,2025-01-11T03:00:47,42.5,,,NOISE,2025-01-11T03:00:47,42.5,,,NOISE,2025-01-11T03:00:47,42.5,,,NOISE
2026-03-05T13:05:56.021673,Map-Energy__sum__linear-conv00419-20250111_060047-20250111_120047-40.000000-45.000000.png,2025-01-11T06:00:47,2025-01-11T12:00:47,40.0,45.0,2025-01-11T09:00:47,42.5,,,NOISE,2025-01-11T09:00:47,42.5,,,NOISE,2025-01-11T09:00:47,42.5,,,NOISE,2025-01-11T09:00:47,42.5,,,NOISE
2026-03-05T13:05:57.469678,Map-Energy__sum__linear-conv00429-20250111_120047-20250111_180047-40.000000-45.000000.png,2025-01-11T12:00:47,2025-01-11T18:00:47,40.0,45.0,2025-01-11T15:00:47,42.5,,,NOISE,2025-01-11T15:00:47,42.5,,,NOISE,2025-01-11T15:00:47,42.5,,,NOISE,2025-01-11T15:00:47,42.5,,,NOISE
2026-03-05T13:05:58.733583,Map-Energy__sum__linear-conv00439-20250111_180047-20250112_000047-40.000000-45.000000.png,2025-01-11T18:00:47,2025-01-12T00:00:47,40.0,45.0,2025-01-11T21:00:47,42.5,,,NOISE,2025-01-11T21:00:47,42.5,,,NOISE,2025-01-11T21:00:47,42.5,,,NOISE,2025-01-11T21:00:47,42.5,,,NOISE
2026-03-05T13:06:03.085797,Map-Energy__sum__linear-conv00449-20250112_000047-20250112_060047-40.000000-45.000000.png,2025-01-12T00:00:47,2025-01-12T06:00:47,40.0,45.0,2025-01-12T03:00:47,42.5,,,NOISE,2025-01-12T03:00:47,42.5,,,NOISE,2025-01-12T03:00:47,42.5,,,NOISE,2025-01-12T03:00:47,42.5,,,NOISE
2026-03-05T13:06:04.221665,Map-Energy__sum__linear-conv00459-20250112_060047-20250112_120047-40.000000-45.000000.png,2025-01-12T06:00:47,2025-01-12T12:00:47,40.0,45.0,2025-01-12T09:00:47,42.5,,,NOISE,2025-01-12T09:00:47,42.5,,,NOISE,2025-01-12T09:00:47,42.5,,,NOISE,2025-01-12T09:00:47,42.5,,,NOISE
2026-03-05T13:06:05.373968,Map-Energy__sum__linear-conv00469-20250112_120047-20250112_180047-40.000000-45.000000.png,2025-01-12T12:00:47,2025-01-12T18:00:47,40.0,45.0,2025-01-12T15:00:47,42.5,,,NOISE,2025-01-12T15:00:47,42.5,,,NOISE,2025-01-12T15:00:47,42.5,,,NOISE,2025-01-12T15:00:47,42.5,,,NOISE
2026-03-05T13:06:06.621608,Map-Energy__sum__linear-conv00479-20250112_180047-20250113_000047-40.000000-45.000000.png,2025-01-12T18:00:47,2025-01-13T00:00:47,40.0,45.0,2025-01-12T21:00:47,42.5,,,NOISE,2025-01-12T21:00:47,42.5,,,NOISE,2025-01-12T21:00:47,42.5,,,NOISE,2025-01-12T21:00:47,42.5,,,NOISE
2026-03-05T13:06:07.701653,Map-Energy__sum__linear-conv00489-20250113_000047-20250113_060047-40.000000-45.000000.png,2025-01-13T00:00:47,2025-01-13T06:00:47,40.0,45.0,2025-01-13T03:00:47,42.5,,,NOISE,2025-01-13T03:00:47,42.5,,,NOISE,2025-01-13T03:00:47,42.5,,,NOISE,2025-01-13T03:00:47,42.5,,,NOISE
2026-03-05T13:06:08.701594,Map-Energy__sum__linear-conv00499-20250113_060047-20250113_120047-40.000000-45.000000.png,2025-01-13T06:00:47,2025-01-13T12:00:47,40.0,45.0,2025-01-13T09:00:47,42.5,,,NOISE,2025-01-13T09:00:47,42.5,,,NOISE,2025-01-13T09:00:47,42.5,,,NOISE,2025-01-13T09:00:47,42.5,,,NOISE
2026-03-05T13:06:17.189613,Map-Energy__sum__linear-conv00509-20250113_120047-20250113_180047-40.000000-45.000000.png,2025-01-13T12:00:47,2025-01-13T18:00:47,40.0,45.0,2025-01-13T14:24:14,44.422149,,,OTHER,2025-01-13T15:00:47,42.5,,,NOISE,2025-01-13T15:00:47,42.5,,,NOISE,2025-01-13T15:00:47,42.5,,,NOISE
2026-03-05T13:06:19.917492,Map-Energy__sum__linear-conv00519-20250113_180047-20250114_000047-40.000000-45.000000.png,2025-01-13T18:00:47,2025-01-14T00:00:47,40.0,45.0,2025-01-13T21:00:47,42.5,,,NOISE,2025-01-13T21:00:47,42.5,,,NOISE,2025-01-13T21:00:47,42.5,,,NOISE,2025-01-13T21:00:47,42.5,,,NOISE
2026-03-05T13:06:21.605536,Map-Energy__sum__linear-conv00529-20250114_000047-20250114_060047-40.000000-45.000000.png,2025-01-14T00:00:47,2025-01-14T06:00:47,40.0,45.0,2025-01-14T03:00:47,42.5,,,NOISE,2025-01-14T03:00:47,42.5,,,NOISE,2025-01-14T03:00:47,42.5,,,NOISE,2025-01-14T03:00:47,42.5,,,NOISE
2026-03-05T13:06:24.309829,Map-Energy__sum__linear-conv00539-20250114_060047-20250114_120047-40.000000-45.000000.png,2025-01-14T06:00:47,2025-01-14T12:00:47,40.0,45.0,2025-01-14T09:00:47,42.5,,,NOISE,2025-01-14T09:00:47,42.5,,,NOISE,2025-01-14T09:00:47,42.5,,,NOISE,2025-01-14T09:00:47,42.5,,,NOISE
2026-03-05T13:06:26.557799,Map-Energy__sum__linear-conv00549-20250114_120047-20250114_180047-40.000000-45.000000.png,2025-01-14T12:00:47,2025-01-14T18:00:47,40.0,45.0,2025-01-14T15:00:47,42.5,,,NOISE,2025-01-14T15:00:47,42.5,,,NOISE,2025-01-14T15:00:47,42.5,,,NOISE,2025-01-14T15:00:47,42.5,,,NOISE
2026-03-05T13:06:28.029845,Map-Energy__sum__linear-conv00559-20250114_180047-20250115_000047-40.000000-45.000000.png,2025-01-14T18:00:47,2025-01-15T00:00:47,40.0,45.0,2025-01-14T21:00:47,42.5,,,NOISE,2025-01-14T21:00:47,42.5,,,NOISE,2025-01-14T21:00:47,42.5,,,NOISE,2025-01-14T21:00:47,42.5,,,NOISE
2026-03-05T13:06:30.173524,Map-Energy__sum__linear-conv00569-20250115_000047-20250115_060047-40.000000-45.000000.png,2025-01-15T00:00:47,2025-01-15T06:00:47,40.0,45.0,2025-01-15T03:00:47,42.5,,,NOISE,2025-01-15T03:00:47,42.5,,,NOISE,2025-01-15T03:00:47,42.5,,,NOISE,2025-01-15T03:00:47,42.5,,,NOISE
2026-03-05T13:06:31.477613,Map-Energy__sum__linear-conv00579-20250115_060047-20250115_120047-40.000000-45.000000.png,2025-01-15T06:00:47,2025-01-15T12:00:47,40.0,45.0,2025-01-15T09:00:47,42.5,,,NOISE,2025-01-15T09:00:47,42.5,,,NOISE,2025-01-15T09:00:47,42.5,,,NOISE,2025-01-15T09:00:47,42.5,,,NOISE
2026-03-05T13:06:33.877751,Map-Energy__sum__linear-conv00589-20250115_120047-20250115_180047-40.000000-45.000000.png,2025-01-15T12:00:47,2025-01-15T18:00:47,40.0,45.0,2025-01-15T15:00:47,42.5,,,NOISE,2025-01-15T15:00:47,42.5,,,NOISE,2025-01-15T15:00:47,42.5,,,NOISE,2025-01-15T15:00:47,42.5,,,NOISE
2026-03-05T13:06:35.005682,Map-Energy__sum__linear-conv00599-20250115_180047-20250116_000047-40.000000-45.000000.png,2025-01-15T18:00:47,2025-01-16T00:00:47,40.0,45.0,2025-01-15T21:00:47,42.5,,,NOISE,2025-01-15T21:00:47,42.5,,,NOISE,2025-01-15T21:00:47,42.5,,,NOISE,2025-01-15T21:00:47,42.5,,,NOISE
2026-03-05T13:06:36.253615,Map-Energy__sum__linear-conv00609-20250116_000047-20250116_060047-40.000000-45.000000.png,2025-01-16T00:00:47,2025-01-16T06:00:47,40.0,45.0,2025-01-16T03:00:47,42.5,,,NOISE,2025-01-16T03:00:47,42.5,,,NOISE,2025-01-16T03:00:47,42.5,,,NOISE,2025-01-16T03:00:47,42.5,,,NOISE
2026-03-05T13:06:37.349628,Map-Energy__sum__linear-conv00619-20250116_060047-20250116_120047-40.000000-45.000000.png,2025-01-16T06:00:47,2025-01-16T12:00:47,40.0,45.0,2025-01-16T09:00:47,42.5,,,NOISE,2025-01-16T09:00:47,42.5,,,NOISE,2025-01-16T09:00:47,42.5,,,NOISE,2025-01-16T09:00:47,42.5,,,NOISE
2026-03-05T13:06:38.397948,Map-Energy__sum__linear-conv00629-20250116_120047-20250116_180047-40.000000-45.000000.png,2025-01-16T12:00:47,2025-01-16T18:00:47,40.0,45.0,2025-01-16T15:00:47,42.5,,,NOISE,2025-01-16T15:00:47,42.5,,,NOISE,2025-01-16T15:00:47,42.5,,,NOISE,2025-01-16T15:00:47,42.5,,,NOISE
2026-03-05T13:06:39.493888,Map-Energy__sum__linear-conv00639-20250116_180047-20250117_000047-40.000000-45.000000.png,2025-01-16T18:00:47,2025-01-17T00:00:47,40.0,45.0,2025-01-16T21:00:47,42.5,,,NOISE,2025-01-16T21:00:47,42.5,,,NOISE,2025-01-16T21:00:47,42.5,,,NOISE,2025-01-16T21:00:47,42.5,,,NOISE
2026-03-05T13:06:40.549675,Map-Energy__sum__linear-conv00649-20250117_000047-20250117_060047-40.000000-45.000000.png,2025-01-17T00:00:47,2025-01-17T06:00:47,40.0,45.0,2025-01-17T03:00:47,42.5,,,NOISE,2025-01-17T03:00:47,42.5,,,NOISE,2025-01-17T03:00:47,42.5,,,NOISE,2025-01-17T03:00:47,42.5,,,NOISE
2026-03-05T13:06:41.541772,Map-Energy__sum__linear-conv00659-20250117_060047-20250117_120047-40.000000-45.000000.png,2025-01-17T06:00:47,2025-01-17T12:00:47,40.0,45.0,2025-01-17T09:00:47,42.5,,,NOISE,2025-01-17T09:00:47,42.5,,,NOISE,2025-01-17T09:00:47,42.5,,,NOISE,2025-01-17T09:00:47,42.5,,,NOISE
2026-03-05T13:06:42.621927,Map-Energy__sum__linear-conv00669-20250117_120047-20250117_180047-40.000000-45.000000.png,2025-01-17T12:00:47,2025-01-17T18:00:47,40.0,45.0,2025-01-17T15:00:47,42.5,,,NOISE,2025-01-17T15:00:47,42.5,,,NOISE,2025-01-17T15:00:47,42.5,,,NOISE,2025-01-17T15:00:47,42.5,,,NOISE
2026-03-05T13:06:44.181648,Map-Energy__sum__linear-conv00679-20250117_180047-20250118_000047-40.000000-45.000000.png,2025-01-17T18:00:47,2025-01-18T00:00:47,40.0,45.0,2025-01-17T21:00:47,42.5,,,NOISE,2025-01-17T21:00:47,42.5,,,NOISE,2025-01-17T21:00:47,42.5,,,NOISE,2025-01-17T21:00:47,42.5,,,NOISE
2026-03-05T13:06:45.453624,Map-Energy__sum__linear-conv00689-20250118_000047-20250118_060047-40.000000-45.000000.png,2025-01-18T00:00:47,2025-01-18T06:00:47,40.0,45.0,2025-01-18T03:00:47,42.5,,,NOISE,2025-01-18T03:00:47,42.5,,,NOISE,2025-01-18T03:00:47,42.5,,,NOISE,2025-01-18T03:00:47,42.5,,,NOISE
2026-03-05T13:06:46.949604,Map-Energy__sum__linear-conv00699-20250118_060047-20250118_120047-40.000000-45.000000.png,2025-01-18T06:00:47,2025-01-18T12:00:47,40.0,45.0,2025-01-18T09:00:47,42.5,,,NOISE,2025-01-18T09:00:47,42.5,,,NOISE,2025-01-18T09:00:47,42.5,,,NOISE,2025-01-18T09:00:47,42.5,,,NOISE
2026-03-05T13:06:48.053528,Map-Energy__sum__linear-conv00709-20250118_120047-20250118_180047-40.000000-45.000000.png,2025-01-18T12:00:47,2025-01-18T18:00:47,40.0,45.0,2025-01-18T15:00:47,42.5,,,NOISE,2025-01-18T15:00:47,42.5,,,NOISE,2025-01-18T15:00:47,42.5,,,NOISE,2025-01-18T15:00:47,42.5,,,NOISE
2026-03-05T13:06:49.621486,Map-Energy__sum__linear-conv00719-20250118_180047-20250119_000047-40.000000-45.000000.png,2025-01-18T18:00:47,2025-01-19T00:00:47,40.0,45.0,2025-01-18T21:00:47,42.5,,,NOISE,2025-01-18T21:00:47,42.5,,,NOISE,2025-01-18T21:00:47,42.5,,,NOISE,2025-01-18T21:00:47,42.5,,,NOISE
2026-03-05T13:06:50.989897,Map-Energy__sum__linear-conv00729-20250119_000047-20250119_060047-40.000000-45.000000.png,2025-01-19T00:00:47,2025-01-19T06:00:47,40.0,45.0,2025-01-19T03:00:47,42.5,,,NOISE,2025-01-19T03:00:47,42.5,,,NOISE,2025-01-19T03:00:47,42.5,,,NOISE,2025-01-19T03:00:47,42.5,,,NOISE
2026-03-05T13:06:52.301791,Map-Energy__sum__linear-conv00739-20250119_060047-20250119_120047-40.000000-45.000000.png,2025-01-19T06:00:47,2025-01-19T12:00:47,40.0,45.0,2025-01-19T09:00:47,42.5,,,NOISE,2025-01-19T09:00:47,42.5,,,NOISE,2025-01-19T09:00:47,42.5,,,NOISE,2025-01-19T09:00:47,42.5,,,NOISE
2026-03-05T13:06:53.349678,Map-Energy__sum__linear-conv00749-20250119_120047-20250119_180047-40.000000-45.000000.png,2025-01-19T12:00:47,2025-01-19T18:00:47,40.0,45.0,2025-01-19T15:00:47,42.5,,,NOISE,2025-01-19T15:00:47,42.5,,,NOISE,2025-01-19T15:00:47,42.5,,,NOISE,2025-01-19T15:00:47,42.5,,,NOISE
2026-03-05T13:06:54.349509,Map-Energy__sum__linear-conv00759-20250119_180047-20250120_000047-40.000000-45.000000.png,2025-01-19T18:00:47,2025-01-20T00:00:47,40.0,45.0,2025-01-19T21:00:47,42.5,,,NOISE,2025-01-19T21:00:47,42.5,,,NOISE,2025-01-19T21:00:47,42.5,,,NOISE,2025-01-19T21:00:47,42.5,,,NOISE
2026-03-05T13:06:55.501770,Map-Energy__sum__linear-conv00769-20250120_000047-20250120_060047-40.000000-45.000000.png,2025-01-20T00:00:47,2025-01-20T06:00:47,40.0,45.0,2025-01-20T03:00:47,42.5,,,NOISE,2025-01-20T03:00:47,42.5,,,NOISE,2025-01-20T03:00:47,42.5,,,NOISE,2025-01-20T03:00:47,42.5,,,NOISE
2026-03-05T13:06:57.133459,Map-Energy__sum__linear-conv00779-20250120_060047-20250120_120047-40.000000-45.000000.png,2025-01-20T06:00:47,2025-01-20T12:00:47,40.0,45.0,2025-01-20T09:00:47,42.5,,,NOISE,2025-01-20T09:00:47,42.5,,,NOISE,2025-01-20T09:00:47,42.5,,,NOISE,2025-01-20T09:00:47,42.5,,,NOISE
2026-03-05T13:06:58.181546,Map-Energy__sum__linear-conv00789-20250120_120047-20250120_180047-40.000000-45.000000.png,2025-01-20T12:00:47,2025-01-20T18:00:47,40.0,45.0,2025-01-20T15:00:47,42.5,,,NOISE,2025-01-20T15:00:47,42.5,,,NOISE,2025-01-20T15:00:47,42.5,,,NOISE,2025-01-20T15:00:47,42.5,,,NOISE
2026-03-05T13:06:59.205915,Map-Energy__sum__linear-conv00799-20250120_180047-20250121_000047-40.000000-45.000000.png,2025-01-20T18:00:47,2025-01-21T00:00:47,40.0,45.0,2025-01-20T21:00:47,42.5,,,NOISE,2025-01-20T21:00:47,42.5,,,NOISE,2025-01-20T21:00:47,42.5,,,NOISE,2025-01-20T21:00:47,42.5,,,NOISE
2026-03-05T13:07:00.125790,Map-Energy__sum__linear-conv00809-20250121_000047-20250121_060047-40.000000-45.000000.png,2025-01-21T00:00:47,2025-01-21T06:00:47,40.0,45.0,2025-01-21T03:00:47,42.5,,,NOISE,2025-01-21T03:00:47,42.5,,,NOISE,2025-01-21T03:00:47,42.5,,,NOISE,2025-01-21T03:00:47,42.5,,,NOISE
2026-03-05T13:07:07.805855,Map-Energy__sum__linear-conv00819-20250121_060047-20250121_120047-40.000000-45.000000.png,2025-01-21T06:00:47,2025-01-21T12:00:47,40.0,45.0,2025-01-21T11:01:13,44.429931,,,OTHER,2025-01-21T09:00:47,42.5,,,NOISE,2025-01-21T09:00:47,42.5,,,NOISE,2025-01-21T09:00:47,42.5,,,NOISE
2026-03-05T13:07:09.302169,Map-Energy__sum__linear-conv00829-20250121_120047-20250121_180047-40.000000-45.000000.png,2025-01-21T12:00:47,2025-01-21T18:00:47,40.0,45.0,2025-01-21T15:00:47,42.5,,,NOISE,2025-01-21T15:00:47,42.5,,,NOISE,2025-01-21T15:00:47,42.5,,,NOISE,2025-01-21T15:00:47,42.5,,,NOISE
2026-03-05T13:07:10.917526,Map-Energy__sum__linear-conv00839-20250121_180047-20250122_000047-40.000000-45.000000.png,2025-01-21T18:00:47,2025-01-22T00:00:47,40.0,45.0,2025-01-21T21:00:47,42.5,,,NOISE,2025-01-21T21:00:47,42.5,,,NOISE,2025-01-21T21:00:47,42.5,,,NOISE,2025-01-21T21:00:47,42.5,,,NOISE
2026-03-05T13:07:12.389733,Map-Energy__sum__linear-conv00849-20250122_000047-20250122_060047-40.000000-45.000000.png,2025-01-22T00:00:47,2025-01-22T06:00:47,40.0,45.0,2025-01-22T03:00:47,42.5,,,NOISE,2025-01-22T03:00:47,42.5,,,NOISE,2025-01-22T03:00:47,42.5,,,NOISE,2025-01-22T03:00:47,42.5,,,NOISE
2026-03-05T13:07:21.189510,Map-Energy__sum__linear-conv00859-20250122_060047-20250122_120047-40.000000-45.000000.png,2025-01-22T06:00:47,2025-01-22T12:00:47,40.0,45.0,2025-01-22T09:12:51,44.850158,,,OTHER,2025-01-22T09:00:47,42.5,,,NOISE,2025-01-22T09:00:47,42.5,,,NOISE,2025-01-22T09:00:47,42.5,,,NOISE
2026-03-05T13:07:22.557759,Map-Energy__sum__linear-conv00869-20250122_120047-20250122_180047-40.000000-45.000000.png,2025-01-22T12:00:47,2025-01-22T18:00:47,40.0,45.0,2025-01-22T15:00:47,42.5,,,NOISE,2025-01-22T15:00:47,42.5,,,NOISE,2025-01-22T15:00:47,42.5,,,NOISE,2025-01-22T15:00:47,42.5,,,NOISE
2026-03-05T13:07:24.093757,Map-Energy__sum__linear-conv00879-20250122_180047-20250123_000047-40.000000-45.000000.png,2025-01-22T18:00:47,2025-01-23T00:00:47,40.0,45.0,2025-01-22T21:00:47,42.5,,,NOISE,2025-01-22T21:00:47,42.5,,,NOISE,2025-01-22T21:00:47,42.5,,,NOISE,2025-01-22T21:00:47,42.5,,,NOISE
2026-03-05T13:07:25.605647,Map-Energy__sum__linear-conv00889-20250123_000047-20250123_060047-40.000000-45.000000.png,2025-01-23T00:00:47,2025-01-23T06:00:47,40.0,45.0,2025-01-23T03:00:47,42.5,,,NOISE,2025-01-23T03:00:47,42.5,,,NOISE,2025-01-23T03:00:47,42.5,,,NOISE,2025-01-23T03:00:47,42.5,,,NOISE
2026-03-05T13:07:26.725577,Map-Energy__sum__linear-conv00899-20250123_060047-20250123_120047-40.000000-45.000000.png,2025-01-23T06:00:47,2025-01-23T12:00:47,40.0,45.0,2025-01-23T09:00:47,42.5,,,NOISE,2025-01-23T09:00:47,42.5,,,NOISE,2025-01-23T09:00:47,42.5,,,NOISE,2025-01-23T09:00:47,42.5,,,NOISE
2026-03-05T13:07:27.757473,Map-Energy__sum__linear-conv00909-20250123_120047-20250123_180047-40.000000-45.000000.png,2025-01-23T12:00:47,2025-01-23T18:00:47,40.0,45.0,2025-01-23T15:00:47,42.5,,,NOISE,2025-01-23T15:00:47,42.5,,,NOISE,2025-01-23T15:00:47,42.5,,,NOISE,2025-01-23T15:00:47,42.5,,,NOISE
2026-03-05T13:07:28.821828,Map-Energy__sum__linear-conv00919-20250123_180047-20250124_000047-40.000000-45.000000.png,2025-01-23T18:00:47,2025-01-24T00:00:47,40.0,45.0,2025-01-23T21:00:47,42.5,,,NOISE,2025-01-23T21:00:47,42.5,,,NOISE,2025-01-23T21:00:47,42.5,,,NOISE,2025-01-23T21:00:47,42.5,,,NOISE
2026-03-05T13:07:30.741549,Map-Energy__sum__linear-conv00929-20250124_000047-20250124_060047-40.000000-45.000000.png,2025-01-24T00:00:47,2025-01-24T06:00:47,40.0,45.0,2025-01-24T03:00:47,42.5,,,NOISE,2025-01-24T03:00:47,42.5,,,NOISE,2025-01-24T03:00:47,42.5,,,NOISE,2025-01-24T03:00:47,42.5,,,NOISE
2026-03-05T13:07:34.613423,Map-Energy__sum__linear-conv00939-20250124_060047-20250124_120047-40.000000-45.000000.png,2025-01-24T06:00:47,2025-01-24T12:00:47,40.0,45.0,2025-01-24T09:00:47,42.5,,,NOISE,2025-01-24T09:00:47,42.5,,,NOISE,2025-01-24T09:00:47,42.5,,,NOISE,2025-01-24T09:00:47,42.5,,,NOISE
2026-03-05T13:07:36.669611,Map-Energy__sum__linear-conv00949-20250124_120047-20250124_180047-40.000000-45.000000.png,2025-01-24T12:00:47,2025-01-24T18:00:47,40.0,45.0,2025-01-24T15:00:47,42.5,,,NOISE,2025-01-24T15:00:47,42.5,,,NOISE,2025-01-24T15:00:47,42.5,,,NOISE,2025-01-24T15:00:47,42.5,,,NOISE
2026-03-05T13:07:38.253966,Map-Energy__sum__linear-conv00959-20250124_180047-20250125_000047-40.000000-45.000000.png,2025-01-24T18:00:47,2025-01-25T00:00:47,40.0,45.0,2025-01-24T21:00:47,42.5,,,NOISE,2025-01-24T21:00:47,42.5,,,NOISE,2025-01-24T21:00:47,42.5,,,NOISE,2025-01-24T21:00:47,42.5,,,NOISE
2026-03-05T13:07:39.781603,Map-Energy__sum__linear-conv00969-20250125_000047-20250125_060047-40.000000-45.000000.png,2025-01-25T00:00:47,2025-01-25T06:00:47,40.0,45.0,2025-01-25T03:00:47,42.5,,,NOISE,2025-01-25T03:00:47,42.5,,,NOISE,2025-01-25T03:00:47,42.5,,,NOISE,2025-01-25T03:00:47,42.5,,,NOISE
2026-03-05T13:07:41.141574,Map-Energy__sum__linear-conv00979-20250125_060047-20250125_120047-40.000000-45.000000.png,2025-01-25T06:00:47,2025-01-25T12:00:47,40.0,45.0,2025-01-25T09:00:47,42.5,,,NOISE,2025-01-25T09:00:47,42.5,,,NOISE,2025-01-25T09:00:47,42.5,,,NOISE,2025-01-25T09:00:47,42.5,,,NOISE
2026-03-05T13:07:42.485945,Map-Energy__sum__linear-conv00989-20250125_120047-20250125_180047-40.000000-45.000000.png,2025-01-25T12:00:47,2025-01-25T18:00:47,40.0,45.0,2025-01-25T15:00:47,42.5,,,NOISE,2025-01-25T15:00:47,42.5,,,NOISE,2025-01-25T15:00:47,42.5,,,NOISE,2025-01-25T15:00:47,42.5,,,NOISE
2026-03-05T13:07:47.533340,Map-Energy__sum__linear-conv00999-20250125_180047-20250126_000047-40.000000-45.000000.png,2025-01-25T18:00:47,2025-01-26T00:00:47,40.0,45.0,2025-01-25T21:00:47,42.5,,,NOISE,2025-01-25T21:00:47,42.5,,,NOISE,2025-01-25T21:00:47,42.5,,,NOISE,2025-01-25T21:00:47,42.5,,,NOISE
2026-03-05T13:07:48.741358,Map-Energy__sum__linear-conv01009-20250126_000047-20250126_060047-40.000000-45.000000.png,2025-01-26T00:00:47,2025-01-26T06:00:47,40.0,45.0,2025-01-26T03:00:47,42.5,,,NOISE,2025-01-26T03:00:47,42.5,,,NOISE,2025-01-26T03:00:47,42.5,,,NOISE,2025-01-26T03:00:47,42.5,,,NOISE
2026-03-05T13:07:49.734152,Map-Energy__sum__linear-conv01019-20250126_060047-20250126_120047-40.000000-45.000000.png,2025-01-26T06:00:47,2025-01-26T12:00:47,40.0,45.0,2025-01-26T09:00:47,42.5,,,NOISE,2025-01-26T09:00:47,42.5,,,NOISE,2025-01-26T09:00:47,42.5,,,NOISE,2025-01-26T09:00:47,42.5,,,NOISE
2026-03-05T13:07:56.589650,Map-Energy__sum__linear-conv01029-20250126_120047-20250126_180047-40.000000-45.000000.png,2025-01-26T12:00:47,2025-01-26T18:00:47,40.0,45.0,2025-01-26T15:00:47,42.5,,,NOISE,2025-01-26T15:00:47,42.5,,,NOISE,2025-01-26T15:00:47,42.5,,,NOISE,2025-01-26T15:00:47,42.5,,,NOISE
2026-03-05T13:07:59.085319,Map-Energy__sum__linear-conv01039-20250126_180047-20250127_000047-40.000000-45.000000.png,2025-01-26T18:00:47,2025-01-27T00:00:47,40.0,45.0,2025-01-26T21:00:47,42.5,,,NOISE,2025-01-26T21:00:47,42.5,,,NOISE,2025-01-26T21:00:47,42.5,,,NOISE,2025-01-26T21:00:47,42.5,,,NOISE
2026-03-05T13:08:00.325523,Map-Energy__sum__linear-conv01049-20250127_000047-20250127_060047-40.000000-45.000000.png,2025-01-27T00:00:47,2025-01-27T06:00:47,40.0,45.0,2025-01-27T03:00:47,42.5,,,NOISE,2025-01-27T03:00:47,42.5,,,NOISE,2025-01-27T03:00:47,42.5,,,NOISE,2025-01-27T03:00:47,42.5,,,NOISE
2026-03-05T13:08:01.525561,Map-Energy__sum__linear-conv01059-20250127_060047-20250127_120047-40.000000-45.000000.png,2025-01-27T06:00:47,2025-01-27T12:00:47,40.0,45.0,2025-01-27T09:00:47,42.5,,,NOISE,2025-01-27T09:00:47,42.5,,,NOISE,2025-01-27T09:00:47,42.5,,,NOISE,2025-01-27T09:00:47,42.5,,,NOISE
2026-03-05T13:08:03.053591,Map-Energy__sum__linear-conv01069-20250127_120047-20250127_180047-40.000000-45.000000.png,2025-01-27T12:00:47,2025-01-27T18:00:47,40.0,45.0,2025-01-27T15:00:47,42.5,,,NOISE,2025-01-27T15:00:47,42.5,,,NOISE,2025-01-27T15:00:47,42.5,,,NOISE,2025-01-27T15:00:47,42.5,,,NOISE
2026-03-05T13:08:04.141503,Map-Energy__sum__linear-conv01079-20250127_180047-20250128_000047-40.000000-45.000000.png,2025-01-27T18:00:47,2025-01-28T00:00:47,40.0,45.0,2025-01-27T21:00:47,42.5,,,NOISE,2025-01-27T21:00:47,42.5,,,NOISE,2025-01-27T21:00:47,42.5,,,NOISE,2025-01-27T21:00:47,42.5,,,NOISE
2026-03-05T13:08:05.381529,Map-Energy__sum__linear-conv01089-20250128_000047-20250128_060047-40.000000-45.000000.png,2025-01-28T00:00:47,2025-01-28T06:00:47,40.0,45.0,2025-01-28T03:00:47,42.5,,,NOISE,2025-01-28T03:00:47,42.5,,,NOISE,2025-01-28T03:00:47,42.5,,,NOISE,2025-01-28T03:00:47,42.5,,,NOISE
2026-03-05T13:08:06.477463,Map-Energy__sum__linear-conv01099-20250128_060047-20250128_120047-40.000000-45.000000.png,2025-01-28T06:00:47,2025-01-28T12:00:47,40.0,45.0,2025-01-28T09:00:47,42.5,,,NOISE,2025-01-28T09:00:47,42.5,,,NOISE,2025-01-28T09:00:47,42.5,,,NOISE,2025-01-28T09:00:47,42.5,,,NOISE
2026-03-05T13:08:07.381777,Map-Energy__sum__linear-conv01109-20250128_120047-20250128_180047-40.000000-45.000000.png,2025-01-28T12:00:47,2025-01-28T18:00:47,40.0,45.0,2025-01-28T15:00:47,42.5,,,NOISE,2025-01-28T15:00:47,42.5,,,NOISE,2025-01-28T15:00:47,42.5,,,NOISE,2025-01-28T15:00:47,42.5,,,NOISE
2026-03-05T13:08:08.317552,Map-Energy__sum__linear-conv01119-20250128_180047-20250129_000047-40.000000-45.000000.png,2025-01-28T18:00:47,2025-01-29T00:00:47,40.0,45.0,2025-01-28T21:00:47,42.5,,,NOISE,2025-01-28T21:00:47,42.5,,,NOISE,2025-01-28T21:00:47,42.5,,,NOISE,2025-01-28T21:00:47,42.5,,,NOISE
2026-03-05T13:08:09.349411,Map-Energy__sum__linear-conv01129-20250129_000047-20250129_060047-40.000000-45.000000.png,2025-01-29T00:00:47,2025-01-29T06:00:47,40.0,45.0,2025-01-29T03:00:47,42.5,,,NOISE,2025-01-29T03:00:47,42.5,,,NOISE,2025-01-29T03:00:47,42.5,,,NOISE,2025-01-29T03:00:47,42.5,,,NOISE
2026-03-05T13:08:10.709522,Map-Energy__sum__linear-conv01139-20250129_060047-20250129_120047-40.000000-45.000000.png,2025-01-29T06:00:47,2025-01-29T12:00:47,40.0,45.0,2025-01-29T09:00:47,42.5,,,NOISE,2025-01-29T09:00:47,42.5,,,NOISE,2025-01-29T09:00:47,42.5,,,NOISE,2025-01-29T09:00:47,42.5,,,NOISE
2026-03-05T13:08:11.845602,Map-Energy__sum__linear-conv01149-20250129_120047-20250129_180047-40.000000-45.000000.png,2025-01-29T12:00:47,2025-01-29T18:00:47,40.0,45.0,2025-01-29T15:00:47,42.5,,,NOISE,2025-01-29T15:00:47,42.5,,,NOISE,2025-01-29T15:00:47,42.5,,,NOISE,2025-01-29T15:00:47,42.5,,,NOISE
2026-03-05T13:08:13.149404,Map-Energy__sum__linear-conv01159-20250129_180047-20250130_000047-40.000000-45.000000.png,2025-01-29T18:00:47,2025-01-30T00:00:47,40.0,45.0,2025-01-29T21:00:47,42.5,,,NOISE,2025-01-29T21:00:47,42.5,,,NOISE,2025-01-29T21:00:47,42.5,,,NOISE,2025-01-29T21:00:47,42.5,,,NOISE
2026-03-05T13:08:14.229577,Map-Energy__sum__linear-conv01169-20250130_000047-20250130_060047-40.000000-45.000000.png,2025-01-30T00:00:47,2025-01-30T06:00:47,40.0,45.0,2025-01-30T03:00:47,42.5,,,NOISE,2025-01-30T03:00:47,42.5,,,NOISE,2025-01-30T03:00:47,42.5,,,NOISE,2025-01-30T03:00:47,42.5,,,NOISE
2026-03-05T13:08:15.509486,Map-Energy__sum__linear-conv01179-20250130_060047-20250130_120047-40.000000-45.000000.png,2025-01-30T06:00:47,2025-01-30T12:00:47,40.0,45.0,2025-01-30T09:00:47,42.5,,,NOISE,2025-01-30T09:00:47,42.5,,,NOISE,2025-01-30T09:00:47,42.5,,,NOISE,2025-01-30T09:00:47,42.5,,,NOISE
2026-03-05T13:08:18.389457,Map-Energy__sum__linear-conv01189-20250130_120047-20250130_180047-40.000000-45.000000.png,2025-01-30T12:00:47,2025-01-30T18:00:47,40.0,45.0,2025-01-30T15:00:47,42.5,,,NOISE,2025-01-30T15:00:47,42.5,,,NOISE,2025-01-30T15:00:47,42.5,,,NOISE,2025-01-30T15:00:47,42.5,,,NOISE
2026-03-05T13:08:20.133544,Map-Energy__sum__linear-conv01199-20250130_180047-20250131_000047-40.000000-45.000000.png,2025-01-30T18:00:47,2025-01-31T00:00:47,40.0,45.0,2025-01-30T21:00:47,42.5,,,NOISE,2025-01-30T21:00:47,42.5,,,NOISE,2025-01-30T21:00:47,42.5,,,NOISE,2025-01-30T21:00:47,42.5,,,NOISE
2026-03-05T13:08:21.245553,Map-Energy__sum__linear-conv01209-20250131_000047-20250131_060047-40.000000-45.000000.png,2025-01-31T00:00:47,2025-01-31T06:00:47,40.0,45.0,2025-01-31T03:00:47,42.5,,,NOISE,2025-01-31T03:00:47,42.5,,,NOISE,2025-01-31T03:00:47,42.5,,,NOISE,2025-01-31T03:00:47,42.5,,,NOISE
2026-03-05T13:08:22.229340,Map-Energy__sum__linear-conv01219-20250131_060047-20250131_120047-40.000000-45.000000.png,2025-01-31T06:00:47,2025-01-31T12:00:47,40.0,45.0,2025-01-31T09:00:47,42.5,,,NOISE,2025-01-31T09:00:47,42.5,,,NOISE,2025-01-31T09:00:47,42.5,,,NOISE,2025-01-31T09:00:47,42.5,,,NOISE
2026-03-05T13:08:23.429791,Map-Energy__sum__linear-conv01229-20250131_120047-20250131_180047-40.000000-45.000000.png,2025-01-31T12:00:47,2025-01-31T18:00:47,40.0,45.0,2025-01-31T15:00:47,42.5,,,NOISE,2025-01-31T15:00:47,42.5,,,NOISE,2025-01-31T15:00:47,42.5,,,NOISE,2025-01-31T15:00:47,42.5,,,NOISE
2026-03-05T13:08:24.789429,Map-Energy__sum__linear-conv01239-20250131_180047-20250201_000047-40.000000-45.000000.png,2025-01-31T18:00:47,2025-02-01T00:00:47,40.0,45.0,2025-01-31T21:00:47,42.5,,,NOISE,2025-01-31T21:00:47,42.5,,,NOISE,2025-01-31T21:00:47,42.5,,,NOISE,2025-01-31T21:00:47,42.5,,,NOISE
2026-03-05T13:08:27.653450,Map-Energy__sum__linear-conv00010-20250101_000047-20250101_060047-45.000000-49.900000.png,2025-01-01T00:00:47,2025-01-01T06:00:47,45.0,49.9,2025-01-01T03:00:47,47.45,,,NOISE,2025-01-01T03:00:47,47.45,,,NOISE,2025-01-01T03:00:47,47.45,,,NOISE,2025-01-01T03:00:47,47.45,,,NOISE
2026-03-05T13:08:29.173688,Map-Energy__sum__linear-conv00020-20250101_060047-20250101_120047-45.000000-49.900000.png,2025-01-01T06:00:47,2025-01-01T12:00:47,45.0,49.9,2025-01-01T09:00:47,47.45,,,NOISE,2025-01-01T09:00:47,47.45,,,NOISE,2025-01-01T09:00:47,47.45,,,NOISE,2025-01-01T09:00:47,47.45,,,NOISE
2026-03-05T13:08:30.365481,Map-Energy__sum__linear-conv00030-20250101_120047-20250101_180047-45.000000-49.900000.png,2025-01-01T12:00:47,2025-01-01T18:00:47,45.0,49.9,2025-01-01T15:00:47,47.45,,,NOISE,2025-01-01T15:00:47,47.45,,,NOISE,2025-01-01T15:00:47,47.45,,,NOISE,2025-01-01T15:00:47,47.45,,,NOISE
2026-03-05T13:08:31.445399,Map-Energy__sum__linear-conv00040-20250101_180047-20250102_000047-45.000000-49.900000.png,2025-01-01T18:00:47,2025-01-02T00:00:47,45.0,49.9,2025-01-01T21:00:47,47.45,,,NOISE,2025-01-01T21:00:47,47.45,,,NOISE,2025-01-01T21:00:47,47.45,,,NOISE,2025-01-01T21:00:47,47.45,,,NOISE
2026-03-05T13:08:32.493805,Map-Energy__sum__linear-conv00050-20250102_000047-20250102_060047-45.000000-49.900000.png,2025-01-02T00:00:47,2025-01-02T06:00:47,45.0,49.9,2025-01-02T03:00:47,47.45,,,NOISE,2025-01-02T03:00:47,47.45,,,NOISE,2025-01-02T03:00:47,47.45,,,NOISE,2025-01-02T03:00:47,47.45,,,NOISE
2026-03-05T13:08:33.533547,Map-Energy__sum__linear-conv00060-20250102_060047-20250102_120047-45.000000-49.900000.png,2025-01-02T06:00:47,2025-01-02T12:00:47,45.0,49.9,2025-01-02T09:00:47,47.45,,,NOISE,2025-01-02T09:00:47,47.45,,,NOISE,2025-01-02T09:00:47,47.45,,,NOISE,2025-01-02T09:00:47,47.45,,,NOISE
2026-03-05T13:08:34.966068,Map-Energy__sum__linear-conv00070-20250102_120047-20250102_180047-45.000000-49.900000.png,2025-01-02T12:00:47,2025-01-02T18:00:47,45.0,49.9,2025-01-02T15:00:47,47.45,,,NOISE,2025-01-02T15:00:47,47.45,,,NOISE,2025-01-02T15:00:47,47.45,,,NOISE,2025-01-02T15:00:47,47.45,,,NOISE
2026-03-05T13:08:35.949511,Map-Energy__sum__linear-conv00080-20250102_180047-20250103_000047-45.000000-49.900000.png,2025-01-02T18:00:47,2025-01-03T00:00:47,45.0,49.9,2025-01-02T21:00:47,47.45,,,NOISE,2025-01-02T21:00:47,47.45,,,NOISE,2025-01-02T21:00:47,47.45,,,NOISE,2025-01-02T21:00:47,47.45,,,NOISE
2026-03-05T13:08:36.885514,Map-Energy__sum__linear-conv00090-20250103_000047-20250103_060047-45.000000-49.900000.png,2025-01-03T00:00:47,2025-01-03T06:00:47,45.0,49.9,2025-01-03T03:00:47,47.45,,,NOISE,2025-01-03T03:00:47,47.45,,,NOISE,2025-01-03T03:00:47,47.45,,,NOISE,2025-01-03T03:00:47,47.45,,,NOISE
2026-03-05T13:08:37.925820,Map-Energy__sum__linear-conv00100-20250103_060047-20250103_120047-45.000000-49.900000.png,2025-01-03T06:00:47,2025-01-03T12:00:47,45.0,49.9,2025-01-03T09:00:47,47.45,,,NOISE,2025-01-03T09:00:47,47.45,,,NOISE,2025-01-03T09:00:47,47.45,,,NOISE,2025-01-03T09:00:47,47.45,,,NOISE
2026-03-05T13:08:38.853476,Map-Energy__sum__linear-conv00110-20250103_120047-20250103_180047-45.000000-49.900000.png,2025-01-03T12:00:47,2025-01-03T18:00:47,45.0,49.9,2025-01-03T15:00:47,47.45,,,NOISE,2025-01-03T15:00:47,47.45,,,NOISE,2025-01-03T15:00:47,47.45,,,NOISE,2025-01-03T15:00:47,47.45,,,NOISE
2026-03-05T13:08:40.733472,Map-Energy__sum__linear-conv00120-20250103_180047-20250104_000047-45.000000-49.900000.png,2025-01-03T18:00:47,2025-01-04T00:00:47,45.0,49.9,2025-01-03T21:00:47,47.45,,,NOISE,2025-01-03T21:00:47,47.45,,,NOISE,2025-01-03T21:00:47,47.45,,,NOISE,2025-01-03T21:00:47,47.45,,,NOISE
2026-03-05T13:08:41.741388,Map-Energy__sum__linear-conv00130-20250104_000047-20250104_060047-45.000000-49.900000.png,2025-01-04T00:00:47,2025-01-04T06:00:47,45.0,49.9,2025-01-04T03:00:47,47.45,,,NOISE,2025-01-04T03:00:47,47.45,,,NOISE,2025-01-04T03:00:47,47.45,,,NOISE,2025-01-04T03:00:47,47.45,,,NOISE
2026-03-05T13:08:42.717574,Map-Energy__sum__linear-conv00140-20250104_060047-20250104_120047-45.000000-49.900000.png,2025-01-04T06:00:47,2025-01-04T12:00:47,45.0,49.9,2025-01-04T09:00:47,47.45,,,NOISE,2025-01-04T09:00:47,47.45,,,NOISE,2025-01-04T09:00:47,47.45,,,NOISE,2025-01-04T09:00:47,47.45,,,NOISE
2026-03-05T13:08:43.885379,Map-Energy__sum__linear-conv00150-20250104_120047-20250104_180047-45.000000-49.900000.png,2025-01-04T12:00:47,2025-01-04T18:00:47,45.0,49.9,2025-01-04T15:00:47,47.45,,,NOISE,2025-01-04T15:00:47,47.45,,,NOISE,2025-01-04T15:00:47,47.45,,,NOISE,2025-01-04T15:00:47,47.45,,,NOISE
2026-03-05T13:08:44.725701,Map-Energy__sum__linear-conv00160-20250104_180047-20250105_000047-45.000000-49.900000.png,2025-01-04T18:00:47,2025-01-05T00:00:47,45.0,49.9,2025-01-04T21:00:47,47.45,,,NOISE,2025-01-04T21:00:47,47.45,,,NOISE,2025-01-04T21:00:47,47.45,,,NOISE,2025-01-04T21:00:47,47.45,,,NOISE
2026-03-05T13:08:45.509532,Map-Energy__sum__linear-conv00170-20250105_000047-20250105_060047-45.000000-49.900000.png,2025-01-05T00:00:47,2025-01-05T06:00:47,45.0,49.9,2025-01-05T03:00:47,47.45,,,NOISE,2025-01-05T03:00:47,47.45,,,NOISE,2025-01-05T03:00:47,47.45,,,NOISE,2025-01-05T03:00:47,47.45,,,NOISE
2026-03-05T13:08:46.277759,Map-Energy__sum__linear-conv00180-20250105_060047-20250105_120047-45.000000-49.900000.png,2025-01-05T06:00:47,2025-01-05T12:00:47,45.0,49.9,2025-01-05T09:00:47,47.45,,,NOISE,2025-01-05T09:00:47,47.45,,,NOISE,2025-01-05T09:00:47,47.45,,,NOISE,2025-01-05T09:00:47,47.45,,,NOISE
2026-03-05T13:08:47.029318,Map-Energy__sum__linear-conv00190-20250105_120047-20250105_180047-45.000000-49.900000.png,2025-01-05T12:00:47,2025-01-05T18:00:47,45.0,49.9,2025-01-05T15:00:47,47.45,,,NOISE,2025-01-05T15:00:47,47.45,,,NOISE,2025-01-05T15:00:47,47.45,,,NOISE,2025-01-05T15:00:47,47.45,,,NOISE
2026-03-05T13:08:47.765478,Map-Energy__sum__linear-conv00200-20250105_180047-20250106_000047-45.000000-49.900000.png,2025-01-05T18:00:47,2025-01-06T00:00:47,45.0,49.9,2025-01-05T21:00:47,47.45,,,NOISE,2025-01-05T21:00:47,47.45,,,NOISE,2025-01-05T21:00:47,47.45,,,NOISE,2025-01-05T21:00:47,47.45,,,NOISE
2026-03-05T13:08:48.613352,Map-Energy__sum__linear-conv00210-20250106_000047-20250106_060047-45.000000-49.900000.png,2025-01-06T00:00:47,2025-01-06T06:00:47,45.0,49.9,2025-01-06T03:00:47,47.45,,,NOISE,2025-01-06T03:00:47,47.45,,,NOISE,2025-01-06T03:00:47,47.45,,,NOISE,2025-01-06T03:00:47,47.45,,,NOISE
2026-03-05T13:08:49.309513,Map-Energy__sum__linear-conv00220-20250106_060047-20250106_120047-45.000000-49.900000.png,2025-01-06T06:00:47,2025-01-06T12:00:47,45.0,49.9,2025-01-06T09:00:47,47.45,,,NOISE,2025-01-06T09:00:47,47.45,,,NOISE,2025-01-06T09:00:47,47.45,,,NOISE,2025-01-06T09:00:47,47.45,,,NOISE
2026-03-05T13:08:50.109315,Map-Energy__sum__linear-conv00230-20250106_120047-20250106_180047-45.000000-49.900000.png,2025-01-06T12:00:47,2025-01-06T18:00:47,45.0,49.9,2025-01-06T15:00:47,47.45,,,NOISE,2025-01-06T15:00:47,47.45,,,NOISE,2025-01-06T15:00:47,47.45,,,NOISE,2025-01-06T15:00:47,47.45,,,NOISE
2026-03-05T13:08:50.933543,Map-Energy__sum__linear-conv00240-20250106_180047-20250107_000047-45.000000-49.900000.png,2025-01-06T18:00:47,2025-01-07T00:00:47,45.0,49.9,2025-01-06T21:00:47,47.45,,,NOISE,2025-01-06T21:00:47,47.45,,,NOISE,2025-01-06T21:00:47,47.45,,,NOISE,2025-01-06T21:00:47,47.45,,,NOISE
2026-03-05T13:08:51.717499,Map-Energy__sum__linear-conv00250-20250107_000047-20250107_060047-45.000000-49.900000.png,2025-01-07T00:00:47,2025-01-07T06:00:47,45.0,49.9,2025-01-07T03:00:47,47.45,,,NOISE,2025-01-07T03:00:47,47.45,,,NOISE,2025-01-07T03:00:47,47.45,,,NOISE,2025-01-07T03:00:47,47.45,,,NOISE
2026-03-05T13:08:52.453503,Map-Energy__sum__linear-conv00260-20250107_060047-20250107_120047-45.000000-49.900000.png,2025-01-07T06:00:47,2025-01-07T12:00:47,45.0,49.9,2025-01-07T09:00:47,47.45,,,NOISE,2025-01-07T09:00:47,47.45,,,NOISE,2025-01-07T09:00:47,47.45,,,NOISE,2025-01-07T09:00:47,47.45,,,NOISE
2026-03-05T13:08:53.253969,Map-Energy__sum__linear-conv00270-20250107_120047-20250107_180047-45.000000-49.900000.png,2025-01-07T12:00:47,2025-01-07T18:00:47,45.0,49.9,2025-01-07T15:00:47,47.45,,,NOISE,2025-01-07T15:00:47,47.45,,,NOISE,2025-01-07T15:00:47,47.45,,,NOISE,2025-01-07T15:00:47,47.45,,,NOISE
2026-03-05T13:08:54.109368,Map-Energy__sum__linear-conv00280-20250107_180047-20250108_000047-45.000000-49.900000.png,2025-01-07T18:00:47,2025-01-08T00:00:47,45.0,49.9,2025-01-07T21:00:47,47.45,,,NOISE,2025-01-07T21:00:47,47.45,,,NOISE,2025-01-07T21:00:47,47.45,,,NOISE,2025-01-07T21:00:47,47.45,,,NOISE
2026-03-05T13:08:54.893389,Map-Energy__sum__linear-conv00290-20250108_000047-20250108_060047-45.000000-49.900000.png,2025-01-08T00:00:47,2025-01-08T06:00:47,45.0,49.9,2025-01-08T03:00:47,47.45,,,NOISE,2025-01-08T03:00:47,47.45,,,NOISE,2025-01-08T03:00:47,47.45,,,NOISE,2025-01-08T03:00:47,47.45,,,NOISE
2026-03-05T13:08:56.029429,Map-Energy__sum__linear-conv00300-20250108_060047-20250108_120047-45.000000-49.900000.png,2025-01-08T06:00:47,2025-01-08T12:00:47,45.0,49.9,2025-01-08T09:00:47,47.45,,,NOISE,2025-01-08T09:00:47,47.45,,,NOISE,2025-01-08T09:00:47,47.45,,,NOISE,2025-01-08T09:00:47,47.45,,,NOISE
2026-03-05T13:08:56.853323,Map-Energy__sum__linear-conv00310-20250108_120047-20250108_180047-45.000000-49.900000.png,2025-01-08T12:00:47,2025-01-08T18:00:47,45.0,49.9,2025-01-08T15:00:47,47.45,,,NOISE,2025-01-08T15:00:47,47.45,,,NOISE,2025-01-08T15:00:47,47.45,,,NOISE,2025-01-08T15:00:47,47.45,,,NOISE
2026-03-05T13:08:57.613370,Map-Energy__sum__linear-conv00320-20250108_180047-20250109_000047-45.000000-49.900000.png,2025-01-08T18:00:47,2025-01-09T00:00:47,45.0,49.9,2025-01-08T21:00:47,47.45,,,NOISE,2025-01-08T21:00:47,47.45,,,NOISE,2025-01-08T21:00:47,47.45,,,NOISE,2025-01-08T21:00:47,47.45,,,NOISE
2026-03-05T13:08:58.333472,Map-Energy__sum__linear-conv00330-20250109_000047-20250109_060047-45.000000-49.900000.png,2025-01-09T00:00:47,2025-01-09T06:00:47,45.0,49.9,2025-01-09T03:00:47,47.45,,,NOISE,2025-01-09T03:00:47,47.45,,,NOISE,2025-01-09T03:00:47,47.45,,,NOISE,2025-01-09T03:00:47,47.45,,,NOISE
2026-03-05T13:08:59.261709,Map-Energy__sum__linear-conv00340-20250109_060047-20250109_120047-45.000000-49.900000.png,2025-01-09T06:00:47,2025-01-09T12:00:47,45.0,49.9,2025-01-09T09:00:47,47.45,,,NOISE,2025-01-09T09:00:47,47.45,,,NOISE,2025-01-09T09:00:47,47.45,,,NOISE,2025-01-09T09:00:47,47.45,,,NOISE
2026-03-05T13:09:01.365559,Map-Energy__sum__linear-conv00350-20250109_120047-20250109_180047-45.000000-49.900000.png,2025-01-09T12:00:47,2025-01-09T18:00:47,45.0,49.9,2025-01-09T15:00:47,47.45,,,NOISE,2025-01-09T15:00:47,47.45,,,NOISE,2025-01-09T15:00:47,47.45,,,NOISE,2025-01-09T15:00:47,47.45,,,NOISE
2026-03-05T13:09:02.445679,Map-Energy__sum__linear-conv00360-20250109_180047-20250110_000047-45.000000-49.900000.png,2025-01-09T18:00:47,2025-01-10T00:00:47,45.0,49.9,2025-01-09T21:00:47,47.45,,,NOISE,2025-01-09T21:00:47,47.45,,,NOISE,2025-01-09T21:00:47,47.45,,,NOISE,2025-01-09T21:00:47,47.45,,,NOISE
2026-03-05T13:09:03.389705,Map-Energy__sum__linear-conv00370-20250110_000047-20250110_060047-45.000000-49.900000.png,2025-01-10T00:00:47,2025-01-10T06:00:47,45.0,49.9,2025-01-10T03:00:47,47.45,,,NOISE,2025-01-10T03:00:47,47.45,,,NOISE,2025-01-10T03:00:47,47.45,,,NOISE,2025-01-10T03:00:47,47.45,,,NOISE
2026-03-05T13:09:04.293425,Map-Energy__sum__linear-conv00380-20250110_060047-20250110_120047-45.000000-49.900000.png,2025-01-10T06:00:47,2025-01-10T12:00:47,45.0,49.9,2025-01-10T09:00:47,47.45,,,NOISE,2025-01-10T09:00:47,47.45,,,NOISE,2025-01-10T09:00:47,47.45,,,NOISE,2025-01-10T09:00:47,47.45,,,NOISE
2026-03-05T13:09:05.317399,Map-Energy__sum__linear-conv00390-20250110_120047-20250110_180047-45.000000-49.900000.png,2025-01-10T12:00:47,2025-01-10T18:00:47,45.0,49.9,2025-01-10T15:00:47,47.45,,,NOISE,2025-01-10T15:00:47,47.45,,,NOISE,2025-01-10T15:00:47,47.45,,,NOISE,2025-01-10T15:00:47,47.45,,,NOISE
2026-03-05T13:09:06.597417,Map-Energy__sum__linear-conv00400-20250110_180047-20250111_000047-45.000000-49.900000.png,2025-01-10T18:00:47,2025-01-11T00:00:47,45.0,49.9,2025-01-10T21:00:47,47.45,,,NOISE,2025-01-10T21:00:47,47.45,,,NOISE,2025-01-10T21:00:47,47.45,,,NOISE,2025-01-10T21:00:47,47.45,,,NOISE
2026-03-05T13:09:07.549465,Map-Energy__sum__linear-conv00410-20250111_000047-20250111_060047-45.000000-49.900000.png,2025-01-11T00:00:47,2025-01-11T06:00:47,45.0,49.9,2025-01-11T03:00:47,47.45,,,NOISE,2025-01-11T03:00:47,47.45,,,NOISE,2025-01-11T03:00:47,47.45,,,NOISE,2025-01-11T03:00:47,47.45,,,NOISE
2026-03-05T13:09:08.566331,Map-Energy__sum__linear-conv00420-20250111_060047-20250111_120047-45.000000-49.900000.png,2025-01-11T06:00:47,2025-01-11T12:00:47,45.0,49.9,2025-01-11T09:00:47,47.45,,,NOISE,2025-01-11T09:00:47,47.45,,,NOISE,2025-01-11T09:00:47,47.45,,,NOISE,2025-01-11T09:00:47,47.45,,,NOISE
2026-03-05T13:09:09.453283,Map-Energy__sum__linear-conv00430-20250111_120047-20250111_180047-45.000000-49.900000.png,2025-01-11T12:00:47,2025-01-11T18:00:47,45.0,49.9,2025-01-11T15:00:47,47.45,,,NOISE,2025-01-11T15:00:47,47.45,,,NOISE,2025-01-11T15:00:47,47.45,,,NOISE,2025-01-11T15:00:47,47.45,,,NOISE
2026-03-05T13:09:10.373463,Map-Energy__sum__linear-conv00440-20250111_180047-20250112_000047-45.000000-49.900000.png,2025-01-11T18:00:47,2025-01-12T00:00:47,45.0,49.9,2025-01-11T21:00:47,47.45,,,NOISE,2025-01-11T21:00:47,47.45,,,NOISE,2025-01-11T21:00:47,47.45,,,NOISE,2025-01-11T21:00:47,47.45,,,NOISE
2026-03-05T13:09:11.285251,Map-Energy__sum__linear-conv00450-20250112_000047-20250112_060047-45.000000-49.900000.png,2025-01-12T00:00:47,2025-01-12T06:00:47,45.0,49.9,2025-01-12T03:00:47,47.45,,,NOISE,2025-01-12T03:00:47,47.45,,,NOISE,2025-01-12T03:00:47,47.45,,,NOISE,2025-01-12T03:00:47,47.45,,,NOISE
2026-03-05T13:09:12.141242,Map-Energy__sum__linear-conv00460-20250112_060047-20250112_120047-45.000000-49.900000.png,2025-01-12T06:00:47,2025-01-12T12:00:47,45.0,49.9,2025-01-12T09:00:47,47.45,,,NOISE,2025-01-12T09:00:47,47.45,,,NOISE,2025-01-12T09:00:47,47.45,,,NOISE,2025-01-12T09:00:47,47.45,,,NOISE
2026-03-05T13:09:13.365709,Map-Energy__sum__linear-conv00470-20250112_120047-20250112_180047-45.000000-49.900000.png,2025-01-12T12:00:47,2025-01-12T18:00:47,45.0,49.9,2025-01-12T15:00:47,47.45,,,NOISE,2025-01-12T15:00:47,47.45,,,NOISE,2025-01-12T15:00:47,47.45,,,NOISE,2025-01-12T15:00:47,47.45,,,NOISE
2026-03-05T13:09:14.645435,Map-Energy__sum__linear-conv00480-20250112_180047-20250113_000047-45.000000-49.900000.png,2025-01-12T18:00:47,2025-01-13T00:00:47,45.0,49.9,2025-01-12T21:00:47,47.45,,,NOISE,2025-01-12T21:00:47,47.45,,,NOISE,2025-01-12T21:00:47,47.45,,,NOISE,2025-01-12T21:00:47,47.45,,,NOISE
2026-03-05T13:09:15.501322,Map-Energy__sum__linear-conv00490-20250113_000047-20250113_060047-45.000000-49.900000.png,2025-01-13T00:00:47,2025-01-13T06:00:47,45.0,49.9,2025-01-13T03:00:47,47.45,,,NOISE,2025-01-13T03:00:47,47.45,,,NOISE,2025-01-13T03:00:47,47.45,,,NOISE,2025-01-13T03:00:47,47.45,,,NOISE
2026-03-05T13:09:16.349349,Map-Energy__sum__linear-conv00500-20250113_060047-20250113_120047-45.000000-49.900000.png,2025-01-13T06:00:47,2025-01-13T12:00:47,45.0,49.9,2025-01-13T09:00:47,47.45,,,NOISE,2025-01-13T09:00:47,47.45,,,NOISE,2025-01-13T09:00:47,47.45,,,NOISE,2025-01-13T09:00:47,47.45,,,NOISE
2026-03-05T13:09:17.237277,Map-Energy__sum__linear-conv00510-20250113_120047-20250113_180047-45.000000-49.900000.png,2025-01-13T12:00:47,2025-01-13T18:00:47,45.0,49.9,2025-01-13T15:00:47,47.45,,,NOISE,2025-01-13T15:00:47,47.45,,,NOISE,2025-01-13T15:00:47,47.45,,,NOISE,2025-01-13T15:00:47,47.45,,,NOISE
2026-03-05T13:09:18.141375,Map-Energy__sum__linear-conv00520-20250113_180047-20250114_000047-45.000000-49.900000.png,2025-01-13T18:00:47,2025-01-14T00:00:47,45.0,49.9,2025-01-13T21:00:47,47.45,,,NOISE,2025-01-13T21:00:47,47.45,,,NOISE,2025-01-13T21:00:47,47.45,,,NOISE,2025-01-13T21:00:47,47.45,,,NOISE
2026-03-05T13:09:19.349347,Map-Energy__sum__linear-conv00530-20250114_000047-20250114_060047-45.000000-49.900000.png,2025-01-14T00:00:47,2025-01-14T06:00:47,45.0,49.9,2025-01-14T03:00:47,47.45,,,NOISE,2025-01-14T03:00:47,47.45,,,NOISE,2025-01-14T03:00:47,47.45,,,NOISE,2025-01-14T03:00:47,47.45,,,NOISE
2026-03-05T13:09:20.397445,Map-Energy__sum__linear-conv00540-20250114_060047-20250114_120047-45.000000-49.900000.png,2025-01-14T06:00:47,2025-01-14T12:00:47,45.0,49.9,2025-01-14T09:00:47,47.45,,,NOISE,2025-01-14T09:00:47,47.45,,,NOISE,2025-01-14T09:00:47,47.45,,,NOISE,2025-01-14T09:00:47,47.45,,,NOISE
2026-03-05T13:09:21.381512,Map-Energy__sum__linear-conv00550-20250114_120047-20250114_180047-45.000000-49.900000.png,2025-01-14T12:00:47,2025-01-14T18:00:47,45.0,49.9,2025-01-14T15:00:47,47.45,,,NOISE,2025-01-14T15:00:47,47.45,,,NOISE,2025-01-14T15:00:47,47.45,,,NOISE,2025-01-14T15:00:47,47.45,,,NOISE
2026-03-05T13:09:33.717446,Map-Energy__sum__linear-conv00560-20250114_180047-20250115_000047-45.000000-49.900000.png,2025-01-14T18:00:47,2025-01-15T00:00:47,45.0,49.9,2025-01-14T20:26:46,47.970024,,,SEISMIC,2025-01-14T21:00:47,47.45,,,NOISE,2025-01-14T21:00:47,47.45,,,NOISE,2025-01-14T21:00:47,47.45,,,NOISE
2026-03-05T13:09:35.021386,Map-Energy__sum__linear-conv00570-20250115_000047-20250115_060047-45.000000-49.900000.png,2025-01-15T00:00:47,2025-01-15T06:00:47,45.0,49.9,2025-01-15T03:00:47,47.45,,,NOISE,2025-01-15T03:00:47,47.45,,,NOISE,2025-01-15T03:00:47,47.45,,,NOISE,2025-01-15T03:00:47,47.45,,,NOISE
2026-03-05T13:09:36.205272,Map-Energy__sum__linear-conv00580-20250115_060047-20250115_120047-45.000000-49.900000.png,2025-01-15T06:00:47,2025-01-15T12:00:47,45.0,49.9,2025-01-15T09:00:47,47.45,,,NOISE,2025-01-15T09:00:47,47.45,,,NOISE,2025-01-15T09:00:47,47.45,,,NOISE,2025-01-15T09:00:47,47.45,,,NOISE
2026-03-05T13:09:37.205206,Map-Energy__sum__linear-conv00590-20250115_120047-20250115_180047-45.000000-49.900000.png,2025-01-15T12:00:47,2025-01-15T18:00:47,45.0,49.9,2025-01-15T15:00:47,47.45,,,NOISE,2025-01-15T15:00:47,47.45,,,NOISE,2025-01-15T15:00:47,47.45,,,NOISE,2025-01-15T15:00:47,47.45,,,NOISE
2026-03-05T13:09:38.069219,Map-Energy__sum__linear-conv00600-20250115_180047-20250116_000047-45.000000-49.900000.png,2025-01-15T18:00:47,2025-01-16T00:00:47,45.0,49.9,2025-01-15T21:00:47,47.45,,,NOISE,2025-01-15T21:00:47,47.45,,,NOISE,2025-01-15T21:00:47,47.45,,,NOISE,2025-01-15T21:00:47,47.45,,,NOISE
2026-03-05T13:09:38.909648,Map-Energy__sum__linear-conv00610-20250116_000047-20250116_060047-45.000000-49.900000.png,2025-01-16T00:00:47,2025-01-16T06:00:47,45.0,49.9,2025-01-16T03:00:47,47.45,,,NOISE,2025-01-16T03:00:47,47.45,,,NOISE,2025-01-16T03:00:47,47.45,,,NOISE,2025-01-16T03:00:47,47.45,,,NOISE
2026-03-05T13:09:39.701242,Map-Energy__sum__linear-conv00620-20250116_060047-20250116_120047-45.000000-49.900000.png,2025-01-16T06:00:47,2025-01-16T12:00:47,45.0,49.9,2025-01-16T09:00:47,47.45,,,NOISE,2025-01-16T09:00:47,47.45,,,NOISE,2025-01-16T09:00:47,47.45,,,NOISE,2025-01-16T09:00:47,47.45,,,NOISE
2026-03-05T13:09:40.549429,Map-Energy__sum__linear-conv00630-20250116_120047-20250116_180047-45.000000-49.900000.png,2025-01-16T12:00:47,2025-01-16T18:00:47,45.0,49.9,2025-01-16T15:00:47,47.45,,,NOISE,2025-01-16T15:00:47,47.45,,,NOISE,2025-01-16T15:00:47,47.45,,,NOISE,2025-01-16T15:00:47,47.45,,,NOISE
2026-03-05T13:09:41.381407,Map-Energy__sum__linear-conv00640-20250116_180047-20250117_000047-45.000000-49.900000.png,2025-01-16T18:00:47,2025-01-17T00:00:47,45.0,49.9,2025-01-16T21:00:47,47.45,,,NOISE,2025-01-16T21:00:47,47.45,,,NOISE,2025-01-16T21:00:47,47.45,,,NOISE,2025-01-16T21:00:47,47.45,,,NOISE
2026-03-05T13:09:42.237229,Map-Energy__sum__linear-conv00650-20250117_000047-20250117_060047-45.000000-49.900000.png,2025-01-17T00:00:47,2025-01-17T06:00:47,45.0,49.9,2025-01-17T03:00:47,47.45,,,NOISE,2025-01-17T03:00:47,47.45,,,NOISE,2025-01-17T03:00:47,47.45,,,NOISE,2025-01-17T03:00:47,47.45,,,NOISE
2026-03-05T13:09:43.085409,Map-Energy__sum__linear-conv00660-20250117_060047-20250117_120047-45.000000-49.900000.png,2025-01-17T06:00:47,2025-01-17T12:00:47,45.0,49.9,2025-01-17T09:00:47,47.45,,,NOISE,2025-01-17T09:00:47,47.45,,,NOISE,2025-01-17T09:00:47,47.45,,,NOISE,2025-01-17T09:00:47,47.45,,,NOISE
2026-03-05T13:09:44.165368,Map-Energy__sum__linear-conv00670-20250117_120047-20250117_180047-45.000000-49.900000.png,2025-01-17T12:00:47,2025-01-17T18:00:47,45.0,49.9,2025-01-17T15:00:47,47.45,,,NOISE,2025-01-17T15:00:47,47.45,,,NOISE,2025-01-17T15:00:47,47.45,,,NOISE,2025-01-17T15:00:47,47.45,,,NOISE
2026-03-05T13:09:45.117495,Map-Energy__sum__linear-conv00680-20250117_180047-20250118_000047-45.000000-49.900000.png,2025-01-17T18:00:47,2025-01-18T00:00:47,45.0,49.9,2025-01-17T21:00:47,47.45,,,NOISE,2025-01-17T21:00:47,47.45,,,NOISE,2025-01-17T21:00:47,47.45,,,NOISE,2025-01-17T21:00:47,47.45,,,NOISE
2026-03-05T13:09:46.053819,Map-Energy__sum__linear-conv00690-20250118_000047-20250118_060047-45.000000-49.900000.png,2025-01-18T00:00:47,2025-01-18T06:00:47,45.0,49.9,2025-01-18T03:00:47,47.45,,,NOISE,2025-01-18T03:00:47,47.45,,,NOISE,2025-01-18T03:00:47,47.45,,,NOISE,2025-01-18T03:00:47,47.45,,,NOISE
2026-03-05T13:09:46.965247,Map-Energy__sum__linear-conv00700-20250118_060047-20250118_120047-45.000000-49.900000.png,2025-01-18T06:00:47,2025-01-18T12:00:47,45.0,49.9,2025-01-18T09:00:47,47.45,,,NOISE,2025-01-18T09:00:47,47.45,,,NOISE,2025-01-18T09:00:47,47.45,,,NOISE,2025-01-18T09:00:47,47.45,,,NOISE
2026-03-05T13:09:47.829646,Map-Energy__sum__linear-conv00710-20250118_120047-20250118_180047-45.000000-49.900000.png,2025-01-18T12:00:47,2025-01-18T18:00:47,45.0,49.9,2025-01-18T15:00:47,47.45,,,NOISE,2025-01-18T15:00:47,47.45,,,NOISE,2025-01-18T15:00:47,47.45,,,NOISE,2025-01-18T15:00:47,47.45,,,NOISE
2026-03-05T13:09:48.733491,Map-Energy__sum__linear-conv00720-20250118_180047-20250119_000047-45.000000-49.900000.png,2025-01-18T18:00:47,2025-01-19T00:00:47,45.0,49.9,2025-01-18T21:00:47,47.45,,,NOISE,2025-01-18T21:00:47,47.45,,,NOISE,2025-01-18T21:00:47,47.45,,,NOISE,2025-01-18T21:00:47,47.45,,,NOISE
2026-03-05T13:09:49.637430,Map-Energy__sum__linear-conv00730-20250119_000047-20250119_060047-45.000000-49.900000.png,2025-01-19T00:00:47,2025-01-19T06:00:47,45.0,49.9,2025-01-19T03:00:47,47.45,,,NOISE,2025-01-19T03:00:47,47.45,,,NOISE,2025-01-19T03:00:47,47.45,,,NOISE,2025-01-19T03:00:47,47.45,,,NOISE
2026-03-05T13:09:50.565724,Map-Energy__sum__linear-conv00740-20250119_060047-20250119_120047-45.000000-49.900000.png,2025-01-19T06:00:47,2025-01-19T12:00:47,45.0,49.9,2025-01-19T09:00:47,47.45,,,NOISE,2025-01-19T09:00:47,47.45,,,NOISE,2025-01-19T09:00:47,47.45,,,NOISE,2025-01-19T09:00:47,47.45,,,NOISE
2026-03-05T13:09:51.525693,Map-Energy__sum__linear-conv00750-20250119_120047-20250119_180047-45.000000-49.900000.png,2025-01-19T12:00:47,2025-01-19T18:00:47,45.0,49.9,2025-01-19T15:00:47,47.45,,,NOISE,2025-01-19T15:00:47,47.45,,,NOISE,2025-01-19T15:00:47,47.45,,,NOISE,2025-01-19T15:00:47,47.45,,,NOISE
2026-03-05T13:09:52.901694,Map-Energy__sum__linear-conv00760-20250119_180047-20250120_000047-45.000000-49.900000.png,2025-01-19T18:00:47,2025-01-20T00:00:47,45.0,49.9,2025-01-19T21:00:47,47.45,,,NOISE,2025-01-19T21:00:47,47.45,,,NOISE,2025-01-19T21:00:47,47.45,,,NOISE,2025-01-19T21:00:47,47.45,,,NOISE
2026-03-05T13:09:53.829321,Map-Energy__sum__linear-conv00770-20250120_000047-20250120_060047-45.000000-49.900000.png,2025-01-20T00:00:47,2025-01-20T06:00:47,45.0,49.9,2025-01-20T03:00:47,47.45,,,NOISE,2025-01-20T03:00:47,47.45,,,NOISE,2025-01-20T03:00:47,47.45,,,NOISE,2025-01-20T03:00:47,47.45,,,NOISE
2026-03-05T13:09:56.181762,Map-Energy__sum__linear-conv00780-20250120_060047-20250120_120047-45.000000-49.900000.png,2025-01-20T06:00:47,2025-01-20T12:00:47,45.0,49.9,2025-01-20T09:00:47,47.45,,,NOISE,2025-01-20T09:00:47,47.45,,,NOISE,2025-01-20T09:00:47,47.45,,,NOISE,2025-01-20T09:00:47,47.45,,,NOISE
2026-03-05T13:09:58.405371,Map-Energy__sum__linear-conv00790-20250120_120047-20250120_180047-45.000000-49.900000.png,2025-01-20T12:00:47,2025-01-20T18:00:47,45.0,49.9,2025-01-20T15:00:47,47.45,,,NOISE,2025-01-20T15:00:47,47.45,,,NOISE,2025-01-20T15:00:47,47.45,,,NOISE,2025-01-20T15:00:47,47.45,,,NOISE
2026-03-05T13:09:59.621664,Map-Energy__sum__linear-conv00800-20250120_180047-20250121_000047-45.000000-49.900000.png,2025-01-20T18:00:47,2025-01-21T00:00:47,45.0,49.9,2025-01-20T21:00:47,47.45,,,NOISE,2025-01-20T21:00:47,47.45,,,NOISE,2025-01-20T21:00:47,47.45,,,NOISE,2025-01-20T21:00:47,47.45,,,NOISE
2026-03-05T13:10:00.973371,Map-Energy__sum__linear-conv00810-20250121_000047-20250121_060047-45.000000-49.900000.png,2025-01-21T00:00:47,2025-01-21T06:00:47,45.0,49.9,2025-01-21T03:00:47,47.45,,,NOISE,2025-01-21T03:00:47,47.45,,,NOISE,2025-01-21T03:00:47,47.45,,,NOISE,2025-01-21T03:00:47,47.45,,,NOISE
2026-03-05T13:10:02.045607,Map-Energy__sum__linear-conv00820-20250121_060047-20250121_120047-45.000000-49.900000.png,2025-01-21T06:00:47,2025-01-21T12:00:47,45.0,49.9,2025-01-21T09:00:47,47.45,,,NOISE,2025-01-21T09:00:47,47.45,,,NOISE,2025-01-21T09:00:47,47.45,,,NOISE,2025-01-21T09:00:47,47.45,,,NOISE
2026-03-05T13:10:03.021420,Map-Energy__sum__linear-conv00830-20250121_120047-20250121_180047-45.000000-49.900000.png,2025-01-21T12:00:47,2025-01-21T18:00:47,45.0,49.9,2025-01-21T15:00:47,47.45,,,NOISE,2025-01-21T15:00:47,47.45,,,NOISE,2025-01-21T15:00:47,47.45,,,NOISE,2025-01-21T15:00:47,47.45,,,NOISE
2026-03-05T13:10:04.109314,Map-Energy__sum__linear-conv00840-20250121_180047-20250122_000047-45.000000-49.900000.png,2025-01-21T18:00:47,2025-01-22T00:00:47,45.0,49.9,2025-01-21T21:00:47,47.45,,,NOISE,2025-01-21T21:00:47,47.45,,,NOISE,2025-01-21T21:00:47,47.45,,,NOISE,2025-01-21T21:00:47,47.45,,,NOISE
2026-03-05T13:10:05.085259,Map-Energy__sum__linear-conv00850-20250122_000047-20250122_060047-45.000000-49.900000.png,2025-01-22T00:00:47,2025-01-22T06:00:47,45.0,49.9,2025-01-22T03:00:47,47.45,,,NOISE,2025-01-22T03:00:47,47.45,,,NOISE,2025-01-22T03:00:47,47.45,,,NOISE,2025-01-22T03:00:47,47.45,,,NOISE
2026-03-05T13:10:05.997310,Map-Energy__sum__linear-conv00860-20250122_060047-20250122_120047-45.000000-49.900000.png,2025-01-22T06:00:47,2025-01-22T12:00:47,45.0,49.9,2025-01-22T09:00:47,47.45,,,NOISE,2025-01-22T09:00:47,47.45,,,NOISE,2025-01-22T09:00:47,47.45,,,NOISE,2025-01-22T09:00:47,47.45,,,NOISE
2026-03-05T13:10:06.973386,Map-Energy__sum__linear-conv00870-20250122_120047-20250122_180047-45.000000-49.900000.png,2025-01-22T12:00:47,2025-01-22T18:00:47,45.0,49.9,2025-01-22T15:00:47,47.45,,,NOISE,2025-01-22T15:00:47,47.45,,,NOISE,2025-01-22T15:00:47,47.45,,,NOISE,2025-01-22T15:00:47,47.45,,,NOISE
2026-03-05T13:10:07.917464,Map-Energy__sum__linear-conv00880-20250122_180047-20250123_000047-45.000000-49.900000.png,2025-01-22T18:00:47,2025-01-23T00:00:47,45.0,49.9,2025-01-22T21:00:47,47.45,,,NOISE,2025-01-22T21:00:47,47.45,,,NOISE,2025-01-22T21:00:47,47.45,,,NOISE,2025-01-22T21:00:47,47.45,,,NOISE
2026-03-05T13:10:09.813458,Map-Energy__sum__linear-conv00890-20250123_000047-20250123_060047-45.000000-49.900000.png,2025-01-23T00:00:47,2025-01-23T06:00:47,45.0,49.9,2025-01-23T03:00:47,47.45,,,NOISE,2025-01-23T03:00:47,47.45,,,NOISE,2025-01-23T03:00:47,47.45,,,NOISE,2025-01-23T03:00:47,47.45,,,NOISE
2026-03-05T13:10:11.222035,Map-Energy__sum__linear-conv00900-20250123_060047-20250123_120047-45.000000-49.900000.png,2025-01-23T06:00:47,2025-01-23T12:00:47,45.0,49.9,2025-01-23T09:00:47,47.45,,,NOISE,2025-01-23T09:00:47,47.45,,,NOISE,2025-01-23T09:00:47,47.45,,,NOISE,2025-01-23T09:00:47,47.45,,,NOISE
2026-03-05T13:10:12.989346,Map-Energy__sum__linear-conv00910-20250123_120047-20250123_180047-45.000000-49.900000.png,2025-01-23T12:00:47,2025-01-23T18:00:47,45.0,49.9,2025-01-23T15:00:47,47.45,,,NOISE,2025-01-23T15:00:47,47.45,,,NOISE,2025-01-23T15:00:47,47.45,,,NOISE,2025-01-23T15:00:47,47.45,,,NOISE
2026-03-05T13:10:14.165424,Map-Energy__sum__linear-conv00920-20250123_180047-20250124_000047-45.000000-49.900000.png,2025-01-23T18:00:47,2025-01-24T00:00:47,45.0,49.9,2025-01-23T21:00:47,47.45,,,NOISE,2025-01-23T21:00:47,47.45,,,NOISE,2025-01-23T21:00:47,47.45,,,NOISE,2025-01-23T21:00:47,47.45,,,NOISE
2026-03-05T13:10:15.061406,Map-Energy__sum__linear-conv00930-20250124_000047-20250124_060047-45.000000-49.900000.png,2025-01-24T00:00:47,2025-01-24T06:00:47,45.0,49.9,2025-01-24T03:00:47,47.45,,,NOISE,2025-01-24T03:00:47,47.45,,,NOISE,2025-01-24T03:00:47,47.45,,,NOISE,2025-01-24T03:00:47,47.45,,,NOISE
2026-03-05T13:10:16.069240,Map-Energy__sum__linear-conv00940-20250124_060047-20250124_120047-45.000000-49.900000.png,2025-01-24T06:00:47,2025-01-24T12:00:47,45.0,49.9,2025-01-24T09:00:47,47.45,,,NOISE,2025-01-24T09:00:47,47.45,,,NOISE,2025-01-24T09:00:47,47.45,,,NOISE,2025-01-24T09:00:47,47.45,,,NOISE
2026-03-05T13:10:17.093343,Map-Energy__sum__linear-conv00950-20250124_120047-20250124_180047-45.000000-49.900000.png,2025-01-24T12:00:47,2025-01-24T18:00:47,45.0,49.9,2025-01-24T15:00:47,47.45,,,NOISE,2025-01-24T15:00:47,47.45,,,NOISE,2025-01-24T15:00:47,47.45,,,NOISE,2025-01-24T15:00:47,47.45,,,NOISE
2026-03-05T13:10:18.389458,Map-Energy__sum__linear-conv00960-20250124_180047-20250125_000047-45.000000-49.900000.png,2025-01-24T18:00:47,2025-01-25T00:00:47,45.0,49.9,2025-01-24T21:00:47,47.45,,,NOISE,2025-01-24T21:00:47,47.45,,,NOISE,2025-01-24T21:00:47,47.45,,,NOISE,2025-01-24T21:00:47,47.45,,,NOISE
2026-03-05T13:10:19.902331,Map-Energy__sum__linear-conv00970-20250125_000047-20250125_060047-45.000000-49.900000.png,2025-01-25T00:00:47,2025-01-25T06:00:47,45.0,49.9,2025-01-25T03:00:47,47.45,,,NOISE,2025-01-25T03:00:47,47.45,,,NOISE,2025-01-25T03:00:47,47.45,,,NOISE,2025-01-25T03:00:47,47.45,,,NOISE
2026-03-05T13:10:20.797175,Map-Energy__sum__linear-conv00980-20250125_060047-20250125_120047-45.000000-49.900000.png,2025-01-25T06:00:47,2025-01-25T12:00:47,45.0,49.9,2025-01-25T09:00:47,47.45,,,NOISE,2025-01-25T09:00:47,47.45,,,NOISE,2025-01-25T09:00:47,47.45,,,NOISE,2025-01-25T09:00:47,47.45,,,NOISE
2026-03-05T13:10:21.661399,Map-Energy__sum__linear-conv00990-20250125_120047-20250125_180047-45.000000-49.900000.png,2025-01-25T12:00:47,2025-01-25T18:00:47,45.0,49.9,2025-01-25T15:00:47,47.45,,,NOISE,2025-01-25T15:00:47,47.45,,,NOISE,2025-01-25T15:00:47,47.45,,,NOISE,2025-01-25T15:00:47,47.45,,,NOISE
2026-03-05T13:10:22.477405,Map-Energy__sum__linear-conv01000-20250125_180047-20250126_000047-45.000000-49.900000.png,2025-01-25T18:00:47,2025-01-26T00:00:47,45.0,49.9,2025-01-25T21:00:47,47.45,,,NOISE,2025-01-25T21:00:47,47.45,,,NOISE,2025-01-25T21:00:47,47.45,,,NOISE,2025-01-25T21:00:47,47.45,,,NOISE
2026-03-05T13:10:23.317380,Map-Energy__sum__linear-conv01010-20250126_000047-20250126_060047-45.000000-49.900000.png,2025-01-26T00:00:47,2025-01-26T06:00:47,45.0,49.9,2025-01-26T03:00:47,47.45,,,NOISE,2025-01-26T03:00:47,47.45,,,NOISE,2025-01-26T03:00:47,47.45,,,NOISE,2025-01-26T03:00:47,47.45,,,NOISE
2026-03-05T13:10:24.149504,Map-Energy__sum__linear-conv01020-20250126_060047-20250126_120047-45.000000-49.900000.png,2025-01-26T06:00:47,2025-01-26T12:00:47,45.0,49.9,2025-01-26T09:00:47,47.45,,,NOISE,2025-01-26T09:00:47,47.45,,,NOISE,2025-01-26T09:00:47,47.45,,,NOISE,2025-01-26T09:00:47,47.45,,,NOISE
2026-03-05T13:10:25.229187,Map-Energy__sum__linear-conv01030-20250126_120047-20250126_180047-45.000000-49.900000.png,2025-01-26T12:00:47,2025-01-26T18:00:47,45.0,49.9,2025-01-26T15:00:47,47.45,,,NOISE,2025-01-26T15:00:47,47.45,,,NOISE,2025-01-26T15:00:47,47.45,,,NOISE,2025-01-26T15:00:47,47.45,,,NOISE
2026-03-05T13:10:26.093431,Map-Energy__sum__linear-conv01040-20250126_180047-20250127_000047-45.000000-49.900000.png,2025-01-26T18:00:47,2025-01-27T00:00:47,45.0,49.9,2025-01-26T21:00:47,47.45,,,NOISE,2025-01-26T21:00:47,47.45,,,NOISE,2025-01-26T21:00:47,47.45,,,NOISE,2025-01-26T21:00:47,47.45,,,NOISE
2026-03-05T13:10:26.933326,Map-Energy__sum__linear-conv01050-20250127_000047-20250127_060047-45.000000-49.900000.png,2025-01-27T00:00:47,2025-01-27T06:00:47,45.0,49.9,2025-01-27T03:00:47,47.45,,,NOISE,2025-01-27T03:00:47,47.45,,,NOISE,2025-01-27T03:00:47,47.45,,,NOISE,2025-01-27T03:00:47,47.45,,,NOISE
2026-03-05T13:10:27.781397,Map-Energy__sum__linear-conv01060-20250127_060047-20250127_120047-45.000000-49.900000.png,2025-01-27T06:00:47,2025-01-27T12:00:47,45.0,49.9,2025-01-27T09:00:47,47.45,,,NOISE,2025-01-27T09:00:47,47.45,,,NOISE,2025-01-27T09:00:47,47.45,,,NOISE,2025-01-27T09:00:47,47.45,,,NOISE
2026-03-05T13:10:28.413404,Map-Energy__sum__linear-conv01070-20250127_120047-20250127_180047-45.000000-49.900000.png,2025-01-27T12:00:47,2025-01-27T18:00:47,45.0,49.9,2025-01-27T15:00:47,47.45,,,NOISE,2025-01-27T15:00:47,47.45,,,NOISE,2025-01-27T15:00:47,47.45,,,NOISE,2025-01-27T15:00:47,47.45,,,NOISE
2026-03-05T13:10:29.269373,Map-Energy__sum__linear-conv01080-20250127_180047-20250128_000047-45.000000-49.900000.png,2025-01-27T18:00:47,2025-01-28T00:00:47,45.0,49.9,2025-01-27T21:00:47,47.45,,,NOISE,2025-01-27T21:00:47,47.45,,,NOISE,2025-01-27T21:00:47,47.45,,,NOISE,2025-01-27T21:00:47,47.45,,,NOISE
2026-03-05T13:10:30.045470,Map-Energy__sum__linear-conv01090-20250128_000047-20250128_060047-45.000000-49.900000.png,2025-01-28T00:00:47,2025-01-28T06:00:47,45.0,49.9,2025-01-28T03:00:47,47.45,,,NOISE,2025-01-28T03:00:47,47.45,,,NOISE,2025-01-28T03:00:47,47.45,,,NOISE,2025-01-28T03:00:47,47.45,,,NOISE
2026-03-05T13:10:32.077255,Map-Energy__sum__linear-conv01100-20250128_060047-20250128_120047-45.000000-49.900000.png,2025-01-28T06:00:47,2025-01-28T12:00:47,45.0,49.9,2025-01-28T09:00:47,47.45,,,NOISE,2025-01-28T09:00:47,47.45,,,NOISE,2025-01-28T09:00:47,47.45,,,NOISE,2025-01-28T09:00:47,47.45,,,NOISE
2026-03-05T13:10:33.141286,Map-Energy__sum__linear-conv01110-20250128_120047-20250128_180047-45.000000-49.900000.png,2025-01-28T12:00:47,2025-01-28T18:00:47,45.0,49.9,2025-01-28T15:00:47,47.45,,,NOISE,2025-01-28T15:00:47,47.45,,,NOISE,2025-01-28T15:00:47,47.45,,,NOISE,2025-01-28T15:00:47,47.45,,,NOISE
2026-03-05T13:10:34.125369,Map-Energy__sum__linear-conv01120-20250128_180047-20250129_000047-45.000000-49.900000.png,2025-01-28T18:00:47,2025-01-29T00:00:47,45.0,49.9,2025-01-28T21:00:47,47.45,,,NOISE,2025-01-28T21:00:47,47.45,,,NOISE,2025-01-28T21:00:47,47.45,,,NOISE,2025-01-28T21:00:47,47.45,,,NOISE
2026-03-05T13:10:38.981548,Map-Energy__sum__linear-conv01130-20250129_000047-20250129_060047-45.000000-49.900000.png,2025-01-29T00:00:47,2025-01-29T06:00:47,45.0,49.9,2025-01-29T03:00:47,47.45,,,NOISE,2025-01-29T03:00:47,47.45,,,NOISE,2025-01-29T03:00:47,47.45,,,NOISE,2025-01-29T03:00:47,47.45,,,NOISE
2026-03-05T13:10:39.773489,Map-Energy__sum__linear-conv01140-20250129_060047-20250129_120047-45.000000-49.900000.png,2025-01-29T06:00:47,2025-01-29T12:00:47,45.0,49.9,2025-01-29T09:00:47,47.45,,,NOISE,2025-01-29T09:00:47,47.45,,,NOISE,2025-01-29T09:00:47,47.45,,,NOISE,2025-01-29T09:00:47,47.45,,,NOISE
2026-03-05T13:10:40.669260,Map-Energy__sum__linear-conv01150-20250129_120047-20250129_180047-45.000000-49.900000.png,2025-01-29T12:00:47,2025-01-29T18:00:47,45.0,49.9,2025-01-29T15:00:47,47.45,,,NOISE,2025-01-29T15:00:47,47.45,,,NOISE,2025-01-29T15:00:47,47.45,,,NOISE,2025-01-29T15:00:47,47.45,,,NOISE
2026-03-05T13:10:41.542808,Map-Energy__sum__linear-conv01160-20250129_180047-20250130_000047-45.000000-49.900000.png,2025-01-29T18:00:47,2025-01-30T00:00:47,45.0,49.9,2025-01-29T21:00:47,47.45,,,NOISE,2025-01-29T21:00:47,47.45,,,NOISE,2025-01-29T21:00:47,47.45,,,NOISE,2025-01-29T21:00:47,47.45,,,NOISE
2026-03-05T13:10:42.357332,Map-Energy__sum__linear-conv01170-20250130_000047-20250130_060047-45.000000-49.900000.png,2025-01-30T00:00:47,2025-01-30T06:00:47,45.0,49.9,2025-01-30T03:00:47,47.45,,,NOISE,2025-01-30T03:00:47,47.45,,,NOISE,2025-01-30T03:00:47,47.45,,,NOISE,2025-01-30T03:00:47,47.45,,,NOISE
2026-03-05T13:10:43.109213,Map-Energy__sum__linear-conv01180-20250130_060047-20250130_120047-45.000000-49.900000.png,2025-01-30T06:00:47,2025-01-30T12:00:47,45.0,49.9,2025-01-30T09:00:47,47.45,,,NOISE,2025-01-30T09:00:47,47.45,,,NOISE,2025-01-30T09:00:47,47.45,,,NOISE,2025-01-30T09:00:47,47.45,,,NOISE
2026-03-05T13:10:43.877603,Map-Energy__sum__linear-conv01190-20250130_120047-20250130_180047-45.000000-49.900000.png,2025-01-30T12:00:47,2025-01-30T18:00:47,45.0,49.9,2025-01-30T15:00:47,47.45,,,NOISE,2025-01-30T15:00:47,47.45,,,NOISE,2025-01-30T15:00:47,47.45,,,NOISE,2025-01-30T15:00:47,47.45,,,NOISE
2026-03-05T13:10:44.573179,Map-Energy__sum__linear-conv01200-20250130_180047-20250131_000047-45.000000-49.900000.png,2025-01-30T18:00:47,2025-01-31T00:00:47,45.0,49.9,2025-01-30T21:00:47,47.45,,,NOISE,2025-01-30T21:00:47,47.45,,,NOISE,2025-01-30T21:00:47,47.45,,,NOISE,2025-01-30T21:00:47,47.45,,,NOISE
2026-03-05T13:10:45.357511,Map-Energy__sum__linear-conv01210-20250131_000047-20250131_060047-45.000000-49.900000.png,2025-01-31T00:00:47,2025-01-31T06:00:47,45.0,49.9,2025-01-31T03:00:47,47.45,,,NOISE,2025-01-31T03:00:47,47.45,,,NOISE,2025-01-31T03:00:47,47.45,,,NOISE,2025-01-31T03:00:47,47.45,,,NOISE
2026-03-05T13:10:46.277595,Map-Energy__sum__linear-conv01220-20250131_060047-20250131_120047-45.000000-49.900000.png,2025-01-31T06:00:47,2025-01-31T12:00:47,45.0,49.9,2025-01-31T09:00:47,47.45,,,NOISE,2025-01-31T09:00:47,47.45,,,NOISE,2025-01-31T09:00:47,47.45,,,NOISE,2025-01-31T09:00:47,47.45,,,NOISE
2026-03-05T13:10:47.061511,Map-Energy__sum__linear-conv01230-20250131_120047-20250131_180047-45.000000-49.900000.png,2025-01-31T12:00:47,2025-01-31T18:00:47,45.0,49.9,2025-01-31T15:00:47,47.45,,,NOISE,2025-01-31T15:00:47,47.45,,,NOISE,2025-01-31T15:00:47,47.45,,,NOISE,2025-01-31T15:00:47,47.45,,,NOISE
2026-03-05T13:10:52.021247,Map-Energy__sum__linear-conv01240-20250131_180047-20250201_000047-45.000000-49.900000.png,2025-01-31T18:00:47,2025-02-01T00:00:47,45.0,49.9,2025-01-31T21:00:47,47.45,,,NOISE,2025-01-31T21:00:47,47.45,,,NOISE,2025-01-31T21:00:47,47.45,,,NOISE,2025-01-31T21:00:47,47.45,,,NOISE
