edited_at,filename,init_dt,end_dt,init_km,end_km,event1_dt,event1_km,event1_lon,event1_lat,event1_label,event2_dt,event2_km,event2_lon,event2_lat,event2_label,event3_dt,event3_km,event3_lon,event3_lat,event3_label,event4_dt,event4_km,event4_lon,event4_lat,event4_label
2026-04-28T09:22:10.870253,Map-Energy__sum__linear-conv00001-20250609_134009-20250609_194009-0.050000-5.000000.png,2025-06-09T13:40:09,2025-06-09T19:40:09,0.05,5.0,2025-06-09T16:40:09,2.525,11.9301635288236,78.9554869237935,NOISE,2025-06-09T16:40:09,2.525,11.9301635288236,78.9554869237935,NOISE,2025-06-09T16:40:09,2.525,11.9301635288236,78.9554869237935,NOISE,2025-06-09T16:40:09,2.525,11.9301635288236,78.9554869237935,NOISE
2026-04-28T09:22:11.959061,Map-Energy__sum__linear-conv00011-20250609_194009-20250610_014009-0.050000-5.000000.png,2025-06-09T19:40:09,2025-06-10T01:40:09,0.05,5.0,2025-06-09T22:40:09,2.525,11.9301635288236,78.9554869237935,NOISE,2025-06-09T22:40:09,2.525,11.9301635288236,78.9554869237935,NOISE,2025-06-09T22:40:09,2.525,11.9301635288236,78.9554869237935,NOISE,2025-06-09T22:40:09,2.525,11.9301635288236,78.9554869237935,NOISE
2026-04-28T09:22:12.870823,Map-Energy__sum__linear-conv00021-20250610_014009-20250610_074009-0.050000-5.000000.png,2025-06-10T01:40:09,2025-06-10T07:40:09,0.05,5.0,2025-06-10T04:40:09,2.525,11.9301635288236,78.9554869237935,NOISE,2025-06-10T04:40:09,2.525,11.9301635288236,78.9554869237935,NOISE,2025-06-10T04:40:09,2.525,11.9301635288236,78.9554869237935,NOISE,2025-06-10T04:40:09,2.525,11.9301635288236,78.9554869237935,NOISE
2026-04-28T09:22:13.822454,Map-Energy__sum__linear-conv00031-20250610_074009-20250610_134009-0.050000-5.000000.png,2025-06-10T07:40:09,2025-06-10T13:40:09,0.05,5.0,2025-06-10T10:40:09,2.525,11.9301635288236,78.9554869237935,NOISE,2025-06-10T10:40:09,2.525,11.9301635288236,78.9554869237935,NOISE,2025-06-10T10:40:09,2.525,11.9301635288236,78.9554869237935,NOISE,2025-06-10T10:40:09,2.525,11.9301635288236,78.9554869237935,NOISE
2026-04-28T09:22:14.702238,Map-Energy__sum__linear-conv00041-20250610_134009-20250610_194009-0.050000-5.000000.png,2025-06-10T13:40:09,2025-06-10T19:40:09,0.05,5.0,2025-06-10T16:40:09,2.525,11.9301635288236,78.9554869237935,NOISE,2025-06-10T16:40:09,2.525,11.9301635288236,78.9554869237935,NOISE,2025-06-10T16:40:09,2.525,11.9301635288236,78.9554869237935,NOISE,2025-06-10T16:40:09,2.525,11.9301635288236,78.9554869237935,NOISE
2026-04-28T09:22:15.446234,Map-Energy__sum__linear-conv00051-20250610_194009-20250611_014009-0.050000-5.000000.png,2025-06-10T19:40:09,2025-06-11T01:40:09,0.05,5.0,2025-06-10T22:40:09,2.525,11.9301635288236,78.9554869237935,NOISE,2025-06-10T22:40:09,2.525,11.9301635288236,78.9554869237935,NOISE,2025-06-10T22:40:09,2.525,11.9301635288236,78.9554869237935,NOISE,2025-06-10T22:40:09,2.525,11.9301635288236,78.9554869237935,NOISE
2026-04-28T09:22:16.158945,Map-Energy__sum__linear-conv00061-20250611_014009-20250611_074009-0.050000-5.000000.png,2025-06-11T01:40:09,2025-06-11T07:40:09,0.05,5.0,2025-06-11T04:40:09,2.525,11.9301635288236,78.9554869237935,NOISE,2025-06-11T04:40:09,2.525,11.9301635288236,78.9554869237935,NOISE,2025-06-11T04:40:09,2.525,11.9301635288236,78.9554869237935,NOISE,2025-06-11T04:40:09,2.525,11.9301635288236,78.9554869237935,NOISE
2026-04-28T09:22:16.902406,Map-Energy__sum__linear-conv00071-20250611_074009-20250611_134009-0.050000-5.000000.png,2025-06-11T07:40:09,2025-06-11T13:40:09,0.05,5.0,2025-06-11T10:40:09,2.525,11.9301635288236,78.9554869237935,NOISE,2025-06-11T10:40:09,2.525,11.9301635288236,78.9554869237935,NOISE,2025-06-11T10:40:09,2.525,11.9301635288236,78.9554869237935,NOISE,2025-06-11T10:40:09,2.525,11.9301635288236,78.9554869237935,NOISE
2026-04-28T09:22:17.542190,Map-Energy__sum__linear-conv00081-20250611_134009-20250611_194009-0.050000-5.000000.png,2025-06-11T13:40:09,2025-06-11T19:40:09,0.05,5.0,2025-06-11T16:40:09,2.525,11.9301635288236,78.9554869237935,NOISE,2025-06-11T16:40:09,2.525,11.9301635288236,78.9554869237935,NOISE,2025-06-11T16:40:09,2.525,11.9301635288236,78.9554869237935,NOISE,2025-06-11T16:40:09,2.525,11.9301635288236,78.9554869237935,NOISE
2026-04-28T09:22:18.174320,Map-Energy__sum__linear-conv00091-20250611_194009-20250612_014009-0.050000-5.000000.png,2025-06-11T19:40:09,2025-06-12T01:40:09,0.05,5.0,2025-06-11T22:40:09,2.525,11.9301635288236,78.9554869237935,NOISE,2025-06-11T22:40:09,2.525,11.9301635288236,78.9554869237935,NOISE,2025-06-11T22:40:09,2.525,11.9301635288236,78.9554869237935,NOISE,2025-06-11T22:40:09,2.525,11.9301635288236,78.9554869237935,NOISE
2026-04-28T09:22:18.742555,Map-Energy__sum__linear-conv00101-20250612_014009-20250612_074009-0.050000-5.000000.png,2025-06-12T01:40:09,2025-06-12T07:40:09,0.05,5.0,2025-06-12T04:40:09,2.525,11.9301635288236,78.9554869237935,NOISE,2025-06-12T04:40:09,2.525,11.9301635288236,78.9554869237935,NOISE,2025-06-12T04:40:09,2.525,11.9301635288236,78.9554869237935,NOISE,2025-06-12T04:40:09,2.525,11.9301635288236,78.9554869237935,NOISE
2026-04-28T09:22:23.702322,Map-Energy__sum__linear-conv00111-20250612_074009-20250612_134009-0.050000-5.000000.png,2025-06-12T07:40:09,2025-06-12T13:40:09,0.05,5.0,2025-06-12T10:40:09,2.525,11.9301635288236,78.9554869237935,NOISE,2025-06-12T10:40:09,2.525,11.9301635288236,78.9554869237935,NOISE,2025-06-12T10:40:09,2.525,11.9301635288236,78.9554869237935,NOISE,2025-06-12T10:40:09,2.525,11.9301635288236,78.9554869237935,NOISE
2026-04-28T09:22:24.446778,Map-Energy__sum__linear-conv00121-20250612_134009-20250612_194009-0.050000-5.000000.png,2025-06-12T13:40:09,2025-06-12T19:40:09,0.05,5.0,2025-06-12T16:40:09,2.525,11.9301635288236,78.9554869237935,NOISE,2025-06-12T16:40:09,2.525,11.9301635288236,78.9554869237935,NOISE,2025-06-12T16:40:09,2.525,11.9301635288236,78.9554869237935,NOISE,2025-06-12T16:40:09,2.525,11.9301635288236,78.9554869237935,NOISE
2026-04-28T09:22:25.262382,Map-Energy__sum__linear-conv00131-20250612_194009-20250613_014009-0.050000-5.000000.png,2025-06-12T19:40:09,2025-06-13T01:40:09,0.05,5.0,2025-06-12T22:40:09,2.525,11.9301635288236,78.9554869237935,NOISE,2025-06-12T22:40:09,2.525,11.9301635288236,78.9554869237935,NOISE,2025-06-12T22:40:09,2.525,11.9301635288236,78.9554869237935,NOISE,2025-06-12T22:40:09,2.525,11.9301635288236,78.9554869237935,NOISE
2026-04-28T09:22:26.014553,Map-Energy__sum__linear-conv00141-20250613_014009-20250613_074009-0.050000-5.000000.png,2025-06-13T01:40:09,2025-06-13T07:40:09,0.05,5.0,2025-06-13T04:40:09,2.525,11.9301635288236,78.9554869237935,NOISE,2025-06-13T04:40:09,2.525,11.9301635288236,78.9554869237935,NOISE,2025-06-13T04:40:09,2.525,11.9301635288236,78.9554869237935,NOISE,2025-06-13T04:40:09,2.525,11.9301635288236,78.9554869237935,NOISE
2026-04-28T09:22:26.799458,Map-Energy__sum__linear-conv00151-20250613_074009-20250613_134009-0.050000-5.000000.png,2025-06-13T07:40:09,2025-06-13T13:40:09,0.05,5.0,2025-06-13T10:40:09,2.525,11.9301635288236,78.9554869237935,NOISE,2025-06-13T10:40:09,2.525,11.9301635288236,78.9554869237935,NOISE,2025-06-13T10:40:09,2.525,11.9301635288236,78.9554869237935,NOISE,2025-06-13T10:40:09,2.525,11.9301635288236,78.9554869237935,NOISE
2026-04-28T09:22:27.734530,Map-Energy__sum__linear-conv00161-20250613_134009-20250613_194009-0.050000-5.000000.png,2025-06-13T13:40:09,2025-06-13T19:40:09,0.05,5.0,2025-06-13T16:40:09,2.525,11.9301635288236,78.9554869237935,NOISE,2025-06-13T16:40:09,2.525,11.9301635288236,78.9554869237935,NOISE,2025-06-13T16:40:09,2.525,11.9301635288236,78.9554869237935,NOISE,2025-06-13T16:40:09,2.525,11.9301635288236,78.9554869237935,NOISE
2026-04-28T09:22:28.526079,Map-Energy__sum__linear-conv00171-20250613_194009-20250614_014009-0.050000-5.000000.png,2025-06-13T19:40:09,2025-06-14T01:40:09,0.05,5.0,2025-06-13T22:40:09,2.525,11.9301635288236,78.9554869237935,NOISE,2025-06-13T22:40:09,2.525,11.9301635288236,78.9554869237935,NOISE,2025-06-13T22:40:09,2.525,11.9301635288236,78.9554869237935,NOISE,2025-06-13T22:40:09,2.525,11.9301635288236,78.9554869237935,NOISE
2026-04-28T09:22:29.334496,Map-Energy__sum__linear-conv00181-20250614_014009-20250614_074009-0.050000-5.000000.png,2025-06-14T01:40:09,2025-06-14T07:40:09,0.05,5.0,2025-06-14T04:40:09,2.525,11.9301635288236,78.9554869237935,NOISE,2025-06-14T04:40:09,2.525,11.9301635288236,78.9554869237935,NOISE,2025-06-14T04:40:09,2.525,11.9301635288236,78.9554869237935,NOISE,2025-06-14T04:40:09,2.525,11.9301635288236,78.9554869237935,NOISE
2026-04-28T09:22:30.822372,Map-Energy__sum__linear-conv00191-20250614_074009-20250614_134009-0.050000-5.000000.png,2025-06-14T07:40:09,2025-06-14T13:40:09,0.05,5.0,2025-06-14T10:40:09,2.525,11.9301635288236,78.9554869237935,NOISE,2025-06-14T10:40:09,2.525,11.9301635288236,78.9554869237935,NOISE,2025-06-14T10:40:09,2.525,11.9301635288236,78.9554869237935,NOISE,2025-06-14T10:40:09,2.525,11.9301635288236,78.9554869237935,NOISE
2026-04-28T09:22:31.974451,Map-Energy__sum__linear-conv00201-20250614_134009-20250614_194009-0.050000-5.000000.png,2025-06-14T13:40:09,2025-06-14T19:40:09,0.05,5.0,2025-06-14T16:40:09,2.525,11.9301635288236,78.9554869237935,NOISE,2025-06-14T16:40:09,2.525,11.9301635288236,78.9554869237935,NOISE,2025-06-14T16:40:09,2.525,11.9301635288236,78.9554869237935,NOISE,2025-06-14T16:40:09,2.525,11.9301635288236,78.9554869237935,NOISE
2026-04-28T09:22:32.742226,Map-Energy__sum__linear-conv00211-20250614_194009-20250615_014009-0.050000-5.000000.png,2025-06-14T19:40:09,2025-06-15T01:40:09,0.05,5.0,2025-06-14T22:40:09,2.525,11.9301635288236,78.9554869237935,NOISE,2025-06-14T22:40:09,2.525,11.9301635288236,78.9554869237935,NOISE,2025-06-14T22:40:09,2.525,11.9301635288236,78.9554869237935,NOISE,2025-06-14T22:40:09,2.525,11.9301635288236,78.9554869237935,NOISE
2026-04-28T09:22:33.534383,Map-Energy__sum__linear-conv00221-20250615_014009-20250615_074009-0.050000-5.000000.png,2025-06-15T01:40:09,2025-06-15T07:40:09,0.05,5.0,2025-06-15T04:40:09,2.525,11.9301635288236,78.9554869237935,NOISE,2025-06-15T04:40:09,2.525,11.9301635288236,78.9554869237935,NOISE,2025-06-15T04:40:09,2.525,11.9301635288236,78.9554869237935,NOISE,2025-06-15T04:40:09,2.525,11.9301635288236,78.9554869237935,NOISE
2026-04-28T09:22:34.406466,Map-Energy__sum__linear-conv00231-20250615_074009-20250615_134009-0.050000-5.000000.png,2025-06-15T07:40:09,2025-06-15T13:40:09,0.05,5.0,2025-06-15T10:40:09,2.525,11.9301635288236,78.9554869237935,NOISE,2025-06-15T10:40:09,2.525,11.9301635288236,78.9554869237935,NOISE,2025-06-15T10:40:09,2.525,11.9301635288236,78.9554869237935,NOISE,2025-06-15T10:40:09,2.525,11.9301635288236,78.9554869237935,NOISE
2026-04-28T09:22:35.278346,Map-Energy__sum__linear-conv00241-20250615_134009-20250615_194009-0.050000-5.000000.png,2025-06-15T13:40:09,2025-06-15T19:40:09,0.05,5.0,2025-06-15T16:40:09,2.525,11.9301635288236,78.9554869237935,NOISE,2025-06-15T16:40:09,2.525,11.9301635288236,78.9554869237935,NOISE,2025-06-15T16:40:09,2.525,11.9301635288236,78.9554869237935,NOISE,2025-06-15T16:40:09,2.525,11.9301635288236,78.9554869237935,NOISE
2026-04-28T09:22:36.190297,Map-Energy__sum__linear-conv00251-20250615_194009-20250616_014009-0.050000-5.000000.png,2025-06-15T19:40:09,2025-06-16T01:40:09,0.05,5.0,2025-06-15T22:40:09,2.525,11.9301635288236,78.9554869237935,NOISE,2025-06-15T22:40:09,2.525,11.9301635288236,78.9554869237935,NOISE,2025-06-15T22:40:09,2.525,11.9301635288236,78.9554869237935,NOISE,2025-06-15T22:40:09,2.525,11.9301635288236,78.9554869237935,NOISE
2026-04-28T09:22:36.926233,Map-Energy__sum__linear-conv00261-20250616_014009-20250616_074009-0.050000-5.000000.png,2025-06-16T01:40:09,2025-06-16T07:40:09,0.05,5.0,2025-06-16T04:40:09,2.525,11.9301635288236,78.9554869237935,NOISE,2025-06-16T04:40:09,2.525,11.9301635288236,78.9554869237935,NOISE,2025-06-16T04:40:09,2.525,11.9301635288236,78.9554869237935,NOISE,2025-06-16T04:40:09,2.525,11.9301635288236,78.9554869237935,NOISE
2026-04-28T09:22:37.638065,Map-Energy__sum__linear-conv00271-20250616_074009-20250616_134009-0.050000-5.000000.png,2025-06-16T07:40:09,2025-06-16T13:40:09,0.05,5.0,2025-06-16T10:40:09,2.525,11.9301635288236,78.9554869237935,NOISE,2025-06-16T10:40:09,2.525,11.9301635288236,78.9554869237935,NOISE,2025-06-16T10:40:09,2.525,11.9301635288236,78.9554869237935,NOISE,2025-06-16T10:40:09,2.525,11.9301635288236,78.9554869237935,NOISE
2026-04-28T09:22:38.278310,Map-Energy__sum__linear-conv00281-20250616_134009-20250616_194009-0.050000-5.000000.png,2025-06-16T13:40:09,2025-06-16T19:40:09,0.05,5.0,2025-06-16T16:40:09,2.525,11.9301635288236,78.9554869237935,NOISE,2025-06-16T16:40:09,2.525,11.9301635288236,78.9554869237935,NOISE,2025-06-16T16:40:09,2.525,11.9301635288236,78.9554869237935,NOISE,2025-06-16T16:40:09,2.525,11.9301635288236,78.9554869237935,NOISE
2026-04-28T09:22:38.839658,Map-Energy__sum__linear-conv00291-20250616_134009-20250616_194009-0.050000-5.000000.png,2025-06-16T13:40:09,2025-06-16T19:40:09,0.05,5.0,2025-06-16T16:40:09,2.525,11.9301635288236,78.9554869237935,NOISE,2025-06-16T16:40:09,2.525,11.9301635288236,78.9554869237935,NOISE,2025-06-16T16:40:09,2.525,11.9301635288236,78.9554869237935,NOISE,2025-06-16T16:40:09,2.525,11.9301635288236,78.9554869237935,NOISE
2026-04-28T09:22:39.758298,Map-Energy__sum__linear-conv00301-20250616_194009-20250617_014009-0.050000-5.000000.png,2025-06-16T19:40:09,2025-06-17T01:40:09,0.05,5.0,2025-06-16T22:40:09,2.525,11.9301635288236,78.9554869237935,NOISE,2025-06-16T22:40:09,2.525,11.9301635288236,78.9554869237935,NOISE,2025-06-16T22:40:09,2.525,11.9301635288236,78.9554869237935,NOISE,2025-06-16T22:40:09,2.525,11.9301635288236,78.9554869237935,NOISE
2026-04-28T09:22:40.558159,Map-Energy__sum__linear-conv00311-20250617_014009-20250617_074009-0.050000-5.000000.png,2025-06-17T01:40:09,2025-06-17T07:40:09,0.05,5.0,2025-06-17T04:40:09,2.525,11.9301635288236,78.9554869237935,NOISE,2025-06-17T04:40:09,2.525,11.9301635288236,78.9554869237935,NOISE,2025-06-17T04:40:09,2.525,11.9301635288236,78.9554869237935,NOISE,2025-06-17T04:40:09,2.525,11.9301635288236,78.9554869237935,NOISE
2026-04-28T09:22:41.334370,Map-Energy__sum__linear-conv00321-20250617_074009-20250617_134009-0.050000-5.000000.png,2025-06-17T07:40:09,2025-06-17T13:40:09,0.05,5.0,2025-06-17T10:40:09,2.525,11.9301635288236,78.9554869237935,NOISE,2025-06-17T10:40:09,2.525,11.9301635288236,78.9554869237935,NOISE,2025-06-17T10:40:09,2.525,11.9301635288236,78.9554869237935,NOISE,2025-06-17T10:40:09,2.525,11.9301635288236,78.9554869237935,NOISE
2026-04-28T09:22:42.110415,Map-Energy__sum__linear-conv00331-20250617_134009-20250617_194009-0.050000-5.000000.png,2025-06-17T13:40:09,2025-06-17T19:40:09,0.05,5.0,2025-06-17T16:40:09,2.525,11.9301635288236,78.9554869237935,NOISE,2025-06-17T16:40:09,2.525,11.9301635288236,78.9554869237935,NOISE,2025-06-17T16:40:09,2.525,11.9301635288236,78.9554869237935,NOISE,2025-06-17T16:40:09,2.525,11.9301635288236,78.9554869237935,NOISE
2026-04-28T09:22:42.822991,Map-Energy__sum__linear-conv00341-20250617_194009-20250618_014009-0.050000-5.000000.png,2025-06-17T19:40:09,2025-06-18T01:40:09,0.05,5.0,2025-06-17T22:40:09,2.525,11.9301635288236,78.9554869237935,NOISE,2025-06-17T22:40:09,2.525,11.9301635288236,78.9554869237935,NOISE,2025-06-17T22:40:09,2.525,11.9301635288236,78.9554869237935,NOISE,2025-06-17T22:40:09,2.525,11.9301635288236,78.9554869237935,NOISE
2026-04-28T09:22:43.414001,Map-Energy__sum__linear-conv00351-20250618_014009-20250618_074009-0.050000-5.000000.png,2025-06-18T01:40:09,2025-06-18T07:40:09,0.05,5.0,2025-06-18T04:40:09,2.525,11.9301635288236,78.9554869237935,NOISE,2025-06-18T04:40:09,2.525,11.9301635288236,78.9554869237935,NOISE,2025-06-18T04:40:09,2.525,11.9301635288236,78.9554869237935,NOISE,2025-06-18T04:40:09,2.525,11.9301635288236,78.9554869237935,NOISE
2026-04-28T09:22:43.870324,Map-Energy__sum__linear-conv00361-20250618_074009-20250618_134009-0.050000-5.000000.png,2025-06-18T07:40:09,2025-06-18T13:40:09,0.05,5.0,2025-06-18T10:40:09,2.525,11.9301635288236,78.9554869237935,NOISE,2025-06-18T10:40:09,2.525,11.9301635288236,78.9554869237935,NOISE,2025-06-18T10:40:09,2.525,11.9301635288236,78.9554869237935,NOISE,2025-06-18T10:40:09,2.525,11.9301635288236,78.9554869237935,NOISE
2026-04-28T09:22:44.478519,Map-Energy__sum__linear-conv00371-20250618_134009-20250618_194009-0.050000-5.000000.png,2025-06-18T13:40:09,2025-06-18T19:40:09,0.05,5.0,2025-06-18T16:40:09,2.525,11.9301635288236,78.9554869237935,NOISE,2025-06-18T16:40:09,2.525,11.9301635288236,78.9554869237935,NOISE,2025-06-18T16:40:09,2.525,11.9301635288236,78.9554869237935,NOISE,2025-06-18T16:40:09,2.525,11.9301635288236,78.9554869237935,NOISE
2026-04-28T09:22:45.270297,Map-Energy__sum__linear-conv00381-20250618_194009-20250619_014009-0.050000-5.000000.png,2025-06-18T19:40:09,2025-06-19T01:40:09,0.05,5.0,2025-06-18T22:40:09,2.525,11.9301635288236,78.9554869237935,NOISE,2025-06-18T22:40:09,2.525,11.9301635288236,78.9554869237935,NOISE,2025-06-18T22:40:09,2.525,11.9301635288236,78.9554869237935,NOISE,2025-06-18T22:40:09,2.525,11.9301635288236,78.9554869237935,NOISE
2026-04-28T09:22:46.030526,Map-Energy__sum__linear-conv00391-20250619_014009-20250619_074009-0.050000-5.000000.png,2025-06-19T01:40:09,2025-06-19T07:40:09,0.05,5.0,2025-06-19T04:40:09,2.525,11.9301635288236,78.9554869237935,NOISE,2025-06-19T04:40:09,2.525,11.9301635288236,78.9554869237935,NOISE,2025-06-19T04:40:09,2.525,11.9301635288236,78.9554869237935,NOISE,2025-06-19T04:40:09,2.525,11.9301635288236,78.9554869237935,NOISE
2026-04-28T09:22:46.798765,Map-Energy__sum__linear-conv00401-20250619_074009-20250619_134009-0.050000-5.000000.png,2025-06-19T07:40:09,2025-06-19T13:40:09,0.05,5.0,2025-06-19T10:40:09,2.525,11.9301635288236,78.9554869237935,NOISE,2025-06-19T10:40:09,2.525,11.9301635288236,78.9554869237935,NOISE,2025-06-19T10:40:09,2.525,11.9301635288236,78.9554869237935,NOISE,2025-06-19T10:40:09,2.525,11.9301635288236,78.9554869237935,NOISE
2026-04-28T09:22:47.534350,Map-Energy__sum__linear-conv00411-20250619_134009-20250619_194009-0.050000-5.000000.png,2025-06-19T13:40:09,2025-06-19T19:40:09,0.05,5.0,2025-06-19T16:40:09,2.525,11.9301635288236,78.9554869237935,NOISE,2025-06-19T16:40:09,2.525,11.9301635288236,78.9554869237935,NOISE,2025-06-19T16:40:09,2.525,11.9301635288236,78.9554869237935,NOISE,2025-06-19T16:40:09,2.525,11.9301635288236,78.9554869237935,NOISE
2026-04-28T09:22:48.326535,Map-Energy__sum__linear-conv00421-20250619_194009-20250620_014009-0.050000-5.000000.png,2025-06-19T19:40:09,2025-06-20T01:40:09,0.05,5.0,2025-06-19T22:40:09,2.525,11.9301635288236,78.9554869237935,NOISE,2025-06-19T22:40:09,2.525,11.9301635288236,78.9554869237935,NOISE,2025-06-19T22:40:09,2.525,11.9301635288236,78.9554869237935,NOISE,2025-06-19T22:40:09,2.525,11.9301635288236,78.9554869237935,NOISE
2026-04-28T09:22:49.086542,Map-Energy__sum__linear-conv00431-20250620_014009-20250620_074009-0.050000-5.000000.png,2025-06-20T01:40:09,2025-06-20T07:40:09,0.05,5.0,2025-06-20T04:40:09,2.525,11.9301635288236,78.9554869237935,NOISE,2025-06-20T04:40:09,2.525,11.9301635288236,78.9554869237935,NOISE,2025-06-20T04:40:09,2.525,11.9301635288236,78.9554869237935,NOISE,2025-06-20T04:40:09,2.525,11.9301635288236,78.9554869237935,NOISE
2026-04-28T09:22:49.750339,Map-Energy__sum__linear-conv00441-20250620_074009-20250620_134009-0.050000-5.000000.png,2025-06-20T07:40:09,2025-06-20T13:40:09,0.05,5.0,2025-06-20T10:40:09,2.525,11.9301635288236,78.9554869237935,NOISE,2025-06-20T10:40:09,2.525,11.9301635288236,78.9554869237935,NOISE,2025-06-20T10:40:09,2.525,11.9301635288236,78.9554869237935,NOISE,2025-06-20T10:40:09,2.525,11.9301635288236,78.9554869237935,NOISE
2026-04-28T09:22:50.398413,Map-Energy__sum__linear-conv00451-20250620_134009-20250620_194009-0.050000-5.000000.png,2025-06-20T13:40:09,2025-06-20T19:40:09,0.05,5.0,2025-06-20T16:40:09,2.525,11.9301635288236,78.9554869237935,NOISE,2025-06-20T16:40:09,2.525,11.9301635288236,78.9554869237935,NOISE,2025-06-20T16:40:09,2.525,11.9301635288236,78.9554869237935,NOISE,2025-06-20T16:40:09,2.525,11.9301635288236,78.9554869237935,NOISE
2026-04-28T09:22:51.238376,Map-Energy__sum__linear-conv00461-20250620_194009-20250621_014009-0.050000-5.000000.png,2025-06-20T19:40:09,2025-06-21T01:40:09,0.05,5.0,2025-06-20T22:40:09,2.525,11.9301635288236,78.9554869237935,NOISE,2025-06-20T22:40:09,2.525,11.9301635288236,78.9554869237935,NOISE,2025-06-20T22:40:09,2.525,11.9301635288236,78.9554869237935,NOISE,2025-06-20T22:40:09,2.525,11.9301635288236,78.9554869237935,NOISE
2026-04-28T09:22:52.006301,Map-Energy__sum__linear-conv00471-20250621_014009-20250621_074009-0.050000-5.000000.png,2025-06-21T01:40:09,2025-06-21T07:40:09,0.05,5.0,2025-06-21T04:40:09,2.525,11.9301635288236,78.9554869237935,NOISE,2025-06-21T04:40:09,2.525,11.9301635288236,78.9554869237935,NOISE,2025-06-21T04:40:09,2.525,11.9301635288236,78.9554869237935,NOISE,2025-06-21T04:40:09,2.525,11.9301635288236,78.9554869237935,NOISE
2026-04-28T09:22:53.246298,Map-Energy__sum__linear-conv00481-20250621_074009-20250621_134009-0.050000-5.000000.png,2025-06-21T07:40:09,2025-06-21T13:40:09,0.05,5.0,2025-06-21T10:40:09,2.525,11.9301635288236,78.9554869237935,NOISE,2025-06-21T10:40:09,2.525,11.9301635288236,78.9554869237935,NOISE,2025-06-21T10:40:09,2.525,11.9301635288236,78.9554869237935,NOISE,2025-06-21T10:40:09,2.525,11.9301635288236,78.9554869237935,NOISE
2026-04-28T09:22:54.182504,Map-Energy__sum__linear-conv00491-20250621_134009-20250621_194009-0.050000-5.000000.png,2025-06-21T13:40:09,2025-06-21T19:40:09,0.05,5.0,2025-06-21T16:40:09,2.525,11.9301635288236,78.9554869237935,NOISE,2025-06-21T16:40:09,2.525,11.9301635288236,78.9554869237935,NOISE,2025-06-21T16:40:09,2.525,11.9301635288236,78.9554869237935,NOISE,2025-06-21T16:40:09,2.525,11.9301635288236,78.9554869237935,NOISE
2026-04-28T09:22:54.982325,Map-Energy__sum__linear-conv00501-20250621_194009-20250622_014009-0.050000-5.000000.png,2025-06-21T19:40:09,2025-06-22T01:40:09,0.05,5.0,2025-06-21T22:40:09,2.525,11.9301635288236,78.9554869237935,NOISE,2025-06-21T22:40:09,2.525,11.9301635288236,78.9554869237935,NOISE,2025-06-21T22:40:09,2.525,11.9301635288236,78.9554869237935,NOISE,2025-06-21T22:40:09,2.525,11.9301635288236,78.9554869237935,NOISE
2026-04-28T09:22:55.766177,Map-Energy__sum__linear-conv00511-20250622_014009-20250622_074009-0.050000-5.000000.png,2025-06-22T01:40:09,2025-06-22T07:40:09,0.05,5.0,2025-06-22T04:40:09,2.525,11.9301635288236,78.9554869237935,NOISE,2025-06-22T04:40:09,2.525,11.9301635288236,78.9554869237935,NOISE,2025-06-22T04:40:09,2.525,11.9301635288236,78.9554869237935,NOISE,2025-06-22T04:40:09,2.525,11.9301635288236,78.9554869237935,NOISE
2026-04-28T09:22:56.502367,Map-Energy__sum__linear-conv00521-20250622_074009-20250622_134009-0.050000-5.000000.png,2025-06-22T07:40:09,2025-06-22T13:40:09,0.05,5.0,2025-06-22T10:40:09,2.525,11.9301635288236,78.9554869237935,NOISE,2025-06-22T10:40:09,2.525,11.9301635288236,78.9554869237935,NOISE,2025-06-22T10:40:09,2.525,11.9301635288236,78.9554869237935,NOISE,2025-06-22T10:40:09,2.525,11.9301635288236,78.9554869237935,NOISE
2026-04-28T09:22:57.262709,Map-Energy__sum__linear-conv00531-20250622_134009-20250622_194009-0.050000-5.000000.png,2025-06-22T13:40:09,2025-06-22T19:40:09,0.05,5.0,2025-06-22T16:40:09,2.525,11.9301635288236,78.9554869237935,NOISE,2025-06-22T16:40:09,2.525,11.9301635288236,78.9554869237935,NOISE,2025-06-22T16:40:09,2.525,11.9301635288236,78.9554869237935,NOISE,2025-06-22T16:40:09,2.525,11.9301635288236,78.9554869237935,NOISE
2026-04-28T09:22:58.198267,Map-Energy__sum__linear-conv00541-20250622_194009-20250623_014009-0.050000-5.000000.png,2025-06-22T19:40:09,2025-06-23T01:40:09,0.05,5.0,2025-06-22T22:40:09,2.525,11.9301635288236,78.9554869237935,NOISE,2025-06-22T22:40:09,2.525,11.9301635288236,78.9554869237935,NOISE,2025-06-22T22:40:09,2.525,11.9301635288236,78.9554869237935,NOISE,2025-06-22T22:40:09,2.525,11.9301635288236,78.9554869237935,NOISE
2026-04-28T09:22:59.070427,Map-Energy__sum__linear-conv00551-20250623_014009-20250623_074009-0.050000-5.000000.png,2025-06-23T01:40:09,2025-06-23T07:40:09,0.05,5.0,2025-06-23T04:40:09,2.525,11.9301635288236,78.9554869237935,NOISE,2025-06-23T04:40:09,2.525,11.9301635288236,78.9554869237935,NOISE,2025-06-23T04:40:09,2.525,11.9301635288236,78.9554869237935,NOISE,2025-06-23T04:40:09,2.525,11.9301635288236,78.9554869237935,NOISE
2026-04-28T09:23:00.094796,Map-Energy__sum__linear-conv00561-20250623_074009-20250623_134009-0.050000-5.000000.png,2025-06-23T07:40:09,2025-06-23T13:40:09,0.05,5.0,2025-06-23T10:40:09,2.525,11.9301635288236,78.9554869237935,NOISE,2025-06-23T10:40:09,2.525,11.9301635288236,78.9554869237935,NOISE,2025-06-23T10:40:09,2.525,11.9301635288236,78.9554869237935,NOISE,2025-06-23T10:40:09,2.525,11.9301635288236,78.9554869237935,NOISE
2026-04-28T09:23:01.142503,Map-Energy__sum__linear-conv00571-20250623_134009-20250623_194009-0.050000-5.000000.png,2025-06-23T13:40:09,2025-06-23T19:40:09,0.05,5.0,2025-06-23T16:40:09,2.525,11.9301635288236,78.9554869237935,NOISE,2025-06-23T16:40:09,2.525,11.9301635288236,78.9554869237935,NOISE,2025-06-23T16:40:09,2.525,11.9301635288236,78.9554869237935,NOISE,2025-06-23T16:40:09,2.525,11.9301635288236,78.9554869237935,NOISE
2026-04-28T09:23:02.590175,Map-Energy__sum__linear-conv00581-20250623_134009-20250623_194009-0.050000-5.000000.png,2025-06-23T13:40:09,2025-06-23T19:40:09,0.05,5.0,2025-06-23T16:40:09,2.525,11.9301635288236,78.9554869237935,NOISE,2025-06-23T16:40:09,2.525,11.9301635288236,78.9554869237935,NOISE,2025-06-23T16:40:09,2.525,11.9301635288236,78.9554869237935,NOISE,2025-06-23T16:40:09,2.525,11.9301635288236,78.9554869237935,NOISE
2026-04-28T09:23:03.551165,Map-Energy__sum__linear-conv00591-20250623_194009-20250624_014009-0.050000-5.000000.png,2025-06-23T19:40:09,2025-06-24T01:40:09,0.05,5.0,2025-06-23T22:40:09,2.525,11.9301635288236,78.9554869237935,NOISE,2025-06-23T22:40:09,2.525,11.9301635288236,78.9554869237935,NOISE,2025-06-23T22:40:09,2.525,11.9301635288236,78.9554869237935,NOISE,2025-06-23T22:40:09,2.525,11.9301635288236,78.9554869237935,NOISE
2026-04-28T09:23:04.374399,Map-Energy__sum__linear-conv00601-20250624_014009-20250624_074009-0.050000-5.000000.png,2025-06-24T01:40:09,2025-06-24T07:40:09,0.05,5.0,2025-06-24T04:40:09,2.525,11.9301635288236,78.9554869237935,NOISE,2025-06-24T04:40:09,2.525,11.9301635288236,78.9554869237935,NOISE,2025-06-24T04:40:09,2.525,11.9301635288236,78.9554869237935,NOISE,2025-06-24T04:40:09,2.525,11.9301635288236,78.9554869237935,NOISE
2026-04-28T09:23:05.398303,Map-Energy__sum__linear-conv00611-20250624_074009-20250624_134009-0.050000-5.000000.png,2025-06-24T07:40:09,2025-06-24T13:40:09,0.05,5.0,2025-06-24T10:40:09,2.525,11.9301635288236,78.9554869237935,NOISE,2025-06-24T10:40:09,2.525,11.9301635288236,78.9554869237935,NOISE,2025-06-24T10:40:09,2.525,11.9301635288236,78.9554869237935,NOISE,2025-06-24T10:40:09,2.525,11.9301635288236,78.9554869237935,NOISE
2026-04-28T09:23:06.686380,Map-Energy__sum__linear-conv00002-20250609_134009-20250609_194009-5.000000-10.000000.png,2025-06-09T13:40:09,2025-06-09T19:40:09,5.0,10.0,2025-06-09T16:40:09,7.5,11.7898272340434,78.9877048432448,NOISE,2025-06-09T16:40:09,7.5,11.7898272340434,78.9877048432448,NOISE,2025-06-09T16:40:09,7.5,11.7898272340434,78.9877048432448,NOISE,2025-06-09T16:40:09,7.5,11.7898272340434,78.9877048432448,NOISE
2026-04-28T09:23:07.942294,Map-Energy__sum__linear-conv00012-20250609_194009-20250610_014009-5.000000-10.000000.png,2025-06-09T19:40:09,2025-06-10T01:40:09,5.0,10.0,2025-06-09T22:40:09,7.5,11.7898272340434,78.9877048432448,NOISE,2025-06-09T22:40:09,7.5,11.7898272340434,78.9877048432448,NOISE,2025-06-09T22:40:09,7.5,11.7898272340434,78.9877048432448,NOISE,2025-06-09T22:40:09,7.5,11.7898272340434,78.9877048432448,NOISE
2026-04-28T09:23:11.703508,Map-Energy__sum__linear-conv00022-20250610_014009-20250610_074009-5.000000-10.000000.png,2025-06-10T01:40:09,2025-06-10T07:40:09,5.0,10.0,2025-06-10T04:40:09,7.5,11.7898272340434,78.9877048432448,NOISE,2025-06-10T04:40:09,7.5,11.7898272340434,78.9877048432448,NOISE,2025-06-10T04:40:09,7.5,11.7898272340434,78.9877048432448,NOISE,2025-06-10T04:40:09,7.5,11.7898272340434,78.9877048432448,NOISE
2026-04-28T09:23:12.606235,Map-Energy__sum__linear-conv00032-20250610_074009-20250610_134009-5.000000-10.000000.png,2025-06-10T07:40:09,2025-06-10T13:40:09,5.0,10.0,2025-06-10T10:40:09,7.5,11.7898272340434,78.9877048432448,NOISE,2025-06-10T10:40:09,7.5,11.7898272340434,78.9877048432448,NOISE,2025-06-10T10:40:09,7.5,11.7898272340434,78.9877048432448,NOISE,2025-06-10T10:40:09,7.5,11.7898272340434,78.9877048432448,NOISE
2026-04-28T09:23:13.550505,Map-Energy__sum__linear-conv00042-20250610_134009-20250610_194009-5.000000-10.000000.png,2025-06-10T13:40:09,2025-06-10T19:40:09,5.0,10.0,2025-06-10T16:40:09,7.5,11.7898272340434,78.9877048432448,NOISE,2025-06-10T16:40:09,7.5,11.7898272340434,78.9877048432448,NOISE,2025-06-10T16:40:09,7.5,11.7898272340434,78.9877048432448,NOISE,2025-06-10T16:40:09,7.5,11.7898272340434,78.9877048432448,NOISE
2026-04-28T09:23:14.286149,Map-Energy__sum__linear-conv00052-20250610_194009-20250611_014009-5.000000-10.000000.png,2025-06-10T19:40:09,2025-06-11T01:40:09,5.0,10.0,2025-06-10T22:40:09,7.5,11.7898272340434,78.9877048432448,NOISE,2025-06-10T22:40:09,7.5,11.7898272340434,78.9877048432448,NOISE,2025-06-10T22:40:09,7.5,11.7898272340434,78.9877048432448,NOISE,2025-06-10T22:40:09,7.5,11.7898272340434,78.9877048432448,NOISE
2026-04-28T09:23:14.838434,Map-Energy__sum__linear-conv00062-20250611_014009-20250611_074009-5.000000-10.000000.png,2025-06-11T01:40:09,2025-06-11T07:40:09,5.0,10.0,2025-06-11T04:40:09,7.5,11.7898272340434,78.9877048432448,NOISE,2025-06-11T04:40:09,7.5,11.7898272340434,78.9877048432448,NOISE,2025-06-11T04:40:09,7.5,11.7898272340434,78.9877048432448,NOISE,2025-06-11T04:40:09,7.5,11.7898272340434,78.9877048432448,NOISE
2026-04-28T09:23:15.430449,Map-Energy__sum__linear-conv00072-20250611_074009-20250611_134009-5.000000-10.000000.png,2025-06-11T07:40:09,2025-06-11T13:40:09,5.0,10.0,2025-06-11T10:40:09,7.5,11.7898272340434,78.9877048432448,NOISE,2025-06-11T10:40:09,7.5,11.7898272340434,78.9877048432448,NOISE,2025-06-11T10:40:09,7.5,11.7898272340434,78.9877048432448,NOISE,2025-06-11T10:40:09,7.5,11.7898272340434,78.9877048432448,NOISE
2026-04-28T09:23:15.950319,Map-Energy__sum__linear-conv00082-20250611_134009-20250611_194009-5.000000-10.000000.png,2025-06-11T13:40:09,2025-06-11T19:40:09,5.0,10.0,2025-06-11T16:40:09,7.5,11.7898272340434,78.9877048432448,NOISE,2025-06-11T16:40:09,7.5,11.7898272340434,78.9877048432448,NOISE,2025-06-11T16:40:09,7.5,11.7898272340434,78.9877048432448,NOISE,2025-06-11T16:40:09,7.5,11.7898272340434,78.9877048432448,NOISE
2026-04-28T09:23:16.526485,Map-Energy__sum__linear-conv00092-20250611_194009-20250612_014009-5.000000-10.000000.png,2025-06-11T19:40:09,2025-06-12T01:40:09,5.0,10.0,2025-06-11T22:40:09,7.5,11.7898272340434,78.9877048432448,NOISE,2025-06-11T22:40:09,7.5,11.7898272340434,78.9877048432448,NOISE,2025-06-11T22:40:09,7.5,11.7898272340434,78.9877048432448,NOISE,2025-06-11T22:40:09,7.5,11.7898272340434,78.9877048432448,NOISE
2026-04-28T09:23:17.070370,Map-Energy__sum__linear-conv00102-20250612_014009-20250612_074009-5.000000-10.000000.png,2025-06-12T01:40:09,2025-06-12T07:40:09,5.0,10.0,2025-06-12T04:40:09,7.5,11.7898272340434,78.9877048432448,NOISE,2025-06-12T04:40:09,7.5,11.7898272340434,78.9877048432448,NOISE,2025-06-12T04:40:09,7.5,11.7898272340434,78.9877048432448,NOISE,2025-06-12T04:40:09,7.5,11.7898272340434,78.9877048432448,NOISE
2026-04-28T09:23:17.606342,Map-Energy__sum__linear-conv00112-20250612_074009-20250612_134009-5.000000-10.000000.png,2025-06-12T07:40:09,2025-06-12T13:40:09,5.0,10.0,2025-06-12T10:40:09,7.5,11.7898272340434,78.9877048432448,NOISE,2025-06-12T10:40:09,7.5,11.7898272340434,78.9877048432448,NOISE,2025-06-12T10:40:09,7.5,11.7898272340434,78.9877048432448,NOISE,2025-06-12T10:40:09,7.5,11.7898272340434,78.9877048432448,NOISE
2026-04-28T09:23:18.518333,Map-Energy__sum__linear-conv00122-20250612_134009-20250612_194009-5.000000-10.000000.png,2025-06-12T13:40:09,2025-06-12T19:40:09,5.0,10.0,2025-06-12T16:40:09,7.5,11.7898272340434,78.9877048432448,NOISE,2025-06-12T16:40:09,7.5,11.7898272340434,78.9877048432448,NOISE,2025-06-12T16:40:09,7.5,11.7898272340434,78.9877048432448,NOISE,2025-06-12T16:40:09,7.5,11.7898272340434,78.9877048432448,NOISE
2026-04-28T09:23:19.430436,Map-Energy__sum__linear-conv00132-20250612_194009-20250613_014009-5.000000-10.000000.png,2025-06-12T19:40:09,2025-06-13T01:40:09,5.0,10.0,2025-06-12T22:40:09,7.5,11.7898272340434,78.9877048432448,NOISE,2025-06-12T22:40:09,7.5,11.7898272340434,78.9877048432448,NOISE,2025-06-12T22:40:09,7.5,11.7898272340434,78.9877048432448,NOISE,2025-06-12T22:40:09,7.5,11.7898272340434,78.9877048432448,NOISE
2026-04-28T09:23:20.102262,Map-Energy__sum__linear-conv00142-20250613_014009-20250613_074009-5.000000-10.000000.png,2025-06-13T01:40:09,2025-06-13T07:40:09,5.0,10.0,2025-06-13T04:40:09,7.5,11.7898272340434,78.9877048432448,NOISE,2025-06-13T04:40:09,7.5,11.7898272340434,78.9877048432448,NOISE,2025-06-13T04:40:09,7.5,11.7898272340434,78.9877048432448,NOISE,2025-06-13T04:40:09,7.5,11.7898272340434,78.9877048432448,NOISE
2026-04-28T09:23:20.918350,Map-Energy__sum__linear-conv00152-20250613_074009-20250613_134009-5.000000-10.000000.png,2025-06-13T07:40:09,2025-06-13T13:40:09,5.0,10.0,2025-06-13T10:40:09,7.5,11.7898272340434,78.9877048432448,NOISE,2025-06-13T10:40:09,7.5,11.7898272340434,78.9877048432448,NOISE,2025-06-13T10:40:09,7.5,11.7898272340434,78.9877048432448,NOISE,2025-06-13T10:40:09,7.5,11.7898272340434,78.9877048432448,NOISE
2026-04-28T09:23:21.814469,Map-Energy__sum__linear-conv00162-20250613_134009-20250613_194009-5.000000-10.000000.png,2025-06-13T13:40:09,2025-06-13T19:40:09,5.0,10.0,2025-06-13T16:40:09,7.5,11.7898272340434,78.9877048432448,NOISE,2025-06-13T16:40:09,7.5,11.7898272340434,78.9877048432448,NOISE,2025-06-13T16:40:09,7.5,11.7898272340434,78.9877048432448,NOISE,2025-06-13T16:40:09,7.5,11.7898272340434,78.9877048432448,NOISE
2026-04-28T09:23:22.558479,Map-Energy__sum__linear-conv00172-20250613_194009-20250614_014009-5.000000-10.000000.png,2025-06-13T19:40:09,2025-06-14T01:40:09,5.0,10.0,2025-06-13T22:40:09,7.5,11.7898272340434,78.9877048432448,NOISE,2025-06-13T22:40:09,7.5,11.7898272340434,78.9877048432448,NOISE,2025-06-13T22:40:09,7.5,11.7898272340434,78.9877048432448,NOISE,2025-06-13T22:40:09,7.5,11.7898272340434,78.9877048432448,NOISE
2026-04-28T09:23:23.358274,Map-Energy__sum__linear-conv00182-20250614_014009-20250614_074009-5.000000-10.000000.png,2025-06-14T01:40:09,2025-06-14T07:40:09,5.0,10.0,2025-06-14T04:40:09,7.5,11.7898272340434,78.9877048432448,NOISE,2025-06-14T04:40:09,7.5,11.7898272340434,78.9877048432448,NOISE,2025-06-14T04:40:09,7.5,11.7898272340434,78.9877048432448,NOISE,2025-06-14T04:40:09,7.5,11.7898272340434,78.9877048432448,NOISE
2026-04-28T09:23:24.150279,Map-Energy__sum__linear-conv00192-20250614_074009-20250614_134009-5.000000-10.000000.png,2025-06-14T07:40:09,2025-06-14T13:40:09,5.0,10.0,2025-06-14T10:40:09,7.5,11.7898272340434,78.9877048432448,NOISE,2025-06-14T10:40:09,7.5,11.7898272340434,78.9877048432448,NOISE,2025-06-14T10:40:09,7.5,11.7898272340434,78.9877048432448,NOISE,2025-06-14T10:40:09,7.5,11.7898272340434,78.9877048432448,NOISE
2026-04-28T09:23:25.014424,Map-Energy__sum__linear-conv00202-20250614_134009-20250614_194009-5.000000-10.000000.png,2025-06-14T13:40:09,2025-06-14T19:40:09,5.0,10.0,2025-06-14T16:40:09,7.5,11.7898272340434,78.9877048432448,NOISE,2025-06-14T16:40:09,7.5,11.7898272340434,78.9877048432448,NOISE,2025-06-14T16:40:09,7.5,11.7898272340434,78.9877048432448,NOISE,2025-06-14T16:40:09,7.5,11.7898272340434,78.9877048432448,NOISE
2026-04-28T09:23:25.774230,Map-Energy__sum__linear-conv00212-20250614_194009-20250615_014009-5.000000-10.000000.png,2025-06-14T19:40:09,2025-06-15T01:40:09,5.0,10.0,2025-06-14T22:40:09,7.5,11.7898272340434,78.9877048432448,NOISE,2025-06-14T22:40:09,7.5,11.7898272340434,78.9877048432448,NOISE,2025-06-14T22:40:09,7.5,11.7898272340434,78.9877048432448,NOISE,2025-06-14T22:40:09,7.5,11.7898272340434,78.9877048432448,NOISE
2026-04-28T09:23:26.550470,Map-Energy__sum__linear-conv00222-20250615_014009-20250615_074009-5.000000-10.000000.png,2025-06-15T01:40:09,2025-06-15T07:40:09,5.0,10.0,2025-06-15T04:40:09,7.5,11.7898272340434,78.9877048432448,NOISE,2025-06-15T04:40:09,7.5,11.7898272340434,78.9877048432448,NOISE,2025-06-15T04:40:09,7.5,11.7898272340434,78.9877048432448,NOISE,2025-06-15T04:40:09,7.5,11.7898272340434,78.9877048432448,NOISE
2026-04-28T09:23:27.294399,Map-Energy__sum__linear-conv00232-20250615_074009-20250615_134009-5.000000-10.000000.png,2025-06-15T07:40:09,2025-06-15T13:40:09,5.0,10.0,2025-06-15T10:40:09,7.5,11.7898272340434,78.9877048432448,NOISE,2025-06-15T10:40:09,7.5,11.7898272340434,78.9877048432448,NOISE,2025-06-15T10:40:09,7.5,11.7898272340434,78.9877048432448,NOISE,2025-06-15T10:40:09,7.5,11.7898272340434,78.9877048432448,NOISE
2026-04-28T09:23:28.406320,Map-Energy__sum__linear-conv00242-20250615_134009-20250615_194009-5.000000-10.000000.png,2025-06-15T13:40:09,2025-06-15T19:40:09,5.0,10.0,2025-06-15T16:40:09,7.5,11.7898272340434,78.9877048432448,NOISE,2025-06-15T16:40:09,7.5,11.7898272340434,78.9877048432448,NOISE,2025-06-15T16:40:09,7.5,11.7898272340434,78.9877048432448,NOISE,2025-06-15T16:40:09,7.5,11.7898272340434,78.9877048432448,NOISE
2026-04-28T09:23:29.638501,Map-Energy__sum__linear-conv00252-20250615_194009-20250616_014009-5.000000-10.000000.png,2025-06-15T19:40:09,2025-06-16T01:40:09,5.0,10.0,2025-06-15T22:40:09,7.5,11.7898272340434,78.9877048432448,NOISE,2025-06-15T22:40:09,7.5,11.7898272340434,78.9877048432448,NOISE,2025-06-15T22:40:09,7.5,11.7898272340434,78.9877048432448,NOISE,2025-06-15T22:40:09,7.5,11.7898272340434,78.9877048432448,NOISE
2026-04-28T09:23:30.726422,Map-Energy__sum__linear-conv00262-20250616_014009-20250616_074009-5.000000-10.000000.png,2025-06-16T01:40:09,2025-06-16T07:40:09,5.0,10.0,2025-06-16T04:40:09,7.5,11.7898272340434,78.9877048432448,NOISE,2025-06-16T04:40:09,7.5,11.7898272340434,78.9877048432448,NOISE,2025-06-16T04:40:09,7.5,11.7898272340434,78.9877048432448,NOISE,2025-06-16T04:40:09,7.5,11.7898272340434,78.9877048432448,NOISE
2026-04-28T09:23:31.591835,Map-Energy__sum__linear-conv00272-20250616_074009-20250616_134009-5.000000-10.000000.png,2025-06-16T07:40:09,2025-06-16T13:40:09,5.0,10.0,2025-06-16T10:40:09,7.5,11.7898272340434,78.9877048432448,NOISE,2025-06-16T10:40:09,7.5,11.7898272340434,78.9877048432448,NOISE,2025-06-16T10:40:09,7.5,11.7898272340434,78.9877048432448,NOISE,2025-06-16T10:40:09,7.5,11.7898272340434,78.9877048432448,NOISE
2026-04-28T09:23:32.446258,Map-Energy__sum__linear-conv00282-20250616_134009-20250616_194009-5.000000-10.000000.png,2025-06-16T13:40:09,2025-06-16T19:40:09,5.0,10.0,2025-06-16T16:40:09,7.5,11.7898272340434,78.9877048432448,NOISE,2025-06-16T16:40:09,7.5,11.7898272340434,78.9877048432448,NOISE,2025-06-16T16:40:09,7.5,11.7898272340434,78.9877048432448,NOISE,2025-06-16T16:40:09,7.5,11.7898272340434,78.9877048432448,NOISE
2026-04-28T09:23:33.398417,Map-Energy__sum__linear-conv00292-20250616_134009-20250616_194009-5.000000-10.000000.png,2025-06-16T13:40:09,2025-06-16T19:40:09,5.0,10.0,2025-06-16T16:40:09,7.5,11.7898272340434,78.9877048432448,NOISE,2025-06-16T16:40:09,7.5,11.7898272340434,78.9877048432448,NOISE,2025-06-16T16:40:09,7.5,11.7898272340434,78.9877048432448,NOISE,2025-06-16T16:40:09,7.5,11.7898272340434,78.9877048432448,NOISE
2026-04-28T09:23:34.382191,Map-Energy__sum__linear-conv00302-20250616_194009-20250617_014009-5.000000-10.000000.png,2025-06-16T19:40:09,2025-06-17T01:40:09,5.0,10.0,2025-06-16T22:40:09,7.5,11.7898272340434,78.9877048432448,NOISE,2025-06-16T22:40:09,7.5,11.7898272340434,78.9877048432448,NOISE,2025-06-16T22:40:09,7.5,11.7898272340434,78.9877048432448,NOISE,2025-06-16T22:40:09,7.5,11.7898272340434,78.9877048432448,NOISE
2026-04-28T09:23:35.942418,Map-Energy__sum__linear-conv00312-20250617_014009-20250617_074009-5.000000-10.000000.png,2025-06-17T01:40:09,2025-06-17T07:40:09,5.0,10.0,2025-06-17T04:40:09,7.5,11.7898272340434,78.9877048432448,NOISE,2025-06-17T04:40:09,7.5,11.7898272340434,78.9877048432448,NOISE,2025-06-17T04:40:09,7.5,11.7898272340434,78.9877048432448,NOISE,2025-06-17T04:40:09,7.5,11.7898272340434,78.9877048432448,NOISE
2026-04-28T09:23:36.886455,Map-Energy__sum__linear-conv00322-20250617_074009-20250617_134009-5.000000-10.000000.png,2025-06-17T07:40:09,2025-06-17T13:40:09,5.0,10.0,2025-06-17T10:40:09,7.5,11.7898272340434,78.9877048432448,NOISE,2025-06-17T10:40:09,7.5,11.7898272340434,78.9877048432448,NOISE,2025-06-17T10:40:09,7.5,11.7898272340434,78.9877048432448,NOISE,2025-06-17T10:40:09,7.5,11.7898272340434,78.9877048432448,NOISE
2026-04-28T09:23:38.127234,Map-Energy__sum__linear-conv00332-20250617_134009-20250617_194009-5.000000-10.000000.png,2025-06-17T13:40:09,2025-06-17T19:40:09,5.0,10.0,2025-06-17T16:40:09,7.5,11.7898272340434,78.9877048432448,NOISE,2025-06-17T16:40:09,7.5,11.7898272340434,78.9877048432448,NOISE,2025-06-17T16:40:09,7.5,11.7898272340434,78.9877048432448,NOISE,2025-06-17T16:40:09,7.5,11.7898272340434,78.9877048432448,NOISE
2026-04-28T09:23:39.128405,Map-Energy__sum__linear-conv00342-20250617_194009-20250618_014009-5.000000-10.000000.png,2025-06-17T19:40:09,2025-06-18T01:40:09,5.0,10.0,2025-06-17T22:40:09,7.5,11.7898272340434,78.9877048432448,NOISE,2025-06-17T22:40:09,7.5,11.7898272340434,78.9877048432448,NOISE,2025-06-17T22:40:09,7.5,11.7898272340434,78.9877048432448,NOISE,2025-06-17T22:40:09,7.5,11.7898272340434,78.9877048432448,NOISE
2026-04-28T09:23:40.254367,Map-Energy__sum__linear-conv00352-20250618_014009-20250618_074009-5.000000-10.000000.png,2025-06-18T01:40:09,2025-06-18T07:40:09,5.0,10.0,2025-06-18T04:40:09,7.5,11.7898272340434,78.9877048432448,NOISE,2025-06-18T04:40:09,7.5,11.7898272340434,78.9877048432448,NOISE,2025-06-18T04:40:09,7.5,11.7898272340434,78.9877048432448,NOISE,2025-06-18T04:40:09,7.5,11.7898272340434,78.9877048432448,NOISE
2026-04-28T09:23:41.510231,Map-Energy__sum__linear-conv00362-20250618_074009-20250618_134009-5.000000-10.000000.png,2025-06-18T07:40:09,2025-06-18T13:40:09,5.0,10.0,2025-06-18T10:40:09,7.5,11.7898272340434,78.9877048432448,NOISE,2025-06-18T10:40:09,7.5,11.7898272340434,78.9877048432448,NOISE,2025-06-18T10:40:09,7.5,11.7898272340434,78.9877048432448,NOISE,2025-06-18T10:40:09,7.5,11.7898272340434,78.9877048432448,NOISE
2026-04-28T09:23:42.454340,Map-Energy__sum__linear-conv00372-20250618_134009-20250618_194009-5.000000-10.000000.png,2025-06-18T13:40:09,2025-06-18T19:40:09,5.0,10.0,2025-06-18T16:40:09,7.5,11.7898272340434,78.9877048432448,NOISE,2025-06-18T16:40:09,7.5,11.7898272340434,78.9877048432448,NOISE,2025-06-18T16:40:09,7.5,11.7898272340434,78.9877048432448,NOISE,2025-06-18T16:40:09,7.5,11.7898272340434,78.9877048432448,NOISE
2026-04-28T09:23:43.206383,Map-Energy__sum__linear-conv00382-20250618_194009-20250619_014009-5.000000-10.000000.png,2025-06-18T19:40:09,2025-06-19T01:40:09,5.0,10.0,2025-06-18T22:40:09,7.5,11.7898272340434,78.9877048432448,NOISE,2025-06-18T22:40:09,7.5,11.7898272340434,78.9877048432448,NOISE,2025-06-18T22:40:09,7.5,11.7898272340434,78.9877048432448,NOISE,2025-06-18T22:40:09,7.5,11.7898272340434,78.9877048432448,NOISE
2026-04-28T09:23:44.430291,Map-Energy__sum__linear-conv00392-20250619_014009-20250619_074009-5.000000-10.000000.png,2025-06-19T01:40:09,2025-06-19T07:40:09,5.0,10.0,2025-06-19T04:40:09,7.5,11.7898272340434,78.9877048432448,NOISE,2025-06-19T04:40:09,7.5,11.7898272340434,78.9877048432448,NOISE,2025-06-19T04:40:09,7.5,11.7898272340434,78.9877048432448,NOISE,2025-06-19T04:40:09,7.5,11.7898272340434,78.9877048432448,NOISE
2026-04-28T09:23:45.199111,Map-Energy__sum__linear-conv00402-20250619_074009-20250619_134009-5.000000-10.000000.png,2025-06-19T07:40:09,2025-06-19T13:40:09,5.0,10.0,2025-06-19T10:40:09,7.5,11.7898272340434,78.9877048432448,NOISE,2025-06-19T10:40:09,7.5,11.7898272340434,78.9877048432448,NOISE,2025-06-19T10:40:09,7.5,11.7898272340434,78.9877048432448,NOISE,2025-06-19T10:40:09,7.5,11.7898272340434,78.9877048432448,NOISE
2026-04-28T09:23:45.643489,Map-Energy__sum__linear-conv00412-20250619_134009-20250619_194009-5.000000-10.000000.png,2025-06-19T13:40:09,2025-06-19T19:40:09,5.0,10.0,2025-06-19T16:40:09,7.5,11.7898272340434,78.9877048432448,NOISE,2025-06-19T16:40:09,7.5,11.7898272340434,78.9877048432448,NOISE,2025-06-19T16:40:09,7.5,11.7898272340434,78.9877048432448,NOISE,2025-06-19T16:40:09,7.5,11.7898272340434,78.9877048432448,NOISE
2026-04-28T09:23:46.238114,Map-Energy__sum__linear-conv00422-20250619_194009-20250620_014009-5.000000-10.000000.png,2025-06-19T19:40:09,2025-06-20T01:40:09,5.0,10.0,2025-06-19T22:40:09,7.5,11.7898272340434,78.9877048432448,NOISE,2025-06-19T22:40:09,7.5,11.7898272340434,78.9877048432448,NOISE,2025-06-19T22:40:09,7.5,11.7898272340434,78.9877048432448,NOISE,2025-06-19T22:40:09,7.5,11.7898272340434,78.9877048432448,NOISE
2026-04-28T09:23:47.342621,Map-Energy__sum__linear-conv00432-20250620_014009-20250620_074009-5.000000-10.000000.png,2025-06-20T01:40:09,2025-06-20T07:40:09,5.0,10.0,2025-06-20T04:40:09,7.5,11.7898272340434,78.9877048432448,NOISE,2025-06-20T04:40:09,7.5,11.7898272340434,78.9877048432448,NOISE,2025-06-20T04:40:09,7.5,11.7898272340434,78.9877048432448,NOISE,2025-06-20T04:40:09,7.5,11.7898272340434,78.9877048432448,NOISE
2026-04-28T09:23:48.302300,Map-Energy__sum__linear-conv00442-20250620_074009-20250620_134009-5.000000-10.000000.png,2025-06-20T07:40:09,2025-06-20T13:40:09,5.0,10.0,2025-06-20T10:40:09,7.5,11.7898272340434,78.9877048432448,NOISE,2025-06-20T10:40:09,7.5,11.7898272340434,78.9877048432448,NOISE,2025-06-20T10:40:09,7.5,11.7898272340434,78.9877048432448,NOISE,2025-06-20T10:40:09,7.5,11.7898272340434,78.9877048432448,NOISE
2026-04-28T09:23:49.214429,Map-Energy__sum__linear-conv00452-20250620_134009-20250620_194009-5.000000-10.000000.png,2025-06-20T13:40:09,2025-06-20T19:40:09,5.0,10.0,2025-06-20T16:40:09,7.5,11.7898272340434,78.9877048432448,NOISE,2025-06-20T16:40:09,7.5,11.7898272340434,78.9877048432448,NOISE,2025-06-20T16:40:09,7.5,11.7898272340434,78.9877048432448,NOISE,2025-06-20T16:40:09,7.5,11.7898272340434,78.9877048432448,NOISE
2026-04-28T09:23:50.367026,Map-Energy__sum__linear-conv00462-20250620_194009-20250621_014009-5.000000-10.000000.png,2025-06-20T19:40:09,2025-06-21T01:40:09,5.0,10.0,2025-06-20T22:40:09,7.5,11.7898272340434,78.9877048432448,NOISE,2025-06-20T22:40:09,7.5,11.7898272340434,78.9877048432448,NOISE,2025-06-20T22:40:09,7.5,11.7898272340434,78.9877048432448,NOISE,2025-06-20T22:40:09,7.5,11.7898272340434,78.9877048432448,NOISE
2026-04-28T09:23:51.134176,Map-Energy__sum__linear-conv00472-20250621_014009-20250621_074009-5.000000-10.000000.png,2025-06-21T01:40:09,2025-06-21T07:40:09,5.0,10.0,2025-06-21T04:40:09,7.5,11.7898272340434,78.9877048432448,NOISE,2025-06-21T04:40:09,7.5,11.7898272340434,78.9877048432448,NOISE,2025-06-21T04:40:09,7.5,11.7898272340434,78.9877048432448,NOISE,2025-06-21T04:40:09,7.5,11.7898272340434,78.9877048432448,NOISE
2026-04-28T09:23:51.878408,Map-Energy__sum__linear-conv00482-20250621_074009-20250621_134009-5.000000-10.000000.png,2025-06-21T07:40:09,2025-06-21T13:40:09,5.0,10.0,2025-06-21T10:40:09,7.5,11.7898272340434,78.9877048432448,NOISE,2025-06-21T10:40:09,7.5,11.7898272340434,78.9877048432448,NOISE,2025-06-21T10:40:09,7.5,11.7898272340434,78.9877048432448,NOISE,2025-06-21T10:40:09,7.5,11.7898272340434,78.9877048432448,NOISE
2026-04-28T09:23:52.550370,Map-Energy__sum__linear-conv00492-20250621_134009-20250621_194009-5.000000-10.000000.png,2025-06-21T13:40:09,2025-06-21T19:40:09,5.0,10.0,2025-06-21T16:40:09,7.5,11.7898272340434,78.9877048432448,NOISE,2025-06-21T16:40:09,7.5,11.7898272340434,78.9877048432448,NOISE,2025-06-21T16:40:09,7.5,11.7898272340434,78.9877048432448,NOISE,2025-06-21T16:40:09,7.5,11.7898272340434,78.9877048432448,NOISE
2026-04-28T09:23:53.302362,Map-Energy__sum__linear-conv00502-20250621_194009-20250622_014009-5.000000-10.000000.png,2025-06-21T19:40:09,2025-06-22T01:40:09,5.0,10.0,2025-06-21T22:40:09,7.5,11.7898272340434,78.9877048432448,NOISE,2025-06-21T22:40:09,7.5,11.7898272340434,78.9877048432448,NOISE,2025-06-21T22:40:09,7.5,11.7898272340434,78.9877048432448,NOISE,2025-06-21T22:40:09,7.5,11.7898272340434,78.9877048432448,NOISE
2026-04-28T09:23:53.966447,Map-Energy__sum__linear-conv00512-20250622_014009-20250622_074009-5.000000-10.000000.png,2025-06-22T01:40:09,2025-06-22T07:40:09,5.0,10.0,2025-06-22T04:40:09,7.5,11.7898272340434,78.9877048432448,NOISE,2025-06-22T04:40:09,7.5,11.7898272340434,78.9877048432448,NOISE,2025-06-22T04:40:09,7.5,11.7898272340434,78.9877048432448,NOISE,2025-06-22T04:40:09,7.5,11.7898272340434,78.9877048432448,NOISE
2026-04-28T09:23:54.686382,Map-Energy__sum__linear-conv00522-20250622_074009-20250622_134009-5.000000-10.000000.png,2025-06-22T07:40:09,2025-06-22T13:40:09,5.0,10.0,2025-06-22T10:40:09,7.5,11.7898272340434,78.9877048432448,NOISE,2025-06-22T10:40:09,7.5,11.7898272340434,78.9877048432448,NOISE,2025-06-22T10:40:09,7.5,11.7898272340434,78.9877048432448,NOISE,2025-06-22T10:40:09,7.5,11.7898272340434,78.9877048432448,NOISE
2026-04-28T09:23:55.510140,Map-Energy__sum__linear-conv00532-20250622_134009-20250622_194009-5.000000-10.000000.png,2025-06-22T13:40:09,2025-06-22T19:40:09,5.0,10.0,2025-06-22T16:40:09,7.5,11.7898272340434,78.9877048432448,NOISE,2025-06-22T16:40:09,7.5,11.7898272340434,78.9877048432448,NOISE,2025-06-22T16:40:09,7.5,11.7898272340434,78.9877048432448,NOISE,2025-06-22T16:40:09,7.5,11.7898272340434,78.9877048432448,NOISE
2026-04-28T09:23:56.278389,Map-Energy__sum__linear-conv00542-20250622_194009-20250623_014009-5.000000-10.000000.png,2025-06-22T19:40:09,2025-06-23T01:40:09,5.0,10.0,2025-06-22T22:40:09,7.5,11.7898272340434,78.9877048432448,NOISE,2025-06-22T22:40:09,7.5,11.7898272340434,78.9877048432448,NOISE,2025-06-22T22:40:09,7.5,11.7898272340434,78.9877048432448,NOISE,2025-06-22T22:40:09,7.5,11.7898272340434,78.9877048432448,NOISE
2026-04-28T09:23:56.926036,Map-Energy__sum__linear-conv00552-20250623_014009-20250623_074009-5.000000-10.000000.png,2025-06-23T01:40:09,2025-06-23T07:40:09,5.0,10.0,2025-06-23T04:40:09,7.5,11.7898272340434,78.9877048432448,NOISE,2025-06-23T04:40:09,7.5,11.7898272340434,78.9877048432448,NOISE,2025-06-23T04:40:09,7.5,11.7898272340434,78.9877048432448,NOISE,2025-06-23T04:40:09,7.5,11.7898272340434,78.9877048432448,NOISE
2026-04-28T09:23:57.726390,Map-Energy__sum__linear-conv00562-20250623_074009-20250623_134009-5.000000-10.000000.png,2025-06-23T07:40:09,2025-06-23T13:40:09,5.0,10.0,2025-06-23T10:40:09,7.5,11.7898272340434,78.9877048432448,NOISE,2025-06-23T10:40:09,7.5,11.7898272340434,78.9877048432448,NOISE,2025-06-23T10:40:09,7.5,11.7898272340434,78.9877048432448,NOISE,2025-06-23T10:40:09,7.5,11.7898272340434,78.9877048432448,NOISE
2026-04-28T09:23:58.606446,Map-Energy__sum__linear-conv00572-20250623_134009-20250623_194009-5.000000-10.000000.png,2025-06-23T13:40:09,2025-06-23T19:40:09,5.0,10.0,2025-06-23T16:40:09,7.5,11.7898272340434,78.9877048432448,NOISE,2025-06-23T16:40:09,7.5,11.7898272340434,78.9877048432448,NOISE,2025-06-23T16:40:09,7.5,11.7898272340434,78.9877048432448,NOISE,2025-06-23T16:40:09,7.5,11.7898272340434,78.9877048432448,NOISE
2026-04-28T09:23:59.470203,Map-Energy__sum__linear-conv00582-20250623_134009-20250623_194009-5.000000-10.000000.png,2025-06-23T13:40:09,2025-06-23T19:40:09,5.0,10.0,2025-06-23T16:40:09,7.5,11.7898272340434,78.9877048432448,NOISE,2025-06-23T16:40:09,7.5,11.7898272340434,78.9877048432448,NOISE,2025-06-23T16:40:09,7.5,11.7898272340434,78.9877048432448,NOISE,2025-06-23T16:40:09,7.5,11.7898272340434,78.9877048432448,NOISE
2026-04-28T09:24:00.491292,Map-Energy__sum__linear-conv00592-20250623_194009-20250624_014009-5.000000-10.000000.png,2025-06-23T19:40:09,2025-06-24T01:40:09,5.0,10.0,2025-06-23T22:40:09,7.5,11.7898272340434,78.9877048432448,NOISE,2025-06-23T22:40:09,7.5,11.7898272340434,78.9877048432448,NOISE,2025-06-23T22:40:09,7.5,11.7898272340434,78.9877048432448,NOISE,2025-06-23T22:40:09,7.5,11.7898272340434,78.9877048432448,NOISE
2026-04-28T09:24:01.350392,Map-Energy__sum__linear-conv00602-20250624_014009-20250624_074009-5.000000-10.000000.png,2025-06-24T01:40:09,2025-06-24T07:40:09,5.0,10.0,2025-06-24T04:40:09,7.5,11.7898272340434,78.9877048432448,NOISE,2025-06-24T04:40:09,7.5,11.7898272340434,78.9877048432448,NOISE,2025-06-24T04:40:09,7.5,11.7898272340434,78.9877048432448,NOISE,2025-06-24T04:40:09,7.5,11.7898272340434,78.9877048432448,NOISE
2026-04-28T09:24:02.142809,Map-Energy__sum__linear-conv00612-20250624_074009-20250624_134009-5.000000-10.000000.png,2025-06-24T07:40:09,2025-06-24T13:40:09,5.0,10.0,2025-06-24T10:40:09,7.5,11.7898272340434,78.9877048432448,NOISE,2025-06-24T10:40:09,7.5,11.7898272340434,78.9877048432448,NOISE,2025-06-24T10:40:09,7.5,11.7898272340434,78.9877048432448,NOISE,2025-06-24T10:40:09,7.5,11.7898272340434,78.9877048432448,NOISE
2026-04-28T09:24:02.862444,Map-Energy__sum__linear-conv00003-20250609_134009-20250609_194009-10.000000-15.000000.png,2025-06-09T13:40:09,2025-06-09T19:40:09,10.0,15.0,2025-06-09T16:40:09,12.5,11.5594114413877,78.9903276217732,NOISE,2025-06-09T16:40:09,12.5,11.5594114413877,78.9903276217732,NOISE,2025-06-09T16:40:09,12.5,11.5594114413877,78.9903276217732,NOISE,2025-06-09T16:40:09,12.5,11.5594114413877,78.9903276217732,NOISE
2026-04-28T09:24:03.662485,Map-Energy__sum__linear-conv00013-20250609_194009-20250610_014009-10.000000-15.000000.png,2025-06-09T19:40:09,2025-06-10T01:40:09,10.0,15.0,2025-06-09T22:40:09,12.5,11.5594114413877,78.9903276217732,NOISE,2025-06-09T22:40:09,12.5,11.5594114413877,78.9903276217732,NOISE,2025-06-09T22:40:09,12.5,11.5594114413877,78.9903276217732,NOISE,2025-06-09T22:40:09,12.5,11.5594114413877,78.9903276217732,NOISE
2026-04-28T09:24:04.326352,Map-Energy__sum__linear-conv00023-20250610_014009-20250610_074009-10.000000-15.000000.png,2025-06-10T01:40:09,2025-06-10T07:40:09,10.0,15.0,2025-06-10T04:40:09,12.5,11.5594114413877,78.9903276217732,NOISE,2025-06-10T04:40:09,12.5,11.5594114413877,78.9903276217732,NOISE,2025-06-10T04:40:09,12.5,11.5594114413877,78.9903276217732,NOISE,2025-06-10T04:40:09,12.5,11.5594114413877,78.9903276217732,NOISE
2026-04-28T09:24:04.966488,Map-Energy__sum__linear-conv00033-20250610_074009-20250610_134009-10.000000-15.000000.png,2025-06-10T07:40:09,2025-06-10T13:40:09,10.0,15.0,2025-06-10T10:40:09,12.5,11.5594114413877,78.9903276217732,NOISE,2025-06-10T10:40:09,12.5,11.5594114413877,78.9903276217732,NOISE,2025-06-10T10:40:09,12.5,11.5594114413877,78.9903276217732,NOISE,2025-06-10T10:40:09,12.5,11.5594114413877,78.9903276217732,NOISE
2026-04-28T09:24:05.606305,Map-Energy__sum__linear-conv00043-20250610_134009-20250610_194009-10.000000-15.000000.png,2025-06-10T13:40:09,2025-06-10T19:40:09,10.0,15.0,2025-06-10T16:40:09,12.5,11.5594114413877,78.9903276217732,NOISE,2025-06-10T16:40:09,12.5,11.5594114413877,78.9903276217732,NOISE,2025-06-10T16:40:09,12.5,11.5594114413877,78.9903276217732,NOISE,2025-06-10T16:40:09,12.5,11.5594114413877,78.9903276217732,NOISE
2026-04-28T09:24:06.262138,Map-Energy__sum__linear-conv00053-20250610_194009-20250611_014009-10.000000-15.000000.png,2025-06-10T19:40:09,2025-06-11T01:40:09,10.0,15.0,2025-06-10T22:40:09,12.5,11.5594114413877,78.9903276217732,NOISE,2025-06-10T22:40:09,12.5,11.5594114413877,78.9903276217732,NOISE,2025-06-10T22:40:09,12.5,11.5594114413877,78.9903276217732,NOISE,2025-06-10T22:40:09,12.5,11.5594114413877,78.9903276217732,NOISE
2026-04-28T09:24:06.910370,Map-Energy__sum__linear-conv00063-20250611_014009-20250611_074009-10.000000-15.000000.png,2025-06-11T01:40:09,2025-06-11T07:40:09,10.0,15.0,2025-06-11T04:40:09,12.5,11.5594114413877,78.9903276217732,NOISE,2025-06-11T04:40:09,12.5,11.5594114413877,78.9903276217732,NOISE,2025-06-11T04:40:09,12.5,11.5594114413877,78.9903276217732,NOISE,2025-06-11T04:40:09,12.5,11.5594114413877,78.9903276217732,NOISE
2026-04-28T09:24:07.566301,Map-Energy__sum__linear-conv00073-20250611_074009-20250611_134009-10.000000-15.000000.png,2025-06-11T07:40:09,2025-06-11T13:40:09,10.0,15.0,2025-06-11T10:40:09,12.5,11.5594114413877,78.9903276217732,NOISE,2025-06-11T10:40:09,12.5,11.5594114413877,78.9903276217732,NOISE,2025-06-11T10:40:09,12.5,11.5594114413877,78.9903276217732,NOISE,2025-06-11T10:40:09,12.5,11.5594114413877,78.9903276217732,NOISE
2026-04-28T09:24:08.174845,Map-Energy__sum__linear-conv00083-20250611_134009-20250611_194009-10.000000-15.000000.png,2025-06-11T13:40:09,2025-06-11T19:40:09,10.0,15.0,2025-06-11T16:40:09,12.5,11.5594114413877,78.9903276217732,NOISE,2025-06-11T16:40:09,12.5,11.5594114413877,78.9903276217732,NOISE,2025-06-11T16:40:09,12.5,11.5594114413877,78.9903276217732,NOISE,2025-06-11T16:40:09,12.5,11.5594114413877,78.9903276217732,NOISE
2026-04-28T09:24:08.790858,Map-Energy__sum__linear-conv00093-20250611_194009-20250612_014009-10.000000-15.000000.png,2025-06-11T19:40:09,2025-06-12T01:40:09,10.0,15.0,2025-06-11T22:40:09,12.5,11.5594114413877,78.9903276217732,NOISE,2025-06-11T22:40:09,12.5,11.5594114413877,78.9903276217732,NOISE,2025-06-11T22:40:09,12.5,11.5594114413877,78.9903276217732,NOISE,2025-06-11T22:40:09,12.5,11.5594114413877,78.9903276217732,NOISE
2026-04-28T09:24:09.430199,Map-Energy__sum__linear-conv00103-20250612_014009-20250612_074009-10.000000-15.000000.png,2025-06-12T01:40:09,2025-06-12T07:40:09,10.0,15.0,2025-06-12T04:40:09,12.5,11.5594114413877,78.9903276217732,NOISE,2025-06-12T04:40:09,12.5,11.5594114413877,78.9903276217732,NOISE,2025-06-12T04:40:09,12.5,11.5594114413877,78.9903276217732,NOISE,2025-06-12T04:40:09,12.5,11.5594114413877,78.9903276217732,NOISE
2026-04-28T09:24:13.526449,Map-Energy__sum__linear-conv00113-20250612_074009-20250612_134009-10.000000-15.000000.png,2025-06-12T07:40:09,2025-06-12T13:40:09,10.0,15.0,2025-06-12T10:40:09,12.5,11.5594114413877,78.9903276217732,NOISE,2025-06-12T10:40:09,12.5,11.5594114413877,78.9903276217732,NOISE,2025-06-12T10:40:09,12.5,11.5594114413877,78.9903276217732,NOISE,2025-06-12T10:40:09,12.5,11.5594114413877,78.9903276217732,NOISE
2026-04-28T09:24:14.326293,Map-Energy__sum__linear-conv00123-20250612_134009-20250612_194009-10.000000-15.000000.png,2025-06-12T13:40:09,2025-06-12T19:40:09,10.0,15.0,2025-06-12T16:40:09,12.5,11.5594114413877,78.9903276217732,NOISE,2025-06-12T16:40:09,12.5,11.5594114413877,78.9903276217732,NOISE,2025-06-12T16:40:09,12.5,11.5594114413877,78.9903276217732,NOISE,2025-06-12T16:40:09,12.5,11.5594114413877,78.9903276217732,NOISE
2026-04-28T09:24:15.166482,Map-Energy__sum__linear-conv00133-20250612_194009-20250613_014009-10.000000-15.000000.png,2025-06-12T19:40:09,2025-06-13T01:40:09,10.0,15.0,2025-06-12T22:40:09,12.5,11.5594114413877,78.9903276217732,NOISE,2025-06-12T22:40:09,12.5,11.5594114413877,78.9903276217732,NOISE,2025-06-12T22:40:09,12.5,11.5594114413877,78.9903276217732,NOISE,2025-06-12T22:40:09,12.5,11.5594114413877,78.9903276217732,NOISE
2026-04-28T09:24:15.958382,Map-Energy__sum__linear-conv00143-20250613_014009-20250613_074009-10.000000-15.000000.png,2025-06-13T01:40:09,2025-06-13T07:40:09,10.0,15.0,2025-06-13T04:40:09,12.5,11.5594114413877,78.9903276217732,NOISE,2025-06-13T04:40:09,12.5,11.5594114413877,78.9903276217732,NOISE,2025-06-13T04:40:09,12.5,11.5594114413877,78.9903276217732,NOISE,2025-06-13T04:40:09,12.5,11.5594114413877,78.9903276217732,NOISE
2026-04-28T09:24:16.774326,Map-Energy__sum__linear-conv00153-20250613_074009-20250613_134009-10.000000-15.000000.png,2025-06-13T07:40:09,2025-06-13T13:40:09,10.0,15.0,2025-06-13T10:40:09,12.5,11.5594114413877,78.9903276217732,NOISE,2025-06-13T10:40:09,12.5,11.5594114413877,78.9903276217732,NOISE,2025-06-13T10:40:09,12.5,11.5594114413877,78.9903276217732,NOISE,2025-06-13T10:40:09,12.5,11.5594114413877,78.9903276217732,NOISE
2026-04-28T09:24:17.678296,Map-Energy__sum__linear-conv00163-20250613_134009-20250613_194009-10.000000-15.000000.png,2025-06-13T13:40:09,2025-06-13T19:40:09,10.0,15.0,2025-06-13T16:40:09,12.5,11.5594114413877,78.9903276217732,NOISE,2025-06-13T16:40:09,12.5,11.5594114413877,78.9903276217732,NOISE,2025-06-13T16:40:09,12.5,11.5594114413877,78.9903276217732,NOISE,2025-06-13T16:40:09,12.5,11.5594114413877,78.9903276217732,NOISE
2026-04-28T09:24:18.486687,Map-Energy__sum__linear-conv00173-20250613_194009-20250614_014009-10.000000-15.000000.png,2025-06-13T19:40:09,2025-06-14T01:40:09,10.0,15.0,2025-06-13T22:40:09,12.5,11.5594114413877,78.9903276217732,NOISE,2025-06-13T22:40:09,12.5,11.5594114413877,78.9903276217732,NOISE,2025-06-13T22:40:09,12.5,11.5594114413877,78.9903276217732,NOISE,2025-06-13T22:40:09,12.5,11.5594114413877,78.9903276217732,NOISE
2026-04-28T09:24:19.206188,Map-Energy__sum__linear-conv00183-20250614_014009-20250614_074009-10.000000-15.000000.png,2025-06-14T01:40:09,2025-06-14T07:40:09,10.0,15.0,2025-06-14T04:40:09,12.5,11.5594114413877,78.9903276217732,NOISE,2025-06-14T04:40:09,12.5,11.5594114413877,78.9903276217732,NOISE,2025-06-14T04:40:09,12.5,11.5594114413877,78.9903276217732,NOISE,2025-06-14T04:40:09,12.5,11.5594114413877,78.9903276217732,NOISE
2026-04-28T09:24:19.878430,Map-Energy__sum__linear-conv00193-20250614_074009-20250614_134009-10.000000-15.000000.png,2025-06-14T07:40:09,2025-06-14T13:40:09,10.0,15.0,2025-06-14T10:40:09,12.5,11.5594114413877,78.9903276217732,NOISE,2025-06-14T10:40:09,12.5,11.5594114413877,78.9903276217732,NOISE,2025-06-14T10:40:09,12.5,11.5594114413877,78.9903276217732,NOISE,2025-06-14T10:40:09,12.5,11.5594114413877,78.9903276217732,NOISE
2026-04-28T09:24:20.519779,Map-Energy__sum__linear-conv00203-20250614_134009-20250614_194009-10.000000-15.000000.png,2025-06-14T13:40:09,2025-06-14T19:40:09,10.0,15.0,2025-06-14T16:40:09,12.5,11.5594114413877,78.9903276217732,NOISE,2025-06-14T16:40:09,12.5,11.5594114413877,78.9903276217732,NOISE,2025-06-14T16:40:09,12.5,11.5594114413877,78.9903276217732,NOISE,2025-06-14T16:40:09,12.5,11.5594114413877,78.9903276217732,NOISE
2026-04-28T09:24:21.190536,Map-Energy__sum__linear-conv00213-20250614_194009-20250615_014009-10.000000-15.000000.png,2025-06-14T19:40:09,2025-06-15T01:40:09,10.0,15.0,2025-06-14T22:40:09,12.5,11.5594114413877,78.9903276217732,NOISE,2025-06-14T22:40:09,12.5,11.5594114413877,78.9903276217732,NOISE,2025-06-14T22:40:09,12.5,11.5594114413877,78.9903276217732,NOISE,2025-06-14T22:40:09,12.5,11.5594114413877,78.9903276217732,NOISE
2026-04-28T09:24:21.822458,Map-Energy__sum__linear-conv00223-20250615_014009-20250615_074009-10.000000-15.000000.png,2025-06-15T01:40:09,2025-06-15T07:40:09,10.0,15.0,2025-06-15T04:40:09,12.5,11.5594114413877,78.9903276217732,NOISE,2025-06-15T04:40:09,12.5,11.5594114413877,78.9903276217732,NOISE,2025-06-15T04:40:09,12.5,11.5594114413877,78.9903276217732,NOISE,2025-06-15T04:40:09,12.5,11.5594114413877,78.9903276217732,NOISE
2026-04-28T09:24:22.454330,Map-Energy__sum__linear-conv00233-20250615_074009-20250615_134009-10.000000-15.000000.png,2025-06-15T07:40:09,2025-06-15T13:40:09,10.0,15.0,2025-06-15T10:40:09,12.5,11.5594114413877,78.9903276217732,NOISE,2025-06-15T10:40:09,12.5,11.5594114413877,78.9903276217732,NOISE,2025-06-15T10:40:09,12.5,11.5594114413877,78.9903276217732,NOISE,2025-06-15T10:40:09,12.5,11.5594114413877,78.9903276217732,NOISE
2026-04-28T09:24:22.982061,Map-Energy__sum__linear-conv00243-20250615_134009-20250615_194009-10.000000-15.000000.png,2025-06-15T13:40:09,2025-06-15T19:40:09,10.0,15.0,2025-06-15T16:40:09,12.5,11.5594114413877,78.9903276217732,NOISE,2025-06-15T16:40:09,12.5,11.5594114413877,78.9903276217732,NOISE,2025-06-15T16:40:09,12.5,11.5594114413877,78.9903276217732,NOISE,2025-06-15T16:40:09,12.5,11.5594114413877,78.9903276217732,NOISE
2026-04-28T09:24:23.404241,Map-Energy__sum__linear-conv00253-20250615_194009-20250616_014009-10.000000-15.000000.png,2025-06-15T19:40:09,2025-06-16T01:40:09,10.0,15.0,2025-06-15T22:40:09,12.5,11.5594114413877,78.9903276217732,NOISE,2025-06-15T22:40:09,12.5,11.5594114413877,78.9903276217732,NOISE,2025-06-15T22:40:09,12.5,11.5594114413877,78.9903276217732,NOISE,2025-06-15T22:40:09,12.5,11.5594114413877,78.9903276217732,NOISE
2026-04-28T09:24:23.841441,Map-Energy__sum__linear-conv00263-20250616_014009-20250616_074009-10.000000-15.000000.png,2025-06-16T01:40:09,2025-06-16T07:40:09,10.0,15.0,2025-06-16T04:40:09,12.5,11.5594114413877,78.9903276217732,NOISE,2025-06-16T04:40:09,12.5,11.5594114413877,78.9903276217732,NOISE,2025-06-16T04:40:09,12.5,11.5594114413877,78.9903276217732,NOISE,2025-06-16T04:40:09,12.5,11.5594114413877,78.9903276217732,NOISE
2026-04-28T09:24:24.614397,Map-Energy__sum__linear-conv00273-20250616_074009-20250616_134009-10.000000-15.000000.png,2025-06-16T07:40:09,2025-06-16T13:40:09,10.0,15.0,2025-06-16T10:40:09,12.5,11.5594114413877,78.9903276217732,NOISE,2025-06-16T10:40:09,12.5,11.5594114413877,78.9903276217732,NOISE,2025-06-16T10:40:09,12.5,11.5594114413877,78.9903276217732,NOISE,2025-06-16T10:40:09,12.5,11.5594114413877,78.9903276217732,NOISE
2026-04-28T09:24:25.294569,Map-Energy__sum__linear-conv00283-20250616_134009-20250616_194009-10.000000-15.000000.png,2025-06-16T13:40:09,2025-06-16T19:40:09,10.0,15.0,2025-06-16T16:40:09,12.5,11.5594114413877,78.9903276217732,NOISE,2025-06-16T16:40:09,12.5,11.5594114413877,78.9903276217732,NOISE,2025-06-16T16:40:09,12.5,11.5594114413877,78.9903276217732,NOISE,2025-06-16T16:40:09,12.5,11.5594114413877,78.9903276217732,NOISE
2026-04-28T09:24:26.206134,Map-Energy__sum__linear-conv00293-20250616_134009-20250616_194009-10.000000-15.000000.png,2025-06-16T13:40:09,2025-06-16T19:40:09,10.0,15.0,2025-06-16T16:40:09,12.5,11.5594114413877,78.9903276217732,NOISE,2025-06-16T16:40:09,12.5,11.5594114413877,78.9903276217732,NOISE,2025-06-16T16:40:09,12.5,11.5594114413877,78.9903276217732,NOISE,2025-06-16T16:40:09,12.5,11.5594114413877,78.9903276217732,NOISE
2026-04-28T09:24:27.014333,Map-Energy__sum__linear-conv00303-20250616_194009-20250617_014009-10.000000-15.000000.png,2025-06-16T19:40:09,2025-06-17T01:40:09,10.0,15.0,2025-06-16T22:40:09,12.5,11.5594114413877,78.9903276217732,NOISE,2025-06-16T22:40:09,12.5,11.5594114413877,78.9903276217732,NOISE,2025-06-16T22:40:09,12.5,11.5594114413877,78.9903276217732,NOISE,2025-06-16T22:40:09,12.5,11.5594114413877,78.9903276217732,NOISE
2026-04-28T09:24:27.846448,Map-Energy__sum__linear-conv00313-20250617_014009-20250617_074009-10.000000-15.000000.png,2025-06-17T01:40:09,2025-06-17T07:40:09,10.0,15.0,2025-06-17T04:40:09,12.5,11.5594114413877,78.9903276217732,NOISE,2025-06-17T04:40:09,12.5,11.5594114413877,78.9903276217732,NOISE,2025-06-17T04:40:09,12.5,11.5594114413877,78.9903276217732,NOISE,2025-06-17T04:40:09,12.5,11.5594114413877,78.9903276217732,NOISE
2026-04-28T09:24:28.766503,Map-Energy__sum__linear-conv00323-20250617_074009-20250617_134009-10.000000-15.000000.png,2025-06-17T07:40:09,2025-06-17T13:40:09,10.0,15.0,2025-06-17T10:40:09,12.5,11.5594114413877,78.9903276217732,NOISE,2025-06-17T10:40:09,12.5,11.5594114413877,78.9903276217732,NOISE,2025-06-17T10:40:09,12.5,11.5594114413877,78.9903276217732,NOISE,2025-06-17T10:40:09,12.5,11.5594114413877,78.9903276217732,NOISE
2026-04-28T09:24:29.710178,Map-Energy__sum__linear-conv00333-20250617_134009-20250617_194009-10.000000-15.000000.png,2025-06-17T13:40:09,2025-06-17T19:40:09,10.0,15.0,2025-06-17T16:40:09,12.5,11.5594114413877,78.9903276217732,NOISE,2025-06-17T16:40:09,12.5,11.5594114413877,78.9903276217732,NOISE,2025-06-17T16:40:09,12.5,11.5594114413877,78.9903276217732,NOISE,2025-06-17T16:40:09,12.5,11.5594114413877,78.9903276217732,NOISE
2026-04-28T09:24:30.638414,Map-Energy__sum__linear-conv00343-20250617_194009-20250618_014009-10.000000-15.000000.png,2025-06-17T19:40:09,2025-06-18T01:40:09,10.0,15.0,2025-06-17T22:40:09,12.5,11.5594114413877,78.9903276217732,NOISE,2025-06-17T22:40:09,12.5,11.5594114413877,78.9903276217732,NOISE,2025-06-17T22:40:09,12.5,11.5594114413877,78.9903276217732,NOISE,2025-06-17T22:40:09,12.5,11.5594114413877,78.9903276217732,NOISE
2026-04-28T09:24:31.398195,Map-Energy__sum__linear-conv00353-20250618_014009-20250618_074009-10.000000-15.000000.png,2025-06-18T01:40:09,2025-06-18T07:40:09,10.0,15.0,2025-06-18T04:40:09,12.5,11.5594114413877,78.9903276217732,NOISE,2025-06-18T04:40:09,12.5,11.5594114413877,78.9903276217732,NOISE,2025-06-18T04:40:09,12.5,11.5594114413877,78.9903276217732,NOISE,2025-06-18T04:40:09,12.5,11.5594114413877,78.9903276217732,NOISE
2026-04-28T09:24:32.190682,Map-Energy__sum__linear-conv00363-20250618_074009-20250618_134009-10.000000-15.000000.png,2025-06-18T07:40:09,2025-06-18T13:40:09,10.0,15.0,2025-06-18T10:40:09,12.5,11.5594114413877,78.9903276217732,NOISE,2025-06-18T10:40:09,12.5,11.5594114413877,78.9903276217732,NOISE,2025-06-18T10:40:09,12.5,11.5594114413877,78.9903276217732,NOISE,2025-06-18T10:40:09,12.5,11.5594114413877,78.9903276217732,NOISE
2026-04-28T09:24:37.422166,Map-Energy__sum__linear-conv00373-20250618_134009-20250618_194009-10.000000-15.000000.png,2025-06-18T13:40:09,2025-06-18T19:40:09,10.0,15.0,2025-06-18T16:40:09,12.5,11.5594114413877,78.9903276217732,NOISE,2025-06-18T16:40:09,12.5,11.5594114413877,78.9903276217732,NOISE,2025-06-18T16:40:09,12.5,11.5594114413877,78.9903276217732,NOISE,2025-06-18T16:40:09,12.5,11.5594114413877,78.9903276217732,NOISE
2026-04-28T09:24:38.582369,Map-Energy__sum__linear-conv00383-20250618_194009-20250619_014009-10.000000-15.000000.png,2025-06-18T19:40:09,2025-06-19T01:40:09,10.0,15.0,2025-06-18T22:40:09,12.5,11.5594114413877,78.9903276217732,NOISE,2025-06-18T22:40:09,12.5,11.5594114413877,78.9903276217732,NOISE,2025-06-18T22:40:09,12.5,11.5594114413877,78.9903276217732,NOISE,2025-06-18T22:40:09,12.5,11.5594114413877,78.9903276217732,NOISE
2026-04-28T09:24:39.878392,Map-Energy__sum__linear-conv00393-20250619_014009-20250619_074009-10.000000-15.000000.png,2025-06-19T01:40:09,2025-06-19T07:40:09,10.0,15.0,2025-06-19T04:40:09,12.5,11.5594114413877,78.9903276217732,NOISE,2025-06-19T04:40:09,12.5,11.5594114413877,78.9903276217732,NOISE,2025-06-19T04:40:09,12.5,11.5594114413877,78.9903276217732,NOISE,2025-06-19T04:40:09,12.5,11.5594114413877,78.9903276217732,NOISE
2026-04-28T09:24:40.945097,Map-Energy__sum__linear-conv00403-20250619_074009-20250619_134009-10.000000-15.000000.png,2025-06-19T07:40:09,2025-06-19T13:40:09,10.0,15.0,2025-06-19T10:40:09,12.5,11.5594114413877,78.9903276217732,NOISE,2025-06-19T10:40:09,12.5,11.5594114413877,78.9903276217732,NOISE,2025-06-19T10:40:09,12.5,11.5594114413877,78.9903276217732,NOISE,2025-06-19T10:40:09,12.5,11.5594114413877,78.9903276217732,NOISE
2026-04-28T09:24:41.998289,Map-Energy__sum__linear-conv00413-20250619_134009-20250619_194009-10.000000-15.000000.png,2025-06-19T13:40:09,2025-06-19T19:40:09,10.0,15.0,2025-06-19T16:40:09,12.5,11.5594114413877,78.9903276217732,NOISE,2025-06-19T16:40:09,12.5,11.5594114413877,78.9903276217732,NOISE,2025-06-19T16:40:09,12.5,11.5594114413877,78.9903276217732,NOISE,2025-06-19T16:40:09,12.5,11.5594114413877,78.9903276217732,NOISE
2026-04-28T09:24:42.918478,Map-Energy__sum__linear-conv00423-20250619_194009-20250620_014009-10.000000-15.000000.png,2025-06-19T19:40:09,2025-06-20T01:40:09,10.0,15.0,2025-06-19T22:40:09,12.5,11.5594114413877,78.9903276217732,NOISE,2025-06-19T22:40:09,12.5,11.5594114413877,78.9903276217732,NOISE,2025-06-19T22:40:09,12.5,11.5594114413877,78.9903276217732,NOISE,2025-06-19T22:40:09,12.5,11.5594114413877,78.9903276217732,NOISE
2026-04-28T09:24:43.790457,Map-Energy__sum__linear-conv00433-20250620_014009-20250620_074009-10.000000-15.000000.png,2025-06-20T01:40:09,2025-06-20T07:40:09,10.0,15.0,2025-06-20T04:40:09,12.5,11.5594114413877,78.9903276217732,NOISE,2025-06-20T04:40:09,12.5,11.5594114413877,78.9903276217732,NOISE,2025-06-20T04:40:09,12.5,11.5594114413877,78.9903276217732,NOISE,2025-06-20T04:40:09,12.5,11.5594114413877,78.9903276217732,NOISE
2026-04-28T09:24:44.750275,Map-Energy__sum__linear-conv00443-20250620_074009-20250620_134009-10.000000-15.000000.png,2025-06-20T07:40:09,2025-06-20T13:40:09,10.0,15.0,2025-06-20T10:40:09,12.5,11.5594114413877,78.9903276217732,NOISE,2025-06-20T10:40:09,12.5,11.5594114413877,78.9903276217732,NOISE,2025-06-20T10:40:09,12.5,11.5594114413877,78.9903276217732,NOISE,2025-06-20T10:40:09,12.5,11.5594114413877,78.9903276217732,NOISE
2026-04-28T09:24:45.718558,Map-Energy__sum__linear-conv00453-20250620_134009-20250620_194009-10.000000-15.000000.png,2025-06-20T13:40:09,2025-06-20T19:40:09,10.0,15.0,2025-06-20T16:40:09,12.5,11.5594114413877,78.9903276217732,NOISE,2025-06-20T16:40:09,12.5,11.5594114413877,78.9903276217732,NOISE,2025-06-20T16:40:09,12.5,11.5594114413877,78.9903276217732,NOISE,2025-06-20T16:40:09,12.5,11.5594114413877,78.9903276217732,NOISE
2026-04-28T09:24:47.014148,Map-Energy__sum__linear-conv00463-20250620_194009-20250621_014009-10.000000-15.000000.png,2025-06-20T19:40:09,2025-06-21T01:40:09,10.0,15.0,2025-06-20T22:40:09,12.5,11.5594114413877,78.9903276217732,NOISE,2025-06-20T22:40:09,12.5,11.5594114413877,78.9903276217732,NOISE,2025-06-20T22:40:09,12.5,11.5594114413877,78.9903276217732,NOISE,2025-06-20T22:40:09,12.5,11.5594114413877,78.9903276217732,NOISE
2026-04-28T09:24:48.030537,Map-Energy__sum__linear-conv00473-20250621_014009-20250621_074009-10.000000-15.000000.png,2025-06-21T01:40:09,2025-06-21T07:40:09,10.0,15.0,2025-06-21T04:40:09,12.5,11.5594114413877,78.9903276217732,NOISE,2025-06-21T04:40:09,12.5,11.5594114413877,78.9903276217732,NOISE,2025-06-21T04:40:09,12.5,11.5594114413877,78.9903276217732,NOISE,2025-06-21T04:40:09,12.5,11.5594114413877,78.9903276217732,NOISE
2026-04-28T09:24:49.334313,Map-Energy__sum__linear-conv00483-20250621_074009-20250621_134009-10.000000-15.000000.png,2025-06-21T07:40:09,2025-06-21T13:40:09,10.0,15.0,2025-06-21T10:40:09,12.5,11.5594114413877,78.9903276217732,NOISE,2025-06-21T10:40:09,12.5,11.5594114413877,78.9903276217732,NOISE,2025-06-21T10:40:09,12.5,11.5594114413877,78.9903276217732,NOISE,2025-06-21T10:40:09,12.5,11.5594114413877,78.9903276217732,NOISE
2026-04-28T09:24:50.262324,Map-Energy__sum__linear-conv00493-20250621_134009-20250621_194009-10.000000-15.000000.png,2025-06-21T13:40:09,2025-06-21T19:40:09,10.0,15.0,2025-06-21T16:40:09,12.5,11.5594114413877,78.9903276217732,NOISE,2025-06-21T16:40:09,12.5,11.5594114413877,78.9903276217732,NOISE,2025-06-21T16:40:09,12.5,11.5594114413877,78.9903276217732,NOISE,2025-06-21T16:40:09,12.5,11.5594114413877,78.9903276217732,NOISE
2026-04-28T09:24:51.710396,Map-Energy__sum__linear-conv00503-20250621_194009-20250622_014009-10.000000-15.000000.png,2025-06-21T19:40:09,2025-06-22T01:40:09,10.0,15.0,2025-06-21T22:40:09,12.5,11.5594114413877,78.9903276217732,NOISE,2025-06-21T22:40:09,12.5,11.5594114413877,78.9903276217732,NOISE,2025-06-21T22:40:09,12.5,11.5594114413877,78.9903276217732,NOISE,2025-06-21T22:40:09,12.5,11.5594114413877,78.9903276217732,NOISE
2026-04-28T09:24:52.806430,Map-Energy__sum__linear-conv00513-20250622_014009-20250622_074009-10.000000-15.000000.png,2025-06-22T01:40:09,2025-06-22T07:40:09,10.0,15.0,2025-06-22T04:40:09,12.5,11.5594114413877,78.9903276217732,NOISE,2025-06-22T04:40:09,12.5,11.5594114413877,78.9903276217732,NOISE,2025-06-22T04:40:09,12.5,11.5594114413877,78.9903276217732,NOISE,2025-06-22T04:40:09,12.5,11.5594114413877,78.9903276217732,NOISE
2026-04-28T09:24:53.846603,Map-Energy__sum__linear-conv00523-20250622_074009-20250622_134009-10.000000-15.000000.png,2025-06-22T07:40:09,2025-06-22T13:40:09,10.0,15.0,2025-06-22T10:40:09,12.5,11.5594114413877,78.9903276217732,NOISE,2025-06-22T10:40:09,12.5,11.5594114413877,78.9903276217732,NOISE,2025-06-22T10:40:09,12.5,11.5594114413877,78.9903276217732,NOISE,2025-06-22T10:40:09,12.5,11.5594114413877,78.9903276217732,NOISE
2026-04-28T09:24:55.014269,Map-Energy__sum__linear-conv00533-20250622_134009-20250622_194009-10.000000-15.000000.png,2025-06-22T13:40:09,2025-06-22T19:40:09,10.0,15.0,2025-06-22T16:40:09,12.5,11.5594114413877,78.9903276217732,NOISE,2025-06-22T16:40:09,12.5,11.5594114413877,78.9903276217732,NOISE,2025-06-22T16:40:09,12.5,11.5594114413877,78.9903276217732,NOISE,2025-06-22T16:40:09,12.5,11.5594114413877,78.9903276217732,NOISE
2026-04-28T09:24:55.991083,Map-Energy__sum__linear-conv00543-20250622_194009-20250623_014009-10.000000-15.000000.png,2025-06-22T19:40:09,2025-06-23T01:40:09,10.0,15.0,2025-06-22T22:40:09,12.5,11.5594114413877,78.9903276217732,NOISE,2025-06-22T22:40:09,12.5,11.5594114413877,78.9903276217732,NOISE,2025-06-22T22:40:09,12.5,11.5594114413877,78.9903276217732,NOISE,2025-06-22T22:40:09,12.5,11.5594114413877,78.9903276217732,NOISE
2026-04-28T09:24:56.894159,Map-Energy__sum__linear-conv00553-20250623_014009-20250623_074009-10.000000-15.000000.png,2025-06-23T01:40:09,2025-06-23T07:40:09,10.0,15.0,2025-06-23T04:40:09,12.5,11.5594114413877,78.9903276217732,NOISE,2025-06-23T04:40:09,12.5,11.5594114413877,78.9903276217732,NOISE,2025-06-23T04:40:09,12.5,11.5594114413877,78.9903276217732,NOISE,2025-06-23T04:40:09,12.5,11.5594114413877,78.9903276217732,NOISE
2026-04-28T09:24:57.758868,Map-Energy__sum__linear-conv00563-20250623_074009-20250623_134009-10.000000-15.000000.png,2025-06-23T07:40:09,2025-06-23T13:40:09,10.0,15.0,2025-06-23T10:40:09,12.5,11.5594114413877,78.9903276217732,NOISE,2025-06-23T10:40:09,12.5,11.5594114413877,78.9903276217732,NOISE,2025-06-23T10:40:09,12.5,11.5594114413877,78.9903276217732,NOISE,2025-06-23T10:40:09,12.5,11.5594114413877,78.9903276217732,NOISE
2026-04-28T09:24:58.702022,Map-Energy__sum__linear-conv00573-20250623_134009-20250623_194009-10.000000-15.000000.png,2025-06-23T13:40:09,2025-06-23T19:40:09,10.0,15.0,2025-06-23T16:40:09,12.5,11.5594114413877,78.9903276217732,NOISE,2025-06-23T16:40:09,12.5,11.5594114413877,78.9903276217732,NOISE,2025-06-23T16:40:09,12.5,11.5594114413877,78.9903276217732,NOISE,2025-06-23T16:40:09,12.5,11.5594114413877,78.9903276217732,NOISE
2026-04-28T09:24:59.758226,Map-Energy__sum__linear-conv00583-20250623_134009-20250623_194009-10.000000-15.000000.png,2025-06-23T13:40:09,2025-06-23T19:40:09,10.0,15.0,2025-06-23T16:40:09,12.5,11.5594114413877,78.9903276217732,NOISE,2025-06-23T16:40:09,12.5,11.5594114413877,78.9903276217732,NOISE,2025-06-23T16:40:09,12.5,11.5594114413877,78.9903276217732,NOISE,2025-06-23T16:40:09,12.5,11.5594114413877,78.9903276217732,NOISE
2026-04-28T09:25:02.182093,Map-Energy__sum__linear-conv00593-20250623_194009-20250624_014009-10.000000-15.000000.png,2025-06-23T19:40:09,2025-06-24T01:40:09,10.0,15.0,2025-06-23T22:40:09,12.5,11.5594114413877,78.9903276217732,NOISE,2025-06-23T22:40:09,12.5,11.5594114413877,78.9903276217732,NOISE,2025-06-23T22:40:09,12.5,11.5594114413877,78.9903276217732,NOISE,2025-06-23T22:40:09,12.5,11.5594114413877,78.9903276217732,NOISE
2026-04-28T09:25:03.510762,Map-Energy__sum__linear-conv00603-20250624_014009-20250624_074009-10.000000-15.000000.png,2025-06-24T01:40:09,2025-06-24T07:40:09,10.0,15.0,2025-06-24T04:40:09,12.5,11.5594114413877,78.9903276217732,NOISE,2025-06-24T04:40:09,12.5,11.5594114413877,78.9903276217732,NOISE,2025-06-24T04:40:09,12.5,11.5594114413877,78.9903276217732,NOISE,2025-06-24T04:40:09,12.5,11.5594114413877,78.9903276217732,NOISE
2026-04-28T09:25:04.878284,Map-Energy__sum__linear-conv00613-20250624_074009-20250624_134009-10.000000-15.000000.png,2025-06-24T07:40:09,2025-06-24T13:40:09,10.0,15.0,2025-06-24T10:40:09,12.5,11.5594114413877,78.9903276217732,NOISE,2025-06-24T10:40:09,12.5,11.5594114413877,78.9903276217732,NOISE,2025-06-24T10:40:09,12.5,11.5594114413877,78.9903276217732,NOISE,2025-06-24T10:40:09,12.5,11.5594114413877,78.9903276217732,NOISE
2026-04-28T09:25:05.959484,Map-Energy__sum__linear-conv00004-20250609_134009-20250609_194009-15.000000-20.000000.png,2025-06-09T13:40:09,2025-06-09T19:40:09,15.0,20.0,2025-06-09T16:40:09,17.5,11.3555231115476,79.0115662370871,NOISE,2025-06-09T16:40:09,17.5,11.3555231115476,79.0115662370871,NOISE,2025-06-09T16:40:09,17.5,11.3555231115476,79.0115662370871,NOISE,2025-06-09T16:40:09,17.5,11.3555231115476,79.0115662370871,NOISE
2026-04-28T09:25:06.846134,Map-Energy__sum__linear-conv00014-20250609_194009-20250610_014009-15.000000-20.000000.png,2025-06-09T19:40:09,2025-06-10T01:40:09,15.0,20.0,2025-06-09T22:40:09,17.5,11.3555231115476,79.0115662370871,NOISE,2025-06-09T22:40:09,17.5,11.3555231115476,79.0115662370871,NOISE,2025-06-09T22:40:09,17.5,11.3555231115476,79.0115662370871,NOISE,2025-06-09T22:40:09,17.5,11.3555231115476,79.0115662370871,NOISE
2026-04-28T09:25:07.478319,Map-Energy__sum__linear-conv00024-20250610_014009-20250610_074009-15.000000-20.000000.png,2025-06-10T01:40:09,2025-06-10T07:40:09,15.0,20.0,2025-06-10T04:40:09,17.5,11.3555231115476,79.0115662370871,NOISE,2025-06-10T04:40:09,17.5,11.3555231115476,79.0115662370871,NOISE,2025-06-10T04:40:09,17.5,11.3555231115476,79.0115662370871,NOISE,2025-06-10T04:40:09,17.5,11.3555231115476,79.0115662370871,NOISE
2026-04-28T09:25:08.070654,Map-Energy__sum__linear-conv00034-20250610_074009-20250610_134009-15.000000-20.000000.png,2025-06-10T07:40:09,2025-06-10T13:40:09,15.0,20.0,2025-06-10T10:40:09,17.5,11.3555231115476,79.0115662370871,NOISE,2025-06-10T10:40:09,17.5,11.3555231115476,79.0115662370871,NOISE,2025-06-10T10:40:09,17.5,11.3555231115476,79.0115662370871,NOISE,2025-06-10T10:40:09,17.5,11.3555231115476,79.0115662370871,NOISE
2026-04-28T09:25:08.830345,Map-Energy__sum__linear-conv00044-20250610_134009-20250610_194009-15.000000-20.000000.png,2025-06-10T13:40:09,2025-06-10T19:40:09,15.0,20.0,2025-06-10T16:40:09,17.5,11.3555231115476,79.0115662370871,NOISE,2025-06-10T16:40:09,17.5,11.3555231115476,79.0115662370871,NOISE,2025-06-10T16:40:09,17.5,11.3555231115476,79.0115662370871,NOISE,2025-06-10T16:40:09,17.5,11.3555231115476,79.0115662370871,NOISE
2026-04-28T09:25:09.630306,Map-Energy__sum__linear-conv00054-20250610_194009-20250611_014009-15.000000-20.000000.png,2025-06-10T19:40:09,2025-06-11T01:40:09,15.0,20.0,2025-06-10T22:40:09,17.5,11.3555231115476,79.0115662370871,NOISE,2025-06-10T22:40:09,17.5,11.3555231115476,79.0115662370871,NOISE,2025-06-10T22:40:09,17.5,11.3555231115476,79.0115662370871,NOISE,2025-06-10T22:40:09,17.5,11.3555231115476,79.0115662370871,NOISE
2026-04-28T09:25:10.614159,Map-Energy__sum__linear-conv00064-20250611_014009-20250611_074009-15.000000-20.000000.png,2025-06-11T01:40:09,2025-06-11T07:40:09,15.0,20.0,2025-06-11T04:40:09,17.5,11.3555231115476,79.0115662370871,NOISE,2025-06-11T04:40:09,17.5,11.3555231115476,79.0115662370871,NOISE,2025-06-11T04:40:09,17.5,11.3555231115476,79.0115662370871,NOISE,2025-06-11T04:40:09,17.5,11.3555231115476,79.0115662370871,NOISE
2026-04-28T09:25:11.425054,Map-Energy__sum__linear-conv00074-20250611_074009-20250611_134009-15.000000-20.000000.png,2025-06-11T07:40:09,2025-06-11T13:40:09,15.0,20.0,2025-06-11T10:40:09,17.5,11.3555231115476,79.0115662370871,NOISE,2025-06-11T10:40:09,17.5,11.3555231115476,79.0115662370871,NOISE,2025-06-11T10:40:09,17.5,11.3555231115476,79.0115662370871,NOISE,2025-06-11T10:40:09,17.5,11.3555231115476,79.0115662370871,NOISE
2026-04-28T09:25:12.278156,Map-Energy__sum__linear-conv00084-20250611_134009-20250611_194009-15.000000-20.000000.png,2025-06-11T13:40:09,2025-06-11T19:40:09,15.0,20.0,2025-06-11T16:40:09,17.5,11.3555231115476,79.0115662370871,NOISE,2025-06-11T16:40:09,17.5,11.3555231115476,79.0115662370871,NOISE,2025-06-11T16:40:09,17.5,11.3555231115476,79.0115662370871,NOISE,2025-06-11T16:40:09,17.5,11.3555231115476,79.0115662370871,NOISE
2026-04-28T09:25:12.990324,Map-Energy__sum__linear-conv00094-20250611_194009-20250612_014009-15.000000-20.000000.png,2025-06-11T19:40:09,2025-06-12T01:40:09,15.0,20.0,2025-06-11T22:40:09,17.5,11.3555231115476,79.0115662370871,NOISE,2025-06-11T22:40:09,17.5,11.3555231115476,79.0115662370871,NOISE,2025-06-11T22:40:09,17.5,11.3555231115476,79.0115662370871,NOISE,2025-06-11T22:40:09,17.5,11.3555231115476,79.0115662370871,NOISE
2026-04-28T09:25:13.782435,Map-Energy__sum__linear-conv00104-20250612_014009-20250612_074009-15.000000-20.000000.png,2025-06-12T01:40:09,2025-06-12T07:40:09,15.0,20.0,2025-06-12T04:40:09,17.5,11.3555231115476,79.0115662370871,NOISE,2025-06-12T04:40:09,17.5,11.3555231115476,79.0115662370871,NOISE,2025-06-12T04:40:09,17.5,11.3555231115476,79.0115662370871,NOISE,2025-06-12T04:40:09,17.5,11.3555231115476,79.0115662370871,NOISE
2026-04-28T09:25:16.854417,Map-Energy__sum__linear-conv00114-20250612_074009-20250612_134009-15.000000-20.000000.png,2025-06-12T07:40:09,2025-06-12T13:40:09,15.0,20.0,2025-06-12T10:40:09,17.5,11.3555231115476,79.0115662370871,NOISE,2025-06-12T10:40:09,17.5,11.3555231115476,79.0115662370871,NOISE,2025-06-12T10:40:09,17.5,11.3555231115476,79.0115662370871,NOISE,2025-06-12T10:40:09,17.5,11.3555231115476,79.0115662370871,NOISE
2026-04-28T09:25:17.830185,Map-Energy__sum__linear-conv00124-20250612_134009-20250612_194009-15.000000-20.000000.png,2025-06-12T13:40:09,2025-06-12T19:40:09,15.0,20.0,2025-06-12T16:40:09,17.5,11.3555231115476,79.0115662370871,NOISE,2025-06-12T16:40:09,17.5,11.3555231115476,79.0115662370871,NOISE,2025-06-12T16:40:09,17.5,11.3555231115476,79.0115662370871,NOISE,2025-06-12T16:40:09,17.5,11.3555231115476,79.0115662370871,NOISE
2026-04-28T09:25:18.814192,Map-Energy__sum__linear-conv00134-20250612_194009-20250613_014009-15.000000-20.000000.png,2025-06-12T19:40:09,2025-06-13T01:40:09,15.0,20.0,2025-06-12T22:40:09,17.5,11.3555231115476,79.0115662370871,NOISE,2025-06-12T22:40:09,17.5,11.3555231115476,79.0115662370871,NOISE,2025-06-12T22:40:09,17.5,11.3555231115476,79.0115662370871,NOISE,2025-06-12T22:40:09,17.5,11.3555231115476,79.0115662370871,NOISE
2026-04-28T09:25:19.275431,Map-Energy__sum__linear-conv00144-20250613_014009-20250613_074009-15.000000-20.000000.png,2025-06-13T01:40:09,2025-06-13T07:40:09,15.0,20.0,2025-06-13T04:40:09,17.5,11.3555231115476,79.0115662370871,NOISE,2025-06-13T04:40:09,17.5,11.3555231115476,79.0115662370871,NOISE,2025-06-13T04:40:09,17.5,11.3555231115476,79.0115662370871,NOISE,2025-06-13T04:40:09,17.5,11.3555231115476,79.0115662370871,NOISE
2026-04-28T09:25:19.823272,Map-Energy__sum__linear-conv00154-20250613_074009-20250613_134009-15.000000-20.000000.png,2025-06-13T07:40:09,2025-06-13T13:40:09,15.0,20.0,2025-06-13T10:40:09,17.5,11.3555231115476,79.0115662370871,NOISE,2025-06-13T10:40:09,17.5,11.3555231115476,79.0115662370871,NOISE,2025-06-13T10:40:09,17.5,11.3555231115476,79.0115662370871,NOISE,2025-06-13T10:40:09,17.5,11.3555231115476,79.0115662370871,NOISE
2026-04-28T09:25:21.238306,Map-Energy__sum__linear-conv00164-20250613_134009-20250613_194009-15.000000-20.000000.png,2025-06-13T13:40:09,2025-06-13T19:40:09,15.0,20.0,2025-06-13T16:40:09,17.5,11.3555231115476,79.0115662370871,NOISE,2025-06-13T16:40:09,17.5,11.3555231115476,79.0115662370871,NOISE,2025-06-13T16:40:09,17.5,11.3555231115476,79.0115662370871,NOISE,2025-06-13T16:40:09,17.5,11.3555231115476,79.0115662370871,NOISE
2026-04-28T09:25:22.390245,Map-Energy__sum__linear-conv00174-20250613_194009-20250614_014009-15.000000-20.000000.png,2025-06-13T19:40:09,2025-06-14T01:40:09,15.0,20.0,2025-06-13T22:40:09,17.5,11.3555231115476,79.0115662370871,NOISE,2025-06-13T22:40:09,17.5,11.3555231115476,79.0115662370871,NOISE,2025-06-13T22:40:09,17.5,11.3555231115476,79.0115662370871,NOISE,2025-06-13T22:40:09,17.5,11.3555231115476,79.0115662370871,NOISE
2026-04-28T09:25:23.478203,Map-Energy__sum__linear-conv00184-20250614_014009-20250614_074009-15.000000-20.000000.png,2025-06-14T01:40:09,2025-06-14T07:40:09,15.0,20.0,2025-06-14T04:40:09,17.5,11.3555231115476,79.0115662370871,NOISE,2025-06-14T04:40:09,17.5,11.3555231115476,79.0115662370871,NOISE,2025-06-14T04:40:09,17.5,11.3555231115476,79.0115662370871,NOISE,2025-06-14T04:40:09,17.5,11.3555231115476,79.0115662370871,NOISE
2026-04-28T09:25:24.462311,Map-Energy__sum__linear-conv00194-20250614_074009-20250614_134009-15.000000-20.000000.png,2025-06-14T07:40:09,2025-06-14T13:40:09,15.0,20.0,2025-06-14T10:40:09,17.5,11.3555231115476,79.0115662370871,NOISE,2025-06-14T10:40:09,17.5,11.3555231115476,79.0115662370871,NOISE,2025-06-14T10:40:09,17.5,11.3555231115476,79.0115662370871,NOISE,2025-06-14T10:40:09,17.5,11.3555231115476,79.0115662370871,NOISE
2026-04-28T09:25:25.710122,Map-Energy__sum__linear-conv00204-20250614_134009-20250614_194009-15.000000-20.000000.png,2025-06-14T13:40:09,2025-06-14T19:40:09,15.0,20.0,2025-06-14T16:40:09,17.5,11.3555231115476,79.0115662370871,NOISE,2025-06-14T16:40:09,17.5,11.3555231115476,79.0115662370871,NOISE,2025-06-14T16:40:09,17.5,11.3555231115476,79.0115662370871,NOISE,2025-06-14T16:40:09,17.5,11.3555231115476,79.0115662370871,NOISE
2026-04-28T09:25:26.703174,Map-Energy__sum__linear-conv00214-20250614_194009-20250615_014009-15.000000-20.000000.png,2025-06-14T19:40:09,2025-06-15T01:40:09,15.0,20.0,2025-06-14T22:40:09,17.5,11.3555231115476,79.0115662370871,NOISE,2025-06-14T22:40:09,17.5,11.3555231115476,79.0115662370871,NOISE,2025-06-14T22:40:09,17.5,11.3555231115476,79.0115662370871,NOISE,2025-06-14T22:40:09,17.5,11.3555231115476,79.0115662370871,NOISE
2026-04-28T09:25:27.686243,Map-Energy__sum__linear-conv00224-20250615_014009-20250615_074009-15.000000-20.000000.png,2025-06-15T01:40:09,2025-06-15T07:40:09,15.0,20.0,2025-06-15T04:40:09,17.5,11.3555231115476,79.0115662370871,NOISE,2025-06-15T04:40:09,17.5,11.3555231115476,79.0115662370871,NOISE,2025-06-15T04:40:09,17.5,11.3555231115476,79.0115662370871,NOISE,2025-06-15T04:40:09,17.5,11.3555231115476,79.0115662370871,NOISE
2026-04-28T09:25:28.758197,Map-Energy__sum__linear-conv00234-20250615_074009-20250615_134009-15.000000-20.000000.png,2025-06-15T07:40:09,2025-06-15T13:40:09,15.0,20.0,2025-06-15T10:40:09,17.5,11.3555231115476,79.0115662370871,NOISE,2025-06-15T10:40:09,17.5,11.3555231115476,79.0115662370871,NOISE,2025-06-15T10:40:09,17.5,11.3555231115476,79.0115662370871,NOISE,2025-06-15T10:40:09,17.5,11.3555231115476,79.0115662370871,NOISE
2026-04-28T09:25:29.742540,Map-Energy__sum__linear-conv00244-20250615_134009-20250615_194009-15.000000-20.000000.png,2025-06-15T13:40:09,2025-06-15T19:40:09,15.0,20.0,2025-06-15T16:40:09,17.5,11.3555231115476,79.0115662370871,NOISE,2025-06-15T16:40:09,17.5,11.3555231115476,79.0115662370871,NOISE,2025-06-15T16:40:09,17.5,11.3555231115476,79.0115662370871,NOISE,2025-06-15T16:40:09,17.5,11.3555231115476,79.0115662370871,NOISE
2026-04-28T09:25:30.830427,Map-Energy__sum__linear-conv00254-20250615_194009-20250616_014009-15.000000-20.000000.png,2025-06-15T19:40:09,2025-06-16T01:40:09,15.0,20.0,2025-06-15T22:40:09,17.5,11.3555231115476,79.0115662370871,NOISE,2025-06-15T22:40:09,17.5,11.3555231115476,79.0115662370871,NOISE,2025-06-15T22:40:09,17.5,11.3555231115476,79.0115662370871,NOISE,2025-06-15T22:40:09,17.5,11.3555231115476,79.0115662370871,NOISE
2026-04-28T09:25:31.774336,Map-Energy__sum__linear-conv00264-20250616_014009-20250616_074009-15.000000-20.000000.png,2025-06-16T01:40:09,2025-06-16T07:40:09,15.0,20.0,2025-06-16T04:40:09,17.5,11.3555231115476,79.0115662370871,NOISE,2025-06-16T04:40:09,17.5,11.3555231115476,79.0115662370871,NOISE,2025-06-16T04:40:09,17.5,11.3555231115476,79.0115662370871,NOISE,2025-06-16T04:40:09,17.5,11.3555231115476,79.0115662370871,NOISE
2026-04-28T09:25:32.670192,Map-Energy__sum__linear-conv00274-20250616_074009-20250616_134009-15.000000-20.000000.png,2025-06-16T07:40:09,2025-06-16T13:40:09,15.0,20.0,2025-06-16T10:40:09,17.5,11.3555231115476,79.0115662370871,NOISE,2025-06-16T10:40:09,17.5,11.3555231115476,79.0115662370871,NOISE,2025-06-16T10:40:09,17.5,11.3555231115476,79.0115662370871,NOISE,2025-06-16T10:40:09,17.5,11.3555231115476,79.0115662370871,NOISE
2026-04-28T09:25:33.582151,Map-Energy__sum__linear-conv00284-20250616_134009-20250616_194009-15.000000-20.000000.png,2025-06-16T13:40:09,2025-06-16T19:40:09,15.0,20.0,2025-06-16T16:40:09,17.5,11.3555231115476,79.0115662370871,NOISE,2025-06-16T16:40:09,17.5,11.3555231115476,79.0115662370871,NOISE,2025-06-16T16:40:09,17.5,11.3555231115476,79.0115662370871,NOISE,2025-06-16T16:40:09,17.5,11.3555231115476,79.0115662370871,NOISE
2026-04-28T09:25:41.230153,Map-Energy__sum__linear-conv00294-20250616_134009-20250616_194009-15.000000-20.000000.png,2025-06-16T13:40:09,2025-06-16T19:40:09,15.0,20.0,2025-06-16T15:02:54,16.854096,11.3826147957333,79.0089252147458,OTHER,2025-06-16T16:40:09,17.5,11.3555231115476,79.0115662370871,NOISE,2025-06-16T16:40:09,17.5,11.3555231115476,79.0115662370871,NOISE,2025-06-16T16:40:09,17.5,11.3555231115476,79.0115662370871,NOISE
2026-04-28T09:25:42.902373,Map-Energy__sum__linear-conv00304-20250616_194009-20250617_014009-15.000000-20.000000.png,2025-06-16T19:40:09,2025-06-17T01:40:09,15.0,20.0,2025-06-16T22:40:09,17.5,11.3555231115476,79.0115662370871,NOISE,2025-06-16T22:40:09,17.5,11.3555231115476,79.0115662370871,NOISE,2025-06-16T22:40:09,17.5,11.3555231115476,79.0115662370871,NOISE,2025-06-16T22:40:09,17.5,11.3555231115476,79.0115662370871,NOISE
2026-04-28T09:25:44.614298,Map-Energy__sum__linear-conv00314-20250617_014009-20250617_074009-15.000000-20.000000.png,2025-06-17T01:40:09,2025-06-17T07:40:09,15.0,20.0,2025-06-17T04:40:09,17.5,11.3555231115476,79.0115662370871,NOISE,2025-06-17T04:40:09,17.5,11.3555231115476,79.0115662370871,NOISE,2025-06-17T04:40:09,17.5,11.3555231115476,79.0115662370871,NOISE,2025-06-17T04:40:09,17.5,11.3555231115476,79.0115662370871,NOISE
2026-04-28T09:25:46.190252,Map-Energy__sum__linear-conv00324-20250617_074009-20250617_134009-15.000000-20.000000.png,2025-06-17T07:40:09,2025-06-17T13:40:09,15.0,20.0,2025-06-17T10:40:09,17.5,11.3555231115476,79.0115662370871,NOISE,2025-06-17T10:40:09,17.5,11.3555231115476,79.0115662370871,NOISE,2025-06-17T10:40:09,17.5,11.3555231115476,79.0115662370871,NOISE,2025-06-17T10:40:09,17.5,11.3555231115476,79.0115662370871,NOISE
2026-04-28T09:25:47.582542,Map-Energy__sum__linear-conv00334-20250617_134009-20250617_194009-15.000000-20.000000.png,2025-06-17T13:40:09,2025-06-17T19:40:09,15.0,20.0,2025-06-17T16:40:09,17.5,11.3555231115476,79.0115662370871,NOISE,2025-06-17T16:40:09,17.5,11.3555231115476,79.0115662370871,NOISE,2025-06-17T16:40:09,17.5,11.3555231115476,79.0115662370871,NOISE,2025-06-17T16:40:09,17.5,11.3555231115476,79.0115662370871,NOISE
2026-04-28T09:25:48.454432,Map-Energy__sum__linear-conv00344-20250617_194009-20250618_014009-15.000000-20.000000.png,2025-06-17T19:40:09,2025-06-18T01:40:09,15.0,20.0,2025-06-17T22:40:09,17.5,11.3555231115476,79.0115662370871,NOISE,2025-06-17T22:40:09,17.5,11.3555231115476,79.0115662370871,NOISE,2025-06-17T22:40:09,17.5,11.3555231115476,79.0115662370871,NOISE,2025-06-17T22:40:09,17.5,11.3555231115476,79.0115662370871,NOISE
2026-04-28T09:25:49.334274,Map-Energy__sum__linear-conv00354-20250618_014009-20250618_074009-15.000000-20.000000.png,2025-06-18T01:40:09,2025-06-18T07:40:09,15.0,20.0,2025-06-18T04:40:09,17.5,11.3555231115476,79.0115662370871,NOISE,2025-06-18T04:40:09,17.5,11.3555231115476,79.0115662370871,NOISE,2025-06-18T04:40:09,17.5,11.3555231115476,79.0115662370871,NOISE,2025-06-18T04:40:09,17.5,11.3555231115476,79.0115662370871,NOISE
2026-04-28T09:25:50.366583,Map-Energy__sum__linear-conv00364-20250618_074009-20250618_134009-15.000000-20.000000.png,2025-06-18T07:40:09,2025-06-18T13:40:09,15.0,20.0,2025-06-18T10:40:09,17.5,11.3555231115476,79.0115662370871,NOISE,2025-06-18T10:40:09,17.5,11.3555231115476,79.0115662370871,NOISE,2025-06-18T10:40:09,17.5,11.3555231115476,79.0115662370871,NOISE,2025-06-18T10:40:09,17.5,11.3555231115476,79.0115662370871,NOISE
2026-04-28T09:25:51.278507,Map-Energy__sum__linear-conv00374-20250618_134009-20250618_194009-15.000000-20.000000.png,2025-06-18T13:40:09,2025-06-18T19:40:09,15.0,20.0,2025-06-18T16:40:09,17.5,11.3555231115476,79.0115662370871,NOISE,2025-06-18T16:40:09,17.5,11.3555231115476,79.0115662370871,NOISE,2025-06-18T16:40:09,17.5,11.3555231115476,79.0115662370871,NOISE,2025-06-18T16:40:09,17.5,11.3555231115476,79.0115662370871,NOISE
2026-04-28T09:25:52.158012,Map-Energy__sum__linear-conv00384-20250618_194009-20250619_014009-15.000000-20.000000.png,2025-06-18T19:40:09,2025-06-19T01:40:09,15.0,20.0,2025-06-18T22:40:09,17.5,11.3555231115476,79.0115662370871,NOISE,2025-06-18T22:40:09,17.5,11.3555231115476,79.0115662370871,NOISE,2025-06-18T22:40:09,17.5,11.3555231115476,79.0115662370871,NOISE,2025-06-18T22:40:09,17.5,11.3555231115476,79.0115662370871,NOISE
2026-04-28T09:25:52.998169,Map-Energy__sum__linear-conv00394-20250619_014009-20250619_074009-15.000000-20.000000.png,2025-06-19T01:40:09,2025-06-19T07:40:09,15.0,20.0,2025-06-19T04:40:09,17.5,11.3555231115476,79.0115662370871,NOISE,2025-06-19T04:40:09,17.5,11.3555231115476,79.0115662370871,NOISE,2025-06-19T04:40:09,17.5,11.3555231115476,79.0115662370871,NOISE,2025-06-19T04:40:09,17.5,11.3555231115476,79.0115662370871,NOISE
2026-04-28T09:25:54.038570,Map-Energy__sum__linear-conv00404-20250619_074009-20250619_134009-15.000000-20.000000.png,2025-06-19T07:40:09,2025-06-19T13:40:09,15.0,20.0,2025-06-19T10:40:09,17.5,11.3555231115476,79.0115662370871,NOISE,2025-06-19T10:40:09,17.5,11.3555231115476,79.0115662370871,NOISE,2025-06-19T10:40:09,17.5,11.3555231115476,79.0115662370871,NOISE,2025-06-19T10:40:09,17.5,11.3555231115476,79.0115662370871,NOISE
2026-04-28T09:25:54.935347,Map-Energy__sum__linear-conv00414-20250619_134009-20250619_194009-15.000000-20.000000.png,2025-06-19T13:40:09,2025-06-19T19:40:09,15.0,20.0,2025-06-19T16:40:09,17.5,11.3555231115476,79.0115662370871,NOISE,2025-06-19T16:40:09,17.5,11.3555231115476,79.0115662370871,NOISE,2025-06-19T16:40:09,17.5,11.3555231115476,79.0115662370871,NOISE,2025-06-19T16:40:09,17.5,11.3555231115476,79.0115662370871,NOISE
2026-04-28T09:25:55.678104,Map-Energy__sum__linear-conv00424-20250619_194009-20250620_014009-15.000000-20.000000.png,2025-06-19T19:40:09,2025-06-20T01:40:09,15.0,20.0,2025-06-19T22:40:09,17.5,11.3555231115476,79.0115662370871,NOISE,2025-06-19T22:40:09,17.5,11.3555231115476,79.0115662370871,NOISE,2025-06-19T22:40:09,17.5,11.3555231115476,79.0115662370871,NOISE,2025-06-19T22:40:09,17.5,11.3555231115476,79.0115662370871,NOISE
2026-04-28T09:25:56.706600,Map-Energy__sum__linear-conv00434-20250620_014009-20250620_074009-15.000000-20.000000.png,2025-06-20T01:40:09,2025-06-20T07:40:09,15.0,20.0,2025-06-20T04:40:09,17.5,11.3555231115476,79.0115662370871,NOISE,2025-06-20T04:40:09,17.5,11.3555231115476,79.0115662370871,NOISE,2025-06-20T04:40:09,17.5,11.3555231115476,79.0115662370871,NOISE,2025-06-20T04:40:09,17.5,11.3555231115476,79.0115662370871,NOISE
2026-04-28T09:25:57.950155,Map-Energy__sum__linear-conv00444-20250620_074009-20250620_134009-15.000000-20.000000.png,2025-06-20T07:40:09,2025-06-20T13:40:09,15.0,20.0,2025-06-20T10:40:09,17.5,11.3555231115476,79.0115662370871,NOISE,2025-06-20T10:40:09,17.5,11.3555231115476,79.0115662370871,NOISE,2025-06-20T10:40:09,17.5,11.3555231115476,79.0115662370871,NOISE,2025-06-20T10:40:09,17.5,11.3555231115476,79.0115662370871,NOISE
2026-04-28T09:25:58.838915,Map-Energy__sum__linear-conv00454-20250620_134009-20250620_194009-15.000000-20.000000.png,2025-06-20T13:40:09,2025-06-20T19:40:09,15.0,20.0,2025-06-20T16:40:09,17.5,11.3555231115476,79.0115662370871,NOISE,2025-06-20T16:40:09,17.5,11.3555231115476,79.0115662370871,NOISE,2025-06-20T16:40:09,17.5,11.3555231115476,79.0115662370871,NOISE,2025-06-20T16:40:09,17.5,11.3555231115476,79.0115662370871,NOISE
2026-04-28T09:25:59.734142,Map-Energy__sum__linear-conv00464-20250620_194009-20250621_014009-15.000000-20.000000.png,2025-06-20T19:40:09,2025-06-21T01:40:09,15.0,20.0,2025-06-20T22:40:09,17.5,11.3555231115476,79.0115662370871,NOISE,2025-06-20T22:40:09,17.5,11.3555231115476,79.0115662370871,NOISE,2025-06-20T22:40:09,17.5,11.3555231115476,79.0115662370871,NOISE,2025-06-20T22:40:09,17.5,11.3555231115476,79.0115662370871,NOISE
2026-04-28T09:26:00.574098,Map-Energy__sum__linear-conv00474-20250621_014009-20250621_074009-15.000000-20.000000.png,2025-06-21T01:40:09,2025-06-21T07:40:09,15.0,20.0,2025-06-21T04:40:09,17.5,11.3555231115476,79.0115662370871,NOISE,2025-06-21T04:40:09,17.5,11.3555231115476,79.0115662370871,NOISE,2025-06-21T04:40:09,17.5,11.3555231115476,79.0115662370871,NOISE,2025-06-21T04:40:09,17.5,11.3555231115476,79.0115662370871,NOISE
2026-04-28T09:26:01.382410,Map-Energy__sum__linear-conv00484-20250621_074009-20250621_134009-15.000000-20.000000.png,2025-06-21T07:40:09,2025-06-21T13:40:09,15.0,20.0,2025-06-21T10:40:09,17.5,11.3555231115476,79.0115662370871,NOISE,2025-06-21T10:40:09,17.5,11.3555231115476,79.0115662370871,NOISE,2025-06-21T10:40:09,17.5,11.3555231115476,79.0115662370871,NOISE,2025-06-21T10:40:09,17.5,11.3555231115476,79.0115662370871,NOISE
2026-04-28T09:26:02.165922,Map-Energy__sum__linear-conv00494-20250621_134009-20250621_194009-15.000000-20.000000.png,2025-06-21T13:40:09,2025-06-21T19:40:09,15.0,20.0,2025-06-21T16:40:09,17.5,11.3555231115476,79.0115662370871,NOISE,2025-06-21T16:40:09,17.5,11.3555231115476,79.0115662370871,NOISE,2025-06-21T16:40:09,17.5,11.3555231115476,79.0115662370871,NOISE,2025-06-21T16:40:09,17.5,11.3555231115476,79.0115662370871,NOISE
2026-04-28T09:26:02.813912,Map-Energy__sum__linear-conv00504-20250621_194009-20250622_014009-15.000000-20.000000.png,2025-06-21T19:40:09,2025-06-22T01:40:09,15.0,20.0,2025-06-21T22:40:09,17.5,11.3555231115476,79.0115662370871,NOISE,2025-06-21T22:40:09,17.5,11.3555231115476,79.0115662370871,NOISE,2025-06-21T22:40:09,17.5,11.3555231115476,79.0115662370871,NOISE,2025-06-21T22:40:09,17.5,11.3555231115476,79.0115662370871,NOISE
2026-04-28T09:26:03.285005,Map-Energy__sum__linear-conv00514-20250622_014009-20250622_074009-15.000000-20.000000.png,2025-06-22T01:40:09,2025-06-22T07:40:09,15.0,20.0,2025-06-22T04:40:09,17.5,11.3555231115476,79.0115662370871,NOISE,2025-06-22T04:40:09,17.5,11.3555231115476,79.0115662370871,NOISE,2025-06-22T04:40:09,17.5,11.3555231115476,79.0115662370871,NOISE,2025-06-22T04:40:09,17.5,11.3555231115476,79.0115662370871,NOISE
2026-04-28T09:26:04.606127,Map-Energy__sum__linear-conv00524-20250622_074009-20250622_134009-15.000000-20.000000.png,2025-06-22T07:40:09,2025-06-22T13:40:09,15.0,20.0,2025-06-22T10:40:09,17.5,11.3555231115476,79.0115662370871,NOISE,2025-06-22T10:40:09,17.5,11.3555231115476,79.0115662370871,NOISE,2025-06-22T10:40:09,17.5,11.3555231115476,79.0115662370871,NOISE,2025-06-22T10:40:09,17.5,11.3555231115476,79.0115662370871,NOISE
2026-04-28T09:26:05.526195,Map-Energy__sum__linear-conv00534-20250622_134009-20250622_194009-15.000000-20.000000.png,2025-06-22T13:40:09,2025-06-22T19:40:09,15.0,20.0,2025-06-22T16:40:09,17.5,11.3555231115476,79.0115662370871,NOISE,2025-06-22T16:40:09,17.5,11.3555231115476,79.0115662370871,NOISE,2025-06-22T16:40:09,17.5,11.3555231115476,79.0115662370871,NOISE,2025-06-22T16:40:09,17.5,11.3555231115476,79.0115662370871,NOISE
2026-04-28T09:26:12.118144,Map-Energy__sum__linear-conv00544-20250622_194009-20250623_014009-15.000000-20.000000.png,2025-06-22T19:40:09,2025-06-23T01:40:09,15.0,20.0,2025-06-22T22:40:09,17.5,11.3555231115476,79.0115662370871,NOISE,2025-06-22T22:40:09,17.5,11.3555231115476,79.0115662370871,NOISE,2025-06-22T22:40:09,17.5,11.3555231115476,79.0115662370871,NOISE,2025-06-22T22:40:09,17.5,11.3555231115476,79.0115662370871,NOISE
2026-04-28T09:26:14.030303,Map-Energy__sum__linear-conv00554-20250623_014009-20250623_074009-15.000000-20.000000.png,2025-06-23T01:40:09,2025-06-23T07:40:09,15.0,20.0,2025-06-23T04:40:09,17.5,11.3555231115476,79.0115662370871,NOISE,2025-06-23T04:40:09,17.5,11.3555231115476,79.0115662370871,NOISE,2025-06-23T04:40:09,17.5,11.3555231115476,79.0115662370871,NOISE,2025-06-23T04:40:09,17.5,11.3555231115476,79.0115662370871,NOISE
2026-04-28T09:26:15.302401,Map-Energy__sum__linear-conv00564-20250623_074009-20250623_134009-15.000000-20.000000.png,2025-06-23T07:40:09,2025-06-23T13:40:09,15.0,20.0,2025-06-23T10:40:09,17.5,11.3555231115476,79.0115662370871,NOISE,2025-06-23T10:40:09,17.5,11.3555231115476,79.0115662370871,NOISE,2025-06-23T10:40:09,17.5,11.3555231115476,79.0115662370871,NOISE,2025-06-23T10:40:09,17.5,11.3555231115476,79.0115662370871,NOISE
2026-04-28T09:26:16.422265,Map-Energy__sum__linear-conv00574-20250623_134009-20250623_194009-15.000000-20.000000.png,2025-06-23T13:40:09,2025-06-23T19:40:09,15.0,20.0,2025-06-23T16:40:09,17.5,11.3555231115476,79.0115662370871,NOISE,2025-06-23T16:40:09,17.5,11.3555231115476,79.0115662370871,NOISE,2025-06-23T16:40:09,17.5,11.3555231115476,79.0115662370871,NOISE,2025-06-23T16:40:09,17.5,11.3555231115476,79.0115662370871,NOISE
2026-04-28T09:26:17.830214,Map-Energy__sum__linear-conv00584-20250623_134009-20250623_194009-15.000000-20.000000.png,2025-06-23T13:40:09,2025-06-23T19:40:09,15.0,20.0,2025-06-23T16:40:09,17.5,11.3555231115476,79.0115662370871,NOISE,2025-06-23T16:40:09,17.5,11.3555231115476,79.0115662370871,NOISE,2025-06-23T16:40:09,17.5,11.3555231115476,79.0115662370871,NOISE,2025-06-23T16:40:09,17.5,11.3555231115476,79.0115662370871,NOISE
2026-04-28T09:26:19.246220,Map-Energy__sum__linear-conv00594-20250623_194009-20250624_014009-15.000000-20.000000.png,2025-06-23T19:40:09,2025-06-24T01:40:09,15.0,20.0,2025-06-23T22:40:09,17.5,11.3555231115476,79.0115662370871,NOISE,2025-06-23T22:40:09,17.5,11.3555231115476,79.0115662370871,NOISE,2025-06-23T22:40:09,17.5,11.3555231115476,79.0115662370871,NOISE,2025-06-23T22:40:09,17.5,11.3555231115476,79.0115662370871,NOISE
2026-04-28T09:26:21.182348,Map-Energy__sum__linear-conv00604-20250624_014009-20250624_074009-15.000000-20.000000.png,2025-06-24T01:40:09,2025-06-24T07:40:09,15.0,20.0,2025-06-24T04:40:09,17.5,11.3555231115476,79.0115662370871,NOISE,2025-06-24T04:40:09,17.5,11.3555231115476,79.0115662370871,NOISE,2025-06-24T04:40:09,17.5,11.3555231115476,79.0115662370871,NOISE,2025-06-24T04:40:09,17.5,11.3555231115476,79.0115662370871,NOISE
2026-04-28T09:26:29.654208,Map-Energy__sum__linear-conv00614-20250624_074009-20250624_134009-15.000000-20.000000.png,2025-06-24T07:40:09,2025-06-24T13:40:09,15.0,20.0,2025-06-24T12:24:04,16.939697,11.3789146008505,79.0093141843579,OTHER,2025-06-24T10:40:09,17.5,11.3555231115476,79.0115662370871,NOISE,2025-06-24T10:40:09,17.5,11.3555231115476,79.0115662370871,NOISE,2025-06-24T10:40:09,17.5,11.3555231115476,79.0115662370871,NOISE
2026-04-28T09:26:30.862182,Map-Energy__sum__linear-conv00005-20250609_134009-20250609_194009-20.000000-25.000000.png,2025-06-09T13:40:09,2025-06-09T19:40:09,20.0,25.0,2025-06-09T16:40:09,22.5,11.1238434802504,79.0183136392333,NOISE,2025-06-09T16:40:09,22.5,11.1238434802504,79.0183136392333,NOISE,2025-06-09T16:40:09,22.5,11.1238434802504,79.0183136392333,NOISE,2025-06-09T16:40:09,22.5,11.1238434802504,79.0183136392333,NOISE
2026-04-28T09:26:31.790146,Map-Energy__sum__linear-conv00015-20250609_194009-20250610_014009-20.000000-25.000000.png,2025-06-09T19:40:09,2025-06-10T01:40:09,20.0,25.0,2025-06-09T22:40:09,22.5,11.1238434802504,79.0183136392333,NOISE,2025-06-09T22:40:09,22.5,11.1238434802504,79.0183136392333,NOISE,2025-06-09T22:40:09,22.5,11.1238434802504,79.0183136392333,NOISE,2025-06-09T22:40:09,22.5,11.1238434802504,79.0183136392333,NOISE
2026-04-28T09:26:32.726201,Map-Energy__sum__linear-conv00025-20250610_014009-20250610_074009-20.000000-25.000000.png,2025-06-10T01:40:09,2025-06-10T07:40:09,20.0,25.0,2025-06-10T04:40:09,22.5,11.1238434802504,79.0183136392333,NOISE,2025-06-10T04:40:09,22.5,11.1238434802504,79.0183136392333,NOISE,2025-06-10T04:40:09,22.5,11.1238434802504,79.0183136392333,NOISE,2025-06-10T04:40:09,22.5,11.1238434802504,79.0183136392333,NOISE
2026-04-28T09:26:34.086540,Map-Energy__sum__linear-conv00035-20250610_074009-20250610_134009-20.000000-25.000000.png,2025-06-10T07:40:09,2025-06-10T13:40:09,20.0,25.0,2025-06-10T10:40:09,22.5,11.1238434802504,79.0183136392333,NOISE,2025-06-10T10:40:09,22.5,11.1238434802504,79.0183136392333,NOISE,2025-06-10T10:40:09,22.5,11.1238434802504,79.0183136392333,NOISE,2025-06-10T10:40:09,22.5,11.1238434802504,79.0183136392333,NOISE
2026-04-28T09:26:34.894224,Map-Energy__sum__linear-conv00045-20250610_134009-20250610_194009-20.000000-25.000000.png,2025-06-10T13:40:09,2025-06-10T19:40:09,20.0,25.0,2025-06-10T16:40:09,22.5,11.1238434802504,79.0183136392333,NOISE,2025-06-10T16:40:09,22.5,11.1238434802504,79.0183136392333,NOISE,2025-06-10T16:40:09,22.5,11.1238434802504,79.0183136392333,NOISE,2025-06-10T16:40:09,22.5,11.1238434802504,79.0183136392333,NOISE
2026-04-28T09:26:35.598531,Map-Energy__sum__linear-conv00055-20250610_194009-20250611_014009-20.000000-25.000000.png,2025-06-10T19:40:09,2025-06-11T01:40:09,20.0,25.0,2025-06-10T22:40:09,22.5,11.1238434802504,79.0183136392333,NOISE,2025-06-10T22:40:09,22.5,11.1238434802504,79.0183136392333,NOISE,2025-06-10T22:40:09,22.5,11.1238434802504,79.0183136392333,NOISE,2025-06-10T22:40:09,22.5,11.1238434802504,79.0183136392333,NOISE
2026-04-28T09:26:36.302395,Map-Energy__sum__linear-conv00065-20250611_014009-20250611_074009-20.000000-25.000000.png,2025-06-11T01:40:09,2025-06-11T07:40:09,20.0,25.0,2025-06-11T04:40:09,22.5,11.1238434802504,79.0183136392333,NOISE,2025-06-11T04:40:09,22.5,11.1238434802504,79.0183136392333,NOISE,2025-06-11T04:40:09,22.5,11.1238434802504,79.0183136392333,NOISE,2025-06-11T04:40:09,22.5,11.1238434802504,79.0183136392333,NOISE
2026-04-28T09:26:37.022320,Map-Energy__sum__linear-conv00075-20250611_074009-20250611_134009-20.000000-25.000000.png,2025-06-11T07:40:09,2025-06-11T13:40:09,20.0,25.0,2025-06-11T10:40:09,22.5,11.1238434802504,79.0183136392333,NOISE,2025-06-11T10:40:09,22.5,11.1238434802504,79.0183136392333,NOISE,2025-06-11T10:40:09,22.5,11.1238434802504,79.0183136392333,NOISE,2025-06-11T10:40:09,22.5,11.1238434802504,79.0183136392333,NOISE
2026-04-28T09:26:37.590136,Map-Energy__sum__linear-conv00085-20250611_134009-20250611_194009-20.000000-25.000000.png,2025-06-11T13:40:09,2025-06-11T19:40:09,20.0,25.0,2025-06-11T16:40:09,22.5,11.1238434802504,79.0183136392333,NOISE,2025-06-11T16:40:09,22.5,11.1238434802504,79.0183136392333,NOISE,2025-06-11T16:40:09,22.5,11.1238434802504,79.0183136392333,NOISE,2025-06-11T16:40:09,22.5,11.1238434802504,79.0183136392333,NOISE
2026-04-28T09:26:38.262294,Map-Energy__sum__linear-conv00095-20250611_194009-20250612_014009-20.000000-25.000000.png,2025-06-11T19:40:09,2025-06-12T01:40:09,20.0,25.0,2025-06-11T22:40:09,22.5,11.1238434802504,79.0183136392333,NOISE,2025-06-11T22:40:09,22.5,11.1238434802504,79.0183136392333,NOISE,2025-06-11T22:40:09,22.5,11.1238434802504,79.0183136392333,NOISE,2025-06-11T22:40:09,22.5,11.1238434802504,79.0183136392333,NOISE
2026-04-28T09:26:38.982253,Map-Energy__sum__linear-conv00105-20250612_014009-20250612_074009-20.000000-25.000000.png,2025-06-12T01:40:09,2025-06-12T07:40:09,20.0,25.0,2025-06-12T04:40:09,22.5,11.1238434802504,79.0183136392333,NOISE,2025-06-12T04:40:09,22.5,11.1238434802504,79.0183136392333,NOISE,2025-06-12T04:40:09,22.5,11.1238434802504,79.0183136392333,NOISE,2025-06-12T04:40:09,22.5,11.1238434802504,79.0183136392333,NOISE
2026-04-28T09:26:41.086311,Map-Energy__sum__linear-conv00115-20250612_074009-20250612_134009-20.000000-25.000000.png,2025-06-12T07:40:09,2025-06-12T13:40:09,20.0,25.0,2025-06-12T10:40:09,22.5,11.1238434802504,79.0183136392333,NOISE,2025-06-12T10:40:09,22.5,11.1238434802504,79.0183136392333,NOISE,2025-06-12T10:40:09,22.5,11.1238434802504,79.0183136392333,NOISE,2025-06-12T10:40:09,22.5,11.1238434802504,79.0183136392333,NOISE
2026-04-28T09:26:42.286198,Map-Energy__sum__linear-conv00125-20250612_134009-20250612_194009-20.000000-25.000000.png,2025-06-12T13:40:09,2025-06-12T19:40:09,20.0,25.0,2025-06-12T16:40:09,22.5,11.1238434802504,79.0183136392333,NOISE,2025-06-12T16:40:09,22.5,11.1238434802504,79.0183136392333,NOISE,2025-06-12T16:40:09,22.5,11.1238434802504,79.0183136392333,NOISE,2025-06-12T16:40:09,22.5,11.1238434802504,79.0183136392333,NOISE
2026-04-28T09:26:43.230419,Map-Energy__sum__linear-conv00135-20250612_194009-20250613_014009-20.000000-25.000000.png,2025-06-12T19:40:09,2025-06-13T01:40:09,20.0,25.0,2025-06-12T22:40:09,22.5,11.1238434802504,79.0183136392333,NOISE,2025-06-12T22:40:09,22.5,11.1238434802504,79.0183136392333,NOISE,2025-06-12T22:40:09,22.5,11.1238434802504,79.0183136392333,NOISE,2025-06-12T22:40:09,22.5,11.1238434802504,79.0183136392333,NOISE
2026-04-28T09:26:44.246205,Map-Energy__sum__linear-conv00145-20250613_014009-20250613_074009-20.000000-25.000000.png,2025-06-13T01:40:09,2025-06-13T07:40:09,20.0,25.0,2025-06-13T04:40:09,22.5,11.1238434802504,79.0183136392333,NOISE,2025-06-13T04:40:09,22.5,11.1238434802504,79.0183136392333,NOISE,2025-06-13T04:40:09,22.5,11.1238434802504,79.0183136392333,NOISE,2025-06-13T04:40:09,22.5,11.1238434802504,79.0183136392333,NOISE
2026-04-28T09:26:45.287700,Map-Energy__sum__linear-conv00155-20250613_074009-20250613_134009-20.000000-25.000000.png,2025-06-13T07:40:09,2025-06-13T13:40:09,20.0,25.0,2025-06-13T10:40:09,22.5,11.1238434802504,79.0183136392333,NOISE,2025-06-13T10:40:09,22.5,11.1238434802504,79.0183136392333,NOISE,2025-06-13T10:40:09,22.5,11.1238434802504,79.0183136392333,NOISE,2025-06-13T10:40:09,22.5,11.1238434802504,79.0183136392333,NOISE
2026-04-28T09:26:46.302083,Map-Energy__sum__linear-conv00165-20250613_134009-20250613_194009-20.000000-25.000000.png,2025-06-13T13:40:09,2025-06-13T19:40:09,20.0,25.0,2025-06-13T16:40:09,22.5,11.1238434802504,79.0183136392333,NOISE,2025-06-13T16:40:09,22.5,11.1238434802504,79.0183136392333,NOISE,2025-06-13T16:40:09,22.5,11.1238434802504,79.0183136392333,NOISE,2025-06-13T16:40:09,22.5,11.1238434802504,79.0183136392333,NOISE
2026-04-28T09:26:47.534224,Map-Energy__sum__linear-conv00175-20250613_194009-20250614_014009-20.000000-25.000000.png,2025-06-13T19:40:09,2025-06-14T01:40:09,20.0,25.0,2025-06-13T22:40:09,22.5,11.1238434802504,79.0183136392333,NOISE,2025-06-13T22:40:09,22.5,11.1238434802504,79.0183136392333,NOISE,2025-06-13T22:40:09,22.5,11.1238434802504,79.0183136392333,NOISE,2025-06-13T22:40:09,22.5,11.1238434802504,79.0183136392333,NOISE
2026-04-28T09:26:48.742077,Map-Energy__sum__linear-conv00185-20250614_014009-20250614_074009-20.000000-25.000000.png,2025-06-14T01:40:09,2025-06-14T07:40:09,20.0,25.0,2025-06-14T04:40:09,22.5,11.1238434802504,79.0183136392333,NOISE,2025-06-14T04:40:09,22.5,11.1238434802504,79.0183136392333,NOISE,2025-06-14T04:40:09,22.5,11.1238434802504,79.0183136392333,NOISE,2025-06-14T04:40:09,22.5,11.1238434802504,79.0183136392333,NOISE
2026-04-28T09:26:49.647271,Map-Energy__sum__linear-conv00195-20250614_074009-20250614_134009-20.000000-25.000000.png,2025-06-14T07:40:09,2025-06-14T13:40:09,20.0,25.0,2025-06-14T10:40:09,22.5,11.1238434802504,79.0183136392333,NOISE,2025-06-14T10:40:09,22.5,11.1238434802504,79.0183136392333,NOISE,2025-06-14T10:40:09,22.5,11.1238434802504,79.0183136392333,NOISE,2025-06-14T10:40:09,22.5,11.1238434802504,79.0183136392333,NOISE
2026-04-28T09:26:50.766196,Map-Energy__sum__linear-conv00205-20250614_134009-20250614_194009-20.000000-25.000000.png,2025-06-14T13:40:09,2025-06-14T19:40:09,20.0,25.0,2025-06-14T16:40:09,22.5,11.1238434802504,79.0183136392333,NOISE,2025-06-14T16:40:09,22.5,11.1238434802504,79.0183136392333,NOISE,2025-06-14T16:40:09,22.5,11.1238434802504,79.0183136392333,NOISE,2025-06-14T16:40:09,22.5,11.1238434802504,79.0183136392333,NOISE
2026-04-28T09:26:51.775292,Map-Energy__sum__linear-conv00215-20250614_194009-20250615_014009-20.000000-25.000000.png,2025-06-14T19:40:09,2025-06-15T01:40:09,20.0,25.0,2025-06-14T22:40:09,22.5,11.1238434802504,79.0183136392333,NOISE,2025-06-14T22:40:09,22.5,11.1238434802504,79.0183136392333,NOISE,2025-06-14T22:40:09,22.5,11.1238434802504,79.0183136392333,NOISE,2025-06-14T22:40:09,22.5,11.1238434802504,79.0183136392333,NOISE
2026-04-28T09:26:52.878351,Map-Energy__sum__linear-conv00225-20250615_014009-20250615_074009-20.000000-25.000000.png,2025-06-15T01:40:09,2025-06-15T07:40:09,20.0,25.0,2025-06-15T04:40:09,22.5,11.1238434802504,79.0183136392333,NOISE,2025-06-15T04:40:09,22.5,11.1238434802504,79.0183136392333,NOISE,2025-06-15T04:40:09,22.5,11.1238434802504,79.0183136392333,NOISE,2025-06-15T04:40:09,22.5,11.1238434802504,79.0183136392333,NOISE
2026-04-28T09:26:55.263915,Map-Energy__sum__linear-conv00235-20250615_074009-20250615_134009-20.000000-25.000000.png,2025-06-15T07:40:09,2025-06-15T13:40:09,20.0,25.0,2025-06-15T10:40:09,22.5,11.1238434802504,79.0183136392333,NOISE,2025-06-15T10:40:09,22.5,11.1238434802504,79.0183136392333,NOISE,2025-06-15T10:40:09,22.5,11.1238434802504,79.0183136392333,NOISE,2025-06-15T10:40:09,22.5,11.1238434802504,79.0183136392333,NOISE
2026-04-28T09:26:56.662389,Map-Energy__sum__linear-conv00245-20250615_134009-20250615_194009-20.000000-25.000000.png,2025-06-15T13:40:09,2025-06-15T19:40:09,20.0,25.0,2025-06-15T16:40:09,22.5,11.1238434802504,79.0183136392333,NOISE,2025-06-15T16:40:09,22.5,11.1238434802504,79.0183136392333,NOISE,2025-06-15T16:40:09,22.5,11.1238434802504,79.0183136392333,NOISE,2025-06-15T16:40:09,22.5,11.1238434802504,79.0183136392333,NOISE
2026-04-28T09:26:57.518311,Map-Energy__sum__linear-conv00255-20250615_194009-20250616_014009-20.000000-25.000000.png,2025-06-15T19:40:09,2025-06-16T01:40:09,20.0,25.0,2025-06-15T22:40:09,22.5,11.1238434802504,79.0183136392333,NOISE,2025-06-15T22:40:09,22.5,11.1238434802504,79.0183136392333,NOISE,2025-06-15T22:40:09,22.5,11.1238434802504,79.0183136392333,NOISE,2025-06-15T22:40:09,22.5,11.1238434802504,79.0183136392333,NOISE
2026-04-28T09:26:58.758012,Map-Energy__sum__linear-conv00265-20250616_014009-20250616_074009-20.000000-25.000000.png,2025-06-16T01:40:09,2025-06-16T07:40:09,20.0,25.0,2025-06-16T04:40:09,22.5,11.1238434802504,79.0183136392333,NOISE,2025-06-16T04:40:09,22.5,11.1238434802504,79.0183136392333,NOISE,2025-06-16T04:40:09,22.5,11.1238434802504,79.0183136392333,NOISE,2025-06-16T04:40:09,22.5,11.1238434802504,79.0183136392333,NOISE
2026-04-28T09:26:59.638413,Map-Energy__sum__linear-conv00275-20250616_074009-20250616_134009-20.000000-25.000000.png,2025-06-16T07:40:09,2025-06-16T13:40:09,20.0,25.0,2025-06-16T10:40:09,22.5,11.1238434802504,79.0183136392333,NOISE,2025-06-16T10:40:09,22.5,11.1238434802504,79.0183136392333,NOISE,2025-06-16T10:40:09,22.5,11.1238434802504,79.0183136392333,NOISE,2025-06-16T10:40:09,22.5,11.1238434802504,79.0183136392333,NOISE
2026-04-28T09:27:00.550871,Map-Energy__sum__linear-conv00285-20250616_134009-20250616_194009-20.000000-25.000000.png,2025-06-16T13:40:09,2025-06-16T19:40:09,20.0,25.0,2025-06-16T16:40:09,22.5,11.1238434802504,79.0183136392333,NOISE,2025-06-16T16:40:09,22.5,11.1238434802504,79.0183136392333,NOISE,2025-06-16T16:40:09,22.5,11.1238434802504,79.0183136392333,NOISE,2025-06-16T16:40:09,22.5,11.1238434802504,79.0183136392333,NOISE
2026-04-28T09:27:01.536429,Map-Energy__sum__linear-conv00295-20250616_134009-20250616_194009-20.000000-25.000000.png,2025-06-16T13:40:09,2025-06-16T19:40:09,20.0,25.0,2025-06-16T16:40:09,22.5,11.1238434802504,79.0183136392333,NOISE,2025-06-16T16:40:09,22.5,11.1238434802504,79.0183136392333,NOISE,2025-06-16T16:40:09,22.5,11.1238434802504,79.0183136392333,NOISE,2025-06-16T16:40:09,22.5,11.1238434802504,79.0183136392333,NOISE
2026-04-28T09:27:02.406265,Map-Energy__sum__linear-conv00305-20250616_194009-20250617_014009-20.000000-25.000000.png,2025-06-16T19:40:09,2025-06-17T01:40:09,20.0,25.0,2025-06-16T22:40:09,22.5,11.1238434802504,79.0183136392333,NOISE,2025-06-16T22:40:09,22.5,11.1238434802504,79.0183136392333,NOISE,2025-06-16T22:40:09,22.5,11.1238434802504,79.0183136392333,NOISE,2025-06-16T22:40:09,22.5,11.1238434802504,79.0183136392333,NOISE
2026-04-28T09:27:03.294671,Map-Energy__sum__linear-conv00315-20250617_014009-20250617_074009-20.000000-25.000000.png,2025-06-17T01:40:09,2025-06-17T07:40:09,20.0,25.0,2025-06-17T04:40:09,22.5,11.1238434802504,79.0183136392333,NOISE,2025-06-17T04:40:09,22.5,11.1238434802504,79.0183136392333,NOISE,2025-06-17T04:40:09,22.5,11.1238434802504,79.0183136392333,NOISE,2025-06-17T04:40:09,22.5,11.1238434802504,79.0183136392333,NOISE
2026-04-28T09:27:04.286052,Map-Energy__sum__linear-conv00325-20250617_074009-20250617_134009-20.000000-25.000000.png,2025-06-17T07:40:09,2025-06-17T13:40:09,20.0,25.0,2025-06-17T10:40:09,22.5,11.1238434802504,79.0183136392333,NOISE,2025-06-17T10:40:09,22.5,11.1238434802504,79.0183136392333,NOISE,2025-06-17T10:40:09,22.5,11.1238434802504,79.0183136392333,NOISE,2025-06-17T10:40:09,22.5,11.1238434802504,79.0183136392333,NOISE
2026-04-28T09:27:05.678132,Map-Energy__sum__linear-conv00335-20250617_134009-20250617_194009-20.000000-25.000000.png,2025-06-17T13:40:09,2025-06-17T19:40:09,20.0,25.0,2025-06-17T16:40:09,22.5,11.1238434802504,79.0183136392333,NOISE,2025-06-17T16:40:09,22.5,11.1238434802504,79.0183136392333,NOISE,2025-06-17T16:40:09,22.5,11.1238434802504,79.0183136392333,NOISE,2025-06-17T16:40:09,22.5,11.1238434802504,79.0183136392333,NOISE
2026-04-28T09:27:11.758132,Map-Energy__sum__linear-conv00345-20250617_194009-20250618_014009-20.000000-25.000000.png,2025-06-17T19:40:09,2025-06-18T01:40:09,20.0,25.0,2025-06-17T22:40:09,22.5,11.1238434802504,79.0183136392333,NOISE,2025-06-17T22:40:09,22.5,11.1238434802504,79.0183136392333,NOISE,2025-06-17T22:40:09,22.5,11.1238434802504,79.0183136392333,NOISE,2025-06-17T22:40:09,22.5,11.1238434802504,79.0183136392333,NOISE
2026-04-28T09:27:19.998094,Map-Energy__sum__linear-conv00355-20250618_014009-20250618_074009-20.000000-25.000000.png,2025-06-18T01:40:09,2025-06-18T07:40:09,20.0,25.0,2025-06-18T06:09:46,24.064178,11.0508058330804,79.0195072288666,OTHER,2025-06-18T04:40:09,22.5,11.1238434802504,79.0183136392333,NOISE,2025-06-18T04:40:09,22.5,11.1238434802504,79.0183136392333,NOISE,2025-06-18T04:40:09,22.5,11.1238434802504,79.0183136392333,NOISE
2026-04-28T09:27:21.606158,Map-Energy__sum__linear-conv00365-20250618_074009-20250618_134009-20.000000-25.000000.png,2025-06-18T07:40:09,2025-06-18T13:40:09,20.0,25.0,2025-06-18T10:40:09,22.5,11.1238434802504,79.0183136392333,NOISE,2025-06-18T10:40:09,22.5,11.1238434802504,79.0183136392333,NOISE,2025-06-18T10:40:09,22.5,11.1238434802504,79.0183136392333,NOISE,2025-06-18T10:40:09,22.5,11.1238434802504,79.0183136392333,NOISE
2026-04-28T09:27:23.198136,Map-Energy__sum__linear-conv00375-20250618_134009-20250618_194009-20.000000-25.000000.png,2025-06-18T13:40:09,2025-06-18T19:40:09,20.0,25.0,2025-06-18T16:40:09,22.5,11.1238434802504,79.0183136392333,NOISE,2025-06-18T16:40:09,22.5,11.1238434802504,79.0183136392333,NOISE,2025-06-18T16:40:09,22.5,11.1238434802504,79.0183136392333,NOISE,2025-06-18T16:40:09,22.5,11.1238434802504,79.0183136392333,NOISE
2026-04-28T09:27:27.926014,Map-Energy__sum__linear-conv00385-20250618_194009-20250619_014009-20.000000-25.000000.png,2025-06-18T19:40:09,2025-06-19T01:40:09,20.0,25.0,2025-06-18T22:40:09,22.5,11.1238434802504,79.0183136392333,NOISE,2025-06-18T22:40:09,22.5,11.1238434802504,79.0183136392333,NOISE,2025-06-18T22:40:09,22.5,11.1238434802504,79.0183136392333,NOISE,2025-06-18T22:40:09,22.5,11.1238434802504,79.0183136392333,NOISE
2026-04-28T09:27:29.086333,Map-Energy__sum__linear-conv00395-20250619_014009-20250619_074009-20.000000-25.000000.png,2025-06-19T01:40:09,2025-06-19T07:40:09,20.0,25.0,2025-06-19T04:40:09,22.5,11.1238434802504,79.0183136392333,NOISE,2025-06-19T04:40:09,22.5,11.1238434802504,79.0183136392333,NOISE,2025-06-19T04:40:09,22.5,11.1238434802504,79.0183136392333,NOISE,2025-06-19T04:40:09,22.5,11.1238434802504,79.0183136392333,NOISE
2026-04-28T09:27:30.278744,Map-Energy__sum__linear-conv00405-20250619_074009-20250619_134009-20.000000-25.000000.png,2025-06-19T07:40:09,2025-06-19T13:40:09,20.0,25.0,2025-06-19T10:40:09,22.5,11.1238434802504,79.0183136392333,NOISE,2025-06-19T10:40:09,22.5,11.1238434802504,79.0183136392333,NOISE,2025-06-19T10:40:09,22.5,11.1238434802504,79.0183136392333,NOISE,2025-06-19T10:40:09,22.5,11.1238434802504,79.0183136392333,NOISE
2026-04-28T09:27:31.662400,Map-Energy__sum__linear-conv00415-20250619_134009-20250619_194009-20.000000-25.000000.png,2025-06-19T13:40:09,2025-06-19T19:40:09,20.0,25.0,2025-06-19T16:40:09,22.5,11.1238434802504,79.0183136392333,NOISE,2025-06-19T16:40:09,22.5,11.1238434802504,79.0183136392333,NOISE,2025-06-19T16:40:09,22.5,11.1238434802504,79.0183136392333,NOISE,2025-06-19T16:40:09,22.5,11.1238434802504,79.0183136392333,NOISE
2026-04-28T09:27:32.958412,Map-Energy__sum__linear-conv00425-20250619_194009-20250620_014009-20.000000-25.000000.png,2025-06-19T19:40:09,2025-06-20T01:40:09,20.0,25.0,2025-06-19T22:40:09,22.5,11.1238434802504,79.0183136392333,NOISE,2025-06-19T22:40:09,22.5,11.1238434802504,79.0183136392333,NOISE,2025-06-19T22:40:09,22.5,11.1238434802504,79.0183136392333,NOISE,2025-06-19T22:40:09,22.5,11.1238434802504,79.0183136392333,NOISE
2026-04-28T09:27:34.206364,Map-Energy__sum__linear-conv00435-20250620_014009-20250620_074009-20.000000-25.000000.png,2025-06-20T01:40:09,2025-06-20T07:40:09,20.0,25.0,2025-06-20T04:40:09,22.5,11.1238434802504,79.0183136392333,NOISE,2025-06-20T04:40:09,22.5,11.1238434802504,79.0183136392333,NOISE,2025-06-20T04:40:09,22.5,11.1238434802504,79.0183136392333,NOISE,2025-06-20T04:40:09,22.5,11.1238434802504,79.0183136392333,NOISE
2026-04-28T09:27:35.278124,Map-Energy__sum__linear-conv00445-20250620_074009-20250620_134009-20.000000-25.000000.png,2025-06-20T07:40:09,2025-06-20T13:40:09,20.0,25.0,2025-06-20T10:40:09,22.5,11.1238434802504,79.0183136392333,NOISE,2025-06-20T10:40:09,22.5,11.1238434802504,79.0183136392333,NOISE,2025-06-20T10:40:09,22.5,11.1238434802504,79.0183136392333,NOISE,2025-06-20T10:40:09,22.5,11.1238434802504,79.0183136392333,NOISE
2026-04-28T09:27:37.046225,Map-Energy__sum__linear-conv00455-20250620_134009-20250620_194009-20.000000-25.000000.png,2025-06-20T13:40:09,2025-06-20T19:40:09,20.0,25.0,2025-06-20T16:40:09,22.5,11.1238434802504,79.0183136392333,NOISE,2025-06-20T16:40:09,22.5,11.1238434802504,79.0183136392333,NOISE,2025-06-20T16:40:09,22.5,11.1238434802504,79.0183136392333,NOISE,2025-06-20T16:40:09,22.5,11.1238434802504,79.0183136392333,NOISE
2026-04-28T09:27:39.230277,Map-Energy__sum__linear-conv00465-20250620_194009-20250621_014009-20.000000-25.000000.png,2025-06-20T19:40:09,2025-06-21T01:40:09,20.0,25.0,2025-06-20T22:40:09,22.5,11.1238434802504,79.0183136392333,NOISE,2025-06-20T22:40:09,22.5,11.1238434802504,79.0183136392333,NOISE,2025-06-20T22:40:09,22.5,11.1238434802504,79.0183136392333,NOISE,2025-06-20T22:40:09,22.5,11.1238434802504,79.0183136392333,NOISE
2026-04-28T09:27:40.990332,Map-Energy__sum__linear-conv00475-20250621_014009-20250621_074009-20.000000-25.000000.png,2025-06-21T01:40:09,2025-06-21T07:40:09,20.0,25.0,2025-06-21T04:40:09,22.5,11.1238434802504,79.0183136392333,NOISE,2025-06-21T04:40:09,22.5,11.1238434802504,79.0183136392333,NOISE,2025-06-21T04:40:09,22.5,11.1238434802504,79.0183136392333,NOISE,2025-06-21T04:40:09,22.5,11.1238434802504,79.0183136392333,NOISE
2026-04-28T09:27:42.494197,Map-Energy__sum__linear-conv00485-20250621_074009-20250621_134009-20.000000-25.000000.png,2025-06-21T07:40:09,2025-06-21T13:40:09,20.0,25.0,2025-06-21T10:40:09,22.5,11.1238434802504,79.0183136392333,NOISE,2025-06-21T10:40:09,22.5,11.1238434802504,79.0183136392333,NOISE,2025-06-21T10:40:09,22.5,11.1238434802504,79.0183136392333,NOISE,2025-06-21T10:40:09,22.5,11.1238434802504,79.0183136392333,NOISE
2026-04-28T09:27:43.726213,Map-Energy__sum__linear-conv00495-20250621_134009-20250621_194009-20.000000-25.000000.png,2025-06-21T13:40:09,2025-06-21T19:40:09,20.0,25.0,2025-06-21T16:40:09,22.5,11.1238434802504,79.0183136392333,NOISE,2025-06-21T16:40:09,22.5,11.1238434802504,79.0183136392333,NOISE,2025-06-21T16:40:09,22.5,11.1238434802504,79.0183136392333,NOISE,2025-06-21T16:40:09,22.5,11.1238434802504,79.0183136392333,NOISE
2026-04-28T09:27:46.214060,Map-Energy__sum__linear-conv00505-20250621_194009-20250622_014009-20.000000-25.000000.png,2025-06-21T19:40:09,2025-06-22T01:40:09,20.0,25.0,2025-06-21T22:40:09,22.5,11.1238434802504,79.0183136392333,NOISE,2025-06-21T22:40:09,22.5,11.1238434802504,79.0183136392333,NOISE,2025-06-21T22:40:09,22.5,11.1238434802504,79.0183136392333,NOISE,2025-06-21T22:40:09,22.5,11.1238434802504,79.0183136392333,NOISE
2026-04-28T09:27:47.950088,Map-Energy__sum__linear-conv00515-20250622_014009-20250622_074009-20.000000-25.000000.png,2025-06-22T01:40:09,2025-06-22T07:40:09,20.0,25.0,2025-06-22T04:40:09,22.5,11.1238434802504,79.0183136392333,NOISE,2025-06-22T04:40:09,22.5,11.1238434802504,79.0183136392333,NOISE,2025-06-22T04:40:09,22.5,11.1238434802504,79.0183136392333,NOISE,2025-06-22T04:40:09,22.5,11.1238434802504,79.0183136392333,NOISE
2026-04-28T09:27:49.142301,Map-Energy__sum__linear-conv00525-20250622_074009-20250622_134009-20.000000-25.000000.png,2025-06-22T07:40:09,2025-06-22T13:40:09,20.0,25.0,2025-06-22T10:40:09,22.5,11.1238434802504,79.0183136392333,NOISE,2025-06-22T10:40:09,22.5,11.1238434802504,79.0183136392333,NOISE,2025-06-22T10:40:09,22.5,11.1238434802504,79.0183136392333,NOISE,2025-06-22T10:40:09,22.5,11.1238434802504,79.0183136392333,NOISE
2026-04-28T09:27:50.742066,Map-Energy__sum__linear-conv00535-20250622_134009-20250622_194009-20.000000-25.000000.png,2025-06-22T13:40:09,2025-06-22T19:40:09,20.0,25.0,2025-06-22T16:40:09,22.5,11.1238434802504,79.0183136392333,NOISE,2025-06-22T16:40:09,22.5,11.1238434802504,79.0183136392333,NOISE,2025-06-22T16:40:09,22.5,11.1238434802504,79.0183136392333,NOISE,2025-06-22T16:40:09,22.5,11.1238434802504,79.0183136392333,NOISE
2026-04-28T09:27:52.447194,Map-Energy__sum__linear-conv00545-20250622_194009-20250623_014009-20.000000-25.000000.png,2025-06-22T19:40:09,2025-06-23T01:40:09,20.0,25.0,2025-06-22T22:40:09,22.5,11.1238434802504,79.0183136392333,NOISE,2025-06-22T22:40:09,22.5,11.1238434802504,79.0183136392333,NOISE,2025-06-22T22:40:09,22.5,11.1238434802504,79.0183136392333,NOISE,2025-06-22T22:40:09,22.5,11.1238434802504,79.0183136392333,NOISE
2026-04-28T09:27:53.837826,Map-Energy__sum__linear-conv00555-20250623_014009-20250623_074009-20.000000-25.000000.png,2025-06-23T01:40:09,2025-06-23T07:40:09,20.0,25.0,2025-06-23T04:40:09,22.5,11.1238434802504,79.0183136392333,NOISE,2025-06-23T04:40:09,22.5,11.1238434802504,79.0183136392333,NOISE,2025-06-23T04:40:09,22.5,11.1238434802504,79.0183136392333,NOISE,2025-06-23T04:40:09,22.5,11.1238434802504,79.0183136392333,NOISE
2026-04-28T09:27:54.305834,Map-Energy__sum__linear-conv00565-20250623_074009-20250623_134009-20.000000-25.000000.png,2025-06-23T07:40:09,2025-06-23T13:40:09,20.0,25.0,2025-06-23T10:40:09,22.5,11.1238434802504,79.0183136392333,NOISE,2025-06-23T10:40:09,22.5,11.1238434802504,79.0183136392333,NOISE,2025-06-23T10:40:09,22.5,11.1238434802504,79.0183136392333,NOISE,2025-06-23T10:40:09,22.5,11.1238434802504,79.0183136392333,NOISE
2026-04-28T09:27:55.694141,Map-Energy__sum__linear-conv00575-20250623_134009-20250623_194009-20.000000-25.000000.png,2025-06-23T13:40:09,2025-06-23T19:40:09,20.0,25.0,2025-06-23T16:40:09,22.5,11.1238434802504,79.0183136392333,NOISE,2025-06-23T16:40:09,22.5,11.1238434802504,79.0183136392333,NOISE,2025-06-23T16:40:09,22.5,11.1238434802504,79.0183136392333,NOISE,2025-06-23T16:40:09,22.5,11.1238434802504,79.0183136392333,NOISE
2026-04-28T09:27:58.318269,Map-Energy__sum__linear-conv00585-20250623_134009-20250623_194009-20.000000-25.000000.png,2025-06-23T13:40:09,2025-06-23T19:40:09,20.0,25.0,2025-06-23T16:40:09,22.5,11.1238434802504,79.0183136392333,NOISE,2025-06-23T16:40:09,22.5,11.1238434802504,79.0183136392333,NOISE,2025-06-23T16:40:09,22.5,11.1238434802504,79.0183136392333,NOISE,2025-06-23T16:40:09,22.5,11.1238434802504,79.0183136392333,NOISE
2026-04-28T09:27:59.494267,Map-Energy__sum__linear-conv00595-20250623_194009-20250624_014009-20.000000-25.000000.png,2025-06-23T19:40:09,2025-06-24T01:40:09,20.0,25.0,2025-06-23T22:40:09,22.5,11.1238434802504,79.0183136392333,NOISE,2025-06-23T22:40:09,22.5,11.1238434802504,79.0183136392333,NOISE,2025-06-23T22:40:09,22.5,11.1238434802504,79.0183136392333,NOISE,2025-06-23T22:40:09,22.5,11.1238434802504,79.0183136392333,NOISE
2026-04-28T09:28:10.430012,Map-Energy__sum__linear-conv00605-20250624_014009-20250624_074009-20.000000-25.000000.png,2025-06-24T01:40:09,2025-06-24T07:40:09,20.0,25.0,2025-06-24T06:18:40,23.643951,11.0704579857107,79.0191652353135,OTHER,2025-06-24T04:40:09,22.5,11.1238434802504,79.0183136392333,NOISE,2025-06-24T04:40:09,22.5,11.1238434802504,79.0183136392333,NOISE,2025-06-24T04:40:09,22.5,11.1238434802504,79.0183136392333,NOISE
2026-04-28T09:28:20.070234,Map-Energy__sum__linear-conv00615-20250624_074009-20250624_134009-20.000000-25.000000.png,2025-06-24T07:40:09,2025-06-24T13:40:09,20.0,25.0,2025-06-24T11:21:27,23.682861,11.0685868504436,79.0191977968584,OTHER,2025-06-24T10:40:09,22.5,11.1238434802504,79.0183136392333,NOISE,2025-06-24T10:40:09,22.5,11.1238434802504,79.0183136392333,NOISE,2025-06-24T10:40:09,22.5,11.1238434802504,79.0183136392333,NOISE
2026-04-28T09:28:21.438315,Map-Energy__sum__linear-conv00006-20250609_134009-20250609_194009-25.000000-30.000000.png,2025-06-09T13:40:09,2025-06-09T19:40:09,25.0,30.0,2025-06-09T16:40:09,27.5,10.889673808393,79.020806600637,NOISE,2025-06-09T16:40:09,27.5,10.889673808393,79.020806600637,NOISE,2025-06-09T16:40:09,27.5,10.889673808393,79.020806600637,NOISE,2025-06-09T16:40:09,27.5,10.889673808393,79.020806600637,NOISE
2026-04-28T09:28:22.494239,Map-Energy__sum__linear-conv00016-20250609_194009-20250610_014009-25.000000-30.000000.png,2025-06-09T19:40:09,2025-06-10T01:40:09,25.0,30.0,2025-06-09T22:40:09,27.5,10.889673808393,79.020806600637,NOISE,2025-06-09T22:40:09,27.5,10.889673808393,79.020806600637,NOISE,2025-06-09T22:40:09,27.5,10.889673808393,79.020806600637,NOISE,2025-06-09T22:40:09,27.5,10.889673808393,79.020806600637,NOISE
2026-04-28T09:28:23.703655,Map-Energy__sum__linear-conv00026-20250610_014009-20250610_074009-25.000000-30.000000.png,2025-06-10T01:40:09,2025-06-10T07:40:09,25.0,30.0,2025-06-10T04:40:09,27.5,10.889673808393,79.020806600637,NOISE,2025-06-10T04:40:09,27.5,10.889673808393,79.020806600637,NOISE,2025-06-10T04:40:09,27.5,10.889673808393,79.020806600637,NOISE,2025-06-10T04:40:09,27.5,10.889673808393,79.020806600637,NOISE
2026-04-28T09:28:24.574315,Map-Energy__sum__linear-conv00036-20250610_074009-20250610_134009-25.000000-30.000000.png,2025-06-10T07:40:09,2025-06-10T13:40:09,25.0,30.0,2025-06-10T10:40:09,27.5,10.889673808393,79.020806600637,NOISE,2025-06-10T10:40:09,27.5,10.889673808393,79.020806600637,NOISE,2025-06-10T10:40:09,27.5,10.889673808393,79.020806600637,NOISE,2025-06-10T10:40:09,27.5,10.889673808393,79.020806600637,NOISE
2026-04-28T09:28:25.470365,Map-Energy__sum__linear-conv00046-20250610_134009-20250610_194009-25.000000-30.000000.png,2025-06-10T13:40:09,2025-06-10T19:40:09,25.0,30.0,2025-06-10T16:40:09,27.5,10.889673808393,79.020806600637,NOISE,2025-06-10T16:40:09,27.5,10.889673808393,79.020806600637,NOISE,2025-06-10T16:40:09,27.5,10.889673808393,79.020806600637,NOISE,2025-06-10T16:40:09,27.5,10.889673808393,79.020806600637,NOISE
2026-04-28T09:28:26.334181,Map-Energy__sum__linear-conv00056-20250610_194009-20250611_014009-25.000000-30.000000.png,2025-06-10T19:40:09,2025-06-11T01:40:09,25.0,30.0,2025-06-10T22:40:09,27.5,10.889673808393,79.020806600637,NOISE,2025-06-10T22:40:09,27.5,10.889673808393,79.020806600637,NOISE,2025-06-10T22:40:09,27.5,10.889673808393,79.020806600637,NOISE,2025-06-10T22:40:09,27.5,10.889673808393,79.020806600637,NOISE
2026-04-28T09:28:27.102257,Map-Energy__sum__linear-conv00066-20250611_014009-20250611_074009-25.000000-30.000000.png,2025-06-11T01:40:09,2025-06-11T07:40:09,25.0,30.0,2025-06-11T04:40:09,27.5,10.889673808393,79.020806600637,NOISE,2025-06-11T04:40:09,27.5,10.889673808393,79.020806600637,NOISE,2025-06-11T04:40:09,27.5,10.889673808393,79.020806600637,NOISE,2025-06-11T04:40:09,27.5,10.889673808393,79.020806600637,NOISE
2026-04-28T09:28:27.878065,Map-Energy__sum__linear-conv00076-20250611_074009-20250611_134009-25.000000-30.000000.png,2025-06-11T07:40:09,2025-06-11T13:40:09,25.0,30.0,2025-06-11T10:40:09,27.5,10.889673808393,79.020806600637,NOISE,2025-06-11T10:40:09,27.5,10.889673808393,79.020806600637,NOISE,2025-06-11T10:40:09,27.5,10.889673808393,79.020806600637,NOISE,2025-06-11T10:40:09,27.5,10.889673808393,79.020806600637,NOISE
2026-04-28T09:28:28.565949,Map-Energy__sum__linear-conv00086-20250611_134009-20250611_194009-25.000000-30.000000.png,2025-06-11T13:40:09,2025-06-11T19:40:09,25.0,30.0,2025-06-11T16:40:09,27.5,10.889673808393,79.020806600637,NOISE,2025-06-11T16:40:09,27.5,10.889673808393,79.020806600637,NOISE,2025-06-11T16:40:09,27.5,10.889673808393,79.020806600637,NOISE,2025-06-11T16:40:09,27.5,10.889673808393,79.020806600637,NOISE
2026-04-28T09:28:29.206185,Map-Energy__sum__linear-conv00096-20250611_194009-20250612_014009-25.000000-30.000000.png,2025-06-11T19:40:09,2025-06-12T01:40:09,25.0,30.0,2025-06-11T22:40:09,27.5,10.889673808393,79.020806600637,NOISE,2025-06-11T22:40:09,27.5,10.889673808393,79.020806600637,NOISE,2025-06-11T22:40:09,27.5,10.889673808393,79.020806600637,NOISE,2025-06-11T22:40:09,27.5,10.889673808393,79.020806600637,NOISE
2026-04-28T09:28:29.982150,Map-Energy__sum__linear-conv00106-20250612_014009-20250612_074009-25.000000-30.000000.png,2025-06-12T01:40:09,2025-06-12T07:40:09,25.0,30.0,2025-06-12T04:40:09,27.5,10.889673808393,79.020806600637,NOISE,2025-06-12T04:40:09,27.5,10.889673808393,79.020806600637,NOISE,2025-06-12T04:40:09,27.5,10.889673808393,79.020806600637,NOISE,2025-06-12T04:40:09,27.5,10.889673808393,79.020806600637,NOISE
2026-04-28T09:28:36.782037,Map-Energy__sum__linear-conv00116-20250612_074009-20250612_134009-25.000000-30.000000.png,2025-06-12T07:40:09,2025-06-12T13:40:09,25.0,30.0,2025-06-12T10:40:09,27.5,10.889673808393,79.020806600637,NOISE,2025-06-12T10:40:09,27.5,10.889673808393,79.020806600637,NOISE,2025-06-12T10:40:09,27.5,10.889673808393,79.020806600637,NOISE,2025-06-12T10:40:09,27.5,10.889673808393,79.020806600637,NOISE
2026-04-28T09:28:38.102306,Map-Energy__sum__linear-conv00126-20250612_134009-20250612_194009-25.000000-30.000000.png,2025-06-12T13:40:09,2025-06-12T19:40:09,25.0,30.0,2025-06-12T16:40:09,27.5,10.889673808393,79.020806600637,NOISE,2025-06-12T16:40:09,27.5,10.889673808393,79.020806600637,NOISE,2025-06-12T16:40:09,27.5,10.889673808393,79.020806600637,NOISE,2025-06-12T16:40:09,27.5,10.889673808393,79.020806600637,NOISE
2026-04-28T09:28:39.326178,Map-Energy__sum__linear-conv00136-20250612_194009-20250613_014009-25.000000-30.000000.png,2025-06-12T19:40:09,2025-06-13T01:40:09,25.0,30.0,2025-06-12T22:40:09,27.5,10.889673808393,79.020806600637,NOISE,2025-06-12T22:40:09,27.5,10.889673808393,79.020806600637,NOISE,2025-06-12T22:40:09,27.5,10.889673808393,79.020806600637,NOISE,2025-06-12T22:40:09,27.5,10.889673808393,79.020806600637,NOISE
2026-04-28T09:28:41.311084,Map-Energy__sum__linear-conv00146-20250613_014009-20250613_074009-25.000000-30.000000.png,2025-06-13T01:40:09,2025-06-13T07:40:09,25.0,30.0,2025-06-13T04:40:09,27.5,10.889673808393,79.020806600637,NOISE,2025-06-13T04:40:09,27.5,10.889673808393,79.020806600637,NOISE,2025-06-13T04:40:09,27.5,10.889673808393,79.020806600637,NOISE,2025-06-13T04:40:09,27.5,10.889673808393,79.020806600637,NOISE
2026-04-28T09:28:42.526596,Map-Energy__sum__linear-conv00156-20250613_074009-20250613_134009-25.000000-30.000000.png,2025-06-13T07:40:09,2025-06-13T13:40:09,25.0,30.0,2025-06-13T10:40:09,27.5,10.889673808393,79.020806600637,NOISE,2025-06-13T10:40:09,27.5,10.889673808393,79.020806600637,NOISE,2025-06-13T10:40:09,27.5,10.889673808393,79.020806600637,NOISE,2025-06-13T10:40:09,27.5,10.889673808393,79.020806600637,NOISE
2026-04-28T09:28:43.960509,Map-Energy__sum__linear-conv00166-20250613_134009-20250613_194009-25.000000-30.000000.png,2025-06-13T13:40:09,2025-06-13T19:40:09,25.0,30.0,2025-06-13T16:40:09,27.5,10.889673808393,79.020806600637,NOISE,2025-06-13T16:40:09,27.5,10.889673808393,79.020806600637,NOISE,2025-06-13T16:40:09,27.5,10.889673808393,79.020806600637,NOISE,2025-06-13T16:40:09,27.5,10.889673808393,79.020806600637,NOISE
2026-04-28T09:28:47.022342,Map-Energy__sum__linear-conv00176-20250613_194009-20250614_014009-25.000000-30.000000.png,2025-06-13T19:40:09,2025-06-14T01:40:09,25.0,30.0,2025-06-13T22:40:09,27.5,10.889673808393,79.020806600637,NOISE,2025-06-13T22:40:09,27.5,10.889673808393,79.020806600637,NOISE,2025-06-13T22:40:09,27.5,10.889673808393,79.020806600637,NOISE,2025-06-13T22:40:09,27.5,10.889673808393,79.020806600637,NOISE
2026-04-28T09:28:48.966090,Map-Energy__sum__linear-conv00186-20250614_014009-20250614_074009-25.000000-30.000000.png,2025-06-14T01:40:09,2025-06-14T07:40:09,25.0,30.0,2025-06-14T04:40:09,27.5,10.889673808393,79.020806600637,NOISE,2025-06-14T04:40:09,27.5,10.889673808393,79.020806600637,NOISE,2025-06-14T04:40:09,27.5,10.889673808393,79.020806600637,NOISE,2025-06-14T04:40:09,27.5,10.889673808393,79.020806600637,NOISE
2026-04-28T09:28:50.341950,Map-Energy__sum__linear-conv00196-20250614_074009-20250614_134009-25.000000-30.000000.png,2025-06-14T07:40:09,2025-06-14T13:40:09,25.0,30.0,2025-06-14T10:40:09,27.5,10.889673808393,79.020806600637,NOISE,2025-06-14T10:40:09,27.5,10.889673808393,79.020806600637,NOISE,2025-06-14T10:40:09,27.5,10.889673808393,79.020806600637,NOISE,2025-06-14T10:40:09,27.5,10.889673808393,79.020806600637,NOISE
2026-04-28T09:28:51.894723,Map-Energy__sum__linear-conv00206-20250614_134009-20250614_194009-25.000000-30.000000.png,2025-06-14T13:40:09,2025-06-14T19:40:09,25.0,30.0,2025-06-14T16:40:09,27.5,10.889673808393,79.020806600637,NOISE,2025-06-14T16:40:09,27.5,10.889673808393,79.020806600637,NOISE,2025-06-14T16:40:09,27.5,10.889673808393,79.020806600637,NOISE,2025-06-14T16:40:09,27.5,10.889673808393,79.020806600637,NOISE
2026-04-28T09:28:53.454305,Map-Energy__sum__linear-conv00216-20250614_194009-20250615_014009-25.000000-30.000000.png,2025-06-14T19:40:09,2025-06-15T01:40:09,25.0,30.0,2025-06-14T22:40:09,27.5,10.889673808393,79.020806600637,NOISE,2025-06-14T22:40:09,27.5,10.889673808393,79.020806600637,NOISE,2025-06-14T22:40:09,27.5,10.889673808393,79.020806600637,NOISE,2025-06-14T22:40:09,27.5,10.889673808393,79.020806600637,NOISE
2026-04-28T09:28:55.454191,Map-Energy__sum__linear-conv00226-20250615_014009-20250615_074009-25.000000-30.000000.png,2025-06-15T01:40:09,2025-06-15T07:40:09,25.0,30.0,2025-06-15T04:40:09,27.5,10.889673808393,79.020806600637,NOISE,2025-06-15T04:40:09,27.5,10.889673808393,79.020806600637,NOISE,2025-06-15T04:40:09,27.5,10.889673808393,79.020806600637,NOISE,2025-06-15T04:40:09,27.5,10.889673808393,79.020806600637,NOISE
2026-04-28T09:28:57.286208,Map-Energy__sum__linear-conv00236-20250615_074009-20250615_134009-25.000000-30.000000.png,2025-06-15T07:40:09,2025-06-15T13:40:09,25.0,30.0,2025-06-15T10:40:09,27.5,10.889673808393,79.020806600637,NOISE,2025-06-15T10:40:09,27.5,10.889673808393,79.020806600637,NOISE,2025-06-15T10:40:09,27.5,10.889673808393,79.020806600637,NOISE,2025-06-15T10:40:09,27.5,10.889673808393,79.020806600637,NOISE
2026-04-28T09:28:58.926595,Map-Energy__sum__linear-conv00246-20250615_134009-20250615_194009-25.000000-30.000000.png,2025-06-15T13:40:09,2025-06-15T19:40:09,25.0,30.0,2025-06-15T16:40:09,27.5,10.889673808393,79.020806600637,NOISE,2025-06-15T16:40:09,27.5,10.889673808393,79.020806600637,NOISE,2025-06-15T16:40:09,27.5,10.889673808393,79.020806600637,NOISE,2025-06-15T16:40:09,27.5,10.889673808393,79.020806600637,NOISE
2026-04-28T09:28:59.920177,Map-Energy__sum__linear-conv00256-20250615_194009-20250616_014009-25.000000-30.000000.png,2025-06-15T19:40:09,2025-06-16T01:40:09,25.0,30.0,2025-06-15T22:40:09,27.5,10.889673808393,79.020806600637,NOISE,2025-06-15T22:40:09,27.5,10.889673808393,79.020806600637,NOISE,2025-06-15T22:40:09,27.5,10.889673808393,79.020806600637,NOISE,2025-06-15T22:40:09,27.5,10.889673808393,79.020806600637,NOISE
2026-04-28T09:29:00.878062,Map-Energy__sum__linear-conv00266-20250616_014009-20250616_074009-25.000000-30.000000.png,2025-06-16T01:40:09,2025-06-16T07:40:09,25.0,30.0,2025-06-16T04:40:09,27.5,10.889673808393,79.020806600637,NOISE,2025-06-16T04:40:09,27.5,10.889673808393,79.020806600637,NOISE,2025-06-16T04:40:09,27.5,10.889673808393,79.020806600637,NOISE,2025-06-16T04:40:09,27.5,10.889673808393,79.020806600637,NOISE
2026-04-28T09:29:01.886000,Map-Energy__sum__linear-conv00276-20250616_074009-20250616_134009-25.000000-30.000000.png,2025-06-16T07:40:09,2025-06-16T13:40:09,25.0,30.0,2025-06-16T10:40:09,27.5,10.889673808393,79.020806600637,NOISE,2025-06-16T10:40:09,27.5,10.889673808393,79.020806600637,NOISE,2025-06-16T10:40:09,27.5,10.889673808393,79.020806600637,NOISE,2025-06-16T10:40:09,27.5,10.889673808393,79.020806600637,NOISE
2026-04-28T09:29:10.917920,Map-Energy__sum__linear-conv00286-20250616_134009-20250616_194009-25.000000-30.000000.png,2025-06-16T13:40:09,2025-06-16T19:40:09,25.0,30.0,2025-06-16T16:40:09,27.5,10.889673808393,79.020806600637,NOISE,2025-06-16T16:40:09,27.5,10.889673808393,79.020806600637,NOISE,2025-06-16T16:40:09,27.5,10.889673808393,79.020806600637,NOISE,2025-06-16T16:40:09,27.5,10.889673808393,79.020806600637,NOISE
2026-04-28T09:29:13.086266,Map-Energy__sum__linear-conv00296-20250616_134009-20250616_194009-25.000000-30.000000.png,2025-06-16T13:40:09,2025-06-16T19:40:09,25.0,30.0,2025-06-16T16:40:09,27.5,10.889673808393,79.020806600637,NOISE,2025-06-16T16:40:09,27.5,10.889673808393,79.020806600637,NOISE,2025-06-16T16:40:09,27.5,10.889673808393,79.020806600637,NOISE,2025-06-16T16:40:09,27.5,10.889673808393,79.020806600637,NOISE
2026-04-28T09:29:14.598169,Map-Energy__sum__linear-conv00306-20250616_194009-20250617_014009-25.000000-30.000000.png,2025-06-16T19:40:09,2025-06-17T01:40:09,25.0,30.0,2025-06-16T22:40:09,27.5,10.889673808393,79.020806600637,NOISE,2025-06-16T22:40:09,27.5,10.889673808393,79.020806600637,NOISE,2025-06-16T22:40:09,27.5,10.889673808393,79.020806600637,NOISE,2025-06-16T22:40:09,27.5,10.889673808393,79.020806600637,NOISE
2026-04-28T09:29:16.102185,Map-Energy__sum__linear-conv00316-20250617_014009-20250617_074009-25.000000-30.000000.png,2025-06-17T01:40:09,2025-06-17T07:40:09,25.0,30.0,2025-06-17T04:40:09,27.5,10.889673808393,79.020806600637,NOISE,2025-06-17T04:40:09,27.5,10.889673808393,79.020806600637,NOISE,2025-06-17T04:40:09,27.5,10.889673808393,79.020806600637,NOISE,2025-06-17T04:40:09,27.5,10.889673808393,79.020806600637,NOISE
2026-04-28T09:29:21.941996,Map-Energy__sum__linear-conv00326-20250617_074009-20250617_134009-25.000000-30.000000.png,2025-06-17T07:40:09,2025-06-17T13:40:09,25.0,30.0,2025-06-17T11:24:00,25.14206,11.0002572720254,79.0203868925084,VESSEL,2025-06-17T10:40:09,27.5,10.889673808393,79.020806600637,NOISE,2025-06-17T10:40:09,27.5,10.889673808393,79.020806600637,NOISE,2025-06-17T10:40:09,27.5,10.889673808393,79.020806600637,NOISE
2026-04-28T09:29:28.302131,Map-Energy__sum__linear-conv00336-20250617_134009-20250617_194009-25.000000-30.000000.png,2025-06-17T13:40:09,2025-06-17T19:40:09,25.0,30.0,2025-06-17T16:40:09,27.5,10.889673808393,79.020806600637,NOISE,2025-06-17T16:40:09,27.5,10.889673808393,79.020806600637,NOISE,2025-06-17T16:40:09,27.5,10.889673808393,79.020806600637,NOISE,2025-06-17T16:40:09,27.5,10.889673808393,79.020806600637,NOISE
2026-04-28T09:29:29.974026,Map-Energy__sum__linear-conv00346-20250617_194009-20250618_014009-25.000000-30.000000.png,2025-06-17T19:40:09,2025-06-18T01:40:09,25.0,30.0,2025-06-17T22:40:09,27.5,10.889673808393,79.020806600637,NOISE,2025-06-17T22:40:09,27.5,10.889673808393,79.020806600637,NOISE,2025-06-17T22:40:09,27.5,10.889673808393,79.020806600637,NOISE,2025-06-17T22:40:09,27.5,10.889673808393,79.020806600637,NOISE
2026-04-28T09:29:32.958211,Map-Energy__sum__linear-conv00356-20250618_014009-20250618_074009-25.000000-30.000000.png,2025-06-18T01:40:09,2025-06-18T07:40:09,25.0,30.0,2025-06-18T04:40:09,27.5,10.889673808393,79.020806600637,NOISE,2025-06-18T04:40:09,27.5,10.889673808393,79.020806600637,NOISE,2025-06-18T04:40:09,27.5,10.889673808393,79.020806600637,NOISE,2025-06-18T04:40:09,27.5,10.889673808393,79.020806600637,NOISE
2026-04-28T09:29:35.357824,Map-Energy__sum__linear-conv00366-20250618_074009-20250618_134009-25.000000-30.000000.png,2025-06-18T07:40:09,2025-06-18T13:40:09,25.0,30.0,2025-06-18T10:40:09,27.5,10.889673808393,79.020806600637,NOISE,2025-06-18T10:40:09,27.5,10.889673808393,79.020806600637,NOISE,2025-06-18T10:40:09,27.5,10.889673808393,79.020806600637,NOISE,2025-06-18T10:40:09,27.5,10.889673808393,79.020806600637,NOISE
2026-04-28T09:29:35.817332,Map-Energy__sum__linear-conv00376-20250618_134009-20250618_194009-25.000000-30.000000.png,2025-06-18T13:40:09,2025-06-18T19:40:09,25.0,30.0,2025-06-18T16:40:09,27.5,10.889673808393,79.020806600637,NOISE,2025-06-18T16:40:09,27.5,10.889673808393,79.020806600637,NOISE,2025-06-18T16:40:09,27.5,10.889673808393,79.020806600637,NOISE,2025-06-18T16:40:09,27.5,10.889673808393,79.020806600637,NOISE
2026-04-28T09:29:38.190143,Map-Energy__sum__linear-conv00386-20250618_194009-20250619_014009-25.000000-30.000000.png,2025-06-18T19:40:09,2025-06-19T01:40:09,25.0,30.0,2025-06-18T22:40:09,27.5,10.889673808393,79.020806600637,NOISE,2025-06-18T22:40:09,27.5,10.889673808393,79.020806600637,NOISE,2025-06-18T22:40:09,27.5,10.889673808393,79.020806600637,NOISE,2025-06-18T22:40:09,27.5,10.889673808393,79.020806600637,NOISE
2026-04-28T09:29:40.246137,Map-Energy__sum__linear-conv00396-20250619_014009-20250619_074009-25.000000-30.000000.png,2025-06-19T01:40:09,2025-06-19T07:40:09,25.0,30.0,2025-06-19T04:40:09,27.5,10.889673808393,79.020806600637,NOISE,2025-06-19T04:40:09,27.5,10.889673808393,79.020806600637,NOISE,2025-06-19T04:40:09,27.5,10.889673808393,79.020806600637,NOISE,2025-06-19T04:40:09,27.5,10.889673808393,79.020806600637,NOISE
2026-04-28T09:29:41.582050,Map-Energy__sum__linear-conv00406-20250619_074009-20250619_134009-25.000000-30.000000.png,2025-06-19T07:40:09,2025-06-19T13:40:09,25.0,30.0,2025-06-19T10:40:09,27.5,10.889673808393,79.020806600637,NOISE,2025-06-19T10:40:09,27.5,10.889673808393,79.020806600637,NOISE,2025-06-19T10:40:09,27.5,10.889673808393,79.020806600637,NOISE,2025-06-19T10:40:09,27.5,10.889673808393,79.020806600637,NOISE
2026-04-28T09:29:43.870209,Map-Energy__sum__linear-conv00416-20250619_134009-20250619_194009-25.000000-30.000000.png,2025-06-19T13:40:09,2025-06-19T19:40:09,25.0,30.0,2025-06-19T16:40:09,27.5,10.889673808393,79.020806600637,NOISE,2025-06-19T16:40:09,27.5,10.889673808393,79.020806600637,NOISE,2025-06-19T16:40:09,27.5,10.889673808393,79.020806600637,NOISE,2025-06-19T16:40:09,27.5,10.889673808393,79.020806600637,NOISE
2026-04-28T09:29:44.935879,Map-Energy__sum__linear-conv00426-20250619_194009-20250620_014009-25.000000-30.000000.png,2025-06-19T19:40:09,2025-06-20T01:40:09,25.0,30.0,2025-06-19T22:40:09,27.5,10.889673808393,79.020806600637,NOISE,2025-06-19T22:40:09,27.5,10.889673808393,79.020806600637,NOISE,2025-06-19T22:40:09,27.5,10.889673808393,79.020806600637,NOISE,2025-06-19T22:40:09,27.5,10.889673808393,79.020806600637,NOISE
2026-04-28T09:29:45.990214,Map-Energy__sum__linear-conv00436-20250620_014009-20250620_074009-25.000000-30.000000.png,2025-06-20T01:40:09,2025-06-20T07:40:09,25.0,30.0,2025-06-20T04:40:09,27.5,10.889673808393,79.020806600637,NOISE,2025-06-20T04:40:09,27.5,10.889673808393,79.020806600637,NOISE,2025-06-20T04:40:09,27.5,10.889673808393,79.020806600637,NOISE,2025-06-20T04:40:09,27.5,10.889673808393,79.020806600637,NOISE
2026-04-28T09:29:53.237978,Map-Energy__sum__linear-conv00446-20250620_074009-20250620_134009-25.000000-30.000000.png,2025-06-20T07:40:09,2025-06-20T13:40:09,25.0,30.0,2025-06-20T10:40:09,27.5,10.889673808393,79.020806600637,NOISE,2025-06-20T10:40:09,27.5,10.889673808393,79.020806600637,NOISE,2025-06-20T10:40:09,27.5,10.889673808393,79.020806600637,NOISE,2025-06-20T10:40:09,27.5,10.889673808393,79.020806600637,NOISE
2026-04-28T09:29:54.213889,Map-Energy__sum__linear-conv00456-20250620_134009-20250620_194009-25.000000-30.000000.png,2025-06-20T13:40:09,2025-06-20T19:40:09,25.0,30.0,2025-06-20T16:40:09,27.5,10.889673808393,79.020806600637,NOISE,2025-06-20T16:40:09,27.5,10.889673808393,79.020806600637,NOISE,2025-06-20T16:40:09,27.5,10.889673808393,79.020806600637,NOISE,2025-06-20T16:40:09,27.5,10.889673808393,79.020806600637,NOISE
2026-04-28T09:29:56.198119,Map-Energy__sum__linear-conv00466-20250620_194009-20250621_014009-25.000000-30.000000.png,2025-06-20T19:40:09,2025-06-21T01:40:09,25.0,30.0,2025-06-20T22:40:09,27.5,10.889673808393,79.020806600637,NOISE,2025-06-20T22:40:09,27.5,10.889673808393,79.020806600637,NOISE,2025-06-20T22:40:09,27.5,10.889673808393,79.020806600637,NOISE,2025-06-20T22:40:09,27.5,10.889673808393,79.020806600637,NOISE
2026-04-28T09:29:58.477942,Map-Energy__sum__linear-conv00476-20250621_014009-20250621_074009-25.000000-30.000000.png,2025-06-21T01:40:09,2025-06-21T07:40:09,25.0,30.0,2025-06-21T04:40:09,27.5,10.889673808393,79.020806600637,NOISE,2025-06-21T04:40:09,27.5,10.889673808393,79.020806600637,NOISE,2025-06-21T04:40:09,27.5,10.889673808393,79.020806600637,NOISE,2025-06-21T04:40:09,27.5,10.889673808393,79.020806600637,NOISE
2026-04-28T09:30:01.118281,Map-Energy__sum__linear-conv00486-20250621_074009-20250621_134009-25.000000-30.000000.png,2025-06-21T07:40:09,2025-06-21T13:40:09,25.0,30.0,2025-06-21T10:40:09,27.5,10.889673808393,79.020806600637,NOISE,2025-06-21T10:40:09,27.5,10.889673808393,79.020806600637,NOISE,2025-06-21T10:40:09,27.5,10.889673808393,79.020806600637,NOISE,2025-06-21T10:40:09,27.5,10.889673808393,79.020806600637,NOISE
2026-04-28T09:30:03.469645,Map-Energy__sum__linear-conv00496-20250621_134009-20250621_194009-25.000000-30.000000.png,2025-06-21T13:40:09,2025-06-21T19:40:09,25.0,30.0,2025-06-21T16:40:09,27.5,10.889673808393,79.020806600637,NOISE,2025-06-21T16:40:09,27.5,10.889673808393,79.020806600637,NOISE,2025-06-21T16:40:09,27.5,10.889673808393,79.020806600637,NOISE,2025-06-21T16:40:09,27.5,10.889673808393,79.020806600637,NOISE
2026-04-28T09:30:07.565981,Map-Energy__sum__linear-conv00506-20250621_194009-20250622_014009-25.000000-30.000000.png,2025-06-21T19:40:09,2025-06-22T01:40:09,25.0,30.0,2025-06-21T22:40:09,27.5,10.889673808393,79.020806600637,NOISE,2025-06-21T22:40:09,27.5,10.889673808393,79.020806600637,NOISE,2025-06-21T22:40:09,27.5,10.889673808393,79.020806600637,NOISE,2025-06-21T22:40:09,27.5,10.889673808393,79.020806600637,NOISE
2026-04-28T09:30:09.182203,Map-Energy__sum__linear-conv00516-20250622_014009-20250622_074009-25.000000-30.000000.png,2025-06-22T01:40:09,2025-06-22T07:40:09,25.0,30.0,2025-06-22T04:40:09,27.5,10.889673808393,79.020806600637,NOISE,2025-06-22T04:40:09,27.5,10.889673808393,79.020806600637,NOISE,2025-06-22T04:40:09,27.5,10.889673808393,79.020806600637,NOISE,2025-06-22T04:40:09,27.5,10.889673808393,79.020806600637,NOISE
2026-04-28T09:30:10.798235,Map-Energy__sum__linear-conv00526-20250622_074009-20250622_134009-25.000000-30.000000.png,2025-06-22T07:40:09,2025-06-22T13:40:09,25.0,30.0,2025-06-22T10:40:09,27.5,10.889673808393,79.020806600637,NOISE,2025-06-22T10:40:09,27.5,10.889673808393,79.020806600637,NOISE,2025-06-22T10:40:09,27.5,10.889673808393,79.020806600637,NOISE,2025-06-22T10:40:09,27.5,10.889673808393,79.020806600637,NOISE
2026-04-28T09:30:12.325955,Map-Energy__sum__linear-conv00536-20250622_134009-20250622_194009-25.000000-30.000000.png,2025-06-22T13:40:09,2025-06-22T19:40:09,25.0,30.0,2025-06-22T16:40:09,27.5,10.889673808393,79.020806600637,NOISE,2025-06-22T16:40:09,27.5,10.889673808393,79.020806600637,NOISE,2025-06-22T16:40:09,27.5,10.889673808393,79.020806600637,NOISE,2025-06-22T16:40:09,27.5,10.889673808393,79.020806600637,NOISE
2026-04-28T09:30:17.717901,Map-Energy__sum__linear-conv00546-20250622_194009-20250623_014009-25.000000-30.000000.png,2025-06-22T19:40:09,2025-06-23T01:40:09,25.0,30.0,2025-06-22T22:40:09,27.5,10.889673808393,79.020806600637,NOISE,2025-06-22T22:40:09,27.5,10.889673808393,79.020806600637,NOISE,2025-06-22T22:40:09,27.5,10.889673808393,79.020806600637,NOISE,2025-06-22T22:40:09,27.5,10.889673808393,79.020806600637,NOISE
2026-04-28T09:30:19.373887,Map-Energy__sum__linear-conv00556-20250623_014009-20250623_074009-25.000000-30.000000.png,2025-06-23T01:40:09,2025-06-23T07:40:09,25.0,30.0,2025-06-23T04:40:09,27.5,10.889673808393,79.020806600637,NOISE,2025-06-23T04:40:09,27.5,10.889673808393,79.020806600637,NOISE,2025-06-23T04:40:09,27.5,10.889673808393,79.020806600637,NOISE,2025-06-23T04:40:09,27.5,10.889673808393,79.020806600637,NOISE
2026-04-28T09:30:22.246250,Map-Energy__sum__linear-conv00566-20250623_074009-20250623_134009-25.000000-30.000000.png,2025-06-23T07:40:09,2025-06-23T13:40:09,25.0,30.0,2025-06-23T10:40:09,27.5,10.889673808393,79.020806600637,NOISE,2025-06-23T10:40:09,27.5,10.889673808393,79.020806600637,NOISE,2025-06-23T10:40:09,27.5,10.889673808393,79.020806600637,NOISE,2025-06-23T10:40:09,27.5,10.889673808393,79.020806600637,NOISE
2026-04-28T09:30:24.134253,Map-Energy__sum__linear-conv00576-20250623_134009-20250623_194009-25.000000-30.000000.png,2025-06-23T13:40:09,2025-06-23T19:40:09,25.0,30.0,2025-06-23T16:40:09,27.5,10.889673808393,79.020806600637,NOISE,2025-06-23T16:40:09,27.5,10.889673808393,79.020806600637,NOISE,2025-06-23T16:40:09,27.5,10.889673808393,79.020806600637,NOISE,2025-06-23T16:40:09,27.5,10.889673808393,79.020806600637,NOISE
2026-04-28T09:30:26.902171,Map-Energy__sum__linear-conv00586-20250623_134009-20250623_194009-25.000000-30.000000.png,2025-06-23T13:40:09,2025-06-23T19:40:09,25.0,30.0,2025-06-23T16:40:09,27.5,10.889673808393,79.020806600637,NOISE,2025-06-23T16:40:09,27.5,10.889673808393,79.020806600637,NOISE,2025-06-23T16:40:09,27.5,10.889673808393,79.020806600637,NOISE,2025-06-23T16:40:09,27.5,10.889673808393,79.020806600637,NOISE
2026-04-28T09:30:29.574062,Map-Energy__sum__linear-conv00596-20250623_194009-20250624_014009-25.000000-30.000000.png,2025-06-23T19:40:09,2025-06-24T01:40:09,25.0,30.0,2025-06-23T22:40:09,27.5,10.889673808393,79.020806600637,NOISE,2025-06-23T22:40:09,27.5,10.889673808393,79.020806600637,NOISE,2025-06-23T22:40:09,27.5,10.889673808393,79.020806600637,NOISE,2025-06-23T22:40:09,27.5,10.889673808393,79.020806600637,NOISE
2026-04-28T09:30:31.710100,Map-Energy__sum__linear-conv00606-20250624_014009-20250624_074009-25.000000-30.000000.png,2025-06-24T01:40:09,2025-06-24T07:40:09,25.0,30.0,2025-06-24T04:40:09,27.5,10.889673808393,79.020806600637,NOISE,2025-06-24T04:40:09,27.5,10.889673808393,79.020806600637,NOISE,2025-06-24T04:40:09,27.5,10.889673808393,79.020806600637,NOISE,2025-06-24T04:40:09,27.5,10.889673808393,79.020806600637,NOISE
2026-04-28T09:30:33.054063,Map-Energy__sum__linear-conv00616-20250624_074009-20250624_134009-25.000000-30.000000.png,2025-06-24T07:40:09,2025-06-24T13:40:09,25.0,30.0,2025-06-24T10:40:09,27.5,10.889673808393,79.020806600637,NOISE,2025-06-24T10:40:09,27.5,10.889673808393,79.020806600637,NOISE,2025-06-24T10:40:09,27.5,10.889673808393,79.020806600637,NOISE,2025-06-24T10:40:09,27.5,10.889673808393,79.020806600637,NOISE
2026-04-28T09:30:34.150080,Map-Energy__sum__linear-conv00007-20250609_134009-20250609_194009-30.000000-35.000000.png,2025-06-09T13:40:09,2025-06-09T19:40:09,30.0,35.0,2025-06-09T16:40:09,32.5,10.6593790614908,79.0131989106931,NOISE,2025-06-09T16:40:09,32.5,10.6593790614908,79.0131989106931,NOISE,2025-06-09T16:40:09,32.5,10.6593790614908,79.0131989106931,NOISE,2025-06-09T16:40:09,32.5,10.6593790614908,79.0131989106931,NOISE
2026-04-28T09:30:35.054141,Map-Energy__sum__linear-conv00017-20250609_194009-20250610_014009-30.000000-35.000000.png,2025-06-09T19:40:09,2025-06-10T01:40:09,30.0,35.0,2025-06-09T22:40:09,32.5,10.6593790614908,79.0131989106931,NOISE,2025-06-09T22:40:09,32.5,10.6593790614908,79.0131989106931,NOISE,2025-06-09T22:40:09,32.5,10.6593790614908,79.0131989106931,NOISE,2025-06-09T22:40:09,32.5,10.6593790614908,79.0131989106931,NOISE
2026-04-28T09:30:36.006197,Map-Energy__sum__linear-conv00027-20250610_014009-20250610_074009-30.000000-35.000000.png,2025-06-10T01:40:09,2025-06-10T07:40:09,30.0,35.0,2025-06-10T04:40:09,32.5,10.6593790614908,79.0131989106931,NOISE,2025-06-10T04:40:09,32.5,10.6593790614908,79.0131989106931,NOISE,2025-06-10T04:40:09,32.5,10.6593790614908,79.0131989106931,NOISE,2025-06-10T04:40:09,32.5,10.6593790614908,79.0131989106931,NOISE
2026-04-28T09:30:37.007165,Map-Energy__sum__linear-conv00037-20250610_074009-20250610_134009-30.000000-35.000000.png,2025-06-10T07:40:09,2025-06-10T13:40:09,30.0,35.0,2025-06-10T10:40:09,32.5,10.6593790614908,79.0131989106931,NOISE,2025-06-10T10:40:09,32.5,10.6593790614908,79.0131989106931,NOISE,2025-06-10T10:40:09,32.5,10.6593790614908,79.0131989106931,NOISE,2025-06-10T10:40:09,32.5,10.6593790614908,79.0131989106931,NOISE
2026-04-28T09:30:43.078400,Map-Energy__sum__linear-conv00047-20250610_134009-20250610_194009-30.000000-35.000000.png,2025-06-10T13:40:09,2025-06-10T19:40:09,30.0,35.0,2025-06-10T16:40:09,32.5,10.6593790614908,79.0131989106931,NOISE,2025-06-10T16:40:09,32.5,10.6593790614908,79.0131989106931,NOISE,2025-06-10T16:40:09,32.5,10.6593790614908,79.0131989106931,NOISE,2025-06-10T16:40:09,32.5,10.6593790614908,79.0131989106931,NOISE
2026-04-28T09:30:44.462245,Map-Energy__sum__linear-conv00057-20250610_194009-20250611_014009-30.000000-35.000000.png,2025-06-10T19:40:09,2025-06-11T01:40:09,30.0,35.0,2025-06-10T22:40:09,32.5,10.6593790614908,79.0131989106931,NOISE,2025-06-10T22:40:09,32.5,10.6593790614908,79.0131989106931,NOISE,2025-06-10T22:40:09,32.5,10.6593790614908,79.0131989106931,NOISE,2025-06-10T22:40:09,32.5,10.6593790614908,79.0131989106931,NOISE
2026-04-28T09:30:45.334036,Map-Energy__sum__linear-conv00067-20250611_014009-20250611_074009-30.000000-35.000000.png,2025-06-11T01:40:09,2025-06-11T07:40:09,30.0,35.0,2025-06-11T04:40:09,32.5,10.6593790614908,79.0131989106931,NOISE,2025-06-11T04:40:09,32.5,10.6593790614908,79.0131989106931,NOISE,2025-06-11T04:40:09,32.5,10.6593790614908,79.0131989106931,NOISE,2025-06-11T04:40:09,32.5,10.6593790614908,79.0131989106931,NOISE
2026-04-28T09:30:46.061974,Map-Energy__sum__linear-conv00077-20250611_074009-20250611_134009-30.000000-35.000000.png,2025-06-11T07:40:09,2025-06-11T13:40:09,30.0,35.0,2025-06-11T10:40:09,32.5,10.6593790614908,79.0131989106931,NOISE,2025-06-11T10:40:09,32.5,10.6593790614908,79.0131989106931,NOISE,2025-06-11T10:40:09,32.5,10.6593790614908,79.0131989106931,NOISE,2025-06-11T10:40:09,32.5,10.6593790614908,79.0131989106931,NOISE
2026-04-28T09:30:46.790212,Map-Energy__sum__linear-conv00087-20250611_134009-20250611_194009-30.000000-35.000000.png,2025-06-11T13:40:09,2025-06-11T19:40:09,30.0,35.0,2025-06-11T16:40:09,32.5,10.6593790614908,79.0131989106931,NOISE,2025-06-11T16:40:09,32.5,10.6593790614908,79.0131989106931,NOISE,2025-06-11T16:40:09,32.5,10.6593790614908,79.0131989106931,NOISE,2025-06-11T16:40:09,32.5,10.6593790614908,79.0131989106931,NOISE
2026-04-28T09:30:47.526145,Map-Energy__sum__linear-conv00097-20250611_194009-20250612_014009-30.000000-35.000000.png,2025-06-11T19:40:09,2025-06-12T01:40:09,30.0,35.0,2025-06-11T22:40:09,32.5,10.6593790614908,79.0131989106931,NOISE,2025-06-11T22:40:09,32.5,10.6593790614908,79.0131989106931,NOISE,2025-06-11T22:40:09,32.5,10.6593790614908,79.0131989106931,NOISE,2025-06-11T22:40:09,32.5,10.6593790614908,79.0131989106931,NOISE
2026-04-28T09:30:48.230179,Map-Energy__sum__linear-conv00107-20250612_014009-20250612_074009-30.000000-35.000000.png,2025-06-12T01:40:09,2025-06-12T07:40:09,30.0,35.0,2025-06-12T04:40:09,32.5,10.6593790614908,79.0131989106931,NOISE,2025-06-12T04:40:09,32.5,10.6593790614908,79.0131989106931,NOISE,2025-06-12T04:40:09,32.5,10.6593790614908,79.0131989106931,NOISE,2025-06-12T04:40:09,32.5,10.6593790614908,79.0131989106931,NOISE
2026-04-28T09:30:50.958104,Map-Energy__sum__linear-conv00117-20250612_074009-20250612_134009-30.000000-35.000000.png,2025-06-12T07:40:09,2025-06-12T13:40:09,30.0,35.0,2025-06-12T10:40:09,32.5,10.6593790614908,79.0131989106931,NOISE,2025-06-12T10:40:09,32.5,10.6593790614908,79.0131989106931,NOISE,2025-06-12T10:40:09,32.5,10.6593790614908,79.0131989106931,NOISE,2025-06-12T10:40:09,32.5,10.6593790614908,79.0131989106931,NOISE
2026-04-28T09:30:52.798021,Map-Energy__sum__linear-conv00127-20250612_134009-20250612_194009-30.000000-35.000000.png,2025-06-12T13:40:09,2025-06-12T19:40:09,30.0,35.0,2025-06-12T16:40:09,32.5,10.6593790614908,79.0131989106931,NOISE,2025-06-12T16:40:09,32.5,10.6593790614908,79.0131989106931,NOISE,2025-06-12T16:40:09,32.5,10.6593790614908,79.0131989106931,NOISE,2025-06-12T16:40:09,32.5,10.6593790614908,79.0131989106931,NOISE
2026-04-28T09:30:54.253891,Map-Energy__sum__linear-conv00137-20250612_194009-20250613_014009-30.000000-35.000000.png,2025-06-12T19:40:09,2025-06-13T01:40:09,30.0,35.0,2025-06-12T22:40:09,32.5,10.6593790614908,79.0131989106931,NOISE,2025-06-12T22:40:09,32.5,10.6593790614908,79.0131989106931,NOISE,2025-06-12T22:40:09,32.5,10.6593790614908,79.0131989106931,NOISE,2025-06-12T22:40:09,32.5,10.6593790614908,79.0131989106931,NOISE
2026-04-28T09:30:54.741810,Map-Energy__sum__linear-conv00147-20250613_014009-20250613_074009-30.000000-35.000000.png,2025-06-13T01:40:09,2025-06-13T07:40:09,30.0,35.0,2025-06-13T04:40:09,32.5,10.6593790614908,79.0131989106931,NOISE,2025-06-13T04:40:09,32.5,10.6593790614908,79.0131989106931,NOISE,2025-06-13T04:40:09,32.5,10.6593790614908,79.0131989106931,NOISE,2025-06-13T04:40:09,32.5,10.6593790614908,79.0131989106931,NOISE
2026-04-28T09:30:56.446360,Map-Energy__sum__linear-conv00157-20250613_074009-20250613_134009-30.000000-35.000000.png,2025-06-13T07:40:09,2025-06-13T13:40:09,30.0,35.0,2025-06-13T10:40:09,32.5,10.6593790614908,79.0131989106931,NOISE,2025-06-13T10:40:09,32.5,10.6593790614908,79.0131989106931,NOISE,2025-06-13T10:40:09,32.5,10.6593790614908,79.0131989106931,NOISE,2025-06-13T10:40:09,32.5,10.6593790614908,79.0131989106931,NOISE
2026-04-28T09:30:58.110463,Map-Energy__sum__linear-conv00167-20250613_134009-20250613_194009-30.000000-35.000000.png,2025-06-13T13:40:09,2025-06-13T19:40:09,30.0,35.0,2025-06-13T16:40:09,32.5,10.6593790614908,79.0131989106931,NOISE,2025-06-13T16:40:09,32.5,10.6593790614908,79.0131989106931,NOISE,2025-06-13T16:40:09,32.5,10.6593790614908,79.0131989106931,NOISE,2025-06-13T16:40:09,32.5,10.6593790614908,79.0131989106931,NOISE
2026-04-28T09:31:00.046243,Map-Energy__sum__linear-conv00177-20250613_194009-20250614_014009-30.000000-35.000000.png,2025-06-13T19:40:09,2025-06-14T01:40:09,30.0,35.0,2025-06-13T22:40:09,32.5,10.6593790614908,79.0131989106931,NOISE,2025-06-13T22:40:09,32.5,10.6593790614908,79.0131989106931,NOISE,2025-06-13T22:40:09,32.5,10.6593790614908,79.0131989106931,NOISE,2025-06-13T22:40:09,32.5,10.6593790614908,79.0131989106931,NOISE
2026-04-28T09:31:01.310102,Map-Energy__sum__linear-conv00187-20250614_014009-20250614_074009-30.000000-35.000000.png,2025-06-14T01:40:09,2025-06-14T07:40:09,30.0,35.0,2025-06-14T04:40:09,32.5,10.6593790614908,79.0131989106931,NOISE,2025-06-14T04:40:09,32.5,10.6593790614908,79.0131989106931,NOISE,2025-06-14T04:40:09,32.5,10.6593790614908,79.0131989106931,NOISE,2025-06-14T04:40:09,32.5,10.6593790614908,79.0131989106931,NOISE
2026-04-28T09:31:03.094145,Map-Energy__sum__linear-conv00197-20250614_074009-20250614_134009-30.000000-35.000000.png,2025-06-14T07:40:09,2025-06-14T13:40:09,30.0,35.0,2025-06-14T10:40:09,32.5,10.6593790614908,79.0131989106931,NOISE,2025-06-14T10:40:09,32.5,10.6593790614908,79.0131989106931,NOISE,2025-06-14T10:40:09,32.5,10.6593790614908,79.0131989106931,NOISE,2025-06-14T10:40:09,32.5,10.6593790614908,79.0131989106931,NOISE
2026-04-28T09:31:05.326262,Map-Energy__sum__linear-conv00207-20250614_134009-20250614_194009-30.000000-35.000000.png,2025-06-14T13:40:09,2025-06-14T19:40:09,30.0,35.0,2025-06-14T16:40:09,32.5,10.6593790614908,79.0131989106931,NOISE,2025-06-14T16:40:09,32.5,10.6593790614908,79.0131989106931,NOISE,2025-06-14T16:40:09,32.5,10.6593790614908,79.0131989106931,NOISE,2025-06-14T16:40:09,32.5,10.6593790614908,79.0131989106931,NOISE
2026-04-28T09:31:07.437970,Map-Energy__sum__linear-conv00217-20250614_194009-20250615_014009-30.000000-35.000000.png,2025-06-14T19:40:09,2025-06-15T01:40:09,30.0,35.0,2025-06-14T22:40:09,32.5,10.6593790614908,79.0131989106931,NOISE,2025-06-14T22:40:09,32.5,10.6593790614908,79.0131989106931,NOISE,2025-06-14T22:40:09,32.5,10.6593790614908,79.0131989106931,NOISE,2025-06-14T22:40:09,32.5,10.6593790614908,79.0131989106931,NOISE
2026-04-28T09:31:09.334013,Map-Energy__sum__linear-conv00227-20250615_014009-20250615_074009-30.000000-35.000000.png,2025-06-15T01:40:09,2025-06-15T07:40:09,30.0,35.0,2025-06-15T04:40:09,32.5,10.6593790614908,79.0131989106931,NOISE,2025-06-15T04:40:09,32.5,10.6593790614908,79.0131989106931,NOISE,2025-06-15T04:40:09,32.5,10.6593790614908,79.0131989106931,NOISE,2025-06-15T04:40:09,32.5,10.6593790614908,79.0131989106931,NOISE
2026-04-28T09:31:11.350603,Map-Energy__sum__linear-conv00237-20250615_074009-20250615_134009-30.000000-35.000000.png,2025-06-15T07:40:09,2025-06-15T13:40:09,30.0,35.0,2025-06-15T10:40:09,32.5,10.6593790614908,79.0131989106931,NOISE,2025-06-15T10:40:09,32.5,10.6593790614908,79.0131989106931,NOISE,2025-06-15T10:40:09,32.5,10.6593790614908,79.0131989106931,NOISE,2025-06-15T10:40:09,32.5,10.6593790614908,79.0131989106931,NOISE
2026-04-28T09:31:13.926166,Map-Energy__sum__linear-conv00247-20250615_134009-20250615_194009-30.000000-35.000000.png,2025-06-15T13:40:09,2025-06-15T19:40:09,30.0,35.0,2025-06-15T16:40:09,32.5,10.6593790614908,79.0131989106931,NOISE,2025-06-15T16:40:09,32.5,10.6593790614908,79.0131989106931,NOISE,2025-06-15T16:40:09,32.5,10.6593790614908,79.0131989106931,NOISE,2025-06-15T16:40:09,32.5,10.6593790614908,79.0131989106931,NOISE
2026-04-28T09:31:15.933833,Map-Energy__sum__linear-conv00257-20250615_194009-20250616_014009-30.000000-35.000000.png,2025-06-15T19:40:09,2025-06-16T01:40:09,30.0,35.0,2025-06-15T22:40:09,32.5,10.6593790614908,79.0131989106931,NOISE,2025-06-15T22:40:09,32.5,10.6593790614908,79.0131989106931,NOISE,2025-06-15T22:40:09,32.5,10.6593790614908,79.0131989106931,NOISE,2025-06-15T22:40:09,32.5,10.6593790614908,79.0131989106931,NOISE
2026-04-28T09:32:01.493884,Map-Energy__sum__linear-conv00267-20250616_014009-20250616_074009-30.000000-35.000000.png,2025-06-16T01:40:09,2025-06-16T07:40:09,30.0,35.0,2025-06-16T04:40:09,32.5,10.6593790614908,79.0131989106931,NOISE,2025-06-16T04:40:09,32.5,10.6593790614908,79.0131989106931,NOISE,2025-06-16T04:40:09,32.5,10.6593790614908,79.0131989106931,NOISE,2025-06-16T04:40:09,32.5,10.6593790614908,79.0131989106931,NOISE
2026-04-28T09:32:02.326161,Map-Energy__sum__linear-conv00277-20250616_074009-20250616_134009-30.000000-35.000000.png,2025-06-16T07:40:09,2025-06-16T13:40:09,30.0,35.0,2025-06-16T10:40:09,32.5,10.6593790614908,79.0131989106931,NOISE,2025-06-16T10:40:09,32.5,10.6593790614908,79.0131989106931,NOISE,2025-06-16T10:40:09,32.5,10.6593790614908,79.0131989106931,NOISE,2025-06-16T10:40:09,32.5,10.6593790614908,79.0131989106931,NOISE
2026-04-28T09:32:03.246138,Map-Energy__sum__linear-conv00287-20250616_134009-20250616_194009-30.000000-35.000000.png,2025-06-16T13:40:09,2025-06-16T19:40:09,30.0,35.0,2025-06-16T16:40:09,32.5,10.6593790614908,79.0131989106931,NOISE,2025-06-16T16:40:09,32.5,10.6593790614908,79.0131989106931,NOISE,2025-06-16T16:40:09,32.5,10.6593790614908,79.0131989106931,NOISE,2025-06-16T16:40:09,32.5,10.6593790614908,79.0131989106931,NOISE
2026-04-28T09:32:04.453950,Map-Energy__sum__linear-conv00297-20250616_134009-20250616_194009-30.000000-35.000000.png,2025-06-16T13:40:09,2025-06-16T19:40:09,30.0,35.0,2025-06-16T16:40:09,32.5,10.6593790614908,79.0131989106931,NOISE,2025-06-16T16:40:09,32.5,10.6593790614908,79.0131989106931,NOISE,2025-06-16T16:40:09,32.5,10.6593790614908,79.0131989106931,NOISE,2025-06-16T16:40:09,32.5,10.6593790614908,79.0131989106931,NOISE
2026-04-28T09:32:05.685954,Map-Energy__sum__linear-conv00307-20250616_194009-20250617_014009-30.000000-35.000000.png,2025-06-16T19:40:09,2025-06-17T01:40:09,30.0,35.0,2025-06-16T22:40:09,32.5,10.6593790614908,79.0131989106931,NOISE,2025-06-16T22:40:09,32.5,10.6593790614908,79.0131989106931,NOISE,2025-06-16T22:40:09,32.5,10.6593790614908,79.0131989106931,NOISE,2025-06-16T22:40:09,32.5,10.6593790614908,79.0131989106931,NOISE
2026-04-28T09:32:07.406070,Map-Energy__sum__linear-conv00317-20250617_014009-20250617_074009-30.000000-35.000000.png,2025-06-17T01:40:09,2025-06-17T07:40:09,30.0,35.0,2025-06-17T04:40:09,32.5,10.6593790614908,79.0131989106931,NOISE,2025-06-17T04:40:09,32.5,10.6593790614908,79.0131989106931,NOISE,2025-06-17T04:40:09,32.5,10.6593790614908,79.0131989106931,NOISE,2025-06-17T04:40:09,32.5,10.6593790614908,79.0131989106931,NOISE
2026-04-28T09:32:09.990121,Map-Energy__sum__linear-conv00327-20250617_074009-20250617_134009-30.000000-35.000000.png,2025-06-17T07:40:09,2025-06-17T13:40:09,30.0,35.0,2025-06-17T10:40:09,32.5,10.6593790614908,79.0131989106931,NOISE,2025-06-17T10:40:09,32.5,10.6593790614908,79.0131989106931,NOISE,2025-06-17T10:40:09,32.5,10.6593790614908,79.0131989106931,NOISE,2025-06-17T10:40:09,32.5,10.6593790614908,79.0131989106931,NOISE
2026-04-28T09:32:11.918063,Map-Energy__sum__linear-conv00337-20250617_134009-20250617_194009-30.000000-35.000000.png,2025-06-17T13:40:09,2025-06-17T19:40:09,30.0,35.0,2025-06-17T16:40:09,32.5,10.6593790614908,79.0131989106931,NOISE,2025-06-17T16:40:09,32.5,10.6593790614908,79.0131989106931,NOISE,2025-06-17T16:40:09,32.5,10.6593790614908,79.0131989106931,NOISE,2025-06-17T16:40:09,32.5,10.6593790614908,79.0131989106931,NOISE
2026-04-28T09:32:13.021885,Map-Energy__sum__linear-conv00347-20250617_194009-20250618_014009-30.000000-35.000000.png,2025-06-17T19:40:09,2025-06-18T01:40:09,30.0,35.0,2025-06-17T22:40:09,32.5,10.6593790614908,79.0131989106931,NOISE,2025-06-17T22:40:09,32.5,10.6593790614908,79.0131989106931,NOISE,2025-06-17T22:40:09,32.5,10.6593790614908,79.0131989106931,NOISE,2025-06-17T22:40:09,32.5,10.6593790614908,79.0131989106931,NOISE
2026-04-28T09:32:14.422150,Map-Energy__sum__linear-conv00357-20250618_014009-20250618_074009-30.000000-35.000000.png,2025-06-18T01:40:09,2025-06-18T07:40:09,30.0,35.0,2025-06-18T04:40:09,32.5,10.6593790614908,79.0131989106931,NOISE,2025-06-18T04:40:09,32.5,10.6593790614908,79.0131989106931,NOISE,2025-06-18T04:40:09,32.5,10.6593790614908,79.0131989106931,NOISE,2025-06-18T04:40:09,32.5,10.6593790614908,79.0131989106931,NOISE
2026-04-28T09:32:15.542105,Map-Energy__sum__linear-conv00367-20250618_074009-20250618_134009-30.000000-35.000000.png,2025-06-18T07:40:09,2025-06-18T13:40:09,30.0,35.0,2025-06-18T10:40:09,32.5,10.6593790614908,79.0131989106931,NOISE,2025-06-18T10:40:09,32.5,10.6593790614908,79.0131989106931,NOISE,2025-06-18T10:40:09,32.5,10.6593790614908,79.0131989106931,NOISE,2025-06-18T10:40:09,32.5,10.6593790614908,79.0131989106931,NOISE
2026-04-28T09:32:16.550213,Map-Energy__sum__linear-conv00377-20250618_134009-20250618_194009-30.000000-35.000000.png,2025-06-18T13:40:09,2025-06-18T19:40:09,30.0,35.0,2025-06-18T16:40:09,32.5,10.6593790614908,79.0131989106931,NOISE,2025-06-18T16:40:09,32.5,10.6593790614908,79.0131989106931,NOISE,2025-06-18T16:40:09,32.5,10.6593790614908,79.0131989106931,NOISE,2025-06-18T16:40:09,32.5,10.6593790614908,79.0131989106931,NOISE
2026-04-28T09:32:17.757966,Map-Energy__sum__linear-conv00387-20250618_194009-20250619_014009-30.000000-35.000000.png,2025-06-18T19:40:09,2025-06-19T01:40:09,30.0,35.0,2025-06-18T22:40:09,32.5,10.6593790614908,79.0131989106931,NOISE,2025-06-18T22:40:09,32.5,10.6593790614908,79.0131989106931,NOISE,2025-06-18T22:40:09,32.5,10.6593790614908,79.0131989106931,NOISE,2025-06-18T22:40:09,32.5,10.6593790614908,79.0131989106931,NOISE
2026-04-28T09:32:18.782099,Map-Energy__sum__linear-conv00397-20250619_014009-20250619_074009-30.000000-35.000000.png,2025-06-19T01:40:09,2025-06-19T07:40:09,30.0,35.0,2025-06-19T04:40:09,32.5,10.6593790614908,79.0131989106931,NOISE,2025-06-19T04:40:09,32.5,10.6593790614908,79.0131989106931,NOISE,2025-06-19T04:40:09,32.5,10.6593790614908,79.0131989106931,NOISE,2025-06-19T04:40:09,32.5,10.6593790614908,79.0131989106931,NOISE
2026-04-28T09:32:19.862867,Map-Energy__sum__linear-conv00407-20250619_074009-20250619_134009-30.000000-35.000000.png,2025-06-19T07:40:09,2025-06-19T13:40:09,30.0,35.0,2025-06-19T10:40:09,32.5,10.6593790614908,79.0131989106931,NOISE,2025-06-19T10:40:09,32.5,10.6593790614908,79.0131989106931,NOISE,2025-06-19T10:40:09,32.5,10.6593790614908,79.0131989106931,NOISE,2025-06-19T10:40:09,32.5,10.6593790614908,79.0131989106931,NOISE
2026-04-28T09:32:20.822129,Map-Energy__sum__linear-conv00417-20250619_134009-20250619_194009-30.000000-35.000000.png,2025-06-19T13:40:09,2025-06-19T19:40:09,30.0,35.0,2025-06-19T16:40:09,32.5,10.6593790614908,79.0131989106931,NOISE,2025-06-19T16:40:09,32.5,10.6593790614908,79.0131989106931,NOISE,2025-06-19T16:40:09,32.5,10.6593790614908,79.0131989106931,NOISE,2025-06-19T16:40:09,32.5,10.6593790614908,79.0131989106931,NOISE
2026-04-28T09:32:21.734242,Map-Energy__sum__linear-conv00427-20250619_194009-20250620_014009-30.000000-35.000000.png,2025-06-19T19:40:09,2025-06-20T01:40:09,30.0,35.0,2025-06-19T22:40:09,32.5,10.6593790614908,79.0131989106931,NOISE,2025-06-19T22:40:09,32.5,10.6593790614908,79.0131989106931,NOISE,2025-06-19T22:40:09,32.5,10.6593790614908,79.0131989106931,NOISE,2025-06-19T22:40:09,32.5,10.6593790614908,79.0131989106931,NOISE
2026-04-28T09:32:22.622183,Map-Energy__sum__linear-conv00437-20250620_014009-20250620_074009-30.000000-35.000000.png,2025-06-20T01:40:09,2025-06-20T07:40:09,30.0,35.0,2025-06-20T04:40:09,32.5,10.6593790614908,79.0131989106931,NOISE,2025-06-20T04:40:09,32.5,10.6593790614908,79.0131989106931,NOISE,2025-06-20T04:40:09,32.5,10.6593790614908,79.0131989106931,NOISE,2025-06-20T04:40:09,32.5,10.6593790614908,79.0131989106931,NOISE
2026-04-28T09:32:23.990351,Map-Energy__sum__linear-conv00447-20250620_074009-20250620_134009-30.000000-35.000000.png,2025-06-20T07:40:09,2025-06-20T13:40:09,30.0,35.0,2025-06-20T10:40:09,32.5,10.6593790614908,79.0131989106931,NOISE,2025-06-20T10:40:09,32.5,10.6593790614908,79.0131989106931,NOISE,2025-06-20T10:40:09,32.5,10.6593790614908,79.0131989106931,NOISE,2025-06-20T10:40:09,32.5,10.6593790614908,79.0131989106931,NOISE
2026-04-28T09:32:24.918176,Map-Energy__sum__linear-conv00457-20250620_134009-20250620_194009-30.000000-35.000000.png,2025-06-20T13:40:09,2025-06-20T19:40:09,30.0,35.0,2025-06-20T16:40:09,32.5,10.6593790614908,79.0131989106931,NOISE,2025-06-20T16:40:09,32.5,10.6593790614908,79.0131989106931,NOISE,2025-06-20T16:40:09,32.5,10.6593790614908,79.0131989106931,NOISE,2025-06-20T16:40:09,32.5,10.6593790614908,79.0131989106931,NOISE
2026-04-28T09:32:26.109815,Map-Energy__sum__linear-conv00467-20250620_194009-20250621_014009-30.000000-35.000000.png,2025-06-20T19:40:09,2025-06-21T01:40:09,30.0,35.0,2025-06-20T22:40:09,32.5,10.6593790614908,79.0131989106931,NOISE,2025-06-20T22:40:09,32.5,10.6593790614908,79.0131989106931,NOISE,2025-06-20T22:40:09,32.5,10.6593790614908,79.0131989106931,NOISE,2025-06-20T22:40:09,32.5,10.6593790614908,79.0131989106931,NOISE
2026-04-28T09:32:27.413952,Map-Energy__sum__linear-conv00477-20250621_014009-20250621_074009-30.000000-35.000000.png,2025-06-21T01:40:09,2025-06-21T07:40:09,30.0,35.0,2025-06-21T04:40:09,32.5,10.6593790614908,79.0131989106931,NOISE,2025-06-21T04:40:09,32.5,10.6593790614908,79.0131989106931,NOISE,2025-06-21T04:40:09,32.5,10.6593790614908,79.0131989106931,NOISE,2025-06-21T04:40:09,32.5,10.6593790614908,79.0131989106931,NOISE
2026-04-28T09:32:28.837948,Map-Energy__sum__linear-conv00487-20250621_074009-20250621_134009-30.000000-35.000000.png,2025-06-21T07:40:09,2025-06-21T13:40:09,30.0,35.0,2025-06-21T10:40:09,32.5,10.6593790614908,79.0131989106931,NOISE,2025-06-21T10:40:09,32.5,10.6593790614908,79.0131989106931,NOISE,2025-06-21T10:40:09,32.5,10.6593790614908,79.0131989106931,NOISE,2025-06-21T10:40:09,32.5,10.6593790614908,79.0131989106931,NOISE
2026-04-28T09:32:30.022006,Map-Energy__sum__linear-conv00497-20250621_134009-20250621_194009-30.000000-35.000000.png,2025-06-21T13:40:09,2025-06-21T19:40:09,30.0,35.0,2025-06-21T16:40:09,32.5,10.6593790614908,79.0131989106931,NOISE,2025-06-21T16:40:09,32.5,10.6593790614908,79.0131989106931,NOISE,2025-06-21T16:40:09,32.5,10.6593790614908,79.0131989106931,NOISE,2025-06-21T16:40:09,32.5,10.6593790614908,79.0131989106931,NOISE
2026-04-28T09:32:31.926159,Map-Energy__sum__linear-conv00507-20250621_194009-20250622_014009-30.000000-35.000000.png,2025-06-21T19:40:09,2025-06-22T01:40:09,30.0,35.0,2025-06-21T22:40:09,32.5,10.6593790614908,79.0131989106931,NOISE,2025-06-21T22:40:09,32.5,10.6593790614908,79.0131989106931,NOISE,2025-06-21T22:40:09,32.5,10.6593790614908,79.0131989106931,NOISE,2025-06-21T22:40:09,32.5,10.6593790614908,79.0131989106931,NOISE
2026-04-28T09:32:33.494651,Map-Energy__sum__linear-conv00517-20250622_014009-20250622_074009-30.000000-35.000000.png,2025-06-22T01:40:09,2025-06-22T07:40:09,30.0,35.0,2025-06-22T04:40:09,32.5,10.6593790614908,79.0131989106931,NOISE,2025-06-22T04:40:09,32.5,10.6593790614908,79.0131989106931,NOISE,2025-06-22T04:40:09,32.5,10.6593790614908,79.0131989106931,NOISE,2025-06-22T04:40:09,32.5,10.6593790614908,79.0131989106931,NOISE
2026-04-28T09:32:34.646190,Map-Energy__sum__linear-conv00527-20250622_074009-20250622_134009-30.000000-35.000000.png,2025-06-22T07:40:09,2025-06-22T13:40:09,30.0,35.0,2025-06-22T10:40:09,32.5,10.6593790614908,79.0131989106931,NOISE,2025-06-22T10:40:09,32.5,10.6593790614908,79.0131989106931,NOISE,2025-06-22T10:40:09,32.5,10.6593790614908,79.0131989106931,NOISE,2025-06-22T10:40:09,32.5,10.6593790614908,79.0131989106931,NOISE
2026-04-28T09:32:35.694484,Map-Energy__sum__linear-conv00537-20250622_134009-20250622_194009-30.000000-35.000000.png,2025-06-22T13:40:09,2025-06-22T19:40:09,30.0,35.0,2025-06-22T16:40:09,32.5,10.6593790614908,79.0131989106931,NOISE,2025-06-22T16:40:09,32.5,10.6593790614908,79.0131989106931,NOISE,2025-06-22T16:40:09,32.5,10.6593790614908,79.0131989106931,NOISE,2025-06-22T16:40:09,32.5,10.6593790614908,79.0131989106931,NOISE
2026-04-28T09:32:37.006357,Map-Energy__sum__linear-conv00547-20250622_194009-20250623_014009-30.000000-35.000000.png,2025-06-22T19:40:09,2025-06-23T01:40:09,30.0,35.0,2025-06-22T22:40:09,32.5,10.6593790614908,79.0131989106931,NOISE,2025-06-22T22:40:09,32.5,10.6593790614908,79.0131989106931,NOISE,2025-06-22T22:40:09,32.5,10.6593790614908,79.0131989106931,NOISE,2025-06-22T22:40:09,32.5,10.6593790614908,79.0131989106931,NOISE
2026-04-28T09:32:38.102921,Map-Energy__sum__linear-conv00557-20250623_014009-20250623_074009-30.000000-35.000000.png,2025-06-23T01:40:09,2025-06-23T07:40:09,30.0,35.0,2025-06-23T04:40:09,32.5,10.6593790614908,79.0131989106931,NOISE,2025-06-23T04:40:09,32.5,10.6593790614908,79.0131989106931,NOISE,2025-06-23T04:40:09,32.5,10.6593790614908,79.0131989106931,NOISE,2025-06-23T04:40:09,32.5,10.6593790614908,79.0131989106931,NOISE
2026-04-28T09:32:39.277949,Map-Energy__sum__linear-conv00567-20250623_074009-20250623_134009-30.000000-35.000000.png,2025-06-23T07:40:09,2025-06-23T13:40:09,30.0,35.0,2025-06-23T10:40:09,32.5,10.6593790614908,79.0131989106931,NOISE,2025-06-23T10:40:09,32.5,10.6593790614908,79.0131989106931,NOISE,2025-06-23T10:40:09,32.5,10.6593790614908,79.0131989106931,NOISE,2025-06-23T10:40:09,32.5,10.6593790614908,79.0131989106931,NOISE
2026-04-28T09:32:41.134268,Map-Energy__sum__linear-conv00577-20250623_134009-20250623_194009-30.000000-35.000000.png,2025-06-23T13:40:09,2025-06-23T19:40:09,30.0,35.0,2025-06-23T16:40:09,32.5,10.6593790614908,79.0131989106931,NOISE,2025-06-23T16:40:09,32.5,10.6593790614908,79.0131989106931,NOISE,2025-06-23T16:40:09,32.5,10.6593790614908,79.0131989106931,NOISE,2025-06-23T16:40:09,32.5,10.6593790614908,79.0131989106931,NOISE
2026-04-28T09:32:43.030171,Map-Energy__sum__linear-conv00587-20250623_134009-20250623_194009-30.000000-35.000000.png,2025-06-23T13:40:09,2025-06-23T19:40:09,30.0,35.0,2025-06-23T16:40:09,32.5,10.6593790614908,79.0131989106931,NOISE,2025-06-23T16:40:09,32.5,10.6593790614908,79.0131989106931,NOISE,2025-06-23T16:40:09,32.5,10.6593790614908,79.0131989106931,NOISE,2025-06-23T16:40:09,32.5,10.6593790614908,79.0131989106931,NOISE
2026-04-28T09:32:45.048101,Map-Energy__sum__linear-conv00597-20250623_194009-20250624_014009-30.000000-35.000000.png,2025-06-23T19:40:09,2025-06-24T01:40:09,30.0,35.0,2025-06-23T22:40:09,32.5,10.6593790614908,79.0131989106931,NOISE,2025-06-23T22:40:09,32.5,10.6593790614908,79.0131989106931,NOISE,2025-06-23T22:40:09,32.5,10.6593790614908,79.0131989106931,NOISE,2025-06-23T22:40:09,32.5,10.6593790614908,79.0131989106931,NOISE
2026-04-28T09:32:46.998155,Map-Energy__sum__linear-conv00607-20250624_014009-20250624_074009-30.000000-35.000000.png,2025-06-24T01:40:09,2025-06-24T07:40:09,30.0,35.0,2025-06-24T04:40:09,32.5,10.6593790614908,79.0131989106931,NOISE,2025-06-24T04:40:09,32.5,10.6593790614908,79.0131989106931,NOISE,2025-06-24T04:40:09,32.5,10.6593790614908,79.0131989106931,NOISE,2025-06-24T04:40:09,32.5,10.6593790614908,79.0131989106931,NOISE
2026-04-28T09:32:48.206124,Map-Energy__sum__linear-conv00617-20250624_074009-20250624_134009-30.000000-35.000000.png,2025-06-24T07:40:09,2025-06-24T13:40:09,30.0,35.0,2025-06-24T10:40:09,32.5,10.6593790614908,79.0131989106931,NOISE,2025-06-24T10:40:09,32.5,10.6593790614908,79.0131989106931,NOISE,2025-06-24T10:40:09,32.5,10.6593790614908,79.0131989106931,NOISE,2025-06-24T10:40:09,32.5,10.6593790614908,79.0131989106931,NOISE
2026-04-28T09:32:49.206510,Map-Energy__sum__linear-conv00008-20250609_134009-20250609_194009-35.000000-40.000000.png,2025-06-09T13:40:09,2025-06-09T19:40:09,35.0,40.0,2025-06-09T16:40:09,37.5,10.437915725008,78.9984509925074,NOISE,2025-06-09T16:40:09,37.5,10.437915725008,78.9984509925074,NOISE,2025-06-09T16:40:09,37.5,10.437915725008,78.9984509925074,NOISE,2025-06-09T16:40:09,37.5,10.437915725008,78.9984509925074,NOISE
2026-04-28T09:32:49.568039,Map-Energy__sum__linear-conv00018-20250609_194009-20250610_014009-35.000000-40.000000.png,2025-06-09T19:40:09,2025-06-10T01:40:09,35.0,40.0,2025-06-09T22:40:09,37.5,10.437915725008,78.9984509925074,NOISE,2025-06-09T22:40:09,37.5,10.437915725008,78.9984509925074,NOISE,2025-06-09T22:40:09,37.5,10.437915725008,78.9984509925074,NOISE,2025-06-09T22:40:09,37.5,10.437915725008,78.9984509925074,NOISE
2026-04-28T09:32:50.190189,Map-Energy__sum__linear-conv00028-20250610_014009-20250610_074009-35.000000-40.000000.png,2025-06-10T01:40:09,2025-06-10T07:40:09,35.0,40.0,2025-06-10T04:40:09,37.5,10.437915725008,78.9984509925074,NOISE,2025-06-10T04:40:09,37.5,10.437915725008,78.9984509925074,NOISE,2025-06-10T04:40:09,37.5,10.437915725008,78.9984509925074,NOISE,2025-06-10T04:40:09,37.5,10.437915725008,78.9984509925074,NOISE
2026-04-28T09:32:51.109911,Map-Energy__sum__linear-conv00038-20250610_074009-20250610_134009-35.000000-40.000000.png,2025-06-10T07:40:09,2025-06-10T13:40:09,35.0,40.0,2025-06-10T10:40:09,37.5,10.437915725008,78.9984509925074,NOISE,2025-06-10T10:40:09,37.5,10.437915725008,78.9984509925074,NOISE,2025-06-10T10:40:09,37.5,10.437915725008,78.9984509925074,NOISE,2025-06-10T10:40:09,37.5,10.437915725008,78.9984509925074,NOISE
2026-04-28T09:32:51.926175,Map-Energy__sum__linear-conv00048-20250610_134009-20250610_194009-35.000000-40.000000.png,2025-06-10T13:40:09,2025-06-10T19:40:09,35.0,40.0,2025-06-10T16:40:09,37.5,10.437915725008,78.9984509925074,NOISE,2025-06-10T16:40:09,37.5,10.437915725008,78.9984509925074,NOISE,2025-06-10T16:40:09,37.5,10.437915725008,78.9984509925074,NOISE,2025-06-10T16:40:09,37.5,10.437915725008,78.9984509925074,NOISE
2026-04-28T09:32:52.566128,Map-Energy__sum__linear-conv00058-20250610_194009-20250611_014009-35.000000-40.000000.png,2025-06-10T19:40:09,2025-06-11T01:40:09,35.0,40.0,2025-06-10T22:40:09,37.5,10.437915725008,78.9984509925074,NOISE,2025-06-10T22:40:09,37.5,10.437915725008,78.9984509925074,NOISE,2025-06-10T22:40:09,37.5,10.437915725008,78.9984509925074,NOISE,2025-06-10T22:40:09,37.5,10.437915725008,78.9984509925074,NOISE
2026-04-28T09:32:53.262437,Map-Energy__sum__linear-conv00068-20250611_014009-20250611_074009-35.000000-40.000000.png,2025-06-11T01:40:09,2025-06-11T07:40:09,35.0,40.0,2025-06-11T04:40:09,37.5,10.437915725008,78.9984509925074,NOISE,2025-06-11T04:40:09,37.5,10.437915725008,78.9984509925074,NOISE,2025-06-11T04:40:09,37.5,10.437915725008,78.9984509925074,NOISE,2025-06-11T04:40:09,37.5,10.437915725008,78.9984509925074,NOISE
2026-04-28T09:32:53.934045,Map-Energy__sum__linear-conv00078-20250611_074009-20250611_134009-35.000000-40.000000.png,2025-06-11T07:40:09,2025-06-11T13:40:09,35.0,40.0,2025-06-11T10:40:09,37.5,10.437915725008,78.9984509925074,NOISE,2025-06-11T10:40:09,37.5,10.437915725008,78.9984509925074,NOISE,2025-06-11T10:40:09,37.5,10.437915725008,78.9984509925074,NOISE,2025-06-11T10:40:09,37.5,10.437915725008,78.9984509925074,NOISE
2026-04-28T09:32:54.558106,Map-Energy__sum__linear-conv00088-20250611_134009-20250611_194009-35.000000-40.000000.png,2025-06-11T13:40:09,2025-06-11T19:40:09,35.0,40.0,2025-06-11T16:40:09,37.5,10.437915725008,78.9984509925074,NOISE,2025-06-11T16:40:09,37.5,10.437915725008,78.9984509925074,NOISE,2025-06-11T16:40:09,37.5,10.437915725008,78.9984509925074,NOISE,2025-06-11T16:40:09,37.5,10.437915725008,78.9984509925074,NOISE
2026-04-28T09:32:55.286349,Map-Energy__sum__linear-conv00098-20250611_194009-20250612_014009-35.000000-40.000000.png,2025-06-11T19:40:09,2025-06-12T01:40:09,35.0,40.0,2025-06-11T22:40:09,37.5,10.437915725008,78.9984509925074,NOISE,2025-06-11T22:40:09,37.5,10.437915725008,78.9984509925074,NOISE,2025-06-11T22:40:09,37.5,10.437915725008,78.9984509925074,NOISE,2025-06-11T22:40:09,37.5,10.437915725008,78.9984509925074,NOISE
2026-04-28T09:32:55.958143,Map-Energy__sum__linear-conv00108-20250612_014009-20250612_074009-35.000000-40.000000.png,2025-06-12T01:40:09,2025-06-12T07:40:09,35.0,40.0,2025-06-12T04:40:09,37.5,10.437915725008,78.9984509925074,NOISE,2025-06-12T04:40:09,37.5,10.437915725008,78.9984509925074,NOISE,2025-06-12T04:40:09,37.5,10.437915725008,78.9984509925074,NOISE,2025-06-12T04:40:09,37.5,10.437915725008,78.9984509925074,NOISE
2026-04-28T09:33:00.301942,Map-Energy__sum__linear-conv00118-20250612_074009-20250612_134009-35.000000-40.000000.png,2025-06-12T07:40:09,2025-06-12T13:40:09,35.0,40.0,2025-06-12T10:40:09,37.5,10.437915725008,78.9984509925074,NOISE,2025-06-12T10:40:09,37.5,10.437915725008,78.9984509925074,NOISE,2025-06-12T10:40:09,37.5,10.437915725008,78.9984509925074,NOISE,2025-06-12T10:40:09,37.5,10.437915725008,78.9984509925074,NOISE
2026-04-28T09:33:01.230167,Map-Energy__sum__linear-conv00128-20250612_134009-20250612_194009-35.000000-40.000000.png,2025-06-12T13:40:09,2025-06-12T19:40:09,35.0,40.0,2025-06-12T16:40:09,37.5,10.437915725008,78.9984509925074,NOISE,2025-06-12T16:40:09,37.5,10.437915725008,78.9984509925074,NOISE,2025-06-12T16:40:09,37.5,10.437915725008,78.9984509925074,NOISE,2025-06-12T16:40:09,37.5,10.437915725008,78.9984509925074,NOISE
2026-04-28T09:33:02.413811,Map-Energy__sum__linear-conv00138-20250612_194009-20250613_014009-35.000000-40.000000.png,2025-06-12T19:40:09,2025-06-13T01:40:09,35.0,40.0,2025-06-12T22:40:09,37.5,10.437915725008,78.9984509925074,NOISE,2025-06-12T22:40:09,37.5,10.437915725008,78.9984509925074,NOISE,2025-06-12T22:40:09,37.5,10.437915725008,78.9984509925074,NOISE,2025-06-12T22:40:09,37.5,10.437915725008,78.9984509925074,NOISE
2026-04-28T09:33:03.582102,Map-Energy__sum__linear-conv00148-20250613_014009-20250613_074009-35.000000-40.000000.png,2025-06-13T01:40:09,2025-06-13T07:40:09,35.0,40.0,2025-06-13T04:40:09,37.5,10.437915725008,78.9984509925074,NOISE,2025-06-13T04:40:09,37.5,10.437915725008,78.9984509925074,NOISE,2025-06-13T04:40:09,37.5,10.437915725008,78.9984509925074,NOISE,2025-06-13T04:40:09,37.5,10.437915725008,78.9984509925074,NOISE
2026-04-28T09:33:04.942181,Map-Energy__sum__linear-conv00158-20250613_074009-20250613_134009-35.000000-40.000000.png,2025-06-13T07:40:09,2025-06-13T13:40:09,35.0,40.0,2025-06-13T10:40:09,37.5,10.437915725008,78.9984509925074,NOISE,2025-06-13T10:40:09,37.5,10.437915725008,78.9984509925074,NOISE,2025-06-13T10:40:09,37.5,10.437915725008,78.9984509925074,NOISE,2025-06-13T10:40:09,37.5,10.437915725008,78.9984509925074,NOISE
2026-04-28T09:33:06.134070,Map-Energy__sum__linear-conv00168-20250613_134009-20250613_194009-35.000000-40.000000.png,2025-06-13T13:40:09,2025-06-13T19:40:09,35.0,40.0,2025-06-13T16:40:09,37.5,10.437915725008,78.9984509925074,NOISE,2025-06-13T16:40:09,37.5,10.437915725008,78.9984509925074,NOISE,2025-06-13T16:40:09,37.5,10.437915725008,78.9984509925074,NOISE,2025-06-13T16:40:09,37.5,10.437915725008,78.9984509925074,NOISE
2026-04-28T09:33:07.085993,Map-Energy__sum__linear-conv00178-20250613_194009-20250614_014009-35.000000-40.000000.png,2025-06-13T19:40:09,2025-06-14T01:40:09,35.0,40.0,2025-06-13T22:40:09,37.5,10.437915725008,78.9984509925074,NOISE,2025-06-13T22:40:09,37.5,10.437915725008,78.9984509925074,NOISE,2025-06-13T22:40:09,37.5,10.437915725008,78.9984509925074,NOISE,2025-06-13T22:40:09,37.5,10.437915725008,78.9984509925074,NOISE
2026-04-28T09:33:08.125889,Map-Energy__sum__linear-conv00188-20250614_014009-20250614_074009-35.000000-40.000000.png,2025-06-14T01:40:09,2025-06-14T07:40:09,35.0,40.0,2025-06-14T04:40:09,37.5,10.437915725008,78.9984509925074,NOISE,2025-06-14T04:40:09,37.5,10.437915725008,78.9984509925074,NOISE,2025-06-14T04:40:09,37.5,10.437915725008,78.9984509925074,NOISE,2025-06-14T04:40:09,37.5,10.437915725008,78.9984509925074,NOISE
2026-04-28T09:33:09.112358,Map-Energy__sum__linear-conv00198-20250614_074009-20250614_134009-35.000000-40.000000.png,2025-06-14T07:40:09,2025-06-14T13:40:09,35.0,40.0,2025-06-14T10:40:09,37.5,10.437915725008,78.9984509925074,NOISE,2025-06-14T10:40:09,37.5,10.437915725008,78.9984509925074,NOISE,2025-06-14T10:40:09,37.5,10.437915725008,78.9984509925074,NOISE,2025-06-14T10:40:09,37.5,10.437915725008,78.9984509925074,NOISE
2026-04-28T09:33:10.086249,Map-Energy__sum__linear-conv00208-20250614_134009-20250614_194009-35.000000-40.000000.png,2025-06-14T13:40:09,2025-06-14T19:40:09,35.0,40.0,2025-06-14T16:40:09,37.5,10.437915725008,78.9984509925074,NOISE,2025-06-14T16:40:09,37.5,10.437915725008,78.9984509925074,NOISE,2025-06-14T16:40:09,37.5,10.437915725008,78.9984509925074,NOISE,2025-06-14T16:40:09,37.5,10.437915725008,78.9984509925074,NOISE
2026-04-28T09:33:11.149895,Map-Energy__sum__linear-conv00218-20250614_194009-20250615_014009-35.000000-40.000000.png,2025-06-14T19:40:09,2025-06-15T01:40:09,35.0,40.0,2025-06-14T22:40:09,37.5,10.437915725008,78.9984509925074,NOISE,2025-06-14T22:40:09,37.5,10.437915725008,78.9984509925074,NOISE,2025-06-14T22:40:09,37.5,10.437915725008,78.9984509925074,NOISE,2025-06-14T22:40:09,37.5,10.437915725008,78.9984509925074,NOISE
2026-04-28T09:33:11.644909,Map-Energy__sum__linear-conv00228-20250615_014009-20250615_074009-35.000000-40.000000.png,2025-06-15T01:40:09,2025-06-15T07:40:09,35.0,40.0,2025-06-15T04:40:09,37.5,10.437915725008,78.9984509925074,NOISE,2025-06-15T04:40:09,37.5,10.437915725008,78.9984509925074,NOISE,2025-06-15T04:40:09,37.5,10.437915725008,78.9984509925074,NOISE,2025-06-15T04:40:09,37.5,10.437915725008,78.9984509925074,NOISE
2026-04-28T09:33:13.006102,Map-Energy__sum__linear-conv00238-20250615_074009-20250615_134009-35.000000-40.000000.png,2025-06-15T07:40:09,2025-06-15T13:40:09,35.0,40.0,2025-06-15T10:40:09,37.5,10.437915725008,78.9984509925074,NOISE,2025-06-15T10:40:09,37.5,10.437915725008,78.9984509925074,NOISE,2025-06-15T10:40:09,37.5,10.437915725008,78.9984509925074,NOISE,2025-06-15T10:40:09,37.5,10.437915725008,78.9984509925074,NOISE
2026-04-28T09:33:14.054010,Map-Energy__sum__linear-conv00248-20250615_134009-20250615_194009-35.000000-40.000000.png,2025-06-15T13:40:09,2025-06-15T19:40:09,35.0,40.0,2025-06-15T16:40:09,37.5,10.437915725008,78.9984509925074,NOISE,2025-06-15T16:40:09,37.5,10.437915725008,78.9984509925074,NOISE,2025-06-15T16:40:09,37.5,10.437915725008,78.9984509925074,NOISE,2025-06-15T16:40:09,37.5,10.437915725008,78.9984509925074,NOISE
2026-04-28T09:33:15.110040,Map-Energy__sum__linear-conv00258-20250615_194009-20250616_014009-35.000000-40.000000.png,2025-06-15T19:40:09,2025-06-16T01:40:09,35.0,40.0,2025-06-15T22:40:09,37.5,10.437915725008,78.9984509925074,NOISE,2025-06-15T22:40:09,37.5,10.437915725008,78.9984509925074,NOISE,2025-06-15T22:40:09,37.5,10.437915725008,78.9984509925074,NOISE,2025-06-15T22:40:09,37.5,10.437915725008,78.9984509925074,NOISE
2026-04-28T09:33:16.301973,Map-Energy__sum__linear-conv00268-20250616_014009-20250616_074009-35.000000-40.000000.png,2025-06-16T01:40:09,2025-06-16T07:40:09,35.0,40.0,2025-06-16T04:40:09,37.5,10.437915725008,78.9984509925074,NOISE,2025-06-16T04:40:09,37.5,10.437915725008,78.9984509925074,NOISE,2025-06-16T04:40:09,37.5,10.437915725008,78.9984509925074,NOISE,2025-06-16T04:40:09,37.5,10.437915725008,78.9984509925074,NOISE
2026-04-28T09:33:17.446137,Map-Energy__sum__linear-conv00278-20250616_074009-20250616_134009-35.000000-40.000000.png,2025-06-16T07:40:09,2025-06-16T13:40:09,35.0,40.0,2025-06-16T10:40:09,37.5,10.437915725008,78.9984509925074,NOISE,2025-06-16T10:40:09,37.5,10.437915725008,78.9984509925074,NOISE,2025-06-16T10:40:09,37.5,10.437915725008,78.9984509925074,NOISE,2025-06-16T10:40:09,37.5,10.437915725008,78.9984509925074,NOISE
2026-04-28T09:33:18.574079,Map-Energy__sum__linear-conv00288-20250616_134009-20250616_194009-35.000000-40.000000.png,2025-06-16T13:40:09,2025-06-16T19:40:09,35.0,40.0,2025-06-16T16:40:09,37.5,10.437915725008,78.9984509925074,NOISE,2025-06-16T16:40:09,37.5,10.437915725008,78.9984509925074,NOISE,2025-06-16T16:40:09,37.5,10.437915725008,78.9984509925074,NOISE,2025-06-16T16:40:09,37.5,10.437915725008,78.9984509925074,NOISE
2026-04-28T09:33:20.710037,Map-Energy__sum__linear-conv00298-20250616_134009-20250616_194009-35.000000-40.000000.png,2025-06-16T13:40:09,2025-06-16T19:40:09,35.0,40.0,2025-06-16T16:40:09,37.5,10.437915725008,78.9984509925074,NOISE,2025-06-16T16:40:09,37.5,10.437915725008,78.9984509925074,NOISE,2025-06-16T16:40:09,37.5,10.437915725008,78.9984509925074,NOISE,2025-06-16T16:40:09,37.5,10.437915725008,78.9984509925074,NOISE
2026-04-28T09:33:22.029870,Map-Energy__sum__linear-conv00308-20250616_194009-20250617_014009-35.000000-40.000000.png,2025-06-16T19:40:09,2025-06-17T01:40:09,35.0,40.0,2025-06-16T22:40:09,37.5,10.437915725008,78.9984509925074,NOISE,2025-06-16T22:40:09,37.5,10.437915725008,78.9984509925074,NOISE,2025-06-16T22:40:09,37.5,10.437915725008,78.9984509925074,NOISE,2025-06-16T22:40:09,37.5,10.437915725008,78.9984509925074,NOISE
2026-04-28T09:33:23.838052,Map-Energy__sum__linear-conv00318-20250617_014009-20250617_074009-35.000000-40.000000.png,2025-06-17T01:40:09,2025-06-17T07:40:09,35.0,40.0,2025-06-17T04:40:09,37.5,10.437915725008,78.9984509925074,NOISE,2025-06-17T04:40:09,37.5,10.437915725008,78.9984509925074,NOISE,2025-06-17T04:40:09,37.5,10.437915725008,78.9984509925074,NOISE,2025-06-17T04:40:09,37.5,10.437915725008,78.9984509925074,NOISE
2026-04-28T09:33:30.582055,Map-Energy__sum__linear-conv00328-20250617_074009-20250617_134009-35.000000-40.000000.png,2025-06-17T07:40:09,2025-06-17T13:40:09,35.0,40.0,2025-06-17T10:40:09,37.5,10.437915725008,78.9984509925074,NOISE,2025-06-17T10:40:09,37.5,10.437915725008,78.9984509925074,NOISE,2025-06-17T10:40:09,37.5,10.437915725008,78.9984509925074,NOISE,2025-06-17T10:40:09,37.5,10.437915725008,78.9984509925074,NOISE
2026-04-28T09:33:35.549821,Map-Energy__sum__linear-conv00338-20250617_134009-20250617_194009-35.000000-40.000000.png,2025-06-17T13:40:09,2025-06-17T19:40:09,35.0,40.0,2025-06-17T16:40:09,37.5,10.437915725008,78.9984509925074,NOISE,2025-06-17T16:40:09,37.5,10.437915725008,78.9984509925074,NOISE,2025-06-17T16:40:09,37.5,10.437915725008,78.9984509925074,NOISE,2025-06-17T16:40:09,37.5,10.437915725008,78.9984509925074,NOISE
2026-04-28T09:33:37.541987,Map-Energy__sum__linear-conv00348-20250617_194009-20250618_014009-35.000000-40.000000.png,2025-06-17T19:40:09,2025-06-18T01:40:09,35.0,40.0,2025-06-17T22:40:09,37.5,10.437915725008,78.9984509925074,NOISE,2025-06-17T22:40:09,37.5,10.437915725008,78.9984509925074,NOISE,2025-06-17T22:40:09,37.5,10.437915725008,78.9984509925074,NOISE,2025-06-17T22:40:09,37.5,10.437915725008,78.9984509925074,NOISE
2026-04-28T09:33:38.805812,Map-Energy__sum__linear-conv00358-20250618_014009-20250618_074009-35.000000-40.000000.png,2025-06-18T01:40:09,2025-06-18T07:40:09,35.0,40.0,2025-06-18T04:40:09,37.5,10.437915725008,78.9984509925074,NOISE,2025-06-18T04:40:09,37.5,10.437915725008,78.9984509925074,NOISE,2025-06-18T04:40:09,37.5,10.437915725008,78.9984509925074,NOISE,2025-06-18T04:40:09,37.5,10.437915725008,78.9984509925074,NOISE
2026-04-28T09:33:40.237996,Map-Energy__sum__linear-conv00368-20250618_074009-20250618_134009-35.000000-40.000000.png,2025-06-18T07:40:09,2025-06-18T13:40:09,35.0,40.0,2025-06-18T10:40:09,37.5,10.437915725008,78.9984509925074,NOISE,2025-06-18T10:40:09,37.5,10.437915725008,78.9984509925074,NOISE,2025-06-18T10:40:09,37.5,10.437915725008,78.9984509925074,NOISE,2025-06-18T10:40:09,37.5,10.437915725008,78.9984509925074,NOISE
2026-04-28T09:33:41.502820,Map-Energy__sum__linear-conv00378-20250618_134009-20250618_194009-35.000000-40.000000.png,2025-06-18T13:40:09,2025-06-18T19:40:09,35.0,40.0,2025-06-18T16:40:09,37.5,10.437915725008,78.9984509925074,NOISE,2025-06-18T16:40:09,37.5,10.437915725008,78.9984509925074,NOISE,2025-06-18T16:40:09,37.5,10.437915725008,78.9984509925074,NOISE,2025-06-18T16:40:09,37.5,10.437915725008,78.9984509925074,NOISE
2026-04-28T09:33:50.221882,Map-Energy__sum__linear-conv00388-20250618_194009-20250619_014009-35.000000-40.000000.png,2025-06-18T19:40:09,2025-06-19T01:40:09,35.0,40.0,2025-06-18T22:40:09,37.5,10.437915725008,78.9984509925074,NOISE,2025-06-18T22:40:09,37.5,10.437915725008,78.9984509925074,NOISE,2025-06-18T22:40:09,37.5,10.437915725008,78.9984509925074,NOISE,2025-06-18T22:40:09,37.5,10.437915725008,78.9984509925074,NOISE
2026-04-28T09:33:51.462058,Map-Energy__sum__linear-conv00398-20250619_014009-20250619_074009-35.000000-40.000000.png,2025-06-19T01:40:09,2025-06-19T07:40:09,35.0,40.0,2025-06-19T04:40:09,37.5,10.437915725008,78.9984509925074,NOISE,2025-06-19T04:40:09,37.5,10.437915725008,78.9984509925074,NOISE,2025-06-19T04:40:09,37.5,10.437915725008,78.9984509925074,NOISE,2025-06-19T04:40:09,37.5,10.437915725008,78.9984509925074,NOISE
2026-04-28T09:33:52.486054,Map-Energy__sum__linear-conv00408-20250619_074009-20250619_134009-35.000000-40.000000.png,2025-06-19T07:40:09,2025-06-19T13:40:09,35.0,40.0,2025-06-19T10:40:09,37.5,10.437915725008,78.9984509925074,NOISE,2025-06-19T10:40:09,37.5,10.437915725008,78.9984509925074,NOISE,2025-06-19T10:40:09,37.5,10.437915725008,78.9984509925074,NOISE,2025-06-19T10:40:09,37.5,10.437915725008,78.9984509925074,NOISE
2026-04-28T09:33:53.661721,Map-Energy__sum__linear-conv00418-20250619_134009-20250619_194009-35.000000-40.000000.png,2025-06-19T13:40:09,2025-06-19T19:40:09,35.0,40.0,2025-06-19T16:40:09,37.5,10.437915725008,78.9984509925074,NOISE,2025-06-19T16:40:09,37.5,10.437915725008,78.9984509925074,NOISE,2025-06-19T16:40:09,37.5,10.437915725008,78.9984509925074,NOISE,2025-06-19T16:40:09,37.5,10.437915725008,78.9984509925074,NOISE
2026-04-28T09:33:55.382033,Map-Energy__sum__linear-conv00428-20250619_194009-20250620_014009-35.000000-40.000000.png,2025-06-19T19:40:09,2025-06-20T01:40:09,35.0,40.0,2025-06-19T22:40:09,37.5,10.437915725008,78.9984509925074,NOISE,2025-06-19T22:40:09,37.5,10.437915725008,78.9984509925074,NOISE,2025-06-19T22:40:09,37.5,10.437915725008,78.9984509925074,NOISE,2025-06-19T22:40:09,37.5,10.437915725008,78.9984509925074,NOISE
2026-04-28T09:33:57.493875,Map-Energy__sum__linear-conv00438-20250620_014009-20250620_074009-35.000000-40.000000.png,2025-06-20T01:40:09,2025-06-20T07:40:09,35.0,40.0,2025-06-20T04:40:09,37.5,10.437915725008,78.9984509925074,NOISE,2025-06-20T04:40:09,37.5,10.437915725008,78.9984509925074,NOISE,2025-06-20T04:40:09,37.5,10.437915725008,78.9984509925074,NOISE,2025-06-20T04:40:09,37.5,10.437915725008,78.9984509925074,NOISE
2026-04-28T09:33:58.741833,Map-Energy__sum__linear-conv00448-20250620_074009-20250620_134009-35.000000-40.000000.png,2025-06-20T07:40:09,2025-06-20T13:40:09,35.0,40.0,2025-06-20T10:40:09,37.5,10.437915725008,78.9984509925074,NOISE,2025-06-20T10:40:09,37.5,10.437915725008,78.9984509925074,NOISE,2025-06-20T10:40:09,37.5,10.437915725008,78.9984509925074,NOISE,2025-06-20T10:40:09,37.5,10.437915725008,78.9984509925074,NOISE
2026-04-28T09:33:59.878509,Map-Energy__sum__linear-conv00458-20250620_134009-20250620_194009-35.000000-40.000000.png,2025-06-20T13:40:09,2025-06-20T19:40:09,35.0,40.0,2025-06-20T16:40:09,37.5,10.437915725008,78.9984509925074,NOISE,2025-06-20T16:40:09,37.5,10.437915725008,78.9984509925074,NOISE,2025-06-20T16:40:09,37.5,10.437915725008,78.9984509925074,NOISE,2025-06-20T16:40:09,37.5,10.437915725008,78.9984509925074,NOISE
2026-04-28T09:34:00.886654,Map-Energy__sum__linear-conv00468-20250620_194009-20250621_014009-35.000000-40.000000.png,2025-06-20T19:40:09,2025-06-21T01:40:09,35.0,40.0,2025-06-20T22:40:09,37.5,10.437915725008,78.9984509925074,NOISE,2025-06-20T22:40:09,37.5,10.437915725008,78.9984509925074,NOISE,2025-06-20T22:40:09,37.5,10.437915725008,78.9984509925074,NOISE,2025-06-20T22:40:09,37.5,10.437915725008,78.9984509925074,NOISE
2026-04-28T09:34:01.902006,Map-Energy__sum__linear-conv00478-20250621_014009-20250621_074009-35.000000-40.000000.png,2025-06-21T01:40:09,2025-06-21T07:40:09,35.0,40.0,2025-06-21T04:40:09,37.5,10.437915725008,78.9984509925074,NOISE,2025-06-21T04:40:09,37.5,10.437915725008,78.9984509925074,NOISE,2025-06-21T04:40:09,37.5,10.437915725008,78.9984509925074,NOISE,2025-06-21T04:40:09,37.5,10.437915725008,78.9984509925074,NOISE
2026-04-28T09:34:03.095707,Map-Energy__sum__linear-conv00488-20250621_074009-20250621_134009-35.000000-40.000000.png,2025-06-21T07:40:09,2025-06-21T13:40:09,35.0,40.0,2025-06-21T10:40:09,37.5,10.437915725008,78.9984509925074,NOISE,2025-06-21T10:40:09,37.5,10.437915725008,78.9984509925074,NOISE,2025-06-21T10:40:09,37.5,10.437915725008,78.9984509925074,NOISE,2025-06-21T10:40:09,37.5,10.437915725008,78.9984509925074,NOISE
2026-04-28T09:34:04.006100,Map-Energy__sum__linear-conv00498-20250621_134009-20250621_194009-35.000000-40.000000.png,2025-06-21T13:40:09,2025-06-21T19:40:09,35.0,40.0,2025-06-21T16:40:09,37.5,10.437915725008,78.9984509925074,NOISE,2025-06-21T16:40:09,37.5,10.437915725008,78.9984509925074,NOISE,2025-06-21T16:40:09,37.5,10.437915725008,78.9984509925074,NOISE,2025-06-21T16:40:09,37.5,10.437915725008,78.9984509925074,NOISE
2026-04-28T09:34:04.862068,Map-Energy__sum__linear-conv00508-20250621_194009-20250622_014009-35.000000-40.000000.png,2025-06-21T19:40:09,2025-06-22T01:40:09,35.0,40.0,2025-06-21T22:40:09,37.5,10.437915725008,78.9984509925074,NOISE,2025-06-21T22:40:09,37.5,10.437915725008,78.9984509925074,NOISE,2025-06-21T22:40:09,37.5,10.437915725008,78.9984509925074,NOISE,2025-06-21T22:40:09,37.5,10.437915725008,78.9984509925074,NOISE
2026-04-28T09:34:05.598140,Map-Energy__sum__linear-conv00518-20250622_014009-20250622_074009-35.000000-40.000000.png,2025-06-22T01:40:09,2025-06-22T07:40:09,35.0,40.0,2025-06-22T04:40:09,37.5,10.437915725008,78.9984509925074,NOISE,2025-06-22T04:40:09,37.5,10.437915725008,78.9984509925074,NOISE,2025-06-22T04:40:09,37.5,10.437915725008,78.9984509925074,NOISE,2025-06-22T04:40:09,37.5,10.437915725008,78.9984509925074,NOISE
2026-04-28T09:34:06.600693,Map-Energy__sum__linear-conv00528-20250622_074009-20250622_134009-35.000000-40.000000.png,2025-06-22T07:40:09,2025-06-22T13:40:09,35.0,40.0,2025-06-22T10:40:09,37.5,10.437915725008,78.9984509925074,NOISE,2025-06-22T10:40:09,37.5,10.437915725008,78.9984509925074,NOISE,2025-06-22T10:40:09,37.5,10.437915725008,78.9984509925074,NOISE,2025-06-22T10:40:09,37.5,10.437915725008,78.9984509925074,NOISE
2026-04-28T09:34:07.662030,Map-Energy__sum__linear-conv00538-20250622_134009-20250622_194009-35.000000-40.000000.png,2025-06-22T13:40:09,2025-06-22T19:40:09,35.0,40.0,2025-06-22T16:40:09,37.5,10.437915725008,78.9984509925074,NOISE,2025-06-22T16:40:09,37.5,10.437915725008,78.9984509925074,NOISE,2025-06-22T16:40:09,37.5,10.437915725008,78.9984509925074,NOISE,2025-06-22T16:40:09,37.5,10.437915725008,78.9984509925074,NOISE
2026-04-28T09:34:09.486060,Map-Energy__sum__linear-conv00548-20250622_194009-20250623_014009-35.000000-40.000000.png,2025-06-22T19:40:09,2025-06-23T01:40:09,35.0,40.0,2025-06-22T22:40:09,37.5,10.437915725008,78.9984509925074,NOISE,2025-06-22T22:40:09,37.5,10.437915725008,78.9984509925074,NOISE,2025-06-22T22:40:09,37.5,10.437915725008,78.9984509925074,NOISE,2025-06-22T22:40:09,37.5,10.437915725008,78.9984509925074,NOISE
2026-04-28T09:34:10.669922,Map-Energy__sum__linear-conv00558-20250623_014009-20250623_074009-35.000000-40.000000.png,2025-06-23T01:40:09,2025-06-23T07:40:09,35.0,40.0,2025-06-23T04:40:09,37.5,10.437915725008,78.9984509925074,NOISE,2025-06-23T04:40:09,37.5,10.437915725008,78.9984509925074,NOISE,2025-06-23T04:40:09,37.5,10.437915725008,78.9984509925074,NOISE,2025-06-23T04:40:09,37.5,10.437915725008,78.9984509925074,NOISE
2026-04-28T09:34:11.774990,Map-Energy__sum__linear-conv00568-20250623_074009-20250623_134009-35.000000-40.000000.png,2025-06-23T07:40:09,2025-06-23T13:40:09,35.0,40.0,2025-06-23T10:40:09,37.5,10.437915725008,78.9984509925074,NOISE,2025-06-23T10:40:09,37.5,10.437915725008,78.9984509925074,NOISE,2025-06-23T10:40:09,37.5,10.437915725008,78.9984509925074,NOISE,2025-06-23T10:40:09,37.5,10.437915725008,78.9984509925074,NOISE
2026-04-28T09:34:12.784157,Map-Energy__sum__linear-conv00578-20250623_134009-20250623_194009-35.000000-40.000000.png,2025-06-23T13:40:09,2025-06-23T19:40:09,35.0,40.0,2025-06-23T16:40:09,37.5,10.437915725008,78.9984509925074,NOISE,2025-06-23T16:40:09,37.5,10.437915725008,78.9984509925074,NOISE,2025-06-23T16:40:09,37.5,10.437915725008,78.9984509925074,NOISE,2025-06-23T16:40:09,37.5,10.437915725008,78.9984509925074,NOISE
2026-04-28T09:34:14.006602,Map-Energy__sum__linear-conv00588-20250623_134009-20250623_194009-35.000000-40.000000.png,2025-06-23T13:40:09,2025-06-23T19:40:09,35.0,40.0,2025-06-23T16:40:09,37.5,10.437915725008,78.9984509925074,NOISE,2025-06-23T16:40:09,37.5,10.437915725008,78.9984509925074,NOISE,2025-06-23T16:40:09,37.5,10.437915725008,78.9984509925074,NOISE,2025-06-23T16:40:09,37.5,10.437915725008,78.9984509925074,NOISE
2026-04-28T09:34:15.030805,Map-Energy__sum__linear-conv00598-20250623_194009-20250624_014009-35.000000-40.000000.png,2025-06-23T19:40:09,2025-06-24T01:40:09,35.0,40.0,2025-06-23T22:40:09,37.5,10.437915725008,78.9984509925074,NOISE,2025-06-23T22:40:09,37.5,10.437915725008,78.9984509925074,NOISE,2025-06-23T22:40:09,37.5,10.437915725008,78.9984509925074,NOISE,2025-06-23T22:40:09,37.5,10.437915725008,78.9984509925074,NOISE
2026-04-28T09:34:15.545346,Map-Energy__sum__linear-conv00608-20250624_014009-20250624_074009-35.000000-40.000000.png,2025-06-24T01:40:09,2025-06-24T07:40:09,35.0,40.0,2025-06-24T04:40:09,37.5,10.437915725008,78.9984509925074,NOISE,2025-06-24T04:40:09,37.5,10.437915725008,78.9984509925074,NOISE,2025-06-24T04:40:09,37.5,10.437915725008,78.9984509925074,NOISE,2025-06-24T04:40:09,37.5,10.437915725008,78.9984509925074,NOISE
2026-04-28T09:34:17.046453,Map-Energy__sum__linear-conv00618-20250624_074009-20250624_134009-35.000000-40.000000.png,2025-06-24T07:40:09,2025-06-24T13:40:09,35.0,40.0,2025-06-24T10:40:09,37.5,10.437915725008,78.9984509925074,NOISE,2025-06-24T10:40:09,37.5,10.437915725008,78.9984509925074,NOISE,2025-06-24T10:40:09,37.5,10.437915725008,78.9984509925074,NOISE,2025-06-24T10:40:09,37.5,10.437915725008,78.9984509925074,NOISE
2026-04-28T09:34:18.118214,Map-Energy__sum__linear-conv00009-20250609_134009-20250609_194009-40.000000-45.000000.png,2025-06-09T13:40:09,2025-06-09T19:40:09,40.0,45.0,2025-06-09T16:40:09,42.5,10.2209936532221,78.9814941910257,NOISE,2025-06-09T16:40:09,42.5,10.2209936532221,78.9814941910257,NOISE,2025-06-09T16:40:09,42.5,10.2209936532221,78.9814941910257,NOISE,2025-06-09T16:40:09,42.5,10.2209936532221,78.9814941910257,NOISE
2026-04-28T09:34:18.966253,Map-Energy__sum__linear-conv00019-20250609_194009-20250610_014009-40.000000-45.000000.png,2025-06-09T19:40:09,2025-06-10T01:40:09,40.0,45.0,2025-06-09T22:40:09,42.5,10.2209936532221,78.9814941910257,NOISE,2025-06-09T22:40:09,42.5,10.2209936532221,78.9814941910257,NOISE,2025-06-09T22:40:09,42.5,10.2209936532221,78.9814941910257,NOISE,2025-06-09T22:40:09,42.5,10.2209936532221,78.9814941910257,NOISE
2026-04-28T09:34:19.846413,Map-Energy__sum__linear-conv00029-20250610_014009-20250610_074009-40.000000-45.000000.png,2025-06-10T01:40:09,2025-06-10T07:40:09,40.0,45.0,2025-06-10T04:40:09,42.5,10.2209936532221,78.9814941910257,NOISE,2025-06-10T04:40:09,42.5,10.2209936532221,78.9814941910257,NOISE,2025-06-10T04:40:09,42.5,10.2209936532221,78.9814941910257,NOISE,2025-06-10T04:40:09,42.5,10.2209936532221,78.9814941910257,NOISE
2026-04-28T09:34:20.621918,Map-Energy__sum__linear-conv00039-20250610_074009-20250610_134009-40.000000-45.000000.png,2025-06-10T07:40:09,2025-06-10T13:40:09,40.0,45.0,2025-06-10T10:40:09,42.5,10.2209936532221,78.9814941910257,NOISE,2025-06-10T10:40:09,42.5,10.2209936532221,78.9814941910257,NOISE,2025-06-10T10:40:09,42.5,10.2209936532221,78.9814941910257,NOISE,2025-06-10T10:40:09,42.5,10.2209936532221,78.9814941910257,NOISE
2026-04-28T09:34:21.342878,Map-Energy__sum__linear-conv00049-20250610_134009-20250610_194009-40.000000-45.000000.png,2025-06-10T13:40:09,2025-06-10T19:40:09,40.0,45.0,2025-06-10T16:40:09,42.5,10.2209936532221,78.9814941910257,NOISE,2025-06-10T16:40:09,42.5,10.2209936532221,78.9814941910257,NOISE,2025-06-10T16:40:09,42.5,10.2209936532221,78.9814941910257,NOISE,2025-06-10T16:40:09,42.5,10.2209936532221,78.9814941910257,NOISE
2026-04-28T09:34:21.998095,Map-Energy__sum__linear-conv00059-20250610_194009-20250611_014009-40.000000-45.000000.png,2025-06-10T19:40:09,2025-06-11T01:40:09,40.0,45.0,2025-06-10T22:40:09,42.5,10.2209936532221,78.9814941910257,NOISE,2025-06-10T22:40:09,42.5,10.2209936532221,78.9814941910257,NOISE,2025-06-10T22:40:09,42.5,10.2209936532221,78.9814941910257,NOISE,2025-06-10T22:40:09,42.5,10.2209936532221,78.9814941910257,NOISE
2026-04-28T09:34:22.622032,Map-Energy__sum__linear-conv00069-20250611_014009-20250611_074009-40.000000-45.000000.png,2025-06-11T01:40:09,2025-06-11T07:40:09,40.0,45.0,2025-06-11T04:40:09,42.5,10.2209936532221,78.9814941910257,NOISE,2025-06-11T04:40:09,42.5,10.2209936532221,78.9814941910257,NOISE,2025-06-11T04:40:09,42.5,10.2209936532221,78.9814941910257,NOISE,2025-06-11T04:40:09,42.5,10.2209936532221,78.9814941910257,NOISE
2026-04-28T09:34:23.341858,Map-Energy__sum__linear-conv00079-20250611_074009-20250611_134009-40.000000-45.000000.png,2025-06-11T07:40:09,2025-06-11T13:40:09,40.0,45.0,2025-06-11T10:40:09,42.5,10.2209936532221,78.9814941910257,NOISE,2025-06-11T10:40:09,42.5,10.2209936532221,78.9814941910257,NOISE,2025-06-11T10:40:09,42.5,10.2209936532221,78.9814941910257,NOISE,2025-06-11T10:40:09,42.5,10.2209936532221,78.9814941910257,NOISE
2026-04-28T09:34:24.029802,Map-Energy__sum__linear-conv00089-20250611_134009-20250611_194009-40.000000-45.000000.png,2025-06-11T13:40:09,2025-06-11T19:40:09,40.0,45.0,2025-06-11T16:40:09,42.5,10.2209936532221,78.9814941910257,NOISE,2025-06-11T16:40:09,42.5,10.2209936532221,78.9814941910257,NOISE,2025-06-11T16:40:09,42.5,10.2209936532221,78.9814941910257,NOISE,2025-06-11T16:40:09,42.5,10.2209936532221,78.9814941910257,NOISE
2026-04-28T09:34:24.703572,Map-Energy__sum__linear-conv00099-20250611_194009-20250612_014009-40.000000-45.000000.png,2025-06-11T19:40:09,2025-06-12T01:40:09,40.0,45.0,2025-06-11T22:40:09,42.5,10.2209936532221,78.9814941910257,NOISE,2025-06-11T22:40:09,42.5,10.2209936532221,78.9814941910257,NOISE,2025-06-11T22:40:09,42.5,10.2209936532221,78.9814941910257,NOISE,2025-06-11T22:40:09,42.5,10.2209936532221,78.9814941910257,NOISE
2026-04-28T09:34:25.341930,Map-Energy__sum__linear-conv00109-20250612_014009-20250612_074009-40.000000-45.000000.png,2025-06-12T01:40:09,2025-06-12T07:40:09,40.0,45.0,2025-06-12T04:40:09,42.5,10.2209936532221,78.9814941910257,NOISE,2025-06-12T04:40:09,42.5,10.2209936532221,78.9814941910257,NOISE,2025-06-12T04:40:09,42.5,10.2209936532221,78.9814941910257,NOISE,2025-06-12T04:40:09,42.5,10.2209936532221,78.9814941910257,NOISE
2026-04-28T09:34:25.981854,Map-Energy__sum__linear-conv00119-20250612_074009-20250612_134009-40.000000-45.000000.png,2025-06-12T07:40:09,2025-06-12T13:40:09,40.0,45.0,2025-06-12T10:40:09,42.5,10.2209936532221,78.9814941910257,NOISE,2025-06-12T10:40:09,42.5,10.2209936532221,78.9814941910257,NOISE,2025-06-12T10:40:09,42.5,10.2209936532221,78.9814941910257,NOISE,2025-06-12T10:40:09,42.5,10.2209936532221,78.9814941910257,NOISE
2026-04-28T09:34:26.982099,Map-Energy__sum__linear-conv00129-20250612_134009-20250612_194009-40.000000-45.000000.png,2025-06-12T13:40:09,2025-06-12T19:40:09,40.0,45.0,2025-06-12T16:40:09,42.5,10.2209936532221,78.9814941910257,NOISE,2025-06-12T16:40:09,42.5,10.2209936532221,78.9814941910257,NOISE,2025-06-12T16:40:09,42.5,10.2209936532221,78.9814941910257,NOISE,2025-06-12T16:40:09,42.5,10.2209936532221,78.9814941910257,NOISE
2026-04-28T09:34:27.877875,Map-Energy__sum__linear-conv00139-20250612_194009-20250613_014009-40.000000-45.000000.png,2025-06-12T19:40:09,2025-06-13T01:40:09,40.0,45.0,2025-06-12T22:40:09,42.5,10.2209936532221,78.9814941910257,NOISE,2025-06-12T22:40:09,42.5,10.2209936532221,78.9814941910257,NOISE,2025-06-12T22:40:09,42.5,10.2209936532221,78.9814941910257,NOISE,2025-06-12T22:40:09,42.5,10.2209936532221,78.9814941910257,NOISE
2026-04-28T09:34:28.573732,Map-Energy__sum__linear-conv00149-20250613_014009-20250613_074009-40.000000-45.000000.png,2025-06-13T01:40:09,2025-06-13T07:40:09,40.0,45.0,2025-06-13T04:40:09,42.5,10.2209936532221,78.9814941910257,NOISE,2025-06-13T04:40:09,42.5,10.2209936532221,78.9814941910257,NOISE,2025-06-13T04:40:09,42.5,10.2209936532221,78.9814941910257,NOISE,2025-06-13T04:40:09,42.5,10.2209936532221,78.9814941910257,NOISE
2026-04-28T09:34:29.058818,Map-Energy__sum__linear-conv00159-20250613_074009-20250613_134009-40.000000-45.000000.png,2025-06-13T07:40:09,2025-06-13T13:40:09,40.0,45.0,2025-06-13T10:40:09,42.5,10.2209936532221,78.9814941910257,NOISE,2025-06-13T10:40:09,42.5,10.2209936532221,78.9814941910257,NOISE,2025-06-13T10:40:09,42.5,10.2209936532221,78.9814941910257,NOISE,2025-06-13T10:40:09,42.5,10.2209936532221,78.9814941910257,NOISE
2026-04-28T09:34:29.567613,Map-Energy__sum__linear-conv00169-20250613_134009-20250613_194009-40.000000-45.000000.png,2025-06-13T13:40:09,2025-06-13T19:40:09,40.0,45.0,2025-06-13T16:40:09,42.5,10.2209936532221,78.9814941910257,NOISE,2025-06-13T16:40:09,42.5,10.2209936532221,78.9814941910257,NOISE,2025-06-13T16:40:09,42.5,10.2209936532221,78.9814941910257,NOISE,2025-06-13T16:40:09,42.5,10.2209936532221,78.9814941910257,NOISE
2026-04-28T09:34:30.238514,Map-Energy__sum__linear-conv00179-20250613_194009-20250614_014009-40.000000-45.000000.png,2025-06-13T19:40:09,2025-06-14T01:40:09,40.0,45.0,2025-06-13T22:40:09,42.5,10.2209936532221,78.9814941910257,NOISE,2025-06-13T22:40:09,42.5,10.2209936532221,78.9814941910257,NOISE,2025-06-13T22:40:09,42.5,10.2209936532221,78.9814941910257,NOISE,2025-06-13T22:40:09,42.5,10.2209936532221,78.9814941910257,NOISE
2026-04-28T09:34:30.982199,Map-Energy__sum__linear-conv00189-20250614_014009-20250614_074009-40.000000-45.000000.png,2025-06-14T01:40:09,2025-06-14T07:40:09,40.0,45.0,2025-06-14T04:40:09,42.5,10.2209936532221,78.9814941910257,NOISE,2025-06-14T04:40:09,42.5,10.2209936532221,78.9814941910257,NOISE,2025-06-14T04:40:09,42.5,10.2209936532221,78.9814941910257,NOISE,2025-06-14T04:40:09,42.5,10.2209936532221,78.9814941910257,NOISE
2026-04-28T09:34:31.702242,Map-Energy__sum__linear-conv00199-20250614_074009-20250614_134009-40.000000-45.000000.png,2025-06-14T07:40:09,2025-06-14T13:40:09,40.0,45.0,2025-06-14T10:40:09,42.5,10.2209936532221,78.9814941910257,NOISE,2025-06-14T10:40:09,42.5,10.2209936532221,78.9814941910257,NOISE,2025-06-14T10:40:09,42.5,10.2209936532221,78.9814941910257,NOISE,2025-06-14T10:40:09,42.5,10.2209936532221,78.9814941910257,NOISE
2026-04-28T09:34:32.429946,Map-Energy__sum__linear-conv00209-20250614_134009-20250614_194009-40.000000-45.000000.png,2025-06-14T13:40:09,2025-06-14T19:40:09,40.0,45.0,2025-06-14T16:40:09,42.5,10.2209936532221,78.9814941910257,NOISE,2025-06-14T16:40:09,42.5,10.2209936532221,78.9814941910257,NOISE,2025-06-14T16:40:09,42.5,10.2209936532221,78.9814941910257,NOISE,2025-06-14T16:40:09,42.5,10.2209936532221,78.9814941910257,NOISE
2026-04-28T09:34:33.157872,Map-Energy__sum__linear-conv00219-20250614_194009-20250615_014009-40.000000-45.000000.png,2025-06-14T19:40:09,2025-06-15T01:40:09,40.0,45.0,2025-06-14T22:40:09,42.5,10.2209936532221,78.9814941910257,NOISE,2025-06-14T22:40:09,42.5,10.2209936532221,78.9814941910257,NOISE,2025-06-14T22:40:09,42.5,10.2209936532221,78.9814941910257,NOISE,2025-06-14T22:40:09,42.5,10.2209936532221,78.9814941910257,NOISE
2026-04-28T09:34:33.901996,Map-Energy__sum__linear-conv00229-20250615_014009-20250615_074009-40.000000-45.000000.png,2025-06-15T01:40:09,2025-06-15T07:40:09,40.0,45.0,2025-06-15T04:40:09,42.5,10.2209936532221,78.9814941910257,NOISE,2025-06-15T04:40:09,42.5,10.2209936532221,78.9814941910257,NOISE,2025-06-15T04:40:09,42.5,10.2209936532221,78.9814941910257,NOISE,2025-06-15T04:40:09,42.5,10.2209936532221,78.9814941910257,NOISE
2026-04-28T09:34:34.653948,Map-Energy__sum__linear-conv00239-20250615_074009-20250615_134009-40.000000-45.000000.png,2025-06-15T07:40:09,2025-06-15T13:40:09,40.0,45.0,2025-06-15T10:40:09,42.5,10.2209936532221,78.9814941910257,NOISE,2025-06-15T10:40:09,42.5,10.2209936532221,78.9814941910257,NOISE,2025-06-15T10:40:09,42.5,10.2209936532221,78.9814941910257,NOISE,2025-06-15T10:40:09,42.5,10.2209936532221,78.9814941910257,NOISE
2026-04-28T09:34:35.277695,Map-Energy__sum__linear-conv00249-20250615_134009-20250615_194009-40.000000-45.000000.png,2025-06-15T13:40:09,2025-06-15T19:40:09,40.0,45.0,2025-06-15T16:40:09,42.5,10.2209936532221,78.9814941910257,NOISE,2025-06-15T16:40:09,42.5,10.2209936532221,78.9814941910257,NOISE,2025-06-15T16:40:09,42.5,10.2209936532221,78.9814941910257,NOISE,2025-06-15T16:40:09,42.5,10.2209936532221,78.9814941910257,NOISE
2026-04-28T09:34:35.780903,Map-Energy__sum__linear-conv00259-20250615_194009-20250616_014009-40.000000-45.000000.png,2025-06-15T19:40:09,2025-06-16T01:40:09,40.0,45.0,2025-06-15T22:40:09,42.5,10.2209936532221,78.9814941910257,NOISE,2025-06-15T22:40:09,42.5,10.2209936532221,78.9814941910257,NOISE,2025-06-15T22:40:09,42.5,10.2209936532221,78.9814941910257,NOISE,2025-06-15T22:40:09,42.5,10.2209936532221,78.9814941910257,NOISE
2026-04-28T09:34:36.299818,Map-Energy__sum__linear-conv00269-20250616_014009-20250616_074009-40.000000-45.000000.png,2025-06-16T01:40:09,2025-06-16T07:40:09,40.0,45.0,2025-06-16T04:40:09,42.5,10.2209936532221,78.9814941910257,NOISE,2025-06-16T04:40:09,42.5,10.2209936532221,78.9814941910257,NOISE,2025-06-16T04:40:09,42.5,10.2209936532221,78.9814941910257,NOISE,2025-06-16T04:40:09,42.5,10.2209936532221,78.9814941910257,NOISE
2026-04-28T09:34:37.006117,Map-Energy__sum__linear-conv00279-20250616_074009-20250616_134009-40.000000-45.000000.png,2025-06-16T07:40:09,2025-06-16T13:40:09,40.0,45.0,2025-06-16T10:40:09,42.5,10.2209936532221,78.9814941910257,NOISE,2025-06-16T10:40:09,42.5,10.2209936532221,78.9814941910257,NOISE,2025-06-16T10:40:09,42.5,10.2209936532221,78.9814941910257,NOISE,2025-06-16T10:40:09,42.5,10.2209936532221,78.9814941910257,NOISE
2026-04-28T09:34:37.966849,Map-Energy__sum__linear-conv00289-20250616_134009-20250616_194009-40.000000-45.000000.png,2025-06-16T13:40:09,2025-06-16T19:40:09,40.0,45.0,2025-06-16T16:40:09,42.5,10.2209936532221,78.9814941910257,NOISE,2025-06-16T16:40:09,42.5,10.2209936532221,78.9814941910257,NOISE,2025-06-16T16:40:09,42.5,10.2209936532221,78.9814941910257,NOISE,2025-06-16T16:40:09,42.5,10.2209936532221,78.9814941910257,NOISE
2026-04-28T09:34:39.125996,Map-Energy__sum__linear-conv00299-20250616_134009-20250616_194009-40.000000-45.000000.png,2025-06-16T13:40:09,2025-06-16T19:40:09,40.0,45.0,2025-06-16T16:40:09,42.5,10.2209936532221,78.9814941910257,NOISE,2025-06-16T16:40:09,42.5,10.2209936532221,78.9814941910257,NOISE,2025-06-16T16:40:09,42.5,10.2209936532221,78.9814941910257,NOISE,2025-06-16T16:40:09,42.5,10.2209936532221,78.9814941910257,NOISE
2026-04-28T09:34:40.062122,Map-Energy__sum__linear-conv00309-20250616_194009-20250617_014009-40.000000-45.000000.png,2025-06-16T19:40:09,2025-06-17T01:40:09,40.0,45.0,2025-06-16T22:40:09,42.5,10.2209936532221,78.9814941910257,NOISE,2025-06-16T22:40:09,42.5,10.2209936532221,78.9814941910257,NOISE,2025-06-16T22:40:09,42.5,10.2209936532221,78.9814941910257,NOISE,2025-06-16T22:40:09,42.5,10.2209936532221,78.9814941910257,NOISE
2026-04-28T09:34:46.334007,Map-Energy__sum__linear-conv00319-20250617_014009-20250617_074009-40.000000-45.000000.png,2025-06-17T01:40:09,2025-06-17T07:40:09,40.0,45.0,2025-06-17T04:40:09,42.5,10.2209936532221,78.9814941910257,NOISE,2025-06-17T04:40:09,42.5,10.2209936532221,78.9814941910257,NOISE,2025-06-17T04:40:09,42.5,10.2209936532221,78.9814941910257,NOISE,2025-06-17T04:40:09,42.5,10.2209936532221,78.9814941910257,NOISE
2026-04-28T09:34:48.118289,Map-Energy__sum__linear-conv00329-20250617_074009-20250617_134009-40.000000-45.000000.png,2025-06-17T07:40:09,2025-06-17T13:40:09,40.0,45.0,2025-06-17T10:40:09,42.5,10.2209936532221,78.9814941910257,NOISE,2025-06-17T10:40:09,42.5,10.2209936532221,78.9814941910257,NOISE,2025-06-17T10:40:09,42.5,10.2209936532221,78.9814941910257,NOISE,2025-06-17T10:40:09,42.5,10.2209936532221,78.9814941910257,NOISE
2026-04-28T09:34:49.486185,Map-Energy__sum__linear-conv00339-20250617_134009-20250617_194009-40.000000-45.000000.png,2025-06-17T13:40:09,2025-06-17T19:40:09,40.0,45.0,2025-06-17T16:40:09,42.5,10.2209936532221,78.9814941910257,NOISE,2025-06-17T16:40:09,42.5,10.2209936532221,78.9814941910257,NOISE,2025-06-17T16:40:09,42.5,10.2209936532221,78.9814941910257,NOISE,2025-06-17T16:40:09,42.5,10.2209936532221,78.9814941910257,NOISE
2026-04-28T09:34:50.598030,Map-Energy__sum__linear-conv00349-20250617_194009-20250618_014009-40.000000-45.000000.png,2025-06-17T19:40:09,2025-06-18T01:40:09,40.0,45.0,2025-06-17T22:40:09,42.5,10.2209936532221,78.9814941910257,NOISE,2025-06-17T22:40:09,42.5,10.2209936532221,78.9814941910257,NOISE,2025-06-17T22:40:09,42.5,10.2209936532221,78.9814941910257,NOISE,2025-06-17T22:40:09,42.5,10.2209936532221,78.9814941910257,NOISE
2026-04-28T09:34:55.934015,Map-Energy__sum__linear-conv00359-20250618_014009-20250618_074009-40.000000-45.000000.png,2025-06-18T01:40:09,2025-06-18T07:40:09,40.0,45.0,2025-06-18T04:40:09,42.5,10.2209936532221,78.9814941910257,NOISE,2025-06-18T04:40:09,42.5,10.2209936532221,78.9814941910257,NOISE,2025-06-18T04:40:09,42.5,10.2209936532221,78.9814941910257,NOISE,2025-06-18T04:40:09,42.5,10.2209936532221,78.9814941910257,NOISE
2026-04-28T09:34:59.518183,Map-Energy__sum__linear-conv00369-20250618_074009-20250618_134009-40.000000-45.000000.png,2025-06-18T07:40:09,2025-06-18T13:40:09,40.0,45.0,2025-06-18T10:40:09,42.5,10.2209936532221,78.9814941910257,NOISE,2025-06-18T10:40:09,42.5,10.2209936532221,78.9814941910257,NOISE,2025-06-18T10:40:09,42.5,10.2209936532221,78.9814941910257,NOISE,2025-06-18T10:40:09,42.5,10.2209936532221,78.9814941910257,NOISE
2026-04-28T09:35:02.206116,Map-Energy__sum__linear-conv00379-20250618_134009-20250618_194009-40.000000-45.000000.png,2025-06-18T13:40:09,2025-06-18T19:40:09,40.0,45.0,2025-06-18T16:40:09,42.5,10.2209936532221,78.9814941910257,NOISE,2025-06-18T16:40:09,42.5,10.2209936532221,78.9814941910257,NOISE,2025-06-18T16:40:09,42.5,10.2209936532221,78.9814941910257,NOISE,2025-06-18T16:40:09,42.5,10.2209936532221,78.9814941910257,NOISE
2026-04-28T09:35:07.534340,Map-Energy__sum__linear-conv00389-20250618_194009-20250619_014009-40.000000-45.000000.png,2025-06-18T19:40:09,2025-06-19T01:40:09,40.0,45.0,2025-06-18T22:40:09,42.5,10.2209936532221,78.9814941910257,NOISE,2025-06-18T22:40:09,42.5,10.2209936532221,78.9814941910257,NOISE,2025-06-18T22:40:09,42.5,10.2209936532221,78.9814941910257,NOISE,2025-06-18T22:40:09,42.5,10.2209936532221,78.9814941910257,NOISE
2026-04-28T09:35:10.909918,Map-Energy__sum__linear-conv00399-20250619_014009-20250619_074009-40.000000-45.000000.png,2025-06-19T01:40:09,2025-06-19T07:40:09,40.0,45.0,2025-06-19T04:40:09,42.5,10.2209936532221,78.9814941910257,NOISE,2025-06-19T04:40:09,42.5,10.2209936532221,78.9814941910257,NOISE,2025-06-19T04:40:09,42.5,10.2209936532221,78.9814941910257,NOISE,2025-06-19T04:40:09,42.5,10.2209936532221,78.9814941910257,NOISE
2026-04-28T09:35:12.670048,Map-Energy__sum__linear-conv00409-20250619_074009-20250619_134009-40.000000-45.000000.png,2025-06-19T07:40:09,2025-06-19T13:40:09,40.0,45.0,2025-06-19T10:40:09,42.5,10.2209936532221,78.9814941910257,NOISE,2025-06-19T10:40:09,42.5,10.2209936532221,78.9814941910257,NOISE,2025-06-19T10:40:09,42.5,10.2209936532221,78.9814941910257,NOISE,2025-06-19T10:40:09,42.5,10.2209936532221,78.9814941910257,NOISE
2026-04-28T09:35:14.102105,Map-Energy__sum__linear-conv00419-20250619_134009-20250619_194009-40.000000-45.000000.png,2025-06-19T13:40:09,2025-06-19T19:40:09,40.0,45.0,2025-06-19T16:40:09,42.5,10.2209936532221,78.9814941910257,NOISE,2025-06-19T16:40:09,42.5,10.2209936532221,78.9814941910257,NOISE,2025-06-19T16:40:09,42.5,10.2209936532221,78.9814941910257,NOISE,2025-06-19T16:40:09,42.5,10.2209936532221,78.9814941910257,NOISE
2026-04-28T09:35:15.109966,Map-Energy__sum__linear-conv00429-20250619_194009-20250620_014009-40.000000-45.000000.png,2025-06-19T19:40:09,2025-06-20T01:40:09,40.0,45.0,2025-06-19T22:40:09,42.5,10.2209936532221,78.9814941910257,NOISE,2025-06-19T22:40:09,42.5,10.2209936532221,78.9814941910257,NOISE,2025-06-19T22:40:09,42.5,10.2209936532221,78.9814941910257,NOISE,2025-06-19T22:40:09,42.5,10.2209936532221,78.9814941910257,NOISE
2026-04-28T09:35:16.757966,Map-Energy__sum__linear-conv00439-20250620_014009-20250620_074009-40.000000-45.000000.png,2025-06-20T01:40:09,2025-06-20T07:40:09,40.0,45.0,2025-06-20T04:40:09,42.5,10.2209936532221,78.9814941910257,NOISE,2025-06-20T04:40:09,42.5,10.2209936532221,78.9814941910257,NOISE,2025-06-20T04:40:09,42.5,10.2209936532221,78.9814941910257,NOISE,2025-06-20T04:40:09,42.5,10.2209936532221,78.9814941910257,NOISE
2026-04-28T09:35:18.653925,Map-Energy__sum__linear-conv00449-20250620_074009-20250620_134009-40.000000-45.000000.png,2025-06-20T07:40:09,2025-06-20T13:40:09,40.0,45.0,2025-06-20T10:40:09,42.5,10.2209936532221,78.9814941910257,NOISE,2025-06-20T10:40:09,42.5,10.2209936532221,78.9814941910257,NOISE,2025-06-20T10:40:09,42.5,10.2209936532221,78.9814941910257,NOISE,2025-06-20T10:40:09,42.5,10.2209936532221,78.9814941910257,NOISE
2026-04-28T09:35:20.013708,Map-Energy__sum__linear-conv00459-20250620_134009-20250620_194009-40.000000-45.000000.png,2025-06-20T13:40:09,2025-06-20T19:40:09,40.0,45.0,2025-06-20T16:40:09,42.5,10.2209936532221,78.9814941910257,NOISE,2025-06-20T16:40:09,42.5,10.2209936532221,78.9814941910257,NOISE,2025-06-20T16:40:09,42.5,10.2209936532221,78.9814941910257,NOISE,2025-06-20T16:40:09,42.5,10.2209936532221,78.9814941910257,NOISE
2026-04-28T09:35:20.517504,Map-Energy__sum__linear-conv00469-20250620_194009-20250621_014009-40.000000-45.000000.png,2025-06-20T19:40:09,2025-06-21T01:40:09,40.0,45.0,2025-06-20T22:40:09,42.5,10.2209936532221,78.9814941910257,NOISE,2025-06-20T22:40:09,42.5,10.2209936532221,78.9814941910257,NOISE,2025-06-20T22:40:09,42.5,10.2209936532221,78.9814941910257,NOISE,2025-06-20T22:40:09,42.5,10.2209936532221,78.9814941910257,NOISE
2026-04-28T09:35:21.094229,Map-Energy__sum__linear-conv00479-20250621_014009-20250621_074009-40.000000-45.000000.png,2025-06-21T01:40:09,2025-06-21T07:40:09,40.0,45.0,2025-06-21T04:40:09,42.5,10.2209936532221,78.9814941910257,NOISE,2025-06-21T04:40:09,42.5,10.2209936532221,78.9814941910257,NOISE,2025-06-21T04:40:09,42.5,10.2209936532221,78.9814941910257,NOISE,2025-06-21T04:40:09,42.5,10.2209936532221,78.9814941910257,NOISE
2026-04-28T09:35:22.176113,Map-Energy__sum__linear-conv00489-20250621_074009-20250621_134009-40.000000-45.000000.png,2025-06-21T07:40:09,2025-06-21T13:40:09,40.0,45.0,2025-06-21T10:40:09,42.5,10.2209936532221,78.9814941910257,NOISE,2025-06-21T10:40:09,42.5,10.2209936532221,78.9814941910257,NOISE,2025-06-21T10:40:09,42.5,10.2209936532221,78.9814941910257,NOISE,2025-06-21T10:40:09,42.5,10.2209936532221,78.9814941910257,NOISE
2026-04-28T09:35:23.254007,Map-Energy__sum__linear-conv00499-20250621_134009-20250621_194009-40.000000-45.000000.png,2025-06-21T13:40:09,2025-06-21T19:40:09,40.0,45.0,2025-06-21T16:40:09,42.5,10.2209936532221,78.9814941910257,NOISE,2025-06-21T16:40:09,42.5,10.2209936532221,78.9814941910257,NOISE,2025-06-21T16:40:09,42.5,10.2209936532221,78.9814941910257,NOISE,2025-06-21T16:40:09,42.5,10.2209936532221,78.9814941910257,NOISE
2026-04-28T09:35:24.877776,Map-Energy__sum__linear-conv00509-20250621_194009-20250622_014009-40.000000-45.000000.png,2025-06-21T19:40:09,2025-06-22T01:40:09,40.0,45.0,2025-06-21T22:40:09,42.5,10.2209936532221,78.9814941910257,NOISE,2025-06-21T22:40:09,42.5,10.2209936532221,78.9814941910257,NOISE,2025-06-21T22:40:09,42.5,10.2209936532221,78.9814941910257,NOISE,2025-06-21T22:40:09,42.5,10.2209936532221,78.9814941910257,NOISE
2026-04-28T09:35:26.350145,Map-Energy__sum__linear-conv00519-20250622_014009-20250622_074009-40.000000-45.000000.png,2025-06-22T01:40:09,2025-06-22T07:40:09,40.0,45.0,2025-06-22T04:40:09,42.5,10.2209936532221,78.9814941910257,NOISE,2025-06-22T04:40:09,42.5,10.2209936532221,78.9814941910257,NOISE,2025-06-22T04:40:09,42.5,10.2209936532221,78.9814941910257,NOISE,2025-06-22T04:40:09,42.5,10.2209936532221,78.9814941910257,NOISE
2026-04-28T09:35:27.685957,Map-Energy__sum__linear-conv00529-20250622_074009-20250622_134009-40.000000-45.000000.png,2025-06-22T07:40:09,2025-06-22T13:40:09,40.0,45.0,2025-06-22T10:40:09,42.5,10.2209936532221,78.9814941910257,NOISE,2025-06-22T10:40:09,42.5,10.2209936532221,78.9814941910257,NOISE,2025-06-22T10:40:09,42.5,10.2209936532221,78.9814941910257,NOISE,2025-06-22T10:40:09,42.5,10.2209936532221,78.9814941910257,NOISE
2026-04-28T09:35:29.390086,Map-Energy__sum__linear-conv00539-20250622_134009-20250622_194009-40.000000-45.000000.png,2025-06-22T13:40:09,2025-06-22T19:40:09,40.0,45.0,2025-06-22T16:40:09,42.5,10.2209936532221,78.9814941910257,NOISE,2025-06-22T16:40:09,42.5,10.2209936532221,78.9814941910257,NOISE,2025-06-22T16:40:09,42.5,10.2209936532221,78.9814941910257,NOISE,2025-06-22T16:40:09,42.5,10.2209936532221,78.9814941910257,NOISE
2026-04-28T09:35:32.374380,Map-Energy__sum__linear-conv00549-20250622_194009-20250623_014009-40.000000-45.000000.png,2025-06-22T19:40:09,2025-06-23T01:40:09,40.0,45.0,2025-06-22T22:40:09,42.5,10.2209936532221,78.9814941910257,NOISE,2025-06-22T22:40:09,42.5,10.2209936532221,78.9814941910257,NOISE,2025-06-22T22:40:09,42.5,10.2209936532221,78.9814941910257,NOISE,2025-06-22T22:40:09,42.5,10.2209936532221,78.9814941910257,NOISE
2026-04-28T09:35:33.645970,Map-Energy__sum__linear-conv00559-20250623_014009-20250623_074009-40.000000-45.000000.png,2025-06-23T01:40:09,2025-06-23T07:40:09,40.0,45.0,2025-06-23T04:40:09,42.5,10.2209936532221,78.9814941910257,NOISE,2025-06-23T04:40:09,42.5,10.2209936532221,78.9814941910257,NOISE,2025-06-23T04:40:09,42.5,10.2209936532221,78.9814941910257,NOISE,2025-06-23T04:40:09,42.5,10.2209936532221,78.9814941910257,NOISE
2026-04-28T09:35:34.798766,Map-Energy__sum__linear-conv00569-20250623_074009-20250623_134009-40.000000-45.000000.png,2025-06-23T07:40:09,2025-06-23T13:40:09,40.0,45.0,2025-06-23T10:40:09,42.5,10.2209936532221,78.9814941910257,NOISE,2025-06-23T10:40:09,42.5,10.2209936532221,78.9814941910257,NOISE,2025-06-23T10:40:09,42.5,10.2209936532221,78.9814941910257,NOISE,2025-06-23T10:40:09,42.5,10.2209936532221,78.9814941910257,NOISE
2026-04-28T09:35:35.989956,Map-Energy__sum__linear-conv00579-20250623_134009-20250623_194009-40.000000-45.000000.png,2025-06-23T13:40:09,2025-06-23T19:40:09,40.0,45.0,2025-06-23T16:40:09,42.5,10.2209936532221,78.9814941910257,NOISE,2025-06-23T16:40:09,42.5,10.2209936532221,78.9814941910257,NOISE,2025-06-23T16:40:09,42.5,10.2209936532221,78.9814941910257,NOISE,2025-06-23T16:40:09,42.5,10.2209936532221,78.9814941910257,NOISE
2026-04-28T09:35:37.141920,Map-Energy__sum__linear-conv00589-20250623_134009-20250623_194009-40.000000-45.000000.png,2025-06-23T13:40:09,2025-06-23T19:40:09,40.0,45.0,2025-06-23T16:40:09,42.5,10.2209936532221,78.9814941910257,NOISE,2025-06-23T16:40:09,42.5,10.2209936532221,78.9814941910257,NOISE,2025-06-23T16:40:09,42.5,10.2209936532221,78.9814941910257,NOISE,2025-06-23T16:40:09,42.5,10.2209936532221,78.9814941910257,NOISE
2026-04-28T09:35:38.325970,Map-Energy__sum__linear-conv00599-20250623_194009-20250624_014009-40.000000-45.000000.png,2025-06-23T19:40:09,2025-06-24T01:40:09,40.0,45.0,2025-06-23T22:40:09,42.5,10.2209936532221,78.9814941910257,NOISE,2025-06-23T22:40:09,42.5,10.2209936532221,78.9814941910257,NOISE,2025-06-23T22:40:09,42.5,10.2209936532221,78.9814941910257,NOISE,2025-06-23T22:40:09,42.5,10.2209936532221,78.9814941910257,NOISE
2026-04-28T09:35:39.525989,Map-Energy__sum__linear-conv00609-20250624_014009-20250624_074009-40.000000-45.000000.png,2025-06-24T01:40:09,2025-06-24T07:40:09,40.0,45.0,2025-06-24T04:40:09,42.5,10.2209936532221,78.9814941910257,NOISE,2025-06-24T04:40:09,42.5,10.2209936532221,78.9814941910257,NOISE,2025-06-24T04:40:09,42.5,10.2209936532221,78.9814941910257,NOISE,2025-06-24T04:40:09,42.5,10.2209936532221,78.9814941910257,NOISE
2026-04-28T09:35:40.545748,Map-Energy__sum__linear-conv00619-20250624_074009-20250624_134009-40.000000-45.000000.png,2025-06-24T07:40:09,2025-06-24T13:40:09,40.0,45.0,2025-06-24T10:40:09,42.5,10.2209936532221,78.9814941910257,NOISE,2025-06-24T10:40:09,42.5,10.2209936532221,78.9814941910257,NOISE,2025-06-24T10:40:09,42.5,10.2209936532221,78.9814941910257,NOISE,2025-06-24T10:40:09,42.5,10.2209936532221,78.9814941910257,NOISE
2026-04-28T09:35:42.294878,Map-Energy__sum__linear-conv00010-20250609_134009-20250609_194009-45.000000-49.900000.png,2025-06-09T13:40:09,2025-06-09T19:40:09,45.0,49.9,2025-06-09T16:40:09,47.45,10.0532262506808,78.9644950928927,NOISE,2025-06-09T16:40:09,47.45,10.0532262506808,78.9644950928927,NOISE,2025-06-09T16:40:09,47.45,10.0532262506808,78.9644950928927,NOISE,2025-06-09T16:40:09,47.45,10.0532262506808,78.9644950928927,NOISE
2026-04-28T09:35:43.246632,Map-Energy__sum__linear-conv00020-20250609_194009-20250610_014009-45.000000-49.900000.png,2025-06-09T19:40:09,2025-06-10T01:40:09,45.0,49.9,2025-06-09T22:40:09,47.45,10.0532262506808,78.9644950928927,NOISE,2025-06-09T22:40:09,47.45,10.0532262506808,78.9644950928927,NOISE,2025-06-09T22:40:09,47.45,10.0532262506808,78.9644950928927,NOISE,2025-06-09T22:40:09,47.45,10.0532262506808,78.9644950928927,NOISE
2026-04-28T09:35:44.077945,Map-Energy__sum__linear-conv00030-20250610_014009-20250610_074009-45.000000-49.900000.png,2025-06-10T01:40:09,2025-06-10T07:40:09,45.0,49.9,2025-06-10T04:40:09,47.45,10.0532262506808,78.9644950928927,NOISE,2025-06-10T04:40:09,47.45,10.0532262506808,78.9644950928927,NOISE,2025-06-10T04:40:09,47.45,10.0532262506808,78.9644950928927,NOISE,2025-06-10T04:40:09,47.45,10.0532262506808,78.9644950928927,NOISE
2026-04-28T09:35:44.941899,Map-Energy__sum__linear-conv00040-20250610_074009-20250610_134009-45.000000-49.900000.png,2025-06-10T07:40:09,2025-06-10T13:40:09,45.0,49.9,2025-06-10T10:40:09,47.45,10.0532262506808,78.9644950928927,NOISE,2025-06-10T10:40:09,47.45,10.0532262506808,78.9644950928927,NOISE,2025-06-10T10:40:09,47.45,10.0532262506808,78.9644950928927,NOISE,2025-06-10T10:40:09,47.45,10.0532262506808,78.9644950928927,NOISE
2026-04-28T09:35:45.613933,Map-Energy__sum__linear-conv00050-20250610_134009-20250610_194009-45.000000-49.900000.png,2025-06-10T13:40:09,2025-06-10T19:40:09,45.0,49.9,2025-06-10T16:40:09,47.45,10.0532262506808,78.9644950928927,NOISE,2025-06-10T16:40:09,47.45,10.0532262506808,78.9644950928927,NOISE,2025-06-10T16:40:09,47.45,10.0532262506808,78.9644950928927,NOISE,2025-06-10T16:40:09,47.45,10.0532262506808,78.9644950928927,NOISE
2026-04-28T09:35:46.309738,Map-Energy__sum__linear-conv00060-20250610_194009-20250611_014009-45.000000-49.900000.png,2025-06-10T19:40:09,2025-06-11T01:40:09,45.0,49.9,2025-06-10T22:40:09,47.45,10.0532262506808,78.9644950928927,NOISE,2025-06-10T22:40:09,47.45,10.0532262506808,78.9644950928927,NOISE,2025-06-10T22:40:09,47.45,10.0532262506808,78.9644950928927,NOISE,2025-06-10T22:40:09,47.45,10.0532262506808,78.9644950928927,NOISE
2026-04-28T09:35:46.957931,Map-Energy__sum__linear-conv00070-20250611_014009-20250611_074009-45.000000-49.900000.png,2025-06-11T01:40:09,2025-06-11T07:40:09,45.0,49.9,2025-06-11T04:40:09,47.45,10.0532262506808,78.9644950928927,NOISE,2025-06-11T04:40:09,47.45,10.0532262506808,78.9644950928927,NOISE,2025-06-11T04:40:09,47.45,10.0532262506808,78.9644950928927,NOISE,2025-06-11T04:40:09,47.45,10.0532262506808,78.9644950928927,NOISE
2026-04-28T09:35:47.653980,Map-Energy__sum__linear-conv00080-20250611_074009-20250611_134009-45.000000-49.900000.png,2025-06-11T07:40:09,2025-06-11T13:40:09,45.0,49.9,2025-06-11T10:40:09,47.45,10.0532262506808,78.9644950928927,NOISE,2025-06-11T10:40:09,47.45,10.0532262506808,78.9644950928927,NOISE,2025-06-11T10:40:09,47.45,10.0532262506808,78.9644950928927,NOISE,2025-06-11T10:40:09,47.45,10.0532262506808,78.9644950928927,NOISE
2026-04-28T09:35:48.325770,Map-Energy__sum__linear-conv00090-20250611_134009-20250611_194009-45.000000-49.900000.png,2025-06-11T13:40:09,2025-06-11T19:40:09,45.0,49.9,2025-06-11T16:40:09,47.45,10.0532262506808,78.9644950928927,NOISE,2025-06-11T16:40:09,47.45,10.0532262506808,78.9644950928927,NOISE,2025-06-11T16:40:09,47.45,10.0532262506808,78.9644950928927,NOISE,2025-06-11T16:40:09,47.45,10.0532262506808,78.9644950928927,NOISE
2026-04-28T09:35:48.966252,Map-Energy__sum__linear-conv00100-20250611_194009-20250612_014009-45.000000-49.900000.png,2025-06-11T19:40:09,2025-06-12T01:40:09,45.0,49.9,2025-06-11T22:40:09,47.45,10.0532262506808,78.9644950928927,NOISE,2025-06-11T22:40:09,47.45,10.0532262506808,78.9644950928927,NOISE,2025-06-11T22:40:09,47.45,10.0532262506808,78.9644950928927,NOISE,2025-06-11T22:40:09,47.45,10.0532262506808,78.9644950928927,NOISE
2026-04-28T09:35:49.863718,Map-Energy__sum__linear-conv00110-20250612_014009-20250612_074009-45.000000-49.900000.png,2025-06-12T01:40:09,2025-06-12T07:40:09,45.0,49.9,2025-06-12T04:40:09,47.45,10.0532262506808,78.9644950928927,NOISE,2025-06-12T04:40:09,47.45,10.0532262506808,78.9644950928927,NOISE,2025-06-12T04:40:09,47.45,10.0532262506808,78.9644950928927,NOISE,2025-06-12T04:40:09,47.45,10.0532262506808,78.9644950928927,NOISE
2026-04-28T09:35:52.125869,Map-Energy__sum__linear-conv00120-20250612_074009-20250612_134009-45.000000-49.900000.png,2025-06-12T07:40:09,2025-06-12T13:40:09,45.0,49.9,2025-06-12T10:40:09,47.45,10.0532262506808,78.9644950928927,NOISE,2025-06-12T10:40:09,47.45,10.0532262506808,78.9644950928927,NOISE,2025-06-12T10:40:09,47.45,10.0532262506808,78.9644950928927,NOISE,2025-06-12T10:40:09,47.45,10.0532262506808,78.9644950928927,NOISE
2026-04-28T09:35:53.174692,Map-Energy__sum__linear-conv00130-20250612_134009-20250612_194009-45.000000-49.900000.png,2025-06-12T13:40:09,2025-06-12T19:40:09,45.0,49.9,2025-06-12T16:40:09,47.45,10.0532262506808,78.9644950928927,NOISE,2025-06-12T16:40:09,47.45,10.0532262506808,78.9644950928927,NOISE,2025-06-12T16:40:09,47.45,10.0532262506808,78.9644950928927,NOISE,2025-06-12T16:40:09,47.45,10.0532262506808,78.9644950928927,NOISE
2026-04-28T09:35:53.950072,Map-Energy__sum__linear-conv00140-20250612_194009-20250613_014009-45.000000-49.900000.png,2025-06-12T19:40:09,2025-06-13T01:40:09,45.0,49.9,2025-06-12T22:40:09,47.45,10.0532262506808,78.9644950928927,NOISE,2025-06-12T22:40:09,47.45,10.0532262506808,78.9644950928927,NOISE,2025-06-12T22:40:09,47.45,10.0532262506808,78.9644950928927,NOISE,2025-06-12T22:40:09,47.45,10.0532262506808,78.9644950928927,NOISE
2026-04-28T09:35:54.781974,Map-Energy__sum__linear-conv00150-20250613_014009-20250613_074009-45.000000-49.900000.png,2025-06-13T01:40:09,2025-06-13T07:40:09,45.0,49.9,2025-06-13T04:40:09,47.45,10.0532262506808,78.9644950928927,NOISE,2025-06-13T04:40:09,47.45,10.0532262506808,78.9644950928927,NOISE,2025-06-13T04:40:09,47.45,10.0532262506808,78.9644950928927,NOISE,2025-06-13T04:40:09,47.45,10.0532262506808,78.9644950928927,NOISE
2026-04-28T09:35:55.637845,Map-Energy__sum__linear-conv00160-20250613_074009-20250613_134009-45.000000-49.900000.png,2025-06-13T07:40:09,2025-06-13T13:40:09,45.0,49.9,2025-06-13T10:40:09,47.45,10.0532262506808,78.9644950928927,NOISE,2025-06-13T10:40:09,47.45,10.0532262506808,78.9644950928927,NOISE,2025-06-13T10:40:09,47.45,10.0532262506808,78.9644950928927,NOISE,2025-06-13T10:40:09,47.45,10.0532262506808,78.9644950928927,NOISE
2026-04-28T09:35:56.590131,Map-Energy__sum__linear-conv00170-20250613_134009-20250613_194009-45.000000-49.900000.png,2025-06-13T13:40:09,2025-06-13T19:40:09,45.0,49.9,2025-06-13T16:40:09,47.45,10.0532262506808,78.9644950928927,NOISE,2025-06-13T16:40:09,47.45,10.0532262506808,78.9644950928927,NOISE,2025-06-13T16:40:09,47.45,10.0532262506808,78.9644950928927,NOISE,2025-06-13T16:40:09,47.45,10.0532262506808,78.9644950928927,NOISE
2026-04-28T09:35:57.414573,Map-Energy__sum__linear-conv00180-20250613_194009-20250614_014009-45.000000-49.900000.png,2025-06-13T19:40:09,2025-06-14T01:40:09,45.0,49.9,2025-06-13T22:40:09,47.45,10.0532262506808,78.9644950928927,NOISE,2025-06-13T22:40:09,47.45,10.0532262506808,78.9644950928927,NOISE,2025-06-13T22:40:09,47.45,10.0532262506808,78.9644950928927,NOISE,2025-06-13T22:40:09,47.45,10.0532262506808,78.9644950928927,NOISE
2026-04-28T09:35:58.221807,Map-Energy__sum__linear-conv00190-20250614_014009-20250614_074009-45.000000-49.900000.png,2025-06-14T01:40:09,2025-06-14T07:40:09,45.0,49.9,2025-06-14T04:40:09,47.45,10.0532262506808,78.9644950928927,NOISE,2025-06-14T04:40:09,47.45,10.0532262506808,78.9644950928927,NOISE,2025-06-14T04:40:09,47.45,10.0532262506808,78.9644950928927,NOISE,2025-06-14T04:40:09,47.45,10.0532262506808,78.9644950928927,NOISE
2026-04-28T09:35:58.966108,Map-Energy__sum__linear-conv00200-20250614_074009-20250614_134009-45.000000-49.900000.png,2025-06-14T07:40:09,2025-06-14T13:40:09,45.0,49.9,2025-06-14T10:40:09,47.45,10.0532262506808,78.9644950928927,NOISE,2025-06-14T10:40:09,47.45,10.0532262506808,78.9644950928927,NOISE,2025-06-14T10:40:09,47.45,10.0532262506808,78.9644950928927,NOISE,2025-06-14T10:40:09,47.45,10.0532262506808,78.9644950928927,NOISE
2026-04-28T09:36:01.527211,Map-Energy__sum__linear-conv00210-20250614_134009-20250614_194009-45.000000-49.900000.png,2025-06-14T13:40:09,2025-06-14T19:40:09,45.0,49.9,2025-06-14T16:40:09,47.45,10.0532262506808,78.9644950928927,NOISE,2025-06-14T16:40:09,47.45,10.0532262506808,78.9644950928927,NOISE,2025-06-14T16:40:09,47.45,10.0532262506808,78.9644950928927,NOISE,2025-06-14T16:40:09,47.45,10.0532262506808,78.9644950928927,NOISE
2026-04-28T09:36:02.726031,Map-Energy__sum__linear-conv00220-20250614_194009-20250615_014009-45.000000-49.900000.png,2025-06-14T19:40:09,2025-06-15T01:40:09,45.0,49.9,2025-06-14T22:40:09,47.45,10.0532262506808,78.9644950928927,NOISE,2025-06-14T22:40:09,47.45,10.0532262506808,78.9644950928927,NOISE,2025-06-14T22:40:09,47.45,10.0532262506808,78.9644950928927,NOISE,2025-06-14T22:40:09,47.45,10.0532262506808,78.9644950928927,NOISE
2026-04-28T09:36:03.605831,Map-Energy__sum__linear-conv00230-20250615_014009-20250615_074009-45.000000-49.900000.png,2025-06-15T01:40:09,2025-06-15T07:40:09,45.0,49.9,2025-06-15T04:40:09,47.45,10.0532262506808,78.9644950928927,NOISE,2025-06-15T04:40:09,47.45,10.0532262506808,78.9644950928927,NOISE,2025-06-15T04:40:09,47.45,10.0532262506808,78.9644950928927,NOISE,2025-06-15T04:40:09,47.45,10.0532262506808,78.9644950928927,NOISE
2026-04-28T09:36:04.485899,Map-Energy__sum__linear-conv00240-20250615_074009-20250615_134009-45.000000-49.900000.png,2025-06-15T07:40:09,2025-06-15T13:40:09,45.0,49.9,2025-06-15T10:40:09,47.45,10.0532262506808,78.9644950928927,NOISE,2025-06-15T10:40:09,47.45,10.0532262506808,78.9644950928927,NOISE,2025-06-15T10:40:09,47.45,10.0532262506808,78.9644950928927,NOISE,2025-06-15T10:40:09,47.45,10.0532262506808,78.9644950928927,NOISE
2026-04-28T09:36:05.285952,Map-Energy__sum__linear-conv00250-20250615_134009-20250615_194009-45.000000-49.900000.png,2025-06-15T13:40:09,2025-06-15T19:40:09,45.0,49.9,2025-06-15T16:40:09,47.45,10.0532262506808,78.9644950928927,NOISE,2025-06-15T16:40:09,47.45,10.0532262506808,78.9644950928927,NOISE,2025-06-15T16:40:09,47.45,10.0532262506808,78.9644950928927,NOISE,2025-06-15T16:40:09,47.45,10.0532262506808,78.9644950928927,NOISE
2026-04-28T09:36:06.261968,Map-Energy__sum__linear-conv00260-20250615_194009-20250616_014009-45.000000-49.900000.png,2025-06-15T19:40:09,2025-06-16T01:40:09,45.0,49.9,2025-06-15T22:40:09,47.45,10.0532262506808,78.9644950928927,NOISE,2025-06-15T22:40:09,47.45,10.0532262506808,78.9644950928927,NOISE,2025-06-15T22:40:09,47.45,10.0532262506808,78.9644950928927,NOISE,2025-06-15T22:40:09,47.45,10.0532262506808,78.9644950928927,NOISE
2026-04-28T09:36:07.198036,Map-Energy__sum__linear-conv00270-20250616_014009-20250616_074009-45.000000-49.900000.png,2025-06-16T01:40:09,2025-06-16T07:40:09,45.0,49.9,2025-06-16T04:40:09,47.45,10.0532262506808,78.9644950928927,NOISE,2025-06-16T04:40:09,47.45,10.0532262506808,78.9644950928927,NOISE,2025-06-16T04:40:09,47.45,10.0532262506808,78.9644950928927,NOISE,2025-06-16T04:40:09,47.45,10.0532262506808,78.9644950928927,NOISE
2026-04-28T09:36:07.957760,Map-Energy__sum__linear-conv00280-20250616_074009-20250616_134009-45.000000-49.900000.png,2025-06-16T07:40:09,2025-06-16T13:40:09,45.0,49.9,2025-06-16T10:40:09,47.45,10.0532262506808,78.9644950928927,NOISE,2025-06-16T10:40:09,47.45,10.0532262506808,78.9644950928927,NOISE,2025-06-16T10:40:09,47.45,10.0532262506808,78.9644950928927,NOISE,2025-06-16T10:40:09,47.45,10.0532262506808,78.9644950928927,NOISE
2026-04-28T09:36:08.407992,Map-Energy__sum__linear-conv00290-20250616_134009-20250616_194009-45.000000-49.900000.png,2025-06-16T13:40:09,2025-06-16T19:40:09,45.0,49.9,2025-06-16T16:40:09,47.45,10.0532262506808,78.9644950928927,NOISE,2025-06-16T16:40:09,47.45,10.0532262506808,78.9644950928927,NOISE,2025-06-16T16:40:09,47.45,10.0532262506808,78.9644950928927,NOISE,2025-06-16T16:40:09,47.45,10.0532262506808,78.9644950928927,NOISE
2026-04-28T09:36:08.854829,Map-Energy__sum__linear-conv00300-20250616_134009-20250616_194009-45.000000-49.900000.png,2025-06-16T13:40:09,2025-06-16T19:40:09,45.0,49.9,2025-06-16T16:40:09,47.45,10.0532262506808,78.9644950928927,NOISE,2025-06-16T16:40:09,47.45,10.0532262506808,78.9644950928927,NOISE,2025-06-16T16:40:09,47.45,10.0532262506808,78.9644950928927,NOISE,2025-06-16T16:40:09,47.45,10.0532262506808,78.9644950928927,NOISE
2026-04-28T09:36:09.549910,Map-Energy__sum__linear-conv00310-20250616_194009-20250617_014009-45.000000-49.900000.png,2025-06-16T19:40:09,2025-06-17T01:40:09,45.0,49.9,2025-06-16T22:40:09,47.45,10.0532262506808,78.9644950928927,NOISE,2025-06-16T22:40:09,47.45,10.0532262506808,78.9644950928927,NOISE,2025-06-16T22:40:09,47.45,10.0532262506808,78.9644950928927,NOISE,2025-06-16T22:40:09,47.45,10.0532262506808,78.9644950928927,NOISE
2026-04-28T09:36:10.365844,Map-Energy__sum__linear-conv00320-20250617_014009-20250617_074009-45.000000-49.900000.png,2025-06-17T01:40:09,2025-06-17T07:40:09,45.0,49.9,2025-06-17T04:40:09,47.45,10.0532262506808,78.9644950928927,NOISE,2025-06-17T04:40:09,47.45,10.0532262506808,78.9644950928927,NOISE,2025-06-17T04:40:09,47.45,10.0532262506808,78.9644950928927,NOISE,2025-06-17T04:40:09,47.45,10.0532262506808,78.9644950928927,NOISE
2026-04-28T09:36:11.038288,Map-Energy__sum__linear-conv00330-20250617_074009-20250617_134009-45.000000-49.900000.png,2025-06-17T07:40:09,2025-06-17T13:40:09,45.0,49.9,2025-06-17T10:40:09,47.45,10.0532262506808,78.9644950928927,NOISE,2025-06-17T10:40:09,47.45,10.0532262506808,78.9644950928927,NOISE,2025-06-17T10:40:09,47.45,10.0532262506808,78.9644950928927,NOISE,2025-06-17T10:40:09,47.45,10.0532262506808,78.9644950928927,NOISE
2026-04-28T09:36:11.654003,Map-Energy__sum__linear-conv00340-20250617_134009-20250617_194009-45.000000-49.900000.png,2025-06-17T13:40:09,2025-06-17T19:40:09,45.0,49.9,2025-06-17T16:40:09,47.45,10.0532262506808,78.9644950928927,NOISE,2025-06-17T16:40:09,47.45,10.0532262506808,78.9644950928927,NOISE,2025-06-17T16:40:09,47.45,10.0532262506808,78.9644950928927,NOISE,2025-06-17T16:40:09,47.45,10.0532262506808,78.9644950928927,NOISE
2026-04-28T09:36:12.326047,Map-Energy__sum__linear-conv00350-20250617_194009-20250618_014009-45.000000-49.900000.png,2025-06-17T19:40:09,2025-06-18T01:40:09,45.0,49.9,2025-06-17T22:40:09,47.45,10.0532262506808,78.9644950928927,NOISE,2025-06-17T22:40:09,47.45,10.0532262506808,78.9644950928927,NOISE,2025-06-17T22:40:09,47.45,10.0532262506808,78.9644950928927,NOISE,2025-06-17T22:40:09,47.45,10.0532262506808,78.9644950928927,NOISE
2026-04-28T09:36:13.117803,Map-Energy__sum__linear-conv00360-20250618_014009-20250618_074009-45.000000-49.900000.png,2025-06-18T01:40:09,2025-06-18T07:40:09,45.0,49.9,2025-06-18T04:40:09,47.45,10.0532262506808,78.9644950928927,NOISE,2025-06-18T04:40:09,47.45,10.0532262506808,78.9644950928927,NOISE,2025-06-18T04:40:09,47.45,10.0532262506808,78.9644950928927,NOISE,2025-06-18T04:40:09,47.45,10.0532262506808,78.9644950928927,NOISE
2026-04-28T09:36:13.813638,Map-Energy__sum__linear-conv00370-20250618_074009-20250618_134009-45.000000-49.900000.png,2025-06-18T07:40:09,2025-06-18T13:40:09,45.0,49.9,2025-06-18T10:40:09,47.45,10.0532262506808,78.9644950928927,NOISE,2025-06-18T10:40:09,47.45,10.0532262506808,78.9644950928927,NOISE,2025-06-18T10:40:09,47.45,10.0532262506808,78.9644950928927,NOISE,2025-06-18T10:40:09,47.45,10.0532262506808,78.9644950928927,NOISE
2026-04-28T09:36:14.533961,Map-Energy__sum__linear-conv00380-20250618_134009-20250618_194009-45.000000-49.900000.png,2025-06-18T13:40:09,2025-06-18T19:40:09,45.0,49.9,2025-06-18T16:40:09,47.45,10.0532262506808,78.9644950928927,NOISE,2025-06-18T16:40:09,47.45,10.0532262506808,78.9644950928927,NOISE,2025-06-18T16:40:09,47.45,10.0532262506808,78.9644950928927,NOISE,2025-06-18T16:40:09,47.45,10.0532262506808,78.9644950928927,NOISE
2026-04-28T09:36:15.309813,Map-Energy__sum__linear-conv00390-20250618_194009-20250619_014009-45.000000-49.900000.png,2025-06-18T19:40:09,2025-06-19T01:40:09,45.0,49.9,2025-06-18T22:40:09,47.45,10.0532262506808,78.9644950928927,NOISE,2025-06-18T22:40:09,47.45,10.0532262506808,78.9644950928927,NOISE,2025-06-18T22:40:09,47.45,10.0532262506808,78.9644950928927,NOISE,2025-06-18T22:40:09,47.45,10.0532262506808,78.9644950928927,NOISE
2026-04-28T09:36:15.989986,Map-Energy__sum__linear-conv00400-20250619_014009-20250619_074009-45.000000-49.900000.png,2025-06-19T01:40:09,2025-06-19T07:40:09,45.0,49.9,2025-06-19T04:40:09,47.45,10.0532262506808,78.9644950928927,NOISE,2025-06-19T04:40:09,47.45,10.0532262506808,78.9644950928927,NOISE,2025-06-19T04:40:09,47.45,10.0532262506808,78.9644950928927,NOISE,2025-06-19T04:40:09,47.45,10.0532262506808,78.9644950928927,NOISE
2026-04-28T09:36:16.798103,Map-Energy__sum__linear-conv00410-20250619_074009-20250619_134009-45.000000-49.900000.png,2025-06-19T07:40:09,2025-06-19T13:40:09,45.0,49.9,2025-06-19T10:40:09,47.45,10.0532262506808,78.9644950928927,NOISE,2025-06-19T10:40:09,47.45,10.0532262506808,78.9644950928927,NOISE,2025-06-19T10:40:09,47.45,10.0532262506808,78.9644950928927,NOISE,2025-06-19T10:40:09,47.45,10.0532262506808,78.9644950928927,NOISE
2026-04-28T09:36:17.534076,Map-Energy__sum__linear-conv00420-20250619_134009-20250619_194009-45.000000-49.900000.png,2025-06-19T13:40:09,2025-06-19T19:40:09,45.0,49.9,2025-06-19T16:40:09,47.45,10.0532262506808,78.9644950928927,NOISE,2025-06-19T16:40:09,47.45,10.0532262506808,78.9644950928927,NOISE,2025-06-19T16:40:09,47.45,10.0532262506808,78.9644950928927,NOISE,2025-06-19T16:40:09,47.45,10.0532262506808,78.9644950928927,NOISE
2026-04-28T09:36:18.397800,Map-Energy__sum__linear-conv00430-20250619_194009-20250620_014009-45.000000-49.900000.png,2025-06-19T19:40:09,2025-06-20T01:40:09,45.0,49.9,2025-06-19T22:40:09,47.45,10.0532262506808,78.9644950928927,NOISE,2025-06-19T22:40:09,47.45,10.0532262506808,78.9644950928927,NOISE,2025-06-19T22:40:09,47.45,10.0532262506808,78.9644950928927,NOISE,2025-06-19T22:40:09,47.45,10.0532262506808,78.9644950928927,NOISE
2026-04-28T09:36:19.134130,Map-Energy__sum__linear-conv00440-20250620_014009-20250620_074009-45.000000-49.900000.png,2025-06-20T01:40:09,2025-06-20T07:40:09,45.0,49.9,2025-06-20T04:40:09,47.45,10.0532262506808,78.9644950928927,NOISE,2025-06-20T04:40:09,47.45,10.0532262506808,78.9644950928927,NOISE,2025-06-20T04:40:09,47.45,10.0532262506808,78.9644950928927,NOISE,2025-06-20T04:40:09,47.45,10.0532262506808,78.9644950928927,NOISE
2026-04-28T09:36:19.878438,Map-Energy__sum__linear-conv00450-20250620_074009-20250620_134009-45.000000-49.900000.png,2025-06-20T07:40:09,2025-06-20T13:40:09,45.0,49.9,2025-06-20T10:40:09,47.45,10.0532262506808,78.9644950928927,NOISE,2025-06-20T10:40:09,47.45,10.0532262506808,78.9644950928927,NOISE,2025-06-20T10:40:09,47.45,10.0532262506808,78.9644950928927,NOISE,2025-06-20T10:40:09,47.45,10.0532262506808,78.9644950928927,NOISE
2026-04-28T09:36:20.709650,Map-Energy__sum__linear-conv00460-20250620_134009-20250620_194009-45.000000-49.900000.png,2025-06-20T13:40:09,2025-06-20T19:40:09,45.0,49.9,2025-06-20T16:40:09,47.45,10.0532262506808,78.9644950928927,NOISE,2025-06-20T16:40:09,47.45,10.0532262506808,78.9644950928927,NOISE,2025-06-20T16:40:09,47.45,10.0532262506808,78.9644950928927,NOISE,2025-06-20T16:40:09,47.45,10.0532262506808,78.9644950928927,NOISE
2026-04-28T09:36:21.438075,Map-Energy__sum__linear-conv00470-20250620_194009-20250621_014009-45.000000-49.900000.png,2025-06-20T19:40:09,2025-06-21T01:40:09,45.0,49.9,2025-06-20T22:40:09,47.45,10.0532262506808,78.9644950928927,NOISE,2025-06-20T22:40:09,47.45,10.0532262506808,78.9644950928927,NOISE,2025-06-20T22:40:09,47.45,10.0532262506808,78.9644950928927,NOISE,2025-06-20T22:40:09,47.45,10.0532262506808,78.9644950928927,NOISE
2026-04-28T09:36:22.141968,Map-Energy__sum__linear-conv00480-20250621_014009-20250621_074009-45.000000-49.900000.png,2025-06-21T01:40:09,2025-06-21T07:40:09,45.0,49.9,2025-06-21T04:40:09,47.45,10.0532262506808,78.9644950928927,NOISE,2025-06-21T04:40:09,47.45,10.0532262506808,78.9644950928927,NOISE,2025-06-21T04:40:09,47.45,10.0532262506808,78.9644950928927,NOISE,2025-06-21T04:40:09,47.45,10.0532262506808,78.9644950928927,NOISE
2026-04-28T09:36:23.013946,Map-Energy__sum__linear-conv00490-20250621_074009-20250621_134009-45.000000-49.900000.png,2025-06-21T07:40:09,2025-06-21T13:40:09,45.0,49.9,2025-06-21T10:40:09,47.45,10.0532262506808,78.9644950928927,NOISE,2025-06-21T10:40:09,47.45,10.0532262506808,78.9644950928927,NOISE,2025-06-21T10:40:09,47.45,10.0532262506808,78.9644950928927,NOISE,2025-06-21T10:40:09,47.45,10.0532262506808,78.9644950928927,NOISE
2026-04-28T09:36:24.246024,Map-Energy__sum__linear-conv00500-20250621_134009-20250621_194009-45.000000-49.900000.png,2025-06-21T13:40:09,2025-06-21T19:40:09,45.0,49.9,2025-06-21T16:40:09,47.45,10.0532262506808,78.9644950928927,NOISE,2025-06-21T16:40:09,47.45,10.0532262506808,78.9644950928927,NOISE,2025-06-21T16:40:09,47.45,10.0532262506808,78.9644950928927,NOISE,2025-06-21T16:40:09,47.45,10.0532262506808,78.9644950928927,NOISE
2026-04-28T09:36:25.118056,Map-Energy__sum__linear-conv00510-20250621_194009-20250622_014009-45.000000-49.900000.png,2025-06-21T19:40:09,2025-06-22T01:40:09,45.0,49.9,2025-06-21T22:40:09,47.45,10.0532262506808,78.9644950928927,NOISE,2025-06-21T22:40:09,47.45,10.0532262506808,78.9644950928927,NOISE,2025-06-21T22:40:09,47.45,10.0532262506808,78.9644950928927,NOISE,2025-06-21T22:40:09,47.45,10.0532262506808,78.9644950928927,NOISE
2026-04-28T09:36:26.005776,Map-Energy__sum__linear-conv00520-20250622_014009-20250622_074009-45.000000-49.900000.png,2025-06-22T01:40:09,2025-06-22T07:40:09,45.0,49.9,2025-06-22T04:40:09,47.45,10.0532262506808,78.9644950928927,NOISE,2025-06-22T04:40:09,47.45,10.0532262506808,78.9644950928927,NOISE,2025-06-22T04:40:09,47.45,10.0532262506808,78.9644950928927,NOISE,2025-06-22T04:40:09,47.45,10.0532262506808,78.9644950928927,NOISE
2026-04-28T09:36:26.829739,Map-Energy__sum__linear-conv00530-20250622_074009-20250622_134009-45.000000-49.900000.png,2025-06-22T07:40:09,2025-06-22T13:40:09,45.0,49.9,2025-06-22T10:40:09,47.45,10.0532262506808,78.9644950928927,NOISE,2025-06-22T10:40:09,47.45,10.0532262506808,78.9644950928927,NOISE,2025-06-22T10:40:09,47.45,10.0532262506808,78.9644950928927,NOISE,2025-06-22T10:40:09,47.45,10.0532262506808,78.9644950928927,NOISE
2026-04-28T09:36:27.437722,Map-Energy__sum__linear-conv00540-20250622_134009-20250622_194009-45.000000-49.900000.png,2025-06-22T13:40:09,2025-06-22T19:40:09,45.0,49.9,2025-06-22T16:40:09,47.45,10.0532262506808,78.9644950928927,NOISE,2025-06-22T16:40:09,47.45,10.0532262506808,78.9644950928927,NOISE,2025-06-22T16:40:09,47.45,10.0532262506808,78.9644950928927,NOISE,2025-06-22T16:40:09,47.45,10.0532262506808,78.9644950928927,NOISE
2026-04-28T09:36:27.925409,Map-Energy__sum__linear-conv00550-20250622_194009-20250623_014009-45.000000-49.900000.png,2025-06-22T19:40:09,2025-06-23T01:40:09,45.0,49.9,2025-06-22T22:40:09,47.45,10.0532262506808,78.9644950928927,NOISE,2025-06-22T22:40:09,47.45,10.0532262506808,78.9644950928927,NOISE,2025-06-22T22:40:09,47.45,10.0532262506808,78.9644950928927,NOISE,2025-06-22T22:40:09,47.45,10.0532262506808,78.9644950928927,NOISE
2026-04-28T09:36:28.386767,Map-Energy__sum__linear-conv00560-20250623_014009-20250623_074009-45.000000-49.900000.png,2025-06-23T01:40:09,2025-06-23T07:40:09,45.0,49.9,2025-06-23T04:40:09,47.45,10.0532262506808,78.9644950928927,NOISE,2025-06-23T04:40:09,47.45,10.0532262506808,78.9644950928927,NOISE,2025-06-23T04:40:09,47.45,10.0532262506808,78.9644950928927,NOISE,2025-06-23T04:40:09,47.45,10.0532262506808,78.9644950928927,NOISE
2026-04-28T09:36:29.174118,Map-Energy__sum__linear-conv00570-20250623_074009-20250623_134009-45.000000-49.900000.png,2025-06-23T07:40:09,2025-06-23T13:40:09,45.0,49.9,2025-06-23T10:40:09,47.45,10.0532262506808,78.9644950928927,NOISE,2025-06-23T10:40:09,47.45,10.0532262506808,78.9644950928927,NOISE,2025-06-23T10:40:09,47.45,10.0532262506808,78.9644950928927,NOISE,2025-06-23T10:40:09,47.45,10.0532262506808,78.9644950928927,NOISE
2026-04-28T09:36:29.990202,Map-Energy__sum__linear-conv00580-20250623_134009-20250623_194009-45.000000-49.900000.png,2025-06-23T13:40:09,2025-06-23T19:40:09,45.0,49.9,2025-06-23T16:40:09,47.45,10.0532262506808,78.9644950928927,NOISE,2025-06-23T16:40:09,47.45,10.0532262506808,78.9644950928927,NOISE,2025-06-23T16:40:09,47.45,10.0532262506808,78.9644950928927,NOISE,2025-06-23T16:40:09,47.45,10.0532262506808,78.9644950928927,NOISE
2026-04-28T09:36:30.741877,Map-Energy__sum__linear-conv00590-20250623_134009-20250623_194009-45.000000-49.900000.png,2025-06-23T13:40:09,2025-06-23T19:40:09,45.0,49.9,2025-06-23T16:40:09,47.45,10.0532262506808,78.9644950928927,NOISE,2025-06-23T16:40:09,47.45,10.0532262506808,78.9644950928927,NOISE,2025-06-23T16:40:09,47.45,10.0532262506808,78.9644950928927,NOISE,2025-06-23T16:40:09,47.45,10.0532262506808,78.9644950928927,NOISE
2026-04-28T09:36:31.461871,Map-Energy__sum__linear-conv00600-20250623_194009-20250624_014009-45.000000-49.900000.png,2025-06-23T19:40:09,2025-06-24T01:40:09,45.0,49.9,2025-06-23T22:40:09,47.45,10.0532262506808,78.9644950928927,NOISE,2025-06-23T22:40:09,47.45,10.0532262506808,78.9644950928927,NOISE,2025-06-23T22:40:09,47.45,10.0532262506808,78.9644950928927,NOISE,2025-06-23T22:40:09,47.45,10.0532262506808,78.9644950928927,NOISE
2026-04-28T09:36:32.365577,Map-Energy__sum__linear-conv00610-20250624_014009-20250624_074009-45.000000-49.900000.png,2025-06-24T01:40:09,2025-06-24T07:40:09,45.0,49.9,2025-06-24T04:40:09,47.45,10.0532262506808,78.9644950928927,NOISE,2025-06-24T04:40:09,47.45,10.0532262506808,78.9644950928927,NOISE,2025-06-24T04:40:09,47.45,10.0532262506808,78.9644950928927,NOISE,2025-06-24T04:40:09,47.45,10.0532262506808,78.9644950928927,NOISE
2026-04-28T09:36:36.109928,Map-Energy__sum__linear-conv00620-20250624_074009-20250624_134009-45.000000-49.900000.png,2025-06-24T07:40:09,2025-06-24T13:40:09,45.0,49.9,2025-06-24T10:40:09,47.45,10.0532262506808,78.9644950928927,NOISE,2025-06-24T10:40:09,47.45,10.0532262506808,78.9644950928927,NOISE,2025-06-24T10:40:09,47.45,10.0532262506808,78.9644950928927,NOISE,2025-06-24T10:40:09,47.45,10.0532262506808,78.9644950928927,NOISE
