edited_at,filename,init_dt,end_dt,init_km,end_km,event1_dt,event1_km,event1_lon,event1_lat,event1_label,event2_dt,event2_km,event2_lon,event2_lat,event2_label,event3_dt,event3_km,event3_lon,event3_lat,event3_label,event4_dt,event4_km,event4_lon,event4_lat,event4_label
2026-03-04T12:20:26.476798,Map-Energy__sum__linear-conv00001-20241101_000047-20241101_060047-0.050000-5.000000.png,2024-11-01T00:00:47,2024-11-01T06:00:47,0.05,5.0,2024-11-01T03:00:47,2.525,,,NOISE,2024-11-01T03:00:47,2.525,,,NOISE,2024-11-01T03:00:47,2.525,,,NOISE,2024-11-01T03:00:47,2.525,,,NOISE
2026-03-04T12:20:29.980705,Map-Energy__sum__linear-conv00011-20241101_060047-20241101_120047-0.050000-5.000000.png,2024-11-01T06:00:47,2024-11-01T12:00:47,0.05,5.0,2024-11-01T09:00:47,2.525,,,NOISE,2024-11-01T09:00:47,2.525,,,NOISE,2024-11-01T09:00:47,2.525,,,NOISE,2024-11-01T09:00:47,2.525,,,NOISE
2026-03-04T12:20:32.756702,Map-Energy__sum__linear-conv00021-20241101_120047-20241101_180047-0.050000-5.000000.png,2024-11-01T12:00:47,2024-11-01T18:00:47,0.05,5.0,2024-11-01T15:00:47,2.525,,,NOISE,2024-11-01T15:00:47,2.525,,,NOISE,2024-11-01T15:00:47,2.525,,,NOISE,2024-11-01T15:00:47,2.525,,,NOISE
2026-03-04T12:20:34.556581,Map-Energy__sum__linear-conv00031-20241101_180047-20241102_000047-0.050000-5.000000.png,2024-11-01T18:00:47,2024-11-02T00:00:47,0.05,5.0,2024-11-01T21:00:47,2.525,,,NOISE,2024-11-01T21:00:47,2.525,,,NOISE,2024-11-01T21:00:47,2.525,,,NOISE,2024-11-01T21:00:47,2.525,,,NOISE
2026-03-04T12:20:36.180900,Map-Energy__sum__linear-conv00041-20241102_000047-20241102_060047-0.050000-5.000000.png,2024-11-02T00:00:47,2024-11-02T06:00:47,0.05,5.0,2024-11-02T03:00:47,2.525,,,NOISE,2024-11-02T03:00:47,2.525,,,NOISE,2024-11-02T03:00:47,2.525,,,NOISE,2024-11-02T03:00:47,2.525,,,NOISE
2026-03-04T12:20:37.460726,Map-Energy__sum__linear-conv00051-20241102_060047-20241102_120047-0.050000-5.000000.png,2024-11-02T06:00:47,2024-11-02T12:00:47,0.05,5.0,2024-11-02T09:00:47,2.525,,,NOISE,2024-11-02T09:00:47,2.525,,,NOISE,2024-11-02T09:00:47,2.525,,,NOISE,2024-11-02T09:00:47,2.525,,,NOISE
2026-03-04T12:20:38.924820,Map-Energy__sum__linear-conv00061-20241102_120047-20241102_180047-0.050000-5.000000.png,2024-11-02T12:00:47,2024-11-02T18:00:47,0.05,5.0,2024-11-02T15:00:47,2.525,,,NOISE,2024-11-02T15:00:47,2.525,,,NOISE,2024-11-02T15:00:47,2.525,,,NOISE,2024-11-02T15:00:47,2.525,,,NOISE
2026-03-04T12:20:40.052879,Map-Energy__sum__linear-conv00071-20241102_180047-20241103_000047-0.050000-5.000000.png,2024-11-02T18:00:47,2024-11-03T00:00:47,0.05,5.0,2024-11-02T21:00:47,2.525,,,NOISE,2024-11-02T21:00:47,2.525,,,NOISE,2024-11-02T21:00:47,2.525,,,NOISE,2024-11-02T21:00:47,2.525,,,NOISE
2026-03-04T12:20:40.989193,Map-Energy__sum__linear-conv00081-20241103_000047-20241103_060047-0.050000-5.000000.png,2024-11-03T00:00:47,2024-11-03T06:00:47,0.05,5.0,2024-11-03T03:00:47,2.525,,,NOISE,2024-11-03T03:00:47,2.525,,,NOISE,2024-11-03T03:00:47,2.525,,,NOISE,2024-11-03T03:00:47,2.525,,,NOISE
2026-03-04T12:20:47.060793,Map-Energy__sum__linear-conv00091-20241103_060047-20241103_120047-0.050000-5.000000.png,2024-11-03T06:00:47,2024-11-03T12:00:47,0.05,5.0,2024-11-03T09:00:47,2.525,,,NOISE,2024-11-03T09:00:47,2.525,,,NOISE,2024-11-03T09:00:47,2.525,,,NOISE,2024-11-03T09:00:47,2.525,,,NOISE
2026-03-04T12:20:51.628849,Map-Energy__sum__linear-conv00101-20241103_120047-20241103_180047-0.050000-5.000000.png,2024-11-03T12:00:47,2024-11-03T18:00:47,0.05,5.0,2024-11-03T15:00:47,2.525,,,NOISE,2024-11-03T15:00:47,2.525,,,NOISE,2024-11-03T15:00:47,2.525,,,NOISE,2024-11-03T15:00:47,2.525,,,NOISE
2026-03-04T12:20:53.044850,Map-Energy__sum__linear-conv00111-20241103_180047-20241104_000047-0.050000-5.000000.png,2024-11-03T18:00:47,2024-11-04T00:00:47,0.05,5.0,2024-11-03T21:00:47,2.525,,,NOISE,2024-11-03T21:00:47,2.525,,,NOISE,2024-11-03T21:00:47,2.525,,,NOISE,2024-11-03T21:00:47,2.525,,,NOISE
2026-03-04T12:20:54.084836,Map-Energy__sum__linear-conv00121-20241104_000047-20241104_060047-0.050000-5.000000.png,2024-11-04T00:00:47,2024-11-04T06:00:47,0.05,5.0,2024-11-04T03:00:47,2.525,,,NOISE,2024-11-04T03:00:47,2.525,,,NOISE,2024-11-04T03:00:47,2.525,,,NOISE,2024-11-04T03:00:47,2.525,,,NOISE
2026-03-04T12:20:55.108821,Map-Energy__sum__linear-conv00131-20241104_060047-20241104_120047-0.050000-5.000000.png,2024-11-04T06:00:47,2024-11-04T12:00:47,0.05,5.0,2024-11-04T09:00:47,2.525,,,NOISE,2024-11-04T09:00:47,2.525,,,NOISE,2024-11-04T09:00:47,2.525,,,NOISE,2024-11-04T09:00:47,2.525,,,NOISE
2026-03-04T12:20:55.908736,Map-Energy__sum__linear-conv00141-20241104_120047-20241104_180047-0.050000-5.000000.png,2024-11-04T12:00:47,2024-11-04T18:00:47,0.05,5.0,2024-11-04T15:00:47,2.525,,,NOISE,2024-11-04T15:00:47,2.525,,,NOISE,2024-11-04T15:00:47,2.525,,,NOISE,2024-11-04T15:00:47,2.525,,,NOISE
2026-03-04T12:20:57.132789,Map-Energy__sum__linear-conv00151-20241104_180047-20241105_000047-0.050000-5.000000.png,2024-11-04T18:00:47,2024-11-05T00:00:47,0.05,5.0,2024-11-04T21:00:47,2.525,,,NOISE,2024-11-04T21:00:47,2.525,,,NOISE,2024-11-04T21:00:47,2.525,,,NOISE,2024-11-04T21:00:47,2.525,,,NOISE
2026-03-04T12:20:58.596703,Map-Energy__sum__linear-conv00161-20241105_000047-20241105_060047-0.050000-5.000000.png,2024-11-05T00:00:47,2024-11-05T06:00:47,0.05,5.0,2024-11-05T03:00:47,2.525,,,NOISE,2024-11-05T03:00:47,2.525,,,NOISE,2024-11-05T03:00:47,2.525,,,NOISE,2024-11-05T03:00:47,2.525,,,NOISE
2026-03-04T12:20:59.733025,Map-Energy__sum__linear-conv00171-20241105_060047-20241105_120047-0.050000-5.000000.png,2024-11-05T06:00:47,2024-11-05T12:00:47,0.05,5.0,2024-11-05T09:00:47,2.525,,,NOISE,2024-11-05T09:00:47,2.525,,,NOISE,2024-11-05T09:00:47,2.525,,,NOISE,2024-11-05T09:00:47,2.525,,,NOISE
2026-03-04T12:21:00.757305,Map-Energy__sum__linear-conv00181-20241105_120047-20241105_180047-0.050000-5.000000.png,2024-11-05T12:00:47,2024-11-05T18:00:47,0.05,5.0,2024-11-05T15:00:47,2.525,,,NOISE,2024-11-05T15:00:47,2.525,,,NOISE,2024-11-05T15:00:47,2.525,,,NOISE,2024-11-05T15:00:47,2.525,,,NOISE
2026-03-04T12:21:01.884715,Map-Energy__sum__linear-conv00191-20241105_180047-20241106_000047-0.050000-5.000000.png,2024-11-05T18:00:47,2024-11-06T00:00:47,0.05,5.0,2024-11-05T21:00:47,2.525,,,NOISE,2024-11-05T21:00:47,2.525,,,NOISE,2024-11-05T21:00:47,2.525,,,NOISE,2024-11-05T21:00:47,2.525,,,NOISE
2026-03-04T12:21:03.148744,Map-Energy__sum__linear-conv00201-20241106_000047-20241106_060047-0.050000-5.000000.png,2024-11-06T00:00:47,2024-11-06T06:00:47,0.05,5.0,2024-11-06T03:00:47,2.525,,,NOISE,2024-11-06T03:00:47,2.525,,,NOISE,2024-11-06T03:00:47,2.525,,,NOISE,2024-11-06T03:00:47,2.525,,,NOISE
2026-03-04T12:21:04.141278,Map-Energy__sum__linear-conv00211-20241106_060047-20241106_120047-0.050000-5.000000.png,2024-11-06T06:00:47,2024-11-06T12:00:47,0.05,5.0,2024-11-06T09:00:47,2.525,,,NOISE,2024-11-06T09:00:47,2.525,,,NOISE,2024-11-06T09:00:47,2.525,,,NOISE,2024-11-06T09:00:47,2.525,,,NOISE
2026-03-04T12:21:05.100719,Map-Energy__sum__linear-conv00221-20241106_120047-20241106_180047-0.050000-5.000000.png,2024-11-06T12:00:47,2024-11-06T18:00:47,0.05,5.0,2024-11-06T15:00:47,2.525,,,NOISE,2024-11-06T15:00:47,2.525,,,NOISE,2024-11-06T15:00:47,2.525,,,NOISE,2024-11-06T15:00:47,2.525,,,NOISE
2026-03-04T12:21:06.084804,Map-Energy__sum__linear-conv00231-20241106_180047-20241107_000047-0.050000-5.000000.png,2024-11-06T18:00:47,2024-11-07T00:00:47,0.05,5.0,2024-11-06T21:00:47,2.525,,,NOISE,2024-11-06T21:00:47,2.525,,,NOISE,2024-11-06T21:00:47,2.525,,,NOISE,2024-11-06T21:00:47,2.525,,,NOISE
2026-03-04T12:21:07.436665,Map-Energy__sum__linear-conv00241-20241107_000047-20241107_060047-0.050000-5.000000.png,2024-11-07T00:00:47,2024-11-07T06:00:47,0.05,5.0,2024-11-07T03:00:47,2.525,,,NOISE,2024-11-07T03:00:47,2.525,,,NOISE,2024-11-07T03:00:47,2.525,,,NOISE,2024-11-07T03:00:47,2.525,,,NOISE
2026-03-04T12:21:08.316715,Map-Energy__sum__linear-conv00251-20241107_060047-20241107_120047-0.050000-5.000000.png,2024-11-07T06:00:47,2024-11-07T12:00:47,0.05,5.0,2024-11-07T09:00:47,2.525,,,NOISE,2024-11-07T09:00:47,2.525,,,NOISE,2024-11-07T09:00:47,2.525,,,NOISE,2024-11-07T09:00:47,2.525,,,NOISE
2026-03-04T12:21:09.132866,Map-Energy__sum__linear-conv00261-20241107_120047-20241107_180047-0.050000-5.000000.png,2024-11-07T12:00:47,2024-11-07T18:00:47,0.05,5.0,2024-11-07T15:00:47,2.525,,,NOISE,2024-11-07T15:00:47,2.525,,,NOISE,2024-11-07T15:00:47,2.525,,,NOISE,2024-11-07T15:00:47,2.525,,,NOISE
2026-03-04T12:21:09.988751,Map-Energy__sum__linear-conv00271-20241107_180047-20241108_000047-0.050000-5.000000.png,2024-11-07T18:00:47,2024-11-08T00:00:47,0.05,5.0,2024-11-07T21:00:47,2.525,,,NOISE,2024-11-07T21:00:47,2.525,,,NOISE,2024-11-07T21:00:47,2.525,,,NOISE,2024-11-07T21:00:47,2.525,,,NOISE
2026-03-04T12:21:10.860754,Map-Energy__sum__linear-conv00281-20241108_000047-20241108_060047-0.050000-5.000000.png,2024-11-08T00:00:47,2024-11-08T06:00:47,0.05,5.0,2024-11-08T03:00:47,2.525,,,NOISE,2024-11-08T03:00:47,2.525,,,NOISE,2024-11-08T03:00:47,2.525,,,NOISE,2024-11-08T03:00:47,2.525,,,NOISE
2026-03-04T12:21:11.724699,Map-Energy__sum__linear-conv00291-20241108_060047-20241108_120047-0.050000-5.000000.png,2024-11-08T06:00:47,2024-11-08T12:00:47,0.05,5.0,2024-11-08T09:00:47,2.525,,,NOISE,2024-11-08T09:00:47,2.525,,,NOISE,2024-11-08T09:00:47,2.525,,,NOISE,2024-11-08T09:00:47,2.525,,,NOISE
2026-03-04T12:21:12.444702,Map-Energy__sum__linear-conv00301-20241108_120047-20241108_180047-0.050000-5.000000.png,2024-11-08T12:00:47,2024-11-08T18:00:47,0.05,5.0,2024-11-08T15:00:47,2.525,,,NOISE,2024-11-08T15:00:47,2.525,,,NOISE,2024-11-08T15:00:47,2.525,,,NOISE,2024-11-08T15:00:47,2.525,,,NOISE
2026-03-04T12:21:13.260740,Map-Energy__sum__linear-conv00311-20241108_180047-20241109_000047-0.050000-5.000000.png,2024-11-08T18:00:47,2024-11-09T00:00:47,0.05,5.0,2024-11-08T21:00:47,2.525,,,NOISE,2024-11-08T21:00:47,2.525,,,NOISE,2024-11-08T21:00:47,2.525,,,NOISE,2024-11-08T21:00:47,2.525,,,NOISE
2026-03-04T12:21:14.244760,Map-Energy__sum__linear-conv00321-20241109_000047-20241109_060047-0.050000-5.000000.png,2024-11-09T00:00:47,2024-11-09T06:00:47,0.05,5.0,2024-11-09T03:00:47,2.525,,,NOISE,2024-11-09T03:00:47,2.525,,,NOISE,2024-11-09T03:00:47,2.525,,,NOISE,2024-11-09T03:00:47,2.525,,,NOISE
2026-03-04T12:21:15.172678,Map-Energy__sum__linear-conv00331-20241109_060047-20241109_120047-0.050000-5.000000.png,2024-11-09T06:00:47,2024-11-09T12:00:47,0.05,5.0,2024-11-09T09:00:47,2.525,,,NOISE,2024-11-09T09:00:47,2.525,,,NOISE,2024-11-09T09:00:47,2.525,,,NOISE,2024-11-09T09:00:47,2.525,,,NOISE
2026-03-04T12:21:16.101087,Map-Energy__sum__linear-conv00341-20241109_120047-20241109_180047-0.050000-5.000000.png,2024-11-09T12:00:47,2024-11-09T18:00:47,0.05,5.0,2024-11-09T15:00:47,2.525,,,NOISE,2024-11-09T15:00:47,2.525,,,NOISE,2024-11-09T15:00:47,2.525,,,NOISE,2024-11-09T15:00:47,2.525,,,NOISE
2026-03-04T12:21:17.460740,Map-Energy__sum__linear-conv00351-20241109_180047-20241110_000047-0.050000-5.000000.png,2024-11-09T18:00:47,2024-11-10T00:00:47,0.05,5.0,2024-11-09T21:00:47,2.525,,,NOISE,2024-11-09T21:00:47,2.525,,,NOISE,2024-11-09T21:00:47,2.525,,,NOISE,2024-11-09T21:00:47,2.525,,,NOISE
2026-03-04T12:21:18.956870,Map-Energy__sum__linear-conv00361-20241110_000047-20241110_060047-0.050000-5.000000.png,2024-11-10T00:00:47,2024-11-10T06:00:47,0.05,5.0,2024-11-10T03:00:47,2.525,,,NOISE,2024-11-10T03:00:47,2.525,,,NOISE,2024-11-10T03:00:47,2.525,,,NOISE,2024-11-10T03:00:47,2.525,,,NOISE
2026-03-04T12:21:20.156919,Map-Energy__sum__linear-conv00371-20241110_060047-20241110_120047-0.050000-5.000000.png,2024-11-10T06:00:47,2024-11-10T12:00:47,0.05,5.0,2024-11-10T09:00:47,2.525,,,NOISE,2024-11-10T09:00:47,2.525,,,NOISE,2024-11-10T09:00:47,2.525,,,NOISE,2024-11-10T09:00:47,2.525,,,NOISE
2026-03-04T12:21:21.716714,Map-Energy__sum__linear-conv00381-20241110_120047-20241110_180047-0.050000-5.000000.png,2024-11-10T12:00:47,2024-11-10T18:00:47,0.05,5.0,2024-11-10T15:00:47,2.525,,,NOISE,2024-11-10T15:00:47,2.525,,,NOISE,2024-11-10T15:00:47,2.525,,,NOISE,2024-11-10T15:00:47,2.525,,,NOISE
2026-03-04T12:21:23.188598,Map-Energy__sum__linear-conv00391-20241110_180047-20241111_000047-0.050000-5.000000.png,2024-11-10T18:00:47,2024-11-11T00:00:47,0.05,5.0,2024-11-10T21:00:47,2.525,,,NOISE,2024-11-10T21:00:47,2.525,,,NOISE,2024-11-10T21:00:47,2.525,,,NOISE,2024-11-10T21:00:47,2.525,,,NOISE
2026-03-04T12:21:25.196610,Map-Energy__sum__linear-conv00401-20241111_000047-20241111_060047-0.050000-5.000000.png,2024-11-11T00:00:47,2024-11-11T06:00:47,0.05,5.0,2024-11-11T03:00:47,2.525,,,NOISE,2024-11-11T03:00:47,2.525,,,NOISE,2024-11-11T03:00:47,2.525,,,NOISE,2024-11-11T03:00:47,2.525,,,NOISE
2026-03-04T12:21:26.756729,Map-Energy__sum__linear-conv00411-20241111_060047-20241111_120047-0.050000-5.000000.png,2024-11-11T06:00:47,2024-11-11T12:00:47,0.05,5.0,2024-11-11T09:00:47,2.525,,,NOISE,2024-11-11T09:00:47,2.525,,,NOISE,2024-11-11T09:00:47,2.525,,,NOISE,2024-11-11T09:00:47,2.525,,,NOISE
2026-03-04T12:21:27.860821,Map-Energy__sum__linear-conv00421-20241111_120047-20241111_180047-0.050000-5.000000.png,2024-11-11T12:00:47,2024-11-11T18:00:47,0.05,5.0,2024-11-11T15:00:47,2.525,,,NOISE,2024-11-11T15:00:47,2.525,,,NOISE,2024-11-11T15:00:47,2.525,,,NOISE,2024-11-11T15:00:47,2.525,,,NOISE
2026-03-04T12:21:30.100706,Map-Energy__sum__linear-conv00431-20241111_180047-20241112_000047-0.050000-5.000000.png,2024-11-11T18:00:47,2024-11-12T00:00:47,0.05,5.0,2024-11-11T21:00:47,2.525,,,NOISE,2024-11-11T21:00:47,2.525,,,NOISE,2024-11-11T21:00:47,2.525,,,NOISE,2024-11-11T21:00:47,2.525,,,NOISE
2026-03-04T12:21:31.500992,Map-Energy__sum__linear-conv00441-20241112_000047-20241112_060047-0.050000-5.000000.png,2024-11-12T00:00:47,2024-11-12T06:00:47,0.05,5.0,2024-11-12T03:00:47,2.525,,,NOISE,2024-11-12T03:00:47,2.525,,,NOISE,2024-11-12T03:00:47,2.525,,,NOISE,2024-11-12T03:00:47,2.525,,,NOISE
2026-03-04T12:21:33.660680,Map-Energy__sum__linear-conv00451-20241112_060047-20241112_120047-0.050000-5.000000.png,2024-11-12T06:00:47,2024-11-12T12:00:47,0.05,5.0,2024-11-12T09:00:47,2.525,,,NOISE,2024-11-12T09:00:47,2.525,,,NOISE,2024-11-12T09:00:47,2.525,,,NOISE,2024-11-12T09:00:47,2.525,,,NOISE
2026-03-04T12:21:35.428523,Map-Energy__sum__linear-conv00461-20241112_120047-20241112_180047-0.050000-5.000000.png,2024-11-12T12:00:47,2024-11-12T18:00:47,0.05,5.0,2024-11-12T15:00:47,2.525,,,NOISE,2024-11-12T15:00:47,2.525,,,NOISE,2024-11-12T15:00:47,2.525,,,NOISE,2024-11-12T15:00:47,2.525,,,NOISE
2026-03-04T12:21:37.044566,Map-Energy__sum__linear-conv00471-20241112_180047-20241113_000047-0.050000-5.000000.png,2024-11-12T18:00:47,2024-11-13T00:00:47,0.05,5.0,2024-11-12T21:00:47,2.525,,,NOISE,2024-11-12T21:00:47,2.525,,,NOISE,2024-11-12T21:00:47,2.525,,,NOISE,2024-11-12T21:00:47,2.525,,,NOISE
2026-03-04T12:21:38.452627,Map-Energy__sum__linear-conv00481-20241113_000047-20241113_060047-0.050000-5.000000.png,2024-11-13T00:00:47,2024-11-13T06:00:47,0.05,5.0,2024-11-13T03:00:47,2.525,,,NOISE,2024-11-13T03:00:47,2.525,,,NOISE,2024-11-13T03:00:47,2.525,,,NOISE,2024-11-13T03:00:47,2.525,,,NOISE
2026-03-04T12:21:39.620722,Map-Energy__sum__linear-conv00491-20241113_060047-20241113_120047-0.050000-5.000000.png,2024-11-13T06:00:47,2024-11-13T12:00:47,0.05,5.0,2024-11-13T09:00:47,2.525,,,NOISE,2024-11-13T09:00:47,2.525,,,NOISE,2024-11-13T09:00:47,2.525,,,NOISE,2024-11-13T09:00:47,2.525,,,NOISE
2026-03-04T12:21:40.702282,Map-Energy__sum__linear-conv00501-20241113_120047-20241113_180047-0.050000-5.000000.png,2024-11-13T12:00:47,2024-11-13T18:00:47,0.05,5.0,2024-11-13T15:00:47,2.525,,,NOISE,2024-11-13T15:00:47,2.525,,,NOISE,2024-11-13T15:00:47,2.525,,,NOISE,2024-11-13T15:00:47,2.525,,,NOISE
2026-03-04T12:21:41.965104,Map-Energy__sum__linear-conv00511-20241113_180047-20241114_000047-0.050000-5.000000.png,2024-11-13T18:00:47,2024-11-14T00:00:47,0.05,5.0,2024-11-13T21:00:47,2.525,,,NOISE,2024-11-13T21:00:47,2.525,,,NOISE,2024-11-13T21:00:47,2.525,,,NOISE,2024-11-13T21:00:47,2.525,,,NOISE
2026-03-04T12:21:43.628685,Map-Energy__sum__linear-conv00521-20241114_000047-20241114_060047-0.050000-5.000000.png,2024-11-14T00:00:47,2024-11-14T06:00:47,0.05,5.0,2024-11-14T03:00:47,2.525,,,NOISE,2024-11-14T03:00:47,2.525,,,NOISE,2024-11-14T03:00:47,2.525,,,NOISE,2024-11-14T03:00:47,2.525,,,NOISE
2026-03-04T12:21:44.580866,Map-Energy__sum__linear-conv00531-20241114_060047-20241114_120047-0.050000-5.000000.png,2024-11-14T06:00:47,2024-11-14T12:00:47,0.05,5.0,2024-11-14T09:00:47,2.525,,,NOISE,2024-11-14T09:00:47,2.525,,,NOISE,2024-11-14T09:00:47,2.525,,,NOISE,2024-11-14T09:00:47,2.525,,,NOISE
2026-03-04T12:21:45.540579,Map-Energy__sum__linear-conv00541-20241114_120047-20241114_180047-0.050000-5.000000.png,2024-11-14T12:00:47,2024-11-14T18:00:47,0.05,5.0,2024-11-14T15:00:47,2.525,,,NOISE,2024-11-14T15:00:47,2.525,,,NOISE,2024-11-14T15:00:47,2.525,,,NOISE,2024-11-14T15:00:47,2.525,,,NOISE
2026-03-04T12:21:46.428770,Map-Energy__sum__linear-conv00551-20241114_180047-20241115_000047-0.050000-5.000000.png,2024-11-14T18:00:47,2024-11-15T00:00:47,0.05,5.0,2024-11-14T21:00:47,2.525,,,NOISE,2024-11-14T21:00:47,2.525,,,NOISE,2024-11-14T21:00:47,2.525,,,NOISE,2024-11-14T21:00:47,2.525,,,NOISE
2026-03-04T12:21:47.492640,Map-Energy__sum__linear-conv00561-20241115_000047-20241115_060047-0.050000-5.000000.png,2024-11-15T00:00:47,2024-11-15T06:00:47,0.05,5.0,2024-11-15T03:00:47,2.525,,,NOISE,2024-11-15T03:00:47,2.525,,,NOISE,2024-11-15T03:00:47,2.525,,,NOISE,2024-11-15T03:00:47,2.525,,,NOISE
2026-03-04T12:21:48.732752,Map-Energy__sum__linear-conv00571-20241115_060047-20241115_120047-0.050000-5.000000.png,2024-11-15T06:00:47,2024-11-15T12:00:47,0.05,5.0,2024-11-15T09:00:47,2.525,,,NOISE,2024-11-15T09:00:47,2.525,,,NOISE,2024-11-15T09:00:47,2.525,,,NOISE,2024-11-15T09:00:47,2.525,,,NOISE
2026-03-04T12:21:50.588612,Map-Energy__sum__linear-conv00581-20241115_120047-20241115_180047-0.050000-5.000000.png,2024-11-15T12:00:47,2024-11-15T18:00:47,0.05,5.0,2024-11-15T15:00:47,2.525,,,NOISE,2024-11-15T15:00:47,2.525,,,NOISE,2024-11-15T15:00:47,2.525,,,NOISE,2024-11-15T15:00:47,2.525,,,NOISE
2026-03-04T12:21:51.676995,Map-Energy__sum__linear-conv00591-20241115_180047-20241116_000047-0.050000-5.000000.png,2024-11-15T18:00:47,2024-11-16T00:00:47,0.05,5.0,2024-11-15T21:00:47,2.525,,,NOISE,2024-11-15T21:00:47,2.525,,,NOISE,2024-11-15T21:00:47,2.525,,,NOISE,2024-11-15T21:00:47,2.525,,,NOISE
2026-03-04T12:21:57.060705,Map-Energy__sum__linear-conv00601-20241116_000047-20241116_060047-0.050000-5.000000.png,2024-11-16T00:00:47,2024-11-16T06:00:47,0.05,5.0,2024-11-16T03:00:47,2.525,,,NOISE,2024-11-16T03:00:47,2.525,,,NOISE,2024-11-16T03:00:47,2.525,,,NOISE,2024-11-16T03:00:47,2.525,,,NOISE
2026-03-04T12:21:59.020657,Map-Energy__sum__linear-conv00611-20241116_060047-20241116_120047-0.050000-5.000000.png,2024-11-16T06:00:47,2024-11-16T12:00:47,0.05,5.0,2024-11-16T09:00:47,2.525,,,NOISE,2024-11-16T09:00:47,2.525,,,NOISE,2024-11-16T09:00:47,2.525,,,NOISE,2024-11-16T09:00:47,2.525,,,NOISE
2026-03-04T12:22:02.852696,Map-Energy__sum__linear-conv00621-20241116_120047-20241116_180047-0.050000-5.000000.png,2024-11-16T12:00:47,2024-11-16T18:00:47,0.05,5.0,2024-11-16T15:00:47,2.525,,,NOISE,2024-11-16T15:00:47,2.525,,,NOISE,2024-11-16T15:00:47,2.525,,,NOISE,2024-11-16T15:00:47,2.525,,,NOISE
2026-03-04T12:22:06.244534,Map-Energy__sum__linear-conv00631-20241116_180047-20241117_000047-0.050000-5.000000.png,2024-11-16T18:00:47,2024-11-17T00:00:47,0.05,5.0,2024-11-16T21:00:47,2.525,,,NOISE,2024-11-16T21:00:47,2.525,,,NOISE,2024-11-16T21:00:47,2.525,,,NOISE,2024-11-16T21:00:47,2.525,,,NOISE
2026-03-04T12:22:08.540705,Map-Energy__sum__linear-conv00641-20241117_000047-20241117_060047-0.050000-5.000000.png,2024-11-17T00:00:47,2024-11-17T06:00:47,0.05,5.0,2024-11-17T03:00:47,2.525,,,NOISE,2024-11-17T03:00:47,2.525,,,NOISE,2024-11-17T03:00:47,2.525,,,NOISE,2024-11-17T03:00:47,2.525,,,NOISE
2026-03-04T12:22:11.620632,Map-Energy__sum__linear-conv00651-20241117_060047-20241117_120047-0.050000-5.000000.png,2024-11-17T06:00:47,2024-11-17T12:00:47,0.05,5.0,2024-11-17T09:00:47,2.525,,,NOISE,2024-11-17T09:00:47,2.525,,,NOISE,2024-11-17T09:00:47,2.525,,,NOISE,2024-11-17T09:00:47,2.525,,,NOISE
2026-03-04T12:22:14.460749,Map-Energy__sum__linear-conv00661-20241117_120047-20241117_180047-0.050000-5.000000.png,2024-11-17T12:00:47,2024-11-17T18:00:47,0.05,5.0,2024-11-17T15:00:47,2.525,,,NOISE,2024-11-17T15:00:47,2.525,,,NOISE,2024-11-17T15:00:47,2.525,,,NOISE,2024-11-17T15:00:47,2.525,,,NOISE
2026-03-04T12:22:23.316615,Map-Energy__sum__linear-conv00671-20241117_180047-20241118_000047-0.050000-5.000000.png,2024-11-17T18:00:47,2024-11-18T00:00:47,0.05,5.0,2024-11-17T21:00:47,2.525,,,NOISE,2024-11-17T21:00:47,2.525,,,NOISE,2024-11-17T21:00:47,2.525,,,NOISE,2024-11-17T21:00:47,2.525,,,NOISE
2026-03-04T12:22:24.924643,Map-Energy__sum__linear-conv00681-20241118_000047-20241118_060047-0.050000-5.000000.png,2024-11-18T00:00:47,2024-11-18T06:00:47,0.05,5.0,2024-11-18T03:00:47,2.525,,,NOISE,2024-11-18T03:00:47,2.525,,,NOISE,2024-11-18T03:00:47,2.525,,,NOISE,2024-11-18T03:00:47,2.525,,,NOISE
2026-03-04T12:22:26.052643,Map-Energy__sum__linear-conv00691-20241118_060047-20241118_120047-0.050000-5.000000.png,2024-11-18T06:00:47,2024-11-18T12:00:47,0.05,5.0,2024-11-18T09:00:47,2.525,,,NOISE,2024-11-18T09:00:47,2.525,,,NOISE,2024-11-18T09:00:47,2.525,,,NOISE,2024-11-18T09:00:47,2.525,,,NOISE
2026-03-04T12:22:27.468634,Map-Energy__sum__linear-conv00701-20241118_120047-20241118_180047-0.050000-5.000000.png,2024-11-18T12:00:47,2024-11-18T18:00:47,0.05,5.0,2024-11-18T15:00:47,2.525,,,NOISE,2024-11-18T15:00:47,2.525,,,NOISE,2024-11-18T15:00:47,2.525,,,NOISE,2024-11-18T15:00:47,2.525,,,NOISE
2026-03-04T12:22:28.388681,Map-Energy__sum__linear-conv00711-20241118_180047-20241119_000047-0.050000-5.000000.png,2024-11-18T18:00:47,2024-11-19T00:00:47,0.05,5.0,2024-11-18T21:00:47,2.525,,,NOISE,2024-11-18T21:00:47,2.525,,,NOISE,2024-11-18T21:00:47,2.525,,,NOISE,2024-11-18T21:00:47,2.525,,,NOISE
2026-03-04T12:22:29.412690,Map-Energy__sum__linear-conv00721-20241119_000047-20241119_060047-0.050000-5.000000.png,2024-11-19T00:00:47,2024-11-19T06:00:47,0.05,5.0,2024-11-19T03:00:47,2.525,,,NOISE,2024-11-19T03:00:47,2.525,,,NOISE,2024-11-19T03:00:47,2.525,,,NOISE,2024-11-19T03:00:47,2.525,,,NOISE
2026-03-04T12:22:30.316624,Map-Energy__sum__linear-conv00731-20241119_060047-20241119_120047-0.050000-5.000000.png,2024-11-19T06:00:47,2024-11-19T12:00:47,0.05,5.0,2024-11-19T09:00:47,2.525,,,NOISE,2024-11-19T09:00:47,2.525,,,NOISE,2024-11-19T09:00:47,2.525,,,NOISE,2024-11-19T09:00:47,2.525,,,NOISE
2026-03-04T12:22:31.164766,Map-Energy__sum__linear-conv00741-20241119_120047-20241119_180047-0.050000-5.000000.png,2024-11-19T12:00:47,2024-11-19T18:00:47,0.05,5.0,2024-11-19T15:00:47,2.525,,,NOISE,2024-11-19T15:00:47,2.525,,,NOISE,2024-11-19T15:00:47,2.525,,,NOISE,2024-11-19T15:00:47,2.525,,,NOISE
2026-03-04T12:22:32.173601,Map-Energy__sum__linear-conv00751-20241119_180047-20241120_000047-0.050000-5.000000.png,2024-11-19T18:00:47,2024-11-20T00:00:47,0.05,5.0,2024-11-19T21:00:47,2.525,,,NOISE,2024-11-19T21:00:47,2.525,,,NOISE,2024-11-19T21:00:47,2.525,,,NOISE,2024-11-19T21:00:47,2.525,,,NOISE
2026-03-04T12:22:33.308617,Map-Energy__sum__linear-conv00761-20241120_000047-20241120_060047-0.050000-5.000000.png,2024-11-20T00:00:47,2024-11-20T06:00:47,0.05,5.0,2024-11-20T03:00:47,2.525,,,NOISE,2024-11-20T03:00:47,2.525,,,NOISE,2024-11-20T03:00:47,2.525,,,NOISE,2024-11-20T03:00:47,2.525,,,NOISE
2026-03-04T12:22:34.076800,Map-Energy__sum__linear-conv00771-20241120_060047-20241120_120047-0.050000-5.000000.png,2024-11-20T06:00:47,2024-11-20T12:00:47,0.05,5.0,2024-11-20T09:00:47,2.525,,,NOISE,2024-11-20T09:00:47,2.525,,,NOISE,2024-11-20T09:00:47,2.525,,,NOISE,2024-11-20T09:00:47,2.525,,,NOISE
2026-03-04T12:22:35.076608,Map-Energy__sum__linear-conv00781-20241120_120047-20241120_180047-0.050000-5.000000.png,2024-11-20T12:00:47,2024-11-20T18:00:47,0.05,5.0,2024-11-20T15:00:47,2.525,,,NOISE,2024-11-20T15:00:47,2.525,,,NOISE,2024-11-20T15:00:47,2.525,,,NOISE,2024-11-20T15:00:47,2.525,,,NOISE
2026-03-04T12:22:35.860497,Map-Energy__sum__linear-conv00791-20241120_180047-20241121_000047-0.050000-5.000000.png,2024-11-20T18:00:47,2024-11-21T00:00:47,0.05,5.0,2024-11-20T21:00:47,2.525,,,NOISE,2024-11-20T21:00:47,2.525,,,NOISE,2024-11-20T21:00:47,2.525,,,NOISE,2024-11-20T21:00:47,2.525,,,NOISE
2026-03-04T12:22:36.788615,Map-Energy__sum__linear-conv00801-20241121_000047-20241121_060047-0.050000-5.000000.png,2024-11-21T00:00:47,2024-11-21T06:00:47,0.05,5.0,2024-11-21T03:00:47,2.525,,,NOISE,2024-11-21T03:00:47,2.525,,,NOISE,2024-11-21T03:00:47,2.525,,,NOISE,2024-11-21T03:00:47,2.525,,,NOISE
2026-03-04T12:22:37.620750,Map-Energy__sum__linear-conv00811-20241121_060047-20241121_120047-0.050000-5.000000.png,2024-11-21T06:00:47,2024-11-21T12:00:47,0.05,5.0,2024-11-21T09:00:47,2.525,,,NOISE,2024-11-21T09:00:47,2.525,,,NOISE,2024-11-21T09:00:47,2.525,,,NOISE,2024-11-21T09:00:47,2.525,,,NOISE
2026-03-04T12:22:38.708602,Map-Energy__sum__linear-conv00821-20241121_120047-20241121_180047-0.050000-5.000000.png,2024-11-21T12:00:47,2024-11-21T18:00:47,0.05,5.0,2024-11-21T15:00:47,2.525,,,NOISE,2024-11-21T15:00:47,2.525,,,NOISE,2024-11-21T15:00:47,2.525,,,NOISE,2024-11-21T15:00:47,2.525,,,NOISE
2026-03-04T12:22:44.252529,Map-Energy__sum__linear-conv00831-20241121_180047-20241122_000047-0.050000-5.000000.png,2024-11-21T18:00:47,2024-11-22T00:00:47,0.05,5.0,2024-11-21T21:00:47,2.525,,,NOISE,2024-11-21T21:00:47,2.525,,,NOISE,2024-11-21T21:00:47,2.525,,,NOISE,2024-11-21T21:00:47,2.525,,,NOISE
2026-03-04T12:22:46.708581,Map-Energy__sum__linear-conv00841-20241122_000047-20241122_060047-0.050000-5.000000.png,2024-11-22T00:00:47,2024-11-22T06:00:47,0.05,5.0,2024-11-22T03:00:47,2.525,,,NOISE,2024-11-22T03:00:47,2.525,,,NOISE,2024-11-22T03:00:47,2.525,,,NOISE,2024-11-22T03:00:47,2.525,,,NOISE
2026-03-04T12:22:48.276601,Map-Energy__sum__linear-conv00851-20241122_060047-20241122_120047-0.050000-5.000000.png,2024-11-22T06:00:47,2024-11-22T12:00:47,0.05,5.0,2024-11-22T09:00:47,2.525,,,NOISE,2024-11-22T09:00:47,2.525,,,NOISE,2024-11-22T09:00:47,2.525,,,NOISE,2024-11-22T09:00:47,2.525,,,NOISE
2026-03-04T12:22:50.292627,Map-Energy__sum__linear-conv00861-20241122_120047-20241122_180047-0.050000-5.000000.png,2024-11-22T12:00:47,2024-11-22T18:00:47,0.05,5.0,2024-11-22T15:00:47,2.525,,,NOISE,2024-11-22T15:00:47,2.525,,,NOISE,2024-11-22T15:00:47,2.525,,,NOISE,2024-11-22T15:00:47,2.525,,,NOISE
2026-03-04T12:22:53.020900,Map-Energy__sum__linear-conv00871-20241122_180047-20241123_000047-0.050000-5.000000.png,2024-11-22T18:00:47,2024-11-23T00:00:47,0.05,5.0,2024-11-22T21:00:47,2.525,,,NOISE,2024-11-22T21:00:47,2.525,,,NOISE,2024-11-22T21:00:47,2.525,,,NOISE,2024-11-22T21:00:47,2.525,,,NOISE
2026-03-04T12:22:56.724633,Map-Energy__sum__linear-conv00881-20241123_000047-20241123_060047-0.050000-5.000000.png,2024-11-23T00:00:47,2024-11-23T06:00:47,0.05,5.0,2024-11-23T03:00:47,2.525,,,NOISE,2024-11-23T03:00:47,2.525,,,NOISE,2024-11-23T03:00:47,2.525,,,NOISE,2024-11-23T03:00:47,2.525,,,NOISE
2026-03-04T12:23:01.492626,Map-Energy__sum__linear-conv00891-20241123_060047-20241123_120047-0.050000-5.000000.png,2024-11-23T06:00:47,2024-11-23T12:00:47,0.05,5.0,2024-11-23T09:00:47,2.525,,,NOISE,2024-11-23T09:00:47,2.525,,,NOISE,2024-11-23T09:00:47,2.525,,,NOISE,2024-11-23T09:00:47,2.525,,,NOISE
2026-03-04T12:23:07.484880,Map-Energy__sum__linear-conv00901-20241123_120047-20241123_180047-0.050000-5.000000.png,2024-11-23T12:00:47,2024-11-23T18:00:47,0.05,5.0,2024-11-23T15:00:47,2.525,,,NOISE,2024-11-23T15:00:47,2.525,,,NOISE,2024-11-23T15:00:47,2.525,,,NOISE,2024-11-23T15:00:47,2.525,,,NOISE
2026-03-04T12:23:11.916680,Map-Energy__sum__linear-conv00911-20241123_180047-20241124_000047-0.050000-5.000000.png,2024-11-23T18:00:47,2024-11-24T00:00:47,0.05,5.0,2024-11-23T21:00:47,2.525,,,NOISE,2024-11-23T21:00:47,2.525,,,NOISE,2024-11-23T21:00:47,2.525,,,NOISE,2024-11-23T21:00:47,2.525,,,NOISE
2026-03-04T12:23:13.036723,Map-Energy__sum__linear-conv00921-20241124_000047-20241124_060047-0.050000-5.000000.png,2024-11-24T00:00:47,2024-11-24T06:00:47,0.05,5.0,2024-11-24T03:00:47,2.525,,,NOISE,2024-11-24T03:00:47,2.525,,,NOISE,2024-11-24T03:00:47,2.525,,,NOISE,2024-11-24T03:00:47,2.525,,,NOISE
2026-03-04T12:23:13.956646,Map-Energy__sum__linear-conv00931-20241124_060047-20241124_120047-0.050000-5.000000.png,2024-11-24T06:00:47,2024-11-24T12:00:47,0.05,5.0,2024-11-24T09:00:47,2.525,,,NOISE,2024-11-24T09:00:47,2.525,,,NOISE,2024-11-24T09:00:47,2.525,,,NOISE,2024-11-24T09:00:47,2.525,,,NOISE
2026-03-04T12:23:15.028675,Map-Energy__sum__linear-conv00941-20241124_120047-20241124_180047-0.050000-5.000000.png,2024-11-24T12:00:47,2024-11-24T18:00:47,0.05,5.0,2024-11-24T15:00:47,2.525,,,NOISE,2024-11-24T15:00:47,2.525,,,NOISE,2024-11-24T15:00:47,2.525,,,NOISE,2024-11-24T15:00:47,2.525,,,NOISE
2026-03-04T12:23:16.100489,Map-Energy__sum__linear-conv00951-20241124_180047-20241125_000047-0.050000-5.000000.png,2024-11-24T18:00:47,2024-11-25T00:00:47,0.05,5.0,2024-11-24T21:00:47,2.525,,,NOISE,2024-11-24T21:00:47,2.525,,,NOISE,2024-11-24T21:00:47,2.525,,,NOISE,2024-11-24T21:00:47,2.525,,,NOISE
2026-03-04T12:23:18.412588,Map-Energy__sum__linear-conv00961-20241125_000047-20241125_060047-0.050000-5.000000.png,2024-11-25T00:00:47,2024-11-25T06:00:47,0.05,5.0,2024-11-25T03:00:47,2.525,,,NOISE,2024-11-25T03:00:47,2.525,,,NOISE,2024-11-25T03:00:47,2.525,,,NOISE,2024-11-25T03:00:47,2.525,,,NOISE
2026-03-04T12:23:19.628566,Map-Energy__sum__linear-conv00971-20241125_060047-20241125_120047-0.050000-5.000000.png,2024-11-25T06:00:47,2024-11-25T12:00:47,0.05,5.0,2024-11-25T09:00:47,2.525,,,NOISE,2024-11-25T09:00:47,2.525,,,NOISE,2024-11-25T09:00:47,2.525,,,NOISE,2024-11-25T09:00:47,2.525,,,NOISE
2026-03-04T12:23:20.732601,Map-Energy__sum__linear-conv00981-20241125_120047-20241125_180047-0.050000-5.000000.png,2024-11-25T12:00:47,2024-11-25T18:00:47,0.05,5.0,2024-11-25T15:00:47,2.525,,,NOISE,2024-11-25T15:00:47,2.525,,,NOISE,2024-11-25T15:00:47,2.525,,,NOISE,2024-11-25T15:00:47,2.525,,,NOISE
2026-03-04T12:23:22.436555,Map-Energy__sum__linear-conv00991-20241125_180047-20241126_000047-0.050000-5.000000.png,2024-11-25T18:00:47,2024-11-26T00:00:47,0.05,5.0,2024-11-25T21:00:47,2.525,,,NOISE,2024-11-25T21:00:47,2.525,,,NOISE,2024-11-25T21:00:47,2.525,,,NOISE,2024-11-25T21:00:47,2.525,,,NOISE
2026-03-04T12:23:23.588635,Map-Energy__sum__linear-conv01001-20241126_000047-20241126_060047-0.050000-5.000000.png,2024-11-26T00:00:47,2024-11-26T06:00:47,0.05,5.0,2024-11-26T03:00:47,2.525,,,NOISE,2024-11-26T03:00:47,2.525,,,NOISE,2024-11-26T03:00:47,2.525,,,NOISE,2024-11-26T03:00:47,2.525,,,NOISE
2026-03-04T12:23:24.548924,Map-Energy__sum__linear-conv01011-20241126_060047-20241126_120047-0.050000-5.000000.png,2024-11-26T06:00:47,2024-11-26T12:00:47,0.05,5.0,2024-11-26T09:00:47,2.525,,,NOISE,2024-11-26T09:00:47,2.525,,,NOISE,2024-11-26T09:00:47,2.525,,,NOISE,2024-11-26T09:00:47,2.525,,,NOISE
2026-03-04T12:23:25.708643,Map-Energy__sum__linear-conv01021-20241126_120047-20241126_180047-0.050000-5.000000.png,2024-11-26T12:00:47,2024-11-26T18:00:47,0.05,5.0,2024-11-26T15:00:47,2.525,,,NOISE,2024-11-26T15:00:47,2.525,,,NOISE,2024-11-26T15:00:47,2.525,,,NOISE,2024-11-26T15:00:47,2.525,,,NOISE
2026-03-04T12:23:27.220594,Map-Energy__sum__linear-conv01031-20241126_180047-20241127_000047-0.050000-5.000000.png,2024-11-26T18:00:47,2024-11-27T00:00:47,0.05,5.0,2024-11-26T21:00:47,2.525,,,NOISE,2024-11-26T21:00:47,2.525,,,NOISE,2024-11-26T21:00:47,2.525,,,NOISE,2024-11-26T21:00:47,2.525,,,NOISE
2026-03-04T12:23:28.020657,Map-Energy__sum__linear-conv01041-20241127_000047-20241127_060047-0.050000-5.000000.png,2024-11-27T00:00:47,2024-11-27T06:00:47,0.05,5.0,2024-11-27T03:00:47,2.525,,,NOISE,2024-11-27T03:00:47,2.525,,,NOISE,2024-11-27T03:00:47,2.525,,,NOISE,2024-11-27T03:00:47,2.525,,,NOISE
2026-03-04T12:23:29.164608,Map-Energy__sum__linear-conv01051-20241127_060047-20241127_120047-0.050000-5.000000.png,2024-11-27T06:00:47,2024-11-27T12:00:47,0.05,5.0,2024-11-27T09:00:47,2.525,,,NOISE,2024-11-27T09:00:47,2.525,,,NOISE,2024-11-27T09:00:47,2.525,,,NOISE,2024-11-27T09:00:47,2.525,,,NOISE
2026-03-04T12:23:30.980761,Map-Energy__sum__linear-conv01061-20241127_120047-20241127_180047-0.050000-5.000000.png,2024-11-27T12:00:47,2024-11-27T18:00:47,0.05,5.0,2024-11-27T15:00:47,2.525,,,NOISE,2024-11-27T15:00:47,2.525,,,NOISE,2024-11-27T15:00:47,2.525,,,NOISE,2024-11-27T15:00:47,2.525,,,NOISE
2026-03-04T12:23:32.148890,Map-Energy__sum__linear-conv01071-20241127_180047-20241128_000047-0.050000-5.000000.png,2024-11-27T18:00:47,2024-11-28T00:00:47,0.05,5.0,2024-11-27T21:00:47,2.525,,,NOISE,2024-11-27T21:00:47,2.525,,,NOISE,2024-11-27T21:00:47,2.525,,,NOISE,2024-11-27T21:00:47,2.525,,,NOISE
2026-03-04T12:23:33.076512,Map-Energy__sum__linear-conv01081-20241128_000047-20241128_060047-0.050000-5.000000.png,2024-11-28T00:00:47,2024-11-28T06:00:47,0.05,5.0,2024-11-28T03:00:47,2.525,,,NOISE,2024-11-28T03:00:47,2.525,,,NOISE,2024-11-28T03:00:47,2.525,,,NOISE,2024-11-28T03:00:47,2.525,,,NOISE
2026-03-04T12:23:34.108422,Map-Energy__sum__linear-conv01091-20241128_060047-20241128_120047-0.050000-5.000000.png,2024-11-28T06:00:47,2024-11-28T12:00:47,0.05,5.0,2024-11-28T09:00:47,2.525,,,NOISE,2024-11-28T09:00:47,2.525,,,NOISE,2024-11-28T09:00:47,2.525,,,NOISE,2024-11-28T09:00:47,2.525,,,NOISE
2026-03-04T12:23:35.100597,Map-Energy__sum__linear-conv01101-20241128_120047-20241128_180047-0.050000-5.000000.png,2024-11-28T12:00:47,2024-11-28T18:00:47,0.05,5.0,2024-11-28T15:00:47,2.525,,,NOISE,2024-11-28T15:00:47,2.525,,,NOISE,2024-11-28T15:00:47,2.525,,,NOISE,2024-11-28T15:00:47,2.525,,,NOISE
2026-03-04T12:23:36.044685,Map-Energy__sum__linear-conv01111-20241128_180047-20241129_000047-0.050000-5.000000.png,2024-11-28T18:00:47,2024-11-29T00:00:47,0.05,5.0,2024-11-28T21:00:47,2.525,,,NOISE,2024-11-28T21:00:47,2.525,,,NOISE,2024-11-28T21:00:47,2.525,,,NOISE,2024-11-28T21:00:47,2.525,,,NOISE
2026-03-04T12:23:37.148608,Map-Energy__sum__linear-conv01121-20241129_000047-20241129_060047-0.050000-5.000000.png,2024-11-29T00:00:47,2024-11-29T06:00:47,0.05,5.0,2024-11-29T03:00:47,2.525,,,NOISE,2024-11-29T03:00:47,2.525,,,NOISE,2024-11-29T03:00:47,2.525,,,NOISE,2024-11-29T03:00:47,2.525,,,NOISE
2026-03-04T12:23:38.356538,Map-Energy__sum__linear-conv01131-20241129_060047-20241129_120047-0.050000-5.000000.png,2024-11-29T06:00:47,2024-11-29T12:00:47,0.05,5.0,2024-11-29T09:00:47,2.525,,,NOISE,2024-11-29T09:00:47,2.525,,,NOISE,2024-11-29T09:00:47,2.525,,,NOISE,2024-11-29T09:00:47,2.525,,,NOISE
2026-03-04T12:23:39.212423,Map-Energy__sum__linear-conv01141-20241129_120047-20241129_180047-0.050000-5.000000.png,2024-11-29T12:00:47,2024-11-29T18:00:47,0.05,5.0,2024-11-29T15:00:47,2.525,,,NOISE,2024-11-29T15:00:47,2.525,,,NOISE,2024-11-29T15:00:47,2.525,,,NOISE,2024-11-29T15:00:47,2.525,,,NOISE
2026-03-04T12:23:40.332616,Map-Energy__sum__linear-conv01151-20241129_180047-20241130_000047-0.050000-5.000000.png,2024-11-29T18:00:47,2024-11-30T00:00:47,0.05,5.0,2024-11-29T21:00:47,2.525,,,NOISE,2024-11-29T21:00:47,2.525,,,NOISE,2024-11-29T21:00:47,2.525,,,NOISE,2024-11-29T21:00:47,2.525,,,NOISE
2026-03-04T12:23:45.964516,Map-Energy__sum__linear-conv01161-20241130_000047-20241130_060047-0.050000-5.000000.png,2024-11-30T00:00:47,2024-11-30T06:00:47,0.05,5.0,2024-11-30T03:00:47,2.525,,,NOISE,2024-11-30T03:00:47,2.525,,,NOISE,2024-11-30T03:00:47,2.525,,,NOISE,2024-11-30T03:00:47,2.525,,,NOISE
2026-03-04T12:23:47.516514,Map-Energy__sum__linear-conv01171-20241130_060047-20241130_120047-0.050000-5.000000.png,2024-11-30T06:00:47,2024-11-30T12:00:47,0.05,5.0,2024-11-30T09:00:47,2.525,,,NOISE,2024-11-30T09:00:47,2.525,,,NOISE,2024-11-30T09:00:47,2.525,,,NOISE,2024-11-30T09:00:47,2.525,,,NOISE
2026-03-04T12:23:50.204608,Map-Energy__sum__linear-conv01181-20241130_120047-20241130_180047-0.050000-5.000000.png,2024-11-30T12:00:47,2024-11-30T18:00:47,0.05,5.0,2024-11-30T15:00:47,2.525,,,NOISE,2024-11-30T15:00:47,2.525,,,NOISE,2024-11-30T15:00:47,2.525,,,NOISE,2024-11-30T15:00:47,2.525,,,NOISE
2026-03-04T12:23:58.900420,Map-Energy__sum__linear-conv01191-20241130_180047-20241201_000047-0.050000-5.000000.png,2024-11-30T18:00:47,2024-12-01T00:00:47,0.05,5.0,2024-11-30T21:00:47,2.525,,,NOISE,2024-11-30T21:00:47,2.525,,,NOISE,2024-11-30T21:00:47,2.525,,,NOISE,2024-11-30T21:00:47,2.525,,,NOISE
2026-03-04T12:24:01.260484,Map-Energy__sum__linear-conv00002-20241101_000047-20241101_060047-5.000000-10.000000.png,2024-11-01T00:00:47,2024-11-01T06:00:47,5.0,10.0,2024-11-01T03:00:47,7.5,,,NOISE,2024-11-01T03:00:47,7.5,,,NOISE,2024-11-01T03:00:47,7.5,,,NOISE,2024-11-01T03:00:47,7.5,,,NOISE
2026-03-04T12:24:09.580476,Map-Energy__sum__linear-conv00012-20241101_060047-20241101_120047-5.000000-10.000000.png,2024-11-01T06:00:47,2024-11-01T12:00:47,5.0,10.0,2024-11-01T09:00:47,7.5,,,NOISE,2024-11-01T09:00:47,7.5,,,NOISE,2024-11-01T09:00:47,7.5,,,NOISE,2024-11-01T09:00:47,7.5,,,NOISE
2026-03-04T12:24:11.444538,Map-Energy__sum__linear-conv00022-20241101_120047-20241101_180047-5.000000-10.000000.png,2024-11-01T12:00:47,2024-11-01T18:00:47,5.0,10.0,2024-11-01T15:00:47,7.5,,,NOISE,2024-11-01T15:00:47,7.5,,,NOISE,2024-11-01T15:00:47,7.5,,,NOISE,2024-11-01T15:00:47,7.5,,,NOISE
2026-03-04T12:24:12.948551,Map-Energy__sum__linear-conv00032-20241101_180047-20241102_000047-5.000000-10.000000.png,2024-11-01T18:00:47,2024-11-02T00:00:47,5.0,10.0,2024-11-01T21:00:47,7.5,,,NOISE,2024-11-01T21:00:47,7.5,,,NOISE,2024-11-01T21:00:47,7.5,,,NOISE,2024-11-01T21:00:47,7.5,,,NOISE
2026-03-04T12:24:14.196590,Map-Energy__sum__linear-conv00042-20241102_000047-20241102_060047-5.000000-10.000000.png,2024-11-02T00:00:47,2024-11-02T06:00:47,5.0,10.0,2024-11-02T03:00:47,7.5,,,NOISE,2024-11-02T03:00:47,7.5,,,NOISE,2024-11-02T03:00:47,7.5,,,NOISE,2024-11-02T03:00:47,7.5,,,NOISE
2026-03-04T12:24:15.300514,Map-Energy__sum__linear-conv00052-20241102_060047-20241102_120047-5.000000-10.000000.png,2024-11-02T06:00:47,2024-11-02T12:00:47,5.0,10.0,2024-11-02T09:00:47,7.5,,,NOISE,2024-11-02T09:00:47,7.5,,,NOISE,2024-11-02T09:00:47,7.5,,,NOISE,2024-11-02T09:00:47,7.5,,,NOISE
2026-03-04T12:24:16.372582,Map-Energy__sum__linear-conv00062-20241102_120047-20241102_180047-5.000000-10.000000.png,2024-11-02T12:00:47,2024-11-02T18:00:47,5.0,10.0,2024-11-02T15:00:47,7.5,,,NOISE,2024-11-02T15:00:47,7.5,,,NOISE,2024-11-02T15:00:47,7.5,,,NOISE,2024-11-02T15:00:47,7.5,,,NOISE
2026-03-04T12:24:17.508594,Map-Energy__sum__linear-conv00072-20241102_180047-20241103_000047-5.000000-10.000000.png,2024-11-02T18:00:47,2024-11-03T00:00:47,5.0,10.0,2024-11-02T21:00:47,7.5,,,NOISE,2024-11-02T21:00:47,7.5,,,NOISE,2024-11-02T21:00:47,7.5,,,NOISE,2024-11-02T21:00:47,7.5,,,NOISE
2026-03-04T12:24:18.596410,Map-Energy__sum__linear-conv00082-20241103_000047-20241103_060047-5.000000-10.000000.png,2024-11-03T00:00:47,2024-11-03T06:00:47,5.0,10.0,2024-11-03T03:00:47,7.5,,,NOISE,2024-11-03T03:00:47,7.5,,,NOISE,2024-11-03T03:00:47,7.5,,,NOISE,2024-11-03T03:00:47,7.5,,,NOISE
2026-03-04T12:24:19.804579,Map-Energy__sum__linear-conv00092-20241103_060047-20241103_120047-5.000000-10.000000.png,2024-11-03T06:00:47,2024-11-03T12:00:47,5.0,10.0,2024-11-03T09:00:47,7.5,,,NOISE,2024-11-03T09:00:47,7.5,,,NOISE,2024-11-03T09:00:47,7.5,,,NOISE,2024-11-03T09:00:47,7.5,,,NOISE
2026-03-04T12:24:20.804656,Map-Energy__sum__linear-conv00102-20241103_120047-20241103_180047-5.000000-10.000000.png,2024-11-03T12:00:47,2024-11-03T18:00:47,5.0,10.0,2024-11-03T15:00:47,7.5,,,NOISE,2024-11-03T15:00:47,7.5,,,NOISE,2024-11-03T15:00:47,7.5,,,NOISE,2024-11-03T15:00:47,7.5,,,NOISE
2026-03-04T12:24:21.836577,Map-Energy__sum__linear-conv00112-20241103_180047-20241104_000047-5.000000-10.000000.png,2024-11-03T18:00:47,2024-11-04T00:00:47,5.0,10.0,2024-11-03T21:00:47,7.5,,,NOISE,2024-11-03T21:00:47,7.5,,,NOISE,2024-11-03T21:00:47,7.5,,,NOISE,2024-11-03T21:00:47,7.5,,,NOISE
2026-03-04T12:24:22.796477,Map-Energy__sum__linear-conv00122-20241104_000047-20241104_060047-5.000000-10.000000.png,2024-11-04T00:00:47,2024-11-04T06:00:47,5.0,10.0,2024-11-04T03:00:47,7.5,,,NOISE,2024-11-04T03:00:47,7.5,,,NOISE,2024-11-04T03:00:47,7.5,,,NOISE,2024-11-04T03:00:47,7.5,,,NOISE
2026-03-04T12:24:23.980515,Map-Energy__sum__linear-conv00132-20241104_060047-20241104_120047-5.000000-10.000000.png,2024-11-04T06:00:47,2024-11-04T12:00:47,5.0,10.0,2024-11-04T09:00:47,7.5,,,NOISE,2024-11-04T09:00:47,7.5,,,NOISE,2024-11-04T09:00:47,7.5,,,NOISE,2024-11-04T09:00:47,7.5,,,NOISE
2026-03-04T12:25:57.700193,Map-Energy__sum__linear-conv00142-20241104_120047-20241104_180047-5.000000-10.000000.png,2024-11-04T12:00:47,2024-11-04T18:00:47,5.0,10.0,2024-11-04T15:00:47,7.5,,,NOISE,2024-11-04T15:00:47,7.5,,,NOISE,2024-11-04T15:00:47,7.5,,,NOISE,2024-11-04T15:00:47,7.5,,,NOISE
2026-03-04T12:26:00.004474,Map-Energy__sum__linear-conv00152-20241104_180047-20241105_000047-5.000000-10.000000.png,2024-11-04T18:00:47,2024-11-05T00:00:47,5.0,10.0,2024-11-04T21:00:47,7.5,,,NOISE,2024-11-04T21:00:47,7.5,,,NOISE,2024-11-04T21:00:47,7.5,,,NOISE,2024-11-04T21:00:47,7.5,,,NOISE
2026-03-04T12:26:02.300415,Map-Energy__sum__linear-conv00162-20241105_000047-20241105_060047-5.000000-10.000000.png,2024-11-05T00:00:47,2024-11-05T06:00:47,5.0,10.0,2024-11-05T03:00:47,7.5,,,NOISE,2024-11-05T03:00:47,7.5,,,NOISE,2024-11-05T03:00:47,7.5,,,NOISE,2024-11-05T03:00:47,7.5,,,NOISE
2026-03-04T12:26:04.268705,Map-Energy__sum__linear-conv00172-20241105_060047-20241105_120047-5.000000-10.000000.png,2024-11-05T06:00:47,2024-11-05T12:00:47,5.0,10.0,2024-11-05T09:00:47,7.5,,,NOISE,2024-11-05T09:00:47,7.5,,,NOISE,2024-11-05T09:00:47,7.5,,,NOISE,2024-11-05T09:00:47,7.5,,,NOISE
2026-03-04T12:26:05.844303,Map-Energy__sum__linear-conv00182-20241105_120047-20241105_180047-5.000000-10.000000.png,2024-11-05T12:00:47,2024-11-05T18:00:47,5.0,10.0,2024-11-05T15:00:47,7.5,,,NOISE,2024-11-05T15:00:47,7.5,,,NOISE,2024-11-05T15:00:47,7.5,,,NOISE,2024-11-05T15:00:47,7.5,,,NOISE
2026-03-04T12:26:06.956374,Map-Energy__sum__linear-conv00192-20241105_180047-20241106_000047-5.000000-10.000000.png,2024-11-05T18:00:47,2024-11-06T00:00:47,5.0,10.0,2024-11-05T21:00:47,7.5,,,NOISE,2024-11-05T21:00:47,7.5,,,NOISE,2024-11-05T21:00:47,7.5,,,NOISE,2024-11-05T21:00:47,7.5,,,NOISE
2026-03-04T12:26:07.876342,Map-Energy__sum__linear-conv00202-20241106_000047-20241106_060047-5.000000-10.000000.png,2024-11-06T00:00:47,2024-11-06T06:00:47,5.0,10.0,2024-11-06T03:00:47,7.5,,,NOISE,2024-11-06T03:00:47,7.5,,,NOISE,2024-11-06T03:00:47,7.5,,,NOISE,2024-11-06T03:00:47,7.5,,,NOISE
2026-03-04T12:26:08.964418,Map-Energy__sum__linear-conv00212-20241106_060047-20241106_120047-5.000000-10.000000.png,2024-11-06T06:00:47,2024-11-06T12:00:47,5.0,10.0,2024-11-06T09:00:47,7.5,,,NOISE,2024-11-06T09:00:47,7.5,,,NOISE,2024-11-06T09:00:47,7.5,,,NOISE,2024-11-06T09:00:47,7.5,,,NOISE
2026-03-04T12:26:10.652265,Map-Energy__sum__linear-conv00222-20241106_120047-20241106_180047-5.000000-10.000000.png,2024-11-06T12:00:47,2024-11-06T18:00:47,5.0,10.0,2024-11-06T15:00:47,7.5,,,NOISE,2024-11-06T15:00:47,7.5,,,NOISE,2024-11-06T15:00:47,7.5,,,NOISE,2024-11-06T15:00:47,7.5,,,NOISE
2026-03-04T12:26:17.556294,Map-Energy__sum__linear-conv00232-20241106_180047-20241107_000047-5.000000-10.000000.png,2024-11-06T18:00:47,2024-11-07T00:00:47,5.0,10.0,2024-11-06T21:00:47,7.5,,,NOISE,2024-11-06T21:00:47,7.5,,,NOISE,2024-11-06T21:00:47,7.5,,,NOISE,2024-11-06T21:00:47,7.5,,,NOISE
2026-03-04T12:26:18.956337,Map-Energy__sum__linear-conv00242-20241107_000047-20241107_060047-5.000000-10.000000.png,2024-11-07T00:00:47,2024-11-07T06:00:47,5.0,10.0,2024-11-07T03:00:47,7.5,,,NOISE,2024-11-07T03:00:47,7.5,,,NOISE,2024-11-07T03:00:47,7.5,,,NOISE,2024-11-07T03:00:47,7.5,,,NOISE
2026-03-04T12:26:20.108573,Map-Energy__sum__linear-conv00252-20241107_060047-20241107_120047-5.000000-10.000000.png,2024-11-07T06:00:47,2024-11-07T12:00:47,5.0,10.0,2024-11-07T09:00:47,7.5,,,NOISE,2024-11-07T09:00:47,7.5,,,NOISE,2024-11-07T09:00:47,7.5,,,NOISE,2024-11-07T09:00:47,7.5,,,NOISE
2026-03-04T12:26:22.804287,Map-Energy__sum__linear-conv00262-20241107_120047-20241107_180047-5.000000-10.000000.png,2024-11-07T12:00:47,2024-11-07T18:00:47,5.0,10.0,2024-11-07T15:00:47,7.5,,,NOISE,2024-11-07T15:00:47,7.5,,,NOISE,2024-11-07T15:00:47,7.5,,,NOISE,2024-11-07T15:00:47,7.5,,,NOISE
2026-03-04T12:26:24.276312,Map-Energy__sum__linear-conv00272-20241107_180047-20241108_000047-5.000000-10.000000.png,2024-11-07T18:00:47,2024-11-08T00:00:47,5.0,10.0,2024-11-07T21:00:47,7.5,,,NOISE,2024-11-07T21:00:47,7.5,,,NOISE,2024-11-07T21:00:47,7.5,,,NOISE,2024-11-07T21:00:47,7.5,,,NOISE
2026-03-04T12:26:25.452343,Map-Energy__sum__linear-conv00282-20241108_000047-20241108_060047-5.000000-10.000000.png,2024-11-08T00:00:47,2024-11-08T06:00:47,5.0,10.0,2024-11-08T03:00:47,7.5,,,NOISE,2024-11-08T03:00:47,7.5,,,NOISE,2024-11-08T03:00:47,7.5,,,NOISE,2024-11-08T03:00:47,7.5,,,NOISE
2026-03-04T12:26:26.452466,Map-Energy__sum__linear-conv00292-20241108_060047-20241108_120047-5.000000-10.000000.png,2024-11-08T06:00:47,2024-11-08T12:00:47,5.0,10.0,2024-11-08T09:00:47,7.5,,,NOISE,2024-11-08T09:00:47,7.5,,,NOISE,2024-11-08T09:00:47,7.5,,,NOISE,2024-11-08T09:00:47,7.5,,,NOISE
2026-03-04T12:26:27.388312,Map-Energy__sum__linear-conv00302-20241108_120047-20241108_180047-5.000000-10.000000.png,2024-11-08T12:00:47,2024-11-08T18:00:47,5.0,10.0,2024-11-08T15:00:47,7.5,,,NOISE,2024-11-08T15:00:47,7.5,,,NOISE,2024-11-08T15:00:47,7.5,,,NOISE,2024-11-08T15:00:47,7.5,,,NOISE
2026-03-04T12:26:28.388317,Map-Energy__sum__linear-conv00312-20241108_180047-20241109_000047-5.000000-10.000000.png,2024-11-08T18:00:47,2024-11-09T00:00:47,5.0,10.0,2024-11-08T21:00:47,7.5,,,NOISE,2024-11-08T21:00:47,7.5,,,NOISE,2024-11-08T21:00:47,7.5,,,NOISE,2024-11-08T21:00:47,7.5,,,NOISE
2026-03-04T12:26:29.860423,Map-Energy__sum__linear-conv00322-20241109_000047-20241109_060047-5.000000-10.000000.png,2024-11-09T00:00:47,2024-11-09T06:00:47,5.0,10.0,2024-11-09T03:00:47,7.5,,,NOISE,2024-11-09T03:00:47,7.5,,,NOISE,2024-11-09T03:00:47,7.5,,,NOISE,2024-11-09T03:00:47,7.5,,,NOISE
2026-03-04T12:26:31.724678,Map-Energy__sum__linear-conv00332-20241109_060047-20241109_120047-5.000000-10.000000.png,2024-11-09T06:00:47,2024-11-09T12:00:47,5.0,10.0,2024-11-09T09:00:47,7.5,,,NOISE,2024-11-09T09:00:47,7.5,,,NOISE,2024-11-09T09:00:47,7.5,,,NOISE,2024-11-09T09:00:47,7.5,,,NOISE
2026-03-04T12:26:32.924315,Map-Energy__sum__linear-conv00342-20241109_120047-20241109_180047-5.000000-10.000000.png,2024-11-09T12:00:47,2024-11-09T18:00:47,5.0,10.0,2024-11-09T15:00:47,7.5,,,NOISE,2024-11-09T15:00:47,7.5,,,NOISE,2024-11-09T15:00:47,7.5,,,NOISE,2024-11-09T15:00:47,7.5,,,NOISE
2026-03-04T12:26:34.012333,Map-Energy__sum__linear-conv00352-20241109_180047-20241110_000047-5.000000-10.000000.png,2024-11-09T18:00:47,2024-11-10T00:00:47,5.0,10.0,2024-11-09T21:00:47,7.5,,,NOISE,2024-11-09T21:00:47,7.5,,,NOISE,2024-11-09T21:00:47,7.5,,,NOISE,2024-11-09T21:00:47,7.5,,,NOISE
2026-03-04T12:26:35.163999,Map-Energy__sum__linear-conv00362-20241110_000047-20241110_060047-5.000000-10.000000.png,2024-11-10T00:00:47,2024-11-10T06:00:47,5.0,10.0,2024-11-10T03:00:47,7.5,,,NOISE,2024-11-10T03:00:47,7.5,,,NOISE,2024-11-10T03:00:47,7.5,,,NOISE,2024-11-10T03:00:47,7.5,,,NOISE
2026-03-04T12:26:36.108372,Map-Energy__sum__linear-conv00372-20241110_060047-20241110_120047-5.000000-10.000000.png,2024-11-10T06:00:47,2024-11-10T12:00:47,5.0,10.0,2024-11-10T09:00:47,7.5,,,NOISE,2024-11-10T09:00:47,7.5,,,NOISE,2024-11-10T09:00:47,7.5,,,NOISE,2024-11-10T09:00:47,7.5,,,NOISE
2026-03-04T12:26:37.052326,Map-Energy__sum__linear-conv00382-20241110_120047-20241110_180047-5.000000-10.000000.png,2024-11-10T12:00:47,2024-11-10T18:00:47,5.0,10.0,2024-11-10T15:00:47,7.5,,,NOISE,2024-11-10T15:00:47,7.5,,,NOISE,2024-11-10T15:00:47,7.5,,,NOISE,2024-11-10T15:00:47,7.5,,,NOISE
2026-03-04T12:26:37.996476,Map-Energy__sum__linear-conv00392-20241110_180047-20241111_000047-5.000000-10.000000.png,2024-11-10T18:00:47,2024-11-11T00:00:47,5.0,10.0,2024-11-10T21:00:47,7.5,,,NOISE,2024-11-10T21:00:47,7.5,,,NOISE,2024-11-10T21:00:47,7.5,,,NOISE,2024-11-10T21:00:47,7.5,,,NOISE
2026-03-04T12:26:38.860426,Map-Energy__sum__linear-conv00402-20241111_000047-20241111_060047-5.000000-10.000000.png,2024-11-11T00:00:47,2024-11-11T06:00:47,5.0,10.0,2024-11-11T03:00:47,7.5,,,NOISE,2024-11-11T03:00:47,7.5,,,NOISE,2024-11-11T03:00:47,7.5,,,NOISE,2024-11-11T03:00:47,7.5,,,NOISE
2026-03-04T12:26:39.900907,Map-Energy__sum__linear-conv00412-20241111_060047-20241111_120047-5.000000-10.000000.png,2024-11-11T06:00:47,2024-11-11T12:00:47,5.0,10.0,2024-11-11T09:00:47,7.5,,,NOISE,2024-11-11T09:00:47,7.5,,,NOISE,2024-11-11T09:00:47,7.5,,,NOISE,2024-11-11T09:00:47,7.5,,,NOISE
2026-03-04T12:26:40.932348,Map-Energy__sum__linear-conv00422-20241111_120047-20241111_180047-5.000000-10.000000.png,2024-11-11T12:00:47,2024-11-11T18:00:47,5.0,10.0,2024-11-11T15:00:47,7.5,,,NOISE,2024-11-11T15:00:47,7.5,,,NOISE,2024-11-11T15:00:47,7.5,,,NOISE,2024-11-11T15:00:47,7.5,,,NOISE
2026-03-04T12:26:41.956412,Map-Energy__sum__linear-conv00432-20241111_180047-20241112_000047-5.000000-10.000000.png,2024-11-11T18:00:47,2024-11-12T00:00:47,5.0,10.0,2024-11-11T21:00:47,7.5,,,NOISE,2024-11-11T21:00:47,7.5,,,NOISE,2024-11-11T21:00:47,7.5,,,NOISE,2024-11-11T21:00:47,7.5,,,NOISE
2026-03-04T12:26:44.156460,Map-Energy__sum__linear-conv00442-20241112_000047-20241112_060047-5.000000-10.000000.png,2024-11-12T00:00:47,2024-11-12T06:00:47,5.0,10.0,2024-11-12T03:00:47,7.5,,,NOISE,2024-11-12T03:00:47,7.5,,,NOISE,2024-11-12T03:00:47,7.5,,,NOISE,2024-11-12T03:00:47,7.5,,,NOISE
2026-03-04T12:26:45.340345,Map-Energy__sum__linear-conv00452-20241112_060047-20241112_120047-5.000000-10.000000.png,2024-11-12T06:00:47,2024-11-12T12:00:47,5.0,10.0,2024-11-12T09:00:47,7.5,,,NOISE,2024-11-12T09:00:47,7.5,,,NOISE,2024-11-12T09:00:47,7.5,,,NOISE,2024-11-12T09:00:47,7.5,,,NOISE
2026-03-04T12:26:46.372352,Map-Energy__sum__linear-conv00462-20241112_120047-20241112_180047-5.000000-10.000000.png,2024-11-12T12:00:47,2024-11-12T18:00:47,5.0,10.0,2024-11-12T15:00:47,7.5,,,NOISE,2024-11-12T15:00:47,7.5,,,NOISE,2024-11-12T15:00:47,7.5,,,NOISE,2024-11-12T15:00:47,7.5,,,NOISE
2026-03-04T12:26:47.588334,Map-Energy__sum__linear-conv00472-20241112_180047-20241113_000047-5.000000-10.000000.png,2024-11-12T18:00:47,2024-11-13T00:00:47,5.0,10.0,2024-11-12T21:00:47,7.5,,,NOISE,2024-11-12T21:00:47,7.5,,,NOISE,2024-11-12T21:00:47,7.5,,,NOISE,2024-11-12T21:00:47,7.5,,,NOISE
2026-03-04T12:26:48.828383,Map-Energy__sum__linear-conv00482-20241113_000047-20241113_060047-5.000000-10.000000.png,2024-11-13T00:00:47,2024-11-13T06:00:47,5.0,10.0,2024-11-13T03:00:47,7.5,,,NOISE,2024-11-13T03:00:47,7.5,,,NOISE,2024-11-13T03:00:47,7.5,,,NOISE,2024-11-13T03:00:47,7.5,,,NOISE
2026-03-04T12:26:50.052551,Map-Energy__sum__linear-conv00492-20241113_060047-20241113_120047-5.000000-10.000000.png,2024-11-13T06:00:47,2024-11-13T12:00:47,5.0,10.0,2024-11-13T09:00:47,7.5,,,NOISE,2024-11-13T09:00:47,7.5,,,NOISE,2024-11-13T09:00:47,7.5,,,NOISE,2024-11-13T09:00:47,7.5,,,NOISE
2026-03-04T12:26:51.092258,Map-Energy__sum__linear-conv00502-20241113_120047-20241113_180047-5.000000-10.000000.png,2024-11-13T12:00:47,2024-11-13T18:00:47,5.0,10.0,2024-11-13T15:00:47,7.5,,,NOISE,2024-11-13T15:00:47,7.5,,,NOISE,2024-11-13T15:00:47,7.5,,,NOISE,2024-11-13T15:00:47,7.5,,,NOISE
2026-03-04T12:26:52.140346,Map-Energy__sum__linear-conv00512-20241113_180047-20241114_000047-5.000000-10.000000.png,2024-11-13T18:00:47,2024-11-14T00:00:47,5.0,10.0,2024-11-13T21:00:47,7.5,,,NOISE,2024-11-13T21:00:47,7.5,,,NOISE,2024-11-13T21:00:47,7.5,,,NOISE,2024-11-13T21:00:47,7.5,,,NOISE
2026-03-04T12:26:53.316564,Map-Energy__sum__linear-conv00522-20241114_000047-20241114_060047-5.000000-10.000000.png,2024-11-14T00:00:47,2024-11-14T06:00:47,5.0,10.0,2024-11-14T03:00:47,7.5,,,NOISE,2024-11-14T03:00:47,7.5,,,NOISE,2024-11-14T03:00:47,7.5,,,NOISE,2024-11-14T03:00:47,7.5,,,NOISE
2026-03-04T12:26:54.388384,Map-Energy__sum__linear-conv00532-20241114_060047-20241114_120047-5.000000-10.000000.png,2024-11-14T06:00:47,2024-11-14T12:00:47,5.0,10.0,2024-11-14T09:00:47,7.5,,,NOISE,2024-11-14T09:00:47,7.5,,,NOISE,2024-11-14T09:00:47,7.5,,,NOISE,2024-11-14T09:00:47,7.5,,,NOISE
2026-03-04T12:26:55.436260,Map-Energy__sum__linear-conv00542-20241114_120047-20241114_180047-5.000000-10.000000.png,2024-11-14T12:00:47,2024-11-14T18:00:47,5.0,10.0,2024-11-14T15:00:47,7.5,,,NOISE,2024-11-14T15:00:47,7.5,,,NOISE,2024-11-14T15:00:47,7.5,,,NOISE,2024-11-14T15:00:47,7.5,,,NOISE
2026-03-04T12:26:56.452309,Map-Energy__sum__linear-conv00552-20241114_180047-20241115_000047-5.000000-10.000000.png,2024-11-14T18:00:47,2024-11-15T00:00:47,5.0,10.0,2024-11-14T21:00:47,7.5,,,NOISE,2024-11-14T21:00:47,7.5,,,NOISE,2024-11-14T21:00:47,7.5,,,NOISE,2024-11-14T21:00:47,7.5,,,NOISE
2026-03-04T12:26:57.980396,Map-Energy__sum__linear-conv00562-20241115_000047-20241115_060047-5.000000-10.000000.png,2024-11-15T00:00:47,2024-11-15T06:00:47,5.0,10.0,2024-11-15T03:00:47,7.5,,,NOISE,2024-11-15T03:00:47,7.5,,,NOISE,2024-11-15T03:00:47,7.5,,,NOISE,2024-11-15T03:00:47,7.5,,,NOISE
2026-03-04T12:26:59.436046,Map-Energy__sum__linear-conv00572-20241115_060047-20241115_120047-5.000000-10.000000.png,2024-11-15T06:00:47,2024-11-15T12:00:47,5.0,10.0,2024-11-15T09:00:47,7.5,,,NOISE,2024-11-15T09:00:47,7.5,,,NOISE,2024-11-15T09:00:47,7.5,,,NOISE,2024-11-15T09:00:47,7.5,,,NOISE
2026-03-04T12:27:00.988407,Map-Energy__sum__linear-conv00582-20241115_120047-20241115_180047-5.000000-10.000000.png,2024-11-15T12:00:47,2024-11-15T18:00:47,5.0,10.0,2024-11-15T15:00:47,7.5,,,NOISE,2024-11-15T15:00:47,7.5,,,NOISE,2024-11-15T15:00:47,7.5,,,NOISE,2024-11-15T15:00:47,7.5,,,NOISE
2026-03-04T12:27:02.124303,Map-Energy__sum__linear-conv00592-20241115_180047-20241116_000047-5.000000-10.000000.png,2024-11-15T18:00:47,2024-11-16T00:00:47,5.0,10.0,2024-11-15T21:00:47,7.5,,,NOISE,2024-11-15T21:00:47,7.5,,,NOISE,2024-11-15T21:00:47,7.5,,,NOISE,2024-11-15T21:00:47,7.5,,,NOISE
2026-03-04T12:27:03.572309,Map-Energy__sum__linear-conv00602-20241116_000047-20241116_060047-5.000000-10.000000.png,2024-11-16T00:00:47,2024-11-16T06:00:47,5.0,10.0,2024-11-16T03:00:47,7.5,,,NOISE,2024-11-16T03:00:47,7.5,,,NOISE,2024-11-16T03:00:47,7.5,,,NOISE,2024-11-16T03:00:47,7.5,,,NOISE
2026-03-04T12:27:04.708203,Map-Energy__sum__linear-conv00612-20241116_060047-20241116_120047-5.000000-10.000000.png,2024-11-16T06:00:47,2024-11-16T12:00:47,5.0,10.0,2024-11-16T09:00:47,7.5,,,NOISE,2024-11-16T09:00:47,7.5,,,NOISE,2024-11-16T09:00:47,7.5,,,NOISE,2024-11-16T09:00:47,7.5,,,NOISE
2026-03-04T12:27:05.860243,Map-Energy__sum__linear-conv00622-20241116_120047-20241116_180047-5.000000-10.000000.png,2024-11-16T12:00:47,2024-11-16T18:00:47,5.0,10.0,2024-11-16T15:00:47,7.5,,,NOISE,2024-11-16T15:00:47,7.5,,,NOISE,2024-11-16T15:00:47,7.5,,,NOISE,2024-11-16T15:00:47,7.5,,,NOISE
2026-03-04T12:27:06.956604,Map-Energy__sum__linear-conv00632-20241116_180047-20241117_000047-5.000000-10.000000.png,2024-11-16T18:00:47,2024-11-17T00:00:47,5.0,10.0,2024-11-16T21:00:47,7.5,,,NOISE,2024-11-16T21:00:47,7.5,,,NOISE,2024-11-16T21:00:47,7.5,,,NOISE,2024-11-16T21:00:47,7.5,,,NOISE
2026-03-04T12:27:08.468330,Map-Energy__sum__linear-conv00642-20241117_000047-20241117_060047-5.000000-10.000000.png,2024-11-17T00:00:47,2024-11-17T06:00:47,5.0,10.0,2024-11-17T03:00:47,7.5,,,NOISE,2024-11-17T03:00:47,7.5,,,NOISE,2024-11-17T03:00:47,7.5,,,NOISE,2024-11-17T03:00:47,7.5,,,NOISE
2026-03-04T12:27:14.188236,Map-Energy__sum__linear-conv00652-20241117_060047-20241117_120047-5.000000-10.000000.png,2024-11-17T06:00:47,2024-11-17T12:00:47,5.0,10.0,2024-11-17T09:00:47,7.5,,,NOISE,2024-11-17T09:00:47,7.5,,,NOISE,2024-11-17T09:00:47,7.5,,,NOISE,2024-11-17T09:00:47,7.5,,,NOISE
2026-03-04T12:27:14.940241,Map-Energy__sum__linear-conv00662-20241117_120047-20241117_180047-5.000000-10.000000.png,2024-11-17T12:00:47,2024-11-17T18:00:47,5.0,10.0,2024-11-17T15:00:47,7.5,,,NOISE,2024-11-17T15:00:47,7.5,,,NOISE,2024-11-17T15:00:47,7.5,,,NOISE,2024-11-17T15:00:47,7.5,,,NOISE
2026-03-04T12:27:16.220138,Map-Energy__sum__linear-conv00672-20241117_180047-20241118_000047-5.000000-10.000000.png,2024-11-17T18:00:47,2024-11-18T00:00:47,5.0,10.0,2024-11-17T21:00:47,7.5,,,NOISE,2024-11-17T21:00:47,7.5,,,NOISE,2024-11-17T21:00:47,7.5,,,NOISE,2024-11-17T21:00:47,7.5,,,NOISE
2026-03-04T12:27:21.132277,Map-Energy__sum__linear-conv00682-20241118_000047-20241118_060047-5.000000-10.000000.png,2024-11-18T00:00:47,2024-11-18T06:00:47,5.0,10.0,2024-11-18T03:00:47,7.5,,,NOISE,2024-11-18T03:00:47,7.5,,,NOISE,2024-11-18T03:00:47,7.5,,,NOISE,2024-11-18T03:00:47,7.5,,,NOISE
2026-03-04T12:27:22.236274,Map-Energy__sum__linear-conv00692-20241118_060047-20241118_120047-5.000000-10.000000.png,2024-11-18T06:00:47,2024-11-18T12:00:47,5.0,10.0,2024-11-18T09:00:47,7.5,,,NOISE,2024-11-18T09:00:47,7.5,,,NOISE,2024-11-18T09:00:47,7.5,,,NOISE,2024-11-18T09:00:47,7.5,,,NOISE
2026-03-04T12:27:23.420276,Map-Energy__sum__linear-conv00702-20241118_120047-20241118_180047-5.000000-10.000000.png,2024-11-18T12:00:47,2024-11-18T18:00:47,5.0,10.0,2024-11-18T15:00:47,7.5,,,NOISE,2024-11-18T15:00:47,7.5,,,NOISE,2024-11-18T15:00:47,7.5,,,NOISE,2024-11-18T15:00:47,7.5,,,NOISE
2026-03-04T12:27:26.372152,Map-Energy__sum__linear-conv00712-20241118_180047-20241119_000047-5.000000-10.000000.png,2024-11-18T18:00:47,2024-11-19T00:00:47,5.0,10.0,2024-11-18T21:00:47,7.5,,,NOISE,2024-11-18T21:00:47,7.5,,,NOISE,2024-11-18T21:00:47,7.5,,,NOISE,2024-11-18T21:00:47,7.5,,,NOISE
2026-03-04T12:27:31.421235,Map-Energy__sum__linear-conv00722-20241119_000047-20241119_060047-5.000000-10.000000.png,2024-11-19T00:00:47,2024-11-19T06:00:47,5.0,10.0,2024-11-19T03:00:47,7.5,,,NOISE,2024-11-19T03:00:47,7.5,,,NOISE,2024-11-19T03:00:47,7.5,,,NOISE,2024-11-19T03:00:47,7.5,,,NOISE
2026-03-04T12:27:32.348450,Map-Energy__sum__linear-conv00732-20241119_060047-20241119_120047-5.000000-10.000000.png,2024-11-19T06:00:47,2024-11-19T12:00:47,5.0,10.0,2024-11-19T09:00:47,7.5,,,NOISE,2024-11-19T09:00:47,7.5,,,NOISE,2024-11-19T09:00:47,7.5,,,NOISE,2024-11-19T09:00:47,7.5,,,NOISE
2026-03-04T12:27:33.724247,Map-Energy__sum__linear-conv00742-20241119_120047-20241119_180047-5.000000-10.000000.png,2024-11-19T12:00:47,2024-11-19T18:00:47,5.0,10.0,2024-11-19T15:00:47,7.5,,,NOISE,2024-11-19T15:00:47,7.5,,,NOISE,2024-11-19T15:00:47,7.5,,,NOISE,2024-11-19T15:00:47,7.5,,,NOISE
2026-03-04T12:27:34.844230,Map-Energy__sum__linear-conv00752-20241119_180047-20241120_000047-5.000000-10.000000.png,2024-11-19T18:00:47,2024-11-20T00:00:47,5.0,10.0,2024-11-19T21:00:47,7.5,,,NOISE,2024-11-19T21:00:47,7.5,,,NOISE,2024-11-19T21:00:47,7.5,,,NOISE,2024-11-19T21:00:47,7.5,,,NOISE
2026-03-04T12:27:36.764211,Map-Energy__sum__linear-conv00762-20241120_000047-20241120_060047-5.000000-10.000000.png,2024-11-20T00:00:47,2024-11-20T06:00:47,5.0,10.0,2024-11-20T03:00:47,7.5,,,NOISE,2024-11-20T03:00:47,7.5,,,NOISE,2024-11-20T03:00:47,7.5,,,NOISE,2024-11-20T03:00:47,7.5,,,NOISE
2026-03-04T12:27:38.364873,Map-Energy__sum__linear-conv00772-20241120_060047-20241120_120047-5.000000-10.000000.png,2024-11-20T06:00:47,2024-11-20T12:00:47,5.0,10.0,2024-11-20T09:00:47,7.5,,,NOISE,2024-11-20T09:00:47,7.5,,,NOISE,2024-11-20T09:00:47,7.5,,,NOISE,2024-11-20T09:00:47,7.5,,,NOISE
2026-03-04T12:27:40.596068,Map-Energy__sum__linear-conv00782-20241120_120047-20241120_180047-5.000000-10.000000.png,2024-11-20T12:00:47,2024-11-20T18:00:47,5.0,10.0,2024-11-20T15:00:47,7.5,,,NOISE,2024-11-20T15:00:47,7.5,,,NOISE,2024-11-20T15:00:47,7.5,,,NOISE,2024-11-20T15:00:47,7.5,,,NOISE
2026-03-04T12:27:42.420206,Map-Energy__sum__linear-conv00792-20241120_180047-20241121_000047-5.000000-10.000000.png,2024-11-20T18:00:47,2024-11-21T00:00:47,5.0,10.0,2024-11-20T21:00:47,7.5,,,NOISE,2024-11-20T21:00:47,7.5,,,NOISE,2024-11-20T21:00:47,7.5,,,NOISE,2024-11-20T21:00:47,7.5,,,NOISE
2026-03-04T12:27:43.516222,Map-Energy__sum__linear-conv00802-20241121_000047-20241121_060047-5.000000-10.000000.png,2024-11-21T00:00:47,2024-11-21T06:00:47,5.0,10.0,2024-11-21T03:00:47,7.5,,,NOISE,2024-11-21T03:00:47,7.5,,,NOISE,2024-11-21T03:00:47,7.5,,,NOISE,2024-11-21T03:00:47,7.5,,,NOISE
2026-03-04T12:27:44.556354,Map-Energy__sum__linear-conv00812-20241121_060047-20241121_120047-5.000000-10.000000.png,2024-11-21T06:00:47,2024-11-21T12:00:47,5.0,10.0,2024-11-21T09:00:47,7.5,,,NOISE,2024-11-21T09:00:47,7.5,,,NOISE,2024-11-21T09:00:47,7.5,,,NOISE,2024-11-21T09:00:47,7.5,,,NOISE
2026-03-04T12:27:45.492310,Map-Energy__sum__linear-conv00822-20241121_120047-20241121_180047-5.000000-10.000000.png,2024-11-21T12:00:47,2024-11-21T18:00:47,5.0,10.0,2024-11-21T15:00:47,7.5,,,NOISE,2024-11-21T15:00:47,7.5,,,NOISE,2024-11-21T15:00:47,7.5,,,NOISE,2024-11-21T15:00:47,7.5,,,NOISE
2026-03-04T12:27:46.420386,Map-Energy__sum__linear-conv00832-20241121_180047-20241122_000047-5.000000-10.000000.png,2024-11-21T18:00:47,2024-11-22T00:00:47,5.0,10.0,2024-11-21T21:00:47,7.5,,,NOISE,2024-11-21T21:00:47,7.5,,,NOISE,2024-11-21T21:00:47,7.5,,,NOISE,2024-11-21T21:00:47,7.5,,,NOISE
2026-03-04T12:27:47.908225,Map-Energy__sum__linear-conv00842-20241122_000047-20241122_060047-5.000000-10.000000.png,2024-11-22T00:00:47,2024-11-22T06:00:47,5.0,10.0,2024-11-22T03:00:47,7.5,,,NOISE,2024-11-22T03:00:47,7.5,,,NOISE,2024-11-22T03:00:47,7.5,,,NOISE,2024-11-22T03:00:47,7.5,,,NOISE
2026-03-04T12:27:48.900295,Map-Energy__sum__linear-conv00852-20241122_060047-20241122_120047-5.000000-10.000000.png,2024-11-22T06:00:47,2024-11-22T12:00:47,5.0,10.0,2024-11-22T09:00:47,7.5,,,NOISE,2024-11-22T09:00:47,7.5,,,NOISE,2024-11-22T09:00:47,7.5,,,NOISE,2024-11-22T09:00:47,7.5,,,NOISE
2026-03-04T12:27:50.004262,Map-Energy__sum__linear-conv00862-20241122_120047-20241122_180047-5.000000-10.000000.png,2024-11-22T12:00:47,2024-11-22T18:00:47,5.0,10.0,2024-11-22T15:00:47,7.5,,,NOISE,2024-11-22T15:00:47,7.5,,,NOISE,2024-11-22T15:00:47,7.5,,,NOISE,2024-11-22T15:00:47,7.5,,,NOISE
2026-03-04T12:27:50.972421,Map-Energy__sum__linear-conv00872-20241122_180047-20241123_000047-5.000000-10.000000.png,2024-11-22T18:00:47,2024-11-23T00:00:47,5.0,10.0,2024-11-22T21:00:47,7.5,,,NOISE,2024-11-22T21:00:47,7.5,,,NOISE,2024-11-22T21:00:47,7.5,,,NOISE,2024-11-22T21:00:47,7.5,,,NOISE
2026-03-04T12:27:51.948232,Map-Energy__sum__linear-conv00882-20241123_000047-20241123_060047-5.000000-10.000000.png,2024-11-23T00:00:47,2024-11-23T06:00:47,5.0,10.0,2024-11-23T03:00:47,7.5,,,NOISE,2024-11-23T03:00:47,7.5,,,NOISE,2024-11-23T03:00:47,7.5,,,NOISE,2024-11-23T03:00:47,7.5,,,NOISE
2026-03-04T12:27:52.940109,Map-Energy__sum__linear-conv00892-20241123_060047-20241123_120047-5.000000-10.000000.png,2024-11-23T06:00:47,2024-11-23T12:00:47,5.0,10.0,2024-11-23T09:00:47,7.5,,,NOISE,2024-11-23T09:00:47,7.5,,,NOISE,2024-11-23T09:00:47,7.5,,,NOISE,2024-11-23T09:00:47,7.5,,,NOISE
2026-03-04T12:27:54.012263,Map-Energy__sum__linear-conv00902-20241123_120047-20241123_180047-5.000000-10.000000.png,2024-11-23T12:00:47,2024-11-23T18:00:47,5.0,10.0,2024-11-23T15:00:47,7.5,,,NOISE,2024-11-23T15:00:47,7.5,,,NOISE,2024-11-23T15:00:47,7.5,,,NOISE,2024-11-23T15:00:47,7.5,,,NOISE
2026-03-04T12:27:58.636305,Map-Energy__sum__linear-conv00912-20241123_180047-20241124_000047-5.000000-10.000000.png,2024-11-23T18:00:47,2024-11-24T00:00:47,5.0,10.0,2024-11-23T21:00:47,7.5,,,NOISE,2024-11-23T21:00:47,7.5,,,NOISE,2024-11-23T21:00:47,7.5,,,NOISE,2024-11-23T21:00:47,7.5,,,NOISE
2026-03-04T12:28:00.204248,Map-Energy__sum__linear-conv00922-20241124_000047-20241124_060047-5.000000-10.000000.png,2024-11-24T00:00:47,2024-11-24T06:00:47,5.0,10.0,2024-11-24T03:00:47,7.5,,,NOISE,2024-11-24T03:00:47,7.5,,,NOISE,2024-11-24T03:00:47,7.5,,,NOISE,2024-11-24T03:00:47,7.5,,,NOISE
2026-03-04T12:28:02.204183,Map-Energy__sum__linear-conv00932-20241124_060047-20241124_120047-5.000000-10.000000.png,2024-11-24T06:00:47,2024-11-24T12:00:47,5.0,10.0,2024-11-24T09:00:47,7.5,,,NOISE,2024-11-24T09:00:47,7.5,,,NOISE,2024-11-24T09:00:47,7.5,,,NOISE,2024-11-24T09:00:47,7.5,,,NOISE
2026-03-04T12:28:03.244283,Map-Energy__sum__linear-conv00942-20241124_120047-20241124_180047-5.000000-10.000000.png,2024-11-24T12:00:47,2024-11-24T18:00:47,5.0,10.0,2024-11-24T15:00:47,7.5,,,NOISE,2024-11-24T15:00:47,7.5,,,NOISE,2024-11-24T15:00:47,7.5,,,NOISE,2024-11-24T15:00:47,7.5,,,NOISE
2026-03-04T12:28:04.196191,Map-Energy__sum__linear-conv00952-20241124_180047-20241125_000047-5.000000-10.000000.png,2024-11-24T18:00:47,2024-11-25T00:00:47,5.0,10.0,2024-11-24T21:00:47,7.5,,,NOISE,2024-11-24T21:00:47,7.5,,,NOISE,2024-11-24T21:00:47,7.5,,,NOISE,2024-11-24T21:00:47,7.5,,,NOISE
2026-03-04T12:28:05.884234,Map-Energy__sum__linear-conv00962-20241125_000047-20241125_060047-5.000000-10.000000.png,2024-11-25T00:00:47,2024-11-25T06:00:47,5.0,10.0,2024-11-25T03:00:47,7.5,,,NOISE,2024-11-25T03:00:47,7.5,,,NOISE,2024-11-25T03:00:47,7.5,,,NOISE,2024-11-25T03:00:47,7.5,,,NOISE
2026-03-04T12:28:07.100324,Map-Energy__sum__linear-conv00972-20241125_060047-20241125_120047-5.000000-10.000000.png,2024-11-25T06:00:47,2024-11-25T12:00:47,5.0,10.0,2024-11-25T09:00:47,7.5,,,NOISE,2024-11-25T09:00:47,7.5,,,NOISE,2024-11-25T09:00:47,7.5,,,NOISE,2024-11-25T09:00:47,7.5,,,NOISE
2026-03-04T12:28:08.172222,Map-Energy__sum__linear-conv00982-20241125_120047-20241125_180047-5.000000-10.000000.png,2024-11-25T12:00:47,2024-11-25T18:00:47,5.0,10.0,2024-11-25T15:00:47,7.5,,,NOISE,2024-11-25T15:00:47,7.5,,,NOISE,2024-11-25T15:00:47,7.5,,,NOISE,2024-11-25T15:00:47,7.5,,,NOISE
2026-03-04T12:28:09.188167,Map-Energy__sum__linear-conv00992-20241125_180047-20241126_000047-5.000000-10.000000.png,2024-11-25T18:00:47,2024-11-26T00:00:47,5.0,10.0,2024-11-25T21:00:47,7.5,,,NOISE,2024-11-25T21:00:47,7.5,,,NOISE,2024-11-25T21:00:47,7.5,,,NOISE,2024-11-25T21:00:47,7.5,,,NOISE
2026-03-04T12:28:17.724161,Map-Energy__sum__linear-conv01002-20241126_000047-20241126_060047-5.000000-10.000000.png,2024-11-26T00:00:47,2024-11-26T06:00:47,5.0,10.0,2024-11-26T03:00:47,7.5,,,NOISE,2024-11-26T03:00:47,7.5,,,NOISE,2024-11-26T03:00:47,7.5,,,NOISE,2024-11-26T03:00:47,7.5,,,NOISE
2026-03-04T12:28:20.404378,Map-Energy__sum__linear-conv01012-20241126_060047-20241126_120047-5.000000-10.000000.png,2024-11-26T06:00:47,2024-11-26T12:00:47,5.0,10.0,2024-11-26T09:00:47,7.5,,,NOISE,2024-11-26T09:00:47,7.5,,,NOISE,2024-11-26T09:00:47,7.5,,,NOISE,2024-11-26T09:00:47,7.5,,,NOISE
2026-03-04T12:28:22.436214,Map-Energy__sum__linear-conv01022-20241126_120047-20241126_180047-5.000000-10.000000.png,2024-11-26T12:00:47,2024-11-26T18:00:47,5.0,10.0,2024-11-26T15:00:47,7.5,,,NOISE,2024-11-26T15:00:47,7.5,,,NOISE,2024-11-26T15:00:47,7.5,,,NOISE,2024-11-26T15:00:47,7.5,,,NOISE
2026-03-04T12:28:23.732392,Map-Energy__sum__linear-conv01032-20241126_180047-20241127_000047-5.000000-10.000000.png,2024-11-26T18:00:47,2024-11-27T00:00:47,5.0,10.0,2024-11-26T21:00:47,7.5,,,NOISE,2024-11-26T21:00:47,7.5,,,NOISE,2024-11-26T21:00:47,7.5,,,NOISE,2024-11-26T21:00:47,7.5,,,NOISE
2026-03-04T12:28:25.020339,Map-Energy__sum__linear-conv01042-20241127_000047-20241127_060047-5.000000-10.000000.png,2024-11-27T00:00:47,2024-11-27T06:00:47,5.0,10.0,2024-11-27T03:00:47,7.5,,,NOISE,2024-11-27T03:00:47,7.5,,,NOISE,2024-11-27T03:00:47,7.5,,,NOISE,2024-11-27T03:00:47,7.5,,,NOISE
2026-03-04T12:28:26.124134,Map-Energy__sum__linear-conv01052-20241127_060047-20241127_120047-5.000000-10.000000.png,2024-11-27T06:00:47,2024-11-27T12:00:47,5.0,10.0,2024-11-27T09:00:47,7.5,,,NOISE,2024-11-27T09:00:47,7.5,,,NOISE,2024-11-27T09:00:47,7.5,,,NOISE,2024-11-27T09:00:47,7.5,,,NOISE
2026-03-04T12:28:27.036165,Map-Energy__sum__linear-conv01062-20241127_120047-20241127_180047-5.000000-10.000000.png,2024-11-27T12:00:47,2024-11-27T18:00:47,5.0,10.0,2024-11-27T15:00:47,7.5,,,NOISE,2024-11-27T15:00:47,7.5,,,NOISE,2024-11-27T15:00:47,7.5,,,NOISE,2024-11-27T15:00:47,7.5,,,NOISE
2026-03-04T12:28:28.068406,Map-Energy__sum__linear-conv01072-20241127_180047-20241128_000047-5.000000-10.000000.png,2024-11-27T18:00:47,2024-11-28T00:00:47,5.0,10.0,2024-11-27T21:00:47,7.5,,,NOISE,2024-11-27T21:00:47,7.5,,,NOISE,2024-11-27T21:00:47,7.5,,,NOISE,2024-11-27T21:00:47,7.5,,,NOISE
2026-03-04T12:28:29.404208,Map-Energy__sum__linear-conv01082-20241128_000047-20241128_060047-5.000000-10.000000.png,2024-11-28T00:00:47,2024-11-28T06:00:47,5.0,10.0,2024-11-28T03:00:47,7.5,,,NOISE,2024-11-28T03:00:47,7.5,,,NOISE,2024-11-28T03:00:47,7.5,,,NOISE,2024-11-28T03:00:47,7.5,,,NOISE
2026-03-04T12:28:30.692440,Map-Energy__sum__linear-conv01092-20241128_060047-20241128_120047-5.000000-10.000000.png,2024-11-28T06:00:47,2024-11-28T12:00:47,5.0,10.0,2024-11-28T09:00:47,7.5,,,NOISE,2024-11-28T09:00:47,7.5,,,NOISE,2024-11-28T09:00:47,7.5,,,NOISE,2024-11-28T09:00:47,7.5,,,NOISE
2026-03-04T12:28:31.564271,Map-Energy__sum__linear-conv01102-20241128_120047-20241128_180047-5.000000-10.000000.png,2024-11-28T12:00:47,2024-11-28T18:00:47,5.0,10.0,2024-11-28T15:00:47,7.5,,,NOISE,2024-11-28T15:00:47,7.5,,,NOISE,2024-11-28T15:00:47,7.5,,,NOISE,2024-11-28T15:00:47,7.5,,,NOISE
2026-03-04T12:28:32.627927,Map-Energy__sum__linear-conv01112-20241128_180047-20241129_000047-5.000000-10.000000.png,2024-11-28T18:00:47,2024-11-29T00:00:47,5.0,10.0,2024-11-28T21:00:47,7.5,,,NOISE,2024-11-28T21:00:47,7.5,,,NOISE,2024-11-28T21:00:47,7.5,,,NOISE,2024-11-28T21:00:47,7.5,,,NOISE
2026-03-04T12:28:33.716177,Map-Energy__sum__linear-conv01122-20241129_000047-20241129_060047-5.000000-10.000000.png,2024-11-29T00:00:47,2024-11-29T06:00:47,5.0,10.0,2024-11-29T03:00:47,7.5,,,NOISE,2024-11-29T03:00:47,7.5,,,NOISE,2024-11-29T03:00:47,7.5,,,NOISE,2024-11-29T03:00:47,7.5,,,NOISE
2026-03-04T12:28:36.596012,Map-Energy__sum__linear-conv01132-20241129_060047-20241129_120047-5.000000-10.000000.png,2024-11-29T06:00:47,2024-11-29T12:00:47,5.0,10.0,2024-11-29T09:00:47,7.5,,,NOISE,2024-11-29T09:00:47,7.5,,,NOISE,2024-11-29T09:00:47,7.5,,,NOISE,2024-11-29T09:00:47,7.5,,,NOISE
2026-03-04T12:28:38.316277,Map-Energy__sum__linear-conv01142-20241129_120047-20241129_180047-5.000000-10.000000.png,2024-11-29T12:00:47,2024-11-29T18:00:47,5.0,10.0,2024-11-29T15:00:47,7.5,,,NOISE,2024-11-29T15:00:47,7.5,,,NOISE,2024-11-29T15:00:47,7.5,,,NOISE,2024-11-29T15:00:47,7.5,,,NOISE
2026-03-04T12:28:50.396263,Map-Energy__sum__linear-conv01152-20241129_180047-20241130_000047-5.000000-10.000000.png,2024-11-29T18:00:47,2024-11-30T00:00:47,5.0,10.0,2024-11-29T21:00:47,7.5,,,NOISE,2024-11-29T21:00:47,7.5,,,NOISE,2024-11-29T21:00:47,7.5,,,NOISE,2024-11-29T21:00:47,7.5,,,NOISE
2026-03-04T12:28:54.028272,Map-Energy__sum__linear-conv01162-20241130_000047-20241130_060047-5.000000-10.000000.png,2024-11-30T00:00:47,2024-11-30T06:00:47,5.0,10.0,2024-11-30T03:00:47,7.5,,,NOISE,2024-11-30T03:00:47,7.5,,,NOISE,2024-11-30T03:00:47,7.5,,,NOISE,2024-11-30T03:00:47,7.5,,,NOISE
2026-03-04T12:28:58.596083,Map-Energy__sum__linear-conv01172-20241130_060047-20241130_120047-5.000000-10.000000.png,2024-11-30T06:00:47,2024-11-30T12:00:47,5.0,10.0,2024-11-30T09:00:47,7.5,,,NOISE,2024-11-30T09:00:47,7.5,,,NOISE,2024-11-30T09:00:47,7.5,,,NOISE,2024-11-30T09:00:47,7.5,,,NOISE
2026-03-04T12:28:59.940209,Map-Energy__sum__linear-conv01182-20241130_120047-20241130_180047-5.000000-10.000000.png,2024-11-30T12:00:47,2024-11-30T18:00:47,5.0,10.0,2024-11-30T15:00:47,7.5,,,NOISE,2024-11-30T15:00:47,7.5,,,NOISE,2024-11-30T15:00:47,7.5,,,NOISE,2024-11-30T15:00:47,7.5,,,NOISE
2026-03-04T12:29:05.748798,Map-Energy__sum__linear-conv01192-20241130_180047-20241201_000047-5.000000-10.000000.png,2024-11-30T18:00:47,2024-12-01T00:00:47,5.0,10.0,2024-11-30T21:00:47,7.5,,,NOISE,2024-11-30T21:00:47,7.5,,,NOISE,2024-11-30T21:00:47,7.5,,,NOISE,2024-11-30T21:00:47,7.5,,,NOISE
2026-03-04T12:29:09.964158,Map-Energy__sum__linear-conv00003-20241101_000047-20241101_060047-10.000000-15.000000.png,2024-11-01T00:00:47,2024-11-01T06:00:47,10.0,15.0,2024-11-01T03:00:47,12.5,,,NOISE,2024-11-01T03:00:47,12.5,,,NOISE,2024-11-01T03:00:47,12.5,,,NOISE,2024-11-01T03:00:47,12.5,,,NOISE
2026-03-04T12:29:11.500294,Map-Energy__sum__linear-conv00013-20241101_060047-20241101_120047-10.000000-15.000000.png,2024-11-01T06:00:47,2024-11-01T12:00:47,10.0,15.0,2024-11-01T09:00:47,12.5,,,NOISE,2024-11-01T09:00:47,12.5,,,NOISE,2024-11-01T09:00:47,12.5,,,NOISE,2024-11-01T09:00:47,12.5,,,NOISE
2026-03-04T12:29:12.908294,Map-Energy__sum__linear-conv00023-20241101_120047-20241101_180047-10.000000-15.000000.png,2024-11-01T12:00:47,2024-11-01T18:00:47,10.0,15.0,2024-11-01T15:00:47,12.5,,,NOISE,2024-11-01T15:00:47,12.5,,,NOISE,2024-11-01T15:00:47,12.5,,,NOISE,2024-11-01T15:00:47,12.5,,,NOISE
2026-03-04T12:29:14.020143,Map-Energy__sum__linear-conv00033-20241101_180047-20241102_000047-10.000000-15.000000.png,2024-11-01T18:00:47,2024-11-02T00:00:47,10.0,15.0,2024-11-01T21:00:47,12.5,,,NOISE,2024-11-01T21:00:47,12.5,,,NOISE,2024-11-01T21:00:47,12.5,,,NOISE,2024-11-01T21:00:47,12.5,,,NOISE
2026-03-04T12:29:15.076170,Map-Energy__sum__linear-conv00043-20241102_000047-20241102_060047-10.000000-15.000000.png,2024-11-02T00:00:47,2024-11-02T06:00:47,10.0,15.0,2024-11-02T03:00:47,12.5,,,NOISE,2024-11-02T03:00:47,12.5,,,NOISE,2024-11-02T03:00:47,12.5,,,NOISE,2024-11-02T03:00:47,12.5,,,NOISE
2026-03-04T12:29:16.404221,Map-Energy__sum__linear-conv00053-20241102_060047-20241102_120047-10.000000-15.000000.png,2024-11-02T06:00:47,2024-11-02T12:00:47,10.0,15.0,2024-11-02T09:00:47,12.5,,,NOISE,2024-11-02T09:00:47,12.5,,,NOISE,2024-11-02T09:00:47,12.5,,,NOISE,2024-11-02T09:00:47,12.5,,,NOISE
2026-03-04T12:29:17.660229,Map-Energy__sum__linear-conv00063-20241102_120047-20241102_180047-10.000000-15.000000.png,2024-11-02T12:00:47,2024-11-02T18:00:47,10.0,15.0,2024-11-02T15:00:47,12.5,,,NOISE,2024-11-02T15:00:47,12.5,,,NOISE,2024-11-02T15:00:47,12.5,,,NOISE,2024-11-02T15:00:47,12.5,,,NOISE
2026-03-04T12:29:18.652757,Map-Energy__sum__linear-conv00073-20241102_180047-20241103_000047-10.000000-15.000000.png,2024-11-02T18:00:47,2024-11-03T00:00:47,10.0,15.0,2024-11-02T21:00:47,12.5,,,NOISE,2024-11-02T21:00:47,12.5,,,NOISE,2024-11-02T21:00:47,12.5,,,NOISE,2024-11-02T21:00:47,12.5,,,NOISE
2026-03-04T12:29:19.596822,Map-Energy__sum__linear-conv00083-20241103_000047-20241103_060047-10.000000-15.000000.png,2024-11-03T00:00:47,2024-11-03T06:00:47,10.0,15.0,2024-11-03T03:00:47,12.5,,,NOISE,2024-11-03T03:00:47,12.5,,,NOISE,2024-11-03T03:00:47,12.5,,,NOISE,2024-11-03T03:00:47,12.5,,,NOISE
2026-03-04T12:29:20.468138,Map-Energy__sum__linear-conv00093-20241103_060047-20241103_120047-10.000000-15.000000.png,2024-11-03T06:00:47,2024-11-03T12:00:47,10.0,15.0,2024-11-03T09:00:47,12.5,,,NOISE,2024-11-03T09:00:47,12.5,,,NOISE,2024-11-03T09:00:47,12.5,,,NOISE,2024-11-03T09:00:47,12.5,,,NOISE
2026-03-04T12:29:21.340117,Map-Energy__sum__linear-conv00103-20241103_120047-20241103_180047-10.000000-15.000000.png,2024-11-03T12:00:47,2024-11-03T18:00:47,10.0,15.0,2024-11-03T15:00:47,12.5,,,NOISE,2024-11-03T15:00:47,12.5,,,NOISE,2024-11-03T15:00:47,12.5,,,NOISE,2024-11-03T15:00:47,12.5,,,NOISE
2026-03-04T12:29:22.396019,Map-Energy__sum__linear-conv00113-20241103_180047-20241104_000047-10.000000-15.000000.png,2024-11-03T18:00:47,2024-11-04T00:00:47,10.0,15.0,2024-11-03T21:00:47,12.5,,,NOISE,2024-11-03T21:00:47,12.5,,,NOISE,2024-11-03T21:00:47,12.5,,,NOISE,2024-11-03T21:00:47,12.5,,,NOISE
2026-03-04T12:29:23.940094,Map-Energy__sum__linear-conv00123-20241104_000047-20241104_060047-10.000000-15.000000.png,2024-11-04T00:00:47,2024-11-04T06:00:47,10.0,15.0,2024-11-04T03:00:47,12.5,,,NOISE,2024-11-04T03:00:47,12.5,,,NOISE,2024-11-04T03:00:47,12.5,,,NOISE,2024-11-04T03:00:47,12.5,,,NOISE
2026-03-04T12:29:25.116216,Map-Energy__sum__linear-conv00133-20241104_060047-20241104_120047-10.000000-15.000000.png,2024-11-04T06:00:47,2024-11-04T12:00:47,10.0,15.0,2024-11-04T09:00:47,12.5,,,NOISE,2024-11-04T09:00:47,12.5,,,NOISE,2024-11-04T09:00:47,12.5,,,NOISE,2024-11-04T09:00:47,12.5,,,NOISE
2026-03-04T12:29:26.140089,Map-Energy__sum__linear-conv00143-20241104_120047-20241104_180047-10.000000-15.000000.png,2024-11-04T12:00:47,2024-11-04T18:00:47,10.0,15.0,2024-11-04T15:00:47,12.5,,,NOISE,2024-11-04T15:00:47,12.5,,,NOISE,2024-11-04T15:00:47,12.5,,,NOISE,2024-11-04T15:00:47,12.5,,,NOISE
2026-03-04T12:29:27.076091,Map-Energy__sum__linear-conv00153-20241104_180047-20241105_000047-10.000000-15.000000.png,2024-11-04T18:00:47,2024-11-05T00:00:47,10.0,15.0,2024-11-04T21:00:47,12.5,,,NOISE,2024-11-04T21:00:47,12.5,,,NOISE,2024-11-04T21:00:47,12.5,,,NOISE,2024-11-04T21:00:47,12.5,,,NOISE
2026-03-04T12:29:27.948151,Map-Energy__sum__linear-conv00163-20241105_000047-20241105_060047-10.000000-15.000000.png,2024-11-05T00:00:47,2024-11-05T06:00:47,10.0,15.0,2024-11-05T03:00:47,12.5,,,NOISE,2024-11-05T03:00:47,12.5,,,NOISE,2024-11-05T03:00:47,12.5,,,NOISE,2024-11-05T03:00:47,12.5,,,NOISE
2026-03-04T12:29:32.444059,Map-Energy__sum__linear-conv00173-20241105_060047-20241105_120047-10.000000-15.000000.png,2024-11-05T06:00:47,2024-11-05T12:00:47,10.0,15.0,2024-11-05T09:00:47,12.5,,,NOISE,2024-11-05T09:00:47,12.5,,,NOISE,2024-11-05T09:00:47,12.5,,,NOISE,2024-11-05T09:00:47,12.5,,,NOISE
2026-03-04T12:29:33.243834,Map-Energy__sum__linear-conv00183-20241105_120047-20241105_180047-10.000000-15.000000.png,2024-11-05T12:00:47,2024-11-05T18:00:47,10.0,15.0,2024-11-05T15:00:47,12.5,,,NOISE,2024-11-05T15:00:47,12.5,,,NOISE,2024-11-05T15:00:47,12.5,,,NOISE,2024-11-05T15:00:47,12.5,,,NOISE
2026-03-04T12:29:34.204143,Map-Energy__sum__linear-conv00193-20241105_180047-20241106_000047-10.000000-15.000000.png,2024-11-05T18:00:47,2024-11-06T00:00:47,10.0,15.0,2024-11-05T21:00:47,12.5,,,NOISE,2024-11-05T21:00:47,12.5,,,NOISE,2024-11-05T21:00:47,12.5,,,NOISE,2024-11-05T21:00:47,12.5,,,NOISE
2026-03-04T12:29:35.684098,Map-Energy__sum__linear-conv00203-20241106_000047-20241106_060047-10.000000-15.000000.png,2024-11-06T00:00:47,2024-11-06T06:00:47,10.0,15.0,2024-11-06T03:00:47,12.5,,,NOISE,2024-11-06T03:00:47,12.5,,,NOISE,2024-11-06T03:00:47,12.5,,,NOISE,2024-11-06T03:00:47,12.5,,,NOISE
2026-03-04T12:29:36.860161,Map-Energy__sum__linear-conv00213-20241106_060047-20241106_120047-10.000000-15.000000.png,2024-11-06T06:00:47,2024-11-06T12:00:47,10.0,15.0,2024-11-06T09:00:47,12.5,,,NOISE,2024-11-06T09:00:47,12.5,,,NOISE,2024-11-06T09:00:47,12.5,,,NOISE,2024-11-06T09:00:47,12.5,,,NOISE
2026-03-04T12:29:41.860137,Map-Energy__sum__linear-conv00223-20241106_120047-20241106_180047-10.000000-15.000000.png,2024-11-06T12:00:47,2024-11-06T18:00:47,10.0,15.0,2024-11-06T15:00:47,12.5,,,NOISE,2024-11-06T15:00:47,12.5,,,NOISE,2024-11-06T15:00:47,12.5,,,NOISE,2024-11-06T15:00:47,12.5,,,NOISE
2026-03-04T12:29:42.940160,Map-Energy__sum__linear-conv00233-20241106_180047-20241107_000047-10.000000-15.000000.png,2024-11-06T18:00:47,2024-11-07T00:00:47,10.0,15.0,2024-11-06T21:00:47,12.5,,,NOISE,2024-11-06T21:00:47,12.5,,,NOISE,2024-11-06T21:00:47,12.5,,,NOISE,2024-11-06T21:00:47,12.5,,,NOISE
2026-03-04T12:29:43.947953,Map-Energy__sum__linear-conv00243-20241107_000047-20241107_060047-10.000000-15.000000.png,2024-11-07T00:00:47,2024-11-07T06:00:47,10.0,15.0,2024-11-07T03:00:47,12.5,,,NOISE,2024-11-07T03:00:47,12.5,,,NOISE,2024-11-07T03:00:47,12.5,,,NOISE,2024-11-07T03:00:47,12.5,,,NOISE
2026-03-04T12:29:45.099977,Map-Energy__sum__linear-conv00253-20241107_060047-20241107_120047-10.000000-15.000000.png,2024-11-07T06:00:47,2024-11-07T12:00:47,10.0,15.0,2024-11-07T09:00:47,12.5,,,NOISE,2024-11-07T09:00:47,12.5,,,NOISE,2024-11-07T09:00:47,12.5,,,NOISE,2024-11-07T09:00:47,12.5,,,NOISE
2026-03-04T12:29:46.148085,Map-Energy__sum__linear-conv00263-20241107_120047-20241107_180047-10.000000-15.000000.png,2024-11-07T12:00:47,2024-11-07T18:00:47,10.0,15.0,2024-11-07T15:00:47,12.5,,,NOISE,2024-11-07T15:00:47,12.5,,,NOISE,2024-11-07T15:00:47,12.5,,,NOISE,2024-11-07T15:00:47,12.5,,,NOISE
2026-03-04T12:29:47.132540,Map-Energy__sum__linear-conv00273-20241107_180047-20241108_000047-10.000000-15.000000.png,2024-11-07T18:00:47,2024-11-08T00:00:47,10.0,15.0,2024-11-07T21:00:47,12.5,,,NOISE,2024-11-07T21:00:47,12.5,,,NOISE,2024-11-07T21:00:47,12.5,,,NOISE,2024-11-07T21:00:47,12.5,,,NOISE
2026-03-04T12:29:48.012091,Map-Energy__sum__linear-conv00283-20241108_000047-20241108_060047-10.000000-15.000000.png,2024-11-08T00:00:47,2024-11-08T06:00:47,10.0,15.0,2024-11-08T03:00:47,12.5,,,NOISE,2024-11-08T03:00:47,12.5,,,NOISE,2024-11-08T03:00:47,12.5,,,NOISE,2024-11-08T03:00:47,12.5,,,NOISE
2026-03-04T12:29:48.868082,Map-Energy__sum__linear-conv00293-20241108_060047-20241108_120047-10.000000-15.000000.png,2024-11-08T06:00:47,2024-11-08T12:00:47,10.0,15.0,2024-11-08T09:00:47,12.5,,,NOISE,2024-11-08T09:00:47,12.5,,,NOISE,2024-11-08T09:00:47,12.5,,,NOISE,2024-11-08T09:00:47,12.5,,,NOISE
2026-03-04T12:29:49.820181,Map-Energy__sum__linear-conv00303-20241108_120047-20241108_180047-10.000000-15.000000.png,2024-11-08T12:00:47,2024-11-08T18:00:47,10.0,15.0,2024-11-08T15:00:47,12.5,,,NOISE,2024-11-08T15:00:47,12.5,,,NOISE,2024-11-08T15:00:47,12.5,,,NOISE,2024-11-08T15:00:47,12.5,,,NOISE
2026-03-04T12:29:50.699905,Map-Energy__sum__linear-conv00313-20241108_180047-20241109_000047-10.000000-15.000000.png,2024-11-08T18:00:47,2024-11-09T00:00:47,10.0,15.0,2024-11-08T21:00:47,12.5,,,NOISE,2024-11-08T21:00:47,12.5,,,NOISE,2024-11-08T21:00:47,12.5,,,NOISE,2024-11-08T21:00:47,12.5,,,NOISE
2026-03-04T12:29:52.044036,Map-Energy__sum__linear-conv00323-20241109_000047-20241109_060047-10.000000-15.000000.png,2024-11-09T00:00:47,2024-11-09T06:00:47,10.0,15.0,2024-11-09T03:00:47,12.5,,,NOISE,2024-11-09T03:00:47,12.5,,,NOISE,2024-11-09T03:00:47,12.5,,,NOISE,2024-11-09T03:00:47,12.5,,,NOISE
2026-03-04T12:29:52.867990,Map-Energy__sum__linear-conv00333-20241109_060047-20241109_120047-10.000000-15.000000.png,2024-11-09T06:00:47,2024-11-09T12:00:47,10.0,15.0,2024-11-09T09:00:47,12.5,,,NOISE,2024-11-09T09:00:47,12.5,,,NOISE,2024-11-09T09:00:47,12.5,,,NOISE,2024-11-09T09:00:47,12.5,,,NOISE
2026-03-04T12:29:53.668407,Map-Energy__sum__linear-conv00343-20241109_120047-20241109_180047-10.000000-15.000000.png,2024-11-09T12:00:47,2024-11-09T18:00:47,10.0,15.0,2024-11-09T15:00:47,12.5,,,NOISE,2024-11-09T15:00:47,12.5,,,NOISE,2024-11-09T15:00:47,12.5,,,NOISE,2024-11-09T15:00:47,12.5,,,NOISE
2026-03-04T12:29:54.436230,Map-Energy__sum__linear-conv00353-20241109_180047-20241110_000047-10.000000-15.000000.png,2024-11-09T18:00:47,2024-11-10T00:00:47,10.0,15.0,2024-11-09T21:00:47,12.5,,,NOISE,2024-11-09T21:00:47,12.5,,,NOISE,2024-11-09T21:00:47,12.5,,,NOISE,2024-11-09T21:00:47,12.5,,,NOISE
2026-03-04T12:29:55.196160,Map-Energy__sum__linear-conv00363-20241110_000047-20241110_060047-10.000000-15.000000.png,2024-11-10T00:00:47,2024-11-10T06:00:47,10.0,15.0,2024-11-10T03:00:47,12.5,,,NOISE,2024-11-10T03:00:47,12.5,,,NOISE,2024-11-10T03:00:47,12.5,,,NOISE,2024-11-10T03:00:47,12.5,,,NOISE
2026-03-04T12:30:03.732105,Map-Energy__sum__linear-conv00373-20241110_060047-20241110_120047-10.000000-15.000000.png,2024-11-10T06:00:47,2024-11-10T12:00:47,10.0,15.0,2024-11-10T09:00:47,12.5,,,NOISE,2024-11-10T09:00:47,12.5,,,NOISE,2024-11-10T09:00:47,12.5,,,NOISE,2024-11-10T09:00:47,12.5,,,NOISE
2026-03-04T12:30:04.740150,Map-Energy__sum__linear-conv00383-20241110_120047-20241110_180047-10.000000-15.000000.png,2024-11-10T12:00:47,2024-11-10T18:00:47,10.0,15.0,2024-11-10T15:00:47,12.5,,,NOISE,2024-11-10T15:00:47,12.5,,,NOISE,2024-11-10T15:00:47,12.5,,,NOISE,2024-11-10T15:00:47,12.5,,,NOISE
2026-03-04T12:30:05.628067,Map-Energy__sum__linear-conv00393-20241110_180047-20241111_000047-10.000000-15.000000.png,2024-11-10T18:00:47,2024-11-11T00:00:47,10.0,15.0,2024-11-10T21:00:47,12.5,,,NOISE,2024-11-10T21:00:47,12.5,,,NOISE,2024-11-10T21:00:47,12.5,,,NOISE,2024-11-10T21:00:47,12.5,,,NOISE
2026-03-04T12:30:06.748022,Map-Energy__sum__linear-conv00403-20241111_000047-20241111_060047-10.000000-15.000000.png,2024-11-11T00:00:47,2024-11-11T06:00:47,10.0,15.0,2024-11-11T03:00:47,12.5,,,NOISE,2024-11-11T03:00:47,12.5,,,NOISE,2024-11-11T03:00:47,12.5,,,NOISE,2024-11-11T03:00:47,12.5,,,NOISE
2026-03-04T12:30:07.603922,Map-Energy__sum__linear-conv00413-20241111_060047-20241111_120047-10.000000-15.000000.png,2024-11-11T06:00:47,2024-11-11T12:00:47,10.0,15.0,2024-11-11T09:00:47,12.5,,,NOISE,2024-11-11T09:00:47,12.5,,,NOISE,2024-11-11T09:00:47,12.5,,,NOISE,2024-11-11T09:00:47,12.5,,,NOISE
2026-03-04T12:30:08.660025,Map-Energy__sum__linear-conv00423-20241111_120047-20241111_180047-10.000000-15.000000.png,2024-11-11T12:00:47,2024-11-11T18:00:47,10.0,15.0,2024-11-11T15:00:47,12.5,,,NOISE,2024-11-11T15:00:47,12.5,,,NOISE,2024-11-11T15:00:47,12.5,,,NOISE,2024-11-11T15:00:47,12.5,,,NOISE
2026-03-04T12:30:09.540036,Map-Energy__sum__linear-conv00433-20241111_180047-20241112_000047-10.000000-15.000000.png,2024-11-11T18:00:47,2024-11-12T00:00:47,10.0,15.0,2024-11-11T21:00:47,12.5,,,NOISE,2024-11-11T21:00:47,12.5,,,NOISE,2024-11-11T21:00:47,12.5,,,NOISE,2024-11-11T21:00:47,12.5,,,NOISE
2026-03-04T12:30:10.459976,Map-Energy__sum__linear-conv00443-20241112_000047-20241112_060047-10.000000-15.000000.png,2024-11-12T00:00:47,2024-11-12T06:00:47,10.0,15.0,2024-11-12T03:00:47,12.5,,,NOISE,2024-11-12T03:00:47,12.5,,,NOISE,2024-11-12T03:00:47,12.5,,,NOISE,2024-11-12T03:00:47,12.5,,,NOISE
2026-03-04T12:30:11.355995,Map-Energy__sum__linear-conv00453-20241112_060047-20241112_120047-10.000000-15.000000.png,2024-11-12T06:00:47,2024-11-12T12:00:47,10.0,15.0,2024-11-12T09:00:47,12.5,,,NOISE,2024-11-12T09:00:47,12.5,,,NOISE,2024-11-12T09:00:47,12.5,,,NOISE,2024-11-12T09:00:47,12.5,,,NOISE
2026-03-04T12:30:16.435973,Map-Energy__sum__linear-conv00463-20241112_120047-20241112_180047-10.000000-15.000000.png,2024-11-12T12:00:47,2024-11-12T18:00:47,10.0,15.0,2024-11-12T15:00:47,12.5,,,NOISE,2024-11-12T15:00:47,12.5,,,NOISE,2024-11-12T15:00:47,12.5,,,NOISE,2024-11-12T15:00:47,12.5,,,NOISE
2026-03-04T12:30:17.227984,Map-Energy__sum__linear-conv00473-20241112_180047-20241113_000047-10.000000-15.000000.png,2024-11-12T18:00:47,2024-11-13T00:00:47,10.0,15.0,2024-11-12T21:00:47,12.5,,,NOISE,2024-11-12T21:00:47,12.5,,,NOISE,2024-11-12T21:00:47,12.5,,,NOISE,2024-11-12T21:00:47,12.5,,,NOISE
2026-03-04T12:30:18.324025,Map-Energy__sum__linear-conv00483-20241113_000047-20241113_060047-10.000000-15.000000.png,2024-11-13T00:00:47,2024-11-13T06:00:47,10.0,15.0,2024-11-13T03:00:47,12.5,,,NOISE,2024-11-13T03:00:47,12.5,,,NOISE,2024-11-13T03:00:47,12.5,,,NOISE,2024-11-13T03:00:47,12.5,,,NOISE
2026-03-04T12:30:19.499995,Map-Energy__sum__linear-conv00493-20241113_060047-20241113_120047-10.000000-15.000000.png,2024-11-13T06:00:47,2024-11-13T12:00:47,10.0,15.0,2024-11-13T09:00:47,12.5,,,NOISE,2024-11-13T09:00:47,12.5,,,NOISE,2024-11-13T09:00:47,12.5,,,NOISE,2024-11-13T09:00:47,12.5,,,NOISE
2026-03-04T12:30:20.428164,Map-Energy__sum__linear-conv00503-20241113_120047-20241113_180047-10.000000-15.000000.png,2024-11-13T12:00:47,2024-11-13T18:00:47,10.0,15.0,2024-11-13T15:00:47,12.5,,,NOISE,2024-11-13T15:00:47,12.5,,,NOISE,2024-11-13T15:00:47,12.5,,,NOISE,2024-11-13T15:00:47,12.5,,,NOISE
2026-03-04T12:30:21.324206,Map-Energy__sum__linear-conv00513-20241113_180047-20241114_000047-10.000000-15.000000.png,2024-11-13T18:00:47,2024-11-14T00:00:47,10.0,15.0,2024-11-13T21:00:47,12.5,,,NOISE,2024-11-13T21:00:47,12.5,,,NOISE,2024-11-13T21:00:47,12.5,,,NOISE,2024-11-13T21:00:47,12.5,,,NOISE
2026-03-04T12:30:22.164006,Map-Energy__sum__linear-conv00523-20241114_000047-20241114_060047-10.000000-15.000000.png,2024-11-14T00:00:47,2024-11-14T06:00:47,10.0,15.0,2024-11-14T03:00:47,12.5,,,NOISE,2024-11-14T03:00:47,12.5,,,NOISE,2024-11-14T03:00:47,12.5,,,NOISE,2024-11-14T03:00:47,12.5,,,NOISE
2026-03-04T12:30:23.100014,Map-Energy__sum__linear-conv00533-20241114_060047-20241114_120047-10.000000-15.000000.png,2024-11-14T06:00:47,2024-11-14T12:00:47,10.0,15.0,2024-11-14T09:00:47,12.5,,,NOISE,2024-11-14T09:00:47,12.5,,,NOISE,2024-11-14T09:00:47,12.5,,,NOISE,2024-11-14T09:00:47,12.5,,,NOISE
2026-03-04T12:30:23.948074,Map-Energy__sum__linear-conv00543-20241114_120047-20241114_180047-10.000000-15.000000.png,2024-11-14T12:00:47,2024-11-14T18:00:47,10.0,15.0,2024-11-14T15:00:47,12.5,,,NOISE,2024-11-14T15:00:47,12.5,,,NOISE,2024-11-14T15:00:47,12.5,,,NOISE,2024-11-14T15:00:47,12.5,,,NOISE
2026-03-04T12:30:24.772059,Map-Energy__sum__linear-conv00553-20241114_180047-20241115_000047-10.000000-15.000000.png,2024-11-14T18:00:47,2024-11-15T00:00:47,10.0,15.0,2024-11-14T21:00:47,12.5,,,NOISE,2024-11-14T21:00:47,12.5,,,NOISE,2024-11-14T21:00:47,12.5,,,NOISE,2024-11-14T21:00:47,12.5,,,NOISE
2026-03-04T12:30:25.875973,Map-Energy__sum__linear-conv00563-20241115_000047-20241115_060047-10.000000-15.000000.png,2024-11-15T00:00:47,2024-11-15T06:00:47,10.0,15.0,2024-11-15T03:00:47,12.5,,,NOISE,2024-11-15T03:00:47,12.5,,,NOISE,2024-11-15T03:00:47,12.5,,,NOISE,2024-11-15T03:00:47,12.5,,,NOISE
2026-03-04T12:30:26.820133,Map-Energy__sum__linear-conv00573-20241115_060047-20241115_120047-10.000000-15.000000.png,2024-11-15T06:00:47,2024-11-15T12:00:47,10.0,15.0,2024-11-15T09:00:47,12.5,,,NOISE,2024-11-15T09:00:47,12.5,,,NOISE,2024-11-15T09:00:47,12.5,,,NOISE,2024-11-15T09:00:47,12.5,,,NOISE
2026-03-04T12:30:27.699979,Map-Energy__sum__linear-conv00583-20241115_120047-20241115_180047-10.000000-15.000000.png,2024-11-15T12:00:47,2024-11-15T18:00:47,10.0,15.0,2024-11-15T15:00:47,12.5,,,NOISE,2024-11-15T15:00:47,12.5,,,NOISE,2024-11-15T15:00:47,12.5,,,NOISE,2024-11-15T15:00:47,12.5,,,NOISE
2026-03-04T12:30:28.524008,Map-Energy__sum__linear-conv00593-20241115_180047-20241116_000047-10.000000-15.000000.png,2024-11-15T18:00:47,2024-11-16T00:00:47,10.0,15.0,2024-11-15T21:00:47,12.5,,,NOISE,2024-11-15T21:00:47,12.5,,,NOISE,2024-11-15T21:00:47,12.5,,,NOISE,2024-11-15T21:00:47,12.5,,,NOISE
2026-03-04T12:30:29.404828,Map-Energy__sum__linear-conv00603-20241116_000047-20241116_060047-10.000000-15.000000.png,2024-11-16T00:00:47,2024-11-16T06:00:47,10.0,15.0,2024-11-16T03:00:47,12.5,,,NOISE,2024-11-16T03:00:47,12.5,,,NOISE,2024-11-16T03:00:47,12.5,,,NOISE,2024-11-16T03:00:47,12.5,,,NOISE
2026-03-04T12:30:30.267868,Map-Energy__sum__linear-conv00613-20241116_060047-20241116_120047-10.000000-15.000000.png,2024-11-16T06:00:47,2024-11-16T12:00:47,10.0,15.0,2024-11-16T09:00:47,12.5,,,NOISE,2024-11-16T09:00:47,12.5,,,NOISE,2024-11-16T09:00:47,12.5,,,NOISE,2024-11-16T09:00:47,12.5,,,NOISE
2026-03-04T12:30:31.452141,Map-Energy__sum__linear-conv00623-20241116_120047-20241116_180047-10.000000-15.000000.png,2024-11-16T12:00:47,2024-11-16T18:00:47,10.0,15.0,2024-11-16T15:00:47,12.5,,,NOISE,2024-11-16T15:00:47,12.5,,,NOISE,2024-11-16T15:00:47,12.5,,,NOISE,2024-11-16T15:00:47,12.5,,,NOISE
2026-03-04T12:30:32.388070,Map-Energy__sum__linear-conv00633-20241116_180047-20241117_000047-10.000000-15.000000.png,2024-11-16T18:00:47,2024-11-17T00:00:47,10.0,15.0,2024-11-16T21:00:47,12.5,,,NOISE,2024-11-16T21:00:47,12.5,,,NOISE,2024-11-16T21:00:47,12.5,,,NOISE,2024-11-16T21:00:47,12.5,,,NOISE
2026-03-04T12:30:33.411845,Map-Energy__sum__linear-conv00643-20241117_000047-20241117_060047-10.000000-15.000000.png,2024-11-17T00:00:47,2024-11-17T06:00:47,10.0,15.0,2024-11-17T03:00:47,12.5,,,NOISE,2024-11-17T03:00:47,12.5,,,NOISE,2024-11-17T03:00:47,12.5,,,NOISE,2024-11-17T03:00:47,12.5,,,NOISE
2026-03-04T12:30:34.300135,Map-Energy__sum__linear-conv00653-20241117_060047-20241117_120047-10.000000-15.000000.png,2024-11-17T06:00:47,2024-11-17T12:00:47,10.0,15.0,2024-11-17T09:00:47,12.5,,,NOISE,2024-11-17T09:00:47,12.5,,,NOISE,2024-11-17T09:00:47,12.5,,,NOISE,2024-11-17T09:00:47,12.5,,,NOISE
2026-03-04T12:30:35.283973,Map-Energy__sum__linear-conv00663-20241117_120047-20241117_180047-10.000000-15.000000.png,2024-11-17T12:00:47,2024-11-17T18:00:47,10.0,15.0,2024-11-17T15:00:47,12.5,,,NOISE,2024-11-17T15:00:47,12.5,,,NOISE,2024-11-17T15:00:47,12.5,,,NOISE,2024-11-17T15:00:47,12.5,,,NOISE
2026-03-04T12:30:40.348005,Map-Energy__sum__linear-conv00673-20241117_180047-20241118_000047-10.000000-15.000000.png,2024-11-17T18:00:47,2024-11-18T00:00:47,10.0,15.0,2024-11-17T21:00:47,12.5,,,NOISE,2024-11-17T21:00:47,12.5,,,NOISE,2024-11-17T21:00:47,12.5,,,NOISE,2024-11-17T21:00:47,12.5,,,NOISE
2026-03-04T12:30:42.868010,Map-Energy__sum__linear-conv00683-20241118_000047-20241118_060047-10.000000-15.000000.png,2024-11-18T00:00:47,2024-11-18T06:00:47,10.0,15.0,2024-11-18T03:00:47,12.5,,,NOISE,2024-11-18T03:00:47,12.5,,,NOISE,2024-11-18T03:00:47,12.5,,,NOISE,2024-11-18T03:00:47,12.5,,,NOISE
2026-03-04T12:30:44.091957,Map-Energy__sum__linear-conv00693-20241118_060047-20241118_120047-10.000000-15.000000.png,2024-11-18T06:00:47,2024-11-18T12:00:47,10.0,15.0,2024-11-18T09:00:47,12.5,,,NOISE,2024-11-18T09:00:47,12.5,,,NOISE,2024-11-18T09:00:47,12.5,,,NOISE,2024-11-18T09:00:47,12.5,,,NOISE
2026-03-04T12:30:45.300045,Map-Energy__sum__linear-conv00703-20241118_120047-20241118_180047-10.000000-15.000000.png,2024-11-18T12:00:47,2024-11-18T18:00:47,10.0,15.0,2024-11-18T15:00:47,12.5,,,NOISE,2024-11-18T15:00:47,12.5,,,NOISE,2024-11-18T15:00:47,12.5,,,NOISE,2024-11-18T15:00:47,12.5,,,NOISE
2026-03-04T12:30:46.692081,Map-Energy__sum__linear-conv00713-20241118_180047-20241119_000047-10.000000-15.000000.png,2024-11-18T18:00:47,2024-11-19T00:00:47,10.0,15.0,2024-11-18T21:00:47,12.5,,,NOISE,2024-11-18T21:00:47,12.5,,,NOISE,2024-11-18T21:00:47,12.5,,,NOISE,2024-11-18T21:00:47,12.5,,,NOISE
2026-03-04T12:30:48.628016,Map-Energy__sum__linear-conv00723-20241119_000047-20241119_060047-10.000000-15.000000.png,2024-11-19T00:00:47,2024-11-19T06:00:47,10.0,15.0,2024-11-19T03:00:47,12.5,,,NOISE,2024-11-19T03:00:47,12.5,,,NOISE,2024-11-19T03:00:47,12.5,,,NOISE,2024-11-19T03:00:47,12.5,,,NOISE
2026-03-04T12:30:51.004006,Map-Energy__sum__linear-conv00733-20241119_060047-20241119_120047-10.000000-15.000000.png,2024-11-19T06:00:47,2024-11-19T12:00:47,10.0,15.0,2024-11-19T09:00:47,12.5,,,NOISE,2024-11-19T09:00:47,12.5,,,NOISE,2024-11-19T09:00:47,12.5,,,NOISE,2024-11-19T09:00:47,12.5,,,NOISE
2026-03-04T12:30:56.787946,Map-Energy__sum__linear-conv00743-20241119_120047-20241119_180047-10.000000-15.000000.png,2024-11-19T12:00:47,2024-11-19T18:00:47,10.0,15.0,2024-11-19T15:00:47,12.5,,,NOISE,2024-11-19T15:00:47,12.5,,,NOISE,2024-11-19T15:00:47,12.5,,,NOISE,2024-11-19T15:00:47,12.5,,,NOISE
2026-03-04T12:30:57.603991,Map-Energy__sum__linear-conv00753-20241119_180047-20241120_000047-10.000000-15.000000.png,2024-11-19T18:00:47,2024-11-20T00:00:47,10.0,15.0,2024-11-19T21:00:47,12.5,,,NOISE,2024-11-19T21:00:47,12.5,,,NOISE,2024-11-19T21:00:47,12.5,,,NOISE,2024-11-19T21:00:47,12.5,,,NOISE
2026-03-04T12:30:59.083991,Map-Energy__sum__linear-conv00763-20241120_000047-20241120_060047-10.000000-15.000000.png,2024-11-20T00:00:47,2024-11-20T06:00:47,10.0,15.0,2024-11-20T03:00:47,12.5,,,NOISE,2024-11-20T03:00:47,12.5,,,NOISE,2024-11-20T03:00:47,12.5,,,NOISE,2024-11-20T03:00:47,12.5,,,NOISE
2026-03-04T12:31:00.172133,Map-Energy__sum__linear-conv00773-20241120_060047-20241120_120047-10.000000-15.000000.png,2024-11-20T06:00:47,2024-11-20T12:00:47,10.0,15.0,2024-11-20T09:00:47,12.5,,,NOISE,2024-11-20T09:00:47,12.5,,,NOISE,2024-11-20T09:00:47,12.5,,,NOISE,2024-11-20T09:00:47,12.5,,,NOISE
2026-03-04T12:31:02.883956,Map-Energy__sum__linear-conv00783-20241120_120047-20241120_180047-10.000000-15.000000.png,2024-11-20T12:00:47,2024-11-20T18:00:47,10.0,15.0,2024-11-20T15:00:47,12.5,,,NOISE,2024-11-20T15:00:47,12.5,,,NOISE,2024-11-20T15:00:47,12.5,,,NOISE,2024-11-20T15:00:47,12.5,,,NOISE
2026-03-04T12:31:04.692014,Map-Energy__sum__linear-conv00793-20241120_180047-20241121_000047-10.000000-15.000000.png,2024-11-20T18:00:47,2024-11-21T00:00:47,10.0,15.0,2024-11-20T21:00:47,12.5,,,NOISE,2024-11-20T21:00:47,12.5,,,NOISE,2024-11-20T21:00:47,12.5,,,NOISE,2024-11-20T21:00:47,12.5,,,NOISE
2026-03-04T12:31:05.787905,Map-Energy__sum__linear-conv00803-20241121_000047-20241121_060047-10.000000-15.000000.png,2024-11-21T00:00:47,2024-11-21T06:00:47,10.0,15.0,2024-11-21T03:00:47,12.5,,,NOISE,2024-11-21T03:00:47,12.5,,,NOISE,2024-11-21T03:00:47,12.5,,,NOISE,2024-11-21T03:00:47,12.5,,,NOISE
2026-03-04T12:31:06.763901,Map-Energy__sum__linear-conv00813-20241121_060047-20241121_120047-10.000000-15.000000.png,2024-11-21T06:00:47,2024-11-21T12:00:47,10.0,15.0,2024-11-21T09:00:47,12.5,,,NOISE,2024-11-21T09:00:47,12.5,,,NOISE,2024-11-21T09:00:47,12.5,,,NOISE,2024-11-21T09:00:47,12.5,,,NOISE
2026-03-04T12:31:08.100069,Map-Energy__sum__linear-conv00823-20241121_120047-20241121_180047-10.000000-15.000000.png,2024-11-21T12:00:47,2024-11-21T18:00:47,10.0,15.0,2024-11-21T15:00:47,12.5,,,NOISE,2024-11-21T15:00:47,12.5,,,NOISE,2024-11-21T15:00:47,12.5,,,NOISE,2024-11-21T15:00:47,12.5,,,NOISE
2026-03-04T12:31:08.980091,Map-Energy__sum__linear-conv00833-20241121_180047-20241122_000047-10.000000-15.000000.png,2024-11-21T18:00:47,2024-11-22T00:00:47,10.0,15.0,2024-11-21T21:00:47,12.5,,,NOISE,2024-11-21T21:00:47,12.5,,,NOISE,2024-11-21T21:00:47,12.5,,,NOISE,2024-11-21T21:00:47,12.5,,,NOISE
2026-03-04T12:31:10.036010,Map-Energy__sum__linear-conv00843-20241122_000047-20241122_060047-10.000000-15.000000.png,2024-11-22T00:00:47,2024-11-22T06:00:47,10.0,15.0,2024-11-22T03:00:47,12.5,,,NOISE,2024-11-22T03:00:47,12.5,,,NOISE,2024-11-22T03:00:47,12.5,,,NOISE,2024-11-22T03:00:47,12.5,,,NOISE
2026-03-04T12:31:11.003996,Map-Energy__sum__linear-conv00853-20241122_060047-20241122_120047-10.000000-15.000000.png,2024-11-22T06:00:47,2024-11-22T12:00:47,10.0,15.0,2024-11-22T09:00:47,12.5,,,NOISE,2024-11-22T09:00:47,12.5,,,NOISE,2024-11-22T09:00:47,12.5,,,NOISE,2024-11-22T09:00:47,12.5,,,NOISE
2026-03-04T12:31:47.507987,Map-Energy__sum__linear-conv00863-20241122_120047-20241122_180047-10.000000-15.000000.png,2024-11-22T12:00:47,2024-11-22T18:00:47,10.0,15.0,2024-11-22T15:00:47,12.5,,,NOISE,2024-11-22T15:00:47,12.5,,,NOISE,2024-11-22T15:00:47,12.5,,,NOISE,2024-11-22T15:00:47,12.5,,,NOISE
2026-03-04T12:31:49.803821,Map-Energy__sum__linear-conv00873-20241122_180047-20241123_000047-10.000000-15.000000.png,2024-11-22T18:00:47,2024-11-23T00:00:47,10.0,15.0,2024-11-22T21:00:47,12.5,,,NOISE,2024-11-22T21:00:47,12.5,,,NOISE,2024-11-22T21:00:47,12.5,,,NOISE,2024-11-22T21:00:47,12.5,,,NOISE
2026-03-04T12:31:51.083934,Map-Energy__sum__linear-conv00883-20241123_000047-20241123_060047-10.000000-15.000000.png,2024-11-23T00:00:47,2024-11-23T06:00:47,10.0,15.0,2024-11-23T03:00:47,12.5,,,NOISE,2024-11-23T03:00:47,12.5,,,NOISE,2024-11-23T03:00:47,12.5,,,NOISE,2024-11-23T03:00:47,12.5,,,NOISE
2026-03-04T12:31:52.452008,Map-Energy__sum__linear-conv00893-20241123_060047-20241123_120047-10.000000-15.000000.png,2024-11-23T06:00:47,2024-11-23T12:00:47,10.0,15.0,2024-11-23T09:00:47,12.5,,,NOISE,2024-11-23T09:00:47,12.5,,,NOISE,2024-11-23T09:00:47,12.5,,,NOISE,2024-11-23T09:00:47,12.5,,,NOISE
2026-03-04T12:31:53.659848,Map-Energy__sum__linear-conv00903-20241123_120047-20241123_180047-10.000000-15.000000.png,2024-11-23T12:00:47,2024-11-23T18:00:47,10.0,15.0,2024-11-23T15:00:47,12.5,,,NOISE,2024-11-23T15:00:47,12.5,,,NOISE,2024-11-23T15:00:47,12.5,,,NOISE,2024-11-23T15:00:47,12.5,,,NOISE
2026-03-04T12:31:54.795870,Map-Energy__sum__linear-conv00913-20241123_180047-20241124_000047-10.000000-15.000000.png,2024-11-23T18:00:47,2024-11-24T00:00:47,10.0,15.0,2024-11-23T21:00:47,12.5,,,NOISE,2024-11-23T21:00:47,12.5,,,NOISE,2024-11-23T21:00:47,12.5,,,NOISE,2024-11-23T21:00:47,12.5,,,NOISE
2026-03-04T12:31:55.715998,Map-Energy__sum__linear-conv00923-20241124_000047-20241124_060047-10.000000-15.000000.png,2024-11-24T00:00:47,2024-11-24T06:00:47,10.0,15.0,2024-11-24T03:00:47,12.5,,,NOISE,2024-11-24T03:00:47,12.5,,,NOISE,2024-11-24T03:00:47,12.5,,,NOISE,2024-11-24T03:00:47,12.5,,,NOISE
2026-03-04T12:31:57.211805,Map-Energy__sum__linear-conv00933-20241124_060047-20241124_120047-10.000000-15.000000.png,2024-11-24T06:00:47,2024-11-24T12:00:47,10.0,15.0,2024-11-24T09:00:47,12.5,,,NOISE,2024-11-24T09:00:47,12.5,,,NOISE,2024-11-24T09:00:47,12.5,,,NOISE,2024-11-24T09:00:47,12.5,,,NOISE
2026-03-04T12:31:58.339958,Map-Energy__sum__linear-conv00943-20241124_120047-20241124_180047-10.000000-15.000000.png,2024-11-24T12:00:47,2024-11-24T18:00:47,10.0,15.0,2024-11-24T15:00:47,12.5,,,NOISE,2024-11-24T15:00:47,12.5,,,NOISE,2024-11-24T15:00:47,12.5,,,NOISE,2024-11-24T15:00:47,12.5,,,NOISE
2026-03-04T12:31:59.324042,Map-Energy__sum__linear-conv00953-20241124_180047-20241125_000047-10.000000-15.000000.png,2024-11-24T18:00:47,2024-11-25T00:00:47,10.0,15.0,2024-11-24T21:00:47,12.5,,,NOISE,2024-11-24T21:00:47,12.5,,,NOISE,2024-11-24T21:00:47,12.5,,,NOISE,2024-11-24T21:00:47,12.5,,,NOISE
2026-03-04T12:32:04.923929,Map-Energy__sum__linear-conv00963-20241125_000047-20241125_060047-10.000000-15.000000.png,2024-11-25T00:00:47,2024-11-25T06:00:47,10.0,15.0,2024-11-25T03:00:47,12.5,,,NOISE,2024-11-25T03:00:47,12.5,,,NOISE,2024-11-25T03:00:47,12.5,,,NOISE,2024-11-25T03:00:47,12.5,,,NOISE
2026-03-04T12:32:06.251779,Map-Energy__sum__linear-conv00973-20241125_060047-20241125_120047-10.000000-15.000000.png,2024-11-25T06:00:47,2024-11-25T12:00:47,10.0,15.0,2024-11-25T09:00:47,12.5,,,NOISE,2024-11-25T09:00:47,12.5,,,NOISE,2024-11-25T09:00:47,12.5,,,NOISE,2024-11-25T09:00:47,12.5,,,NOISE
2026-03-04T12:32:07.955963,Map-Energy__sum__linear-conv00983-20241125_120047-20241125_180047-10.000000-15.000000.png,2024-11-25T12:00:47,2024-11-25T18:00:47,10.0,15.0,2024-11-25T15:00:47,12.5,,,NOISE,2024-11-25T15:00:47,12.5,,,NOISE,2024-11-25T15:00:47,12.5,,,NOISE,2024-11-25T15:00:47,12.5,,,NOISE
2026-03-04T12:32:09.139921,Map-Energy__sum__linear-conv00993-20241125_180047-20241126_000047-10.000000-15.000000.png,2024-11-25T18:00:47,2024-11-26T00:00:47,10.0,15.0,2024-11-25T21:00:47,12.5,,,NOISE,2024-11-25T21:00:47,12.5,,,NOISE,2024-11-25T21:00:47,12.5,,,NOISE,2024-11-25T21:00:47,12.5,,,NOISE
2026-03-04T12:32:10.260086,Map-Energy__sum__linear-conv01003-20241126_000047-20241126_060047-10.000000-15.000000.png,2024-11-26T00:00:47,2024-11-26T06:00:47,10.0,15.0,2024-11-26T03:00:47,12.5,,,NOISE,2024-11-26T03:00:47,12.5,,,NOISE,2024-11-26T03:00:47,12.5,,,NOISE,2024-11-26T03:00:47,12.5,,,NOISE
2026-03-04T12:32:11.283920,Map-Energy__sum__linear-conv01013-20241126_060047-20241126_120047-10.000000-15.000000.png,2024-11-26T06:00:47,2024-11-26T12:00:47,10.0,15.0,2024-11-26T09:00:47,12.5,,,NOISE,2024-11-26T09:00:47,12.5,,,NOISE,2024-11-26T09:00:47,12.5,,,NOISE,2024-11-26T09:00:47,12.5,,,NOISE
2026-03-04T12:32:12.179979,Map-Energy__sum__linear-conv01023-20241126_120047-20241126_180047-10.000000-15.000000.png,2024-11-26T12:00:47,2024-11-26T18:00:47,10.0,15.0,2024-11-26T15:00:47,12.5,,,NOISE,2024-11-26T15:00:47,12.5,,,NOISE,2024-11-26T15:00:47,12.5,,,NOISE,2024-11-26T15:00:47,12.5,,,NOISE
2026-03-04T12:32:13.084017,Map-Energy__sum__linear-conv01033-20241126_180047-20241127_000047-10.000000-15.000000.png,2024-11-26T18:00:47,2024-11-27T00:00:47,10.0,15.0,2024-11-26T21:00:47,12.5,,,NOISE,2024-11-26T21:00:47,12.5,,,NOISE,2024-11-26T21:00:47,12.5,,,NOISE,2024-11-26T21:00:47,12.5,,,NOISE
2026-03-04T12:33:11.971904,Map-Energy__sum__linear-conv01043-20241127_000047-20241127_060047-10.000000-15.000000.png,2024-11-27T00:00:47,2024-11-27T06:00:47,10.0,15.0,2024-11-27T03:00:47,12.5,,,NOISE,2024-11-27T03:00:47,12.5,,,NOISE,2024-11-27T03:00:47,12.5,,,NOISE,2024-11-27T03:00:47,12.5,,,NOISE
2026-03-04T12:33:13.763827,Map-Energy__sum__linear-conv01053-20241127_060047-20241127_120047-10.000000-15.000000.png,2024-11-27T06:00:47,2024-11-27T12:00:47,10.0,15.0,2024-11-27T09:00:47,12.5,,,NOISE,2024-11-27T09:00:47,12.5,,,NOISE,2024-11-27T09:00:47,12.5,,,NOISE,2024-11-27T09:00:47,12.5,,,NOISE
2026-03-04T12:33:15.203966,Map-Energy__sum__linear-conv01063-20241127_120047-20241127_180047-10.000000-15.000000.png,2024-11-27T12:00:47,2024-11-27T18:00:47,10.0,15.0,2024-11-27T15:00:47,12.5,,,NOISE,2024-11-27T15:00:47,12.5,,,NOISE,2024-11-27T15:00:47,12.5,,,NOISE,2024-11-27T15:00:47,12.5,,,NOISE
2026-03-04T12:33:16.539803,Map-Energy__sum__linear-conv01073-20241127_180047-20241128_000047-10.000000-15.000000.png,2024-11-27T18:00:47,2024-11-28T00:00:47,10.0,15.0,2024-11-27T21:00:47,12.5,,,NOISE,2024-11-27T21:00:47,12.5,,,NOISE,2024-11-27T21:00:47,12.5,,,NOISE,2024-11-27T21:00:47,12.5,,,NOISE
2026-03-04T12:33:17.555672,Map-Energy__sum__linear-conv01083-20241128_000047-20241128_060047-10.000000-15.000000.png,2024-11-28T00:00:47,2024-11-28T06:00:47,10.0,15.0,2024-11-28T03:00:47,12.5,,,NOISE,2024-11-28T03:00:47,12.5,,,NOISE,2024-11-28T03:00:47,12.5,,,NOISE,2024-11-28T03:00:47,12.5,,,NOISE
2026-03-04T12:33:19.411813,Map-Energy__sum__linear-conv01093-20241128_060047-20241128_120047-10.000000-15.000000.png,2024-11-28T06:00:47,2024-11-28T12:00:47,10.0,15.0,2024-11-28T09:00:47,12.5,,,NOISE,2024-11-28T09:00:47,12.5,,,NOISE,2024-11-28T09:00:47,12.5,,,NOISE,2024-11-28T09:00:47,12.5,,,NOISE
2026-03-04T12:33:20.931906,Map-Energy__sum__linear-conv01103-20241128_120047-20241128_180047-10.000000-15.000000.png,2024-11-28T12:00:47,2024-11-28T18:00:47,10.0,15.0,2024-11-28T15:00:47,12.5,,,NOISE,2024-11-28T15:00:47,12.5,,,NOISE,2024-11-28T15:00:47,12.5,,,NOISE,2024-11-28T15:00:47,12.5,,,NOISE
2026-03-04T12:33:22.555767,Map-Energy__sum__linear-conv01113-20241128_180047-20241129_000047-10.000000-15.000000.png,2024-11-28T18:00:47,2024-11-29T00:00:47,10.0,15.0,2024-11-28T21:00:47,12.5,,,NOISE,2024-11-28T21:00:47,12.5,,,NOISE,2024-11-28T21:00:47,12.5,,,NOISE,2024-11-28T21:00:47,12.5,,,NOISE
2026-03-04T12:33:23.731809,Map-Energy__sum__linear-conv01123-20241129_000047-20241129_060047-10.000000-15.000000.png,2024-11-29T00:00:47,2024-11-29T06:00:47,10.0,15.0,2024-11-29T03:00:47,12.5,,,NOISE,2024-11-29T03:00:47,12.5,,,NOISE,2024-11-29T03:00:47,12.5,,,NOISE,2024-11-29T03:00:47,12.5,,,NOISE
2026-03-04T12:33:24.763807,Map-Energy__sum__linear-conv01133-20241129_060047-20241129_120047-10.000000-15.000000.png,2024-11-29T06:00:47,2024-11-29T12:00:47,10.0,15.0,2024-11-29T09:00:47,12.5,,,NOISE,2024-11-29T09:00:47,12.5,,,NOISE,2024-11-29T09:00:47,12.5,,,NOISE,2024-11-29T09:00:47,12.5,,,NOISE
2026-03-04T12:33:25.875799,Map-Energy__sum__linear-conv01143-20241129_120047-20241129_180047-10.000000-15.000000.png,2024-11-29T12:00:47,2024-11-29T18:00:47,10.0,15.0,2024-11-29T15:00:47,12.5,,,NOISE,2024-11-29T15:00:47,12.5,,,NOISE,2024-11-29T15:00:47,12.5,,,NOISE,2024-11-29T15:00:47,12.5,,,NOISE
2026-03-04T12:33:26.852093,Map-Energy__sum__linear-conv01153-20241129_180047-20241130_000047-10.000000-15.000000.png,2024-11-29T18:00:47,2024-11-30T00:00:47,10.0,15.0,2024-11-29T21:00:47,12.5,,,NOISE,2024-11-29T21:00:47,12.5,,,NOISE,2024-11-29T21:00:47,12.5,,,NOISE,2024-11-29T21:00:47,12.5,,,NOISE
2026-03-04T12:33:28.083958,Map-Energy__sum__linear-conv01163-20241130_000047-20241130_060047-10.000000-15.000000.png,2024-11-30T00:00:47,2024-11-30T06:00:47,10.0,15.0,2024-11-30T03:00:47,12.5,,,NOISE,2024-11-30T03:00:47,12.5,,,NOISE,2024-11-30T03:00:47,12.5,,,NOISE,2024-11-30T03:00:47,12.5,,,NOISE
2026-03-04T12:33:29.283747,Map-Energy__sum__linear-conv01173-20241130_060047-20241130_120047-10.000000-15.000000.png,2024-11-30T06:00:47,2024-11-30T12:00:47,10.0,15.0,2024-11-30T09:00:47,12.5,,,NOISE,2024-11-30T09:00:47,12.5,,,NOISE,2024-11-30T09:00:47,12.5,,,NOISE,2024-11-30T09:00:47,12.5,,,NOISE
2026-03-04T12:33:30.235718,Map-Energy__sum__linear-conv01183-20241130_120047-20241130_180047-10.000000-15.000000.png,2024-11-30T12:00:47,2024-11-30T18:00:47,10.0,15.0,2024-11-30T15:00:47,12.5,,,NOISE,2024-11-30T15:00:47,12.5,,,NOISE,2024-11-30T15:00:47,12.5,,,NOISE,2024-11-30T15:00:47,12.5,,,NOISE
2026-03-04T12:33:31.539811,Map-Energy__sum__linear-conv01193-20241130_180047-20241201_000047-10.000000-15.000000.png,2024-11-30T18:00:47,2024-12-01T00:00:47,10.0,15.0,2024-11-30T21:00:47,12.5,,,NOISE,2024-11-30T21:00:47,12.5,,,NOISE,2024-11-30T21:00:47,12.5,,,NOISE,2024-11-30T21:00:47,12.5,,,NOISE
2026-03-04T12:33:33.595667,Map-Energy__sum__linear-conv00004-20241101_000047-20241101_060047-15.000000-20.000000.png,2024-11-01T00:00:47,2024-11-01T06:00:47,15.0,20.0,2024-11-01T03:00:47,17.5,,,NOISE,2024-11-01T03:00:47,17.5,,,NOISE,2024-11-01T03:00:47,17.5,,,NOISE,2024-11-01T03:00:47,17.5,,,NOISE
2026-03-04T12:33:34.603723,Map-Energy__sum__linear-conv00014-20241101_060047-20241101_120047-15.000000-20.000000.png,2024-11-01T06:00:47,2024-11-01T12:00:47,15.0,20.0,2024-11-01T09:00:47,17.5,,,NOISE,2024-11-01T09:00:47,17.5,,,NOISE,2024-11-01T09:00:47,17.5,,,NOISE,2024-11-01T09:00:47,17.5,,,NOISE
2026-03-04T12:33:35.819724,Map-Energy__sum__linear-conv00024-20241101_120047-20241101_180047-15.000000-20.000000.png,2024-11-01T12:00:47,2024-11-01T18:00:47,15.0,20.0,2024-11-01T15:00:47,17.5,,,NOISE,2024-11-01T15:00:47,17.5,,,NOISE,2024-11-01T15:00:47,17.5,,,NOISE,2024-11-01T15:00:47,17.5,,,NOISE
2026-03-04T12:33:36.883698,Map-Energy__sum__linear-conv00034-20241101_180047-20241102_000047-15.000000-20.000000.png,2024-11-01T18:00:47,2024-11-02T00:00:47,15.0,20.0,2024-11-01T21:00:47,17.5,,,NOISE,2024-11-01T21:00:47,17.5,,,NOISE,2024-11-01T21:00:47,17.5,,,NOISE,2024-11-01T21:00:47,17.5,,,NOISE
2026-03-04T12:33:38.931803,Map-Energy__sum__linear-conv00044-20241102_000047-20241102_060047-15.000000-20.000000.png,2024-11-02T00:00:47,2024-11-02T06:00:47,15.0,20.0,2024-11-02T03:00:47,17.5,,,NOISE,2024-11-02T03:00:47,17.5,,,NOISE,2024-11-02T03:00:47,17.5,,,NOISE,2024-11-02T03:00:47,17.5,,,NOISE
2026-03-04T12:33:51.699757,Map-Energy__sum__linear-conv00054-20241102_060047-20241102_120047-15.000000-20.000000.png,2024-11-02T06:00:47,2024-11-02T12:00:47,15.0,20.0,2024-11-02T09:00:47,17.5,,,NOISE,2024-11-02T09:00:47,17.5,,,NOISE,2024-11-02T09:00:47,17.5,,,NOISE,2024-11-02T09:00:47,17.5,,,NOISE
2026-03-04T12:33:52.635610,Map-Energy__sum__linear-conv00064-20241102_120047-20241102_180047-15.000000-20.000000.png,2024-11-02T12:00:47,2024-11-02T18:00:47,15.0,20.0,2024-11-02T15:00:47,17.5,,,NOISE,2024-11-02T15:00:47,17.5,,,NOISE,2024-11-02T15:00:47,17.5,,,NOISE,2024-11-02T15:00:47,17.5,,,NOISE
2026-03-04T12:34:01.939577,Map-Energy__sum__linear-conv00074-20241102_180047-20241103_000047-15.000000-20.000000.png,2024-11-02T18:00:47,2024-11-03T00:00:47,15.0,20.0,2024-11-02T21:08:24,16.784058,,,OTHER,2024-11-02T21:00:47,17.5,,,NOISE,2024-11-02T21:00:47,17.5,,,NOISE,2024-11-02T21:00:47,17.5,,,NOISE
2026-03-04T12:34:16.395664,Map-Energy__sum__linear-conv00084-20241103_000047-20241103_060047-15.000000-20.000000.png,2024-11-03T00:00:47,2024-11-03T06:00:47,15.0,20.0,2024-11-03T01:01:36,16.79184,,,OTHER,2024-11-03T03:04:35,16.877442,,,OTHER,2024-11-03T03:00:47,17.5,,,NOISE,2024-11-03T03:00:47,17.5,,,NOISE
2026-03-04T12:34:21.123883,Map-Energy__sum__linear-conv00094-20241103_060047-20241103_120047-15.000000-20.000000.png,2024-11-03T06:00:47,2024-11-03T12:00:47,15.0,20.0,2024-11-03T09:00:47,17.5,,,NOISE,2024-11-03T09:00:47,17.5,,,NOISE,2024-11-03T09:00:47,17.5,,,NOISE,2024-11-03T09:00:47,17.5,,,NOISE
2026-03-04T12:34:24.619725,Map-Energy__sum__linear-conv00104-20241103_120047-20241103_180047-15.000000-20.000000.png,2024-11-03T12:00:47,2024-11-03T18:00:47,15.0,20.0,2024-11-03T15:00:47,17.5,,,NOISE,2024-11-03T15:00:47,17.5,,,NOISE,2024-11-03T15:00:47,17.5,,,NOISE,2024-11-03T15:00:47,17.5,,,NOISE
2026-03-04T12:34:26.955771,Map-Energy__sum__linear-conv00114-20241103_180047-20241104_000047-15.000000-20.000000.png,2024-11-03T18:00:47,2024-11-04T00:00:47,15.0,20.0,2024-11-03T21:00:47,17.5,,,NOISE,2024-11-03T21:00:47,17.5,,,NOISE,2024-11-03T21:00:47,17.5,,,NOISE,2024-11-03T21:00:47,17.5,,,NOISE
2026-03-04T12:34:29.315814,Map-Energy__sum__linear-conv00124-20241104_000047-20241104_060047-15.000000-20.000000.png,2024-11-04T00:00:47,2024-11-04T06:00:47,15.0,20.0,2024-11-04T03:00:47,17.5,,,NOISE,2024-11-04T03:00:47,17.5,,,NOISE,2024-11-04T03:00:47,17.5,,,NOISE,2024-11-04T03:00:47,17.5,,,NOISE
2026-03-04T12:34:33.051704,Map-Energy__sum__linear-conv00134-20241104_060047-20241104_120047-15.000000-20.000000.png,2024-11-04T06:00:47,2024-11-04T12:00:47,15.0,20.0,2024-11-04T09:00:47,17.5,,,NOISE,2024-11-04T09:00:47,17.5,,,NOISE,2024-11-04T09:00:47,17.5,,,NOISE,2024-11-04T09:00:47,17.5,,,NOISE
2026-03-04T12:34:34.259814,Map-Energy__sum__linear-conv00144-20241104_120047-20241104_180047-15.000000-20.000000.png,2024-11-04T12:00:47,2024-11-04T18:00:47,15.0,20.0,2024-11-04T15:00:47,17.5,,,NOISE,2024-11-04T15:00:47,17.5,,,NOISE,2024-11-04T15:00:47,17.5,,,NOISE,2024-11-04T15:00:47,17.5,,,NOISE
2026-03-04T12:34:35.835610,Map-Energy__sum__linear-conv00154-20241104_180047-20241105_000047-15.000000-20.000000.png,2024-11-04T18:00:47,2024-11-05T00:00:47,15.0,20.0,2024-11-04T21:00:47,17.5,,,NOISE,2024-11-04T21:00:47,17.5,,,NOISE,2024-11-04T21:00:47,17.5,,,NOISE,2024-11-04T21:00:47,17.5,,,NOISE
2026-03-04T12:34:37.043646,Map-Energy__sum__linear-conv00164-20241105_000047-20241105_060047-15.000000-20.000000.png,2024-11-05T00:00:47,2024-11-05T06:00:47,15.0,20.0,2024-11-05T03:00:47,17.5,,,NOISE,2024-11-05T03:00:47,17.5,,,NOISE,2024-11-05T03:00:47,17.5,,,NOISE,2024-11-05T03:00:47,17.5,,,NOISE
2026-03-04T12:34:38.355728,Map-Energy__sum__linear-conv00174-20241105_060047-20241105_120047-15.000000-20.000000.png,2024-11-05T06:00:47,2024-11-05T12:00:47,15.0,20.0,2024-11-05T09:00:47,17.5,,,NOISE,2024-11-05T09:00:47,17.5,,,NOISE,2024-11-05T09:00:47,17.5,,,NOISE,2024-11-05T09:00:47,17.5,,,NOISE
2026-03-04T12:34:40.235597,Map-Energy__sum__linear-conv00184-20241105_120047-20241105_180047-15.000000-20.000000.png,2024-11-05T12:00:47,2024-11-05T18:00:47,15.0,20.0,2024-11-05T15:00:47,17.5,,,NOISE,2024-11-05T15:00:47,17.5,,,NOISE,2024-11-05T15:00:47,17.5,,,NOISE,2024-11-05T15:00:47,17.5,,,NOISE
2026-03-04T12:34:48.667705,Map-Energy__sum__linear-conv00194-20241105_180047-20241106_000047-15.000000-20.000000.png,2024-11-05T18:00:47,2024-11-06T00:00:47,15.0,20.0,2024-11-05T21:00:47,17.5,,,NOISE,2024-11-05T21:00:47,17.5,,,NOISE,2024-11-05T21:00:47,17.5,,,NOISE,2024-11-05T21:00:47,17.5,,,NOISE
2026-03-04T12:35:06.571643,Map-Energy__sum__linear-conv00204-20241106_000047-20241106_060047-15.000000-20.000000.png,2024-11-06T00:00:47,2024-11-06T06:00:47,15.0,20.0,2024-11-06T01:59:07,19.165344,,,OTHER,2024-11-06T03:48:27,19.320983,,,OTHER,2024-11-06T03:39:33,17.53891,,,OTHER,2024-11-06T03:00:47,17.5,,,NOISE
2026-03-04T12:35:25.187538,Map-Energy__sum__linear-conv00214-20241106_060047-20241106_120047-15.000000-20.000000.png,2024-11-06T06:00:47,2024-11-06T12:00:47,15.0,20.0,2024-11-06T09:00:47,17.5,,,NOISE,2024-11-06T09:00:47,17.5,,,NOISE,2024-11-06T09:00:47,17.5,,,NOISE,2024-11-06T09:00:47,17.5,,,NOISE
2026-03-04T12:35:45.411768,Map-Energy__sum__linear-conv00224-20241106_120047-20241106_180047-15.000000-20.000000.png,2024-11-06T12:00:47,2024-11-06T18:00:47,15.0,20.0,2024-11-06T13:39:25,19.912414,,,OTHER,2024-11-06T15:46:51,15.476685,,,OTHER,2024-11-06T15:00:47,17.5,,,NOISE,2024-11-06T15:00:47,17.5,,,NOISE
2026-03-04T12:35:52.243550,Map-Energy__sum__linear-conv00234-20241106_180047-20241107_000047-15.000000-20.000000.png,2024-11-06T18:00:47,2024-11-07T00:00:47,15.0,20.0,2024-11-06T21:00:47,17.5,,,NOISE,2024-11-06T21:00:47,17.5,,,NOISE,2024-11-06T21:00:47,17.5,,,NOISE,2024-11-06T21:00:47,17.5,,,NOISE
2026-03-04T12:36:17.731596,Map-Energy__sum__linear-conv00244-20241107_000047-20241107_060047-15.000000-20.000000.png,2024-11-07T00:00:47,2024-11-07T06:00:47,15.0,20.0,2024-11-07T02:01:40,16.542816,,,VESSEL,2024-11-07T00:40:19,16.472779,,,OTHER,2024-11-07T01:33:23,16.698456,,,VESSEL,2024-11-07T03:00:47,17.5,,,NOISE
2026-03-04T12:36:33.851510,Map-Energy__sum__linear-conv00254-20241107_060047-20241107_120047-15.000000-20.000000.png,2024-11-07T06:00:47,2024-11-07T12:00:47,15.0,20.0,2024-11-07T07:36:53,16.838532,,,OTHER,2024-11-07T10:05:55,16.900788,,,OTHER,2024-11-07T09:00:47,17.5,,,NOISE,2024-11-07T09:00:47,17.5,,,NOISE
2026-03-04T12:36:38.467495,Map-Energy__sum__linear-conv00264-20241107_120047-20241107_180047-15.000000-20.000000.png,2024-11-07T12:00:47,2024-11-07T18:00:47,15.0,20.0,2024-11-07T15:00:47,17.5,,,NOISE,2024-11-07T15:00:47,17.5,,,NOISE,2024-11-07T15:00:47,17.5,,,NOISE,2024-11-07T15:00:47,17.5,,,NOISE
2026-03-04T12:36:41.627517,Map-Energy__sum__linear-conv00274-20241107_180047-20241108_000047-15.000000-20.000000.png,2024-11-07T18:00:47,2024-11-08T00:00:47,15.0,20.0,2024-11-07T21:00:47,17.5,,,NOISE,2024-11-07T21:00:47,17.5,,,NOISE,2024-11-07T21:00:47,17.5,,,NOISE,2024-11-07T21:00:47,17.5,,,NOISE
2026-03-04T12:36:49.867486,Map-Energy__sum__linear-conv00284-20241108_000047-20241108_060047-15.000000-20.000000.png,2024-11-08T00:00:47,2024-11-08T06:00:47,15.0,20.0,2024-11-08T03:00:47,17.5,,,NOISE,2024-11-08T03:00:47,17.5,,,NOISE,2024-11-08T03:00:47,17.5,,,NOISE,2024-11-08T03:00:47,17.5,,,NOISE
2026-03-04T12:36:57.547498,Map-Energy__sum__linear-conv00294-20241108_060047-20241108_120047-15.000000-20.000000.png,2024-11-08T06:00:47,2024-11-08T12:00:47,15.0,20.0,2024-11-08T10:23:05,19.920196,,,OTHER,2024-11-08T09:00:47,17.5,,,NOISE,2024-11-08T09:00:47,17.5,,,NOISE,2024-11-08T09:00:47,17.5,,,NOISE
2026-03-04T12:37:08.339777,Map-Energy__sum__linear-conv00304-20241108_120047-20241108_180047-15.000000-20.000000.png,2024-11-08T12:00:47,2024-11-08T18:00:47,15.0,20.0,2024-11-08T14:35:02,19.694518,,,OTHER,2024-11-08T15:00:47,17.5,,,NOISE,2024-11-08T15:00:47,17.5,,,NOISE,2024-11-08T15:00:47,17.5,,,NOISE
2026-03-04T12:37:13.275422,Map-Energy__sum__linear-conv00314-20241108_180047-20241109_000047-15.000000-20.000000.png,2024-11-08T18:00:47,2024-11-09T00:00:47,15.0,20.0,2024-11-08T21:00:47,17.5,,,NOISE,2024-11-08T21:00:47,17.5,,,NOISE,2024-11-08T21:00:47,17.5,,,NOISE,2024-11-08T21:00:47,17.5,,,NOISE
2026-03-04T12:37:38.435140,Map-Energy__sum__linear-conv00324-20241109_000047-20241109_060047-15.000000-20.000000.png,2024-11-09T00:00:47,2024-11-09T06:00:47,15.0,20.0,2024-11-09T02:32:49,18.052521,,,VESSEL,2024-11-09T02:00:05,18.052521,,,OTHER,2024-11-09T03:00:47,17.5,,,NOISE,2024-11-09T03:00:47,17.5,,,NOISE
2026-03-04T12:37:44.083356,Map-Energy__sum__linear-conv00334-20241109_060047-20241109_120047-15.000000-20.000000.png,2024-11-09T06:00:47,2024-11-09T12:00:47,15.0,20.0,2024-11-09T09:00:47,17.5,,,NOISE,2024-11-09T09:00:47,17.5,,,NOISE,2024-11-09T09:00:47,17.5,,,NOISE,2024-11-09T09:00:47,17.5,,,NOISE
2026-03-04T12:37:47.627481,Map-Energy__sum__linear-conv00344-20241109_120047-20241109_180047-15.000000-20.000000.png,2024-11-09T12:00:47,2024-11-09T18:00:47,15.0,20.0,2024-11-09T15:00:47,17.5,,,NOISE,2024-11-09T15:00:47,17.5,,,NOISE,2024-11-09T15:00:47,17.5,,,NOISE,2024-11-09T15:00:47,17.5,,,NOISE
2026-03-04T12:37:53.195338,Map-Energy__sum__linear-conv00354-20241109_180047-20241110_000047-15.000000-20.000000.png,2024-11-09T18:00:47,2024-11-10T00:00:47,15.0,20.0,2024-11-09T21:00:47,17.5,,,NOISE,2024-11-09T21:00:47,17.5,,,NOISE,2024-11-09T21:00:47,17.5,,,NOISE,2024-11-09T21:00:47,17.5,,,NOISE
2026-03-04T12:37:56.899425,Map-Energy__sum__linear-conv00364-20241110_000047-20241110_060047-15.000000-20.000000.png,2024-11-10T00:00:47,2024-11-10T06:00:47,15.0,20.0,2024-11-10T03:00:47,17.5,,,NOISE,2024-11-10T03:00:47,17.5,,,NOISE,2024-11-10T03:00:47,17.5,,,NOISE,2024-11-10T03:00:47,17.5,,,NOISE
2026-03-04T12:38:00.675278,Map-Energy__sum__linear-conv00374-20241110_060047-20241110_120047-15.000000-20.000000.png,2024-11-10T06:00:47,2024-11-10T12:00:47,15.0,20.0,2024-11-10T09:00:47,17.5,,,NOISE,2024-11-10T09:00:47,17.5,,,NOISE,2024-11-10T09:00:47,17.5,,,NOISE,2024-11-10T09:00:47,17.5,,,NOISE
2026-03-04T12:38:04.923385,Map-Energy__sum__linear-conv00384-20241110_120047-20241110_180047-15.000000-20.000000.png,2024-11-10T12:00:47,2024-11-10T18:00:47,15.0,20.0,2024-11-10T15:00:47,17.5,,,NOISE,2024-11-10T15:00:47,17.5,,,NOISE,2024-11-10T15:00:47,17.5,,,NOISE,2024-11-10T15:00:47,17.5,,,NOISE
2026-03-04T12:38:09.115477,Map-Energy__sum__linear-conv00394-20241110_180047-20241111_000047-15.000000-20.000000.png,2024-11-10T18:00:47,2024-11-11T00:00:47,15.0,20.0,2024-11-10T21:00:47,17.5,,,NOISE,2024-11-10T21:00:47,17.5,,,NOISE,2024-11-10T21:00:47,17.5,,,NOISE,2024-11-10T21:00:47,17.5,,,NOISE
2026-03-04T12:38:13.067674,Map-Energy__sum__linear-conv00404-20241111_000047-20241111_060047-15.000000-20.000000.png,2024-11-11T00:00:47,2024-11-11T06:00:47,15.0,20.0,2024-11-11T03:00:47,17.5,,,NOISE,2024-11-11T03:00:47,17.5,,,NOISE,2024-11-11T03:00:47,17.5,,,NOISE,2024-11-11T03:00:47,17.5,,,NOISE
2026-03-04T12:38:17.051603,Map-Energy__sum__linear-conv00414-20241111_060047-20241111_120047-15.000000-20.000000.png,2024-11-11T06:00:47,2024-11-11T12:00:47,15.0,20.0,2024-11-11T09:00:47,17.5,,,NOISE,2024-11-11T09:00:47,17.5,,,NOISE,2024-11-11T09:00:47,17.5,,,NOISE,2024-11-11T09:00:47,17.5,,,NOISE
2026-03-04T12:38:26.371187,Map-Energy__sum__linear-conv00424-20241111_120047-20241111_180047-15.000000-20.000000.png,2024-11-11T12:00:47,2024-11-11T18:00:47,15.0,20.0,2024-11-11T15:31:17,17.492218,,,OTHER,2024-11-11T15:00:47,17.5,,,NOISE,2024-11-11T15:00:47,17.5,,,NOISE,2024-11-11T15:00:47,17.5,,,NOISE
2026-03-04T12:38:29.619230,Map-Energy__sum__linear-conv00434-20241111_180047-20241112_000047-15.000000-20.000000.png,2024-11-11T18:00:47,2024-11-12T00:00:47,15.0,20.0,2024-11-11T21:00:47,17.5,,,NOISE,2024-11-11T21:00:47,17.5,,,NOISE,2024-11-11T21:00:47,17.5,,,NOISE,2024-11-11T21:00:47,17.5,,,NOISE
2026-03-04T12:38:31.843303,Map-Energy__sum__linear-conv00444-20241112_000047-20241112_060047-15.000000-20.000000.png,2024-11-12T00:00:47,2024-11-12T06:00:47,15.0,20.0,2024-11-12T03:00:47,17.5,,,NOISE,2024-11-12T03:00:47,17.5,,,NOISE,2024-11-12T03:00:47,17.5,,,NOISE,2024-11-12T03:00:47,17.5,,,NOISE
2026-03-04T12:38:33.739165,Map-Energy__sum__linear-conv00454-20241112_060047-20241112_120047-15.000000-20.000000.png,2024-11-12T06:00:47,2024-11-12T12:00:47,15.0,20.0,2024-11-12T09:00:47,17.5,,,NOISE,2024-11-12T09:00:47,17.5,,,NOISE,2024-11-12T09:00:47,17.5,,,NOISE,2024-11-12T09:00:47,17.5,,,NOISE
2026-03-04T12:38:34.947906,Map-Energy__sum__linear-conv00464-20241112_120047-20241112_180047-15.000000-20.000000.png,2024-11-12T12:00:47,2024-11-12T18:00:47,15.0,20.0,2024-11-12T15:00:47,17.5,,,NOISE,2024-11-12T15:00:47,17.5,,,NOISE,2024-11-12T15:00:47,17.5,,,NOISE,2024-11-12T15:00:47,17.5,,,NOISE
2026-03-04T12:38:36.515297,Map-Energy__sum__linear-conv00474-20241112_180047-20241113_000047-15.000000-20.000000.png,2024-11-12T18:00:47,2024-11-13T00:00:47,15.0,20.0,2024-11-12T21:00:47,17.5,,,NOISE,2024-11-12T21:00:47,17.5,,,NOISE,2024-11-12T21:00:47,17.5,,,NOISE,2024-11-12T21:00:47,17.5,,,NOISE
2026-03-04T12:38:39.291229,Map-Energy__sum__linear-conv00484-20241113_000047-20241113_060047-15.000000-20.000000.png,2024-11-13T00:00:47,2024-11-13T06:00:47,15.0,20.0,2024-11-13T03:00:47,17.5,,,NOISE,2024-11-13T03:00:47,17.5,,,NOISE,2024-11-13T03:00:47,17.5,,,NOISE,2024-11-13T03:00:47,17.5,,,NOISE
2026-03-04T12:38:41.523424,Map-Energy__sum__linear-conv00494-20241113_060047-20241113_120047-15.000000-20.000000.png,2024-11-13T06:00:47,2024-11-13T12:00:47,15.0,20.0,2024-11-13T09:00:47,17.5,,,NOISE,2024-11-13T09:00:47,17.5,,,NOISE,2024-11-13T09:00:47,17.5,,,NOISE,2024-11-13T09:00:47,17.5,,,NOISE
2026-03-04T12:38:42.779243,Map-Energy__sum__linear-conv00504-20241113_120047-20241113_180047-15.000000-20.000000.png,2024-11-13T12:00:47,2024-11-13T18:00:47,15.0,20.0,2024-11-13T15:00:47,17.5,,,NOISE,2024-11-13T15:00:47,17.5,,,NOISE,2024-11-13T15:00:47,17.5,,,NOISE,2024-11-13T15:00:47,17.5,,,NOISE
2026-03-04T12:38:43.907226,Map-Energy__sum__linear-conv00514-20241113_180047-20241114_000047-15.000000-20.000000.png,2024-11-13T18:00:47,2024-11-14T00:00:47,15.0,20.0,2024-11-13T21:00:47,17.5,,,NOISE,2024-11-13T21:00:47,17.5,,,NOISE,2024-11-13T21:00:47,17.5,,,NOISE,2024-11-13T21:00:47,17.5,,,NOISE
2026-03-04T12:38:45.323308,Map-Energy__sum__linear-conv00524-20241114_000047-20241114_060047-15.000000-20.000000.png,2024-11-14T00:00:47,2024-11-14T06:00:47,15.0,20.0,2024-11-14T03:00:47,17.5,,,NOISE,2024-11-14T03:00:47,17.5,,,NOISE,2024-11-14T03:00:47,17.5,,,NOISE,2024-11-14T03:00:47,17.5,,,NOISE
2026-03-04T12:38:46.835343,Map-Energy__sum__linear-conv00534-20241114_060047-20241114_120047-15.000000-20.000000.png,2024-11-14T06:00:47,2024-11-14T12:00:47,15.0,20.0,2024-11-14T09:00:47,17.5,,,NOISE,2024-11-14T09:00:47,17.5,,,NOISE,2024-11-14T09:00:47,17.5,,,NOISE,2024-11-14T09:00:47,17.5,,,NOISE
2026-03-04T12:38:48.339328,Map-Energy__sum__linear-conv00544-20241114_120047-20241114_180047-15.000000-20.000000.png,2024-11-14T12:00:47,2024-11-14T18:00:47,15.0,20.0,2024-11-14T15:00:47,17.5,,,NOISE,2024-11-14T15:00:47,17.5,,,NOISE,2024-11-14T15:00:47,17.5,,,NOISE,2024-11-14T15:00:47,17.5,,,NOISE
2026-03-04T12:38:49.451226,Map-Energy__sum__linear-conv00554-20241114_180047-20241115_000047-15.000000-20.000000.png,2024-11-14T18:00:47,2024-11-15T00:00:47,15.0,20.0,2024-11-14T21:00:47,17.5,,,NOISE,2024-11-14T21:00:47,17.5,,,NOISE,2024-11-14T21:00:47,17.5,,,NOISE,2024-11-14T21:00:47,17.5,,,NOISE
2026-03-04T12:38:50.571504,Map-Energy__sum__linear-conv00564-20241115_000047-20241115_060047-15.000000-20.000000.png,2024-11-15T00:00:47,2024-11-15T06:00:47,15.0,20.0,2024-11-15T03:00:47,17.5,,,NOISE,2024-11-15T03:00:47,17.5,,,NOISE,2024-11-15T03:00:47,17.5,,,NOISE,2024-11-15T03:00:47,17.5,,,NOISE
2026-03-04T12:38:51.667266,Map-Energy__sum__linear-conv00574-20241115_060047-20241115_120047-15.000000-20.000000.png,2024-11-15T06:00:47,2024-11-15T12:00:47,15.0,20.0,2024-11-15T09:00:47,17.5,,,NOISE,2024-11-15T09:00:47,17.5,,,NOISE,2024-11-15T09:00:47,17.5,,,NOISE,2024-11-15T09:00:47,17.5,,,NOISE
2026-03-04T12:38:52.763295,Map-Energy__sum__linear-conv00584-20241115_120047-20241115_180047-15.000000-20.000000.png,2024-11-15T12:00:47,2024-11-15T18:00:47,15.0,20.0,2024-11-15T15:00:47,17.5,,,NOISE,2024-11-15T15:00:47,17.5,,,NOISE,2024-11-15T15:00:47,17.5,,,NOISE,2024-11-15T15:00:47,17.5,,,NOISE
2026-03-04T12:38:53.859120,Map-Energy__sum__linear-conv00594-20241115_180047-20241116_000047-15.000000-20.000000.png,2024-11-15T18:00:47,2024-11-16T00:00:47,15.0,20.0,2024-11-15T21:00:47,17.5,,,NOISE,2024-11-15T21:00:47,17.5,,,NOISE,2024-11-15T21:00:47,17.5,,,NOISE,2024-11-15T21:00:47,17.5,,,NOISE
2026-03-04T12:38:54.971642,Map-Energy__sum__linear-conv00604-20241116_000047-20241116_060047-15.000000-20.000000.png,2024-11-16T00:00:47,2024-11-16T06:00:47,15.0,20.0,2024-11-16T03:00:47,17.5,,,NOISE,2024-11-16T03:00:47,17.5,,,NOISE,2024-11-16T03:00:47,17.5,,,NOISE,2024-11-16T03:00:47,17.5,,,NOISE
2026-03-04T12:38:57.827367,Map-Energy__sum__linear-conv00614-20241116_060047-20241116_120047-15.000000-20.000000.png,2024-11-16T06:00:47,2024-11-16T12:00:47,15.0,20.0,2024-11-16T09:00:47,17.5,,,NOISE,2024-11-16T09:00:47,17.5,,,NOISE,2024-11-16T09:00:47,17.5,,,NOISE,2024-11-16T09:00:47,17.5,,,NOISE
2026-03-04T12:39:00.491211,Map-Energy__sum__linear-conv00624-20241116_120047-20241116_180047-15.000000-20.000000.png,2024-11-16T12:00:47,2024-11-16T18:00:47,15.0,20.0,2024-11-16T15:00:47,17.5,,,NOISE,2024-11-16T15:00:47,17.5,,,NOISE,2024-11-16T15:00:47,17.5,,,NOISE,2024-11-16T15:00:47,17.5,,,NOISE
2026-03-04T12:39:01.787354,Map-Energy__sum__linear-conv00634-20241116_180047-20241117_000047-15.000000-20.000000.png,2024-11-16T18:00:47,2024-11-17T00:00:47,15.0,20.0,2024-11-16T21:00:47,17.5,,,NOISE,2024-11-16T21:00:47,17.5,,,NOISE,2024-11-16T21:00:47,17.5,,,NOISE,2024-11-16T21:00:47,17.5,,,NOISE
2026-03-04T12:39:02.867360,Map-Energy__sum__linear-conv00644-20241117_000047-20241117_060047-15.000000-20.000000.png,2024-11-17T00:00:47,2024-11-17T06:00:47,15.0,20.0,2024-11-17T03:00:47,17.5,,,NOISE,2024-11-17T03:00:47,17.5,,,NOISE,2024-11-17T03:00:47,17.5,,,NOISE,2024-11-17T03:00:47,17.5,,,NOISE
2026-03-04T12:39:03.891133,Map-Energy__sum__linear-conv00654-20241117_060047-20241117_120047-15.000000-20.000000.png,2024-11-17T06:00:47,2024-11-17T12:00:47,15.0,20.0,2024-11-17T09:00:47,17.5,,,NOISE,2024-11-17T09:00:47,17.5,,,NOISE,2024-11-17T09:00:47,17.5,,,NOISE,2024-11-17T09:00:47,17.5,,,NOISE
2026-03-04T12:39:04.947339,Map-Energy__sum__linear-conv00664-20241117_120047-20241117_180047-15.000000-20.000000.png,2024-11-17T12:00:47,2024-11-17T18:00:47,15.0,20.0,2024-11-17T15:00:47,17.5,,,NOISE,2024-11-17T15:00:47,17.5,,,NOISE,2024-11-17T15:00:47,17.5,,,NOISE,2024-11-17T15:00:47,17.5,,,NOISE
2026-03-04T12:39:06.147195,Map-Energy__sum__linear-conv00674-20241117_180047-20241118_000047-15.000000-20.000000.png,2024-11-17T18:00:47,2024-11-18T00:00:47,15.0,20.0,2024-11-17T21:00:47,17.5,,,NOISE,2024-11-17T21:00:47,17.5,,,NOISE,2024-11-17T21:00:47,17.5,,,NOISE,2024-11-17T21:00:47,17.5,,,NOISE
2026-03-04T12:39:07.251524,Map-Energy__sum__linear-conv00684-20241118_000047-20241118_060047-15.000000-20.000000.png,2024-11-18T00:00:47,2024-11-18T06:00:47,15.0,20.0,2024-11-18T03:00:47,17.5,,,NOISE,2024-11-18T03:00:47,17.5,,,NOISE,2024-11-18T03:00:47,17.5,,,NOISE,2024-11-18T03:00:47,17.5,,,NOISE
2026-03-04T12:39:08.491269,Map-Energy__sum__linear-conv00694-20241118_060047-20241118_120047-15.000000-20.000000.png,2024-11-18T06:00:47,2024-11-18T12:00:47,15.0,20.0,2024-11-18T09:00:47,17.5,,,NOISE,2024-11-18T09:00:47,17.5,,,NOISE,2024-11-18T09:00:47,17.5,,,NOISE,2024-11-18T09:00:47,17.5,,,NOISE
2026-03-04T12:39:10.555272,Map-Energy__sum__linear-conv00704-20241118_120047-20241118_180047-15.000000-20.000000.png,2024-11-18T12:00:47,2024-11-18T18:00:47,15.0,20.0,2024-11-18T15:00:47,17.5,,,NOISE,2024-11-18T15:00:47,17.5,,,NOISE,2024-11-18T15:00:47,17.5,,,NOISE,2024-11-18T15:00:47,17.5,,,NOISE
2026-03-04T12:39:11.675344,Map-Energy__sum__linear-conv00714-20241118_180047-20241119_000047-15.000000-20.000000.png,2024-11-18T18:00:47,2024-11-19T00:00:47,15.0,20.0,2024-11-18T21:00:47,17.5,,,NOISE,2024-11-18T21:00:47,17.5,,,NOISE,2024-11-18T21:00:47,17.5,,,NOISE,2024-11-18T21:00:47,17.5,,,NOISE
2026-03-04T12:39:14.651338,Map-Energy__sum__linear-conv00724-20241119_000047-20241119_060047-15.000000-20.000000.png,2024-11-19T00:00:47,2024-11-19T06:00:47,15.0,20.0,2024-11-19T03:00:47,17.5,,,NOISE,2024-11-19T03:00:47,17.5,,,NOISE,2024-11-19T03:00:47,17.5,,,NOISE,2024-11-19T03:00:47,17.5,,,NOISE
2026-03-04T12:39:16.187141,Map-Energy__sum__linear-conv00734-20241119_060047-20241119_120047-15.000000-20.000000.png,2024-11-19T06:00:47,2024-11-19T12:00:47,15.0,20.0,2024-11-19T09:00:47,17.5,,,NOISE,2024-11-19T09:00:47,17.5,,,NOISE,2024-11-19T09:00:47,17.5,,,NOISE,2024-11-19T09:00:47,17.5,,,NOISE
2026-03-04T12:39:20.459336,Map-Energy__sum__linear-conv00744-20241119_120047-20241119_180047-15.000000-20.000000.png,2024-11-19T12:00:47,2024-11-19T18:00:47,15.0,20.0,2024-11-19T15:00:47,17.5,,,NOISE,2024-11-19T15:00:47,17.5,,,NOISE,2024-11-19T15:00:47,17.5,,,NOISE,2024-11-19T15:00:47,17.5,,,NOISE
2026-03-04T12:39:22.027259,Map-Energy__sum__linear-conv00754-20241119_180047-20241120_000047-15.000000-20.000000.png,2024-11-19T18:00:47,2024-11-20T00:00:47,15.0,20.0,2024-11-19T21:00:47,17.5,,,NOISE,2024-11-19T21:00:47,17.5,,,NOISE,2024-11-19T21:00:47,17.5,,,NOISE,2024-11-19T21:00:47,17.5,,,NOISE
2026-03-04T12:39:30.259281,Map-Energy__sum__linear-conv00764-20241120_000047-20241120_060047-15.000000-20.000000.png,2024-11-20T00:00:47,2024-11-20T06:00:47,15.0,20.0,2024-11-20T03:58:56,16.86966,,,OTHER,2024-11-20T03:00:47,17.5,,,NOISE,2024-11-20T03:00:47,17.5,,,NOISE,2024-11-20T03:00:47,17.5,,,NOISE
2026-03-04T12:39:32.395345,Map-Energy__sum__linear-conv00774-20241120_060047-20241120_120047-15.000000-20.000000.png,2024-11-20T06:00:47,2024-11-20T12:00:47,15.0,20.0,2024-11-20T09:00:47,17.5,,,NOISE,2024-11-20T09:00:47,17.5,,,NOISE,2024-11-20T09:00:47,17.5,,,NOISE,2024-11-20T09:00:47,17.5,,,NOISE
2026-03-04T12:39:34.779110,Map-Energy__sum__linear-conv00784-20241120_120047-20241120_180047-15.000000-20.000000.png,2024-11-20T12:00:47,2024-11-20T18:00:47,15.0,20.0,2024-11-20T15:00:47,17.5,,,NOISE,2024-11-20T15:00:47,17.5,,,NOISE,2024-11-20T15:00:47,17.5,,,NOISE,2024-11-20T15:00:47,17.5,,,NOISE
2026-03-04T12:39:38.667160,Map-Energy__sum__linear-conv00794-20241120_180047-20241121_000047-15.000000-20.000000.png,2024-11-20T18:00:47,2024-11-21T00:00:47,15.0,20.0,2024-11-20T21:00:47,17.5,,,NOISE,2024-11-20T21:00:47,17.5,,,NOISE,2024-11-20T21:00:47,17.5,,,NOISE,2024-11-20T21:00:47,17.5,,,NOISE
2026-03-04T12:39:39.835217,Map-Energy__sum__linear-conv00804-20241121_000047-20241121_060047-15.000000-20.000000.png,2024-11-21T00:00:47,2024-11-21T06:00:47,15.0,20.0,2024-11-21T03:00:47,17.5,,,NOISE,2024-11-21T03:00:47,17.5,,,NOISE,2024-11-21T03:00:47,17.5,,,NOISE,2024-11-21T03:00:47,17.5,,,NOISE
2026-03-04T12:39:42.963539,Map-Energy__sum__linear-conv00814-20241121_060047-20241121_120047-15.000000-20.000000.png,2024-11-21T06:00:47,2024-11-21T12:00:47,15.0,20.0,2024-11-21T09:00:47,17.5,,,NOISE,2024-11-21T09:00:47,17.5,,,NOISE,2024-11-21T09:00:47,17.5,,,NOISE,2024-11-21T09:00:47,17.5,,,NOISE
2026-03-04T12:39:44.339193,Map-Energy__sum__linear-conv00824-20241121_120047-20241121_180047-15.000000-20.000000.png,2024-11-21T12:00:47,2024-11-21T18:00:47,15.0,20.0,2024-11-21T15:00:47,17.5,,,NOISE,2024-11-21T15:00:47,17.5,,,NOISE,2024-11-21T15:00:47,17.5,,,NOISE,2024-11-21T15:00:47,17.5,,,NOISE
2026-03-04T12:39:46.307212,Map-Energy__sum__linear-conv00834-20241121_180047-20241122_000047-15.000000-20.000000.png,2024-11-21T18:00:47,2024-11-22T00:00:47,15.0,20.0,2024-11-21T21:00:47,17.5,,,NOISE,2024-11-21T21:00:47,17.5,,,NOISE,2024-11-21T21:00:47,17.5,,,NOISE,2024-11-21T21:00:47,17.5,,,NOISE
2026-03-04T12:39:47.467249,Map-Energy__sum__linear-conv00844-20241122_000047-20241122_060047-15.000000-20.000000.png,2024-11-22T00:00:47,2024-11-22T06:00:47,15.0,20.0,2024-11-22T03:00:47,17.5,,,NOISE,2024-11-22T03:00:47,17.5,,,NOISE,2024-11-22T03:00:47,17.5,,,NOISE,2024-11-22T03:00:47,17.5,,,NOISE
2026-03-04T12:39:49.395185,Map-Energy__sum__linear-conv00854-20241122_060047-20241122_120047-15.000000-20.000000.png,2024-11-22T06:00:47,2024-11-22T12:00:47,15.0,20.0,2024-11-22T09:00:47,17.5,,,NOISE,2024-11-22T09:00:47,17.5,,,NOISE,2024-11-22T09:00:47,17.5,,,NOISE,2024-11-22T09:00:47,17.5,,,NOISE
2026-03-04T12:39:50.579108,Map-Energy__sum__linear-conv00864-20241122_120047-20241122_180047-15.000000-20.000000.png,2024-11-22T12:00:47,2024-11-22T18:00:47,15.0,20.0,2024-11-22T15:00:47,17.5,,,NOISE,2024-11-22T15:00:47,17.5,,,NOISE,2024-11-22T15:00:47,17.5,,,NOISE,2024-11-22T15:00:47,17.5,,,NOISE
2026-03-04T12:39:52.603177,Map-Energy__sum__linear-conv00874-20241122_180047-20241123_000047-15.000000-20.000000.png,2024-11-22T18:00:47,2024-11-23T00:00:47,15.0,20.0,2024-11-22T21:00:47,17.5,,,NOISE,2024-11-22T21:00:47,17.5,,,NOISE,2024-11-22T21:00:47,17.5,,,NOISE,2024-11-22T21:00:47,17.5,,,NOISE
2026-03-04T12:39:56.355244,Map-Energy__sum__linear-conv00884-20241123_000047-20241123_060047-15.000000-20.000000.png,2024-11-23T00:00:47,2024-11-23T06:00:47,15.0,20.0,2024-11-23T03:00:47,17.5,,,NOISE,2024-11-23T03:00:47,17.5,,,NOISE,2024-11-23T03:00:47,17.5,,,NOISE,2024-11-23T03:00:47,17.5,,,NOISE
2026-03-04T12:39:57.851130,Map-Energy__sum__linear-conv00894-20241123_060047-20241123_120047-15.000000-20.000000.png,2024-11-23T06:00:47,2024-11-23T12:00:47,15.0,20.0,2024-11-23T09:00:47,17.5,,,NOISE,2024-11-23T09:00:47,17.5,,,NOISE,2024-11-23T09:00:47,17.5,,,NOISE,2024-11-23T09:00:47,17.5,,,NOISE
2026-03-04T12:40:00.035323,Map-Energy__sum__linear-conv00904-20241123_120047-20241123_180047-15.000000-20.000000.png,2024-11-23T12:00:47,2024-11-23T18:00:47,15.0,20.0,2024-11-23T15:00:47,17.5,,,NOISE,2024-11-23T15:00:47,17.5,,,NOISE,2024-11-23T15:00:47,17.5,,,NOISE,2024-11-23T15:00:47,17.5,,,NOISE
2026-03-04T12:40:01.851139,Map-Energy__sum__linear-conv00914-20241123_180047-20241124_000047-15.000000-20.000000.png,2024-11-23T18:00:47,2024-11-24T00:00:47,15.0,20.0,2024-11-23T21:00:47,17.5,,,NOISE,2024-11-23T21:00:47,17.5,,,NOISE,2024-11-23T21:00:47,17.5,,,NOISE,2024-11-23T21:00:47,17.5,,,NOISE
2026-03-04T12:40:05.507178,Map-Energy__sum__linear-conv00924-20241124_000047-20241124_060047-15.000000-20.000000.png,2024-11-24T00:00:47,2024-11-24T06:00:47,15.0,20.0,2024-11-24T03:00:47,17.5,,,NOISE,2024-11-24T03:00:47,17.5,,,NOISE,2024-11-24T03:00:47,17.5,,,NOISE,2024-11-24T03:00:47,17.5,,,NOISE
2026-03-04T12:40:07.147089,Map-Energy__sum__linear-conv00934-20241124_060047-20241124_120047-15.000000-20.000000.png,2024-11-24T06:00:47,2024-11-24T12:00:47,15.0,20.0,2024-11-24T09:00:47,17.5,,,NOISE,2024-11-24T09:00:47,17.5,,,NOISE,2024-11-24T09:00:47,17.5,,,NOISE,2024-11-24T09:00:47,17.5,,,NOISE
2026-03-04T12:40:09.035332,Map-Energy__sum__linear-conv00944-20241124_120047-20241124_180047-15.000000-20.000000.png,2024-11-24T12:00:47,2024-11-24T18:00:47,15.0,20.0,2024-11-24T15:00:47,17.5,,,NOISE,2024-11-24T15:00:47,17.5,,,NOISE,2024-11-24T15:00:47,17.5,,,NOISE,2024-11-24T15:00:47,17.5,,,NOISE
2026-03-04T12:40:10.531073,Map-Energy__sum__linear-conv00954-20241124_180047-20241125_000047-15.000000-20.000000.png,2024-11-24T18:00:47,2024-11-25T00:00:47,15.0,20.0,2024-11-24T21:00:47,17.5,,,NOISE,2024-11-24T21:00:47,17.5,,,NOISE,2024-11-24T21:00:47,17.5,,,NOISE,2024-11-24T21:00:47,17.5,,,NOISE
2026-03-04T12:40:11.714993,Map-Energy__sum__linear-conv00964-20241125_000047-20241125_060047-15.000000-20.000000.png,2024-11-25T00:00:47,2024-11-25T06:00:47,15.0,20.0,2024-11-25T03:00:47,17.5,,,NOISE,2024-11-25T03:00:47,17.5,,,NOISE,2024-11-25T03:00:47,17.5,,,NOISE,2024-11-25T03:00:47,17.5,,,NOISE
2026-03-04T12:40:13.347228,Map-Energy__sum__linear-conv00974-20241125_060047-20241125_120047-15.000000-20.000000.png,2024-11-25T06:00:47,2024-11-25T12:00:47,15.0,20.0,2024-11-25T09:00:47,17.5,,,NOISE,2024-11-25T09:00:47,17.5,,,NOISE,2024-11-25T09:00:47,17.5,,,NOISE,2024-11-25T09:00:47,17.5,,,NOISE
2026-03-04T12:40:18.979299,Map-Energy__sum__linear-conv00984-20241125_120047-20241125_180047-15.000000-20.000000.png,2024-11-25T12:00:47,2024-11-25T18:00:47,15.0,20.0,2024-11-25T15:00:47,17.5,,,NOISE,2024-11-25T15:00:47,17.5,,,NOISE,2024-11-25T15:00:47,17.5,,,NOISE,2024-11-25T15:00:47,17.5,,,NOISE
2026-03-04T12:40:22.339134,Map-Energy__sum__linear-conv00994-20241125_180047-20241126_000047-15.000000-20.000000.png,2024-11-25T18:00:47,2024-11-26T00:00:47,15.0,20.0,2024-11-25T21:00:47,17.5,,,NOISE,2024-11-25T21:00:47,17.5,,,NOISE,2024-11-25T21:00:47,17.5,,,NOISE,2024-11-25T21:00:47,17.5,,,NOISE
2026-03-04T12:40:26.267249,Map-Energy__sum__linear-conv01004-20241126_000047-20241126_060047-15.000000-20.000000.png,2024-11-26T00:00:47,2024-11-26T06:00:47,15.0,20.0,2024-11-26T03:00:47,17.5,,,NOISE,2024-11-26T03:00:47,17.5,,,NOISE,2024-11-26T03:00:47,17.5,,,NOISE,2024-11-26T03:00:47,17.5,,,NOISE
2026-03-04T12:40:28.403208,Map-Energy__sum__linear-conv01014-20241126_060047-20241126_120047-15.000000-20.000000.png,2024-11-26T06:00:47,2024-11-26T12:00:47,15.0,20.0,2024-11-26T09:00:47,17.5,,,NOISE,2024-11-26T09:00:47,17.5,,,NOISE,2024-11-26T09:00:47,17.5,,,NOISE,2024-11-26T09:00:47,17.5,,,NOISE
2026-03-04T12:40:30.443251,Map-Energy__sum__linear-conv01024-20241126_120047-20241126_180047-15.000000-20.000000.png,2024-11-26T12:00:47,2024-11-26T18:00:47,15.0,20.0,2024-11-26T15:00:47,17.5,,,NOISE,2024-11-26T15:00:47,17.5,,,NOISE,2024-11-26T15:00:47,17.5,,,NOISE,2024-11-26T15:00:47,17.5,,,NOISE
2026-03-04T12:40:33.043243,Map-Energy__sum__linear-conv01034-20241126_180047-20241127_000047-15.000000-20.000000.png,2024-11-26T18:00:47,2024-11-27T00:00:47,15.0,20.0,2024-11-26T21:00:47,17.5,,,NOISE,2024-11-26T21:00:47,17.5,,,NOISE,2024-11-26T21:00:47,17.5,,,NOISE,2024-11-26T21:00:47,17.5,,,NOISE
2026-03-04T12:40:35.363257,Map-Energy__sum__linear-conv01044-20241127_000047-20241127_060047-15.000000-20.000000.png,2024-11-27T00:00:47,2024-11-27T06:00:47,15.0,20.0,2024-11-27T03:00:47,17.5,,,NOISE,2024-11-27T03:00:47,17.5,,,NOISE,2024-11-27T03:00:47,17.5,,,NOISE,2024-11-27T03:00:47,17.5,,,NOISE
2026-03-04T12:40:38.179164,Map-Energy__sum__linear-conv01054-20241127_060047-20241127_120047-15.000000-20.000000.png,2024-11-27T06:00:47,2024-11-27T12:00:47,15.0,20.0,2024-11-27T09:00:47,17.5,,,NOISE,2024-11-27T09:00:47,17.5,,,NOISE,2024-11-27T09:00:47,17.5,,,NOISE,2024-11-27T09:00:47,17.5,,,NOISE
2026-03-04T12:40:40.747173,Map-Energy__sum__linear-conv01064-20241127_120047-20241127_180047-15.000000-20.000000.png,2024-11-27T12:00:47,2024-11-27T18:00:47,15.0,20.0,2024-11-27T15:00:47,17.5,,,NOISE,2024-11-27T15:00:47,17.5,,,NOISE,2024-11-27T15:00:47,17.5,,,NOISE,2024-11-27T15:00:47,17.5,,,NOISE
2026-03-04T12:40:43.475235,Map-Energy__sum__linear-conv01074-20241127_180047-20241128_000047-15.000000-20.000000.png,2024-11-27T18:00:47,2024-11-28T00:00:47,15.0,20.0,2024-11-27T21:00:47,17.5,,,NOISE,2024-11-27T21:00:47,17.5,,,NOISE,2024-11-27T21:00:47,17.5,,,NOISE,2024-11-27T21:00:47,17.5,,,NOISE
2026-03-04T12:40:45.603157,Map-Energy__sum__linear-conv01084-20241128_000047-20241128_060047-15.000000-20.000000.png,2024-11-28T00:00:47,2024-11-28T06:00:47,15.0,20.0,2024-11-28T03:00:47,17.5,,,NOISE,2024-11-28T03:00:47,17.5,,,NOISE,2024-11-28T03:00:47,17.5,,,NOISE,2024-11-28T03:00:47,17.5,,,NOISE
2026-03-04T12:40:47.323205,Map-Energy__sum__linear-conv01094-20241128_060047-20241128_120047-15.000000-20.000000.png,2024-11-28T06:00:47,2024-11-28T12:00:47,15.0,20.0,2024-11-28T09:00:47,17.5,,,NOISE,2024-11-28T09:00:47,17.5,,,NOISE,2024-11-28T09:00:47,17.5,,,NOISE,2024-11-28T09:00:47,17.5,,,NOISE
2026-03-04T12:40:49.411087,Map-Energy__sum__linear-conv01104-20241128_120047-20241128_180047-15.000000-20.000000.png,2024-11-28T12:00:47,2024-11-28T18:00:47,15.0,20.0,2024-11-28T15:00:47,17.5,,,NOISE,2024-11-28T15:00:47,17.5,,,NOISE,2024-11-28T15:00:47,17.5,,,NOISE,2024-11-28T15:00:47,17.5,,,NOISE
2026-03-04T12:40:50.779107,Map-Energy__sum__linear-conv01114-20241128_180047-20241129_000047-15.000000-20.000000.png,2024-11-28T18:00:47,2024-11-29T00:00:47,15.0,20.0,2024-11-28T21:00:47,17.5,,,NOISE,2024-11-28T21:00:47,17.5,,,NOISE,2024-11-28T21:00:47,17.5,,,NOISE,2024-11-28T21:00:47,17.5,,,NOISE
2026-03-04T12:40:51.907062,Map-Energy__sum__linear-conv01124-20241129_000047-20241129_060047-15.000000-20.000000.png,2024-11-29T00:00:47,2024-11-29T06:00:47,15.0,20.0,2024-11-29T03:00:47,17.5,,,NOISE,2024-11-29T03:00:47,17.5,,,NOISE,2024-11-29T03:00:47,17.5,,,NOISE,2024-11-29T03:00:47,17.5,,,NOISE
2026-03-04T12:40:53.019377,Map-Energy__sum__linear-conv01134-20241129_060047-20241129_120047-15.000000-20.000000.png,2024-11-29T06:00:47,2024-11-29T12:00:47,15.0,20.0,2024-11-29T09:00:47,17.5,,,NOISE,2024-11-29T09:00:47,17.5,,,NOISE,2024-11-29T09:00:47,17.5,,,NOISE,2024-11-29T09:00:47,17.5,,,NOISE
2026-03-04T12:40:54.123118,Map-Energy__sum__linear-conv01144-20241129_120047-20241129_180047-15.000000-20.000000.png,2024-11-29T12:00:47,2024-11-29T18:00:47,15.0,20.0,2024-11-29T15:00:47,17.5,,,NOISE,2024-11-29T15:00:47,17.5,,,NOISE,2024-11-29T15:00:47,17.5,,,NOISE,2024-11-29T15:00:47,17.5,,,NOISE
2026-03-04T12:40:57.147253,Map-Energy__sum__linear-conv01154-20241129_180047-20241130_000047-15.000000-20.000000.png,2024-11-29T18:00:47,2024-11-30T00:00:47,15.0,20.0,2024-11-29T21:00:47,17.5,,,NOISE,2024-11-29T21:00:47,17.5,,,NOISE,2024-11-29T21:00:47,17.5,,,NOISE,2024-11-29T21:00:47,17.5,,,NOISE
2026-03-04T12:40:59.011608,Map-Energy__sum__linear-conv01164-20241130_000047-20241130_060047-15.000000-20.000000.png,2024-11-30T00:00:47,2024-11-30T06:00:47,15.0,20.0,2024-11-30T03:00:47,17.5,,,NOISE,2024-11-30T03:00:47,17.5,,,NOISE,2024-11-30T03:00:47,17.5,,,NOISE,2024-11-30T03:00:47,17.5,,,NOISE
2026-03-04T12:41:00.755165,Map-Energy__sum__linear-conv01174-20241130_060047-20241130_120047-15.000000-20.000000.png,2024-11-30T06:00:47,2024-11-30T12:00:47,15.0,20.0,2024-11-30T09:00:47,17.5,,,NOISE,2024-11-30T09:00:47,17.5,,,NOISE,2024-11-30T09:00:47,17.5,,,NOISE,2024-11-30T09:00:47,17.5,,,NOISE
2026-03-04T12:41:03.027099,Map-Energy__sum__linear-conv01184-20241130_120047-20241130_180047-15.000000-20.000000.png,2024-11-30T12:00:47,2024-11-30T18:00:47,15.0,20.0,2024-11-30T15:00:47,17.5,,,NOISE,2024-11-30T15:00:47,17.5,,,NOISE,2024-11-30T15:00:47,17.5,,,NOISE,2024-11-30T15:00:47,17.5,,,NOISE
2026-03-04T12:41:04.691195,Map-Energy__sum__linear-conv01194-20241130_180047-20241201_000047-15.000000-20.000000.png,2024-11-30T18:00:47,2024-12-01T00:00:47,15.0,20.0,2024-11-30T21:00:47,17.5,,,NOISE,2024-11-30T21:00:47,17.5,,,NOISE,2024-11-30T21:00:47,17.5,,,NOISE,2024-11-30T21:00:47,17.5,,,NOISE
2026-03-04T12:41:10.691024,Map-Energy__sum__linear-conv00005-20241101_000047-20241101_060047-20.000000-25.000000.png,2024-11-01T00:00:47,2024-11-01T06:00:47,20.0,25.0,2024-11-01T03:00:47,22.5,,,NOISE,2024-11-01T03:00:47,22.5,,,NOISE,2024-11-01T03:00:47,22.5,,,NOISE,2024-11-01T03:00:47,22.5,,,NOISE
2026-03-04T12:41:12.451062,Map-Energy__sum__linear-conv00015-20241101_060047-20241101_120047-20.000000-25.000000.png,2024-11-01T06:00:47,2024-11-01T12:00:47,20.0,25.0,2024-11-01T09:00:47,22.5,,,NOISE,2024-11-01T09:00:47,22.5,,,NOISE,2024-11-01T09:00:47,22.5,,,NOISE,2024-11-01T09:00:47,22.5,,,NOISE
2026-03-04T12:41:14.626969,Map-Energy__sum__linear-conv00025-20241101_120047-20241101_180047-20.000000-25.000000.png,2024-11-01T12:00:47,2024-11-01T18:00:47,20.0,25.0,2024-11-01T15:00:47,22.5,,,NOISE,2024-11-01T15:00:47,22.5,,,NOISE,2024-11-01T15:00:47,22.5,,,NOISE,2024-11-01T15:00:47,22.5,,,NOISE
2026-03-04T12:41:17.091144,Map-Energy__sum__linear-conv00035-20241101_180047-20241102_000047-20.000000-25.000000.png,2024-11-01T18:00:47,2024-11-02T00:00:47,20.0,25.0,2024-11-01T21:00:47,22.5,,,NOISE,2024-11-01T21:00:47,22.5,,,NOISE,2024-11-01T21:00:47,22.5,,,NOISE,2024-11-01T21:00:47,22.5,,,NOISE
2026-03-04T12:41:18.379157,Map-Energy__sum__linear-conv00045-20241102_000047-20241102_060047-20.000000-25.000000.png,2024-11-02T00:00:47,2024-11-02T06:00:47,20.0,25.0,2024-11-02T03:00:47,22.5,,,NOISE,2024-11-02T03:00:47,22.5,,,NOISE,2024-11-02T03:00:47,22.5,,,NOISE,2024-11-02T03:00:47,22.5,,,NOISE
2026-03-04T12:41:19.490996,Map-Energy__sum__linear-conv00055-20241102_060047-20241102_120047-20.000000-25.000000.png,2024-11-02T06:00:47,2024-11-02T12:00:47,20.0,25.0,2024-11-02T09:00:47,22.5,,,NOISE,2024-11-02T09:00:47,22.5,,,NOISE,2024-11-02T09:00:47,22.5,,,NOISE,2024-11-02T09:00:47,22.5,,,NOISE
2026-03-04T12:41:20.627173,Map-Energy__sum__linear-conv00065-20241102_120047-20241102_180047-20.000000-25.000000.png,2024-11-02T12:00:47,2024-11-02T18:00:47,20.0,25.0,2024-11-02T15:00:47,22.5,,,NOISE,2024-11-02T15:00:47,22.5,,,NOISE,2024-11-02T15:00:47,22.5,,,NOISE,2024-11-02T15:00:47,22.5,,,NOISE
2026-03-04T12:41:21.723195,Map-Energy__sum__linear-conv00075-20241102_180047-20241103_000047-20.000000-25.000000.png,2024-11-02T18:00:47,2024-11-03T00:00:47,20.0,25.0,2024-11-02T21:00:47,22.5,,,NOISE,2024-11-02T21:00:47,22.5,,,NOISE,2024-11-02T21:00:47,22.5,,,NOISE,2024-11-02T21:00:47,22.5,,,NOISE
2026-03-04T12:41:22.867047,Map-Energy__sum__linear-conv00085-20241103_000047-20241103_060047-20.000000-25.000000.png,2024-11-03T00:00:47,2024-11-03T06:00:47,20.0,25.0,2024-11-03T03:00:47,22.5,,,NOISE,2024-11-03T03:00:47,22.5,,,NOISE,2024-11-03T03:00:47,22.5,,,NOISE,2024-11-03T03:00:47,22.5,,,NOISE
2026-03-04T12:41:23.898713,Map-Energy__sum__linear-conv00095-20241103_060047-20241103_120047-20.000000-25.000000.png,2024-11-03T06:00:47,2024-11-03T12:00:47,20.0,25.0,2024-11-03T09:00:47,22.5,,,NOISE,2024-11-03T09:00:47,22.5,,,NOISE,2024-11-03T09:00:47,22.5,,,NOISE,2024-11-03T09:00:47,22.5,,,NOISE
2026-03-04T12:41:24.987178,Map-Energy__sum__linear-conv00105-20241103_120047-20241103_180047-20.000000-25.000000.png,2024-11-03T12:00:47,2024-11-03T18:00:47,20.0,25.0,2024-11-03T15:00:47,22.5,,,NOISE,2024-11-03T15:00:47,22.5,,,NOISE,2024-11-03T15:00:47,22.5,,,NOISE,2024-11-03T15:00:47,22.5,,,NOISE
2026-03-04T12:41:26.019220,Map-Energy__sum__linear-conv00115-20241103_180047-20241104_000047-20.000000-25.000000.png,2024-11-03T18:00:47,2024-11-04T00:00:47,20.0,25.0,2024-11-03T21:00:47,22.5,,,NOISE,2024-11-03T21:00:47,22.5,,,NOISE,2024-11-03T21:00:47,22.5,,,NOISE,2024-11-03T21:00:47,22.5,,,NOISE
2026-03-04T12:41:27.035145,Map-Energy__sum__linear-conv00125-20241104_000047-20241104_060047-20.000000-25.000000.png,2024-11-04T00:00:47,2024-11-04T06:00:47,20.0,25.0,2024-11-04T03:00:47,22.5,,,NOISE,2024-11-04T03:00:47,22.5,,,NOISE,2024-11-04T03:00:47,22.5,,,NOISE,2024-11-04T03:00:47,22.5,,,NOISE
2026-03-04T12:41:31.275191,Map-Energy__sum__linear-conv00135-20241104_060047-20241104_120047-20.000000-25.000000.png,2024-11-04T06:00:47,2024-11-04T12:00:47,20.0,25.0,2024-11-04T09:00:47,22.5,,,NOISE,2024-11-04T09:00:47,22.5,,,NOISE,2024-11-04T09:00:47,22.5,,,NOISE,2024-11-04T09:00:47,22.5,,,NOISE
2026-03-04T12:41:32.363364,Map-Energy__sum__linear-conv00145-20241104_120047-20241104_180047-20.000000-25.000000.png,2024-11-04T12:00:47,2024-11-04T18:00:47,20.0,25.0,2024-11-04T15:00:47,22.5,,,NOISE,2024-11-04T15:00:47,22.5,,,NOISE,2024-11-04T15:00:47,22.5,,,NOISE,2024-11-04T15:00:47,22.5,,,NOISE
2026-03-04T12:41:33.370886,Map-Energy__sum__linear-conv00155-20241104_180047-20241105_000047-20.000000-25.000000.png,2024-11-04T18:00:47,2024-11-05T00:00:47,20.0,25.0,2024-11-04T21:00:47,22.5,,,NOISE,2024-11-04T21:00:47,22.5,,,NOISE,2024-11-04T21:00:47,22.5,,,NOISE,2024-11-04T21:00:47,22.5,,,NOISE
2026-03-04T12:41:34.427115,Map-Energy__sum__linear-conv00165-20241105_000047-20241105_060047-20.000000-25.000000.png,2024-11-05T00:00:47,2024-11-05T06:00:47,20.0,25.0,2024-11-05T03:00:47,22.5,,,NOISE,2024-11-05T03:00:47,22.5,,,NOISE,2024-11-05T03:00:47,22.5,,,NOISE,2024-11-05T03:00:47,22.5,,,NOISE
2026-03-04T12:41:35.411037,Map-Energy__sum__linear-conv00175-20241105_060047-20241105_120047-20.000000-25.000000.png,2024-11-05T06:00:47,2024-11-05T12:00:47,20.0,25.0,2024-11-05T09:00:47,22.5,,,NOISE,2024-11-05T09:00:47,22.5,,,NOISE,2024-11-05T09:00:47,22.5,,,NOISE,2024-11-05T09:00:47,22.5,,,NOISE
2026-03-04T12:41:37.187005,Map-Energy__sum__linear-conv00185-20241105_120047-20241105_180047-20.000000-25.000000.png,2024-11-05T12:00:47,2024-11-05T18:00:47,20.0,25.0,2024-11-05T15:00:47,22.5,,,NOISE,2024-11-05T15:00:47,22.5,,,NOISE,2024-11-05T15:00:47,22.5,,,NOISE,2024-11-05T15:00:47,22.5,,,NOISE
2026-03-04T12:41:42.563047,Map-Energy__sum__linear-conv00195-20241105_180047-20241106_000047-20.000000-25.000000.png,2024-11-05T18:00:47,2024-11-06T00:00:47,20.0,25.0,2024-11-05T21:00:47,22.5,,,NOISE,2024-11-05T21:00:47,22.5,,,NOISE,2024-11-05T21:00:47,22.5,,,NOISE,2024-11-05T21:00:47,22.5,,,NOISE
2026-03-04T12:41:46.083362,Map-Energy__sum__linear-conv00205-20241106_000047-20241106_060047-20.000000-25.000000.png,2024-11-06T00:00:47,2024-11-06T06:00:47,20.0,25.0,2024-11-06T03:00:47,22.5,,,NOISE,2024-11-06T03:00:47,22.5,,,NOISE,2024-11-06T03:00:47,22.5,,,NOISE,2024-11-06T03:00:47,22.5,,,NOISE
2026-03-04T12:41:59.235056,Map-Energy__sum__linear-conv00215-20241106_060047-20241106_120047-20.000000-25.000000.png,2024-11-06T06:00:47,2024-11-06T12:00:47,20.0,25.0,2024-11-06T11:30:47,20.06424,,,OTHER,2024-11-06T09:00:47,22.5,,,NOISE,2024-11-06T09:00:47,22.5,,,NOISE,2024-11-06T09:00:47,22.5,,,NOISE
2026-03-04T12:42:06.050855,Map-Energy__sum__linear-conv00225-20241106_120047-20241106_180047-20.000000-25.000000.png,2024-11-06T12:00:47,2024-11-06T18:00:47,20.0,25.0,2024-11-06T12:33:38,20.056458,,,OTHER,2024-11-06T15:00:47,22.5,,,NOISE,2024-11-06T15:00:47,22.5,,,NOISE,2024-11-06T15:00:47,22.5,,,NOISE
2026-03-04T12:42:08.066917,Map-Energy__sum__linear-conv00235-20241106_180047-20241107_000047-20.000000-25.000000.png,2024-11-06T18:00:47,2024-11-07T00:00:47,20.0,25.0,2024-11-06T21:00:47,22.5,,,NOISE,2024-11-06T21:00:47,22.5,,,NOISE,2024-11-06T21:00:47,22.5,,,NOISE,2024-11-06T21:00:47,22.5,,,NOISE
2026-03-04T12:42:09.931054,Map-Energy__sum__linear-conv00245-20241107_000047-20241107_060047-20.000000-25.000000.png,2024-11-07T00:00:47,2024-11-07T06:00:47,20.0,25.0,2024-11-07T03:00:47,22.5,,,NOISE,2024-11-07T03:00:47,22.5,,,NOISE,2024-11-07T03:00:47,22.5,,,NOISE,2024-11-07T03:00:47,22.5,,,NOISE
2026-03-04T12:42:11.675065,Map-Energy__sum__linear-conv00255-20241107_060047-20241107_120047-20.000000-25.000000.png,2024-11-07T06:00:47,2024-11-07T12:00:47,20.0,25.0,2024-11-07T09:00:47,22.5,,,NOISE,2024-11-07T09:00:47,22.5,,,NOISE,2024-11-07T09:00:47,22.5,,,NOISE,2024-11-07T09:00:47,22.5,,,NOISE
2026-03-04T12:42:13.218905,Map-Energy__sum__linear-conv00265-20241107_120047-20241107_180047-20.000000-25.000000.png,2024-11-07T12:00:47,2024-11-07T18:00:47,20.0,25.0,2024-11-07T15:00:47,22.5,,,NOISE,2024-11-07T15:00:47,22.5,,,NOISE,2024-11-07T15:00:47,22.5,,,NOISE,2024-11-07T15:00:47,22.5,,,NOISE
2026-03-04T12:42:19.371284,Map-Energy__sum__linear-conv00275-20241107_180047-20241108_000047-20.000000-25.000000.png,2024-11-07T18:00:47,2024-11-08T00:00:47,20.0,25.0,2024-11-07T21:00:47,22.5,,,NOISE,2024-11-07T21:00:47,22.5,,,NOISE,2024-11-07T21:00:47,22.5,,,NOISE,2024-11-07T21:00:47,22.5,,,NOISE
2026-03-04T12:42:25.474956,Map-Energy__sum__linear-conv00285-20241108_000047-20241108_060047-20.000000-25.000000.png,2024-11-08T00:00:47,2024-11-08T06:00:47,20.0,25.0,2024-11-08T03:35:06,24.920196,,,OTHER,2024-11-08T03:00:47,22.5,,,NOISE,2024-11-08T03:00:47,22.5,,,NOISE,2024-11-08T03:00:47,22.5,,,NOISE
2026-03-04T12:42:43.282807,Map-Energy__sum__linear-conv00295-20241108_060047-20241108_120047-20.000000-25.000000.png,2024-11-08T06:00:47,2024-11-08T12:00:47,20.0,25.0,2024-11-08T08:56:00,20.243226,,,OTHER,2024-11-08T10:23:05,20.118714,,,OTHER,2024-11-08T09:00:47,22.5,,,NOISE,2024-11-08T09:00:47,22.5,,,NOISE
2026-03-04T12:42:58.586952,Map-Energy__sum__linear-conv00305-20241108_120047-20241108_180047-20.000000-25.000000.png,2024-11-08T12:00:47,2024-11-08T18:00:47,20.0,25.0,2024-11-08T16:37:42,24.243164,,,VESSEL,2024-11-08T15:00:47,22.5,,,NOISE,2024-11-08T15:00:47,22.5,,,NOISE,2024-11-08T15:00:47,22.5,,,NOISE
2026-03-04T12:43:03.178923,Map-Energy__sum__linear-conv00315-20241108_180047-20241109_000047-20.000000-25.000000.png,2024-11-08T18:00:47,2024-11-09T00:00:47,20.0,25.0,2024-11-08T21:00:47,22.5,,,NOISE,2024-11-08T21:00:47,22.5,,,NOISE,2024-11-08T21:00:47,22.5,,,NOISE,2024-11-08T21:00:47,22.5,,,NOISE
2026-03-04T12:43:06.250807,Map-Energy__sum__linear-conv00325-20241109_000047-20241109_060047-20.000000-25.000000.png,2024-11-09T00:00:47,2024-11-09T06:00:47,20.0,25.0,2024-11-09T03:00:47,22.5,,,NOISE,2024-11-09T03:00:47,22.5,,,NOISE,2024-11-09T03:00:47,22.5,,,NOISE,2024-11-09T03:00:47,22.5,,,NOISE
2026-03-04T12:43:08.714889,Map-Energy__sum__linear-conv00335-20241109_060047-20241109_120047-20.000000-25.000000.png,2024-11-09T06:00:47,2024-11-09T12:00:47,20.0,25.0,2024-11-09T09:00:47,22.5,,,NOISE,2024-11-09T09:00:47,22.5,,,NOISE,2024-11-09T09:00:47,22.5,,,NOISE,2024-11-09T09:00:47,22.5,,,NOISE
2026-03-04T12:43:11.050894,Map-Energy__sum__linear-conv00345-20241109_120047-20241109_180047-20.000000-25.000000.png,2024-11-09T12:00:47,2024-11-09T18:00:47,20.0,25.0,2024-11-09T15:00:47,22.5,,,NOISE,2024-11-09T15:00:47,22.5,,,NOISE,2024-11-09T15:00:47,22.5,,,NOISE,2024-11-09T15:00:47,22.5,,,NOISE
2026-03-04T12:43:18.234884,Map-Energy__sum__linear-conv00355-20241109_180047-20241110_000047-20.000000-25.000000.png,2024-11-09T18:00:47,2024-11-10T00:00:47,20.0,25.0,2024-11-09T21:00:47,22.5,,,NOISE,2024-11-09T21:00:47,22.5,,,NOISE,2024-11-09T21:00:47,22.5,,,NOISE,2024-11-09T21:00:47,22.5,,,NOISE
2026-03-04T12:43:22.146905,Map-Energy__sum__linear-conv00365-20241110_000047-20241110_060047-20.000000-25.000000.png,2024-11-10T00:00:47,2024-11-10T06:00:47,20.0,25.0,2024-11-10T03:00:47,22.5,,,NOISE,2024-11-10T03:00:47,22.5,,,NOISE,2024-11-10T03:00:47,22.5,,,NOISE,2024-11-10T03:00:47,22.5,,,NOISE
2026-03-04T12:43:27.186613,Map-Energy__sum__linear-conv00375-20241110_060047-20241110_120047-20.000000-25.000000.png,2024-11-10T06:00:47,2024-11-10T12:00:47,20.0,25.0,2024-11-10T09:00:47,22.5,,,NOISE,2024-11-10T09:00:47,22.5,,,NOISE,2024-11-10T09:00:47,22.5,,,NOISE,2024-11-10T09:00:47,22.5,,,NOISE
2026-03-04T12:43:30.882954,Map-Energy__sum__linear-conv00385-20241110_120047-20241110_180047-20.000000-25.000000.png,2024-11-10T12:00:47,2024-11-10T18:00:47,20.0,25.0,2024-11-10T15:00:47,22.5,,,NOISE,2024-11-10T15:00:47,22.5,,,NOISE,2024-11-10T15:00:47,22.5,,,NOISE,2024-11-10T15:00:47,22.5,,,NOISE
2026-03-04T12:43:33.466899,Map-Energy__sum__linear-conv00395-20241110_180047-20241111_000047-20.000000-25.000000.png,2024-11-10T18:00:47,2024-11-11T00:00:47,20.0,25.0,2024-11-10T21:00:47,22.5,,,NOISE,2024-11-10T21:00:47,22.5,,,NOISE,2024-11-10T21:00:47,22.5,,,NOISE,2024-11-10T21:00:47,22.5,,,NOISE
2026-03-04T12:43:36.050976,Map-Energy__sum__linear-conv00405-20241111_000047-20241111_060047-20.000000-25.000000.png,2024-11-11T00:00:47,2024-11-11T06:00:47,20.0,25.0,2024-11-11T03:00:47,22.5,,,NOISE,2024-11-11T03:00:47,22.5,,,NOISE,2024-11-11T03:00:47,22.5,,,NOISE,2024-11-11T03:00:47,22.5,,,NOISE
2026-03-04T12:43:41.890783,Map-Energy__sum__linear-conv00415-20241111_060047-20241111_120047-20.000000-25.000000.png,2024-11-11T06:00:47,2024-11-11T12:00:47,20.0,25.0,2024-11-11T09:00:47,22.5,,,NOISE,2024-11-11T09:00:47,22.5,,,NOISE,2024-11-11T09:00:47,22.5,,,NOISE,2024-11-11T09:00:47,22.5,,,NOISE
2026-03-04T12:43:45.210848,Map-Energy__sum__linear-conv00425-20241111_120047-20241111_180047-20.000000-25.000000.png,2024-11-11T12:00:47,2024-11-11T18:00:47,20.0,25.0,2024-11-11T15:00:47,22.5,,,NOISE,2024-11-11T15:00:47,22.5,,,NOISE,2024-11-11T15:00:47,22.5,,,NOISE,2024-11-11T15:00:47,22.5,,,NOISE
2026-03-04T12:43:47.242988,Map-Energy__sum__linear-conv00435-20241111_180047-20241112_000047-20.000000-25.000000.png,2024-11-11T18:00:47,2024-11-12T00:00:47,20.0,25.0,2024-11-11T21:00:47,22.5,,,NOISE,2024-11-11T21:00:47,22.5,,,NOISE,2024-11-11T21:00:47,22.5,,,NOISE,2024-11-11T21:00:47,22.5,,,NOISE
2026-03-04T12:43:48.459176,Map-Energy__sum__linear-conv00445-20241112_000047-20241112_060047-20.000000-25.000000.png,2024-11-12T00:00:47,2024-11-12T06:00:47,20.0,25.0,2024-11-12T03:00:47,22.5,,,NOISE,2024-11-12T03:00:47,22.5,,,NOISE,2024-11-12T03:00:47,22.5,,,NOISE,2024-11-12T03:00:47,22.5,,,NOISE
2026-03-04T12:43:49.843003,Map-Energy__sum__linear-conv00455-20241112_060047-20241112_120047-20.000000-25.000000.png,2024-11-12T06:00:47,2024-11-12T12:00:47,20.0,25.0,2024-11-12T09:00:47,22.5,,,NOISE,2024-11-12T09:00:47,22.5,,,NOISE,2024-11-12T09:00:47,22.5,,,NOISE,2024-11-12T09:00:47,22.5,,,NOISE
2026-03-04T12:43:51.051163,Map-Energy__sum__linear-conv00465-20241112_120047-20241112_180047-20.000000-25.000000.png,2024-11-12T12:00:47,2024-11-12T18:00:47,20.0,25.0,2024-11-12T15:00:47,22.5,,,NOISE,2024-11-12T15:00:47,22.5,,,NOISE,2024-11-12T15:00:47,22.5,,,NOISE,2024-11-12T15:00:47,22.5,,,NOISE
2026-03-04T12:43:52.259148,Map-Energy__sum__linear-conv00475-20241112_180047-20241113_000047-20.000000-25.000000.png,2024-11-12T18:00:47,2024-11-13T00:00:47,20.0,25.0,2024-11-12T21:00:47,22.5,,,NOISE,2024-11-12T21:00:47,22.5,,,NOISE,2024-11-12T21:00:47,22.5,,,NOISE,2024-11-12T21:00:47,22.5,,,NOISE
2026-03-04T12:43:54.634914,Map-Energy__sum__linear-conv00485-20241113_000047-20241113_060047-20.000000-25.000000.png,2024-11-13T00:00:47,2024-11-13T06:00:47,20.0,25.0,2024-11-13T03:00:47,22.5,,,NOISE,2024-11-13T03:00:47,22.5,,,NOISE,2024-11-13T03:00:47,22.5,,,NOISE,2024-11-13T03:00:47,22.5,,,NOISE
2026-03-04T12:43:56.018910,Map-Energy__sum__linear-conv00495-20241113_060047-20241113_120047-20.000000-25.000000.png,2024-11-13T06:00:47,2024-11-13T12:00:47,20.0,25.0,2024-11-13T09:00:47,22.5,,,NOISE,2024-11-13T09:00:47,22.5,,,NOISE,2024-11-13T09:00:47,22.5,,,NOISE,2024-11-13T09:00:47,22.5,,,NOISE
2026-03-04T12:43:57.275011,Map-Energy__sum__linear-conv00505-20241113_120047-20241113_180047-20.000000-25.000000.png,2024-11-13T12:00:47,2024-11-13T18:00:47,20.0,25.0,2024-11-13T15:00:47,22.5,,,NOISE,2024-11-13T15:00:47,22.5,,,NOISE,2024-11-13T15:00:47,22.5,,,NOISE,2024-11-13T15:00:47,22.5,,,NOISE
2026-03-04T12:43:58.482958,Map-Energy__sum__linear-conv00515-20241113_180047-20241114_000047-20.000000-25.000000.png,2024-11-13T18:00:47,2024-11-14T00:00:47,20.0,25.0,2024-11-13T21:00:47,22.5,,,NOISE,2024-11-13T21:00:47,22.5,,,NOISE,2024-11-13T21:00:47,22.5,,,NOISE,2024-11-13T21:00:47,22.5,,,NOISE
2026-03-04T12:43:59.555401,Map-Energy__sum__linear-conv00525-20241114_000047-20241114_060047-20.000000-25.000000.png,2024-11-14T00:00:47,2024-11-14T06:00:47,20.0,25.0,2024-11-14T03:00:47,22.5,,,NOISE,2024-11-14T03:00:47,22.5,,,NOISE,2024-11-14T03:00:47,22.5,,,NOISE,2024-11-14T03:00:47,22.5,,,NOISE
2026-03-04T12:44:00.771046,Map-Energy__sum__linear-conv00535-20241114_060047-20241114_120047-20.000000-25.000000.png,2024-11-14T06:00:47,2024-11-14T12:00:47,20.0,25.0,2024-11-14T09:00:47,22.5,,,NOISE,2024-11-14T09:00:47,22.5,,,NOISE,2024-11-14T09:00:47,22.5,,,NOISE,2024-11-14T09:00:47,22.5,,,NOISE
2026-03-04T12:44:01.955256,Map-Energy__sum__linear-conv00545-20241114_120047-20241114_180047-20.000000-25.000000.png,2024-11-14T12:00:47,2024-11-14T18:00:47,20.0,25.0,2024-11-14T15:00:47,22.5,,,NOISE,2024-11-14T15:00:47,22.5,,,NOISE,2024-11-14T15:00:47,22.5,,,NOISE,2024-11-14T15:00:47,22.5,,,NOISE
2026-03-04T12:44:03.235063,Map-Energy__sum__linear-conv00555-20241114_180047-20241115_000047-20.000000-25.000000.png,2024-11-14T18:00:47,2024-11-15T00:00:47,20.0,25.0,2024-11-14T21:00:47,22.5,,,NOISE,2024-11-14T21:00:47,22.5,,,NOISE,2024-11-14T21:00:47,22.5,,,NOISE,2024-11-14T21:00:47,22.5,,,NOISE
2026-03-04T12:44:04.378979,Map-Energy__sum__linear-conv00565-20241115_000047-20241115_060047-20.000000-25.000000.png,2024-11-15T00:00:47,2024-11-15T06:00:47,20.0,25.0,2024-11-15T03:00:47,22.5,,,NOISE,2024-11-15T03:00:47,22.5,,,NOISE,2024-11-15T03:00:47,22.5,,,NOISE,2024-11-15T03:00:47,22.5,,,NOISE
2026-03-04T12:44:05.434903,Map-Energy__sum__linear-conv00575-20241115_060047-20241115_120047-20.000000-25.000000.png,2024-11-15T06:00:47,2024-11-15T12:00:47,20.0,25.0,2024-11-15T09:00:47,22.5,,,NOISE,2024-11-15T09:00:47,22.5,,,NOISE,2024-11-15T09:00:47,22.5,,,NOISE,2024-11-15T09:00:47,22.5,,,NOISE
2026-03-04T12:44:06.450776,Map-Energy__sum__linear-conv00585-20241115_120047-20241115_180047-20.000000-25.000000.png,2024-11-15T12:00:47,2024-11-15T18:00:47,20.0,25.0,2024-11-15T15:00:47,22.5,,,NOISE,2024-11-15T15:00:47,22.5,,,NOISE,2024-11-15T15:00:47,22.5,,,NOISE,2024-11-15T15:00:47,22.5,,,NOISE
2026-03-04T12:44:07.578942,Map-Energy__sum__linear-conv00595-20241115_180047-20241116_000047-20.000000-25.000000.png,2024-11-15T18:00:47,2024-11-16T00:00:47,20.0,25.0,2024-11-15T21:00:47,22.5,,,NOISE,2024-11-15T21:00:47,22.5,,,NOISE,2024-11-15T21:00:47,22.5,,,NOISE,2024-11-15T21:00:47,22.5,,,NOISE
2026-03-04T12:44:08.963142,Map-Energy__sum__linear-conv00605-20241116_000047-20241116_060047-20.000000-25.000000.png,2024-11-16T00:00:47,2024-11-16T06:00:47,20.0,25.0,2024-11-16T03:00:47,22.5,,,NOISE,2024-11-16T03:00:47,22.5,,,NOISE,2024-11-16T03:00:47,22.5,,,NOISE,2024-11-16T03:00:47,22.5,,,NOISE
2026-03-04T12:44:10.074833,Map-Energy__sum__linear-conv00615-20241116_060047-20241116_120047-20.000000-25.000000.png,2024-11-16T06:00:47,2024-11-16T12:00:47,20.0,25.0,2024-11-16T09:00:47,22.5,,,NOISE,2024-11-16T09:00:47,22.5,,,NOISE,2024-11-16T09:00:47,22.5,,,NOISE,2024-11-16T09:00:47,22.5,,,NOISE
2026-03-04T12:44:11.114881,Map-Energy__sum__linear-conv00625-20241116_120047-20241116_180047-20.000000-25.000000.png,2024-11-16T12:00:47,2024-11-16T18:00:47,20.0,25.0,2024-11-16T15:00:47,22.5,,,NOISE,2024-11-16T15:00:47,22.5,,,NOISE,2024-11-16T15:00:47,22.5,,,NOISE,2024-11-16T15:00:47,22.5,,,NOISE
2026-03-04T12:44:12.826914,Map-Energy__sum__linear-conv00635-20241116_180047-20241117_000047-20.000000-25.000000.png,2024-11-16T18:00:47,2024-11-17T00:00:47,20.0,25.0,2024-11-16T21:00:47,22.5,,,NOISE,2024-11-16T21:00:47,22.5,,,NOISE,2024-11-16T21:00:47,22.5,,,NOISE,2024-11-16T21:00:47,22.5,,,NOISE
2026-03-04T12:44:14.850890,Map-Energy__sum__linear-conv00645-20241117_000047-20241117_060047-20.000000-25.000000.png,2024-11-17T00:00:47,2024-11-17T06:00:47,20.0,25.0,2024-11-17T03:00:47,22.5,,,NOISE,2024-11-17T03:00:47,22.5,,,NOISE,2024-11-17T03:00:47,22.5,,,NOISE,2024-11-17T03:00:47,22.5,,,NOISE
2026-03-04T12:44:22.346885,Map-Energy__sum__linear-conv00655-20241117_060047-20241117_120047-20.000000-25.000000.png,2024-11-17T06:00:47,2024-11-17T12:00:47,20.0,25.0,2024-11-17T09:00:47,22.5,,,NOISE,2024-11-17T09:00:47,22.5,,,NOISE,2024-11-17T09:00:47,22.5,,,NOISE,2024-11-17T09:00:47,22.5,,,NOISE
2026-03-04T12:44:29.154877,Map-Energy__sum__linear-conv00665-20241117_120047-20241117_180047-20.000000-25.000000.png,2024-11-17T12:00:47,2024-11-17T18:00:47,20.0,25.0,2024-11-17T12:40:57,24.180908,,,OTHER,2024-11-17T15:00:47,22.5,,,NOISE,2024-11-17T15:00:47,22.5,,,NOISE,2024-11-17T15:00:47,22.5,,,NOISE
2026-03-04T12:44:31.602722,Map-Energy__sum__linear-conv00675-20241117_180047-20241118_000047-20.000000-25.000000.png,2024-11-17T18:00:47,2024-11-18T00:00:47,20.0,25.0,2024-11-17T21:00:47,22.5,,,NOISE,2024-11-17T21:00:47,22.5,,,NOISE,2024-11-17T21:00:47,22.5,,,NOISE,2024-11-17T21:00:47,22.5,,,NOISE
2026-03-04T12:44:33.322791,Map-Energy__sum__linear-conv00685-20241118_000047-20241118_060047-20.000000-25.000000.png,2024-11-18T00:00:47,2024-11-18T06:00:47,20.0,25.0,2024-11-18T03:00:47,22.5,,,NOISE,2024-11-18T03:00:47,22.5,,,NOISE,2024-11-18T03:00:47,22.5,,,NOISE,2024-11-18T03:00:47,22.5,,,NOISE
2026-03-04T12:44:34.826841,Map-Energy__sum__linear-conv00695-20241118_060047-20241118_120047-20.000000-25.000000.png,2024-11-18T06:00:47,2024-11-18T12:00:47,20.0,25.0,2024-11-18T09:00:47,22.5,,,NOISE,2024-11-18T09:00:47,22.5,,,NOISE,2024-11-18T09:00:47,22.5,,,NOISE,2024-11-18T09:00:47,22.5,,,NOISE
2026-03-04T12:44:37.106762,Map-Energy__sum__linear-conv00705-20241118_120047-20241118_180047-20.000000-25.000000.png,2024-11-18T12:00:47,2024-11-18T18:00:47,20.0,25.0,2024-11-18T15:00:47,22.5,,,NOISE,2024-11-18T15:00:47,22.5,,,NOISE,2024-11-18T15:00:47,22.5,,,NOISE,2024-11-18T15:00:47,22.5,,,NOISE
2026-03-04T12:44:38.594759,Map-Energy__sum__linear-conv00715-20241118_180047-20241119_000047-20.000000-25.000000.png,2024-11-18T18:00:47,2024-11-19T00:00:47,20.0,25.0,2024-11-18T21:00:47,22.5,,,NOISE,2024-11-18T21:00:47,22.5,,,NOISE,2024-11-18T21:00:47,22.5,,,NOISE,2024-11-18T21:00:47,22.5,,,NOISE
2026-03-04T12:44:40.474746,Map-Energy__sum__linear-conv00725-20241119_000047-20241119_060047-20.000000-25.000000.png,2024-11-19T00:00:47,2024-11-19T06:00:47,20.0,25.0,2024-11-19T03:00:47,22.5,,,NOISE,2024-11-19T03:00:47,22.5,,,NOISE,2024-11-19T03:00:47,22.5,,,NOISE,2024-11-19T03:00:47,22.5,,,NOISE
2026-03-04T12:44:42.298883,Map-Energy__sum__linear-conv00735-20241119_060047-20241119_120047-20.000000-25.000000.png,2024-11-19T06:00:47,2024-11-19T12:00:47,20.0,25.0,2024-11-19T09:00:47,22.5,,,NOISE,2024-11-19T09:00:47,22.5,,,NOISE,2024-11-19T09:00:47,22.5,,,NOISE,2024-11-19T09:00:47,22.5,,,NOISE
2026-03-04T12:44:46.394844,Map-Energy__sum__linear-conv00745-20241119_120047-20241119_180047-20.000000-25.000000.png,2024-11-19T12:00:47,2024-11-19T18:00:47,20.0,25.0,2024-11-19T15:00:47,22.5,,,NOISE,2024-11-19T15:00:47,22.5,,,NOISE,2024-11-19T15:00:47,22.5,,,NOISE,2024-11-19T15:00:47,22.5,,,NOISE
2026-03-04T12:44:47.778744,Map-Energy__sum__linear-conv00755-20241119_180047-20241120_000047-20.000000-25.000000.png,2024-11-19T18:00:47,2024-11-20T00:00:47,20.0,25.0,2024-11-19T21:00:47,22.5,,,NOISE,2024-11-19T21:00:47,22.5,,,NOISE,2024-11-19T21:00:47,22.5,,,NOISE,2024-11-19T21:00:47,22.5,,,NOISE
2026-03-04T12:44:49.266859,Map-Energy__sum__linear-conv00765-20241120_000047-20241120_060047-20.000000-25.000000.png,2024-11-20T00:00:47,2024-11-20T06:00:47,20.0,25.0,2024-11-20T03:00:47,22.5,,,NOISE,2024-11-20T03:00:47,22.5,,,NOISE,2024-11-20T03:00:47,22.5,,,NOISE,2024-11-20T03:00:47,22.5,,,NOISE
2026-03-04T12:44:50.378827,Map-Energy__sum__linear-conv00775-20241120_060047-20241120_120047-20.000000-25.000000.png,2024-11-20T06:00:47,2024-11-20T12:00:47,20.0,25.0,2024-11-20T09:00:47,22.5,,,NOISE,2024-11-20T09:00:47,22.5,,,NOISE,2024-11-20T09:00:47,22.5,,,NOISE,2024-11-20T09:00:47,22.5,,,NOISE
2026-03-04T12:44:51.338816,Map-Energy__sum__linear-conv00785-20241120_120047-20241120_180047-20.000000-25.000000.png,2024-11-20T12:00:47,2024-11-20T18:00:47,20.0,25.0,2024-11-20T15:00:47,22.5,,,NOISE,2024-11-20T15:00:47,22.5,,,NOISE,2024-11-20T15:00:47,22.5,,,NOISE,2024-11-20T15:00:47,22.5,,,NOISE
2026-03-04T12:44:55.796023,Map-Energy__sum__linear-conv00795-20241120_180047-20241121_000047-20.000000-25.000000.png,2024-11-20T18:00:47,2024-11-21T00:00:47,20.0,25.0,2024-11-20T21:00:47,22.5,,,NOISE,2024-11-20T21:00:47,22.5,,,NOISE,2024-11-20T21:00:47,22.5,,,NOISE,2024-11-20T21:00:47,22.5,,,NOISE
2026-03-04T12:44:56.658692,Map-Energy__sum__linear-conv00805-20241121_000047-20241121_060047-20.000000-25.000000.png,2024-11-21T00:00:47,2024-11-21T06:00:47,20.0,25.0,2024-11-21T03:00:47,22.5,,,NOISE,2024-11-21T03:00:47,22.5,,,NOISE,2024-11-21T03:00:47,22.5,,,NOISE,2024-11-21T03:00:47,22.5,,,NOISE
2026-03-04T12:44:57.947097,Map-Energy__sum__linear-conv00815-20241121_060047-20241121_120047-20.000000-25.000000.png,2024-11-21T06:00:47,2024-11-21T12:00:47,20.0,25.0,2024-11-21T09:00:47,22.5,,,NOISE,2024-11-21T09:00:47,22.5,,,NOISE,2024-11-21T09:00:47,22.5,,,NOISE,2024-11-21T09:00:47,22.5,,,NOISE
2026-03-04T12:44:59.138588,Map-Energy__sum__linear-conv00825-20241121_120047-20241121_180047-20.000000-25.000000.png,2024-11-21T12:00:47,2024-11-21T18:00:47,20.0,25.0,2024-11-21T15:00:47,22.5,,,NOISE,2024-11-21T15:00:47,22.5,,,NOISE,2024-11-21T15:00:47,22.5,,,NOISE,2024-11-21T15:00:47,22.5,,,NOISE
2026-03-04T12:45:00.266850,Map-Energy__sum__linear-conv00835-20241121_180047-20241122_000047-20.000000-25.000000.png,2024-11-21T18:00:47,2024-11-22T00:00:47,20.0,25.0,2024-11-21T21:00:47,22.5,,,NOISE,2024-11-21T21:00:47,22.5,,,NOISE,2024-11-21T21:00:47,22.5,,,NOISE,2024-11-21T21:00:47,22.5,,,NOISE
2026-03-04T12:45:01.330686,Map-Energy__sum__linear-conv00845-20241122_000047-20241122_060047-20.000000-25.000000.png,2024-11-22T00:00:47,2024-11-22T06:00:47,20.0,25.0,2024-11-22T03:00:47,22.5,,,NOISE,2024-11-22T03:00:47,22.5,,,NOISE,2024-11-22T03:00:47,22.5,,,NOISE,2024-11-22T03:00:47,22.5,,,NOISE
2026-03-04T12:45:02.474918,Map-Energy__sum__linear-conv00855-20241122_060047-20241122_120047-20.000000-25.000000.png,2024-11-22T06:00:47,2024-11-22T12:00:47,20.0,25.0,2024-11-22T09:00:47,22.5,,,NOISE,2024-11-22T09:00:47,22.5,,,NOISE,2024-11-22T09:00:47,22.5,,,NOISE,2024-11-22T09:00:47,22.5,,,NOISE
2026-03-04T12:45:03.490728,Map-Energy__sum__linear-conv00865-20241122_120047-20241122_180047-20.000000-25.000000.png,2024-11-22T12:00:47,2024-11-22T18:00:47,20.0,25.0,2024-11-22T15:00:47,22.5,,,NOISE,2024-11-22T15:00:47,22.5,,,NOISE,2024-11-22T15:00:47,22.5,,,NOISE,2024-11-22T15:00:47,22.5,,,NOISE
2026-03-04T12:45:04.466817,Map-Energy__sum__linear-conv00875-20241122_180047-20241123_000047-20.000000-25.000000.png,2024-11-22T18:00:47,2024-11-23T00:00:47,20.0,25.0,2024-11-22T21:00:47,22.5,,,NOISE,2024-11-22T21:00:47,22.5,,,NOISE,2024-11-22T21:00:47,22.5,,,NOISE,2024-11-22T21:00:47,22.5,,,NOISE
2026-03-04T12:45:05.370855,Map-Energy__sum__linear-conv00885-20241123_000047-20241123_060047-20.000000-25.000000.png,2024-11-23T00:00:47,2024-11-23T06:00:47,20.0,25.0,2024-11-23T03:00:47,22.5,,,NOISE,2024-11-23T03:00:47,22.5,,,NOISE,2024-11-23T03:00:47,22.5,,,NOISE,2024-11-23T03:00:47,22.5,,,NOISE
2026-03-04T12:45:06.314808,Map-Energy__sum__linear-conv00895-20241123_060047-20241123_120047-20.000000-25.000000.png,2024-11-23T06:00:47,2024-11-23T12:00:47,20.0,25.0,2024-11-23T09:00:47,22.5,,,NOISE,2024-11-23T09:00:47,22.5,,,NOISE,2024-11-23T09:00:47,22.5,,,NOISE,2024-11-23T09:00:47,22.5,,,NOISE
2026-03-04T12:45:07.258762,Map-Energy__sum__linear-conv00905-20241123_120047-20241123_180047-20.000000-25.000000.png,2024-11-23T12:00:47,2024-11-23T18:00:47,20.0,25.0,2024-11-23T15:00:47,22.5,,,NOISE,2024-11-23T15:00:47,22.5,,,NOISE,2024-11-23T15:00:47,22.5,,,NOISE,2024-11-23T15:00:47,22.5,,,NOISE
2026-03-04T12:45:08.370816,Map-Energy__sum__linear-conv00915-20241123_180047-20241124_000047-20.000000-25.000000.png,2024-11-23T18:00:47,2024-11-24T00:00:47,20.0,25.0,2024-11-23T21:00:47,22.5,,,NOISE,2024-11-23T21:00:47,22.5,,,NOISE,2024-11-23T21:00:47,22.5,,,NOISE,2024-11-23T21:00:47,22.5,,,NOISE
2026-03-04T12:45:10.058839,Map-Energy__sum__linear-conv00925-20241124_000047-20241124_060047-20.000000-25.000000.png,2024-11-24T00:00:47,2024-11-24T06:00:47,20.0,25.0,2024-11-24T03:00:47,22.5,,,NOISE,2024-11-24T03:00:47,22.5,,,NOISE,2024-11-24T03:00:47,22.5,,,NOISE,2024-11-24T03:00:47,22.5,,,NOISE
2026-03-04T12:45:12.738663,Map-Energy__sum__linear-conv00935-20241124_060047-20241124_120047-20.000000-25.000000.png,2024-11-24T06:00:47,2024-11-24T12:00:47,20.0,25.0,2024-11-24T09:00:47,22.5,,,NOISE,2024-11-24T09:00:47,22.5,,,NOISE,2024-11-24T09:00:47,22.5,,,NOISE,2024-11-24T09:00:47,22.5,,,NOISE
2026-03-04T12:45:14.818784,Map-Energy__sum__linear-conv00945-20241124_120047-20241124_180047-20.000000-25.000000.png,2024-11-24T12:00:47,2024-11-24T18:00:47,20.0,25.0,2024-11-24T15:00:47,22.5,,,NOISE,2024-11-24T15:00:47,22.5,,,NOISE,2024-11-24T15:00:47,22.5,,,NOISE,2024-11-24T15:00:47,22.5,,,NOISE
2026-03-04T12:45:16.242822,Map-Energy__sum__linear-conv00955-20241124_180047-20241125_000047-20.000000-25.000000.png,2024-11-24T18:00:47,2024-11-25T00:00:47,20.0,25.0,2024-11-24T21:00:47,22.5,,,NOISE,2024-11-24T21:00:47,22.5,,,NOISE,2024-11-24T21:00:47,22.5,,,NOISE,2024-11-24T21:00:47,22.5,,,NOISE
2026-03-04T12:45:17.362755,Map-Energy__sum__linear-conv00965-20241125_000047-20241125_060047-20.000000-25.000000.png,2024-11-25T00:00:47,2024-11-25T06:00:47,20.0,25.0,2024-11-25T03:00:47,22.5,,,NOISE,2024-11-25T03:00:47,22.5,,,NOISE,2024-11-25T03:00:47,22.5,,,NOISE,2024-11-25T03:00:47,22.5,,,NOISE
2026-03-04T12:45:19.906963,Map-Energy__sum__linear-conv00975-20241125_060047-20241125_120047-20.000000-25.000000.png,2024-11-25T06:00:47,2024-11-25T12:00:47,20.0,25.0,2024-11-25T09:00:47,22.5,,,NOISE,2024-11-25T09:00:47,22.5,,,NOISE,2024-11-25T09:00:47,22.5,,,NOISE,2024-11-25T09:00:47,22.5,,,NOISE
2026-03-04T12:45:27.778774,Map-Energy__sum__linear-conv00985-20241125_120047-20241125_180047-20.000000-25.000000.png,2024-11-25T12:00:47,2024-11-25T18:00:47,20.0,25.0,2024-11-25T15:00:47,22.5,,,NOISE,2024-11-25T15:00:47,22.5,,,NOISE,2024-11-25T15:00:47,22.5,,,NOISE,2024-11-25T15:00:47,22.5,,,NOISE
2026-03-04T12:45:31.026758,Map-Energy__sum__linear-conv00995-20241125_180047-20241126_000047-20.000000-25.000000.png,2024-11-25T18:00:47,2024-11-26T00:00:47,20.0,25.0,2024-11-25T21:00:47,22.5,,,NOISE,2024-11-25T21:00:47,22.5,,,NOISE,2024-11-25T21:00:47,22.5,,,NOISE,2024-11-25T21:00:47,22.5,,,NOISE
2026-03-04T12:45:33.570916,Map-Energy__sum__linear-conv01005-20241126_000047-20241126_060047-20.000000-25.000000.png,2024-11-26T00:00:47,2024-11-26T06:00:47,20.0,25.0,2024-11-26T03:00:47,22.5,,,NOISE,2024-11-26T03:00:47,22.5,,,NOISE,2024-11-26T03:00:47,22.5,,,NOISE,2024-11-26T03:00:47,22.5,,,NOISE
2026-03-04T12:45:41.498749,Map-Energy__sum__linear-conv01015-20241126_060047-20241126_120047-20.000000-25.000000.png,2024-11-26T06:00:47,2024-11-26T12:00:47,20.0,25.0,2024-11-26T09:00:47,22.5,,,NOISE,2024-11-26T09:00:47,22.5,,,NOISE,2024-11-26T09:00:47,22.5,,,NOISE,2024-11-26T09:00:47,22.5,,,NOISE
2026-03-04T12:46:33.066538,Map-Energy__sum__linear-conv01025-20241126_120047-20241126_180047-20.000000-25.000000.png,2024-11-26T12:00:47,2024-11-26T18:00:47,20.0,25.0,2024-11-26T14:08:20,24.305419,,,OTHER,2024-11-26T15:00:47,22.5,,,NOISE,2024-11-26T15:00:47,22.5,,,NOISE,2024-11-26T15:00:47,22.5,,,NOISE
2026-03-04T12:46:34.250422,Map-Energy__sum__linear-conv01035-20241126_180047-20241127_000047-20.000000-25.000000.png,2024-11-26T18:00:47,2024-11-27T00:00:47,20.0,25.0,2024-11-26T21:00:47,22.5,,,NOISE,2024-11-26T21:00:47,22.5,,,NOISE,2024-11-26T21:00:47,22.5,,,NOISE,2024-11-26T21:00:47,22.5,,,NOISE
2026-03-04T12:46:35.882362,Map-Energy__sum__linear-conv01045-20241127_000047-20241127_060047-20.000000-25.000000.png,2024-11-27T00:00:47,2024-11-27T06:00:47,20.0,25.0,2024-11-27T03:00:47,22.5,,,NOISE,2024-11-27T03:00:47,22.5,,,NOISE,2024-11-27T03:00:47,22.5,,,NOISE,2024-11-27T03:00:47,22.5,,,NOISE
2026-03-04T12:46:37.338231,Map-Energy__sum__linear-conv01055-20241127_060047-20241127_120047-20.000000-25.000000.png,2024-11-27T06:00:47,2024-11-27T12:00:47,20.0,25.0,2024-11-27T09:00:47,22.5,,,NOISE,2024-11-27T09:00:47,22.5,,,NOISE,2024-11-27T09:00:47,22.5,,,NOISE,2024-11-27T09:00:47,22.5,,,NOISE
2026-03-04T12:46:44.203198,Map-Energy__sum__linear-conv01065-20241127_120047-20241127_180047-20.000000-25.000000.png,2024-11-27T12:00:47,2024-11-27T18:00:47,20.0,25.0,2024-11-27T15:00:47,22.5,,,NOISE,2024-11-27T15:00:47,22.5,,,NOISE,2024-11-27T15:00:47,22.5,,,NOISE,2024-11-27T15:00:47,22.5,,,NOISE
2026-03-04T12:46:46.706739,Map-Energy__sum__linear-conv01075-20241127_180047-20241128_000047-20.000000-25.000000.png,2024-11-27T18:00:47,2024-11-28T00:00:47,20.0,25.0,2024-11-27T21:00:47,22.5,,,NOISE,2024-11-27T21:00:47,22.5,,,NOISE,2024-11-27T21:00:47,22.5,,,NOISE,2024-11-27T21:00:47,22.5,,,NOISE
2026-03-04T12:46:48.874768,Map-Energy__sum__linear-conv01085-20241128_000047-20241128_060047-20.000000-25.000000.png,2024-11-28T00:00:47,2024-11-28T06:00:47,20.0,25.0,2024-11-28T03:00:47,22.5,,,NOISE,2024-11-28T03:00:47,22.5,,,NOISE,2024-11-28T03:00:47,22.5,,,NOISE,2024-11-28T03:00:47,22.5,,,NOISE
2026-03-04T12:46:53.386566,Map-Energy__sum__linear-conv01095-20241128_060047-20241128_120047-20.000000-25.000000.png,2024-11-28T06:00:47,2024-11-28T12:00:47,20.0,25.0,2024-11-28T09:00:47,22.5,,,NOISE,2024-11-28T09:00:47,22.5,,,NOISE,2024-11-28T09:00:47,22.5,,,NOISE,2024-11-28T09:00:47,22.5,,,NOISE
2026-03-04T12:46:55.858703,Map-Energy__sum__linear-conv01105-20241128_120047-20241128_180047-20.000000-25.000000.png,2024-11-28T12:00:47,2024-11-28T18:00:47,20.0,25.0,2024-11-28T15:00:47,22.5,,,NOISE,2024-11-28T15:00:47,22.5,,,NOISE,2024-11-28T15:00:47,22.5,,,NOISE,2024-11-28T15:00:47,22.5,,,NOISE
2026-03-04T12:46:58.338633,Map-Energy__sum__linear-conv01115-20241128_180047-20241129_000047-20.000000-25.000000.png,2024-11-28T18:00:47,2024-11-29T00:00:47,20.0,25.0,2024-11-28T21:00:47,22.5,,,NOISE,2024-11-28T21:00:47,22.5,,,NOISE,2024-11-28T21:00:47,22.5,,,NOISE,2024-11-28T21:00:47,22.5,,,NOISE
2026-03-04T12:46:59.690775,Map-Energy__sum__linear-conv01125-20241129_000047-20241129_060047-20.000000-25.000000.png,2024-11-29T00:00:47,2024-11-29T06:00:47,20.0,25.0,2024-11-29T03:00:47,22.5,,,NOISE,2024-11-29T03:00:47,22.5,,,NOISE,2024-11-29T03:00:47,22.5,,,NOISE,2024-11-29T03:00:47,22.5,,,NOISE
2026-03-04T12:47:01.610723,Map-Energy__sum__linear-conv01135-20241129_060047-20241129_120047-20.000000-25.000000.png,2024-11-29T06:00:47,2024-11-29T12:00:47,20.0,25.0,2024-11-29T09:00:47,22.5,,,NOISE,2024-11-29T09:00:47,22.5,,,NOISE,2024-11-29T09:00:47,22.5,,,NOISE,2024-11-29T09:00:47,22.5,,,NOISE
2026-03-04T12:47:04.186614,Map-Energy__sum__linear-conv01145-20241129_120047-20241129_180047-20.000000-25.000000.png,2024-11-29T12:00:47,2024-11-29T18:00:47,20.0,25.0,2024-11-29T15:00:47,22.5,,,NOISE,2024-11-29T15:00:47,22.5,,,NOISE,2024-11-29T15:00:47,22.5,,,NOISE,2024-11-29T15:00:47,22.5,,,NOISE
2026-03-04T12:47:06.138666,Map-Energy__sum__linear-conv01155-20241129_180047-20241130_000047-20.000000-25.000000.png,2024-11-29T18:00:47,2024-11-30T00:00:47,20.0,25.0,2024-11-29T21:00:47,22.5,,,NOISE,2024-11-29T21:00:47,22.5,,,NOISE,2024-11-29T21:00:47,22.5,,,NOISE,2024-11-29T21:00:47,22.5,,,NOISE
2026-03-04T12:47:07.418707,Map-Energy__sum__linear-conv01165-20241130_000047-20241130_060047-20.000000-25.000000.png,2024-11-30T00:00:47,2024-11-30T06:00:47,20.0,25.0,2024-11-30T03:00:47,22.5,,,NOISE,2024-11-30T03:00:47,22.5,,,NOISE,2024-11-30T03:00:47,22.5,,,NOISE,2024-11-30T03:00:47,22.5,,,NOISE
2026-03-04T12:47:08.762555,Map-Energy__sum__linear-conv01175-20241130_060047-20241130_120047-20.000000-25.000000.png,2024-11-30T06:00:47,2024-11-30T12:00:47,20.0,25.0,2024-11-30T09:00:47,22.5,,,NOISE,2024-11-30T09:00:47,22.5,,,NOISE,2024-11-30T09:00:47,22.5,,,NOISE,2024-11-30T09:00:47,22.5,,,NOISE
2026-03-04T12:47:10.010839,Map-Energy__sum__linear-conv01185-20241130_120047-20241130_180047-20.000000-25.000000.png,2024-11-30T12:00:47,2024-11-30T18:00:47,20.0,25.0,2024-11-30T15:00:47,22.5,,,NOISE,2024-11-30T15:00:47,22.5,,,NOISE,2024-11-30T15:00:47,22.5,,,NOISE,2024-11-30T15:00:47,22.5,,,NOISE
2026-03-04T12:47:11.123009,Map-Energy__sum__linear-conv01195-20241130_180047-20241201_000047-20.000000-25.000000.png,2024-11-30T18:00:47,2024-12-01T00:00:47,20.0,25.0,2024-11-30T21:00:47,22.5,,,NOISE,2024-11-30T21:00:47,22.5,,,NOISE,2024-11-30T21:00:47,22.5,,,NOISE,2024-11-30T21:00:47,22.5,,,NOISE
2026-03-04T12:47:12.202828,Map-Energy__sum__linear-conv00006-20241101_000047-20241101_060047-25.000000-30.000000.png,2024-11-01T00:00:47,2024-11-01T06:00:47,25.0,30.0,2024-11-01T03:00:47,27.5,,,NOISE,2024-11-01T03:00:47,27.5,,,NOISE,2024-11-01T03:00:47,27.5,,,NOISE,2024-11-01T03:00:47,27.5,,,NOISE
2026-03-04T12:47:13.234894,Map-Energy__sum__linear-conv00016-20241101_060047-20241101_120047-25.000000-30.000000.png,2024-11-01T06:00:47,2024-11-01T12:00:47,25.0,30.0,2024-11-01T09:00:47,27.5,,,NOISE,2024-11-01T09:00:47,27.5,,,NOISE,2024-11-01T09:00:47,27.5,,,NOISE,2024-11-01T09:00:47,27.5,,,NOISE
2026-03-04T12:47:14.338649,Map-Energy__sum__linear-conv00026-20241101_120047-20241101_180047-25.000000-30.000000.png,2024-11-01T12:00:47,2024-11-01T18:00:47,25.0,30.0,2024-11-01T15:00:47,27.5,,,NOISE,2024-11-01T15:00:47,27.5,,,NOISE,2024-11-01T15:00:47,27.5,,,NOISE,2024-11-01T15:00:47,27.5,,,NOISE
2026-03-04T12:47:15.346713,Map-Energy__sum__linear-conv00036-20241101_180047-20241102_000047-25.000000-30.000000.png,2024-11-01T18:00:47,2024-11-02T00:00:47,25.0,30.0,2024-11-01T21:00:47,27.5,,,NOISE,2024-11-01T21:00:47,27.5,,,NOISE,2024-11-01T21:00:47,27.5,,,NOISE,2024-11-01T21:00:47,27.5,,,NOISE
2026-03-04T12:47:16.450608,Map-Energy__sum__linear-conv00046-20241102_000047-20241102_060047-25.000000-30.000000.png,2024-11-02T00:00:47,2024-11-02T06:00:47,25.0,30.0,2024-11-02T03:00:47,27.5,,,NOISE,2024-11-02T03:00:47,27.5,,,NOISE,2024-11-02T03:00:47,27.5,,,NOISE,2024-11-02T03:00:47,27.5,,,NOISE
2026-03-04T12:47:17.482782,Map-Energy__sum__linear-conv00056-20241102_060047-20241102_120047-25.000000-30.000000.png,2024-11-02T06:00:47,2024-11-02T12:00:47,25.0,30.0,2024-11-02T09:00:47,27.5,,,NOISE,2024-11-02T09:00:47,27.5,,,NOISE,2024-11-02T09:00:47,27.5,,,NOISE,2024-11-02T09:00:47,27.5,,,NOISE
2026-03-04T12:47:18.562721,Map-Energy__sum__linear-conv00066-20241102_120047-20241102_180047-25.000000-30.000000.png,2024-11-02T12:00:47,2024-11-02T18:00:47,25.0,30.0,2024-11-02T15:00:47,27.5,,,NOISE,2024-11-02T15:00:47,27.5,,,NOISE,2024-11-02T15:00:47,27.5,,,NOISE,2024-11-02T15:00:47,27.5,,,NOISE
2026-03-04T12:47:19.690972,Map-Energy__sum__linear-conv00076-20241102_180047-20241103_000047-25.000000-30.000000.png,2024-11-02T18:00:47,2024-11-03T00:00:47,25.0,30.0,2024-11-02T21:00:47,27.5,,,NOISE,2024-11-02T21:00:47,27.5,,,NOISE,2024-11-02T21:00:47,27.5,,,NOISE,2024-11-02T21:00:47,27.5,,,NOISE
2026-03-04T12:47:20.610734,Map-Energy__sum__linear-conv00086-20241103_000047-20241103_060047-25.000000-30.000000.png,2024-11-03T00:00:47,2024-11-03T06:00:47,25.0,30.0,2024-11-03T03:00:47,27.5,,,NOISE,2024-11-03T03:00:47,27.5,,,NOISE,2024-11-03T03:00:47,27.5,,,NOISE,2024-11-03T03:00:47,27.5,,,NOISE
2026-03-04T12:47:22.130608,Map-Energy__sum__linear-conv00096-20241103_060047-20241103_120047-25.000000-30.000000.png,2024-11-03T06:00:47,2024-11-03T12:00:47,25.0,30.0,2024-11-03T09:00:47,27.5,,,NOISE,2024-11-03T09:00:47,27.5,,,NOISE,2024-11-03T09:00:47,27.5,,,NOISE,2024-11-03T09:00:47,27.5,,,NOISE
2026-03-04T12:47:23.418627,Map-Energy__sum__linear-conv00106-20241103_120047-20241103_180047-25.000000-30.000000.png,2024-11-03T12:00:47,2024-11-03T18:00:47,25.0,30.0,2024-11-03T15:00:47,27.5,,,NOISE,2024-11-03T15:00:47,27.5,,,NOISE,2024-11-03T15:00:47,27.5,,,NOISE,2024-11-03T15:00:47,27.5,,,NOISE
2026-03-04T12:47:24.458707,Map-Energy__sum__linear-conv00116-20241103_180047-20241104_000047-25.000000-30.000000.png,2024-11-03T18:00:47,2024-11-04T00:00:47,25.0,30.0,2024-11-03T21:00:47,27.5,,,NOISE,2024-11-03T21:00:47,27.5,,,NOISE,2024-11-03T21:00:47,27.5,,,NOISE,2024-11-03T21:00:47,27.5,,,NOISE
2026-03-04T12:47:25.450686,Map-Energy__sum__linear-conv00126-20241104_000047-20241104_060047-25.000000-30.000000.png,2024-11-04T00:00:47,2024-11-04T06:00:47,25.0,30.0,2024-11-04T03:00:47,27.5,,,NOISE,2024-11-04T03:00:47,27.5,,,NOISE,2024-11-04T03:00:47,27.5,,,NOISE,2024-11-04T03:00:47,27.5,,,NOISE
2026-03-04T12:47:26.986636,Map-Energy__sum__linear-conv00136-20241104_060047-20241104_120047-25.000000-30.000000.png,2024-11-04T06:00:47,2024-11-04T12:00:47,25.0,30.0,2024-11-04T09:00:47,27.5,,,NOISE,2024-11-04T09:00:47,27.5,,,NOISE,2024-11-04T09:00:47,27.5,,,NOISE,2024-11-04T09:00:47,27.5,,,NOISE
2026-03-04T12:47:28.074626,Map-Energy__sum__linear-conv00146-20241104_120047-20241104_180047-25.000000-30.000000.png,2024-11-04T12:00:47,2024-11-04T18:00:47,25.0,30.0,2024-11-04T15:00:47,27.5,,,NOISE,2024-11-04T15:00:47,27.5,,,NOISE,2024-11-04T15:00:47,27.5,,,NOISE,2024-11-04T15:00:47,27.5,,,NOISE
2026-03-04T12:47:29.178639,Map-Energy__sum__linear-conv00156-20241104_180047-20241105_000047-25.000000-30.000000.png,2024-11-04T18:00:47,2024-11-05T00:00:47,25.0,30.0,2024-11-04T21:00:47,27.5,,,NOISE,2024-11-04T21:00:47,27.5,,,NOISE,2024-11-04T21:00:47,27.5,,,NOISE,2024-11-04T21:00:47,27.5,,,NOISE
2026-03-04T12:47:30.394497,Map-Energy__sum__linear-conv00166-20241105_000047-20241105_060047-25.000000-30.000000.png,2024-11-05T00:00:47,2024-11-05T06:00:47,25.0,30.0,2024-11-05T03:00:47,27.5,,,NOISE,2024-11-05T03:00:47,27.5,,,NOISE,2024-11-05T03:00:47,27.5,,,NOISE,2024-11-05T03:00:47,27.5,,,NOISE
2026-03-04T12:47:31.426657,Map-Energy__sum__linear-conv00176-20241105_060047-20241105_120047-25.000000-30.000000.png,2024-11-05T06:00:47,2024-11-05T12:00:47,25.0,30.0,2024-11-05T09:00:47,27.5,,,NOISE,2024-11-05T09:00:47,27.5,,,NOISE,2024-11-05T09:00:47,27.5,,,NOISE,2024-11-05T09:00:47,27.5,,,NOISE
2026-03-04T12:47:32.738548,Map-Energy__sum__linear-conv00186-20241105_120047-20241105_180047-25.000000-30.000000.png,2024-11-05T12:00:47,2024-11-05T18:00:47,25.0,30.0,2024-11-05T15:00:47,27.5,,,NOISE,2024-11-05T15:00:47,27.5,,,NOISE,2024-11-05T15:00:47,27.5,,,NOISE,2024-11-05T15:00:47,27.5,,,NOISE
2026-03-04T12:47:34.306553,Map-Energy__sum__linear-conv00196-20241105_180047-20241106_000047-25.000000-30.000000.png,2024-11-05T18:00:47,2024-11-06T00:00:47,25.0,30.0,2024-11-05T21:00:47,27.5,,,NOISE,2024-11-05T21:00:47,27.5,,,NOISE,2024-11-05T21:00:47,27.5,,,NOISE,2024-11-05T21:00:47,27.5,,,NOISE
2026-03-04T12:47:35.362532,Map-Energy__sum__linear-conv00206-20241106_000047-20241106_060047-25.000000-30.000000.png,2024-11-06T00:00:47,2024-11-06T06:00:47,25.0,30.0,2024-11-06T03:00:47,27.5,,,NOISE,2024-11-06T03:00:47,27.5,,,NOISE,2024-11-06T03:00:47,27.5,,,NOISE,2024-11-06T03:00:47,27.5,,,NOISE
2026-03-04T12:47:36.490528,Map-Energy__sum__linear-conv00216-20241106_060047-20241106_120047-25.000000-30.000000.png,2024-11-06T06:00:47,2024-11-06T12:00:47,25.0,30.0,2024-11-06T09:00:47,27.5,,,NOISE,2024-11-06T09:00:47,27.5,,,NOISE,2024-11-06T09:00:47,27.5,,,NOISE,2024-11-06T09:00:47,27.5,,,NOISE
2026-03-04T12:47:49.714710,Map-Energy__sum__linear-conv00226-20241106_120047-20241106_180047-25.000000-30.000000.png,2024-11-06T12:00:47,2024-11-06T18:00:47,25.0,30.0,2024-11-06T15:00:47,27.5,,,NOISE,2024-11-06T15:00:47,27.5,,,NOISE,2024-11-06T15:00:47,27.5,,,NOISE,2024-11-06T15:00:47,27.5,,,NOISE
2026-03-04T12:47:50.970530,Map-Energy__sum__linear-conv00236-20241106_180047-20241107_000047-25.000000-30.000000.png,2024-11-06T18:00:47,2024-11-07T00:00:47,25.0,30.0,2024-11-06T21:00:47,27.5,,,NOISE,2024-11-06T21:00:47,27.5,,,NOISE,2024-11-06T21:00:47,27.5,,,NOISE,2024-11-06T21:00:47,27.5,,,NOISE
2026-03-04T12:47:52.850480,Map-Energy__sum__linear-conv00246-20241107_000047-20241107_060047-25.000000-30.000000.png,2024-11-07T00:00:47,2024-11-07T06:00:47,25.0,30.0,2024-11-07T03:00:47,27.5,,,NOISE,2024-11-07T03:00:47,27.5,,,NOISE,2024-11-07T03:00:47,27.5,,,NOISE,2024-11-07T03:00:47,27.5,,,NOISE
2026-03-04T12:47:55.418613,Map-Energy__sum__linear-conv00256-20241107_060047-20241107_120047-25.000000-30.000000.png,2024-11-07T06:00:47,2024-11-07T12:00:47,25.0,30.0,2024-11-07T09:00:47,27.5,,,NOISE,2024-11-07T09:00:47,27.5,,,NOISE,2024-11-07T09:00:47,27.5,,,NOISE,2024-11-07T09:00:47,27.5,,,NOISE
2026-03-04T12:47:57.170497,Map-Energy__sum__linear-conv00266-20241107_120047-20241107_180047-25.000000-30.000000.png,2024-11-07T12:00:47,2024-11-07T18:00:47,25.0,30.0,2024-11-07T15:00:47,27.5,,,NOISE,2024-11-07T15:00:47,27.5,,,NOISE,2024-11-07T15:00:47,27.5,,,NOISE,2024-11-07T15:00:47,27.5,,,NOISE
2026-03-04T12:47:58.386478,Map-Energy__sum__linear-conv00276-20241107_180047-20241108_000047-25.000000-30.000000.png,2024-11-07T18:00:47,2024-11-08T00:00:47,25.0,30.0,2024-11-07T21:00:47,27.5,,,NOISE,2024-11-07T21:00:47,27.5,,,NOISE,2024-11-07T21:00:47,27.5,,,NOISE,2024-11-07T21:00:47,27.5,,,NOISE
2026-03-04T12:48:39.042494,Map-Energy__sum__linear-conv00286-20241108_000047-20241108_060047-25.000000-30.000000.png,2024-11-08T00:00:47,2024-11-08T06:00:47,25.0,30.0,2024-11-08T02:38:13,25.359955,,,OTHER,2024-11-08T03:52:54,25.18097,,,OTHER,2024-11-08T03:00:47,27.5,,,NOISE,2024-11-08T03:00:47,27.5,,,NOISE
2026-03-04T12:48:48.930431,Map-Energy__sum__linear-conv00296-20241108_060047-20241108_120047-25.000000-30.000000.png,2024-11-08T06:00:47,2024-11-08T12:00:47,25.0,30.0,2024-11-08T07:54:40,26.340485,,,OTHER,2024-11-08T06:20:55,25.951386,,,OTHER,2024-11-08T09:00:47,27.5,,,NOISE,2024-11-08T09:00:47,27.5,,,NOISE
2026-03-04T12:48:52.562504,Map-Energy__sum__linear-conv00306-20241108_120047-20241108_180047-25.000000-30.000000.png,2024-11-08T12:00:47,2024-11-08T18:00:47,25.0,30.0,2024-11-08T15:00:47,27.5,,,NOISE,2024-11-08T15:00:47,27.5,,,NOISE,2024-11-08T15:00:47,27.5,,,NOISE,2024-11-08T15:00:47,27.5,,,NOISE
2026-03-04T12:48:55.106512,Map-Energy__sum__linear-conv00316-20241108_180047-20241109_000047-25.000000-30.000000.png,2024-11-08T18:00:47,2024-11-09T00:00:47,25.0,30.0,2024-11-08T21:00:47,27.5,,,NOISE,2024-11-08T21:00:47,27.5,,,NOISE,2024-11-08T21:00:47,27.5,,,NOISE,2024-11-08T21:00:47,27.5,,,NOISE
2026-03-04T12:48:56.922492,Map-Energy__sum__linear-conv00326-20241109_000047-20241109_060047-25.000000-30.000000.png,2024-11-09T00:00:47,2024-11-09T06:00:47,25.0,30.0,2024-11-09T03:00:47,27.5,,,NOISE,2024-11-09T03:00:47,27.5,,,NOISE,2024-11-09T03:00:47,27.5,,,NOISE,2024-11-09T03:00:47,27.5,,,NOISE
2026-03-04T12:48:58.234484,Map-Energy__sum__linear-conv00336-20241109_060047-20241109_120047-25.000000-30.000000.png,2024-11-09T06:00:47,2024-11-09T12:00:47,25.0,30.0,2024-11-09T09:00:47,27.5,,,NOISE,2024-11-09T09:00:47,27.5,,,NOISE,2024-11-09T09:00:47,27.5,,,NOISE,2024-11-09T09:00:47,27.5,,,NOISE
2026-03-04T12:48:59.650445,Map-Energy__sum__linear-conv00346-20241109_120047-20241109_180047-25.000000-30.000000.png,2024-11-09T12:00:47,2024-11-09T18:00:47,25.0,30.0,2024-11-09T15:00:47,27.5,,,NOISE,2024-11-09T15:00:47,27.5,,,NOISE,2024-11-09T15:00:47,27.5,,,NOISE,2024-11-09T15:00:47,27.5,,,NOISE
2026-03-04T12:49:00.890418,Map-Energy__sum__linear-conv00356-20241109_180047-20241110_000047-25.000000-30.000000.png,2024-11-09T18:00:47,2024-11-10T00:00:47,25.0,30.0,2024-11-09T21:00:47,27.5,,,NOISE,2024-11-09T21:00:47,27.5,,,NOISE,2024-11-09T21:00:47,27.5,,,NOISE,2024-11-09T21:00:47,27.5,,,NOISE
2026-03-04T12:49:02.154128,Map-Energy__sum__linear-conv00366-20241110_000047-20241110_060047-25.000000-30.000000.png,2024-11-10T00:00:47,2024-11-10T06:00:47,25.0,30.0,2024-11-10T03:00:47,27.5,,,NOISE,2024-11-10T03:00:47,27.5,,,NOISE,2024-11-10T03:00:47,27.5,,,NOISE,2024-11-10T03:00:47,27.5,,,NOISE
2026-03-04T12:49:03.370408,Map-Energy__sum__linear-conv00376-20241110_060047-20241110_120047-25.000000-30.000000.png,2024-11-10T06:00:47,2024-11-10T12:00:47,25.0,30.0,2024-11-10T09:00:47,27.5,,,NOISE,2024-11-10T09:00:47,27.5,,,NOISE,2024-11-10T09:00:47,27.5,,,NOISE,2024-11-10T09:00:47,27.5,,,NOISE
2026-03-04T12:49:04.498517,Map-Energy__sum__linear-conv00386-20241110_120047-20241110_180047-25.000000-30.000000.png,2024-11-10T12:00:47,2024-11-10T18:00:47,25.0,30.0,2024-11-10T15:00:47,27.5,,,NOISE,2024-11-10T15:00:47,27.5,,,NOISE,2024-11-10T15:00:47,27.5,,,NOISE,2024-11-10T15:00:47,27.5,,,NOISE
2026-03-04T12:49:05.930369,Map-Energy__sum__linear-conv00396-20241110_180047-20241111_000047-25.000000-30.000000.png,2024-11-10T18:00:47,2024-11-11T00:00:47,25.0,30.0,2024-11-10T21:00:47,27.5,,,NOISE,2024-11-10T21:00:47,27.5,,,NOISE,2024-11-10T21:00:47,27.5,,,NOISE,2024-11-10T21:00:47,27.5,,,NOISE
2026-03-04T12:49:31.298349,Map-Energy__sum__linear-conv00406-20241111_000047-20241111_060047-25.000000-30.000000.png,2024-11-11T00:00:47,2024-11-11T06:00:47,25.0,30.0,2024-11-11T02:22:57,25.243226,,,OTHER,2024-11-11T05:19:58,25.233459,,,OTHER,2024-11-11T03:00:47,27.5,,,NOISE,2024-11-11T03:00:47,27.5,,,NOISE
2026-03-04T12:49:39.506495,Map-Energy__sum__linear-conv00416-20241111_060047-20241111_120047-25.000000-30.000000.png,2024-11-11T06:00:47,2024-11-11T12:00:47,25.0,30.0,2024-11-11T06:56:31,25.14206,,,OTHER,2024-11-11T09:00:47,27.5,,,NOISE,2024-11-11T09:00:47,27.5,,,NOISE,2024-11-11T09:00:47,27.5,,,NOISE
2026-03-04T12:50:16.074752,Map-Energy__sum__linear-conv00426-20241111_120047-20241111_180047-25.000000-30.000000.png,2024-11-11T12:00:47,2024-11-11T18:00:47,25.0,30.0,2024-11-11T15:00:47,27.5,,,NOISE,2024-11-11T15:00:47,27.5,,,NOISE,2024-11-11T15:00:47,27.5,,,NOISE,2024-11-11T15:00:47,27.5,,,NOISE
2026-03-04T12:50:19.810431,Map-Energy__sum__linear-conv00436-20241111_180047-20241112_000047-25.000000-30.000000.png,2024-11-11T18:00:47,2024-11-12T00:00:47,25.0,30.0,2024-11-11T21:00:47,27.5,,,NOISE,2024-11-11T21:00:47,27.5,,,NOISE,2024-11-11T21:00:47,27.5,,,NOISE,2024-11-11T21:00:47,27.5,,,NOISE
2026-03-04T12:50:22.314395,Map-Energy__sum__linear-conv00446-20241112_000047-20241112_060047-25.000000-30.000000.png,2024-11-12T00:00:47,2024-11-12T06:00:47,25.0,30.0,2024-11-12T03:00:47,27.5,,,NOISE,2024-11-12T03:00:47,27.5,,,NOISE,2024-11-12T03:00:47,27.5,,,NOISE,2024-11-12T03:00:47,27.5,,,NOISE
2026-03-04T12:50:24.570291,Map-Energy__sum__linear-conv00456-20241112_060047-20241112_120047-25.000000-30.000000.png,2024-11-12T06:00:47,2024-11-12T12:00:47,25.0,30.0,2024-11-12T09:00:47,27.5,,,NOISE,2024-11-12T09:00:47,27.5,,,NOISE,2024-11-12T09:00:47,27.5,,,NOISE,2024-11-12T09:00:47,27.5,,,NOISE
2026-03-04T12:50:25.914341,Map-Energy__sum__linear-conv00466-20241112_120047-20241112_180047-25.000000-30.000000.png,2024-11-12T12:00:47,2024-11-12T18:00:47,25.0,30.0,2024-11-12T15:00:47,27.5,,,NOISE,2024-11-12T15:00:47,27.5,,,NOISE,2024-11-12T15:00:47,27.5,,,NOISE,2024-11-12T15:00:47,27.5,,,NOISE
2026-03-04T12:50:27.090893,Map-Energy__sum__linear-conv00476-20241112_180047-20241113_000047-25.000000-30.000000.png,2024-11-12T18:00:47,2024-11-13T00:00:47,25.0,30.0,2024-11-12T21:00:47,27.5,,,NOISE,2024-11-12T21:00:47,27.5,,,NOISE,2024-11-12T21:00:47,27.5,,,NOISE,2024-11-12T21:00:47,27.5,,,NOISE
2026-03-04T12:50:28.290356,Map-Energy__sum__linear-conv00486-20241113_000047-20241113_060047-25.000000-30.000000.png,2024-11-13T00:00:47,2024-11-13T06:00:47,25.0,30.0,2024-11-13T03:00:47,27.5,,,NOISE,2024-11-13T03:00:47,27.5,,,NOISE,2024-11-13T03:00:47,27.5,,,NOISE,2024-11-13T03:00:47,27.5,,,NOISE
2026-03-04T12:50:29.467015,Map-Energy__sum__linear-conv00496-20241113_060047-20241113_120047-25.000000-30.000000.png,2024-11-13T06:00:47,2024-11-13T12:00:47,25.0,30.0,2024-11-13T09:00:47,27.5,,,NOISE,2024-11-13T09:00:47,27.5,,,NOISE,2024-11-13T09:00:47,27.5,,,NOISE,2024-11-13T09:00:47,27.5,,,NOISE
2026-03-04T12:50:31.458259,Map-Energy__sum__linear-conv00506-20241113_120047-20241113_180047-25.000000-30.000000.png,2024-11-13T12:00:47,2024-11-13T18:00:47,25.0,30.0,2024-11-13T15:00:47,27.5,,,NOISE,2024-11-13T15:00:47,27.5,,,NOISE,2024-11-13T15:00:47,27.5,,,NOISE,2024-11-13T15:00:47,27.5,,,NOISE
2026-03-04T12:50:33.002444,Map-Energy__sum__linear-conv00516-20241113_180047-20241114_000047-25.000000-30.000000.png,2024-11-13T18:00:47,2024-11-14T00:00:47,25.0,30.0,2024-11-13T21:00:47,27.5,,,NOISE,2024-11-13T21:00:47,27.5,,,NOISE,2024-11-13T21:00:47,27.5,,,NOISE,2024-11-13T21:00:47,27.5,,,NOISE
2026-03-04T12:50:34.874460,Map-Energy__sum__linear-conv00526-20241114_000047-20241114_060047-25.000000-30.000000.png,2024-11-14T00:00:47,2024-11-14T06:00:47,25.0,30.0,2024-11-14T03:00:47,27.5,,,NOISE,2024-11-14T03:00:47,27.5,,,NOISE,2024-11-14T03:00:47,27.5,,,NOISE,2024-11-14T03:00:47,27.5,,,NOISE
2026-03-04T12:50:36.306405,Map-Energy__sum__linear-conv00536-20241114_060047-20241114_120047-25.000000-30.000000.png,2024-11-14T06:00:47,2024-11-14T12:00:47,25.0,30.0,2024-11-14T09:00:47,27.5,,,NOISE,2024-11-14T09:00:47,27.5,,,NOISE,2024-11-14T09:00:47,27.5,,,NOISE,2024-11-14T09:00:47,27.5,,,NOISE
2026-03-04T12:50:37.450231,Map-Energy__sum__linear-conv00546-20241114_120047-20241114_180047-25.000000-30.000000.png,2024-11-14T12:00:47,2024-11-14T18:00:47,25.0,30.0,2024-11-14T15:00:47,27.5,,,NOISE,2024-11-14T15:00:47,27.5,,,NOISE,2024-11-14T15:00:47,27.5,,,NOISE,2024-11-14T15:00:47,27.5,,,NOISE
2026-03-04T12:50:38.922421,Map-Energy__sum__linear-conv00556-20241114_180047-20241115_000047-25.000000-30.000000.png,2024-11-14T18:00:47,2024-11-15T00:00:47,25.0,30.0,2024-11-14T21:00:47,27.5,,,NOISE,2024-11-14T21:00:47,27.5,,,NOISE,2024-11-14T21:00:47,27.5,,,NOISE,2024-11-14T21:00:47,27.5,,,NOISE
2026-03-04T12:50:41.050634,Map-Energy__sum__linear-conv00566-20241115_000047-20241115_060047-25.000000-30.000000.png,2024-11-15T00:00:47,2024-11-15T06:00:47,25.0,30.0,2024-11-15T03:00:47,27.5,,,NOISE,2024-11-15T03:00:47,27.5,,,NOISE,2024-11-15T03:00:47,27.5,,,NOISE,2024-11-15T03:00:47,27.5,,,NOISE
2026-03-04T12:50:42.602127,Map-Energy__sum__linear-conv00576-20241115_060047-20241115_120047-25.000000-30.000000.png,2024-11-15T06:00:47,2024-11-15T12:00:47,25.0,30.0,2024-11-15T09:00:47,27.5,,,NOISE,2024-11-15T09:00:47,27.5,,,NOISE,2024-11-15T09:00:47,27.5,,,NOISE,2024-11-15T09:00:47,27.5,,,NOISE
2026-03-04T12:50:44.058585,Map-Energy__sum__linear-conv00586-20241115_120047-20241115_180047-25.000000-30.000000.png,2024-11-15T12:00:47,2024-11-15T18:00:47,25.0,30.0,2024-11-15T15:00:47,27.5,,,NOISE,2024-11-15T15:00:47,27.5,,,NOISE,2024-11-15T15:00:47,27.5,,,NOISE,2024-11-15T15:00:47,27.5,,,NOISE
2026-03-04T12:50:49.018318,Map-Energy__sum__linear-conv00596-20241115_180047-20241116_000047-25.000000-30.000000.png,2024-11-15T18:00:47,2024-11-16T00:00:47,25.0,30.0,2024-11-15T21:00:47,27.5,,,NOISE,2024-11-15T21:00:47,27.5,,,NOISE,2024-11-15T21:00:47,27.5,,,NOISE,2024-11-15T21:00:47,27.5,,,NOISE
2026-03-04T12:50:50.626249,Map-Energy__sum__linear-conv00606-20241116_000047-20241116_060047-25.000000-30.000000.png,2024-11-16T00:00:47,2024-11-16T06:00:47,25.0,30.0,2024-11-16T03:00:47,27.5,,,NOISE,2024-11-16T03:00:47,27.5,,,NOISE,2024-11-16T03:00:47,27.5,,,NOISE,2024-11-16T03:00:47,27.5,,,NOISE
2026-03-04T12:50:54.786459,Map-Energy__sum__linear-conv00616-20241116_060047-20241116_120047-25.000000-30.000000.png,2024-11-16T06:00:47,2024-11-16T12:00:47,25.0,30.0,2024-11-16T09:00:47,27.5,,,NOISE,2024-11-16T09:00:47,27.5,,,NOISE,2024-11-16T09:00:47,27.5,,,NOISE,2024-11-16T09:00:47,27.5,,,NOISE
2026-03-04T12:50:56.314396,Map-Energy__sum__linear-conv00626-20241116_120047-20241116_180047-25.000000-30.000000.png,2024-11-16T12:00:47,2024-11-16T18:00:47,25.0,30.0,2024-11-16T15:00:47,27.5,,,NOISE,2024-11-16T15:00:47,27.5,,,NOISE,2024-11-16T15:00:47,27.5,,,NOISE,2024-11-16T15:00:47,27.5,,,NOISE
2026-03-04T12:51:07.282113,Map-Energy__sum__linear-conv00636-20241116_180047-20241117_000047-25.000000-30.000000.png,2024-11-16T18:00:47,2024-11-17T00:00:47,25.0,30.0,2024-11-16T21:04:54,28.698425,,,VESSEL,2024-11-16T21:00:47,27.5,,,NOISE,2024-11-16T21:00:47,27.5,,,NOISE,2024-11-16T21:00:47,27.5,,,NOISE
2026-03-04T12:51:29.042367,Map-Energy__sum__linear-conv00646-20241117_000047-20241117_060047-25.000000-30.000000.png,2024-11-17T00:00:47,2024-11-17T06:00:47,25.0,30.0,2024-11-17T03:00:47,27.5,,,NOISE,2024-11-17T03:00:47,27.5,,,NOISE,2024-11-17T03:00:47,27.5,,,NOISE,2024-11-17T03:00:47,27.5,,,NOISE
2026-03-04T12:51:34.146323,Map-Energy__sum__linear-conv00656-20241117_060047-20241117_120047-25.000000-30.000000.png,2024-11-17T06:00:47,2024-11-17T12:00:47,25.0,30.0,2024-11-17T09:00:47,27.5,,,NOISE,2024-11-17T09:00:47,27.5,,,NOISE,2024-11-17T09:00:47,27.5,,,NOISE,2024-11-17T09:00:47,27.5,,,NOISE
2026-03-04T12:51:36.298353,Map-Energy__sum__linear-conv00666-20241117_120047-20241117_180047-25.000000-30.000000.png,2024-11-17T12:00:47,2024-11-17T18:00:47,25.0,30.0,2024-11-17T15:00:47,27.5,,,NOISE,2024-11-17T15:00:47,27.5,,,NOISE,2024-11-17T15:00:47,27.5,,,NOISE,2024-11-17T15:00:47,27.5,,,NOISE
2026-03-04T12:51:38.378388,Map-Energy__sum__linear-conv00676-20241117_180047-20241118_000047-25.000000-30.000000.png,2024-11-17T18:00:47,2024-11-18T00:00:47,25.0,30.0,2024-11-17T21:00:47,27.5,,,NOISE,2024-11-17T21:00:47,27.5,,,NOISE,2024-11-17T21:00:47,27.5,,,NOISE,2024-11-17T21:00:47,27.5,,,NOISE
2026-03-04T12:51:39.690241,Map-Energy__sum__linear-conv00686-20241118_000047-20241118_060047-25.000000-30.000000.png,2024-11-18T00:00:47,2024-11-18T06:00:47,25.0,30.0,2024-11-18T03:00:47,27.5,,,NOISE,2024-11-18T03:00:47,27.5,,,NOISE,2024-11-18T03:00:47,27.5,,,NOISE,2024-11-18T03:00:47,27.5,,,NOISE
2026-03-04T12:51:41.474124,Map-Energy__sum__linear-conv00696-20241118_060047-20241118_120047-25.000000-30.000000.png,2024-11-18T06:00:47,2024-11-18T12:00:47,25.0,30.0,2024-11-18T09:00:47,27.5,,,NOISE,2024-11-18T09:00:47,27.5,,,NOISE,2024-11-18T09:00:47,27.5,,,NOISE,2024-11-18T09:00:47,27.5,,,NOISE
2026-03-04T12:51:43.394171,Map-Energy__sum__linear-conv00706-20241118_120047-20241118_180047-25.000000-30.000000.png,2024-11-18T12:00:47,2024-11-18T18:00:47,25.0,30.0,2024-11-18T15:00:47,27.5,,,NOISE,2024-11-18T15:00:47,27.5,,,NOISE,2024-11-18T15:00:47,27.5,,,NOISE,2024-11-18T15:00:47,27.5,,,NOISE
2026-03-04T12:51:44.938384,Map-Energy__sum__linear-conv00716-20241118_180047-20241119_000047-25.000000-30.000000.png,2024-11-18T18:00:47,2024-11-19T00:00:47,25.0,30.0,2024-11-18T21:00:47,27.5,,,NOISE,2024-11-18T21:00:47,27.5,,,NOISE,2024-11-18T21:00:47,27.5,,,NOISE,2024-11-18T21:00:47,27.5,,,NOISE
2026-03-04T12:51:46.562299,Map-Energy__sum__linear-conv00726-20241119_000047-20241119_060047-25.000000-30.000000.png,2024-11-19T00:00:47,2024-11-19T06:00:47,25.0,30.0,2024-11-19T03:00:47,27.5,,,NOISE,2024-11-19T03:00:47,27.5,,,NOISE,2024-11-19T03:00:47,27.5,,,NOISE,2024-11-19T03:00:47,27.5,,,NOISE
2026-03-04T12:51:47.826181,Map-Energy__sum__linear-conv00736-20241119_060047-20241119_120047-25.000000-30.000000.png,2024-11-19T06:00:47,2024-11-19T12:00:47,25.0,30.0,2024-11-19T09:00:47,27.5,,,NOISE,2024-11-19T09:00:47,27.5,,,NOISE,2024-11-19T09:00:47,27.5,,,NOISE,2024-11-19T09:00:47,27.5,,,NOISE
2026-03-04T12:51:49.746345,Map-Energy__sum__linear-conv00746-20241119_120047-20241119_180047-25.000000-30.000000.png,2024-11-19T12:00:47,2024-11-19T18:00:47,25.0,30.0,2024-11-19T15:00:47,27.5,,,NOISE,2024-11-19T15:00:47,27.5,,,NOISE,2024-11-19T15:00:47,27.5,,,NOISE,2024-11-19T15:00:47,27.5,,,NOISE
2026-03-04T12:51:50.970217,Map-Energy__sum__linear-conv00756-20241119_180047-20241120_000047-25.000000-30.000000.png,2024-11-19T18:00:47,2024-11-20T00:00:47,25.0,30.0,2024-11-19T21:00:47,27.5,,,NOISE,2024-11-19T21:00:47,27.5,,,NOISE,2024-11-19T21:00:47,27.5,,,NOISE,2024-11-19T21:00:47,27.5,,,NOISE
2026-03-04T12:51:52.738271,Map-Energy__sum__linear-conv00766-20241120_000047-20241120_060047-25.000000-30.000000.png,2024-11-20T00:00:47,2024-11-20T06:00:47,25.0,30.0,2024-11-20T03:00:47,27.5,,,NOISE,2024-11-20T03:00:47,27.5,,,NOISE,2024-11-20T03:00:47,27.5,,,NOISE,2024-11-20T03:00:47,27.5,,,NOISE
2026-03-04T12:51:53.810394,Map-Energy__sum__linear-conv00776-20241120_060047-20241120_120047-25.000000-30.000000.png,2024-11-20T06:00:47,2024-11-20T12:00:47,25.0,30.0,2024-11-20T09:00:47,27.5,,,NOISE,2024-11-20T09:00:47,27.5,,,NOISE,2024-11-20T09:00:47,27.5,,,NOISE,2024-11-20T09:00:47,27.5,,,NOISE
2026-03-04T12:51:54.730307,Map-Energy__sum__linear-conv00786-20241120_120047-20241120_180047-25.000000-30.000000.png,2024-11-20T12:00:47,2024-11-20T18:00:47,25.0,30.0,2024-11-20T15:00:47,27.5,,,NOISE,2024-11-20T15:00:47,27.5,,,NOISE,2024-11-20T15:00:47,27.5,,,NOISE,2024-11-20T15:00:47,27.5,,,NOISE
2026-03-04T12:51:55.906237,Map-Energy__sum__linear-conv00796-20241120_180047-20241121_000047-25.000000-30.000000.png,2024-11-20T18:00:47,2024-11-21T00:00:47,25.0,30.0,2024-11-20T21:00:47,27.5,,,NOISE,2024-11-20T21:00:47,27.5,,,NOISE,2024-11-20T21:00:47,27.5,,,NOISE,2024-11-20T21:00:47,27.5,,,NOISE
2026-03-04T12:51:56.850513,Map-Energy__sum__linear-conv00806-20241121_000047-20241121_060047-25.000000-30.000000.png,2024-11-21T00:00:47,2024-11-21T06:00:47,25.0,30.0,2024-11-21T03:00:47,27.5,,,NOISE,2024-11-21T03:00:47,27.5,,,NOISE,2024-11-21T03:00:47,27.5,,,NOISE,2024-11-21T03:00:47,27.5,,,NOISE
2026-03-04T12:51:57.866311,Map-Energy__sum__linear-conv00816-20241121_060047-20241121_120047-25.000000-30.000000.png,2024-11-21T06:00:47,2024-11-21T12:00:47,25.0,30.0,2024-11-21T09:00:47,27.5,,,NOISE,2024-11-21T09:00:47,27.5,,,NOISE,2024-11-21T09:00:47,27.5,,,NOISE,2024-11-21T09:00:47,27.5,,,NOISE
2026-03-04T12:51:58.898551,Map-Energy__sum__linear-conv00826-20241121_120047-20241121_180047-25.000000-30.000000.png,2024-11-21T12:00:47,2024-11-21T18:00:47,25.0,30.0,2024-11-21T15:00:47,27.5,,,NOISE,2024-11-21T15:00:47,27.5,,,NOISE,2024-11-21T15:00:47,27.5,,,NOISE,2024-11-21T15:00:47,27.5,,,NOISE
2026-03-04T12:52:00.018608,Map-Energy__sum__linear-conv00836-20241121_180047-20241122_000047-25.000000-30.000000.png,2024-11-21T18:00:47,2024-11-22T00:00:47,25.0,30.0,2024-11-21T21:00:47,27.5,,,NOISE,2024-11-21T21:00:47,27.5,,,NOISE,2024-11-21T21:00:47,27.5,,,NOISE,2024-11-21T21:00:47,27.5,,,NOISE
2026-03-04T12:52:00.986183,Map-Energy__sum__linear-conv00846-20241122_000047-20241122_060047-25.000000-30.000000.png,2024-11-22T00:00:47,2024-11-22T06:00:47,25.0,30.0,2024-11-22T03:00:47,27.5,,,NOISE,2024-11-22T03:00:47,27.5,,,NOISE,2024-11-22T03:00:47,27.5,,,NOISE,2024-11-22T03:00:47,27.5,,,NOISE
2026-03-04T12:52:01.914336,Map-Energy__sum__linear-conv00856-20241122_060047-20241122_120047-25.000000-30.000000.png,2024-11-22T06:00:47,2024-11-22T12:00:47,25.0,30.0,2024-11-22T09:00:47,27.5,,,NOISE,2024-11-22T09:00:47,27.5,,,NOISE,2024-11-22T09:00:47,27.5,,,NOISE,2024-11-22T09:00:47,27.5,,,NOISE
2026-03-04T12:52:02.858397,Map-Energy__sum__linear-conv00866-20241122_120047-20241122_180047-25.000000-30.000000.png,2024-11-22T12:00:47,2024-11-22T18:00:47,25.0,30.0,2024-11-22T15:00:47,27.5,,,NOISE,2024-11-22T15:00:47,27.5,,,NOISE,2024-11-22T15:00:47,27.5,,,NOISE,2024-11-22T15:00:47,27.5,,,NOISE
2026-03-04T12:52:03.730336,Map-Energy__sum__linear-conv00876-20241122_180047-20241123_000047-25.000000-30.000000.png,2024-11-22T18:00:47,2024-11-23T00:00:47,25.0,30.0,2024-11-22T21:00:47,27.5,,,NOISE,2024-11-22T21:00:47,27.5,,,NOISE,2024-11-22T21:00:47,27.5,,,NOISE,2024-11-22T21:00:47,27.5,,,NOISE
2026-03-04T12:52:04.914255,Map-Energy__sum__linear-conv00886-20241123_000047-20241123_060047-25.000000-30.000000.png,2024-11-23T00:00:47,2024-11-23T06:00:47,25.0,30.0,2024-11-23T03:00:47,27.5,,,NOISE,2024-11-23T03:00:47,27.5,,,NOISE,2024-11-23T03:00:47,27.5,,,NOISE,2024-11-23T03:00:47,27.5,,,NOISE
2026-03-04T12:52:05.802266,Map-Energy__sum__linear-conv00896-20241123_060047-20241123_120047-25.000000-30.000000.png,2024-11-23T06:00:47,2024-11-23T12:00:47,25.0,30.0,2024-11-23T09:00:47,27.5,,,NOISE,2024-11-23T09:00:47,27.5,,,NOISE,2024-11-23T09:00:47,27.5,,,NOISE,2024-11-23T09:00:47,27.5,,,NOISE
2026-03-04T12:52:06.890204,Map-Energy__sum__linear-conv00906-20241123_120047-20241123_180047-25.000000-30.000000.png,2024-11-23T12:00:47,2024-11-23T18:00:47,25.0,30.0,2024-11-23T15:00:47,27.5,,,NOISE,2024-11-23T15:00:47,27.5,,,NOISE,2024-11-23T15:00:47,27.5,,,NOISE,2024-11-23T15:00:47,27.5,,,NOISE
2026-03-04T12:52:07.762299,Map-Energy__sum__linear-conv00916-20241123_180047-20241124_000047-25.000000-30.000000.png,2024-11-23T18:00:47,2024-11-24T00:00:47,25.0,30.0,2024-11-23T21:00:47,27.5,,,NOISE,2024-11-23T21:00:47,27.5,,,NOISE,2024-11-23T21:00:47,27.5,,,NOISE,2024-11-23T21:00:47,27.5,,,NOISE
2026-03-04T12:52:08.754231,Map-Energy__sum__linear-conv00926-20241124_000047-20241124_060047-25.000000-30.000000.png,2024-11-24T00:00:47,2024-11-24T06:00:47,25.0,30.0,2024-11-24T03:00:47,27.5,,,NOISE,2024-11-24T03:00:47,27.5,,,NOISE,2024-11-24T03:00:47,27.5,,,NOISE,2024-11-24T03:00:47,27.5,,,NOISE
2026-03-04T12:52:09.770483,Map-Energy__sum__linear-conv00936-20241124_060047-20241124_120047-25.000000-30.000000.png,2024-11-24T06:00:47,2024-11-24T12:00:47,25.0,30.0,2024-11-24T09:00:47,27.5,,,NOISE,2024-11-24T09:00:47,27.5,,,NOISE,2024-11-24T09:00:47,27.5,,,NOISE,2024-11-24T09:00:47,27.5,,,NOISE
2026-03-04T12:52:10.746491,Map-Energy__sum__linear-conv00946-20241124_120047-20241124_180047-25.000000-30.000000.png,2024-11-24T12:00:47,2024-11-24T18:00:47,25.0,30.0,2024-11-24T15:00:47,27.5,,,NOISE,2024-11-24T15:00:47,27.5,,,NOISE,2024-11-24T15:00:47,27.5,,,NOISE,2024-11-24T15:00:47,27.5,,,NOISE
2026-03-04T12:52:15.106203,Map-Energy__sum__linear-conv00956-20241124_180047-20241125_000047-25.000000-30.000000.png,2024-11-24T18:00:47,2024-11-25T00:00:47,25.0,30.0,2024-11-24T21:00:47,27.5,,,NOISE,2024-11-24T21:00:47,27.5,,,NOISE,2024-11-24T21:00:47,27.5,,,NOISE,2024-11-24T21:00:47,27.5,,,NOISE
2026-03-04T12:52:15.906586,Map-Energy__sum__linear-conv00966-20241125_000047-20241125_060047-25.000000-30.000000.png,2024-11-25T00:00:47,2024-11-25T06:00:47,25.0,30.0,2024-11-25T03:00:47,27.5,,,NOISE,2024-11-25T03:00:47,27.5,,,NOISE,2024-11-25T03:00:47,27.5,,,NOISE,2024-11-25T03:00:47,27.5,,,NOISE
2026-03-04T12:52:18.834315,Map-Energy__sum__linear-conv00976-20241125_060047-20241125_120047-25.000000-30.000000.png,2024-11-25T06:00:47,2024-11-25T12:00:47,25.0,30.0,2024-11-25T09:00:47,27.5,,,NOISE,2024-11-25T09:00:47,27.5,,,NOISE,2024-11-25T09:00:47,27.5,,,NOISE,2024-11-25T09:00:47,27.5,,,NOISE
2026-03-04T12:52:36.938234,Map-Energy__sum__linear-conv00986-20241125_120047-20241125_180047-25.000000-30.000000.png,2024-11-25T12:00:47,2024-11-25T18:00:47,25.0,30.0,2024-11-25T15:55:26,25.601197,,,VESSEL,2024-11-25T15:21:26,25.725709,,,VESSEL,2024-11-25T17:01:13,25.173188,,,VESSEL,2024-11-25T15:00:47,27.5,,,NOISE
2026-03-04T12:52:46.746267,Map-Energy__sum__linear-conv00996-20241125_180047-20241126_000047-25.000000-30.000000.png,2024-11-25T18:00:47,2024-11-26T00:00:47,25.0,30.0,2024-11-25T21:00:47,27.5,,,NOISE,2024-11-25T21:00:47,27.5,,,NOISE,2024-11-25T21:00:47,27.5,,,NOISE,2024-11-25T21:00:47,27.5,,,NOISE
2026-03-04T12:52:50.754177,Map-Energy__sum__linear-conv01006-20241126_000047-20241126_060047-25.000000-30.000000.png,2024-11-26T00:00:47,2024-11-26T06:00:47,25.0,30.0,2024-11-26T03:00:47,27.5,,,NOISE,2024-11-26T03:00:47,27.5,,,NOISE,2024-11-26T03:00:47,27.5,,,NOISE,2024-11-26T03:00:47,27.5,,,NOISE
2026-03-04T12:52:52.762175,Map-Energy__sum__linear-conv01016-20241126_060047-20241126_120047-25.000000-30.000000.png,2024-11-26T06:00:47,2024-11-26T12:00:47,25.0,30.0,2024-11-26T09:00:47,27.5,,,NOISE,2024-11-26T09:00:47,27.5,,,NOISE,2024-11-26T09:00:47,27.5,,,NOISE,2024-11-26T09:00:47,27.5,,,NOISE
2026-03-04T12:52:54.586388,Map-Energy__sum__linear-conv01026-20241126_120047-20241126_180047-25.000000-30.000000.png,2024-11-26T12:00:47,2024-11-26T18:00:47,25.0,30.0,2024-11-26T15:00:47,27.5,,,NOISE,2024-11-26T15:00:47,27.5,,,NOISE,2024-11-26T15:00:47,27.5,,,NOISE,2024-11-26T15:00:47,27.5,,,NOISE
2026-03-04T12:52:55.882196,Map-Energy__sum__linear-conv01036-20241126_180047-20241127_000047-25.000000-30.000000.png,2024-11-26T18:00:47,2024-11-27T00:00:47,25.0,30.0,2024-11-26T21:00:47,27.5,,,NOISE,2024-11-26T21:00:47,27.5,,,NOISE,2024-11-26T21:00:47,27.5,,,NOISE,2024-11-26T21:00:47,27.5,,,NOISE
2026-03-04T12:52:58.362241,Map-Energy__sum__linear-conv01046-20241127_000047-20241127_060047-25.000000-30.000000.png,2024-11-27T00:00:47,2024-11-27T06:00:47,25.0,30.0,2024-11-27T03:00:47,27.5,,,NOISE,2024-11-27T03:00:47,27.5,,,NOISE,2024-11-27T03:00:47,27.5,,,NOISE,2024-11-27T03:00:47,27.5,,,NOISE
2026-03-04T12:53:00.089974,Map-Energy__sum__linear-conv01056-20241127_060047-20241127_120047-25.000000-30.000000.png,2024-11-27T06:00:47,2024-11-27T12:00:47,25.0,30.0,2024-11-27T09:00:47,27.5,,,NOISE,2024-11-27T09:00:47,27.5,,,NOISE,2024-11-27T09:00:47,27.5,,,NOISE,2024-11-27T09:00:47,27.5,,,NOISE
2026-03-04T12:53:01.890345,Map-Energy__sum__linear-conv01066-20241127_120047-20241127_180047-25.000000-30.000000.png,2024-11-27T12:00:47,2024-11-27T18:00:47,25.0,30.0,2024-11-27T15:00:47,27.5,,,NOISE,2024-11-27T15:00:47,27.5,,,NOISE,2024-11-27T15:00:47,27.5,,,NOISE,2024-11-27T15:00:47,27.5,,,NOISE
2026-03-04T12:53:03.474338,Map-Energy__sum__linear-conv01076-20241127_180047-20241128_000047-25.000000-30.000000.png,2024-11-27T18:00:47,2024-11-28T00:00:47,25.0,30.0,2024-11-27T21:00:47,27.5,,,NOISE,2024-11-27T21:00:47,27.5,,,NOISE,2024-11-27T21:00:47,27.5,,,NOISE,2024-11-27T21:00:47,27.5,,,NOISE
2026-03-04T12:53:07.018276,Map-Energy__sum__linear-conv01086-20241128_000047-20241128_060047-25.000000-30.000000.png,2024-11-28T00:00:47,2024-11-28T06:00:47,25.0,30.0,2024-11-28T03:00:47,27.5,,,NOISE,2024-11-28T03:00:47,27.5,,,NOISE,2024-11-28T03:00:47,27.5,,,NOISE,2024-11-28T03:00:47,27.5,,,NOISE
2026-03-04T12:53:09.618083,Map-Energy__sum__linear-conv01096-20241128_060047-20241128_120047-25.000000-30.000000.png,2024-11-28T06:00:47,2024-11-28T12:00:47,25.0,30.0,2024-11-28T09:00:47,27.5,,,NOISE,2024-11-28T09:00:47,27.5,,,NOISE,2024-11-28T09:00:47,27.5,,,NOISE,2024-11-28T09:00:47,27.5,,,NOISE
2026-03-04T12:53:15.194032,Map-Energy__sum__linear-conv01106-20241128_120047-20241128_180047-25.000000-30.000000.png,2024-11-28T12:00:47,2024-11-28T18:00:47,25.0,30.0,2024-11-28T15:00:47,27.5,,,NOISE,2024-11-28T15:00:47,27.5,,,NOISE,2024-11-28T15:00:47,27.5,,,NOISE,2024-11-28T15:00:47,27.5,,,NOISE
2026-03-04T12:53:17.930122,Map-Energy__sum__linear-conv01116-20241128_180047-20241129_000047-25.000000-30.000000.png,2024-11-28T18:00:47,2024-11-29T00:00:47,25.0,30.0,2024-11-28T21:00:47,27.5,,,NOISE,2024-11-28T21:00:47,27.5,,,NOISE,2024-11-28T21:00:47,27.5,,,NOISE,2024-11-28T21:00:47,27.5,,,NOISE
2026-03-04T12:53:21.034168,Map-Energy__sum__linear-conv01126-20241129_000047-20241129_060047-25.000000-30.000000.png,2024-11-29T00:00:47,2024-11-29T06:00:47,25.0,30.0,2024-11-29T03:00:47,27.5,,,NOISE,2024-11-29T03:00:47,27.5,,,NOISE,2024-11-29T03:00:47,27.5,,,NOISE,2024-11-29T03:00:47,27.5,,,NOISE
2026-03-04T12:53:24.298152,Map-Energy__sum__linear-conv01136-20241129_060047-20241129_120047-25.000000-30.000000.png,2024-11-29T06:00:47,2024-11-29T12:00:47,25.0,30.0,2024-11-29T09:00:47,27.5,,,NOISE,2024-11-29T09:00:47,27.5,,,NOISE,2024-11-29T09:00:47,27.5,,,NOISE,2024-11-29T09:00:47,27.5,,,NOISE
2026-03-04T12:53:26.698266,Map-Energy__sum__linear-conv01146-20241129_120047-20241129_180047-25.000000-30.000000.png,2024-11-29T12:00:47,2024-11-29T18:00:47,25.0,30.0,2024-11-29T15:00:47,27.5,,,NOISE,2024-11-29T15:00:47,27.5,,,NOISE,2024-11-29T15:00:47,27.5,,,NOISE,2024-11-29T15:00:47,27.5,,,NOISE
2026-03-04T12:53:29.169973,Map-Energy__sum__linear-conv01156-20241129_180047-20241130_000047-25.000000-30.000000.png,2024-11-29T18:00:47,2024-11-30T00:00:47,25.0,30.0,2024-11-29T21:00:47,27.5,,,NOISE,2024-11-29T21:00:47,27.5,,,NOISE,2024-11-29T21:00:47,27.5,,,NOISE,2024-11-29T21:00:47,27.5,,,NOISE
2026-03-04T12:53:31.338440,Map-Energy__sum__linear-conv01166-20241130_000047-20241130_060047-25.000000-30.000000.png,2024-11-30T00:00:47,2024-11-30T06:00:47,25.0,30.0,2024-11-30T03:00:47,27.5,,,NOISE,2024-11-30T03:00:47,27.5,,,NOISE,2024-11-30T03:00:47,27.5,,,NOISE,2024-11-30T03:00:47,27.5,,,NOISE
2026-03-04T12:53:32.890230,Map-Energy__sum__linear-conv01176-20241130_060047-20241130_120047-25.000000-30.000000.png,2024-11-30T06:00:47,2024-11-30T12:00:47,25.0,30.0,2024-11-30T09:00:47,27.5,,,NOISE,2024-11-30T09:00:47,27.5,,,NOISE,2024-11-30T09:00:47,27.5,,,NOISE,2024-11-30T09:00:47,27.5,,,NOISE
2026-03-04T12:53:34.250040,Map-Energy__sum__linear-conv01186-20241130_120047-20241130_180047-25.000000-30.000000.png,2024-11-30T12:00:47,2024-11-30T18:00:47,25.0,30.0,2024-11-30T15:00:47,27.5,,,NOISE,2024-11-30T15:00:47,27.5,,,NOISE,2024-11-30T15:00:47,27.5,,,NOISE,2024-11-30T15:00:47,27.5,,,NOISE
2026-03-04T12:53:35.761961,Map-Energy__sum__linear-conv01196-20241130_180047-20241201_000047-25.000000-30.000000.png,2024-11-30T18:00:47,2024-12-01T00:00:47,25.0,30.0,2024-11-30T21:00:47,27.5,,,NOISE,2024-11-30T21:00:47,27.5,,,NOISE,2024-11-30T21:00:47,27.5,,,NOISE,2024-11-30T21:00:47,27.5,,,NOISE
2026-03-04T12:53:36.810216,Map-Energy__sum__linear-conv00007-20241101_000047-20241101_060047-30.000000-35.000000.png,2024-11-01T00:00:47,2024-11-01T06:00:47,30.0,35.0,2024-11-01T03:00:47,32.5,,,NOISE,2024-11-01T03:00:47,32.5,,,NOISE,2024-11-01T03:00:47,32.5,,,NOISE,2024-11-01T03:00:47,32.5,,,NOISE
2026-03-04T12:53:38.018183,Map-Energy__sum__linear-conv00017-20241101_060047-20241101_120047-30.000000-35.000000.png,2024-11-01T06:00:47,2024-11-01T12:00:47,30.0,35.0,2024-11-01T09:00:47,32.5,,,NOISE,2024-11-01T09:00:47,32.5,,,NOISE,2024-11-01T09:00:47,32.5,,,NOISE,2024-11-01T09:00:47,32.5,,,NOISE
2026-03-04T12:53:39.090128,Map-Energy__sum__linear-conv00027-20241101_120047-20241101_180047-30.000000-35.000000.png,2024-11-01T12:00:47,2024-11-01T18:00:47,30.0,35.0,2024-11-01T15:00:47,32.5,,,NOISE,2024-11-01T15:00:47,32.5,,,NOISE,2024-11-01T15:00:47,32.5,,,NOISE,2024-11-01T15:00:47,32.5,,,NOISE
2026-03-04T12:53:40.306057,Map-Energy__sum__linear-conv00037-20241101_180047-20241102_000047-30.000000-35.000000.png,2024-11-01T18:00:47,2024-11-02T00:00:47,30.0,35.0,2024-11-01T21:00:47,32.5,,,NOISE,2024-11-01T21:00:47,32.5,,,NOISE,2024-11-01T21:00:47,32.5,,,NOISE,2024-11-01T21:00:47,32.5,,,NOISE
2026-03-04T12:53:42.050171,Map-Energy__sum__linear-conv00047-20241102_000047-20241102_060047-30.000000-35.000000.png,2024-11-02T00:00:47,2024-11-02T06:00:47,30.0,35.0,2024-11-02T03:00:47,32.5,,,NOISE,2024-11-02T03:00:47,32.5,,,NOISE,2024-11-02T03:00:47,32.5,,,NOISE,2024-11-02T03:00:47,32.5,,,NOISE
2026-03-04T12:53:43.402143,Map-Energy__sum__linear-conv00057-20241102_060047-20241102_120047-30.000000-35.000000.png,2024-11-02T06:00:47,2024-11-02T12:00:47,30.0,35.0,2024-11-02T09:00:47,32.5,,,NOISE,2024-11-02T09:00:47,32.5,,,NOISE,2024-11-02T09:00:47,32.5,,,NOISE,2024-11-02T09:00:47,32.5,,,NOISE
2026-03-04T12:53:44.466295,Map-Energy__sum__linear-conv00067-20241102_120047-20241102_180047-30.000000-35.000000.png,2024-11-02T12:00:47,2024-11-02T18:00:47,30.0,35.0,2024-11-02T15:00:47,32.5,,,NOISE,2024-11-02T15:00:47,32.5,,,NOISE,2024-11-02T15:00:47,32.5,,,NOISE,2024-11-02T15:00:47,32.5,,,NOISE
2026-03-04T12:53:45.818119,Map-Energy__sum__linear-conv00077-20241102_180047-20241103_000047-30.000000-35.000000.png,2024-11-02T18:00:47,2024-11-03T00:00:47,30.0,35.0,2024-11-02T21:00:47,32.5,,,NOISE,2024-11-02T21:00:47,32.5,,,NOISE,2024-11-02T21:00:47,32.5,,,NOISE,2024-11-02T21:00:47,32.5,,,NOISE
2026-03-04T12:53:46.826186,Map-Energy__sum__linear-conv00087-20241103_000047-20241103_060047-30.000000-35.000000.png,2024-11-03T00:00:47,2024-11-03T06:00:47,30.0,35.0,2024-11-03T03:00:47,32.5,,,NOISE,2024-11-03T03:00:47,32.5,,,NOISE,2024-11-03T03:00:47,32.5,,,NOISE,2024-11-03T03:00:47,32.5,,,NOISE
2026-03-04T12:53:48.874170,Map-Energy__sum__linear-conv00097-20241103_060047-20241103_120047-30.000000-35.000000.png,2024-11-03T06:00:47,2024-11-03T12:00:47,30.0,35.0,2024-11-03T09:00:47,32.5,,,NOISE,2024-11-03T09:00:47,32.5,,,NOISE,2024-11-03T09:00:47,32.5,,,NOISE,2024-11-03T09:00:47,32.5,,,NOISE
2026-03-04T12:53:50.442093,Map-Energy__sum__linear-conv00107-20241103_120047-20241103_180047-30.000000-35.000000.png,2024-11-03T12:00:47,2024-11-03T18:00:47,30.0,35.0,2024-11-03T15:00:47,32.5,,,NOISE,2024-11-03T15:00:47,32.5,,,NOISE,2024-11-03T15:00:47,32.5,,,NOISE,2024-11-03T15:00:47,32.5,,,NOISE
2026-03-04T12:53:51.929968,Map-Energy__sum__linear-conv00117-20241103_180047-20241104_000047-30.000000-35.000000.png,2024-11-03T18:00:47,2024-11-04T00:00:47,30.0,35.0,2024-11-03T21:00:47,32.5,,,NOISE,2024-11-03T21:00:47,32.5,,,NOISE,2024-11-03T21:00:47,32.5,,,NOISE,2024-11-03T21:00:47,32.5,,,NOISE
2026-03-04T12:53:53.162005,Map-Energy__sum__linear-conv00127-20241104_000047-20241104_060047-30.000000-35.000000.png,2024-11-04T00:00:47,2024-11-04T06:00:47,30.0,35.0,2024-11-04T03:00:47,32.5,,,NOISE,2024-11-04T03:00:47,32.5,,,NOISE,2024-11-04T03:00:47,32.5,,,NOISE,2024-11-04T03:00:47,32.5,,,NOISE
2026-03-04T12:53:55.490096,Map-Energy__sum__linear-conv00137-20241104_060047-20241104_120047-30.000000-35.000000.png,2024-11-04T06:00:47,2024-11-04T12:00:47,30.0,35.0,2024-11-04T09:00:47,32.5,,,NOISE,2024-11-04T09:00:47,32.5,,,NOISE,2024-11-04T09:00:47,32.5,,,NOISE,2024-11-04T09:00:47,32.5,,,NOISE
2026-03-04T12:53:56.626102,Map-Energy__sum__linear-conv00147-20241104_120047-20241104_180047-30.000000-35.000000.png,2024-11-04T12:00:47,2024-11-04T18:00:47,30.0,35.0,2024-11-04T15:00:47,32.5,,,NOISE,2024-11-04T15:00:47,32.5,,,NOISE,2024-11-04T15:00:47,32.5,,,NOISE,2024-11-04T15:00:47,32.5,,,NOISE
2026-03-04T12:53:57.826191,Map-Energy__sum__linear-conv00157-20241104_180047-20241105_000047-30.000000-35.000000.png,2024-11-04T18:00:47,2024-11-05T00:00:47,30.0,35.0,2024-11-04T21:00:47,32.5,,,NOISE,2024-11-04T21:00:47,32.5,,,NOISE,2024-11-04T21:00:47,32.5,,,NOISE,2024-11-04T21:00:47,32.5,,,NOISE
2026-03-04T12:53:59.250163,Map-Energy__sum__linear-conv00167-20241105_000047-20241105_060047-30.000000-35.000000.png,2024-11-05T00:00:47,2024-11-05T06:00:47,30.0,35.0,2024-11-05T03:00:47,32.5,,,NOISE,2024-11-05T03:00:47,32.5,,,NOISE,2024-11-05T03:00:47,32.5,,,NOISE,2024-11-05T03:00:47,32.5,,,NOISE
2026-03-04T12:54:00.354273,Map-Energy__sum__linear-conv00177-20241105_060047-20241105_120047-30.000000-35.000000.png,2024-11-05T06:00:47,2024-11-05T12:00:47,30.0,35.0,2024-11-05T09:00:47,32.5,,,NOISE,2024-11-05T09:00:47,32.5,,,NOISE,2024-11-05T09:00:47,32.5,,,NOISE,2024-11-05T09:00:47,32.5,,,NOISE
2026-03-04T12:54:02.530123,Map-Energy__sum__linear-conv00187-20241105_120047-20241105_180047-30.000000-35.000000.png,2024-11-05T12:00:47,2024-11-05T18:00:47,30.0,35.0,2024-11-05T15:00:47,32.5,,,NOISE,2024-11-05T15:00:47,32.5,,,NOISE,2024-11-05T15:00:47,32.5,,,NOISE,2024-11-05T15:00:47,32.5,,,NOISE
2026-03-04T12:54:04.433972,Map-Energy__sum__linear-conv00197-20241105_180047-20241106_000047-30.000000-35.000000.png,2024-11-05T18:00:47,2024-11-06T00:00:47,30.0,35.0,2024-11-05T21:00:47,32.5,,,NOISE,2024-11-05T21:00:47,32.5,,,NOISE,2024-11-05T21:00:47,32.5,,,NOISE,2024-11-05T21:00:47,32.5,,,NOISE
2026-03-04T12:54:06.578153,Map-Energy__sum__linear-conv00207-20241106_000047-20241106_060047-30.000000-35.000000.png,2024-11-06T00:00:47,2024-11-06T06:00:47,30.0,35.0,2024-11-06T03:00:47,32.5,,,NOISE,2024-11-06T03:00:47,32.5,,,NOISE,2024-11-06T03:00:47,32.5,,,NOISE,2024-11-06T03:00:47,32.5,,,NOISE
2026-03-04T12:54:07.850120,Map-Energy__sum__linear-conv00217-20241106_060047-20241106_120047-30.000000-35.000000.png,2024-11-06T06:00:47,2024-11-06T12:00:47,30.0,35.0,2024-11-06T09:00:47,32.5,,,NOISE,2024-11-06T09:00:47,32.5,,,NOISE,2024-11-06T09:00:47,32.5,,,NOISE,2024-11-06T09:00:47,32.5,,,NOISE
2026-03-04T12:54:10.482400,Map-Energy__sum__linear-conv00227-20241106_120047-20241106_180047-30.000000-35.000000.png,2024-11-06T12:00:47,2024-11-06T18:00:47,30.0,35.0,2024-11-06T15:00:47,32.5,,,NOISE,2024-11-06T15:00:47,32.5,,,NOISE,2024-11-06T15:00:47,32.5,,,NOISE,2024-11-06T15:00:47,32.5,,,NOISE
2026-03-04T12:54:12.562031,Map-Energy__sum__linear-conv00237-20241106_180047-20241107_000047-30.000000-35.000000.png,2024-11-06T18:00:47,2024-11-07T00:00:47,30.0,35.0,2024-11-06T21:00:47,32.5,,,NOISE,2024-11-06T21:00:47,32.5,,,NOISE,2024-11-06T21:00:47,32.5,,,NOISE,2024-11-06T21:00:47,32.5,,,NOISE
2026-03-04T12:54:15.226315,Map-Energy__sum__linear-conv00247-20241107_000047-20241107_060047-30.000000-35.000000.png,2024-11-07T00:00:47,2024-11-07T06:00:47,30.0,35.0,2024-11-07T03:00:47,32.5,,,NOISE,2024-11-07T03:00:47,32.5,,,NOISE,2024-11-07T03:00:47,32.5,,,NOISE,2024-11-07T03:00:47,32.5,,,NOISE
2026-03-04T12:54:18.586008,Map-Energy__sum__linear-conv00257-20241107_060047-20241107_120047-30.000000-35.000000.png,2024-11-07T06:00:47,2024-11-07T12:00:47,30.0,35.0,2024-11-07T09:00:47,32.5,,,NOISE,2024-11-07T09:00:47,32.5,,,NOISE,2024-11-07T09:00:47,32.5,,,NOISE,2024-11-07T09:00:47,32.5,,,NOISE
2026-03-04T12:54:20.898038,Map-Energy__sum__linear-conv00267-20241107_120047-20241107_180047-30.000000-35.000000.png,2024-11-07T12:00:47,2024-11-07T18:00:47,30.0,35.0,2024-11-07T15:00:47,32.5,,,NOISE,2024-11-07T15:00:47,32.5,,,NOISE,2024-11-07T15:00:47,32.5,,,NOISE,2024-11-07T15:00:47,32.5,,,NOISE
2026-03-04T12:54:22.930183,Map-Energy__sum__linear-conv00277-20241107_180047-20241108_000047-30.000000-35.000000.png,2024-11-07T18:00:47,2024-11-08T00:00:47,30.0,35.0,2024-11-07T21:00:47,32.5,,,NOISE,2024-11-07T21:00:47,32.5,,,NOISE,2024-11-07T21:00:47,32.5,,,NOISE,2024-11-07T21:00:47,32.5,,,NOISE
2026-03-04T12:54:24.873990,Map-Energy__sum__linear-conv00287-20241108_000047-20241108_060047-30.000000-35.000000.png,2024-11-08T00:00:47,2024-11-08T06:00:47,30.0,35.0,2024-11-08T03:00:47,32.5,,,NOISE,2024-11-08T03:00:47,32.5,,,NOISE,2024-11-08T03:00:47,32.5,,,NOISE,2024-11-08T03:00:47,32.5,,,NOISE
2026-03-04T12:54:27.377933,Map-Energy__sum__linear-conv00297-20241108_060047-20241108_120047-30.000000-35.000000.png,2024-11-08T06:00:47,2024-11-08T12:00:47,30.0,35.0,2024-11-08T09:00:47,32.5,,,NOISE,2024-11-08T09:00:47,32.5,,,NOISE,2024-11-08T09:00:47,32.5,,,NOISE,2024-11-08T09:00:47,32.5,,,NOISE
2026-03-04T12:54:28.850299,Map-Energy__sum__linear-conv00307-20241108_120047-20241108_180047-30.000000-35.000000.png,2024-11-08T12:00:47,2024-11-08T18:00:47,30.0,35.0,2024-11-08T15:00:47,32.5,,,NOISE,2024-11-08T15:00:47,32.5,,,NOISE,2024-11-08T15:00:47,32.5,,,NOISE,2024-11-08T15:00:47,32.5,,,NOISE
2026-03-04T12:54:30.122045,Map-Energy__sum__linear-conv00317-20241108_180047-20241109_000047-30.000000-35.000000.png,2024-11-08T18:00:47,2024-11-09T00:00:47,30.0,35.0,2024-11-08T21:00:47,32.5,,,NOISE,2024-11-08T21:00:47,32.5,,,NOISE,2024-11-08T21:00:47,32.5,,,NOISE,2024-11-08T21:00:47,32.5,,,NOISE
2026-03-04T12:54:31.522118,Map-Energy__sum__linear-conv00327-20241109_000047-20241109_060047-30.000000-35.000000.png,2024-11-09T00:00:47,2024-11-09T06:00:47,30.0,35.0,2024-11-09T03:00:47,32.5,,,NOISE,2024-11-09T03:00:47,32.5,,,NOISE,2024-11-09T03:00:47,32.5,,,NOISE,2024-11-09T03:00:47,32.5,,,NOISE
2026-03-04T12:54:32.882104,Map-Energy__sum__linear-conv00337-20241109_060047-20241109_120047-30.000000-35.000000.png,2024-11-09T06:00:47,2024-11-09T12:00:47,30.0,35.0,2024-11-09T09:00:47,32.5,,,NOISE,2024-11-09T09:00:47,32.5,,,NOISE,2024-11-09T09:00:47,32.5,,,NOISE,2024-11-09T09:00:47,32.5,,,NOISE
2026-03-04T12:54:34.002191,Map-Energy__sum__linear-conv00347-20241109_120047-20241109_180047-30.000000-35.000000.png,2024-11-09T12:00:47,2024-11-09T18:00:47,30.0,35.0,2024-11-09T15:00:47,32.5,,,NOISE,2024-11-09T15:00:47,32.5,,,NOISE,2024-11-09T15:00:47,32.5,,,NOISE,2024-11-09T15:00:47,32.5,,,NOISE
2026-03-04T12:54:35.785896,Map-Energy__sum__linear-conv00357-20241109_180047-20241110_000047-30.000000-35.000000.png,2024-11-09T18:00:47,2024-11-10T00:00:47,30.0,35.0,2024-11-09T21:00:47,32.5,,,NOISE,2024-11-09T21:00:47,32.5,,,NOISE,2024-11-09T21:00:47,32.5,,,NOISE,2024-11-09T21:00:47,32.5,,,NOISE
2026-03-04T12:54:37.098051,Map-Energy__sum__linear-conv00367-20241110_000047-20241110_060047-30.000000-35.000000.png,2024-11-10T00:00:47,2024-11-10T06:00:47,30.0,35.0,2024-11-10T03:00:47,32.5,,,NOISE,2024-11-10T03:00:47,32.5,,,NOISE,2024-11-10T03:00:47,32.5,,,NOISE,2024-11-10T03:00:47,32.5,,,NOISE
2026-03-04T12:54:38.538247,Map-Energy__sum__linear-conv00377-20241110_060047-20241110_120047-30.000000-35.000000.png,2024-11-10T06:00:47,2024-11-10T12:00:47,30.0,35.0,2024-11-10T09:00:47,32.5,,,NOISE,2024-11-10T09:00:47,32.5,,,NOISE,2024-11-10T09:00:47,32.5,,,NOISE,2024-11-10T09:00:47,32.5,,,NOISE
2026-03-04T12:54:39.994082,Map-Energy__sum__linear-conv00387-20241110_120047-20241110_180047-30.000000-35.000000.png,2024-11-10T12:00:47,2024-11-10T18:00:47,30.0,35.0,2024-11-10T15:00:47,32.5,,,NOISE,2024-11-10T15:00:47,32.5,,,NOISE,2024-11-10T15:00:47,32.5,,,NOISE,2024-11-10T15:00:47,32.5,,,NOISE
2026-03-04T12:54:41.137998,Map-Energy__sum__linear-conv00397-20241110_180047-20241111_000047-30.000000-35.000000.png,2024-11-10T18:00:47,2024-11-11T00:00:47,30.0,35.0,2024-11-10T21:00:47,32.5,,,NOISE,2024-11-10T21:00:47,32.5,,,NOISE,2024-11-10T21:00:47,32.5,,,NOISE,2024-11-10T21:00:47,32.5,,,NOISE
2026-03-04T12:54:42.578102,Map-Energy__sum__linear-conv00407-20241111_000047-20241111_060047-30.000000-35.000000.png,2024-11-11T00:00:47,2024-11-11T06:00:47,30.0,35.0,2024-11-11T03:00:47,32.5,,,NOISE,2024-11-11T03:00:47,32.5,,,NOISE,2024-11-11T03:00:47,32.5,,,NOISE,2024-11-11T03:00:47,32.5,,,NOISE
2026-03-04T12:54:45.722097,Map-Energy__sum__linear-conv00417-20241111_060047-20241111_120047-30.000000-35.000000.png,2024-11-11T06:00:47,2024-11-11T12:00:47,30.0,35.0,2024-11-11T09:00:47,32.5,,,NOISE,2024-11-11T09:00:47,32.5,,,NOISE,2024-11-11T09:00:47,32.5,,,NOISE,2024-11-11T09:00:47,32.5,,,NOISE
2026-03-04T12:54:48.658282,Map-Energy__sum__linear-conv00427-20241111_120047-20241111_180047-30.000000-35.000000.png,2024-11-11T12:00:47,2024-11-11T18:00:47,30.0,35.0,2024-11-11T15:00:47,32.5,,,NOISE,2024-11-11T15:00:47,32.5,,,NOISE,2024-11-11T15:00:47,32.5,,,NOISE,2024-11-11T15:00:47,32.5,,,NOISE
2026-03-04T12:54:50.642069,Map-Energy__sum__linear-conv00437-20241111_180047-20241112_000047-30.000000-35.000000.png,2024-11-11T18:00:47,2024-11-12T00:00:47,30.0,35.0,2024-11-11T21:00:47,32.5,,,NOISE,2024-11-11T21:00:47,32.5,,,NOISE,2024-11-11T21:00:47,32.5,,,NOISE,2024-11-11T21:00:47,32.5,,,NOISE
2026-03-04T12:54:52.842264,Map-Energy__sum__linear-conv00447-20241112_000047-20241112_060047-30.000000-35.000000.png,2024-11-12T00:00:47,2024-11-12T06:00:47,30.0,35.0,2024-11-12T03:00:47,32.5,,,NOISE,2024-11-12T03:00:47,32.5,,,NOISE,2024-11-12T03:00:47,32.5,,,NOISE,2024-11-12T03:00:47,32.5,,,NOISE
2026-03-04T12:54:54.417985,Map-Energy__sum__linear-conv00457-20241112_060047-20241112_120047-30.000000-35.000000.png,2024-11-12T06:00:47,2024-11-12T12:00:47,30.0,35.0,2024-11-12T09:00:47,32.5,,,NOISE,2024-11-12T09:00:47,32.5,,,NOISE,2024-11-12T09:00:47,32.5,,,NOISE,2024-11-12T09:00:47,32.5,,,NOISE
2026-03-04T12:54:55.682427,Map-Energy__sum__linear-conv00467-20241112_120047-20241112_180047-30.000000-35.000000.png,2024-11-12T12:00:47,2024-11-12T18:00:47,30.0,35.0,2024-11-12T15:00:47,32.5,,,NOISE,2024-11-12T15:00:47,32.5,,,NOISE,2024-11-12T15:00:47,32.5,,,NOISE,2024-11-12T15:00:47,32.5,,,NOISE
2026-03-04T12:54:56.738058,Map-Energy__sum__linear-conv00477-20241112_180047-20241113_000047-30.000000-35.000000.png,2024-11-12T18:00:47,2024-11-13T00:00:47,30.0,35.0,2024-11-12T21:00:47,32.5,,,NOISE,2024-11-12T21:00:47,32.5,,,NOISE,2024-11-12T21:00:47,32.5,,,NOISE,2024-11-12T21:00:47,32.5,,,NOISE
2026-03-04T12:54:58.754020,Map-Energy__sum__linear-conv00487-20241113_000047-20241113_060047-30.000000-35.000000.png,2024-11-13T00:00:47,2024-11-13T06:00:47,30.0,35.0,2024-11-13T03:00:47,32.5,,,NOISE,2024-11-13T03:00:47,32.5,,,NOISE,2024-11-13T03:00:47,32.5,,,NOISE,2024-11-13T03:00:47,32.5,,,NOISE
2026-03-04T12:54:59.993988,Map-Energy__sum__linear-conv00497-20241113_060047-20241113_120047-30.000000-35.000000.png,2024-11-13T06:00:47,2024-11-13T12:00:47,30.0,35.0,2024-11-13T09:00:47,32.5,,,NOISE,2024-11-13T09:00:47,32.5,,,NOISE,2024-11-13T09:00:47,32.5,,,NOISE,2024-11-13T09:00:47,32.5,,,NOISE
2026-03-04T12:55:01.034154,Map-Energy__sum__linear-conv00507-20241113_120047-20241113_180047-30.000000-35.000000.png,2024-11-13T12:00:47,2024-11-13T18:00:47,30.0,35.0,2024-11-13T15:00:47,32.5,,,NOISE,2024-11-13T15:00:47,32.5,,,NOISE,2024-11-13T15:00:47,32.5,,,NOISE,2024-11-13T15:00:47,32.5,,,NOISE
2026-03-04T12:55:29.554040,Map-Energy__sum__linear-conv00517-20241113_180047-20241114_000047-30.000000-35.000000.png,2024-11-13T18:00:47,2024-11-14T00:00:47,30.0,35.0,2024-11-13T21:00:47,32.5,,,NOISE,2024-11-13T21:00:47,32.5,,,NOISE,2024-11-13T21:00:47,32.5,,,NOISE,2024-11-13T21:00:47,32.5,,,NOISE
2026-03-04T12:55:31.306200,Map-Energy__sum__linear-conv00527-20241114_000047-20241114_060047-30.000000-35.000000.png,2024-11-14T00:00:47,2024-11-14T06:00:47,30.0,35.0,2024-11-14T03:00:47,32.5,,,NOISE,2024-11-14T03:00:47,32.5,,,NOISE,2024-11-14T03:00:47,32.5,,,NOISE,2024-11-14T03:00:47,32.5,,,NOISE
2026-03-04T12:55:32.753941,Map-Energy__sum__linear-conv00537-20241114_060047-20241114_120047-30.000000-35.000000.png,2024-11-14T06:00:47,2024-11-14T12:00:47,30.0,35.0,2024-11-14T09:00:47,32.5,,,NOISE,2024-11-14T09:00:47,32.5,,,NOISE,2024-11-14T09:00:47,32.5,,,NOISE,2024-11-14T09:00:47,32.5,,,NOISE
2026-03-04T12:55:34.338034,Map-Energy__sum__linear-conv00547-20241114_120047-20241114_180047-30.000000-35.000000.png,2024-11-14T12:00:47,2024-11-14T18:00:47,30.0,35.0,2024-11-14T15:00:47,32.5,,,NOISE,2024-11-14T15:00:47,32.5,,,NOISE,2024-11-14T15:00:47,32.5,,,NOISE,2024-11-14T15:00:47,32.5,,,NOISE
2026-03-04T12:55:35.625966,Map-Energy__sum__linear-conv00557-20241114_180047-20241115_000047-30.000000-35.000000.png,2024-11-14T18:00:47,2024-11-15T00:00:47,30.0,35.0,2024-11-14T21:00:47,32.5,,,NOISE,2024-11-14T21:00:47,32.5,,,NOISE,2024-11-14T21:00:47,32.5,,,NOISE,2024-11-14T21:00:47,32.5,,,NOISE
2026-03-04T12:55:36.746069,Map-Energy__sum__linear-conv00567-20241115_000047-20241115_060047-30.000000-35.000000.png,2024-11-15T00:00:47,2024-11-15T06:00:47,30.0,35.0,2024-11-15T03:00:47,32.5,,,NOISE,2024-11-15T03:00:47,32.5,,,NOISE,2024-11-15T03:00:47,32.5,,,NOISE,2024-11-15T03:00:47,32.5,,,NOISE
2026-03-04T12:55:38.419708,Map-Energy__sum__linear-conv00577-20241115_060047-20241115_120047-30.000000-35.000000.png,2024-11-15T06:00:47,2024-11-15T12:00:47,30.0,35.0,2024-11-15T09:00:47,32.5,,,NOISE,2024-11-15T09:00:47,32.5,,,NOISE,2024-11-15T09:00:47,32.5,,,NOISE,2024-11-15T09:00:47,32.5,,,NOISE
2026-03-04T12:55:39.962022,Map-Energy__sum__linear-conv00587-20241115_120047-20241115_180047-30.000000-35.000000.png,2024-11-15T12:00:47,2024-11-15T18:00:47,30.0,35.0,2024-11-15T15:00:47,32.5,,,NOISE,2024-11-15T15:00:47,32.5,,,NOISE,2024-11-15T15:00:47,32.5,,,NOISE,2024-11-15T15:00:47,32.5,,,NOISE
2026-03-04T12:55:42.737960,Map-Energy__sum__linear-conv00597-20241115_180047-20241116_000047-30.000000-35.000000.png,2024-11-15T18:00:47,2024-11-16T00:00:47,30.0,35.0,2024-11-15T21:00:47,32.5,,,NOISE,2024-11-15T21:00:47,32.5,,,NOISE,2024-11-15T21:00:47,32.5,,,NOISE,2024-11-15T21:00:47,32.5,,,NOISE
2026-03-04T12:55:44.346319,Map-Energy__sum__linear-conv00607-20241116_000047-20241116_060047-30.000000-35.000000.png,2024-11-16T00:00:47,2024-11-16T06:00:47,30.0,35.0,2024-11-16T03:00:47,32.5,,,NOISE,2024-11-16T03:00:47,32.5,,,NOISE,2024-11-16T03:00:47,32.5,,,NOISE,2024-11-16T03:00:47,32.5,,,NOISE
2026-03-04T12:55:46.049870,Map-Energy__sum__linear-conv00617-20241116_060047-20241116_120047-30.000000-35.000000.png,2024-11-16T06:00:47,2024-11-16T12:00:47,30.0,35.0,2024-11-16T09:00:47,32.5,,,NOISE,2024-11-16T09:00:47,32.5,,,NOISE,2024-11-16T09:00:47,32.5,,,NOISE,2024-11-16T09:00:47,32.5,,,NOISE
2026-03-04T12:55:49.090248,Map-Energy__sum__linear-conv00627-20241116_120047-20241116_180047-30.000000-35.000000.png,2024-11-16T12:00:47,2024-11-16T18:00:47,30.0,35.0,2024-11-16T15:00:47,32.5,,,NOISE,2024-11-16T15:00:47,32.5,,,NOISE,2024-11-16T15:00:47,32.5,,,NOISE,2024-11-16T15:00:47,32.5,,,NOISE
2026-03-04T12:55:51.825997,Map-Energy__sum__linear-conv00637-20241116_180047-20241117_000047-30.000000-35.000000.png,2024-11-16T18:00:47,2024-11-17T00:00:47,30.0,35.0,2024-11-16T21:00:47,32.5,,,NOISE,2024-11-16T21:00:47,32.5,,,NOISE,2024-11-16T21:00:47,32.5,,,NOISE,2024-11-16T21:00:47,32.5,,,NOISE
2026-03-04T12:55:54.010152,Map-Energy__sum__linear-conv00647-20241117_000047-20241117_060047-30.000000-35.000000.png,2024-11-17T00:00:47,2024-11-17T06:00:47,30.0,35.0,2024-11-17T03:00:47,32.5,,,NOISE,2024-11-17T03:00:47,32.5,,,NOISE,2024-11-17T03:00:47,32.5,,,NOISE,2024-11-17T03:00:47,32.5,,,NOISE
2026-03-04T12:55:55.994078,Map-Energy__sum__linear-conv00657-20241117_060047-20241117_120047-30.000000-35.000000.png,2024-11-17T06:00:47,2024-11-17T12:00:47,30.0,35.0,2024-11-17T09:00:47,32.5,,,NOISE,2024-11-17T09:00:47,32.5,,,NOISE,2024-11-17T09:00:47,32.5,,,NOISE,2024-11-17T09:00:47,32.5,,,NOISE
2026-03-04T12:55:57.322011,Map-Energy__sum__linear-conv00667-20241117_120047-20241117_180047-30.000000-35.000000.png,2024-11-17T12:00:47,2024-11-17T18:00:47,30.0,35.0,2024-11-17T15:00:47,32.5,,,NOISE,2024-11-17T15:00:47,32.5,,,NOISE,2024-11-17T15:00:47,32.5,,,NOISE,2024-11-17T15:00:47,32.5,,,NOISE
2026-03-04T12:55:58.457972,Map-Energy__sum__linear-conv00677-20241117_180047-20241118_000047-30.000000-35.000000.png,2024-11-17T18:00:47,2024-11-18T00:00:47,30.0,35.0,2024-11-17T21:00:47,32.5,,,NOISE,2024-11-17T21:00:47,32.5,,,NOISE,2024-11-17T21:00:47,32.5,,,NOISE,2024-11-17T21:00:47,32.5,,,NOISE
2026-03-04T12:55:59.657893,Map-Energy__sum__linear-conv00687-20241118_000047-20241118_060047-30.000000-35.000000.png,2024-11-18T00:00:47,2024-11-18T06:00:47,30.0,35.0,2024-11-18T03:00:47,32.5,,,NOISE,2024-11-18T03:00:47,32.5,,,NOISE,2024-11-18T03:00:47,32.5,,,NOISE,2024-11-18T03:00:47,32.5,,,NOISE
2026-03-04T12:56:03.049867,Map-Energy__sum__linear-conv00697-20241118_060047-20241118_120047-30.000000-35.000000.png,2024-11-18T06:00:47,2024-11-18T12:00:47,30.0,35.0,2024-11-18T09:00:47,32.5,,,NOISE,2024-11-18T09:00:47,32.5,,,NOISE,2024-11-18T09:00:47,32.5,,,NOISE,2024-11-18T09:00:47,32.5,,,NOISE
2026-03-04T12:56:04.353916,Map-Energy__sum__linear-conv00707-20241118_120047-20241118_180047-30.000000-35.000000.png,2024-11-18T12:00:47,2024-11-18T18:00:47,30.0,35.0,2024-11-18T15:00:47,32.5,,,NOISE,2024-11-18T15:00:47,32.5,,,NOISE,2024-11-18T15:00:47,32.5,,,NOISE,2024-11-18T15:00:47,32.5,,,NOISE
2026-03-04T12:56:06.889987,Map-Energy__sum__linear-conv00717-20241118_180047-20241119_000047-30.000000-35.000000.png,2024-11-18T18:00:47,2024-11-19T00:00:47,30.0,35.0,2024-11-18T21:00:47,32.5,,,NOISE,2024-11-18T21:00:47,32.5,,,NOISE,2024-11-18T21:00:47,32.5,,,NOISE,2024-11-18T21:00:47,32.5,,,NOISE
2026-03-04T12:56:09.025916,Map-Energy__sum__linear-conv00727-20241119_000047-20241119_060047-30.000000-35.000000.png,2024-11-19T00:00:47,2024-11-19T06:00:47,30.0,35.0,2024-11-19T03:00:47,32.5,,,NOISE,2024-11-19T03:00:47,32.5,,,NOISE,2024-11-19T03:00:47,32.5,,,NOISE,2024-11-19T03:00:47,32.5,,,NOISE
2026-03-04T12:56:10.329582,Map-Energy__sum__linear-conv00737-20241119_060047-20241119_120047-30.000000-35.000000.png,2024-11-19T06:00:47,2024-11-19T12:00:47,30.0,35.0,2024-11-19T09:00:47,32.5,,,NOISE,2024-11-19T09:00:47,32.5,,,NOISE,2024-11-19T09:00:47,32.5,,,NOISE,2024-11-19T09:00:47,32.5,,,NOISE
2026-03-04T12:56:12.026148,Map-Energy__sum__linear-conv00747-20241119_120047-20241119_180047-30.000000-35.000000.png,2024-11-19T12:00:47,2024-11-19T18:00:47,30.0,35.0,2024-11-19T15:00:47,32.5,,,NOISE,2024-11-19T15:00:47,32.5,,,NOISE,2024-11-19T15:00:47,32.5,,,NOISE,2024-11-19T15:00:47,32.5,,,NOISE
2026-03-04T12:56:13.225759,Map-Energy__sum__linear-conv00757-20241119_180047-20241120_000047-30.000000-35.000000.png,2024-11-19T18:00:47,2024-11-20T00:00:47,30.0,35.0,2024-11-19T21:00:47,32.5,,,NOISE,2024-11-19T21:00:47,32.5,,,NOISE,2024-11-19T21:00:47,32.5,,,NOISE,2024-11-19T21:00:47,32.5,,,NOISE
2026-03-04T12:56:14.481838,Map-Energy__sum__linear-conv00767-20241120_000047-20241120_060047-30.000000-35.000000.png,2024-11-20T00:00:47,2024-11-20T06:00:47,30.0,35.0,2024-11-20T03:00:47,32.5,,,NOISE,2024-11-20T03:00:47,32.5,,,NOISE,2024-11-20T03:00:47,32.5,,,NOISE,2024-11-20T03:00:47,32.5,,,NOISE
2026-03-04T12:56:15.513883,Map-Energy__sum__linear-conv00777-20241120_060047-20241120_120047-30.000000-35.000000.png,2024-11-20T06:00:47,2024-11-20T12:00:47,30.0,35.0,2024-11-20T09:00:47,32.5,,,NOISE,2024-11-20T09:00:47,32.5,,,NOISE,2024-11-20T09:00:47,32.5,,,NOISE,2024-11-20T09:00:47,32.5,,,NOISE
2026-03-04T12:56:45.681812,Map-Energy__sum__linear-conv00787-20241120_120047-20241120_180047-30.000000-35.000000.png,2024-11-20T12:00:47,2024-11-20T18:00:47,30.0,35.0,2024-11-20T15:00:47,32.5,,,NOISE,2024-11-20T15:00:47,32.5,,,NOISE,2024-11-20T15:00:47,32.5,,,NOISE,2024-11-20T15:00:47,32.5,,,NOISE
2026-03-04T12:56:46.118548,Map-Energy__sum__linear-conv00797-20241120_180047-20241121_000047-30.000000-35.000000.png,2024-11-20T18:00:47,2024-11-21T00:00:47,30.0,35.0,2024-11-20T21:00:47,32.5,,,NOISE,2024-11-20T21:00:47,32.5,,,NOISE,2024-11-20T21:00:47,32.5,,,NOISE,2024-11-20T21:00:47,32.5,,,NOISE
2026-03-04T12:56:46.530165,Map-Energy__sum__linear-conv00807-20241121_000047-20241121_060047-30.000000-35.000000.png,2024-11-21T00:00:47,2024-11-21T06:00:47,30.0,35.0,2024-11-21T03:00:47,32.5,,,NOISE,2024-11-21T03:00:47,32.5,,,NOISE,2024-11-21T03:00:47,32.5,,,NOISE,2024-11-21T03:00:47,32.5,,,NOISE
2026-03-04T12:56:46.995108,Map-Energy__sum__linear-conv00817-20241121_060047-20241121_120047-30.000000-35.000000.png,2024-11-21T06:00:47,2024-11-21T12:00:47,30.0,35.0,2024-11-21T09:00:47,32.5,,,NOISE,2024-11-21T09:00:47,32.5,,,NOISE,2024-11-21T09:00:47,32.5,,,NOISE,2024-11-21T09:00:47,32.5,,,NOISE
2026-03-04T12:56:49.609678,Map-Energy__sum__linear-conv00827-20241121_120047-20241121_180047-30.000000-35.000000.png,2024-11-21T12:00:47,2024-11-21T18:00:47,30.0,35.0,2024-11-21T15:00:47,32.5,,,NOISE,2024-11-21T15:00:47,32.5,,,NOISE,2024-11-21T15:00:47,32.5,,,NOISE,2024-11-21T15:00:47,32.5,,,NOISE
2026-03-04T12:56:50.706005,Map-Energy__sum__linear-conv00837-20241121_180047-20241122_000047-30.000000-35.000000.png,2024-11-21T18:00:47,2024-11-22T00:00:47,30.0,35.0,2024-11-21T21:00:47,32.5,,,NOISE,2024-11-21T21:00:47,32.5,,,NOISE,2024-11-21T21:00:47,32.5,,,NOISE,2024-11-21T21:00:47,32.5,,,NOISE
2026-03-04T12:56:51.586080,Map-Energy__sum__linear-conv00847-20241122_000047-20241122_060047-30.000000-35.000000.png,2024-11-22T00:00:47,2024-11-22T06:00:47,30.0,35.0,2024-11-22T03:00:47,32.5,,,NOISE,2024-11-22T03:00:47,32.5,,,NOISE,2024-11-22T03:00:47,32.5,,,NOISE,2024-11-22T03:00:47,32.5,,,NOISE
2026-03-04T12:56:53.817599,Map-Energy__sum__linear-conv00857-20241122_060047-20241122_120047-30.000000-35.000000.png,2024-11-22T06:00:47,2024-11-22T12:00:47,30.0,35.0,2024-11-22T09:00:47,32.5,,,NOISE,2024-11-22T09:00:47,32.5,,,NOISE,2024-11-22T09:00:47,32.5,,,NOISE,2024-11-22T09:00:47,32.5,,,NOISE
2026-03-04T12:56:55.809931,Map-Energy__sum__linear-conv00867-20241122_120047-20241122_180047-30.000000-35.000000.png,2024-11-22T12:00:47,2024-11-22T18:00:47,30.0,35.0,2024-11-22T15:00:47,32.5,,,NOISE,2024-11-22T15:00:47,32.5,,,NOISE,2024-11-22T15:00:47,32.5,,,NOISE,2024-11-22T15:00:47,32.5,,,NOISE
2026-03-04T12:56:56.873860,Map-Energy__sum__linear-conv00877-20241122_180047-20241123_000047-30.000000-35.000000.png,2024-11-22T18:00:47,2024-11-23T00:00:47,30.0,35.0,2024-11-22T21:00:47,32.5,,,NOISE,2024-11-22T21:00:47,32.5,,,NOISE,2024-11-22T21:00:47,32.5,,,NOISE,2024-11-22T21:00:47,32.5,,,NOISE
2026-03-04T12:56:57.961849,Map-Energy__sum__linear-conv00887-20241123_000047-20241123_060047-30.000000-35.000000.png,2024-11-23T00:00:47,2024-11-23T06:00:47,30.0,35.0,2024-11-23T03:00:47,32.5,,,NOISE,2024-11-23T03:00:47,32.5,,,NOISE,2024-11-23T03:00:47,32.5,,,NOISE,2024-11-23T03:00:47,32.5,,,NOISE
2026-03-04T12:56:59.057757,Map-Energy__sum__linear-conv00897-20241123_060047-20241123_120047-30.000000-35.000000.png,2024-11-23T06:00:47,2024-11-23T12:00:47,30.0,35.0,2024-11-23T09:00:47,32.5,,,NOISE,2024-11-23T09:00:47,32.5,,,NOISE,2024-11-23T09:00:47,32.5,,,NOISE,2024-11-23T09:00:47,32.5,,,NOISE
2026-03-04T12:57:00.162499,Map-Energy__sum__linear-conv00907-20241123_120047-20241123_180047-30.000000-35.000000.png,2024-11-23T12:00:47,2024-11-23T18:00:47,30.0,35.0,2024-11-23T15:00:47,32.5,,,NOISE,2024-11-23T15:00:47,32.5,,,NOISE,2024-11-23T15:00:47,32.5,,,NOISE,2024-11-23T15:00:47,32.5,,,NOISE
2026-03-04T12:57:01.121803,Map-Energy__sum__linear-conv00917-20241123_180047-20241124_000047-30.000000-35.000000.png,2024-11-23T18:00:47,2024-11-24T00:00:47,30.0,35.0,2024-11-23T21:00:47,32.5,,,NOISE,2024-11-23T21:00:47,32.5,,,NOISE,2024-11-23T21:00:47,32.5,,,NOISE,2024-11-23T21:00:47,32.5,,,NOISE
2026-03-04T12:57:02.305753,Map-Energy__sum__linear-conv00927-20241124_000047-20241124_060047-30.000000-35.000000.png,2024-11-24T00:00:47,2024-11-24T06:00:47,30.0,35.0,2024-11-24T03:00:47,32.5,,,NOISE,2024-11-24T03:00:47,32.5,,,NOISE,2024-11-24T03:00:47,32.5,,,NOISE,2024-11-24T03:00:47,32.5,,,NOISE
2026-03-04T12:57:03.345856,Map-Energy__sum__linear-conv00937-20241124_060047-20241124_120047-30.000000-35.000000.png,2024-11-24T06:00:47,2024-11-24T12:00:47,30.0,35.0,2024-11-24T09:00:47,32.5,,,NOISE,2024-11-24T09:00:47,32.5,,,NOISE,2024-11-24T09:00:47,32.5,,,NOISE,2024-11-24T09:00:47,32.5,,,NOISE
2026-03-04T12:57:04.441927,Map-Energy__sum__linear-conv00947-20241124_120047-20241124_180047-30.000000-35.000000.png,2024-11-24T12:00:47,2024-11-24T18:00:47,30.0,35.0,2024-11-24T15:00:47,32.5,,,NOISE,2024-11-24T15:00:47,32.5,,,NOISE,2024-11-24T15:00:47,32.5,,,NOISE,2024-11-24T15:00:47,32.5,,,NOISE
2026-03-04T12:57:05.505919,Map-Energy__sum__linear-conv00957-20241124_180047-20241125_000047-30.000000-35.000000.png,2024-11-24T18:00:47,2024-11-25T00:00:47,30.0,35.0,2024-11-24T21:00:47,32.5,,,NOISE,2024-11-24T21:00:47,32.5,,,NOISE,2024-11-24T21:00:47,32.5,,,NOISE,2024-11-24T21:00:47,32.5,,,NOISE
2026-03-04T12:57:06.593941,Map-Energy__sum__linear-conv00967-20241125_000047-20241125_060047-30.000000-35.000000.png,2024-11-25T00:00:47,2024-11-25T06:00:47,30.0,35.0,2024-11-25T03:00:47,32.5,,,NOISE,2024-11-25T03:00:47,32.5,,,NOISE,2024-11-25T03:00:47,32.5,,,NOISE,2024-11-25T03:00:47,32.5,,,NOISE
2026-03-04T12:57:07.578048,Map-Energy__sum__linear-conv00977-20241125_060047-20241125_120047-30.000000-35.000000.png,2024-11-25T06:00:47,2024-11-25T12:00:47,30.0,35.0,2024-11-25T09:00:47,32.5,,,NOISE,2024-11-25T09:00:47,32.5,,,NOISE,2024-11-25T09:00:47,32.5,,,NOISE,2024-11-25T09:00:47,32.5,,,NOISE
2026-03-04T12:57:10.121960,Map-Energy__sum__linear-conv00987-20241125_120047-20241125_180047-30.000000-35.000000.png,2024-11-25T12:00:47,2024-11-25T18:00:47,30.0,35.0,2024-11-25T15:00:47,32.5,,,NOISE,2024-11-25T15:00:47,32.5,,,NOISE,2024-11-25T15:00:47,32.5,,,NOISE,2024-11-25T15:00:47,32.5,,,NOISE
2026-03-04T12:58:46.001849,Map-Energy__sum__linear-conv00997-20241125_180047-20241126_000047-30.000000-35.000000.png,2024-11-25T18:00:47,2024-11-26T00:00:47,30.0,35.0,2024-11-25T21:00:47,32.5,,,NOISE,2024-11-25T21:00:47,32.5,,,NOISE,2024-11-25T21:00:47,32.5,,,NOISE,2024-11-25T21:00:47,32.5,,,NOISE
2026-03-04T12:58:49.081980,Map-Energy__sum__linear-conv01007-20241126_000047-20241126_060047-30.000000-35.000000.png,2024-11-26T00:00:47,2024-11-26T06:00:47,30.0,35.0,2024-11-26T03:00:47,32.5,,,NOISE,2024-11-26T03:00:47,32.5,,,NOISE,2024-11-26T03:00:47,32.5,,,NOISE,2024-11-26T03:00:47,32.5,,,NOISE
2026-03-04T12:58:51.153641,Map-Energy__sum__linear-conv01017-20241126_060047-20241126_120047-30.000000-35.000000.png,2024-11-26T06:00:47,2024-11-26T12:00:47,30.0,35.0,2024-11-26T09:00:47,32.5,,,NOISE,2024-11-26T09:00:47,32.5,,,NOISE,2024-11-26T09:00:47,32.5,,,NOISE,2024-11-26T09:00:47,32.5,,,NOISE
2026-03-04T12:58:55.625801,Map-Energy__sum__linear-conv01027-20241126_120047-20241126_180047-30.000000-35.000000.png,2024-11-26T12:00:47,2024-11-26T18:00:47,30.0,35.0,2024-11-26T15:00:47,32.5,,,NOISE,2024-11-26T15:00:47,32.5,,,NOISE,2024-11-26T15:00:47,32.5,,,NOISE,2024-11-26T15:00:47,32.5,,,NOISE
2026-03-04T12:58:57.273598,Map-Energy__sum__linear-conv01037-20241126_180047-20241127_000047-30.000000-35.000000.png,2024-11-26T18:00:47,2024-11-27T00:00:47,30.0,35.0,2024-11-26T21:00:47,32.5,,,NOISE,2024-11-26T21:00:47,32.5,,,NOISE,2024-11-26T21:00:47,32.5,,,NOISE,2024-11-26T21:00:47,32.5,,,NOISE
2026-03-04T12:58:58.521661,Map-Energy__sum__linear-conv01047-20241127_000047-20241127_060047-30.000000-35.000000.png,2024-11-27T00:00:47,2024-11-27T06:00:47,30.0,35.0,2024-11-27T03:00:47,32.5,,,NOISE,2024-11-27T03:00:47,32.5,,,NOISE,2024-11-27T03:00:47,32.5,,,NOISE,2024-11-27T03:00:47,32.5,,,NOISE
2026-03-04T12:58:59.657680,Map-Energy__sum__linear-conv01057-20241127_060047-20241127_120047-30.000000-35.000000.png,2024-11-27T06:00:47,2024-11-27T12:00:47,30.0,35.0,2024-11-27T09:00:47,32.5,,,NOISE,2024-11-27T09:00:47,32.5,,,NOISE,2024-11-27T09:00:47,32.5,,,NOISE,2024-11-27T09:00:47,32.5,,,NOISE
2026-03-04T12:59:00.617753,Map-Energy__sum__linear-conv01067-20241127_120047-20241127_180047-30.000000-35.000000.png,2024-11-27T12:00:47,2024-11-27T18:00:47,30.0,35.0,2024-11-27T15:00:47,32.5,,,NOISE,2024-11-27T15:00:47,32.5,,,NOISE,2024-11-27T15:00:47,32.5,,,NOISE,2024-11-27T15:00:47,32.5,,,NOISE
2026-03-04T13:00:48.337509,Map-Energy__sum__linear-conv01077-20241127_180047-20241128_000047-30.000000-35.000000.png,2024-11-27T18:00:47,2024-11-28T00:00:47,30.0,35.0,2024-11-27T21:00:47,32.5,,,NOISE,2024-11-27T21:00:47,32.5,,,NOISE,2024-11-27T21:00:47,32.5,,,NOISE,2024-11-27T21:00:47,32.5,,,NOISE
2026-03-04T13:00:51.121532,Map-Energy__sum__linear-conv01087-20241128_000047-20241128_060047-30.000000-35.000000.png,2024-11-28T00:00:47,2024-11-28T06:00:47,30.0,35.0,2024-11-28T03:00:47,32.5,,,NOISE,2024-11-28T03:00:47,32.5,,,NOISE,2024-11-28T03:00:47,32.5,,,NOISE,2024-11-28T03:00:47,32.5,,,NOISE
2026-03-04T13:00:52.745562,Map-Energy__sum__linear-conv01097-20241128_060047-20241128_120047-30.000000-35.000000.png,2024-11-28T06:00:47,2024-11-28T12:00:47,30.0,35.0,2024-11-28T09:00:47,32.5,,,NOISE,2024-11-28T09:00:47,32.5,,,NOISE,2024-11-28T09:00:47,32.5,,,NOISE,2024-11-28T09:00:47,32.5,,,NOISE
2026-03-04T13:00:54.057721,Map-Energy__sum__linear-conv01107-20241128_120047-20241128_180047-30.000000-35.000000.png,2024-11-28T12:00:47,2024-11-28T18:00:47,30.0,35.0,2024-11-28T15:00:47,32.5,,,NOISE,2024-11-28T15:00:47,32.5,,,NOISE,2024-11-28T15:00:47,32.5,,,NOISE,2024-11-28T15:00:47,32.5,,,NOISE
2026-03-04T13:00:55.233500,Map-Energy__sum__linear-conv01117-20241128_180047-20241129_000047-30.000000-35.000000.png,2024-11-28T18:00:47,2024-11-29T00:00:47,30.0,35.0,2024-11-28T21:00:47,32.5,,,NOISE,2024-11-28T21:00:47,32.5,,,NOISE,2024-11-28T21:00:47,32.5,,,NOISE,2024-11-28T21:00:47,32.5,,,NOISE
2026-03-04T13:00:56.897565,Map-Energy__sum__linear-conv01127-20241129_000047-20241129_060047-30.000000-35.000000.png,2024-11-29T00:00:47,2024-11-29T06:00:47,30.0,35.0,2024-11-29T03:00:47,32.5,,,NOISE,2024-11-29T03:00:47,32.5,,,NOISE,2024-11-29T03:00:47,32.5,,,NOISE,2024-11-29T03:00:47,32.5,,,NOISE
2026-03-04T13:00:58.169622,Map-Energy__sum__linear-conv01137-20241129_060047-20241129_120047-30.000000-35.000000.png,2024-11-29T06:00:47,2024-11-29T12:00:47,30.0,35.0,2024-11-29T09:00:47,32.5,,,NOISE,2024-11-29T09:00:47,32.5,,,NOISE,2024-11-29T09:00:47,32.5,,,NOISE,2024-11-29T09:00:47,32.5,,,NOISE
2026-03-04T13:00:59.553595,Map-Energy__sum__linear-conv01147-20241129_120047-20241129_180047-30.000000-35.000000.png,2024-11-29T12:00:47,2024-11-29T18:00:47,30.0,35.0,2024-11-29T15:00:47,32.5,,,NOISE,2024-11-29T15:00:47,32.5,,,NOISE,2024-11-29T15:00:47,32.5,,,NOISE,2024-11-29T15:00:47,32.5,,,NOISE
2026-03-04T13:01:00.818134,Map-Energy__sum__linear-conv01157-20241129_180047-20241130_000047-30.000000-35.000000.png,2024-11-29T18:00:47,2024-11-30T00:00:47,30.0,35.0,2024-11-29T21:00:47,32.5,,,NOISE,2024-11-29T21:00:47,32.5,,,NOISE,2024-11-29T21:00:47,32.5,,,NOISE,2024-11-29T21:00:47,32.5,,,NOISE
2026-03-04T13:01:01.889650,Map-Energy__sum__linear-conv01167-20241130_000047-20241130_060047-30.000000-35.000000.png,2024-11-30T00:00:47,2024-11-30T06:00:47,30.0,35.0,2024-11-30T03:00:47,32.5,,,NOISE,2024-11-30T03:00:47,32.5,,,NOISE,2024-11-30T03:00:47,32.5,,,NOISE,2024-11-30T03:00:47,32.5,,,NOISE
2026-03-04T13:01:02.953459,Map-Energy__sum__linear-conv01177-20241130_060047-20241130_120047-30.000000-35.000000.png,2024-11-30T06:00:47,2024-11-30T12:00:47,30.0,35.0,2024-11-30T09:00:47,32.5,,,NOISE,2024-11-30T09:00:47,32.5,,,NOISE,2024-11-30T09:00:47,32.5,,,NOISE,2024-11-30T09:00:47,32.5,,,NOISE
2026-03-04T13:01:04.041664,Map-Energy__sum__linear-conv01187-20241130_120047-20241130_180047-30.000000-35.000000.png,2024-11-30T12:00:47,2024-11-30T18:00:47,30.0,35.0,2024-11-30T15:00:47,32.5,,,NOISE,2024-11-30T15:00:47,32.5,,,NOISE,2024-11-30T15:00:47,32.5,,,NOISE,2024-11-30T15:00:47,32.5,,,NOISE
2026-03-04T13:01:05.018142,Map-Energy__sum__linear-conv01197-20241130_180047-20241201_000047-30.000000-35.000000.png,2024-11-30T18:00:47,2024-12-01T00:00:47,30.0,35.0,2024-11-30T21:00:47,32.5,,,NOISE,2024-11-30T21:00:47,32.5,,,NOISE,2024-11-30T21:00:47,32.5,,,NOISE,2024-11-30T21:00:47,32.5,,,NOISE
2026-03-04T13:01:06.793760,Map-Energy__sum__linear-conv00008-20241101_000047-20241101_060047-35.000000-40.000000.png,2024-11-01T00:00:47,2024-11-01T06:00:47,35.0,40.0,2024-11-01T03:00:47,37.5,,,NOISE,2024-11-01T03:00:47,37.5,,,NOISE,2024-11-01T03:00:47,37.5,,,NOISE,2024-11-01T03:00:47,37.5,,,NOISE
2026-03-04T13:01:08.001719,Map-Energy__sum__linear-conv00018-20241101_060047-20241101_120047-35.000000-40.000000.png,2024-11-01T06:00:47,2024-11-01T12:00:47,35.0,40.0,2024-11-01T09:00:47,37.5,,,NOISE,2024-11-01T09:00:47,37.5,,,NOISE,2024-11-01T09:00:47,37.5,,,NOISE,2024-11-01T09:00:47,37.5,,,NOISE
2026-03-04T13:01:09.505470,Map-Energy__sum__linear-conv00028-20241101_120047-20241101_180047-35.000000-40.000000.png,2024-11-01T12:00:47,2024-11-01T18:00:47,35.0,40.0,2024-11-01T15:00:47,37.5,,,NOISE,2024-11-01T15:00:47,37.5,,,NOISE,2024-11-01T15:00:47,37.5,,,NOISE,2024-11-01T15:00:47,37.5,,,NOISE
2026-03-04T13:01:10.689491,Map-Energy__sum__linear-conv00038-20241101_180047-20241102_000047-35.000000-40.000000.png,2024-11-01T18:00:47,2024-11-02T00:00:47,35.0,40.0,2024-11-01T21:00:47,37.5,,,NOISE,2024-11-01T21:00:47,37.5,,,NOISE,2024-11-01T21:00:47,37.5,,,NOISE,2024-11-01T21:00:47,37.5,,,NOISE
2026-03-04T13:01:13.513405,Map-Energy__sum__linear-conv00048-20241102_000047-20241102_060047-35.000000-40.000000.png,2024-11-02T00:00:47,2024-11-02T06:00:47,35.0,40.0,2024-11-02T03:00:47,37.5,,,NOISE,2024-11-02T03:00:47,37.5,,,NOISE,2024-11-02T03:00:47,37.5,,,NOISE,2024-11-02T03:00:47,37.5,,,NOISE
2026-03-04T13:01:14.857584,Map-Energy__sum__linear-conv00058-20241102_060047-20241102_120047-35.000000-40.000000.png,2024-11-02T06:00:47,2024-11-02T12:00:47,35.0,40.0,2024-11-02T09:00:47,37.5,,,NOISE,2024-11-02T09:00:47,37.5,,,NOISE,2024-11-02T09:00:47,37.5,,,NOISE,2024-11-02T09:00:47,37.5,,,NOISE
2026-03-04T13:01:16.041468,Map-Energy__sum__linear-conv00068-20241102_120047-20241102_180047-35.000000-40.000000.png,2024-11-02T12:00:47,2024-11-02T18:00:47,35.0,40.0,2024-11-02T15:00:47,37.5,,,NOISE,2024-11-02T15:00:47,37.5,,,NOISE,2024-11-02T15:00:47,37.5,,,NOISE,2024-11-02T15:00:47,37.5,,,NOISE
2026-03-04T13:01:17.281641,Map-Energy__sum__linear-conv00078-20241102_180047-20241103_000047-35.000000-40.000000.png,2024-11-02T18:00:47,2024-11-03T00:00:47,35.0,40.0,2024-11-02T21:00:47,37.5,,,NOISE,2024-11-02T21:00:47,37.5,,,NOISE,2024-11-02T21:00:47,37.5,,,NOISE,2024-11-02T21:00:47,37.5,,,NOISE
2026-03-04T13:01:18.641570,Map-Energy__sum__linear-conv00088-20241103_000047-20241103_060047-35.000000-40.000000.png,2024-11-03T00:00:47,2024-11-03T06:00:47,35.0,40.0,2024-11-03T03:00:47,37.5,,,NOISE,2024-11-03T03:00:47,37.5,,,NOISE,2024-11-03T03:00:47,37.5,,,NOISE,2024-11-03T03:00:47,37.5,,,NOISE
2026-03-04T13:01:20.617592,Map-Energy__sum__linear-conv00098-20241103_060047-20241103_120047-35.000000-40.000000.png,2024-11-03T06:00:47,2024-11-03T12:00:47,35.0,40.0,2024-11-03T09:00:47,37.5,,,NOISE,2024-11-03T09:00:47,37.5,,,NOISE,2024-11-03T09:00:47,37.5,,,NOISE,2024-11-03T09:00:47,37.5,,,NOISE
2026-03-04T13:01:22.321475,Map-Energy__sum__linear-conv00108-20241103_120047-20241103_180047-35.000000-40.000000.png,2024-11-03T12:00:47,2024-11-03T18:00:47,35.0,40.0,2024-11-03T15:00:47,37.5,,,NOISE,2024-11-03T15:00:47,37.5,,,NOISE,2024-11-03T15:00:47,37.5,,,NOISE,2024-11-03T15:00:47,37.5,,,NOISE
2026-03-04T13:01:24.297540,Map-Energy__sum__linear-conv00118-20241103_180047-20241104_000047-35.000000-40.000000.png,2024-11-03T18:00:47,2024-11-04T00:00:47,35.0,40.0,2024-11-03T21:00:47,37.5,,,NOISE,2024-11-03T21:00:47,37.5,,,NOISE,2024-11-03T21:00:47,37.5,,,NOISE,2024-11-03T21:00:47,37.5,,,NOISE
2026-03-04T13:01:25.273932,Map-Energy__sum__linear-conv00128-20241104_000047-20241104_060047-35.000000-40.000000.png,2024-11-04T00:00:47,2024-11-04T06:00:47,35.0,40.0,2024-11-04T03:00:47,37.5,,,NOISE,2024-11-04T03:00:47,37.5,,,NOISE,2024-11-04T03:00:47,37.5,,,NOISE,2024-11-04T03:00:47,37.5,,,NOISE
2026-03-04T13:01:26.321606,Map-Energy__sum__linear-conv00138-20241104_060047-20241104_120047-35.000000-40.000000.png,2024-11-04T06:00:47,2024-11-04T12:00:47,35.0,40.0,2024-11-04T09:00:47,37.5,,,NOISE,2024-11-04T09:00:47,37.5,,,NOISE,2024-11-04T09:00:47,37.5,,,NOISE,2024-11-04T09:00:47,37.5,,,NOISE
2026-03-04T13:01:27.281451,Map-Energy__sum__linear-conv00148-20241104_120047-20241104_180047-35.000000-40.000000.png,2024-11-04T12:00:47,2024-11-04T18:00:47,35.0,40.0,2024-11-04T15:00:47,37.5,,,NOISE,2024-11-04T15:00:47,37.5,,,NOISE,2024-11-04T15:00:47,37.5,,,NOISE,2024-11-04T15:00:47,37.5,,,NOISE
2026-03-04T13:01:28.425474,Map-Energy__sum__linear-conv00158-20241104_180047-20241105_000047-35.000000-40.000000.png,2024-11-04T18:00:47,2024-11-05T00:00:47,35.0,40.0,2024-11-04T21:00:47,37.5,,,NOISE,2024-11-04T21:00:47,37.5,,,NOISE,2024-11-04T21:00:47,37.5,,,NOISE,2024-11-04T21:00:47,37.5,,,NOISE
2026-03-04T13:01:29.929497,Map-Energy__sum__linear-conv00168-20241105_000047-20241105_060047-35.000000-40.000000.png,2024-11-05T00:00:47,2024-11-05T06:00:47,35.0,40.0,2024-11-05T03:00:47,37.5,,,NOISE,2024-11-05T03:00:47,37.5,,,NOISE,2024-11-05T03:00:47,37.5,,,NOISE,2024-11-05T03:00:47,37.5,,,NOISE
2026-03-04T13:01:31.105462,Map-Energy__sum__linear-conv00178-20241105_060047-20241105_120047-35.000000-40.000000.png,2024-11-05T06:00:47,2024-11-05T12:00:47,35.0,40.0,2024-11-05T09:00:47,37.5,,,NOISE,2024-11-05T09:00:47,37.5,,,NOISE,2024-11-05T09:00:47,37.5,,,NOISE,2024-11-05T09:00:47,37.5,,,NOISE
2026-03-04T13:01:32.521579,Map-Energy__sum__linear-conv00188-20241105_120047-20241105_180047-35.000000-40.000000.png,2024-11-05T12:00:47,2024-11-05T18:00:47,35.0,40.0,2024-11-05T15:00:47,37.5,,,NOISE,2024-11-05T15:00:47,37.5,,,NOISE,2024-11-05T15:00:47,37.5,,,NOISE,2024-11-05T15:00:47,37.5,,,NOISE
2026-03-04T13:01:33.553559,Map-Energy__sum__linear-conv00198-20241105_180047-20241106_000047-35.000000-40.000000.png,2024-11-05T18:00:47,2024-11-06T00:00:47,35.0,40.0,2024-11-05T21:00:47,37.5,,,NOISE,2024-11-05T21:00:47,37.5,,,NOISE,2024-11-05T21:00:47,37.5,,,NOISE,2024-11-05T21:00:47,37.5,,,NOISE
2026-03-04T13:01:35.241610,Map-Energy__sum__linear-conv00208-20241106_000047-20241106_060047-35.000000-40.000000.png,2024-11-06T00:00:47,2024-11-06T06:00:47,35.0,40.0,2024-11-06T03:00:47,37.5,,,NOISE,2024-11-06T03:00:47,37.5,,,NOISE,2024-11-06T03:00:47,37.5,,,NOISE,2024-11-06T03:00:47,37.5,,,NOISE
2026-03-04T13:01:36.593695,Map-Energy__sum__linear-conv00218-20241106_060047-20241106_120047-35.000000-40.000000.png,2024-11-06T06:00:47,2024-11-06T12:00:47,35.0,40.0,2024-11-06T09:00:47,37.5,,,NOISE,2024-11-06T09:00:47,37.5,,,NOISE,2024-11-06T09:00:47,37.5,,,NOISE,2024-11-06T09:00:47,37.5,,,NOISE
2026-03-04T13:01:45.761477,Map-Energy__sum__linear-conv00228-20241106_120047-20241106_180047-35.000000-40.000000.png,2024-11-06T12:00:47,2024-11-06T18:00:47,35.0,40.0,2024-11-06T15:00:47,37.5,,,NOISE,2024-11-06T15:00:47,37.5,,,NOISE,2024-11-06T15:00:47,37.5,,,NOISE,2024-11-06T15:00:47,37.5,,,NOISE
2026-03-04T13:01:47.385459,Map-Energy__sum__linear-conv00238-20241106_180047-20241107_000047-35.000000-40.000000.png,2024-11-06T18:00:47,2024-11-07T00:00:47,35.0,40.0,2024-11-06T21:00:47,37.5,,,NOISE,2024-11-06T21:00:47,37.5,,,NOISE,2024-11-06T21:00:47,37.5,,,NOISE,2024-11-06T21:00:47,37.5,,,NOISE
2026-03-04T13:01:48.785578,Map-Energy__sum__linear-conv00248-20241107_000047-20241107_060047-35.000000-40.000000.png,2024-11-07T00:00:47,2024-11-07T06:00:47,35.0,40.0,2024-11-07T03:00:47,37.5,,,NOISE,2024-11-07T03:00:47,37.5,,,NOISE,2024-11-07T03:00:47,37.5,,,NOISE,2024-11-07T03:00:47,37.5,,,NOISE
2026-03-04T13:01:50.977559,Map-Energy__sum__linear-conv00258-20241107_060047-20241107_120047-35.000000-40.000000.png,2024-11-07T06:00:47,2024-11-07T12:00:47,35.0,40.0,2024-11-07T09:00:47,37.5,,,NOISE,2024-11-07T09:00:47,37.5,,,NOISE,2024-11-07T09:00:47,37.5,,,NOISE,2024-11-07T09:00:47,37.5,,,NOISE
2026-03-04T13:01:52.489570,Map-Energy__sum__linear-conv00268-20241107_120047-20241107_180047-35.000000-40.000000.png,2024-11-07T12:00:47,2024-11-07T18:00:47,35.0,40.0,2024-11-07T15:00:47,37.5,,,NOISE,2024-11-07T15:00:47,37.5,,,NOISE,2024-11-07T15:00:47,37.5,,,NOISE,2024-11-07T15:00:47,37.5,,,NOISE
2026-03-04T13:01:54.385553,Map-Energy__sum__linear-conv00278-20241107_180047-20241108_000047-35.000000-40.000000.png,2024-11-07T18:00:47,2024-11-08T00:00:47,35.0,40.0,2024-11-07T21:00:47,37.5,,,NOISE,2024-11-07T21:00:47,37.5,,,NOISE,2024-11-07T21:00:47,37.5,,,NOISE,2024-11-07T21:00:47,37.5,,,NOISE
2026-03-04T13:01:55.745407,Map-Energy__sum__linear-conv00288-20241108_000047-20241108_060047-35.000000-40.000000.png,2024-11-08T00:00:47,2024-11-08T06:00:47,35.0,40.0,2024-11-08T03:00:47,37.5,,,NOISE,2024-11-08T03:00:47,37.5,,,NOISE,2024-11-08T03:00:47,37.5,,,NOISE,2024-11-08T03:00:47,37.5,,,NOISE
2026-03-04T13:01:57.073336,Map-Energy__sum__linear-conv00298-20241108_060047-20241108_120047-35.000000-40.000000.png,2024-11-08T06:00:47,2024-11-08T12:00:47,35.0,40.0,2024-11-08T09:00:47,37.5,,,NOISE,2024-11-08T09:00:47,37.5,,,NOISE,2024-11-08T09:00:47,37.5,,,NOISE,2024-11-08T09:00:47,37.5,,,NOISE
2026-03-04T13:01:58.873462,Map-Energy__sum__linear-conv00308-20241108_120047-20241108_180047-35.000000-40.000000.png,2024-11-08T12:00:47,2024-11-08T18:00:47,35.0,40.0,2024-11-08T15:00:47,37.5,,,NOISE,2024-11-08T15:00:47,37.5,,,NOISE,2024-11-08T15:00:47,37.5,,,NOISE,2024-11-08T15:00:47,37.5,,,NOISE
2026-03-04T13:02:00.273719,Map-Energy__sum__linear-conv00318-20241108_180047-20241109_000047-35.000000-40.000000.png,2024-11-08T18:00:47,2024-11-09T00:00:47,35.0,40.0,2024-11-08T21:00:47,37.5,,,NOISE,2024-11-08T21:00:47,37.5,,,NOISE,2024-11-08T21:00:47,37.5,,,NOISE,2024-11-08T21:00:47,37.5,,,NOISE
2026-03-04T13:02:01.681886,Map-Energy__sum__linear-conv00328-20241109_000047-20241109_060047-35.000000-40.000000.png,2024-11-09T00:00:47,2024-11-09T06:00:47,35.0,40.0,2024-11-09T03:00:47,37.5,,,NOISE,2024-11-09T03:00:47,37.5,,,NOISE,2024-11-09T03:00:47,37.5,,,NOISE,2024-11-09T03:00:47,37.5,,,NOISE
2026-03-04T13:02:02.849563,Map-Energy__sum__linear-conv00338-20241109_060047-20241109_120047-35.000000-40.000000.png,2024-11-09T06:00:47,2024-11-09T12:00:47,35.0,40.0,2024-11-09T09:00:47,37.5,,,NOISE,2024-11-09T09:00:47,37.5,,,NOISE,2024-11-09T09:00:47,37.5,,,NOISE,2024-11-09T09:00:47,37.5,,,NOISE
2026-03-04T13:02:04.113532,Map-Energy__sum__linear-conv00348-20241109_120047-20241109_180047-35.000000-40.000000.png,2024-11-09T12:00:47,2024-11-09T18:00:47,35.0,40.0,2024-11-09T15:00:47,37.5,,,NOISE,2024-11-09T15:00:47,37.5,,,NOISE,2024-11-09T15:00:47,37.5,,,NOISE,2024-11-09T15:00:47,37.5,,,NOISE
2026-03-04T13:02:05.473410,Map-Energy__sum__linear-conv00358-20241109_180047-20241110_000047-35.000000-40.000000.png,2024-11-09T18:00:47,2024-11-10T00:00:47,35.0,40.0,2024-11-09T21:00:47,37.5,,,NOISE,2024-11-09T21:00:47,37.5,,,NOISE,2024-11-09T21:00:47,37.5,,,NOISE,2024-11-09T21:00:47,37.5,,,NOISE
2026-03-04T13:02:06.761019,Map-Energy__sum__linear-conv00368-20241110_000047-20241110_060047-35.000000-40.000000.png,2024-11-10T00:00:47,2024-11-10T06:00:47,35.0,40.0,2024-11-10T03:00:47,37.5,,,NOISE,2024-11-10T03:00:47,37.5,,,NOISE,2024-11-10T03:00:47,37.5,,,NOISE,2024-11-10T03:00:47,37.5,,,NOISE
2026-03-04T13:02:08.161287,Map-Energy__sum__linear-conv00378-20241110_060047-20241110_120047-35.000000-40.000000.png,2024-11-10T06:00:47,2024-11-10T12:00:47,35.0,40.0,2024-11-10T09:00:47,37.5,,,NOISE,2024-11-10T09:00:47,37.5,,,NOISE,2024-11-10T09:00:47,37.5,,,NOISE,2024-11-10T09:00:47,37.5,,,NOISE
2026-03-04T13:02:09.193099,Map-Energy__sum__linear-conv00388-20241110_120047-20241110_180047-35.000000-40.000000.png,2024-11-10T12:00:47,2024-11-10T18:00:47,35.0,40.0,2024-11-10T15:00:47,37.5,,,NOISE,2024-11-10T15:00:47,37.5,,,NOISE,2024-11-10T15:00:47,37.5,,,NOISE,2024-11-10T15:00:47,37.5,,,NOISE
2026-03-04T13:02:10.385142,Map-Energy__sum__linear-conv00398-20241110_180047-20241111_000047-35.000000-40.000000.png,2024-11-10T18:00:47,2024-11-11T00:00:47,35.0,40.0,2024-11-10T21:00:47,37.5,,,NOISE,2024-11-10T21:00:47,37.5,,,NOISE,2024-11-10T21:00:47,37.5,,,NOISE,2024-11-10T21:00:47,37.5,,,NOISE
2026-03-04T13:02:13.529128,Map-Energy__sum__linear-conv00408-20241111_000047-20241111_060047-35.000000-40.000000.png,2024-11-11T00:00:47,2024-11-11T06:00:47,35.0,40.0,2024-11-11T03:00:47,37.5,,,NOISE,2024-11-11T03:00:47,37.5,,,NOISE,2024-11-11T03:00:47,37.5,,,NOISE,2024-11-11T03:00:47,37.5,,,NOISE
2026-03-04T13:02:15.896981,Map-Energy__sum__linear-conv00418-20241111_060047-20241111_120047-35.000000-40.000000.png,2024-11-11T06:00:47,2024-11-11T12:00:47,35.0,40.0,2024-11-11T09:00:47,37.5,,,NOISE,2024-11-11T09:00:47,37.5,,,NOISE,2024-11-11T09:00:47,37.5,,,NOISE,2024-11-11T09:00:47,37.5,,,NOISE
2026-03-04T13:02:19.953185,Map-Energy__sum__linear-conv00428-20241111_120047-20241111_180047-35.000000-40.000000.png,2024-11-11T12:00:47,2024-11-11T18:00:47,35.0,40.0,2024-11-11T15:00:47,37.5,,,NOISE,2024-11-11T15:00:47,37.5,,,NOISE,2024-11-11T15:00:47,37.5,,,NOISE,2024-11-11T15:00:47,37.5,,,NOISE
2026-03-04T13:02:21.345237,Map-Energy__sum__linear-conv00438-20241111_180047-20241112_000047-35.000000-40.000000.png,2024-11-11T18:00:47,2024-11-12T00:00:47,35.0,40.0,2024-11-11T21:00:47,37.5,,,NOISE,2024-11-11T21:00:47,37.5,,,NOISE,2024-11-11T21:00:47,37.5,,,NOISE,2024-11-11T21:00:47,37.5,,,NOISE
2026-03-04T13:02:22.585095,Map-Energy__sum__linear-conv00448-20241112_000047-20241112_060047-35.000000-40.000000.png,2024-11-12T00:00:47,2024-11-12T06:00:47,35.0,40.0,2024-11-12T03:00:47,37.5,,,NOISE,2024-11-12T03:00:47,37.5,,,NOISE,2024-11-12T03:00:47,37.5,,,NOISE,2024-11-12T03:00:47,37.5,,,NOISE
2026-03-04T13:02:23.905320,Map-Energy__sum__linear-conv00458-20241112_060047-20241112_120047-35.000000-40.000000.png,2024-11-12T06:00:47,2024-11-12T12:00:47,35.0,40.0,2024-11-12T09:00:47,37.5,,,NOISE,2024-11-12T09:00:47,37.5,,,NOISE,2024-11-12T09:00:47,37.5,,,NOISE,2024-11-12T09:00:47,37.5,,,NOISE
2026-03-04T13:02:24.985141,Map-Energy__sum__linear-conv00468-20241112_120047-20241112_180047-35.000000-40.000000.png,2024-11-12T12:00:47,2024-11-12T18:00:47,35.0,40.0,2024-11-12T15:00:47,37.5,,,NOISE,2024-11-12T15:00:47,37.5,,,NOISE,2024-11-12T15:00:47,37.5,,,NOISE,2024-11-12T15:00:47,37.5,,,NOISE
2026-03-04T13:02:25.443231,Map-Energy__sum__linear-conv00478-20241112_180047-20241113_000047-35.000000-40.000000.png,2024-11-12T18:00:47,2024-11-13T00:00:47,35.0,40.0,2024-11-12T21:00:47,37.5,,,NOISE,2024-11-12T21:00:47,37.5,,,NOISE,2024-11-12T21:00:47,37.5,,,NOISE,2024-11-12T21:00:47,37.5,,,NOISE
2026-03-04T13:02:26.137197,Map-Energy__sum__linear-conv00488-20241113_000047-20241113_060047-35.000000-40.000000.png,2024-11-13T00:00:47,2024-11-13T06:00:47,35.0,40.0,2024-11-13T03:00:47,37.5,,,NOISE,2024-11-13T03:00:47,37.5,,,NOISE,2024-11-13T03:00:47,37.5,,,NOISE,2024-11-13T03:00:47,37.5,,,NOISE
2026-03-04T13:02:29.890353,Map-Energy__sum__linear-conv00498-20241113_060047-20241113_120047-35.000000-40.000000.png,2024-11-13T06:00:47,2024-11-13T12:00:47,35.0,40.0,2024-11-13T09:00:47,37.5,,,NOISE,2024-11-13T09:00:47,37.5,,,NOISE,2024-11-13T09:00:47,37.5,,,NOISE,2024-11-13T09:00:47,37.5,,,NOISE
2026-03-04T13:02:31.370332,Map-Energy__sum__linear-conv00508-20241113_120047-20241113_180047-35.000000-40.000000.png,2024-11-13T12:00:47,2024-11-13T18:00:47,35.0,40.0,2024-11-13T15:00:47,37.5,,,NOISE,2024-11-13T15:00:47,37.5,,,NOISE,2024-11-13T15:00:47,37.5,,,NOISE,2024-11-13T15:00:47,37.5,,,NOISE
2026-03-04T13:02:32.889193,Map-Energy__sum__linear-conv00518-20241113_180047-20241114_000047-35.000000-40.000000.png,2024-11-13T18:00:47,2024-11-14T00:00:47,35.0,40.0,2024-11-13T21:00:47,37.5,,,NOISE,2024-11-13T21:00:47,37.5,,,NOISE,2024-11-13T21:00:47,37.5,,,NOISE,2024-11-13T21:00:47,37.5,,,NOISE
2026-03-04T13:02:34.049240,Map-Energy__sum__linear-conv00528-20241114_000047-20241114_060047-35.000000-40.000000.png,2024-11-14T00:00:47,2024-11-14T06:00:47,35.0,40.0,2024-11-14T03:00:47,37.5,,,NOISE,2024-11-14T03:00:47,37.5,,,NOISE,2024-11-14T03:00:47,37.5,,,NOISE,2024-11-14T03:00:47,37.5,,,NOISE
2026-03-04T13:02:35.345215,Map-Energy__sum__linear-conv00538-20241114_060047-20241114_120047-35.000000-40.000000.png,2024-11-14T06:00:47,2024-11-14T12:00:47,35.0,40.0,2024-11-14T09:00:47,37.5,,,NOISE,2024-11-14T09:00:47,37.5,,,NOISE,2024-11-14T09:00:47,37.5,,,NOISE,2024-11-14T09:00:47,37.5,,,NOISE
2026-03-04T13:02:39.000920,Map-Energy__sum__linear-conv00548-20241114_120047-20241114_180047-35.000000-40.000000.png,2024-11-14T12:00:47,2024-11-14T18:00:47,35.0,40.0,2024-11-14T15:00:47,37.5,,,NOISE,2024-11-14T15:00:47,37.5,,,NOISE,2024-11-14T15:00:47,37.5,,,NOISE,2024-11-14T15:00:47,37.5,,,NOISE
2026-03-04T13:02:40.929578,Map-Energy__sum__linear-conv00558-20241114_180047-20241115_000047-35.000000-40.000000.png,2024-11-14T18:00:47,2024-11-15T00:00:47,35.0,40.0,2024-11-14T21:00:47,37.5,,,NOISE,2024-11-14T21:00:47,37.5,,,NOISE,2024-11-14T21:00:47,37.5,,,NOISE,2024-11-14T21:00:47,37.5,,,NOISE
2026-03-04T13:02:42.529739,Map-Energy__sum__linear-conv00568-20241115_000047-20241115_060047-35.000000-40.000000.png,2024-11-15T00:00:47,2024-11-15T06:00:47,35.0,40.0,2024-11-15T03:00:47,37.5,,,NOISE,2024-11-15T03:00:47,37.5,,,NOISE,2024-11-15T03:00:47,37.5,,,NOISE,2024-11-15T03:00:47,37.5,,,NOISE
2026-03-04T13:02:43.937528,Map-Energy__sum__linear-conv00578-20241115_060047-20241115_120047-35.000000-40.000000.png,2024-11-15T06:00:47,2024-11-15T12:00:47,35.0,40.0,2024-11-15T09:00:47,37.5,,,NOISE,2024-11-15T09:00:47,37.5,,,NOISE,2024-11-15T09:00:47,37.5,,,NOISE,2024-11-15T09:00:47,37.5,,,NOISE
2026-03-04T13:02:45.217729,Map-Energy__sum__linear-conv00588-20241115_120047-20241115_180047-35.000000-40.000000.png,2024-11-15T12:00:47,2024-11-15T18:00:47,35.0,40.0,2024-11-15T15:00:47,37.5,,,NOISE,2024-11-15T15:00:47,37.5,,,NOISE,2024-11-15T15:00:47,37.5,,,NOISE,2024-11-15T15:00:47,37.5,,,NOISE
2026-03-04T13:02:46.393743,Map-Energy__sum__linear-conv00598-20241115_180047-20241116_000047-35.000000-40.000000.png,2024-11-15T18:00:47,2024-11-16T00:00:47,35.0,40.0,2024-11-15T21:00:47,37.5,,,NOISE,2024-11-15T21:00:47,37.5,,,NOISE,2024-11-15T21:00:47,37.5,,,NOISE,2024-11-15T21:00:47,37.5,,,NOISE
2026-03-04T13:02:47.921099,Map-Energy__sum__linear-conv00608-20241116_000047-20241116_060047-35.000000-40.000000.png,2024-11-16T00:00:47,2024-11-16T06:00:47,35.0,40.0,2024-11-16T03:00:47,37.5,,,NOISE,2024-11-16T03:00:47,37.5,,,NOISE,2024-11-16T03:00:47,37.5,,,NOISE,2024-11-16T03:00:47,37.5,,,NOISE
2026-03-04T13:02:49.209225,Map-Energy__sum__linear-conv00618-20241116_060047-20241116_120047-35.000000-40.000000.png,2024-11-16T06:00:47,2024-11-16T12:00:47,35.0,40.0,2024-11-16T09:00:47,37.5,,,NOISE,2024-11-16T09:00:47,37.5,,,NOISE,2024-11-16T09:00:47,37.5,,,NOISE,2024-11-16T09:00:47,37.5,,,NOISE
2026-03-04T13:02:50.593049,Map-Energy__sum__linear-conv00628-20241116_120047-20241116_180047-35.000000-40.000000.png,2024-11-16T12:00:47,2024-11-16T18:00:47,35.0,40.0,2024-11-16T15:00:47,37.5,,,NOISE,2024-11-16T15:00:47,37.5,,,NOISE,2024-11-16T15:00:47,37.5,,,NOISE,2024-11-16T15:00:47,37.5,,,NOISE
2026-03-04T13:02:51.761670,Map-Energy__sum__linear-conv00638-20241116_180047-20241117_000047-35.000000-40.000000.png,2024-11-16T18:00:47,2024-11-17T00:00:47,35.0,40.0,2024-11-16T21:00:47,37.5,,,NOISE,2024-11-16T21:00:47,37.5,,,NOISE,2024-11-16T21:00:47,37.5,,,NOISE,2024-11-16T21:00:47,37.5,,,NOISE
2026-03-04T13:02:52.985114,Map-Energy__sum__linear-conv00648-20241117_000047-20241117_060047-35.000000-40.000000.png,2024-11-17T00:00:47,2024-11-17T06:00:47,35.0,40.0,2024-11-17T03:00:47,37.5,,,NOISE,2024-11-17T03:00:47,37.5,,,NOISE,2024-11-17T03:00:47,37.5,,,NOISE,2024-11-17T03:00:47,37.5,,,NOISE
2026-03-04T13:02:54.257940,Map-Energy__sum__linear-conv00658-20241117_060047-20241117_120047-35.000000-40.000000.png,2024-11-17T06:00:47,2024-11-17T12:00:47,35.0,40.0,2024-11-17T09:00:47,37.5,,,NOISE,2024-11-17T09:00:47,37.5,,,NOISE,2024-11-17T09:00:47,37.5,,,NOISE,2024-11-17T09:00:47,37.5,,,NOISE
2026-03-04T13:02:55.585019,Map-Energy__sum__linear-conv00668-20241117_120047-20241117_180047-35.000000-40.000000.png,2024-11-17T12:00:47,2024-11-17T18:00:47,35.0,40.0,2024-11-17T15:00:47,37.5,,,NOISE,2024-11-17T15:00:47,37.5,,,NOISE,2024-11-17T15:00:47,37.5,,,NOISE,2024-11-17T15:00:47,37.5,,,NOISE
2026-03-04T13:02:57.265070,Map-Energy__sum__linear-conv00678-20241117_180047-20241118_000047-35.000000-40.000000.png,2024-11-17T18:00:47,2024-11-18T00:00:47,35.0,40.0,2024-11-17T21:00:47,37.5,,,NOISE,2024-11-17T21:00:47,37.5,,,NOISE,2024-11-17T21:00:47,37.5,,,NOISE,2024-11-17T21:00:47,37.5,,,NOISE
2026-03-04T13:02:58.745141,Map-Energy__sum__linear-conv00688-20241118_000047-20241118_060047-35.000000-40.000000.png,2024-11-18T00:00:47,2024-11-18T06:00:47,35.0,40.0,2024-11-18T03:00:47,37.5,,,NOISE,2024-11-18T03:00:47,37.5,,,NOISE,2024-11-18T03:00:47,37.5,,,NOISE,2024-11-18T03:00:47,37.5,,,NOISE
2026-03-04T13:03:00.833743,Map-Energy__sum__linear-conv00698-20241118_060047-20241118_120047-35.000000-40.000000.png,2024-11-18T06:00:47,2024-11-18T12:00:47,35.0,40.0,2024-11-18T09:00:47,37.5,,,NOISE,2024-11-18T09:00:47,37.5,,,NOISE,2024-11-18T09:00:47,37.5,,,NOISE,2024-11-18T09:00:47,37.5,,,NOISE
2026-03-04T13:03:02.905336,Map-Energy__sum__linear-conv00708-20241118_120047-20241118_180047-35.000000-40.000000.png,2024-11-18T12:00:47,2024-11-18T18:00:47,35.0,40.0,2024-11-18T15:00:47,37.5,,,NOISE,2024-11-18T15:00:47,37.5,,,NOISE,2024-11-18T15:00:47,37.5,,,NOISE,2024-11-18T15:00:47,37.5,,,NOISE
2026-03-04T13:03:04.017187,Map-Energy__sum__linear-conv00718-20241118_180047-20241119_000047-35.000000-40.000000.png,2024-11-18T18:00:47,2024-11-19T00:00:47,35.0,40.0,2024-11-18T21:00:47,37.5,,,NOISE,2024-11-18T21:00:47,37.5,,,NOISE,2024-11-18T21:00:47,37.5,,,NOISE,2024-11-18T21:00:47,37.5,,,NOISE
2026-03-04T13:03:05.777897,Map-Energy__sum__linear-conv00728-20241119_000047-20241119_060047-35.000000-40.000000.png,2024-11-19T00:00:47,2024-11-19T06:00:47,35.0,40.0,2024-11-19T03:00:47,37.5,,,NOISE,2024-11-19T03:00:47,37.5,,,NOISE,2024-11-19T03:00:47,37.5,,,NOISE,2024-11-19T03:00:47,37.5,,,NOISE
2026-03-04T13:03:06.977701,Map-Energy__sum__linear-conv00738-20241119_060047-20241119_120047-35.000000-40.000000.png,2024-11-19T06:00:47,2024-11-19T12:00:47,35.0,40.0,2024-11-19T09:00:47,37.5,,,NOISE,2024-11-19T09:00:47,37.5,,,NOISE,2024-11-19T09:00:47,37.5,,,NOISE,2024-11-19T09:00:47,37.5,,,NOISE
2026-03-04T13:03:08.129379,Map-Energy__sum__linear-conv00748-20241119_120047-20241119_180047-35.000000-40.000000.png,2024-11-19T12:00:47,2024-11-19T18:00:47,35.0,40.0,2024-11-19T15:00:47,37.5,,,NOISE,2024-11-19T15:00:47,37.5,,,NOISE,2024-11-19T15:00:47,37.5,,,NOISE,2024-11-19T15:00:47,37.5,,,NOISE
2026-03-04T13:03:09.297280,Map-Energy__sum__linear-conv00758-20241119_180047-20241120_000047-35.000000-40.000000.png,2024-11-19T18:00:47,2024-11-20T00:00:47,35.0,40.0,2024-11-19T21:00:47,37.5,,,NOISE,2024-11-19T21:00:47,37.5,,,NOISE,2024-11-19T21:00:47,37.5,,,NOISE,2024-11-19T21:00:47,37.5,,,NOISE
2026-03-04T13:03:11.649434,Map-Energy__sum__linear-conv00768-20241120_000047-20241120_060047-35.000000-40.000000.png,2024-11-20T00:00:47,2024-11-20T06:00:47,35.0,40.0,2024-11-20T03:00:47,37.5,,,NOISE,2024-11-20T03:00:47,37.5,,,NOISE,2024-11-20T03:00:47,37.5,,,NOISE,2024-11-20T03:00:47,37.5,,,NOISE
2026-03-04T13:03:12.849359,Map-Energy__sum__linear-conv00778-20241120_060047-20241120_120047-35.000000-40.000000.png,2024-11-20T06:00:47,2024-11-20T12:00:47,35.0,40.0,2024-11-20T09:00:47,37.5,,,NOISE,2024-11-20T09:00:47,37.5,,,NOISE,2024-11-20T09:00:47,37.5,,,NOISE,2024-11-20T09:00:47,37.5,,,NOISE
2026-03-04T13:03:14.001530,Map-Energy__sum__linear-conv00788-20241120_120047-20241120_180047-35.000000-40.000000.png,2024-11-20T12:00:47,2024-11-20T18:00:47,35.0,40.0,2024-11-20T15:00:47,37.5,,,NOISE,2024-11-20T15:00:47,37.5,,,NOISE,2024-11-20T15:00:47,37.5,,,NOISE,2024-11-20T15:00:47,37.5,,,NOISE
2026-03-04T13:03:15.177817,Map-Energy__sum__linear-conv00798-20241120_180047-20241121_000047-35.000000-40.000000.png,2024-11-20T18:00:47,2024-11-21T00:00:47,35.0,40.0,2024-11-20T21:00:47,37.5,,,NOISE,2024-11-20T21:00:47,37.5,,,NOISE,2024-11-20T21:00:47,37.5,,,NOISE,2024-11-20T21:00:47,37.5,,,NOISE
2026-03-04T13:03:16.329372,Map-Energy__sum__linear-conv00808-20241121_000047-20241121_060047-35.000000-40.000000.png,2024-11-21T00:00:47,2024-11-21T06:00:47,35.0,40.0,2024-11-21T03:00:47,37.5,,,NOISE,2024-11-21T03:00:47,37.5,,,NOISE,2024-11-21T03:00:47,37.5,,,NOISE,2024-11-21T03:00:47,37.5,,,NOISE
2026-03-04T13:03:20.169265,Map-Energy__sum__linear-conv00818-20241121_060047-20241121_120047-35.000000-40.000000.png,2024-11-21T06:00:47,2024-11-21T12:00:47,35.0,40.0,2024-11-21T09:00:47,37.5,,,NOISE,2024-11-21T09:00:47,37.5,,,NOISE,2024-11-21T09:00:47,37.5,,,NOISE,2024-11-21T09:00:47,37.5,,,NOISE
2026-03-04T13:03:21.553422,Map-Energy__sum__linear-conv00828-20241121_120047-20241121_180047-35.000000-40.000000.png,2024-11-21T12:00:47,2024-11-21T18:00:47,35.0,40.0,2024-11-21T15:00:47,37.5,,,NOISE,2024-11-21T15:00:47,37.5,,,NOISE,2024-11-21T15:00:47,37.5,,,NOISE,2024-11-21T15:00:47,37.5,,,NOISE
2026-03-04T13:03:22.673359,Map-Energy__sum__linear-conv00838-20241121_180047-20241122_000047-35.000000-40.000000.png,2024-11-21T18:00:47,2024-11-22T00:00:47,35.0,40.0,2024-11-21T21:00:47,37.5,,,NOISE,2024-11-21T21:00:47,37.5,,,NOISE,2024-11-21T21:00:47,37.5,,,NOISE,2024-11-21T21:00:47,37.5,,,NOISE
2026-03-04T13:03:23.713507,Map-Energy__sum__linear-conv00848-20241122_000047-20241122_060047-35.000000-40.000000.png,2024-11-22T00:00:47,2024-11-22T06:00:47,35.0,40.0,2024-11-22T03:00:47,37.5,,,NOISE,2024-11-22T03:00:47,37.5,,,NOISE,2024-11-22T03:00:47,37.5,,,NOISE,2024-11-22T03:00:47,37.5,,,NOISE
2026-03-04T13:03:24.897464,Map-Energy__sum__linear-conv00858-20241122_060047-20241122_120047-35.000000-40.000000.png,2024-11-22T06:00:47,2024-11-22T12:00:47,35.0,40.0,2024-11-22T09:00:47,37.5,,,NOISE,2024-11-22T09:00:47,37.5,,,NOISE,2024-11-22T09:00:47,37.5,,,NOISE,2024-11-22T09:00:47,37.5,,,NOISE
2026-03-04T13:03:26.001529,Map-Energy__sum__linear-conv00868-20241122_120047-20241122_180047-35.000000-40.000000.png,2024-11-22T12:00:47,2024-11-22T18:00:47,35.0,40.0,2024-11-22T15:00:47,37.5,,,NOISE,2024-11-22T15:00:47,37.5,,,NOISE,2024-11-22T15:00:47,37.5,,,NOISE,2024-11-22T15:00:47,37.5,,,NOISE
2026-03-04T13:03:27.057573,Map-Energy__sum__linear-conv00878-20241122_180047-20241123_000047-35.000000-40.000000.png,2024-11-22T18:00:47,2024-11-23T00:00:47,35.0,40.0,2024-11-22T21:00:47,37.5,,,NOISE,2024-11-22T21:00:47,37.5,,,NOISE,2024-11-22T21:00:47,37.5,,,NOISE,2024-11-22T21:00:47,37.5,,,NOISE
2026-03-04T13:03:28.465438,Map-Energy__sum__linear-conv00888-20241123_000047-20241123_060047-35.000000-40.000000.png,2024-11-23T00:00:47,2024-11-23T06:00:47,35.0,40.0,2024-11-23T03:00:47,37.5,,,NOISE,2024-11-23T03:00:47,37.5,,,NOISE,2024-11-23T03:00:47,37.5,,,NOISE,2024-11-23T03:00:47,37.5,,,NOISE
2026-03-04T13:03:29.473388,Map-Energy__sum__linear-conv00898-20241123_060047-20241123_120047-35.000000-40.000000.png,2024-11-23T06:00:47,2024-11-23T12:00:47,35.0,40.0,2024-11-23T09:00:47,37.5,,,NOISE,2024-11-23T09:00:47,37.5,,,NOISE,2024-11-23T09:00:47,37.5,,,NOISE,2024-11-23T09:00:47,37.5,,,NOISE
2026-03-04T13:03:29.978689,Map-Energy__sum__linear-conv00908-20241123_120047-20241123_180047-35.000000-40.000000.png,2024-11-23T12:00:47,2024-11-23T18:00:47,35.0,40.0,2024-11-23T15:00:47,37.5,,,NOISE,2024-11-23T15:00:47,37.5,,,NOISE,2024-11-23T15:00:47,37.5,,,NOISE,2024-11-23T15:00:47,37.5,,,NOISE
2026-03-04T13:03:30.673584,Map-Energy__sum__linear-conv00918-20241123_180047-20241124_000047-35.000000-40.000000.png,2024-11-23T18:00:47,2024-11-24T00:00:47,35.0,40.0,2024-11-23T21:00:47,37.5,,,NOISE,2024-11-23T21:00:47,37.5,,,NOISE,2024-11-23T21:00:47,37.5,,,NOISE,2024-11-23T21:00:47,37.5,,,NOISE
2026-03-04T13:03:33.721333,Map-Energy__sum__linear-conv00928-20241124_000047-20241124_060047-35.000000-40.000000.png,2024-11-24T00:00:47,2024-11-24T06:00:47,35.0,40.0,2024-11-24T03:00:47,37.5,,,NOISE,2024-11-24T03:00:47,37.5,,,NOISE,2024-11-24T03:00:47,37.5,,,NOISE,2024-11-24T03:00:47,37.5,,,NOISE
2026-03-04T13:03:34.977497,Map-Energy__sum__linear-conv00938-20241124_060047-20241124_120047-35.000000-40.000000.png,2024-11-24T06:00:47,2024-11-24T12:00:47,35.0,40.0,2024-11-24T09:00:47,37.5,,,NOISE,2024-11-24T09:00:47,37.5,,,NOISE,2024-11-24T09:00:47,37.5,,,NOISE,2024-11-24T09:00:47,37.5,,,NOISE
2026-03-04T13:03:36.153362,Map-Energy__sum__linear-conv00948-20241124_120047-20241124_180047-35.000000-40.000000.png,2024-11-24T12:00:47,2024-11-24T18:00:47,35.0,40.0,2024-11-24T15:00:47,37.5,,,NOISE,2024-11-24T15:00:47,37.5,,,NOISE,2024-11-24T15:00:47,37.5,,,NOISE,2024-11-24T15:00:47,37.5,,,NOISE
2026-03-04T13:03:37.425384,Map-Energy__sum__linear-conv00958-20241124_180047-20241125_000047-35.000000-40.000000.png,2024-11-24T18:00:47,2024-11-25T00:00:47,35.0,40.0,2024-11-24T21:00:47,37.5,,,NOISE,2024-11-24T21:00:47,37.5,,,NOISE,2024-11-24T21:00:47,37.5,,,NOISE,2024-11-24T21:00:47,37.5,,,NOISE
2026-03-04T13:03:39.201230,Map-Energy__sum__linear-conv00968-20241125_000047-20241125_060047-35.000000-40.000000.png,2024-11-25T00:00:47,2024-11-25T06:00:47,35.0,40.0,2024-11-25T03:00:47,37.5,,,NOISE,2024-11-25T03:00:47,37.5,,,NOISE,2024-11-25T03:00:47,37.5,,,NOISE,2024-11-25T03:00:47,37.5,,,NOISE
2026-03-04T13:03:40.225297,Map-Energy__sum__linear-conv00978-20241125_060047-20241125_120047-35.000000-40.000000.png,2024-11-25T06:00:47,2024-11-25T12:00:47,35.0,40.0,2024-11-25T09:00:47,37.5,,,NOISE,2024-11-25T09:00:47,37.5,,,NOISE,2024-11-25T09:00:47,37.5,,,NOISE,2024-11-25T09:00:47,37.5,,,NOISE
2026-03-04T13:03:42.145473,Map-Energy__sum__linear-conv00988-20241125_120047-20241125_180047-35.000000-40.000000.png,2024-11-25T12:00:47,2024-11-25T18:00:47,35.0,40.0,2024-11-25T15:00:47,37.5,,,NOISE,2024-11-25T15:00:47,37.5,,,NOISE,2024-11-25T15:00:47,37.5,,,NOISE,2024-11-25T15:00:47,37.5,,,NOISE
2026-03-04T13:03:43.753552,Map-Energy__sum__linear-conv00998-20241125_180047-20241126_000047-35.000000-40.000000.png,2024-11-25T18:00:47,2024-11-26T00:00:47,35.0,40.0,2024-11-25T21:00:47,37.5,,,NOISE,2024-11-25T21:00:47,37.5,,,NOISE,2024-11-25T21:00:47,37.5,,,NOISE,2024-11-25T21:00:47,37.5,,,NOISE
2026-03-04T13:03:45.129466,Map-Energy__sum__linear-conv01008-20241126_000047-20241126_060047-35.000000-40.000000.png,2024-11-26T00:00:47,2024-11-26T06:00:47,35.0,40.0,2024-11-26T03:00:47,37.5,,,NOISE,2024-11-26T03:00:47,37.5,,,NOISE,2024-11-26T03:00:47,37.5,,,NOISE,2024-11-26T03:00:47,37.5,,,NOISE
2026-03-04T13:03:46.417267,Map-Energy__sum__linear-conv01018-20241126_060047-20241126_120047-35.000000-40.000000.png,2024-11-26T06:00:47,2024-11-26T12:00:47,35.0,40.0,2024-11-26T09:00:47,37.5,,,NOISE,2024-11-26T09:00:47,37.5,,,NOISE,2024-11-26T09:00:47,37.5,,,NOISE,2024-11-26T09:00:47,37.5,,,NOISE
2026-03-04T13:03:47.769348,Map-Energy__sum__linear-conv01028-20241126_120047-20241126_180047-35.000000-40.000000.png,2024-11-26T12:00:47,2024-11-26T18:00:47,35.0,40.0,2024-11-26T15:00:47,37.5,,,NOISE,2024-11-26T15:00:47,37.5,,,NOISE,2024-11-26T15:00:47,37.5,,,NOISE,2024-11-26T15:00:47,37.5,,,NOISE
2026-03-04T13:03:49.025457,Map-Energy__sum__linear-conv01038-20241126_180047-20241127_000047-35.000000-40.000000.png,2024-11-26T18:00:47,2024-11-27T00:00:47,35.0,40.0,2024-11-26T21:00:47,37.5,,,NOISE,2024-11-26T21:00:47,37.5,,,NOISE,2024-11-26T21:00:47,37.5,,,NOISE,2024-11-26T21:00:47,37.5,,,NOISE
2026-03-04T13:03:50.217282,Map-Energy__sum__linear-conv01048-20241127_000047-20241127_060047-35.000000-40.000000.png,2024-11-27T00:00:47,2024-11-27T06:00:47,35.0,40.0,2024-11-27T03:00:47,37.5,,,NOISE,2024-11-27T03:00:47,37.5,,,NOISE,2024-11-27T03:00:47,37.5,,,NOISE,2024-11-27T03:00:47,37.5,,,NOISE
2026-03-04T13:03:51.377453,Map-Energy__sum__linear-conv01058-20241127_060047-20241127_120047-35.000000-40.000000.png,2024-11-27T06:00:47,2024-11-27T12:00:47,35.0,40.0,2024-11-27T09:00:47,37.5,,,NOISE,2024-11-27T09:00:47,37.5,,,NOISE,2024-11-27T09:00:47,37.5,,,NOISE,2024-11-27T09:00:47,37.5,,,NOISE
2026-03-04T13:03:52.665187,Map-Energy__sum__linear-conv01068-20241127_120047-20241127_180047-35.000000-40.000000.png,2024-11-27T12:00:47,2024-11-27T18:00:47,35.0,40.0,2024-11-27T15:00:47,37.5,,,NOISE,2024-11-27T15:00:47,37.5,,,NOISE,2024-11-27T15:00:47,37.5,,,NOISE,2024-11-27T15:00:47,37.5,,,NOISE
2026-03-04T13:03:53.705352,Map-Energy__sum__linear-conv01078-20241127_180047-20241128_000047-35.000000-40.000000.png,2024-11-27T18:00:47,2024-11-28T00:00:47,35.0,40.0,2024-11-27T21:00:47,37.5,,,NOISE,2024-11-27T21:00:47,37.5,,,NOISE,2024-11-27T21:00:47,37.5,,,NOISE,2024-11-27T21:00:47,37.5,,,NOISE
2026-03-04T13:03:55.105429,Map-Energy__sum__linear-conv01088-20241128_000047-20241128_060047-35.000000-40.000000.png,2024-11-28T00:00:47,2024-11-28T06:00:47,35.0,40.0,2024-11-28T03:00:47,37.5,,,NOISE,2024-11-28T03:00:47,37.5,,,NOISE,2024-11-28T03:00:47,37.5,,,NOISE,2024-11-28T03:00:47,37.5,,,NOISE
2026-03-04T13:03:56.362192,Map-Energy__sum__linear-conv01098-20241128_060047-20241128_120047-35.000000-40.000000.png,2024-11-28T06:00:47,2024-11-28T12:00:47,35.0,40.0,2024-11-28T09:00:47,37.5,,,NOISE,2024-11-28T09:00:47,37.5,,,NOISE,2024-11-28T09:00:47,37.5,,,NOISE,2024-11-28T09:00:47,37.5,,,NOISE
2026-03-04T13:03:57.377152,Map-Energy__sum__linear-conv01108-20241128_120047-20241128_180047-35.000000-40.000000.png,2024-11-28T12:00:47,2024-11-28T18:00:47,35.0,40.0,2024-11-28T15:00:47,37.5,,,NOISE,2024-11-28T15:00:47,37.5,,,NOISE,2024-11-28T15:00:47,37.5,,,NOISE,2024-11-28T15:00:47,37.5,,,NOISE
2026-03-04T13:03:58.721416,Map-Energy__sum__linear-conv01118-20241128_180047-20241129_000047-35.000000-40.000000.png,2024-11-28T18:00:47,2024-11-29T00:00:47,35.0,40.0,2024-11-28T21:00:47,37.5,,,NOISE,2024-11-28T21:00:47,37.5,,,NOISE,2024-11-28T21:00:47,37.5,,,NOISE,2024-11-28T21:00:47,37.5,,,NOISE
2026-03-04T13:04:00.273528,Map-Energy__sum__linear-conv01128-20241129_000047-20241129_060047-35.000000-40.000000.png,2024-11-29T00:00:47,2024-11-29T06:00:47,35.0,40.0,2024-11-29T03:00:47,37.5,,,NOISE,2024-11-29T03:00:47,37.5,,,NOISE,2024-11-29T03:00:47,37.5,,,NOISE,2024-11-29T03:00:47,37.5,,,NOISE
2026-03-04T13:04:01.409545,Map-Energy__sum__linear-conv01138-20241129_060047-20241129_120047-35.000000-40.000000.png,2024-11-29T06:00:47,2024-11-29T12:00:47,35.0,40.0,2024-11-29T09:00:47,37.5,,,NOISE,2024-11-29T09:00:47,37.5,,,NOISE,2024-11-29T09:00:47,37.5,,,NOISE,2024-11-29T09:00:47,37.5,,,NOISE
2026-03-04T13:04:02.514219,Map-Energy__sum__linear-conv01148-20241129_120047-20241129_180047-35.000000-40.000000.png,2024-11-29T12:00:47,2024-11-29T18:00:47,35.0,40.0,2024-11-29T15:00:47,37.5,,,NOISE,2024-11-29T15:00:47,37.5,,,NOISE,2024-11-29T15:00:47,37.5,,,NOISE,2024-11-29T15:00:47,37.5,,,NOISE
2026-03-04T13:04:03.481215,Map-Energy__sum__linear-conv01158-20241129_180047-20241130_000047-35.000000-40.000000.png,2024-11-29T18:00:47,2024-11-30T00:00:47,35.0,40.0,2024-11-29T21:00:47,37.5,,,NOISE,2024-11-29T21:00:47,37.5,,,NOISE,2024-11-29T21:00:47,37.5,,,NOISE,2024-11-29T21:00:47,37.5,,,NOISE
2026-03-04T13:04:04.681205,Map-Energy__sum__linear-conv01168-20241130_000047-20241130_060047-35.000000-40.000000.png,2024-11-30T00:00:47,2024-11-30T06:00:47,35.0,40.0,2024-11-30T03:00:47,37.5,,,NOISE,2024-11-30T03:00:47,37.5,,,NOISE,2024-11-30T03:00:47,37.5,,,NOISE,2024-11-30T03:00:47,37.5,,,NOISE
2026-03-04T13:04:05.849417,Map-Energy__sum__linear-conv01178-20241130_060047-20241130_120047-35.000000-40.000000.png,2024-11-30T06:00:47,2024-11-30T12:00:47,35.0,40.0,2024-11-30T09:00:47,37.5,,,NOISE,2024-11-30T09:00:47,37.5,,,NOISE,2024-11-30T09:00:47,37.5,,,NOISE,2024-11-30T09:00:47,37.5,,,NOISE
2026-03-04T13:04:06.985216,Map-Energy__sum__linear-conv01188-20241130_120047-20241130_180047-35.000000-40.000000.png,2024-11-30T12:00:47,2024-11-30T18:00:47,35.0,40.0,2024-11-30T15:00:47,37.5,,,NOISE,2024-11-30T15:00:47,37.5,,,NOISE,2024-11-30T15:00:47,37.5,,,NOISE,2024-11-30T15:00:47,37.5,,,NOISE
2026-03-04T13:04:07.993328,Map-Energy__sum__linear-conv01198-20241130_180047-20241201_000047-35.000000-40.000000.png,2024-11-30T18:00:47,2024-12-01T00:00:47,35.0,40.0,2024-11-30T21:00:47,37.5,,,NOISE,2024-11-30T21:00:47,37.5,,,NOISE,2024-11-30T21:00:47,37.5,,,NOISE,2024-11-30T21:00:47,37.5,,,NOISE
2026-03-04T13:04:09.193384,Map-Energy__sum__linear-conv00009-20241101_000047-20241101_060047-40.000000-45.000000.png,2024-11-01T00:00:47,2024-11-01T06:00:47,40.0,45.0,2024-11-01T03:00:47,42.5,,,NOISE,2024-11-01T03:00:47,42.5,,,NOISE,2024-11-01T03:00:47,42.5,,,NOISE,2024-11-01T03:00:47,42.5,,,NOISE
2026-03-04T13:04:10.193466,Map-Energy__sum__linear-conv00019-20241101_060047-20241101_120047-40.000000-45.000000.png,2024-11-01T06:00:47,2024-11-01T12:00:47,40.0,45.0,2024-11-01T09:00:47,42.5,,,NOISE,2024-11-01T09:00:47,42.5,,,NOISE,2024-11-01T09:00:47,42.5,,,NOISE,2024-11-01T09:00:47,42.5,,,NOISE
2026-03-04T13:04:11.137461,Map-Energy__sum__linear-conv00029-20241101_120047-20241101_180047-40.000000-45.000000.png,2024-11-01T12:00:47,2024-11-01T18:00:47,40.0,45.0,2024-11-01T15:00:47,42.5,,,NOISE,2024-11-01T15:00:47,42.5,,,NOISE,2024-11-01T15:00:47,42.5,,,NOISE,2024-11-01T15:00:47,42.5,,,NOISE
2026-03-04T13:04:12.305362,Map-Energy__sum__linear-conv00039-20241101_180047-20241102_000047-40.000000-45.000000.png,2024-11-01T18:00:47,2024-11-02T00:00:47,40.0,45.0,2024-11-01T21:00:47,42.5,,,NOISE,2024-11-01T21:00:47,42.5,,,NOISE,2024-11-01T21:00:47,42.5,,,NOISE,2024-11-01T21:00:47,42.5,,,NOISE
2026-03-04T13:04:13.249262,Map-Energy__sum__linear-conv00049-20241102_000047-20241102_060047-40.000000-45.000000.png,2024-11-02T00:00:47,2024-11-02T06:00:47,40.0,45.0,2024-11-02T03:00:47,42.5,,,NOISE,2024-11-02T03:00:47,42.5,,,NOISE,2024-11-02T03:00:47,42.5,,,NOISE,2024-11-02T03:00:47,42.5,,,NOISE
2026-03-04T13:04:14.297355,Map-Energy__sum__linear-conv00059-20241102_060047-20241102_120047-40.000000-45.000000.png,2024-11-02T06:00:47,2024-11-02T12:00:47,40.0,45.0,2024-11-02T09:00:47,42.5,,,NOISE,2024-11-02T09:00:47,42.5,,,NOISE,2024-11-02T09:00:47,42.5,,,NOISE,2024-11-02T09:00:47,42.5,,,NOISE
2026-03-04T13:04:15.329391,Map-Energy__sum__linear-conv00069-20241102_120047-20241102_180047-40.000000-45.000000.png,2024-11-02T12:00:47,2024-11-02T18:00:47,40.0,45.0,2024-11-02T15:00:47,42.5,,,NOISE,2024-11-02T15:00:47,42.5,,,NOISE,2024-11-02T15:00:47,42.5,,,NOISE,2024-11-02T15:00:47,42.5,,,NOISE
2026-03-04T13:04:16.361475,Map-Energy__sum__linear-conv00079-20241102_180047-20241103_000047-40.000000-45.000000.png,2024-11-02T18:00:47,2024-11-03T00:00:47,40.0,45.0,2024-11-02T21:00:47,42.5,,,NOISE,2024-11-02T21:00:47,42.5,,,NOISE,2024-11-02T21:00:47,42.5,,,NOISE,2024-11-02T21:00:47,42.5,,,NOISE
2026-03-04T13:04:17.473209,Map-Energy__sum__linear-conv00089-20241103_000047-20241103_060047-40.000000-45.000000.png,2024-11-03T00:00:47,2024-11-03T06:00:47,40.0,45.0,2024-11-03T03:00:47,42.5,,,NOISE,2024-11-03T03:00:47,42.5,,,NOISE,2024-11-03T03:00:47,42.5,,,NOISE,2024-11-03T03:00:47,42.5,,,NOISE
2026-03-04T13:04:18.441383,Map-Energy__sum__linear-conv00099-20241103_060047-20241103_120047-40.000000-45.000000.png,2024-11-03T06:00:47,2024-11-03T12:00:47,40.0,45.0,2024-11-03T09:00:47,42.5,,,NOISE,2024-11-03T09:00:47,42.5,,,NOISE,2024-11-03T09:00:47,42.5,,,NOISE,2024-11-03T09:00:47,42.5,,,NOISE
2026-03-04T13:04:19.481270,Map-Energy__sum__linear-conv00109-20241103_120047-20241103_180047-40.000000-45.000000.png,2024-11-03T12:00:47,2024-11-03T18:00:47,40.0,45.0,2024-11-03T15:00:47,42.5,,,NOISE,2024-11-03T15:00:47,42.5,,,NOISE,2024-11-03T15:00:47,42.5,,,NOISE,2024-11-03T15:00:47,42.5,,,NOISE
2026-03-04T13:04:20.473231,Map-Energy__sum__linear-conv00119-20241103_180047-20241104_000047-40.000000-45.000000.png,2024-11-03T18:00:47,2024-11-04T00:00:47,40.0,45.0,2024-11-03T21:00:47,42.5,,,NOISE,2024-11-03T21:00:47,42.5,,,NOISE,2024-11-03T21:00:47,42.5,,,NOISE,2024-11-03T21:00:47,42.5,,,NOISE
2026-03-04T13:04:21.545552,Map-Energy__sum__linear-conv00129-20241104_000047-20241104_060047-40.000000-45.000000.png,2024-11-04T00:00:47,2024-11-04T06:00:47,40.0,45.0,2024-11-04T03:00:47,42.5,,,NOISE,2024-11-04T03:00:47,42.5,,,NOISE,2024-11-04T03:00:47,42.5,,,NOISE,2024-11-04T03:00:47,42.5,,,NOISE
2026-03-04T13:04:22.521545,Map-Energy__sum__linear-conv00139-20241104_060047-20241104_120047-40.000000-45.000000.png,2024-11-04T06:00:47,2024-11-04T12:00:47,40.0,45.0,2024-11-04T09:00:47,42.5,,,NOISE,2024-11-04T09:00:47,42.5,,,NOISE,2024-11-04T09:00:47,42.5,,,NOISE,2024-11-04T09:00:47,42.5,,,NOISE
2026-03-04T13:04:23.537433,Map-Energy__sum__linear-conv00149-20241104_120047-20241104_180047-40.000000-45.000000.png,2024-11-04T12:00:47,2024-11-04T18:00:47,40.0,45.0,2024-11-04T15:00:47,42.5,,,NOISE,2024-11-04T15:00:47,42.5,,,NOISE,2024-11-04T15:00:47,42.5,,,NOISE,2024-11-04T15:00:47,42.5,,,NOISE
2026-03-04T13:04:24.537447,Map-Energy__sum__linear-conv00159-20241104_180047-20241105_000047-40.000000-45.000000.png,2024-11-04T18:00:47,2024-11-05T00:00:47,40.0,45.0,2024-11-04T21:00:47,42.5,,,NOISE,2024-11-04T21:00:47,42.5,,,NOISE,2024-11-04T21:00:47,42.5,,,NOISE,2024-11-04T21:00:47,42.5,,,NOISE
2026-03-04T13:04:25.529311,Map-Energy__sum__linear-conv00169-20241105_000047-20241105_060047-40.000000-45.000000.png,2024-11-05T00:00:47,2024-11-05T06:00:47,40.0,45.0,2024-11-05T03:00:47,42.5,,,NOISE,2024-11-05T03:00:47,42.5,,,NOISE,2024-11-05T03:00:47,42.5,,,NOISE,2024-11-05T03:00:47,42.5,,,NOISE
2026-03-04T13:04:26.537345,Map-Energy__sum__linear-conv00179-20241105_060047-20241105_120047-40.000000-45.000000.png,2024-11-05T06:00:47,2024-11-05T12:00:47,40.0,45.0,2024-11-05T09:00:47,42.5,,,NOISE,2024-11-05T09:00:47,42.5,,,NOISE,2024-11-05T09:00:47,42.5,,,NOISE,2024-11-05T09:00:47,42.5,,,NOISE
2026-03-04T13:04:27.649264,Map-Energy__sum__linear-conv00189-20241105_120047-20241105_180047-40.000000-45.000000.png,2024-11-05T12:00:47,2024-11-05T18:00:47,40.0,45.0,2024-11-05T15:00:47,42.5,,,NOISE,2024-11-05T15:00:47,42.5,,,NOISE,2024-11-05T15:00:47,42.5,,,NOISE,2024-11-05T15:00:47,42.5,,,NOISE
2026-03-04T13:04:29.289485,Map-Energy__sum__linear-conv00199-20241105_180047-20241106_000047-40.000000-45.000000.png,2024-11-05T18:00:47,2024-11-06T00:00:47,40.0,45.0,2024-11-05T21:00:47,42.5,,,NOISE,2024-11-05T21:00:47,42.5,,,NOISE,2024-11-05T21:00:47,42.5,,,NOISE,2024-11-05T21:00:47,42.5,,,NOISE
2026-03-04T13:04:31.513265,Map-Energy__sum__linear-conv00209-20241106_000047-20241106_060047-40.000000-45.000000.png,2024-11-06T00:00:47,2024-11-06T06:00:47,40.0,45.0,2024-11-06T03:00:47,42.5,,,NOISE,2024-11-06T03:00:47,42.5,,,NOISE,2024-11-06T03:00:47,42.5,,,NOISE,2024-11-06T03:00:47,42.5,,,NOISE
2026-03-04T13:04:32.657296,Map-Energy__sum__linear-conv00219-20241106_060047-20241106_120047-40.000000-45.000000.png,2024-11-06T06:00:47,2024-11-06T12:00:47,40.0,45.0,2024-11-06T09:00:47,42.5,,,NOISE,2024-11-06T09:00:47,42.5,,,NOISE,2024-11-06T09:00:47,42.5,,,NOISE,2024-11-06T09:00:47,42.5,,,NOISE
2026-03-04T13:04:34.297114,Map-Energy__sum__linear-conv00229-20241106_120047-20241106_180047-40.000000-45.000000.png,2024-11-06T12:00:47,2024-11-06T18:00:47,40.0,45.0,2024-11-06T15:00:47,42.5,,,NOISE,2024-11-06T15:00:47,42.5,,,NOISE,2024-11-06T15:00:47,42.5,,,NOISE,2024-11-06T15:00:47,42.5,,,NOISE
2026-03-04T13:04:36.281329,Map-Energy__sum__linear-conv00239-20241106_180047-20241107_000047-40.000000-45.000000.png,2024-11-06T18:00:47,2024-11-07T00:00:47,40.0,45.0,2024-11-06T21:00:47,42.5,,,NOISE,2024-11-06T21:00:47,42.5,,,NOISE,2024-11-06T21:00:47,42.5,,,NOISE,2024-11-06T21:00:47,42.5,,,NOISE
2026-03-04T13:04:37.441835,Map-Energy__sum__linear-conv00249-20241107_000047-20241107_060047-40.000000-45.000000.png,2024-11-07T00:00:47,2024-11-07T06:00:47,40.0,45.0,2024-11-07T03:00:47,42.5,,,NOISE,2024-11-07T03:00:47,42.5,,,NOISE,2024-11-07T03:00:47,42.5,,,NOISE,2024-11-07T03:00:47,42.5,,,NOISE
2026-03-04T13:04:38.561447,Map-Energy__sum__linear-conv00259-20241107_060047-20241107_120047-40.000000-45.000000.png,2024-11-07T06:00:47,2024-11-07T12:00:47,40.0,45.0,2024-11-07T09:00:47,42.5,,,NOISE,2024-11-07T09:00:47,42.5,,,NOISE,2024-11-07T09:00:47,42.5,,,NOISE,2024-11-07T09:00:47,42.5,,,NOISE
2026-03-04T13:04:39.553386,Map-Energy__sum__linear-conv00269-20241107_120047-20241107_180047-40.000000-45.000000.png,2024-11-07T12:00:47,2024-11-07T18:00:47,40.0,45.0,2024-11-07T15:00:47,42.5,,,NOISE,2024-11-07T15:00:47,42.5,,,NOISE,2024-11-07T15:00:47,42.5,,,NOISE,2024-11-07T15:00:47,42.5,,,NOISE
2026-03-04T13:04:40.537342,Map-Energy__sum__linear-conv00279-20241107_180047-20241108_000047-40.000000-45.000000.png,2024-11-07T18:00:47,2024-11-08T00:00:47,40.0,45.0,2024-11-07T21:00:47,42.5,,,NOISE,2024-11-07T21:00:47,42.5,,,NOISE,2024-11-07T21:00:47,42.5,,,NOISE,2024-11-07T21:00:47,42.5,,,NOISE
2026-03-04T13:04:41.825175,Map-Energy__sum__linear-conv00289-20241108_000047-20241108_060047-40.000000-45.000000.png,2024-11-08T00:00:47,2024-11-08T06:00:47,40.0,45.0,2024-11-08T03:00:47,42.5,,,NOISE,2024-11-08T03:00:47,42.5,,,NOISE,2024-11-08T03:00:47,42.5,,,NOISE,2024-11-08T03:00:47,42.5,,,NOISE
2026-03-04T13:04:42.833284,Map-Energy__sum__linear-conv00299-20241108_060047-20241108_120047-40.000000-45.000000.png,2024-11-08T06:00:47,2024-11-08T12:00:47,40.0,45.0,2024-11-08T09:00:47,42.5,,,NOISE,2024-11-08T09:00:47,42.5,,,NOISE,2024-11-08T09:00:47,42.5,,,NOISE,2024-11-08T09:00:47,42.5,,,NOISE
2026-03-04T13:04:43.857356,Map-Energy__sum__linear-conv00309-20241108_120047-20241108_180047-40.000000-45.000000.png,2024-11-08T12:00:47,2024-11-08T18:00:47,40.0,45.0,2024-11-08T15:00:47,42.5,,,NOISE,2024-11-08T15:00:47,42.5,,,NOISE,2024-11-08T15:00:47,42.5,,,NOISE,2024-11-08T15:00:47,42.5,,,NOISE
2026-03-04T13:04:44.897156,Map-Energy__sum__linear-conv00319-20241108_180047-20241109_000047-40.000000-45.000000.png,2024-11-08T18:00:47,2024-11-09T00:00:47,40.0,45.0,2024-11-08T21:00:47,42.5,,,NOISE,2024-11-08T21:00:47,42.5,,,NOISE,2024-11-08T21:00:47,42.5,,,NOISE,2024-11-08T21:00:47,42.5,,,NOISE
2026-03-04T13:04:45.881289,Map-Energy__sum__linear-conv00329-20241109_000047-20241109_060047-40.000000-45.000000.png,2024-11-09T00:00:47,2024-11-09T06:00:47,40.0,45.0,2024-11-09T03:00:47,42.5,,,NOISE,2024-11-09T03:00:47,42.5,,,NOISE,2024-11-09T03:00:47,42.5,,,NOISE,2024-11-09T03:00:47,42.5,,,NOISE
2026-03-04T13:04:46.953323,Map-Energy__sum__linear-conv00339-20241109_060047-20241109_120047-40.000000-45.000000.png,2024-11-09T06:00:47,2024-11-09T12:00:47,40.0,45.0,2024-11-09T09:00:47,42.5,,,NOISE,2024-11-09T09:00:47,42.5,,,NOISE,2024-11-09T09:00:47,42.5,,,NOISE,2024-11-09T09:00:47,42.5,,,NOISE
2026-03-04T13:04:49.177412,Map-Energy__sum__linear-conv00349-20241109_120047-20241109_180047-40.000000-45.000000.png,2024-11-09T12:00:47,2024-11-09T18:00:47,40.0,45.0,2024-11-09T15:00:47,42.5,,,NOISE,2024-11-09T15:00:47,42.5,,,NOISE,2024-11-09T15:00:47,42.5,,,NOISE,2024-11-09T15:00:47,42.5,,,NOISE
2026-03-04T13:04:54.489243,Map-Energy__sum__linear-conv00359-20241109_180047-20241110_000047-40.000000-45.000000.png,2024-11-09T18:00:47,2024-11-10T00:00:47,40.0,45.0,2024-11-09T21:00:47,42.5,,,NOISE,2024-11-09T21:00:47,42.5,,,NOISE,2024-11-09T21:00:47,42.5,,,NOISE,2024-11-09T21:00:47,42.5,,,NOISE
2026-03-04T13:04:55.785370,Map-Energy__sum__linear-conv00369-20241110_000047-20241110_060047-40.000000-45.000000.png,2024-11-10T00:00:47,2024-11-10T06:00:47,40.0,45.0,2024-11-10T03:00:47,42.5,,,NOISE,2024-11-10T03:00:47,42.5,,,NOISE,2024-11-10T03:00:47,42.5,,,NOISE,2024-11-10T03:00:47,42.5,,,NOISE
2026-03-04T13:04:57.081269,Map-Energy__sum__linear-conv00379-20241110_060047-20241110_120047-40.000000-45.000000.png,2024-11-10T06:00:47,2024-11-10T12:00:47,40.0,45.0,2024-11-10T09:00:47,42.5,,,NOISE,2024-11-10T09:00:47,42.5,,,NOISE,2024-11-10T09:00:47,42.5,,,NOISE,2024-11-10T09:00:47,42.5,,,NOISE
2026-03-04T13:04:58.121324,Map-Energy__sum__linear-conv00389-20241110_120047-20241110_180047-40.000000-45.000000.png,2024-11-10T12:00:47,2024-11-10T18:00:47,40.0,45.0,2024-11-10T15:00:47,42.5,,,NOISE,2024-11-10T15:00:47,42.5,,,NOISE,2024-11-10T15:00:47,42.5,,,NOISE,2024-11-10T15:00:47,42.5,,,NOISE
2026-03-04T13:04:59.161566,Map-Energy__sum__linear-conv00399-20241110_180047-20241111_000047-40.000000-45.000000.png,2024-11-10T18:00:47,2024-11-11T00:00:47,40.0,45.0,2024-11-10T21:00:47,42.5,,,NOISE,2024-11-10T21:00:47,42.5,,,NOISE,2024-11-10T21:00:47,42.5,,,NOISE,2024-11-10T21:00:47,42.5,,,NOISE
2026-03-04T13:05:00.289520,Map-Energy__sum__linear-conv00409-20241111_000047-20241111_060047-40.000000-45.000000.png,2024-11-11T00:00:47,2024-11-11T06:00:47,40.0,45.0,2024-11-11T03:00:47,42.5,,,NOISE,2024-11-11T03:00:47,42.5,,,NOISE,2024-11-11T03:00:47,42.5,,,NOISE,2024-11-11T03:00:47,42.5,,,NOISE
2026-03-04T13:05:01.617385,Map-Energy__sum__linear-conv00419-20241111_060047-20241111_120047-40.000000-45.000000.png,2024-11-11T06:00:47,2024-11-11T12:00:47,40.0,45.0,2024-11-11T09:00:47,42.5,,,NOISE,2024-11-11T09:00:47,42.5,,,NOISE,2024-11-11T09:00:47,42.5,,,NOISE,2024-11-11T09:00:47,42.5,,,NOISE
2026-03-04T13:05:03.041613,Map-Energy__sum__linear-conv00429-20241111_120047-20241111_180047-40.000000-45.000000.png,2024-11-11T12:00:47,2024-11-11T18:00:47,40.0,45.0,2024-11-11T15:00:47,42.5,,,NOISE,2024-11-11T15:00:47,42.5,,,NOISE,2024-11-11T15:00:47,42.5,,,NOISE,2024-11-11T15:00:47,42.5,,,NOISE
2026-03-04T13:05:04.185396,Map-Energy__sum__linear-conv00439-20241111_180047-20241112_000047-40.000000-45.000000.png,2024-11-11T18:00:47,2024-11-12T00:00:47,40.0,45.0,2024-11-11T21:00:47,42.5,,,NOISE,2024-11-11T21:00:47,42.5,,,NOISE,2024-11-11T21:00:47,42.5,,,NOISE,2024-11-11T21:00:47,42.5,,,NOISE
2026-03-04T13:05:05.193260,Map-Energy__sum__linear-conv00449-20241112_000047-20241112_060047-40.000000-45.000000.png,2024-11-12T00:00:47,2024-11-12T06:00:47,40.0,45.0,2024-11-12T03:00:47,42.5,,,NOISE,2024-11-12T03:00:47,42.5,,,NOISE,2024-11-12T03:00:47,42.5,,,NOISE,2024-11-12T03:00:47,42.5,,,NOISE
2026-03-04T13:05:06.329321,Map-Energy__sum__linear-conv00459-20241112_060047-20241112_120047-40.000000-45.000000.png,2024-11-12T06:00:47,2024-11-12T12:00:47,40.0,45.0,2024-11-12T09:00:47,42.5,,,NOISE,2024-11-12T09:00:47,42.5,,,NOISE,2024-11-12T09:00:47,42.5,,,NOISE,2024-11-12T09:00:47,42.5,,,NOISE
2026-03-04T13:05:07.401187,Map-Energy__sum__linear-conv00469-20241112_120047-20241112_180047-40.000000-45.000000.png,2024-11-12T12:00:47,2024-11-12T18:00:47,40.0,45.0,2024-11-12T15:00:47,42.5,,,NOISE,2024-11-12T15:00:47,42.5,,,NOISE,2024-11-12T15:00:47,42.5,,,NOISE,2024-11-12T15:00:47,42.5,,,NOISE
2026-03-04T13:05:08.625359,Map-Energy__sum__linear-conv00479-20241112_180047-20241113_000047-40.000000-45.000000.png,2024-11-12T18:00:47,2024-11-13T00:00:47,40.0,45.0,2024-11-12T21:00:47,42.5,,,NOISE,2024-11-12T21:00:47,42.5,,,NOISE,2024-11-12T21:00:47,42.5,,,NOISE,2024-11-12T21:00:47,42.5,,,NOISE
2026-03-04T13:05:10.273152,Map-Energy__sum__linear-conv00489-20241113_000047-20241113_060047-40.000000-45.000000.png,2024-11-13T00:00:47,2024-11-13T06:00:47,40.0,45.0,2024-11-13T03:00:47,42.5,,,NOISE,2024-11-13T03:00:47,42.5,,,NOISE,2024-11-13T03:00:47,42.5,,,NOISE,2024-11-13T03:00:47,42.5,,,NOISE
2026-03-04T13:05:11.681719,Map-Energy__sum__linear-conv00499-20241113_060047-20241113_120047-40.000000-45.000000.png,2024-11-13T06:00:47,2024-11-13T12:00:47,40.0,45.0,2024-11-13T09:00:47,42.5,,,NOISE,2024-11-13T09:00:47,42.5,,,NOISE,2024-11-13T09:00:47,42.5,,,NOISE,2024-11-13T09:00:47,42.5,,,NOISE
2026-03-04T13:05:12.753142,Map-Energy__sum__linear-conv00509-20241113_120047-20241113_180047-40.000000-45.000000.png,2024-11-13T12:00:47,2024-11-13T18:00:47,40.0,45.0,2024-11-13T15:00:47,42.5,,,NOISE,2024-11-13T15:00:47,42.5,,,NOISE,2024-11-13T15:00:47,42.5,,,NOISE,2024-11-13T15:00:47,42.5,,,NOISE
2026-03-04T13:05:14.313232,Map-Energy__sum__linear-conv00519-20241113_180047-20241114_000047-40.000000-45.000000.png,2024-11-13T18:00:47,2024-11-14T00:00:47,40.0,45.0,2024-11-13T21:00:47,42.5,,,NOISE,2024-11-13T21:00:47,42.5,,,NOISE,2024-11-13T21:00:47,42.5,,,NOISE,2024-11-13T21:00:47,42.5,,,NOISE
2026-03-04T13:05:15.689280,Map-Energy__sum__linear-conv00529-20241114_000047-20241114_060047-40.000000-45.000000.png,2024-11-14T00:00:47,2024-11-14T06:00:47,40.0,45.0,2024-11-14T03:00:47,42.5,,,NOISE,2024-11-14T03:00:47,42.5,,,NOISE,2024-11-14T03:00:47,42.5,,,NOISE,2024-11-14T03:00:47,42.5,,,NOISE
2026-03-04T13:05:17.113317,Map-Energy__sum__linear-conv00539-20241114_060047-20241114_120047-40.000000-45.000000.png,2024-11-14T06:00:47,2024-11-14T12:00:47,40.0,45.0,2024-11-14T09:00:47,42.5,,,NOISE,2024-11-14T09:00:47,42.5,,,NOISE,2024-11-14T09:00:47,42.5,,,NOISE,2024-11-14T09:00:47,42.5,,,NOISE
2026-03-04T13:05:48.161202,Map-Energy__sum__linear-conv00549-20241114_120047-20241114_180047-40.000000-45.000000.png,2024-11-14T12:00:47,2024-11-14T18:00:47,40.0,45.0,2024-11-14T15:43:22,43.270416,,,SEISMIC,2024-11-14T13:53:43,43.394928,,,SEISMIC,2024-11-14T15:00:47,42.5,,,NOISE,2024-11-14T15:00:47,42.5,,,NOISE
2026-03-04T13:05:50.689418,Map-Energy__sum__linear-conv00559-20241114_180047-20241115_000047-40.000000-45.000000.png,2024-11-14T18:00:47,2024-11-15T00:00:47,40.0,45.0,2024-11-14T21:00:47,42.5,,,NOISE,2024-11-14T21:00:47,42.5,,,NOISE,2024-11-14T21:00:47,42.5,,,NOISE,2024-11-14T21:00:47,42.5,,,NOISE
2026-03-04T13:05:52.089862,Map-Energy__sum__linear-conv00569-20241115_000047-20241115_060047-40.000000-45.000000.png,2024-11-15T00:00:47,2024-11-15T06:00:47,40.0,45.0,2024-11-15T03:00:47,42.5,,,NOISE,2024-11-15T03:00:47,42.5,,,NOISE,2024-11-15T03:00:47,42.5,,,NOISE,2024-11-15T03:00:47,42.5,,,NOISE
2026-03-04T13:05:53.457217,Map-Energy__sum__linear-conv00579-20241115_060047-20241115_120047-40.000000-45.000000.png,2024-11-15T06:00:47,2024-11-15T12:00:47,40.0,45.0,2024-11-15T09:00:47,42.5,,,NOISE,2024-11-15T09:00:47,42.5,,,NOISE,2024-11-15T09:00:47,42.5,,,NOISE,2024-11-15T09:00:47,42.5,,,NOISE
2026-03-04T13:05:54.993836,Map-Energy__sum__linear-conv00589-20241115_120047-20241115_180047-40.000000-45.000000.png,2024-11-15T12:00:47,2024-11-15T18:00:47,40.0,45.0,2024-11-15T15:00:47,42.5,,,NOISE,2024-11-15T15:00:47,42.5,,,NOISE,2024-11-15T15:00:47,42.5,,,NOISE,2024-11-15T15:00:47,42.5,,,NOISE
2026-03-04T13:05:56.345501,Map-Energy__sum__linear-conv00599-20241115_180047-20241116_000047-40.000000-45.000000.png,2024-11-15T18:00:47,2024-11-16T00:00:47,40.0,45.0,2024-11-15T21:00:47,42.5,,,NOISE,2024-11-15T21:00:47,42.5,,,NOISE,2024-11-15T21:00:47,42.5,,,NOISE,2024-11-15T21:00:47,42.5,,,NOISE
2026-03-04T13:05:59.353152,Map-Energy__sum__linear-conv00609-20241116_000047-20241116_060047-40.000000-45.000000.png,2024-11-16T00:00:47,2024-11-16T06:00:47,40.0,45.0,2024-11-16T03:00:47,42.5,,,NOISE,2024-11-16T03:00:47,42.5,,,NOISE,2024-11-16T03:00:47,42.5,,,NOISE,2024-11-16T03:00:47,42.5,,,NOISE
2026-03-04T13:06:00.569720,Map-Energy__sum__linear-conv00619-20241116_060047-20241116_120047-40.000000-45.000000.png,2024-11-16T06:00:47,2024-11-16T12:00:47,40.0,45.0,2024-11-16T09:00:47,42.5,,,NOISE,2024-11-16T09:00:47,42.5,,,NOISE,2024-11-16T09:00:47,42.5,,,NOISE,2024-11-16T09:00:47,42.5,,,NOISE
2026-03-04T13:06:01.729657,Map-Energy__sum__linear-conv00629-20241116_120047-20241116_180047-40.000000-45.000000.png,2024-11-16T12:00:47,2024-11-16T18:00:47,40.0,45.0,2024-11-16T15:00:47,42.5,,,NOISE,2024-11-16T15:00:47,42.5,,,NOISE,2024-11-16T15:00:47,42.5,,,NOISE,2024-11-16T15:00:47,42.5,,,NOISE
2026-03-04T13:06:02.761457,Map-Energy__sum__linear-conv00639-20241116_180047-20241117_000047-40.000000-45.000000.png,2024-11-16T18:00:47,2024-11-17T00:00:47,40.0,45.0,2024-11-16T21:00:47,42.5,,,NOISE,2024-11-16T21:00:47,42.5,,,NOISE,2024-11-16T21:00:47,42.5,,,NOISE,2024-11-16T21:00:47,42.5,,,NOISE
2026-03-04T13:06:05.017441,Map-Energy__sum__linear-conv00649-20241117_000047-20241117_060047-40.000000-45.000000.png,2024-11-17T00:00:47,2024-11-17T06:00:47,40.0,45.0,2024-11-17T03:00:47,42.5,,,NOISE,2024-11-17T03:00:47,42.5,,,NOISE,2024-11-17T03:00:47,42.5,,,NOISE,2024-11-17T03:00:47,42.5,,,NOISE
2026-03-04T13:06:06.153410,Map-Energy__sum__linear-conv00659-20241117_060047-20241117_120047-40.000000-45.000000.png,2024-11-17T06:00:47,2024-11-17T12:00:47,40.0,45.0,2024-11-17T09:00:47,42.5,,,NOISE,2024-11-17T09:00:47,42.5,,,NOISE,2024-11-17T09:00:47,42.5,,,NOISE,2024-11-17T09:00:47,42.5,,,NOISE
2026-03-04T13:06:07.529397,Map-Energy__sum__linear-conv00669-20241117_120047-20241117_180047-40.000000-45.000000.png,2024-11-17T12:00:47,2024-11-17T18:00:47,40.0,45.0,2024-11-17T15:00:47,42.5,,,NOISE,2024-11-17T15:00:47,42.5,,,NOISE,2024-11-17T15:00:47,42.5,,,NOISE,2024-11-17T15:00:47,42.5,,,NOISE
2026-03-04T13:06:10.873241,Map-Energy__sum__linear-conv00679-20241117_180047-20241118_000047-40.000000-45.000000.png,2024-11-17T18:00:47,2024-11-18T00:00:47,40.0,45.0,2024-11-17T21:00:47,42.5,,,NOISE,2024-11-17T21:00:47,42.5,,,NOISE,2024-11-17T21:00:47,42.5,,,NOISE,2024-11-17T21:00:47,42.5,,,NOISE
2026-03-04T13:06:12.025770,Map-Energy__sum__linear-conv00689-20241118_000047-20241118_060047-40.000000-45.000000.png,2024-11-18T00:00:47,2024-11-18T06:00:47,40.0,45.0,2024-11-18T03:00:47,42.5,,,NOISE,2024-11-18T03:00:47,42.5,,,NOISE,2024-11-18T03:00:47,42.5,,,NOISE,2024-11-18T03:00:47,42.5,,,NOISE
2026-03-04T13:06:13.169173,Map-Energy__sum__linear-conv00699-20241118_060047-20241118_120047-40.000000-45.000000.png,2024-11-18T06:00:47,2024-11-18T12:00:47,40.0,45.0,2024-11-18T09:00:47,42.5,,,NOISE,2024-11-18T09:00:47,42.5,,,NOISE,2024-11-18T09:00:47,42.5,,,NOISE,2024-11-18T09:00:47,42.5,,,NOISE
2026-03-04T13:06:14.833205,Map-Energy__sum__linear-conv00709-20241118_120047-20241118_180047-40.000000-45.000000.png,2024-11-18T12:00:47,2024-11-18T18:00:47,40.0,45.0,2024-11-18T15:00:47,42.5,,,NOISE,2024-11-18T15:00:47,42.5,,,NOISE,2024-11-18T15:00:47,42.5,,,NOISE,2024-11-18T15:00:47,42.5,,,NOISE
2026-03-04T13:06:15.921246,Map-Energy__sum__linear-conv00719-20241118_180047-20241119_000047-40.000000-45.000000.png,2024-11-18T18:00:47,2024-11-19T00:00:47,40.0,45.0,2024-11-18T21:00:47,42.5,,,NOISE,2024-11-18T21:00:47,42.5,,,NOISE,2024-11-18T21:00:47,42.5,,,NOISE,2024-11-18T21:00:47,42.5,,,NOISE
2026-03-04T13:06:17.377074,Map-Energy__sum__linear-conv00729-20241119_000047-20241119_060047-40.000000-45.000000.png,2024-11-19T00:00:47,2024-11-19T06:00:47,40.0,45.0,2024-11-19T03:00:47,42.5,,,NOISE,2024-11-19T03:00:47,42.5,,,NOISE,2024-11-19T03:00:47,42.5,,,NOISE,2024-11-19T03:00:47,42.5,,,NOISE
2026-03-04T13:06:18.721095,Map-Energy__sum__linear-conv00739-20241119_060047-20241119_120047-40.000000-45.000000.png,2024-11-19T06:00:47,2024-11-19T12:00:47,40.0,45.0,2024-11-19T09:00:47,42.5,,,NOISE,2024-11-19T09:00:47,42.5,,,NOISE,2024-11-19T09:00:47,42.5,,,NOISE,2024-11-19T09:00:47,42.5,,,NOISE
2026-03-04T13:06:22.793140,Map-Energy__sum__linear-conv00749-20241119_120047-20241119_180047-40.000000-45.000000.png,2024-11-19T12:00:47,2024-11-19T18:00:47,40.0,45.0,2024-11-19T15:00:47,42.5,,,NOISE,2024-11-19T15:00:47,42.5,,,NOISE,2024-11-19T15:00:47,42.5,,,NOISE,2024-11-19T15:00:47,42.5,,,NOISE
2026-03-04T13:06:27.457125,Map-Energy__sum__linear-conv00759-20241119_180047-20241120_000047-40.000000-45.000000.png,2024-11-19T18:00:47,2024-11-20T00:00:47,40.0,45.0,2024-11-19T21:00:47,42.5,,,NOISE,2024-11-19T21:00:47,42.5,,,NOISE,2024-11-19T21:00:47,42.5,,,NOISE,2024-11-19T21:00:47,42.5,,,NOISE
2026-03-04T13:06:29.433172,Map-Energy__sum__linear-conv00769-20241120_000047-20241120_060047-40.000000-45.000000.png,2024-11-20T00:00:47,2024-11-20T06:00:47,40.0,45.0,2024-11-20T03:00:47,42.5,,,NOISE,2024-11-20T03:00:47,42.5,,,NOISE,2024-11-20T03:00:47,42.5,,,NOISE,2024-11-20T03:00:47,42.5,,,NOISE
2026-03-04T13:06:30.578128,Map-Energy__sum__linear-conv00779-20241120_060047-20241120_120047-40.000000-45.000000.png,2024-11-20T06:00:47,2024-11-20T12:00:47,40.0,45.0,2024-11-20T09:00:47,42.5,,,NOISE,2024-11-20T09:00:47,42.5,,,NOISE,2024-11-20T09:00:47,42.5,,,NOISE,2024-11-20T09:00:47,42.5,,,NOISE
2026-03-04T13:06:35.305182,Map-Energy__sum__linear-conv00789-20241120_120047-20241120_180047-40.000000-45.000000.png,2024-11-20T12:00:47,2024-11-20T18:00:47,40.0,45.0,2024-11-20T15:00:47,42.5,,,NOISE,2024-11-20T15:00:47,42.5,,,NOISE,2024-11-20T15:00:47,42.5,,,NOISE,2024-11-20T15:00:47,42.5,,,NOISE
2026-03-04T13:06:38.201131,Map-Energy__sum__linear-conv00799-20241120_180047-20241121_000047-40.000000-45.000000.png,2024-11-20T18:00:47,2024-11-21T00:00:47,40.0,45.0,2024-11-20T21:00:47,42.5,,,NOISE,2024-11-20T21:00:47,42.5,,,NOISE,2024-11-20T21:00:47,42.5,,,NOISE,2024-11-20T21:00:47,42.5,,,NOISE
2026-03-04T13:06:39.545585,Map-Energy__sum__linear-conv00809-20241121_000047-20241121_060047-40.000000-45.000000.png,2024-11-21T00:00:47,2024-11-21T06:00:47,40.0,45.0,2024-11-21T03:00:47,42.5,,,NOISE,2024-11-21T03:00:47,42.5,,,NOISE,2024-11-21T03:00:47,42.5,,,NOISE,2024-11-21T03:00:47,42.5,,,NOISE
2026-03-04T13:06:41.072981,Map-Energy__sum__linear-conv00819-20241121_060047-20241121_120047-40.000000-45.000000.png,2024-11-21T06:00:47,2024-11-21T12:00:47,40.0,45.0,2024-11-21T09:00:47,42.5,,,NOISE,2024-11-21T09:00:47,42.5,,,NOISE,2024-11-21T09:00:47,42.5,,,NOISE,2024-11-21T09:00:47,42.5,,,NOISE
2026-03-04T13:06:45.401238,Map-Energy__sum__linear-conv00829-20241121_120047-20241121_180047-40.000000-45.000000.png,2024-11-21T12:00:47,2024-11-21T18:00:47,40.0,45.0,2024-11-21T15:00:47,42.5,,,NOISE,2024-11-21T15:00:47,42.5,,,NOISE,2024-11-21T15:00:47,42.5,,,NOISE,2024-11-21T15:00:47,42.5,,,NOISE
2026-03-04T13:06:46.745342,Map-Energy__sum__linear-conv00839-20241121_180047-20241122_000047-40.000000-45.000000.png,2024-11-21T18:00:47,2024-11-22T00:00:47,40.0,45.0,2024-11-21T21:00:47,42.5,,,NOISE,2024-11-21T21:00:47,42.5,,,NOISE,2024-11-21T21:00:47,42.5,,,NOISE,2024-11-21T21:00:47,42.5,,,NOISE
2026-03-04T13:06:48.016969,Map-Energy__sum__linear-conv00849-20241122_000047-20241122_060047-40.000000-45.000000.png,2024-11-22T00:00:47,2024-11-22T06:00:47,40.0,45.0,2024-11-22T03:00:47,42.5,,,NOISE,2024-11-22T03:00:47,42.5,,,NOISE,2024-11-22T03:00:47,42.5,,,NOISE,2024-11-22T03:00:47,42.5,,,NOISE
2026-03-04T13:06:49.209144,Map-Energy__sum__linear-conv00859-20241122_060047-20241122_120047-40.000000-45.000000.png,2024-11-22T06:00:47,2024-11-22T12:00:47,40.0,45.0,2024-11-22T09:00:47,42.5,,,NOISE,2024-11-22T09:00:47,42.5,,,NOISE,2024-11-22T09:00:47,42.5,,,NOISE,2024-11-22T09:00:47,42.5,,,NOISE
2026-03-04T13:06:52.105175,Map-Energy__sum__linear-conv00869-20241122_120047-20241122_180047-40.000000-45.000000.png,2024-11-22T12:00:47,2024-11-22T18:00:47,40.0,45.0,2024-11-22T15:00:47,42.5,,,NOISE,2024-11-22T15:00:47,42.5,,,NOISE,2024-11-22T15:00:47,42.5,,,NOISE,2024-11-22T15:00:47,42.5,,,NOISE
2026-03-04T13:06:53.417038,Map-Energy__sum__linear-conv00879-20241122_180047-20241123_000047-40.000000-45.000000.png,2024-11-22T18:00:47,2024-11-23T00:00:47,40.0,45.0,2024-11-22T21:00:47,42.5,,,NOISE,2024-11-22T21:00:47,42.5,,,NOISE,2024-11-22T21:00:47,42.5,,,NOISE,2024-11-22T21:00:47,42.5,,,NOISE
2026-03-04T13:06:54.673152,Map-Energy__sum__linear-conv00889-20241123_000047-20241123_060047-40.000000-45.000000.png,2024-11-23T00:00:47,2024-11-23T06:00:47,40.0,45.0,2024-11-23T03:00:47,42.5,,,NOISE,2024-11-23T03:00:47,42.5,,,NOISE,2024-11-23T03:00:47,42.5,,,NOISE,2024-11-23T03:00:47,42.5,,,NOISE
2026-03-04T13:06:55.705135,Map-Energy__sum__linear-conv00899-20241123_060047-20241123_120047-40.000000-45.000000.png,2024-11-23T06:00:47,2024-11-23T12:00:47,40.0,45.0,2024-11-23T09:00:47,42.5,,,NOISE,2024-11-23T09:00:47,42.5,,,NOISE,2024-11-23T09:00:47,42.5,,,NOISE,2024-11-23T09:00:47,42.5,,,NOISE
2026-03-04T13:06:56.697176,Map-Energy__sum__linear-conv00909-20241123_120047-20241123_180047-40.000000-45.000000.png,2024-11-23T12:00:47,2024-11-23T18:00:47,40.0,45.0,2024-11-23T15:00:47,42.5,,,NOISE,2024-11-23T15:00:47,42.5,,,NOISE,2024-11-23T15:00:47,42.5,,,NOISE,2024-11-23T15:00:47,42.5,,,NOISE
2026-03-04T13:06:57.777311,Map-Energy__sum__linear-conv00919-20241123_180047-20241124_000047-40.000000-45.000000.png,2024-11-23T18:00:47,2024-11-24T00:00:47,40.0,45.0,2024-11-23T21:00:47,42.5,,,NOISE,2024-11-23T21:00:47,42.5,,,NOISE,2024-11-23T21:00:47,42.5,,,NOISE,2024-11-23T21:00:47,42.5,,,NOISE
2026-03-04T13:06:58.785092,Map-Energy__sum__linear-conv00929-20241124_000047-20241124_060047-40.000000-45.000000.png,2024-11-24T00:00:47,2024-11-24T06:00:47,40.0,45.0,2024-11-24T03:00:47,42.5,,,NOISE,2024-11-24T03:00:47,42.5,,,NOISE,2024-11-24T03:00:47,42.5,,,NOISE,2024-11-24T03:00:47,42.5,,,NOISE
2026-03-04T13:06:59.833179,Map-Energy__sum__linear-conv00939-20241124_060047-20241124_120047-40.000000-45.000000.png,2024-11-24T06:00:47,2024-11-24T12:00:47,40.0,45.0,2024-11-24T09:00:47,42.5,,,NOISE,2024-11-24T09:00:47,42.5,,,NOISE,2024-11-24T09:00:47,42.5,,,NOISE,2024-11-24T09:00:47,42.5,,,NOISE
2026-03-04T13:07:01.121106,Map-Energy__sum__linear-conv00949-20241124_120047-20241124_180047-40.000000-45.000000.png,2024-11-24T12:00:47,2024-11-24T18:00:47,40.0,45.0,2024-11-24T15:00:47,42.5,,,NOISE,2024-11-24T15:00:47,42.5,,,NOISE,2024-11-24T15:00:47,42.5,,,NOISE,2024-11-24T15:00:47,42.5,,,NOISE
2026-03-04T13:07:02.217133,Map-Energy__sum__linear-conv00959-20241124_180047-20241125_000047-40.000000-45.000000.png,2024-11-24T18:00:47,2024-11-25T00:00:47,40.0,45.0,2024-11-24T21:00:47,42.5,,,NOISE,2024-11-24T21:00:47,42.5,,,NOISE,2024-11-24T21:00:47,42.5,,,NOISE,2024-11-24T21:00:47,42.5,,,NOISE
2026-03-04T13:07:03.721348,Map-Energy__sum__linear-conv00969-20241125_000047-20241125_060047-40.000000-45.000000.png,2024-11-25T00:00:47,2024-11-25T06:00:47,40.0,45.0,2024-11-25T03:00:47,42.5,,,NOISE,2024-11-25T03:00:47,42.5,,,NOISE,2024-11-25T03:00:47,42.5,,,NOISE,2024-11-25T03:00:47,42.5,,,NOISE
2026-03-04T13:07:04.673114,Map-Energy__sum__linear-conv00979-20241125_060047-20241125_120047-40.000000-45.000000.png,2024-11-25T06:00:47,2024-11-25T12:00:47,40.0,45.0,2024-11-25T09:00:47,42.5,,,NOISE,2024-11-25T09:00:47,42.5,,,NOISE,2024-11-25T09:00:47,42.5,,,NOISE,2024-11-25T09:00:47,42.5,,,NOISE
2026-03-04T13:07:08.985097,Map-Energy__sum__linear-conv00989-20241125_120047-20241125_180047-40.000000-45.000000.png,2024-11-25T12:00:47,2024-11-25T18:00:47,40.0,45.0,2024-11-25T15:00:47,42.5,,,NOISE,2024-11-25T15:00:47,42.5,,,NOISE,2024-11-25T15:00:47,42.5,,,NOISE,2024-11-25T15:00:47,42.5,,,NOISE
2026-03-04T13:07:15.617138,Map-Energy__sum__linear-conv00999-20241125_180047-20241126_000047-40.000000-45.000000.png,2024-11-25T18:00:47,2024-11-26T00:00:47,40.0,45.0,2024-11-25T21:00:47,42.5,,,NOISE,2024-11-25T21:00:47,42.5,,,NOISE,2024-11-25T21:00:47,42.5,,,NOISE,2024-11-25T21:00:47,42.5,,,NOISE
2026-03-04T13:07:18.905108,Map-Energy__sum__linear-conv01009-20241126_000047-20241126_060047-40.000000-45.000000.png,2024-11-26T00:00:47,2024-11-26T06:00:47,40.0,45.0,2024-11-26T03:00:47,42.5,,,NOISE,2024-11-26T03:00:47,42.5,,,NOISE,2024-11-26T03:00:47,42.5,,,NOISE,2024-11-26T03:00:47,42.5,,,NOISE
2026-03-04T13:07:21.017071,Map-Energy__sum__linear-conv01019-20241126_060047-20241126_120047-40.000000-45.000000.png,2024-11-26T06:00:47,2024-11-26T12:00:47,40.0,45.0,2024-11-26T09:00:47,42.5,,,NOISE,2024-11-26T09:00:47,42.5,,,NOISE,2024-11-26T09:00:47,42.5,,,NOISE,2024-11-26T09:00:47,42.5,,,NOISE
2026-03-04T13:07:23.689166,Map-Energy__sum__linear-conv01029-20241126_120047-20241126_180047-40.000000-45.000000.png,2024-11-26T12:00:47,2024-11-26T18:00:47,40.0,45.0,2024-11-26T15:00:47,42.5,,,NOISE,2024-11-26T15:00:47,42.5,,,NOISE,2024-11-26T15:00:47,42.5,,,NOISE,2024-11-26T15:00:47,42.5,,,NOISE
2026-03-04T13:07:29.097106,Map-Energy__sum__linear-conv01039-20241126_180047-20241127_000047-40.000000-45.000000.png,2024-11-26T18:00:47,2024-11-27T00:00:47,40.0,45.0,2024-11-26T21:00:47,42.5,,,NOISE,2024-11-26T21:00:47,42.5,,,NOISE,2024-11-26T21:00:47,42.5,,,NOISE,2024-11-26T21:00:47,42.5,,,NOISE
2026-03-04T13:07:32.361075,Map-Energy__sum__linear-conv01049-20241127_000047-20241127_060047-40.000000-45.000000.png,2024-11-27T00:00:47,2024-11-27T06:00:47,40.0,45.0,2024-11-27T03:00:47,42.5,,,NOISE,2024-11-27T03:00:47,42.5,,,NOISE,2024-11-27T03:00:47,42.5,,,NOISE,2024-11-27T03:00:47,42.5,,,NOISE
2026-03-04T13:07:34.665038,Map-Energy__sum__linear-conv01059-20241127_060047-20241127_120047-40.000000-45.000000.png,2024-11-27T06:00:47,2024-11-27T12:00:47,40.0,45.0,2024-11-27T09:00:47,42.5,,,NOISE,2024-11-27T09:00:47,42.5,,,NOISE,2024-11-27T09:00:47,42.5,,,NOISE,2024-11-27T09:00:47,42.5,,,NOISE
2026-03-04T13:07:36.521116,Map-Energy__sum__linear-conv01069-20241127_120047-20241127_180047-40.000000-45.000000.png,2024-11-27T12:00:47,2024-11-27T18:00:47,40.0,45.0,2024-11-27T15:00:47,42.5,,,NOISE,2024-11-27T15:00:47,42.5,,,NOISE,2024-11-27T15:00:47,42.5,,,NOISE,2024-11-27T15:00:47,42.5,,,NOISE
2026-03-04T13:07:39.433155,Map-Energy__sum__linear-conv01079-20241127_180047-20241128_000047-40.000000-45.000000.png,2024-11-27T18:00:47,2024-11-28T00:00:47,40.0,45.0,2024-11-27T21:00:47,42.5,,,NOISE,2024-11-27T21:00:47,42.5,,,NOISE,2024-11-27T21:00:47,42.5,,,NOISE,2024-11-27T21:00:47,42.5,,,NOISE
2026-03-04T13:07:41.137043,Map-Energy__sum__linear-conv01089-20241128_000047-20241128_060047-40.000000-45.000000.png,2024-11-28T00:00:47,2024-11-28T06:00:47,40.0,45.0,2024-11-28T03:00:47,42.5,,,NOISE,2024-11-28T03:00:47,42.5,,,NOISE,2024-11-28T03:00:47,42.5,,,NOISE,2024-11-28T03:00:47,42.5,,,NOISE
2026-03-04T13:07:43.457082,Map-Energy__sum__linear-conv01099-20241128_060047-20241128_120047-40.000000-45.000000.png,2024-11-28T06:00:47,2024-11-28T12:00:47,40.0,45.0,2024-11-28T09:00:47,42.5,,,NOISE,2024-11-28T09:00:47,42.5,,,NOISE,2024-11-28T09:00:47,42.5,,,NOISE,2024-11-28T09:00:47,42.5,,,NOISE
2026-03-04T13:07:44.745188,Map-Energy__sum__linear-conv01109-20241128_120047-20241128_180047-40.000000-45.000000.png,2024-11-28T12:00:47,2024-11-28T18:00:47,40.0,45.0,2024-11-28T15:00:47,42.5,,,NOISE,2024-11-28T15:00:47,42.5,,,NOISE,2024-11-28T15:00:47,42.5,,,NOISE,2024-11-28T15:00:47,42.5,,,NOISE
2026-03-04T13:07:46.609241,Map-Energy__sum__linear-conv01119-20241128_180047-20241129_000047-40.000000-45.000000.png,2024-11-28T18:00:47,2024-11-29T00:00:47,40.0,45.0,2024-11-28T21:00:47,42.5,,,NOISE,2024-11-28T21:00:47,42.5,,,NOISE,2024-11-28T21:00:47,42.5,,,NOISE,2024-11-28T21:00:47,42.5,,,NOISE
2026-03-04T13:07:48.016979,Map-Energy__sum__linear-conv01129-20241129_000047-20241129_060047-40.000000-45.000000.png,2024-11-29T00:00:47,2024-11-29T06:00:47,40.0,45.0,2024-11-29T03:00:47,42.5,,,NOISE,2024-11-29T03:00:47,42.5,,,NOISE,2024-11-29T03:00:47,42.5,,,NOISE,2024-11-29T03:00:47,42.5,,,NOISE
2026-03-04T13:07:49.337119,Map-Energy__sum__linear-conv01139-20241129_060047-20241129_120047-40.000000-45.000000.png,2024-11-29T06:00:47,2024-11-29T12:00:47,40.0,45.0,2024-11-29T09:00:47,42.5,,,NOISE,2024-11-29T09:00:47,42.5,,,NOISE,2024-11-29T09:00:47,42.5,,,NOISE,2024-11-29T09:00:47,42.5,,,NOISE
2026-03-04T13:07:51.121164,Map-Energy__sum__linear-conv01149-20241129_120047-20241129_180047-40.000000-45.000000.png,2024-11-29T12:00:47,2024-11-29T18:00:47,40.0,45.0,2024-11-29T15:00:47,42.5,,,NOISE,2024-11-29T15:00:47,42.5,,,NOISE,2024-11-29T15:00:47,42.5,,,NOISE,2024-11-29T15:00:47,42.5,,,NOISE
2026-03-04T13:07:52.361052,Map-Energy__sum__linear-conv01159-20241129_180047-20241130_000047-40.000000-45.000000.png,2024-11-29T18:00:47,2024-11-30T00:00:47,40.0,45.0,2024-11-29T21:00:47,42.5,,,NOISE,2024-11-29T21:00:47,42.5,,,NOISE,2024-11-29T21:00:47,42.5,,,NOISE,2024-11-29T21:00:47,42.5,,,NOISE
2026-03-04T13:07:53.656979,Map-Energy__sum__linear-conv01169-20241130_000047-20241130_060047-40.000000-45.000000.png,2024-11-30T00:00:47,2024-11-30T06:00:47,40.0,45.0,2024-11-30T03:00:47,42.5,,,NOISE,2024-11-30T03:00:47,42.5,,,NOISE,2024-11-30T03:00:47,42.5,,,NOISE,2024-11-30T03:00:47,42.5,,,NOISE
2026-03-04T13:07:57.441088,Map-Energy__sum__linear-conv01179-20241130_060047-20241130_120047-40.000000-45.000000.png,2024-11-30T06:00:47,2024-11-30T12:00:47,40.0,45.0,2024-11-30T09:00:47,42.5,,,NOISE,2024-11-30T09:00:47,42.5,,,NOISE,2024-11-30T09:00:47,42.5,,,NOISE,2024-11-30T09:00:47,42.5,,,NOISE
2026-03-04T13:08:00.544956,Map-Energy__sum__linear-conv01189-20241130_120047-20241130_180047-40.000000-45.000000.png,2024-11-30T12:00:47,2024-11-30T18:00:47,40.0,45.0,2024-11-30T15:00:47,42.5,,,NOISE,2024-11-30T15:00:47,42.5,,,NOISE,2024-11-30T15:00:47,42.5,,,NOISE,2024-11-30T15:00:47,42.5,,,NOISE
2026-03-04T13:08:27.456998,Map-Energy__sum__linear-conv01199-20241130_180047-20241201_000047-40.000000-45.000000.png,2024-11-30T18:00:47,2024-12-01T00:00:47,40.0,45.0,2024-11-30T21:00:47,42.5,,,NOISE,2024-11-30T21:00:47,42.5,,,NOISE,2024-11-30T21:00:47,42.5,,,NOISE,2024-11-30T21:00:47,42.5,,,NOISE
2026-03-04T13:08:30.064881,Map-Energy__sum__linear-conv00010-20241101_000047-20241101_060047-45.000000-49.900000.png,2024-11-01T00:00:47,2024-11-01T06:00:47,45.0,49.9,2024-11-01T03:00:47,47.45,,,NOISE,2024-11-01T03:00:47,47.45,,,NOISE,2024-11-01T03:00:47,47.45,,,NOISE,2024-11-01T03:00:47,47.45,,,NOISE
2026-03-04T13:08:32.841073,Map-Energy__sum__linear-conv00020-20241101_060047-20241101_120047-45.000000-49.900000.png,2024-11-01T06:00:47,2024-11-01T12:00:47,45.0,49.9,2024-11-01T09:00:47,47.45,,,NOISE,2024-11-01T09:00:47,47.45,,,NOISE,2024-11-01T09:00:47,47.45,,,NOISE,2024-11-01T09:00:47,47.45,,,NOISE
2026-03-04T13:08:34.329341,Map-Energy__sum__linear-conv00030-20241101_120047-20241101_180047-45.000000-49.900000.png,2024-11-01T12:00:47,2024-11-01T18:00:47,45.0,49.9,2024-11-01T15:00:47,47.45,,,NOISE,2024-11-01T15:00:47,47.45,,,NOISE,2024-11-01T15:00:47,47.45,,,NOISE,2024-11-01T15:00:47,47.45,,,NOISE
2026-03-04T13:08:35.465360,Map-Energy__sum__linear-conv00040-20241101_180047-20241102_000047-45.000000-49.900000.png,2024-11-01T18:00:47,2024-11-02T00:00:47,45.0,49.9,2024-11-01T21:00:47,47.45,,,NOISE,2024-11-01T21:00:47,47.45,,,NOISE,2024-11-01T21:00:47,47.45,,,NOISE,2024-11-01T21:00:47,47.45,,,NOISE
2026-03-04T13:08:36.721059,Map-Energy__sum__linear-conv00050-20241102_000047-20241102_060047-45.000000-49.900000.png,2024-11-02T00:00:47,2024-11-02T06:00:47,45.0,49.9,2024-11-02T03:00:47,47.45,,,NOISE,2024-11-02T03:00:47,47.45,,,NOISE,2024-11-02T03:00:47,47.45,,,NOISE,2024-11-02T03:00:47,47.45,,,NOISE
2026-03-04T13:08:37.688986,Map-Energy__sum__linear-conv00060-20241102_060047-20241102_120047-45.000000-49.900000.png,2024-11-02T06:00:47,2024-11-02T12:00:47,45.0,49.9,2024-11-02T09:00:47,47.45,,,NOISE,2024-11-02T09:00:47,47.45,,,NOISE,2024-11-02T09:00:47,47.45,,,NOISE,2024-11-02T09:00:47,47.45,,,NOISE
2026-03-04T13:08:38.729172,Map-Energy__sum__linear-conv00070-20241102_120047-20241102_180047-45.000000-49.900000.png,2024-11-02T12:00:47,2024-11-02T18:00:47,45.0,49.9,2024-11-02T15:00:47,47.45,,,NOISE,2024-11-02T15:00:47,47.45,,,NOISE,2024-11-02T15:00:47,47.45,,,NOISE,2024-11-02T15:00:47,47.45,,,NOISE
2026-03-04T13:08:39.609001,Map-Energy__sum__linear-conv00080-20241102_180047-20241103_000047-45.000000-49.900000.png,2024-11-02T18:00:47,2024-11-03T00:00:47,45.0,49.9,2024-11-02T21:00:47,47.45,,,NOISE,2024-11-02T21:00:47,47.45,,,NOISE,2024-11-02T21:00:47,47.45,,,NOISE,2024-11-02T21:00:47,47.45,,,NOISE
2026-03-04T13:08:40.512899,Map-Energy__sum__linear-conv00090-20241103_000047-20241103_060047-45.000000-49.900000.png,2024-11-03T00:00:47,2024-11-03T06:00:47,45.0,49.9,2024-11-03T03:00:47,47.45,,,NOISE,2024-11-03T03:00:47,47.45,,,NOISE,2024-11-03T03:00:47,47.45,,,NOISE,2024-11-03T03:00:47,47.45,,,NOISE
2026-03-04T13:08:41.489365,Map-Energy__sum__linear-conv00100-20241103_060047-20241103_120047-45.000000-49.900000.png,2024-11-03T06:00:47,2024-11-03T12:00:47,45.0,49.9,2024-11-03T09:00:47,47.45,,,NOISE,2024-11-03T09:00:47,47.45,,,NOISE,2024-11-03T09:00:47,47.45,,,NOISE,2024-11-03T09:00:47,47.45,,,NOISE
2026-03-04T13:08:42.449000,Map-Energy__sum__linear-conv00110-20241103_120047-20241103_180047-45.000000-49.900000.png,2024-11-03T12:00:47,2024-11-03T18:00:47,45.0,49.9,2024-11-03T15:00:47,47.45,,,NOISE,2024-11-03T15:00:47,47.45,,,NOISE,2024-11-03T15:00:47,47.45,,,NOISE,2024-11-03T15:00:47,47.45,,,NOISE
2026-03-04T13:08:43.321056,Map-Energy__sum__linear-conv00120-20241103_180047-20241104_000047-45.000000-49.900000.png,2024-11-03T18:00:47,2024-11-04T00:00:47,45.0,49.9,2024-11-03T21:00:47,47.45,,,NOISE,2024-11-03T21:00:47,47.45,,,NOISE,2024-11-03T21:00:47,47.45,,,NOISE,2024-11-03T21:00:47,47.45,,,NOISE
2026-03-04T13:08:44.232976,Map-Energy__sum__linear-conv00130-20241104_000047-20241104_060047-45.000000-49.900000.png,2024-11-04T00:00:47,2024-11-04T06:00:47,45.0,49.9,2024-11-04T03:00:47,47.45,,,NOISE,2024-11-04T03:00:47,47.45,,,NOISE,2024-11-04T03:00:47,47.45,,,NOISE,2024-11-04T03:00:47,47.45,,,NOISE
2026-03-04T13:08:45.144966,Map-Energy__sum__linear-conv00140-20241104_060047-20241104_120047-45.000000-49.900000.png,2024-11-04T06:00:47,2024-11-04T12:00:47,45.0,49.9,2024-11-04T09:00:47,47.45,,,NOISE,2024-11-04T09:00:47,47.45,,,NOISE,2024-11-04T09:00:47,47.45,,,NOISE,2024-11-04T09:00:47,47.45,,,NOISE
2026-03-04T13:08:46.017046,Map-Energy__sum__linear-conv00150-20241104_120047-20241104_180047-45.000000-49.900000.png,2024-11-04T12:00:47,2024-11-04T18:00:47,45.0,49.9,2024-11-04T15:00:47,47.45,,,NOISE,2024-11-04T15:00:47,47.45,,,NOISE,2024-11-04T15:00:47,47.45,,,NOISE,2024-11-04T15:00:47,47.45,,,NOISE
2026-03-04T13:08:46.968986,Map-Energy__sum__linear-conv00160-20241104_180047-20241105_000047-45.000000-49.900000.png,2024-11-04T18:00:47,2024-11-05T00:00:47,45.0,49.9,2024-11-04T21:00:47,47.45,,,NOISE,2024-11-04T21:00:47,47.45,,,NOISE,2024-11-04T21:00:47,47.45,,,NOISE,2024-11-04T21:00:47,47.45,,,NOISE
2026-03-04T13:08:47.896906,Map-Energy__sum__linear-conv00170-20241105_000047-20241105_060047-45.000000-49.900000.png,2024-11-05T00:00:47,2024-11-05T06:00:47,45.0,49.9,2024-11-05T03:00:47,47.45,,,NOISE,2024-11-05T03:00:47,47.45,,,NOISE,2024-11-05T03:00:47,47.45,,,NOISE,2024-11-05T03:00:47,47.45,,,NOISE
2026-03-04T13:08:48.801095,Map-Energy__sum__linear-conv00180-20241105_060047-20241105_120047-45.000000-49.900000.png,2024-11-05T06:00:47,2024-11-05T12:00:47,45.0,49.9,2024-11-05T09:00:47,47.45,,,NOISE,2024-11-05T09:00:47,47.45,,,NOISE,2024-11-05T09:00:47,47.45,,,NOISE,2024-11-05T09:00:47,47.45,,,NOISE
2026-03-04T13:08:49.665037,Map-Energy__sum__linear-conv00190-20241105_120047-20241105_180047-45.000000-49.900000.png,2024-11-05T12:00:47,2024-11-05T18:00:47,45.0,49.9,2024-11-05T15:00:47,47.45,,,NOISE,2024-11-05T15:00:47,47.45,,,NOISE,2024-11-05T15:00:47,47.45,,,NOISE,2024-11-05T15:00:47,47.45,,,NOISE
2026-03-04T13:08:50.537072,Map-Energy__sum__linear-conv00200-20241105_180047-20241106_000047-45.000000-49.900000.png,2024-11-05T18:00:47,2024-11-06T00:00:47,45.0,49.9,2024-11-05T21:00:47,47.45,,,NOISE,2024-11-05T21:00:47,47.45,,,NOISE,2024-11-05T21:00:47,47.45,,,NOISE,2024-11-05T21:00:47,47.45,,,NOISE
2026-03-04T13:08:51.408923,Map-Energy__sum__linear-conv00210-20241106_000047-20241106_060047-45.000000-49.900000.png,2024-11-06T00:00:47,2024-11-06T06:00:47,45.0,49.9,2024-11-06T03:00:47,47.45,,,NOISE,2024-11-06T03:00:47,47.45,,,NOISE,2024-11-06T03:00:47,47.45,,,NOISE,2024-11-06T03:00:47,47.45,,,NOISE
2026-03-04T13:08:52.232999,Map-Energy__sum__linear-conv00220-20241106_060047-20241106_120047-45.000000-49.900000.png,2024-11-06T06:00:47,2024-11-06T12:00:47,45.0,49.9,2024-11-06T09:00:47,47.45,,,NOISE,2024-11-06T09:00:47,47.45,,,NOISE,2024-11-06T09:00:47,47.45,,,NOISE,2024-11-06T09:00:47,47.45,,,NOISE
2026-03-04T13:08:53.161076,Map-Energy__sum__linear-conv00230-20241106_120047-20241106_180047-45.000000-49.900000.png,2024-11-06T12:00:47,2024-11-06T18:00:47,45.0,49.9,2024-11-06T15:00:47,47.45,,,NOISE,2024-11-06T15:00:47,47.45,,,NOISE,2024-11-06T15:00:47,47.45,,,NOISE,2024-11-06T15:00:47,47.45,,,NOISE
2026-03-04T13:08:54.017014,Map-Energy__sum__linear-conv00240-20241106_180047-20241107_000047-45.000000-49.900000.png,2024-11-06T18:00:47,2024-11-07T00:00:47,45.0,49.9,2024-11-06T21:00:47,47.45,,,NOISE,2024-11-06T21:00:47,47.45,,,NOISE,2024-11-06T21:00:47,47.45,,,NOISE,2024-11-06T21:00:47,47.45,,,NOISE
2026-03-04T13:08:54.952709,Map-Energy__sum__linear-conv00250-20241107_000047-20241107_060047-45.000000-49.900000.png,2024-11-07T00:00:47,2024-11-07T06:00:47,45.0,49.9,2024-11-07T03:00:47,47.45,,,NOISE,2024-11-07T03:00:47,47.45,,,NOISE,2024-11-07T03:00:47,47.45,,,NOISE,2024-11-07T03:00:47,47.45,,,NOISE
2026-03-04T13:08:55.864894,Map-Energy__sum__linear-conv00260-20241107_060047-20241107_120047-45.000000-49.900000.png,2024-11-07T06:00:47,2024-11-07T12:00:47,45.0,49.9,2024-11-07T09:00:47,47.45,,,NOISE,2024-11-07T09:00:47,47.45,,,NOISE,2024-11-07T09:00:47,47.45,,,NOISE,2024-11-07T09:00:47,47.45,,,NOISE
2026-03-04T13:08:56.801294,Map-Energy__sum__linear-conv00270-20241107_120047-20241107_180047-45.000000-49.900000.png,2024-11-07T12:00:47,2024-11-07T18:00:47,45.0,49.9,2024-11-07T15:00:47,47.45,,,NOISE,2024-11-07T15:00:47,47.45,,,NOISE,2024-11-07T15:00:47,47.45,,,NOISE,2024-11-07T15:00:47,47.45,,,NOISE
2026-03-04T13:08:57.937031,Map-Energy__sum__linear-conv00280-20241107_180047-20241108_000047-45.000000-49.900000.png,2024-11-07T18:00:47,2024-11-08T00:00:47,45.0,49.9,2024-11-07T21:00:47,47.45,,,NOISE,2024-11-07T21:00:47,47.45,,,NOISE,2024-11-07T21:00:47,47.45,,,NOISE,2024-11-07T21:00:47,47.45,,,NOISE
2026-03-04T13:08:59.736841,Map-Energy__sum__linear-conv00290-20241108_000047-20241108_060047-45.000000-49.900000.png,2024-11-08T00:00:47,2024-11-08T06:00:47,45.0,49.9,2024-11-08T03:00:47,47.45,,,NOISE,2024-11-08T03:00:47,47.45,,,NOISE,2024-11-08T03:00:47,47.45,,,NOISE,2024-11-08T03:00:47,47.45,,,NOISE
2026-03-04T13:09:00.937071,Map-Energy__sum__linear-conv00300-20241108_060047-20241108_120047-45.000000-49.900000.png,2024-11-08T06:00:47,2024-11-08T12:00:47,45.0,49.9,2024-11-08T09:00:47,47.45,,,NOISE,2024-11-08T09:00:47,47.45,,,NOISE,2024-11-08T09:00:47,47.45,,,NOISE,2024-11-08T09:00:47,47.45,,,NOISE
2026-03-04T13:09:01.816830,Map-Energy__sum__linear-conv00310-20241108_120047-20241108_180047-45.000000-49.900000.png,2024-11-08T12:00:47,2024-11-08T18:00:47,45.0,49.9,2024-11-08T15:00:47,47.45,,,NOISE,2024-11-08T15:00:47,47.45,,,NOISE,2024-11-08T15:00:47,47.45,,,NOISE,2024-11-08T15:00:47,47.45,,,NOISE
2026-03-04T13:09:06.832900,Map-Energy__sum__linear-conv00320-20241108_180047-20241109_000047-45.000000-49.900000.png,2024-11-08T18:00:47,2024-11-09T00:00:47,45.0,49.9,2024-11-08T21:00:47,47.45,,,NOISE,2024-11-08T21:00:47,47.45,,,NOISE,2024-11-08T21:00:47,47.45,,,NOISE,2024-11-08T21:00:47,47.45,,,NOISE
2026-03-04T13:09:07.904909,Map-Energy__sum__linear-conv00330-20241109_000047-20241109_060047-45.000000-49.900000.png,2024-11-09T00:00:47,2024-11-09T06:00:47,45.0,49.9,2024-11-09T03:00:47,47.45,,,NOISE,2024-11-09T03:00:47,47.45,,,NOISE,2024-11-09T03:00:47,47.45,,,NOISE,2024-11-09T03:00:47,47.45,,,NOISE
2026-03-04T13:09:09.273520,Map-Energy__sum__linear-conv00340-20241109_060047-20241109_120047-45.000000-49.900000.png,2024-11-09T06:00:47,2024-11-09T12:00:47,45.0,49.9,2024-11-09T09:00:47,47.45,,,NOISE,2024-11-09T09:00:47,47.45,,,NOISE,2024-11-09T09:00:47,47.45,,,NOISE,2024-11-09T09:00:47,47.45,,,NOISE
2026-03-04T13:09:10.560855,Map-Energy__sum__linear-conv00350-20241109_120047-20241109_180047-45.000000-49.900000.png,2024-11-09T12:00:47,2024-11-09T18:00:47,45.0,49.9,2024-11-09T15:00:47,47.45,,,NOISE,2024-11-09T15:00:47,47.45,,,NOISE,2024-11-09T15:00:47,47.45,,,NOISE,2024-11-09T15:00:47,47.45,,,NOISE
2026-03-04T13:09:12.360979,Map-Energy__sum__linear-conv00360-20241109_180047-20241110_000047-45.000000-49.900000.png,2024-11-09T18:00:47,2024-11-10T00:00:47,45.0,49.9,2024-11-09T21:00:47,47.45,,,NOISE,2024-11-09T21:00:47,47.45,,,NOISE,2024-11-09T21:00:47,47.45,,,NOISE,2024-11-09T21:00:47,47.45,,,NOISE
2026-03-04T13:09:13.704909,Map-Energy__sum__linear-conv00370-20241110_000047-20241110_060047-45.000000-49.900000.png,2024-11-10T00:00:47,2024-11-10T06:00:47,45.0,49.9,2024-11-10T03:00:47,47.45,,,NOISE,2024-11-10T03:00:47,47.45,,,NOISE,2024-11-10T03:00:47,47.45,,,NOISE,2024-11-10T03:00:47,47.45,,,NOISE
2026-03-04T13:09:15.664790,Map-Energy__sum__linear-conv00380-20241110_060047-20241110_120047-45.000000-49.900000.png,2024-11-10T06:00:47,2024-11-10T12:00:47,45.0,49.9,2024-11-10T09:00:47,47.45,,,NOISE,2024-11-10T09:00:47,47.45,,,NOISE,2024-11-10T09:00:47,47.45,,,NOISE,2024-11-10T09:00:47,47.45,,,NOISE
2026-03-04T13:09:16.800842,Map-Energy__sum__linear-conv00390-20241110_120047-20241110_180047-45.000000-49.900000.png,2024-11-10T12:00:47,2024-11-10T18:00:47,45.0,49.9,2024-11-10T15:00:47,47.45,,,NOISE,2024-11-10T15:00:47,47.45,,,NOISE,2024-11-10T15:00:47,47.45,,,NOISE,2024-11-10T15:00:47,47.45,,,NOISE
2026-03-04T13:09:18.224798,Map-Energy__sum__linear-conv00400-20241110_180047-20241111_000047-45.000000-49.900000.png,2024-11-10T18:00:47,2024-11-11T00:00:47,45.0,49.9,2024-11-10T21:00:47,47.45,,,NOISE,2024-11-10T21:00:47,47.45,,,NOISE,2024-11-10T21:00:47,47.45,,,NOISE,2024-11-10T21:00:47,47.45,,,NOISE
2026-03-04T13:09:19.568899,Map-Energy__sum__linear-conv00410-20241111_000047-20241111_060047-45.000000-49.900000.png,2024-11-11T00:00:47,2024-11-11T06:00:47,45.0,49.9,2024-11-11T03:00:47,47.45,,,NOISE,2024-11-11T03:00:47,47.45,,,NOISE,2024-11-11T03:00:47,47.45,,,NOISE,2024-11-11T03:00:47,47.45,,,NOISE
2026-03-04T13:09:43.320901,Map-Energy__sum__linear-conv00420-20241111_060047-20241111_120047-45.000000-49.900000.png,2024-11-11T06:00:47,2024-11-11T12:00:47,45.0,49.9,2024-11-11T07:02:52,48.517688,,,SEISMIC,2024-11-11T08:32:29,48.441424,,,SEISMIC,2024-11-11T09:29:23,48.433798,,,SEISMIC,2024-11-11T09:00:47,47.45,,,NOISE
2026-03-04T13:09:47.520780,Map-Energy__sum__linear-conv00430-20241111_120047-20241111_180047-45.000000-49.900000.png,2024-11-11T12:00:47,2024-11-11T18:00:47,45.0,49.9,2024-11-11T15:00:47,47.45,,,NOISE,2024-11-11T15:00:47,47.45,,,NOISE,2024-11-11T15:00:47,47.45,,,NOISE,2024-11-11T15:00:47,47.45,,,NOISE
2026-03-04T13:09:48.944796,Map-Energy__sum__linear-conv00440-20241111_180047-20241112_000047-45.000000-49.900000.png,2024-11-11T18:00:47,2024-11-12T00:00:47,45.0,49.9,2024-11-11T21:00:47,47.45,,,NOISE,2024-11-11T21:00:47,47.45,,,NOISE,2024-11-11T21:00:47,47.45,,,NOISE,2024-11-11T21:00:47,47.45,,,NOISE
2026-03-04T13:09:50.168836,Map-Energy__sum__linear-conv00450-20241112_000047-20241112_060047-45.000000-49.900000.png,2024-11-12T00:00:47,2024-11-12T06:00:47,45.0,49.9,2024-11-12T03:00:47,47.45,,,NOISE,2024-11-12T03:00:47,47.45,,,NOISE,2024-11-12T03:00:47,47.45,,,NOISE,2024-11-12T03:00:47,47.45,,,NOISE
2026-03-04T13:09:52.192993,Map-Energy__sum__linear-conv00460-20241112_060047-20241112_120047-45.000000-49.900000.png,2024-11-12T06:00:47,2024-11-12T12:00:47,45.0,49.9,2024-11-12T09:00:47,47.45,,,NOISE,2024-11-12T09:00:47,47.45,,,NOISE,2024-11-12T09:00:47,47.45,,,NOISE,2024-11-12T09:00:47,47.45,,,NOISE
2026-03-04T13:09:54.016958,Map-Energy__sum__linear-conv00470-20241112_120047-20241112_180047-45.000000-49.900000.png,2024-11-12T12:00:47,2024-11-12T18:00:47,45.0,49.9,2024-11-12T15:00:47,47.45,,,NOISE,2024-11-12T15:00:47,47.45,,,NOISE,2024-11-12T15:00:47,47.45,,,NOISE,2024-11-12T15:00:47,47.45,,,NOISE
2026-03-04T13:09:55.329113,Map-Energy__sum__linear-conv00480-20241112_180047-20241113_000047-45.000000-49.900000.png,2024-11-12T18:00:47,2024-11-13T00:00:47,45.0,49.9,2024-11-12T21:00:47,47.45,,,NOISE,2024-11-12T21:00:47,47.45,,,NOISE,2024-11-12T21:00:47,47.45,,,NOISE,2024-11-12T21:00:47,47.45,,,NOISE
2026-03-04T13:09:56.336952,Map-Energy__sum__linear-conv00490-20241113_000047-20241113_060047-45.000000-49.900000.png,2024-11-13T00:00:47,2024-11-13T06:00:47,45.0,49.9,2024-11-13T03:00:47,47.45,,,NOISE,2024-11-13T03:00:47,47.45,,,NOISE,2024-11-13T03:00:47,47.45,,,NOISE,2024-11-13T03:00:47,47.45,,,NOISE
2026-03-04T13:09:57.680919,Map-Energy__sum__linear-conv00500-20241113_060047-20241113_120047-45.000000-49.900000.png,2024-11-13T06:00:47,2024-11-13T12:00:47,45.0,49.9,2024-11-13T09:00:47,47.45,,,NOISE,2024-11-13T09:00:47,47.45,,,NOISE,2024-11-13T09:00:47,47.45,,,NOISE,2024-11-13T09:00:47,47.45,,,NOISE
2026-03-04T13:09:58.720837,Map-Energy__sum__linear-conv00510-20241113_120047-20241113_180047-45.000000-49.900000.png,2024-11-13T12:00:47,2024-11-13T18:00:47,45.0,49.9,2024-11-13T15:00:47,47.45,,,NOISE,2024-11-13T15:00:47,47.45,,,NOISE,2024-11-13T15:00:47,47.45,,,NOISE,2024-11-13T15:00:47,47.45,,,NOISE
2026-03-04T13:09:59.729012,Map-Energy__sum__linear-conv00520-20241113_180047-20241114_000047-45.000000-49.900000.png,2024-11-13T18:00:47,2024-11-14T00:00:47,45.0,49.9,2024-11-13T21:00:47,47.45,,,NOISE,2024-11-13T21:00:47,47.45,,,NOISE,2024-11-13T21:00:47,47.45,,,NOISE,2024-11-13T21:00:47,47.45,,,NOISE
2026-03-04T13:10:00.665033,Map-Energy__sum__linear-conv00530-20241114_000047-20241114_060047-45.000000-49.900000.png,2024-11-14T00:00:47,2024-11-14T06:00:47,45.0,49.9,2024-11-14T03:00:47,47.45,,,NOISE,2024-11-14T03:00:47,47.45,,,NOISE,2024-11-14T03:00:47,47.45,,,NOISE,2024-11-14T03:00:47,47.45,,,NOISE
2026-03-04T13:10:01.704877,Map-Energy__sum__linear-conv00540-20241114_060047-20241114_120047-45.000000-49.900000.png,2024-11-14T06:00:47,2024-11-14T12:00:47,45.0,49.9,2024-11-14T09:00:47,47.45,,,NOISE,2024-11-14T09:00:47,47.45,,,NOISE,2024-11-14T09:00:47,47.45,,,NOISE,2024-11-14T09:00:47,47.45,,,NOISE
2026-03-04T13:10:05.392910,Map-Energy__sum__linear-conv00550-20241114_120047-20241114_180047-45.000000-49.900000.png,2024-11-14T12:00:47,2024-11-14T18:00:47,45.0,49.9,2024-11-14T15:00:47,47.45,,,NOISE,2024-11-14T15:00:47,47.45,,,NOISE,2024-11-14T15:00:47,47.45,,,NOISE,2024-11-14T15:00:47,47.45,,,NOISE
2026-03-04T13:10:06.449244,Map-Energy__sum__linear-conv00560-20241114_180047-20241115_000047-45.000000-49.900000.png,2024-11-14T18:00:47,2024-11-15T00:00:47,45.0,49.9,2024-11-14T21:00:47,47.45,,,NOISE,2024-11-14T21:00:47,47.45,,,NOISE,2024-11-14T21:00:47,47.45,,,NOISE,2024-11-14T21:00:47,47.45,,,NOISE
2026-03-04T13:10:07.768808,Map-Energy__sum__linear-conv00570-20241115_000047-20241115_060047-45.000000-49.900000.png,2024-11-15T00:00:47,2024-11-15T06:00:47,45.0,49.9,2024-11-15T03:00:47,47.45,,,NOISE,2024-11-15T03:00:47,47.45,,,NOISE,2024-11-15T03:00:47,47.45,,,NOISE,2024-11-15T03:00:47,47.45,,,NOISE
2026-03-04T13:10:08.849033,Map-Energy__sum__linear-conv00580-20241115_060047-20241115_120047-45.000000-49.900000.png,2024-11-15T06:00:47,2024-11-15T12:00:47,45.0,49.9,2024-11-15T09:00:47,47.45,,,NOISE,2024-11-15T09:00:47,47.45,,,NOISE,2024-11-15T09:00:47,47.45,,,NOISE,2024-11-15T09:00:47,47.45,,,NOISE
2026-03-04T13:10:10.401020,Map-Energy__sum__linear-conv00590-20241115_120047-20241115_180047-45.000000-49.900000.png,2024-11-15T12:00:47,2024-11-15T18:00:47,45.0,49.9,2024-11-15T15:00:47,47.45,,,NOISE,2024-11-15T15:00:47,47.45,,,NOISE,2024-11-15T15:00:47,47.45,,,NOISE,2024-11-15T15:00:47,47.45,,,NOISE
2026-03-04T13:10:11.529010,Map-Energy__sum__linear-conv00600-20241115_180047-20241116_000047-45.000000-49.900000.png,2024-11-15T18:00:47,2024-11-16T00:00:47,45.0,49.9,2024-11-15T21:00:47,47.45,,,NOISE,2024-11-15T21:00:47,47.45,,,NOISE,2024-11-15T21:00:47,47.45,,,NOISE,2024-11-15T21:00:47,47.45,,,NOISE
2026-03-04T13:10:12.456829,Map-Energy__sum__linear-conv00610-20241116_000047-20241116_060047-45.000000-49.900000.png,2024-11-16T00:00:47,2024-11-16T06:00:47,45.0,49.9,2024-11-16T03:00:47,47.45,,,NOISE,2024-11-16T03:00:47,47.45,,,NOISE,2024-11-16T03:00:47,47.45,,,NOISE,2024-11-16T03:00:47,47.45,,,NOISE
2026-03-04T13:10:13.360902,Map-Energy__sum__linear-conv00620-20241116_060047-20241116_120047-45.000000-49.900000.png,2024-11-16T06:00:47,2024-11-16T12:00:47,45.0,49.9,2024-11-16T09:00:47,47.45,,,NOISE,2024-11-16T09:00:47,47.45,,,NOISE,2024-11-16T09:00:47,47.45,,,NOISE,2024-11-16T09:00:47,47.45,,,NOISE
2026-03-04T13:10:14.313154,Map-Energy__sum__linear-conv00630-20241116_120047-20241116_180047-45.000000-49.900000.png,2024-11-16T12:00:47,2024-11-16T18:00:47,45.0,49.9,2024-11-16T15:00:47,47.45,,,NOISE,2024-11-16T15:00:47,47.45,,,NOISE,2024-11-16T15:00:47,47.45,,,NOISE,2024-11-16T15:00:47,47.45,,,NOISE
2026-03-04T13:10:15.264782,Map-Energy__sum__linear-conv00640-20241116_180047-20241117_000047-45.000000-49.900000.png,2024-11-16T18:00:47,2024-11-17T00:00:47,45.0,49.9,2024-11-16T21:00:47,47.45,,,NOISE,2024-11-16T21:00:47,47.45,,,NOISE,2024-11-16T21:00:47,47.45,,,NOISE,2024-11-16T21:00:47,47.45,,,NOISE
2026-03-04T13:10:16.368859,Map-Energy__sum__linear-conv00650-20241117_000047-20241117_060047-45.000000-49.900000.png,2024-11-17T00:00:47,2024-11-17T06:00:47,45.0,49.9,2024-11-17T03:00:47,47.45,,,NOISE,2024-11-17T03:00:47,47.45,,,NOISE,2024-11-17T03:00:47,47.45,,,NOISE,2024-11-17T03:00:47,47.45,,,NOISE
2026-03-04T13:10:17.432815,Map-Energy__sum__linear-conv00660-20241117_060047-20241117_120047-45.000000-49.900000.png,2024-11-17T06:00:47,2024-11-17T12:00:47,45.0,49.9,2024-11-17T09:00:47,47.45,,,NOISE,2024-11-17T09:00:47,47.45,,,NOISE,2024-11-17T09:00:47,47.45,,,NOISE,2024-11-17T09:00:47,47.45,,,NOISE
2026-03-04T13:10:18.568852,Map-Energy__sum__linear-conv00670-20241117_120047-20241117_180047-45.000000-49.900000.png,2024-11-17T12:00:47,2024-11-17T18:00:47,45.0,49.9,2024-11-17T15:00:47,47.45,,,NOISE,2024-11-17T15:00:47,47.45,,,NOISE,2024-11-17T15:00:47,47.45,,,NOISE,2024-11-17T15:00:47,47.45,,,NOISE
2026-03-04T13:10:19.673007,Map-Energy__sum__linear-conv00680-20241117_180047-20241118_000047-45.000000-49.900000.png,2024-11-17T18:00:47,2024-11-18T00:00:47,45.0,49.9,2024-11-17T21:00:47,47.45,,,NOISE,2024-11-17T21:00:47,47.45,,,NOISE,2024-11-17T21:00:47,47.45,,,NOISE,2024-11-17T21:00:47,47.45,,,NOISE
2026-03-04T13:10:23.513172,Map-Energy__sum__linear-conv00690-20241118_000047-20241118_060047-45.000000-49.900000.png,2024-11-18T00:00:47,2024-11-18T06:00:47,45.0,49.9,2024-11-18T03:00:47,47.45,,,NOISE,2024-11-18T03:00:47,47.45,,,NOISE,2024-11-18T03:00:47,47.45,,,NOISE,2024-11-18T03:00:47,47.45,,,NOISE
2026-03-04T13:10:26.464919,Map-Energy__sum__linear-conv00700-20241118_060047-20241118_120047-45.000000-49.900000.png,2024-11-18T06:00:47,2024-11-18T12:00:47,45.0,49.9,2024-11-18T09:00:47,47.45,,,NOISE,2024-11-18T09:00:47,47.45,,,NOISE,2024-11-18T09:00:47,47.45,,,NOISE,2024-11-18T09:00:47,47.45,,,NOISE
2026-03-04T13:10:27.840897,Map-Energy__sum__linear-conv00710-20241118_120047-20241118_180047-45.000000-49.900000.png,2024-11-18T12:00:47,2024-11-18T18:00:47,45.0,49.9,2024-11-18T15:00:47,47.45,,,NOISE,2024-11-18T15:00:47,47.45,,,NOISE,2024-11-18T15:00:47,47.45,,,NOISE,2024-11-18T15:00:47,47.45,,,NOISE
2026-03-04T13:10:28.841112,Map-Energy__sum__linear-conv00720-20241118_180047-20241119_000047-45.000000-49.900000.png,2024-11-18T18:00:47,2024-11-19T00:00:47,45.0,49.9,2024-11-18T21:00:47,47.45,,,NOISE,2024-11-18T21:00:47,47.45,,,NOISE,2024-11-18T21:00:47,47.45,,,NOISE,2024-11-18T21:00:47,47.45,,,NOISE
2026-03-04T13:10:29.784754,Map-Energy__sum__linear-conv00730-20241119_000047-20241119_060047-45.000000-49.900000.png,2024-11-19T00:00:47,2024-11-19T06:00:47,45.0,49.9,2024-11-19T03:00:47,47.45,,,NOISE,2024-11-19T03:00:47,47.45,,,NOISE,2024-11-19T03:00:47,47.45,,,NOISE,2024-11-19T03:00:47,47.45,,,NOISE
2026-03-04T13:10:30.880971,Map-Energy__sum__linear-conv00740-20241119_060047-20241119_120047-45.000000-49.900000.png,2024-11-19T06:00:47,2024-11-19T12:00:47,45.0,49.9,2024-11-19T09:00:47,47.45,,,NOISE,2024-11-19T09:00:47,47.45,,,NOISE,2024-11-19T09:00:47,47.45,,,NOISE,2024-11-19T09:00:47,47.45,,,NOISE
2026-03-04T13:10:32.752974,Map-Energy__sum__linear-conv00750-20241119_120047-20241119_180047-45.000000-49.900000.png,2024-11-19T12:00:47,2024-11-19T18:00:47,45.0,49.9,2024-11-19T15:00:47,47.45,,,NOISE,2024-11-19T15:00:47,47.45,,,NOISE,2024-11-19T15:00:47,47.45,,,NOISE,2024-11-19T15:00:47,47.45,,,NOISE
2026-03-04T13:10:33.728744,Map-Energy__sum__linear-conv00760-20241119_180047-20241120_000047-45.000000-49.900000.png,2024-11-19T18:00:47,2024-11-20T00:00:47,45.0,49.9,2024-11-19T21:00:47,47.45,,,NOISE,2024-11-19T21:00:47,47.45,,,NOISE,2024-11-19T21:00:47,47.45,,,NOISE,2024-11-19T21:00:47,47.45,,,NOISE
2026-03-04T13:10:34.632754,Map-Energy__sum__linear-conv00770-20241120_000047-20241120_060047-45.000000-49.900000.png,2024-11-20T00:00:47,2024-11-20T06:00:47,45.0,49.9,2024-11-20T03:00:47,47.45,,,NOISE,2024-11-20T03:00:47,47.45,,,NOISE,2024-11-20T03:00:47,47.45,,,NOISE,2024-11-20T03:00:47,47.45,,,NOISE
2026-03-04T13:10:35.464972,Map-Energy__sum__linear-conv00780-20241120_060047-20241120_120047-45.000000-49.900000.png,2024-11-20T06:00:47,2024-11-20T12:00:47,45.0,49.9,2024-11-20T09:00:47,47.45,,,NOISE,2024-11-20T09:00:47,47.45,,,NOISE,2024-11-20T09:00:47,47.45,,,NOISE,2024-11-20T09:00:47,47.45,,,NOISE
2026-03-04T13:10:36.712939,Map-Energy__sum__linear-conv00790-20241120_120047-20241120_180047-45.000000-49.900000.png,2024-11-20T12:00:47,2024-11-20T18:00:47,45.0,49.9,2024-11-20T15:00:47,47.45,,,NOISE,2024-11-20T15:00:47,47.45,,,NOISE,2024-11-20T15:00:47,47.45,,,NOISE,2024-11-20T15:00:47,47.45,,,NOISE
2026-03-04T13:10:37.817028,Map-Energy__sum__linear-conv00800-20241120_180047-20241121_000047-45.000000-49.900000.png,2024-11-20T18:00:47,2024-11-21T00:00:47,45.0,49.9,2024-11-20T21:00:47,47.45,,,NOISE,2024-11-20T21:00:47,47.45,,,NOISE,2024-11-20T21:00:47,47.45,,,NOISE,2024-11-20T21:00:47,47.45,,,NOISE
2026-03-04T13:10:38.888858,Map-Energy__sum__linear-conv00810-20241121_000047-20241121_060047-45.000000-49.900000.png,2024-11-21T00:00:47,2024-11-21T06:00:47,45.0,49.9,2024-11-21T03:00:47,47.45,,,NOISE,2024-11-21T03:00:47,47.45,,,NOISE,2024-11-21T03:00:47,47.45,,,NOISE,2024-11-21T03:00:47,47.45,,,NOISE
2026-03-04T13:10:39.753117,Map-Energy__sum__linear-conv00820-20241121_060047-20241121_120047-45.000000-49.900000.png,2024-11-21T06:00:47,2024-11-21T12:00:47,45.0,49.9,2024-11-21T09:00:47,47.45,,,NOISE,2024-11-21T09:00:47,47.45,,,NOISE,2024-11-21T09:00:47,47.45,,,NOISE,2024-11-21T09:00:47,47.45,,,NOISE
2026-03-04T13:10:40.704792,Map-Energy__sum__linear-conv00830-20241121_120047-20241121_180047-45.000000-49.900000.png,2024-11-21T12:00:47,2024-11-21T18:00:47,45.0,49.9,2024-11-21T15:00:47,47.45,,,NOISE,2024-11-21T15:00:47,47.45,,,NOISE,2024-11-21T15:00:47,47.45,,,NOISE,2024-11-21T15:00:47,47.45,,,NOISE
2026-03-04T13:10:41.649027,Map-Energy__sum__linear-conv00840-20241121_180047-20241122_000047-45.000000-49.900000.png,2024-11-21T18:00:47,2024-11-22T00:00:47,45.0,49.9,2024-11-21T21:00:47,47.45,,,NOISE,2024-11-21T21:00:47,47.45,,,NOISE,2024-11-21T21:00:47,47.45,,,NOISE,2024-11-21T21:00:47,47.45,,,NOISE
2026-03-04T13:10:43.512958,Map-Energy__sum__linear-conv00850-20241122_000047-20241122_060047-45.000000-49.900000.png,2024-11-22T00:00:47,2024-11-22T06:00:47,45.0,49.9,2024-11-22T03:00:47,47.45,,,NOISE,2024-11-22T03:00:47,47.45,,,NOISE,2024-11-22T03:00:47,47.45,,,NOISE,2024-11-22T03:00:47,47.45,,,NOISE
2026-03-04T13:10:44.864888,Map-Energy__sum__linear-conv00860-20241122_060047-20241122_120047-45.000000-49.900000.png,2024-11-22T06:00:47,2024-11-22T12:00:47,45.0,49.9,2024-11-22T09:00:47,47.45,,,NOISE,2024-11-22T09:00:47,47.45,,,NOISE,2024-11-22T09:00:47,47.45,,,NOISE,2024-11-22T09:00:47,47.45,,,NOISE
2026-03-04T13:10:46.248774,Map-Energy__sum__linear-conv00870-20241122_120047-20241122_180047-45.000000-49.900000.png,2024-11-22T12:00:47,2024-11-22T18:00:47,45.0,49.9,2024-11-22T15:00:47,47.45,,,NOISE,2024-11-22T15:00:47,47.45,,,NOISE,2024-11-22T15:00:47,47.45,,,NOISE,2024-11-22T15:00:47,47.45,,,NOISE
2026-03-04T13:10:47.264890,Map-Energy__sum__linear-conv00880-20241122_180047-20241123_000047-45.000000-49.900000.png,2024-11-22T18:00:47,2024-11-23T00:00:47,45.0,49.9,2024-11-22T21:00:47,47.45,,,NOISE,2024-11-22T21:00:47,47.45,,,NOISE,2024-11-22T21:00:47,47.45,,,NOISE,2024-11-22T21:00:47,47.45,,,NOISE
2026-03-04T13:10:48.464704,Map-Energy__sum__linear-conv00890-20241123_000047-20241123_060047-45.000000-49.900000.png,2024-11-23T00:00:47,2024-11-23T06:00:47,45.0,49.9,2024-11-23T03:00:47,47.45,,,NOISE,2024-11-23T03:00:47,47.45,,,NOISE,2024-11-23T03:00:47,47.45,,,NOISE,2024-11-23T03:00:47,47.45,,,NOISE
2026-03-04T13:10:49.513052,Map-Energy__sum__linear-conv00900-20241123_060047-20241123_120047-45.000000-49.900000.png,2024-11-23T06:00:47,2024-11-23T12:00:47,45.0,49.9,2024-11-23T09:00:47,47.45,,,NOISE,2024-11-23T09:00:47,47.45,,,NOISE,2024-11-23T09:00:47,47.45,,,NOISE,2024-11-23T09:00:47,47.45,,,NOISE
2026-03-04T13:10:50.528962,Map-Energy__sum__linear-conv00910-20241123_120047-20241123_180047-45.000000-49.900000.png,2024-11-23T12:00:47,2024-11-23T18:00:47,45.0,49.9,2024-11-23T15:00:47,47.45,,,NOISE,2024-11-23T15:00:47,47.45,,,NOISE,2024-11-23T15:00:47,47.45,,,NOISE,2024-11-23T15:00:47,47.45,,,NOISE
2026-03-04T13:10:51.752890,Map-Energy__sum__linear-conv00920-20241123_180047-20241124_000047-45.000000-49.900000.png,2024-11-23T18:00:47,2024-11-24T00:00:47,45.0,49.9,2024-11-23T21:00:47,47.45,,,NOISE,2024-11-23T21:00:47,47.45,,,NOISE,2024-11-23T21:00:47,47.45,,,NOISE,2024-11-23T21:00:47,47.45,,,NOISE
2026-03-04T13:10:53.040915,Map-Energy__sum__linear-conv00930-20241124_000047-20241124_060047-45.000000-49.900000.png,2024-11-24T00:00:47,2024-11-24T06:00:47,45.0,49.9,2024-11-24T03:00:47,47.45,,,NOISE,2024-11-24T03:00:47,47.45,,,NOISE,2024-11-24T03:00:47,47.45,,,NOISE,2024-11-24T03:00:47,47.45,,,NOISE
2026-03-04T13:10:53.952902,Map-Energy__sum__linear-conv00940-20241124_060047-20241124_120047-45.000000-49.900000.png,2024-11-24T06:00:47,2024-11-24T12:00:47,45.0,49.9,2024-11-24T09:00:47,47.45,,,NOISE,2024-11-24T09:00:47,47.45,,,NOISE,2024-11-24T09:00:47,47.45,,,NOISE,2024-11-24T09:00:47,47.45,,,NOISE
2026-03-04T13:10:55.152675,Map-Energy__sum__linear-conv00950-20241124_120047-20241124_180047-45.000000-49.900000.png,2024-11-24T12:00:47,2024-11-24T18:00:47,45.0,49.9,2024-11-24T15:00:47,47.45,,,NOISE,2024-11-24T15:00:47,47.45,,,NOISE,2024-11-24T15:00:47,47.45,,,NOISE,2024-11-24T15:00:47,47.45,,,NOISE
2026-03-04T13:10:56.360797,Map-Energy__sum__linear-conv00960-20241124_180047-20241125_000047-45.000000-49.900000.png,2024-11-24T18:00:47,2024-11-25T00:00:47,45.0,49.9,2024-11-24T21:00:47,47.45,,,NOISE,2024-11-24T21:00:47,47.45,,,NOISE,2024-11-24T21:00:47,47.45,,,NOISE,2024-11-24T21:00:47,47.45,,,NOISE
2026-03-04T13:10:58.144911,Map-Energy__sum__linear-conv00970-20241125_000047-20241125_060047-45.000000-49.900000.png,2024-11-25T00:00:47,2024-11-25T06:00:47,45.0,49.9,2024-11-25T03:00:47,47.45,,,NOISE,2024-11-25T03:00:47,47.45,,,NOISE,2024-11-25T03:00:47,47.45,,,NOISE,2024-11-25T03:00:47,47.45,,,NOISE
2026-03-04T13:10:59.272876,Map-Energy__sum__linear-conv00980-20241125_060047-20241125_120047-45.000000-49.900000.png,2024-11-25T06:00:47,2024-11-25T12:00:47,45.0,49.9,2024-11-25T09:00:47,47.45,,,NOISE,2024-11-25T09:00:47,47.45,,,NOISE,2024-11-25T09:00:47,47.45,,,NOISE,2024-11-25T09:00:47,47.45,,,NOISE
2026-03-04T13:11:00.256634,Map-Energy__sum__linear-conv00990-20241125_120047-20241125_180047-45.000000-49.900000.png,2024-11-25T12:00:47,2024-11-25T18:00:47,45.0,49.9,2024-11-25T15:00:47,47.45,,,NOISE,2024-11-25T15:00:47,47.45,,,NOISE,2024-11-25T15:00:47,47.45,,,NOISE,2024-11-25T15:00:47,47.45,,,NOISE
2026-03-04T13:11:01.248629,Map-Energy__sum__linear-conv01000-20241125_180047-20241126_000047-45.000000-49.900000.png,2024-11-25T18:00:47,2024-11-26T00:00:47,45.0,49.9,2024-11-25T21:00:47,47.45,,,NOISE,2024-11-25T21:00:47,47.45,,,NOISE,2024-11-25T21:00:47,47.45,,,NOISE,2024-11-25T21:00:47,47.45,,,NOISE
2026-03-04T13:11:02.288820,Map-Energy__sum__linear-conv01010-20241126_000047-20241126_060047-45.000000-49.900000.png,2024-11-26T00:00:47,2024-11-26T06:00:47,45.0,49.9,2024-11-26T03:00:47,47.45,,,NOISE,2024-11-26T03:00:47,47.45,,,NOISE,2024-11-26T03:00:47,47.45,,,NOISE,2024-11-26T03:00:47,47.45,,,NOISE
2026-03-04T13:11:03.296803,Map-Energy__sum__linear-conv01020-20241126_060047-20241126_120047-45.000000-49.900000.png,2024-11-26T06:00:47,2024-11-26T12:00:47,45.0,49.9,2024-11-26T09:00:47,47.45,,,NOISE,2024-11-26T09:00:47,47.45,,,NOISE,2024-11-26T09:00:47,47.45,,,NOISE,2024-11-26T09:00:47,47.45,,,NOISE
2026-03-04T13:11:04.336914,Map-Energy__sum__linear-conv01030-20241126_120047-20241126_180047-45.000000-49.900000.png,2024-11-26T12:00:47,2024-11-26T18:00:47,45.0,49.9,2024-11-26T15:00:47,47.45,,,NOISE,2024-11-26T15:00:47,47.45,,,NOISE,2024-11-26T15:00:47,47.45,,,NOISE,2024-11-26T15:00:47,47.45,,,NOISE
2026-03-04T13:11:05.336692,Map-Energy__sum__linear-conv01040-20241126_180047-20241127_000047-45.000000-49.900000.png,2024-11-26T18:00:47,2024-11-27T00:00:47,45.0,49.9,2024-11-26T21:00:47,47.45,,,NOISE,2024-11-26T21:00:47,47.45,,,NOISE,2024-11-26T21:00:47,47.45,,,NOISE,2024-11-26T21:00:47,47.45,,,NOISE
2026-03-04T13:11:06.392743,Map-Energy__sum__linear-conv01050-20241127_000047-20241127_060047-45.000000-49.900000.png,2024-11-27T00:00:47,2024-11-27T06:00:47,45.0,49.9,2024-11-27T03:00:47,47.45,,,NOISE,2024-11-27T03:00:47,47.45,,,NOISE,2024-11-27T03:00:47,47.45,,,NOISE,2024-11-27T03:00:47,47.45,,,NOISE
2026-03-04T13:11:07.408660,Map-Energy__sum__linear-conv01060-20241127_060047-20241127_120047-45.000000-49.900000.png,2024-11-27T06:00:47,2024-11-27T12:00:47,45.0,49.9,2024-11-27T09:00:47,47.45,,,NOISE,2024-11-27T09:00:47,47.45,,,NOISE,2024-11-27T09:00:47,47.45,,,NOISE,2024-11-27T09:00:47,47.45,,,NOISE
2026-03-04T13:11:08.384732,Map-Energy__sum__linear-conv01070-20241127_120047-20241127_180047-45.000000-49.900000.png,2024-11-27T12:00:47,2024-11-27T18:00:47,45.0,49.9,2024-11-27T15:00:47,47.45,,,NOISE,2024-11-27T15:00:47,47.45,,,NOISE,2024-11-27T15:00:47,47.45,,,NOISE,2024-11-27T15:00:47,47.45,,,NOISE
2026-03-04T13:11:09.416828,Map-Energy__sum__linear-conv01080-20241127_180047-20241128_000047-45.000000-49.900000.png,2024-11-27T18:00:47,2024-11-28T00:00:47,45.0,49.9,2024-11-27T21:00:47,47.45,,,NOISE,2024-11-27T21:00:47,47.45,,,NOISE,2024-11-27T21:00:47,47.45,,,NOISE,2024-11-27T21:00:47,47.45,,,NOISE
2026-03-04T13:11:10.752866,Map-Energy__sum__linear-conv01090-20241128_000047-20241128_060047-45.000000-49.900000.png,2024-11-28T00:00:47,2024-11-28T06:00:47,45.0,49.9,2024-11-28T03:00:47,47.45,,,NOISE,2024-11-28T03:00:47,47.45,,,NOISE,2024-11-28T03:00:47,47.45,,,NOISE,2024-11-28T03:00:47,47.45,,,NOISE
2026-03-04T13:11:12.280934,Map-Energy__sum__linear-conv01100-20241128_060047-20241128_120047-45.000000-49.900000.png,2024-11-28T06:00:47,2024-11-28T12:00:47,45.0,49.9,2024-11-28T09:00:47,47.45,,,NOISE,2024-11-28T09:00:47,47.45,,,NOISE,2024-11-28T09:00:47,47.45,,,NOISE,2024-11-28T09:00:47,47.45,,,NOISE
2026-03-04T13:11:13.168772,Map-Energy__sum__linear-conv01110-20241128_120047-20241128_180047-45.000000-49.900000.png,2024-11-28T12:00:47,2024-11-28T18:00:47,45.0,49.9,2024-11-28T15:00:47,47.45,,,NOISE,2024-11-28T15:00:47,47.45,,,NOISE,2024-11-28T15:00:47,47.45,,,NOISE,2024-11-28T15:00:47,47.45,,,NOISE
2026-03-04T13:11:14.304730,Map-Energy__sum__linear-conv01120-20241128_180047-20241129_000047-45.000000-49.900000.png,2024-11-28T18:00:47,2024-11-29T00:00:47,45.0,49.9,2024-11-28T21:00:47,47.45,,,NOISE,2024-11-28T21:00:47,47.45,,,NOISE,2024-11-28T21:00:47,47.45,,,NOISE,2024-11-28T21:00:47,47.45,,,NOISE
2026-03-04T13:11:15.136715,Map-Energy__sum__linear-conv01130-20241129_000047-20241129_060047-45.000000-49.900000.png,2024-11-29T00:00:47,2024-11-29T06:00:47,45.0,49.9,2024-11-29T03:00:47,47.45,,,NOISE,2024-11-29T03:00:47,47.45,,,NOISE,2024-11-29T03:00:47,47.45,,,NOISE,2024-11-29T03:00:47,47.45,,,NOISE
2026-03-04T13:11:16.056795,Map-Energy__sum__linear-conv01140-20241129_060047-20241129_120047-45.000000-49.900000.png,2024-11-29T06:00:47,2024-11-29T12:00:47,45.0,49.9,2024-11-29T09:00:47,47.45,,,NOISE,2024-11-29T09:00:47,47.45,,,NOISE,2024-11-29T09:00:47,47.45,,,NOISE,2024-11-29T09:00:47,47.45,,,NOISE
2026-03-04T13:11:16.960777,Map-Energy__sum__linear-conv01150-20241129_120047-20241129_180047-45.000000-49.900000.png,2024-11-29T12:00:47,2024-11-29T18:00:47,45.0,49.9,2024-11-29T15:00:47,47.45,,,NOISE,2024-11-29T15:00:47,47.45,,,NOISE,2024-11-29T15:00:47,47.45,,,NOISE,2024-11-29T15:00:47,47.45,,,NOISE
2026-03-04T13:11:17.905442,Map-Energy__sum__linear-conv01160-20241129_180047-20241130_000047-45.000000-49.900000.png,2024-11-29T18:00:47,2024-11-30T00:00:47,45.0,49.9,2024-11-29T21:00:47,47.45,,,NOISE,2024-11-29T21:00:47,47.45,,,NOISE,2024-11-29T21:00:47,47.45,,,NOISE,2024-11-29T21:00:47,47.45,,,NOISE
2026-03-04T13:11:18.832956,Map-Energy__sum__linear-conv01170-20241130_000047-20241130_060047-45.000000-49.900000.png,2024-11-30T00:00:47,2024-11-30T06:00:47,45.0,49.9,2024-11-30T03:00:47,47.45,,,NOISE,2024-11-30T03:00:47,47.45,,,NOISE,2024-11-30T03:00:47,47.45,,,NOISE,2024-11-30T03:00:47,47.45,,,NOISE
2026-03-04T13:11:20.056863,Map-Energy__sum__linear-conv01180-20241130_060047-20241130_120047-45.000000-49.900000.png,2024-11-30T06:00:47,2024-11-30T12:00:47,45.0,49.9,2024-11-30T09:00:47,47.45,,,NOISE,2024-11-30T09:00:47,47.45,,,NOISE,2024-11-30T09:00:47,47.45,,,NOISE,2024-11-30T09:00:47,47.45,,,NOISE
2026-03-04T13:11:51.424709,Map-Energy__sum__linear-conv01190-20241130_120047-20241130_180047-45.000000-49.900000.png,2024-11-30T12:00:47,2024-11-30T18:00:47,45.0,49.9,2024-11-30T15:00:47,47.45,,,NOISE,2024-11-30T15:00:47,47.45,,,NOISE,2024-11-30T15:00:47,47.45,,,NOISE,2024-11-30T15:00:47,47.45,,,NOISE
2026-03-04T13:11:47.576554,Map-Energy__sum__linear-conv01200-20241130_180047-20241201_000047-45.000000-49.900000.png,2024-11-30T18:00:47,2024-12-01T00:00:47,45.0,49.9,2024-11-30T21:00:47,47.45,,,NOISE,2024-11-30T21:00:47,47.45,,,NOISE,2024-11-30T21:00:47,47.45,,,NOISE,2024-11-30T21:00:47,47.45,,,NOISE
