edited_at,filename,init_dt,end_dt,init_km,end_km,event1_dt,event1_km,event1_lon,event1_lat,event1_label,event2_dt,event2_km,event2_lon,event2_lat,event2_label,event3_dt,event3_km,event3_lon,event3_lat,event3_label,event4_dt,event4_km,event4_lon,event4_lat,event4_label
2026-04-24T09:22:41.084616,Map-Energy__sum__linear-conv00001-20250501_000047-20250501_060047-0.050000-5.000000.png,2025-05-01T00:00:47,2025-05-01T06:00:47,0.05,5.0,2025-05-01T03:00:47,2.525,11.9301635288236,78.9554869237935,NOISE,2025-05-01T03:00:47,2.525,11.9301635288236,78.9554869237935,NOISE,2025-05-01T03:00:47,2.525,11.9301635288236,78.9554869237935,NOISE,2025-05-01T03:00:47,2.525,11.9301635288236,78.9554869237935,NOISE
2026-04-24T09:22:43.637162,Map-Energy__sum__linear-conv00011-20250501_060047-20250501_120047-0.050000-5.000000.png,2025-05-01T06:00:47,2025-05-01T12:00:47,0.05,5.0,2025-05-01T09:00:47,2.525,11.9301635288236,78.9554869237935,NOISE,2025-05-01T09:00:47,2.525,11.9301635288236,78.9554869237935,NOISE,2025-05-01T09:00:47,2.525,11.9301635288236,78.9554869237935,NOISE,2025-05-01T09:00:47,2.525,11.9301635288236,78.9554869237935,NOISE
2026-04-24T09:22:46.156582,Map-Energy__sum__linear-conv00021-20250501_120047-20250501_180047-0.050000-5.000000.png,2025-05-01T12:00:47,2025-05-01T18:00:47,0.05,5.0,2025-05-01T15:00:47,2.525,11.9301635288236,78.9554869237935,NOISE,2025-05-01T15:00:47,2.525,11.9301635288236,78.9554869237935,NOISE,2025-05-01T15:00:47,2.525,11.9301635288236,78.9554869237935,NOISE,2025-05-01T15:00:47,2.525,11.9301635288236,78.9554869237935,NOISE
2026-04-24T09:22:47.940977,Map-Energy__sum__linear-conv00031-20250501_180047-20250502_000047-0.050000-5.000000.png,2025-05-01T18:00:47,2025-05-02T00:00:47,0.05,5.0,2025-05-01T21:00:47,2.525,11.9301635288236,78.9554869237935,NOISE,2025-05-01T21:00:47,2.525,11.9301635288236,78.9554869237935,NOISE,2025-05-01T21:00:47,2.525,11.9301635288236,78.9554869237935,NOISE,2025-05-01T21:00:47,2.525,11.9301635288236,78.9554869237935,NOISE
2026-04-24T09:22:49.524892,Map-Energy__sum__linear-conv00041-20250502_000047-20250502_060047-0.050000-5.000000.png,2025-05-02T00:00:47,2025-05-02T06:00:47,0.05,5.0,2025-05-02T03:00:47,2.525,11.9301635288236,78.9554869237935,NOISE,2025-05-02T03:00:47,2.525,11.9301635288236,78.9554869237935,NOISE,2025-05-02T03:00:47,2.525,11.9301635288236,78.9554869237935,NOISE,2025-05-02T03:00:47,2.525,11.9301635288236,78.9554869237935,NOISE
2026-04-24T09:22:50.620999,Map-Energy__sum__linear-conv00051-20250502_060047-20250502_120047-0.050000-5.000000.png,2025-05-02T06:00:47,2025-05-02T12:00:47,0.05,5.0,2025-05-02T09:00:47,2.525,11.9301635288236,78.9554869237935,NOISE,2025-05-02T09:00:47,2.525,11.9301635288236,78.9554869237935,NOISE,2025-05-02T09:00:47,2.525,11.9301635288236,78.9554869237935,NOISE,2025-05-02T09:00:47,2.525,11.9301635288236,78.9554869237935,NOISE
2026-04-24T09:22:51.612688,Map-Energy__sum__linear-conv00061-20250502_120047-20250502_180047-0.050000-5.000000.png,2025-05-02T12:00:47,2025-05-02T18:00:47,0.05,5.0,2025-05-02T15:00:47,2.525,11.9301635288236,78.9554869237935,NOISE,2025-05-02T15:00:47,2.525,11.9301635288236,78.9554869237935,NOISE,2025-05-02T15:00:47,2.525,11.9301635288236,78.9554869237935,NOISE,2025-05-02T15:00:47,2.525,11.9301635288236,78.9554869237935,NOISE
2026-04-24T09:22:52.436845,Map-Energy__sum__linear-conv00071-20250502_180047-20250503_000047-0.050000-5.000000.png,2025-05-02T18:00:47,2025-05-03T00:00:47,0.05,5.0,2025-05-02T21:00:47,2.525,11.9301635288236,78.9554869237935,NOISE,2025-05-02T21:00:47,2.525,11.9301635288236,78.9554869237935,NOISE,2025-05-02T21:00:47,2.525,11.9301635288236,78.9554869237935,NOISE,2025-05-02T21:00:47,2.525,11.9301635288236,78.9554869237935,NOISE
2026-04-24T09:22:53.348835,Map-Energy__sum__linear-conv00081-20250503_000047-20250503_060047-0.050000-5.000000.png,2025-05-03T00:00:47,2025-05-03T06:00:47,0.05,5.0,2025-05-03T03:00:47,2.525,11.9301635288236,78.9554869237935,NOISE,2025-05-03T03:00:47,2.525,11.9301635288236,78.9554869237935,NOISE,2025-05-03T03:00:47,2.525,11.9301635288236,78.9554869237935,NOISE,2025-05-03T03:00:47,2.525,11.9301635288236,78.9554869237935,NOISE
2026-04-24T09:23:19.660527,Map-Energy__sum__linear-conv00091-20250503_060047-20250503_120047-0.050000-5.000000.png,2025-05-03T06:00:47,2025-05-03T12:00:47,0.05,5.0,2025-05-03T09:00:47,2.525,11.9301635288236,78.9554869237935,NOISE,2025-05-03T09:00:47,2.525,11.9301635288236,78.9554869237935,NOISE,2025-05-03T09:00:47,2.525,11.9301635288236,78.9554869237935,NOISE,2025-05-03T09:00:47,2.525,11.9301635288236,78.9554869237935,NOISE
2026-04-24T09:23:21.044854,Map-Energy__sum__linear-conv00101-20250503_120047-20250503_180047-0.050000-5.000000.png,2025-05-03T12:00:47,2025-05-03T18:00:47,0.05,5.0,2025-05-03T15:00:47,2.525,11.9301635288236,78.9554869237935,NOISE,2025-05-03T15:00:47,2.525,11.9301635288236,78.9554869237935,NOISE,2025-05-03T15:00:47,2.525,11.9301635288236,78.9554869237935,NOISE,2025-05-03T15:00:47,2.525,11.9301635288236,78.9554869237935,NOISE
2026-04-24T09:23:22.852627,Map-Energy__sum__linear-conv00111-20250503_180047-20250504_000047-0.050000-5.000000.png,2025-05-03T18:00:47,2025-05-04T00:00:47,0.05,5.0,2025-05-03T21:00:47,2.525,11.9301635288236,78.9554869237935,NOISE,2025-05-03T21:00:47,2.525,11.9301635288236,78.9554869237935,NOISE,2025-05-03T21:00:47,2.525,11.9301635288236,78.9554869237935,NOISE,2025-05-03T21:00:47,2.525,11.9301635288236,78.9554869237935,NOISE
2026-04-24T09:23:23.972670,Map-Energy__sum__linear-conv00121-20250504_000047-20250504_060047-0.050000-5.000000.png,2025-05-04T00:00:47,2025-05-04T06:00:47,0.05,5.0,2025-05-04T03:00:47,2.525,11.9301635288236,78.9554869237935,NOISE,2025-05-04T03:00:47,2.525,11.9301635288236,78.9554869237935,NOISE,2025-05-04T03:00:47,2.525,11.9301635288236,78.9554869237935,NOISE,2025-05-04T03:00:47,2.525,11.9301635288236,78.9554869237935,NOISE
2026-04-24T09:23:25.068947,Map-Energy__sum__linear-conv00131-20250504_060047-20250504_120047-0.050000-5.000000.png,2025-05-04T06:00:47,2025-05-04T12:00:47,0.05,5.0,2025-05-04T09:00:47,2.525,11.9301635288236,78.9554869237935,NOISE,2025-05-04T09:00:47,2.525,11.9301635288236,78.9554869237935,NOISE,2025-05-04T09:00:47,2.525,11.9301635288236,78.9554869237935,NOISE,2025-05-04T09:00:47,2.525,11.9301635288236,78.9554869237935,NOISE
2026-04-24T09:23:25.876587,Map-Energy__sum__linear-conv00141-20250504_120047-20250504_180047-0.050000-5.000000.png,2025-05-04T12:00:47,2025-05-04T18:00:47,0.05,5.0,2025-05-04T15:00:47,2.525,11.9301635288236,78.9554869237935,NOISE,2025-05-04T15:00:47,2.525,11.9301635288236,78.9554869237935,NOISE,2025-05-04T15:00:47,2.525,11.9301635288236,78.9554869237935,NOISE,2025-05-04T15:00:47,2.525,11.9301635288236,78.9554869237935,NOISE
2026-04-24T09:23:26.764600,Map-Energy__sum__linear-conv00151-20250504_180047-20250505_000047-0.050000-5.000000.png,2025-05-04T18:00:47,2025-05-05T00:00:47,0.05,5.0,2025-05-04T21:00:47,2.525,11.9301635288236,78.9554869237935,NOISE,2025-05-04T21:00:47,2.525,11.9301635288236,78.9554869237935,NOISE,2025-05-04T21:00:47,2.525,11.9301635288236,78.9554869237935,NOISE,2025-05-04T21:00:47,2.525,11.9301635288236,78.9554869237935,NOISE
2026-04-24T09:23:27.580655,Map-Energy__sum__linear-conv00161-20250505_000047-20250505_060047-0.050000-5.000000.png,2025-05-05T00:00:47,2025-05-05T06:00:47,0.05,5.0,2025-05-05T03:00:47,2.525,11.9301635288236,78.9554869237935,NOISE,2025-05-05T03:00:47,2.525,11.9301635288236,78.9554869237935,NOISE,2025-05-05T03:00:47,2.525,11.9301635288236,78.9554869237935,NOISE,2025-05-05T03:00:47,2.525,11.9301635288236,78.9554869237935,NOISE
2026-04-24T09:23:28.676544,Map-Energy__sum__linear-conv00171-20250505_060047-20250505_120047-0.050000-5.000000.png,2025-05-05T06:00:47,2025-05-05T12:00:47,0.05,5.0,2025-05-05T09:00:47,2.525,11.9301635288236,78.9554869237935,NOISE,2025-05-05T09:00:47,2.525,11.9301635288236,78.9554869237935,NOISE,2025-05-05T09:00:47,2.525,11.9301635288236,78.9554869237935,NOISE,2025-05-05T09:00:47,2.525,11.9301635288236,78.9554869237935,NOISE
2026-04-24T09:23:29.524592,Map-Energy__sum__linear-conv00181-20250505_120047-20250505_180047-0.050000-5.000000.png,2025-05-05T12:00:47,2025-05-05T18:00:47,0.05,5.0,2025-05-05T15:00:47,2.525,11.9301635288236,78.9554869237935,NOISE,2025-05-05T15:00:47,2.525,11.9301635288236,78.9554869237935,NOISE,2025-05-05T15:00:47,2.525,11.9301635288236,78.9554869237935,NOISE,2025-05-05T15:00:47,2.525,11.9301635288236,78.9554869237935,NOISE
2026-04-24T09:23:30.292686,Map-Energy__sum__linear-conv00191-20250505_180047-20250506_000047-0.050000-5.000000.png,2025-05-05T18:00:47,2025-05-06T00:00:47,0.05,5.0,2025-05-05T21:00:47,2.525,11.9301635288236,78.9554869237935,NOISE,2025-05-05T21:00:47,2.525,11.9301635288236,78.9554869237935,NOISE,2025-05-05T21:00:47,2.525,11.9301635288236,78.9554869237935,NOISE,2025-05-05T21:00:47,2.525,11.9301635288236,78.9554869237935,NOISE
2026-04-24T09:23:31.132777,Map-Energy__sum__linear-conv00201-20250506_000047-20250506_060047-0.050000-5.000000.png,2025-05-06T00:00:47,2025-05-06T06:00:47,0.05,5.0,2025-05-06T03:00:47,2.525,11.9301635288236,78.9554869237935,NOISE,2025-05-06T03:00:47,2.525,11.9301635288236,78.9554869237935,NOISE,2025-05-06T03:00:47,2.525,11.9301635288236,78.9554869237935,NOISE,2025-05-06T03:00:47,2.525,11.9301635288236,78.9554869237935,NOISE
2026-04-24T09:23:31.924475,Map-Energy__sum__linear-conv00211-20250506_060047-20250506_120047-0.050000-5.000000.png,2025-05-06T06:00:47,2025-05-06T12:00:47,0.05,5.0,2025-05-06T09:00:47,2.525,11.9301635288236,78.9554869237935,NOISE,2025-05-06T09:00:47,2.525,11.9301635288236,78.9554869237935,NOISE,2025-05-06T09:00:47,2.525,11.9301635288236,78.9554869237935,NOISE,2025-05-06T09:00:47,2.525,11.9301635288236,78.9554869237935,NOISE
2026-04-24T09:23:32.676797,Map-Energy__sum__linear-conv00221-20250506_120047-20250506_180047-0.050000-5.000000.png,2025-05-06T12:00:47,2025-05-06T18:00:47,0.05,5.0,2025-05-06T15:00:47,2.525,11.9301635288236,78.9554869237935,NOISE,2025-05-06T15:00:47,2.525,11.9301635288236,78.9554869237935,NOISE,2025-05-06T15:00:47,2.525,11.9301635288236,78.9554869237935,NOISE,2025-05-06T15:00:47,2.525,11.9301635288236,78.9554869237935,NOISE
2026-04-24T09:23:33.452793,Map-Energy__sum__linear-conv00231-20250506_180047-20250507_000047-0.050000-5.000000.png,2025-05-06T18:00:47,2025-05-07T00:00:47,0.05,5.0,2025-05-06T21:00:47,2.525,11.9301635288236,78.9554869237935,NOISE,2025-05-06T21:00:47,2.525,11.9301635288236,78.9554869237935,NOISE,2025-05-06T21:00:47,2.525,11.9301635288236,78.9554869237935,NOISE,2025-05-06T21:00:47,2.525,11.9301635288236,78.9554869237935,NOISE
2026-04-24T09:23:34.148750,Map-Energy__sum__linear-conv00241-20250507_000047-20250507_060047-0.050000-5.000000.png,2025-05-07T00:00:47,2025-05-07T06:00:47,0.05,5.0,2025-05-07T03:00:47,2.525,11.9301635288236,78.9554869237935,NOISE,2025-05-07T03:00:47,2.525,11.9301635288236,78.9554869237935,NOISE,2025-05-07T03:00:47,2.525,11.9301635288236,78.9554869237935,NOISE,2025-05-07T03:00:47,2.525,11.9301635288236,78.9554869237935,NOISE
2026-04-24T09:23:34.844652,Map-Energy__sum__linear-conv00251-20250507_060047-20250507_120047-0.050000-5.000000.png,2025-05-07T06:00:47,2025-05-07T12:00:47,0.05,5.0,2025-05-07T09:00:47,2.525,11.9301635288236,78.9554869237935,NOISE,2025-05-07T09:00:47,2.525,11.9301635288236,78.9554869237935,NOISE,2025-05-07T09:00:47,2.525,11.9301635288236,78.9554869237935,NOISE,2025-05-07T09:00:47,2.525,11.9301635288236,78.9554869237935,NOISE
2026-04-24T09:23:35.764526,Map-Energy__sum__linear-conv00261-20250507_120047-20250507_180047-0.050000-5.000000.png,2025-05-07T12:00:47,2025-05-07T18:00:47,0.05,5.0,2025-05-07T15:00:47,2.525,11.9301635288236,78.9554869237935,NOISE,2025-05-07T15:00:47,2.525,11.9301635288236,78.9554869237935,NOISE,2025-05-07T15:00:47,2.525,11.9301635288236,78.9554869237935,NOISE,2025-05-07T15:00:47,2.525,11.9301635288236,78.9554869237935,NOISE
2026-04-24T09:23:36.588633,Map-Energy__sum__linear-conv00271-20250507_180047-20250508_000047-0.050000-5.000000.png,2025-05-07T18:00:47,2025-05-08T00:00:47,0.05,5.0,2025-05-07T21:00:47,2.525,11.9301635288236,78.9554869237935,NOISE,2025-05-07T21:00:47,2.525,11.9301635288236,78.9554869237935,NOISE,2025-05-07T21:00:47,2.525,11.9301635288236,78.9554869237935,NOISE,2025-05-07T21:00:47,2.525,11.9301635288236,78.9554869237935,NOISE
2026-04-24T09:23:37.484700,Map-Energy__sum__linear-conv00281-20250508_000047-20250508_060047-0.050000-5.000000.png,2025-05-08T00:00:47,2025-05-08T06:00:47,0.05,5.0,2025-05-08T03:00:47,2.525,11.9301635288236,78.9554869237935,NOISE,2025-05-08T03:00:47,2.525,11.9301635288236,78.9554869237935,NOISE,2025-05-08T03:00:47,2.525,11.9301635288236,78.9554869237935,NOISE,2025-05-08T03:00:47,2.525,11.9301635288236,78.9554869237935,NOISE
2026-04-24T09:23:38.252625,Map-Energy__sum__linear-conv00291-20250508_060047-20250508_120047-0.050000-5.000000.png,2025-05-08T06:00:47,2025-05-08T12:00:47,0.05,5.0,2025-05-08T09:00:47,2.525,11.9301635288236,78.9554869237935,NOISE,2025-05-08T09:00:47,2.525,11.9301635288236,78.9554869237935,NOISE,2025-05-08T09:00:47,2.525,11.9301635288236,78.9554869237935,NOISE,2025-05-08T09:00:47,2.525,11.9301635288236,78.9554869237935,NOISE
2026-04-24T09:23:38.996923,Map-Energy__sum__linear-conv00301-20250508_120047-20250508_180047-0.050000-5.000000.png,2025-05-08T12:00:47,2025-05-08T18:00:47,0.05,5.0,2025-05-08T15:00:47,2.525,11.9301635288236,78.9554869237935,NOISE,2025-05-08T15:00:47,2.525,11.9301635288236,78.9554869237935,NOISE,2025-05-08T15:00:47,2.525,11.9301635288236,78.9554869237935,NOISE,2025-05-08T15:00:47,2.525,11.9301635288236,78.9554869237935,NOISE
2026-04-24T09:23:39.788787,Map-Energy__sum__linear-conv00311-20250508_180047-20250509_000047-0.050000-5.000000.png,2025-05-08T18:00:47,2025-05-09T00:00:47,0.05,5.0,2025-05-08T21:00:47,2.525,11.9301635288236,78.9554869237935,NOISE,2025-05-08T21:00:47,2.525,11.9301635288236,78.9554869237935,NOISE,2025-05-08T21:00:47,2.525,11.9301635288236,78.9554869237935,NOISE,2025-05-08T21:00:47,2.525,11.9301635288236,78.9554869237935,NOISE
2026-04-24T09:23:40.692863,Map-Energy__sum__linear-conv00321-20250509_000047-20250509_060047-0.050000-5.000000.png,2025-05-09T00:00:47,2025-05-09T06:00:47,0.05,5.0,2025-05-09T03:00:47,2.525,11.9301635288236,78.9554869237935,NOISE,2025-05-09T03:00:47,2.525,11.9301635288236,78.9554869237935,NOISE,2025-05-09T03:00:47,2.525,11.9301635288236,78.9554869237935,NOISE,2025-05-09T03:00:47,2.525,11.9301635288236,78.9554869237935,NOISE
2026-04-24T09:24:36.596621,Map-Energy__sum__linear-conv00331-20250509_060047-20250509_120047-0.050000-5.000000.png,2025-05-09T06:00:47,2025-05-09T12:00:47,0.05,5.0,2025-05-09T09:00:47,2.525,11.9301635288236,78.9554869237935,NOISE,2025-05-09T09:00:47,2.525,11.9301635288236,78.9554869237935,NOISE,2025-05-09T09:00:47,2.525,11.9301635288236,78.9554869237935,NOISE,2025-05-09T09:00:47,2.525,11.9301635288236,78.9554869237935,NOISE
2026-04-24T09:24:40.988929,Map-Energy__sum__linear-conv00341-20250509_120047-20250509_180047-0.050000-5.000000.png,2025-05-09T12:00:47,2025-05-09T18:00:47,0.05,5.0,2025-05-09T15:00:47,2.525,11.9301635288236,78.9554869237935,NOISE,2025-05-09T15:00:47,2.525,11.9301635288236,78.9554869237935,NOISE,2025-05-09T15:00:47,2.525,11.9301635288236,78.9554869237935,NOISE,2025-05-09T15:00:47,2.525,11.9301635288236,78.9554869237935,NOISE
2026-04-24T09:24:44.324742,Map-Energy__sum__linear-conv00351-20250509_180047-20250510_000047-0.050000-5.000000.png,2025-05-09T18:00:47,2025-05-10T00:00:47,0.05,5.0,2025-05-09T21:00:47,2.525,11.9301635288236,78.9554869237935,NOISE,2025-05-09T21:00:47,2.525,11.9301635288236,78.9554869237935,NOISE,2025-05-09T21:00:47,2.525,11.9301635288236,78.9554869237935,NOISE,2025-05-09T21:00:47,2.525,11.9301635288236,78.9554869237935,NOISE
2026-04-24T09:24:46.276642,Map-Energy__sum__linear-conv00361-20250510_000047-20250510_060047-0.050000-5.000000.png,2025-05-10T00:00:47,2025-05-10T06:00:47,0.05,5.0,2025-05-10T03:00:47,2.525,11.9301635288236,78.9554869237935,NOISE,2025-05-10T03:00:47,2.525,11.9301635288236,78.9554869237935,NOISE,2025-05-10T03:00:47,2.525,11.9301635288236,78.9554869237935,NOISE,2025-05-10T03:00:47,2.525,11.9301635288236,78.9554869237935,NOISE
2026-04-24T09:24:55.012572,Map-Energy__sum__linear-conv00371-20250510_060047-20250510_120047-0.050000-5.000000.png,2025-05-10T06:00:47,2025-05-10T12:00:47,0.05,5.0,2025-05-10T09:00:47,2.525,11.9301635288236,78.9554869237935,NOISE,2025-05-10T09:00:47,2.525,11.9301635288236,78.9554869237935,NOISE,2025-05-10T09:00:47,2.525,11.9301635288236,78.9554869237935,NOISE,2025-05-10T09:00:47,2.525,11.9301635288236,78.9554869237935,NOISE
2026-04-24T09:24:57.653160,Map-Energy__sum__linear-conv00381-20250510_120047-20250510_180047-0.050000-5.000000.png,2025-05-10T12:00:47,2025-05-10T18:00:47,0.05,5.0,2025-05-10T15:00:47,2.525,11.9301635288236,78.9554869237935,NOISE,2025-05-10T15:00:47,2.525,11.9301635288236,78.9554869237935,NOISE,2025-05-10T15:00:47,2.525,11.9301635288236,78.9554869237935,NOISE,2025-05-10T15:00:47,2.525,11.9301635288236,78.9554869237935,NOISE
2026-04-24T09:24:58.756670,Map-Energy__sum__linear-conv00391-20250510_180047-20250511_000047-0.050000-5.000000.png,2025-05-10T18:00:47,2025-05-11T00:00:47,0.05,5.0,2025-05-10T21:00:47,2.525,11.9301635288236,78.9554869237935,NOISE,2025-05-10T21:00:47,2.525,11.9301635288236,78.9554869237935,NOISE,2025-05-10T21:00:47,2.525,11.9301635288236,78.9554869237935,NOISE,2025-05-10T21:00:47,2.525,11.9301635288236,78.9554869237935,NOISE
2026-04-24T09:25:00.276858,Map-Energy__sum__linear-conv00401-20250511_000047-20250511_060047-0.050000-5.000000.png,2025-05-11T00:00:47,2025-05-11T06:00:47,0.05,5.0,2025-05-11T03:00:47,2.525,11.9301635288236,78.9554869237935,NOISE,2025-05-11T03:00:47,2.525,11.9301635288236,78.9554869237935,NOISE,2025-05-11T03:00:47,2.525,11.9301635288236,78.9554869237935,NOISE,2025-05-11T03:00:47,2.525,11.9301635288236,78.9554869237935,NOISE
2026-04-24T09:25:01.316841,Map-Energy__sum__linear-conv00411-20250511_060047-20250511_120047-0.050000-5.000000.png,2025-05-11T06:00:47,2025-05-11T12:00:47,0.05,5.0,2025-05-11T09:00:47,2.525,11.9301635288236,78.9554869237935,NOISE,2025-05-11T09:00:47,2.525,11.9301635288236,78.9554869237935,NOISE,2025-05-11T09:00:47,2.525,11.9301635288236,78.9554869237935,NOISE,2025-05-11T09:00:47,2.525,11.9301635288236,78.9554869237935,NOISE
2026-04-24T09:25:07.516858,Map-Energy__sum__linear-conv00421-20250511_120047-20250511_180047-0.050000-5.000000.png,2025-05-11T12:00:47,2025-05-11T18:00:47,0.05,5.0,2025-05-11T15:00:47,2.525,11.9301635288236,78.9554869237935,NOISE,2025-05-11T15:00:47,2.525,11.9301635288236,78.9554869237935,NOISE,2025-05-11T15:00:47,2.525,11.9301635288236,78.9554869237935,NOISE,2025-05-11T15:00:47,2.525,11.9301635288236,78.9554869237935,NOISE
2026-04-24T09:25:08.508900,Map-Energy__sum__linear-conv00431-20250511_180047-20250512_000047-0.050000-5.000000.png,2025-05-11T18:00:47,2025-05-12T00:00:47,0.05,5.0,2025-05-11T21:00:47,2.525,11.9301635288236,78.9554869237935,NOISE,2025-05-11T21:00:47,2.525,11.9301635288236,78.9554869237935,NOISE,2025-05-11T21:00:47,2.525,11.9301635288236,78.9554869237935,NOISE,2025-05-11T21:00:47,2.525,11.9301635288236,78.9554869237935,NOISE
2026-04-24T09:25:09.540786,Map-Energy__sum__linear-conv00441-20250512_000047-20250512_060047-0.050000-5.000000.png,2025-05-12T00:00:47,2025-05-12T06:00:47,0.05,5.0,2025-05-12T03:00:47,2.525,11.9301635288236,78.9554869237935,NOISE,2025-05-12T03:00:47,2.525,11.9301635288236,78.9554869237935,NOISE,2025-05-12T03:00:47,2.525,11.9301635288236,78.9554869237935,NOISE,2025-05-12T03:00:47,2.525,11.9301635288236,78.9554869237935,NOISE
2026-04-24T09:25:11.076684,Map-Energy__sum__linear-conv00451-20250512_060047-20250512_120047-0.050000-5.000000.png,2025-05-12T06:00:47,2025-05-12T12:00:47,0.05,5.0,2025-05-12T09:00:47,2.525,11.9301635288236,78.9554869237935,NOISE,2025-05-12T09:00:47,2.525,11.9301635288236,78.9554869237935,NOISE,2025-05-12T09:00:47,2.525,11.9301635288236,78.9554869237935,NOISE,2025-05-12T09:00:47,2.525,11.9301635288236,78.9554869237935,NOISE
2026-04-24T09:25:11.924808,Map-Energy__sum__linear-conv00461-20250512_120047-20250512_180047-0.050000-5.000000.png,2025-05-12T12:00:47,2025-05-12T18:00:47,0.05,5.0,2025-05-12T15:00:47,2.525,11.9301635288236,78.9554869237935,NOISE,2025-05-12T15:00:47,2.525,11.9301635288236,78.9554869237935,NOISE,2025-05-12T15:00:47,2.525,11.9301635288236,78.9554869237935,NOISE,2025-05-12T15:00:47,2.525,11.9301635288236,78.9554869237935,NOISE
2026-04-24T09:25:12.700639,Map-Energy__sum__linear-conv00471-20250512_180047-20250513_000047-0.050000-5.000000.png,2025-05-12T18:00:47,2025-05-13T00:00:47,0.05,5.0,2025-05-12T21:00:47,2.525,11.9301635288236,78.9554869237935,NOISE,2025-05-12T21:00:47,2.525,11.9301635288236,78.9554869237935,NOISE,2025-05-12T21:00:47,2.525,11.9301635288236,78.9554869237935,NOISE,2025-05-12T21:00:47,2.525,11.9301635288236,78.9554869237935,NOISE
2026-04-24T09:25:13.704195,Map-Energy__sum__linear-conv00481-20250513_000047-20250513_060047-0.050000-5.000000.png,2025-05-13T00:00:47,2025-05-13T06:00:47,0.05,5.0,2025-05-13T03:00:47,2.525,11.9301635288236,78.9554869237935,NOISE,2025-05-13T03:00:47,2.525,11.9301635288236,78.9554869237935,NOISE,2025-05-13T03:00:47,2.525,11.9301635288236,78.9554869237935,NOISE,2025-05-13T03:00:47,2.525,11.9301635288236,78.9554869237935,NOISE
2026-04-24T09:25:14.460680,Map-Energy__sum__linear-conv00491-20250513_060047-20250513_120047-0.050000-5.000000.png,2025-05-13T06:00:47,2025-05-13T12:00:47,0.05,5.0,2025-05-13T09:00:47,2.525,11.9301635288236,78.9554869237935,NOISE,2025-05-13T09:00:47,2.525,11.9301635288236,78.9554869237935,NOISE,2025-05-13T09:00:47,2.525,11.9301635288236,78.9554869237935,NOISE,2025-05-13T09:00:47,2.525,11.9301635288236,78.9554869237935,NOISE
2026-04-24T09:25:15.060890,Map-Energy__sum__linear-conv00501-20250513_120047-20250513_180047-0.050000-5.000000.png,2025-05-13T12:00:47,2025-05-13T18:00:47,0.05,5.0,2025-05-13T15:00:47,2.525,11.9301635288236,78.9554869237935,NOISE,2025-05-13T15:00:47,2.525,11.9301635288236,78.9554869237935,NOISE,2025-05-13T15:00:47,2.525,11.9301635288236,78.9554869237935,NOISE,2025-05-13T15:00:47,2.525,11.9301635288236,78.9554869237935,NOISE
2026-04-24T09:25:15.916734,Map-Energy__sum__linear-conv00511-20250513_180047-20250514_000047-0.050000-5.000000.png,2025-05-13T18:00:47,2025-05-14T00:00:47,0.05,5.0,2025-05-13T21:00:47,2.525,11.9301635288236,78.9554869237935,NOISE,2025-05-13T21:00:47,2.525,11.9301635288236,78.9554869237935,NOISE,2025-05-13T21:00:47,2.525,11.9301635288236,78.9554869237935,NOISE,2025-05-13T21:00:47,2.525,11.9301635288236,78.9554869237935,NOISE
2026-04-24T09:25:16.692628,Map-Energy__sum__linear-conv00521-20250514_000047-20250514_060047-0.050000-5.000000.png,2025-05-14T00:00:47,2025-05-14T06:00:47,0.05,5.0,2025-05-14T03:00:47,2.525,11.9301635288236,78.9554869237935,NOISE,2025-05-14T03:00:47,2.525,11.9301635288236,78.9554869237935,NOISE,2025-05-14T03:00:47,2.525,11.9301635288236,78.9554869237935,NOISE,2025-05-14T03:00:47,2.525,11.9301635288236,78.9554869237935,NOISE
2026-04-24T09:25:19.876839,Map-Energy__sum__linear-conv00531-20250514_060047-20250514_120047-0.050000-5.000000.png,2025-05-14T06:00:47,2025-05-14T12:00:47,0.05,5.0,2025-05-14T09:00:47,2.525,11.9301635288236,78.9554869237935,NOISE,2025-05-14T09:00:47,2.525,11.9301635288236,78.9554869237935,NOISE,2025-05-14T09:00:47,2.525,11.9301635288236,78.9554869237935,NOISE,2025-05-14T09:00:47,2.525,11.9301635288236,78.9554869237935,NOISE
2026-04-24T09:25:23.132818,Map-Energy__sum__linear-conv00541-20250514_120047-20250514_180047-0.050000-5.000000.png,2025-05-14T12:00:47,2025-05-14T18:00:47,0.05,5.0,2025-05-14T15:00:47,2.525,11.9301635288236,78.9554869237935,NOISE,2025-05-14T15:00:47,2.525,11.9301635288236,78.9554869237935,NOISE,2025-05-14T15:00:47,2.525,11.9301635288236,78.9554869237935,NOISE,2025-05-14T15:00:47,2.525,11.9301635288236,78.9554869237935,NOISE
2026-04-24T09:25:24.756718,Map-Energy__sum__linear-conv00551-20250514_180047-20250515_000047-0.050000-5.000000.png,2025-05-14T18:00:47,2025-05-15T00:00:47,0.05,5.0,2025-05-14T21:00:47,2.525,11.9301635288236,78.9554869237935,NOISE,2025-05-14T21:00:47,2.525,11.9301635288236,78.9554869237935,NOISE,2025-05-14T21:00:47,2.525,11.9301635288236,78.9554869237935,NOISE,2025-05-14T21:00:47,2.525,11.9301635288236,78.9554869237935,NOISE
2026-04-24T09:25:28.332639,Map-Energy__sum__linear-conv00561-20250515_000047-20250515_060047-0.050000-5.000000.png,2025-05-15T00:00:47,2025-05-15T06:00:47,0.05,5.0,2025-05-15T03:00:47,2.525,11.9301635288236,78.9554869237935,NOISE,2025-05-15T03:00:47,2.525,11.9301635288236,78.9554869237935,NOISE,2025-05-15T03:00:47,2.525,11.9301635288236,78.9554869237935,NOISE,2025-05-15T03:00:47,2.525,11.9301635288236,78.9554869237935,NOISE
2026-04-24T09:25:29.476624,Map-Energy__sum__linear-conv00571-20250515_060047-20250515_120047-0.050000-5.000000.png,2025-05-15T06:00:47,2025-05-15T12:00:47,0.05,5.0,2025-05-15T09:00:47,2.525,11.9301635288236,78.9554869237935,NOISE,2025-05-15T09:00:47,2.525,11.9301635288236,78.9554869237935,NOISE,2025-05-15T09:00:47,2.525,11.9301635288236,78.9554869237935,NOISE,2025-05-15T09:00:47,2.525,11.9301635288236,78.9554869237935,NOISE
2026-04-24T09:25:30.548879,Map-Energy__sum__linear-conv00581-20250515_120047-20250515_180047-0.050000-5.000000.png,2025-05-15T12:00:47,2025-05-15T18:00:47,0.05,5.0,2025-05-15T15:00:47,2.525,11.9301635288236,78.9554869237935,NOISE,2025-05-15T15:00:47,2.525,11.9301635288236,78.9554869237935,NOISE,2025-05-15T15:00:47,2.525,11.9301635288236,78.9554869237935,NOISE,2025-05-15T15:00:47,2.525,11.9301635288236,78.9554869237935,NOISE
2026-04-24T09:25:32.388687,Map-Energy__sum__linear-conv00591-20250515_180047-20250516_000047-0.050000-5.000000.png,2025-05-15T18:00:47,2025-05-16T00:00:47,0.05,5.0,2025-05-15T21:00:47,2.525,11.9301635288236,78.9554869237935,NOISE,2025-05-15T21:00:47,2.525,11.9301635288236,78.9554869237935,NOISE,2025-05-15T21:00:47,2.525,11.9301635288236,78.9554869237935,NOISE,2025-05-15T21:00:47,2.525,11.9301635288236,78.9554869237935,NOISE
2026-04-24T09:25:33.708666,Map-Energy__sum__linear-conv00601-20250516_000047-20250516_060047-0.050000-5.000000.png,2025-05-16T00:00:47,2025-05-16T06:00:47,0.05,5.0,2025-05-16T03:00:47,2.525,11.9301635288236,78.9554869237935,NOISE,2025-05-16T03:00:47,2.525,11.9301635288236,78.9554869237935,NOISE,2025-05-16T03:00:47,2.525,11.9301635288236,78.9554869237935,NOISE,2025-05-16T03:00:47,2.525,11.9301635288236,78.9554869237935,NOISE
2026-04-24T09:25:34.732503,Map-Energy__sum__linear-conv00611-20250516_060047-20250516_120047-0.050000-5.000000.png,2025-05-16T06:00:47,2025-05-16T12:00:47,0.05,5.0,2025-05-16T09:00:47,2.525,11.9301635288236,78.9554869237935,NOISE,2025-05-16T09:00:47,2.525,11.9301635288236,78.9554869237935,NOISE,2025-05-16T09:00:47,2.525,11.9301635288236,78.9554869237935,NOISE,2025-05-16T09:00:47,2.525,11.9301635288236,78.9554869237935,NOISE
2026-04-24T09:25:35.876770,Map-Energy__sum__linear-conv00621-20250516_120047-20250516_180047-0.050000-5.000000.png,2025-05-16T12:00:47,2025-05-16T18:00:47,0.05,5.0,2025-05-16T15:00:47,2.525,11.9301635288236,78.9554869237935,NOISE,2025-05-16T15:00:47,2.525,11.9301635288236,78.9554869237935,NOISE,2025-05-16T15:00:47,2.525,11.9301635288236,78.9554869237935,NOISE,2025-05-16T15:00:47,2.525,11.9301635288236,78.9554869237935,NOISE
2026-04-24T09:25:37.732824,Map-Energy__sum__linear-conv00631-20250516_180047-20250517_000047-0.050000-5.000000.png,2025-05-16T18:00:47,2025-05-17T00:00:47,0.05,5.0,2025-05-16T21:00:47,2.525,11.9301635288236,78.9554869237935,NOISE,2025-05-16T21:00:47,2.525,11.9301635288236,78.9554869237935,NOISE,2025-05-16T21:00:47,2.525,11.9301635288236,78.9554869237935,NOISE,2025-05-16T21:00:47,2.525,11.9301635288236,78.9554869237935,NOISE
2026-04-24T09:25:38.645119,Map-Energy__sum__linear-conv00641-20250517_000047-20250517_060047-0.050000-5.000000.png,2025-05-17T00:00:47,2025-05-17T06:00:47,0.05,5.0,2025-05-17T03:00:47,2.525,11.9301635288236,78.9554869237935,NOISE,2025-05-17T03:00:47,2.525,11.9301635288236,78.9554869237935,NOISE,2025-05-17T03:00:47,2.525,11.9301635288236,78.9554869237935,NOISE,2025-05-17T03:00:47,2.525,11.9301635288236,78.9554869237935,NOISE
2026-04-24T09:25:41.109626,Map-Energy__sum__linear-conv00651-20250517_060047-20250517_120047-0.050000-5.000000.png,2025-05-17T06:00:47,2025-05-17T12:00:47,0.05,5.0,2025-05-17T09:00:47,2.525,11.9301635288236,78.9554869237935,NOISE,2025-05-17T09:00:47,2.525,11.9301635288236,78.9554869237935,NOISE,2025-05-17T09:00:47,2.525,11.9301635288236,78.9554869237935,NOISE,2025-05-17T09:00:47,2.525,11.9301635288236,78.9554869237935,NOISE
2026-04-24T09:25:42.476643,Map-Energy__sum__linear-conv00661-20250517_120047-20250517_180047-0.050000-5.000000.png,2025-05-17T12:00:47,2025-05-17T18:00:47,0.05,5.0,2025-05-17T15:00:47,2.525,11.9301635288236,78.9554869237935,NOISE,2025-05-17T15:00:47,2.525,11.9301635288236,78.9554869237935,NOISE,2025-05-17T15:00:47,2.525,11.9301635288236,78.9554869237935,NOISE,2025-05-17T15:00:47,2.525,11.9301635288236,78.9554869237935,NOISE
2026-04-24T09:25:43.412632,Map-Energy__sum__linear-conv00671-20250517_180047-20250518_000047-0.050000-5.000000.png,2025-05-17T18:00:47,2025-05-18T00:00:47,0.05,5.0,2025-05-17T21:00:47,2.525,11.9301635288236,78.9554869237935,NOISE,2025-05-17T21:00:47,2.525,11.9301635288236,78.9554869237935,NOISE,2025-05-17T21:00:47,2.525,11.9301635288236,78.9554869237935,NOISE,2025-05-17T21:00:47,2.525,11.9301635288236,78.9554869237935,NOISE
2026-04-24T09:25:44.604652,Map-Energy__sum__linear-conv00681-20250518_000047-20250518_060047-0.050000-5.000000.png,2025-05-18T00:00:47,2025-05-18T06:00:47,0.05,5.0,2025-05-18T03:00:47,2.525,11.9301635288236,78.9554869237935,NOISE,2025-05-18T03:00:47,2.525,11.9301635288236,78.9554869237935,NOISE,2025-05-18T03:00:47,2.525,11.9301635288236,78.9554869237935,NOISE,2025-05-18T03:00:47,2.525,11.9301635288236,78.9554869237935,NOISE
2026-04-24T09:25:48.548880,Map-Energy__sum__linear-conv00691-20250518_060047-20250518_120047-0.050000-5.000000.png,2025-05-18T06:00:47,2025-05-18T12:00:47,0.05,5.0,2025-05-18T09:00:47,2.525,11.9301635288236,78.9554869237935,NOISE,2025-05-18T09:00:47,2.525,11.9301635288236,78.9554869237935,NOISE,2025-05-18T09:00:47,2.525,11.9301635288236,78.9554869237935,NOISE,2025-05-18T09:00:47,2.525,11.9301635288236,78.9554869237935,NOISE
2026-04-24T09:25:50.269125,Map-Energy__sum__linear-conv00701-20250518_120047-20250518_180047-0.050000-5.000000.png,2025-05-18T12:00:47,2025-05-18T18:00:47,0.05,5.0,2025-05-18T15:00:47,2.525,11.9301635288236,78.9554869237935,NOISE,2025-05-18T15:00:47,2.525,11.9301635288236,78.9554869237935,NOISE,2025-05-18T15:00:47,2.525,11.9301635288236,78.9554869237935,NOISE,2025-05-18T15:00:47,2.525,11.9301635288236,78.9554869237935,NOISE
2026-04-24T09:25:53.236621,Map-Energy__sum__linear-conv00711-20250518_180047-20250519_000047-0.050000-5.000000.png,2025-05-18T18:00:47,2025-05-19T00:00:47,0.05,5.0,2025-05-18T21:00:47,2.525,11.9301635288236,78.9554869237935,NOISE,2025-05-18T21:00:47,2.525,11.9301635288236,78.9554869237935,NOISE,2025-05-18T21:00:47,2.525,11.9301635288236,78.9554869237935,NOISE,2025-05-18T21:00:47,2.525,11.9301635288236,78.9554869237935,NOISE
2026-04-24T09:25:54.572450,Map-Energy__sum__linear-conv00721-20250519_000047-20250519_060047-0.050000-5.000000.png,2025-05-19T00:00:47,2025-05-19T06:00:47,0.05,5.0,2025-05-19T03:00:47,2.525,11.9301635288236,78.9554869237935,NOISE,2025-05-19T03:00:47,2.525,11.9301635288236,78.9554869237935,NOISE,2025-05-19T03:00:47,2.525,11.9301635288236,78.9554869237935,NOISE,2025-05-19T03:00:47,2.525,11.9301635288236,78.9554869237935,NOISE
2026-04-24T09:25:56.069189,Map-Energy__sum__linear-conv00731-20250519_060047-20250519_120047-0.050000-5.000000.png,2025-05-19T06:00:47,2025-05-19T12:00:47,0.05,5.0,2025-05-19T09:00:47,2.525,11.9301635288236,78.9554869237935,NOISE,2025-05-19T09:00:47,2.525,11.9301635288236,78.9554869237935,NOISE,2025-05-19T09:00:47,2.525,11.9301635288236,78.9554869237935,NOISE,2025-05-19T09:00:47,2.525,11.9301635288236,78.9554869237935,NOISE
2026-04-24T09:25:58.236910,Map-Energy__sum__linear-conv00741-20250519_120047-20250519_180047-0.050000-5.000000.png,2025-05-19T12:00:47,2025-05-19T18:00:47,0.05,5.0,2025-05-19T15:00:47,2.525,11.9301635288236,78.9554869237935,NOISE,2025-05-19T15:00:47,2.525,11.9301635288236,78.9554869237935,NOISE,2025-05-19T15:00:47,2.525,11.9301635288236,78.9554869237935,NOISE,2025-05-19T15:00:47,2.525,11.9301635288236,78.9554869237935,NOISE
2026-04-24T09:25:59.076850,Map-Energy__sum__linear-conv00751-20250519_180047-20250520_000047-0.050000-5.000000.png,2025-05-19T18:00:47,2025-05-20T00:00:47,0.05,5.0,2025-05-19T21:00:47,2.525,11.9301635288236,78.9554869237935,NOISE,2025-05-19T21:00:47,2.525,11.9301635288236,78.9554869237935,NOISE,2025-05-19T21:00:47,2.525,11.9301635288236,78.9554869237935,NOISE,2025-05-19T21:00:47,2.525,11.9301635288236,78.9554869237935,NOISE
2026-04-24T09:26:00.740846,Map-Energy__sum__linear-conv00761-20250520_000047-20250520_060047-0.050000-5.000000.png,2025-05-20T00:00:47,2025-05-20T06:00:47,0.05,5.0,2025-05-20T03:00:47,2.525,11.9301635288236,78.9554869237935,NOISE,2025-05-20T03:00:47,2.525,11.9301635288236,78.9554869237935,NOISE,2025-05-20T03:00:47,2.525,11.9301635288236,78.9554869237935,NOISE,2025-05-20T03:00:47,2.525,11.9301635288236,78.9554869237935,NOISE
2026-04-24T09:26:01.820722,Map-Energy__sum__linear-conv00771-20250520_060047-20250520_120047-0.050000-5.000000.png,2025-05-20T06:00:47,2025-05-20T12:00:47,0.05,5.0,2025-05-20T09:00:47,2.525,11.9301635288236,78.9554869237935,NOISE,2025-05-20T09:00:47,2.525,11.9301635288236,78.9554869237935,NOISE,2025-05-20T09:00:47,2.525,11.9301635288236,78.9554869237935,NOISE,2025-05-20T09:00:47,2.525,11.9301635288236,78.9554869237935,NOISE
2026-04-24T09:26:02.677343,Map-Energy__sum__linear-conv00781-20250520_120047-20250520_180047-0.050000-5.000000.png,2025-05-20T12:00:47,2025-05-20T18:00:47,0.05,5.0,2025-05-20T15:00:47,2.525,11.9301635288236,78.9554869237935,NOISE,2025-05-20T15:00:47,2.525,11.9301635288236,78.9554869237935,NOISE,2025-05-20T15:00:47,2.525,11.9301635288236,78.9554869237935,NOISE,2025-05-20T15:00:47,2.525,11.9301635288236,78.9554869237935,NOISE
2026-04-24T09:26:03.693236,Map-Energy__sum__linear-conv00791-20250520_180047-20250521_000047-0.050000-5.000000.png,2025-05-20T18:00:47,2025-05-21T00:00:47,0.05,5.0,2025-05-20T21:00:47,2.525,11.9301635288236,78.9554869237935,NOISE,2025-05-20T21:00:47,2.525,11.9301635288236,78.9554869237935,NOISE,2025-05-20T21:00:47,2.525,11.9301635288236,78.9554869237935,NOISE,2025-05-20T21:00:47,2.525,11.9301635288236,78.9554869237935,NOISE
2026-04-24T09:26:04.612571,Map-Energy__sum__linear-conv00801-20250521_000047-20250521_060047-0.050000-5.000000.png,2025-05-21T00:00:47,2025-05-21T06:00:47,0.05,5.0,2025-05-21T03:00:47,2.525,11.9301635288236,78.9554869237935,NOISE,2025-05-21T03:00:47,2.525,11.9301635288236,78.9554869237935,NOISE,2025-05-21T03:00:47,2.525,11.9301635288236,78.9554869237935,NOISE,2025-05-21T03:00:47,2.525,11.9301635288236,78.9554869237935,NOISE
2026-04-24T09:26:05.404835,Map-Energy__sum__linear-conv00811-20250521_060047-20250521_120047-0.050000-5.000000.png,2025-05-21T06:00:47,2025-05-21T12:00:47,0.05,5.0,2025-05-21T09:00:47,2.525,11.9301635288236,78.9554869237935,NOISE,2025-05-21T09:00:47,2.525,11.9301635288236,78.9554869237935,NOISE,2025-05-21T09:00:47,2.525,11.9301635288236,78.9554869237935,NOISE,2025-05-21T09:00:47,2.525,11.9301635288236,78.9554869237935,NOISE
2026-04-24T09:26:06.236807,Map-Energy__sum__linear-conv00821-20250521_120047-20250521_180047-0.050000-5.000000.png,2025-05-21T12:00:47,2025-05-21T18:00:47,0.05,5.0,2025-05-21T15:00:47,2.525,11.9301635288236,78.9554869237935,NOISE,2025-05-21T15:00:47,2.525,11.9301635288236,78.9554869237935,NOISE,2025-05-21T15:00:47,2.525,11.9301635288236,78.9554869237935,NOISE,2025-05-21T15:00:47,2.525,11.9301635288236,78.9554869237935,NOISE
2026-04-24T09:26:07.036641,Map-Energy__sum__linear-conv00831-20250521_180047-20250522_000047-0.050000-5.000000.png,2025-05-21T18:00:47,2025-05-22T00:00:47,0.05,5.0,2025-05-21T21:00:47,2.525,11.9301635288236,78.9554869237935,NOISE,2025-05-21T21:00:47,2.525,11.9301635288236,78.9554869237935,NOISE,2025-05-21T21:00:47,2.525,11.9301635288236,78.9554869237935,NOISE,2025-05-21T21:00:47,2.525,11.9301635288236,78.9554869237935,NOISE
2026-04-24T09:26:07.932487,Map-Energy__sum__linear-conv00841-20250522_000047-20250522_060047-0.050000-5.000000.png,2025-05-22T00:00:47,2025-05-22T06:00:47,0.05,5.0,2025-05-22T03:00:47,2.525,11.9301635288236,78.9554869237935,NOISE,2025-05-22T03:00:47,2.525,11.9301635288236,78.9554869237935,NOISE,2025-05-22T03:00:47,2.525,11.9301635288236,78.9554869237935,NOISE,2025-05-22T03:00:47,2.525,11.9301635288236,78.9554869237935,NOISE
2026-04-24T09:26:08.628886,Map-Energy__sum__linear-conv00851-20250522_060047-20250522_120047-0.050000-5.000000.png,2025-05-22T06:00:47,2025-05-22T12:00:47,0.05,5.0,2025-05-22T09:00:47,2.525,11.9301635288236,78.9554869237935,NOISE,2025-05-22T09:00:47,2.525,11.9301635288236,78.9554869237935,NOISE,2025-05-22T09:00:47,2.525,11.9301635288236,78.9554869237935,NOISE,2025-05-22T09:00:47,2.525,11.9301635288236,78.9554869237935,NOISE
2026-04-24T09:26:09.404872,Map-Energy__sum__linear-conv00861-20250522_120047-20250522_180047-0.050000-5.000000.png,2025-05-22T12:00:47,2025-05-22T18:00:47,0.05,5.0,2025-05-22T15:00:47,2.525,11.9301635288236,78.9554869237935,NOISE,2025-05-22T15:00:47,2.525,11.9301635288236,78.9554869237935,NOISE,2025-05-22T15:00:47,2.525,11.9301635288236,78.9554869237935,NOISE,2025-05-22T15:00:47,2.525,11.9301635288236,78.9554869237935,NOISE
2026-04-24T09:26:10.108761,Map-Energy__sum__linear-conv00871-20250522_180047-20250523_000047-0.050000-5.000000.png,2025-05-22T18:00:47,2025-05-23T00:00:47,0.05,5.0,2025-05-22T21:00:47,2.525,11.9301635288236,78.9554869237935,NOISE,2025-05-22T21:00:47,2.525,11.9301635288236,78.9554869237935,NOISE,2025-05-22T21:00:47,2.525,11.9301635288236,78.9554869237935,NOISE,2025-05-22T21:00:47,2.525,11.9301635288236,78.9554869237935,NOISE
2026-04-24T09:26:10.948794,Map-Energy__sum__linear-conv00881-20250523_000047-20250523_060047-0.050000-5.000000.png,2025-05-23T00:00:47,2025-05-23T06:00:47,0.05,5.0,2025-05-23T03:00:47,2.525,11.9301635288236,78.9554869237935,NOISE,2025-05-23T03:00:47,2.525,11.9301635288236,78.9554869237935,NOISE,2025-05-23T03:00:47,2.525,11.9301635288236,78.9554869237935,NOISE,2025-05-23T03:00:47,2.525,11.9301635288236,78.9554869237935,NOISE
2026-04-24T09:26:12.212855,Map-Energy__sum__linear-conv00891-20250523_060047-20250523_120047-0.050000-5.000000.png,2025-05-23T06:00:47,2025-05-23T12:00:47,0.05,5.0,2025-05-23T09:00:47,2.525,11.9301635288236,78.9554869237935,NOISE,2025-05-23T09:00:47,2.525,11.9301635288236,78.9554869237935,NOISE,2025-05-23T09:00:47,2.525,11.9301635288236,78.9554869237935,NOISE,2025-05-23T09:00:47,2.525,11.9301635288236,78.9554869237935,NOISE
2026-04-24T09:26:13.572821,Map-Energy__sum__linear-conv00901-20250523_120047-20250523_180047-0.050000-5.000000.png,2025-05-23T12:00:47,2025-05-23T18:00:47,0.05,5.0,2025-05-23T15:00:47,2.525,11.9301635288236,78.9554869237935,NOISE,2025-05-23T15:00:47,2.525,11.9301635288236,78.9554869237935,NOISE,2025-05-23T15:00:47,2.525,11.9301635288236,78.9554869237935,NOISE,2025-05-23T15:00:47,2.525,11.9301635288236,78.9554869237935,NOISE
2026-04-24T09:26:15.140706,Map-Energy__sum__linear-conv00911-20250523_180047-20250524_000047-0.050000-5.000000.png,2025-05-23T18:00:47,2025-05-24T00:00:47,0.05,5.0,2025-05-23T21:00:47,2.525,11.9301635288236,78.9554869237935,NOISE,2025-05-23T21:00:47,2.525,11.9301635288236,78.9554869237935,NOISE,2025-05-23T21:00:47,2.525,11.9301635288236,78.9554869237935,NOISE,2025-05-23T21:00:47,2.525,11.9301635288236,78.9554869237935,NOISE
2026-04-24T09:26:17.116621,Map-Energy__sum__linear-conv00921-20250524_000047-20250524_060047-0.050000-5.000000.png,2025-05-24T00:00:47,2025-05-24T06:00:47,0.05,5.0,2025-05-24T03:00:47,2.525,11.9301635288236,78.9554869237935,NOISE,2025-05-24T03:00:47,2.525,11.9301635288236,78.9554869237935,NOISE,2025-05-24T03:00:47,2.525,11.9301635288236,78.9554869237935,NOISE,2025-05-24T03:00:47,2.525,11.9301635288236,78.9554869237935,NOISE
2026-04-24T09:26:18.324640,Map-Energy__sum__linear-conv00931-20250524_060047-20250524_120047-0.050000-5.000000.png,2025-05-24T06:00:47,2025-05-24T12:00:47,0.05,5.0,2025-05-24T09:00:47,2.525,11.9301635288236,78.9554869237935,NOISE,2025-05-24T09:00:47,2.525,11.9301635288236,78.9554869237935,NOISE,2025-05-24T09:00:47,2.525,11.9301635288236,78.9554869237935,NOISE,2025-05-24T09:00:47,2.525,11.9301635288236,78.9554869237935,NOISE
2026-04-24T09:26:20.732832,Map-Energy__sum__linear-conv00941-20250524_120047-20250524_180047-0.050000-5.000000.png,2025-05-24T12:00:47,2025-05-24T18:00:47,0.05,5.0,2025-05-24T15:00:47,2.525,11.9301635288236,78.9554869237935,NOISE,2025-05-24T15:00:47,2.525,11.9301635288236,78.9554869237935,NOISE,2025-05-24T15:00:47,2.525,11.9301635288236,78.9554869237935,NOISE,2025-05-24T15:00:47,2.525,11.9301635288236,78.9554869237935,NOISE
2026-04-24T09:26:22.676583,Map-Energy__sum__linear-conv00951-20250524_180047-20250525_000047-0.050000-5.000000.png,2025-05-24T18:00:47,2025-05-25T00:00:47,0.05,5.0,2025-05-24T21:00:47,2.525,11.9301635288236,78.9554869237935,NOISE,2025-05-24T21:00:47,2.525,11.9301635288236,78.9554869237935,NOISE,2025-05-24T21:00:47,2.525,11.9301635288236,78.9554869237935,NOISE,2025-05-24T21:00:47,2.525,11.9301635288236,78.9554869237935,NOISE
2026-04-24T09:26:23.580812,Map-Energy__sum__linear-conv00961-20250525_000047-20250525_060047-0.050000-5.000000.png,2025-05-25T00:00:47,2025-05-25T06:00:47,0.05,5.0,2025-05-25T03:00:47,2.525,11.9301635288236,78.9554869237935,NOISE,2025-05-25T03:00:47,2.525,11.9301635288236,78.9554869237935,NOISE,2025-05-25T03:00:47,2.525,11.9301635288236,78.9554869237935,NOISE,2025-05-25T03:00:47,2.525,11.9301635288236,78.9554869237935,NOISE
2026-04-24T09:26:24.452734,Map-Energy__sum__linear-conv00971-20250525_060047-20250525_120047-0.050000-5.000000.png,2025-05-25T06:00:47,2025-05-25T12:00:47,0.05,5.0,2025-05-25T09:00:47,2.525,11.9301635288236,78.9554869237935,NOISE,2025-05-25T09:00:47,2.525,11.9301635288236,78.9554869237935,NOISE,2025-05-25T09:00:47,2.525,11.9301635288236,78.9554869237935,NOISE,2025-05-25T09:00:47,2.525,11.9301635288236,78.9554869237935,NOISE
2026-04-24T09:26:25.508753,Map-Energy__sum__linear-conv00981-20250525_120047-20250525_180047-0.050000-5.000000.png,2025-05-25T12:00:47,2025-05-25T18:00:47,0.05,5.0,2025-05-25T15:00:47,2.525,11.9301635288236,78.9554869237935,NOISE,2025-05-25T15:00:47,2.525,11.9301635288236,78.9554869237935,NOISE,2025-05-25T15:00:47,2.525,11.9301635288236,78.9554869237935,NOISE,2025-05-25T15:00:47,2.525,11.9301635288236,78.9554869237935,NOISE
2026-04-24T09:26:26.820591,Map-Energy__sum__linear-conv00991-20250525_180047-20250526_000047-0.050000-5.000000.png,2025-05-25T18:00:47,2025-05-26T00:00:47,0.05,5.0,2025-05-25T21:00:47,2.525,11.9301635288236,78.9554869237935,NOISE,2025-05-25T21:00:47,2.525,11.9301635288236,78.9554869237935,NOISE,2025-05-25T21:00:47,2.525,11.9301635288236,78.9554869237935,NOISE,2025-05-25T21:00:47,2.525,11.9301635288236,78.9554869237935,NOISE
2026-04-24T09:26:27.684619,Map-Energy__sum__linear-conv01001-20250526_000047-20250526_060047-0.050000-5.000000.png,2025-05-26T00:00:47,2025-05-26T06:00:47,0.05,5.0,2025-05-26T03:00:47,2.525,11.9301635288236,78.9554869237935,NOISE,2025-05-26T03:00:47,2.525,11.9301635288236,78.9554869237935,NOISE,2025-05-26T03:00:47,2.525,11.9301635288236,78.9554869237935,NOISE,2025-05-26T03:00:47,2.525,11.9301635288236,78.9554869237935,NOISE
2026-04-24T09:26:29.884750,Map-Energy__sum__linear-conv00002-20250501_000047-20250501_060047-5.000000-10.000000.png,2025-05-01T00:00:47,2025-05-01T06:00:47,5.0,10.0,2025-05-01T03:00:47,7.5,11.7898272340434,78.9877048432448,NOISE,2025-05-01T03:00:47,7.5,11.7898272340434,78.9877048432448,NOISE,2025-05-01T03:00:47,7.5,11.7898272340434,78.9877048432448,NOISE,2025-05-01T03:00:47,7.5,11.7898272340434,78.9877048432448,NOISE
2026-04-24T09:26:31.100522,Map-Energy__sum__linear-conv00012-20250501_060047-20250501_120047-5.000000-10.000000.png,2025-05-01T06:00:47,2025-05-01T12:00:47,5.0,10.0,2025-05-01T09:00:47,7.5,11.7898272340434,78.9877048432448,NOISE,2025-05-01T09:00:47,7.5,11.7898272340434,78.9877048432448,NOISE,2025-05-01T09:00:47,7.5,11.7898272340434,78.9877048432448,NOISE,2025-05-01T09:00:47,7.5,11.7898272340434,78.9877048432448,NOISE
2026-04-24T09:26:31.948841,Map-Energy__sum__linear-conv00022-20250501_120047-20250501_180047-5.000000-10.000000.png,2025-05-01T12:00:47,2025-05-01T18:00:47,5.0,10.0,2025-05-01T15:00:47,7.5,11.7898272340434,78.9877048432448,NOISE,2025-05-01T15:00:47,7.5,11.7898272340434,78.9877048432448,NOISE,2025-05-01T15:00:47,7.5,11.7898272340434,78.9877048432448,NOISE,2025-05-01T15:00:47,7.5,11.7898272340434,78.9877048432448,NOISE
2026-04-24T09:26:32.748604,Map-Energy__sum__linear-conv00032-20250501_180047-20250502_000047-5.000000-10.000000.png,2025-05-01T18:00:47,2025-05-02T00:00:47,5.0,10.0,2025-05-01T21:00:47,7.5,11.7898272340434,78.9877048432448,NOISE,2025-05-01T21:00:47,7.5,11.7898272340434,78.9877048432448,NOISE,2025-05-01T21:00:47,7.5,11.7898272340434,78.9877048432448,NOISE,2025-05-01T21:00:47,7.5,11.7898272340434,78.9877048432448,NOISE
2026-04-24T09:26:33.700541,Map-Energy__sum__linear-conv00042-20250502_000047-20250502_060047-5.000000-10.000000.png,2025-05-02T00:00:47,2025-05-02T06:00:47,5.0,10.0,2025-05-02T03:00:47,7.5,11.7898272340434,78.9877048432448,NOISE,2025-05-02T03:00:47,7.5,11.7898272340434,78.9877048432448,NOISE,2025-05-02T03:00:47,7.5,11.7898272340434,78.9877048432448,NOISE,2025-05-02T03:00:47,7.5,11.7898272340434,78.9877048432448,NOISE
2026-04-24T09:26:34.508525,Map-Energy__sum__linear-conv00052-20250502_060047-20250502_120047-5.000000-10.000000.png,2025-05-02T06:00:47,2025-05-02T12:00:47,5.0,10.0,2025-05-02T09:00:47,7.5,11.7898272340434,78.9877048432448,NOISE,2025-05-02T09:00:47,7.5,11.7898272340434,78.9877048432448,NOISE,2025-05-02T09:00:47,7.5,11.7898272340434,78.9877048432448,NOISE,2025-05-02T09:00:47,7.5,11.7898272340434,78.9877048432448,NOISE
2026-04-24T09:26:35.372837,Map-Energy__sum__linear-conv00062-20250502_120047-20250502_180047-5.000000-10.000000.png,2025-05-02T12:00:47,2025-05-02T18:00:47,5.0,10.0,2025-05-02T15:00:47,7.5,11.7898272340434,78.9877048432448,NOISE,2025-05-02T15:00:47,7.5,11.7898272340434,78.9877048432448,NOISE,2025-05-02T15:00:47,7.5,11.7898272340434,78.9877048432448,NOISE,2025-05-02T15:00:47,7.5,11.7898272340434,78.9877048432448,NOISE
2026-04-24T09:26:36.333143,Map-Energy__sum__linear-conv00072-20250502_180047-20250503_000047-5.000000-10.000000.png,2025-05-02T18:00:47,2025-05-03T00:00:47,5.0,10.0,2025-05-02T21:00:47,7.5,11.7898272340434,78.9877048432448,NOISE,2025-05-02T21:00:47,7.5,11.7898272340434,78.9877048432448,NOISE,2025-05-02T21:00:47,7.5,11.7898272340434,78.9877048432448,NOISE,2025-05-02T21:00:47,7.5,11.7898272340434,78.9877048432448,NOISE
2026-04-24T09:26:38.828621,Map-Energy__sum__linear-conv00082-20250503_000047-20250503_060047-5.000000-10.000000.png,2025-05-03T00:00:47,2025-05-03T06:00:47,5.0,10.0,2025-05-03T03:00:47,7.5,11.7898272340434,78.9877048432448,NOISE,2025-05-03T03:00:47,7.5,11.7898272340434,78.9877048432448,NOISE,2025-05-03T03:00:47,7.5,11.7898272340434,78.9877048432448,NOISE,2025-05-03T03:00:47,7.5,11.7898272340434,78.9877048432448,NOISE
2026-04-24T09:26:41.116895,Map-Energy__sum__linear-conv00092-20250503_060047-20250503_120047-5.000000-10.000000.png,2025-05-03T06:00:47,2025-05-03T12:00:47,5.0,10.0,2025-05-03T09:00:47,7.5,11.7898272340434,78.9877048432448,NOISE,2025-05-03T09:00:47,7.5,11.7898272340434,78.9877048432448,NOISE,2025-05-03T09:00:47,7.5,11.7898272340434,78.9877048432448,NOISE,2025-05-03T09:00:47,7.5,11.7898272340434,78.9877048432448,NOISE
2026-04-24T09:26:43.212570,Map-Energy__sum__linear-conv00102-20250503_120047-20250503_180047-5.000000-10.000000.png,2025-05-03T12:00:47,2025-05-03T18:00:47,5.0,10.0,2025-05-03T15:00:47,7.5,11.7898272340434,78.9877048432448,NOISE,2025-05-03T15:00:47,7.5,11.7898272340434,78.9877048432448,NOISE,2025-05-03T15:00:47,7.5,11.7898272340434,78.9877048432448,NOISE,2025-05-03T15:00:47,7.5,11.7898272340434,78.9877048432448,NOISE
2026-04-24T09:26:44.764575,Map-Energy__sum__linear-conv00112-20250503_180047-20250504_000047-5.000000-10.000000.png,2025-05-03T18:00:47,2025-05-04T00:00:47,5.0,10.0,2025-05-03T21:00:47,7.5,11.7898272340434,78.9877048432448,NOISE,2025-05-03T21:00:47,7.5,11.7898272340434,78.9877048432448,NOISE,2025-05-03T21:00:47,7.5,11.7898272340434,78.9877048432448,NOISE,2025-05-03T21:00:47,7.5,11.7898272340434,78.9877048432448,NOISE
2026-04-24T09:26:45.532664,Map-Energy__sum__linear-conv00122-20250504_000047-20250504_060047-5.000000-10.000000.png,2025-05-04T00:00:47,2025-05-04T06:00:47,5.0,10.0,2025-05-04T03:00:47,7.5,11.7898272340434,78.9877048432448,NOISE,2025-05-04T03:00:47,7.5,11.7898272340434,78.9877048432448,NOISE,2025-05-04T03:00:47,7.5,11.7898272340434,78.9877048432448,NOISE,2025-05-04T03:00:47,7.5,11.7898272340434,78.9877048432448,NOISE
2026-04-24T09:26:46.332920,Map-Energy__sum__linear-conv00132-20250504_060047-20250504_120047-5.000000-10.000000.png,2025-05-04T06:00:47,2025-05-04T12:00:47,5.0,10.0,2025-05-04T09:00:47,7.5,11.7898272340434,78.9877048432448,NOISE,2025-05-04T09:00:47,7.5,11.7898272340434,78.9877048432448,NOISE,2025-05-04T09:00:47,7.5,11.7898272340434,78.9877048432448,NOISE,2025-05-04T09:00:47,7.5,11.7898272340434,78.9877048432448,NOISE
2026-04-24T09:26:47.391291,Map-Energy__sum__linear-conv00142-20250504_120047-20250504_180047-5.000000-10.000000.png,2025-05-04T12:00:47,2025-05-04T18:00:47,5.0,10.0,2025-05-04T15:00:47,7.5,11.7898272340434,78.9877048432448,NOISE,2025-05-04T15:00:47,7.5,11.7898272340434,78.9877048432448,NOISE,2025-05-04T15:00:47,7.5,11.7898272340434,78.9877048432448,NOISE,2025-05-04T15:00:47,7.5,11.7898272340434,78.9877048432448,NOISE
2026-04-24T09:26:48.244786,Map-Energy__sum__linear-conv00152-20250504_180047-20250505_000047-5.000000-10.000000.png,2025-05-04T18:00:47,2025-05-05T00:00:47,5.0,10.0,2025-05-04T21:00:47,7.5,11.7898272340434,78.9877048432448,NOISE,2025-05-04T21:00:47,7.5,11.7898272340434,78.9877048432448,NOISE,2025-05-04T21:00:47,7.5,11.7898272340434,78.9877048432448,NOISE,2025-05-04T21:00:47,7.5,11.7898272340434,78.9877048432448,NOISE
2026-04-24T09:26:49.156788,Map-Energy__sum__linear-conv00162-20250505_000047-20250505_060047-5.000000-10.000000.png,2025-05-05T00:00:47,2025-05-05T06:00:47,5.0,10.0,2025-05-05T03:00:47,7.5,11.7898272340434,78.9877048432448,NOISE,2025-05-05T03:00:47,7.5,11.7898272340434,78.9877048432448,NOISE,2025-05-05T03:00:47,7.5,11.7898272340434,78.9877048432448,NOISE,2025-05-05T03:00:47,7.5,11.7898272340434,78.9877048432448,NOISE
2026-04-24T09:26:50.708718,Map-Energy__sum__linear-conv00172-20250505_060047-20250505_120047-5.000000-10.000000.png,2025-05-05T06:00:47,2025-05-05T12:00:47,5.0,10.0,2025-05-05T09:00:47,7.5,11.7898272340434,78.9877048432448,NOISE,2025-05-05T09:00:47,7.5,11.7898272340434,78.9877048432448,NOISE,2025-05-05T09:00:47,7.5,11.7898272340434,78.9877048432448,NOISE,2025-05-05T09:00:47,7.5,11.7898272340434,78.9877048432448,NOISE
2026-04-24T09:26:52.348725,Map-Energy__sum__linear-conv00182-20250505_120047-20250505_180047-5.000000-10.000000.png,2025-05-05T12:00:47,2025-05-05T18:00:47,5.0,10.0,2025-05-05T15:00:47,7.5,11.7898272340434,78.9877048432448,NOISE,2025-05-05T15:00:47,7.5,11.7898272340434,78.9877048432448,NOISE,2025-05-05T15:00:47,7.5,11.7898272340434,78.9877048432448,NOISE,2025-05-05T15:00:47,7.5,11.7898272340434,78.9877048432448,NOISE
2026-04-24T09:26:53.292594,Map-Energy__sum__linear-conv00192-20250505_180047-20250506_000047-5.000000-10.000000.png,2025-05-05T18:00:47,2025-05-06T00:00:47,5.0,10.0,2025-05-05T21:00:47,7.5,11.7898272340434,78.9877048432448,NOISE,2025-05-05T21:00:47,7.5,11.7898272340434,78.9877048432448,NOISE,2025-05-05T21:00:47,7.5,11.7898272340434,78.9877048432448,NOISE,2025-05-05T21:00:47,7.5,11.7898272340434,78.9877048432448,NOISE
2026-04-24T09:26:54.108811,Map-Energy__sum__linear-conv00202-20250506_000047-20250506_060047-5.000000-10.000000.png,2025-05-06T00:00:47,2025-05-06T06:00:47,5.0,10.0,2025-05-06T03:00:47,7.5,11.7898272340434,78.9877048432448,NOISE,2025-05-06T03:00:47,7.5,11.7898272340434,78.9877048432448,NOISE,2025-05-06T03:00:47,7.5,11.7898272340434,78.9877048432448,NOISE,2025-05-06T03:00:47,7.5,11.7898272340434,78.9877048432448,NOISE
2026-04-24T09:26:55.900795,Map-Energy__sum__linear-conv00212-20250506_060047-20250506_120047-5.000000-10.000000.png,2025-05-06T06:00:47,2025-05-06T12:00:47,5.0,10.0,2025-05-06T09:00:47,7.5,11.7898272340434,78.9877048432448,NOISE,2025-05-06T09:00:47,7.5,11.7898272340434,78.9877048432448,NOISE,2025-05-06T09:00:47,7.5,11.7898272340434,78.9877048432448,NOISE,2025-05-06T09:00:47,7.5,11.7898272340434,78.9877048432448,NOISE
2026-04-24T09:26:57.180643,Map-Energy__sum__linear-conv00222-20250506_120047-20250506_180047-5.000000-10.000000.png,2025-05-06T12:00:47,2025-05-06T18:00:47,5.0,10.0,2025-05-06T15:00:47,7.5,11.7898272340434,78.9877048432448,NOISE,2025-05-06T15:00:47,7.5,11.7898272340434,78.9877048432448,NOISE,2025-05-06T15:00:47,7.5,11.7898272340434,78.9877048432448,NOISE,2025-05-06T15:00:47,7.5,11.7898272340434,78.9877048432448,NOISE
2026-04-24T09:26:57.980738,Map-Energy__sum__linear-conv00232-20250506_180047-20250507_000047-5.000000-10.000000.png,2025-05-06T18:00:47,2025-05-07T00:00:47,5.0,10.0,2025-05-06T21:00:47,7.5,11.7898272340434,78.9877048432448,NOISE,2025-05-06T21:00:47,7.5,11.7898272340434,78.9877048432448,NOISE,2025-05-06T21:00:47,7.5,11.7898272340434,78.9877048432448,NOISE,2025-05-06T21:00:47,7.5,11.7898272340434,78.9877048432448,NOISE
2026-04-24T09:26:58.741535,Map-Energy__sum__linear-conv00242-20250507_000047-20250507_060047-5.000000-10.000000.png,2025-05-07T00:00:47,2025-05-07T06:00:47,5.0,10.0,2025-05-07T03:00:47,7.5,11.7898272340434,78.9877048432448,NOISE,2025-05-07T03:00:47,7.5,11.7898272340434,78.9877048432448,NOISE,2025-05-07T03:00:47,7.5,11.7898272340434,78.9877048432448,NOISE,2025-05-07T03:00:47,7.5,11.7898272340434,78.9877048432448,NOISE
2026-04-24T09:26:59.453246,Map-Energy__sum__linear-conv00252-20250507_060047-20250507_120047-5.000000-10.000000.png,2025-05-07T06:00:47,2025-05-07T12:00:47,5.0,10.0,2025-05-07T09:00:47,7.5,11.7898272340434,78.9877048432448,NOISE,2025-05-07T09:00:47,7.5,11.7898272340434,78.9877048432448,NOISE,2025-05-07T09:00:47,7.5,11.7898272340434,78.9877048432448,NOISE,2025-05-07T09:00:47,7.5,11.7898272340434,78.9877048432448,NOISE
2026-04-24T09:27:00.148835,Map-Energy__sum__linear-conv00262-20250507_120047-20250507_180047-5.000000-10.000000.png,2025-05-07T12:00:47,2025-05-07T18:00:47,5.0,10.0,2025-05-07T15:00:47,7.5,11.7898272340434,78.9877048432448,NOISE,2025-05-07T15:00:47,7.5,11.7898272340434,78.9877048432448,NOISE,2025-05-07T15:00:47,7.5,11.7898272340434,78.9877048432448,NOISE,2025-05-07T15:00:47,7.5,11.7898272340434,78.9877048432448,NOISE
2026-04-24T09:27:00.900596,Map-Energy__sum__linear-conv00272-20250507_180047-20250508_000047-5.000000-10.000000.png,2025-05-07T18:00:47,2025-05-08T00:00:47,5.0,10.0,2025-05-07T21:00:47,7.5,11.7898272340434,78.9877048432448,NOISE,2025-05-07T21:00:47,7.5,11.7898272340434,78.9877048432448,NOISE,2025-05-07T21:00:47,7.5,11.7898272340434,78.9877048432448,NOISE,2025-05-07T21:00:47,7.5,11.7898272340434,78.9877048432448,NOISE
2026-04-24T09:27:01.612675,Map-Energy__sum__linear-conv00282-20250508_000047-20250508_060047-5.000000-10.000000.png,2025-05-08T00:00:47,2025-05-08T06:00:47,5.0,10.0,2025-05-08T03:00:47,7.5,11.7898272340434,78.9877048432448,NOISE,2025-05-08T03:00:47,7.5,11.7898272340434,78.9877048432448,NOISE,2025-05-08T03:00:47,7.5,11.7898272340434,78.9877048432448,NOISE,2025-05-08T03:00:47,7.5,11.7898272340434,78.9877048432448,NOISE
2026-04-24T09:27:02.356572,Map-Energy__sum__linear-conv00292-20250508_060047-20250508_120047-5.000000-10.000000.png,2025-05-08T06:00:47,2025-05-08T12:00:47,5.0,10.0,2025-05-08T09:00:47,7.5,11.7898272340434,78.9877048432448,NOISE,2025-05-08T09:00:47,7.5,11.7898272340434,78.9877048432448,NOISE,2025-05-08T09:00:47,7.5,11.7898272340434,78.9877048432448,NOISE,2025-05-08T09:00:47,7.5,11.7898272340434,78.9877048432448,NOISE
2026-04-24T09:27:03.044657,Map-Energy__sum__linear-conv00302-20250508_120047-20250508_180047-5.000000-10.000000.png,2025-05-08T12:00:47,2025-05-08T18:00:47,5.0,10.0,2025-05-08T15:00:47,7.5,11.7898272340434,78.9877048432448,NOISE,2025-05-08T15:00:47,7.5,11.7898272340434,78.9877048432448,NOISE,2025-05-08T15:00:47,7.5,11.7898272340434,78.9877048432448,NOISE,2025-05-08T15:00:47,7.5,11.7898272340434,78.9877048432448,NOISE
2026-04-24T09:27:03.748810,Map-Energy__sum__linear-conv00312-20250508_180047-20250509_000047-5.000000-10.000000.png,2025-05-08T18:00:47,2025-05-09T00:00:47,5.0,10.0,2025-05-08T21:00:47,7.5,11.7898272340434,78.9877048432448,NOISE,2025-05-08T21:00:47,7.5,11.7898272340434,78.9877048432448,NOISE,2025-05-08T21:00:47,7.5,11.7898272340434,78.9877048432448,NOISE,2025-05-08T21:00:47,7.5,11.7898272340434,78.9877048432448,NOISE
2026-04-24T09:27:59.380350,Map-Energy__sum__linear-conv00322-20250509_000047-20250509_060047-5.000000-10.000000.png,2025-05-09T00:00:47,2025-05-09T06:00:47,5.0,10.0,2025-05-09T03:00:47,7.5,11.7898272340434,78.9877048432448,NOISE,2025-05-09T03:00:47,7.5,11.7898272340434,78.9877048432448,NOISE,2025-05-09T03:00:47,7.5,11.7898272340434,78.9877048432448,NOISE,2025-05-09T03:00:47,7.5,11.7898272340434,78.9877048432448,NOISE
2026-04-24T09:28:13.325968,Map-Energy__sum__linear-conv00332-20250509_060047-20250509_120047-5.000000-10.000000.png,2025-05-09T06:00:47,2025-05-09T12:00:47,5.0,10.0,2025-05-09T09:00:47,7.5,11.7898272340434,78.9877048432448,NOISE,2025-05-09T09:00:47,7.5,11.7898272340434,78.9877048432448,NOISE,2025-05-09T09:00:47,7.5,11.7898272340434,78.9877048432448,NOISE,2025-05-09T09:00:47,7.5,11.7898272340434,78.9877048432448,NOISE
2026-04-24T09:28:14.948602,Map-Energy__sum__linear-conv00342-20250509_120047-20250509_180047-5.000000-10.000000.png,2025-05-09T12:00:47,2025-05-09T18:00:47,5.0,10.0,2025-05-09T15:00:47,7.5,11.7898272340434,78.9877048432448,NOISE,2025-05-09T15:00:47,7.5,11.7898272340434,78.9877048432448,NOISE,2025-05-09T15:00:47,7.5,11.7898272340434,78.9877048432448,NOISE,2025-05-09T15:00:47,7.5,11.7898272340434,78.9877048432448,NOISE
2026-04-24T09:28:17.692485,Map-Energy__sum__linear-conv00352-20250509_180047-20250510_000047-5.000000-10.000000.png,2025-05-09T18:00:47,2025-05-10T00:00:47,5.0,10.0,2025-05-09T21:00:47,7.5,11.7898272340434,78.9877048432448,NOISE,2025-05-09T21:00:47,7.5,11.7898272340434,78.9877048432448,NOISE,2025-05-09T21:00:47,7.5,11.7898272340434,78.9877048432448,NOISE,2025-05-09T21:00:47,7.5,11.7898272340434,78.9877048432448,NOISE
2026-04-24T09:28:18.972578,Map-Energy__sum__linear-conv00362-20250510_000047-20250510_060047-5.000000-10.000000.png,2025-05-10T00:00:47,2025-05-10T06:00:47,5.0,10.0,2025-05-10T03:00:47,7.5,11.7898272340434,78.9877048432448,NOISE,2025-05-10T03:00:47,7.5,11.7898272340434,78.9877048432448,NOISE,2025-05-10T03:00:47,7.5,11.7898272340434,78.9877048432448,NOISE,2025-05-10T03:00:47,7.5,11.7898272340434,78.9877048432448,NOISE
2026-04-24T09:28:20.012538,Map-Energy__sum__linear-conv00372-20250510_060047-20250510_120047-5.000000-10.000000.png,2025-05-10T06:00:47,2025-05-10T12:00:47,5.0,10.0,2025-05-10T09:00:47,7.5,11.7898272340434,78.9877048432448,NOISE,2025-05-10T09:00:47,7.5,11.7898272340434,78.9877048432448,NOISE,2025-05-10T09:00:47,7.5,11.7898272340434,78.9877048432448,NOISE,2025-05-10T09:00:47,7.5,11.7898272340434,78.9877048432448,NOISE
2026-04-24T09:28:22.812517,Map-Energy__sum__linear-conv00382-20250510_120047-20250510_180047-5.000000-10.000000.png,2025-05-10T12:00:47,2025-05-10T18:00:47,5.0,10.0,2025-05-10T15:00:47,7.5,11.7898272340434,78.9877048432448,NOISE,2025-05-10T15:00:47,7.5,11.7898272340434,78.9877048432448,NOISE,2025-05-10T15:00:47,7.5,11.7898272340434,78.9877048432448,NOISE,2025-05-10T15:00:47,7.5,11.7898272340434,78.9877048432448,NOISE
2026-04-24T09:28:24.460321,Map-Energy__sum__linear-conv00392-20250510_180047-20250511_000047-5.000000-10.000000.png,2025-05-10T18:00:47,2025-05-11T00:00:47,5.0,10.0,2025-05-10T21:00:47,7.5,11.7898272340434,78.9877048432448,NOISE,2025-05-10T21:00:47,7.5,11.7898272340434,78.9877048432448,NOISE,2025-05-10T21:00:47,7.5,11.7898272340434,78.9877048432448,NOISE,2025-05-10T21:00:47,7.5,11.7898272340434,78.9877048432448,NOISE
2026-04-24T09:28:26.700540,Map-Energy__sum__linear-conv00402-20250511_000047-20250511_060047-5.000000-10.000000.png,2025-05-11T00:00:47,2025-05-11T06:00:47,5.0,10.0,2025-05-11T03:00:47,7.5,11.7898272340434,78.9877048432448,NOISE,2025-05-11T03:00:47,7.5,11.7898272340434,78.9877048432448,NOISE,2025-05-11T03:00:47,7.5,11.7898272340434,78.9877048432448,NOISE,2025-05-11T03:00:47,7.5,11.7898272340434,78.9877048432448,NOISE
2026-04-24T09:28:27.940542,Map-Energy__sum__linear-conv00412-20250511_060047-20250511_120047-5.000000-10.000000.png,2025-05-11T06:00:47,2025-05-11T12:00:47,5.0,10.0,2025-05-11T09:00:47,7.5,11.7898272340434,78.9877048432448,NOISE,2025-05-11T09:00:47,7.5,11.7898272340434,78.9877048432448,NOISE,2025-05-11T09:00:47,7.5,11.7898272340434,78.9877048432448,NOISE,2025-05-11T09:00:47,7.5,11.7898272340434,78.9877048432448,NOISE
2026-04-24T09:28:31.092713,Map-Energy__sum__linear-conv00422-20250511_120047-20250511_180047-5.000000-10.000000.png,2025-05-11T12:00:47,2025-05-11T18:00:47,5.0,10.0,2025-05-11T15:00:47,7.5,11.7898272340434,78.9877048432448,NOISE,2025-05-11T15:00:47,7.5,11.7898272340434,78.9877048432448,NOISE,2025-05-11T15:00:47,7.5,11.7898272340434,78.9877048432448,NOISE,2025-05-11T15:00:47,7.5,11.7898272340434,78.9877048432448,NOISE
2026-04-24T09:28:31.494184,Map-Energy__sum__linear-conv00432-20250511_180047-20250512_000047-5.000000-10.000000.png,2025-05-11T18:00:47,2025-05-12T00:00:47,5.0,10.0,2025-05-11T21:00:47,7.5,11.7898272340434,78.9877048432448,NOISE,2025-05-11T21:00:47,7.5,11.7898272340434,78.9877048432448,NOISE,2025-05-11T21:00:47,7.5,11.7898272340434,78.9877048432448,NOISE,2025-05-11T21:00:47,7.5,11.7898272340434,78.9877048432448,NOISE
2026-04-24T09:28:32.940701,Map-Energy__sum__linear-conv00442-20250512_000047-20250512_060047-5.000000-10.000000.png,2025-05-12T00:00:47,2025-05-12T06:00:47,5.0,10.0,2025-05-12T03:00:47,7.5,11.7898272340434,78.9877048432448,NOISE,2025-05-12T03:00:47,7.5,11.7898272340434,78.9877048432448,NOISE,2025-05-12T03:00:47,7.5,11.7898272340434,78.9877048432448,NOISE,2025-05-12T03:00:47,7.5,11.7898272340434,78.9877048432448,NOISE
2026-04-24T09:28:35.940663,Map-Energy__sum__linear-conv00452-20250512_060047-20250512_120047-5.000000-10.000000.png,2025-05-12T06:00:47,2025-05-12T12:00:47,5.0,10.0,2025-05-12T09:00:47,7.5,11.7898272340434,78.9877048432448,NOISE,2025-05-12T09:00:47,7.5,11.7898272340434,78.9877048432448,NOISE,2025-05-12T09:00:47,7.5,11.7898272340434,78.9877048432448,NOISE,2025-05-12T09:00:47,7.5,11.7898272340434,78.9877048432448,NOISE
2026-04-24T09:28:37.228614,Map-Energy__sum__linear-conv00462-20250512_120047-20250512_180047-5.000000-10.000000.png,2025-05-12T12:00:47,2025-05-12T18:00:47,5.0,10.0,2025-05-12T15:00:47,7.5,11.7898272340434,78.9877048432448,NOISE,2025-05-12T15:00:47,7.5,11.7898272340434,78.9877048432448,NOISE,2025-05-12T15:00:47,7.5,11.7898272340434,78.9877048432448,NOISE,2025-05-12T15:00:47,7.5,11.7898272340434,78.9877048432448,NOISE
2026-04-24T09:28:38.556728,Map-Energy__sum__linear-conv00472-20250512_180047-20250513_000047-5.000000-10.000000.png,2025-05-12T18:00:47,2025-05-13T00:00:47,5.0,10.0,2025-05-12T21:00:47,7.5,11.7898272340434,78.9877048432448,NOISE,2025-05-12T21:00:47,7.5,11.7898272340434,78.9877048432448,NOISE,2025-05-12T21:00:47,7.5,11.7898272340434,78.9877048432448,NOISE,2025-05-12T21:00:47,7.5,11.7898272340434,78.9877048432448,NOISE
2026-04-24T09:28:44.356826,Map-Energy__sum__linear-conv00482-20250513_000047-20250513_060047-5.000000-10.000000.png,2025-05-13T00:00:47,2025-05-13T06:00:47,5.0,10.0,2025-05-13T03:00:47,7.5,11.7898272340434,78.9877048432448,NOISE,2025-05-13T03:00:47,7.5,11.7898272340434,78.9877048432448,NOISE,2025-05-13T03:00:47,7.5,11.7898272340434,78.9877048432448,NOISE,2025-05-13T03:00:47,7.5,11.7898272340434,78.9877048432448,NOISE
2026-04-24T09:28:47.500785,Map-Energy__sum__linear-conv00492-20250513_060047-20250513_120047-5.000000-10.000000.png,2025-05-13T06:00:47,2025-05-13T12:00:47,5.0,10.0,2025-05-13T09:00:47,7.5,11.7898272340434,78.9877048432448,NOISE,2025-05-13T09:00:47,7.5,11.7898272340434,78.9877048432448,NOISE,2025-05-13T09:00:47,7.5,11.7898272340434,78.9877048432448,NOISE,2025-05-13T09:00:47,7.5,11.7898272340434,78.9877048432448,NOISE
2026-04-24T09:28:49.972600,Map-Energy__sum__linear-conv00502-20250513_120047-20250513_180047-5.000000-10.000000.png,2025-05-13T12:00:47,2025-05-13T18:00:47,5.0,10.0,2025-05-13T15:00:47,7.5,11.7898272340434,78.9877048432448,NOISE,2025-05-13T15:00:47,7.5,11.7898272340434,78.9877048432448,NOISE,2025-05-13T15:00:47,7.5,11.7898272340434,78.9877048432448,NOISE,2025-05-13T15:00:47,7.5,11.7898272340434,78.9877048432448,NOISE
2026-04-24T09:28:51.172566,Map-Energy__sum__linear-conv00512-20250513_180047-20250514_000047-5.000000-10.000000.png,2025-05-13T18:00:47,2025-05-14T00:00:47,5.0,10.0,2025-05-13T21:00:47,7.5,11.7898272340434,78.9877048432448,NOISE,2025-05-13T21:00:47,7.5,11.7898272340434,78.9877048432448,NOISE,2025-05-13T21:00:47,7.5,11.7898272340434,78.9877048432448,NOISE,2025-05-13T21:00:47,7.5,11.7898272340434,78.9877048432448,NOISE
2026-04-24T09:28:55.068733,Map-Energy__sum__linear-conv00522-20250514_000047-20250514_060047-5.000000-10.000000.png,2025-05-14T00:00:47,2025-05-14T06:00:47,5.0,10.0,2025-05-14T03:00:47,7.5,11.7898272340434,78.9877048432448,NOISE,2025-05-14T03:00:47,7.5,11.7898272340434,78.9877048432448,NOISE,2025-05-14T03:00:47,7.5,11.7898272340434,78.9877048432448,NOISE,2025-05-14T03:00:47,7.5,11.7898272340434,78.9877048432448,NOISE
2026-04-24T09:28:56.052818,Map-Energy__sum__linear-conv00532-20250514_060047-20250514_120047-5.000000-10.000000.png,2025-05-14T06:00:47,2025-05-14T12:00:47,5.0,10.0,2025-05-14T09:00:47,7.5,11.7898272340434,78.9877048432448,NOISE,2025-05-14T09:00:47,7.5,11.7898272340434,78.9877048432448,NOISE,2025-05-14T09:00:47,7.5,11.7898272340434,78.9877048432448,NOISE,2025-05-14T09:00:47,7.5,11.7898272340434,78.9877048432448,NOISE
2026-04-24T09:28:56.892555,Map-Energy__sum__linear-conv00542-20250514_120047-20250514_180047-5.000000-10.000000.png,2025-05-14T12:00:47,2025-05-14T18:00:47,5.0,10.0,2025-05-14T15:00:47,7.5,11.7898272340434,78.9877048432448,NOISE,2025-05-14T15:00:47,7.5,11.7898272340434,78.9877048432448,NOISE,2025-05-14T15:00:47,7.5,11.7898272340434,78.9877048432448,NOISE,2025-05-14T15:00:47,7.5,11.7898272340434,78.9877048432448,NOISE
2026-04-24T09:28:58.876408,Map-Energy__sum__linear-conv00552-20250514_180047-20250515_000047-5.000000-10.000000.png,2025-05-14T18:00:47,2025-05-15T00:00:47,5.0,10.0,2025-05-14T21:00:47,7.5,11.7898272340434,78.9877048432448,NOISE,2025-05-14T21:00:47,7.5,11.7898272340434,78.9877048432448,NOISE,2025-05-14T21:00:47,7.5,11.7898272340434,78.9877048432448,NOISE,2025-05-14T21:00:47,7.5,11.7898272340434,78.9877048432448,NOISE
2026-04-24T09:29:00.292723,Map-Energy__sum__linear-conv00562-20250515_000047-20250515_060047-5.000000-10.000000.png,2025-05-15T00:00:47,2025-05-15T06:00:47,5.0,10.0,2025-05-15T03:00:47,7.5,11.7898272340434,78.9877048432448,NOISE,2025-05-15T03:00:47,7.5,11.7898272340434,78.9877048432448,NOISE,2025-05-15T03:00:47,7.5,11.7898272340434,78.9877048432448,NOISE,2025-05-15T03:00:47,7.5,11.7898272340434,78.9877048432448,NOISE
2026-04-24T09:29:01.204594,Map-Energy__sum__linear-conv00572-20250515_060047-20250515_120047-5.000000-10.000000.png,2025-05-15T06:00:47,2025-05-15T12:00:47,5.0,10.0,2025-05-15T09:00:47,7.5,11.7898272340434,78.9877048432448,NOISE,2025-05-15T09:00:47,7.5,11.7898272340434,78.9877048432448,NOISE,2025-05-15T09:00:47,7.5,11.7898272340434,78.9877048432448,NOISE,2025-05-15T09:00:47,7.5,11.7898272340434,78.9877048432448,NOISE
2026-04-24T09:29:03.516622,Map-Energy__sum__linear-conv00582-20250515_120047-20250515_180047-5.000000-10.000000.png,2025-05-15T12:00:47,2025-05-15T18:00:47,5.0,10.0,2025-05-15T15:00:47,7.5,11.7898272340434,78.9877048432448,NOISE,2025-05-15T15:00:47,7.5,11.7898272340434,78.9877048432448,NOISE,2025-05-15T15:00:47,7.5,11.7898272340434,78.9877048432448,NOISE,2025-05-15T15:00:47,7.5,11.7898272340434,78.9877048432448,NOISE
2026-04-24T09:29:05.196594,Map-Energy__sum__linear-conv00592-20250515_180047-20250516_000047-5.000000-10.000000.png,2025-05-15T18:00:47,2025-05-16T00:00:47,5.0,10.0,2025-05-15T21:00:47,7.5,11.7898272340434,78.9877048432448,NOISE,2025-05-15T21:00:47,7.5,11.7898272340434,78.9877048432448,NOISE,2025-05-15T21:00:47,7.5,11.7898272340434,78.9877048432448,NOISE,2025-05-15T21:00:47,7.5,11.7898272340434,78.9877048432448,NOISE
2026-04-24T09:29:06.532635,Map-Energy__sum__linear-conv00602-20250516_000047-20250516_060047-5.000000-10.000000.png,2025-05-16T00:00:47,2025-05-16T06:00:47,5.0,10.0,2025-05-16T03:00:47,7.5,11.7898272340434,78.9877048432448,NOISE,2025-05-16T03:00:47,7.5,11.7898272340434,78.9877048432448,NOISE,2025-05-16T03:00:47,7.5,11.7898272340434,78.9877048432448,NOISE,2025-05-16T03:00:47,7.5,11.7898272340434,78.9877048432448,NOISE
2026-04-24T09:29:08.901708,Map-Energy__sum__linear-conv00612-20250516_060047-20250516_120047-5.000000-10.000000.png,2025-05-16T06:00:47,2025-05-16T12:00:47,5.0,10.0,2025-05-16T09:00:47,7.5,11.7898272340434,78.9877048432448,NOISE,2025-05-16T09:00:47,7.5,11.7898272340434,78.9877048432448,NOISE,2025-05-16T09:00:47,7.5,11.7898272340434,78.9877048432448,NOISE,2025-05-16T09:00:47,7.5,11.7898272340434,78.9877048432448,NOISE
2026-04-24T09:29:10.037496,Map-Energy__sum__linear-conv00622-20250516_120047-20250516_180047-5.000000-10.000000.png,2025-05-16T12:00:47,2025-05-16T18:00:47,5.0,10.0,2025-05-16T15:00:47,7.5,11.7898272340434,78.9877048432448,NOISE,2025-05-16T15:00:47,7.5,11.7898272340434,78.9877048432448,NOISE,2025-05-16T15:00:47,7.5,11.7898272340434,78.9877048432448,NOISE,2025-05-16T15:00:47,7.5,11.7898272340434,78.9877048432448,NOISE
2026-04-24T09:29:11.196541,Map-Energy__sum__linear-conv00632-20250516_180047-20250517_000047-5.000000-10.000000.png,2025-05-16T18:00:47,2025-05-17T00:00:47,5.0,10.0,2025-05-16T21:00:47,7.5,11.7898272340434,78.9877048432448,NOISE,2025-05-16T21:00:47,7.5,11.7898272340434,78.9877048432448,NOISE,2025-05-16T21:00:47,7.5,11.7898272340434,78.9877048432448,NOISE,2025-05-16T21:00:47,7.5,11.7898272340434,78.9877048432448,NOISE
2026-04-24T09:29:11.630011,Map-Energy__sum__linear-conv00642-20250517_000047-20250517_060047-5.000000-10.000000.png,2025-05-17T00:00:47,2025-05-17T06:00:47,5.0,10.0,2025-05-17T03:00:47,7.5,11.7898272340434,78.9877048432448,NOISE,2025-05-17T03:00:47,7.5,11.7898272340434,78.9877048432448,NOISE,2025-05-17T03:00:47,7.5,11.7898272340434,78.9877048432448,NOISE,2025-05-17T03:00:47,7.5,11.7898272340434,78.9877048432448,NOISE
2026-04-24T09:29:12.500858,Map-Energy__sum__linear-conv00652-20250517_060047-20250517_120047-5.000000-10.000000.png,2025-05-17T06:00:47,2025-05-17T12:00:47,5.0,10.0,2025-05-17T09:00:47,7.5,11.7898272340434,78.9877048432448,NOISE,2025-05-17T09:00:47,7.5,11.7898272340434,78.9877048432448,NOISE,2025-05-17T09:00:47,7.5,11.7898272340434,78.9877048432448,NOISE,2025-05-17T09:00:47,7.5,11.7898272340434,78.9877048432448,NOISE
2026-04-24T09:29:13.548582,Map-Energy__sum__linear-conv00662-20250517_120047-20250517_180047-5.000000-10.000000.png,2025-05-17T12:00:47,2025-05-17T18:00:47,5.0,10.0,2025-05-17T15:00:47,7.5,11.7898272340434,78.9877048432448,NOISE,2025-05-17T15:00:47,7.5,11.7898272340434,78.9877048432448,NOISE,2025-05-17T15:00:47,7.5,11.7898272340434,78.9877048432448,NOISE,2025-05-17T15:00:47,7.5,11.7898272340434,78.9877048432448,NOISE
2026-04-24T09:29:14.364683,Map-Energy__sum__linear-conv00672-20250517_180047-20250518_000047-5.000000-10.000000.png,2025-05-17T18:00:47,2025-05-18T00:00:47,5.0,10.0,2025-05-17T21:00:47,7.5,11.7898272340434,78.9877048432448,NOISE,2025-05-17T21:00:47,7.5,11.7898272340434,78.9877048432448,NOISE,2025-05-17T21:00:47,7.5,11.7898272340434,78.9877048432448,NOISE,2025-05-17T21:00:47,7.5,11.7898272340434,78.9877048432448,NOISE
2026-04-24T09:29:15.180494,Map-Energy__sum__linear-conv00682-20250518_000047-20250518_060047-5.000000-10.000000.png,2025-05-18T00:00:47,2025-05-18T06:00:47,5.0,10.0,2025-05-18T03:00:47,7.5,11.7898272340434,78.9877048432448,NOISE,2025-05-18T03:00:47,7.5,11.7898272340434,78.9877048432448,NOISE,2025-05-18T03:00:47,7.5,11.7898272340434,78.9877048432448,NOISE,2025-05-18T03:00:47,7.5,11.7898272340434,78.9877048432448,NOISE
2026-04-24T09:29:16.172569,Map-Energy__sum__linear-conv00692-20250518_060047-20250518_120047-5.000000-10.000000.png,2025-05-18T06:00:47,2025-05-18T12:00:47,5.0,10.0,2025-05-18T09:00:47,7.5,11.7898272340434,78.9877048432448,NOISE,2025-05-18T09:00:47,7.5,11.7898272340434,78.9877048432448,NOISE,2025-05-18T09:00:47,7.5,11.7898272340434,78.9877048432448,NOISE,2025-05-18T09:00:47,7.5,11.7898272340434,78.9877048432448,NOISE
2026-04-24T09:29:16.972474,Map-Energy__sum__linear-conv00702-20250518_120047-20250518_180047-5.000000-10.000000.png,2025-05-18T12:00:47,2025-05-18T18:00:47,5.0,10.0,2025-05-18T15:00:47,7.5,11.7898272340434,78.9877048432448,NOISE,2025-05-18T15:00:47,7.5,11.7898272340434,78.9877048432448,NOISE,2025-05-18T15:00:47,7.5,11.7898272340434,78.9877048432448,NOISE,2025-05-18T15:00:47,7.5,11.7898272340434,78.9877048432448,NOISE
2026-04-24T09:29:17.852434,Map-Energy__sum__linear-conv00712-20250518_180047-20250519_000047-5.000000-10.000000.png,2025-05-18T18:00:47,2025-05-19T00:00:47,5.0,10.0,2025-05-18T21:00:47,7.5,11.7898272340434,78.9877048432448,NOISE,2025-05-18T21:00:47,7.5,11.7898272340434,78.9877048432448,NOISE,2025-05-18T21:00:47,7.5,11.7898272340434,78.9877048432448,NOISE,2025-05-18T21:00:47,7.5,11.7898272340434,78.9877048432448,NOISE
2026-04-24T09:29:18.652694,Map-Energy__sum__linear-conv00722-20250519_000047-20250519_060047-5.000000-10.000000.png,2025-05-19T00:00:47,2025-05-19T06:00:47,5.0,10.0,2025-05-19T03:00:47,7.5,11.7898272340434,78.9877048432448,NOISE,2025-05-19T03:00:47,7.5,11.7898272340434,78.9877048432448,NOISE,2025-05-19T03:00:47,7.5,11.7898272340434,78.9877048432448,NOISE,2025-05-19T03:00:47,7.5,11.7898272340434,78.9877048432448,NOISE
2026-04-24T09:29:19.628587,Map-Energy__sum__linear-conv00732-20250519_060047-20250519_120047-5.000000-10.000000.png,2025-05-19T06:00:47,2025-05-19T12:00:47,5.0,10.0,2025-05-19T09:00:47,7.5,11.7898272340434,78.9877048432448,NOISE,2025-05-19T09:00:47,7.5,11.7898272340434,78.9877048432448,NOISE,2025-05-19T09:00:47,7.5,11.7898272340434,78.9877048432448,NOISE,2025-05-19T09:00:47,7.5,11.7898272340434,78.9877048432448,NOISE
2026-04-24T09:29:47.292684,Map-Energy__sum__linear-conv00742-20250519_120047-20250519_180047-5.000000-10.000000.png,2025-05-19T12:00:47,2025-05-19T18:00:47,5.0,10.0,2025-05-19T15:00:47,7.5,11.7898272340434,78.9877048432448,NOISE,2025-05-19T15:00:47,7.5,11.7898272340434,78.9877048432448,NOISE,2025-05-19T15:00:47,7.5,11.7898272340434,78.9877048432448,NOISE,2025-05-19T15:00:47,7.5,11.7898272340434,78.9877048432448,NOISE
2026-04-24T09:29:51.100957,Map-Energy__sum__linear-conv00752-20250519_180047-20250520_000047-5.000000-10.000000.png,2025-05-19T18:00:47,2025-05-20T00:00:47,5.0,10.0,2025-05-19T21:00:47,7.5,11.7898272340434,78.9877048432448,NOISE,2025-05-19T21:00:47,7.5,11.7898272340434,78.9877048432448,NOISE,2025-05-19T21:00:47,7.5,11.7898272340434,78.9877048432448,NOISE,2025-05-19T21:00:47,7.5,11.7898272340434,78.9877048432448,NOISE
2026-04-24T09:29:57.389440,Map-Energy__sum__linear-conv00762-20250520_000047-20250520_060047-5.000000-10.000000.png,2025-05-20T00:00:47,2025-05-20T06:00:47,5.0,10.0,2025-05-20T03:00:47,7.5,11.7898272340434,78.9877048432448,NOISE,2025-05-20T03:00:47,7.5,11.7898272340434,78.9877048432448,NOISE,2025-05-20T03:00:47,7.5,11.7898272340434,78.9877048432448,NOISE,2025-05-20T03:00:47,7.5,11.7898272340434,78.9877048432448,NOISE
2026-04-24T09:30:00.940545,Map-Energy__sum__linear-conv00772-20250520_060047-20250520_120047-5.000000-10.000000.png,2025-05-20T06:00:47,2025-05-20T12:00:47,5.0,10.0,2025-05-20T09:00:47,7.5,11.7898272340434,78.9877048432448,NOISE,2025-05-20T09:00:47,7.5,11.7898272340434,78.9877048432448,NOISE,2025-05-20T09:00:47,7.5,11.7898272340434,78.9877048432448,NOISE,2025-05-20T09:00:47,7.5,11.7898272340434,78.9877048432448,NOISE
2026-04-24T09:30:05.180510,Map-Energy__sum__linear-conv00782-20250520_120047-20250520_180047-5.000000-10.000000.png,2025-05-20T12:00:47,2025-05-20T18:00:47,5.0,10.0,2025-05-20T15:00:47,7.5,11.7898272340434,78.9877048432448,NOISE,2025-05-20T15:00:47,7.5,11.7898272340434,78.9877048432448,NOISE,2025-05-20T15:00:47,7.5,11.7898272340434,78.9877048432448,NOISE,2025-05-20T15:00:47,7.5,11.7898272340434,78.9877048432448,NOISE
2026-04-24T09:30:06.564732,Map-Energy__sum__linear-conv00792-20250520_180047-20250521_000047-5.000000-10.000000.png,2025-05-20T18:00:47,2025-05-21T00:00:47,5.0,10.0,2025-05-20T21:00:47,7.5,11.7898272340434,78.9877048432448,NOISE,2025-05-20T21:00:47,7.5,11.7898272340434,78.9877048432448,NOISE,2025-05-20T21:00:47,7.5,11.7898272340434,78.9877048432448,NOISE,2025-05-20T21:00:47,7.5,11.7898272340434,78.9877048432448,NOISE
2026-04-24T09:30:08.708685,Map-Energy__sum__linear-conv00802-20250521_000047-20250521_060047-5.000000-10.000000.png,2025-05-21T00:00:47,2025-05-21T06:00:47,5.0,10.0,2025-05-21T03:00:47,7.5,11.7898272340434,78.9877048432448,NOISE,2025-05-21T03:00:47,7.5,11.7898272340434,78.9877048432448,NOISE,2025-05-21T03:00:47,7.5,11.7898272340434,78.9877048432448,NOISE,2025-05-21T03:00:47,7.5,11.7898272340434,78.9877048432448,NOISE
2026-04-24T09:30:09.692456,Map-Energy__sum__linear-conv00812-20250521_060047-20250521_120047-5.000000-10.000000.png,2025-05-21T06:00:47,2025-05-21T12:00:47,5.0,10.0,2025-05-21T09:00:47,7.5,11.7898272340434,78.9877048432448,NOISE,2025-05-21T09:00:47,7.5,11.7898272340434,78.9877048432448,NOISE,2025-05-21T09:00:47,7.5,11.7898272340434,78.9877048432448,NOISE,2025-05-21T09:00:47,7.5,11.7898272340434,78.9877048432448,NOISE
2026-04-24T09:30:10.892571,Map-Energy__sum__linear-conv00822-20250521_120047-20250521_180047-5.000000-10.000000.png,2025-05-21T12:00:47,2025-05-21T18:00:47,5.0,10.0,2025-05-21T15:00:47,7.5,11.7898272340434,78.9877048432448,NOISE,2025-05-21T15:00:47,7.5,11.7898272340434,78.9877048432448,NOISE,2025-05-21T15:00:47,7.5,11.7898272340434,78.9877048432448,NOISE,2025-05-21T15:00:47,7.5,11.7898272340434,78.9877048432448,NOISE
2026-04-24T09:30:11.788779,Map-Energy__sum__linear-conv00832-20250521_180047-20250522_000047-5.000000-10.000000.png,2025-05-21T18:00:47,2025-05-22T00:00:47,5.0,10.0,2025-05-21T21:00:47,7.5,11.7898272340434,78.9877048432448,NOISE,2025-05-21T21:00:47,7.5,11.7898272340434,78.9877048432448,NOISE,2025-05-21T21:00:47,7.5,11.7898272340434,78.9877048432448,NOISE,2025-05-21T21:00:47,7.5,11.7898272340434,78.9877048432448,NOISE
2026-04-24T09:30:12.972685,Map-Energy__sum__linear-conv00842-20250522_000047-20250522_060047-5.000000-10.000000.png,2025-05-22T00:00:47,2025-05-22T06:00:47,5.0,10.0,2025-05-22T03:00:47,7.5,11.7898272340434,78.9877048432448,NOISE,2025-05-22T03:00:47,7.5,11.7898272340434,78.9877048432448,NOISE,2025-05-22T03:00:47,7.5,11.7898272340434,78.9877048432448,NOISE,2025-05-22T03:00:47,7.5,11.7898272340434,78.9877048432448,NOISE
2026-04-24T09:30:14.132722,Map-Energy__sum__linear-conv00852-20250522_060047-20250522_120047-5.000000-10.000000.png,2025-05-22T06:00:47,2025-05-22T12:00:47,5.0,10.0,2025-05-22T09:00:47,7.5,11.7898272340434,78.9877048432448,NOISE,2025-05-22T09:00:47,7.5,11.7898272340434,78.9877048432448,NOISE,2025-05-22T09:00:47,7.5,11.7898272340434,78.9877048432448,NOISE,2025-05-22T09:00:47,7.5,11.7898272340434,78.9877048432448,NOISE
2026-04-24T09:30:15.092659,Map-Energy__sum__linear-conv00862-20250522_120047-20250522_180047-5.000000-10.000000.png,2025-05-22T12:00:47,2025-05-22T18:00:47,5.0,10.0,2025-05-22T15:00:47,7.5,11.7898272340434,78.9877048432448,NOISE,2025-05-22T15:00:47,7.5,11.7898272340434,78.9877048432448,NOISE,2025-05-22T15:00:47,7.5,11.7898272340434,78.9877048432448,NOISE,2025-05-22T15:00:47,7.5,11.7898272340434,78.9877048432448,NOISE
2026-04-24T09:30:16.052479,Map-Energy__sum__linear-conv00872-20250522_180047-20250523_000047-5.000000-10.000000.png,2025-05-22T18:00:47,2025-05-23T00:00:47,5.0,10.0,2025-05-22T21:00:47,7.5,11.7898272340434,78.9877048432448,NOISE,2025-05-22T21:00:47,7.5,11.7898272340434,78.9877048432448,NOISE,2025-05-22T21:00:47,7.5,11.7898272340434,78.9877048432448,NOISE,2025-05-22T21:00:47,7.5,11.7898272340434,78.9877048432448,NOISE
2026-04-24T09:30:17.108498,Map-Energy__sum__linear-conv00882-20250523_000047-20250523_060047-5.000000-10.000000.png,2025-05-23T00:00:47,2025-05-23T06:00:47,5.0,10.0,2025-05-23T03:00:47,7.5,11.7898272340434,78.9877048432448,NOISE,2025-05-23T03:00:47,7.5,11.7898272340434,78.9877048432448,NOISE,2025-05-23T03:00:47,7.5,11.7898272340434,78.9877048432448,NOISE,2025-05-23T03:00:47,7.5,11.7898272340434,78.9877048432448,NOISE
2026-04-24T09:30:18.020845,Map-Energy__sum__linear-conv00892-20250523_060047-20250523_120047-5.000000-10.000000.png,2025-05-23T06:00:47,2025-05-23T12:00:47,5.0,10.0,2025-05-23T09:00:47,7.5,11.7898272340434,78.9877048432448,NOISE,2025-05-23T09:00:47,7.5,11.7898272340434,78.9877048432448,NOISE,2025-05-23T09:00:47,7.5,11.7898272340434,78.9877048432448,NOISE,2025-05-23T09:00:47,7.5,11.7898272340434,78.9877048432448,NOISE
2026-04-24T09:30:19.164700,Map-Energy__sum__linear-conv00902-20250523_120047-20250523_180047-5.000000-10.000000.png,2025-05-23T12:00:47,2025-05-23T18:00:47,5.0,10.0,2025-05-23T15:00:47,7.5,11.7898272340434,78.9877048432448,NOISE,2025-05-23T15:00:47,7.5,11.7898272340434,78.9877048432448,NOISE,2025-05-23T15:00:47,7.5,11.7898272340434,78.9877048432448,NOISE,2025-05-23T15:00:47,7.5,11.7898272340434,78.9877048432448,NOISE
2026-04-24T09:30:20.340659,Map-Energy__sum__linear-conv00912-20250523_180047-20250524_000047-5.000000-10.000000.png,2025-05-23T18:00:47,2025-05-24T00:00:47,5.0,10.0,2025-05-23T21:00:47,7.5,11.7898272340434,78.9877048432448,NOISE,2025-05-23T21:00:47,7.5,11.7898272340434,78.9877048432448,NOISE,2025-05-23T21:00:47,7.5,11.7898272340434,78.9877048432448,NOISE,2025-05-23T21:00:47,7.5,11.7898272340434,78.9877048432448,NOISE
2026-04-24T09:30:21.244811,Map-Energy__sum__linear-conv00922-20250524_000047-20250524_060047-5.000000-10.000000.png,2025-05-24T00:00:47,2025-05-24T06:00:47,5.0,10.0,2025-05-24T03:00:47,7.5,11.7898272340434,78.9877048432448,NOISE,2025-05-24T03:00:47,7.5,11.7898272340434,78.9877048432448,NOISE,2025-05-24T03:00:47,7.5,11.7898272340434,78.9877048432448,NOISE,2025-05-24T03:00:47,7.5,11.7898272340434,78.9877048432448,NOISE
2026-04-24T09:30:22.037128,Map-Energy__sum__linear-conv00932-20250524_060047-20250524_120047-5.000000-10.000000.png,2025-05-24T06:00:47,2025-05-24T12:00:47,5.0,10.0,2025-05-24T09:00:47,7.5,11.7898272340434,78.9877048432448,NOISE,2025-05-24T09:00:47,7.5,11.7898272340434,78.9877048432448,NOISE,2025-05-24T09:00:47,7.5,11.7898272340434,78.9877048432448,NOISE,2025-05-24T09:00:47,7.5,11.7898272340434,78.9877048432448,NOISE
2026-04-24T09:30:22.700852,Map-Energy__sum__linear-conv00942-20250524_120047-20250524_180047-5.000000-10.000000.png,2025-05-24T12:00:47,2025-05-24T18:00:47,5.0,10.0,2025-05-24T15:00:47,7.5,11.7898272340434,78.9877048432448,NOISE,2025-05-24T15:00:47,7.5,11.7898272340434,78.9877048432448,NOISE,2025-05-24T15:00:47,7.5,11.7898272340434,78.9877048432448,NOISE,2025-05-24T15:00:47,7.5,11.7898272340434,78.9877048432448,NOISE
2026-04-24T09:30:24.228551,Map-Energy__sum__linear-conv00952-20250524_180047-20250525_000047-5.000000-10.000000.png,2025-05-24T18:00:47,2025-05-25T00:00:47,5.0,10.0,2025-05-24T21:00:47,7.5,11.7898272340434,78.9877048432448,NOISE,2025-05-24T21:00:47,7.5,11.7898272340434,78.9877048432448,NOISE,2025-05-24T21:00:47,7.5,11.7898272340434,78.9877048432448,NOISE,2025-05-24T21:00:47,7.5,11.7898272340434,78.9877048432448,NOISE
2026-04-24T09:30:25.069051,Map-Energy__sum__linear-conv00962-20250525_000047-20250525_060047-5.000000-10.000000.png,2025-05-25T00:00:47,2025-05-25T06:00:47,5.0,10.0,2025-05-25T03:00:47,7.5,11.7898272340434,78.9877048432448,NOISE,2025-05-25T03:00:47,7.5,11.7898272340434,78.9877048432448,NOISE,2025-05-25T03:00:47,7.5,11.7898272340434,78.9877048432448,NOISE,2025-05-25T03:00:47,7.5,11.7898272340434,78.9877048432448,NOISE
2026-04-24T09:30:25.732432,Map-Energy__sum__linear-conv00972-20250525_060047-20250525_120047-5.000000-10.000000.png,2025-05-25T06:00:47,2025-05-25T12:00:47,5.0,10.0,2025-05-25T09:00:47,7.5,11.7898272340434,78.9877048432448,NOISE,2025-05-25T09:00:47,7.5,11.7898272340434,78.9877048432448,NOISE,2025-05-25T09:00:47,7.5,11.7898272340434,78.9877048432448,NOISE,2025-05-25T09:00:47,7.5,11.7898272340434,78.9877048432448,NOISE
2026-04-24T09:30:26.444765,Map-Energy__sum__linear-conv00982-20250525_120047-20250525_180047-5.000000-10.000000.png,2025-05-25T12:00:47,2025-05-25T18:00:47,5.0,10.0,2025-05-25T15:00:47,7.5,11.7898272340434,78.9877048432448,NOISE,2025-05-25T15:00:47,7.5,11.7898272340434,78.9877048432448,NOISE,2025-05-25T15:00:47,7.5,11.7898272340434,78.9877048432448,NOISE,2025-05-25T15:00:47,7.5,11.7898272340434,78.9877048432448,NOISE
2026-04-24T09:30:27.140462,Map-Energy__sum__linear-conv00992-20250525_180047-20250526_000047-5.000000-10.000000.png,2025-05-25T18:00:47,2025-05-26T00:00:47,5.0,10.0,2025-05-25T21:00:47,7.5,11.7898272340434,78.9877048432448,NOISE,2025-05-25T21:00:47,7.5,11.7898272340434,78.9877048432448,NOISE,2025-05-25T21:00:47,7.5,11.7898272340434,78.9877048432448,NOISE,2025-05-25T21:00:47,7.5,11.7898272340434,78.9877048432448,NOISE
2026-04-24T09:30:27.772732,Map-Energy__sum__linear-conv01002-20250526_000047-20250526_060047-5.000000-10.000000.png,2025-05-26T00:00:47,2025-05-26T06:00:47,5.0,10.0,2025-05-26T03:00:47,7.5,11.7898272340434,78.9877048432448,NOISE,2025-05-26T03:00:47,7.5,11.7898272340434,78.9877048432448,NOISE,2025-05-26T03:00:47,7.5,11.7898272340434,78.9877048432448,NOISE,2025-05-26T03:00:47,7.5,11.7898272340434,78.9877048432448,NOISE
2026-04-24T09:30:28.398284,Map-Energy__sum__linear-conv00003-20250501_000047-20250501_060047-10.000000-15.000000.png,2025-05-01T00:00:47,2025-05-01T06:00:47,10.0,15.0,2025-05-01T03:00:47,12.5,11.5594114413877,78.9903276217732,NOISE,2025-05-01T03:00:47,12.5,11.5594114413877,78.9903276217732,NOISE,2025-05-01T03:00:47,12.5,11.5594114413877,78.9903276217732,NOISE,2025-05-01T03:00:47,12.5,11.5594114413877,78.9903276217732,NOISE
2026-04-24T09:30:29.100588,Map-Energy__sum__linear-conv00013-20250501_060047-20250501_120047-10.000000-15.000000.png,2025-05-01T06:00:47,2025-05-01T12:00:47,10.0,15.0,2025-05-01T09:00:47,12.5,11.5594114413877,78.9903276217732,NOISE,2025-05-01T09:00:47,12.5,11.5594114413877,78.9903276217732,NOISE,2025-05-01T09:00:47,12.5,11.5594114413877,78.9903276217732,NOISE,2025-05-01T09:00:47,12.5,11.5594114413877,78.9903276217732,NOISE
2026-04-24T09:30:29.804834,Map-Energy__sum__linear-conv00023-20250501_120047-20250501_180047-10.000000-15.000000.png,2025-05-01T12:00:47,2025-05-01T18:00:47,10.0,15.0,2025-05-01T15:00:47,12.5,11.5594114413877,78.9903276217732,NOISE,2025-05-01T15:00:47,12.5,11.5594114413877,78.9903276217732,NOISE,2025-05-01T15:00:47,12.5,11.5594114413877,78.9903276217732,NOISE,2025-05-01T15:00:47,12.5,11.5594114413877,78.9903276217732,NOISE
2026-04-24T09:30:30.540884,Map-Energy__sum__linear-conv00033-20250501_180047-20250502_000047-10.000000-15.000000.png,2025-05-01T18:00:47,2025-05-02T00:00:47,10.0,15.0,2025-05-01T21:00:47,12.5,11.5594114413877,78.9903276217732,NOISE,2025-05-01T21:00:47,12.5,11.5594114413877,78.9903276217732,NOISE,2025-05-01T21:00:47,12.5,11.5594114413877,78.9903276217732,NOISE,2025-05-01T21:00:47,12.5,11.5594114413877,78.9903276217732,NOISE
2026-04-24T09:30:31.236445,Map-Energy__sum__linear-conv00043-20250502_000047-20250502_060047-10.000000-15.000000.png,2025-05-02T00:00:47,2025-05-02T06:00:47,10.0,15.0,2025-05-02T03:00:47,12.5,11.5594114413877,78.9903276217732,NOISE,2025-05-02T03:00:47,12.5,11.5594114413877,78.9903276217732,NOISE,2025-05-02T03:00:47,12.5,11.5594114413877,78.9903276217732,NOISE,2025-05-02T03:00:47,12.5,11.5594114413877,78.9903276217732,NOISE
2026-04-24T09:30:31.932431,Map-Energy__sum__linear-conv00053-20250502_060047-20250502_120047-10.000000-15.000000.png,2025-05-02T06:00:47,2025-05-02T12:00:47,10.0,15.0,2025-05-02T09:00:47,12.5,11.5594114413877,78.9903276217732,NOISE,2025-05-02T09:00:47,12.5,11.5594114413877,78.9903276217732,NOISE,2025-05-02T09:00:47,12.5,11.5594114413877,78.9903276217732,NOISE,2025-05-02T09:00:47,12.5,11.5594114413877,78.9903276217732,NOISE
2026-04-24T09:30:32.772836,Map-Energy__sum__linear-conv00063-20250502_120047-20250502_180047-10.000000-15.000000.png,2025-05-02T12:00:47,2025-05-02T18:00:47,10.0,15.0,2025-05-02T15:00:47,12.5,11.5594114413877,78.9903276217732,NOISE,2025-05-02T15:00:47,12.5,11.5594114413877,78.9903276217732,NOISE,2025-05-02T15:00:47,12.5,11.5594114413877,78.9903276217732,NOISE,2025-05-02T15:00:47,12.5,11.5594114413877,78.9903276217732,NOISE
2026-04-24T09:30:33.796739,Map-Energy__sum__linear-conv00073-20250502_180047-20250503_000047-10.000000-15.000000.png,2025-05-02T18:00:47,2025-05-03T00:00:47,10.0,15.0,2025-05-02T21:00:47,12.5,11.5594114413877,78.9903276217732,NOISE,2025-05-02T21:00:47,12.5,11.5594114413877,78.9903276217732,NOISE,2025-05-02T21:00:47,12.5,11.5594114413877,78.9903276217732,NOISE,2025-05-02T21:00:47,12.5,11.5594114413877,78.9903276217732,NOISE
2026-04-24T09:30:34.876699,Map-Energy__sum__linear-conv00083-20250503_000047-20250503_060047-10.000000-15.000000.png,2025-05-03T00:00:47,2025-05-03T06:00:47,10.0,15.0,2025-05-03T03:00:47,12.5,11.5594114413877,78.9903276217732,NOISE,2025-05-03T03:00:47,12.5,11.5594114413877,78.9903276217732,NOISE,2025-05-03T03:00:47,12.5,11.5594114413877,78.9903276217732,NOISE,2025-05-03T03:00:47,12.5,11.5594114413877,78.9903276217732,NOISE
2026-04-24T09:30:45.700564,Map-Energy__sum__linear-conv00093-20250503_060047-20250503_120047-10.000000-15.000000.png,2025-05-03T06:00:47,2025-05-03T12:00:47,10.0,15.0,2025-05-03T09:00:47,12.5,11.5594114413877,78.9903276217732,NOISE,2025-05-03T09:00:47,12.5,11.5594114413877,78.9903276217732,NOISE,2025-05-03T09:00:47,12.5,11.5594114413877,78.9903276217732,NOISE,2025-05-03T09:00:47,12.5,11.5594114413877,78.9903276217732,NOISE
2026-04-24T09:30:46.932560,Map-Energy__sum__linear-conv00103-20250503_120047-20250503_180047-10.000000-15.000000.png,2025-05-03T12:00:47,2025-05-03T18:00:47,10.0,15.0,2025-05-03T15:00:47,12.5,11.5594114413877,78.9903276217732,NOISE,2025-05-03T15:00:47,12.5,11.5594114413877,78.9903276217732,NOISE,2025-05-03T15:00:47,12.5,11.5594114413877,78.9903276217732,NOISE,2025-05-03T15:00:47,12.5,11.5594114413877,78.9903276217732,NOISE
2026-04-24T09:30:48.708537,Map-Energy__sum__linear-conv00113-20250503_180047-20250504_000047-10.000000-15.000000.png,2025-05-03T18:00:47,2025-05-04T00:00:47,10.0,15.0,2025-05-03T21:00:47,12.5,11.5594114413877,78.9903276217732,NOISE,2025-05-03T21:00:47,12.5,11.5594114413877,78.9903276217732,NOISE,2025-05-03T21:00:47,12.5,11.5594114413877,78.9903276217732,NOISE,2025-05-03T21:00:47,12.5,11.5594114413877,78.9903276217732,NOISE
2026-04-24T09:30:50.284727,Map-Energy__sum__linear-conv00123-20250504_000047-20250504_060047-10.000000-15.000000.png,2025-05-04T00:00:47,2025-05-04T06:00:47,10.0,15.0,2025-05-04T03:00:47,12.5,11.5594114413877,78.9903276217732,NOISE,2025-05-04T03:00:47,12.5,11.5594114413877,78.9903276217732,NOISE,2025-05-04T03:00:47,12.5,11.5594114413877,78.9903276217732,NOISE,2025-05-04T03:00:47,12.5,11.5594114413877,78.9903276217732,NOISE
2026-04-24T09:31:06.268746,Map-Energy__sum__linear-conv00133-20250504_060047-20250504_120047-10.000000-15.000000.png,2025-05-04T06:00:47,2025-05-04T12:00:47,10.0,15.0,2025-05-04T09:00:47,12.5,11.5594114413877,78.9903276217732,NOISE,2025-05-04T09:00:47,12.5,11.5594114413877,78.9903276217732,NOISE,2025-05-04T09:00:47,12.5,11.5594114413877,78.9903276217732,NOISE,2025-05-04T09:00:47,12.5,11.5594114413877,78.9903276217732,NOISE
2026-04-24T09:31:07.740548,Map-Energy__sum__linear-conv00143-20250504_120047-20250504_180047-10.000000-15.000000.png,2025-05-04T12:00:47,2025-05-04T18:00:47,10.0,15.0,2025-05-04T15:00:47,12.5,11.5594114413877,78.9903276217732,NOISE,2025-05-04T15:00:47,12.5,11.5594114413877,78.9903276217732,NOISE,2025-05-04T15:00:47,12.5,11.5594114413877,78.9903276217732,NOISE,2025-05-04T15:00:47,12.5,11.5594114413877,78.9903276217732,NOISE
2026-04-24T09:31:08.900793,Map-Energy__sum__linear-conv00153-20250504_180047-20250505_000047-10.000000-15.000000.png,2025-05-04T18:00:47,2025-05-05T00:00:47,10.0,15.0,2025-05-04T21:00:47,12.5,11.5594114413877,78.9903276217732,NOISE,2025-05-04T21:00:47,12.5,11.5594114413877,78.9903276217732,NOISE,2025-05-04T21:00:47,12.5,11.5594114413877,78.9903276217732,NOISE,2025-05-04T21:00:47,12.5,11.5594114413877,78.9903276217732,NOISE
2026-04-24T09:31:09.892579,Map-Energy__sum__linear-conv00163-20250505_000047-20250505_060047-10.000000-15.000000.png,2025-05-05T00:00:47,2025-05-05T06:00:47,10.0,15.0,2025-05-05T03:00:47,12.5,11.5594114413877,78.9903276217732,NOISE,2025-05-05T03:00:47,12.5,11.5594114413877,78.9903276217732,NOISE,2025-05-05T03:00:47,12.5,11.5594114413877,78.9903276217732,NOISE,2025-05-05T03:00:47,12.5,11.5594114413877,78.9903276217732,NOISE
2026-04-24T09:31:10.844481,Map-Energy__sum__linear-conv00173-20250505_060047-20250505_120047-10.000000-15.000000.png,2025-05-05T06:00:47,2025-05-05T12:00:47,10.0,15.0,2025-05-05T09:00:47,12.5,11.5594114413877,78.9903276217732,NOISE,2025-05-05T09:00:47,12.5,11.5594114413877,78.9903276217732,NOISE,2025-05-05T09:00:47,12.5,11.5594114413877,78.9903276217732,NOISE,2025-05-05T09:00:47,12.5,11.5594114413877,78.9903276217732,NOISE
2026-04-24T09:31:11.676438,Map-Energy__sum__linear-conv00183-20250505_120047-20250505_180047-10.000000-15.000000.png,2025-05-05T12:00:47,2025-05-05T18:00:47,10.0,15.0,2025-05-05T15:00:47,12.5,11.5594114413877,78.9903276217732,NOISE,2025-05-05T15:00:47,12.5,11.5594114413877,78.9903276217732,NOISE,2025-05-05T15:00:47,12.5,11.5594114413877,78.9903276217732,NOISE,2025-05-05T15:00:47,12.5,11.5594114413877,78.9903276217732,NOISE
2026-04-24T09:31:12.741358,Map-Energy__sum__linear-conv00193-20250505_180047-20250506_000047-10.000000-15.000000.png,2025-05-05T18:00:47,2025-05-06T00:00:47,10.0,15.0,2025-05-05T21:00:47,12.5,11.5594114413877,78.9903276217732,NOISE,2025-05-05T21:00:47,12.5,11.5594114413877,78.9903276217732,NOISE,2025-05-05T21:00:47,12.5,11.5594114413877,78.9903276217732,NOISE,2025-05-05T21:00:47,12.5,11.5594114413877,78.9903276217732,NOISE
2026-04-24T09:31:13.644776,Map-Energy__sum__linear-conv00203-20250506_000047-20250506_060047-10.000000-15.000000.png,2025-05-06T00:00:47,2025-05-06T06:00:47,10.0,15.0,2025-05-06T03:00:47,12.5,11.5594114413877,78.9903276217732,NOISE,2025-05-06T03:00:47,12.5,11.5594114413877,78.9903276217732,NOISE,2025-05-06T03:00:47,12.5,11.5594114413877,78.9903276217732,NOISE,2025-05-06T03:00:47,12.5,11.5594114413877,78.9903276217732,NOISE
2026-04-24T09:31:16.180580,Map-Energy__sum__linear-conv00213-20250506_060047-20250506_120047-10.000000-15.000000.png,2025-05-06T06:00:47,2025-05-06T12:00:47,10.0,15.0,2025-05-06T09:00:47,12.5,11.5594114413877,78.9903276217732,NOISE,2025-05-06T09:00:47,12.5,11.5594114413877,78.9903276217732,NOISE,2025-05-06T09:00:47,12.5,11.5594114413877,78.9903276217732,NOISE,2025-05-06T09:00:47,12.5,11.5594114413877,78.9903276217732,NOISE
2026-04-24T09:31:17.932542,Map-Energy__sum__linear-conv00223-20250506_120047-20250506_180047-10.000000-15.000000.png,2025-05-06T12:00:47,2025-05-06T18:00:47,10.0,15.0,2025-05-06T15:00:47,12.5,11.5594114413877,78.9903276217732,NOISE,2025-05-06T15:00:47,12.5,11.5594114413877,78.9903276217732,NOISE,2025-05-06T15:00:47,12.5,11.5594114413877,78.9903276217732,NOISE,2025-05-06T15:00:47,12.5,11.5594114413877,78.9903276217732,NOISE
2026-04-24T09:31:19.020558,Map-Energy__sum__linear-conv00233-20250506_180047-20250507_000047-10.000000-15.000000.png,2025-05-06T18:00:47,2025-05-07T00:00:47,10.0,15.0,2025-05-06T21:00:47,12.5,11.5594114413877,78.9903276217732,NOISE,2025-05-06T21:00:47,12.5,11.5594114413877,78.9903276217732,NOISE,2025-05-06T21:00:47,12.5,11.5594114413877,78.9903276217732,NOISE,2025-05-06T21:00:47,12.5,11.5594114413877,78.9903276217732,NOISE
2026-04-24T09:31:19.908717,Map-Energy__sum__linear-conv00243-20250507_000047-20250507_060047-10.000000-15.000000.png,2025-05-07T00:00:47,2025-05-07T06:00:47,10.0,15.0,2025-05-07T03:00:47,12.5,11.5594114413877,78.9903276217732,NOISE,2025-05-07T03:00:47,12.5,11.5594114413877,78.9903276217732,NOISE,2025-05-07T03:00:47,12.5,11.5594114413877,78.9903276217732,NOISE,2025-05-07T03:00:47,12.5,11.5594114413877,78.9903276217732,NOISE
2026-04-24T09:31:20.748485,Map-Energy__sum__linear-conv00253-20250507_060047-20250507_120047-10.000000-15.000000.png,2025-05-07T06:00:47,2025-05-07T12:00:47,10.0,15.0,2025-05-07T09:00:47,12.5,11.5594114413877,78.9903276217732,NOISE,2025-05-07T09:00:47,12.5,11.5594114413877,78.9903276217732,NOISE,2025-05-07T09:00:47,12.5,11.5594114413877,78.9903276217732,NOISE,2025-05-07T09:00:47,12.5,11.5594114413877,78.9903276217732,NOISE
2026-04-24T09:31:21.564552,Map-Energy__sum__linear-conv00263-20250507_120047-20250507_180047-10.000000-15.000000.png,2025-05-07T12:00:47,2025-05-07T18:00:47,10.0,15.0,2025-05-07T15:00:47,12.5,11.5594114413877,78.9903276217732,NOISE,2025-05-07T15:00:47,12.5,11.5594114413877,78.9903276217732,NOISE,2025-05-07T15:00:47,12.5,11.5594114413877,78.9903276217732,NOISE,2025-05-07T15:00:47,12.5,11.5594114413877,78.9903276217732,NOISE
2026-04-24T09:31:22.317092,Map-Energy__sum__linear-conv00273-20250507_180047-20250508_000047-10.000000-15.000000.png,2025-05-07T18:00:47,2025-05-08T00:00:47,10.0,15.0,2025-05-07T21:00:47,12.5,11.5594114413877,78.9903276217732,NOISE,2025-05-07T21:00:47,12.5,11.5594114413877,78.9903276217732,NOISE,2025-05-07T21:00:47,12.5,11.5594114413877,78.9903276217732,NOISE,2025-05-07T21:00:47,12.5,11.5594114413877,78.9903276217732,NOISE
2026-04-24T09:31:23.084781,Map-Energy__sum__linear-conv00283-20250508_000047-20250508_060047-10.000000-15.000000.png,2025-05-08T00:00:47,2025-05-08T06:00:47,10.0,15.0,2025-05-08T03:00:47,12.5,11.5594114413877,78.9903276217732,NOISE,2025-05-08T03:00:47,12.5,11.5594114413877,78.9903276217732,NOISE,2025-05-08T03:00:47,12.5,11.5594114413877,78.9903276217732,NOISE,2025-05-08T03:00:47,12.5,11.5594114413877,78.9903276217732,NOISE
2026-04-24T09:31:24.340749,Map-Energy__sum__linear-conv00293-20250508_060047-20250508_120047-10.000000-15.000000.png,2025-05-08T06:00:47,2025-05-08T12:00:47,10.0,15.0,2025-05-08T09:00:47,12.5,11.5594114413877,78.9903276217732,NOISE,2025-05-08T09:00:47,12.5,11.5594114413877,78.9903276217732,NOISE,2025-05-08T09:00:47,12.5,11.5594114413877,78.9903276217732,NOISE,2025-05-08T09:00:47,12.5,11.5594114413877,78.9903276217732,NOISE
2026-04-24T09:31:25.284699,Map-Energy__sum__linear-conv00303-20250508_120047-20250508_180047-10.000000-15.000000.png,2025-05-08T12:00:47,2025-05-08T18:00:47,10.0,15.0,2025-05-08T15:00:47,12.5,11.5594114413877,78.9903276217732,NOISE,2025-05-08T15:00:47,12.5,11.5594114413877,78.9903276217732,NOISE,2025-05-08T15:00:47,12.5,11.5594114413877,78.9903276217732,NOISE,2025-05-08T15:00:47,12.5,11.5594114413877,78.9903276217732,NOISE
2026-04-24T09:31:26.092741,Map-Energy__sum__linear-conv00313-20250508_180047-20250509_000047-10.000000-15.000000.png,2025-05-08T18:00:47,2025-05-09T00:00:47,10.0,15.0,2025-05-08T21:00:47,12.5,11.5594114413877,78.9903276217732,NOISE,2025-05-08T21:00:47,12.5,11.5594114413877,78.9903276217732,NOISE,2025-05-08T21:00:47,12.5,11.5594114413877,78.9903276217732,NOISE,2025-05-08T21:00:47,12.5,11.5594114413877,78.9903276217732,NOISE
2026-04-24T09:31:27.212506,Map-Energy__sum__linear-conv00323-20250509_000047-20250509_060047-10.000000-15.000000.png,2025-05-09T00:00:47,2025-05-09T06:00:47,10.0,15.0,2025-05-09T03:00:47,12.5,11.5594114413877,78.9903276217732,NOISE,2025-05-09T03:00:47,12.5,11.5594114413877,78.9903276217732,NOISE,2025-05-09T03:00:47,12.5,11.5594114413877,78.9903276217732,NOISE,2025-05-09T03:00:47,12.5,11.5594114413877,78.9903276217732,NOISE
2026-04-24T09:31:28.204367,Map-Energy__sum__linear-conv00333-20250509_060047-20250509_120047-10.000000-15.000000.png,2025-05-09T06:00:47,2025-05-09T12:00:47,10.0,15.0,2025-05-09T09:00:47,12.5,11.5594114413877,78.9903276217732,NOISE,2025-05-09T09:00:47,12.5,11.5594114413877,78.9903276217732,NOISE,2025-05-09T09:00:47,12.5,11.5594114413877,78.9903276217732,NOISE,2025-05-09T09:00:47,12.5,11.5594114413877,78.9903276217732,NOISE
2026-04-24T09:31:29.028513,Map-Energy__sum__linear-conv00343-20250509_120047-20250509_180047-10.000000-15.000000.png,2025-05-09T12:00:47,2025-05-09T18:00:47,10.0,15.0,2025-05-09T15:00:47,12.5,11.5594114413877,78.9903276217732,NOISE,2025-05-09T15:00:47,12.5,11.5594114413877,78.9903276217732,NOISE,2025-05-09T15:00:47,12.5,11.5594114413877,78.9903276217732,NOISE,2025-05-09T15:00:47,12.5,11.5594114413877,78.9903276217732,NOISE
2026-04-24T09:31:29.788532,Map-Energy__sum__linear-conv00353-20250509_180047-20250510_000047-10.000000-15.000000.png,2025-05-09T18:00:47,2025-05-10T00:00:47,10.0,15.0,2025-05-09T21:00:47,12.5,11.5594114413877,78.9903276217732,NOISE,2025-05-09T21:00:47,12.5,11.5594114413877,78.9903276217732,NOISE,2025-05-09T21:00:47,12.5,11.5594114413877,78.9903276217732,NOISE,2025-05-09T21:00:47,12.5,11.5594114413877,78.9903276217732,NOISE
2026-04-24T09:31:30.508565,Map-Energy__sum__linear-conv00363-20250510_000047-20250510_060047-10.000000-15.000000.png,2025-05-10T00:00:47,2025-05-10T06:00:47,10.0,15.0,2025-05-10T03:00:47,12.5,11.5594114413877,78.9903276217732,NOISE,2025-05-10T03:00:47,12.5,11.5594114413877,78.9903276217732,NOISE,2025-05-10T03:00:47,12.5,11.5594114413877,78.9903276217732,NOISE,2025-05-10T03:00:47,12.5,11.5594114413877,78.9903276217732,NOISE
2026-04-24T09:31:31.380499,Map-Energy__sum__linear-conv00373-20250510_060047-20250510_120047-10.000000-15.000000.png,2025-05-10T06:00:47,2025-05-10T12:00:47,10.0,15.0,2025-05-10T09:00:47,12.5,11.5594114413877,78.9903276217732,NOISE,2025-05-10T09:00:47,12.5,11.5594114413877,78.9903276217732,NOISE,2025-05-10T09:00:47,12.5,11.5594114413877,78.9903276217732,NOISE,2025-05-10T09:00:47,12.5,11.5594114413877,78.9903276217732,NOISE
2026-04-24T09:31:32.324766,Map-Energy__sum__linear-conv00383-20250510_120047-20250510_180047-10.000000-15.000000.png,2025-05-10T12:00:47,2025-05-10T18:00:47,10.0,15.0,2025-05-10T15:00:47,12.5,11.5594114413877,78.9903276217732,NOISE,2025-05-10T15:00:47,12.5,11.5594114413877,78.9903276217732,NOISE,2025-05-10T15:00:47,12.5,11.5594114413877,78.9903276217732,NOISE,2025-05-10T15:00:47,12.5,11.5594114413877,78.9903276217732,NOISE
2026-04-24T09:31:35.748472,Map-Energy__sum__linear-conv00393-20250510_180047-20250511_000047-10.000000-15.000000.png,2025-05-10T18:00:47,2025-05-11T00:00:47,10.0,15.0,2025-05-10T21:00:47,12.5,11.5594114413877,78.9903276217732,NOISE,2025-05-10T21:00:47,12.5,11.5594114413877,78.9903276217732,NOISE,2025-05-10T21:00:47,12.5,11.5594114413877,78.9903276217732,NOISE,2025-05-10T21:00:47,12.5,11.5594114413877,78.9903276217732,NOISE
2026-04-24T09:31:36.892810,Map-Energy__sum__linear-conv00403-20250511_000047-20250511_060047-10.000000-15.000000.png,2025-05-11T00:00:47,2025-05-11T06:00:47,10.0,15.0,2025-05-11T03:00:47,12.5,11.5594114413877,78.9903276217732,NOISE,2025-05-11T03:00:47,12.5,11.5594114413877,78.9903276217732,NOISE,2025-05-11T03:00:47,12.5,11.5594114413877,78.9903276217732,NOISE,2025-05-11T03:00:47,12.5,11.5594114413877,78.9903276217732,NOISE
2026-04-24T09:31:37.303186,Map-Energy__sum__linear-conv00413-20250511_060047-20250511_120047-10.000000-15.000000.png,2025-05-11T06:00:47,2025-05-11T12:00:47,10.0,15.0,2025-05-11T09:00:47,12.5,11.5594114413877,78.9903276217732,NOISE,2025-05-11T09:00:47,12.5,11.5594114413877,78.9903276217732,NOISE,2025-05-11T09:00:47,12.5,11.5594114413877,78.9903276217732,NOISE,2025-05-11T09:00:47,12.5,11.5594114413877,78.9903276217732,NOISE
2026-04-24T09:31:40.036385,Map-Energy__sum__linear-conv00423-20250511_120047-20250511_180047-10.000000-15.000000.png,2025-05-11T12:00:47,2025-05-11T18:00:47,10.0,15.0,2025-05-11T15:00:47,12.5,11.5594114413877,78.9903276217732,NOISE,2025-05-11T15:00:47,12.5,11.5594114413877,78.9903276217732,NOISE,2025-05-11T15:00:47,12.5,11.5594114413877,78.9903276217732,NOISE,2025-05-11T15:00:47,12.5,11.5594114413877,78.9903276217732,NOISE
2026-04-24T09:31:40.956464,Map-Energy__sum__linear-conv00433-20250511_180047-20250512_000047-10.000000-15.000000.png,2025-05-11T18:00:47,2025-05-12T00:00:47,10.0,15.0,2025-05-11T21:00:47,12.5,11.5594114413877,78.9903276217732,NOISE,2025-05-11T21:00:47,12.5,11.5594114413877,78.9903276217732,NOISE,2025-05-11T21:00:47,12.5,11.5594114413877,78.9903276217732,NOISE,2025-05-11T21:00:47,12.5,11.5594114413877,78.9903276217732,NOISE
2026-04-24T09:31:41.925187,Map-Energy__sum__linear-conv00443-20250512_000047-20250512_060047-10.000000-15.000000.png,2025-05-12T00:00:47,2025-05-12T06:00:47,10.0,15.0,2025-05-12T03:00:47,12.5,11.5594114413877,78.9903276217732,NOISE,2025-05-12T03:00:47,12.5,11.5594114413877,78.9903276217732,NOISE,2025-05-12T03:00:47,12.5,11.5594114413877,78.9903276217732,NOISE,2025-05-12T03:00:47,12.5,11.5594114413877,78.9903276217732,NOISE
2026-04-24T09:31:44.524496,Map-Energy__sum__linear-conv00453-20250512_060047-20250512_120047-10.000000-15.000000.png,2025-05-12T06:00:47,2025-05-12T12:00:47,10.0,15.0,2025-05-12T09:00:47,12.5,11.5594114413877,78.9903276217732,NOISE,2025-05-12T09:00:47,12.5,11.5594114413877,78.9903276217732,NOISE,2025-05-12T09:00:47,12.5,11.5594114413877,78.9903276217732,NOISE,2025-05-12T09:00:47,12.5,11.5594114413877,78.9903276217732,NOISE
2026-04-24T09:31:45.468426,Map-Energy__sum__linear-conv00463-20250512_120047-20250512_180047-10.000000-15.000000.png,2025-05-12T12:00:47,2025-05-12T18:00:47,10.0,15.0,2025-05-12T15:00:47,12.5,11.5594114413877,78.9903276217732,NOISE,2025-05-12T15:00:47,12.5,11.5594114413877,78.9903276217732,NOISE,2025-05-12T15:00:47,12.5,11.5594114413877,78.9903276217732,NOISE,2025-05-12T15:00:47,12.5,11.5594114413877,78.9903276217732,NOISE
2026-04-24T09:31:46.605073,Map-Energy__sum__linear-conv00473-20250512_180047-20250513_000047-10.000000-15.000000.png,2025-05-12T18:00:47,2025-05-13T00:00:47,10.0,15.0,2025-05-12T21:00:47,12.5,11.5594114413877,78.9903276217732,NOISE,2025-05-12T21:00:47,12.5,11.5594114413877,78.9903276217732,NOISE,2025-05-12T21:00:47,12.5,11.5594114413877,78.9903276217732,NOISE,2025-05-12T21:00:47,12.5,11.5594114413877,78.9903276217732,NOISE
2026-04-24T09:31:48.228625,Map-Energy__sum__linear-conv00483-20250513_000047-20250513_060047-10.000000-15.000000.png,2025-05-13T00:00:47,2025-05-13T06:00:47,10.0,15.0,2025-05-13T03:00:47,12.5,11.5594114413877,78.9903276217732,NOISE,2025-05-13T03:00:47,12.5,11.5594114413877,78.9903276217732,NOISE,2025-05-13T03:00:47,12.5,11.5594114413877,78.9903276217732,NOISE,2025-05-13T03:00:47,12.5,11.5594114413877,78.9903276217732,NOISE
2026-04-24T09:31:49.116521,Map-Energy__sum__linear-conv00493-20250513_060047-20250513_120047-10.000000-15.000000.png,2025-05-13T06:00:47,2025-05-13T12:00:47,10.0,15.0,2025-05-13T09:00:47,12.5,11.5594114413877,78.9903276217732,NOISE,2025-05-13T09:00:47,12.5,11.5594114413877,78.9903276217732,NOISE,2025-05-13T09:00:47,12.5,11.5594114413877,78.9903276217732,NOISE,2025-05-13T09:00:47,12.5,11.5594114413877,78.9903276217732,NOISE
2026-04-24T09:31:50.820649,Map-Energy__sum__linear-conv00503-20250513_120047-20250513_180047-10.000000-15.000000.png,2025-05-13T12:00:47,2025-05-13T18:00:47,10.0,15.0,2025-05-13T15:00:47,12.5,11.5594114413877,78.9903276217732,NOISE,2025-05-13T15:00:47,12.5,11.5594114413877,78.9903276217732,NOISE,2025-05-13T15:00:47,12.5,11.5594114413877,78.9903276217732,NOISE,2025-05-13T15:00:47,12.5,11.5594114413877,78.9903276217732,NOISE
2026-04-24T09:31:52.076897,Map-Energy__sum__linear-conv00513-20250513_180047-20250514_000047-10.000000-15.000000.png,2025-05-13T18:00:47,2025-05-14T00:00:47,10.0,15.0,2025-05-13T21:00:47,12.5,11.5594114413877,78.9903276217732,NOISE,2025-05-13T21:00:47,12.5,11.5594114413877,78.9903276217732,NOISE,2025-05-13T21:00:47,12.5,11.5594114413877,78.9903276217732,NOISE,2025-05-13T21:00:47,12.5,11.5594114413877,78.9903276217732,NOISE
2026-04-24T09:31:53.436762,Map-Energy__sum__linear-conv00523-20250514_000047-20250514_060047-10.000000-15.000000.png,2025-05-14T00:00:47,2025-05-14T06:00:47,10.0,15.0,2025-05-14T03:00:47,12.5,11.5594114413877,78.9903276217732,NOISE,2025-05-14T03:00:47,12.5,11.5594114413877,78.9903276217732,NOISE,2025-05-14T03:00:47,12.5,11.5594114413877,78.9903276217732,NOISE,2025-05-14T03:00:47,12.5,11.5594114413877,78.9903276217732,NOISE
2026-04-24T09:31:54.341028,Map-Energy__sum__linear-conv00533-20250514_060047-20250514_120047-10.000000-15.000000.png,2025-05-14T06:00:47,2025-05-14T12:00:47,10.0,15.0,2025-05-14T09:00:47,12.5,11.5594114413877,78.9903276217732,NOISE,2025-05-14T09:00:47,12.5,11.5594114413877,78.9903276217732,NOISE,2025-05-14T09:00:47,12.5,11.5594114413877,78.9903276217732,NOISE,2025-05-14T09:00:47,12.5,11.5594114413877,78.9903276217732,NOISE
2026-04-24T09:31:55.068581,Map-Energy__sum__linear-conv00543-20250514_120047-20250514_180047-10.000000-15.000000.png,2025-05-14T12:00:47,2025-05-14T18:00:47,10.0,15.0,2025-05-14T15:00:47,12.5,11.5594114413877,78.9903276217732,NOISE,2025-05-14T15:00:47,12.5,11.5594114413877,78.9903276217732,NOISE,2025-05-14T15:00:47,12.5,11.5594114413877,78.9903276217732,NOISE,2025-05-14T15:00:47,12.5,11.5594114413877,78.9903276217732,NOISE
2026-04-24T09:31:55.836549,Map-Energy__sum__linear-conv00553-20250514_180047-20250515_000047-10.000000-15.000000.png,2025-05-14T18:00:47,2025-05-15T00:00:47,10.0,15.0,2025-05-14T21:00:47,12.5,11.5594114413877,78.9903276217732,NOISE,2025-05-14T21:00:47,12.5,11.5594114413877,78.9903276217732,NOISE,2025-05-14T21:00:47,12.5,11.5594114413877,78.9903276217732,NOISE,2025-05-14T21:00:47,12.5,11.5594114413877,78.9903276217732,NOISE
2026-04-24T09:31:56.468435,Map-Energy__sum__linear-conv00563-20250515_000047-20250515_060047-10.000000-15.000000.png,2025-05-15T00:00:47,2025-05-15T06:00:47,10.0,15.0,2025-05-15T03:00:47,12.5,11.5594114413877,78.9903276217732,NOISE,2025-05-15T03:00:47,12.5,11.5594114413877,78.9903276217732,NOISE,2025-05-15T03:00:47,12.5,11.5594114413877,78.9903276217732,NOISE,2025-05-15T03:00:47,12.5,11.5594114413877,78.9903276217732,NOISE
2026-04-24T09:31:56.906606,Map-Energy__sum__linear-conv00573-20250515_060047-20250515_120047-10.000000-15.000000.png,2025-05-15T06:00:47,2025-05-15T12:00:47,10.0,15.0,2025-05-15T09:00:47,12.5,11.5594114413877,78.9903276217732,NOISE,2025-05-15T09:00:47,12.5,11.5594114413877,78.9903276217732,NOISE,2025-05-15T09:00:47,12.5,11.5594114413877,78.9903276217732,NOISE,2025-05-15T09:00:47,12.5,11.5594114413877,78.9903276217732,NOISE
2026-04-24T09:31:57.331583,Map-Energy__sum__linear-conv00583-20250515_120047-20250515_180047-10.000000-15.000000.png,2025-05-15T12:00:47,2025-05-15T18:00:47,10.0,15.0,2025-05-15T15:00:47,12.5,11.5594114413877,78.9903276217732,NOISE,2025-05-15T15:00:47,12.5,11.5594114413877,78.9903276217732,NOISE,2025-05-15T15:00:47,12.5,11.5594114413877,78.9903276217732,NOISE,2025-05-15T15:00:47,12.5,11.5594114413877,78.9903276217732,NOISE
2026-04-24T09:31:58.302269,Map-Energy__sum__linear-conv00593-20250515_180047-20250516_000047-10.000000-15.000000.png,2025-05-15T18:00:47,2025-05-16T00:00:47,10.0,15.0,2025-05-15T21:00:47,12.5,11.5594114413877,78.9903276217732,NOISE,2025-05-15T21:00:47,12.5,11.5594114413877,78.9903276217732,NOISE,2025-05-15T21:00:47,12.5,11.5594114413877,78.9903276217732,NOISE,2025-05-15T21:00:47,12.5,11.5594114413877,78.9903276217732,NOISE
2026-04-24T09:31:59.132604,Map-Energy__sum__linear-conv00603-20250516_000047-20250516_060047-10.000000-15.000000.png,2025-05-16T00:00:47,2025-05-16T06:00:47,10.0,15.0,2025-05-16T03:00:47,12.5,11.5594114413877,78.9903276217732,NOISE,2025-05-16T03:00:47,12.5,11.5594114413877,78.9903276217732,NOISE,2025-05-16T03:00:47,12.5,11.5594114413877,78.9903276217732,NOISE,2025-05-16T03:00:47,12.5,11.5594114413877,78.9903276217732,NOISE
2026-04-24T09:32:00.092973,Map-Energy__sum__linear-conv00613-20250516_060047-20250516_120047-10.000000-15.000000.png,2025-05-16T06:00:47,2025-05-16T12:00:47,10.0,15.0,2025-05-16T09:00:47,12.5,11.5594114413877,78.9903276217732,NOISE,2025-05-16T09:00:47,12.5,11.5594114413877,78.9903276217732,NOISE,2025-05-16T09:00:47,12.5,11.5594114413877,78.9903276217732,NOISE,2025-05-16T09:00:47,12.5,11.5594114413877,78.9903276217732,NOISE
2026-04-24T09:32:01.140751,Map-Energy__sum__linear-conv00623-20250516_120047-20250516_180047-10.000000-15.000000.png,2025-05-16T12:00:47,2025-05-16T18:00:47,10.0,15.0,2025-05-16T15:00:47,12.5,11.5594114413877,78.9903276217732,NOISE,2025-05-16T15:00:47,12.5,11.5594114413877,78.9903276217732,NOISE,2025-05-16T15:00:47,12.5,11.5594114413877,78.9903276217732,NOISE,2025-05-16T15:00:47,12.5,11.5594114413877,78.9903276217732,NOISE
2026-04-24T09:32:02.044575,Map-Energy__sum__linear-conv00633-20250516_180047-20250517_000047-10.000000-15.000000.png,2025-05-16T18:00:47,2025-05-17T00:00:47,10.0,15.0,2025-05-16T21:00:47,12.5,11.5594114413877,78.9903276217732,NOISE,2025-05-16T21:00:47,12.5,11.5594114413877,78.9903276217732,NOISE,2025-05-16T21:00:47,12.5,11.5594114413877,78.9903276217732,NOISE,2025-05-16T21:00:47,12.5,11.5594114413877,78.9903276217732,NOISE
2026-04-24T09:32:03.140566,Map-Energy__sum__linear-conv00643-20250517_000047-20250517_060047-10.000000-15.000000.png,2025-05-17T00:00:47,2025-05-17T06:00:47,10.0,15.0,2025-05-17T03:00:47,12.5,11.5594114413877,78.9903276217732,NOISE,2025-05-17T03:00:47,12.5,11.5594114413877,78.9903276217732,NOISE,2025-05-17T03:00:47,12.5,11.5594114413877,78.9903276217732,NOISE,2025-05-17T03:00:47,12.5,11.5594114413877,78.9903276217732,NOISE
2026-04-24T09:32:04.428476,Map-Energy__sum__linear-conv00653-20250517_060047-20250517_120047-10.000000-15.000000.png,2025-05-17T06:00:47,2025-05-17T12:00:47,10.0,15.0,2025-05-17T09:00:47,12.5,11.5594114413877,78.9903276217732,NOISE,2025-05-17T09:00:47,12.5,11.5594114413877,78.9903276217732,NOISE,2025-05-17T09:00:47,12.5,11.5594114413877,78.9903276217732,NOISE,2025-05-17T09:00:47,12.5,11.5594114413877,78.9903276217732,NOISE
2026-04-24T09:32:06.748597,Map-Energy__sum__linear-conv00663-20250517_120047-20250517_180047-10.000000-15.000000.png,2025-05-17T12:00:47,2025-05-17T18:00:47,10.0,15.0,2025-05-17T15:00:47,12.5,11.5594114413877,78.9903276217732,NOISE,2025-05-17T15:00:47,12.5,11.5594114413877,78.9903276217732,NOISE,2025-05-17T15:00:47,12.5,11.5594114413877,78.9903276217732,NOISE,2025-05-17T15:00:47,12.5,11.5594114413877,78.9903276217732,NOISE
2026-04-24T09:32:08.244849,Map-Energy__sum__linear-conv00673-20250517_180047-20250518_000047-10.000000-15.000000.png,2025-05-17T18:00:47,2025-05-18T00:00:47,10.0,15.0,2025-05-17T21:00:47,12.5,11.5594114413877,78.9903276217732,NOISE,2025-05-17T21:00:47,12.5,11.5594114413877,78.9903276217732,NOISE,2025-05-17T21:00:47,12.5,11.5594114413877,78.9903276217732,NOISE,2025-05-17T21:00:47,12.5,11.5594114413877,78.9903276217732,NOISE
2026-04-24T09:32:09.116591,Map-Energy__sum__linear-conv00683-20250518_000047-20250518_060047-10.000000-15.000000.png,2025-05-18T00:00:47,2025-05-18T06:00:47,10.0,15.0,2025-05-18T03:00:47,12.5,11.5594114413877,78.9903276217732,NOISE,2025-05-18T03:00:47,12.5,11.5594114413877,78.9903276217732,NOISE,2025-05-18T03:00:47,12.5,11.5594114413877,78.9903276217732,NOISE,2025-05-18T03:00:47,12.5,11.5594114413877,78.9903276217732,NOISE
2026-04-24T09:32:09.772419,Map-Energy__sum__linear-conv00693-20250518_060047-20250518_120047-10.000000-15.000000.png,2025-05-18T06:00:47,2025-05-18T12:00:47,10.0,15.0,2025-05-18T09:00:47,12.5,11.5594114413877,78.9903276217732,NOISE,2025-05-18T09:00:47,12.5,11.5594114413877,78.9903276217732,NOISE,2025-05-18T09:00:47,12.5,11.5594114413877,78.9903276217732,NOISE,2025-05-18T09:00:47,12.5,11.5594114413877,78.9903276217732,NOISE
2026-04-24T09:32:10.772822,Map-Energy__sum__linear-conv00703-20250518_120047-20250518_180047-10.000000-15.000000.png,2025-05-18T12:00:47,2025-05-18T18:00:47,10.0,15.0,2025-05-18T15:00:47,12.5,11.5594114413877,78.9903276217732,NOISE,2025-05-18T15:00:47,12.5,11.5594114413877,78.9903276217732,NOISE,2025-05-18T15:00:47,12.5,11.5594114413877,78.9903276217732,NOISE,2025-05-18T15:00:47,12.5,11.5594114413877,78.9903276217732,NOISE
2026-04-24T09:32:11.829909,Map-Energy__sum__linear-conv00713-20250518_180047-20250519_000047-10.000000-15.000000.png,2025-05-18T18:00:47,2025-05-19T00:00:47,10.0,15.0,2025-05-18T21:00:47,12.5,11.5594114413877,78.9903276217732,NOISE,2025-05-18T21:00:47,12.5,11.5594114413877,78.9903276217732,NOISE,2025-05-18T21:00:47,12.5,11.5594114413877,78.9903276217732,NOISE,2025-05-18T21:00:47,12.5,11.5594114413877,78.9903276217732,NOISE
2026-04-24T09:32:14.500705,Map-Energy__sum__linear-conv00723-20250519_000047-20250519_060047-10.000000-15.000000.png,2025-05-19T00:00:47,2025-05-19T06:00:47,10.0,15.0,2025-05-19T03:00:47,12.5,11.5594114413877,78.9903276217732,NOISE,2025-05-19T03:00:47,12.5,11.5594114413877,78.9903276217732,NOISE,2025-05-19T03:00:47,12.5,11.5594114413877,78.9903276217732,NOISE,2025-05-19T03:00:47,12.5,11.5594114413877,78.9903276217732,NOISE
2026-04-24T09:32:15.812600,Map-Energy__sum__linear-conv00733-20250519_060047-20250519_120047-10.000000-15.000000.png,2025-05-19T06:00:47,2025-05-19T12:00:47,10.0,15.0,2025-05-19T09:00:47,12.5,11.5594114413877,78.9903276217732,NOISE,2025-05-19T09:00:47,12.5,11.5594114413877,78.9903276217732,NOISE,2025-05-19T09:00:47,12.5,11.5594114413877,78.9903276217732,NOISE,2025-05-19T09:00:47,12.5,11.5594114413877,78.9903276217732,NOISE
2026-04-24T09:32:17.060572,Map-Energy__sum__linear-conv00743-20250519_120047-20250519_180047-10.000000-15.000000.png,2025-05-19T12:00:47,2025-05-19T18:00:47,10.0,15.0,2025-05-19T15:00:47,12.5,11.5594114413877,78.9903276217732,NOISE,2025-05-19T15:00:47,12.5,11.5594114413877,78.9903276217732,NOISE,2025-05-19T15:00:47,12.5,11.5594114413877,78.9903276217732,NOISE,2025-05-19T15:00:47,12.5,11.5594114413877,78.9903276217732,NOISE
2026-04-24T09:32:18.268752,Map-Energy__sum__linear-conv00753-20250519_180047-20250520_000047-10.000000-15.000000.png,2025-05-19T18:00:47,2025-05-20T00:00:47,10.0,15.0,2025-05-19T21:00:47,12.5,11.5594114413877,78.9903276217732,NOISE,2025-05-19T21:00:47,12.5,11.5594114413877,78.9903276217732,NOISE,2025-05-19T21:00:47,12.5,11.5594114413877,78.9903276217732,NOISE,2025-05-19T21:00:47,12.5,11.5594114413877,78.9903276217732,NOISE
2026-04-24T09:32:19.445006,Map-Energy__sum__linear-conv00763-20250520_000047-20250520_060047-10.000000-15.000000.png,2025-05-20T00:00:47,2025-05-20T06:00:47,10.0,15.0,2025-05-20T03:00:47,12.5,11.5594114413877,78.9903276217732,NOISE,2025-05-20T03:00:47,12.5,11.5594114413877,78.9903276217732,NOISE,2025-05-20T03:00:47,12.5,11.5594114413877,78.9903276217732,NOISE,2025-05-20T03:00:47,12.5,11.5594114413877,78.9903276217732,NOISE
2026-04-24T09:32:20.100715,Map-Energy__sum__linear-conv00773-20250520_060047-20250520_120047-10.000000-15.000000.png,2025-05-20T06:00:47,2025-05-20T12:00:47,10.0,15.0,2025-05-20T09:00:47,12.5,11.5594114413877,78.9903276217732,NOISE,2025-05-20T09:00:47,12.5,11.5594114413877,78.9903276217732,NOISE,2025-05-20T09:00:47,12.5,11.5594114413877,78.9903276217732,NOISE,2025-05-20T09:00:47,12.5,11.5594114413877,78.9903276217732,NOISE
2026-04-24T09:32:20.732711,Map-Energy__sum__linear-conv00783-20250520_120047-20250520_180047-10.000000-15.000000.png,2025-05-20T12:00:47,2025-05-20T18:00:47,10.0,15.0,2025-05-20T15:00:47,12.5,11.5594114413877,78.9903276217732,NOISE,2025-05-20T15:00:47,12.5,11.5594114413877,78.9903276217732,NOISE,2025-05-20T15:00:47,12.5,11.5594114413877,78.9903276217732,NOISE,2025-05-20T15:00:47,12.5,11.5594114413877,78.9903276217732,NOISE
2026-04-24T09:32:21.540635,Map-Energy__sum__linear-conv00793-20250520_180047-20250521_000047-10.000000-15.000000.png,2025-05-20T18:00:47,2025-05-21T00:00:47,10.0,15.0,2025-05-20T21:00:47,12.5,11.5594114413877,78.9903276217732,NOISE,2025-05-20T21:00:47,12.5,11.5594114413877,78.9903276217732,NOISE,2025-05-20T21:00:47,12.5,11.5594114413877,78.9903276217732,NOISE,2025-05-20T21:00:47,12.5,11.5594114413877,78.9903276217732,NOISE
2026-04-24T09:32:22.516569,Map-Energy__sum__linear-conv00803-20250521_000047-20250521_060047-10.000000-15.000000.png,2025-05-21T00:00:47,2025-05-21T06:00:47,10.0,15.0,2025-05-21T03:00:47,12.5,11.5594114413877,78.9903276217732,NOISE,2025-05-21T03:00:47,12.5,11.5594114413877,78.9903276217732,NOISE,2025-05-21T03:00:47,12.5,11.5594114413877,78.9903276217732,NOISE,2025-05-21T03:00:47,12.5,11.5594114413877,78.9903276217732,NOISE
2026-04-24T09:32:23.332839,Map-Energy__sum__linear-conv00813-20250521_060047-20250521_120047-10.000000-15.000000.png,2025-05-21T06:00:47,2025-05-21T12:00:47,10.0,15.0,2025-05-21T09:00:47,12.5,11.5594114413877,78.9903276217732,NOISE,2025-05-21T09:00:47,12.5,11.5594114413877,78.9903276217732,NOISE,2025-05-21T09:00:47,12.5,11.5594114413877,78.9903276217732,NOISE,2025-05-21T09:00:47,12.5,11.5594114413877,78.9903276217732,NOISE
2026-04-24T09:32:24.244597,Map-Energy__sum__linear-conv00823-20250521_120047-20250521_180047-10.000000-15.000000.png,2025-05-21T12:00:47,2025-05-21T18:00:47,10.0,15.0,2025-05-21T15:00:47,12.5,11.5594114413877,78.9903276217732,NOISE,2025-05-21T15:00:47,12.5,11.5594114413877,78.9903276217732,NOISE,2025-05-21T15:00:47,12.5,11.5594114413877,78.9903276217732,NOISE,2025-05-21T15:00:47,12.5,11.5594114413877,78.9903276217732,NOISE
2026-04-24T09:32:25.044799,Map-Energy__sum__linear-conv00833-20250521_180047-20250522_000047-10.000000-15.000000.png,2025-05-21T18:00:47,2025-05-22T00:00:47,10.0,15.0,2025-05-21T21:00:47,12.5,11.5594114413877,78.9903276217732,NOISE,2025-05-21T21:00:47,12.5,11.5594114413877,78.9903276217732,NOISE,2025-05-21T21:00:47,12.5,11.5594114413877,78.9903276217732,NOISE,2025-05-21T21:00:47,12.5,11.5594114413877,78.9903276217732,NOISE
2026-04-24T09:32:25.852811,Map-Energy__sum__linear-conv00843-20250522_000047-20250522_060047-10.000000-15.000000.png,2025-05-22T00:00:47,2025-05-22T06:00:47,10.0,15.0,2025-05-22T03:00:47,12.5,11.5594114413877,78.9903276217732,NOISE,2025-05-22T03:00:47,12.5,11.5594114413877,78.9903276217732,NOISE,2025-05-22T03:00:47,12.5,11.5594114413877,78.9903276217732,NOISE,2025-05-22T03:00:47,12.5,11.5594114413877,78.9903276217732,NOISE
2026-04-24T09:32:26.908721,Map-Energy__sum__linear-conv00853-20250522_060047-20250522_120047-10.000000-15.000000.png,2025-05-22T06:00:47,2025-05-22T12:00:47,10.0,15.0,2025-05-22T09:00:47,12.5,11.5594114413877,78.9903276217732,NOISE,2025-05-22T09:00:47,12.5,11.5594114413877,78.9903276217732,NOISE,2025-05-22T09:00:47,12.5,11.5594114413877,78.9903276217732,NOISE,2025-05-22T09:00:47,12.5,11.5594114413877,78.9903276217732,NOISE
2026-04-24T09:32:27.724393,Map-Energy__sum__linear-conv00863-20250522_120047-20250522_180047-10.000000-15.000000.png,2025-05-22T12:00:47,2025-05-22T18:00:47,10.0,15.0,2025-05-22T15:00:47,12.5,11.5594114413877,78.9903276217732,NOISE,2025-05-22T15:00:47,12.5,11.5594114413877,78.9903276217732,NOISE,2025-05-22T15:00:47,12.5,11.5594114413877,78.9903276217732,NOISE,2025-05-22T15:00:47,12.5,11.5594114413877,78.9903276217732,NOISE
2026-04-24T09:32:28.516504,Map-Energy__sum__linear-conv00873-20250522_180047-20250523_000047-10.000000-15.000000.png,2025-05-22T18:00:47,2025-05-23T00:00:47,10.0,15.0,2025-05-22T21:00:47,12.5,11.5594114413877,78.9903276217732,NOISE,2025-05-22T21:00:47,12.5,11.5594114413877,78.9903276217732,NOISE,2025-05-22T21:00:47,12.5,11.5594114413877,78.9903276217732,NOISE,2025-05-22T21:00:47,12.5,11.5594114413877,78.9903276217732,NOISE
2026-04-24T09:32:29.212527,Map-Energy__sum__linear-conv00883-20250523_000047-20250523_060047-10.000000-15.000000.png,2025-05-23T00:00:47,2025-05-23T06:00:47,10.0,15.0,2025-05-23T03:00:47,12.5,11.5594114413877,78.9903276217732,NOISE,2025-05-23T03:00:47,12.5,11.5594114413877,78.9903276217732,NOISE,2025-05-23T03:00:47,12.5,11.5594114413877,78.9903276217732,NOISE,2025-05-23T03:00:47,12.5,11.5594114413877,78.9903276217732,NOISE
2026-04-24T09:32:29.876314,Map-Energy__sum__linear-conv00893-20250523_060047-20250523_120047-10.000000-15.000000.png,2025-05-23T06:00:47,2025-05-23T12:00:47,10.0,15.0,2025-05-23T09:00:47,12.5,11.5594114413877,78.9903276217732,NOISE,2025-05-23T09:00:47,12.5,11.5594114413877,78.9903276217732,NOISE,2025-05-23T09:00:47,12.5,11.5594114413877,78.9903276217732,NOISE,2025-05-23T09:00:47,12.5,11.5594114413877,78.9903276217732,NOISE
2026-04-24T09:32:30.534728,Map-Energy__sum__linear-conv00903-20250523_120047-20250523_180047-10.000000-15.000000.png,2025-05-23T12:00:47,2025-05-23T18:00:47,10.0,15.0,2025-05-23T15:00:47,12.5,11.5594114413877,78.9903276217732,NOISE,2025-05-23T15:00:47,12.5,11.5594114413877,78.9903276217732,NOISE,2025-05-23T15:00:47,12.5,11.5594114413877,78.9903276217732,NOISE,2025-05-23T15:00:47,12.5,11.5594114413877,78.9903276217732,NOISE
2026-04-24T09:32:31.333145,Map-Energy__sum__linear-conv00913-20250523_180047-20250524_000047-10.000000-15.000000.png,2025-05-23T18:00:47,2025-05-24T00:00:47,10.0,15.0,2025-05-23T21:00:47,12.5,11.5594114413877,78.9903276217732,NOISE,2025-05-23T21:00:47,12.5,11.5594114413877,78.9903276217732,NOISE,2025-05-23T21:00:47,12.5,11.5594114413877,78.9903276217732,NOISE,2025-05-23T21:00:47,12.5,11.5594114413877,78.9903276217732,NOISE
2026-04-24T09:32:32.060592,Map-Energy__sum__linear-conv00923-20250524_000047-20250524_060047-10.000000-15.000000.png,2025-05-24T00:00:47,2025-05-24T06:00:47,10.0,15.0,2025-05-24T03:00:47,12.5,11.5594114413877,78.9903276217732,NOISE,2025-05-24T03:00:47,12.5,11.5594114413877,78.9903276217732,NOISE,2025-05-24T03:00:47,12.5,11.5594114413877,78.9903276217732,NOISE,2025-05-24T03:00:47,12.5,11.5594114413877,78.9903276217732,NOISE
2026-04-24T09:32:32.780405,Map-Energy__sum__linear-conv00933-20250524_060047-20250524_120047-10.000000-15.000000.png,2025-05-24T06:00:47,2025-05-24T12:00:47,10.0,15.0,2025-05-24T09:00:47,12.5,11.5594114413877,78.9903276217732,NOISE,2025-05-24T09:00:47,12.5,11.5594114413877,78.9903276217732,NOISE,2025-05-24T09:00:47,12.5,11.5594114413877,78.9903276217732,NOISE,2025-05-24T09:00:47,12.5,11.5594114413877,78.9903276217732,NOISE
2026-04-24T09:32:33.508408,Map-Energy__sum__linear-conv00943-20250524_120047-20250524_180047-10.000000-15.000000.png,2025-05-24T12:00:47,2025-05-24T18:00:47,10.0,15.0,2025-05-24T15:00:47,12.5,11.5594114413877,78.9903276217732,NOISE,2025-05-24T15:00:47,12.5,11.5594114413877,78.9903276217732,NOISE,2025-05-24T15:00:47,12.5,11.5594114413877,78.9903276217732,NOISE,2025-05-24T15:00:47,12.5,11.5594114413877,78.9903276217732,NOISE
2026-04-24T09:32:34.236386,Map-Energy__sum__linear-conv00953-20250524_180047-20250525_000047-10.000000-15.000000.png,2025-05-24T18:00:47,2025-05-25T00:00:47,10.0,15.0,2025-05-24T21:00:47,12.5,11.5594114413877,78.9903276217732,NOISE,2025-05-24T21:00:47,12.5,11.5594114413877,78.9903276217732,NOISE,2025-05-24T21:00:47,12.5,11.5594114413877,78.9903276217732,NOISE,2025-05-24T21:00:47,12.5,11.5594114413877,78.9903276217732,NOISE
2026-04-24T09:32:35.246099,Map-Energy__sum__linear-conv00963-20250525_000047-20250525_060047-10.000000-15.000000.png,2025-05-25T00:00:47,2025-05-25T06:00:47,10.0,15.0,2025-05-25T03:00:47,12.5,11.5594114413877,78.9903276217732,NOISE,2025-05-25T03:00:47,12.5,11.5594114413877,78.9903276217732,NOISE,2025-05-25T03:00:47,12.5,11.5594114413877,78.9903276217732,NOISE,2025-05-25T03:00:47,12.5,11.5594114413877,78.9903276217732,NOISE
2026-04-24T09:32:35.861043,Map-Energy__sum__linear-conv00973-20250525_060047-20250525_120047-10.000000-15.000000.png,2025-05-25T06:00:47,2025-05-25T12:00:47,10.0,15.0,2025-05-25T09:00:47,12.5,11.5594114413877,78.9903276217732,NOISE,2025-05-25T09:00:47,12.5,11.5594114413877,78.9903276217732,NOISE,2025-05-25T09:00:47,12.5,11.5594114413877,78.9903276217732,NOISE,2025-05-25T09:00:47,12.5,11.5594114413877,78.9903276217732,NOISE
2026-04-24T09:32:36.540459,Map-Energy__sum__linear-conv00983-20250525_120047-20250525_180047-10.000000-15.000000.png,2025-05-25T12:00:47,2025-05-25T18:00:47,10.0,15.0,2025-05-25T15:00:47,12.5,11.5594114413877,78.9903276217732,NOISE,2025-05-25T15:00:47,12.5,11.5594114413877,78.9903276217732,NOISE,2025-05-25T15:00:47,12.5,11.5594114413877,78.9903276217732,NOISE,2025-05-25T15:00:47,12.5,11.5594114413877,78.9903276217732,NOISE
2026-04-24T09:32:37.156632,Map-Energy__sum__linear-conv00993-20250525_180047-20250526_000047-10.000000-15.000000.png,2025-05-25T18:00:47,2025-05-26T00:00:47,10.0,15.0,2025-05-25T21:00:47,12.5,11.5594114413877,78.9903276217732,NOISE,2025-05-25T21:00:47,12.5,11.5594114413877,78.9903276217732,NOISE,2025-05-25T21:00:47,12.5,11.5594114413877,78.9903276217732,NOISE,2025-05-25T21:00:47,12.5,11.5594114413877,78.9903276217732,NOISE
2026-04-24T09:32:37.876642,Map-Energy__sum__linear-conv01003-20250526_000047-20250526_060047-10.000000-15.000000.png,2025-05-26T00:00:47,2025-05-26T06:00:47,10.0,15.0,2025-05-26T03:00:47,12.5,11.5594114413877,78.9903276217732,NOISE,2025-05-26T03:00:47,12.5,11.5594114413877,78.9903276217732,NOISE,2025-05-26T03:00:47,12.5,11.5594114413877,78.9903276217732,NOISE,2025-05-26T03:00:47,12.5,11.5594114413877,78.9903276217732,NOISE
2026-04-24T09:32:47.252490,Map-Energy__sum__linear-conv00004-20250501_000047-20250501_060047-15.000000-20.000000.png,2025-05-01T00:00:47,2025-05-01T06:00:47,15.0,20.0,2025-05-01T02:27:24,19.359893,11.2702843832575,79.0151168560945,OTHER,2025-05-01T03:00:47,17.5,11.3555231115476,79.0115662370871,NOISE,2025-05-01T03:00:47,17.5,11.3555231115476,79.0115662370871,NOISE,2025-05-01T03:00:47,17.5,11.3555231115476,79.0115662370871,NOISE
2026-04-24T09:32:53.085126,Map-Energy__sum__linear-conv00014-20250501_060047-20250501_120047-15.000000-20.000000.png,2025-05-01T06:00:47,2025-05-01T12:00:47,15.0,20.0,2025-05-01T09:06:30,19.531097,11.2624224309479,79.015325057171,VESSEL,2025-05-01T09:00:47,17.5,11.3555231115476,79.0115662370871,NOISE,2025-05-01T09:00:47,17.5,11.3555231115476,79.0115662370871,NOISE,2025-05-01T09:00:47,17.5,11.3555231115476,79.0115662370871,NOISE
2026-04-24T09:32:59.524659,Map-Energy__sum__linear-conv00024-20250501_120047-20250501_180047-15.000000-20.000000.png,2025-05-01T12:00:47,2025-05-01T18:00:47,15.0,20.0,2025-05-01T13:18:08,19.336547,11.2712108098819,79.0150866741049,OTHER,2025-05-01T15:00:47,17.5,11.3555231115476,79.0115662370871,NOISE,2025-05-01T15:00:47,17.5,11.3555231115476,79.0115662370871,NOISE,2025-05-01T15:00:47,17.5,11.3555231115476,79.0115662370871,NOISE
2026-04-24T09:33:00.988596,Map-Energy__sum__linear-conv00034-20250501_180047-20250502_000047-15.000000-20.000000.png,2025-05-01T18:00:47,2025-05-02T00:00:47,15.0,20.0,2025-05-01T21:00:47,17.5,11.3555231115476,79.0115662370871,NOISE,2025-05-01T21:00:47,17.5,11.3555231115476,79.0115662370871,NOISE,2025-05-01T21:00:47,17.5,11.3555231115476,79.0115662370871,NOISE,2025-05-01T21:00:47,17.5,11.3555231115476,79.0115662370871,NOISE
2026-04-24T09:33:02.188450,Map-Energy__sum__linear-conv00044-20250502_000047-20250502_060047-15.000000-20.000000.png,2025-05-02T00:00:47,2025-05-02T06:00:47,15.0,20.0,2025-05-02T03:00:47,17.5,11.3555231115476,79.0115662370871,NOISE,2025-05-02T03:00:47,17.5,11.3555231115476,79.0115662370871,NOISE,2025-05-02T03:00:47,17.5,11.3555231115476,79.0115662370871,NOISE,2025-05-02T03:00:47,17.5,11.3555231115476,79.0115662370871,NOISE
2026-04-24T09:33:03.660648,Map-Energy__sum__linear-conv00054-20250502_060047-20250502_120047-15.000000-20.000000.png,2025-05-02T06:00:47,2025-05-02T12:00:47,15.0,20.0,2025-05-02T09:00:47,17.5,11.3555231115476,79.0115662370871,NOISE,2025-05-02T09:00:47,17.5,11.3555231115476,79.0115662370871,NOISE,2025-05-02T09:00:47,17.5,11.3555231115476,79.0115662370871,NOISE,2025-05-02T09:00:47,17.5,11.3555231115476,79.0115662370871,NOISE
2026-04-24T09:33:04.716490,Map-Energy__sum__linear-conv00064-20250502_120047-20250502_180047-15.000000-20.000000.png,2025-05-02T12:00:47,2025-05-02T18:00:47,15.0,20.0,2025-05-02T15:00:47,17.5,11.3555231115476,79.0115662370871,NOISE,2025-05-02T15:00:47,17.5,11.3555231115476,79.0115662370871,NOISE,2025-05-02T15:00:47,17.5,11.3555231115476,79.0115662370871,NOISE,2025-05-02T15:00:47,17.5,11.3555231115476,79.0115662370871,NOISE
2026-04-24T09:33:05.644499,Map-Energy__sum__linear-conv00074-20250502_180047-20250503_000047-15.000000-20.000000.png,2025-05-02T18:00:47,2025-05-03T00:00:47,15.0,20.0,2025-05-02T21:00:47,17.5,11.3555231115476,79.0115662370871,NOISE,2025-05-02T21:00:47,17.5,11.3555231115476,79.0115662370871,NOISE,2025-05-02T21:00:47,17.5,11.3555231115476,79.0115662370871,NOISE,2025-05-02T21:00:47,17.5,11.3555231115476,79.0115662370871,NOISE
2026-04-24T09:33:06.106657,Map-Energy__sum__linear-conv00084-20250503_000047-20250503_060047-15.000000-20.000000.png,2025-05-03T00:00:47,2025-05-03T06:00:47,15.0,20.0,2025-05-03T03:00:47,17.5,11.3555231115476,79.0115662370871,NOISE,2025-05-03T03:00:47,17.5,11.3555231115476,79.0115662370871,NOISE,2025-05-03T03:00:47,17.5,11.3555231115476,79.0115662370871,NOISE,2025-05-03T03:00:47,17.5,11.3555231115476,79.0115662370871,NOISE
2026-04-24T09:33:16.852516,Map-Energy__sum__linear-conv00094-20250503_060047-20250503_120047-15.000000-20.000000.png,2025-05-03T06:00:47,2025-05-03T12:00:47,15.0,20.0,2025-05-03T08:41:42,19.406585,11.2679899741174,79.0151880880071,OTHER,2025-05-03T11:21:14,19.562225,11.2610244616034,79.0153578590503,SEISMIC,2025-05-03T09:00:47,17.5,11.3555231115476,79.0115662370871,NOISE,2025-05-03T09:00:47,17.5,11.3555231115476,79.0115662370871,NOISE
2026-04-24T09:33:25.076694,Map-Energy__sum__linear-conv00104-20250503_120047-20250503_180047-15.000000-20.000000.png,2025-05-03T12:00:47,2025-05-03T18:00:47,15.0,20.0,2025-05-03T14:09:56,19.07196,11.2837103164464,79.0146794807275,OTHER,2025-05-03T15:00:47,17.5,11.3555231115476,79.0115662370871,NOISE,2025-05-03T15:00:47,17.5,11.3555231115476,79.0115662370871,NOISE,2025-05-03T15:00:47,17.5,11.3555231115476,79.0115662370871,NOISE
2026-04-24T09:33:27.132524,Map-Energy__sum__linear-conv00114-20250503_180047-20250504_000047-15.000000-20.000000.png,2025-05-03T18:00:47,2025-05-04T00:00:47,15.0,20.0,2025-05-03T21:00:47,17.5,11.3555231115476,79.0115662370871,NOISE,2025-05-03T21:00:47,17.5,11.3555231115476,79.0115662370871,NOISE,2025-05-03T21:00:47,17.5,11.3555231115476,79.0115662370871,NOISE,2025-05-03T21:00:47,17.5,11.3555231115476,79.0115662370871,NOISE
2026-04-24T09:33:32.604547,Map-Energy__sum__linear-conv00124-20250504_000047-20250504_060047-15.000000-20.000000.png,2025-05-04T00:00:47,2025-05-04T06:00:47,15.0,20.0,2025-05-04T04:22:46,19.289855,11.2735263395779,79.0150112418704,OTHER,2025-05-04T03:00:47,17.5,11.3555231115476,79.0115662370871,NOISE,2025-05-04T03:00:47,17.5,11.3555231115476,79.0115662370871,NOISE,2025-05-04T03:00:47,17.5,11.3555231115476,79.0115662370871,NOISE
2026-04-24T09:33:45.876512,Map-Energy__sum__linear-conv00134-20250504_060047-20250504_120047-15.000000-20.000000.png,2025-05-04T06:00:47,2025-05-04T12:00:47,15.0,20.0,2025-05-04T10:14:11,19.328765,11.2716739207583,79.0150715886754,OTHER,2025-05-04T09:00:47,17.5,11.3555231115476,79.0115662370871,NOISE,2025-05-04T09:00:47,17.5,11.3555231115476,79.0115662370871,NOISE,2025-05-04T09:00:47,17.5,11.3555231115476,79.0115662370871,NOISE
2026-04-24T09:33:59.100447,Map-Energy__sum__linear-conv00144-20250504_120047-20250504_180047-15.000000-20.000000.png,2025-05-04T12:00:47,2025-05-04T18:00:47,15.0,20.0,2025-05-04T14:24:52,19.531097,11.2624224309479,79.015325057171,SEISMIC,2025-05-04T16:24:40,19.266509,11.2744525470508,79.0149810704463,OTHER,2025-05-04T15:00:47,17.5,11.3555231115476,79.0115662370871,NOISE,2025-05-04T15:00:47,17.5,11.3555231115476,79.0115662370871,NOISE
2026-04-24T09:34:07.844406,Map-Energy__sum__linear-conv00154-20250504_180047-20250505_000047-15.000000-20.000000.png,2025-05-04T18:00:47,2025-05-05T00:00:47,15.0,20.0,2025-05-04T21:02:41,18.908538,11.2911178904912,79.0144381653174,OTHER,2025-05-04T21:00:47,17.5,11.3555231115476,79.0115662370871,NOISE,2025-05-04T21:00:47,17.5,11.3555231115476,79.0115662370871,NOISE,2025-05-04T21:00:47,17.5,11.3555231115476,79.0115662370871,NOISE
2026-04-24T09:34:11.204478,Map-Energy__sum__linear-conv00164-20250505_000047-20250505_060047-15.000000-20.000000.png,2025-05-05T00:00:47,2025-05-05T06:00:47,15.0,20.0,2025-05-05T03:00:47,17.5,11.3555231115476,79.0115662370871,NOISE,2025-05-05T03:00:47,17.5,11.3555231115476,79.0115662370871,NOISE,2025-05-05T03:00:47,17.5,11.3555231115476,79.0115662370871,NOISE,2025-05-05T03:00:47,17.5,11.3555231115476,79.0115662370871,NOISE
2026-04-24T09:34:15.636338,Map-Energy__sum__linear-conv00174-20250505_060047-20250505_120047-15.000000-20.000000.png,2025-05-05T06:00:47,2025-05-05T12:00:47,15.0,20.0,2025-05-05T09:00:47,17.5,11.3555231115476,79.0115662370871,NOISE,2025-05-05T09:00:47,17.5,11.3555231115476,79.0115662370871,NOISE,2025-05-05T09:00:47,17.5,11.3555231115476,79.0115662370871,NOISE,2025-05-05T09:00:47,17.5,11.3555231115476,79.0115662370871,NOISE
2026-04-24T09:34:23.188823,Map-Energy__sum__linear-conv00184-20250505_120047-20250505_180047-15.000000-20.000000.png,2025-05-05T12:00:47,2025-05-05T18:00:47,15.0,20.0,2025-05-05T15:59:53,19.352111,11.2707475971981,79.0151017654501,OTHER,2025-05-05T15:00:47,17.5,11.3555231115476,79.0115662370871,NOISE,2025-05-05T15:00:47,17.5,11.3555231115476,79.0115662370871,NOISE,2025-05-05T15:00:47,17.5,11.3555231115476,79.0115662370871,NOISE
2026-04-24T09:34:24.668873,Map-Energy__sum__linear-conv00194-20250505_180047-20250506_000047-15.000000-20.000000.png,2025-05-05T18:00:47,2025-05-06T00:00:47,15.0,20.0,2025-05-05T21:00:47,17.5,11.3555231115476,79.0115662370871,NOISE,2025-05-05T21:00:47,17.5,11.3555231115476,79.0115662370871,NOISE,2025-05-05T21:00:47,17.5,11.3555231115476,79.0115662370871,NOISE,2025-05-05T21:00:47,17.5,11.3555231115476,79.0115662370871,NOISE
2026-04-24T09:34:31.356308,Map-Energy__sum__linear-conv00204-20250506_000047-20250506_060047-15.000000-20.000000.png,2025-05-06T00:00:47,2025-05-06T06:00:47,15.0,20.0,2025-05-06T04:37:23,19.834594,11.2484520071962,79.015652848535,OTHER,2025-05-06T03:00:47,17.5,11.3555231115476,79.0115662370871,NOISE,2025-05-06T03:00:47,17.5,11.3555231115476,79.0115662370871,NOISE,2025-05-06T03:00:47,17.5,11.3555231115476,79.0115662370871,NOISE
2026-04-24T09:34:33.156163,Map-Energy__sum__linear-conv00214-20250506_060047-20250506_120047-15.000000-20.000000.png,2025-05-06T06:00:47,2025-05-06T12:00:47,15.0,20.0,2025-05-06T09:00:47,17.5,11.3555231115476,79.0115662370871,NOISE,2025-05-06T09:00:47,17.5,11.3555231115476,79.0115662370871,NOISE,2025-05-06T09:00:47,17.5,11.3555231115476,79.0115662370871,NOISE,2025-05-06T09:00:47,17.5,11.3555231115476,79.0115662370871,NOISE
2026-04-24T09:34:40.364498,Map-Energy__sum__linear-conv00224-20250506_120047-20250506_180047-15.000000-20.000000.png,2025-05-06T12:00:47,2025-05-06T18:00:47,15.0,20.0,2025-05-06T16:10:22,19.733428,11.2531130250159,79.015543486298,OTHER,2025-05-06T15:00:47,17.5,11.3555231115476,79.0115662370871,NOISE,2025-05-06T15:00:47,17.5,11.3555231115476,79.0115662370871,NOISE,2025-05-06T15:00:47,17.5,11.3555231115476,79.0115662370871,NOISE
2026-04-24T09:34:48.204458,Map-Energy__sum__linear-conv00234-20250506_180047-20250507_000047-15.000000-20.000000.png,2025-05-06T18:00:47,2025-05-07T00:00:47,15.0,20.0,2025-05-06T20:00:05,19.943542,11.2433324355104,79.0157729686911,OTHER,2025-05-06T21:00:47,17.5,11.3555231115476,79.0115662370871,NOISE,2025-05-06T21:00:47,17.5,11.3555231115476,79.0115662370871,NOISE,2025-05-06T21:00:47,17.5,11.3555231115476,79.0115662370871,NOISE
2026-04-24T09:34:54.628753,Map-Energy__sum__linear-conv00244-20250507_000047-20250507_060047-15.000000-20.000000.png,2025-05-07T00:00:47,2025-05-07T06:00:47,15.0,20.0,2025-05-07T04:52:38,19.889068,11.2456537911431,79.0157185027774,VESSEL,2025-05-07T03:00:47,17.5,11.3555231115476,79.0115662370871,NOISE,2025-05-07T03:00:47,17.5,11.3555231115476,79.0115662370871,NOISE,2025-05-07T03:00:47,17.5,11.3555231115476,79.0115662370871,NOISE
2026-04-24T09:35:01.004427,Map-Energy__sum__linear-conv00254-20250507_060047-20250507_120047-15.000000-20.000000.png,2025-05-07T06:00:47,2025-05-07T12:00:47,15.0,20.0,2025-05-07T07:49:35,19.359893,11.2702843832575,79.0151168560945,VESSEL,2025-05-07T09:00:47,17.5,11.3555231115476,79.0115662370871,NOISE,2025-05-07T09:00:47,17.5,11.3555231115476,79.0115662370871,NOISE,2025-05-07T09:00:47,17.5,11.3555231115476,79.0115662370871,NOISE
2026-04-24T09:35:02.612427,Map-Energy__sum__linear-conv00264-20250507_120047-20250507_180047-15.000000-20.000000.png,2025-05-07T12:00:47,2025-05-07T18:00:47,15.0,20.0,2025-05-07T15:00:47,17.5,11.3555231115476,79.0115662370871,NOISE,2025-05-07T15:00:47,17.5,11.3555231115476,79.0115662370871,NOISE,2025-05-07T15:00:47,17.5,11.3555231115476,79.0115662370871,NOISE,2025-05-07T15:00:47,17.5,11.3555231115476,79.0115662370871,NOISE
2026-04-24T09:35:12.916487,Map-Energy__sum__linear-conv00274-20250507_180047-20250508_000047-15.000000-20.000000.png,2025-05-07T18:00:47,2025-05-08T00:00:47,15.0,20.0,2025-05-07T18:23:20,19.655608,11.2563645294503,79.0154671949879,OTHER,2025-05-07T21:00:47,17.5,11.3555231115476,79.0115662370871,NOISE,2025-05-07T21:00:47,17.5,11.3555231115476,79.0115662370871,NOISE,2025-05-07T21:00:47,17.5,11.3555231115476,79.0115662370871,NOISE
2026-04-24T09:35:15.012523,Map-Energy__sum__linear-conv00284-20250508_000047-20250508_060047-15.000000-20.000000.png,2025-05-08T00:00:47,2025-05-08T06:00:47,15.0,20.0,2025-05-08T03:00:47,17.5,11.3555231115476,79.0115662370871,NOISE,2025-05-08T03:00:47,17.5,11.3555231115476,79.0115662370871,NOISE,2025-05-08T03:00:47,17.5,11.3555231115476,79.0115662370871,NOISE,2025-05-08T03:00:47,17.5,11.3555231115476,79.0115662370871,NOISE
2026-04-24T09:35:17.076874,Map-Energy__sum__linear-conv00294-20250508_060047-20250508_120047-15.000000-20.000000.png,2025-05-08T06:00:47,2025-05-08T12:00:47,15.0,20.0,2025-05-08T09:00:47,17.5,11.3555231115476,79.0115662370871,NOISE,2025-05-08T09:00:47,17.5,11.3555231115476,79.0115662370871,NOISE,2025-05-08T09:00:47,17.5,11.3555231115476,79.0115662370871,NOISE,2025-05-08T09:00:47,17.5,11.3555231115476,79.0115662370871,NOISE
2026-04-24T09:35:41.076400,Map-Energy__sum__linear-conv00304-20250508_120047-20250508_180047-15.000000-20.000000.png,2025-05-08T12:00:47,2025-05-08T18:00:47,15.0,20.0,2025-05-08T17:13:56,19.859924,11.24705277571,79.0156856778878,OTHER,2025-05-08T15:00:47,17.5,11.3555231115476,79.0115662370871,NOISE,2025-05-08T15:00:47,17.5,11.3555231115476,79.0115662370871,NOISE,2025-05-08T15:00:47,17.5,11.3555231115476,79.0115662370871,NOISE
2026-04-24T09:35:48.684466,Map-Energy__sum__linear-conv00314-20250508_180047-20250509_000047-15.000000-20.000000.png,2025-05-08T18:00:47,2025-05-09T00:00:47,15.0,20.0,2025-05-08T21:00:47,17.5,11.3555231115476,79.0115662370871,NOISE,2025-05-08T21:00:47,17.5,11.3555231115476,79.0115662370871,NOISE,2025-05-08T21:00:47,17.5,11.3555231115476,79.0115662370871,NOISE,2025-05-08T21:00:47,17.5,11.3555231115476,79.0115662370871,NOISE
2026-04-24T09:35:55.492455,Map-Energy__sum__linear-conv00324-20250509_000047-20250509_060047-15.000000-20.000000.png,2025-05-09T00:00:47,2025-05-09T06:00:47,15.0,20.0,2025-05-09T04:56:46,19.85794,11.24705277571,79.0156856778878,OTHER,2025-05-09T03:00:47,17.5,11.3555231115476,79.0115662370871,NOISE,2025-05-09T03:00:47,17.5,11.3555231115476,79.0115662370871,NOISE,2025-05-09T03:00:47,17.5,11.3555231115476,79.0115662370871,NOISE
2026-04-24T09:36:18.996459,Map-Energy__sum__linear-conv00334-20250509_060047-20250509_120047-15.000000-20.000000.png,2025-05-09T06:00:47,2025-05-09T12:00:47,15.0,20.0,2025-05-09T09:00:47,17.5,11.3555231115476,79.0115662370871,VESSEL,2025-05-09T09:00:47,17.5,11.3555231115476,79.0115662370871,NOISE,2025-05-09T09:00:47,17.5,11.3555231115476,79.0115662370871,NOISE,2025-05-09T09:00:47,17.5,11.3555231115476,79.0115662370871,NOISE
2026-04-24T09:36:27.917861,Map-Energy__sum__linear-conv00344-20250509_120047-20250509_180047-15.000000-20.000000.png,2025-05-09T12:00:47,2025-05-09T18:00:47,15.0,20.0,2025-05-09T17:05:59,19.406585,11.2679899741174,79.0151880880071,OTHER,2025-05-09T15:00:47,17.5,11.3555231115476,79.0115662370871,NOISE,2025-05-09T15:00:47,17.5,11.3555231115476,79.0115662370871,NOISE,2025-05-09T15:00:47,17.5,11.3555231115476,79.0115662370871,NOISE
2026-04-24T09:36:35.620951,Map-Energy__sum__linear-conv00354-20250509_180047-20250510_000047-15.000000-20.000000.png,2025-05-09T18:00:47,2025-05-10T00:00:47,15.0,20.0,2025-05-09T22:26:16,19.710082,11.2540442366611,79.0155216358941,OTHER,2025-05-09T21:00:47,17.5,11.3555231115476,79.0115662370871,NOISE,2025-05-09T21:00:47,17.5,11.3555231115476,79.0115662370871,NOISE,2025-05-09T21:00:47,17.5,11.3555231115476,79.0115662370871,NOISE
2026-04-24T09:36:42.156981,Map-Energy__sum__linear-conv00364-20250510_000047-20250510_060047-15.000000-20.000000.png,2025-05-10T00:00:47,2025-05-10T06:00:47,15.0,20.0,2025-05-10T01:41:20,19.725646,11.2531130250159,79.015543486298,OTHER,2025-05-10T03:00:47,17.5,11.3555231115476,79.0115662370871,NOISE,2025-05-10T03:00:47,17.5,11.3555231115476,79.0115662370871,NOISE,2025-05-10T03:00:47,17.5,11.3555231115476,79.0115662370871,NOISE
2026-04-24T09:36:52.708611,Map-Energy__sum__linear-conv00374-20250510_060047-20250510_120047-15.000000-20.000000.png,2025-05-10T06:00:47,2025-05-10T12:00:47,15.0,20.0,2025-05-10T07:00:39,19.196472,11.2776942478447,79.0148754640137,OTHER,2025-05-10T11:12:59,19.429931,11.2670817670337,79.0152147184616,OTHER,2025-05-10T09:00:47,17.5,11.3555231115476,79.0115662370871,NOISE,2025-05-10T09:00:47,17.5,11.3555231115476,79.0115662370871,NOISE
2026-04-24T09:36:57.652453,Map-Energy__sum__linear-conv00384-20250510_120047-20250510_180047-15.000000-20.000000.png,2025-05-10T12:00:47,2025-05-10T18:00:47,15.0,20.0,2025-05-10T15:00:47,17.5,11.3555231115476,79.0115662370871,NOISE,2025-05-10T15:00:47,17.5,11.3555231115476,79.0115662370871,NOISE,2025-05-10T15:00:47,17.5,11.3555231115476,79.0115662370871,NOISE,2025-05-10T15:00:47,17.5,11.3555231115476,79.0115662370871,NOISE
2026-04-24T09:37:04.972465,Map-Energy__sum__linear-conv00394-20250510_180047-20250511_000047-15.000000-20.000000.png,2025-05-10T18:00:47,2025-05-11T00:00:47,15.0,20.0,2025-05-10T20:38:51,19.282073,11.2739894439268,79.014996156509,OTHER,2025-05-10T21:00:47,17.5,11.3555231115476,79.0115662370871,NOISE,2025-05-10T21:00:47,17.5,11.3555231115476,79.0115662370871,NOISE,2025-05-10T21:00:47,17.5,11.3555231115476,79.0115662370871,NOISE
2026-04-24T09:37:07.996426,Map-Energy__sum__linear-conv00404-20250511_000047-20250511_060047-15.000000-20.000000.png,2025-05-11T00:00:47,2025-05-11T06:00:47,15.0,20.0,2025-05-11T03:00:47,17.5,11.3555231115476,79.0115662370871,NOISE,2025-05-11T03:00:47,17.5,11.3555231115476,79.0115662370871,NOISE,2025-05-11T03:00:47,17.5,11.3555231115476,79.0115662370871,NOISE,2025-05-11T03:00:47,17.5,11.3555231115476,79.0115662370871,NOISE
2026-04-24T09:37:14.885092,Map-Energy__sum__linear-conv00414-20250511_060047-20250511_120047-15.000000-20.000000.png,2025-05-11T06:00:47,2025-05-11T12:00:47,15.0,20.0,2025-05-11T08:33:27,19.66339,11.2563645294503,79.0154671949879,OTHER,2025-05-11T09:00:47,17.5,11.3555231115476,79.0115662370871,NOISE,2025-05-11T09:00:47,17.5,11.3555231115476,79.0115662370871,NOISE,2025-05-11T09:00:47,17.5,11.3555231115476,79.0115662370871,NOISE
2026-04-24T09:37:16.269122,Map-Energy__sum__linear-conv00424-20250511_120047-20250511_180047-15.000000-20.000000.png,2025-05-11T12:00:47,2025-05-11T18:00:47,15.0,20.0,2025-05-11T15:00:47,17.5,11.3555231115476,79.0115662370871,NOISE,2025-05-11T15:00:47,17.5,11.3555231115476,79.0115662370871,NOISE,2025-05-11T15:00:47,17.5,11.3555231115476,79.0115662370871,NOISE,2025-05-11T15:00:47,17.5,11.3555231115476,79.0115662370871,NOISE
2026-04-24T09:37:17.836466,Map-Energy__sum__linear-conv00434-20250511_180047-20250512_000047-15.000000-20.000000.png,2025-05-11T18:00:47,2025-05-12T00:00:47,15.0,20.0,2025-05-11T21:00:47,17.5,11.3555231115476,79.0115662370871,NOISE,2025-05-11T21:00:47,17.5,11.3555231115476,79.0115662370871,NOISE,2025-05-11T21:00:47,17.5,11.3555231115476,79.0115662370871,NOISE,2025-05-11T21:00:47,17.5,11.3555231115476,79.0115662370871,NOISE
2026-04-24T09:37:26.284699,Map-Energy__sum__linear-conv00444-20250512_000047-20250512_060047-15.000000-20.000000.png,2025-05-12T00:00:47,2025-05-12T06:00:47,15.0,20.0,2025-05-12T01:13:22,19.797669,11.2498510185505,79.015620022342,OTHER,2025-05-12T03:00:47,17.5,11.3555231115476,79.0115662370871,NOISE,2025-05-12T03:00:47,17.5,11.3555231115476,79.0115662370871,NOISE,2025-05-12T03:00:47,17.5,11.3555231115476,79.0115662370871,NOISE
2026-04-24T09:37:27.828682,Map-Energy__sum__linear-conv00454-20250512_060047-20250512_120047-15.000000-20.000000.png,2025-05-12T06:00:47,2025-05-12T12:00:47,15.0,20.0,2025-05-12T09:00:47,17.5,11.3555231115476,79.0115662370871,NOISE,2025-05-12T09:00:47,17.5,11.3555231115476,79.0115662370871,NOISE,2025-05-12T09:00:47,17.5,11.3555231115476,79.0115662370871,NOISE,2025-05-12T09:00:47,17.5,11.3555231115476,79.0115662370871,NOISE
2026-04-24T09:37:29.725287,Map-Energy__sum__linear-conv00464-20250512_120047-20250512_180047-15.000000-20.000000.png,2025-05-12T12:00:47,2025-05-12T18:00:47,15.0,20.0,2025-05-12T15:00:47,17.5,11.3555231115476,79.0115662370871,NOISE,2025-05-12T15:00:47,17.5,11.3555231115476,79.0115662370871,NOISE,2025-05-12T15:00:47,17.5,11.3555231115476,79.0115662370871,NOISE,2025-05-12T15:00:47,17.5,11.3555231115476,79.0115662370871,NOISE
2026-04-24T09:37:31.380592,Map-Energy__sum__linear-conv00474-20250512_180047-20250513_000047-15.000000-20.000000.png,2025-05-12T18:00:47,2025-05-13T00:00:47,15.0,20.0,2025-05-12T21:00:47,17.5,11.3555231115476,79.0115662370871,NOISE,2025-05-12T21:00:47,17.5,11.3555231115476,79.0115662370871,NOISE,2025-05-12T21:00:47,17.5,11.3555231115476,79.0115662370871,NOISE,2025-05-12T21:00:47,17.5,11.3555231115476,79.0115662370871,NOISE
2026-04-24T09:37:34.724779,Map-Energy__sum__linear-conv00484-20250513_000047-20250513_060047-15.000000-20.000000.png,2025-05-13T00:00:47,2025-05-13T06:00:47,15.0,20.0,2025-05-13T03:00:47,17.5,11.3555231115476,79.0115662370871,NOISE,2025-05-13T03:00:47,17.5,11.3555231115476,79.0115662370871,NOISE,2025-05-13T03:00:47,17.5,11.3555231115476,79.0115662370871,NOISE,2025-05-13T03:00:47,17.5,11.3555231115476,79.0115662370871,NOISE
2026-04-24T09:37:38.548703,Map-Energy__sum__linear-conv00494-20250513_060047-20250513_120047-15.000000-20.000000.png,2025-05-13T06:00:47,2025-05-13T12:00:47,15.0,20.0,2025-05-13T09:00:47,17.5,11.3555231115476,79.0115662370871,NOISE,2025-05-13T09:00:47,17.5,11.3555231115476,79.0115662370871,NOISE,2025-05-13T09:00:47,17.5,11.3555231115476,79.0115662370871,NOISE,2025-05-13T09:00:47,17.5,11.3555231115476,79.0115662370871,NOISE
2026-04-24T09:37:47.044586,Map-Energy__sum__linear-conv00504-20250513_120047-20250513_180047-15.000000-20.000000.png,2025-05-13T12:00:47,2025-05-13T18:00:47,15.0,20.0,2025-05-13T15:00:47,17.5,11.3555231115476,79.0115662370871,NOISE,2025-05-13T15:00:47,17.5,11.3555231115476,79.0115662370871,NOISE,2025-05-13T15:00:47,17.5,11.3555231115476,79.0115662370871,NOISE,2025-05-13T15:00:47,17.5,11.3555231115476,79.0115662370871,NOISE
2026-04-24T09:37:48.820598,Map-Energy__sum__linear-conv00514-20250513_180047-20250514_000047-15.000000-20.000000.png,2025-05-13T18:00:47,2025-05-14T00:00:47,15.0,20.0,2025-05-13T21:00:47,17.5,11.3555231115476,79.0115662370871,NOISE,2025-05-13T21:00:47,17.5,11.3555231115476,79.0115662370871,NOISE,2025-05-13T21:00:47,17.5,11.3555231115476,79.0115662370871,NOISE,2025-05-13T21:00:47,17.5,11.3555231115476,79.0115662370871,NOISE
2026-04-24T09:37:51.500489,Map-Energy__sum__linear-conv00524-20250514_000047-20250514_060047-15.000000-20.000000.png,2025-05-14T00:00:47,2025-05-14T06:00:47,15.0,20.0,2025-05-14T03:00:47,17.5,11.3555231115476,79.0115662370871,NOISE,2025-05-14T03:00:47,17.5,11.3555231115476,79.0115662370871,NOISE,2025-05-14T03:00:47,17.5,11.3555231115476,79.0115662370871,NOISE,2025-05-14T03:00:47,17.5,11.3555231115476,79.0115662370871,NOISE
2026-04-24T09:37:54.519305,Map-Energy__sum__linear-conv00534-20250514_060047-20250514_120047-15.000000-20.000000.png,2025-05-14T06:00:47,2025-05-14T12:00:47,15.0,20.0,2025-05-14T09:00:47,17.5,11.3555231115476,79.0115662370871,NOISE,2025-05-14T09:00:47,17.5,11.3555231115476,79.0115662370871,NOISE,2025-05-14T09:00:47,17.5,11.3555231115476,79.0115662370871,NOISE,2025-05-14T09:00:47,17.5,11.3555231115476,79.0115662370871,NOISE
2026-04-24T09:37:56.084714,Map-Energy__sum__linear-conv00544-20250514_120047-20250514_180047-15.000000-20.000000.png,2025-05-14T12:00:47,2025-05-14T18:00:47,15.0,20.0,2025-05-14T15:00:47,17.5,11.3555231115476,79.0115662370871,NOISE,2025-05-14T15:00:47,17.5,11.3555231115476,79.0115662370871,NOISE,2025-05-14T15:00:47,17.5,11.3555231115476,79.0115662370871,NOISE,2025-05-14T15:00:47,17.5,11.3555231115476,79.0115662370871,NOISE
2026-04-24T09:38:02.948461,Map-Energy__sum__linear-conv00554-20250514_180047-20250515_000047-15.000000-20.000000.png,2025-05-14T18:00:47,2025-05-15T00:00:47,15.0,20.0,2025-05-14T21:00:47,17.5,11.3555231115476,79.0115662370871,NOISE,2025-05-14T21:00:47,17.5,11.3555231115476,79.0115662370871,NOISE,2025-05-14T21:00:47,17.5,11.3555231115476,79.0115662370871,NOISE,2025-05-14T21:00:47,17.5,11.3555231115476,79.0115662370871,NOISE
2026-04-24T09:38:04.612401,Map-Energy__sum__linear-conv00564-20250515_000047-20250515_060047-15.000000-20.000000.png,2025-05-15T00:00:47,2025-05-15T06:00:47,15.0,20.0,2025-05-15T03:00:47,17.5,11.3555231115476,79.0115662370871,NOISE,2025-05-15T03:00:47,17.5,11.3555231115476,79.0115662370871,NOISE,2025-05-15T03:00:47,17.5,11.3555231115476,79.0115662370871,NOISE,2025-05-15T03:00:47,17.5,11.3555231115476,79.0115662370871,NOISE
2026-04-24T09:38:11.500476,Map-Energy__sum__linear-conv00574-20250515_060047-20250515_120047-15.000000-20.000000.png,2025-05-15T06:00:47,2025-05-15T12:00:47,15.0,20.0,2025-05-15T09:00:47,17.5,11.3555231115476,79.0115662370871,NOISE,2025-05-15T09:00:47,17.5,11.3555231115476,79.0115662370871,NOISE,2025-05-15T09:00:47,17.5,11.3555231115476,79.0115662370871,NOISE,2025-05-15T09:00:47,17.5,11.3555231115476,79.0115662370871,NOISE
2026-04-24T09:38:14.644585,Map-Energy__sum__linear-conv00584-20250515_120047-20250515_180047-15.000000-20.000000.png,2025-05-15T12:00:47,2025-05-15T18:00:47,15.0,20.0,2025-05-15T15:00:47,17.5,11.3555231115476,79.0115662370871,NOISE,2025-05-15T15:00:47,17.5,11.3555231115476,79.0115662370871,NOISE,2025-05-15T15:00:47,17.5,11.3555231115476,79.0115662370871,NOISE,2025-05-15T15:00:47,17.5,11.3555231115476,79.0115662370871,NOISE
2026-04-24T09:38:18.756466,Map-Energy__sum__linear-conv00594-20250515_180047-20250516_000047-15.000000-20.000000.png,2025-05-15T18:00:47,2025-05-16T00:00:47,15.0,20.0,2025-05-15T21:00:47,17.5,11.3555231115476,79.0115662370871,NOISE,2025-05-15T21:00:47,17.5,11.3555231115476,79.0115662370871,NOISE,2025-05-15T21:00:47,17.5,11.3555231115476,79.0115662370871,NOISE,2025-05-15T21:00:47,17.5,11.3555231115476,79.0115662370871,NOISE
2026-04-24T09:38:20.708733,Map-Energy__sum__linear-conv00604-20250516_000047-20250516_060047-15.000000-20.000000.png,2025-05-16T00:00:47,2025-05-16T06:00:47,15.0,20.0,2025-05-16T03:00:47,17.5,11.3555231115476,79.0115662370871,NOISE,2025-05-16T03:00:47,17.5,11.3555231115476,79.0115662370871,NOISE,2025-05-16T03:00:47,17.5,11.3555231115476,79.0115662370871,NOISE,2025-05-16T03:00:47,17.5,11.3555231115476,79.0115662370871,NOISE
2026-04-24T09:38:25.774143,Map-Energy__sum__linear-conv00614-20250516_060047-20250516_120047-15.000000-20.000000.png,2025-05-16T06:00:47,2025-05-16T12:00:47,15.0,20.0,2025-05-16T09:00:47,17.5,11.3555231115476,79.0115662370871,NOISE,2025-05-16T09:00:47,17.5,11.3555231115476,79.0115662370871,NOISE,2025-05-16T09:00:47,17.5,11.3555231115476,79.0115662370871,NOISE,2025-05-16T09:00:47,17.5,11.3555231115476,79.0115662370871,NOISE
2026-04-24T09:38:29.572610,Map-Energy__sum__linear-conv00624-20250516_120047-20250516_180047-15.000000-20.000000.png,2025-05-16T12:00:47,2025-05-16T18:00:47,15.0,20.0,2025-05-16T15:00:47,17.5,11.3555231115476,79.0115662370871,NOISE,2025-05-16T15:00:47,17.5,11.3555231115476,79.0115662370871,NOISE,2025-05-16T15:00:47,17.5,11.3555231115476,79.0115662370871,NOISE,2025-05-16T15:00:47,17.5,11.3555231115476,79.0115662370871,NOISE
2026-04-24T09:38:32.492503,Map-Energy__sum__linear-conv00634-20250516_180047-20250517_000047-15.000000-20.000000.png,2025-05-16T18:00:47,2025-05-17T00:00:47,15.0,20.0,2025-05-16T21:00:47,17.5,11.3555231115476,79.0115662370871,NOISE,2025-05-16T21:00:47,17.5,11.3555231115476,79.0115662370871,NOISE,2025-05-16T21:00:47,17.5,11.3555231115476,79.0115662370871,NOISE,2025-05-16T21:00:47,17.5,11.3555231115476,79.0115662370871,NOISE
2026-04-24T09:38:36.708644,Map-Energy__sum__linear-conv00644-20250517_000047-20250517_060047-15.000000-20.000000.png,2025-05-17T00:00:47,2025-05-17T06:00:47,15.0,20.0,2025-05-17T03:00:47,17.5,11.3555231115476,79.0115662370871,NOISE,2025-05-17T03:00:47,17.5,11.3555231115476,79.0115662370871,NOISE,2025-05-17T03:00:47,17.5,11.3555231115476,79.0115662370871,NOISE,2025-05-17T03:00:47,17.5,11.3555231115476,79.0115662370871,NOISE
2026-04-24T09:38:43.196470,Map-Energy__sum__linear-conv00654-20250517_060047-20250517_120047-15.000000-20.000000.png,2025-05-17T06:00:47,2025-05-17T12:00:47,15.0,20.0,2025-05-17T09:00:47,17.5,11.3555231115476,79.0115662370871,NOISE,2025-05-17T09:00:47,17.5,11.3555231115476,79.0115662370871,NOISE,2025-05-17T09:00:47,17.5,11.3555231115476,79.0115662370871,NOISE,2025-05-17T09:00:47,17.5,11.3555231115476,79.0115662370871,NOISE
2026-04-24T09:38:45.580437,Map-Energy__sum__linear-conv00664-20250517_120047-20250517_180047-15.000000-20.000000.png,2025-05-17T12:00:47,2025-05-17T18:00:47,15.0,20.0,2025-05-17T15:00:47,17.5,11.3555231115476,79.0115662370871,NOISE,2025-05-17T15:00:47,17.5,11.3555231115476,79.0115662370871,NOISE,2025-05-17T15:00:47,17.5,11.3555231115476,79.0115662370871,NOISE,2025-05-17T15:00:47,17.5,11.3555231115476,79.0115662370871,NOISE
2026-04-24T09:38:50.004639,Map-Energy__sum__linear-conv00674-20250517_180047-20250518_000047-15.000000-20.000000.png,2025-05-17T18:00:47,2025-05-18T00:00:47,15.0,20.0,2025-05-17T21:00:47,17.5,11.3555231115476,79.0115662370871,NOISE,2025-05-17T21:00:47,17.5,11.3555231115476,79.0115662370871,NOISE,2025-05-17T21:00:47,17.5,11.3555231115476,79.0115662370871,NOISE,2025-05-17T21:00:47,17.5,11.3555231115476,79.0115662370871,NOISE
2026-04-24T09:39:05.780466,Map-Energy__sum__linear-conv00684-20250518_000047-20250518_060047-15.000000-20.000000.png,2025-05-18T00:00:47,2025-05-18T06:00:47,15.0,20.0,2025-05-18T03:00:47,17.5,11.3555231115476,79.0115662370871,NOISE,2025-05-18T03:00:47,17.5,11.3555231115476,79.0115662370871,NOISE,2025-05-18T03:00:47,17.5,11.3555231115476,79.0115662370871,NOISE,2025-05-18T03:00:47,17.5,11.3555231115476,79.0115662370871,NOISE
2026-04-24T09:39:10.388537,Map-Energy__sum__linear-conv00694-20250518_060047-20250518_120047-15.000000-20.000000.png,2025-05-18T06:00:47,2025-05-18T12:00:47,15.0,20.0,2025-05-18T09:00:47,17.5,11.3555231115476,79.0115662370871,NOISE,2025-05-18T09:00:47,17.5,11.3555231115476,79.0115662370871,NOISE,2025-05-18T09:00:47,17.5,11.3555231115476,79.0115662370871,NOISE,2025-05-18T09:00:47,17.5,11.3555231115476,79.0115662370871,NOISE
2026-04-24T09:39:11.932492,Map-Energy__sum__linear-conv00704-20250518_120047-20250518_180047-15.000000-20.000000.png,2025-05-18T12:00:47,2025-05-18T18:00:47,15.0,20.0,2025-05-18T15:00:47,17.5,11.3555231115476,79.0115662370871,NOISE,2025-05-18T15:00:47,17.5,11.3555231115476,79.0115662370871,NOISE,2025-05-18T15:00:47,17.5,11.3555231115476,79.0115662370871,NOISE,2025-05-18T15:00:47,17.5,11.3555231115476,79.0115662370871,NOISE
2026-04-24T09:39:13.196501,Map-Energy__sum__linear-conv00714-20250518_180047-20250519_000047-15.000000-20.000000.png,2025-05-18T18:00:47,2025-05-19T00:00:47,15.0,20.0,2025-05-18T21:00:47,17.5,11.3555231115476,79.0115662370871,NOISE,2025-05-18T21:00:47,17.5,11.3555231115476,79.0115662370871,NOISE,2025-05-18T21:00:47,17.5,11.3555231115476,79.0115662370871,NOISE,2025-05-18T21:00:47,17.5,11.3555231115476,79.0115662370871,NOISE
2026-04-24T09:39:14.788509,Map-Energy__sum__linear-conv00724-20250519_000047-20250519_060047-15.000000-20.000000.png,2025-05-19T00:00:47,2025-05-19T06:00:47,15.0,20.0,2025-05-19T03:00:47,17.5,11.3555231115476,79.0115662370871,NOISE,2025-05-19T03:00:47,17.5,11.3555231115476,79.0115662370871,NOISE,2025-05-19T03:00:47,17.5,11.3555231115476,79.0115662370871,NOISE,2025-05-19T03:00:47,17.5,11.3555231115476,79.0115662370871,NOISE
2026-04-24T09:39:18.724803,Map-Energy__sum__linear-conv00734-20250519_060047-20250519_120047-15.000000-20.000000.png,2025-05-19T06:00:47,2025-05-19T12:00:47,15.0,20.0,2025-05-19T09:00:47,17.5,11.3555231115476,79.0115662370871,NOISE,2025-05-19T09:00:47,17.5,11.3555231115476,79.0115662370871,NOISE,2025-05-19T09:00:47,17.5,11.3555231115476,79.0115662370871,NOISE,2025-05-19T09:00:47,17.5,11.3555231115476,79.0115662370871,NOISE
2026-04-24T09:39:20.660384,Map-Energy__sum__linear-conv00744-20250519_120047-20250519_180047-15.000000-20.000000.png,2025-05-19T12:00:47,2025-05-19T18:00:47,15.0,20.0,2025-05-19T15:00:47,17.5,11.3555231115476,79.0115662370871,NOISE,2025-05-19T15:00:47,17.5,11.3555231115476,79.0115662370871,NOISE,2025-05-19T15:00:47,17.5,11.3555231115476,79.0115662370871,NOISE,2025-05-19T15:00:47,17.5,11.3555231115476,79.0115662370871,NOISE
2026-04-24T09:39:22.372634,Map-Energy__sum__linear-conv00754-20250519_180047-20250520_000047-15.000000-20.000000.png,2025-05-19T18:00:47,2025-05-20T00:00:47,15.0,20.0,2025-05-19T21:00:47,17.5,11.3555231115476,79.0115662370871,NOISE,2025-05-19T21:00:47,17.5,11.3555231115476,79.0115662370871,NOISE,2025-05-19T21:00:47,17.5,11.3555231115476,79.0115662370871,NOISE,2025-05-19T21:00:47,17.5,11.3555231115476,79.0115662370871,NOISE
2026-04-24T09:39:23.684356,Map-Energy__sum__linear-conv00764-20250520_000047-20250520_060047-15.000000-20.000000.png,2025-05-20T00:00:47,2025-05-20T06:00:47,15.0,20.0,2025-05-20T03:00:47,17.5,11.3555231115476,79.0115662370871,NOISE,2025-05-20T03:00:47,17.5,11.3555231115476,79.0115662370871,NOISE,2025-05-20T03:00:47,17.5,11.3555231115476,79.0115662370871,NOISE,2025-05-20T03:00:47,17.5,11.3555231115476,79.0115662370871,NOISE
2026-04-24T09:39:24.700941,Map-Energy__sum__linear-conv00774-20250520_060047-20250520_120047-15.000000-20.000000.png,2025-05-20T06:00:47,2025-05-20T12:00:47,15.0,20.0,2025-05-20T09:00:47,17.5,11.3555231115476,79.0115662370871,NOISE,2025-05-20T09:00:47,17.5,11.3555231115476,79.0115662370871,NOISE,2025-05-20T09:00:47,17.5,11.3555231115476,79.0115662370871,NOISE,2025-05-20T09:00:47,17.5,11.3555231115476,79.0115662370871,NOISE
2026-04-24T09:39:25.860520,Map-Energy__sum__linear-conv00784-20250520_120047-20250520_180047-15.000000-20.000000.png,2025-05-20T12:00:47,2025-05-20T18:00:47,15.0,20.0,2025-05-20T15:00:47,17.5,11.3555231115476,79.0115662370871,NOISE,2025-05-20T15:00:47,17.5,11.3555231115476,79.0115662370871,NOISE,2025-05-20T15:00:47,17.5,11.3555231115476,79.0115662370871,NOISE,2025-05-20T15:00:47,17.5,11.3555231115476,79.0115662370871,NOISE
2026-04-24T09:39:27.772598,Map-Energy__sum__linear-conv00794-20250520_180047-20250521_000047-15.000000-20.000000.png,2025-05-20T18:00:47,2025-05-21T00:00:47,15.0,20.0,2025-05-20T21:00:47,17.5,11.3555231115476,79.0115662370871,NOISE,2025-05-20T21:00:47,17.5,11.3555231115476,79.0115662370871,NOISE,2025-05-20T21:00:47,17.5,11.3555231115476,79.0115662370871,NOISE,2025-05-20T21:00:47,17.5,11.3555231115476,79.0115662370871,NOISE
2026-04-24T09:39:28.972947,Map-Energy__sum__linear-conv00804-20250521_000047-20250521_060047-15.000000-20.000000.png,2025-05-21T00:00:47,2025-05-21T06:00:47,15.0,20.0,2025-05-21T03:00:47,17.5,11.3555231115476,79.0115662370871,NOISE,2025-05-21T03:00:47,17.5,11.3555231115476,79.0115662370871,NOISE,2025-05-21T03:00:47,17.5,11.3555231115476,79.0115662370871,NOISE,2025-05-21T03:00:47,17.5,11.3555231115476,79.0115662370871,NOISE
2026-04-24T09:39:34.292422,Map-Energy__sum__linear-conv00814-20250521_060047-20250521_120047-15.000000-20.000000.png,2025-05-21T06:00:47,2025-05-21T12:00:47,15.0,20.0,2025-05-21T09:00:47,17.5,11.3555231115476,79.0115662370871,NOISE,2025-05-21T09:00:47,17.5,11.3555231115476,79.0115662370871,NOISE,2025-05-21T09:00:47,17.5,11.3555231115476,79.0115662370871,NOISE,2025-05-21T09:00:47,17.5,11.3555231115476,79.0115662370871,NOISE
2026-04-24T09:39:35.676318,Map-Energy__sum__linear-conv00824-20250521_120047-20250521_180047-15.000000-20.000000.png,2025-05-21T12:00:47,2025-05-21T18:00:47,15.0,20.0,2025-05-21T15:00:47,17.5,11.3555231115476,79.0115662370871,NOISE,2025-05-21T15:00:47,17.5,11.3555231115476,79.0115662370871,NOISE,2025-05-21T15:00:47,17.5,11.3555231115476,79.0115662370871,NOISE,2025-05-21T15:00:47,17.5,11.3555231115476,79.0115662370871,NOISE
2026-04-24T09:39:37.084328,Map-Energy__sum__linear-conv00834-20250521_180047-20250522_000047-15.000000-20.000000.png,2025-05-21T18:00:47,2025-05-22T00:00:47,15.0,20.0,2025-05-21T21:00:47,17.5,11.3555231115476,79.0115662370871,NOISE,2025-05-21T21:00:47,17.5,11.3555231115476,79.0115662370871,NOISE,2025-05-21T21:00:47,17.5,11.3555231115476,79.0115662370871,NOISE,2025-05-21T21:00:47,17.5,11.3555231115476,79.0115662370871,NOISE
2026-04-24T09:39:38.204490,Map-Energy__sum__linear-conv00844-20250522_000047-20250522_060047-15.000000-20.000000.png,2025-05-22T00:00:47,2025-05-22T06:00:47,15.0,20.0,2025-05-22T03:00:47,17.5,11.3555231115476,79.0115662370871,NOISE,2025-05-22T03:00:47,17.5,11.3555231115476,79.0115662370871,NOISE,2025-05-22T03:00:47,17.5,11.3555231115476,79.0115662370871,NOISE,2025-05-22T03:00:47,17.5,11.3555231115476,79.0115662370871,NOISE
2026-04-24T09:39:39.958473,Map-Energy__sum__linear-conv00854-20250522_060047-20250522_120047-15.000000-20.000000.png,2025-05-22T06:00:47,2025-05-22T12:00:47,15.0,20.0,2025-05-22T09:00:47,17.5,11.3555231115476,79.0115662370871,NOISE,2025-05-22T09:00:47,17.5,11.3555231115476,79.0115662370871,NOISE,2025-05-22T09:00:47,17.5,11.3555231115476,79.0115662370871,NOISE,2025-05-22T09:00:47,17.5,11.3555231115476,79.0115662370871,NOISE
2026-04-24T09:39:47.236901,Map-Energy__sum__linear-conv00864-20250522_120047-20250522_180047-15.000000-20.000000.png,2025-05-22T12:00:47,2025-05-22T18:00:47,15.0,20.0,2025-05-22T15:00:47,17.5,11.3555231115476,79.0115662370871,NOISE,2025-05-22T15:00:47,17.5,11.3555231115476,79.0115662370871,NOISE,2025-05-22T15:00:47,17.5,11.3555231115476,79.0115662370871,NOISE,2025-05-22T15:00:47,17.5,11.3555231115476,79.0115662370871,NOISE
2026-04-24T09:39:49.732345,Map-Energy__sum__linear-conv00874-20250522_180047-20250523_000047-15.000000-20.000000.png,2025-05-22T18:00:47,2025-05-23T00:00:47,15.0,20.0,2025-05-22T21:00:47,17.5,11.3555231115476,79.0115662370871,NOISE,2025-05-22T21:00:47,17.5,11.3555231115476,79.0115662370871,NOISE,2025-05-22T21:00:47,17.5,11.3555231115476,79.0115662370871,NOISE,2025-05-22T21:00:47,17.5,11.3555231115476,79.0115662370871,NOISE
2026-04-24T09:39:51.220393,Map-Energy__sum__linear-conv00884-20250523_000047-20250523_060047-15.000000-20.000000.png,2025-05-23T00:00:47,2025-05-23T06:00:47,15.0,20.0,2025-05-23T03:00:47,17.5,11.3555231115476,79.0115662370871,NOISE,2025-05-23T03:00:47,17.5,11.3555231115476,79.0115662370871,NOISE,2025-05-23T03:00:47,17.5,11.3555231115476,79.0115662370871,NOISE,2025-05-23T03:00:47,17.5,11.3555231115476,79.0115662370871,NOISE
2026-04-24T09:39:52.132434,Map-Energy__sum__linear-conv00894-20250523_060047-20250523_120047-15.000000-20.000000.png,2025-05-23T06:00:47,2025-05-23T12:00:47,15.0,20.0,2025-05-23T09:00:47,17.5,11.3555231115476,79.0115662370871,NOISE,2025-05-23T09:00:47,17.5,11.3555231115476,79.0115662370871,NOISE,2025-05-23T09:00:47,17.5,11.3555231115476,79.0115662370871,NOISE,2025-05-23T09:00:47,17.5,11.3555231115476,79.0115662370871,NOISE
2026-04-24T09:39:53.028456,Map-Energy__sum__linear-conv00904-20250523_120047-20250523_180047-15.000000-20.000000.png,2025-05-23T12:00:47,2025-05-23T18:00:47,15.0,20.0,2025-05-23T15:00:47,17.5,11.3555231115476,79.0115662370871,NOISE,2025-05-23T15:00:47,17.5,11.3555231115476,79.0115662370871,NOISE,2025-05-23T15:00:47,17.5,11.3555231115476,79.0115662370871,NOISE,2025-05-23T15:00:47,17.5,11.3555231115476,79.0115662370871,NOISE
2026-04-24T09:39:53.996813,Map-Energy__sum__linear-conv00914-20250523_180047-20250524_000047-15.000000-20.000000.png,2025-05-23T18:00:47,2025-05-24T00:00:47,15.0,20.0,2025-05-23T21:00:47,17.5,11.3555231115476,79.0115662370871,NOISE,2025-05-23T21:00:47,17.5,11.3555231115476,79.0115662370871,NOISE,2025-05-23T21:00:47,17.5,11.3555231115476,79.0115662370871,NOISE,2025-05-23T21:00:47,17.5,11.3555231115476,79.0115662370871,NOISE
2026-04-24T09:39:55.108268,Map-Energy__sum__linear-conv00924-20250524_000047-20250524_060047-15.000000-20.000000.png,2025-05-24T00:00:47,2025-05-24T06:00:47,15.0,20.0,2025-05-24T03:00:47,17.5,11.3555231115476,79.0115662370871,NOISE,2025-05-24T03:00:47,17.5,11.3555231115476,79.0115662370871,NOISE,2025-05-24T03:00:47,17.5,11.3555231115476,79.0115662370871,NOISE,2025-05-24T03:00:47,17.5,11.3555231115476,79.0115662370871,NOISE
2026-04-24T09:39:56.092416,Map-Energy__sum__linear-conv00934-20250524_060047-20250524_120047-15.000000-20.000000.png,2025-05-24T06:00:47,2025-05-24T12:00:47,15.0,20.0,2025-05-24T09:00:47,17.5,11.3555231115476,79.0115662370871,NOISE,2025-05-24T09:00:47,17.5,11.3555231115476,79.0115662370871,NOISE,2025-05-24T09:00:47,17.5,11.3555231115476,79.0115662370871,NOISE,2025-05-24T09:00:47,17.5,11.3555231115476,79.0115662370871,NOISE
2026-04-24T09:39:57.300629,Map-Energy__sum__linear-conv00944-20250524_120047-20250524_180047-15.000000-20.000000.png,2025-05-24T12:00:47,2025-05-24T18:00:47,15.0,20.0,2025-05-24T15:00:47,17.5,11.3555231115476,79.0115662370871,NOISE,2025-05-24T15:00:47,17.5,11.3555231115476,79.0115662370871,NOISE,2025-05-24T15:00:47,17.5,11.3555231115476,79.0115662370871,NOISE,2025-05-24T15:00:47,17.5,11.3555231115476,79.0115662370871,NOISE
2026-04-24T09:39:58.356650,Map-Energy__sum__linear-conv00954-20250524_180047-20250525_000047-15.000000-20.000000.png,2025-05-24T18:00:47,2025-05-25T00:00:47,15.0,20.0,2025-05-24T21:00:47,17.5,11.3555231115476,79.0115662370871,NOISE,2025-05-24T21:00:47,17.5,11.3555231115476,79.0115662370871,NOISE,2025-05-24T21:00:47,17.5,11.3555231115476,79.0115662370871,NOISE,2025-05-24T21:00:47,17.5,11.3555231115476,79.0115662370871,NOISE
2026-04-24T09:39:59.132721,Map-Energy__sum__linear-conv00964-20250525_000047-20250525_060047-15.000000-20.000000.png,2025-05-25T00:00:47,2025-05-25T06:00:47,15.0,20.0,2025-05-25T03:00:47,17.5,11.3555231115476,79.0115662370871,NOISE,2025-05-25T03:00:47,17.5,11.3555231115476,79.0115662370871,NOISE,2025-05-25T03:00:47,17.5,11.3555231115476,79.0115662370871,NOISE,2025-05-25T03:00:47,17.5,11.3555231115476,79.0115662370871,NOISE
2026-04-24T09:39:59.908255,Map-Energy__sum__linear-conv00974-20250525_060047-20250525_120047-15.000000-20.000000.png,2025-05-25T06:00:47,2025-05-25T12:00:47,15.0,20.0,2025-05-25T09:00:47,17.5,11.3555231115476,79.0115662370871,NOISE,2025-05-25T09:00:47,17.5,11.3555231115476,79.0115662370871,NOISE,2025-05-25T09:00:47,17.5,11.3555231115476,79.0115662370871,NOISE,2025-05-25T09:00:47,17.5,11.3555231115476,79.0115662370871,NOISE
2026-04-24T09:40:00.668577,Map-Energy__sum__linear-conv00984-20250525_120047-20250525_180047-15.000000-20.000000.png,2025-05-25T12:00:47,2025-05-25T18:00:47,15.0,20.0,2025-05-25T15:00:47,17.5,11.3555231115476,79.0115662370871,NOISE,2025-05-25T15:00:47,17.5,11.3555231115476,79.0115662370871,NOISE,2025-05-25T15:00:47,17.5,11.3555231115476,79.0115662370871,NOISE,2025-05-25T15:00:47,17.5,11.3555231115476,79.0115662370871,NOISE
2026-04-24T09:40:01.391391,Map-Energy__sum__linear-conv00994-20250525_180047-20250526_000047-15.000000-20.000000.png,2025-05-25T18:00:47,2025-05-26T00:00:47,15.0,20.0,2025-05-25T21:00:47,17.5,11.3555231115476,79.0115662370871,NOISE,2025-05-25T21:00:47,17.5,11.3555231115476,79.0115662370871,NOISE,2025-05-25T21:00:47,17.5,11.3555231115476,79.0115662370871,NOISE,2025-05-25T21:00:47,17.5,11.3555231115476,79.0115662370871,NOISE
2026-04-24T09:40:02.164577,Map-Energy__sum__linear-conv01004-20250526_000047-20250526_060047-15.000000-20.000000.png,2025-05-26T00:00:47,2025-05-26T06:00:47,15.0,20.0,2025-05-26T03:00:47,17.5,11.3555231115476,79.0115662370871,NOISE,2025-05-26T03:00:47,17.5,11.3555231115476,79.0115662370871,NOISE,2025-05-26T03:00:47,17.5,11.3555231115476,79.0115662370871,NOISE,2025-05-26T03:00:47,17.5,11.3555231115476,79.0115662370871,NOISE
2026-04-24T09:40:15.244998,Map-Energy__sum__linear-conv00005-20250501_000047-20250501_060047-20.000000-25.000000.png,2025-05-01T00:00:47,2025-05-01T06:00:47,20.0,25.0,2025-05-01T04:06:53,20.344392,11.2246818270222,79.016210571347,OTHER,2025-05-01T03:00:47,22.5,11.1238434802504,79.0183136392333,NOISE,2025-05-01T03:00:47,22.5,11.1238434802504,79.0183136392333,NOISE,2025-05-01T03:00:47,22.5,11.1238434802504,79.0183136392333,NOISE
2026-04-24T09:40:51.124363,Map-Energy__sum__linear-conv00015-20250501_060047-20250501_120047-20.000000-25.000000.png,2025-05-01T06:00:47,2025-05-01T12:00:47,20.0,25.0,2025-05-01T06:15:31,20.157624,11.2330774601731,79.0160135834802,OTHER,2025-05-01T09:00:47,22.5,11.1238434802504,79.0183136392333,NOISE,2025-05-01T09:00:47,22.5,11.1238434802504,79.0183136392333,NOISE,2025-05-01T09:00:47,22.5,11.1238434802504,79.0183136392333,NOISE
2026-04-24T09:40:52.740702,Map-Energy__sum__linear-conv00025-20250501_120047-20250501_180047-20.000000-25.000000.png,2025-05-01T12:00:47,2025-05-01T18:00:47,20.0,25.0,2025-05-01T15:00:47,22.5,11.1238434802504,79.0183136392333,NOISE,2025-05-01T15:00:47,22.5,11.1238434802504,79.0183136392333,NOISE,2025-05-01T15:00:47,22.5,11.1238434802504,79.0183136392333,NOISE,2025-05-01T15:00:47,22.5,11.1238434802504,79.0183136392333,NOISE
2026-04-24T09:40:54.092313,Map-Energy__sum__linear-conv00035-20250501_180047-20250502_000047-20.000000-25.000000.png,2025-05-01T18:00:47,2025-05-02T00:00:47,20.0,25.0,2025-05-01T21:00:47,22.5,11.1238434802504,79.0183136392333,NOISE,2025-05-01T21:00:47,22.5,11.1238434802504,79.0183136392333,NOISE,2025-05-01T21:00:47,22.5,11.1238434802504,79.0183136392333,NOISE,2025-05-01T21:00:47,22.5,11.1238434802504,79.0183136392333,NOISE
2026-04-24T09:40:55.316737,Map-Energy__sum__linear-conv00045-20250502_000047-20250502_060047-20.000000-25.000000.png,2025-05-02T00:00:47,2025-05-02T06:00:47,20.0,25.0,2025-05-02T03:00:47,22.5,11.1238434802504,79.0183136392333,NOISE,2025-05-02T03:00:47,22.5,11.1238434802504,79.0183136392333,NOISE,2025-05-02T03:00:47,22.5,11.1238434802504,79.0183136392333,NOISE,2025-05-02T03:00:47,22.5,11.1238434802504,79.0183136392333,NOISE
2026-04-24T09:40:56.612341,Map-Energy__sum__linear-conv00055-20250502_060047-20250502_120047-20.000000-25.000000.png,2025-05-02T06:00:47,2025-05-02T12:00:47,20.0,25.0,2025-05-02T09:00:47,22.5,11.1238434802504,79.0183136392333,NOISE,2025-05-02T09:00:47,22.5,11.1238434802504,79.0183136392333,NOISE,2025-05-02T09:00:47,22.5,11.1238434802504,79.0183136392333,NOISE,2025-05-02T09:00:47,22.5,11.1238434802504,79.0183136392333,NOISE
2026-04-24T09:40:57.796613,Map-Energy__sum__linear-conv00065-20250502_120047-20250502_180047-20.000000-25.000000.png,2025-05-02T12:00:47,2025-05-02T18:00:47,20.0,25.0,2025-05-02T15:00:47,22.5,11.1238434802504,79.0183136392333,NOISE,2025-05-02T15:00:47,22.5,11.1238434802504,79.0183136392333,NOISE,2025-05-02T15:00:47,22.5,11.1238434802504,79.0183136392333,NOISE,2025-05-02T15:00:47,22.5,11.1238434802504,79.0183136392333,NOISE
2026-04-24T09:40:58.853994,Map-Energy__sum__linear-conv00075-20250502_180047-20250503_000047-20.000000-25.000000.png,2025-05-02T18:00:47,2025-05-03T00:00:47,20.0,25.0,2025-05-02T21:00:47,22.5,11.1238434802504,79.0183136392333,NOISE,2025-05-02T21:00:47,22.5,11.1238434802504,79.0183136392333,NOISE,2025-05-02T21:00:47,22.5,11.1238434802504,79.0183136392333,NOISE,2025-05-02T21:00:47,22.5,11.1238434802504,79.0183136392333,NOISE
2026-04-24T09:41:01.444462,Map-Energy__sum__linear-conv00085-20250503_000047-20250503_060047-20.000000-25.000000.png,2025-05-03T00:00:47,2025-05-03T06:00:47,20.0,25.0,2025-05-03T03:00:47,22.5,11.1238434802504,79.0183136392333,NOISE,2025-05-03T03:00:47,22.5,11.1238434802504,79.0183136392333,NOISE,2025-05-03T03:00:47,22.5,11.1238434802504,79.0183136392333,NOISE,2025-05-03T03:00:47,22.5,11.1238434802504,79.0183136392333,NOISE
2026-04-24T09:41:03.500625,Map-Energy__sum__linear-conv00095-20250503_060047-20250503_120047-20.000000-25.000000.png,2025-05-03T06:00:47,2025-05-03T12:00:47,20.0,25.0,2025-05-03T09:00:47,22.5,11.1238434802504,79.0183136392333,NOISE,2025-05-03T09:00:47,22.5,11.1238434802504,79.0183136392333,NOISE,2025-05-03T09:00:47,22.5,11.1238434802504,79.0183136392333,NOISE,2025-05-03T09:00:47,22.5,11.1238434802504,79.0183136392333,NOISE
2026-04-24T09:41:04.772395,Map-Energy__sum__linear-conv00105-20250503_120047-20250503_180047-20.000000-25.000000.png,2025-05-03T12:00:47,2025-05-03T18:00:47,20.0,25.0,2025-05-03T15:00:47,22.5,11.1238434802504,79.0183136392333,NOISE,2025-05-03T15:00:47,22.5,11.1238434802504,79.0183136392333,NOISE,2025-05-03T15:00:47,22.5,11.1238434802504,79.0183136392333,NOISE,2025-05-03T15:00:47,22.5,11.1238434802504,79.0183136392333,NOISE
2026-04-24T09:41:05.980499,Map-Energy__sum__linear-conv00115-20250503_180047-20250504_000047-20.000000-25.000000.png,2025-05-03T18:00:47,2025-05-04T00:00:47,20.0,25.0,2025-05-03T21:00:47,22.5,11.1238434802504,79.0183136392333,NOISE,2025-05-03T21:00:47,22.5,11.1238434802504,79.0183136392333,NOISE,2025-05-03T21:00:47,22.5,11.1238434802504,79.0183136392333,NOISE,2025-05-03T21:00:47,22.5,11.1238434802504,79.0183136392333,NOISE
2026-04-24T09:41:08.076627,Map-Energy__sum__linear-conv00125-20250504_000047-20250504_060047-20.000000-25.000000.png,2025-05-04T00:00:47,2025-05-04T06:00:47,20.0,25.0,2025-05-04T03:00:47,22.5,11.1238434802504,79.0183136392333,NOISE,2025-05-04T03:00:47,22.5,11.1238434802504,79.0183136392333,NOISE,2025-05-04T03:00:47,22.5,11.1238434802504,79.0183136392333,NOISE,2025-05-04T03:00:47,22.5,11.1238434802504,79.0183136392333,NOISE
2026-04-24T09:41:15.116901,Map-Energy__sum__linear-conv00135-20250504_060047-20250504_120047-20.000000-25.000000.png,2025-05-04T06:00:47,2025-05-04T12:00:47,20.0,25.0,2025-05-04T09:00:47,22.5,11.1238434802504,79.0183136392333,NOISE,2025-05-04T09:00:47,22.5,11.1238434802504,79.0183136392333,NOISE,2025-05-04T09:00:47,22.5,11.1238434802504,79.0183136392333,NOISE,2025-05-04T09:00:47,22.5,11.1238434802504,79.0183136392333,NOISE
2026-04-24T09:41:22.996347,Map-Energy__sum__linear-conv00145-20250504_120047-20250504_180047-20.000000-25.000000.png,2025-05-04T12:00:47,2025-05-04T18:00:47,20.0,25.0,2025-05-04T14:33:27,20.538941,11.2153539912611,79.0164294311151,OTHER,2025-05-04T15:00:47,22.5,11.1238434802504,79.0183136392333,NOISE,2025-05-04T15:00:47,22.5,11.1238434802504,79.0183136392333,NOISE,2025-05-04T15:00:47,22.5,11.1238434802504,79.0183136392333,NOISE
2026-04-24T09:41:30.516351,Map-Energy__sum__linear-conv00155-20250504_180047-20250505_000047-20.000000-25.000000.png,2025-05-04T18:00:47,2025-05-05T00:00:47,20.0,25.0,2025-05-04T23:41:54,20.461121,11.2190848360006,79.0163418925228,OTHER,2025-05-04T21:00:47,22.5,11.1238434802504,79.0183136392333,NOISE,2025-05-04T21:00:47,22.5,11.1238434802504,79.0183136392333,NOISE,2025-05-04T21:00:47,22.5,11.1238434802504,79.0183136392333,NOISE
2026-04-24T09:41:37.684344,Map-Energy__sum__linear-conv00165-20250505_000047-20250505_060047-20.000000-25.000000.png,2025-05-05T00:00:47,2025-05-05T06:00:47,20.0,25.0,2025-05-05T04:33:34,20.391083,11.2223498037652,79.0162652879287,OTHER,2025-05-05T03:00:47,22.5,11.1238434802504,79.0183136392333,NOISE,2025-05-05T03:00:47,22.5,11.1238434802504,79.0183136392333,NOISE,2025-05-05T03:00:47,22.5,11.1238434802504,79.0183136392333,NOISE
2026-04-24T09:41:45.820351,Map-Energy__sum__linear-conv00175-20250505_060047-20250505_120047-20.000000-25.000000.png,2025-05-05T06:00:47,2025-05-05T12:00:47,20.0,25.0,2025-05-05T09:51:18,20.186768,11.2316782276613,79.0160464133158,OTHER,2025-05-05T09:00:47,22.5,11.1238434802504,79.0183136392333,NOISE,2025-05-05T09:00:47,22.5,11.1238434802504,79.0183136392333,NOISE,2025-05-05T09:00:47,22.5,11.1238434802504,79.0183136392333,NOISE
2026-04-24T09:44:41.252310,Map-Energy__sum__linear-conv00185-20250505_120047-20250505_180047-20.000000-25.000000.png,2025-05-05T12:00:47,2025-05-05T18:00:47,20.0,25.0,2025-05-05T15:13:48,20.204316,11.2312118861775,79.0160573557121,OTHER,2025-05-05T15:00:47,22.5,11.1238434802504,79.0183136392333,NOISE,2025-05-05T15:00:47,22.5,11.1238434802504,79.0183136392333,NOISE,2025-05-05T15:00:47,22.5,11.1238434802504,79.0183136392333,NOISE
2026-04-24T09:44:41.708159,Map-Energy__sum__linear-conv00195-20250505_180047-20250506_000047-20.000000-25.000000.png,2025-05-05T18:00:47,2025-05-06T00:00:47,20.0,25.0,2025-05-05T20:46:09,20.655671,11.2097570417599,79.0165608120505,OTHER,2025-05-05T21:00:47,22.5,11.1238434802504,79.0183136392333,NOISE,2025-05-05T21:00:47,22.5,11.1238434802504,79.0183136392333,NOISE,2025-05-05T21:00:47,22.5,11.1238434802504,79.0183136392333,NOISE
2026-04-24T09:44:42.524396,Map-Energy__sum__linear-conv00205-20250506_000047-20250506_060047-20.000000-25.000000.png,2025-05-06T00:00:47,2025-05-06T06:00:47,20.0,25.0,2025-05-06T04:32:37,20.165406,11.2326110116501,79.0160245271768,OTHER,2025-05-06T03:00:47,22.5,11.1238434802504,79.0183136392333,NOISE,2025-05-06T03:00:47,22.5,11.1238434802504,79.0183136392333,NOISE,2025-05-06T03:00:47,22.5,11.1238434802504,79.0183136392333,NOISE
2026-04-24T09:44:43.460368,Map-Energy__sum__linear-conv00215-20250506_060047-20250506_120047-20.000000-25.000000.png,2025-05-06T06:00:47,2025-05-06T12:00:47,20.0,25.0,2025-05-06T06:43:10,20.570069,11.2139549167034,79.0164622581649,OTHER,2025-05-06T09:07:27,20.787964,11.2036948285966,79.016705207839,OTHER,2025-05-06T10:44:23,20.570069,11.2139549167034,79.0164622581649,OTHER,2025-05-06T09:00:47,22.5,11.1238434802504,79.0183136392333,NOISE
2026-04-24T09:44:44.356486,Map-Energy__sum__linear-conv00225-20250506_120047-20250506_180047-20.000000-25.000000.png,2025-05-06T12:00:47,2025-05-06T18:00:47,20.0,25.0,2025-05-06T15:10:18,20.461122,11.2190848360006,79.0163418925228,VESSEL,2025-05-06T15:00:47,22.5,11.1238434802504,79.0183136392333,NOISE,2025-05-06T15:00:47,22.5,11.1238434802504,79.0183136392333,NOISE,2025-05-06T15:00:47,22.5,11.1238434802504,79.0183136392333,NOISE
2026-04-24T09:44:45.604326,Map-Energy__sum__linear-conv00235-20250506_180047-20250507_000047-20.000000-25.000000.png,2025-05-06T18:00:47,2025-05-07T00:00:47,20.0,25.0,2025-05-06T21:20:10,20.414429,11.2214171005024,79.0162871704453,OTHER,2025-05-06T23:12:59,20.266572,11.2279470066108,79.0161339584622,OTHER,2025-05-06T21:00:47,22.5,11.1238434802504,79.0183136392333,NOISE,2025-05-06T21:00:47,22.5,11.1238434802504,79.0183136392333,NOISE
2026-04-24T09:44:46.532478,Map-Energy__sum__linear-conv00245-20250507_000047-20250507_060047-20.000000-25.000000.png,2025-05-07T00:00:47,2025-05-07T06:00:47,20.0,25.0,2025-05-07T01:38:09,20.453339,11.2195512843196,79.0163309491863,OTHER,2025-05-07T04:31:02,20.126496,11.2344767696191,79.0159807498352,VESSEL,2025-05-07T03:00:47,22.5,11.1238434802504,79.0183136392333,NOISE,2025-05-07T03:00:47,22.5,11.1238434802504,79.0183136392333,NOISE
2026-04-24T09:44:49.148307,Map-Energy__sum__linear-conv00255-20250507_060047-20250507_120047-20.000000-25.000000.png,2025-05-07T06:00:47,2025-05-07T12:00:47,20.0,25.0,2025-05-07T09:00:47,22.5,11.1238434802504,79.0183136392333,NOISE,2025-05-07T09:00:47,22.5,11.1238434802504,79.0183136392333,NOISE,2025-05-07T09:00:47,22.5,11.1238434802504,79.0183136392333,NOISE,2025-05-07T09:00:47,22.5,11.1238434802504,79.0183136392333,NOISE
2026-04-24T09:44:50.644622,Map-Energy__sum__linear-conv00265-20250507_120047-20250507_180047-20.000000-25.000000.png,2025-05-07T12:00:47,2025-05-07T18:00:47,20.0,25.0,2025-05-07T15:00:47,22.5,11.1238434802504,79.0183136392333,NOISE,2025-05-07T15:00:47,22.5,11.1238434802504,79.0183136392333,NOISE,2025-05-07T15:00:47,22.5,11.1238434802504,79.0183136392333,NOISE,2025-05-07T15:00:47,22.5,11.1238434802504,79.0183136392333,NOISE
2026-04-24T09:44:57.708262,Map-Energy__sum__linear-conv00275-20250507_180047-20250508_000047-20.000000-25.000000.png,2025-05-07T18:00:47,2025-05-08T00:00:47,20.0,25.0,2025-05-07T20:10:34,20.671235,11.2092905958626,79.0165717956082,OTHER,2025-05-07T21:00:47,22.5,11.1238434802504,79.0183136392333,NOISE,2025-05-07T21:00:47,22.5,11.1238434802504,79.0183136392333,NOISE,2025-05-07T21:00:47,22.5,11.1238434802504,79.0183136392333,NOISE
2026-04-24T09:45:07.428371,Map-Energy__sum__linear-conv00285-20250508_000047-20250508_060047-20.000000-25.000000.png,2025-05-08T00:00:47,2025-05-08T06:00:47,20.0,25.0,2025-05-08T04:00:12,20.437775,11.2200177455336,79.0163200052438,VESSEL,2025-05-08T03:00:47,22.5,11.1238434802504,79.0183136392333,NOISE,2025-05-08T03:00:47,22.5,11.1238434802504,79.0183136392333,NOISE,2025-05-08T03:00:47,22.5,11.1238434802504,79.0183136392333,NOISE
2026-04-24T09:45:14.692279,Map-Energy__sum__linear-conv00295-20250508_060047-20250508_120047-20.000000-25.000000.png,2025-05-08T06:00:47,2025-05-08T12:00:47,20.0,25.0,2025-05-08T06:36:11,20.10315,11.2358757851553,79.0159479257315,OTHER,2025-05-08T09:00:47,22.5,11.1238434802504,79.0183136392333,NOISE,2025-05-08T09:00:47,22.5,11.1238434802504,79.0183136392333,NOISE,2025-05-08T09:00:47,22.5,11.1238434802504,79.0183136392333,NOISE
2026-04-24T09:45:20.724390,Map-Energy__sum__linear-conv00305-20250508_120047-20250508_180047-20.000000-25.000000.png,2025-05-08T12:00:47,2025-05-08T18:00:47,20.0,25.0,2025-05-08T15:53:32,20.305482,11.2260811923837,79.0161777371404,VESSEL,2025-05-08T15:00:47,22.5,11.1238434802504,79.0183136392333,NOISE,2025-05-08T15:00:47,22.5,11.1238434802504,79.0183136392333,NOISE,2025-05-08T15:00:47,22.5,11.1238434802504,79.0183136392333,NOISE
2026-04-24T09:45:29.500302,Map-Energy__sum__linear-conv00315-20250508_180047-20250509_000047-20.000000-25.000000.png,2025-05-08T18:00:47,2025-05-09T00:00:47,20.0,25.0,2025-05-08T21:15:43,20.484467,11.2181521285641,79.0163637785178,OTHER,2025-05-08T21:00:47,22.5,11.1238434802504,79.0183136392333,NOISE,2025-05-08T21:00:47,22.5,11.1238434802504,79.0183136392333,NOISE,2025-05-08T21:00:47,22.5,11.1238434802504,79.0183136392333,NOISE
2026-04-24T09:45:45.148288,Map-Energy__sum__linear-conv00325-20250509_000047-20250509_060047-20.000000-25.000000.png,2025-05-09T00:00:47,2025-05-09T06:00:47,20.0,25.0,2025-05-09T04:08:47,20.2977,11.2265476471791,79.0161667933225,VESSEL,2025-05-09T03:00:47,22.5,11.1238434802504,79.0183136392333,NOISE,2025-05-09T03:00:47,22.5,11.1238434802504,79.0183136392333,NOISE,2025-05-09T03:00:47,22.5,11.1238434802504,79.0183136392333,NOISE
2026-04-24T09:45:48.908402,Map-Energy__sum__linear-conv00335-20250509_060047-20250509_120047-20.000000-25.000000.png,2025-05-09T06:00:47,2025-05-09T12:00:47,20.0,25.0,2025-05-09T09:00:47,22.5,11.1238434802504,79.0183136392333,NOISE,2025-05-09T09:00:47,22.5,11.1238434802504,79.0183136392333,NOISE,2025-05-09T09:00:47,22.5,11.1238434802504,79.0183136392333,NOISE,2025-05-09T09:00:47,22.5,11.1238434802504,79.0183136392333,NOISE
2026-04-24T09:45:53.780283,Map-Energy__sum__linear-conv00345-20250509_120047-20250509_180047-20.000000-25.000000.png,2025-05-09T12:00:47,2025-05-09T18:00:47,20.0,25.0,2025-05-09T14:12:28,24.414367,11.0344270361159,79.0197922576541,VESSEL,2025-05-09T15:00:47,22.5,11.1238434802504,79.0183136392333,NOISE,2025-05-09T15:00:47,22.5,11.1238434802504,79.0183136392333,NOISE,2025-05-09T15:00:47,22.5,11.1238434802504,79.0183136392333,NOISE
2026-04-24T09:46:04.084244,Map-Energy__sum__linear-conv00355-20250509_180047-20250510_000047-20.000000-25.000000.png,2025-05-09T18:00:47,2025-05-10T00:00:47,20.0,25.0,2025-05-09T23:15:31,20.601197,11.2125558194762,79.0164950837413,VESSEL,2025-05-09T21:00:47,22.5,11.1238434802504,79.0183136392333,NOISE,2025-05-09T21:00:47,22.5,11.1238434802504,79.0183136392333,NOISE,2025-05-09T21:00:47,22.5,11.1238434802504,79.0183136392333,NOISE
2026-04-24T09:46:05.500408,Map-Energy__sum__linear-conv00365-20250510_000047-20250510_060047-20.000000-25.000000.png,2025-05-10T00:00:47,2025-05-10T06:00:47,20.0,25.0,2025-05-10T03:00:47,22.5,11.1238434802504,79.0183136392333,NOISE,2025-05-10T03:00:47,22.5,11.1238434802504,79.0183136392333,NOISE,2025-05-10T03:00:47,22.5,11.1238434802504,79.0183136392333,NOISE,2025-05-10T03:00:47,22.5,11.1238434802504,79.0183136392333,NOISE
2026-04-24T09:46:10.532391,Map-Energy__sum__linear-conv00375-20250510_060047-20250510_120047-20.000000-25.000000.png,2025-05-10T06:00:47,2025-05-10T12:00:47,20.0,25.0,2025-05-10T08:21:22,24.499969,11.030215528824,79.0198655480724,VESSEL,2025-05-10T09:00:47,22.5,11.1238434802504,79.0183136392333,NOISE,2025-05-10T09:00:47,22.5,11.1238434802504,79.0183136392333,NOISE,2025-05-10T09:00:47,22.5,11.1238434802504,79.0183136392333,NOISE
2026-04-24T09:46:12.188375,Map-Energy__sum__linear-conv00385-20250510_120047-20250510_180047-20.000000-25.000000.png,2025-05-10T12:00:47,2025-05-10T18:00:47,20.0,25.0,2025-05-10T15:00:47,22.5,11.1238434802504,79.0183136392333,NOISE,2025-05-10T15:00:47,22.5,11.1238434802504,79.0183136392333,NOISE,2025-05-10T15:00:47,22.5,11.1238434802504,79.0183136392333,NOISE,2025-05-10T15:00:47,22.5,11.1238434802504,79.0183136392333,NOISE
2026-04-24T09:46:16.252235,Map-Energy__sum__linear-conv00395-20250510_180047-20250511_000047-20.000000-25.000000.png,2025-05-10T18:00:47,2025-05-11T00:00:47,20.0,25.0,2025-05-10T19:56:16,23.612823,11.0718611486273,79.0191408170883,VESSEL,2025-05-10T21:00:47,22.5,11.1238434802504,79.0183136392333,NOISE,2025-05-10T21:00:47,22.5,11.1238434802504,79.0183136392333,NOISE,2025-05-10T21:00:47,22.5,11.1238434802504,79.0183136392333,NOISE
2026-04-24T09:46:18.524343,Map-Energy__sum__linear-conv00405-20250511_000047-20250511_060047-20.000000-25.000000.png,2025-05-11T00:00:47,2025-05-11T06:00:47,20.0,25.0,2025-05-11T03:00:47,22.5,11.1238434802504,79.0183136392333,NOISE,2025-05-11T03:00:47,22.5,11.1238434802504,79.0183136392333,NOISE,2025-05-11T03:00:47,22.5,11.1238434802504,79.0183136392333,NOISE,2025-05-11T03:00:47,22.5,11.1238434802504,79.0183136392333,NOISE
2026-04-24T09:46:25.436237,Map-Energy__sum__linear-conv00415-20250511_060047-20250511_120047-20.000000-25.000000.png,2025-05-11T06:00:47,2025-05-11T12:00:47,20.0,25.0,2025-05-11T09:50:21,20.157624,11.2330774601731,79.0160135834802,VESSEL,2025-05-11T09:00:47,22.5,11.1238434802504,79.0183136392333,NOISE,2025-05-11T09:00:47,22.5,11.1238434802504,79.0183136392333,NOISE,2025-05-11T09:00:47,22.5,11.1238434802504,79.0183136392333,NOISE
2026-04-24T09:46:32.612287,Map-Energy__sum__linear-conv00425-20250511_120047-20250511_180047-20.000000-25.000000.png,2025-05-11T12:00:47,2025-05-11T18:00:47,20.0,25.0,2025-05-11T17:05:40,20.375519,11.2228161539733,79.0162543456062,OTHER,2025-05-11T15:00:47,22.5,11.1238434802504,79.0183136392333,NOISE,2025-05-11T15:00:47,22.5,11.1238434802504,79.0183136392333,NOISE,2025-05-11T15:00:47,22.5,11.1238434802504,79.0183136392333,NOISE
2026-04-24T09:46:34.140280,Map-Energy__sum__linear-conv00435-20250511_180047-20250512_000047-20.000000-25.000000.png,2025-05-11T18:00:47,2025-05-12T00:00:47,20.0,25.0,2025-05-11T21:00:47,22.5,11.1238434802504,79.0183136392333,NOISE,2025-05-11T21:00:47,22.5,11.1238434802504,79.0183136392333,NOISE,2025-05-11T21:00:47,22.5,11.1238434802504,79.0183136392333,NOISE,2025-05-11T21:00:47,22.5,11.1238434802504,79.0183136392333,NOISE
2026-04-24T09:46:35.332208,Map-Energy__sum__linear-conv00445-20250512_000047-20250512_060047-20.000000-25.000000.png,2025-05-12T00:00:47,2025-05-12T06:00:47,20.0,25.0,2025-05-12T03:00:47,22.5,11.1238434802504,79.0183136392333,NOISE,2025-05-12T03:00:47,22.5,11.1238434802504,79.0183136392333,NOISE,2025-05-12T03:00:47,22.5,11.1238434802504,79.0183136392333,NOISE,2025-05-12T03:00:47,22.5,11.1238434802504,79.0183136392333,NOISE
2026-04-24T09:46:36.580281,Map-Energy__sum__linear-conv00455-20250512_060047-20250512_120047-20.000000-25.000000.png,2025-05-12T06:00:47,2025-05-12T12:00:47,20.0,25.0,2025-05-12T09:00:47,22.5,11.1238434802504,79.0183136392333,NOISE,2025-05-12T09:00:47,22.5,11.1238434802504,79.0183136392333,NOISE,2025-05-12T09:00:47,22.5,11.1238434802504,79.0183136392333,NOISE,2025-05-12T09:00:47,22.5,11.1238434802504,79.0183136392333,NOISE
2026-04-24T09:46:37.676417,Map-Energy__sum__linear-conv00465-20250512_120047-20250512_180047-20.000000-25.000000.png,2025-05-12T12:00:47,2025-05-12T18:00:47,20.0,25.0,2025-05-12T15:00:47,22.5,11.1238434802504,79.0183136392333,NOISE,2025-05-12T15:00:47,22.5,11.1238434802504,79.0183136392333,NOISE,2025-05-12T15:00:47,22.5,11.1238434802504,79.0183136392333,NOISE,2025-05-12T15:00:47,22.5,11.1238434802504,79.0183136392333,NOISE
2026-04-24T09:46:41.996209,Map-Energy__sum__linear-conv00475-20250512_180047-20250513_000047-20.000000-25.000000.png,2025-05-12T18:00:47,2025-05-13T00:00:47,20.0,25.0,2025-05-12T21:00:47,22.5,11.1238434802504,79.0183136392333,NOISE,2025-05-12T21:00:47,22.5,11.1238434802504,79.0183136392333,NOISE,2025-05-12T21:00:47,22.5,11.1238434802504,79.0183136392333,NOISE,2025-05-12T21:00:47,22.5,11.1238434802504,79.0183136392333,NOISE
2026-04-24T09:46:43.172333,Map-Energy__sum__linear-conv00485-20250513_000047-20250513_060047-20.000000-25.000000.png,2025-05-13T00:00:47,2025-05-13T06:00:47,20.0,25.0,2025-05-13T03:00:47,22.5,11.1238434802504,79.0183136392333,NOISE,2025-05-13T03:00:47,22.5,11.1238434802504,79.0183136392333,NOISE,2025-05-13T03:00:47,22.5,11.1238434802504,79.0183136392333,NOISE,2025-05-13T03:00:47,22.5,11.1238434802504,79.0183136392333,NOISE
2026-04-24T09:46:44.204289,Map-Energy__sum__linear-conv00495-20250513_060047-20250513_120047-20.000000-25.000000.png,2025-05-13T06:00:47,2025-05-13T12:00:47,20.0,25.0,2025-05-13T09:00:47,22.5,11.1238434802504,79.0183136392333,NOISE,2025-05-13T09:00:47,22.5,11.1238434802504,79.0183136392333,NOISE,2025-05-13T09:00:47,22.5,11.1238434802504,79.0183136392333,NOISE,2025-05-13T09:00:47,22.5,11.1238434802504,79.0183136392333,NOISE
2026-04-24T09:46:45.476349,Map-Energy__sum__linear-conv00505-20250513_120047-20250513_180047-20.000000-25.000000.png,2025-05-13T12:00:47,2025-05-13T18:00:47,20.0,25.0,2025-05-13T15:00:47,22.5,11.1238434802504,79.0183136392333,NOISE,2025-05-13T15:00:47,22.5,11.1238434802504,79.0183136392333,NOISE,2025-05-13T15:00:47,22.5,11.1238434802504,79.0183136392333,NOISE,2025-05-13T15:00:47,22.5,11.1238434802504,79.0183136392333,NOISE
2026-04-24T09:46:46.436349,Map-Energy__sum__linear-conv00515-20250513_180047-20250514_000047-20.000000-25.000000.png,2025-05-13T18:00:47,2025-05-14T00:00:47,20.0,25.0,2025-05-13T21:00:47,22.5,11.1238434802504,79.0183136392333,NOISE,2025-05-13T21:00:47,22.5,11.1238434802504,79.0183136392333,NOISE,2025-05-13T21:00:47,22.5,11.1238434802504,79.0183136392333,NOISE,2025-05-13T21:00:47,22.5,11.1238434802504,79.0183136392333,NOISE
2026-04-24T09:46:47.764348,Map-Energy__sum__linear-conv00525-20250514_000047-20250514_060047-20.000000-25.000000.png,2025-05-14T00:00:47,2025-05-14T06:00:47,20.0,25.0,2025-05-14T03:00:47,22.5,11.1238434802504,79.0183136392333,NOISE,2025-05-14T03:00:47,22.5,11.1238434802504,79.0183136392333,NOISE,2025-05-14T03:00:47,22.5,11.1238434802504,79.0183136392333,NOISE,2025-05-14T03:00:47,22.5,11.1238434802504,79.0183136392333,NOISE
2026-04-24T09:46:49.548232,Map-Energy__sum__linear-conv00535-20250514_060047-20250514_120047-20.000000-25.000000.png,2025-05-14T06:00:47,2025-05-14T12:00:47,20.0,25.0,2025-05-14T09:00:47,22.5,11.1238434802504,79.0183136392333,NOISE,2025-05-14T09:00:47,22.5,11.1238434802504,79.0183136392333,NOISE,2025-05-14T09:00:47,22.5,11.1238434802504,79.0183136392333,NOISE,2025-05-14T09:00:47,22.5,11.1238434802504,79.0183136392333,NOISE
2026-04-24T09:46:50.972273,Map-Energy__sum__linear-conv00545-20250514_120047-20250514_180047-20.000000-25.000000.png,2025-05-14T12:00:47,2025-05-14T18:00:47,20.0,25.0,2025-05-14T15:00:47,22.5,11.1238434802504,79.0183136392333,NOISE,2025-05-14T15:00:47,22.5,11.1238434802504,79.0183136392333,NOISE,2025-05-14T15:00:47,22.5,11.1238434802504,79.0183136392333,NOISE,2025-05-14T15:00:47,22.5,11.1238434802504,79.0183136392333,NOISE
2026-04-24T09:46:52.492300,Map-Energy__sum__linear-conv00555-20250514_180047-20250515_000047-20.000000-25.000000.png,2025-05-14T18:00:47,2025-05-15T00:00:47,20.0,25.0,2025-05-14T21:00:47,22.5,11.1238434802504,79.0183136392333,NOISE,2025-05-14T21:00:47,22.5,11.1238434802504,79.0183136392333,NOISE,2025-05-14T21:00:47,22.5,11.1238434802504,79.0183136392333,NOISE,2025-05-14T21:00:47,22.5,11.1238434802504,79.0183136392333,NOISE
2026-04-24T09:46:58.764246,Map-Energy__sum__linear-conv00565-20250515_000047-20250515_060047-20.000000-25.000000.png,2025-05-15T00:00:47,2025-05-15T06:00:47,20.0,25.0,2025-05-15T02:57:17,20.468903,11.2186184827568,79.016352835875,VESSEL,2025-05-15T03:00:47,22.5,11.1238434802504,79.0183136392333,NOISE,2025-05-15T03:00:47,22.5,11.1238434802504,79.0183136392333,NOISE,2025-05-15T03:00:47,22.5,11.1238434802504,79.0183136392333,NOISE
2026-04-24T09:47:02.636221,Map-Energy__sum__linear-conv00575-20250515_060047-20250515_120047-20.000000-25.000000.png,2025-05-15T06:00:47,2025-05-15T12:00:47,20.0,25.0,2025-05-15T08:17:33,20.624543,11.2116228836695,79.0165169750456,VESSEL,2025-05-15T09:00:47,22.5,11.1238434802504,79.0183136392333,NOISE,2025-05-15T09:00:47,22.5,11.1238434802504,79.0183136392333,NOISE,2025-05-15T09:00:47,22.5,11.1238434802504,79.0183136392333,NOISE
2026-04-24T09:47:03.828349,Map-Energy__sum__linear-conv00585-20250515_120047-20250515_180047-20.000000-25.000000.png,2025-05-15T12:00:47,2025-05-15T18:00:47,20.0,25.0,2025-05-15T15:00:47,22.5,11.1238434802504,79.0183136392333,NOISE,2025-05-15T15:00:47,22.5,11.1238434802504,79.0183136392333,NOISE,2025-05-15T15:00:47,22.5,11.1238434802504,79.0183136392333,NOISE,2025-05-15T15:00:47,22.5,11.1238434802504,79.0183136392333,NOISE
2026-04-24T09:47:04.860127,Map-Energy__sum__linear-conv00595-20250515_180047-20250516_000047-20.000000-25.000000.png,2025-05-15T18:00:47,2025-05-16T00:00:47,20.0,25.0,2025-05-15T21:00:47,22.5,11.1238434802504,79.0183136392333,NOISE,2025-05-15T21:00:47,22.5,11.1238434802504,79.0183136392333,NOISE,2025-05-15T21:00:47,22.5,11.1238434802504,79.0183136392333,NOISE,2025-05-15T21:00:47,22.5,11.1238434802504,79.0183136392333,NOISE
2026-04-24T09:47:06.060277,Map-Energy__sum__linear-conv00605-20250516_000047-20250516_060047-20.000000-25.000000.png,2025-05-16T00:00:47,2025-05-16T06:00:47,20.0,25.0,2025-05-16T03:00:47,22.5,11.1238434802504,79.0183136392333,NOISE,2025-05-16T03:00:47,22.5,11.1238434802504,79.0183136392333,NOISE,2025-05-16T03:00:47,22.5,11.1238434802504,79.0183136392333,NOISE,2025-05-16T03:00:47,22.5,11.1238434802504,79.0183136392333,NOISE
2026-04-24T09:47:07.292477,Map-Energy__sum__linear-conv00615-20250516_060047-20250516_120047-20.000000-25.000000.png,2025-05-16T06:00:47,2025-05-16T12:00:47,20.0,25.0,2025-05-16T09:00:47,22.5,11.1238434802504,79.0183136392333,NOISE,2025-05-16T09:00:47,22.5,11.1238434802504,79.0183136392333,NOISE,2025-05-16T09:00:47,22.5,11.1238434802504,79.0183136392333,NOISE,2025-05-16T09:00:47,22.5,11.1238434802504,79.0183136392333,NOISE
2026-04-24T09:47:08.300451,Map-Energy__sum__linear-conv00625-20250516_120047-20250516_180047-20.000000-25.000000.png,2025-05-16T12:00:47,2025-05-16T18:00:47,20.0,25.0,2025-05-16T15:00:47,22.5,11.1238434802504,79.0183136392333,NOISE,2025-05-16T15:00:47,22.5,11.1238434802504,79.0183136392333,NOISE,2025-05-16T15:00:47,22.5,11.1238434802504,79.0183136392333,NOISE,2025-05-16T15:00:47,22.5,11.1238434802504,79.0183136392333,NOISE
2026-04-24T09:47:09.276287,Map-Energy__sum__linear-conv00635-20250516_180047-20250517_000047-20.000000-25.000000.png,2025-05-16T18:00:47,2025-05-17T00:00:47,20.0,25.0,2025-05-16T21:00:47,22.5,11.1238434802504,79.0183136392333,NOISE,2025-05-16T21:00:47,22.5,11.1238434802504,79.0183136392333,NOISE,2025-05-16T21:00:47,22.5,11.1238434802504,79.0183136392333,NOISE,2025-05-16T21:00:47,22.5,11.1238434802504,79.0183136392333,NOISE
2026-04-24T09:47:11.388015,Map-Energy__sum__linear-conv00645-20250517_000047-20250517_060047-20.000000-25.000000.png,2025-05-17T00:00:47,2025-05-17T06:00:47,20.0,25.0,2025-05-17T03:00:47,22.5,11.1238434802504,79.0183136392333,NOISE,2025-05-17T03:00:47,22.5,11.1238434802504,79.0183136392333,NOISE,2025-05-17T03:00:47,22.5,11.1238434802504,79.0183136392333,NOISE,2025-05-17T03:00:47,22.5,11.1238434802504,79.0183136392333,NOISE
2026-04-24T09:47:12.436345,Map-Energy__sum__linear-conv00655-20250517_060047-20250517_120047-20.000000-25.000000.png,2025-05-17T06:00:47,2025-05-17T12:00:47,20.0,25.0,2025-05-17T09:00:47,22.5,11.1238434802504,79.0183136392333,NOISE,2025-05-17T09:00:47,22.5,11.1238434802504,79.0183136392333,NOISE,2025-05-17T09:00:47,22.5,11.1238434802504,79.0183136392333,NOISE,2025-05-17T09:00:47,22.5,11.1238434802504,79.0183136392333,NOISE
2026-04-24T09:47:13.356360,Map-Energy__sum__linear-conv00665-20250517_120047-20250517_180047-20.000000-25.000000.png,2025-05-17T12:00:47,2025-05-17T18:00:47,20.0,25.0,2025-05-17T15:00:47,22.5,11.1238434802504,79.0183136392333,NOISE,2025-05-17T15:00:47,22.5,11.1238434802504,79.0183136392333,NOISE,2025-05-17T15:00:47,22.5,11.1238434802504,79.0183136392333,NOISE,2025-05-17T15:00:47,22.5,11.1238434802504,79.0183136392333,NOISE
2026-04-24T09:47:14.252413,Map-Energy__sum__linear-conv00675-20250517_180047-20250518_000047-20.000000-25.000000.png,2025-05-17T18:00:47,2025-05-18T00:00:47,20.0,25.0,2025-05-17T21:00:47,22.5,11.1238434802504,79.0183136392333,NOISE,2025-05-17T21:00:47,22.5,11.1238434802504,79.0183136392333,NOISE,2025-05-17T21:00:47,22.5,11.1238434802504,79.0183136392333,NOISE,2025-05-17T21:00:47,22.5,11.1238434802504,79.0183136392333,NOISE
2026-04-24T09:47:15.108238,Map-Energy__sum__linear-conv00685-20250518_000047-20250518_060047-20.000000-25.000000.png,2025-05-18T00:00:47,2025-05-18T06:00:47,20.0,25.0,2025-05-18T03:00:47,22.5,11.1238434802504,79.0183136392333,NOISE,2025-05-18T03:00:47,22.5,11.1238434802504,79.0183136392333,NOISE,2025-05-18T03:00:47,22.5,11.1238434802504,79.0183136392333,NOISE,2025-05-18T03:00:47,22.5,11.1238434802504,79.0183136392333,NOISE
2026-04-24T09:47:16.044553,Map-Energy__sum__linear-conv00695-20250518_060047-20250518_120047-20.000000-25.000000.png,2025-05-18T06:00:47,2025-05-18T12:00:47,20.0,25.0,2025-05-18T09:00:47,22.5,11.1238434802504,79.0183136392333,NOISE,2025-05-18T09:00:47,22.5,11.1238434802504,79.0183136392333,NOISE,2025-05-18T09:00:47,22.5,11.1238434802504,79.0183136392333,NOISE,2025-05-18T09:00:47,22.5,11.1238434802504,79.0183136392333,NOISE
2026-04-24T09:47:16.908541,Map-Energy__sum__linear-conv00705-20250518_120047-20250518_180047-20.000000-25.000000.png,2025-05-18T12:00:47,2025-05-18T18:00:47,20.0,25.0,2025-05-18T15:00:47,22.5,11.1238434802504,79.0183136392333,NOISE,2025-05-18T15:00:47,22.5,11.1238434802504,79.0183136392333,NOISE,2025-05-18T15:00:47,22.5,11.1238434802504,79.0183136392333,NOISE,2025-05-18T15:00:47,22.5,11.1238434802504,79.0183136392333,NOISE
2026-04-24T09:47:17.764270,Map-Energy__sum__linear-conv00715-20250518_180047-20250519_000047-20.000000-25.000000.png,2025-05-18T18:00:47,2025-05-19T00:00:47,20.0,25.0,2025-05-18T21:00:47,22.5,11.1238434802504,79.0183136392333,NOISE,2025-05-18T21:00:47,22.5,11.1238434802504,79.0183136392333,NOISE,2025-05-18T21:00:47,22.5,11.1238434802504,79.0183136392333,NOISE,2025-05-18T21:00:47,22.5,11.1238434802504,79.0183136392333,NOISE
2026-04-24T09:47:21.092483,Map-Energy__sum__linear-conv00725-20250519_000047-20250519_060047-20.000000-25.000000.png,2025-05-19T00:00:47,2025-05-19T06:00:47,20.0,25.0,2025-05-19T03:00:47,22.5,11.1238434802504,79.0183136392333,NOISE,2025-05-19T03:00:47,22.5,11.1238434802504,79.0183136392333,NOISE,2025-05-19T03:00:47,22.5,11.1238434802504,79.0183136392333,NOISE,2025-05-19T03:00:47,22.5,11.1238434802504,79.0183136392333,NOISE
2026-04-24T09:47:22.268401,Map-Energy__sum__linear-conv00735-20250519_060047-20250519_120047-20.000000-25.000000.png,2025-05-19T06:00:47,2025-05-19T12:00:47,20.0,25.0,2025-05-19T09:00:47,22.5,11.1238434802504,79.0183136392333,NOISE,2025-05-19T09:00:47,22.5,11.1238434802504,79.0183136392333,NOISE,2025-05-19T09:00:47,22.5,11.1238434802504,79.0183136392333,NOISE,2025-05-19T09:00:47,22.5,11.1238434802504,79.0183136392333,NOISE
2026-04-24T09:47:23.212269,Map-Energy__sum__linear-conv00745-20250519_120047-20250519_180047-20.000000-25.000000.png,2025-05-19T12:00:47,2025-05-19T18:00:47,20.0,25.0,2025-05-19T15:00:47,22.5,11.1238434802504,79.0183136392333,NOISE,2025-05-19T15:00:47,22.5,11.1238434802504,79.0183136392333,NOISE,2025-05-19T15:00:47,22.5,11.1238434802504,79.0183136392333,NOISE,2025-05-19T15:00:47,22.5,11.1238434802504,79.0183136392333,NOISE
2026-04-24T09:47:24.188270,Map-Energy__sum__linear-conv00755-20250519_180047-20250520_000047-20.000000-25.000000.png,2025-05-19T18:00:47,2025-05-20T00:00:47,20.0,25.0,2025-05-19T21:00:47,22.5,11.1238434802504,79.0183136392333,NOISE,2025-05-19T21:00:47,22.5,11.1238434802504,79.0183136392333,NOISE,2025-05-19T21:00:47,22.5,11.1238434802504,79.0183136392333,NOISE,2025-05-19T21:00:47,22.5,11.1238434802504,79.0183136392333,NOISE
2026-04-24T09:47:25.084309,Map-Energy__sum__linear-conv00765-20250520_000047-20250520_060047-20.000000-25.000000.png,2025-05-20T00:00:47,2025-05-20T06:00:47,20.0,25.0,2025-05-20T03:00:47,22.5,11.1238434802504,79.0183136392333,NOISE,2025-05-20T03:00:47,22.5,11.1238434802504,79.0183136392333,NOISE,2025-05-20T03:00:47,22.5,11.1238434802504,79.0183136392333,NOISE,2025-05-20T03:00:47,22.5,11.1238434802504,79.0183136392333,NOISE
2026-04-24T09:47:26.028564,Map-Energy__sum__linear-conv00775-20250520_060047-20250520_120047-20.000000-25.000000.png,2025-05-20T06:00:47,2025-05-20T12:00:47,20.0,25.0,2025-05-20T09:00:47,22.5,11.1238434802504,79.0183136392333,NOISE,2025-05-20T09:00:47,22.5,11.1238434802504,79.0183136392333,NOISE,2025-05-20T09:00:47,22.5,11.1238434802504,79.0183136392333,NOISE,2025-05-20T09:00:47,22.5,11.1238434802504,79.0183136392333,NOISE
2026-04-24T09:47:26.948214,Map-Energy__sum__linear-conv00785-20250520_120047-20250520_180047-20.000000-25.000000.png,2025-05-20T12:00:47,2025-05-20T18:00:47,20.0,25.0,2025-05-20T15:00:47,22.5,11.1238434802504,79.0183136392333,NOISE,2025-05-20T15:00:47,22.5,11.1238434802504,79.0183136392333,NOISE,2025-05-20T15:00:47,22.5,11.1238434802504,79.0183136392333,NOISE,2025-05-20T15:00:47,22.5,11.1238434802504,79.0183136392333,NOISE
2026-04-24T09:47:27.876328,Map-Energy__sum__linear-conv00795-20250520_180047-20250521_000047-20.000000-25.000000.png,2025-05-20T18:00:47,2025-05-21T00:00:47,20.0,25.0,2025-05-20T21:00:47,22.5,11.1238434802504,79.0183136392333,NOISE,2025-05-20T21:00:47,22.5,11.1238434802504,79.0183136392333,NOISE,2025-05-20T21:00:47,22.5,11.1238434802504,79.0183136392333,NOISE,2025-05-20T21:00:47,22.5,11.1238434802504,79.0183136392333,NOISE
2026-04-24T09:47:28.724325,Map-Energy__sum__linear-conv00805-20250521_000047-20250521_060047-20.000000-25.000000.png,2025-05-21T00:00:47,2025-05-21T06:00:47,20.0,25.0,2025-05-21T03:00:47,22.5,11.1238434802504,79.0183136392333,NOISE,2025-05-21T03:00:47,22.5,11.1238434802504,79.0183136392333,NOISE,2025-05-21T03:00:47,22.5,11.1238434802504,79.0183136392333,NOISE,2025-05-21T03:00:47,22.5,11.1238434802504,79.0183136392333,NOISE
2026-04-24T09:47:29.660318,Map-Energy__sum__linear-conv00815-20250521_060047-20250521_120047-20.000000-25.000000.png,2025-05-21T06:00:47,2025-05-21T12:00:47,20.0,25.0,2025-05-21T09:00:47,22.5,11.1238434802504,79.0183136392333,NOISE,2025-05-21T09:00:47,22.5,11.1238434802504,79.0183136392333,NOISE,2025-05-21T09:00:47,22.5,11.1238434802504,79.0183136392333,NOISE,2025-05-21T09:00:47,22.5,11.1238434802504,79.0183136392333,NOISE
2026-04-24T09:47:30.572274,Map-Energy__sum__linear-conv00825-20250521_120047-20250521_180047-20.000000-25.000000.png,2025-05-21T12:00:47,2025-05-21T18:00:47,20.0,25.0,2025-05-21T15:00:47,22.5,11.1238434802504,79.0183136392333,NOISE,2025-05-21T15:00:47,22.5,11.1238434802504,79.0183136392333,NOISE,2025-05-21T15:00:47,22.5,11.1238434802504,79.0183136392333,NOISE,2025-05-21T15:00:47,22.5,11.1238434802504,79.0183136392333,NOISE
2026-04-24T09:47:31.412290,Map-Energy__sum__linear-conv00835-20250521_180047-20250522_000047-20.000000-25.000000.png,2025-05-21T18:00:47,2025-05-22T00:00:47,20.0,25.0,2025-05-21T21:00:47,22.5,11.1238434802504,79.0183136392333,NOISE,2025-05-21T21:00:47,22.5,11.1238434802504,79.0183136392333,NOISE,2025-05-21T21:00:47,22.5,11.1238434802504,79.0183136392333,NOISE,2025-05-21T21:00:47,22.5,11.1238434802504,79.0183136392333,NOISE
2026-04-24T09:47:32.236352,Map-Energy__sum__linear-conv00845-20250522_000047-20250522_060047-20.000000-25.000000.png,2025-05-22T00:00:47,2025-05-22T06:00:47,20.0,25.0,2025-05-22T03:00:47,22.5,11.1238434802504,79.0183136392333,NOISE,2025-05-22T03:00:47,22.5,11.1238434802504,79.0183136392333,NOISE,2025-05-22T03:00:47,22.5,11.1238434802504,79.0183136392333,NOISE,2025-05-22T03:00:47,22.5,11.1238434802504,79.0183136392333,NOISE
2026-04-24T09:47:33.228232,Map-Energy__sum__linear-conv00855-20250522_060047-20250522_120047-20.000000-25.000000.png,2025-05-22T06:00:47,2025-05-22T12:00:47,20.0,25.0,2025-05-22T09:00:47,22.5,11.1238434802504,79.0183136392333,NOISE,2025-05-22T09:00:47,22.5,11.1238434802504,79.0183136392333,NOISE,2025-05-22T09:00:47,22.5,11.1238434802504,79.0183136392333,NOISE,2025-05-22T09:00:47,22.5,11.1238434802504,79.0183136392333,NOISE
2026-04-24T09:47:34.844602,Map-Energy__sum__linear-conv00865-20250522_120047-20250522_180047-20.000000-25.000000.png,2025-05-22T12:00:47,2025-05-22T18:00:47,20.0,25.0,2025-05-22T15:00:47,22.5,11.1238434802504,79.0183136392333,NOISE,2025-05-22T15:00:47,22.5,11.1238434802504,79.0183136392333,NOISE,2025-05-22T15:00:47,22.5,11.1238434802504,79.0183136392333,NOISE,2025-05-22T15:00:47,22.5,11.1238434802504,79.0183136392333,NOISE
2026-04-24T09:47:37.212417,Map-Energy__sum__linear-conv00875-20250522_180047-20250523_000047-20.000000-25.000000.png,2025-05-22T18:00:47,2025-05-23T00:00:47,20.0,25.0,2025-05-22T21:00:47,22.5,11.1238434802504,79.0183136392333,NOISE,2025-05-22T21:00:47,22.5,11.1238434802504,79.0183136392333,NOISE,2025-05-22T21:00:47,22.5,11.1238434802504,79.0183136392333,NOISE,2025-05-22T21:00:47,22.5,11.1238434802504,79.0183136392333,NOISE
2026-04-24T09:47:38.444462,Map-Energy__sum__linear-conv00885-20250523_000047-20250523_060047-20.000000-25.000000.png,2025-05-23T00:00:47,2025-05-23T06:00:47,20.0,25.0,2025-05-23T03:00:47,22.5,11.1238434802504,79.0183136392333,NOISE,2025-05-23T03:00:47,22.5,11.1238434802504,79.0183136392333,NOISE,2025-05-23T03:00:47,22.5,11.1238434802504,79.0183136392333,NOISE,2025-05-23T03:00:47,22.5,11.1238434802504,79.0183136392333,NOISE
2026-04-24T09:47:40.964257,Map-Energy__sum__linear-conv00895-20250523_060047-20250523_120047-20.000000-25.000000.png,2025-05-23T06:00:47,2025-05-23T12:00:47,20.0,25.0,2025-05-23T09:00:47,22.5,11.1238434802504,79.0183136392333,NOISE,2025-05-23T09:00:47,22.5,11.1238434802504,79.0183136392333,NOISE,2025-05-23T09:00:47,22.5,11.1238434802504,79.0183136392333,NOISE,2025-05-23T09:00:47,22.5,11.1238434802504,79.0183136392333,NOISE
2026-04-24T09:47:42.028213,Map-Energy__sum__linear-conv00905-20250523_120047-20250523_180047-20.000000-25.000000.png,2025-05-23T12:00:47,2025-05-23T18:00:47,20.0,25.0,2025-05-23T15:00:47,22.5,11.1238434802504,79.0183136392333,NOISE,2025-05-23T15:00:47,22.5,11.1238434802504,79.0183136392333,NOISE,2025-05-23T15:00:47,22.5,11.1238434802504,79.0183136392333,NOISE,2025-05-23T15:00:47,22.5,11.1238434802504,79.0183136392333,NOISE
2026-04-24T09:47:43.316268,Map-Energy__sum__linear-conv00915-20250523_180047-20250524_000047-20.000000-25.000000.png,2025-05-23T18:00:47,2025-05-24T00:00:47,20.0,25.0,2025-05-23T21:00:47,22.5,11.1238434802504,79.0183136392333,NOISE,2025-05-23T21:00:47,22.5,11.1238434802504,79.0183136392333,NOISE,2025-05-23T21:00:47,22.5,11.1238434802504,79.0183136392333,NOISE,2025-05-23T21:00:47,22.5,11.1238434802504,79.0183136392333,NOISE
2026-04-24T09:47:44.467978,Map-Energy__sum__linear-conv00925-20250524_000047-20250524_060047-20.000000-25.000000.png,2025-05-24T00:00:47,2025-05-24T06:00:47,20.0,25.0,2025-05-24T03:00:47,22.5,11.1238434802504,79.0183136392333,NOISE,2025-05-24T03:00:47,22.5,11.1238434802504,79.0183136392333,NOISE,2025-05-24T03:00:47,22.5,11.1238434802504,79.0183136392333,NOISE,2025-05-24T03:00:47,22.5,11.1238434802504,79.0183136392333,NOISE
2026-04-24T09:47:45.436454,Map-Energy__sum__linear-conv00935-20250524_060047-20250524_120047-20.000000-25.000000.png,2025-05-24T06:00:47,2025-05-24T12:00:47,20.0,25.0,2025-05-24T09:00:47,22.5,11.1238434802504,79.0183136392333,NOISE,2025-05-24T09:00:47,22.5,11.1238434802504,79.0183136392333,NOISE,2025-05-24T09:00:47,22.5,11.1238434802504,79.0183136392333,NOISE,2025-05-24T09:00:47,22.5,11.1238434802504,79.0183136392333,NOISE
2026-04-24T09:47:46.308323,Map-Energy__sum__linear-conv00945-20250524_120047-20250524_180047-20.000000-25.000000.png,2025-05-24T12:00:47,2025-05-24T18:00:47,20.0,25.0,2025-05-24T15:00:47,22.5,11.1238434802504,79.0183136392333,NOISE,2025-05-24T15:00:47,22.5,11.1238434802504,79.0183136392333,NOISE,2025-05-24T15:00:47,22.5,11.1238434802504,79.0183136392333,NOISE,2025-05-24T15:00:47,22.5,11.1238434802504,79.0183136392333,NOISE
2026-04-24T09:47:47.325047,Map-Energy__sum__linear-conv00955-20250524_180047-20250525_000047-20.000000-25.000000.png,2025-05-24T18:00:47,2025-05-25T00:00:47,20.0,25.0,2025-05-24T21:00:47,22.5,11.1238434802504,79.0183136392333,NOISE,2025-05-24T21:00:47,22.5,11.1238434802504,79.0183136392333,NOISE,2025-05-24T21:00:47,22.5,11.1238434802504,79.0183136392333,NOISE,2025-05-24T21:00:47,22.5,11.1238434802504,79.0183136392333,NOISE
2026-04-24T09:47:48.092294,Map-Energy__sum__linear-conv00965-20250525_000047-20250525_060047-20.000000-25.000000.png,2025-05-25T00:00:47,2025-05-25T06:00:47,20.0,25.0,2025-05-25T03:00:47,22.5,11.1238434802504,79.0183136392333,NOISE,2025-05-25T03:00:47,22.5,11.1238434802504,79.0183136392333,NOISE,2025-05-25T03:00:47,22.5,11.1238434802504,79.0183136392333,NOISE,2025-05-25T03:00:47,22.5,11.1238434802504,79.0183136392333,NOISE
2026-04-24T09:47:48.836481,Map-Energy__sum__linear-conv00975-20250525_060047-20250525_120047-20.000000-25.000000.png,2025-05-25T06:00:47,2025-05-25T12:00:47,20.0,25.0,2025-05-25T09:00:47,22.5,11.1238434802504,79.0183136392333,NOISE,2025-05-25T09:00:47,22.5,11.1238434802504,79.0183136392333,NOISE,2025-05-25T09:00:47,22.5,11.1238434802504,79.0183136392333,NOISE,2025-05-25T09:00:47,22.5,11.1238434802504,79.0183136392333,NOISE
2026-04-24T09:47:49.564318,Map-Energy__sum__linear-conv00985-20250525_120047-20250525_180047-20.000000-25.000000.png,2025-05-25T12:00:47,2025-05-25T18:00:47,20.0,25.0,2025-05-25T15:00:47,22.5,11.1238434802504,79.0183136392333,NOISE,2025-05-25T15:00:47,22.5,11.1238434802504,79.0183136392333,NOISE,2025-05-25T15:00:47,22.5,11.1238434802504,79.0183136392333,NOISE,2025-05-25T15:00:47,22.5,11.1238434802504,79.0183136392333,NOISE
2026-04-24T09:47:50.268302,Map-Energy__sum__linear-conv00995-20250525_180047-20250526_000047-20.000000-25.000000.png,2025-05-25T18:00:47,2025-05-26T00:00:47,20.0,25.0,2025-05-25T21:00:47,22.5,11.1238434802504,79.0183136392333,NOISE,2025-05-25T21:00:47,22.5,11.1238434802504,79.0183136392333,NOISE,2025-05-25T21:00:47,22.5,11.1238434802504,79.0183136392333,NOISE,2025-05-25T21:00:47,22.5,11.1238434802504,79.0183136392333,NOISE
2026-04-24T09:47:50.948318,Map-Energy__sum__linear-conv01005-20250526_000047-20250526_060047-20.000000-25.000000.png,2025-05-26T00:00:47,2025-05-26T06:00:47,20.0,25.0,2025-05-26T03:00:47,22.5,11.1238434802504,79.0183136392333,NOISE,2025-05-26T03:00:47,22.5,11.1238434802504,79.0183136392333,NOISE,2025-05-26T03:00:47,22.5,11.1238434802504,79.0183136392333,NOISE,2025-05-26T03:00:47,22.5,11.1238434802504,79.0183136392333,NOISE
2026-04-24T09:47:52.612283,Map-Energy__sum__linear-conv00006-20250501_000047-20250501_060047-25.000000-30.000000.png,2025-05-01T00:00:47,2025-05-01T06:00:47,25.0,30.0,2025-05-01T03:00:47,27.5,10.889673808393,79.020806600637,NOISE,2025-05-01T03:00:47,27.5,10.889673808393,79.020806600637,NOISE,2025-05-01T03:00:47,27.5,10.889673808393,79.020806600637,NOISE,2025-05-01T03:00:47,27.5,10.889673808393,79.020806600637,NOISE
2026-04-24T09:47:53.644573,Map-Energy__sum__linear-conv00016-20250501_060047-20250501_120047-25.000000-30.000000.png,2025-05-01T06:00:47,2025-05-01T12:00:47,25.0,30.0,2025-05-01T09:00:47,27.5,10.889673808393,79.020806600637,NOISE,2025-05-01T09:00:47,27.5,10.889673808393,79.020806600637,NOISE,2025-05-01T09:00:47,27.5,10.889673808393,79.020806600637,NOISE,2025-05-01T09:00:47,27.5,10.889673808393,79.020806600637,NOISE
2026-04-24T09:47:54.748337,Map-Energy__sum__linear-conv00026-20250501_120047-20250501_180047-25.000000-30.000000.png,2025-05-01T12:00:47,2025-05-01T18:00:47,25.0,30.0,2025-05-01T15:00:47,27.5,10.889673808393,79.020806600637,NOISE,2025-05-01T15:00:47,27.5,10.889673808393,79.020806600637,NOISE,2025-05-01T15:00:47,27.5,10.889673808393,79.020806600637,NOISE,2025-05-01T15:00:47,27.5,10.889673808393,79.020806600637,NOISE
2026-04-24T09:47:55.700456,Map-Energy__sum__linear-conv00036-20250501_180047-20250502_000047-25.000000-30.000000.png,2025-05-01T18:00:47,2025-05-02T00:00:47,25.0,30.0,2025-05-01T21:00:47,27.5,10.889673808393,79.020806600637,NOISE,2025-05-01T21:00:47,27.5,10.889673808393,79.020806600637,NOISE,2025-05-01T21:00:47,27.5,10.889673808393,79.020806600637,NOISE,2025-05-01T21:00:47,27.5,10.889673808393,79.020806600637,NOISE
2026-04-24T09:47:56.644567,Map-Energy__sum__linear-conv00046-20250502_000047-20250502_060047-25.000000-30.000000.png,2025-05-02T00:00:47,2025-05-02T06:00:47,25.0,30.0,2025-05-02T03:00:47,27.5,10.889673808393,79.020806600637,NOISE,2025-05-02T03:00:47,27.5,10.889673808393,79.020806600637,NOISE,2025-05-02T03:00:47,27.5,10.889673808393,79.020806600637,NOISE,2025-05-02T03:00:47,27.5,10.889673808393,79.020806600637,NOISE
2026-04-24T09:47:57.484174,Map-Energy__sum__linear-conv00056-20250502_060047-20250502_120047-25.000000-30.000000.png,2025-05-02T06:00:47,2025-05-02T12:00:47,25.0,30.0,2025-05-02T09:00:47,27.5,10.889673808393,79.020806600637,NOISE,2025-05-02T09:00:47,27.5,10.889673808393,79.020806600637,NOISE,2025-05-02T09:00:47,27.5,10.889673808393,79.020806600637,NOISE,2025-05-02T09:00:47,27.5,10.889673808393,79.020806600637,NOISE
2026-04-24T09:47:58.412261,Map-Energy__sum__linear-conv00066-20250502_120047-20250502_180047-25.000000-30.000000.png,2025-05-02T12:00:47,2025-05-02T18:00:47,25.0,30.0,2025-05-02T15:00:47,27.5,10.889673808393,79.020806600637,NOISE,2025-05-02T15:00:47,27.5,10.889673808393,79.020806600637,NOISE,2025-05-02T15:00:47,27.5,10.889673808393,79.020806600637,NOISE,2025-05-02T15:00:47,27.5,10.889673808393,79.020806600637,NOISE
2026-04-24T09:47:59.268304,Map-Energy__sum__linear-conv00076-20250502_180047-20250503_000047-25.000000-30.000000.png,2025-05-02T18:00:47,2025-05-03T00:00:47,25.0,30.0,2025-05-02T21:00:47,27.5,10.889673808393,79.020806600637,NOISE,2025-05-02T21:00:47,27.5,10.889673808393,79.020806600637,NOISE,2025-05-02T21:00:47,27.5,10.889673808393,79.020806600637,NOISE,2025-05-02T21:00:47,27.5,10.889673808393,79.020806600637,NOISE
2026-04-24T09:47:59.988967,Map-Energy__sum__linear-conv00086-20250503_000047-20250503_060047-25.000000-30.000000.png,2025-05-03T00:00:47,2025-05-03T06:00:47,25.0,30.0,2025-05-03T03:00:47,27.5,10.889673808393,79.020806600637,NOISE,2025-05-03T03:00:47,27.5,10.889673808393,79.020806600637,NOISE,2025-05-03T03:00:47,27.5,10.889673808393,79.020806600637,NOISE,2025-05-03T03:00:47,27.5,10.889673808393,79.020806600637,NOISE
2026-04-24T09:48:00.467106,Map-Energy__sum__linear-conv00096-20250503_060047-20250503_120047-25.000000-30.000000.png,2025-05-03T06:00:47,2025-05-03T12:00:47,25.0,30.0,2025-05-03T09:00:47,27.5,10.889673808393,79.020806600637,NOISE,2025-05-03T09:00:47,27.5,10.889673808393,79.020806600637,NOISE,2025-05-03T09:00:47,27.5,10.889673808393,79.020806600637,NOISE,2025-05-03T09:00:47,27.5,10.889673808393,79.020806600637,NOISE
2026-04-24T09:48:00.951841,Map-Energy__sum__linear-conv00106-20250503_120047-20250503_180047-25.000000-30.000000.png,2025-05-03T12:00:47,2025-05-03T18:00:47,25.0,30.0,2025-05-03T15:00:47,27.5,10.889673808393,79.020806600637,NOISE,2025-05-03T15:00:47,27.5,10.889673808393,79.020806600637,NOISE,2025-05-03T15:00:47,27.5,10.889673808393,79.020806600637,NOISE,2025-05-03T15:00:47,27.5,10.889673808393,79.020806600637,NOISE
2026-04-24T09:48:05.572348,Map-Energy__sum__linear-conv00116-20250503_180047-20250504_000047-25.000000-30.000000.png,2025-05-03T18:00:47,2025-05-04T00:00:47,25.0,30.0,2025-05-03T21:00:47,27.5,10.889673808393,79.020806600637,NOISE,2025-05-03T21:00:47,27.5,10.889673808393,79.020806600637,NOISE,2025-05-03T21:00:47,27.5,10.889673808393,79.020806600637,NOISE,2025-05-03T21:00:47,27.5,10.889673808393,79.020806600637,NOISE
2026-04-24T09:48:06.356234,Map-Energy__sum__linear-conv00126-20250504_000047-20250504_060047-25.000000-30.000000.png,2025-05-04T00:00:47,2025-05-04T06:00:47,25.0,30.0,2025-05-04T03:00:47,27.5,10.889673808393,79.020806600637,NOISE,2025-05-04T03:00:47,27.5,10.889673808393,79.020806600637,NOISE,2025-05-04T03:00:47,27.5,10.889673808393,79.020806600637,NOISE,2025-05-04T03:00:47,27.5,10.889673808393,79.020806600637,NOISE
2026-04-24T09:48:07.244665,Map-Energy__sum__linear-conv00136-20250504_060047-20250504_120047-25.000000-30.000000.png,2025-05-04T06:00:47,2025-05-04T12:00:47,25.0,30.0,2025-05-04T09:00:47,27.5,10.889673808393,79.020806600637,NOISE,2025-05-04T09:00:47,27.5,10.889673808393,79.020806600637,NOISE,2025-05-04T09:00:47,27.5,10.889673808393,79.020806600637,NOISE,2025-05-04T09:00:47,27.5,10.889673808393,79.020806600637,NOISE
2026-04-24T09:48:08.284647,Map-Energy__sum__linear-conv00146-20250504_120047-20250504_180047-25.000000-30.000000.png,2025-05-04T12:00:47,2025-05-04T18:00:47,25.0,30.0,2025-05-04T15:00:47,27.5,10.889673808393,79.020806600637,NOISE,2025-05-04T15:00:47,27.5,10.889673808393,79.020806600637,NOISE,2025-05-04T15:00:47,27.5,10.889673808393,79.020806600637,NOISE,2025-05-04T15:00:47,27.5,10.889673808393,79.020806600637,NOISE
2026-04-24T09:48:09.164248,Map-Energy__sum__linear-conv00156-20250504_180047-20250505_000047-25.000000-30.000000.png,2025-05-04T18:00:47,2025-05-05T00:00:47,25.0,30.0,2025-05-04T21:00:47,27.5,10.889673808393,79.020806600637,NOISE,2025-05-04T21:00:47,27.5,10.889673808393,79.020806600637,NOISE,2025-05-04T21:00:47,27.5,10.889673808393,79.020806600637,NOISE,2025-05-04T21:00:47,27.5,10.889673808393,79.020806600637,NOISE
2026-04-24T09:48:10.020322,Map-Energy__sum__linear-conv00166-20250505_000047-20250505_060047-25.000000-30.000000.png,2025-05-05T00:00:47,2025-05-05T06:00:47,25.0,30.0,2025-05-05T03:00:47,27.5,10.889673808393,79.020806600637,NOISE,2025-05-05T03:00:47,27.5,10.889673808393,79.020806600637,NOISE,2025-05-05T03:00:47,27.5,10.889673808393,79.020806600637,NOISE,2025-05-05T03:00:47,27.5,10.889673808393,79.020806600637,NOISE
2026-04-24T09:48:10.924313,Map-Energy__sum__linear-conv00176-20250505_060047-20250505_120047-25.000000-30.000000.png,2025-05-05T06:00:47,2025-05-05T12:00:47,25.0,30.0,2025-05-05T09:00:47,27.5,10.889673808393,79.020806600637,NOISE,2025-05-05T09:00:47,27.5,10.889673808393,79.020806600637,NOISE,2025-05-05T09:00:47,27.5,10.889673808393,79.020806600637,NOISE,2025-05-05T09:00:47,27.5,10.889673808393,79.020806600637,NOISE
2026-04-24T09:48:11.780246,Map-Energy__sum__linear-conv00186-20250505_120047-20250505_180047-25.000000-30.000000.png,2025-05-05T12:00:47,2025-05-05T18:00:47,25.0,30.0,2025-05-05T15:00:47,27.5,10.889673808393,79.020806600637,NOISE,2025-05-05T15:00:47,27.5,10.889673808393,79.020806600637,NOISE,2025-05-05T15:00:47,27.5,10.889673808393,79.020806600637,NOISE,2025-05-05T15:00:47,27.5,10.889673808393,79.020806600637,NOISE
2026-04-24T09:48:12.700283,Map-Energy__sum__linear-conv00196-20250505_180047-20250506_000047-25.000000-30.000000.png,2025-05-05T18:00:47,2025-05-06T00:00:47,25.0,30.0,2025-05-05T21:00:47,27.5,10.889673808393,79.020806600637,NOISE,2025-05-05T21:00:47,27.5,10.889673808393,79.020806600637,NOISE,2025-05-05T21:00:47,27.5,10.889673808393,79.020806600637,NOISE,2025-05-05T21:00:47,27.5,10.889673808393,79.020806600637,NOISE
2026-04-24T09:48:13.876350,Map-Energy__sum__linear-conv00206-20250506_000047-20250506_060047-25.000000-30.000000.png,2025-05-06T00:00:47,2025-05-06T06:00:47,25.0,30.0,2025-05-06T03:00:47,27.5,10.889673808393,79.020806600637,NOISE,2025-05-06T03:00:47,27.5,10.889673808393,79.020806600637,NOISE,2025-05-06T03:00:47,27.5,10.889673808393,79.020806600637,NOISE,2025-05-06T03:00:47,27.5,10.889673808393,79.020806600637,NOISE
2026-04-24T09:48:14.972353,Map-Energy__sum__linear-conv00216-20250506_060047-20250506_120047-25.000000-30.000000.png,2025-05-06T06:00:47,2025-05-06T12:00:47,25.0,30.0,2025-05-06T09:00:47,27.5,10.889673808393,79.020806600637,NOISE,2025-05-06T09:00:47,27.5,10.889673808393,79.020806600637,NOISE,2025-05-06T09:00:47,27.5,10.889673808393,79.020806600637,NOISE,2025-05-06T09:00:47,27.5,10.889673808393,79.020806600637,NOISE
2026-04-24T09:48:16.012389,Map-Energy__sum__linear-conv00226-20250506_120047-20250506_180047-25.000000-30.000000.png,2025-05-06T12:00:47,2025-05-06T18:00:47,25.0,30.0,2025-05-06T15:00:47,27.5,10.889673808393,79.020806600637,NOISE,2025-05-06T15:00:47,27.5,10.889673808393,79.020806600637,NOISE,2025-05-06T15:00:47,27.5,10.889673808393,79.020806600637,NOISE,2025-05-06T15:00:47,27.5,10.889673808393,79.020806600637,NOISE
2026-04-24T09:48:18.564285,Map-Energy__sum__linear-conv00236-20250506_180047-20250507_000047-25.000000-30.000000.png,2025-05-06T18:00:47,2025-05-07T00:00:47,25.0,30.0,2025-05-06T21:00:47,27.5,10.889673808393,79.020806600637,NOISE,2025-05-06T21:00:47,27.5,10.889673808393,79.020806600637,NOISE,2025-05-06T21:00:47,27.5,10.889673808393,79.020806600637,NOISE,2025-05-06T21:00:47,27.5,10.889673808393,79.020806600637,NOISE
2026-04-24T09:48:19.804231,Map-Energy__sum__linear-conv00246-20250507_000047-20250507_060047-25.000000-30.000000.png,2025-05-07T00:00:47,2025-05-07T06:00:47,25.0,30.0,2025-05-07T03:00:47,27.5,10.889673808393,79.020806600637,NOISE,2025-05-07T03:00:47,27.5,10.889673808393,79.020806600637,NOISE,2025-05-07T03:00:47,27.5,10.889673808393,79.020806600637,NOISE,2025-05-07T03:00:47,27.5,10.889673808393,79.020806600637,NOISE
2026-04-24T09:48:20.932327,Map-Energy__sum__linear-conv00256-20250507_060047-20250507_120047-25.000000-30.000000.png,2025-05-07T06:00:47,2025-05-07T12:00:47,25.0,30.0,2025-05-07T09:00:47,27.5,10.889673808393,79.020806600637,NOISE,2025-05-07T09:00:47,27.5,10.889673808393,79.020806600637,NOISE,2025-05-07T09:00:47,27.5,10.889673808393,79.020806600637,NOISE,2025-05-07T09:00:47,27.5,10.889673808393,79.020806600637,NOISE
2026-04-24T09:48:22.036318,Map-Energy__sum__linear-conv00266-20250507_120047-20250507_180047-25.000000-30.000000.png,2025-05-07T12:00:47,2025-05-07T18:00:47,25.0,30.0,2025-05-07T15:00:47,27.5,10.889673808393,79.020806600637,NOISE,2025-05-07T15:00:47,27.5,10.889673808393,79.020806600637,NOISE,2025-05-07T15:00:47,27.5,10.889673808393,79.020806600637,NOISE,2025-05-07T15:00:47,27.5,10.889673808393,79.020806600637,NOISE
2026-04-24T09:48:23.195913,Map-Energy__sum__linear-conv00276-20250507_180047-20250508_000047-25.000000-30.000000.png,2025-05-07T18:00:47,2025-05-08T00:00:47,25.0,30.0,2025-05-07T21:00:47,27.5,10.889673808393,79.020806600637,NOISE,2025-05-07T21:00:47,27.5,10.889673808393,79.020806600637,NOISE,2025-05-07T21:00:47,27.5,10.889673808393,79.020806600637,NOISE,2025-05-07T21:00:47,27.5,10.889673808393,79.020806600637,NOISE
2026-04-24T09:48:24.436239,Map-Energy__sum__linear-conv00286-20250508_000047-20250508_060047-25.000000-30.000000.png,2025-05-08T00:00:47,2025-05-08T06:00:47,25.0,30.0,2025-05-08T03:00:47,27.5,10.889673808393,79.020806600637,NOISE,2025-05-08T03:00:47,27.5,10.889673808393,79.020806600637,NOISE,2025-05-08T03:00:47,27.5,10.889673808393,79.020806600637,NOISE,2025-05-08T03:00:47,27.5,10.889673808393,79.020806600637,NOISE
2026-04-24T09:48:25.492236,Map-Energy__sum__linear-conv00296-20250508_060047-20250508_120047-25.000000-30.000000.png,2025-05-08T06:00:47,2025-05-08T12:00:47,25.0,30.0,2025-05-08T09:00:47,27.5,10.889673808393,79.020806600637,NOISE,2025-05-08T09:00:47,27.5,10.889673808393,79.020806600637,NOISE,2025-05-08T09:00:47,27.5,10.889673808393,79.020806600637,NOISE,2025-05-08T09:00:47,27.5,10.889673808393,79.020806600637,NOISE
2026-04-24T09:48:26.516259,Map-Energy__sum__linear-conv00306-20250508_120047-20250508_180047-25.000000-30.000000.png,2025-05-08T12:00:47,2025-05-08T18:00:47,25.0,30.0,2025-05-08T15:00:47,27.5,10.889673808393,79.020806600637,NOISE,2025-05-08T15:00:47,27.5,10.889673808393,79.020806600637,NOISE,2025-05-08T15:00:47,27.5,10.889673808393,79.020806600637,NOISE,2025-05-08T15:00:47,27.5,10.889673808393,79.020806600637,NOISE
2026-04-24T09:48:35.324231,Map-Energy__sum__linear-conv00316-20250508_180047-20250509_000047-25.000000-30.000000.png,2025-05-08T18:00:47,2025-05-09T00:00:47,25.0,30.0,2025-05-08T20:51:14,25.33661,10.9908937203624,79.0205498394669,OTHER,2025-05-08T21:00:47,27.5,10.889673808393,79.020806600637,NOISE,2025-05-08T21:00:47,27.5,10.889673808393,79.020806600637,NOISE,2025-05-08T21:00:47,27.5,10.889673808393,79.020806600637,NOISE
2026-04-24T09:48:36.668346,Map-Energy__sum__linear-conv00326-20250509_000047-20250509_060047-25.000000-30.000000.png,2025-05-09T00:00:47,2025-05-09T06:00:47,25.0,30.0,2025-05-09T03:00:47,27.5,10.889673808393,79.020806600637,NOISE,2025-05-09T03:00:47,27.5,10.889673808393,79.020806600637,NOISE,2025-05-09T03:00:47,27.5,10.889673808393,79.020806600637,NOISE,2025-05-09T03:00:47,27.5,10.889673808393,79.020806600637,NOISE
2026-04-24T09:48:41.356209,Map-Energy__sum__linear-conv00336-20250509_060047-20250509_120047-25.000000-30.000000.png,2025-05-09T06:00:47,2025-05-09T12:00:47,25.0,30.0,2025-05-09T11:06:37,28.223724,10.8558325939541,79.0207514199357,VESSEL,2025-05-09T09:00:47,27.5,10.889673808393,79.020806600637,NOISE,2025-05-09T09:00:47,27.5,10.889673808393,79.020806600637,NOISE,2025-05-09T09:00:47,27.5,10.889673808393,79.020806600637,NOISE
2026-04-24T09:48:45.580301,Map-Energy__sum__linear-conv00346-20250509_120047-20250509_180047-25.000000-30.000000.png,2025-05-09T12:00:47,2025-05-09T18:00:47,25.0,30.0,2025-05-09T13:34:01,25.570069,10.9801233249061,79.0207340975729,VESSEL,2025-05-09T15:00:47,27.5,10.889673808393,79.020806600637,NOISE,2025-05-09T15:00:47,27.5,10.889673808393,79.020806600637,NOISE,2025-05-09T15:00:47,27.5,10.889673808393,79.020806600637,NOISE
2026-04-24T09:48:46.716144,Map-Energy__sum__linear-conv00356-20250509_180047-20250510_000047-25.000000-30.000000.png,2025-05-09T18:00:47,2025-05-10T00:00:47,25.0,30.0,2025-05-09T21:00:47,27.5,10.889673808393,79.020806600637,NOISE,2025-05-09T21:00:47,27.5,10.889673808393,79.020806600637,NOISE,2025-05-09T21:00:47,27.5,10.889673808393,79.020806600637,NOISE,2025-05-09T21:00:47,27.5,10.889673808393,79.020806600637,NOISE
2026-04-24T09:48:48.412296,Map-Energy__sum__linear-conv00366-20250510_000047-20250510_060047-25.000000-30.000000.png,2025-05-10T00:00:47,2025-05-10T06:00:47,25.0,30.0,2025-05-10T03:00:47,27.5,10.889673808393,79.020806600637,NOISE,2025-05-10T03:00:47,27.5,10.889673808393,79.020806600637,NOISE,2025-05-10T03:00:47,27.5,10.889673808393,79.020806600637,NOISE,2025-05-10T03:00:47,27.5,10.889673808393,79.020806600637,NOISE
2026-04-24T09:48:50.156109,Map-Energy__sum__linear-conv00376-20250510_060047-20250510_120047-25.000000-30.000000.png,2025-05-10T06:00:47,2025-05-10T12:00:47,25.0,30.0,2025-05-10T09:00:47,27.5,10.889673808393,79.020806600637,NOISE,2025-05-10T09:00:47,27.5,10.889673808393,79.020806600637,NOISE,2025-05-10T09:00:47,27.5,10.889673808393,79.020806600637,NOISE,2025-05-10T09:00:47,27.5,10.889673808393,79.020806600637,NOISE
2026-04-24T09:48:51.876275,Map-Energy__sum__linear-conv00386-20250510_120047-20250510_180047-25.000000-30.000000.png,2025-05-10T12:00:47,2025-05-10T18:00:47,25.0,30.0,2025-05-10T15:00:47,27.5,10.889673808393,79.020806600637,NOISE,2025-05-10T15:00:47,27.5,10.889673808393,79.020806600637,NOISE,2025-05-10T15:00:47,27.5,10.889673808393,79.020806600637,NOISE,2025-05-10T15:00:47,27.5,10.889673808393,79.020806600637,NOISE
2026-04-24T09:48:52.988344,Map-Energy__sum__linear-conv00396-20250510_180047-20250511_000047-25.000000-30.000000.png,2025-05-10T18:00:47,2025-05-11T00:00:47,25.0,30.0,2025-05-10T21:00:47,27.5,10.889673808393,79.020806600637,NOISE,2025-05-10T21:00:47,27.5,10.889673808393,79.020806600637,NOISE,2025-05-10T21:00:47,27.5,10.889673808393,79.020806600637,NOISE,2025-05-10T21:00:47,27.5,10.889673808393,79.020806600637,NOISE
2026-04-24T09:48:54.564195,Map-Energy__sum__linear-conv00406-20250511_000047-20250511_060047-25.000000-30.000000.png,2025-05-11T00:00:47,2025-05-11T06:00:47,25.0,30.0,2025-05-11T03:00:47,27.5,10.889673808393,79.020806600637,NOISE,2025-05-11T03:00:47,27.5,10.889673808393,79.020806600637,NOISE,2025-05-11T03:00:47,27.5,10.889673808393,79.020806600637,NOISE,2025-05-11T03:00:47,27.5,10.889673808393,79.020806600637,NOISE
2026-04-24T09:48:55.612341,Map-Energy__sum__linear-conv00416-20250511_060047-20250511_120047-25.000000-30.000000.png,2025-05-11T06:00:47,2025-05-11T12:00:47,25.0,30.0,2025-05-11T09:00:47,27.5,10.889673808393,79.020806600637,NOISE,2025-05-11T09:00:47,27.5,10.889673808393,79.020806600637,NOISE,2025-05-11T09:00:47,27.5,10.889673808393,79.020806600637,NOISE,2025-05-11T09:00:47,27.5,10.889673808393,79.020806600637,NOISE
2026-04-24T09:48:56.780287,Map-Energy__sum__linear-conv00426-20250511_120047-20250511_180047-25.000000-30.000000.png,2025-05-11T12:00:47,2025-05-11T18:00:47,25.0,30.0,2025-05-11T15:00:47,27.5,10.889673808393,79.020806600637,NOISE,2025-05-11T15:00:47,27.5,10.889673808393,79.020806600637,NOISE,2025-05-11T15:00:47,27.5,10.889673808393,79.020806600637,NOISE,2025-05-11T15:00:47,27.5,10.889673808393,79.020806600637,NOISE
2026-04-24T09:48:57.980261,Map-Energy__sum__linear-conv00436-20250511_180047-20250512_000047-25.000000-30.000000.png,2025-05-11T18:00:47,2025-05-12T00:00:47,25.0,30.0,2025-05-11T21:00:47,27.5,10.889673808393,79.020806600637,NOISE,2025-05-11T21:00:47,27.5,10.889673808393,79.020806600637,NOISE,2025-05-11T21:00:47,27.5,10.889673808393,79.020806600637,NOISE,2025-05-11T21:00:47,27.5,10.889673808393,79.020806600637,NOISE
2026-04-24T09:48:58.932005,Map-Energy__sum__linear-conv00446-20250512_000047-20250512_060047-25.000000-30.000000.png,2025-05-12T00:00:47,2025-05-12T06:00:47,25.0,30.0,2025-05-12T03:00:47,27.5,10.889673808393,79.020806600637,NOISE,2025-05-12T03:00:47,27.5,10.889673808393,79.020806600637,NOISE,2025-05-12T03:00:47,27.5,10.889673808393,79.020806600637,NOISE,2025-05-12T03:00:47,27.5,10.889673808393,79.020806600637,NOISE
2026-04-24T09:49:00.076171,Map-Energy__sum__linear-conv00456-20250512_060047-20250512_120047-25.000000-30.000000.png,2025-05-12T06:00:47,2025-05-12T12:00:47,25.0,30.0,2025-05-12T09:00:47,27.5,10.889673808393,79.020806600637,NOISE,2025-05-12T09:00:47,27.5,10.889673808393,79.020806600637,NOISE,2025-05-12T09:00:47,27.5,10.889673808393,79.020806600637,NOISE,2025-05-12T09:00:47,27.5,10.889673808393,79.020806600637,NOISE
2026-04-24T09:49:01.156273,Map-Energy__sum__linear-conv00466-20250512_120047-20250512_180047-25.000000-30.000000.png,2025-05-12T12:00:47,2025-05-12T18:00:47,25.0,30.0,2025-05-12T15:00:47,27.5,10.889673808393,79.020806600637,NOISE,2025-05-12T15:00:47,27.5,10.889673808393,79.020806600637,NOISE,2025-05-12T15:00:47,27.5,10.889673808393,79.020806600637,NOISE,2025-05-12T15:00:47,27.5,10.889673808393,79.020806600637,NOISE
2026-04-24T09:49:02.356497,Map-Energy__sum__linear-conv00476-20250512_180047-20250513_000047-25.000000-30.000000.png,2025-05-12T18:00:47,2025-05-13T00:00:47,25.0,30.0,2025-05-12T21:00:47,27.5,10.889673808393,79.020806600637,NOISE,2025-05-12T21:00:47,27.5,10.889673808393,79.020806600637,NOISE,2025-05-12T21:00:47,27.5,10.889673808393,79.020806600637,NOISE,2025-05-12T21:00:47,27.5,10.889673808393,79.020806600637,NOISE
2026-04-24T09:49:03.260312,Map-Energy__sum__linear-conv00486-20250513_000047-20250513_060047-25.000000-30.000000.png,2025-05-13T00:00:47,2025-05-13T06:00:47,25.0,30.0,2025-05-13T03:00:47,27.5,10.889673808393,79.020806600637,NOISE,2025-05-13T03:00:47,27.5,10.889673808393,79.020806600637,NOISE,2025-05-13T03:00:47,27.5,10.889673808393,79.020806600637,NOISE,2025-05-13T03:00:47,27.5,10.889673808393,79.020806600637,NOISE
2026-04-24T09:49:04.364361,Map-Energy__sum__linear-conv00496-20250513_060047-20250513_120047-25.000000-30.000000.png,2025-05-13T06:00:47,2025-05-13T12:00:47,25.0,30.0,2025-05-13T09:00:47,27.5,10.889673808393,79.020806600637,NOISE,2025-05-13T09:00:47,27.5,10.889673808393,79.020806600637,NOISE,2025-05-13T09:00:47,27.5,10.889673808393,79.020806600637,NOISE,2025-05-13T09:00:47,27.5,10.889673808393,79.020806600637,NOISE
2026-04-24T09:49:05.380251,Map-Energy__sum__linear-conv00506-20250513_120047-20250513_180047-25.000000-30.000000.png,2025-05-13T12:00:47,2025-05-13T18:00:47,25.0,30.0,2025-05-13T15:00:47,27.5,10.889673808393,79.020806600637,NOISE,2025-05-13T15:00:47,27.5,10.889673808393,79.020806600637,NOISE,2025-05-13T15:00:47,27.5,10.889673808393,79.020806600637,NOISE,2025-05-13T15:00:47,27.5,10.889673808393,79.020806600637,NOISE
2026-04-24T09:49:06.644217,Map-Energy__sum__linear-conv00516-20250513_180047-20250514_000047-25.000000-30.000000.png,2025-05-13T18:00:47,2025-05-14T00:00:47,25.0,30.0,2025-05-13T21:00:47,27.5,10.889673808393,79.020806600637,NOISE,2025-05-13T21:00:47,27.5,10.889673808393,79.020806600637,NOISE,2025-05-13T21:00:47,27.5,10.889673808393,79.020806600637,NOISE,2025-05-13T21:00:47,27.5,10.889673808393,79.020806600637,NOISE
2026-04-24T09:49:07.772366,Map-Energy__sum__linear-conv00526-20250514_000047-20250514_060047-25.000000-30.000000.png,2025-05-14T00:00:47,2025-05-14T06:00:47,25.0,30.0,2025-05-14T03:00:47,27.5,10.889673808393,79.020806600637,NOISE,2025-05-14T03:00:47,27.5,10.889673808393,79.020806600637,NOISE,2025-05-14T03:00:47,27.5,10.889673808393,79.020806600637,NOISE,2025-05-14T03:00:47,27.5,10.889673808393,79.020806600637,NOISE
2026-04-24T09:49:09.844219,Map-Energy__sum__linear-conv00536-20250514_060047-20250514_120047-25.000000-30.000000.png,2025-05-14T06:00:47,2025-05-14T12:00:47,25.0,30.0,2025-05-14T09:00:47,27.5,10.889673808393,79.020806600637,NOISE,2025-05-14T09:00:47,27.5,10.889673808393,79.020806600637,NOISE,2025-05-14T09:00:47,27.5,10.889673808393,79.020806600637,NOISE,2025-05-14T09:00:47,27.5,10.889673808393,79.020806600637,NOISE
2026-04-24T09:49:10.973157,Map-Energy__sum__linear-conv00546-20250514_120047-20250514_180047-25.000000-30.000000.png,2025-05-14T12:00:47,2025-05-14T18:00:47,25.0,30.0,2025-05-14T15:00:47,27.5,10.889673808393,79.020806600637,NOISE,2025-05-14T15:00:47,27.5,10.889673808393,79.020806600637,NOISE,2025-05-14T15:00:47,27.5,10.889673808393,79.020806600637,NOISE,2025-05-14T15:00:47,27.5,10.889673808393,79.020806600637,NOISE
2026-04-24T09:49:12.484251,Map-Energy__sum__linear-conv00556-20250514_180047-20250515_000047-25.000000-30.000000.png,2025-05-14T18:00:47,2025-05-15T00:00:47,25.0,30.0,2025-05-14T21:00:47,27.5,10.889673808393,79.020806600637,NOISE,2025-05-14T21:00:47,27.5,10.889673808393,79.020806600637,NOISE,2025-05-14T21:00:47,27.5,10.889673808393,79.020806600637,NOISE,2025-05-14T21:00:47,27.5,10.889673808393,79.020806600637,NOISE
2026-04-24T09:49:13.460223,Map-Energy__sum__linear-conv00566-20250515_000047-20250515_060047-25.000000-30.000000.png,2025-05-15T00:00:47,2025-05-15T06:00:47,25.0,30.0,2025-05-15T03:00:47,27.5,10.889673808393,79.020806600637,NOISE,2025-05-15T03:00:47,27.5,10.889673808393,79.020806600637,NOISE,2025-05-15T03:00:47,27.5,10.889673808393,79.020806600637,NOISE,2025-05-15T03:00:47,27.5,10.889673808393,79.020806600637,NOISE
2026-04-24T09:49:14.756240,Map-Energy__sum__linear-conv00576-20250515_060047-20250515_120047-25.000000-30.000000.png,2025-05-15T06:00:47,2025-05-15T12:00:47,25.0,30.0,2025-05-15T09:00:47,27.5,10.889673808393,79.020806600637,NOISE,2025-05-15T09:00:47,27.5,10.889673808393,79.020806600637,NOISE,2025-05-15T09:00:47,27.5,10.889673808393,79.020806600637,NOISE,2025-05-15T09:00:47,27.5,10.889673808393,79.020806600637,NOISE
2026-04-24T09:49:15.964235,Map-Energy__sum__linear-conv00586-20250515_120047-20250515_180047-25.000000-30.000000.png,2025-05-15T12:00:47,2025-05-15T18:00:47,25.0,30.0,2025-05-15T15:00:47,27.5,10.889673808393,79.020806600637,NOISE,2025-05-15T15:00:47,27.5,10.889673808393,79.020806600637,NOISE,2025-05-15T15:00:47,27.5,10.889673808393,79.020806600637,NOISE,2025-05-15T15:00:47,27.5,10.889673808393,79.020806600637,NOISE
2026-04-24T09:49:17.060111,Map-Energy__sum__linear-conv00596-20250515_180047-20250516_000047-25.000000-30.000000.png,2025-05-15T18:00:47,2025-05-16T00:00:47,25.0,30.0,2025-05-15T21:00:47,27.5,10.889673808393,79.020806600637,NOISE,2025-05-15T21:00:47,27.5,10.889673808393,79.020806600637,NOISE,2025-05-15T21:00:47,27.5,10.889673808393,79.020806600637,NOISE,2025-05-15T21:00:47,27.5,10.889673808393,79.020806600637,NOISE
2026-04-24T09:49:17.551150,Map-Energy__sum__linear-conv00606-20250516_000047-20250516_060047-25.000000-30.000000.png,2025-05-16T00:00:47,2025-05-16T06:00:47,25.0,30.0,2025-05-16T03:00:47,27.5,10.889673808393,79.020806600637,NOISE,2025-05-16T03:00:47,27.5,10.889673808393,79.020806600637,NOISE,2025-05-16T03:00:47,27.5,10.889673808393,79.020806600637,NOISE,2025-05-16T03:00:47,27.5,10.889673808393,79.020806600637,NOISE
2026-04-24T09:49:18.940323,Map-Energy__sum__linear-conv00616-20250516_060047-20250516_120047-25.000000-30.000000.png,2025-05-16T06:00:47,2025-05-16T12:00:47,25.0,30.0,2025-05-16T09:00:47,27.5,10.889673808393,79.020806600637,NOISE,2025-05-16T09:00:47,27.5,10.889673808393,79.020806600637,NOISE,2025-05-16T09:00:47,27.5,10.889673808393,79.020806600637,NOISE,2025-05-16T09:00:47,27.5,10.889673808393,79.020806600637,NOISE
2026-04-24T09:49:19.972434,Map-Energy__sum__linear-conv00626-20250516_120047-20250516_180047-25.000000-30.000000.png,2025-05-16T12:00:47,2025-05-16T18:00:47,25.0,30.0,2025-05-16T15:00:47,27.5,10.889673808393,79.020806600637,NOISE,2025-05-16T15:00:47,27.5,10.889673808393,79.020806600637,NOISE,2025-05-16T15:00:47,27.5,10.889673808393,79.020806600637,NOISE,2025-05-16T15:00:47,27.5,10.889673808393,79.020806600637,NOISE
2026-04-24T09:49:20.876183,Map-Energy__sum__linear-conv00636-20250516_180047-20250517_000047-25.000000-30.000000.png,2025-05-16T18:00:47,2025-05-17T00:00:47,25.0,30.0,2025-05-16T21:00:47,27.5,10.889673808393,79.020806600637,NOISE,2025-05-16T21:00:47,27.5,10.889673808393,79.020806600637,NOISE,2025-05-16T21:00:47,27.5,10.889673808393,79.020806600637,NOISE,2025-05-16T21:00:47,27.5,10.889673808393,79.020806600637,NOISE
2026-04-24T09:49:22.004234,Map-Energy__sum__linear-conv00646-20250517_000047-20250517_060047-25.000000-30.000000.png,2025-05-17T00:00:47,2025-05-17T06:00:47,25.0,30.0,2025-05-17T03:00:47,27.5,10.889673808393,79.020806600637,NOISE,2025-05-17T03:00:47,27.5,10.889673808393,79.020806600637,NOISE,2025-05-17T03:00:47,27.5,10.889673808393,79.020806600637,NOISE,2025-05-17T03:00:47,27.5,10.889673808393,79.020806600637,NOISE
2026-04-24T09:49:23.588355,Map-Energy__sum__linear-conv00656-20250517_060047-20250517_120047-25.000000-30.000000.png,2025-05-17T06:00:47,2025-05-17T12:00:47,25.0,30.0,2025-05-17T09:00:47,27.5,10.889673808393,79.020806600637,NOISE,2025-05-17T09:00:47,27.5,10.889673808393,79.020806600637,NOISE,2025-05-17T09:00:47,27.5,10.889673808393,79.020806600637,NOISE,2025-05-17T09:00:47,27.5,10.889673808393,79.020806600637,NOISE
2026-04-24T09:49:24.828552,Map-Energy__sum__linear-conv00666-20250517_120047-20250517_180047-25.000000-30.000000.png,2025-05-17T12:00:47,2025-05-17T18:00:47,25.0,30.0,2025-05-17T15:00:47,27.5,10.889673808393,79.020806600637,NOISE,2025-05-17T15:00:47,27.5,10.889673808393,79.020806600637,NOISE,2025-05-17T15:00:47,27.5,10.889673808393,79.020806600637,NOISE,2025-05-17T15:00:47,27.5,10.889673808393,79.020806600637,NOISE
2026-04-24T09:49:25.844243,Map-Energy__sum__linear-conv00676-20250517_180047-20250518_000047-25.000000-30.000000.png,2025-05-17T18:00:47,2025-05-18T00:00:47,25.0,30.0,2025-05-17T21:00:47,27.5,10.889673808393,79.020806600637,NOISE,2025-05-17T21:00:47,27.5,10.889673808393,79.020806600637,NOISE,2025-05-17T21:00:47,27.5,10.889673808393,79.020806600637,NOISE,2025-05-17T21:00:47,27.5,10.889673808393,79.020806600637,NOISE
2026-04-24T09:49:26.844845,Map-Energy__sum__linear-conv00686-20250518_000047-20250518_060047-25.000000-30.000000.png,2025-05-18T00:00:47,2025-05-18T06:00:47,25.0,30.0,2025-05-18T03:00:47,27.5,10.889673808393,79.020806600637,NOISE,2025-05-18T03:00:47,27.5,10.889673808393,79.020806600637,NOISE,2025-05-18T03:00:47,27.5,10.889673808393,79.020806600637,NOISE,2025-05-18T03:00:47,27.5,10.889673808393,79.020806600637,NOISE
2026-04-24T09:49:27.804264,Map-Energy__sum__linear-conv00696-20250518_060047-20250518_120047-25.000000-30.000000.png,2025-05-18T06:00:47,2025-05-18T12:00:47,25.0,30.0,2025-05-18T09:00:47,27.5,10.889673808393,79.020806600637,NOISE,2025-05-18T09:00:47,27.5,10.889673808393,79.020806600637,NOISE,2025-05-18T09:00:47,27.5,10.889673808393,79.020806600637,NOISE,2025-05-18T09:00:47,27.5,10.889673808393,79.020806600637,NOISE
2026-04-24T09:49:28.692197,Map-Energy__sum__linear-conv00706-20250518_120047-20250518_180047-25.000000-30.000000.png,2025-05-18T12:00:47,2025-05-18T18:00:47,25.0,30.0,2025-05-18T15:00:47,27.5,10.889673808393,79.020806600637,NOISE,2025-05-18T15:00:47,27.5,10.889673808393,79.020806600637,NOISE,2025-05-18T15:00:47,27.5,10.889673808393,79.020806600637,NOISE,2025-05-18T15:00:47,27.5,10.889673808393,79.020806600637,NOISE
2026-04-24T09:49:29.748288,Map-Energy__sum__linear-conv00716-20250518_180047-20250519_000047-25.000000-30.000000.png,2025-05-18T18:00:47,2025-05-19T00:00:47,25.0,30.0,2025-05-18T21:00:47,27.5,10.889673808393,79.020806600637,NOISE,2025-05-18T21:00:47,27.5,10.889673808393,79.020806600637,NOISE,2025-05-18T21:00:47,27.5,10.889673808393,79.020806600637,NOISE,2025-05-18T21:00:47,27.5,10.889673808393,79.020806600637,NOISE
2026-04-24T09:49:30.796212,Map-Energy__sum__linear-conv00726-20250519_000047-20250519_060047-25.000000-30.000000.png,2025-05-19T00:00:47,2025-05-19T06:00:47,25.0,30.0,2025-05-19T03:00:47,27.5,10.889673808393,79.020806600637,NOISE,2025-05-19T03:00:47,27.5,10.889673808393,79.020806600637,NOISE,2025-05-19T03:00:47,27.5,10.889673808393,79.020806600637,NOISE,2025-05-19T03:00:47,27.5,10.889673808393,79.020806600637,NOISE
2026-04-24T09:49:31.668464,Map-Energy__sum__linear-conv00736-20250519_060047-20250519_120047-25.000000-30.000000.png,2025-05-19T06:00:47,2025-05-19T12:00:47,25.0,30.0,2025-05-19T09:00:47,27.5,10.889673808393,79.020806600637,NOISE,2025-05-19T09:00:47,27.5,10.889673808393,79.020806600637,NOISE,2025-05-19T09:00:47,27.5,10.889673808393,79.020806600637,NOISE,2025-05-19T09:00:47,27.5,10.889673808393,79.020806600637,NOISE
2026-04-24T09:49:32.564579,Map-Energy__sum__linear-conv00746-20250519_120047-20250519_180047-25.000000-30.000000.png,2025-05-19T12:00:47,2025-05-19T18:00:47,25.0,30.0,2025-05-19T15:00:47,27.5,10.889673808393,79.020806600637,NOISE,2025-05-19T15:00:47,27.5,10.889673808393,79.020806600637,NOISE,2025-05-19T15:00:47,27.5,10.889673808393,79.020806600637,NOISE,2025-05-19T15:00:47,27.5,10.889673808393,79.020806600637,NOISE
2026-04-24T09:49:33.604333,Map-Energy__sum__linear-conv00756-20250519_180047-20250520_000047-25.000000-30.000000.png,2025-05-19T18:00:47,2025-05-20T00:00:47,25.0,30.0,2025-05-19T21:00:47,27.5,10.889673808393,79.020806600637,NOISE,2025-05-19T21:00:47,27.5,10.889673808393,79.020806600637,NOISE,2025-05-19T21:00:47,27.5,10.889673808393,79.020806600637,NOISE,2025-05-19T21:00:47,27.5,10.889673808393,79.020806600637,NOISE
2026-04-24T09:49:34.588281,Map-Energy__sum__linear-conv00766-20250520_000047-20250520_060047-25.000000-30.000000.png,2025-05-20T00:00:47,2025-05-20T06:00:47,25.0,30.0,2025-05-20T03:00:47,27.5,10.889673808393,79.020806600637,NOISE,2025-05-20T03:00:47,27.5,10.889673808393,79.020806600637,NOISE,2025-05-20T03:00:47,27.5,10.889673808393,79.020806600637,NOISE,2025-05-20T03:00:47,27.5,10.889673808393,79.020806600637,NOISE
2026-04-24T09:49:35.540315,Map-Energy__sum__linear-conv00776-20250520_060047-20250520_120047-25.000000-30.000000.png,2025-05-20T06:00:47,2025-05-20T12:00:47,25.0,30.0,2025-05-20T09:00:47,27.5,10.889673808393,79.020806600637,NOISE,2025-05-20T09:00:47,27.5,10.889673808393,79.020806600637,NOISE,2025-05-20T09:00:47,27.5,10.889673808393,79.020806600637,NOISE,2025-05-20T09:00:47,27.5,10.889673808393,79.020806600637,NOISE
2026-04-24T09:49:36.556178,Map-Energy__sum__linear-conv00786-20250520_120047-20250520_180047-25.000000-30.000000.png,2025-05-20T12:00:47,2025-05-20T18:00:47,25.0,30.0,2025-05-20T15:00:47,27.5,10.889673808393,79.020806600637,NOISE,2025-05-20T15:00:47,27.5,10.889673808393,79.020806600637,NOISE,2025-05-20T15:00:47,27.5,10.889673808393,79.020806600637,NOISE,2025-05-20T15:00:47,27.5,10.889673808393,79.020806600637,NOISE
2026-04-24T09:49:37.027652,Map-Energy__sum__linear-conv00796-20250520_180047-20250521_000047-25.000000-30.000000.png,2025-05-20T18:00:47,2025-05-21T00:00:47,25.0,30.0,2025-05-20T21:00:47,27.5,10.889673808393,79.020806600637,NOISE,2025-05-20T21:00:47,27.5,10.889673808393,79.020806600637,NOISE,2025-05-20T21:00:47,27.5,10.889673808393,79.020806600637,NOISE,2025-05-20T21:00:47,27.5,10.889673808393,79.020806600637,NOISE
2026-04-24T09:49:37.524005,Map-Energy__sum__linear-conv00806-20250521_000047-20250521_060047-25.000000-30.000000.png,2025-05-21T00:00:47,2025-05-21T06:00:47,25.0,30.0,2025-05-21T03:00:47,27.5,10.889673808393,79.020806600637,NOISE,2025-05-21T03:00:47,27.5,10.889673808393,79.020806600637,NOISE,2025-05-21T03:00:47,27.5,10.889673808393,79.020806600637,NOISE,2025-05-21T03:00:47,27.5,10.889673808393,79.020806600637,NOISE
2026-04-24T09:49:37.996399,Map-Energy__sum__linear-conv00816-20250521_060047-20250521_120047-25.000000-30.000000.png,2025-05-21T06:00:47,2025-05-21T12:00:47,25.0,30.0,2025-05-21T09:00:47,27.5,10.889673808393,79.020806600637,NOISE,2025-05-21T09:00:47,27.5,10.889673808393,79.020806600637,NOISE,2025-05-21T09:00:47,27.5,10.889673808393,79.020806600637,NOISE,2025-05-21T09:00:47,27.5,10.889673808393,79.020806600637,NOISE
2026-04-24T09:49:39.020158,Map-Energy__sum__linear-conv00826-20250521_120047-20250521_180047-25.000000-30.000000.png,2025-05-21T12:00:47,2025-05-21T18:00:47,25.0,30.0,2025-05-21T15:00:47,27.5,10.889673808393,79.020806600637,NOISE,2025-05-21T15:00:47,27.5,10.889673808393,79.020806600637,NOISE,2025-05-21T15:00:47,27.5,10.889673808393,79.020806600637,NOISE,2025-05-21T15:00:47,27.5,10.889673808393,79.020806600637,NOISE
2026-04-24T09:49:39.980486,Map-Energy__sum__linear-conv00836-20250521_180047-20250522_000047-25.000000-30.000000.png,2025-05-21T18:00:47,2025-05-22T00:00:47,25.0,30.0,2025-05-21T21:00:47,27.5,10.889673808393,79.020806600637,NOISE,2025-05-21T21:00:47,27.5,10.889673808393,79.020806600637,NOISE,2025-05-21T21:00:47,27.5,10.889673808393,79.020806600637,NOISE,2025-05-21T21:00:47,27.5,10.889673808393,79.020806600637,NOISE
2026-04-24T09:49:41.076361,Map-Energy__sum__linear-conv00846-20250522_000047-20250522_060047-25.000000-30.000000.png,2025-05-22T00:00:47,2025-05-22T06:00:47,25.0,30.0,2025-05-22T03:00:47,27.5,10.889673808393,79.020806600637,NOISE,2025-05-22T03:00:47,27.5,10.889673808393,79.020806600637,NOISE,2025-05-22T03:00:47,27.5,10.889673808393,79.020806600637,NOISE,2025-05-22T03:00:47,27.5,10.889673808393,79.020806600637,NOISE
2026-04-24T09:49:42.236140,Map-Energy__sum__linear-conv00856-20250522_060047-20250522_120047-25.000000-30.000000.png,2025-05-22T06:00:47,2025-05-22T12:00:47,25.0,30.0,2025-05-22T09:00:47,27.5,10.889673808393,79.020806600637,NOISE,2025-05-22T09:00:47,27.5,10.889673808393,79.020806600637,NOISE,2025-05-22T09:00:47,27.5,10.889673808393,79.020806600637,NOISE,2025-05-22T09:00:47,27.5,10.889673808393,79.020806600637,NOISE
2026-04-24T09:49:43.124203,Map-Energy__sum__linear-conv00866-20250522_120047-20250522_180047-25.000000-30.000000.png,2025-05-22T12:00:47,2025-05-22T18:00:47,25.0,30.0,2025-05-22T15:00:47,27.5,10.889673808393,79.020806600637,NOISE,2025-05-22T15:00:47,27.5,10.889673808393,79.020806600637,NOISE,2025-05-22T15:00:47,27.5,10.889673808393,79.020806600637,NOISE,2025-05-22T15:00:47,27.5,10.889673808393,79.020806600637,NOISE
2026-04-24T09:49:43.996477,Map-Energy__sum__linear-conv00876-20250522_180047-20250523_000047-25.000000-30.000000.png,2025-05-22T18:00:47,2025-05-23T00:00:47,25.0,30.0,2025-05-22T21:00:47,27.5,10.889673808393,79.020806600637,NOISE,2025-05-22T21:00:47,27.5,10.889673808393,79.020806600637,NOISE,2025-05-22T21:00:47,27.5,10.889673808393,79.020806600637,NOISE,2025-05-22T21:00:47,27.5,10.889673808393,79.020806600637,NOISE
2026-04-24T09:49:44.498111,Map-Energy__sum__linear-conv00886-20250523_000047-20250523_060047-25.000000-30.000000.png,2025-05-23T00:00:47,2025-05-23T06:00:47,25.0,30.0,2025-05-23T03:00:47,27.5,10.889673808393,79.020806600637,NOISE,2025-05-23T03:00:47,27.5,10.889673808393,79.020806600637,NOISE,2025-05-23T03:00:47,27.5,10.889673808393,79.020806600637,NOISE,2025-05-23T03:00:47,27.5,10.889673808393,79.020806600637,NOISE
2026-04-24T09:49:45.035619,Map-Energy__sum__linear-conv00896-20250523_060047-20250523_120047-25.000000-30.000000.png,2025-05-23T06:00:47,2025-05-23T12:00:47,25.0,30.0,2025-05-23T09:00:47,27.5,10.889673808393,79.020806600637,NOISE,2025-05-23T09:00:47,27.5,10.889673808393,79.020806600637,NOISE,2025-05-23T09:00:47,27.5,10.889673808393,79.020806600637,NOISE,2025-05-23T09:00:47,27.5,10.889673808393,79.020806600637,NOISE
2026-04-24T09:49:46.012224,Map-Energy__sum__linear-conv00906-20250523_120047-20250523_180047-25.000000-30.000000.png,2025-05-23T12:00:47,2025-05-23T18:00:47,25.0,30.0,2025-05-23T15:00:47,27.5,10.889673808393,79.020806600637,NOISE,2025-05-23T15:00:47,27.5,10.889673808393,79.020806600637,NOISE,2025-05-23T15:00:47,27.5,10.889673808393,79.020806600637,NOISE,2025-05-23T15:00:47,27.5,10.889673808393,79.020806600637,NOISE
2026-04-24T09:49:46.956251,Map-Energy__sum__linear-conv00916-20250523_180047-20250524_000047-25.000000-30.000000.png,2025-05-23T18:00:47,2025-05-24T00:00:47,25.0,30.0,2025-05-23T21:00:47,27.5,10.889673808393,79.020806600637,NOISE,2025-05-23T21:00:47,27.5,10.889673808393,79.020806600637,NOISE,2025-05-23T21:00:47,27.5,10.889673808393,79.020806600637,NOISE,2025-05-23T21:00:47,27.5,10.889673808393,79.020806600637,NOISE
2026-04-24T09:49:47.916253,Map-Energy__sum__linear-conv00926-20250524_000047-20250524_060047-25.000000-30.000000.png,2025-05-24T00:00:47,2025-05-24T06:00:47,25.0,30.0,2025-05-24T03:00:47,27.5,10.889673808393,79.020806600637,NOISE,2025-05-24T03:00:47,27.5,10.889673808393,79.020806600637,NOISE,2025-05-24T03:00:47,27.5,10.889673808393,79.020806600637,NOISE,2025-05-24T03:00:47,27.5,10.889673808393,79.020806600637,NOISE
2026-04-24T09:49:48.892005,Map-Energy__sum__linear-conv00936-20250524_060047-20250524_120047-25.000000-30.000000.png,2025-05-24T06:00:47,2025-05-24T12:00:47,25.0,30.0,2025-05-24T09:00:47,27.5,10.889673808393,79.020806600637,NOISE,2025-05-24T09:00:47,27.5,10.889673808393,79.020806600637,NOISE,2025-05-24T09:00:47,27.5,10.889673808393,79.020806600637,NOISE,2025-05-24T09:00:47,27.5,10.889673808393,79.020806600637,NOISE
2026-04-24T09:49:49.900282,Map-Energy__sum__linear-conv00946-20250524_120047-20250524_180047-25.000000-30.000000.png,2025-05-24T12:00:47,2025-05-24T18:00:47,25.0,30.0,2025-05-24T15:00:47,27.5,10.889673808393,79.020806600637,NOISE,2025-05-24T15:00:47,27.5,10.889673808393,79.020806600637,NOISE,2025-05-24T15:00:47,27.5,10.889673808393,79.020806600637,NOISE,2025-05-24T15:00:47,27.5,10.889673808393,79.020806600637,NOISE
2026-04-24T09:49:50.933185,Map-Energy__sum__linear-conv00956-20250524_180047-20250525_000047-25.000000-30.000000.png,2025-05-24T18:00:47,2025-05-25T00:00:47,25.0,30.0,2025-05-24T21:00:47,27.5,10.889673808393,79.020806600637,NOISE,2025-05-24T21:00:47,27.5,10.889673808393,79.020806600637,NOISE,2025-05-24T21:00:47,27.5,10.889673808393,79.020806600637,NOISE,2025-05-24T21:00:47,27.5,10.889673808393,79.020806600637,NOISE
2026-04-24T09:49:51.876263,Map-Energy__sum__linear-conv00966-20250525_000047-20250525_060047-25.000000-30.000000.png,2025-05-25T00:00:47,2025-05-25T06:00:47,25.0,30.0,2025-05-25T03:00:47,27.5,10.889673808393,79.020806600637,NOISE,2025-05-25T03:00:47,27.5,10.889673808393,79.020806600637,NOISE,2025-05-25T03:00:47,27.5,10.889673808393,79.020806600637,NOISE,2025-05-25T03:00:47,27.5,10.889673808393,79.020806600637,NOISE
2026-04-24T09:49:52.884271,Map-Energy__sum__linear-conv00976-20250525_060047-20250525_120047-25.000000-30.000000.png,2025-05-25T06:00:47,2025-05-25T12:00:47,25.0,30.0,2025-05-25T09:00:47,27.5,10.889673808393,79.020806600637,NOISE,2025-05-25T09:00:47,27.5,10.889673808393,79.020806600637,NOISE,2025-05-25T09:00:47,27.5,10.889673808393,79.020806600637,NOISE,2025-05-25T09:00:47,27.5,10.889673808393,79.020806600637,NOISE
2026-04-24T09:49:53.764250,Map-Energy__sum__linear-conv00986-20250525_120047-20250525_180047-25.000000-30.000000.png,2025-05-25T12:00:47,2025-05-25T18:00:47,25.0,30.0,2025-05-25T15:00:47,27.5,10.889673808393,79.020806600637,NOISE,2025-05-25T15:00:47,27.5,10.889673808393,79.020806600637,NOISE,2025-05-25T15:00:47,27.5,10.889673808393,79.020806600637,NOISE,2025-05-25T15:00:47,27.5,10.889673808393,79.020806600637,NOISE
2026-04-24T09:49:54.732255,Map-Energy__sum__linear-conv00996-20250525_180047-20250526_000047-25.000000-30.000000.png,2025-05-25T18:00:47,2025-05-26T00:00:47,25.0,30.0,2025-05-25T21:00:47,27.5,10.889673808393,79.020806600637,NOISE,2025-05-25T21:00:47,27.5,10.889673808393,79.020806600637,NOISE,2025-05-25T21:00:47,27.5,10.889673808393,79.020806600637,NOISE,2025-05-25T21:00:47,27.5,10.889673808393,79.020806600637,NOISE
2026-04-24T09:49:55.676117,Map-Energy__sum__linear-conv01006-20250526_000047-20250526_060047-25.000000-30.000000.png,2025-05-26T00:00:47,2025-05-26T06:00:47,25.0,30.0,2025-05-26T03:00:47,27.5,10.889673808393,79.020806600637,NOISE,2025-05-26T03:00:47,27.5,10.889673808393,79.020806600637,NOISE,2025-05-26T03:00:47,27.5,10.889673808393,79.020806600637,NOISE,2025-05-26T03:00:47,27.5,10.889673808393,79.020806600637,NOISE
2026-04-24T09:49:57.516245,Map-Energy__sum__linear-conv00007-20250501_000047-20250501_060047-30.000000-35.000000.png,2025-05-01T00:00:47,2025-05-01T06:00:47,30.0,35.0,2025-05-01T03:00:47,32.5,10.6593790614908,79.0131989106931,NOISE,2025-05-01T03:00:47,32.5,10.6593790614908,79.0131989106931,NOISE,2025-05-01T03:00:47,32.5,10.6593790614908,79.0131989106931,NOISE,2025-05-01T03:00:47,32.5,10.6593790614908,79.0131989106931,NOISE
2026-04-24T09:49:58.676347,Map-Energy__sum__linear-conv00017-20250501_060047-20250501_120047-30.000000-35.000000.png,2025-05-01T06:00:47,2025-05-01T12:00:47,30.0,35.0,2025-05-01T09:00:47,32.5,10.6593790614908,79.0131989106931,NOISE,2025-05-01T09:00:47,32.5,10.6593790614908,79.0131989106931,NOISE,2025-05-01T09:00:47,32.5,10.6593790614908,79.0131989106931,NOISE,2025-05-01T09:00:47,32.5,10.6593790614908,79.0131989106931,NOISE
2026-04-24T09:49:59.612585,Map-Energy__sum__linear-conv00027-20250501_120047-20250501_180047-30.000000-35.000000.png,2025-05-01T12:00:47,2025-05-01T18:00:47,30.0,35.0,2025-05-01T15:00:47,32.5,10.6593790614908,79.0131989106931,NOISE,2025-05-01T15:00:47,32.5,10.6593790614908,79.0131989106931,NOISE,2025-05-01T15:00:47,32.5,10.6593790614908,79.0131989106931,NOISE,2025-05-01T15:00:47,32.5,10.6593790614908,79.0131989106931,NOISE
2026-04-24T09:50:00.588212,Map-Energy__sum__linear-conv00037-20250501_180047-20250502_000047-30.000000-35.000000.png,2025-05-01T18:00:47,2025-05-02T00:00:47,30.0,35.0,2025-05-01T21:00:47,32.5,10.6593790614908,79.0131989106931,NOISE,2025-05-01T21:00:47,32.5,10.6593790614908,79.0131989106931,NOISE,2025-05-01T21:00:47,32.5,10.6593790614908,79.0131989106931,NOISE,2025-05-01T21:00:47,32.5,10.6593790614908,79.0131989106931,NOISE
2026-04-24T09:50:01.548200,Map-Energy__sum__linear-conv00047-20250502_000047-20250502_060047-30.000000-35.000000.png,2025-05-02T00:00:47,2025-05-02T06:00:47,30.0,35.0,2025-05-02T03:00:47,32.5,10.6593790614908,79.0131989106931,NOISE,2025-05-02T03:00:47,32.5,10.6593790614908,79.0131989106931,NOISE,2025-05-02T03:00:47,32.5,10.6593790614908,79.0131989106931,NOISE,2025-05-02T03:00:47,32.5,10.6593790614908,79.0131989106931,NOISE
2026-04-24T09:50:02.476069,Map-Energy__sum__linear-conv00057-20250502_060047-20250502_120047-30.000000-35.000000.png,2025-05-02T06:00:47,2025-05-02T12:00:47,30.0,35.0,2025-05-02T09:00:47,32.5,10.6593790614908,79.0131989106931,NOISE,2025-05-02T09:00:47,32.5,10.6593790614908,79.0131989106931,NOISE,2025-05-02T09:00:47,32.5,10.6593790614908,79.0131989106931,NOISE,2025-05-02T09:00:47,32.5,10.6593790614908,79.0131989106931,NOISE
2026-04-24T09:50:03.492241,Map-Energy__sum__linear-conv00067-20250502_120047-20250502_180047-30.000000-35.000000.png,2025-05-02T12:00:47,2025-05-02T18:00:47,30.0,35.0,2025-05-02T15:00:47,32.5,10.6593790614908,79.0131989106931,NOISE,2025-05-02T15:00:47,32.5,10.6593790614908,79.0131989106931,NOISE,2025-05-02T15:00:47,32.5,10.6593790614908,79.0131989106931,NOISE,2025-05-02T15:00:47,32.5,10.6593790614908,79.0131989106931,NOISE
2026-04-24T09:50:04.476274,Map-Energy__sum__linear-conv00077-20250502_180047-20250503_000047-30.000000-35.000000.png,2025-05-02T18:00:47,2025-05-03T00:00:47,30.0,35.0,2025-05-02T21:00:47,32.5,10.6593790614908,79.0131989106931,NOISE,2025-05-02T21:00:47,32.5,10.6593790614908,79.0131989106931,NOISE,2025-05-02T21:00:47,32.5,10.6593790614908,79.0131989106931,NOISE,2025-05-02T21:00:47,32.5,10.6593790614908,79.0131989106931,NOISE
2026-04-24T09:50:05.452293,Map-Energy__sum__linear-conv00087-20250503_000047-20250503_060047-30.000000-35.000000.png,2025-05-03T00:00:47,2025-05-03T06:00:47,30.0,35.0,2025-05-03T03:00:47,32.5,10.6593790614908,79.0131989106931,NOISE,2025-05-03T03:00:47,32.5,10.6593790614908,79.0131989106931,NOISE,2025-05-03T03:00:47,32.5,10.6593790614908,79.0131989106931,NOISE,2025-05-03T03:00:47,32.5,10.6593790614908,79.0131989106931,NOISE
2026-04-24T09:50:06.428217,Map-Energy__sum__linear-conv00097-20250503_060047-20250503_120047-30.000000-35.000000.png,2025-05-03T06:00:47,2025-05-03T12:00:47,30.0,35.0,2025-05-03T09:00:47,32.5,10.6593790614908,79.0131989106931,NOISE,2025-05-03T09:00:47,32.5,10.6593790614908,79.0131989106931,NOISE,2025-05-03T09:00:47,32.5,10.6593790614908,79.0131989106931,NOISE,2025-05-03T09:00:47,32.5,10.6593790614908,79.0131989106931,NOISE
2026-04-24T09:50:07.404409,Map-Energy__sum__linear-conv00107-20250503_120047-20250503_180047-30.000000-35.000000.png,2025-05-03T12:00:47,2025-05-03T18:00:47,30.0,35.0,2025-05-03T15:00:47,32.5,10.6593790614908,79.0131989106931,NOISE,2025-05-03T15:00:47,32.5,10.6593790614908,79.0131989106931,NOISE,2025-05-03T15:00:47,32.5,10.6593790614908,79.0131989106931,NOISE,2025-05-03T15:00:47,32.5,10.6593790614908,79.0131989106931,NOISE
2026-04-24T09:50:08.332377,Map-Energy__sum__linear-conv00117-20250503_180047-20250504_000047-30.000000-35.000000.png,2025-05-03T18:00:47,2025-05-04T00:00:47,30.0,35.0,2025-05-03T21:00:47,32.5,10.6593790614908,79.0131989106931,NOISE,2025-05-03T21:00:47,32.5,10.6593790614908,79.0131989106931,NOISE,2025-05-03T21:00:47,32.5,10.6593790614908,79.0131989106931,NOISE,2025-05-03T21:00:47,32.5,10.6593790614908,79.0131989106931,NOISE
2026-04-24T09:50:10.076218,Map-Energy__sum__linear-conv00127-20250504_000047-20250504_060047-30.000000-35.000000.png,2025-05-04T00:00:47,2025-05-04T06:00:47,30.0,35.0,2025-05-04T03:00:47,32.5,10.6593790614908,79.0131989106931,NOISE,2025-05-04T03:00:47,32.5,10.6593790614908,79.0131989106931,NOISE,2025-05-04T03:00:47,32.5,10.6593790614908,79.0131989106931,NOISE,2025-05-04T03:00:47,32.5,10.6593790614908,79.0131989106931,NOISE
2026-04-24T09:50:11.148176,Map-Energy__sum__linear-conv00137-20250504_060047-20250504_120047-30.000000-35.000000.png,2025-05-04T06:00:47,2025-05-04T12:00:47,30.0,35.0,2025-05-04T09:00:47,32.5,10.6593790614908,79.0131989106931,NOISE,2025-05-04T09:00:47,32.5,10.6593790614908,79.0131989106931,NOISE,2025-05-04T09:00:47,32.5,10.6593790614908,79.0131989106931,NOISE,2025-05-04T09:00:47,32.5,10.6593790614908,79.0131989106931,NOISE
2026-04-24T09:50:12.212557,Map-Energy__sum__linear-conv00147-20250504_120047-20250504_180047-30.000000-35.000000.png,2025-05-04T12:00:47,2025-05-04T18:00:47,30.0,35.0,2025-05-04T15:00:47,32.5,10.6593790614908,79.0131989106931,NOISE,2025-05-04T15:00:47,32.5,10.6593790614908,79.0131989106931,NOISE,2025-05-04T15:00:47,32.5,10.6593790614908,79.0131989106931,NOISE,2025-05-04T15:00:47,32.5,10.6593790614908,79.0131989106931,NOISE
2026-04-24T09:50:13.244353,Map-Energy__sum__linear-conv00157-20250504_180047-20250505_000047-30.000000-35.000000.png,2025-05-04T18:00:47,2025-05-05T00:00:47,30.0,35.0,2025-05-04T21:00:47,32.5,10.6593790614908,79.0131989106931,NOISE,2025-05-04T21:00:47,32.5,10.6593790614908,79.0131989106931,NOISE,2025-05-04T21:00:47,32.5,10.6593790614908,79.0131989106931,NOISE,2025-05-04T21:00:47,32.5,10.6593790614908,79.0131989106931,NOISE
2026-04-24T09:50:14.188336,Map-Energy__sum__linear-conv00167-20250505_000047-20250505_060047-30.000000-35.000000.png,2025-05-05T00:00:47,2025-05-05T06:00:47,30.0,35.0,2025-05-05T03:00:47,32.5,10.6593790614908,79.0131989106931,NOISE,2025-05-05T03:00:47,32.5,10.6593790614908,79.0131989106931,NOISE,2025-05-05T03:00:47,32.5,10.6593790614908,79.0131989106931,NOISE,2025-05-05T03:00:47,32.5,10.6593790614908,79.0131989106931,NOISE
2026-04-24T09:50:15.180304,Map-Energy__sum__linear-conv00177-20250505_060047-20250505_120047-30.000000-35.000000.png,2025-05-05T06:00:47,2025-05-05T12:00:47,30.0,35.0,2025-05-05T09:00:47,32.5,10.6593790614908,79.0131989106931,NOISE,2025-05-05T09:00:47,32.5,10.6593790614908,79.0131989106931,NOISE,2025-05-05T09:00:47,32.5,10.6593790614908,79.0131989106931,NOISE,2025-05-05T09:00:47,32.5,10.6593790614908,79.0131989106931,NOISE
2026-04-24T09:50:16.124284,Map-Energy__sum__linear-conv00187-20250505_120047-20250505_180047-30.000000-35.000000.png,2025-05-05T12:00:47,2025-05-05T18:00:47,30.0,35.0,2025-05-05T15:00:47,32.5,10.6593790614908,79.0131989106931,NOISE,2025-05-05T15:00:47,32.5,10.6593790614908,79.0131989106931,NOISE,2025-05-05T15:00:47,32.5,10.6593790614908,79.0131989106931,NOISE,2025-05-05T15:00:47,32.5,10.6593790614908,79.0131989106931,NOISE
2026-04-24T09:50:17.052148,Map-Energy__sum__linear-conv00197-20250505_180047-20250506_000047-30.000000-35.000000.png,2025-05-05T18:00:47,2025-05-06T00:00:47,30.0,35.0,2025-05-05T21:00:47,32.5,10.6593790614908,79.0131989106931,NOISE,2025-05-05T21:00:47,32.5,10.6593790614908,79.0131989106931,NOISE,2025-05-05T21:00:47,32.5,10.6593790614908,79.0131989106931,NOISE,2025-05-05T21:00:47,32.5,10.6593790614908,79.0131989106931,NOISE
2026-04-24T09:50:18.004045,Map-Energy__sum__linear-conv00207-20250506_000047-20250506_060047-30.000000-35.000000.png,2025-05-06T00:00:47,2025-05-06T06:00:47,30.0,35.0,2025-05-06T03:00:47,32.5,10.6593790614908,79.0131989106931,NOISE,2025-05-06T03:00:47,32.5,10.6593790614908,79.0131989106931,NOISE,2025-05-06T03:00:47,32.5,10.6593790614908,79.0131989106931,NOISE,2025-05-06T03:00:47,32.5,10.6593790614908,79.0131989106931,NOISE
2026-04-24T09:50:18.956086,Map-Energy__sum__linear-conv00217-20250506_060047-20250506_120047-30.000000-35.000000.png,2025-05-06T06:00:47,2025-05-06T12:00:47,30.0,35.0,2025-05-06T09:00:47,32.5,10.6593790614908,79.0131989106931,NOISE,2025-05-06T09:00:47,32.5,10.6593790614908,79.0131989106931,NOISE,2025-05-06T09:00:47,32.5,10.6593790614908,79.0131989106931,NOISE,2025-05-06T09:00:47,32.5,10.6593790614908,79.0131989106931,NOISE
2026-04-24T09:50:19.884374,Map-Energy__sum__linear-conv00227-20250506_120047-20250506_180047-30.000000-35.000000.png,2025-05-06T12:00:47,2025-05-06T18:00:47,30.0,35.0,2025-05-06T15:00:47,32.5,10.6593790614908,79.0131989106931,NOISE,2025-05-06T15:00:47,32.5,10.6593790614908,79.0131989106931,NOISE,2025-05-06T15:00:47,32.5,10.6593790614908,79.0131989106931,NOISE,2025-05-06T15:00:47,32.5,10.6593790614908,79.0131989106931,NOISE
2026-04-24T09:50:20.788086,Map-Energy__sum__linear-conv00237-20250506_180047-20250507_000047-30.000000-35.000000.png,2025-05-06T18:00:47,2025-05-07T00:00:47,30.0,35.0,2025-05-06T21:00:47,32.5,10.6593790614908,79.0131989106931,NOISE,2025-05-06T21:00:47,32.5,10.6593790614908,79.0131989106931,NOISE,2025-05-06T21:00:47,32.5,10.6593790614908,79.0131989106931,NOISE,2025-05-06T21:00:47,32.5,10.6593790614908,79.0131989106931,NOISE
2026-04-24T09:50:21.756228,Map-Energy__sum__linear-conv00247-20250507_000047-20250507_060047-30.000000-35.000000.png,2025-05-07T00:00:47,2025-05-07T06:00:47,30.0,35.0,2025-05-07T03:00:47,32.5,10.6593790614908,79.0131989106931,NOISE,2025-05-07T03:00:47,32.5,10.6593790614908,79.0131989106931,NOISE,2025-05-07T03:00:47,32.5,10.6593790614908,79.0131989106931,NOISE,2025-05-07T03:00:47,32.5,10.6593790614908,79.0131989106931,NOISE
2026-04-24T09:50:22.748254,Map-Energy__sum__linear-conv00257-20250507_060047-20250507_120047-30.000000-35.000000.png,2025-05-07T06:00:47,2025-05-07T12:00:47,30.0,35.0,2025-05-07T09:00:47,32.5,10.6593790614908,79.0131989106931,NOISE,2025-05-07T09:00:47,32.5,10.6593790614908,79.0131989106931,NOISE,2025-05-07T09:00:47,32.5,10.6593790614908,79.0131989106931,NOISE,2025-05-07T09:00:47,32.5,10.6593790614908,79.0131989106931,NOISE
2026-04-24T09:50:23.723885,Map-Energy__sum__linear-conv00267-20250507_120047-20250507_180047-30.000000-35.000000.png,2025-05-07T12:00:47,2025-05-07T18:00:47,30.0,35.0,2025-05-07T15:00:47,32.5,10.6593790614908,79.0131989106931,NOISE,2025-05-07T15:00:47,32.5,10.6593790614908,79.0131989106931,NOISE,2025-05-07T15:00:47,32.5,10.6593790614908,79.0131989106931,NOISE,2025-05-07T15:00:47,32.5,10.6593790614908,79.0131989106931,NOISE
2026-04-24T09:50:24.684216,Map-Energy__sum__linear-conv00277-20250507_180047-20250508_000047-30.000000-35.000000.png,2025-05-07T18:00:47,2025-05-08T00:00:47,30.0,35.0,2025-05-07T21:00:47,32.5,10.6593790614908,79.0131989106931,NOISE,2025-05-07T21:00:47,32.5,10.6593790614908,79.0131989106931,NOISE,2025-05-07T21:00:47,32.5,10.6593790614908,79.0131989106931,NOISE,2025-05-07T21:00:47,32.5,10.6593790614908,79.0131989106931,NOISE
2026-04-24T09:50:25.628304,Map-Energy__sum__linear-conv00287-20250508_000047-20250508_060047-30.000000-35.000000.png,2025-05-08T00:00:47,2025-05-08T06:00:47,30.0,35.0,2025-05-08T03:00:47,32.5,10.6593790614908,79.0131989106931,NOISE,2025-05-08T03:00:47,32.5,10.6593790614908,79.0131989106931,NOISE,2025-05-08T03:00:47,32.5,10.6593790614908,79.0131989106931,NOISE,2025-05-08T03:00:47,32.5,10.6593790614908,79.0131989106931,NOISE
2026-04-24T09:50:27.340356,Map-Energy__sum__linear-conv00297-20250508_060047-20250508_120047-30.000000-35.000000.png,2025-05-08T06:00:47,2025-05-08T12:00:47,30.0,35.0,2025-05-08T09:00:47,32.5,10.6593790614908,79.0131989106931,NOISE,2025-05-08T09:00:47,32.5,10.6593790614908,79.0131989106931,NOISE,2025-05-08T09:00:47,32.5,10.6593790614908,79.0131989106931,NOISE,2025-05-08T09:00:47,32.5,10.6593790614908,79.0131989106931,NOISE
2026-04-24T09:50:28.421486,Map-Energy__sum__linear-conv00307-20250508_120047-20250508_180047-30.000000-35.000000.png,2025-05-08T12:00:47,2025-05-08T18:00:47,30.0,35.0,2025-05-08T15:00:47,32.5,10.6593790614908,79.0131989106931,NOISE,2025-05-08T15:00:47,32.5,10.6593790614908,79.0131989106931,NOISE,2025-05-08T15:00:47,32.5,10.6593790614908,79.0131989106931,NOISE,2025-05-08T15:00:47,32.5,10.6593790614908,79.0131989106931,NOISE
2026-04-24T09:50:29.387984,Map-Energy__sum__linear-conv00317-20250508_180047-20250509_000047-30.000000-35.000000.png,2025-05-08T18:00:47,2025-05-09T00:00:47,30.0,35.0,2025-05-08T21:00:47,32.5,10.6593790614908,79.0131989106931,NOISE,2025-05-08T21:00:47,32.5,10.6593790614908,79.0131989106931,NOISE,2025-05-08T21:00:47,32.5,10.6593790614908,79.0131989106931,NOISE,2025-05-08T21:00:47,32.5,10.6593790614908,79.0131989106931,NOISE
2026-04-24T09:50:30.332366,Map-Energy__sum__linear-conv00327-20250509_000047-20250509_060047-30.000000-35.000000.png,2025-05-09T00:00:47,2025-05-09T06:00:47,30.0,35.0,2025-05-09T03:00:47,32.5,10.6593790614908,79.0131989106931,NOISE,2025-05-09T03:00:47,32.5,10.6593790614908,79.0131989106931,NOISE,2025-05-09T03:00:47,32.5,10.6593790614908,79.0131989106931,NOISE,2025-05-09T03:00:47,32.5,10.6593790614908,79.0131989106931,NOISE
2026-04-24T09:50:31.132220,Map-Energy__sum__linear-conv00337-20250509_060047-20250509_120047-30.000000-35.000000.png,2025-05-09T06:00:47,2025-05-09T12:00:47,30.0,35.0,2025-05-09T09:00:47,32.5,10.6593790614908,79.0131989106931,NOISE,2025-05-09T09:00:47,32.5,10.6593790614908,79.0131989106931,NOISE,2025-05-09T09:00:47,32.5,10.6593790614908,79.0131989106931,NOISE,2025-05-09T09:00:47,32.5,10.6593790614908,79.0131989106931,NOISE
2026-04-24T09:50:31.601328,Map-Energy__sum__linear-conv00347-20250509_120047-20250509_180047-30.000000-35.000000.png,2025-05-09T12:00:47,2025-05-09T18:00:47,30.0,35.0,2025-05-09T15:00:47,32.5,10.6593790614908,79.0131989106931,NOISE,2025-05-09T15:00:47,32.5,10.6593790614908,79.0131989106931,NOISE,2025-05-09T15:00:47,32.5,10.6593790614908,79.0131989106931,NOISE,2025-05-09T15:00:47,32.5,10.6593790614908,79.0131989106931,NOISE
2026-04-24T09:50:32.071507,Map-Energy__sum__linear-conv00357-20250509_180047-20250510_000047-30.000000-35.000000.png,2025-05-09T18:00:47,2025-05-10T00:00:47,30.0,35.0,2025-05-09T21:00:47,32.5,10.6593790614908,79.0131989106931,NOISE,2025-05-09T21:00:47,32.5,10.6593790614908,79.0131989106931,NOISE,2025-05-09T21:00:47,32.5,10.6593790614908,79.0131989106931,NOISE,2025-05-09T21:00:47,32.5,10.6593790614908,79.0131989106931,NOISE
2026-04-24T09:50:32.972184,Map-Energy__sum__linear-conv00367-20250510_000047-20250510_060047-30.000000-35.000000.png,2025-05-10T00:00:47,2025-05-10T06:00:47,30.0,35.0,2025-05-10T03:00:47,32.5,10.6593790614908,79.0131989106931,NOISE,2025-05-10T03:00:47,32.5,10.6593790614908,79.0131989106931,NOISE,2025-05-10T03:00:47,32.5,10.6593790614908,79.0131989106931,NOISE,2025-05-10T03:00:47,32.5,10.6593790614908,79.0131989106931,NOISE
2026-04-24T09:50:34.444200,Map-Energy__sum__linear-conv00377-20250510_060047-20250510_120047-30.000000-35.000000.png,2025-05-10T06:00:47,2025-05-10T12:00:47,30.0,35.0,2025-05-10T09:00:47,32.5,10.6593790614908,79.0131989106931,NOISE,2025-05-10T09:00:47,32.5,10.6593790614908,79.0131989106931,NOISE,2025-05-10T09:00:47,32.5,10.6593790614908,79.0131989106931,NOISE,2025-05-10T09:00:47,32.5,10.6593790614908,79.0131989106931,NOISE
2026-04-24T09:50:35.444229,Map-Energy__sum__linear-conv00387-20250510_120047-20250510_180047-30.000000-35.000000.png,2025-05-10T12:00:47,2025-05-10T18:00:47,30.0,35.0,2025-05-10T15:00:47,32.5,10.6593790614908,79.0131989106931,NOISE,2025-05-10T15:00:47,32.5,10.6593790614908,79.0131989106931,NOISE,2025-05-10T15:00:47,32.5,10.6593790614908,79.0131989106931,NOISE,2025-05-10T15:00:47,32.5,10.6593790614908,79.0131989106931,NOISE
2026-04-24T09:50:36.780202,Map-Energy__sum__linear-conv00397-20250510_180047-20250511_000047-30.000000-35.000000.png,2025-05-10T18:00:47,2025-05-11T00:00:47,30.0,35.0,2025-05-10T21:00:47,32.5,10.6593790614908,79.0131989106931,NOISE,2025-05-10T21:00:47,32.5,10.6593790614908,79.0131989106931,NOISE,2025-05-10T21:00:47,32.5,10.6593790614908,79.0131989106931,NOISE,2025-05-10T21:00:47,32.5,10.6593790614908,79.0131989106931,NOISE
2026-04-24T09:50:38.364311,Map-Energy__sum__linear-conv00407-20250511_000047-20250511_060047-30.000000-35.000000.png,2025-05-11T00:00:47,2025-05-11T06:00:47,30.0,35.0,2025-05-11T03:00:47,32.5,10.6593790614908,79.0131989106931,NOISE,2025-05-11T03:00:47,32.5,10.6593790614908,79.0131989106931,NOISE,2025-05-11T03:00:47,32.5,10.6593790614908,79.0131989106931,NOISE,2025-05-11T03:00:47,32.5,10.6593790614908,79.0131989106931,NOISE
2026-04-24T09:50:39.324340,Map-Energy__sum__linear-conv00417-20250511_060047-20250511_120047-30.000000-35.000000.png,2025-05-11T06:00:47,2025-05-11T12:00:47,30.0,35.0,2025-05-11T09:00:47,32.5,10.6593790614908,79.0131989106931,NOISE,2025-05-11T09:00:47,32.5,10.6593790614908,79.0131989106931,NOISE,2025-05-11T09:00:47,32.5,10.6593790614908,79.0131989106931,NOISE,2025-05-11T09:00:47,32.5,10.6593790614908,79.0131989106931,NOISE
2026-04-24T09:50:40.155988,Map-Energy__sum__linear-conv00427-20250511_120047-20250511_180047-30.000000-35.000000.png,2025-05-11T12:00:47,2025-05-11T18:00:47,30.0,35.0,2025-05-11T15:00:47,32.5,10.6593790614908,79.0131989106931,NOISE,2025-05-11T15:00:47,32.5,10.6593790614908,79.0131989106931,NOISE,2025-05-11T15:00:47,32.5,10.6593790614908,79.0131989106931,NOISE,2025-05-11T15:00:47,32.5,10.6593790614908,79.0131989106931,NOISE
2026-04-24T09:50:41.012244,Map-Energy__sum__linear-conv00437-20250511_180047-20250512_000047-30.000000-35.000000.png,2025-05-11T18:00:47,2025-05-12T00:00:47,30.0,35.0,2025-05-11T21:00:47,32.5,10.6593790614908,79.0131989106931,NOISE,2025-05-11T21:00:47,32.5,10.6593790614908,79.0131989106931,NOISE,2025-05-11T21:00:47,32.5,10.6593790614908,79.0131989106931,NOISE,2025-05-11T21:00:47,32.5,10.6593790614908,79.0131989106931,NOISE
2026-04-24T09:50:41.836319,Map-Energy__sum__linear-conv00447-20250512_000047-20250512_060047-30.000000-35.000000.png,2025-05-12T00:00:47,2025-05-12T06:00:47,30.0,35.0,2025-05-12T03:00:47,32.5,10.6593790614908,79.0131989106931,NOISE,2025-05-12T03:00:47,32.5,10.6593790614908,79.0131989106931,NOISE,2025-05-12T03:00:47,32.5,10.6593790614908,79.0131989106931,NOISE,2025-05-12T03:00:47,32.5,10.6593790614908,79.0131989106931,NOISE
2026-04-24T09:50:42.644263,Map-Energy__sum__linear-conv00457-20250512_060047-20250512_120047-30.000000-35.000000.png,2025-05-12T06:00:47,2025-05-12T12:00:47,30.0,35.0,2025-05-12T09:00:47,32.5,10.6593790614908,79.0131989106931,NOISE,2025-05-12T09:00:47,32.5,10.6593790614908,79.0131989106931,NOISE,2025-05-12T09:00:47,32.5,10.6593790614908,79.0131989106931,NOISE,2025-05-12T09:00:47,32.5,10.6593790614908,79.0131989106931,NOISE
2026-04-24T09:50:43.420176,Map-Energy__sum__linear-conv00467-20250512_120047-20250512_180047-30.000000-35.000000.png,2025-05-12T12:00:47,2025-05-12T18:00:47,30.0,35.0,2025-05-12T15:00:47,32.5,10.6593790614908,79.0131989106931,NOISE,2025-05-12T15:00:47,32.5,10.6593790614908,79.0131989106931,NOISE,2025-05-12T15:00:47,32.5,10.6593790614908,79.0131989106931,NOISE,2025-05-12T15:00:47,32.5,10.6593790614908,79.0131989106931,NOISE
2026-04-24T09:50:44.220220,Map-Energy__sum__linear-conv00477-20250512_180047-20250513_000047-30.000000-35.000000.png,2025-05-12T18:00:47,2025-05-13T00:00:47,30.0,35.0,2025-05-12T21:00:47,32.5,10.6593790614908,79.0131989106931,NOISE,2025-05-12T21:00:47,32.5,10.6593790614908,79.0131989106931,NOISE,2025-05-12T21:00:47,32.5,10.6593790614908,79.0131989106931,NOISE,2025-05-12T21:00:47,32.5,10.6593790614908,79.0131989106931,NOISE
2026-04-24T09:50:45.012259,Map-Energy__sum__linear-conv00487-20250513_000047-20250513_060047-30.000000-35.000000.png,2025-05-13T00:00:47,2025-05-13T06:00:47,30.0,35.0,2025-05-13T03:00:47,32.5,10.6593790614908,79.0131989106931,NOISE,2025-05-13T03:00:47,32.5,10.6593790614908,79.0131989106931,NOISE,2025-05-13T03:00:47,32.5,10.6593790614908,79.0131989106931,NOISE,2025-05-13T03:00:47,32.5,10.6593790614908,79.0131989106931,NOISE
2026-04-24T09:50:45.756118,Map-Energy__sum__linear-conv00497-20250513_060047-20250513_120047-30.000000-35.000000.png,2025-05-13T06:00:47,2025-05-13T12:00:47,30.0,35.0,2025-05-13T09:00:47,32.5,10.6593790614908,79.0131989106931,NOISE,2025-05-13T09:00:47,32.5,10.6593790614908,79.0131989106931,NOISE,2025-05-13T09:00:47,32.5,10.6593790614908,79.0131989106931,NOISE,2025-05-13T09:00:47,32.5,10.6593790614908,79.0131989106931,NOISE
2026-04-24T09:50:46.500262,Map-Energy__sum__linear-conv00507-20250513_120047-20250513_180047-30.000000-35.000000.png,2025-05-13T12:00:47,2025-05-13T18:00:47,30.0,35.0,2025-05-13T15:00:47,32.5,10.6593790614908,79.0131989106931,NOISE,2025-05-13T15:00:47,32.5,10.6593790614908,79.0131989106931,NOISE,2025-05-13T15:00:47,32.5,10.6593790614908,79.0131989106931,NOISE,2025-05-13T15:00:47,32.5,10.6593790614908,79.0131989106931,NOISE
2026-04-24T09:50:47.220842,Map-Energy__sum__linear-conv00517-20250513_180047-20250514_000047-30.000000-35.000000.png,2025-05-13T18:00:47,2025-05-14T00:00:47,30.0,35.0,2025-05-13T21:00:47,32.5,10.6593790614908,79.0131989106931,NOISE,2025-05-13T21:00:47,32.5,10.6593790614908,79.0131989106931,NOISE,2025-05-13T21:00:47,32.5,10.6593790614908,79.0131989106931,NOISE,2025-05-13T21:00:47,32.5,10.6593790614908,79.0131989106931,NOISE
2026-04-24T09:50:48.124399,Map-Energy__sum__linear-conv00527-20250514_000047-20250514_060047-30.000000-35.000000.png,2025-05-14T00:00:47,2025-05-14T06:00:47,30.0,35.0,2025-05-14T03:00:47,32.5,10.6593790614908,79.0131989106931,NOISE,2025-05-14T03:00:47,32.5,10.6593790614908,79.0131989106931,NOISE,2025-05-14T03:00:47,32.5,10.6593790614908,79.0131989106931,NOISE,2025-05-14T03:00:47,32.5,10.6593790614908,79.0131989106931,NOISE
2026-04-24T09:50:49.044100,Map-Energy__sum__linear-conv00537-20250514_060047-20250514_120047-30.000000-35.000000.png,2025-05-14T06:00:47,2025-05-14T12:00:47,30.0,35.0,2025-05-14T09:00:47,32.5,10.6593790614908,79.0131989106931,NOISE,2025-05-14T09:00:47,32.5,10.6593790614908,79.0131989106931,NOISE,2025-05-14T09:00:47,32.5,10.6593790614908,79.0131989106931,NOISE,2025-05-14T09:00:47,32.5,10.6593790614908,79.0131989106931,NOISE
2026-04-24T09:50:49.780210,Map-Energy__sum__linear-conv00547-20250514_120047-20250514_180047-30.000000-35.000000.png,2025-05-14T12:00:47,2025-05-14T18:00:47,30.0,35.0,2025-05-14T15:00:47,32.5,10.6593790614908,79.0131989106931,NOISE,2025-05-14T15:00:47,32.5,10.6593790614908,79.0131989106931,NOISE,2025-05-14T15:00:47,32.5,10.6593790614908,79.0131989106931,NOISE,2025-05-14T15:00:47,32.5,10.6593790614908,79.0131989106931,NOISE
2026-04-24T09:50:50.572148,Map-Energy__sum__linear-conv00557-20250514_180047-20250515_000047-30.000000-35.000000.png,2025-05-14T18:00:47,2025-05-15T00:00:47,30.0,35.0,2025-05-14T21:00:47,32.5,10.6593790614908,79.0131989106931,NOISE,2025-05-14T21:00:47,32.5,10.6593790614908,79.0131989106931,NOISE,2025-05-14T21:00:47,32.5,10.6593790614908,79.0131989106931,NOISE,2025-05-14T21:00:47,32.5,10.6593790614908,79.0131989106931,NOISE
2026-04-24T09:50:51.372175,Map-Energy__sum__linear-conv00567-20250515_000047-20250515_060047-30.000000-35.000000.png,2025-05-15T00:00:47,2025-05-15T06:00:47,30.0,35.0,2025-05-15T03:00:47,32.5,10.6593790614908,79.0131989106931,NOISE,2025-05-15T03:00:47,32.5,10.6593790614908,79.0131989106931,NOISE,2025-05-15T03:00:47,32.5,10.6593790614908,79.0131989106931,NOISE,2025-05-15T03:00:47,32.5,10.6593790614908,79.0131989106931,NOISE
2026-04-24T09:50:52.052225,Map-Energy__sum__linear-conv00577-20250515_060047-20250515_120047-30.000000-35.000000.png,2025-05-15T06:00:47,2025-05-15T12:00:47,30.0,35.0,2025-05-15T09:00:47,32.5,10.6593790614908,79.0131989106931,NOISE,2025-05-15T09:00:47,32.5,10.6593790614908,79.0131989106931,NOISE,2025-05-15T09:00:47,32.5,10.6593790614908,79.0131989106931,NOISE,2025-05-15T09:00:47,32.5,10.6593790614908,79.0131989106931,NOISE
2026-04-24T09:50:52.972246,Map-Energy__sum__linear-conv00587-20250515_120047-20250515_180047-30.000000-35.000000.png,2025-05-15T12:00:47,2025-05-15T18:00:47,30.0,35.0,2025-05-15T15:00:47,32.5,10.6593790614908,79.0131989106931,NOISE,2025-05-15T15:00:47,32.5,10.6593790614908,79.0131989106931,NOISE,2025-05-15T15:00:47,32.5,10.6593790614908,79.0131989106931,NOISE,2025-05-15T15:00:47,32.5,10.6593790614908,79.0131989106931,NOISE
2026-04-24T09:50:53.804255,Map-Energy__sum__linear-conv00597-20250515_180047-20250516_000047-30.000000-35.000000.png,2025-05-15T18:00:47,2025-05-16T00:00:47,30.0,35.0,2025-05-15T21:00:47,32.5,10.6593790614908,79.0131989106931,NOISE,2025-05-15T21:00:47,32.5,10.6593790614908,79.0131989106931,NOISE,2025-05-15T21:00:47,32.5,10.6593790614908,79.0131989106931,NOISE,2025-05-15T21:00:47,32.5,10.6593790614908,79.0131989106931,NOISE
2026-04-24T09:50:54.588242,Map-Energy__sum__linear-conv00607-20250516_000047-20250516_060047-30.000000-35.000000.png,2025-05-16T00:00:47,2025-05-16T06:00:47,30.0,35.0,2025-05-16T03:00:47,32.5,10.6593790614908,79.0131989106931,NOISE,2025-05-16T03:00:47,32.5,10.6593790614908,79.0131989106931,NOISE,2025-05-16T03:00:47,32.5,10.6593790614908,79.0131989106931,NOISE,2025-05-16T03:00:47,32.5,10.6593790614908,79.0131989106931,NOISE
2026-04-24T09:50:55.524917,Map-Energy__sum__linear-conv00617-20250516_060047-20250516_120047-30.000000-35.000000.png,2025-05-16T06:00:47,2025-05-16T12:00:47,30.0,35.0,2025-05-16T09:00:47,32.5,10.6593790614908,79.0131989106931,NOISE,2025-05-16T09:00:47,32.5,10.6593790614908,79.0131989106931,NOISE,2025-05-16T09:00:47,32.5,10.6593790614908,79.0131989106931,NOISE,2025-05-16T09:00:47,32.5,10.6593790614908,79.0131989106931,NOISE
2026-04-24T09:50:56.372327,Map-Energy__sum__linear-conv00627-20250516_120047-20250516_180047-30.000000-35.000000.png,2025-05-16T12:00:47,2025-05-16T18:00:47,30.0,35.0,2025-05-16T15:00:47,32.5,10.6593790614908,79.0131989106931,NOISE,2025-05-16T15:00:47,32.5,10.6593790614908,79.0131989106931,NOISE,2025-05-16T15:00:47,32.5,10.6593790614908,79.0131989106931,NOISE,2025-05-16T15:00:47,32.5,10.6593790614908,79.0131989106931,NOISE
2026-04-24T09:50:57.172593,Map-Energy__sum__linear-conv00637-20250516_180047-20250517_000047-30.000000-35.000000.png,2025-05-16T18:00:47,2025-05-17T00:00:47,30.0,35.0,2025-05-16T21:00:47,32.5,10.6593790614908,79.0131989106931,NOISE,2025-05-16T21:00:47,32.5,10.6593790614908,79.0131989106931,NOISE,2025-05-16T21:00:47,32.5,10.6593790614908,79.0131989106931,NOISE,2025-05-16T21:00:47,32.5,10.6593790614908,79.0131989106931,NOISE
2026-04-24T09:50:58.012378,Map-Energy__sum__linear-conv00647-20250517_000047-20250517_060047-30.000000-35.000000.png,2025-05-17T00:00:47,2025-05-17T06:00:47,30.0,35.0,2025-05-17T03:00:47,32.5,10.6593790614908,79.0131989106931,NOISE,2025-05-17T03:00:47,32.5,10.6593790614908,79.0131989106931,NOISE,2025-05-17T03:00:47,32.5,10.6593790614908,79.0131989106931,NOISE,2025-05-17T03:00:47,32.5,10.6593790614908,79.0131989106931,NOISE
2026-04-24T09:50:59.236189,Map-Energy__sum__linear-conv00657-20250517_060047-20250517_120047-30.000000-35.000000.png,2025-05-17T06:00:47,2025-05-17T12:00:47,30.0,35.0,2025-05-17T09:00:47,32.5,10.6593790614908,79.0131989106931,NOISE,2025-05-17T09:00:47,32.5,10.6593790614908,79.0131989106931,NOISE,2025-05-17T09:00:47,32.5,10.6593790614908,79.0131989106931,NOISE,2025-05-17T09:00:47,32.5,10.6593790614908,79.0131989106931,NOISE
2026-04-24T09:51:00.068382,Map-Energy__sum__linear-conv00667-20250517_120047-20250517_180047-30.000000-35.000000.png,2025-05-17T12:00:47,2025-05-17T18:00:47,30.0,35.0,2025-05-17T15:00:47,32.5,10.6593790614908,79.0131989106931,NOISE,2025-05-17T15:00:47,32.5,10.6593790614908,79.0131989106931,NOISE,2025-05-17T15:00:47,32.5,10.6593790614908,79.0131989106931,NOISE,2025-05-17T15:00:47,32.5,10.6593790614908,79.0131989106931,NOISE
2026-04-24T09:51:00.988253,Map-Energy__sum__linear-conv00677-20250517_180047-20250518_000047-30.000000-35.000000.png,2025-05-17T18:00:47,2025-05-18T00:00:47,30.0,35.0,2025-05-17T21:00:47,32.5,10.6593790614908,79.0131989106931,NOISE,2025-05-17T21:00:47,32.5,10.6593790614908,79.0131989106931,NOISE,2025-05-17T21:00:47,32.5,10.6593790614908,79.0131989106931,NOISE,2025-05-17T21:00:47,32.5,10.6593790614908,79.0131989106931,NOISE
2026-04-24T09:51:01.884351,Map-Energy__sum__linear-conv00687-20250518_000047-20250518_060047-30.000000-35.000000.png,2025-05-18T00:00:47,2025-05-18T06:00:47,30.0,35.0,2025-05-18T03:00:47,32.5,10.6593790614908,79.0131989106931,NOISE,2025-05-18T03:00:47,32.5,10.6593790614908,79.0131989106931,NOISE,2025-05-18T03:00:47,32.5,10.6593790614908,79.0131989106931,NOISE,2025-05-18T03:00:47,32.5,10.6593790614908,79.0131989106931,NOISE
2026-04-24T09:51:02.852269,Map-Energy__sum__linear-conv00697-20250518_060047-20250518_120047-30.000000-35.000000.png,2025-05-18T06:00:47,2025-05-18T12:00:47,30.0,35.0,2025-05-18T09:00:47,32.5,10.6593790614908,79.0131989106931,NOISE,2025-05-18T09:00:47,32.5,10.6593790614908,79.0131989106931,NOISE,2025-05-18T09:00:47,32.5,10.6593790614908,79.0131989106931,NOISE,2025-05-18T09:00:47,32.5,10.6593790614908,79.0131989106931,NOISE
2026-04-24T09:51:03.772324,Map-Energy__sum__linear-conv00707-20250518_120047-20250518_180047-30.000000-35.000000.png,2025-05-18T12:00:47,2025-05-18T18:00:47,30.0,35.0,2025-05-18T15:00:47,32.5,10.6593790614908,79.0131989106931,NOISE,2025-05-18T15:00:47,32.5,10.6593790614908,79.0131989106931,NOISE,2025-05-18T15:00:47,32.5,10.6593790614908,79.0131989106931,NOISE,2025-05-18T15:00:47,32.5,10.6593790614908,79.0131989106931,NOISE
2026-04-24T09:51:04.644203,Map-Energy__sum__linear-conv00717-20250518_180047-20250519_000047-30.000000-35.000000.png,2025-05-18T18:00:47,2025-05-19T00:00:47,30.0,35.0,2025-05-18T21:00:47,32.5,10.6593790614908,79.0131989106931,NOISE,2025-05-18T21:00:47,32.5,10.6593790614908,79.0131989106931,NOISE,2025-05-18T21:00:47,32.5,10.6593790614908,79.0131989106931,NOISE,2025-05-18T21:00:47,32.5,10.6593790614908,79.0131989106931,NOISE
2026-04-24T09:51:05.444337,Map-Energy__sum__linear-conv00727-20250519_000047-20250519_060047-30.000000-35.000000.png,2025-05-19T00:00:47,2025-05-19T06:00:47,30.0,35.0,2025-05-19T03:00:47,32.5,10.6593790614908,79.0131989106931,NOISE,2025-05-19T03:00:47,32.5,10.6593790614908,79.0131989106931,NOISE,2025-05-19T03:00:47,32.5,10.6593790614908,79.0131989106931,NOISE,2025-05-19T03:00:47,32.5,10.6593790614908,79.0131989106931,NOISE
2026-04-24T09:51:06.324362,Map-Energy__sum__linear-conv00737-20250519_060047-20250519_120047-30.000000-35.000000.png,2025-05-19T06:00:47,2025-05-19T12:00:47,30.0,35.0,2025-05-19T09:00:47,32.5,10.6593790614908,79.0131989106931,NOISE,2025-05-19T09:00:47,32.5,10.6593790614908,79.0131989106931,NOISE,2025-05-19T09:00:47,32.5,10.6593790614908,79.0131989106931,NOISE,2025-05-19T09:00:47,32.5,10.6593790614908,79.0131989106931,NOISE
2026-04-24T09:51:07.276225,Map-Energy__sum__linear-conv00747-20250519_120047-20250519_180047-30.000000-35.000000.png,2025-05-19T12:00:47,2025-05-19T18:00:47,30.0,35.0,2025-05-19T15:00:47,32.5,10.6593790614908,79.0131989106931,NOISE,2025-05-19T15:00:47,32.5,10.6593790614908,79.0131989106931,NOISE,2025-05-19T15:00:47,32.5,10.6593790614908,79.0131989106931,NOISE,2025-05-19T15:00:47,32.5,10.6593790614908,79.0131989106931,NOISE
2026-04-24T09:51:08.060268,Map-Energy__sum__linear-conv00757-20250519_180047-20250520_000047-30.000000-35.000000.png,2025-05-19T18:00:47,2025-05-20T00:00:47,30.0,35.0,2025-05-19T21:00:47,32.5,10.6593790614908,79.0131989106931,NOISE,2025-05-19T21:00:47,32.5,10.6593790614908,79.0131989106931,NOISE,2025-05-19T21:00:47,32.5,10.6593790614908,79.0131989106931,NOISE,2025-05-19T21:00:47,32.5,10.6593790614908,79.0131989106931,NOISE
2026-04-24T09:51:08.884291,Map-Energy__sum__linear-conv00767-20250520_000047-20250520_060047-30.000000-35.000000.png,2025-05-20T00:00:47,2025-05-20T06:00:47,30.0,35.0,2025-05-20T03:00:47,32.5,10.6593790614908,79.0131989106931,NOISE,2025-05-20T03:00:47,32.5,10.6593790614908,79.0131989106931,NOISE,2025-05-20T03:00:47,32.5,10.6593790614908,79.0131989106931,NOISE,2025-05-20T03:00:47,32.5,10.6593790614908,79.0131989106931,NOISE
2026-04-24T09:51:09.668221,Map-Energy__sum__linear-conv00777-20250520_060047-20250520_120047-30.000000-35.000000.png,2025-05-20T06:00:47,2025-05-20T12:00:47,30.0,35.0,2025-05-20T09:00:47,32.5,10.6593790614908,79.0131989106931,NOISE,2025-05-20T09:00:47,32.5,10.6593790614908,79.0131989106931,NOISE,2025-05-20T09:00:47,32.5,10.6593790614908,79.0131989106931,NOISE,2025-05-20T09:00:47,32.5,10.6593790614908,79.0131989106931,NOISE
2026-04-24T09:51:11.732233,Map-Energy__sum__linear-conv00787-20250520_120047-20250520_180047-30.000000-35.000000.png,2025-05-20T12:00:47,2025-05-20T18:00:47,30.0,35.0,2025-05-20T15:00:47,32.5,10.6593790614908,79.0131989106931,NOISE,2025-05-20T15:00:47,32.5,10.6593790614908,79.0131989106931,NOISE,2025-05-20T15:00:47,32.5,10.6593790614908,79.0131989106931,NOISE,2025-05-20T15:00:47,32.5,10.6593790614908,79.0131989106931,NOISE
2026-04-24T09:51:13.028331,Map-Energy__sum__linear-conv00797-20250520_180047-20250521_000047-30.000000-35.000000.png,2025-05-20T18:00:47,2025-05-21T00:00:47,30.0,35.0,2025-05-20T21:00:47,32.5,10.6593790614908,79.0131989106931,NOISE,2025-05-20T21:00:47,32.5,10.6593790614908,79.0131989106931,NOISE,2025-05-20T21:00:47,32.5,10.6593790614908,79.0131989106931,NOISE,2025-05-20T21:00:47,32.5,10.6593790614908,79.0131989106931,NOISE
2026-04-24T09:51:14.188160,Map-Energy__sum__linear-conv00807-20250521_000047-20250521_060047-30.000000-35.000000.png,2025-05-21T00:00:47,2025-05-21T06:00:47,30.0,35.0,2025-05-21T03:00:47,32.5,10.6593790614908,79.0131989106931,NOISE,2025-05-21T03:00:47,32.5,10.6593790614908,79.0131989106931,NOISE,2025-05-21T03:00:47,32.5,10.6593790614908,79.0131989106931,NOISE,2025-05-21T03:00:47,32.5,10.6593790614908,79.0131989106931,NOISE
2026-04-24T09:51:15.124183,Map-Energy__sum__linear-conv00817-20250521_060047-20250521_120047-30.000000-35.000000.png,2025-05-21T06:00:47,2025-05-21T12:00:47,30.0,35.0,2025-05-21T09:00:47,32.5,10.6593790614908,79.0131989106931,NOISE,2025-05-21T09:00:47,32.5,10.6593790614908,79.0131989106931,NOISE,2025-05-21T09:00:47,32.5,10.6593790614908,79.0131989106931,NOISE,2025-05-21T09:00:47,32.5,10.6593790614908,79.0131989106931,NOISE
2026-04-24T09:51:16.020309,Map-Energy__sum__linear-conv00827-20250521_120047-20250521_180047-30.000000-35.000000.png,2025-05-21T12:00:47,2025-05-21T18:00:47,30.0,35.0,2025-05-21T15:00:47,32.5,10.6593790614908,79.0131989106931,NOISE,2025-05-21T15:00:47,32.5,10.6593790614908,79.0131989106931,NOISE,2025-05-21T15:00:47,32.5,10.6593790614908,79.0131989106931,NOISE,2025-05-21T15:00:47,32.5,10.6593790614908,79.0131989106931,NOISE
2026-04-24T09:51:16.956250,Map-Energy__sum__linear-conv00837-20250521_180047-20250522_000047-30.000000-35.000000.png,2025-05-21T18:00:47,2025-05-22T00:00:47,30.0,35.0,2025-05-21T21:00:47,32.5,10.6593790614908,79.0131989106931,NOISE,2025-05-21T21:00:47,32.5,10.6593790614908,79.0131989106931,NOISE,2025-05-21T21:00:47,32.5,10.6593790614908,79.0131989106931,NOISE,2025-05-21T21:00:47,32.5,10.6593790614908,79.0131989106931,NOISE
2026-04-24T09:51:17.716235,Map-Energy__sum__linear-conv00847-20250522_000047-20250522_060047-30.000000-35.000000.png,2025-05-22T00:00:47,2025-05-22T06:00:47,30.0,35.0,2025-05-22T03:00:47,32.5,10.6593790614908,79.0131989106931,NOISE,2025-05-22T03:00:47,32.5,10.6593790614908,79.0131989106931,NOISE,2025-05-22T03:00:47,32.5,10.6593790614908,79.0131989106931,NOISE,2025-05-22T03:00:47,32.5,10.6593790614908,79.0131989106931,NOISE
2026-04-24T09:51:18.484324,Map-Energy__sum__linear-conv00857-20250522_060047-20250522_120047-30.000000-35.000000.png,2025-05-22T06:00:47,2025-05-22T12:00:47,30.0,35.0,2025-05-22T09:00:47,32.5,10.6593790614908,79.0131989106931,NOISE,2025-05-22T09:00:47,32.5,10.6593790614908,79.0131989106931,NOISE,2025-05-22T09:00:47,32.5,10.6593790614908,79.0131989106931,NOISE,2025-05-22T09:00:47,32.5,10.6593790614908,79.0131989106931,NOISE
2026-04-24T09:51:19.228280,Map-Energy__sum__linear-conv00867-20250522_120047-20250522_180047-30.000000-35.000000.png,2025-05-22T12:00:47,2025-05-22T18:00:47,30.0,35.0,2025-05-22T15:00:47,32.5,10.6593790614908,79.0131989106931,NOISE,2025-05-22T15:00:47,32.5,10.6593790614908,79.0131989106931,NOISE,2025-05-22T15:00:47,32.5,10.6593790614908,79.0131989106931,NOISE,2025-05-22T15:00:47,32.5,10.6593790614908,79.0131989106931,NOISE
2026-04-24T09:51:20.245816,Map-Energy__sum__linear-conv00877-20250522_180047-20250523_000047-30.000000-35.000000.png,2025-05-22T18:00:47,2025-05-23T00:00:47,30.0,35.0,2025-05-22T21:00:47,32.5,10.6593790614908,79.0131989106931,NOISE,2025-05-22T21:00:47,32.5,10.6593790614908,79.0131989106931,NOISE,2025-05-22T21:00:47,32.5,10.6593790614908,79.0131989106931,NOISE,2025-05-22T21:00:47,32.5,10.6593790614908,79.0131989106931,NOISE
2026-04-24T09:51:21.076269,Map-Energy__sum__linear-conv00887-20250523_000047-20250523_060047-30.000000-35.000000.png,2025-05-23T00:00:47,2025-05-23T06:00:47,30.0,35.0,2025-05-23T03:00:47,32.5,10.6593790614908,79.0131989106931,NOISE,2025-05-23T03:00:47,32.5,10.6593790614908,79.0131989106931,NOISE,2025-05-23T03:00:47,32.5,10.6593790614908,79.0131989106931,NOISE,2025-05-23T03:00:47,32.5,10.6593790614908,79.0131989106931,NOISE
2026-04-24T09:51:21.844284,Map-Energy__sum__linear-conv00897-20250523_060047-20250523_120047-30.000000-35.000000.png,2025-05-23T06:00:47,2025-05-23T12:00:47,30.0,35.0,2025-05-23T09:00:47,32.5,10.6593790614908,79.0131989106931,NOISE,2025-05-23T09:00:47,32.5,10.6593790614908,79.0131989106931,NOISE,2025-05-23T09:00:47,32.5,10.6593790614908,79.0131989106931,NOISE,2025-05-23T09:00:47,32.5,10.6593790614908,79.0131989106931,NOISE
2026-04-24T09:51:22.540240,Map-Energy__sum__linear-conv00907-20250523_120047-20250523_180047-30.000000-35.000000.png,2025-05-23T12:00:47,2025-05-23T18:00:47,30.0,35.0,2025-05-23T15:00:47,32.5,10.6593790614908,79.0131989106931,NOISE,2025-05-23T15:00:47,32.5,10.6593790614908,79.0131989106931,NOISE,2025-05-23T15:00:47,32.5,10.6593790614908,79.0131989106931,NOISE,2025-05-23T15:00:47,32.5,10.6593790614908,79.0131989106931,NOISE
2026-04-24T09:51:23.308504,Map-Energy__sum__linear-conv00917-20250523_180047-20250524_000047-30.000000-35.000000.png,2025-05-23T18:00:47,2025-05-24T00:00:47,30.0,35.0,2025-05-23T21:00:47,32.5,10.6593790614908,79.0131989106931,NOISE,2025-05-23T21:00:47,32.5,10.6593790614908,79.0131989106931,NOISE,2025-05-23T21:00:47,32.5,10.6593790614908,79.0131989106931,NOISE,2025-05-23T21:00:47,32.5,10.6593790614908,79.0131989106931,NOISE
2026-04-24T09:51:24.012406,Map-Energy__sum__linear-conv00927-20250524_000047-20250524_060047-30.000000-35.000000.png,2025-05-24T00:00:47,2025-05-24T06:00:47,30.0,35.0,2025-05-24T03:00:47,32.5,10.6593790614908,79.0131989106931,NOISE,2025-05-24T03:00:47,32.5,10.6593790614908,79.0131989106931,NOISE,2025-05-24T03:00:47,32.5,10.6593790614908,79.0131989106931,NOISE,2025-05-24T03:00:47,32.5,10.6593790614908,79.0131989106931,NOISE
2026-04-24T09:51:24.820159,Map-Energy__sum__linear-conv00937-20250524_060047-20250524_120047-30.000000-35.000000.png,2025-05-24T06:00:47,2025-05-24T12:00:47,30.0,35.0,2025-05-24T09:00:47,32.5,10.6593790614908,79.0131989106931,NOISE,2025-05-24T09:00:47,32.5,10.6593790614908,79.0131989106931,NOISE,2025-05-24T09:00:47,32.5,10.6593790614908,79.0131989106931,NOISE,2025-05-24T09:00:47,32.5,10.6593790614908,79.0131989106931,NOISE
2026-04-24T09:51:25.660298,Map-Energy__sum__linear-conv00947-20250524_120047-20250524_180047-30.000000-35.000000.png,2025-05-24T12:00:47,2025-05-24T18:00:47,30.0,35.0,2025-05-24T15:00:47,32.5,10.6593790614908,79.0131989106931,NOISE,2025-05-24T15:00:47,32.5,10.6593790614908,79.0131989106931,NOISE,2025-05-24T15:00:47,32.5,10.6593790614908,79.0131989106931,NOISE,2025-05-24T15:00:47,32.5,10.6593790614908,79.0131989106931,NOISE
2026-04-24T09:51:26.460325,Map-Energy__sum__linear-conv00957-20250524_180047-20250525_000047-30.000000-35.000000.png,2025-05-24T18:00:47,2025-05-25T00:00:47,30.0,35.0,2025-05-24T21:00:47,32.5,10.6593790614908,79.0131989106931,NOISE,2025-05-24T21:00:47,32.5,10.6593790614908,79.0131989106931,NOISE,2025-05-24T21:00:47,32.5,10.6593790614908,79.0131989106931,NOISE,2025-05-24T21:00:47,32.5,10.6593790614908,79.0131989106931,NOISE
2026-04-24T09:51:27.164236,Map-Energy__sum__linear-conv00967-20250525_000047-20250525_060047-30.000000-35.000000.png,2025-05-25T00:00:47,2025-05-25T06:00:47,30.0,35.0,2025-05-25T03:00:47,32.5,10.6593790614908,79.0131989106931,NOISE,2025-05-25T03:00:47,32.5,10.6593790614908,79.0131989106931,NOISE,2025-05-25T03:00:47,32.5,10.6593790614908,79.0131989106931,NOISE,2025-05-25T03:00:47,32.5,10.6593790614908,79.0131989106931,NOISE
2026-04-24T09:51:27.876257,Map-Energy__sum__linear-conv00977-20250525_060047-20250525_120047-30.000000-35.000000.png,2025-05-25T06:00:47,2025-05-25T12:00:47,30.0,35.0,2025-05-25T09:00:47,32.5,10.6593790614908,79.0131989106931,NOISE,2025-05-25T09:00:47,32.5,10.6593790614908,79.0131989106931,NOISE,2025-05-25T09:00:47,32.5,10.6593790614908,79.0131989106931,NOISE,2025-05-25T09:00:47,32.5,10.6593790614908,79.0131989106931,NOISE
2026-04-24T09:51:28.628181,Map-Energy__sum__linear-conv00987-20250525_120047-20250525_180047-30.000000-35.000000.png,2025-05-25T12:00:47,2025-05-25T18:00:47,30.0,35.0,2025-05-25T15:00:47,32.5,10.6593790614908,79.0131989106931,NOISE,2025-05-25T15:00:47,32.5,10.6593790614908,79.0131989106931,NOISE,2025-05-25T15:00:47,32.5,10.6593790614908,79.0131989106931,NOISE,2025-05-25T15:00:47,32.5,10.6593790614908,79.0131989106931,NOISE
2026-04-24T09:51:29.348263,Map-Energy__sum__linear-conv00997-20250525_180047-20250526_000047-30.000000-35.000000.png,2025-05-25T18:00:47,2025-05-26T00:00:47,30.0,35.0,2025-05-25T21:00:47,32.5,10.6593790614908,79.0131989106931,NOISE,2025-05-25T21:00:47,32.5,10.6593790614908,79.0131989106931,NOISE,2025-05-25T21:00:47,32.5,10.6593790614908,79.0131989106931,NOISE,2025-05-25T21:00:47,32.5,10.6593790614908,79.0131989106931,NOISE
2026-04-24T09:51:30.204582,Map-Energy__sum__linear-conv01007-20250526_000047-20250526_060047-30.000000-35.000000.png,2025-05-26T00:00:47,2025-05-26T06:00:47,30.0,35.0,2025-05-26T03:00:47,32.5,10.6593790614908,79.0131989106931,NOISE,2025-05-26T03:00:47,32.5,10.6593790614908,79.0131989106931,NOISE,2025-05-26T03:00:47,32.5,10.6593790614908,79.0131989106931,NOISE,2025-05-26T03:00:47,32.5,10.6593790614908,79.0131989106931,NOISE
2026-04-24T09:51:30.916367,Map-Energy__sum__linear-conv00008-20250501_000047-20250501_060047-35.000000-40.000000.png,2025-05-01T00:00:47,2025-05-01T06:00:47,35.0,40.0,2025-05-01T03:00:47,37.5,10.437915725008,78.9984509925074,NOISE,2025-05-01T03:00:47,37.5,10.437915725008,78.9984509925074,NOISE,2025-05-01T03:00:47,37.5,10.437915725008,78.9984509925074,NOISE,2025-05-01T03:00:47,37.5,10.437915725008,78.9984509925074,NOISE
2026-04-24T09:51:32.100243,Map-Energy__sum__linear-conv00018-20250501_060047-20250501_120047-35.000000-40.000000.png,2025-05-01T06:00:47,2025-05-01T12:00:47,35.0,40.0,2025-05-01T09:00:47,37.5,10.437915725008,78.9984509925074,NOISE,2025-05-01T09:00:47,37.5,10.437915725008,78.9984509925074,NOISE,2025-05-01T09:00:47,37.5,10.437915725008,78.9984509925074,NOISE,2025-05-01T09:00:47,37.5,10.437915725008,78.9984509925074,NOISE
2026-04-24T09:51:33.036137,Map-Energy__sum__linear-conv00028-20250501_120047-20250501_180047-35.000000-40.000000.png,2025-05-01T12:00:47,2025-05-01T18:00:47,35.0,40.0,2025-05-01T15:00:47,37.5,10.437915725008,78.9984509925074,NOISE,2025-05-01T15:00:47,37.5,10.437915725008,78.9984509925074,NOISE,2025-05-01T15:00:47,37.5,10.437915725008,78.9984509925074,NOISE,2025-05-01T15:00:47,37.5,10.437915725008,78.9984509925074,NOISE
2026-04-24T09:51:33.948595,Map-Energy__sum__linear-conv00038-20250501_180047-20250502_000047-35.000000-40.000000.png,2025-05-01T18:00:47,2025-05-02T00:00:47,35.0,40.0,2025-05-01T21:00:47,37.5,10.437915725008,78.9984509925074,NOISE,2025-05-01T21:00:47,37.5,10.437915725008,78.9984509925074,NOISE,2025-05-01T21:00:47,37.5,10.437915725008,78.9984509925074,NOISE,2025-05-01T21:00:47,37.5,10.437915725008,78.9984509925074,NOISE
2026-04-24T09:51:34.604276,Map-Energy__sum__linear-conv00048-20250502_000047-20250502_060047-35.000000-40.000000.png,2025-05-02T00:00:47,2025-05-02T06:00:47,35.0,40.0,2025-05-02T03:00:47,37.5,10.437915725008,78.9984509925074,NOISE,2025-05-02T03:00:47,37.5,10.437915725008,78.9984509925074,NOISE,2025-05-02T03:00:47,37.5,10.437915725008,78.9984509925074,NOISE,2025-05-02T03:00:47,37.5,10.437915725008,78.9984509925074,NOISE
2026-04-24T09:51:35.428246,Map-Energy__sum__linear-conv00058-20250502_060047-20250502_120047-35.000000-40.000000.png,2025-05-02T06:00:47,2025-05-02T12:00:47,35.0,40.0,2025-05-02T09:00:47,37.5,10.437915725008,78.9984509925074,NOISE,2025-05-02T09:00:47,37.5,10.437915725008,78.9984509925074,NOISE,2025-05-02T09:00:47,37.5,10.437915725008,78.9984509925074,NOISE,2025-05-02T09:00:47,37.5,10.437915725008,78.9984509925074,NOISE
2026-04-24T09:51:36.308260,Map-Energy__sum__linear-conv00068-20250502_120047-20250502_180047-35.000000-40.000000.png,2025-05-02T12:00:47,2025-05-02T18:00:47,35.0,40.0,2025-05-02T15:00:47,37.5,10.437915725008,78.9984509925074,NOISE,2025-05-02T15:00:47,37.5,10.437915725008,78.9984509925074,NOISE,2025-05-02T15:00:47,37.5,10.437915725008,78.9984509925074,NOISE,2025-05-02T15:00:47,37.5,10.437915725008,78.9984509925074,NOISE
2026-04-24T09:51:37.020299,Map-Energy__sum__linear-conv00078-20250502_180047-20250503_000047-35.000000-40.000000.png,2025-05-02T18:00:47,2025-05-03T00:00:47,35.0,40.0,2025-05-02T21:00:47,37.5,10.437915725008,78.9984509925074,NOISE,2025-05-02T21:00:47,37.5,10.437915725008,78.9984509925074,NOISE,2025-05-02T21:00:47,37.5,10.437915725008,78.9984509925074,NOISE,2025-05-02T21:00:47,37.5,10.437915725008,78.9984509925074,NOISE
2026-04-24T09:51:37.772728,Map-Energy__sum__linear-conv00088-20250503_000047-20250503_060047-35.000000-40.000000.png,2025-05-03T00:00:47,2025-05-03T06:00:47,35.0,40.0,2025-05-03T03:00:47,37.5,10.437915725008,78.9984509925074,NOISE,2025-05-03T03:00:47,37.5,10.437915725008,78.9984509925074,NOISE,2025-05-03T03:00:47,37.5,10.437915725008,78.9984509925074,NOISE,2025-05-03T03:00:47,37.5,10.437915725008,78.9984509925074,NOISE
2026-04-24T09:51:39.356318,Map-Energy__sum__linear-conv00098-20250503_060047-20250503_120047-35.000000-40.000000.png,2025-05-03T06:00:47,2025-05-03T12:00:47,35.0,40.0,2025-05-03T09:00:47,37.5,10.437915725008,78.9984509925074,NOISE,2025-05-03T09:00:47,37.5,10.437915725008,78.9984509925074,NOISE,2025-05-03T09:00:47,37.5,10.437915725008,78.9984509925074,NOISE,2025-05-03T09:00:47,37.5,10.437915725008,78.9984509925074,NOISE
2026-04-24T09:51:40.196135,Map-Energy__sum__linear-conv00108-20250503_120047-20250503_180047-35.000000-40.000000.png,2025-05-03T12:00:47,2025-05-03T18:00:47,35.0,40.0,2025-05-03T15:00:47,37.5,10.437915725008,78.9984509925074,NOISE,2025-05-03T15:00:47,37.5,10.437915725008,78.9984509925074,NOISE,2025-05-03T15:00:47,37.5,10.437915725008,78.9984509925074,NOISE,2025-05-03T15:00:47,37.5,10.437915725008,78.9984509925074,NOISE
2026-04-24T09:51:40.916211,Map-Energy__sum__linear-conv00118-20250503_180047-20250504_000047-35.000000-40.000000.png,2025-05-03T18:00:47,2025-05-04T00:00:47,35.0,40.0,2025-05-03T21:00:47,37.5,10.437915725008,78.9984509925074,NOISE,2025-05-03T21:00:47,37.5,10.437915725008,78.9984509925074,NOISE,2025-05-03T21:00:47,37.5,10.437915725008,78.9984509925074,NOISE,2025-05-03T21:00:47,37.5,10.437915725008,78.9984509925074,NOISE
2026-04-24T09:51:41.644151,Map-Energy__sum__linear-conv00128-20250504_000047-20250504_060047-35.000000-40.000000.png,2025-05-04T00:00:47,2025-05-04T06:00:47,35.0,40.0,2025-05-04T03:00:47,37.5,10.437915725008,78.9984509925074,NOISE,2025-05-04T03:00:47,37.5,10.437915725008,78.9984509925074,NOISE,2025-05-04T03:00:47,37.5,10.437915725008,78.9984509925074,NOISE,2025-05-04T03:00:47,37.5,10.437915725008,78.9984509925074,NOISE
2026-04-24T09:51:42.475830,Map-Energy__sum__linear-conv00138-20250504_060047-20250504_120047-35.000000-40.000000.png,2025-05-04T06:00:47,2025-05-04T12:00:47,35.0,40.0,2025-05-04T09:00:47,37.5,10.437915725008,78.9984509925074,NOISE,2025-05-04T09:00:47,37.5,10.437915725008,78.9984509925074,NOISE,2025-05-04T09:00:47,37.5,10.437915725008,78.9984509925074,NOISE,2025-05-04T09:00:47,37.5,10.437915725008,78.9984509925074,NOISE
2026-04-24T09:51:43.316243,Map-Energy__sum__linear-conv00148-20250504_120047-20250504_180047-35.000000-40.000000.png,2025-05-04T12:00:47,2025-05-04T18:00:47,35.0,40.0,2025-05-04T15:00:47,37.5,10.437915725008,78.9984509925074,NOISE,2025-05-04T15:00:47,37.5,10.437915725008,78.9984509925074,NOISE,2025-05-04T15:00:47,37.5,10.437915725008,78.9984509925074,NOISE,2025-05-04T15:00:47,37.5,10.437915725008,78.9984509925074,NOISE
2026-04-24T09:51:44.172543,Map-Energy__sum__linear-conv00158-20250504_180047-20250505_000047-35.000000-40.000000.png,2025-05-04T18:00:47,2025-05-05T00:00:47,35.0,40.0,2025-05-04T21:00:47,37.5,10.437915725008,78.9984509925074,NOISE,2025-05-04T21:00:47,37.5,10.437915725008,78.9984509925074,NOISE,2025-05-04T21:00:47,37.5,10.437915725008,78.9984509925074,NOISE,2025-05-04T21:00:47,37.5,10.437915725008,78.9984509925074,NOISE
2026-04-24T09:51:45.004208,Map-Energy__sum__linear-conv00168-20250505_000047-20250505_060047-35.000000-40.000000.png,2025-05-05T00:00:47,2025-05-05T06:00:47,35.0,40.0,2025-05-05T03:00:47,37.5,10.437915725008,78.9984509925074,NOISE,2025-05-05T03:00:47,37.5,10.437915725008,78.9984509925074,NOISE,2025-05-05T03:00:47,37.5,10.437915725008,78.9984509925074,NOISE,2025-05-05T03:00:47,37.5,10.437915725008,78.9984509925074,NOISE
2026-04-24T09:51:45.731902,Map-Energy__sum__linear-conv00178-20250505_060047-20250505_120047-35.000000-40.000000.png,2025-05-05T06:00:47,2025-05-05T12:00:47,35.0,40.0,2025-05-05T09:00:47,37.5,10.437915725008,78.9984509925074,NOISE,2025-05-05T09:00:47,37.5,10.437915725008,78.9984509925074,NOISE,2025-05-05T09:00:47,37.5,10.437915725008,78.9984509925074,NOISE,2025-05-05T09:00:47,37.5,10.437915725008,78.9984509925074,NOISE
2026-04-24T09:51:46.548325,Map-Energy__sum__linear-conv00188-20250505_120047-20250505_180047-35.000000-40.000000.png,2025-05-05T12:00:47,2025-05-05T18:00:47,35.0,40.0,2025-05-05T15:00:47,37.5,10.437915725008,78.9984509925074,NOISE,2025-05-05T15:00:47,37.5,10.437915725008,78.9984509925074,NOISE,2025-05-05T15:00:47,37.5,10.437915725008,78.9984509925074,NOISE,2025-05-05T15:00:47,37.5,10.437915725008,78.9984509925074,NOISE
2026-04-24T09:51:47.364238,Map-Energy__sum__linear-conv00198-20250505_180047-20250506_000047-35.000000-40.000000.png,2025-05-05T18:00:47,2025-05-06T00:00:47,35.0,40.0,2025-05-05T21:00:47,37.5,10.437915725008,78.9984509925074,NOISE,2025-05-05T21:00:47,37.5,10.437915725008,78.9984509925074,NOISE,2025-05-05T21:00:47,37.5,10.437915725008,78.9984509925074,NOISE,2025-05-05T21:00:47,37.5,10.437915725008,78.9984509925074,NOISE
2026-04-24T09:51:48.124257,Map-Energy__sum__linear-conv00208-20250506_000047-20250506_060047-35.000000-40.000000.png,2025-05-06T00:00:47,2025-05-06T06:00:47,35.0,40.0,2025-05-06T03:00:47,37.5,10.437915725008,78.9984509925074,NOISE,2025-05-06T03:00:47,37.5,10.437915725008,78.9984509925074,NOISE,2025-05-06T03:00:47,37.5,10.437915725008,78.9984509925074,NOISE,2025-05-06T03:00:47,37.5,10.437915725008,78.9984509925074,NOISE
2026-04-24T09:51:57.172375,Map-Energy__sum__linear-conv00218-20250506_060047-20250506_120047-35.000000-40.000000.png,2025-05-06T06:00:47,2025-05-06T12:00:47,35.0,40.0,2025-05-06T07:58:10,39.141998,10.3667027758935,78.992898907278,VESSEL,2025-05-06T09:00:47,37.5,10.437915725008,78.9984509925074,NOISE,2025-05-06T09:00:47,37.5,10.437915725008,78.9984509925074,NOISE,2025-05-06T09:00:47,37.5,10.437915725008,78.9984509925074,NOISE
2026-04-24T09:52:00.588226,Map-Energy__sum__linear-conv00228-20250506_120047-20250506_180047-35.000000-40.000000.png,2025-05-06T12:00:47,2025-05-06T18:00:47,35.0,40.0,2025-05-06T15:00:47,37.5,10.437915725008,78.9984509925074,NOISE,2025-05-06T15:00:47,37.5,10.437915725008,78.9984509925074,NOISE,2025-05-06T15:00:47,37.5,10.437915725008,78.9984509925074,NOISE,2025-05-06T15:00:47,37.5,10.437915725008,78.9984509925074,NOISE
2026-04-24T09:52:01.756240,Map-Energy__sum__linear-conv00238-20250506_180047-20250507_000047-35.000000-40.000000.png,2025-05-06T18:00:47,2025-05-07T00:00:47,35.0,40.0,2025-05-06T21:00:47,37.5,10.437915725008,78.9984509925074,NOISE,2025-05-06T21:00:47,37.5,10.437915725008,78.9984509925074,NOISE,2025-05-06T21:00:47,37.5,10.437915725008,78.9984509925074,NOISE,2025-05-06T21:00:47,37.5,10.437915725008,78.9984509925074,NOISE
2026-04-24T09:52:02.748324,Map-Energy__sum__linear-conv00248-20250507_000047-20250507_060047-35.000000-40.000000.png,2025-05-07T00:00:47,2025-05-07T06:00:47,35.0,40.0,2025-05-07T03:00:47,37.5,10.437915725008,78.9984509925074,NOISE,2025-05-07T03:00:47,37.5,10.437915725008,78.9984509925074,NOISE,2025-05-07T03:00:47,37.5,10.437915725008,78.9984509925074,NOISE,2025-05-07T03:00:47,37.5,10.437915725008,78.9984509925074,NOISE
2026-04-24T09:52:03.964128,Map-Energy__sum__linear-conv00258-20250507_060047-20250507_120047-35.000000-40.000000.png,2025-05-07T06:00:47,2025-05-07T12:00:47,35.0,40.0,2025-05-07T09:00:47,37.5,10.437915725008,78.9984509925074,NOISE,2025-05-07T09:00:47,37.5,10.437915725008,78.9984509925074,NOISE,2025-05-07T09:00:47,37.5,10.437915725008,78.9984509925074,NOISE,2025-05-07T09:00:47,37.5,10.437915725008,78.9984509925074,NOISE
2026-04-24T09:52:05.316321,Map-Energy__sum__linear-conv00268-20250507_120047-20250507_180047-35.000000-40.000000.png,2025-05-07T12:00:47,2025-05-07T18:00:47,35.0,40.0,2025-05-07T15:00:47,37.5,10.437915725008,78.9984509925074,NOISE,2025-05-07T15:00:47,37.5,10.437915725008,78.9984509925074,NOISE,2025-05-07T15:00:47,37.5,10.437915725008,78.9984509925074,NOISE,2025-05-07T15:00:47,37.5,10.437915725008,78.9984509925074,NOISE
2026-04-24T09:52:08.644196,Map-Energy__sum__linear-conv00278-20250507_180047-20250508_000047-35.000000-40.000000.png,2025-05-07T18:00:47,2025-05-08T00:00:47,35.0,40.0,2025-05-07T21:00:47,37.5,10.437915725008,78.9984509925074,NOISE,2025-05-07T21:00:47,37.5,10.437915725008,78.9984509925074,NOISE,2025-05-07T21:00:47,37.5,10.437915725008,78.9984509925074,NOISE,2025-05-07T21:00:47,37.5,10.437915725008,78.9984509925074,NOISE
2026-04-24T09:52:09.764223,Map-Energy__sum__linear-conv00288-20250508_000047-20250508_060047-35.000000-40.000000.png,2025-05-08T00:00:47,2025-05-08T06:00:47,35.0,40.0,2025-05-08T03:00:47,37.5,10.437915725008,78.9984509925074,NOISE,2025-05-08T03:00:47,37.5,10.437915725008,78.9984509925074,NOISE,2025-05-08T03:00:47,37.5,10.437915725008,78.9984509925074,NOISE,2025-05-08T03:00:47,37.5,10.437915725008,78.9984509925074,NOISE
2026-04-24T09:52:10.668206,Map-Energy__sum__linear-conv00298-20250508_060047-20250508_120047-35.000000-40.000000.png,2025-05-08T06:00:47,2025-05-08T12:00:47,35.0,40.0,2025-05-08T09:00:47,37.5,10.437915725008,78.9984509925074,NOISE,2025-05-08T09:00:47,37.5,10.437915725008,78.9984509925074,NOISE,2025-05-08T09:00:47,37.5,10.437915725008,78.9984509925074,NOISE,2025-05-08T09:00:47,37.5,10.437915725008,78.9984509925074,NOISE
2026-04-24T09:52:11.516216,Map-Energy__sum__linear-conv00308-20250508_120047-20250508_180047-35.000000-40.000000.png,2025-05-08T12:00:47,2025-05-08T18:00:47,35.0,40.0,2025-05-08T15:00:47,37.5,10.437915725008,78.9984509925074,NOISE,2025-05-08T15:00:47,37.5,10.437915725008,78.9984509925074,NOISE,2025-05-08T15:00:47,37.5,10.437915725008,78.9984509925074,NOISE,2025-05-08T15:00:47,37.5,10.437915725008,78.9984509925074,NOISE
2026-04-24T09:52:12.412254,Map-Energy__sum__linear-conv00318-20250508_180047-20250509_000047-35.000000-40.000000.png,2025-05-08T18:00:47,2025-05-09T00:00:47,35.0,40.0,2025-05-08T21:00:47,37.5,10.437915725008,78.9984509925074,NOISE,2025-05-08T21:00:47,37.5,10.437915725008,78.9984509925074,NOISE,2025-05-08T21:00:47,37.5,10.437915725008,78.9984509925074,NOISE,2025-05-08T21:00:47,37.5,10.437915725008,78.9984509925074,NOISE
2026-04-24T09:52:13.316108,Map-Energy__sum__linear-conv00328-20250509_000047-20250509_060047-35.000000-40.000000.png,2025-05-09T00:00:47,2025-05-09T06:00:47,35.0,40.0,2025-05-09T03:00:47,37.5,10.437915725008,78.9984509925074,NOISE,2025-05-09T03:00:47,37.5,10.437915725008,78.9984509925074,NOISE,2025-05-09T03:00:47,37.5,10.437915725008,78.9984509925074,NOISE,2025-05-09T03:00:47,37.5,10.437915725008,78.9984509925074,NOISE
2026-04-24T09:52:14.180104,Map-Energy__sum__linear-conv00338-20250509_060047-20250509_120047-35.000000-40.000000.png,2025-05-09T06:00:47,2025-05-09T12:00:47,35.0,40.0,2025-05-09T09:00:47,37.5,10.437915725008,78.9984509925074,NOISE,2025-05-09T09:00:47,37.5,10.437915725008,78.9984509925074,NOISE,2025-05-09T09:00:47,37.5,10.437915725008,78.9984509925074,NOISE,2025-05-09T09:00:47,37.5,10.437915725008,78.9984509925074,NOISE
2026-04-24T09:52:15.124208,Map-Energy__sum__linear-conv00348-20250509_120047-20250509_180047-35.000000-40.000000.png,2025-05-09T12:00:47,2025-05-09T18:00:47,35.0,40.0,2025-05-09T15:00:47,37.5,10.437915725008,78.9984509925074,NOISE,2025-05-09T15:00:47,37.5,10.437915725008,78.9984509925074,NOISE,2025-05-09T15:00:47,37.5,10.437915725008,78.9984509925074,NOISE,2025-05-09T15:00:47,37.5,10.437915725008,78.9984509925074,NOISE
2026-04-24T09:52:16.156240,Map-Energy__sum__linear-conv00358-20250509_180047-20250510_000047-35.000000-40.000000.png,2025-05-09T18:00:47,2025-05-10T00:00:47,35.0,40.0,2025-05-09T21:00:47,37.5,10.437915725008,78.9984509925074,NOISE,2025-05-09T21:00:47,37.5,10.437915725008,78.9984509925074,NOISE,2025-05-09T21:00:47,37.5,10.437915725008,78.9984509925074,NOISE,2025-05-09T21:00:47,37.5,10.437915725008,78.9984509925074,NOISE
2026-04-24T09:52:17.190437,Map-Energy__sum__linear-conv00368-20250510_000047-20250510_060047-35.000000-40.000000.png,2025-05-10T00:00:47,2025-05-10T06:00:47,35.0,40.0,2025-05-10T03:00:47,37.5,10.437915725008,78.9984509925074,NOISE,2025-05-10T03:00:47,37.5,10.437915725008,78.9984509925074,NOISE,2025-05-10T03:00:47,37.5,10.437915725008,78.9984509925074,NOISE,2025-05-10T03:00:47,37.5,10.437915725008,78.9984509925074,NOISE
2026-04-24T09:52:18.164178,Map-Energy__sum__linear-conv00378-20250510_060047-20250510_120047-35.000000-40.000000.png,2025-05-10T06:00:47,2025-05-10T12:00:47,35.0,40.0,2025-05-10T09:00:47,37.5,10.437915725008,78.9984509925074,NOISE,2025-05-10T09:00:47,37.5,10.437915725008,78.9984509925074,NOISE,2025-05-10T09:00:47,37.5,10.437915725008,78.9984509925074,NOISE,2025-05-10T09:00:47,37.5,10.437915725008,78.9984509925074,NOISE
2026-04-24T09:52:19.228345,Map-Energy__sum__linear-conv00388-20250510_120047-20250510_180047-35.000000-40.000000.png,2025-05-10T12:00:47,2025-05-10T18:00:47,35.0,40.0,2025-05-10T15:00:47,37.5,10.437915725008,78.9984509925074,NOISE,2025-05-10T15:00:47,37.5,10.437915725008,78.9984509925074,NOISE,2025-05-10T15:00:47,37.5,10.437915725008,78.9984509925074,NOISE,2025-05-10T15:00:47,37.5,10.437915725008,78.9984509925074,NOISE
2026-04-24T09:52:20.060191,Map-Energy__sum__linear-conv00398-20250510_180047-20250511_000047-35.000000-40.000000.png,2025-05-10T18:00:47,2025-05-11T00:00:47,35.0,40.0,2025-05-10T21:00:47,37.5,10.437915725008,78.9984509925074,NOISE,2025-05-10T21:00:47,37.5,10.437915725008,78.9984509925074,NOISE,2025-05-10T21:00:47,37.5,10.437915725008,78.9984509925074,NOISE,2025-05-10T21:00:47,37.5,10.437915725008,78.9984509925074,NOISE
2026-04-24T09:52:21.044211,Map-Energy__sum__linear-conv00408-20250511_000047-20250511_060047-35.000000-40.000000.png,2025-05-11T00:00:47,2025-05-11T06:00:47,35.0,40.0,2025-05-11T03:00:47,37.5,10.437915725008,78.9984509925074,NOISE,2025-05-11T03:00:47,37.5,10.437915725008,78.9984509925074,NOISE,2025-05-11T03:00:47,37.5,10.437915725008,78.9984509925074,NOISE,2025-05-11T03:00:47,37.5,10.437915725008,78.9984509925074,NOISE
2026-04-24T09:52:21.988263,Map-Energy__sum__linear-conv00418-20250511_060047-20250511_120047-35.000000-40.000000.png,2025-05-11T06:00:47,2025-05-11T12:00:47,35.0,40.0,2025-05-11T09:00:47,37.5,10.437915725008,78.9984509925074,NOISE,2025-05-11T09:00:47,37.5,10.437915725008,78.9984509925074,NOISE,2025-05-11T09:00:47,37.5,10.437915725008,78.9984509925074,NOISE,2025-05-11T09:00:47,37.5,10.437915725008,78.9984509925074,NOISE
2026-04-24T09:52:23.028327,Map-Energy__sum__linear-conv00428-20250511_120047-20250511_180047-35.000000-40.000000.png,2025-05-11T12:00:47,2025-05-11T18:00:47,35.0,40.0,2025-05-11T15:00:47,37.5,10.437915725008,78.9984509925074,NOISE,2025-05-11T15:00:47,37.5,10.437915725008,78.9984509925074,NOISE,2025-05-11T15:00:47,37.5,10.437915725008,78.9984509925074,NOISE,2025-05-11T15:00:47,37.5,10.437915725008,78.9984509925074,NOISE
2026-04-24T09:52:24.004234,Map-Energy__sum__linear-conv00438-20250511_180047-20250512_000047-35.000000-40.000000.png,2025-05-11T18:00:47,2025-05-12T00:00:47,35.0,40.0,2025-05-11T21:00:47,37.5,10.437915725008,78.9984509925074,NOISE,2025-05-11T21:00:47,37.5,10.437915725008,78.9984509925074,NOISE,2025-05-11T21:00:47,37.5,10.437915725008,78.9984509925074,NOISE,2025-05-11T21:00:47,37.5,10.437915725008,78.9984509925074,NOISE
2026-04-24T09:52:24.868318,Map-Energy__sum__linear-conv00448-20250512_000047-20250512_060047-35.000000-40.000000.png,2025-05-12T00:00:47,2025-05-12T06:00:47,35.0,40.0,2025-05-12T03:00:47,37.5,10.437915725008,78.9984509925074,NOISE,2025-05-12T03:00:47,37.5,10.437915725008,78.9984509925074,NOISE,2025-05-12T03:00:47,37.5,10.437915725008,78.9984509925074,NOISE,2025-05-12T03:00:47,37.5,10.437915725008,78.9984509925074,NOISE
2026-04-24T09:52:25.772153,Map-Energy__sum__linear-conv00458-20250512_060047-20250512_120047-35.000000-40.000000.png,2025-05-12T06:00:47,2025-05-12T12:00:47,35.0,40.0,2025-05-12T09:00:47,37.5,10.437915725008,78.9984509925074,NOISE,2025-05-12T09:00:47,37.5,10.437915725008,78.9984509925074,NOISE,2025-05-12T09:00:47,37.5,10.437915725008,78.9984509925074,NOISE,2025-05-12T09:00:47,37.5,10.437915725008,78.9984509925074,NOISE
2026-04-24T09:52:27.148251,Map-Energy__sum__linear-conv00468-20250512_120047-20250512_180047-35.000000-40.000000.png,2025-05-12T12:00:47,2025-05-12T18:00:47,35.0,40.0,2025-05-12T15:00:47,37.5,10.437915725008,78.9984509925074,NOISE,2025-05-12T15:00:47,37.5,10.437915725008,78.9984509925074,NOISE,2025-05-12T15:00:47,37.5,10.437915725008,78.9984509925074,NOISE,2025-05-12T15:00:47,37.5,10.437915725008,78.9984509925074,NOISE
2026-04-24T09:52:28.164216,Map-Energy__sum__linear-conv00478-20250512_180047-20250513_000047-35.000000-40.000000.png,2025-05-12T18:00:47,2025-05-13T00:00:47,35.0,40.0,2025-05-12T21:00:47,37.5,10.437915725008,78.9984509925074,NOISE,2025-05-12T21:00:47,37.5,10.437915725008,78.9984509925074,NOISE,2025-05-12T21:00:47,37.5,10.437915725008,78.9984509925074,NOISE,2025-05-12T21:00:47,37.5,10.437915725008,78.9984509925074,NOISE
2026-04-24T09:52:29.196243,Map-Energy__sum__linear-conv00488-20250513_000047-20250513_060047-35.000000-40.000000.png,2025-05-13T00:00:47,2025-05-13T06:00:47,35.0,40.0,2025-05-13T03:00:47,37.5,10.437915725008,78.9984509925074,NOISE,2025-05-13T03:00:47,37.5,10.437915725008,78.9984509925074,NOISE,2025-05-13T03:00:47,37.5,10.437915725008,78.9984509925074,NOISE,2025-05-13T03:00:47,37.5,10.437915725008,78.9984509925074,NOISE
2026-04-24T09:52:30.604275,Map-Energy__sum__linear-conv00498-20250513_060047-20250513_120047-35.000000-40.000000.png,2025-05-13T06:00:47,2025-05-13T12:00:47,35.0,40.0,2025-05-13T09:00:47,37.5,10.437915725008,78.9984509925074,NOISE,2025-05-13T09:00:47,37.5,10.437915725008,78.9984509925074,NOISE,2025-05-13T09:00:47,37.5,10.437915725008,78.9984509925074,NOISE,2025-05-13T09:00:47,37.5,10.437915725008,78.9984509925074,NOISE
2026-04-24T09:52:31.868148,Map-Energy__sum__linear-conv00508-20250513_120047-20250513_180047-35.000000-40.000000.png,2025-05-13T12:00:47,2025-05-13T18:00:47,35.0,40.0,2025-05-13T15:00:47,37.5,10.437915725008,78.9984509925074,NOISE,2025-05-13T15:00:47,37.5,10.437915725008,78.9984509925074,NOISE,2025-05-13T15:00:47,37.5,10.437915725008,78.9984509925074,NOISE,2025-05-13T15:00:47,37.5,10.437915725008,78.9984509925074,NOISE
2026-04-24T09:52:33.044280,Map-Energy__sum__linear-conv00518-20250513_180047-20250514_000047-35.000000-40.000000.png,2025-05-13T18:00:47,2025-05-14T00:00:47,35.0,40.0,2025-05-13T21:00:47,37.5,10.437915725008,78.9984509925074,NOISE,2025-05-13T21:00:47,37.5,10.437915725008,78.9984509925074,NOISE,2025-05-13T21:00:47,37.5,10.437915725008,78.9984509925074,NOISE,2025-05-13T21:00:47,37.5,10.437915725008,78.9984509925074,NOISE
2026-04-24T09:52:34.284248,Map-Energy__sum__linear-conv00528-20250514_000047-20250514_060047-35.000000-40.000000.png,2025-05-14T00:00:47,2025-05-14T06:00:47,35.0,40.0,2025-05-14T03:00:47,37.5,10.437915725008,78.9984509925074,NOISE,2025-05-14T03:00:47,37.5,10.437915725008,78.9984509925074,NOISE,2025-05-14T03:00:47,37.5,10.437915725008,78.9984509925074,NOISE,2025-05-14T03:00:47,37.5,10.437915725008,78.9984509925074,NOISE
2026-04-24T09:52:35.196263,Map-Energy__sum__linear-conv00538-20250514_060047-20250514_120047-35.000000-40.000000.png,2025-05-14T06:00:47,2025-05-14T12:00:47,35.0,40.0,2025-05-14T09:00:47,37.5,10.437915725008,78.9984509925074,NOISE,2025-05-14T09:00:47,37.5,10.437915725008,78.9984509925074,NOISE,2025-05-14T09:00:47,37.5,10.437915725008,78.9984509925074,NOISE,2025-05-14T09:00:47,37.5,10.437915725008,78.9984509925074,NOISE
2026-04-24T09:52:36.212466,Map-Energy__sum__linear-conv00548-20250514_120047-20250514_180047-35.000000-40.000000.png,2025-05-14T12:00:47,2025-05-14T18:00:47,35.0,40.0,2025-05-14T15:00:47,37.5,10.437915725008,78.9984509925074,NOISE,2025-05-14T15:00:47,37.5,10.437915725008,78.9984509925074,NOISE,2025-05-14T15:00:47,37.5,10.437915725008,78.9984509925074,NOISE,2025-05-14T15:00:47,37.5,10.437915725008,78.9984509925074,NOISE
2026-04-24T09:52:37.286217,Map-Energy__sum__linear-conv00558-20250514_180047-20250515_000047-35.000000-40.000000.png,2025-05-14T18:00:47,2025-05-15T00:00:47,35.0,40.0,2025-05-14T21:00:47,37.5,10.437915725008,78.9984509925074,NOISE,2025-05-14T21:00:47,37.5,10.437915725008,78.9984509925074,NOISE,2025-05-14T21:00:47,37.5,10.437915725008,78.9984509925074,NOISE,2025-05-14T21:00:47,37.5,10.437915725008,78.9984509925074,NOISE
2026-04-24T09:52:38.284346,Map-Energy__sum__linear-conv00568-20250515_000047-20250515_060047-35.000000-40.000000.png,2025-05-15T00:00:47,2025-05-15T06:00:47,35.0,40.0,2025-05-15T03:00:47,37.5,10.437915725008,78.9984509925074,NOISE,2025-05-15T03:00:47,37.5,10.437915725008,78.9984509925074,NOISE,2025-05-15T03:00:47,37.5,10.437915725008,78.9984509925074,NOISE,2025-05-15T03:00:47,37.5,10.437915725008,78.9984509925074,NOISE
2026-04-24T09:52:39.324263,Map-Energy__sum__linear-conv00578-20250515_060047-20250515_120047-35.000000-40.000000.png,2025-05-15T06:00:47,2025-05-15T12:00:47,35.0,40.0,2025-05-15T09:00:47,37.5,10.437915725008,78.9984509925074,NOISE,2025-05-15T09:00:47,37.5,10.437915725008,78.9984509925074,NOISE,2025-05-15T09:00:47,37.5,10.437915725008,78.9984509925074,NOISE,2025-05-15T09:00:47,37.5,10.437915725008,78.9984509925074,NOISE
2026-04-24T09:52:40.220053,Map-Energy__sum__linear-conv00588-20250515_120047-20250515_180047-35.000000-40.000000.png,2025-05-15T12:00:47,2025-05-15T18:00:47,35.0,40.0,2025-05-15T15:00:47,37.5,10.437915725008,78.9984509925074,NOISE,2025-05-15T15:00:47,37.5,10.437915725008,78.9984509925074,NOISE,2025-05-15T15:00:47,37.5,10.437915725008,78.9984509925074,NOISE,2025-05-15T15:00:47,37.5,10.437915725008,78.9984509925074,NOISE
2026-04-24T09:52:40.964194,Map-Energy__sum__linear-conv00598-20250515_180047-20250516_000047-35.000000-40.000000.png,2025-05-15T18:00:47,2025-05-16T00:00:47,35.0,40.0,2025-05-15T21:00:47,37.5,10.437915725008,78.9984509925074,NOISE,2025-05-15T21:00:47,37.5,10.437915725008,78.9984509925074,NOISE,2025-05-15T21:00:47,37.5,10.437915725008,78.9984509925074,NOISE,2025-05-15T21:00:47,37.5,10.437915725008,78.9984509925074,NOISE
2026-04-24T09:52:41.692361,Map-Energy__sum__linear-conv00608-20250516_000047-20250516_060047-35.000000-40.000000.png,2025-05-16T00:00:47,2025-05-16T06:00:47,35.0,40.0,2025-05-16T03:00:47,37.5,10.437915725008,78.9984509925074,NOISE,2025-05-16T03:00:47,37.5,10.437915725008,78.9984509925074,NOISE,2025-05-16T03:00:47,37.5,10.437915725008,78.9984509925074,NOISE,2025-05-16T03:00:47,37.5,10.437915725008,78.9984509925074,NOISE
2026-04-24T09:52:42.548221,Map-Energy__sum__linear-conv00618-20250516_060047-20250516_120047-35.000000-40.000000.png,2025-05-16T06:00:47,2025-05-16T12:00:47,35.0,40.0,2025-05-16T09:00:47,37.5,10.437915725008,78.9984509925074,NOISE,2025-05-16T09:00:47,37.5,10.437915725008,78.9984509925074,NOISE,2025-05-16T09:00:47,37.5,10.437915725008,78.9984509925074,NOISE,2025-05-16T09:00:47,37.5,10.437915725008,78.9984509925074,NOISE
2026-04-24T09:52:43.412271,Map-Energy__sum__linear-conv00628-20250516_120047-20250516_180047-35.000000-40.000000.png,2025-05-16T12:00:47,2025-05-16T18:00:47,35.0,40.0,2025-05-16T15:00:47,37.5,10.437915725008,78.9984509925074,NOISE,2025-05-16T15:00:47,37.5,10.437915725008,78.9984509925074,NOISE,2025-05-16T15:00:47,37.5,10.437915725008,78.9984509925074,NOISE,2025-05-16T15:00:47,37.5,10.437915725008,78.9984509925074,NOISE
2026-04-24T09:52:44.108215,Map-Energy__sum__linear-conv00638-20250516_180047-20250517_000047-35.000000-40.000000.png,2025-05-16T18:00:47,2025-05-17T00:00:47,35.0,40.0,2025-05-16T21:00:47,37.5,10.437915725008,78.9984509925074,NOISE,2025-05-16T21:00:47,37.5,10.437915725008,78.9984509925074,NOISE,2025-05-16T21:00:47,37.5,10.437915725008,78.9984509925074,NOISE,2025-05-16T21:00:47,37.5,10.437915725008,78.9984509925074,NOISE
2026-04-24T09:52:44.860201,Map-Energy__sum__linear-conv00648-20250517_000047-20250517_060047-35.000000-40.000000.png,2025-05-17T00:00:47,2025-05-17T06:00:47,35.0,40.0,2025-05-17T03:00:47,37.5,10.437915725008,78.9984509925074,NOISE,2025-05-17T03:00:47,37.5,10.437915725008,78.9984509925074,NOISE,2025-05-17T03:00:47,37.5,10.437915725008,78.9984509925074,NOISE,2025-05-17T03:00:47,37.5,10.437915725008,78.9984509925074,NOISE
2026-04-24T09:52:45.628220,Map-Energy__sum__linear-conv00658-20250517_060047-20250517_120047-35.000000-40.000000.png,2025-05-17T06:00:47,2025-05-17T12:00:47,35.0,40.0,2025-05-17T09:00:47,37.5,10.437915725008,78.9984509925074,NOISE,2025-05-17T09:00:47,37.5,10.437915725008,78.9984509925074,NOISE,2025-05-17T09:00:47,37.5,10.437915725008,78.9984509925074,NOISE,2025-05-17T09:00:47,37.5,10.437915725008,78.9984509925074,NOISE
2026-04-24T09:52:46.420282,Map-Energy__sum__linear-conv00668-20250517_120047-20250517_180047-35.000000-40.000000.png,2025-05-17T12:00:47,2025-05-17T18:00:47,35.0,40.0,2025-05-17T15:00:47,37.5,10.437915725008,78.9984509925074,NOISE,2025-05-17T15:00:47,37.5,10.437915725008,78.9984509925074,NOISE,2025-05-17T15:00:47,37.5,10.437915725008,78.9984509925074,NOISE,2025-05-17T15:00:47,37.5,10.437915725008,78.9984509925074,NOISE
2026-04-24T09:52:47.428315,Map-Energy__sum__linear-conv00678-20250517_180047-20250518_000047-35.000000-40.000000.png,2025-05-17T18:00:47,2025-05-18T00:00:47,35.0,40.0,2025-05-17T21:00:47,37.5,10.437915725008,78.9984509925074,NOISE,2025-05-17T21:00:47,37.5,10.437915725008,78.9984509925074,NOISE,2025-05-17T21:00:47,37.5,10.437915725008,78.9984509925074,NOISE,2025-05-17T21:00:47,37.5,10.437915725008,78.9984509925074,NOISE
2026-04-24T09:52:48.276341,Map-Energy__sum__linear-conv00688-20250518_000047-20250518_060047-35.000000-40.000000.png,2025-05-18T00:00:47,2025-05-18T06:00:47,35.0,40.0,2025-05-18T03:00:47,37.5,10.437915725008,78.9984509925074,NOISE,2025-05-18T03:00:47,37.5,10.437915725008,78.9984509925074,NOISE,2025-05-18T03:00:47,37.5,10.437915725008,78.9984509925074,NOISE,2025-05-18T03:00:47,37.5,10.437915725008,78.9984509925074,NOISE
2026-04-24T09:52:49.028259,Map-Energy__sum__linear-conv00698-20250518_060047-20250518_120047-35.000000-40.000000.png,2025-05-18T06:00:47,2025-05-18T12:00:47,35.0,40.0,2025-05-18T09:00:47,37.5,10.437915725008,78.9984509925074,NOISE,2025-05-18T09:00:47,37.5,10.437915725008,78.9984509925074,NOISE,2025-05-18T09:00:47,37.5,10.437915725008,78.9984509925074,NOISE,2025-05-18T09:00:47,37.5,10.437915725008,78.9984509925074,NOISE
2026-04-24T09:52:49.844292,Map-Energy__sum__linear-conv00708-20250518_120047-20250518_180047-35.000000-40.000000.png,2025-05-18T12:00:47,2025-05-18T18:00:47,35.0,40.0,2025-05-18T15:00:47,37.5,10.437915725008,78.9984509925074,NOISE,2025-05-18T15:00:47,37.5,10.437915725008,78.9984509925074,NOISE,2025-05-18T15:00:47,37.5,10.437915725008,78.9984509925074,NOISE,2025-05-18T15:00:47,37.5,10.437915725008,78.9984509925074,NOISE
2026-04-24T09:52:50.524253,Map-Energy__sum__linear-conv00718-20250518_180047-20250519_000047-35.000000-40.000000.png,2025-05-18T18:00:47,2025-05-19T00:00:47,35.0,40.0,2025-05-18T21:00:47,37.5,10.437915725008,78.9984509925074,NOISE,2025-05-18T21:00:47,37.5,10.437915725008,78.9984509925074,NOISE,2025-05-18T21:00:47,37.5,10.437915725008,78.9984509925074,NOISE,2025-05-18T21:00:47,37.5,10.437915725008,78.9984509925074,NOISE
2026-04-24T09:52:51.316121,Map-Energy__sum__linear-conv00728-20250519_000047-20250519_060047-35.000000-40.000000.png,2025-05-19T00:00:47,2025-05-19T06:00:47,35.0,40.0,2025-05-19T03:00:47,37.5,10.437915725008,78.9984509925074,NOISE,2025-05-19T03:00:47,37.5,10.437915725008,78.9984509925074,NOISE,2025-05-19T03:00:47,37.5,10.437915725008,78.9984509925074,NOISE,2025-05-19T03:00:47,37.5,10.437915725008,78.9984509925074,NOISE
2026-04-24T09:52:52.052223,Map-Energy__sum__linear-conv00738-20250519_060047-20250519_120047-35.000000-40.000000.png,2025-05-19T06:00:47,2025-05-19T12:00:47,35.0,40.0,2025-05-19T09:00:47,37.5,10.437915725008,78.9984509925074,NOISE,2025-05-19T09:00:47,37.5,10.437915725008,78.9984509925074,NOISE,2025-05-19T09:00:47,37.5,10.437915725008,78.9984509925074,NOISE,2025-05-19T09:00:47,37.5,10.437915725008,78.9984509925074,NOISE
2026-04-24T09:52:53.116297,Map-Energy__sum__linear-conv00748-20250519_120047-20250519_180047-35.000000-40.000000.png,2025-05-19T12:00:47,2025-05-19T18:00:47,35.0,40.0,2025-05-19T15:00:47,37.5,10.437915725008,78.9984509925074,NOISE,2025-05-19T15:00:47,37.5,10.437915725008,78.9984509925074,NOISE,2025-05-19T15:00:47,37.5,10.437915725008,78.9984509925074,NOISE,2025-05-19T15:00:47,37.5,10.437915725008,78.9984509925074,NOISE
2026-04-24T09:52:54.622107,Map-Energy__sum__linear-conv00758-20250519_180047-20250520_000047-35.000000-40.000000.png,2025-05-19T18:00:47,2025-05-20T00:00:47,35.0,40.0,2025-05-19T21:00:47,37.5,10.437915725008,78.9984509925074,NOISE,2025-05-19T21:00:47,37.5,10.437915725008,78.9984509925074,NOISE,2025-05-19T21:00:47,37.5,10.437915725008,78.9984509925074,NOISE,2025-05-19T21:00:47,37.5,10.437915725008,78.9984509925074,NOISE
2026-04-24T09:52:56.220518,Map-Energy__sum__linear-conv00768-20250520_000047-20250520_060047-35.000000-40.000000.png,2025-05-20T00:00:47,2025-05-20T06:00:47,35.0,40.0,2025-05-20T03:00:47,37.5,10.437915725008,78.9984509925074,NOISE,2025-05-20T03:00:47,37.5,10.437915725008,78.9984509925074,NOISE,2025-05-20T03:00:47,37.5,10.437915725008,78.9984509925074,NOISE,2025-05-20T03:00:47,37.5,10.437915725008,78.9984509925074,NOISE
2026-04-24T09:52:57.708524,Map-Energy__sum__linear-conv00778-20250520_060047-20250520_120047-35.000000-40.000000.png,2025-05-20T06:00:47,2025-05-20T12:00:47,35.0,40.0,2025-05-20T09:00:47,37.5,10.437915725008,78.9984509925074,NOISE,2025-05-20T09:00:47,37.5,10.437915725008,78.9984509925074,NOISE,2025-05-20T09:00:47,37.5,10.437915725008,78.9984509925074,NOISE,2025-05-20T09:00:47,37.5,10.437915725008,78.9984509925074,NOISE
2026-04-24T09:52:59.052127,Map-Energy__sum__linear-conv00788-20250520_120047-20250520_180047-35.000000-40.000000.png,2025-05-20T12:00:47,2025-05-20T18:00:47,35.0,40.0,2025-05-20T15:00:47,37.5,10.437915725008,78.9984509925074,NOISE,2025-05-20T15:00:47,37.5,10.437915725008,78.9984509925074,NOISE,2025-05-20T15:00:47,37.5,10.437915725008,78.9984509925074,NOISE,2025-05-20T15:00:47,37.5,10.437915725008,78.9984509925074,NOISE
2026-04-24T09:53:00.276341,Map-Energy__sum__linear-conv00798-20250520_180047-20250521_000047-35.000000-40.000000.png,2025-05-20T18:00:47,2025-05-21T00:00:47,35.0,40.0,2025-05-20T21:00:47,37.5,10.437915725008,78.9984509925074,NOISE,2025-05-20T21:00:47,37.5,10.437915725008,78.9984509925074,NOISE,2025-05-20T21:00:47,37.5,10.437915725008,78.9984509925074,NOISE,2025-05-20T21:00:47,37.5,10.437915725008,78.9984509925074,NOISE
2026-04-24T09:53:01.620119,Map-Energy__sum__linear-conv00808-20250521_000047-20250521_060047-35.000000-40.000000.png,2025-05-21T00:00:47,2025-05-21T06:00:47,35.0,40.0,2025-05-21T03:00:47,37.5,10.437915725008,78.9984509925074,NOISE,2025-05-21T03:00:47,37.5,10.437915725008,78.9984509925074,NOISE,2025-05-21T03:00:47,37.5,10.437915725008,78.9984509925074,NOISE,2025-05-21T03:00:47,37.5,10.437915725008,78.9984509925074,NOISE
2026-04-24T09:53:02.868253,Map-Energy__sum__linear-conv00818-20250521_060047-20250521_120047-35.000000-40.000000.png,2025-05-21T06:00:47,2025-05-21T12:00:47,35.0,40.0,2025-05-21T09:00:47,37.5,10.437915725008,78.9984509925074,NOISE,2025-05-21T09:00:47,37.5,10.437915725008,78.9984509925074,NOISE,2025-05-21T09:00:47,37.5,10.437915725008,78.9984509925074,NOISE,2025-05-21T09:00:47,37.5,10.437915725008,78.9984509925074,NOISE
2026-04-24T09:53:08.884204,Map-Energy__sum__linear-conv00828-20250521_120047-20250521_180047-35.000000-40.000000.png,2025-05-21T12:00:47,2025-05-21T18:00:47,35.0,40.0,2025-05-21T15:00:47,37.5,10.437915725008,78.9984509925074,NOISE,2025-05-21T15:00:47,37.5,10.437915725008,78.9984509925074,NOISE,2025-05-21T15:00:47,37.5,10.437915725008,78.9984509925074,NOISE,2025-05-21T15:00:47,37.5,10.437915725008,78.9984509925074,NOISE
2026-04-24T09:53:15.084149,Map-Energy__sum__linear-conv00838-20250521_180047-20250522_000047-35.000000-40.000000.png,2025-05-21T18:00:47,2025-05-22T00:00:47,35.0,40.0,2025-05-21T21:00:47,37.5,10.437915725008,78.9984509925074,NOISE,2025-05-21T21:00:47,37.5,10.437915725008,78.9984509925074,NOISE,2025-05-21T21:00:47,37.5,10.437915725008,78.9984509925074,NOISE,2025-05-21T21:00:47,37.5,10.437915725008,78.9984509925074,NOISE
2026-04-24T09:53:16.196584,Map-Energy__sum__linear-conv00848-20250522_000047-20250522_060047-35.000000-40.000000.png,2025-05-22T00:00:47,2025-05-22T06:00:47,35.0,40.0,2025-05-22T03:00:47,37.5,10.437915725008,78.9984509925074,NOISE,2025-05-22T03:00:47,37.5,10.437915725008,78.9984509925074,NOISE,2025-05-22T03:00:47,37.5,10.437915725008,78.9984509925074,NOISE,2025-05-22T03:00:47,37.5,10.437915725008,78.9984509925074,NOISE
2026-04-24T09:53:17.364255,Map-Energy__sum__linear-conv00858-20250522_060047-20250522_120047-35.000000-40.000000.png,2025-05-22T06:00:47,2025-05-22T12:00:47,35.0,40.0,2025-05-22T09:00:47,37.5,10.437915725008,78.9984509925074,NOISE,2025-05-22T09:00:47,37.5,10.437915725008,78.9984509925074,NOISE,2025-05-22T09:00:47,37.5,10.437915725008,78.9984509925074,NOISE,2025-05-22T09:00:47,37.5,10.437915725008,78.9984509925074,NOISE
2026-04-24T09:53:18.212151,Map-Energy__sum__linear-conv00868-20250522_120047-20250522_180047-35.000000-40.000000.png,2025-05-22T12:00:47,2025-05-22T18:00:47,35.0,40.0,2025-05-22T15:00:47,37.5,10.437915725008,78.9984509925074,NOISE,2025-05-22T15:00:47,37.5,10.437915725008,78.9984509925074,NOISE,2025-05-22T15:00:47,37.5,10.437915725008,78.9984509925074,NOISE,2025-05-22T15:00:47,37.5,10.437915725008,78.9984509925074,NOISE
2026-04-24T09:53:19.132234,Map-Energy__sum__linear-conv00878-20250522_180047-20250523_000047-35.000000-40.000000.png,2025-05-22T18:00:47,2025-05-23T00:00:47,35.0,40.0,2025-05-22T21:00:47,37.5,10.437915725008,78.9984509925074,NOISE,2025-05-22T21:00:47,37.5,10.437915725008,78.9984509925074,NOISE,2025-05-22T21:00:47,37.5,10.437915725008,78.9984509925074,NOISE,2025-05-22T21:00:47,37.5,10.437915725008,78.9984509925074,NOISE
2026-04-24T09:53:20.372184,Map-Energy__sum__linear-conv00888-20250523_000047-20250523_060047-35.000000-40.000000.png,2025-05-23T00:00:47,2025-05-23T06:00:47,35.0,40.0,2025-05-23T03:00:47,37.5,10.437915725008,78.9984509925074,NOISE,2025-05-23T03:00:47,37.5,10.437915725008,78.9984509925074,NOISE,2025-05-23T03:00:47,37.5,10.437915725008,78.9984509925074,NOISE,2025-05-23T03:00:47,37.5,10.437915725008,78.9984509925074,NOISE
2026-04-24T09:53:21.444206,Map-Energy__sum__linear-conv00898-20250523_060047-20250523_120047-35.000000-40.000000.png,2025-05-23T06:00:47,2025-05-23T12:00:47,35.0,40.0,2025-05-23T09:00:47,37.5,10.437915725008,78.9984509925074,NOISE,2025-05-23T09:00:47,37.5,10.437915725008,78.9984509925074,NOISE,2025-05-23T09:00:47,37.5,10.437915725008,78.9984509925074,NOISE,2025-05-23T09:00:47,37.5,10.437915725008,78.9984509925074,NOISE
2026-04-24T09:53:22.764254,Map-Energy__sum__linear-conv00908-20250523_120047-20250523_180047-35.000000-40.000000.png,2025-05-23T12:00:47,2025-05-23T18:00:47,35.0,40.0,2025-05-23T15:00:47,37.5,10.437915725008,78.9984509925074,NOISE,2025-05-23T15:00:47,37.5,10.437915725008,78.9984509925074,NOISE,2025-05-23T15:00:47,37.5,10.437915725008,78.9984509925074,NOISE,2025-05-23T15:00:47,37.5,10.437915725008,78.9984509925074,NOISE
2026-04-24T09:53:23.908142,Map-Energy__sum__linear-conv00918-20250523_180047-20250524_000047-35.000000-40.000000.png,2025-05-23T18:00:47,2025-05-24T00:00:47,35.0,40.0,2025-05-23T21:00:47,37.5,10.437915725008,78.9984509925074,NOISE,2025-05-23T21:00:47,37.5,10.437915725008,78.9984509925074,NOISE,2025-05-23T21:00:47,37.5,10.437915725008,78.9984509925074,NOISE,2025-05-23T21:00:47,37.5,10.437915725008,78.9984509925074,NOISE
2026-04-24T09:54:17.956187,Map-Energy__sum__linear-conv00928-20250524_000047-20250524_060047-35.000000-40.000000.png,2025-05-24T00:00:47,2025-05-24T06:00:47,35.0,40.0,2025-05-24T03:00:47,37.5,10.437915725008,78.9984509925074,NOISE,2025-05-24T03:00:47,37.5,10.437915725008,78.9984509925074,NOISE,2025-05-24T03:00:47,37.5,10.437915725008,78.9984509925074,NOISE,2025-05-24T03:00:47,37.5,10.437915725008,78.9984509925074,NOISE
2026-04-24T09:54:19.100253,Map-Energy__sum__linear-conv00938-20250524_060047-20250524_120047-35.000000-40.000000.png,2025-05-24T06:00:47,2025-05-24T12:00:47,35.0,40.0,2025-05-24T09:00:47,37.5,10.437915725008,78.9984509925074,NOISE,2025-05-24T09:00:47,37.5,10.437915725008,78.9984509925074,NOISE,2025-05-24T09:00:47,37.5,10.437915725008,78.9984509925074,NOISE,2025-05-24T09:00:47,37.5,10.437915725008,78.9984509925074,NOISE
2026-04-24T09:54:20.052227,Map-Energy__sum__linear-conv00948-20250524_120047-20250524_180047-35.000000-40.000000.png,2025-05-24T12:00:47,2025-05-24T18:00:47,35.0,40.0,2025-05-24T15:00:47,37.5,10.437915725008,78.9984509925074,NOISE,2025-05-24T15:00:47,37.5,10.437915725008,78.9984509925074,NOISE,2025-05-24T15:00:47,37.5,10.437915725008,78.9984509925074,NOISE,2025-05-24T15:00:47,37.5,10.437915725008,78.9984509925074,NOISE
2026-04-24T09:54:21.084187,Map-Energy__sum__linear-conv00958-20250524_180047-20250525_000047-35.000000-40.000000.png,2025-05-24T18:00:47,2025-05-25T00:00:47,35.0,40.0,2025-05-24T21:00:47,37.5,10.437915725008,78.9984509925074,NOISE,2025-05-24T21:00:47,37.5,10.437915725008,78.9984509925074,NOISE,2025-05-24T21:00:47,37.5,10.437915725008,78.9984509925074,NOISE,2025-05-24T21:00:47,37.5,10.437915725008,78.9984509925074,NOISE
2026-04-24T09:54:21.820138,Map-Energy__sum__linear-conv00968-20250525_000047-20250525_060047-35.000000-40.000000.png,2025-05-25T00:00:47,2025-05-25T06:00:47,35.0,40.0,2025-05-25T03:00:47,37.5,10.437915725008,78.9984509925074,NOISE,2025-05-25T03:00:47,37.5,10.437915725008,78.9984509925074,NOISE,2025-05-25T03:00:47,37.5,10.437915725008,78.9984509925074,NOISE,2025-05-25T03:00:47,37.5,10.437915725008,78.9984509925074,NOISE
2026-04-24T09:54:22.588180,Map-Energy__sum__linear-conv00978-20250525_060047-20250525_120047-35.000000-40.000000.png,2025-05-25T06:00:47,2025-05-25T12:00:47,35.0,40.0,2025-05-25T09:00:47,37.5,10.437915725008,78.9984509925074,NOISE,2025-05-25T09:00:47,37.5,10.437915725008,78.9984509925074,NOISE,2025-05-25T09:00:47,37.5,10.437915725008,78.9984509925074,NOISE,2025-05-25T09:00:47,37.5,10.437915725008,78.9984509925074,NOISE
2026-04-24T09:54:23.292282,Map-Energy__sum__linear-conv00988-20250525_120047-20250525_180047-35.000000-40.000000.png,2025-05-25T12:00:47,2025-05-25T18:00:47,35.0,40.0,2025-05-25T15:00:47,37.5,10.437915725008,78.9984509925074,NOISE,2025-05-25T15:00:47,37.5,10.437915725008,78.9984509925074,NOISE,2025-05-25T15:00:47,37.5,10.437915725008,78.9984509925074,NOISE,2025-05-25T15:00:47,37.5,10.437915725008,78.9984509925074,NOISE
2026-04-24T09:54:24.084153,Map-Energy__sum__linear-conv00998-20250525_180047-20250526_000047-35.000000-40.000000.png,2025-05-25T18:00:47,2025-05-26T00:00:47,35.0,40.0,2025-05-25T21:00:47,37.5,10.437915725008,78.9984509925074,NOISE,2025-05-25T21:00:47,37.5,10.437915725008,78.9984509925074,NOISE,2025-05-25T21:00:47,37.5,10.437915725008,78.9984509925074,NOISE,2025-05-25T21:00:47,37.5,10.437915725008,78.9984509925074,NOISE
2026-04-24T09:54:24.796102,Map-Energy__sum__linear-conv01008-20250526_000047-20250526_060047-35.000000-40.000000.png,2025-05-26T00:00:47,2025-05-26T06:00:47,35.0,40.0,2025-05-26T03:00:47,37.5,10.437915725008,78.9984509925074,NOISE,2025-05-26T03:00:47,37.5,10.437915725008,78.9984509925074,NOISE,2025-05-26T03:00:47,37.5,10.437915725008,78.9984509925074,NOISE,2025-05-26T03:00:47,37.5,10.437915725008,78.9984509925074,NOISE
2026-04-24T09:54:27.076215,Map-Energy__sum__linear-conv00009-20250501_000047-20250501_060047-40.000000-45.000000.png,2025-05-01T00:00:47,2025-05-01T06:00:47,40.0,45.0,2025-05-01T03:00:47,42.5,10.2209936532221,78.9814941910257,NOISE,2025-05-01T03:00:47,42.5,10.2209936532221,78.9814941910257,NOISE,2025-05-01T03:00:47,42.5,10.2209936532221,78.9814941910257,NOISE,2025-05-01T03:00:47,42.5,10.2209936532221,78.9814941910257,NOISE
2026-04-24T09:54:28.500153,Map-Energy__sum__linear-conv00019-20250501_060047-20250501_120047-40.000000-45.000000.png,2025-05-01T06:00:47,2025-05-01T12:00:47,40.0,45.0,2025-05-01T09:00:47,42.5,10.2209936532221,78.9814941910257,NOISE,2025-05-01T09:00:47,42.5,10.2209936532221,78.9814941910257,NOISE,2025-05-01T09:00:47,42.5,10.2209936532221,78.9814941910257,NOISE,2025-05-01T09:00:47,42.5,10.2209936532221,78.9814941910257,NOISE
2026-04-24T09:54:29.588164,Map-Energy__sum__linear-conv00029-20250501_120047-20250501_180047-40.000000-45.000000.png,2025-05-01T12:00:47,2025-05-01T18:00:47,40.0,45.0,2025-05-01T15:00:47,42.5,10.2209936532221,78.9814941910257,NOISE,2025-05-01T15:00:47,42.5,10.2209936532221,78.9814941910257,NOISE,2025-05-01T15:00:47,42.5,10.2209936532221,78.9814941910257,NOISE,2025-05-01T15:00:47,42.5,10.2209936532221,78.9814941910257,NOISE
2026-04-24T09:54:31.068252,Map-Energy__sum__linear-conv00039-20250501_180047-20250502_000047-40.000000-45.000000.png,2025-05-01T18:00:47,2025-05-02T00:00:47,40.0,45.0,2025-05-01T21:00:47,42.5,10.2209936532221,78.9814941910257,NOISE,2025-05-01T21:00:47,42.5,10.2209936532221,78.9814941910257,NOISE,2025-05-01T21:00:47,42.5,10.2209936532221,78.9814941910257,NOISE,2025-05-01T21:00:47,42.5,10.2209936532221,78.9814941910257,NOISE
2026-04-24T09:54:32.036164,Map-Energy__sum__linear-conv00049-20250502_000047-20250502_060047-40.000000-45.000000.png,2025-05-02T00:00:47,2025-05-02T06:00:47,40.0,45.0,2025-05-02T03:00:47,42.5,10.2209936532221,78.9814941910257,NOISE,2025-05-02T03:00:47,42.5,10.2209936532221,78.9814941910257,NOISE,2025-05-02T03:00:47,42.5,10.2209936532221,78.9814941910257,NOISE,2025-05-02T03:00:47,42.5,10.2209936532221,78.9814941910257,NOISE
2026-04-24T09:54:33.268208,Map-Energy__sum__linear-conv00059-20250502_060047-20250502_120047-40.000000-45.000000.png,2025-05-02T06:00:47,2025-05-02T12:00:47,40.0,45.0,2025-05-02T09:00:47,42.5,10.2209936532221,78.9814941910257,NOISE,2025-05-02T09:00:47,42.5,10.2209936532221,78.9814941910257,NOISE,2025-05-02T09:00:47,42.5,10.2209936532221,78.9814941910257,NOISE,2025-05-02T09:00:47,42.5,10.2209936532221,78.9814941910257,NOISE
2026-04-24T09:54:34.236317,Map-Energy__sum__linear-conv00069-20250502_120047-20250502_180047-40.000000-45.000000.png,2025-05-02T12:00:47,2025-05-02T18:00:47,40.0,45.0,2025-05-02T15:00:47,42.5,10.2209936532221,78.9814941910257,NOISE,2025-05-02T15:00:47,42.5,10.2209936532221,78.9814941910257,NOISE,2025-05-02T15:00:47,42.5,10.2209936532221,78.9814941910257,NOISE,2025-05-02T15:00:47,42.5,10.2209936532221,78.9814941910257,NOISE
2026-04-24T09:54:35.268124,Map-Energy__sum__linear-conv00079-20250502_180047-20250503_000047-40.000000-45.000000.png,2025-05-02T18:00:47,2025-05-03T00:00:47,40.0,45.0,2025-05-02T21:00:47,42.5,10.2209936532221,78.9814941910257,NOISE,2025-05-02T21:00:47,42.5,10.2209936532221,78.9814941910257,NOISE,2025-05-02T21:00:47,42.5,10.2209936532221,78.9814941910257,NOISE,2025-05-02T21:00:47,42.5,10.2209936532221,78.9814941910257,NOISE
2026-04-24T09:54:37.044271,Map-Energy__sum__linear-conv00089-20250503_000047-20250503_060047-40.000000-45.000000.png,2025-05-03T00:00:47,2025-05-03T06:00:47,40.0,45.0,2025-05-03T03:00:47,42.5,10.2209936532221,78.9814941910257,NOISE,2025-05-03T03:00:47,42.5,10.2209936532221,78.9814941910257,NOISE,2025-05-03T03:00:47,42.5,10.2209936532221,78.9814941910257,NOISE,2025-05-03T03:00:47,42.5,10.2209936532221,78.9814941910257,NOISE
2026-04-24T09:54:38.101147,Map-Energy__sum__linear-conv00099-20250503_060047-20250503_120047-40.000000-45.000000.png,2025-05-03T06:00:47,2025-05-03T12:00:47,40.0,45.0,2025-05-03T09:00:47,42.5,10.2209936532221,78.9814941910257,NOISE,2025-05-03T09:00:47,42.5,10.2209936532221,78.9814941910257,NOISE,2025-05-03T09:00:47,42.5,10.2209936532221,78.9814941910257,NOISE,2025-05-03T09:00:47,42.5,10.2209936532221,78.9814941910257,NOISE
2026-04-24T09:54:40.164190,Map-Energy__sum__linear-conv00109-20250503_120047-20250503_180047-40.000000-45.000000.png,2025-05-03T12:00:47,2025-05-03T18:00:47,40.0,45.0,2025-05-03T15:00:47,42.5,10.2209936532221,78.9814941910257,NOISE,2025-05-03T15:00:47,42.5,10.2209936532221,78.9814941910257,NOISE,2025-05-03T15:00:47,42.5,10.2209936532221,78.9814941910257,NOISE,2025-05-03T15:00:47,42.5,10.2209936532221,78.9814941910257,NOISE
2026-04-24T09:54:41.395971,Map-Energy__sum__linear-conv00119-20250503_180047-20250504_000047-40.000000-45.000000.png,2025-05-03T18:00:47,2025-05-04T00:00:47,40.0,45.0,2025-05-03T21:00:47,42.5,10.2209936532221,78.9814941910257,NOISE,2025-05-03T21:00:47,42.5,10.2209936532221,78.9814941910257,NOISE,2025-05-03T21:00:47,42.5,10.2209936532221,78.9814941910257,NOISE,2025-05-03T21:00:47,42.5,10.2209936532221,78.9814941910257,NOISE
2026-04-24T09:54:42.444249,Map-Energy__sum__linear-conv00129-20250504_000047-20250504_060047-40.000000-45.000000.png,2025-05-04T00:00:47,2025-05-04T06:00:47,40.0,45.0,2025-05-04T03:00:47,42.5,10.2209936532221,78.9814941910257,NOISE,2025-05-04T03:00:47,42.5,10.2209936532221,78.9814941910257,NOISE,2025-05-04T03:00:47,42.5,10.2209936532221,78.9814941910257,NOISE,2025-05-04T03:00:47,42.5,10.2209936532221,78.9814941910257,NOISE
2026-04-24T09:54:43.348451,Map-Energy__sum__linear-conv00139-20250504_060047-20250504_120047-40.000000-45.000000.png,2025-05-04T06:00:47,2025-05-04T12:00:47,40.0,45.0,2025-05-04T09:00:47,42.5,10.2209936532221,78.9814941910257,NOISE,2025-05-04T09:00:47,42.5,10.2209936532221,78.9814941910257,NOISE,2025-05-04T09:00:47,42.5,10.2209936532221,78.9814941910257,NOISE,2025-05-04T09:00:47,42.5,10.2209936532221,78.9814941910257,NOISE
2026-04-24T09:55:36.676102,Map-Energy__sum__linear-conv00149-20250504_120047-20250504_180047-40.000000-45.000000.png,2025-05-04T12:00:47,2025-05-04T18:00:47,40.0,45.0,2025-05-04T15:00:47,42.5,10.2209936532221,78.9814941910257,NOISE,2025-05-04T15:00:47,42.5,10.2209936532221,78.9814941910257,NOISE,2025-05-04T15:00:47,42.5,10.2209936532221,78.9814941910257,NOISE,2025-05-04T15:00:47,42.5,10.2209936532221,78.9814941910257,NOISE
2026-04-24T09:55:39.780327,Map-Energy__sum__linear-conv00159-20250504_180047-20250505_000047-40.000000-45.000000.png,2025-05-04T18:00:47,2025-05-05T00:00:47,40.0,45.0,2025-05-04T21:00:47,42.5,10.2209936532221,78.9814941910257,NOISE,2025-05-04T21:00:47,42.5,10.2209936532221,78.9814941910257,NOISE,2025-05-04T21:00:47,42.5,10.2209936532221,78.9814941910257,NOISE,2025-05-04T21:00:47,42.5,10.2209936532221,78.9814941910257,NOISE
2026-04-24T09:55:41.020223,Map-Energy__sum__linear-conv00169-20250505_000047-20250505_060047-40.000000-45.000000.png,2025-05-05T00:00:47,2025-05-05T06:00:47,40.0,45.0,2025-05-05T03:00:47,42.5,10.2209936532221,78.9814941910257,NOISE,2025-05-05T03:00:47,42.5,10.2209936532221,78.9814941910257,NOISE,2025-05-05T03:00:47,42.5,10.2209936532221,78.9814941910257,NOISE,2025-05-05T03:00:47,42.5,10.2209936532221,78.9814941910257,NOISE
2026-04-24T09:55:44.108182,Map-Energy__sum__linear-conv00179-20250505_060047-20250505_120047-40.000000-45.000000.png,2025-05-05T06:00:47,2025-05-05T12:00:47,40.0,45.0,2025-05-05T09:00:47,42.5,10.2209936532221,78.9814941910257,NOISE,2025-05-05T09:00:47,42.5,10.2209936532221,78.9814941910257,NOISE,2025-05-05T09:00:47,42.5,10.2209936532221,78.9814941910257,NOISE,2025-05-05T09:00:47,42.5,10.2209936532221,78.9814941910257,NOISE
2026-04-24T09:55:45.460063,Map-Energy__sum__linear-conv00189-20250505_120047-20250505_180047-40.000000-45.000000.png,2025-05-05T12:00:47,2025-05-05T18:00:47,40.0,45.0,2025-05-05T15:00:47,42.5,10.2209936532221,78.9814941910257,NOISE,2025-05-05T15:00:47,42.5,10.2209936532221,78.9814941910257,NOISE,2025-05-05T15:00:47,42.5,10.2209936532221,78.9814941910257,NOISE,2025-05-05T15:00:47,42.5,10.2209936532221,78.9814941910257,NOISE
2026-04-24T09:55:46.820124,Map-Energy__sum__linear-conv00199-20250505_180047-20250506_000047-40.000000-45.000000.png,2025-05-05T18:00:47,2025-05-06T00:00:47,40.0,45.0,2025-05-05T21:00:47,42.5,10.2209936532221,78.9814941910257,NOISE,2025-05-05T21:00:47,42.5,10.2209936532221,78.9814941910257,NOISE,2025-05-05T21:00:47,42.5,10.2209936532221,78.9814941910257,NOISE,2025-05-05T21:00:47,42.5,10.2209936532221,78.9814941910257,NOISE
2026-04-24T09:55:47.860124,Map-Energy__sum__linear-conv00209-20250506_000047-20250506_060047-40.000000-45.000000.png,2025-05-06T00:00:47,2025-05-06T06:00:47,40.0,45.0,2025-05-06T03:00:47,42.5,10.2209936532221,78.9814941910257,NOISE,2025-05-06T03:00:47,42.5,10.2209936532221,78.9814941910257,NOISE,2025-05-06T03:00:47,42.5,10.2209936532221,78.9814941910257,NOISE,2025-05-06T03:00:47,42.5,10.2209936532221,78.9814941910257,NOISE
2026-04-24T09:55:48.788182,Map-Energy__sum__linear-conv00219-20250506_060047-20250506_120047-40.000000-45.000000.png,2025-05-06T06:00:47,2025-05-06T12:00:47,40.0,45.0,2025-05-06T09:00:47,42.5,10.2209936532221,78.9814941910257,NOISE,2025-05-06T09:00:47,42.5,10.2209936532221,78.9814941910257,NOISE,2025-05-06T09:00:47,42.5,10.2209936532221,78.9814941910257,NOISE,2025-05-06T09:00:47,42.5,10.2209936532221,78.9814941910257,NOISE
2026-04-24T09:55:50.388157,Map-Energy__sum__linear-conv00229-20250506_120047-20250506_180047-40.000000-45.000000.png,2025-05-06T12:00:47,2025-05-06T18:00:47,40.0,45.0,2025-05-06T15:00:47,42.5,10.2209936532221,78.9814941910257,NOISE,2025-05-06T15:00:47,42.5,10.2209936532221,78.9814941910257,NOISE,2025-05-06T15:00:47,42.5,10.2209936532221,78.9814941910257,NOISE,2025-05-06T15:00:47,42.5,10.2209936532221,78.9814941910257,NOISE
2026-04-24T09:55:51.380764,Map-Energy__sum__linear-conv00239-20250506_180047-20250507_000047-40.000000-45.000000.png,2025-05-06T18:00:47,2025-05-07T00:00:47,40.0,45.0,2025-05-06T21:00:47,42.5,10.2209936532221,78.9814941910257,NOISE,2025-05-06T21:00:47,42.5,10.2209936532221,78.9814941910257,NOISE,2025-05-06T21:00:47,42.5,10.2209936532221,78.9814941910257,NOISE,2025-05-06T21:00:47,42.5,10.2209936532221,78.9814941910257,NOISE
2026-04-24T09:55:58.059935,Map-Energy__sum__linear-conv00249-20250507_000047-20250507_060047-40.000000-45.000000.png,2025-05-07T00:00:47,2025-05-07T06:00:47,40.0,45.0,2025-05-07T03:00:47,42.5,10.2209936532221,78.9814941910257,NOISE,2025-05-07T03:00:47,42.5,10.2209936532221,78.9814941910257,NOISE,2025-05-07T03:00:47,42.5,10.2209936532221,78.9814941910257,NOISE,2025-05-07T03:00:47,42.5,10.2209936532221,78.9814941910257,NOISE
2026-04-24T09:56:04.644164,Map-Energy__sum__linear-conv00259-20250507_060047-20250507_120047-40.000000-45.000000.png,2025-05-07T06:00:47,2025-05-07T12:00:47,40.0,45.0,2025-05-07T10:10:22,41.846314,10.2491046491912,78.9837317893818,OTHER,2025-05-07T09:00:47,42.5,10.2209936532221,78.9814941910257,NOISE,2025-05-07T09:00:47,42.5,10.2209936532221,78.9814941910257,NOISE,2025-05-07T09:00:47,42.5,10.2209936532221,78.9814941910257,NOISE
2026-04-24T09:56:05.716170,Map-Energy__sum__linear-conv00269-20250507_120047-20250507_180047-40.000000-45.000000.png,2025-05-07T12:00:47,2025-05-07T18:00:47,40.0,45.0,2025-05-07T15:00:47,42.5,10.2209936532221,78.9814941910257,NOISE,2025-05-07T15:00:47,42.5,10.2209936532221,78.9814941910257,NOISE,2025-05-07T15:00:47,42.5,10.2209936532221,78.9814941910257,NOISE,2025-05-07T15:00:47,42.5,10.2209936532221,78.9814941910257,NOISE
2026-04-24T09:56:11.972056,Map-Energy__sum__linear-conv00279-20250507_180047-20250508_000047-40.000000-45.000000.png,2025-05-07T18:00:47,2025-05-08T00:00:47,40.0,45.0,2025-05-07T21:25:15,42.663422,10.2140538973481,78.9809529947905,OTHER,2025-05-07T21:00:47,42.5,10.2209936532221,78.9814941910257,NOISE,2025-05-07T21:00:47,42.5,10.2209936532221,78.9814941910257,NOISE,2025-05-07T21:00:47,42.5,10.2209936532221,78.9814941910257,NOISE
2026-04-24T09:56:13.204252,Map-Energy__sum__linear-conv00289-20250508_000047-20250508_060047-40.000000-45.000000.png,2025-05-08T00:00:47,2025-05-08T06:00:47,40.0,45.0,2025-05-08T03:00:47,42.5,10.2209936532221,78.9814941910257,NOISE,2025-05-08T03:00:47,42.5,10.2209936532221,78.9814941910257,NOISE,2025-05-08T03:00:47,42.5,10.2209936532221,78.9814941910257,NOISE,2025-05-08T03:00:47,42.5,10.2209936532221,78.9814941910257,NOISE
2026-04-24T09:56:14.172080,Map-Energy__sum__linear-conv00299-20250508_060047-20250508_120047-40.000000-45.000000.png,2025-05-08T06:00:47,2025-05-08T12:00:47,40.0,45.0,2025-05-08T09:00:47,42.5,10.2209936532221,78.9814941910257,NOISE,2025-05-08T09:00:47,42.5,10.2209936532221,78.9814941910257,NOISE,2025-05-08T09:00:47,42.5,10.2209936532221,78.9814941910257,NOISE,2025-05-08T09:00:47,42.5,10.2209936532221,78.9814941910257,NOISE
2026-04-24T09:56:19.724092,Map-Energy__sum__linear-conv00309-20250508_120047-20250508_180047-40.000000-45.000000.png,2025-05-08T12:00:47,2025-05-08T18:00:47,40.0,45.0,2025-05-08T16:23:05,43.192596,10.1910317155531,78.979177267767,VESSEL,2025-05-08T15:00:47,42.5,10.2209936532221,78.9814941910257,NOISE,2025-05-08T15:00:47,42.5,10.2209936532221,78.9814941910257,NOISE,2025-05-08T15:00:47,42.5,10.2209936532221,78.9814941910257,NOISE
2026-04-24T09:56:21.324278,Map-Energy__sum__linear-conv00319-20250508_180047-20250509_000047-40.000000-45.000000.png,2025-05-08T18:00:47,2025-05-09T00:00:47,40.0,45.0,2025-05-08T21:00:47,42.5,10.2209936532221,78.9814941910257,NOISE,2025-05-08T21:00:47,42.5,10.2209936532221,78.9814941910257,NOISE,2025-05-08T21:00:47,42.5,10.2209936532221,78.9814941910257,NOISE,2025-05-08T21:00:47,42.5,10.2209936532221,78.9814941910257,NOISE
2026-04-24T09:56:22.636049,Map-Energy__sum__linear-conv00329-20250509_000047-20250509_060047-40.000000-45.000000.png,2025-05-09T00:00:47,2025-05-09T06:00:47,40.0,45.0,2025-05-09T03:00:47,42.5,10.2209936532221,78.9814941910257,NOISE,2025-05-09T03:00:47,42.5,10.2209936532221,78.9814941910257,NOISE,2025-05-09T03:00:47,42.5,10.2209936532221,78.9814941910257,NOISE,2025-05-09T03:00:47,42.5,10.2209936532221,78.9814941910257,NOISE
2026-04-24T09:56:23.820168,Map-Energy__sum__linear-conv00339-20250509_060047-20250509_120047-40.000000-45.000000.png,2025-05-09T06:00:47,2025-05-09T12:00:47,40.0,45.0,2025-05-09T09:00:47,42.5,10.2209936532221,78.9814941910257,NOISE,2025-05-09T09:00:47,42.5,10.2209936532221,78.9814941910257,NOISE,2025-05-09T09:00:47,42.5,10.2209936532221,78.9814941910257,NOISE,2025-05-09T09:00:47,42.5,10.2209936532221,78.9814941910257,NOISE
2026-04-24T09:56:32.852139,Map-Energy__sum__linear-conv00349-20250509_120047-20250509_180047-40.000000-45.000000.png,2025-05-09T12:00:47,2025-05-09T18:00:47,40.0,45.0,2025-05-09T15:29:23,44.764556,10.1244080691494,78.9732789942277,VESSEL,2025-05-09T15:00:47,42.5,10.2209936532221,78.9814941910257,NOISE,2025-05-09T15:00:47,42.5,10.2209936532221,78.9814941910257,NOISE,2025-05-09T15:00:47,42.5,10.2209936532221,78.9814941910257,NOISE
2026-04-24T09:56:34.068149,Map-Energy__sum__linear-conv00359-20250509_180047-20250510_000047-40.000000-45.000000.png,2025-05-09T18:00:47,2025-05-10T00:00:47,40.0,45.0,2025-05-09T21:00:47,42.5,10.2209936532221,78.9814941910257,NOISE,2025-05-09T21:00:47,42.5,10.2209936532221,78.9814941910257,NOISE,2025-05-09T21:00:47,42.5,10.2209936532221,78.9814941910257,NOISE,2025-05-09T21:00:47,42.5,10.2209936532221,78.9814941910257,NOISE
2026-04-24T09:56:35.100066,Map-Energy__sum__linear-conv00369-20250510_000047-20250510_060047-40.000000-45.000000.png,2025-05-10T00:00:47,2025-05-10T06:00:47,40.0,45.0,2025-05-10T03:00:47,42.5,10.2209936532221,78.9814941910257,NOISE,2025-05-10T03:00:47,42.5,10.2209936532221,78.9814941910257,NOISE,2025-05-10T03:00:47,42.5,10.2209936532221,78.9814941910257,NOISE,2025-05-10T03:00:47,42.5,10.2209936532221,78.9814941910257,NOISE
2026-04-24T09:56:36.108233,Map-Energy__sum__linear-conv00379-20250510_060047-20250510_120047-40.000000-45.000000.png,2025-05-10T06:00:47,2025-05-10T12:00:47,40.0,45.0,2025-05-10T09:00:47,42.5,10.2209936532221,78.9814941910257,NOISE,2025-05-10T09:00:47,42.5,10.2209936532221,78.9814941910257,NOISE,2025-05-10T09:00:47,42.5,10.2209936532221,78.9814941910257,NOISE,2025-05-10T09:00:47,42.5,10.2209936532221,78.9814941910257,NOISE
2026-04-24T09:56:46.188030,Map-Energy__sum__linear-conv00389-20250510_120047-20250510_180047-40.000000-45.000000.png,2025-05-10T12:00:47,2025-05-10T18:00:47,40.0,45.0,2025-05-10T14:36:18,43.379364,10.1827805824914,78.9785408485903,OTHER,2025-05-10T15:00:47,42.5,10.2209936532221,78.9814941910257,NOISE,2025-05-10T15:00:47,42.5,10.2209936532221,78.9814941910257,NOISE,2025-05-10T15:00:47,42.5,10.2209936532221,78.9814941910257,NOISE
2026-04-24T09:56:47.211864,Map-Energy__sum__linear-conv00399-20250510_180047-20250511_000047-40.000000-45.000000.png,2025-05-10T18:00:47,2025-05-11T00:00:47,40.0,45.0,2025-05-10T21:00:47,42.5,10.2209936532221,78.9814941910257,NOISE,2025-05-10T21:00:47,42.5,10.2209936532221,78.9814941910257,NOISE,2025-05-10T21:00:47,42.5,10.2209936532221,78.9814941910257,NOISE,2025-05-10T21:00:47,42.5,10.2209936532221,78.9814941910257,NOISE
2026-04-24T09:56:48.268163,Map-Energy__sum__linear-conv00409-20250511_000047-20250511_060047-40.000000-45.000000.png,2025-05-11T00:00:47,2025-05-11T06:00:47,40.0,45.0,2025-05-11T03:00:47,42.5,10.2209936532221,78.9814941910257,NOISE,2025-05-11T03:00:47,42.5,10.2209936532221,78.9814941910257,NOISE,2025-05-11T03:00:47,42.5,10.2209936532221,78.9814941910257,NOISE,2025-05-11T03:00:47,42.5,10.2209936532221,78.9814941910257,NOISE
2026-04-24T09:56:49.500113,Map-Energy__sum__linear-conv00419-20250511_060047-20250511_120047-40.000000-45.000000.png,2025-05-11T06:00:47,2025-05-11T12:00:47,40.0,45.0,2025-05-11T09:00:47,42.5,10.2209936532221,78.9814941910257,NOISE,2025-05-11T09:00:47,42.5,10.2209936532221,78.9814941910257,NOISE,2025-05-11T09:00:47,42.5,10.2209936532221,78.9814941910257,NOISE,2025-05-11T09:00:47,42.5,10.2209936532221,78.9814941910257,NOISE
2026-04-24T09:56:50.468172,Map-Energy__sum__linear-conv00429-20250511_120047-20250511_180047-40.000000-45.000000.png,2025-05-11T12:00:47,2025-05-11T18:00:47,40.0,45.0,2025-05-11T15:00:47,42.5,10.2209936532221,78.9814941910257,NOISE,2025-05-11T15:00:47,42.5,10.2209936532221,78.9814941910257,NOISE,2025-05-11T15:00:47,42.5,10.2209936532221,78.9814941910257,NOISE,2025-05-11T15:00:47,42.5,10.2209936532221,78.9814941910257,NOISE
2026-04-24T09:56:51.444199,Map-Energy__sum__linear-conv00439-20250511_180047-20250512_000047-40.000000-45.000000.png,2025-05-11T18:00:47,2025-05-12T00:00:47,40.0,45.0,2025-05-11T21:00:47,42.5,10.2209936532221,78.9814941910257,NOISE,2025-05-11T21:00:47,42.5,10.2209936532221,78.9814941910257,NOISE,2025-05-11T21:00:47,42.5,10.2209936532221,78.9814941910257,NOISE,2025-05-11T21:00:47,42.5,10.2209936532221,78.9814941910257,NOISE
2026-04-24T09:56:52.300597,Map-Energy__sum__linear-conv00449-20250512_000047-20250512_060047-40.000000-45.000000.png,2025-05-12T00:00:47,2025-05-12T06:00:47,40.0,45.0,2025-05-12T03:00:47,42.5,10.2209936532221,78.9814941910257,NOISE,2025-05-12T03:00:47,42.5,10.2209936532221,78.9814941910257,NOISE,2025-05-12T03:00:47,42.5,10.2209936532221,78.9814941910257,NOISE,2025-05-12T03:00:47,42.5,10.2209936532221,78.9814941910257,NOISE
2026-04-24T09:56:53.356166,Map-Energy__sum__linear-conv00459-20250512_060047-20250512_120047-40.000000-45.000000.png,2025-05-12T06:00:47,2025-05-12T12:00:47,40.0,45.0,2025-05-12T09:00:47,42.5,10.2209936532221,78.9814941910257,NOISE,2025-05-12T09:00:47,42.5,10.2209936532221,78.9814941910257,NOISE,2025-05-12T09:00:47,42.5,10.2209936532221,78.9814941910257,NOISE,2025-05-12T09:00:47,42.5,10.2209936532221,78.9814941910257,NOISE
2026-04-24T09:56:58.108053,Map-Energy__sum__linear-conv00469-20250512_120047-20250512_180047-40.000000-45.000000.png,2025-05-12T12:00:47,2025-05-12T18:00:47,40.0,45.0,2025-05-12T15:00:47,42.5,10.2209936532221,78.9814941910257,NOISE,2025-05-12T15:00:47,42.5,10.2209936532221,78.9814941910257,NOISE,2025-05-12T15:00:47,42.5,10.2209936532221,78.9814941910257,NOISE,2025-05-12T15:00:47,42.5,10.2209936532221,78.9814941910257,NOISE
2026-04-24T09:56:59.516238,Map-Energy__sum__linear-conv00479-20250512_180047-20250513_000047-40.000000-45.000000.png,2025-05-12T18:00:47,2025-05-13T00:00:47,40.0,45.0,2025-05-12T21:00:47,42.5,10.2209936532221,78.9814941910257,NOISE,2025-05-12T21:00:47,42.5,10.2209936532221,78.9814941910257,NOISE,2025-05-12T21:00:47,42.5,10.2209936532221,78.9814941910257,NOISE,2025-05-12T21:00:47,42.5,10.2209936532221,78.9814941910257,NOISE
2026-04-24T09:57:01.180156,Map-Energy__sum__linear-conv00489-20250513_000047-20250513_060047-40.000000-45.000000.png,2025-05-13T00:00:47,2025-05-13T06:00:47,40.0,45.0,2025-05-13T03:00:47,42.5,10.2209936532221,78.9814941910257,NOISE,2025-05-13T03:00:47,42.5,10.2209936532221,78.9814941910257,NOISE,2025-05-13T03:00:47,42.5,10.2209936532221,78.9814941910257,NOISE,2025-05-13T03:00:47,42.5,10.2209936532221,78.9814941910257,NOISE
2026-04-24T09:57:02.253153,Map-Energy__sum__linear-conv00499-20250513_060047-20250513_120047-40.000000-45.000000.png,2025-05-13T06:00:47,2025-05-13T12:00:47,40.0,45.0,2025-05-13T09:00:47,42.5,10.2209936532221,78.9814941910257,NOISE,2025-05-13T09:00:47,42.5,10.2209936532221,78.9814941910257,NOISE,2025-05-13T09:00:47,42.5,10.2209936532221,78.9814941910257,NOISE,2025-05-13T09:00:47,42.5,10.2209936532221,78.9814941910257,NOISE
2026-04-24T09:57:06.380307,Map-Energy__sum__linear-conv00509-20250513_120047-20250513_180047-40.000000-45.000000.png,2025-05-13T12:00:47,2025-05-13T18:00:47,40.0,45.0,2025-05-13T15:00:47,42.5,10.2209936532221,78.9814941910257,NOISE,2025-05-13T15:00:47,42.5,10.2209936532221,78.9814941910257,NOISE,2025-05-13T15:00:47,42.5,10.2209936532221,78.9814941910257,NOISE,2025-05-13T15:00:47,42.5,10.2209936532221,78.9814941910257,NOISE
2026-04-24T09:57:07.924104,Map-Energy__sum__linear-conv00519-20250513_180047-20250514_000047-40.000000-45.000000.png,2025-05-13T18:00:47,2025-05-14T00:00:47,40.0,45.0,2025-05-13T21:00:47,42.5,10.2209936532221,78.9814941910257,NOISE,2025-05-13T21:00:47,42.5,10.2209936532221,78.9814941910257,NOISE,2025-05-13T21:00:47,42.5,10.2209936532221,78.9814941910257,NOISE,2025-05-13T21:00:47,42.5,10.2209936532221,78.9814941910257,NOISE
2026-04-24T09:57:09.108004,Map-Energy__sum__linear-conv00529-20250514_000047-20250514_060047-40.000000-45.000000.png,2025-05-14T00:00:47,2025-05-14T06:00:47,40.0,45.0,2025-05-14T03:00:47,42.5,10.2209936532221,78.9814941910257,NOISE,2025-05-14T03:00:47,42.5,10.2209936532221,78.9814941910257,NOISE,2025-05-14T03:00:47,42.5,10.2209936532221,78.9814941910257,NOISE,2025-05-14T03:00:47,42.5,10.2209936532221,78.9814941910257,NOISE
2026-04-24T09:57:10.156048,Map-Energy__sum__linear-conv00539-20250514_060047-20250514_120047-40.000000-45.000000.png,2025-05-14T06:00:47,2025-05-14T12:00:47,40.0,45.0,2025-05-14T09:00:47,42.5,10.2209936532221,78.9814941910257,NOISE,2025-05-14T09:00:47,42.5,10.2209936532221,78.9814941910257,NOISE,2025-05-14T09:00:47,42.5,10.2209936532221,78.9814941910257,NOISE,2025-05-14T09:00:47,42.5,10.2209936532221,78.9814941910257,NOISE
2026-04-24T09:57:11.238288,Map-Energy__sum__linear-conv00549-20250514_120047-20250514_180047-40.000000-45.000000.png,2025-05-14T12:00:47,2025-05-14T18:00:47,40.0,45.0,2025-05-14T15:00:47,42.5,10.2209936532221,78.9814941910257,NOISE,2025-05-14T15:00:47,42.5,10.2209936532221,78.9814941910257,NOISE,2025-05-14T15:00:47,42.5,10.2209936532221,78.9814941910257,NOISE,2025-05-14T15:00:47,42.5,10.2209936532221,78.9814941910257,NOISE
2026-04-24T09:57:12.476170,Map-Energy__sum__linear-conv00559-20250514_180047-20250515_000047-40.000000-45.000000.png,2025-05-14T18:00:47,2025-05-15T00:00:47,40.0,45.0,2025-05-14T21:00:47,42.5,10.2209936532221,78.9814941910257,NOISE,2025-05-14T21:00:47,42.5,10.2209936532221,78.9814941910257,NOISE,2025-05-14T21:00:47,42.5,10.2209936532221,78.9814941910257,NOISE,2025-05-14T21:00:47,42.5,10.2209936532221,78.9814941910257,NOISE
2026-04-24T09:57:14.812158,Map-Energy__sum__linear-conv00569-20250515_000047-20250515_060047-40.000000-45.000000.png,2025-05-15T00:00:47,2025-05-15T06:00:47,40.0,45.0,2025-05-15T03:00:47,42.5,10.2209936532221,78.9814941910257,NOISE,2025-05-15T03:00:47,42.5,10.2209936532221,78.9814941910257,NOISE,2025-05-15T03:00:47,42.5,10.2209936532221,78.9814941910257,NOISE,2025-05-15T03:00:47,42.5,10.2209936532221,78.9814941910257,NOISE
2026-04-24T09:58:51.652163,Map-Energy__sum__linear-conv00579-20250515_060047-20250515_120047-40.000000-45.000000.png,2025-05-15T06:00:47,2025-05-15T12:00:47,40.0,45.0,2025-05-15T09:00:47,42.5,10.2209936532221,78.9814941910257,NOISE,2025-05-15T09:00:47,42.5,10.2209936532221,78.9814941910257,NOISE,2025-05-15T09:00:47,42.5,10.2209936532221,78.9814941910257,NOISE,2025-05-15T09:00:47,42.5,10.2209936532221,78.9814941910257,NOISE
2026-04-24T09:58:54.228278,Map-Energy__sum__linear-conv00589-20250515_120047-20250515_180047-40.000000-45.000000.png,2025-05-15T12:00:47,2025-05-15T18:00:47,40.0,45.0,2025-05-15T15:00:47,42.5,10.2209936532221,78.9814941910257,NOISE,2025-05-15T15:00:47,42.5,10.2209936532221,78.9814941910257,NOISE,2025-05-15T15:00:47,42.5,10.2209936532221,78.9814941910257,NOISE,2025-05-15T15:00:47,42.5,10.2209936532221,78.9814941910257,NOISE
2026-04-24T09:58:55.724180,Map-Energy__sum__linear-conv00599-20250515_180047-20250516_000047-40.000000-45.000000.png,2025-05-15T18:00:47,2025-05-16T00:00:47,40.0,45.0,2025-05-15T21:00:47,42.5,10.2209936532221,78.9814941910257,NOISE,2025-05-15T21:00:47,42.5,10.2209936532221,78.9814941910257,NOISE,2025-05-15T21:00:47,42.5,10.2209936532221,78.9814941910257,NOISE,2025-05-15T21:00:47,42.5,10.2209936532221,78.9814941910257,NOISE
2026-04-24T09:58:57.388103,Map-Energy__sum__linear-conv00609-20250516_000047-20250516_060047-40.000000-45.000000.png,2025-05-16T00:00:47,2025-05-16T06:00:47,40.0,45.0,2025-05-16T03:00:47,42.5,10.2209936532221,78.9814941910257,NOISE,2025-05-16T03:00:47,42.5,10.2209936532221,78.9814941910257,NOISE,2025-05-16T03:00:47,42.5,10.2209936532221,78.9814941910257,NOISE,2025-05-16T03:00:47,42.5,10.2209936532221,78.9814941910257,NOISE
2026-04-24T09:58:58.523772,Map-Energy__sum__linear-conv00619-20250516_060047-20250516_120047-40.000000-45.000000.png,2025-05-16T06:00:47,2025-05-16T12:00:47,40.0,45.0,2025-05-16T09:00:47,42.5,10.2209936532221,78.9814941910257,NOISE,2025-05-16T09:00:47,42.5,10.2209936532221,78.9814941910257,NOISE,2025-05-16T09:00:47,42.5,10.2209936532221,78.9814941910257,NOISE,2025-05-16T09:00:47,42.5,10.2209936532221,78.9814941910257,NOISE
2026-04-24T09:58:59.692158,Map-Energy__sum__linear-conv00629-20250516_120047-20250516_180047-40.000000-45.000000.png,2025-05-16T12:00:47,2025-05-16T18:00:47,40.0,45.0,2025-05-16T15:00:47,42.5,10.2209936532221,78.9814941910257,NOISE,2025-05-16T15:00:47,42.5,10.2209936532221,78.9814941910257,NOISE,2025-05-16T15:00:47,42.5,10.2209936532221,78.9814941910257,NOISE,2025-05-16T15:00:47,42.5,10.2209936532221,78.9814941910257,NOISE
2026-04-24T09:59:00.868089,Map-Energy__sum__linear-conv00639-20250516_180047-20250517_000047-40.000000-45.000000.png,2025-05-16T18:00:47,2025-05-17T00:00:47,40.0,45.0,2025-05-16T21:00:47,42.5,10.2209936532221,78.9814941910257,NOISE,2025-05-16T21:00:47,42.5,10.2209936532221,78.9814941910257,NOISE,2025-05-16T21:00:47,42.5,10.2209936532221,78.9814941910257,NOISE,2025-05-16T21:00:47,42.5,10.2209936532221,78.9814941910257,NOISE
2026-04-24T09:59:01.948136,Map-Energy__sum__linear-conv00649-20250517_000047-20250517_060047-40.000000-45.000000.png,2025-05-17T00:00:47,2025-05-17T06:00:47,40.0,45.0,2025-05-17T03:00:47,42.5,10.2209936532221,78.9814941910257,NOISE,2025-05-17T03:00:47,42.5,10.2209936532221,78.9814941910257,NOISE,2025-05-17T03:00:47,42.5,10.2209936532221,78.9814941910257,NOISE,2025-05-17T03:00:47,42.5,10.2209936532221,78.9814941910257,NOISE
2026-04-24T09:59:03.204201,Map-Energy__sum__linear-conv00659-20250517_060047-20250517_120047-40.000000-45.000000.png,2025-05-17T06:00:47,2025-05-17T12:00:47,40.0,45.0,2025-05-17T09:00:47,42.5,10.2209936532221,78.9814941910257,NOISE,2025-05-17T09:00:47,42.5,10.2209936532221,78.9814941910257,NOISE,2025-05-17T09:00:47,42.5,10.2209936532221,78.9814941910257,NOISE,2025-05-17T09:00:47,42.5,10.2209936532221,78.9814941910257,NOISE
2026-04-24T09:59:04.547937,Map-Energy__sum__linear-conv00669-20250517_120047-20250517_180047-40.000000-45.000000.png,2025-05-17T12:00:47,2025-05-17T18:00:47,40.0,45.0,2025-05-17T15:00:47,42.5,10.2209936532221,78.9814941910257,NOISE,2025-05-17T15:00:47,42.5,10.2209936532221,78.9814941910257,NOISE,2025-05-17T15:00:47,42.5,10.2209936532221,78.9814941910257,NOISE,2025-05-17T15:00:47,42.5,10.2209936532221,78.9814941910257,NOISE
2026-04-24T09:59:05.628120,Map-Energy__sum__linear-conv00679-20250517_180047-20250518_000047-40.000000-45.000000.png,2025-05-17T18:00:47,2025-05-18T00:00:47,40.0,45.0,2025-05-17T21:00:47,42.5,10.2209936532221,78.9814941910257,NOISE,2025-05-17T21:00:47,42.5,10.2209936532221,78.9814941910257,NOISE,2025-05-17T21:00:47,42.5,10.2209936532221,78.9814941910257,NOISE,2025-05-17T21:00:47,42.5,10.2209936532221,78.9814941910257,NOISE
2026-04-24T09:59:06.476174,Map-Energy__sum__linear-conv00689-20250518_000047-20250518_060047-40.000000-45.000000.png,2025-05-18T00:00:47,2025-05-18T06:00:47,40.0,45.0,2025-05-18T03:00:47,42.5,10.2209936532221,78.9814941910257,NOISE,2025-05-18T03:00:47,42.5,10.2209936532221,78.9814941910257,NOISE,2025-05-18T03:00:47,42.5,10.2209936532221,78.9814941910257,NOISE,2025-05-18T03:00:47,42.5,10.2209936532221,78.9814941910257,NOISE
2026-04-24T09:59:07.292122,Map-Energy__sum__linear-conv00699-20250518_060047-20250518_120047-40.000000-45.000000.png,2025-05-18T06:00:47,2025-05-18T12:00:47,40.0,45.0,2025-05-18T09:00:47,42.5,10.2209936532221,78.9814941910257,NOISE,2025-05-18T09:00:47,42.5,10.2209936532221,78.9814941910257,NOISE,2025-05-18T09:00:47,42.5,10.2209936532221,78.9814941910257,NOISE,2025-05-18T09:00:47,42.5,10.2209936532221,78.9814941910257,NOISE
2026-04-24T09:59:08.116115,Map-Energy__sum__linear-conv00709-20250518_120047-20250518_180047-40.000000-45.000000.png,2025-05-18T12:00:47,2025-05-18T18:00:47,40.0,45.0,2025-05-18T15:00:47,42.5,10.2209936532221,78.9814941910257,NOISE,2025-05-18T15:00:47,42.5,10.2209936532221,78.9814941910257,NOISE,2025-05-18T15:00:47,42.5,10.2209936532221,78.9814941910257,NOISE,2025-05-18T15:00:47,42.5,10.2209936532221,78.9814941910257,NOISE
2026-04-24T09:59:08.916148,Map-Energy__sum__linear-conv00719-20250518_180047-20250519_000047-40.000000-45.000000.png,2025-05-18T18:00:47,2025-05-19T00:00:47,40.0,45.0,2025-05-18T21:00:47,42.5,10.2209936532221,78.9814941910257,NOISE,2025-05-18T21:00:47,42.5,10.2209936532221,78.9814941910257,NOISE,2025-05-18T21:00:47,42.5,10.2209936532221,78.9814941910257,NOISE,2025-05-18T21:00:47,42.5,10.2209936532221,78.9814941910257,NOISE
2026-04-24T09:59:09.844171,Map-Energy__sum__linear-conv00729-20250519_000047-20250519_060047-40.000000-45.000000.png,2025-05-19T00:00:47,2025-05-19T06:00:47,40.0,45.0,2025-05-19T03:00:47,42.5,10.2209936532221,78.9814941910257,NOISE,2025-05-19T03:00:47,42.5,10.2209936532221,78.9814941910257,NOISE,2025-05-19T03:00:47,42.5,10.2209936532221,78.9814941910257,NOISE,2025-05-19T03:00:47,42.5,10.2209936532221,78.9814941910257,NOISE
2026-04-24T09:59:10.676507,Map-Energy__sum__linear-conv00739-20250519_060047-20250519_120047-40.000000-45.000000.png,2025-05-19T06:00:47,2025-05-19T12:00:47,40.0,45.0,2025-05-19T09:00:47,42.5,10.2209936532221,78.9814941910257,NOISE,2025-05-19T09:00:47,42.5,10.2209936532221,78.9814941910257,NOISE,2025-05-19T09:00:47,42.5,10.2209936532221,78.9814941910257,NOISE,2025-05-19T09:00:47,42.5,10.2209936532221,78.9814941910257,NOISE
2026-04-24T09:59:11.836304,Map-Energy__sum__linear-conv00749-20250519_120047-20250519_180047-40.000000-45.000000.png,2025-05-19T12:00:47,2025-05-19T18:00:47,40.0,45.0,2025-05-19T15:00:47,42.5,10.2209936532221,78.9814941910257,NOISE,2025-05-19T15:00:47,42.5,10.2209936532221,78.9814941910257,NOISE,2025-05-19T15:00:47,42.5,10.2209936532221,78.9814941910257,NOISE,2025-05-19T15:00:47,42.5,10.2209936532221,78.9814941910257,NOISE
2026-04-24T09:59:12.796049,Map-Energy__sum__linear-conv00759-20250519_180047-20250520_000047-40.000000-45.000000.png,2025-05-19T18:00:47,2025-05-20T00:00:47,40.0,45.0,2025-05-19T21:00:47,42.5,10.2209936532221,78.9814941910257,NOISE,2025-05-19T21:00:47,42.5,10.2209936532221,78.9814941910257,NOISE,2025-05-19T21:00:47,42.5,10.2209936532221,78.9814941910257,NOISE,2025-05-19T21:00:47,42.5,10.2209936532221,78.9814941910257,NOISE
2026-04-24T09:59:13.740186,Map-Energy__sum__linear-conv00769-20250520_000047-20250520_060047-40.000000-45.000000.png,2025-05-20T00:00:47,2025-05-20T06:00:47,40.0,45.0,2025-05-20T03:00:47,42.5,10.2209936532221,78.9814941910257,NOISE,2025-05-20T03:00:47,42.5,10.2209936532221,78.9814941910257,NOISE,2025-05-20T03:00:47,42.5,10.2209936532221,78.9814941910257,NOISE,2025-05-20T03:00:47,42.5,10.2209936532221,78.9814941910257,NOISE
2026-04-24T09:59:15.660059,Map-Energy__sum__linear-conv00779-20250520_060047-20250520_120047-40.000000-45.000000.png,2025-05-20T06:00:47,2025-05-20T12:00:47,40.0,45.0,2025-05-20T09:00:47,42.5,10.2209936532221,78.9814941910257,NOISE,2025-05-20T09:00:47,42.5,10.2209936532221,78.9814941910257,NOISE,2025-05-20T09:00:47,42.5,10.2209936532221,78.9814941910257,NOISE,2025-05-20T09:00:47,42.5,10.2209936532221,78.9814941910257,NOISE
2026-04-24T09:59:17.124125,Map-Energy__sum__linear-conv00789-20250520_120047-20250520_180047-40.000000-45.000000.png,2025-05-20T12:00:47,2025-05-20T18:00:47,40.0,45.0,2025-05-20T15:00:47,42.5,10.2209936532221,78.9814941910257,NOISE,2025-05-20T15:00:47,42.5,10.2209936532221,78.9814941910257,NOISE,2025-05-20T15:00:47,42.5,10.2209936532221,78.9814941910257,NOISE,2025-05-20T15:00:47,42.5,10.2209936532221,78.9814941910257,NOISE
2026-04-24T09:59:18.628025,Map-Energy__sum__linear-conv00799-20250520_180047-20250521_000047-40.000000-45.000000.png,2025-05-20T18:00:47,2025-05-21T00:00:47,40.0,45.0,2025-05-20T21:00:47,42.5,10.2209936532221,78.9814941910257,NOISE,2025-05-20T21:00:47,42.5,10.2209936532221,78.9814941910257,NOISE,2025-05-20T21:00:47,42.5,10.2209936532221,78.9814941910257,NOISE,2025-05-20T21:00:47,42.5,10.2209936532221,78.9814941910257,NOISE
2026-04-24T09:59:19.924125,Map-Energy__sum__linear-conv00809-20250521_000047-20250521_060047-40.000000-45.000000.png,2025-05-21T00:00:47,2025-05-21T06:00:47,40.0,45.0,2025-05-21T03:00:47,42.5,10.2209936532221,78.9814941910257,NOISE,2025-05-21T03:00:47,42.5,10.2209936532221,78.9814941910257,NOISE,2025-05-21T03:00:47,42.5,10.2209936532221,78.9814941910257,NOISE,2025-05-21T03:00:47,42.5,10.2209936532221,78.9814941910257,NOISE
2026-04-24T09:59:20.956044,Map-Energy__sum__linear-conv00819-20250521_060047-20250521_120047-40.000000-45.000000.png,2025-05-21T06:00:47,2025-05-21T12:00:47,40.0,45.0,2025-05-21T09:00:47,42.5,10.2209936532221,78.9814941910257,NOISE,2025-05-21T09:00:47,42.5,10.2209936532221,78.9814941910257,NOISE,2025-05-21T09:00:47,42.5,10.2209936532221,78.9814941910257,NOISE,2025-05-21T09:00:47,42.5,10.2209936532221,78.9814941910257,NOISE
2026-04-24T09:59:22.467885,Map-Energy__sum__linear-conv00829-20250521_120047-20250521_180047-40.000000-45.000000.png,2025-05-21T12:00:47,2025-05-21T18:00:47,40.0,45.0,2025-05-21T15:00:47,42.5,10.2209936532221,78.9814941910257,NOISE,2025-05-21T15:00:47,42.5,10.2209936532221,78.9814941910257,NOISE,2025-05-21T15:00:47,42.5,10.2209936532221,78.9814941910257,NOISE,2025-05-21T15:00:47,42.5,10.2209936532221,78.9814941910257,NOISE
2026-04-24T09:59:23.652081,Map-Energy__sum__linear-conv00839-20250521_180047-20250522_000047-40.000000-45.000000.png,2025-05-21T18:00:47,2025-05-22T00:00:47,40.0,45.0,2025-05-21T21:00:47,42.5,10.2209936532221,78.9814941910257,NOISE,2025-05-21T21:00:47,42.5,10.2209936532221,78.9814941910257,NOISE,2025-05-21T21:00:47,42.5,10.2209936532221,78.9814941910257,NOISE,2025-05-21T21:00:47,42.5,10.2209936532221,78.9814941910257,NOISE
2026-04-24T09:59:29.188094,Map-Energy__sum__linear-conv00849-20250522_000047-20250522_060047-40.000000-45.000000.png,2025-05-22T00:00:47,2025-05-22T06:00:47,40.0,45.0,2025-05-22T03:00:47,42.5,10.2209936532221,78.9814941910257,NOISE,2025-05-22T03:00:47,42.5,10.2209936532221,78.9814941910257,NOISE,2025-05-22T03:00:47,42.5,10.2209936532221,78.9814941910257,NOISE,2025-05-22T03:00:47,42.5,10.2209936532221,78.9814941910257,NOISE
2026-04-24T09:59:30.508074,Map-Energy__sum__linear-conv00859-20250522_060047-20250522_120047-40.000000-45.000000.png,2025-05-22T06:00:47,2025-05-22T12:00:47,40.0,45.0,2025-05-22T09:00:47,42.5,10.2209936532221,78.9814941910257,NOISE,2025-05-22T09:00:47,42.5,10.2209936532221,78.9814941910257,NOISE,2025-05-22T09:00:47,42.5,10.2209936532221,78.9814941910257,NOISE,2025-05-22T09:00:47,42.5,10.2209936532221,78.9814941910257,NOISE
2026-04-24T09:59:32.100095,Map-Energy__sum__linear-conv00869-20250522_120047-20250522_180047-40.000000-45.000000.png,2025-05-22T12:00:47,2025-05-22T18:00:47,40.0,45.0,2025-05-22T15:00:47,42.5,10.2209936532221,78.9814941910257,NOISE,2025-05-22T15:00:47,42.5,10.2209936532221,78.9814941910257,NOISE,2025-05-22T15:00:47,42.5,10.2209936532221,78.9814941910257,NOISE,2025-05-22T15:00:47,42.5,10.2209936532221,78.9814941910257,NOISE
2026-04-24T09:59:33.436178,Map-Energy__sum__linear-conv00879-20250522_180047-20250523_000047-40.000000-45.000000.png,2025-05-22T18:00:47,2025-05-23T00:00:47,40.0,45.0,2025-05-22T21:00:47,42.5,10.2209936532221,78.9814941910257,NOISE,2025-05-22T21:00:47,42.5,10.2209936532221,78.9814941910257,NOISE,2025-05-22T21:00:47,42.5,10.2209936532221,78.9814941910257,NOISE,2025-05-22T21:00:47,42.5,10.2209936532221,78.9814941910257,NOISE
2026-04-24T09:59:34.492072,Map-Energy__sum__linear-conv00889-20250523_000047-20250523_060047-40.000000-45.000000.png,2025-05-23T00:00:47,2025-05-23T06:00:47,40.0,45.0,2025-05-23T03:00:47,42.5,10.2209936532221,78.9814941910257,NOISE,2025-05-23T03:00:47,42.5,10.2209936532221,78.9814941910257,NOISE,2025-05-23T03:00:47,42.5,10.2209936532221,78.9814941910257,NOISE,2025-05-23T03:00:47,42.5,10.2209936532221,78.9814941910257,NOISE
2026-04-24T09:59:35.732227,Map-Energy__sum__linear-conv00899-20250523_060047-20250523_120047-40.000000-45.000000.png,2025-05-23T06:00:47,2025-05-23T12:00:47,40.0,45.0,2025-05-23T09:00:47,42.5,10.2209936532221,78.9814941910257,NOISE,2025-05-23T09:00:47,42.5,10.2209936532221,78.9814941910257,NOISE,2025-05-23T09:00:47,42.5,10.2209936532221,78.9814941910257,NOISE,2025-05-23T09:00:47,42.5,10.2209936532221,78.9814941910257,NOISE
2026-04-24T09:59:36.932272,Map-Energy__sum__linear-conv00909-20250523_120047-20250523_180047-40.000000-45.000000.png,2025-05-23T12:00:47,2025-05-23T18:00:47,40.0,45.0,2025-05-23T15:00:47,42.5,10.2209936532221,78.9814941910257,NOISE,2025-05-23T15:00:47,42.5,10.2209936532221,78.9814941910257,NOISE,2025-05-23T15:00:47,42.5,10.2209936532221,78.9814941910257,NOISE,2025-05-23T15:00:47,42.5,10.2209936532221,78.9814941910257,NOISE
2026-04-24T09:59:38.572130,Map-Energy__sum__linear-conv00919-20250523_180047-20250524_000047-40.000000-45.000000.png,2025-05-23T18:00:47,2025-05-24T00:00:47,40.0,45.0,2025-05-23T21:00:47,42.5,10.2209936532221,78.9814941910257,NOISE,2025-05-23T21:00:47,42.5,10.2209936532221,78.9814941910257,NOISE,2025-05-23T21:00:47,42.5,10.2209936532221,78.9814941910257,NOISE,2025-05-23T21:00:47,42.5,10.2209936532221,78.9814941910257,NOISE
2026-04-24T09:59:40.851892,Map-Energy__sum__linear-conv00929-20250524_000047-20250524_060047-40.000000-45.000000.png,2025-05-24T00:00:47,2025-05-24T06:00:47,40.0,45.0,2025-05-24T03:00:47,42.5,10.2209936532221,78.9814941910257,NOISE,2025-05-24T03:00:47,42.5,10.2209936532221,78.9814941910257,NOISE,2025-05-24T03:00:47,42.5,10.2209936532221,78.9814941910257,NOISE,2025-05-24T03:00:47,42.5,10.2209936532221,78.9814941910257,NOISE
2026-04-24T09:59:42.444113,Map-Energy__sum__linear-conv00939-20250524_060047-20250524_120047-40.000000-45.000000.png,2025-05-24T06:00:47,2025-05-24T12:00:47,40.0,45.0,2025-05-24T09:00:47,42.5,10.2209936532221,78.9814941910257,NOISE,2025-05-24T09:00:47,42.5,10.2209936532221,78.9814941910257,NOISE,2025-05-24T09:00:47,42.5,10.2209936532221,78.9814941910257,NOISE,2025-05-24T09:00:47,42.5,10.2209936532221,78.9814941910257,NOISE
2026-04-24T09:59:43.628040,Map-Energy__sum__linear-conv00949-20250524_120047-20250524_180047-40.000000-45.000000.png,2025-05-24T12:00:47,2025-05-24T18:00:47,40.0,45.0,2025-05-24T15:00:47,42.5,10.2209936532221,78.9814941910257,NOISE,2025-05-24T15:00:47,42.5,10.2209936532221,78.9814941910257,NOISE,2025-05-24T15:00:47,42.5,10.2209936532221,78.9814941910257,NOISE,2025-05-24T15:00:47,42.5,10.2209936532221,78.9814941910257,NOISE
2026-04-24T09:59:44.796110,Map-Energy__sum__linear-conv00959-20250524_180047-20250525_000047-40.000000-45.000000.png,2025-05-24T18:00:47,2025-05-25T00:00:47,40.0,45.0,2025-05-24T21:00:47,42.5,10.2209936532221,78.9814941910257,NOISE,2025-05-24T21:00:47,42.5,10.2209936532221,78.9814941910257,NOISE,2025-05-24T21:00:47,42.5,10.2209936532221,78.9814941910257,NOISE,2025-05-24T21:00:47,42.5,10.2209936532221,78.9814941910257,NOISE
2026-04-24T09:59:45.660126,Map-Energy__sum__linear-conv00969-20250525_000047-20250525_060047-40.000000-45.000000.png,2025-05-25T00:00:47,2025-05-25T06:00:47,40.0,45.0,2025-05-25T03:00:47,42.5,10.2209936532221,78.9814941910257,NOISE,2025-05-25T03:00:47,42.5,10.2209936532221,78.9814941910257,NOISE,2025-05-25T03:00:47,42.5,10.2209936532221,78.9814941910257,NOISE,2025-05-25T03:00:47,42.5,10.2209936532221,78.9814941910257,NOISE
2026-04-24T09:59:46.628118,Map-Energy__sum__linear-conv00979-20250525_060047-20250525_120047-40.000000-45.000000.png,2025-05-25T06:00:47,2025-05-25T12:00:47,40.0,45.0,2025-05-25T09:00:47,42.5,10.2209936532221,78.9814941910257,NOISE,2025-05-25T09:00:47,42.5,10.2209936532221,78.9814941910257,NOISE,2025-05-25T09:00:47,42.5,10.2209936532221,78.9814941910257,NOISE,2025-05-25T09:00:47,42.5,10.2209936532221,78.9814941910257,NOISE
2026-04-24T09:59:47.548077,Map-Energy__sum__linear-conv00989-20250525_120047-20250525_180047-40.000000-45.000000.png,2025-05-25T12:00:47,2025-05-25T18:00:47,40.0,45.0,2025-05-25T15:00:47,42.5,10.2209936532221,78.9814941910257,NOISE,2025-05-25T15:00:47,42.5,10.2209936532221,78.9814941910257,NOISE,2025-05-25T15:00:47,42.5,10.2209936532221,78.9814941910257,NOISE,2025-05-25T15:00:47,42.5,10.2209936532221,78.9814941910257,NOISE
2026-04-24T09:59:50.836135,Map-Energy__sum__linear-conv00999-20250525_180047-20250526_000047-40.000000-45.000000.png,2025-05-25T18:00:47,2025-05-26T00:00:47,40.0,45.0,2025-05-25T21:00:47,42.5,10.2209936532221,78.9814941910257,NOISE,2025-05-25T21:00:47,42.5,10.2209936532221,78.9814941910257,NOISE,2025-05-25T21:00:47,42.5,10.2209936532221,78.9814941910257,NOISE,2025-05-25T21:00:47,42.5,10.2209936532221,78.9814941910257,NOISE
2026-04-24T09:59:51.676139,Map-Energy__sum__linear-conv01009-20250526_000047-20250526_060047-40.000000-45.000000.png,2025-05-26T00:00:47,2025-05-26T06:00:47,40.0,45.0,2025-05-26T03:00:47,42.5,10.2209936532221,78.9814941910257,NOISE,2025-05-26T03:00:47,42.5,10.2209936532221,78.9814941910257,NOISE,2025-05-26T03:00:47,42.5,10.2209936532221,78.9814941910257,NOISE,2025-05-26T03:00:47,42.5,10.2209936532221,78.9814941910257,NOISE
2026-04-24T09:59:54.692228,Map-Energy__sum__linear-conv00010-20250501_000047-20250501_060047-45.000000-49.900000.png,2025-05-01T00:00:47,2025-05-01T06:00:47,45.0,49.9,2025-05-01T03:00:47,47.45,10.0532262506808,78.9644950928927,NOISE,2025-05-01T03:00:47,47.45,10.0532262506808,78.9644950928927,NOISE,2025-05-01T03:00:47,47.45,10.0532262506808,78.9644950928927,NOISE,2025-05-01T03:00:47,47.45,10.0532262506808,78.9644950928927,NOISE
2026-04-24T09:59:55.756024,Map-Energy__sum__linear-conv00020-20250501_060047-20250501_120047-45.000000-49.900000.png,2025-05-01T06:00:47,2025-05-01T12:00:47,45.0,49.9,2025-05-01T09:00:47,47.45,10.0532262506808,78.9644950928927,NOISE,2025-05-01T09:00:47,47.45,10.0532262506808,78.9644950928927,NOISE,2025-05-01T09:00:47,47.45,10.0532262506808,78.9644950928927,NOISE,2025-05-01T09:00:47,47.45,10.0532262506808,78.9644950928927,NOISE
2026-04-24T09:59:56.724090,Map-Energy__sum__linear-conv00030-20250501_120047-20250501_180047-45.000000-49.900000.png,2025-05-01T12:00:47,2025-05-01T18:00:47,45.0,49.9,2025-05-01T15:00:47,47.45,10.0532262506808,78.9644950928927,NOISE,2025-05-01T15:00:47,47.45,10.0532262506808,78.9644950928927,NOISE,2025-05-01T15:00:47,47.45,10.0532262506808,78.9644950928927,NOISE,2025-05-01T15:00:47,47.45,10.0532262506808,78.9644950928927,NOISE
2026-04-24T09:59:57.548178,Map-Energy__sum__linear-conv00040-20250501_180047-20250502_000047-45.000000-49.900000.png,2025-05-01T18:00:47,2025-05-02T00:00:47,45.0,49.9,2025-05-01T21:00:47,47.45,10.0532262506808,78.9644950928927,NOISE,2025-05-01T21:00:47,47.45,10.0532262506808,78.9644950928927,NOISE,2025-05-01T21:00:47,47.45,10.0532262506808,78.9644950928927,NOISE,2025-05-01T21:00:47,47.45,10.0532262506808,78.9644950928927,NOISE
2026-04-24T09:59:58.396043,Map-Energy__sum__linear-conv00050-20250502_000047-20250502_060047-45.000000-49.900000.png,2025-05-02T00:00:47,2025-05-02T06:00:47,45.0,49.9,2025-05-02T03:00:47,47.45,10.0532262506808,78.9644950928927,NOISE,2025-05-02T03:00:47,47.45,10.0532262506808,78.9644950928927,NOISE,2025-05-02T03:00:47,47.45,10.0532262506808,78.9644950928927,NOISE,2025-05-02T03:00:47,47.45,10.0532262506808,78.9644950928927,NOISE
2026-04-24T09:59:59.204085,Map-Energy__sum__linear-conv00060-20250502_060047-20250502_120047-45.000000-49.900000.png,2025-05-02T06:00:47,2025-05-02T12:00:47,45.0,49.9,2025-05-02T09:00:47,47.45,10.0532262506808,78.9644950928927,NOISE,2025-05-02T09:00:47,47.45,10.0532262506808,78.9644950928927,NOISE,2025-05-02T09:00:47,47.45,10.0532262506808,78.9644950928927,NOISE,2025-05-02T09:00:47,47.45,10.0532262506808,78.9644950928927,NOISE
2026-04-24T09:59:59.972139,Map-Energy__sum__linear-conv00070-20250502_120047-20250502_180047-45.000000-49.900000.png,2025-05-02T12:00:47,2025-05-02T18:00:47,45.0,49.9,2025-05-02T15:00:47,47.45,10.0532262506808,78.9644950928927,NOISE,2025-05-02T15:00:47,47.45,10.0532262506808,78.9644950928927,NOISE,2025-05-02T15:00:47,47.45,10.0532262506808,78.9644950928927,NOISE,2025-05-02T15:00:47,47.45,10.0532262506808,78.9644950928927,NOISE
2026-04-24T10:00:00.692386,Map-Energy__sum__linear-conv00080-20250502_180047-20250503_000047-45.000000-49.900000.png,2025-05-02T18:00:47,2025-05-03T00:00:47,45.0,49.9,2025-05-02T21:00:47,47.45,10.0532262506808,78.9644950928927,NOISE,2025-05-02T21:00:47,47.45,10.0532262506808,78.9644950928927,NOISE,2025-05-02T21:00:47,47.45,10.0532262506808,78.9644950928927,NOISE,2025-05-02T21:00:47,47.45,10.0532262506808,78.9644950928927,NOISE
2026-04-24T10:00:01.484058,Map-Energy__sum__linear-conv00090-20250503_000047-20250503_060047-45.000000-49.900000.png,2025-05-03T00:00:47,2025-05-03T06:00:47,45.0,49.9,2025-05-03T03:00:47,47.45,10.0532262506808,78.9644950928927,NOISE,2025-05-03T03:00:47,47.45,10.0532262506808,78.9644950928927,NOISE,2025-05-03T03:00:47,47.45,10.0532262506808,78.9644950928927,NOISE,2025-05-03T03:00:47,47.45,10.0532262506808,78.9644950928927,NOISE
2026-04-24T10:00:02.179933,Map-Energy__sum__linear-conv00100-20250503_060047-20250503_120047-45.000000-49.900000.png,2025-05-03T06:00:47,2025-05-03T12:00:47,45.0,49.9,2025-05-03T09:00:47,47.45,10.0532262506808,78.9644950928927,NOISE,2025-05-03T09:00:47,47.45,10.0532262506808,78.9644950928927,NOISE,2025-05-03T09:00:47,47.45,10.0532262506808,78.9644950928927,NOISE,2025-05-03T09:00:47,47.45,10.0532262506808,78.9644950928927,NOISE
2026-04-24T10:00:03.100148,Map-Energy__sum__linear-conv00110-20250503_120047-20250503_180047-45.000000-49.900000.png,2025-05-03T12:00:47,2025-05-03T18:00:47,45.0,49.9,2025-05-03T15:00:47,47.45,10.0532262506808,78.9644950928927,NOISE,2025-05-03T15:00:47,47.45,10.0532262506808,78.9644950928927,NOISE,2025-05-03T15:00:47,47.45,10.0532262506808,78.9644950928927,NOISE,2025-05-03T15:00:47,47.45,10.0532262506808,78.9644950928927,NOISE
2026-04-24T10:00:04.109933,Map-Energy__sum__linear-conv00120-20250503_180047-20250504_000047-45.000000-49.900000.png,2025-05-03T18:00:47,2025-05-04T00:00:47,45.0,49.9,2025-05-03T21:00:47,47.45,10.0532262506808,78.9644950928927,NOISE,2025-05-03T21:00:47,47.45,10.0532262506808,78.9644950928927,NOISE,2025-05-03T21:00:47,47.45,10.0532262506808,78.9644950928927,NOISE,2025-05-03T21:00:47,47.45,10.0532262506808,78.9644950928927,NOISE
2026-04-24T10:00:04.980128,Map-Energy__sum__linear-conv00130-20250504_000047-20250504_060047-45.000000-49.900000.png,2025-05-04T00:00:47,2025-05-04T06:00:47,45.0,49.9,2025-05-04T03:00:47,47.45,10.0532262506808,78.9644950928927,NOISE,2025-05-04T03:00:47,47.45,10.0532262506808,78.9644950928927,NOISE,2025-05-04T03:00:47,47.45,10.0532262506808,78.9644950928927,NOISE,2025-05-04T03:00:47,47.45,10.0532262506808,78.9644950928927,NOISE
2026-04-24T10:00:05.708089,Map-Energy__sum__linear-conv00140-20250504_060047-20250504_120047-45.000000-49.900000.png,2025-05-04T06:00:47,2025-05-04T12:00:47,45.0,49.9,2025-05-04T09:00:47,47.45,10.0532262506808,78.9644950928927,NOISE,2025-05-04T09:00:47,47.45,10.0532262506808,78.9644950928927,NOISE,2025-05-04T09:00:47,47.45,10.0532262506808,78.9644950928927,NOISE,2025-05-04T09:00:47,47.45,10.0532262506808,78.9644950928927,NOISE
2026-04-24T10:00:06.580039,Map-Energy__sum__linear-conv00150-20250504_120047-20250504_180047-45.000000-49.900000.png,2025-05-04T12:00:47,2025-05-04T18:00:47,45.0,49.9,2025-05-04T15:00:47,47.45,10.0532262506808,78.9644950928927,NOISE,2025-05-04T15:00:47,47.45,10.0532262506808,78.9644950928927,NOISE,2025-05-04T15:00:47,47.45,10.0532262506808,78.9644950928927,NOISE,2025-05-04T15:00:47,47.45,10.0532262506808,78.9644950928927,NOISE
2026-04-24T10:00:07.411879,Map-Energy__sum__linear-conv00160-20250504_180047-20250505_000047-45.000000-49.900000.png,2025-05-04T18:00:47,2025-05-05T00:00:47,45.0,49.9,2025-05-04T21:00:47,47.45,10.0532262506808,78.9644950928927,NOISE,2025-05-04T21:00:47,47.45,10.0532262506808,78.9644950928927,NOISE,2025-05-04T21:00:47,47.45,10.0532262506808,78.9644950928927,NOISE,2025-05-04T21:00:47,47.45,10.0532262506808,78.9644950928927,NOISE
2026-04-24T10:00:08.260162,Map-Energy__sum__linear-conv00170-20250505_000047-20250505_060047-45.000000-49.900000.png,2025-05-05T00:00:47,2025-05-05T06:00:47,45.0,49.9,2025-05-05T03:00:47,47.45,10.0532262506808,78.9644950928927,NOISE,2025-05-05T03:00:47,47.45,10.0532262506808,78.9644950928927,NOISE,2025-05-05T03:00:47,47.45,10.0532262506808,78.9644950928927,NOISE,2025-05-05T03:00:47,47.45,10.0532262506808,78.9644950928927,NOISE
2026-04-24T10:00:10.259999,Map-Energy__sum__linear-conv00180-20250505_060047-20250505_120047-45.000000-49.900000.png,2025-05-05T06:00:47,2025-05-05T12:00:47,45.0,49.9,2025-05-05T09:00:47,47.45,10.0532262506808,78.9644950928927,NOISE,2025-05-05T09:00:47,47.45,10.0532262506808,78.9644950928927,NOISE,2025-05-05T09:00:47,47.45,10.0532262506808,78.9644950928927,NOISE,2025-05-05T09:00:47,47.45,10.0532262506808,78.9644950928927,NOISE
2026-04-24T10:00:11.372162,Map-Energy__sum__linear-conv00190-20250505_120047-20250505_180047-45.000000-49.900000.png,2025-05-05T12:00:47,2025-05-05T18:00:47,45.0,49.9,2025-05-05T15:00:47,47.45,10.0532262506808,78.9644950928927,NOISE,2025-05-05T15:00:47,47.45,10.0532262506808,78.9644950928927,NOISE,2025-05-05T15:00:47,47.45,10.0532262506808,78.9644950928927,NOISE,2025-05-05T15:00:47,47.45,10.0532262506808,78.9644950928927,NOISE
2026-04-24T10:00:12.324175,Map-Energy__sum__linear-conv00200-20250505_180047-20250506_000047-45.000000-49.900000.png,2025-05-05T18:00:47,2025-05-06T00:00:47,45.0,49.9,2025-05-05T21:00:47,47.45,10.0532262506808,78.9644950928927,NOISE,2025-05-05T21:00:47,47.45,10.0532262506808,78.9644950928927,NOISE,2025-05-05T21:00:47,47.45,10.0532262506808,78.9644950928927,NOISE,2025-05-05T21:00:47,47.45,10.0532262506808,78.9644950928927,NOISE
2026-04-24T10:00:13.860236,Map-Energy__sum__linear-conv00210-20250506_000047-20250506_060047-45.000000-49.900000.png,2025-05-06T00:00:47,2025-05-06T06:00:47,45.0,49.9,2025-05-06T03:00:47,47.45,10.0532262506808,78.9644950928927,NOISE,2025-05-06T03:00:47,47.45,10.0532262506808,78.9644950928927,NOISE,2025-05-06T03:00:47,47.45,10.0532262506808,78.9644950928927,NOISE,2025-05-06T03:00:47,47.45,10.0532262506808,78.9644950928927,NOISE
2026-04-24T10:00:14.900115,Map-Energy__sum__linear-conv00220-20250506_060047-20250506_120047-45.000000-49.900000.png,2025-05-06T06:00:47,2025-05-06T12:00:47,45.0,49.9,2025-05-06T09:00:47,47.45,10.0532262506808,78.9644950928927,NOISE,2025-05-06T09:00:47,47.45,10.0532262506808,78.9644950928927,NOISE,2025-05-06T09:00:47,47.45,10.0532262506808,78.9644950928927,NOISE,2025-05-06T09:00:47,47.45,10.0532262506808,78.9644950928927,NOISE
2026-04-24T10:00:15.756155,Map-Energy__sum__linear-conv00230-20250506_120047-20250506_180047-45.000000-49.900000.png,2025-05-06T12:00:47,2025-05-06T18:00:47,45.0,49.9,2025-05-06T15:00:47,47.45,10.0532262506808,78.9644950928927,NOISE,2025-05-06T15:00:47,47.45,10.0532262506808,78.9644950928927,NOISE,2025-05-06T15:00:47,47.45,10.0532262506808,78.9644950928927,NOISE,2025-05-06T15:00:47,47.45,10.0532262506808,78.9644950928927,NOISE
2026-04-24T10:00:27.020140,Map-Energy__sum__linear-conv00240-20250506_180047-20250507_000047-45.000000-49.900000.png,2025-05-06T18:00:47,2025-05-07T00:00:47,45.0,49.9,2025-05-06T21:00:47,47.45,10.0532262506808,78.9644950928927,NOISE,2025-05-06T21:00:47,47.45,10.0532262506808,78.9644950928927,NOISE,2025-05-06T21:00:47,47.45,10.0532262506808,78.9644950928927,NOISE,2025-05-06T21:00:47,47.45,10.0532262506808,78.9644950928927,NOISE
2026-04-24T10:00:28.260270,Map-Energy__sum__linear-conv00250-20250507_000047-20250507_060047-45.000000-49.900000.png,2025-05-07T00:00:47,2025-05-07T06:00:47,45.0,49.9,2025-05-07T03:00:47,47.45,10.0532262506808,78.9644950928927,NOISE,2025-05-07T03:00:47,47.45,10.0532262506808,78.9644950928927,NOISE,2025-05-07T03:00:47,47.45,10.0532262506808,78.9644950928927,NOISE,2025-05-07T03:00:47,47.45,10.0532262506808,78.9644950928927,NOISE
2026-04-24T10:00:29.316031,Map-Energy__sum__linear-conv00260-20250507_060047-20250507_120047-45.000000-49.900000.png,2025-05-07T06:00:47,2025-05-07T12:00:47,45.0,49.9,2025-05-07T09:00:47,47.45,10.0532262506808,78.9644950928927,NOISE,2025-05-07T09:00:47,47.45,10.0532262506808,78.9644950928927,NOISE,2025-05-07T09:00:47,47.45,10.0532262506808,78.9644950928927,NOISE,2025-05-07T09:00:47,47.45,10.0532262506808,78.9644950928927,NOISE
2026-04-24T10:00:30.260178,Map-Energy__sum__linear-conv00270-20250507_120047-20250507_180047-45.000000-49.900000.png,2025-05-07T12:00:47,2025-05-07T18:00:47,45.0,49.9,2025-05-07T15:00:47,47.45,10.0532262506808,78.9644950928927,NOISE,2025-05-07T15:00:47,47.45,10.0532262506808,78.9644950928927,NOISE,2025-05-07T15:00:47,47.45,10.0532262506808,78.9644950928927,NOISE,2025-05-07T15:00:47,47.45,10.0532262506808,78.9644950928927,NOISE
2026-04-24T10:00:37.492084,Map-Energy__sum__linear-conv00280-20250507_180047-20250508_000047-45.000000-49.900000.png,2025-05-07T18:00:47,2025-05-08T00:00:47,45.0,49.9,2025-05-07T21:00:47,47.45,10.0532262506808,78.9644950928927,NOISE,2025-05-07T21:00:47,47.45,10.0532262506808,78.9644950928927,NOISE,2025-05-07T21:00:47,47.45,10.0532262506808,78.9644950928927,NOISE,2025-05-07T21:00:47,47.45,10.0532262506808,78.9644950928927,NOISE
2026-04-24T10:00:39.220088,Map-Energy__sum__linear-conv00290-20250508_000047-20250508_060047-45.000000-49.900000.png,2025-05-08T00:00:47,2025-05-08T06:00:47,45.0,49.9,2025-05-08T03:00:47,47.45,10.0532262506808,78.9644950928927,NOISE,2025-05-08T03:00:47,47.45,10.0532262506808,78.9644950928927,NOISE,2025-05-08T03:00:47,47.45,10.0532262506808,78.9644950928927,NOISE,2025-05-08T03:00:47,47.45,10.0532262506808,78.9644950928927,NOISE
2026-04-24T10:00:40.092043,Map-Energy__sum__linear-conv00300-20250508_060047-20250508_120047-45.000000-49.900000.png,2025-05-08T06:00:47,2025-05-08T12:00:47,45.0,49.9,2025-05-08T09:00:47,47.45,10.0532262506808,78.9644950928927,NOISE,2025-05-08T09:00:47,47.45,10.0532262506808,78.9644950928927,NOISE,2025-05-08T09:00:47,47.45,10.0532262506808,78.9644950928927,NOISE,2025-05-08T09:00:47,47.45,10.0532262506808,78.9644950928927,NOISE
2026-04-24T10:00:41.124187,Map-Energy__sum__linear-conv00310-20250508_120047-20250508_180047-45.000000-49.900000.png,2025-05-08T12:00:47,2025-05-08T18:00:47,45.0,49.9,2025-05-08T15:00:47,47.45,10.0532262506808,78.9644950928927,NOISE,2025-05-08T15:00:47,47.45,10.0532262506808,78.9644950928927,NOISE,2025-05-08T15:00:47,47.45,10.0532262506808,78.9644950928927,NOISE,2025-05-08T15:00:47,47.45,10.0532262506808,78.9644950928927,NOISE
2026-04-24T10:00:42.012041,Map-Energy__sum__linear-conv00320-20250508_180047-20250509_000047-45.000000-49.900000.png,2025-05-08T18:00:47,2025-05-09T00:00:47,45.0,49.9,2025-05-08T21:00:47,47.45,10.0532262506808,78.9644950928927,NOISE,2025-05-08T21:00:47,47.45,10.0532262506808,78.9644950928927,NOISE,2025-05-08T21:00:47,47.45,10.0532262506808,78.9644950928927,NOISE,2025-05-08T21:00:47,47.45,10.0532262506808,78.9644950928927,NOISE
2026-04-24T10:00:44.676162,Map-Energy__sum__linear-conv00330-20250509_000047-20250509_060047-45.000000-49.900000.png,2025-05-09T00:00:47,2025-05-09T06:00:47,45.0,49.9,2025-05-09T03:00:47,47.45,10.0532262506808,78.9644950928927,NOISE,2025-05-09T03:00:47,47.45,10.0532262506808,78.9644950928927,NOISE,2025-05-09T03:00:47,47.45,10.0532262506808,78.9644950928927,NOISE,2025-05-09T03:00:47,47.45,10.0532262506808,78.9644950928927,NOISE
2026-04-24T10:00:45.956141,Map-Energy__sum__linear-conv00340-20250509_060047-20250509_120047-45.000000-49.900000.png,2025-05-09T06:00:47,2025-05-09T12:00:47,45.0,49.9,2025-05-09T09:00:47,47.45,10.0532262506808,78.9644950928927,NOISE,2025-05-09T09:00:47,47.45,10.0532262506808,78.9644950928927,NOISE,2025-05-09T09:00:47,47.45,10.0532262506808,78.9644950928927,NOISE,2025-05-09T09:00:47,47.45,10.0532262506808,78.9644950928927,NOISE
2026-04-24T10:00:47.148130,Map-Energy__sum__linear-conv00350-20250509_120047-20250509_180047-45.000000-49.900000.png,2025-05-09T12:00:47,2025-05-09T18:00:47,45.0,49.9,2025-05-09T15:00:47,47.45,10.0532262506808,78.9644950928927,NOISE,2025-05-09T15:00:47,47.45,10.0532262506808,78.9644950928927,NOISE,2025-05-09T15:00:47,47.45,10.0532262506808,78.9644950928927,NOISE,2025-05-09T15:00:47,47.45,10.0532262506808,78.9644950928927,NOISE
2026-04-24T10:00:48.436081,Map-Energy__sum__linear-conv00360-20250509_180047-20250510_000047-45.000000-49.900000.png,2025-05-09T18:00:47,2025-05-10T00:00:47,45.0,49.9,2025-05-09T21:00:47,47.45,10.0532262506808,78.9644950928927,NOISE,2025-05-09T21:00:47,47.45,10.0532262506808,78.9644950928927,NOISE,2025-05-09T21:00:47,47.45,10.0532262506808,78.9644950928927,NOISE,2025-05-09T21:00:47,47.45,10.0532262506808,78.9644950928927,NOISE
2026-04-24T10:00:49.348110,Map-Energy__sum__linear-conv00370-20250510_000047-20250510_060047-45.000000-49.900000.png,2025-05-10T00:00:47,2025-05-10T06:00:47,45.0,49.9,2025-05-10T03:00:47,47.45,10.0532262506808,78.9644950928927,NOISE,2025-05-10T03:00:47,47.45,10.0532262506808,78.9644950928927,NOISE,2025-05-10T03:00:47,47.45,10.0532262506808,78.9644950928927,NOISE,2025-05-10T03:00:47,47.45,10.0532262506808,78.9644950928927,NOISE
2026-04-24T10:00:50.388148,Map-Energy__sum__linear-conv00380-20250510_060047-20250510_120047-45.000000-49.900000.png,2025-05-10T06:00:47,2025-05-10T12:00:47,45.0,49.9,2025-05-10T09:00:47,47.45,10.0532262506808,78.9644950928927,NOISE,2025-05-10T09:00:47,47.45,10.0532262506808,78.9644950928927,NOISE,2025-05-10T09:00:47,47.45,10.0532262506808,78.9644950928927,NOISE,2025-05-10T09:00:47,47.45,10.0532262506808,78.9644950928927,NOISE
2026-04-24T10:00:51.764044,Map-Energy__sum__linear-conv00390-20250510_120047-20250510_180047-45.000000-49.900000.png,2025-05-10T12:00:47,2025-05-10T18:00:47,45.0,49.9,2025-05-10T15:00:47,47.45,10.0532262506808,78.9644950928927,NOISE,2025-05-10T15:00:47,47.45,10.0532262506808,78.9644950928927,NOISE,2025-05-10T15:00:47,47.45,10.0532262506808,78.9644950928927,NOISE,2025-05-10T15:00:47,47.45,10.0532262506808,78.9644950928927,NOISE
2026-04-24T10:00:52.940196,Map-Energy__sum__linear-conv00400-20250510_180047-20250511_000047-45.000000-49.900000.png,2025-05-10T18:00:47,2025-05-11T00:00:47,45.0,49.9,2025-05-10T21:00:47,47.45,10.0532262506808,78.9644950928927,NOISE,2025-05-10T21:00:47,47.45,10.0532262506808,78.9644950928927,NOISE,2025-05-10T21:00:47,47.45,10.0532262506808,78.9644950928927,NOISE,2025-05-10T21:00:47,47.45,10.0532262506808,78.9644950928927,NOISE
2026-04-24T10:00:54.060109,Map-Energy__sum__linear-conv00410-20250511_000047-20250511_060047-45.000000-49.900000.png,2025-05-11T00:00:47,2025-05-11T06:00:47,45.0,49.9,2025-05-11T03:00:47,47.45,10.0532262506808,78.9644950928927,NOISE,2025-05-11T03:00:47,47.45,10.0532262506808,78.9644950928927,NOISE,2025-05-11T03:00:47,47.45,10.0532262506808,78.9644950928927,NOISE,2025-05-11T03:00:47,47.45,10.0532262506808,78.9644950928927,NOISE
2026-04-24T10:00:55.412112,Map-Energy__sum__linear-conv00420-20250511_060047-20250511_120047-45.000000-49.900000.png,2025-05-11T06:00:47,2025-05-11T12:00:47,45.0,49.9,2025-05-11T09:00:47,47.45,10.0532262506808,78.9644950928927,NOISE,2025-05-11T09:00:47,47.45,10.0532262506808,78.9644950928927,NOISE,2025-05-11T09:00:47,47.45,10.0532262506808,78.9644950928927,NOISE,2025-05-11T09:00:47,47.45,10.0532262506808,78.9644950928927,NOISE
2026-04-24T10:00:56.556317,Map-Energy__sum__linear-conv00430-20250511_120047-20250511_180047-45.000000-49.900000.png,2025-05-11T12:00:47,2025-05-11T18:00:47,45.0,49.9,2025-05-11T15:00:47,47.45,10.0532262506808,78.9644950928927,NOISE,2025-05-11T15:00:47,47.45,10.0532262506808,78.9644950928927,NOISE,2025-05-11T15:00:47,47.45,10.0532262506808,78.9644950928927,NOISE,2025-05-11T15:00:47,47.45,10.0532262506808,78.9644950928927,NOISE
2026-04-24T10:00:57.676400,Map-Energy__sum__linear-conv00440-20250511_180047-20250512_000047-45.000000-49.900000.png,2025-05-11T18:00:47,2025-05-12T00:00:47,45.0,49.9,2025-05-11T21:00:47,47.45,10.0532262506808,78.9644950928927,NOISE,2025-05-11T21:00:47,47.45,10.0532262506808,78.9644950928927,NOISE,2025-05-11T21:00:47,47.45,10.0532262506808,78.9644950928927,NOISE,2025-05-11T21:00:47,47.45,10.0532262506808,78.9644950928927,NOISE
2026-04-24T10:01:01.828100,Map-Energy__sum__linear-conv00450-20250512_000047-20250512_060047-45.000000-49.900000.png,2025-05-12T00:00:47,2025-05-12T06:00:47,45.0,49.9,2025-05-12T03:00:47,47.45,10.0532262506808,78.9644950928927,NOISE,2025-05-12T03:00:47,47.45,10.0532262506808,78.9644950928927,NOISE,2025-05-12T03:00:47,47.45,10.0532262506808,78.9644950928927,NOISE,2025-05-12T03:00:47,47.45,10.0532262506808,78.9644950928927,NOISE
2026-04-24T10:01:02.804074,Map-Energy__sum__linear-conv00460-20250512_060047-20250512_120047-45.000000-49.900000.png,2025-05-12T06:00:47,2025-05-12T12:00:47,45.0,49.9,2025-05-12T09:00:47,47.45,10.0532262506808,78.9644950928927,NOISE,2025-05-12T09:00:47,47.45,10.0532262506808,78.9644950928927,NOISE,2025-05-12T09:00:47,47.45,10.0532262506808,78.9644950928927,NOISE,2025-05-12T09:00:47,47.45,10.0532262506808,78.9644950928927,NOISE
2026-04-24T10:01:03.724279,Map-Energy__sum__linear-conv00470-20250512_120047-20250512_180047-45.000000-49.900000.png,2025-05-12T12:00:47,2025-05-12T18:00:47,45.0,49.9,2025-05-12T15:00:47,47.45,10.0532262506808,78.9644950928927,NOISE,2025-05-12T15:00:47,47.45,10.0532262506808,78.9644950928927,NOISE,2025-05-12T15:00:47,47.45,10.0532262506808,78.9644950928927,NOISE,2025-05-12T15:00:47,47.45,10.0532262506808,78.9644950928927,NOISE
2026-04-24T10:01:04.948062,Map-Energy__sum__linear-conv00480-20250512_180047-20250513_000047-45.000000-49.900000.png,2025-05-12T18:00:47,2025-05-13T00:00:47,45.0,49.9,2025-05-12T21:00:47,47.45,10.0532262506808,78.9644950928927,NOISE,2025-05-12T21:00:47,47.45,10.0532262506808,78.9644950928927,NOISE,2025-05-12T21:00:47,47.45,10.0532262506808,78.9644950928927,NOISE,2025-05-12T21:00:47,47.45,10.0532262506808,78.9644950928927,NOISE
2026-04-24T10:01:05.884050,Map-Energy__sum__linear-conv00490-20250513_000047-20250513_060047-45.000000-49.900000.png,2025-05-13T00:00:47,2025-05-13T06:00:47,45.0,49.9,2025-05-13T03:00:47,47.45,10.0532262506808,78.9644950928927,NOISE,2025-05-13T03:00:47,47.45,10.0532262506808,78.9644950928927,NOISE,2025-05-13T03:00:47,47.45,10.0532262506808,78.9644950928927,NOISE,2025-05-13T03:00:47,47.45,10.0532262506808,78.9644950928927,NOISE
2026-04-24T10:01:06.827925,Map-Energy__sum__linear-conv00500-20250513_060047-20250513_120047-45.000000-49.900000.png,2025-05-13T06:00:47,2025-05-13T12:00:47,45.0,49.9,2025-05-13T09:00:47,47.45,10.0532262506808,78.9644950928927,NOISE,2025-05-13T09:00:47,47.45,10.0532262506808,78.9644950928927,NOISE,2025-05-13T09:00:47,47.45,10.0532262506808,78.9644950928927,NOISE,2025-05-13T09:00:47,47.45,10.0532262506808,78.9644950928927,NOISE
2026-04-24T10:01:07.868108,Map-Energy__sum__linear-conv00510-20250513_120047-20250513_180047-45.000000-49.900000.png,2025-05-13T12:00:47,2025-05-13T18:00:47,45.0,49.9,2025-05-13T15:00:47,47.45,10.0532262506808,78.9644950928927,NOISE,2025-05-13T15:00:47,47.45,10.0532262506808,78.9644950928927,NOISE,2025-05-13T15:00:47,47.45,10.0532262506808,78.9644950928927,NOISE,2025-05-13T15:00:47,47.45,10.0532262506808,78.9644950928927,NOISE
2026-04-24T10:01:09.332197,Map-Energy__sum__linear-conv00520-20250513_180047-20250514_000047-45.000000-49.900000.png,2025-05-13T18:00:47,2025-05-14T00:00:47,45.0,49.9,2025-05-13T21:00:47,47.45,10.0532262506808,78.9644950928927,NOISE,2025-05-13T21:00:47,47.45,10.0532262506808,78.9644950928927,NOISE,2025-05-13T21:00:47,47.45,10.0532262506808,78.9644950928927,NOISE,2025-05-13T21:00:47,47.45,10.0532262506808,78.9644950928927,NOISE
2026-04-24T10:01:10.276222,Map-Energy__sum__linear-conv00530-20250514_000047-20250514_060047-45.000000-49.900000.png,2025-05-14T00:00:47,2025-05-14T06:00:47,45.0,49.9,2025-05-14T03:00:47,47.45,10.0532262506808,78.9644950928927,NOISE,2025-05-14T03:00:47,47.45,10.0532262506808,78.9644950928927,NOISE,2025-05-14T03:00:47,47.45,10.0532262506808,78.9644950928927,NOISE,2025-05-14T03:00:47,47.45,10.0532262506808,78.9644950928927,NOISE
2026-04-24T10:01:11.243969,Map-Energy__sum__linear-conv00540-20250514_060047-20250514_120047-45.000000-49.900000.png,2025-05-14T06:00:47,2025-05-14T12:00:47,45.0,49.9,2025-05-14T09:00:47,47.45,10.0532262506808,78.9644950928927,NOISE,2025-05-14T09:00:47,47.45,10.0532262506808,78.9644950928927,NOISE,2025-05-14T09:00:47,47.45,10.0532262506808,78.9644950928927,NOISE,2025-05-14T09:00:47,47.45,10.0532262506808,78.9644950928927,NOISE
2026-04-24T10:01:12.036065,Map-Energy__sum__linear-conv00550-20250514_120047-20250514_180047-45.000000-49.900000.png,2025-05-14T12:00:47,2025-05-14T18:00:47,45.0,49.9,2025-05-14T15:00:47,47.45,10.0532262506808,78.9644950928927,NOISE,2025-05-14T15:00:47,47.45,10.0532262506808,78.9644950928927,NOISE,2025-05-14T15:00:47,47.45,10.0532262506808,78.9644950928927,NOISE,2025-05-14T15:00:47,47.45,10.0532262506808,78.9644950928927,NOISE
2026-04-24T10:01:13.020092,Map-Energy__sum__linear-conv00560-20250514_180047-20250515_000047-45.000000-49.900000.png,2025-05-14T18:00:47,2025-05-15T00:00:47,45.0,49.9,2025-05-14T21:00:47,47.45,10.0532262506808,78.9644950928927,NOISE,2025-05-14T21:00:47,47.45,10.0532262506808,78.9644950928927,NOISE,2025-05-14T21:00:47,47.45,10.0532262506808,78.9644950928927,NOISE,2025-05-14T21:00:47,47.45,10.0532262506808,78.9644950928927,NOISE
2026-04-24T10:01:13.892146,Map-Energy__sum__linear-conv00570-20250515_000047-20250515_060047-45.000000-49.900000.png,2025-05-15T00:00:47,2025-05-15T06:00:47,45.0,49.9,2025-05-15T03:00:47,47.45,10.0532262506808,78.9644950928927,NOISE,2025-05-15T03:00:47,47.45,10.0532262506808,78.9644950928927,NOISE,2025-05-15T03:00:47,47.45,10.0532262506808,78.9644950928927,NOISE,2025-05-15T03:00:47,47.45,10.0532262506808,78.9644950928927,NOISE
2026-04-24T10:01:14.772074,Map-Energy__sum__linear-conv00580-20250515_060047-20250515_120047-45.000000-49.900000.png,2025-05-15T06:00:47,2025-05-15T12:00:47,45.0,49.9,2025-05-15T09:00:47,47.45,10.0532262506808,78.9644950928927,NOISE,2025-05-15T09:00:47,47.45,10.0532262506808,78.9644950928927,NOISE,2025-05-15T09:00:47,47.45,10.0532262506808,78.9644950928927,NOISE,2025-05-15T09:00:47,47.45,10.0532262506808,78.9644950928927,NOISE
2026-04-24T10:01:15.708159,Map-Energy__sum__linear-conv00590-20250515_120047-20250515_180047-45.000000-49.900000.png,2025-05-15T12:00:47,2025-05-15T18:00:47,45.0,49.9,2025-05-15T15:00:47,47.45,10.0532262506808,78.9644950928927,NOISE,2025-05-15T15:00:47,47.45,10.0532262506808,78.9644950928927,NOISE,2025-05-15T15:00:47,47.45,10.0532262506808,78.9644950928927,NOISE,2025-05-15T15:00:47,47.45,10.0532262506808,78.9644950928927,NOISE
2026-04-24T10:01:16.564115,Map-Energy__sum__linear-conv00600-20250515_180047-20250516_000047-45.000000-49.900000.png,2025-05-15T18:00:47,2025-05-16T00:00:47,45.0,49.9,2025-05-15T21:00:47,47.45,10.0532262506808,78.9644950928927,NOISE,2025-05-15T21:00:47,47.45,10.0532262506808,78.9644950928927,NOISE,2025-05-15T21:00:47,47.45,10.0532262506808,78.9644950928927,NOISE,2025-05-15T21:00:47,47.45,10.0532262506808,78.9644950928927,NOISE
2026-04-24T10:01:17.388120,Map-Energy__sum__linear-conv00610-20250516_000047-20250516_060047-45.000000-49.900000.png,2025-05-16T00:00:47,2025-05-16T06:00:47,45.0,49.9,2025-05-16T03:00:47,47.45,10.0532262506808,78.9644950928927,NOISE,2025-05-16T03:00:47,47.45,10.0532262506808,78.9644950928927,NOISE,2025-05-16T03:00:47,47.45,10.0532262506808,78.9644950928927,NOISE,2025-05-16T03:00:47,47.45,10.0532262506808,78.9644950928927,NOISE
2026-04-24T10:01:18.108134,Map-Energy__sum__linear-conv00620-20250516_060047-20250516_120047-45.000000-49.900000.png,2025-05-16T06:00:47,2025-05-16T12:00:47,45.0,49.9,2025-05-16T09:00:47,47.45,10.0532262506808,78.9644950928927,NOISE,2025-05-16T09:00:47,47.45,10.0532262506808,78.9644950928927,NOISE,2025-05-16T09:00:47,47.45,10.0532262506808,78.9644950928927,NOISE,2025-05-16T09:00:47,47.45,10.0532262506808,78.9644950928927,NOISE
2026-04-24T10:01:18.836054,Map-Energy__sum__linear-conv00630-20250516_120047-20250516_180047-45.000000-49.900000.png,2025-05-16T12:00:47,2025-05-16T18:00:47,45.0,49.9,2025-05-16T15:00:47,47.45,10.0532262506808,78.9644950928927,NOISE,2025-05-16T15:00:47,47.45,10.0532262506808,78.9644950928927,NOISE,2025-05-16T15:00:47,47.45,10.0532262506808,78.9644950928927,NOISE,2025-05-16T15:00:47,47.45,10.0532262506808,78.9644950928927,NOISE
2026-04-24T10:01:19.668066,Map-Energy__sum__linear-conv00640-20250516_180047-20250517_000047-45.000000-49.900000.png,2025-05-16T18:00:47,2025-05-17T00:00:47,45.0,49.9,2025-05-16T21:00:47,47.45,10.0532262506808,78.9644950928927,NOISE,2025-05-16T21:00:47,47.45,10.0532262506808,78.9644950928927,NOISE,2025-05-16T21:00:47,47.45,10.0532262506808,78.9644950928927,NOISE,2025-05-16T21:00:47,47.45,10.0532262506808,78.9644950928927,NOISE
2026-04-24T10:01:20.428090,Map-Energy__sum__linear-conv00650-20250517_000047-20250517_060047-45.000000-49.900000.png,2025-05-17T00:00:47,2025-05-17T06:00:47,45.0,49.9,2025-05-17T03:00:47,47.45,10.0532262506808,78.9644950928927,NOISE,2025-05-17T03:00:47,47.45,10.0532262506808,78.9644950928927,NOISE,2025-05-17T03:00:47,47.45,10.0532262506808,78.9644950928927,NOISE,2025-05-17T03:00:47,47.45,10.0532262506808,78.9644950928927,NOISE
2026-04-24T10:01:21.228040,Map-Energy__sum__linear-conv00660-20250517_060047-20250517_120047-45.000000-49.900000.png,2025-05-17T06:00:47,2025-05-17T12:00:47,45.0,49.9,2025-05-17T09:00:47,47.45,10.0532262506808,78.9644950928927,NOISE,2025-05-17T09:00:47,47.45,10.0532262506808,78.9644950928927,NOISE,2025-05-17T09:00:47,47.45,10.0532262506808,78.9644950928927,NOISE,2025-05-17T09:00:47,47.45,10.0532262506808,78.9644950928927,NOISE
2026-04-24T10:01:22.052085,Map-Energy__sum__linear-conv00670-20250517_120047-20250517_180047-45.000000-49.900000.png,2025-05-17T12:00:47,2025-05-17T18:00:47,45.0,49.9,2025-05-17T15:00:47,47.45,10.0532262506808,78.9644950928927,NOISE,2025-05-17T15:00:47,47.45,10.0532262506808,78.9644950928927,NOISE,2025-05-17T15:00:47,47.45,10.0532262506808,78.9644950928927,NOISE,2025-05-17T15:00:47,47.45,10.0532262506808,78.9644950928927,NOISE
2026-04-24T10:01:22.844137,Map-Energy__sum__linear-conv00680-20250517_180047-20250518_000047-45.000000-49.900000.png,2025-05-17T18:00:47,2025-05-18T00:00:47,45.0,49.9,2025-05-17T21:00:47,47.45,10.0532262506808,78.9644950928927,NOISE,2025-05-17T21:00:47,47.45,10.0532262506808,78.9644950928927,NOISE,2025-05-17T21:00:47,47.45,10.0532262506808,78.9644950928927,NOISE,2025-05-17T21:00:47,47.45,10.0532262506808,78.9644950928927,NOISE
2026-04-24T10:01:23.628129,Map-Energy__sum__linear-conv00690-20250518_000047-20250518_060047-45.000000-49.900000.png,2025-05-18T00:00:47,2025-05-18T06:00:47,45.0,49.9,2025-05-18T03:00:47,47.45,10.0532262506808,78.9644950928927,NOISE,2025-05-18T03:00:47,47.45,10.0532262506808,78.9644950928927,NOISE,2025-05-18T03:00:47,47.45,10.0532262506808,78.9644950928927,NOISE,2025-05-18T03:00:47,47.45,10.0532262506808,78.9644950928927,NOISE
2026-04-24T10:01:24.372078,Map-Energy__sum__linear-conv00700-20250518_060047-20250518_120047-45.000000-49.900000.png,2025-05-18T06:00:47,2025-05-18T12:00:47,45.0,49.9,2025-05-18T09:00:47,47.45,10.0532262506808,78.9644950928927,NOISE,2025-05-18T09:00:47,47.45,10.0532262506808,78.9644950928927,NOISE,2025-05-18T09:00:47,47.45,10.0532262506808,78.9644950928927,NOISE,2025-05-18T09:00:47,47.45,10.0532262506808,78.9644950928927,NOISE
2026-04-24T10:01:25.068072,Map-Energy__sum__linear-conv00710-20250518_120047-20250518_180047-45.000000-49.900000.png,2025-05-18T12:00:47,2025-05-18T18:00:47,45.0,49.9,2025-05-18T15:00:47,47.45,10.0532262506808,78.9644950928927,NOISE,2025-05-18T15:00:47,47.45,10.0532262506808,78.9644950928927,NOISE,2025-05-18T15:00:47,47.45,10.0532262506808,78.9644950928927,NOISE,2025-05-18T15:00:47,47.45,10.0532262506808,78.9644950928927,NOISE
2026-04-24T10:01:25.796120,Map-Energy__sum__linear-conv00720-20250518_180047-20250519_000047-45.000000-49.900000.png,2025-05-18T18:00:47,2025-05-19T00:00:47,45.0,49.9,2025-05-18T21:00:47,47.45,10.0532262506808,78.9644950928927,NOISE,2025-05-18T21:00:47,47.45,10.0532262506808,78.9644950928927,NOISE,2025-05-18T21:00:47,47.45,10.0532262506808,78.9644950928927,NOISE,2025-05-18T21:00:47,47.45,10.0532262506808,78.9644950928927,NOISE
2026-04-24T10:01:26.532083,Map-Energy__sum__linear-conv00730-20250519_000047-20250519_060047-45.000000-49.900000.png,2025-05-19T00:00:47,2025-05-19T06:00:47,45.0,49.9,2025-05-19T03:00:47,47.45,10.0532262506808,78.9644950928927,NOISE,2025-05-19T03:00:47,47.45,10.0532262506808,78.9644950928927,NOISE,2025-05-19T03:00:47,47.45,10.0532262506808,78.9644950928927,NOISE,2025-05-19T03:00:47,47.45,10.0532262506808,78.9644950928927,NOISE
2026-04-24T10:01:27.300113,Map-Energy__sum__linear-conv00740-20250519_060047-20250519_120047-45.000000-49.900000.png,2025-05-19T06:00:47,2025-05-19T12:00:47,45.0,49.9,2025-05-19T09:00:47,47.45,10.0532262506808,78.9644950928927,NOISE,2025-05-19T09:00:47,47.45,10.0532262506808,78.9644950928927,NOISE,2025-05-19T09:00:47,47.45,10.0532262506808,78.9644950928927,NOISE,2025-05-19T09:00:47,47.45,10.0532262506808,78.9644950928927,NOISE
2026-04-24T10:01:28.012159,Map-Energy__sum__linear-conv00750-20250519_120047-20250519_180047-45.000000-49.900000.png,2025-05-19T12:00:47,2025-05-19T18:00:47,45.0,49.9,2025-05-19T15:00:47,47.45,10.0532262506808,78.9644950928927,NOISE,2025-05-19T15:00:47,47.45,10.0532262506808,78.9644950928927,NOISE,2025-05-19T15:00:47,47.45,10.0532262506808,78.9644950928927,NOISE,2025-05-19T15:00:47,47.45,10.0532262506808,78.9644950928927,NOISE
2026-04-24T10:01:28.596659,Map-Energy__sum__linear-conv00760-20250519_180047-20250520_000047-45.000000-49.900000.png,2025-05-19T18:00:47,2025-05-20T00:00:47,45.0,49.9,2025-05-19T21:00:47,47.45,10.0532262506808,78.9644950928927,NOISE,2025-05-19T21:00:47,47.45,10.0532262506808,78.9644950928927,NOISE,2025-05-19T21:00:47,47.45,10.0532262506808,78.9644950928927,NOISE,2025-05-19T21:00:47,47.45,10.0532262506808,78.9644950928927,NOISE
2026-04-24T10:01:29.093035,Map-Energy__sum__linear-conv00770-20250520_000047-20250520_060047-45.000000-49.900000.png,2025-05-20T00:00:47,2025-05-20T06:00:47,45.0,49.9,2025-05-20T03:00:47,47.45,10.0532262506808,78.9644950928927,NOISE,2025-05-20T03:00:47,47.45,10.0532262506808,78.9644950928927,NOISE,2025-05-20T03:00:47,47.45,10.0532262506808,78.9644950928927,NOISE,2025-05-20T03:00:47,47.45,10.0532262506808,78.9644950928927,NOISE
2026-04-24T10:01:29.602418,Map-Energy__sum__linear-conv00780-20250520_060047-20250520_120047-45.000000-49.900000.png,2025-05-20T06:00:47,2025-05-20T12:00:47,45.0,49.9,2025-05-20T09:00:47,47.45,10.0532262506808,78.9644950928927,NOISE,2025-05-20T09:00:47,47.45,10.0532262506808,78.9644950928927,NOISE,2025-05-20T09:00:47,47.45,10.0532262506808,78.9644950928927,NOISE,2025-05-20T09:00:47,47.45,10.0532262506808,78.9644950928927,NOISE
2026-04-24T10:01:31.396074,Map-Energy__sum__linear-conv00790-20250520_120047-20250520_180047-45.000000-49.900000.png,2025-05-20T12:00:47,2025-05-20T18:00:47,45.0,49.9,2025-05-20T15:00:47,47.45,10.0532262506808,78.9644950928927,NOISE,2025-05-20T15:00:47,47.45,10.0532262506808,78.9644950928927,NOISE,2025-05-20T15:00:47,47.45,10.0532262506808,78.9644950928927,NOISE,2025-05-20T15:00:47,47.45,10.0532262506808,78.9644950928927,NOISE
2026-04-24T10:01:32.212093,Map-Energy__sum__linear-conv00800-20250520_180047-20250521_000047-45.000000-49.900000.png,2025-05-20T18:00:47,2025-05-21T00:00:47,45.0,49.9,2025-05-20T21:00:47,47.45,10.0532262506808,78.9644950928927,NOISE,2025-05-20T21:00:47,47.45,10.0532262506808,78.9644950928927,NOISE,2025-05-20T21:00:47,47.45,10.0532262506808,78.9644950928927,NOISE,2025-05-20T21:00:47,47.45,10.0532262506808,78.9644950928927,NOISE
2026-04-24T10:01:32.980443,Map-Energy__sum__linear-conv00810-20250521_000047-20250521_060047-45.000000-49.900000.png,2025-05-21T00:00:47,2025-05-21T06:00:47,45.0,49.9,2025-05-21T03:00:47,47.45,10.0532262506808,78.9644950928927,NOISE,2025-05-21T03:00:47,47.45,10.0532262506808,78.9644950928927,NOISE,2025-05-21T03:00:47,47.45,10.0532262506808,78.9644950928927,NOISE,2025-05-21T03:00:47,47.45,10.0532262506808,78.9644950928927,NOISE
2026-04-24T10:01:33.788039,Map-Energy__sum__linear-conv00820-20250521_060047-20250521_120047-45.000000-49.900000.png,2025-05-21T06:00:47,2025-05-21T12:00:47,45.0,49.9,2025-05-21T09:00:47,47.45,10.0532262506808,78.9644950928927,NOISE,2025-05-21T09:00:47,47.45,10.0532262506808,78.9644950928927,NOISE,2025-05-21T09:00:47,47.45,10.0532262506808,78.9644950928927,NOISE,2025-05-21T09:00:47,47.45,10.0532262506808,78.9644950928927,NOISE
2026-04-24T10:01:34.532067,Map-Energy__sum__linear-conv00830-20250521_120047-20250521_180047-45.000000-49.900000.png,2025-05-21T12:00:47,2025-05-21T18:00:47,45.0,49.9,2025-05-21T15:00:47,47.45,10.0532262506808,78.9644950928927,NOISE,2025-05-21T15:00:47,47.45,10.0532262506808,78.9644950928927,NOISE,2025-05-21T15:00:47,47.45,10.0532262506808,78.9644950928927,NOISE,2025-05-21T15:00:47,47.45,10.0532262506808,78.9644950928927,NOISE
2026-04-24T10:01:35.316425,Map-Energy__sum__linear-conv00840-20250521_180047-20250522_000047-45.000000-49.900000.png,2025-05-21T18:00:47,2025-05-22T00:00:47,45.0,49.9,2025-05-21T21:00:47,47.45,10.0532262506808,78.9644950928927,NOISE,2025-05-21T21:00:47,47.45,10.0532262506808,78.9644950928927,NOISE,2025-05-21T21:00:47,47.45,10.0532262506808,78.9644950928927,NOISE,2025-05-21T21:00:47,47.45,10.0532262506808,78.9644950928927,NOISE
2026-04-24T10:01:36.044113,Map-Energy__sum__linear-conv00850-20250522_000047-20250522_060047-45.000000-49.900000.png,2025-05-22T00:00:47,2025-05-22T06:00:47,45.0,49.9,2025-05-22T03:00:47,47.45,10.0532262506808,78.9644950928927,NOISE,2025-05-22T03:00:47,47.45,10.0532262506808,78.9644950928927,NOISE,2025-05-22T03:00:47,47.45,10.0532262506808,78.9644950928927,NOISE,2025-05-22T03:00:47,47.45,10.0532262506808,78.9644950928927,NOISE
2026-04-24T10:01:36.460131,Map-Energy__sum__linear-conv00860-20250522_060047-20250522_120047-45.000000-49.900000.png,2025-05-22T06:00:47,2025-05-22T12:00:47,45.0,49.9,2025-05-22T09:00:47,47.45,10.0532262506808,78.9644950928927,NOISE,2025-05-22T09:00:47,47.45,10.0532262506808,78.9644950928927,NOISE,2025-05-22T09:00:47,47.45,10.0532262506808,78.9644950928927,NOISE,2025-05-22T09:00:47,47.45,10.0532262506808,78.9644950928927,NOISE
2026-04-24T10:01:37.035855,Map-Energy__sum__linear-conv00870-20250522_120047-20250522_180047-45.000000-49.900000.png,2025-05-22T12:00:47,2025-05-22T18:00:47,45.0,49.9,2025-05-22T15:00:47,47.45,10.0532262506808,78.9644950928927,NOISE,2025-05-22T15:00:47,47.45,10.0532262506808,78.9644950928927,NOISE,2025-05-22T15:00:47,47.45,10.0532262506808,78.9644950928927,NOISE,2025-05-22T15:00:47,47.45,10.0532262506808,78.9644950928927,NOISE
2026-04-24T10:01:39.052040,Map-Energy__sum__linear-conv00880-20250522_180047-20250523_000047-45.000000-49.900000.png,2025-05-22T18:00:47,2025-05-23T00:00:47,45.0,49.9,2025-05-22T21:00:47,47.45,10.0532262506808,78.9644950928927,NOISE,2025-05-22T21:00:47,47.45,10.0532262506808,78.9644950928927,NOISE,2025-05-22T21:00:47,47.45,10.0532262506808,78.9644950928927,NOISE,2025-05-22T21:00:47,47.45,10.0532262506808,78.9644950928927,NOISE
2026-04-24T10:01:40.172345,Map-Energy__sum__linear-conv00890-20250523_000047-20250523_060047-45.000000-49.900000.png,2025-05-23T00:00:47,2025-05-23T06:00:47,45.0,49.9,2025-05-23T03:00:47,47.45,10.0532262506808,78.9644950928927,NOISE,2025-05-23T03:00:47,47.45,10.0532262506808,78.9644950928927,NOISE,2025-05-23T03:00:47,47.45,10.0532262506808,78.9644950928927,NOISE,2025-05-23T03:00:47,47.45,10.0532262506808,78.9644950928927,NOISE
2026-04-24T10:01:41.444207,Map-Energy__sum__linear-conv00900-20250523_060047-20250523_120047-45.000000-49.900000.png,2025-05-23T06:00:47,2025-05-23T12:00:47,45.0,49.9,2025-05-23T09:00:47,47.45,10.0532262506808,78.9644950928927,NOISE,2025-05-23T09:00:47,47.45,10.0532262506808,78.9644950928927,NOISE,2025-05-23T09:00:47,47.45,10.0532262506808,78.9644950928927,NOISE,2025-05-23T09:00:47,47.45,10.0532262506808,78.9644950928927,NOISE
2026-04-24T10:01:42.419964,Map-Energy__sum__linear-conv00910-20250523_120047-20250523_180047-45.000000-49.900000.png,2025-05-23T12:00:47,2025-05-23T18:00:47,45.0,49.9,2025-05-23T15:00:47,47.45,10.0532262506808,78.9644950928927,NOISE,2025-05-23T15:00:47,47.45,10.0532262506808,78.9644950928927,NOISE,2025-05-23T15:00:47,47.45,10.0532262506808,78.9644950928927,NOISE,2025-05-23T15:00:47,47.45,10.0532262506808,78.9644950928927,NOISE
2026-04-24T10:01:43.996019,Map-Energy__sum__linear-conv00920-20250523_180047-20250524_000047-45.000000-49.900000.png,2025-05-23T18:00:47,2025-05-24T00:00:47,45.0,49.9,2025-05-23T21:00:47,47.45,10.0532262506808,78.9644950928927,NOISE,2025-05-23T21:00:47,47.45,10.0532262506808,78.9644950928927,NOISE,2025-05-23T21:00:47,47.45,10.0532262506808,78.9644950928927,NOISE,2025-05-23T21:00:47,47.45,10.0532262506808,78.9644950928927,NOISE
2026-04-24T10:01:46.052284,Map-Energy__sum__linear-conv00930-20250524_000047-20250524_060047-45.000000-49.900000.png,2025-05-24T00:00:47,2025-05-24T06:00:47,45.0,49.9,2025-05-24T03:00:47,47.45,10.0532262506808,78.9644950928927,NOISE,2025-05-24T03:00:47,47.45,10.0532262506808,78.9644950928927,NOISE,2025-05-24T03:00:47,47.45,10.0532262506808,78.9644950928927,NOISE,2025-05-24T03:00:47,47.45,10.0532262506808,78.9644950928927,NOISE
2026-04-24T10:01:46.460861,Map-Energy__sum__linear-conv00940-20250524_060047-20250524_120047-45.000000-49.900000.png,2025-05-24T06:00:47,2025-05-24T12:00:47,45.0,49.9,2025-05-24T09:00:47,47.45,10.0532262506808,78.9644950928927,NOISE,2025-05-24T09:00:47,47.45,10.0532262506808,78.9644950928927,NOISE,2025-05-24T09:00:47,47.45,10.0532262506808,78.9644950928927,NOISE,2025-05-24T09:00:47,47.45,10.0532262506808,78.9644950928927,NOISE
2026-04-24T10:01:47.572089,Map-Energy__sum__linear-conv00950-20250524_120047-20250524_180047-45.000000-49.900000.png,2025-05-24T12:00:47,2025-05-24T18:00:47,45.0,49.9,2025-05-24T15:00:47,47.45,10.0532262506808,78.9644950928927,NOISE,2025-05-24T15:00:47,47.45,10.0532262506808,78.9644950928927,NOISE,2025-05-24T15:00:47,47.45,10.0532262506808,78.9644950928927,NOISE,2025-05-24T15:00:47,47.45,10.0532262506808,78.9644950928927,NOISE
2026-04-24T10:01:49.452078,Map-Energy__sum__linear-conv00960-20250524_180047-20250525_000047-45.000000-49.900000.png,2025-05-24T18:00:47,2025-05-25T00:00:47,45.0,49.9,2025-05-24T21:00:47,47.45,10.0532262506808,78.9644950928927,NOISE,2025-05-24T21:00:47,47.45,10.0532262506808,78.9644950928927,NOISE,2025-05-24T21:00:47,47.45,10.0532262506808,78.9644950928927,NOISE,2025-05-24T21:00:47,47.45,10.0532262506808,78.9644950928927,NOISE
2026-04-24T10:01:50.772037,Map-Energy__sum__linear-conv00970-20250525_000047-20250525_060047-45.000000-49.900000.png,2025-05-25T00:00:47,2025-05-25T06:00:47,45.0,49.9,2025-05-25T03:00:47,47.45,10.0532262506808,78.9644950928927,NOISE,2025-05-25T03:00:47,47.45,10.0532262506808,78.9644950928927,NOISE,2025-05-25T03:00:47,47.45,10.0532262506808,78.9644950928927,NOISE,2025-05-25T03:00:47,47.45,10.0532262506808,78.9644950928927,NOISE
2026-04-24T10:01:54.116374,Map-Energy__sum__linear-conv00980-20250525_060047-20250525_120047-45.000000-49.900000.png,2025-05-25T06:00:47,2025-05-25T12:00:47,45.0,49.9,2025-05-25T09:00:47,47.45,10.0532262506808,78.9644950928927,NOISE,2025-05-25T09:00:47,47.45,10.0532262506808,78.9644950928927,NOISE,2025-05-25T09:00:47,47.45,10.0532262506808,78.9644950928927,NOISE,2025-05-25T09:00:47,47.45,10.0532262506808,78.9644950928927,NOISE
2026-04-24T10:01:55.036046,Map-Energy__sum__linear-conv00990-20250525_120047-20250525_180047-45.000000-49.900000.png,2025-05-25T12:00:47,2025-05-25T18:00:47,45.0,49.9,2025-05-25T15:00:47,47.45,10.0532262506808,78.9644950928927,NOISE,2025-05-25T15:00:47,47.45,10.0532262506808,78.9644950928927,NOISE,2025-05-25T15:00:47,47.45,10.0532262506808,78.9644950928927,NOISE,2025-05-25T15:00:47,47.45,10.0532262506808,78.9644950928927,NOISE
2026-04-24T10:01:57.195999,Map-Energy__sum__linear-conv01000-20250525_180047-20250526_000047-45.000000-49.900000.png,2025-05-25T18:00:47,2025-05-26T00:00:47,45.0,49.9,2025-05-25T21:00:47,47.45,10.0532262506808,78.9644950928927,NOISE,2025-05-25T21:00:47,47.45,10.0532262506808,78.9644950928927,NOISE,2025-05-25T21:00:47,47.45,10.0532262506808,78.9644950928927,NOISE,2025-05-25T21:00:47,47.45,10.0532262506808,78.9644950928927,NOISE
2026-04-24T10:01:59.235841,Map-Energy__sum__linear-conv01010-20250526_000047-20250526_060047-45.000000-49.900000.png,2025-05-26T00:00:47,2025-05-26T06:00:47,45.0,49.9,2025-05-26T03:00:47,47.45,10.0532262506808,78.9644950928927,NOISE,2025-05-26T03:00:47,47.45,10.0532262506808,78.9644950928927,NOISE,2025-05-26T03:00:47,47.45,10.0532262506808,78.9644950928927,NOISE,2025-05-26T03:00:47,47.45,10.0532262506808,78.9644950928927,NOISE
