edited_at,filename,init_dt,end_dt,init_km,end_km,event1_dt,event1_km,event1_lon,event1_lat,event1_label,event2_dt,event2_km,event2_lon,event2_lat,event2_label,event3_dt,event3_km,event3_lon,event3_lat,event3_label,event4_dt,event4_km,event4_lon,event4_lat,event4_label
2026-04-17T09:28:26.029839,Map-Energy__sum__linear-conv00001-20241201_000047-20241201_060047-0.050000-5.000000.png,2024-12-01T00:00:47,2024-12-01T06:00:47,0.05,5.0,2024-12-01T03:00:47,2.525,11.9301635288236,78.9554869237935,NOISE,2024-12-01T03:00:47,2.525,11.9301635288236,78.9554869237935,NOISE,2024-12-01T03:00:47,2.525,11.9301635288236,78.9554869237935,NOISE,2024-12-01T03:00:47,2.525,11.9301635288236,78.9554869237935,NOISE
2026-04-17T09:28:33.525594,Map-Energy__sum__linear-conv00011-20241201_060047-20241201_120047-0.050000-5.000000.png,2024-12-01T06:00:47,2024-12-01T12:00:47,0.05,5.0,2024-12-01T09:00:47,2.525,11.9301635288236,78.9554869237935,NOISE,2024-12-01T09:00:47,2.525,11.9301635288236,78.9554869237935,NOISE,2024-12-01T09:00:47,2.525,11.9301635288236,78.9554869237935,NOISE,2024-12-01T09:00:47,2.525,11.9301635288236,78.9554869237935,NOISE
2026-04-17T09:28:35.541902,Map-Energy__sum__linear-conv00021-20241201_120047-20241201_180047-0.050000-5.000000.png,2024-12-01T12:00:47,2024-12-01T18:00:47,0.05,5.0,2024-12-01T15:00:47,2.525,11.9301635288236,78.9554869237935,NOISE,2024-12-01T15:00:47,2.525,11.9301635288236,78.9554869237935,NOISE,2024-12-01T15:00:47,2.525,11.9301635288236,78.9554869237935,NOISE,2024-12-01T15:00:47,2.525,11.9301635288236,78.9554869237935,NOISE
2026-04-17T09:28:44.477813,Map-Energy__sum__linear-conv00031-20241201_180047-20241202_000047-0.050000-5.000000.png,2024-12-01T18:00:47,2024-12-02T00:00:47,0.05,5.0,2024-12-01T21:00:47,2.525,11.9301635288236,78.9554869237935,NOISE,2024-12-01T21:00:47,2.525,11.9301635288236,78.9554869237935,NOISE,2024-12-01T21:00:47,2.525,11.9301635288236,78.9554869237935,NOISE,2024-12-01T21:00:47,2.525,11.9301635288236,78.9554869237935,NOISE
2026-04-17T09:28:45.589850,Map-Energy__sum__linear-conv00041-20241202_000047-20241202_060047-0.050000-5.000000.png,2024-12-02T00:00:47,2024-12-02T06:00:47,0.05,5.0,2024-12-02T03:00:47,2.525,11.9301635288236,78.9554869237935,NOISE,2024-12-02T03:00:47,2.525,11.9301635288236,78.9554869237935,NOISE,2024-12-02T03:00:47,2.525,11.9301635288236,78.9554869237935,NOISE,2024-12-02T03:00:47,2.525,11.9301635288236,78.9554869237935,NOISE
2026-04-17T09:28:46.965935,Map-Energy__sum__linear-conv00051-20241202_060047-20241202_120047-0.050000-5.000000.png,2024-12-02T06:00:47,2024-12-02T12:00:47,0.05,5.0,2024-12-02T09:00:47,2.525,11.9301635288236,78.9554869237935,NOISE,2024-12-02T09:00:47,2.525,11.9301635288236,78.9554869237935,NOISE,2024-12-02T09:00:47,2.525,11.9301635288236,78.9554869237935,NOISE,2024-12-02T09:00:47,2.525,11.9301635288236,78.9554869237935,NOISE
2026-04-17T09:28:48.237816,Map-Energy__sum__linear-conv00061-20241202_120047-20241202_180047-0.050000-5.000000.png,2024-12-02T12:00:47,2024-12-02T18:00:47,0.05,5.0,2024-12-02T15:00:47,2.525,11.9301635288236,78.9554869237935,NOISE,2024-12-02T15:00:47,2.525,11.9301635288236,78.9554869237935,NOISE,2024-12-02T15:00:47,2.525,11.9301635288236,78.9554869237935,NOISE,2024-12-02T15:00:47,2.525,11.9301635288236,78.9554869237935,NOISE
2026-04-17T09:28:49.357828,Map-Energy__sum__linear-conv00071-20241202_180047-20241203_000047-0.050000-5.000000.png,2024-12-02T18:00:47,2024-12-03T00:00:47,0.05,5.0,2024-12-02T21:00:47,2.525,11.9301635288236,78.9554869237935,NOISE,2024-12-02T21:00:47,2.525,11.9301635288236,78.9554869237935,NOISE,2024-12-02T21:00:47,2.525,11.9301635288236,78.9554869237935,NOISE,2024-12-02T21:00:47,2.525,11.9301635288236,78.9554869237935,NOISE
2026-04-17T09:28:50.413740,Map-Energy__sum__linear-conv00081-20241203_000047-20241203_060047-0.050000-5.000000.png,2024-12-03T00:00:47,2024-12-03T06:00:47,0.05,5.0,2024-12-03T03:00:47,2.525,11.9301635288236,78.9554869237935,NOISE,2024-12-03T03:00:47,2.525,11.9301635288236,78.9554869237935,NOISE,2024-12-03T03:00:47,2.525,11.9301635288236,78.9554869237935,NOISE,2024-12-03T03:00:47,2.525,11.9301635288236,78.9554869237935,NOISE
2026-04-17T09:28:51.373881,Map-Energy__sum__linear-conv00091-20241203_060047-20241203_120047-0.050000-5.000000.png,2024-12-03T06:00:47,2024-12-03T12:00:47,0.05,5.0,2024-12-03T09:00:47,2.525,11.9301635288236,78.9554869237935,NOISE,2024-12-03T09:00:47,2.525,11.9301635288236,78.9554869237935,NOISE,2024-12-03T09:00:47,2.525,11.9301635288236,78.9554869237935,NOISE,2024-12-03T09:00:47,2.525,11.9301635288236,78.9554869237935,NOISE
2026-04-17T09:28:52.333755,Map-Energy__sum__linear-conv00101-20241203_120047-20241203_180047-0.050000-5.000000.png,2024-12-03T12:00:47,2024-12-03T18:00:47,0.05,5.0,2024-12-03T15:00:47,2.525,11.9301635288236,78.9554869237935,NOISE,2024-12-03T15:00:47,2.525,11.9301635288236,78.9554869237935,NOISE,2024-12-03T15:00:47,2.525,11.9301635288236,78.9554869237935,NOISE,2024-12-03T15:00:47,2.525,11.9301635288236,78.9554869237935,NOISE
2026-04-17T09:28:53.829931,Map-Energy__sum__linear-conv00111-20241203_180047-20241204_000047-0.050000-5.000000.png,2024-12-03T18:00:47,2024-12-04T00:00:47,0.05,5.0,2024-12-03T21:00:47,2.525,11.9301635288236,78.9554869237935,NOISE,2024-12-03T21:00:47,2.525,11.9301635288236,78.9554869237935,NOISE,2024-12-03T21:00:47,2.525,11.9301635288236,78.9554869237935,NOISE,2024-12-03T21:00:47,2.525,11.9301635288236,78.9554869237935,NOISE
2026-04-17T09:28:54.918810,Map-Energy__sum__linear-conv00001-20241204_000047-20241204_060047-0.050000-5.000000.png,2024-12-04T00:00:47,2024-12-04T06:00:47,0.05,5.0,2024-12-04T03:00:47,2.525,11.9301635288236,78.9554869237935,NOISE,2024-12-04T03:00:47,2.525,11.9301635288236,78.9554869237935,NOISE,2024-12-04T03:00:47,2.525,11.9301635288236,78.9554869237935,NOISE,2024-12-04T03:00:47,2.525,11.9301635288236,78.9554869237935,NOISE
2026-04-17T09:28:55.725604,Map-Energy__sum__linear-conv00011-20241204_060047-20241204_120047-0.050000-5.000000.png,2024-12-04T06:00:47,2024-12-04T12:00:47,0.05,5.0,2024-12-04T09:00:47,2.525,11.9301635288236,78.9554869237935,NOISE,2024-12-04T09:00:47,2.525,11.9301635288236,78.9554869237935,NOISE,2024-12-04T09:00:47,2.525,11.9301635288236,78.9554869237935,NOISE,2024-12-04T09:00:47,2.525,11.9301635288236,78.9554869237935,NOISE
2026-04-17T09:28:56.413824,Map-Energy__sum__linear-conv00021-20241204_120047-20241204_180047-0.050000-5.000000.png,2024-12-04T12:00:47,2024-12-04T18:00:47,0.05,5.0,2024-12-04T15:00:47,2.525,11.9301635288236,78.9554869237935,NOISE,2024-12-04T15:00:47,2.525,11.9301635288236,78.9554869237935,NOISE,2024-12-04T15:00:47,2.525,11.9301635288236,78.9554869237935,NOISE,2024-12-04T15:00:47,2.525,11.9301635288236,78.9554869237935,NOISE
2026-04-17T09:28:57.165880,Map-Energy__sum__linear-conv00031-20241204_180047-20241205_000047-0.050000-5.000000.png,2024-12-04T18:00:47,2024-12-05T00:00:47,0.05,5.0,2024-12-04T21:00:47,2.525,11.9301635288236,78.9554869237935,NOISE,2024-12-04T21:00:47,2.525,11.9301635288236,78.9554869237935,NOISE,2024-12-04T21:00:47,2.525,11.9301635288236,78.9554869237935,NOISE,2024-12-04T21:00:47,2.525,11.9301635288236,78.9554869237935,NOISE
2026-04-17T09:28:57.845818,Map-Energy__sum__linear-conv00041-20241205_000047-20241205_060047-0.050000-5.000000.png,2024-12-05T00:00:47,2024-12-05T06:00:47,0.05,5.0,2024-12-05T03:00:47,2.525,11.9301635288236,78.9554869237935,NOISE,2024-12-05T03:00:47,2.525,11.9301635288236,78.9554869237935,NOISE,2024-12-05T03:00:47,2.525,11.9301635288236,78.9554869237935,NOISE,2024-12-05T03:00:47,2.525,11.9301635288236,78.9554869237935,NOISE
2026-04-17T09:28:58.933910,Map-Energy__sum__linear-conv00051-20241205_060047-20241205_120047-0.050000-5.000000.png,2024-12-05T06:00:47,2024-12-05T12:00:47,0.05,5.0,2024-12-05T09:00:47,2.525,11.9301635288236,78.9554869237935,NOISE,2024-12-05T09:00:47,2.525,11.9301635288236,78.9554869237935,NOISE,2024-12-05T09:00:47,2.525,11.9301635288236,78.9554869237935,NOISE,2024-12-05T09:00:47,2.525,11.9301635288236,78.9554869237935,NOISE
2026-04-17T09:28:59.781716,Map-Energy__sum__linear-conv00061-20241205_120047-20241205_180047-0.050000-5.000000.png,2024-12-05T12:00:47,2024-12-05T18:00:47,0.05,5.0,2024-12-05T15:00:47,2.525,11.9301635288236,78.9554869237935,NOISE,2024-12-05T15:00:47,2.525,11.9301635288236,78.9554869237935,NOISE,2024-12-05T15:00:47,2.525,11.9301635288236,78.9554869237935,NOISE,2024-12-05T15:00:47,2.525,11.9301635288236,78.9554869237935,NOISE
2026-04-17T09:29:00.549821,Map-Energy__sum__linear-conv00071-20241205_180047-20241206_000047-0.050000-5.000000.png,2024-12-05T18:00:47,2024-12-06T00:00:47,0.05,5.0,2024-12-05T21:00:47,2.525,11.9301635288236,78.9554869237935,NOISE,2024-12-05T21:00:47,2.525,11.9301635288236,78.9554869237935,NOISE,2024-12-05T21:00:47,2.525,11.9301635288236,78.9554869237935,NOISE,2024-12-05T21:00:47,2.525,11.9301635288236,78.9554869237935,NOISE
2026-04-17T09:29:01.389817,Map-Energy__sum__linear-conv00081-20241206_000047-20241206_060047-0.050000-5.000000.png,2024-12-06T00:00:47,2024-12-06T06:00:47,0.05,5.0,2024-12-06T03:00:47,2.525,11.9301635288236,78.9554869237935,NOISE,2024-12-06T03:00:47,2.525,11.9301635288236,78.9554869237935,NOISE,2024-12-06T03:00:47,2.525,11.9301635288236,78.9554869237935,NOISE,2024-12-06T03:00:47,2.525,11.9301635288236,78.9554869237935,NOISE
2026-04-17T09:29:02.213820,Map-Energy__sum__linear-conv00091-20241206_060047-20241206_120047-0.050000-5.000000.png,2024-12-06T06:00:47,2024-12-06T12:00:47,0.05,5.0,2024-12-06T09:00:47,2.525,11.9301635288236,78.9554869237935,NOISE,2024-12-06T09:00:47,2.525,11.9301635288236,78.9554869237935,NOISE,2024-12-06T09:00:47,2.525,11.9301635288236,78.9554869237935,NOISE,2024-12-06T09:00:47,2.525,11.9301635288236,78.9554869237935,NOISE
2026-04-17T09:29:03.149880,Map-Energy__sum__linear-conv00101-20241206_120047-20241206_180047-0.050000-5.000000.png,2024-12-06T12:00:47,2024-12-06T18:00:47,0.05,5.0,2024-12-06T15:00:47,2.525,11.9301635288236,78.9554869237935,NOISE,2024-12-06T15:00:47,2.525,11.9301635288236,78.9554869237935,NOISE,2024-12-06T15:00:47,2.525,11.9301635288236,78.9554869237935,NOISE,2024-12-06T15:00:47,2.525,11.9301635288236,78.9554869237935,NOISE
2026-04-17T09:29:03.973785,Map-Energy__sum__linear-conv00111-20241206_180047-20241207_000047-0.050000-5.000000.png,2024-12-06T18:00:47,2024-12-07T00:00:47,0.05,5.0,2024-12-06T21:00:47,2.525,11.9301635288236,78.9554869237935,NOISE,2024-12-06T21:00:47,2.525,11.9301635288236,78.9554869237935,NOISE,2024-12-06T21:00:47,2.525,11.9301635288236,78.9554869237935,NOISE,2024-12-06T21:00:47,2.525,11.9301635288236,78.9554869237935,NOISE
2026-04-17T09:29:05.189806,Map-Energy__sum__linear-conv00121-20241207_000047-20241207_060047-0.050000-5.000000.png,2024-12-07T00:00:47,2024-12-07T06:00:47,0.05,5.0,2024-12-07T03:00:47,2.525,11.9301635288236,78.9554869237935,NOISE,2024-12-07T03:00:47,2.525,11.9301635288236,78.9554869237935,NOISE,2024-12-07T03:00:47,2.525,11.9301635288236,78.9554869237935,NOISE,2024-12-07T03:00:47,2.525,11.9301635288236,78.9554869237935,NOISE
2026-04-17T09:29:06.149768,Map-Energy__sum__linear-conv00131-20241207_060047-20241207_120047-0.050000-5.000000.png,2024-12-07T06:00:47,2024-12-07T12:00:47,0.05,5.0,2024-12-07T09:00:47,2.525,11.9301635288236,78.9554869237935,NOISE,2024-12-07T09:00:47,2.525,11.9301635288236,78.9554869237935,NOISE,2024-12-07T09:00:47,2.525,11.9301635288236,78.9554869237935,NOISE,2024-12-07T09:00:47,2.525,11.9301635288236,78.9554869237935,NOISE
2026-04-17T09:29:07.005773,Map-Energy__sum__linear-conv00141-20241207_120047-20241207_180047-0.050000-5.000000.png,2024-12-07T12:00:47,2024-12-07T18:00:47,0.05,5.0,2024-12-07T15:00:47,2.525,11.9301635288236,78.9554869237935,NOISE,2024-12-07T15:00:47,2.525,11.9301635288236,78.9554869237935,NOISE,2024-12-07T15:00:47,2.525,11.9301635288236,78.9554869237935,NOISE,2024-12-07T15:00:47,2.525,11.9301635288236,78.9554869237935,NOISE
2026-04-17T09:29:08.205864,Map-Energy__sum__linear-conv00151-20241207_180047-20241208_000047-0.050000-5.000000.png,2024-12-07T18:00:47,2024-12-08T00:00:47,0.05,5.0,2024-12-07T21:00:47,2.525,11.9301635288236,78.9554869237935,NOISE,2024-12-07T21:00:47,2.525,11.9301635288236,78.9554869237935,NOISE,2024-12-07T21:00:47,2.525,11.9301635288236,78.9554869237935,NOISE,2024-12-07T21:00:47,2.525,11.9301635288236,78.9554869237935,NOISE
2026-04-17T09:29:09.221731,Map-Energy__sum__linear-conv00161-20241208_000047-20241208_060047-0.050000-5.000000.png,2024-12-08T00:00:47,2024-12-08T06:00:47,0.05,5.0,2024-12-08T03:00:47,2.525,11.9301635288236,78.9554869237935,NOISE,2024-12-08T03:00:47,2.525,11.9301635288236,78.9554869237935,NOISE,2024-12-08T03:00:47,2.525,11.9301635288236,78.9554869237935,NOISE,2024-12-08T03:00:47,2.525,11.9301635288236,78.9554869237935,NOISE
2026-04-17T09:29:10.373657,Map-Energy__sum__linear-conv00171-20241208_060047-20241208_120047-0.050000-5.000000.png,2024-12-08T06:00:47,2024-12-08T12:00:47,0.05,5.0,2024-12-08T09:00:47,2.525,11.9301635288236,78.9554869237935,NOISE,2024-12-08T09:00:47,2.525,11.9301635288236,78.9554869237935,NOISE,2024-12-08T09:00:47,2.525,11.9301635288236,78.9554869237935,NOISE,2024-12-08T09:00:47,2.525,11.9301635288236,78.9554869237935,NOISE
2026-04-17T09:29:11.101785,Map-Energy__sum__linear-conv00181-20241208_120047-20241208_180047-0.050000-5.000000.png,2024-12-08T12:00:47,2024-12-08T18:00:47,0.05,5.0,2024-12-08T15:00:47,2.525,11.9301635288236,78.9554869237935,NOISE,2024-12-08T15:00:47,2.525,11.9301635288236,78.9554869237935,NOISE,2024-12-08T15:00:47,2.525,11.9301635288236,78.9554869237935,NOISE,2024-12-08T15:00:47,2.525,11.9301635288236,78.9554869237935,NOISE
2026-04-17T09:29:11.789581,Map-Energy__sum__linear-conv00191-20241208_180047-20241209_000047-0.050000-5.000000.png,2024-12-08T18:00:47,2024-12-09T00:00:47,0.05,5.0,2024-12-08T21:00:47,2.525,11.9301635288236,78.9554869237935,NOISE,2024-12-08T21:00:47,2.525,11.9301635288236,78.9554869237935,NOISE,2024-12-08T21:00:47,2.525,11.9301635288236,78.9554869237935,NOISE,2024-12-08T21:00:47,2.525,11.9301635288236,78.9554869237935,NOISE
2026-04-17T09:29:13.197903,Map-Energy__sum__linear-conv00201-20241209_000047-20241209_060047-0.050000-5.000000.png,2024-12-09T00:00:47,2024-12-09T06:00:47,0.05,5.0,2024-12-09T03:00:47,2.525,11.9301635288236,78.9554869237935,NOISE,2024-12-09T03:00:47,2.525,11.9301635288236,78.9554869237935,NOISE,2024-12-09T03:00:47,2.525,11.9301635288236,78.9554869237935,NOISE,2024-12-09T03:00:47,2.525,11.9301635288236,78.9554869237935,NOISE
2026-04-17T09:29:14.142074,Map-Energy__sum__linear-conv00211-20241209_060047-20241209_120047-0.050000-5.000000.png,2024-12-09T06:00:47,2024-12-09T12:00:47,0.05,5.0,2024-12-09T09:00:47,2.525,11.9301635288236,78.9554869237935,NOISE,2024-12-09T09:00:47,2.525,11.9301635288236,78.9554869237935,NOISE,2024-12-09T09:00:47,2.525,11.9301635288236,78.9554869237935,NOISE,2024-12-09T09:00:47,2.525,11.9301635288236,78.9554869237935,NOISE
2026-04-17T09:29:14.909820,Map-Energy__sum__linear-conv00221-20241209_120047-20241209_180047-0.050000-5.000000.png,2024-12-09T12:00:47,2024-12-09T18:00:47,0.05,5.0,2024-12-09T15:00:47,2.525,11.9301635288236,78.9554869237935,NOISE,2024-12-09T15:00:47,2.525,11.9301635288236,78.9554869237935,NOISE,2024-12-09T15:00:47,2.525,11.9301635288236,78.9554869237935,NOISE,2024-12-09T15:00:47,2.525,11.9301635288236,78.9554869237935,NOISE
2026-04-17T09:29:15.655109,Map-Energy__sum__linear-conv00231-20241209_180047-20241210_000047-0.050000-5.000000.png,2024-12-09T18:00:47,2024-12-10T00:00:47,0.05,5.0,2024-12-09T21:00:47,2.525,11.9301635288236,78.9554869237935,NOISE,2024-12-09T21:00:47,2.525,11.9301635288236,78.9554869237935,NOISE,2024-12-09T21:00:47,2.525,11.9301635288236,78.9554869237935,NOISE,2024-12-09T21:00:47,2.525,11.9301635288236,78.9554869237935,NOISE
2026-04-17T09:29:16.333726,Map-Energy__sum__linear-conv00241-20241210_000047-20241210_060047-0.050000-5.000000.png,2024-12-10T00:00:47,2024-12-10T06:00:47,0.05,5.0,2024-12-10T03:00:47,2.525,11.9301635288236,78.9554869237935,NOISE,2024-12-10T03:00:47,2.525,11.9301635288236,78.9554869237935,NOISE,2024-12-10T03:00:47,2.525,11.9301635288236,78.9554869237935,NOISE,2024-12-10T03:00:47,2.525,11.9301635288236,78.9554869237935,NOISE
2026-04-17T09:29:17.013899,Map-Energy__sum__linear-conv00251-20241210_060047-20241210_120047-0.050000-5.000000.png,2024-12-10T06:00:47,2024-12-10T12:00:47,0.05,5.0,2024-12-10T09:00:47,2.525,11.9301635288236,78.9554869237935,NOISE,2024-12-10T09:00:47,2.525,11.9301635288236,78.9554869237935,NOISE,2024-12-10T09:00:47,2.525,11.9301635288236,78.9554869237935,NOISE,2024-12-10T09:00:47,2.525,11.9301635288236,78.9554869237935,NOISE
2026-04-17T09:29:17.725787,Map-Energy__sum__linear-conv00261-20241210_120047-20241210_180047-0.050000-5.000000.png,2024-12-10T12:00:47,2024-12-10T18:00:47,0.05,5.0,2024-12-10T15:00:47,2.525,11.9301635288236,78.9554869237935,NOISE,2024-12-10T15:00:47,2.525,11.9301635288236,78.9554869237935,NOISE,2024-12-10T15:00:47,2.525,11.9301635288236,78.9554869237935,NOISE,2024-12-10T15:00:47,2.525,11.9301635288236,78.9554869237935,NOISE
2026-04-17T09:29:18.406236,Map-Energy__sum__linear-conv00271-20241210_180047-20241211_000047-0.050000-5.000000.png,2024-12-10T18:00:47,2024-12-11T00:00:47,0.05,5.0,2024-12-10T21:00:47,2.525,11.9301635288236,78.9554869237935,NOISE,2024-12-10T21:00:47,2.525,11.9301635288236,78.9554869237935,NOISE,2024-12-10T21:00:47,2.525,11.9301635288236,78.9554869237935,NOISE,2024-12-10T21:00:47,2.525,11.9301635288236,78.9554869237935,NOISE
2026-04-17T09:29:19.110042,Map-Energy__sum__linear-conv00281-20241211_000047-20241211_060047-0.050000-5.000000.png,2024-12-11T00:00:47,2024-12-11T06:00:47,0.05,5.0,2024-12-11T03:00:47,2.525,11.9301635288236,78.9554869237935,NOISE,2024-12-11T03:00:47,2.525,11.9301635288236,78.9554869237935,NOISE,2024-12-11T03:00:47,2.525,11.9301635288236,78.9554869237935,NOISE,2024-12-11T03:00:47,2.525,11.9301635288236,78.9554869237935,NOISE
2026-04-17T09:29:19.622429,Map-Energy__sum__linear-conv00291-20241211_060047-20241211_120047-0.050000-5.000000.png,2024-12-11T06:00:47,2024-12-11T12:00:47,0.05,5.0,2024-12-11T09:00:47,2.525,11.9301635288236,78.9554869237935,NOISE,2024-12-11T09:00:47,2.525,11.9301635288236,78.9554869237935,NOISE,2024-12-11T09:00:47,2.525,11.9301635288236,78.9554869237935,NOISE,2024-12-11T09:00:47,2.525,11.9301635288236,78.9554869237935,NOISE
2026-04-17T09:29:19.974526,Map-Energy__sum__linear-conv00301-20241211_120047-20241211_180047-0.050000-5.000000.png,2024-12-11T12:00:47,2024-12-11T18:00:47,0.05,5.0,2024-12-11T15:00:47,2.525,11.9301635288236,78.9554869237935,NOISE,2024-12-11T15:00:47,2.525,11.9301635288236,78.9554869237935,NOISE,2024-12-11T15:00:47,2.525,11.9301635288236,78.9554869237935,NOISE,2024-12-11T15:00:47,2.525,11.9301635288236,78.9554869237935,NOISE
2026-04-17T09:29:20.381672,Map-Energy__sum__linear-conv00311-20241211_180047-20241212_000047-0.050000-5.000000.png,2024-12-11T18:00:47,2024-12-12T00:00:47,0.05,5.0,2024-12-11T21:00:47,2.525,11.9301635288236,78.9554869237935,NOISE,2024-12-11T21:00:47,2.525,11.9301635288236,78.9554869237935,NOISE,2024-12-11T21:00:47,2.525,11.9301635288236,78.9554869237935,NOISE,2024-12-11T21:00:47,2.525,11.9301635288236,78.9554869237935,NOISE
2026-04-17T09:29:21.125832,Map-Energy__sum__linear-conv00321-20241212_000047-20241212_060047-0.050000-5.000000.png,2024-12-12T00:00:47,2024-12-12T06:00:47,0.05,5.0,2024-12-12T03:00:47,2.525,11.9301635288236,78.9554869237935,NOISE,2024-12-12T03:00:47,2.525,11.9301635288236,78.9554869237935,NOISE,2024-12-12T03:00:47,2.525,11.9301635288236,78.9554869237935,NOISE,2024-12-12T03:00:47,2.525,11.9301635288236,78.9554869237935,NOISE
2026-04-17T09:29:21.781612,Map-Energy__sum__linear-conv00331-20241212_060047-20241212_120047-0.050000-5.000000.png,2024-12-12T06:00:47,2024-12-12T12:00:47,0.05,5.0,2024-12-12T09:00:47,2.525,11.9301635288236,78.9554869237935,NOISE,2024-12-12T09:00:47,2.525,11.9301635288236,78.9554869237935,NOISE,2024-12-12T09:00:47,2.525,11.9301635288236,78.9554869237935,NOISE,2024-12-12T09:00:47,2.525,11.9301635288236,78.9554869237935,NOISE
2026-04-17T09:29:22.542291,Map-Energy__sum__linear-conv00341-20241212_120047-20241212_180047-0.050000-5.000000.png,2024-12-12T12:00:47,2024-12-12T18:00:47,0.05,5.0,2024-12-12T15:00:47,2.525,11.9301635288236,78.9554869237935,NOISE,2024-12-12T15:00:47,2.525,11.9301635288236,78.9554869237935,NOISE,2024-12-12T15:00:47,2.525,11.9301635288236,78.9554869237935,NOISE,2024-12-12T15:00:47,2.525,11.9301635288236,78.9554869237935,NOISE
2026-04-17T09:29:23.349861,Map-Energy__sum__linear-conv00351-20241212_180047-20241213_000047-0.050000-5.000000.png,2024-12-12T18:00:47,2024-12-13T00:00:47,0.05,5.0,2024-12-12T21:00:47,2.525,11.9301635288236,78.9554869237935,NOISE,2024-12-12T21:00:47,2.525,11.9301635288236,78.9554869237935,NOISE,2024-12-12T21:00:47,2.525,11.9301635288236,78.9554869237935,NOISE,2024-12-12T21:00:47,2.525,11.9301635288236,78.9554869237935,NOISE
2026-04-17T09:29:24.094004,Map-Energy__sum__linear-conv00361-20241213_000047-20241213_060047-0.050000-5.000000.png,2024-12-13T00:00:47,2024-12-13T06:00:47,0.05,5.0,2024-12-13T03:00:47,2.525,11.9301635288236,78.9554869237935,NOISE,2024-12-13T03:00:47,2.525,11.9301635288236,78.9554869237935,NOISE,2024-12-13T03:00:47,2.525,11.9301635288236,78.9554869237935,NOISE,2024-12-13T03:00:47,2.525,11.9301635288236,78.9554869237935,NOISE
2026-04-17T09:29:24.854059,Map-Energy__sum__linear-conv00371-20241213_060047-20241213_120047-0.050000-5.000000.png,2024-12-13T06:00:47,2024-12-13T12:00:47,0.05,5.0,2024-12-13T09:00:47,2.525,11.9301635288236,78.9554869237935,NOISE,2024-12-13T09:00:47,2.525,11.9301635288236,78.9554869237935,NOISE,2024-12-13T09:00:47,2.525,11.9301635288236,78.9554869237935,NOISE,2024-12-13T09:00:47,2.525,11.9301635288236,78.9554869237935,NOISE
2026-04-17T09:29:25.533706,Map-Energy__sum__linear-conv00381-20241213_120047-20241213_180047-0.050000-5.000000.png,2024-12-13T12:00:47,2024-12-13T18:00:47,0.05,5.0,2024-12-13T15:00:47,2.525,11.9301635288236,78.9554869237935,NOISE,2024-12-13T15:00:47,2.525,11.9301635288236,78.9554869237935,NOISE,2024-12-13T15:00:47,2.525,11.9301635288236,78.9554869237935,NOISE,2024-12-13T15:00:47,2.525,11.9301635288236,78.9554869237935,NOISE
2026-04-17T09:29:27.765710,Map-Energy__sum__linear-conv00391-20241213_180047-20241214_000047-0.050000-5.000000.png,2024-12-13T18:00:47,2024-12-14T00:00:47,0.05,5.0,2024-12-13T21:00:47,2.525,11.9301635288236,78.9554869237935,NOISE,2024-12-13T21:00:47,2.525,11.9301635288236,78.9554869237935,NOISE,2024-12-13T21:00:47,2.525,11.9301635288236,78.9554869237935,NOISE,2024-12-13T21:00:47,2.525,11.9301635288236,78.9554869237935,NOISE
2026-04-17T09:29:29.301788,Map-Energy__sum__linear-conv00401-20241214_000047-20241214_060047-0.050000-5.000000.png,2024-12-14T00:00:47,2024-12-14T06:00:47,0.05,5.0,2024-12-14T03:00:47,2.525,11.9301635288236,78.9554869237935,NOISE,2024-12-14T03:00:47,2.525,11.9301635288236,78.9554869237935,NOISE,2024-12-14T03:00:47,2.525,11.9301635288236,78.9554869237935,NOISE,2024-12-14T03:00:47,2.525,11.9301635288236,78.9554869237935,NOISE
2026-04-17T09:29:30.397851,Map-Energy__sum__linear-conv00411-20241214_060047-20241214_120047-0.050000-5.000000.png,2024-12-14T06:00:47,2024-12-14T12:00:47,0.05,5.0,2024-12-14T09:00:47,2.525,11.9301635288236,78.9554869237935,NOISE,2024-12-14T09:00:47,2.525,11.9301635288236,78.9554869237935,NOISE,2024-12-14T09:00:47,2.525,11.9301635288236,78.9554869237935,NOISE,2024-12-14T09:00:47,2.525,11.9301635288236,78.9554869237935,NOISE
2026-04-17T09:29:31.861884,Map-Energy__sum__linear-conv00421-20241214_120047-20241214_180047-0.050000-5.000000.png,2024-12-14T12:00:47,2024-12-14T18:00:47,0.05,5.0,2024-12-14T15:00:47,2.525,11.9301635288236,78.9554869237935,NOISE,2024-12-14T15:00:47,2.525,11.9301635288236,78.9554869237935,NOISE,2024-12-14T15:00:47,2.525,11.9301635288236,78.9554869237935,NOISE,2024-12-14T15:00:47,2.525,11.9301635288236,78.9554869237935,NOISE
2026-04-17T09:29:33.021782,Map-Energy__sum__linear-conv00431-20241214_180047-20241215_000047-0.050000-5.000000.png,2024-12-14T18:00:47,2024-12-15T00:00:47,0.05,5.0,2024-12-14T21:00:47,2.525,11.9301635288236,78.9554869237935,NOISE,2024-12-14T21:00:47,2.525,11.9301635288236,78.9554869237935,NOISE,2024-12-14T21:00:47,2.525,11.9301635288236,78.9554869237935,NOISE,2024-12-14T21:00:47,2.525,11.9301635288236,78.9554869237935,NOISE
2026-04-17T09:29:34.013825,Map-Energy__sum__linear-conv00441-20241215_000047-20241215_060047-0.050000-5.000000.png,2024-12-15T00:00:47,2024-12-15T06:00:47,0.05,5.0,2024-12-15T03:00:47,2.525,11.9301635288236,78.9554869237935,NOISE,2024-12-15T03:00:47,2.525,11.9301635288236,78.9554869237935,NOISE,2024-12-15T03:00:47,2.525,11.9301635288236,78.9554869237935,NOISE,2024-12-15T03:00:47,2.525,11.9301635288236,78.9554869237935,NOISE
2026-04-17T09:29:35.093950,Map-Energy__sum__linear-conv00008-20241215_060047-20241215_120047-0.050000-5.000000.png,2024-12-15T06:00:47,2024-12-15T12:00:47,0.05,5.0,2024-12-15T09:00:47,2.525,11.9301635288236,78.9554869237935,NOISE,2024-12-15T09:00:47,2.525,11.9301635288236,78.9554869237935,NOISE,2024-12-15T09:00:47,2.525,11.9301635288236,78.9554869237935,NOISE,2024-12-15T09:00:47,2.525,11.9301635288236,78.9554869237935,NOISE
2026-04-17T09:29:36.646649,Map-Energy__sum__linear-conv00018-20241215_120047-20241215_180047-0.050000-5.000000.png,2024-12-15T12:00:47,2024-12-15T18:00:47,0.05,5.0,2024-12-15T15:00:47,2.525,11.9301635288236,78.9554869237935,NOISE,2024-12-15T15:00:47,2.525,11.9301635288236,78.9554869237935,NOISE,2024-12-15T15:00:47,2.525,11.9301635288236,78.9554869237935,NOISE,2024-12-15T15:00:47,2.525,11.9301635288236,78.9554869237935,NOISE
2026-04-17T09:29:37.493800,Map-Energy__sum__linear-conv00028-20241215_180047-20241216_000047-0.050000-5.000000.png,2024-12-15T18:00:47,2024-12-16T00:00:47,0.05,5.0,2024-12-15T21:00:47,2.525,11.9301635288236,78.9554869237935,NOISE,2024-12-15T21:00:47,2.525,11.9301635288236,78.9554869237935,NOISE,2024-12-15T21:00:47,2.525,11.9301635288236,78.9554869237935,NOISE,2024-12-15T21:00:47,2.525,11.9301635288236,78.9554869237935,NOISE
2026-04-17T09:29:38.261660,Map-Energy__sum__linear-conv00038-20241216_000047-20241216_060047-0.050000-5.000000.png,2024-12-16T00:00:47,2024-12-16T06:00:47,0.05,5.0,2024-12-16T03:00:47,2.525,11.9301635288236,78.9554869237935,NOISE,2024-12-16T03:00:47,2.525,11.9301635288236,78.9554869237935,NOISE,2024-12-16T03:00:47,2.525,11.9301635288236,78.9554869237935,NOISE,2024-12-16T03:00:47,2.525,11.9301635288236,78.9554869237935,NOISE
2026-04-17T09:29:38.997877,Map-Energy__sum__linear-conv00048-20241216_060047-20241216_120047-0.050000-5.000000.png,2024-12-16T06:00:47,2024-12-16T12:00:47,0.05,5.0,2024-12-16T09:00:47,2.525,11.9301635288236,78.9554869237935,NOISE,2024-12-16T09:00:47,2.525,11.9301635288236,78.9554869237935,NOISE,2024-12-16T09:00:47,2.525,11.9301635288236,78.9554869237935,NOISE,2024-12-16T09:00:47,2.525,11.9301635288236,78.9554869237935,NOISE
2026-04-17T09:29:39.773747,Map-Energy__sum__linear-conv00058-20241216_120047-20241216_180047-0.050000-5.000000.png,2024-12-16T12:00:47,2024-12-16T18:00:47,0.05,5.0,2024-12-16T15:00:47,2.525,11.9301635288236,78.9554869237935,NOISE,2024-12-16T15:00:47,2.525,11.9301635288236,78.9554869237935,NOISE,2024-12-16T15:00:47,2.525,11.9301635288236,78.9554869237935,NOISE,2024-12-16T15:00:47,2.525,11.9301635288236,78.9554869237935,NOISE
2026-04-17T09:29:40.557872,Map-Energy__sum__linear-conv00068-20241216_180047-20241217_000047-0.050000-5.000000.png,2024-12-16T18:00:47,2024-12-17T00:00:47,0.05,5.0,2024-12-16T21:00:47,2.525,11.9301635288236,78.9554869237935,NOISE,2024-12-16T21:00:47,2.525,11.9301635288236,78.9554869237935,NOISE,2024-12-16T21:00:47,2.525,11.9301635288236,78.9554869237935,NOISE,2024-12-16T21:00:47,2.525,11.9301635288236,78.9554869237935,NOISE
2026-04-17T09:29:41.533820,Map-Energy__sum__linear-conv00078-20241217_000047-20241217_060047-0.050000-5.000000.png,2024-12-17T00:00:47,2024-12-17T06:00:47,0.05,5.0,2024-12-17T03:00:47,2.525,11.9301635288236,78.9554869237935,NOISE,2024-12-17T03:00:47,2.525,11.9301635288236,78.9554869237935,NOISE,2024-12-17T03:00:47,2.525,11.9301635288236,78.9554869237935,NOISE,2024-12-17T03:00:47,2.525,11.9301635288236,78.9554869237935,NOISE
2026-04-17T09:31:04.693752,Map-Energy__sum__linear-conv00088-20241217_060047-20241217_120047-0.050000-5.000000.png,2024-12-17T06:00:47,2024-12-17T12:00:47,0.05,5.0,2024-12-17T09:00:47,2.525,11.9301635288236,78.9554869237935,NOISE,2024-12-17T09:00:47,2.525,11.9301635288236,78.9554869237935,NOISE,2024-12-17T09:00:47,2.525,11.9301635288236,78.9554869237935,NOISE,2024-12-17T09:00:47,2.525,11.9301635288236,78.9554869237935,NOISE
2026-04-17T09:31:06.869960,Map-Energy__sum__linear-conv00098-20241217_120047-20241217_180047-0.050000-5.000000.png,2024-12-17T12:00:47,2024-12-17T18:00:47,0.05,5.0,2024-12-17T15:00:47,2.525,11.9301635288236,78.9554869237935,NOISE,2024-12-17T15:00:47,2.525,11.9301635288236,78.9554869237935,NOISE,2024-12-17T15:00:47,2.525,11.9301635288236,78.9554869237935,NOISE,2024-12-17T15:00:47,2.525,11.9301635288236,78.9554869237935,NOISE
2026-04-17T09:31:09.773728,Map-Energy__sum__linear-conv00108-20241217_180047-20241218_000047-0.050000-5.000000.png,2024-12-17T18:00:47,2024-12-18T00:00:47,0.05,5.0,2024-12-17T21:00:47,2.525,11.9301635288236,78.9554869237935,NOISE,2024-12-17T21:00:47,2.525,11.9301635288236,78.9554869237935,NOISE,2024-12-17T21:00:47,2.525,11.9301635288236,78.9554869237935,NOISE,2024-12-17T21:00:47,2.525,11.9301635288236,78.9554869237935,NOISE
2026-04-17T09:31:11.853858,Map-Energy__sum__linear-conv00118-20241218_000047-20241218_060047-0.050000-5.000000.png,2024-12-18T00:00:47,2024-12-18T06:00:47,0.05,5.0,2024-12-18T03:00:47,2.525,11.9301635288236,78.9554869237935,NOISE,2024-12-18T03:00:47,2.525,11.9301635288236,78.9554869237935,NOISE,2024-12-18T03:00:47,2.525,11.9301635288236,78.9554869237935,NOISE,2024-12-18T03:00:47,2.525,11.9301635288236,78.9554869237935,NOISE
2026-04-17T09:31:13.223038,Map-Energy__sum__linear-conv00128-20241218_060047-20241218_120047-0.050000-5.000000.png,2024-12-18T06:00:47,2024-12-18T12:00:47,0.05,5.0,2024-12-18T09:00:47,2.525,11.9301635288236,78.9554869237935,NOISE,2024-12-18T09:00:47,2.525,11.9301635288236,78.9554869237935,NOISE,2024-12-18T09:00:47,2.525,11.9301635288236,78.9554869237935,NOISE,2024-12-18T09:00:47,2.525,11.9301635288236,78.9554869237935,NOISE
2026-04-17T09:31:14.533672,Map-Energy__sum__linear-conv00138-20241218_120047-20241218_180047-0.050000-5.000000.png,2024-12-18T12:00:47,2024-12-18T18:00:47,0.05,5.0,2024-12-18T15:00:47,2.525,11.9301635288236,78.9554869237935,NOISE,2024-12-18T15:00:47,2.525,11.9301635288236,78.9554869237935,NOISE,2024-12-18T15:00:47,2.525,11.9301635288236,78.9554869237935,NOISE,2024-12-18T15:00:47,2.525,11.9301635288236,78.9554869237935,NOISE
2026-04-17T09:31:15.573887,Map-Energy__sum__linear-conv00148-20241218_180047-20241219_000047-0.050000-5.000000.png,2024-12-18T18:00:47,2024-12-19T00:00:47,0.05,5.0,2024-12-18T21:00:47,2.525,11.9301635288236,78.9554869237935,NOISE,2024-12-18T21:00:47,2.525,11.9301635288236,78.9554869237935,NOISE,2024-12-18T21:00:47,2.525,11.9301635288236,78.9554869237935,NOISE,2024-12-18T21:00:47,2.525,11.9301635288236,78.9554869237935,NOISE
2026-04-17T09:31:16.637911,Map-Energy__sum__linear-conv00158-20241219_000047-20241219_060047-0.050000-5.000000.png,2024-12-19T00:00:47,2024-12-19T06:00:47,0.05,5.0,2024-12-19T03:00:47,2.525,11.9301635288236,78.9554869237935,NOISE,2024-12-19T03:00:47,2.525,11.9301635288236,78.9554869237935,NOISE,2024-12-19T03:00:47,2.525,11.9301635288236,78.9554869237935,NOISE,2024-12-19T03:00:47,2.525,11.9301635288236,78.9554869237935,NOISE
2026-04-17T09:31:17.033156,Map-Energy__sum__linear-conv00168-20241219_060047-20241219_120047-0.050000-5.000000.png,2024-12-19T06:00:47,2024-12-19T12:00:47,0.05,5.0,2024-12-19T09:00:47,2.525,11.9301635288236,78.9554869237935,NOISE,2024-12-19T09:00:47,2.525,11.9301635288236,78.9554869237935,NOISE,2024-12-19T09:00:47,2.525,11.9301635288236,78.9554869237935,NOISE,2024-12-19T09:00:47,2.525,11.9301635288236,78.9554869237935,NOISE
2026-04-17T09:31:18.853808,Map-Energy__sum__linear-conv00178-20241219_120047-20241219_180047-0.050000-5.000000.png,2024-12-19T12:00:47,2024-12-19T18:00:47,0.05,5.0,2024-12-19T15:00:47,2.525,11.9301635288236,78.9554869237935,NOISE,2024-12-19T15:00:47,2.525,11.9301635288236,78.9554869237935,NOISE,2024-12-19T15:00:47,2.525,11.9301635288236,78.9554869237935,NOISE,2024-12-19T15:00:47,2.525,11.9301635288236,78.9554869237935,NOISE
2026-04-17T09:31:20.438287,Map-Energy__sum__linear-conv00188-20241219_180047-20241220_000047-0.050000-5.000000.png,2024-12-19T18:00:47,2024-12-20T00:00:47,0.05,5.0,2024-12-19T21:00:47,2.525,11.9301635288236,78.9554869237935,NOISE,2024-12-19T21:00:47,2.525,11.9301635288236,78.9554869237935,NOISE,2024-12-19T21:00:47,2.525,11.9301635288236,78.9554869237935,NOISE,2024-12-19T21:00:47,2.525,11.9301635288236,78.9554869237935,NOISE
2026-04-17T09:31:21.773693,Map-Energy__sum__linear-conv00198-20241220_000047-20241220_060047-0.050000-5.000000.png,2024-12-20T00:00:47,2024-12-20T06:00:47,0.05,5.0,2024-12-20T03:00:47,2.525,11.9301635288236,78.9554869237935,NOISE,2024-12-20T03:00:47,2.525,11.9301635288236,78.9554869237935,NOISE,2024-12-20T03:00:47,2.525,11.9301635288236,78.9554869237935,NOISE,2024-12-20T03:00:47,2.525,11.9301635288236,78.9554869237935,NOISE
2026-04-17T09:31:22.917572,Map-Energy__sum__linear-conv00208-20241220_060047-20241220_120047-0.050000-5.000000.png,2024-12-20T06:00:47,2024-12-20T12:00:47,0.05,5.0,2024-12-20T09:00:47,2.525,11.9301635288236,78.9554869237935,NOISE,2024-12-20T09:00:47,2.525,11.9301635288236,78.9554869237935,NOISE,2024-12-20T09:00:47,2.525,11.9301635288236,78.9554869237935,NOISE,2024-12-20T09:00:47,2.525,11.9301635288236,78.9554869237935,NOISE
2026-04-17T09:31:24.070176,Map-Energy__sum__linear-conv00218-20241220_120047-20241220_180047-0.050000-5.000000.png,2024-12-20T12:00:47,2024-12-20T18:00:47,0.05,5.0,2024-12-20T15:00:47,2.525,11.9301635288236,78.9554869237935,NOISE,2024-12-20T15:00:47,2.525,11.9301635288236,78.9554869237935,NOISE,2024-12-20T15:00:47,2.525,11.9301635288236,78.9554869237935,NOISE,2024-12-20T15:00:47,2.525,11.9301635288236,78.9554869237935,NOISE
2026-04-17T09:31:25.702609,Map-Energy__sum__linear-conv00228-20241220_180047-20241221_000047-0.050000-5.000000.png,2024-12-20T18:00:47,2024-12-21T00:00:47,0.05,5.0,2024-12-20T21:00:47,2.525,11.9301635288236,78.9554869237935,NOISE,2024-12-20T21:00:47,2.525,11.9301635288236,78.9554869237935,NOISE,2024-12-20T21:00:47,2.525,11.9301635288236,78.9554869237935,NOISE,2024-12-20T21:00:47,2.525,11.9301635288236,78.9554869237935,NOISE
2026-04-17T09:31:27.325741,Map-Energy__sum__linear-conv00238-20241221_000047-20241221_060047-0.050000-5.000000.png,2024-12-21T00:00:47,2024-12-21T06:00:47,0.05,5.0,2024-12-21T03:00:47,2.525,11.9301635288236,78.9554869237935,NOISE,2024-12-21T03:00:47,2.525,11.9301635288236,78.9554869237935,NOISE,2024-12-21T03:00:47,2.525,11.9301635288236,78.9554869237935,NOISE,2024-12-21T03:00:47,2.525,11.9301635288236,78.9554869237935,NOISE
2026-04-17T09:31:29.365613,Map-Energy__sum__linear-conv00248-20241221_060047-20241221_120047-0.050000-5.000000.png,2024-12-21T06:00:47,2024-12-21T12:00:47,0.05,5.0,2024-12-21T09:00:47,2.525,11.9301635288236,78.9554869237935,NOISE,2024-12-21T09:00:47,2.525,11.9301635288236,78.9554869237935,NOISE,2024-12-21T09:00:47,2.525,11.9301635288236,78.9554869237935,NOISE,2024-12-21T09:00:47,2.525,11.9301635288236,78.9554869237935,NOISE
2026-04-17T09:31:30.469672,Map-Energy__sum__linear-conv00258-20241221_120047-20241221_180047-0.050000-5.000000.png,2024-12-21T12:00:47,2024-12-21T18:00:47,0.05,5.0,2024-12-21T15:00:47,2.525,11.9301635288236,78.9554869237935,NOISE,2024-12-21T15:00:47,2.525,11.9301635288236,78.9554869237935,NOISE,2024-12-21T15:00:47,2.525,11.9301635288236,78.9554869237935,NOISE,2024-12-21T15:00:47,2.525,11.9301635288236,78.9554869237935,NOISE
2026-04-17T09:31:31.469632,Map-Energy__sum__linear-conv00268-20241221_180047-20241222_000047-0.050000-5.000000.png,2024-12-21T18:00:47,2024-12-22T00:00:47,0.05,5.0,2024-12-21T21:00:47,2.525,11.9301635288236,78.9554869237935,NOISE,2024-12-21T21:00:47,2.525,11.9301635288236,78.9554869237935,NOISE,2024-12-21T21:00:47,2.525,11.9301635288236,78.9554869237935,NOISE,2024-12-21T21:00:47,2.525,11.9301635288236,78.9554869237935,NOISE
2026-04-17T09:31:32.453838,Map-Energy__sum__linear-conv00278-20241222_000047-20241222_060047-0.050000-5.000000.png,2024-12-22T00:00:47,2024-12-22T06:00:47,0.05,5.0,2024-12-22T03:00:47,2.525,11.9301635288236,78.9554869237935,NOISE,2024-12-22T03:00:47,2.525,11.9301635288236,78.9554869237935,NOISE,2024-12-22T03:00:47,2.525,11.9301635288236,78.9554869237935,NOISE,2024-12-22T03:00:47,2.525,11.9301635288236,78.9554869237935,NOISE
2026-04-17T09:31:33.702538,Map-Energy__sum__linear-conv00288-20241222_060047-20241222_120047-0.050000-5.000000.png,2024-12-22T06:00:47,2024-12-22T12:00:47,0.05,5.0,2024-12-22T09:00:47,2.525,11.9301635288236,78.9554869237935,NOISE,2024-12-22T09:00:47,2.525,11.9301635288236,78.9554869237935,NOISE,2024-12-22T09:00:47,2.525,11.9301635288236,78.9554869237935,NOISE,2024-12-22T09:00:47,2.525,11.9301635288236,78.9554869237935,NOISE
2026-04-17T09:31:34.712282,Map-Energy__sum__linear-conv00298-20241222_120047-20241222_180047-0.050000-5.000000.png,2024-12-22T12:00:47,2024-12-22T18:00:47,0.05,5.0,2024-12-22T15:00:47,2.525,11.9301635288236,78.9554869237935,NOISE,2024-12-22T15:00:47,2.525,11.9301635288236,78.9554869237935,NOISE,2024-12-22T15:00:47,2.525,11.9301635288236,78.9554869237935,NOISE,2024-12-22T15:00:47,2.525,11.9301635288236,78.9554869237935,NOISE
2026-04-17T09:31:35.909752,Map-Energy__sum__linear-conv00308-20241222_180047-20241223_000047-0.050000-5.000000.png,2024-12-22T18:00:47,2024-12-23T00:00:47,0.05,5.0,2024-12-22T21:00:47,2.525,11.9301635288236,78.9554869237935,NOISE,2024-12-22T21:00:47,2.525,11.9301635288236,78.9554869237935,NOISE,2024-12-22T21:00:47,2.525,11.9301635288236,78.9554869237935,NOISE,2024-12-22T21:00:47,2.525,11.9301635288236,78.9554869237935,NOISE
2026-04-17T09:31:36.845736,Map-Energy__sum__linear-conv00318-20241223_000047-20241223_060047-0.050000-5.000000.png,2024-12-23T00:00:47,2024-12-23T06:00:47,0.05,5.0,2024-12-23T03:00:47,2.525,11.9301635288236,78.9554869237935,NOISE,2024-12-23T03:00:47,2.525,11.9301635288236,78.9554869237935,NOISE,2024-12-23T03:00:47,2.525,11.9301635288236,78.9554869237935,NOISE,2024-12-23T03:00:47,2.525,11.9301635288236,78.9554869237935,NOISE
2026-04-17T09:31:38.125727,Map-Energy__sum__linear-conv00001-20241223_060047-20241223_120047-0.050000-5.000000.png,2024-12-23T06:00:47,2024-12-23T12:00:47,0.05,5.0,2024-12-23T09:00:47,2.525,11.9301635288236,78.9554869237935,NOISE,2024-12-23T09:00:47,2.525,11.9301635288236,78.9554869237935,NOISE,2024-12-23T09:00:47,2.525,11.9301635288236,78.9554869237935,NOISE,2024-12-23T09:00:47,2.525,11.9301635288236,78.9554869237935,NOISE
2026-04-17T09:31:39.158049,Map-Energy__sum__linear-conv00011-20241223_120047-20241223_180047-0.050000-5.000000.png,2024-12-23T12:00:47,2024-12-23T18:00:47,0.05,5.0,2024-12-23T15:00:47,2.525,11.9301635288236,78.9554869237935,NOISE,2024-12-23T15:00:47,2.525,11.9301635288236,78.9554869237935,NOISE,2024-12-23T15:00:47,2.525,11.9301635288236,78.9554869237935,NOISE,2024-12-23T15:00:47,2.525,11.9301635288236,78.9554869237935,NOISE
2026-04-17T09:31:40.253734,Map-Energy__sum__linear-conv00021-20241223_180047-20241224_000047-0.050000-5.000000.png,2024-12-23T18:00:47,2024-12-24T00:00:47,0.05,5.0,2024-12-23T21:00:47,2.525,11.9301635288236,78.9554869237935,NOISE,2024-12-23T21:00:47,2.525,11.9301635288236,78.9554869237935,NOISE,2024-12-23T21:00:47,2.525,11.9301635288236,78.9554869237935,NOISE,2024-12-23T21:00:47,2.525,11.9301635288236,78.9554869237935,NOISE
2026-04-17T09:31:41.373731,Map-Energy__sum__linear-conv00031-20241224_000047-20241224_060047-0.050000-5.000000.png,2024-12-24T00:00:47,2024-12-24T06:00:47,0.05,5.0,2024-12-24T03:00:47,2.525,11.9301635288236,78.9554869237935,NOISE,2024-12-24T03:00:47,2.525,11.9301635288236,78.9554869237935,NOISE,2024-12-24T03:00:47,2.525,11.9301635288236,78.9554869237935,NOISE,2024-12-24T03:00:47,2.525,11.9301635288236,78.9554869237935,NOISE
2026-04-17T09:31:42.461784,Map-Energy__sum__linear-conv00041-20241224_060047-20241224_120047-0.050000-5.000000.png,2024-12-24T06:00:47,2024-12-24T12:00:47,0.05,5.0,2024-12-24T09:00:47,2.525,11.9301635288236,78.9554869237935,NOISE,2024-12-24T09:00:47,2.525,11.9301635288236,78.9554869237935,NOISE,2024-12-24T09:00:47,2.525,11.9301635288236,78.9554869237935,NOISE,2024-12-24T09:00:47,2.525,11.9301635288236,78.9554869237935,NOISE
2026-04-17T09:31:44.173861,Map-Energy__sum__linear-conv00051-20241224_120047-20241224_180047-0.050000-5.000000.png,2024-12-24T12:00:47,2024-12-24T18:00:47,0.05,5.0,2024-12-24T15:00:47,2.525,11.9301635288236,78.9554869237935,NOISE,2024-12-24T15:00:47,2.525,11.9301635288236,78.9554869237935,NOISE,2024-12-24T15:00:47,2.525,11.9301635288236,78.9554869237935,NOISE,2024-12-24T15:00:47,2.525,11.9301635288236,78.9554869237935,NOISE
2026-04-17T09:31:45.942594,Map-Energy__sum__linear-conv00061-20241224_180047-20241225_000047-0.050000-5.000000.png,2024-12-24T18:00:47,2024-12-25T00:00:47,0.05,5.0,2024-12-24T21:00:47,2.525,11.9301635288236,78.9554869237935,NOISE,2024-12-24T21:00:47,2.525,11.9301635288236,78.9554869237935,NOISE,2024-12-24T21:00:47,2.525,11.9301635288236,78.9554869237935,NOISE,2024-12-24T21:00:47,2.525,11.9301635288236,78.9554869237935,NOISE
2026-04-17T09:31:47.077667,Map-Energy__sum__linear-conv00071-20241225_000047-20241225_060047-0.050000-5.000000.png,2024-12-25T00:00:47,2024-12-25T06:00:47,0.05,5.0,2024-12-25T03:00:47,2.525,11.9301635288236,78.9554869237935,NOISE,2024-12-25T03:00:47,2.525,11.9301635288236,78.9554869237935,NOISE,2024-12-25T03:00:47,2.525,11.9301635288236,78.9554869237935,NOISE,2024-12-25T03:00:47,2.525,11.9301635288236,78.9554869237935,NOISE
2026-04-17T09:31:48.637772,Map-Energy__sum__linear-conv00081-20241225_060047-20241225_120047-0.050000-5.000000.png,2024-12-25T06:00:47,2024-12-25T12:00:47,0.05,5.0,2024-12-25T09:00:47,2.525,11.9301635288236,78.9554869237935,NOISE,2024-12-25T09:00:47,2.525,11.9301635288236,78.9554869237935,NOISE,2024-12-25T09:00:47,2.525,11.9301635288236,78.9554869237935,NOISE,2024-12-25T09:00:47,2.525,11.9301635288236,78.9554869237935,NOISE
2026-04-17T09:31:50.069739,Map-Energy__sum__linear-conv00091-20241225_120047-20241225_180047-0.050000-5.000000.png,2024-12-25T12:00:47,2024-12-25T18:00:47,0.05,5.0,2024-12-25T15:00:47,2.525,11.9301635288236,78.9554869237935,NOISE,2024-12-25T15:00:47,2.525,11.9301635288236,78.9554869237935,NOISE,2024-12-25T15:00:47,2.525,11.9301635288236,78.9554869237935,NOISE,2024-12-25T15:00:47,2.525,11.9301635288236,78.9554869237935,NOISE
2026-04-17T09:31:51.165959,Map-Energy__sum__linear-conv00101-20241225_180047-20241226_000047-0.050000-5.000000.png,2024-12-25T18:00:47,2024-12-26T00:00:47,0.05,5.0,2024-12-25T21:00:47,2.525,11.9301635288236,78.9554869237935,NOISE,2024-12-25T21:00:47,2.525,11.9301635288236,78.9554869237935,NOISE,2024-12-25T21:00:47,2.525,11.9301635288236,78.9554869237935,NOISE,2024-12-25T21:00:47,2.525,11.9301635288236,78.9554869237935,NOISE
2026-04-17T09:31:52.349792,Map-Energy__sum__linear-conv00111-20241226_000047-20241226_060047-0.050000-5.000000.png,2024-12-26T00:00:47,2024-12-26T06:00:47,0.05,5.0,2024-12-26T03:00:47,2.525,11.9301635288236,78.9554869237935,NOISE,2024-12-26T03:00:47,2.525,11.9301635288236,78.9554869237935,NOISE,2024-12-26T03:00:47,2.525,11.9301635288236,78.9554869237935,NOISE,2024-12-26T03:00:47,2.525,11.9301635288236,78.9554869237935,NOISE
2026-04-17T09:31:53.357741,Map-Energy__sum__linear-conv00121-20241226_060047-20241226_120047-0.050000-5.000000.png,2024-12-26T06:00:47,2024-12-26T12:00:47,0.05,5.0,2024-12-26T09:00:47,2.525,11.9301635288236,78.9554869237935,NOISE,2024-12-26T09:00:47,2.525,11.9301635288236,78.9554869237935,NOISE,2024-12-26T09:00:47,2.525,11.9301635288236,78.9554869237935,NOISE,2024-12-26T09:00:47,2.525,11.9301635288236,78.9554869237935,NOISE
2026-04-17T09:31:54.293732,Map-Energy__sum__linear-conv00131-20241226_120047-20241226_180047-0.050000-5.000000.png,2024-12-26T12:00:47,2024-12-26T18:00:47,0.05,5.0,2024-12-26T15:00:47,2.525,11.9301635288236,78.9554869237935,NOISE,2024-12-26T15:00:47,2.525,11.9301635288236,78.9554869237935,NOISE,2024-12-26T15:00:47,2.525,11.9301635288236,78.9554869237935,NOISE,2024-12-26T15:00:47,2.525,11.9301635288236,78.9554869237935,NOISE
2026-04-17T09:31:55.765542,Map-Energy__sum__linear-conv00141-20241226_180047-20241227_000047-0.050000-5.000000.png,2024-12-26T18:00:47,2024-12-27T00:00:47,0.05,5.0,2024-12-26T21:00:47,2.525,11.9301635288236,78.9554869237935,NOISE,2024-12-26T21:00:47,2.525,11.9301635288236,78.9554869237935,NOISE,2024-12-26T21:00:47,2.525,11.9301635288236,78.9554869237935,NOISE,2024-12-26T21:00:47,2.525,11.9301635288236,78.9554869237935,NOISE
2026-04-17T09:31:56.749689,Map-Energy__sum__linear-conv00151-20241227_000047-20241227_060047-0.050000-5.000000.png,2024-12-27T00:00:47,2024-12-27T06:00:47,0.05,5.0,2024-12-27T03:00:47,2.525,11.9301635288236,78.9554869237935,NOISE,2024-12-27T03:00:47,2.525,11.9301635288236,78.9554869237935,NOISE,2024-12-27T03:00:47,2.525,11.9301635288236,78.9554869237935,NOISE,2024-12-27T03:00:47,2.525,11.9301635288236,78.9554869237935,NOISE
2026-04-17T09:31:57.685844,Map-Energy__sum__linear-conv00161-20241227_060047-20241227_120047-0.050000-5.000000.png,2024-12-27T06:00:47,2024-12-27T12:00:47,0.05,5.0,2024-12-27T09:00:47,2.525,11.9301635288236,78.9554869237935,NOISE,2024-12-27T09:00:47,2.525,11.9301635288236,78.9554869237935,NOISE,2024-12-27T09:00:47,2.525,11.9301635288236,78.9554869237935,NOISE,2024-12-27T09:00:47,2.525,11.9301635288236,78.9554869237935,NOISE
2026-04-17T09:31:58.694375,Map-Energy__sum__linear-conv00171-20241227_120047-20241227_180047-0.050000-5.000000.png,2024-12-27T12:00:47,2024-12-27T18:00:47,0.05,5.0,2024-12-27T15:00:47,2.525,11.9301635288236,78.9554869237935,NOISE,2024-12-27T15:00:47,2.525,11.9301635288236,78.9554869237935,NOISE,2024-12-27T15:00:47,2.525,11.9301635288236,78.9554869237935,NOISE,2024-12-27T15:00:47,2.525,11.9301635288236,78.9554869237935,NOISE
2026-04-17T09:31:59.613742,Map-Energy__sum__linear-conv00181-20241227_180047-20241228_000047-0.050000-5.000000.png,2024-12-27T18:00:47,2024-12-28T00:00:47,0.05,5.0,2024-12-27T21:00:47,2.525,11.9301635288236,78.9554869237935,NOISE,2024-12-27T21:00:47,2.525,11.9301635288236,78.9554869237935,NOISE,2024-12-27T21:00:47,2.525,11.9301635288236,78.9554869237935,NOISE,2024-12-27T21:00:47,2.525,11.9301635288236,78.9554869237935,NOISE
2026-04-17T09:32:00.445702,Map-Energy__sum__linear-conv00191-20241228_000047-20241228_060047-0.050000-5.000000.png,2024-12-28T00:00:47,2024-12-28T06:00:47,0.05,5.0,2024-12-28T03:00:47,2.525,11.9301635288236,78.9554869237935,NOISE,2024-12-28T03:00:47,2.525,11.9301635288236,78.9554869237935,NOISE,2024-12-28T03:00:47,2.525,11.9301635288236,78.9554869237935,NOISE,2024-12-28T03:00:47,2.525,11.9301635288236,78.9554869237935,NOISE
2026-04-17T09:32:01.429425,Map-Energy__sum__linear-conv00201-20241228_060047-20241228_120047-0.050000-5.000000.png,2024-12-28T06:00:47,2024-12-28T12:00:47,0.05,5.0,2024-12-28T09:00:47,2.525,11.9301635288236,78.9554869237935,NOISE,2024-12-28T09:00:47,2.525,11.9301635288236,78.9554869237935,NOISE,2024-12-28T09:00:47,2.525,11.9301635288236,78.9554869237935,NOISE,2024-12-28T09:00:47,2.525,11.9301635288236,78.9554869237935,NOISE
2026-04-17T09:32:02.285751,Map-Energy__sum__linear-conv00211-20241228_120047-20241228_180047-0.050000-5.000000.png,2024-12-28T12:00:47,2024-12-28T18:00:47,0.05,5.0,2024-12-28T15:00:47,2.525,11.9301635288236,78.9554869237935,NOISE,2024-12-28T15:00:47,2.525,11.9301635288236,78.9554869237935,NOISE,2024-12-28T15:00:47,2.525,11.9301635288236,78.9554869237935,NOISE,2024-12-28T15:00:47,2.525,11.9301635288236,78.9554869237935,NOISE
2026-04-17T09:32:03.053649,Map-Energy__sum__linear-conv00221-20241228_180047-20241229_000047-0.050000-5.000000.png,2024-12-28T18:00:47,2024-12-29T00:00:47,0.05,5.0,2024-12-28T21:00:47,2.525,11.9301635288236,78.9554869237935,NOISE,2024-12-28T21:00:47,2.525,11.9301635288236,78.9554869237935,NOISE,2024-12-28T21:00:47,2.525,11.9301635288236,78.9554869237935,NOISE,2024-12-28T21:00:47,2.525,11.9301635288236,78.9554869237935,NOISE
2026-04-17T09:32:03.869700,Map-Energy__sum__linear-conv00231-20241229_000047-20241229_060047-0.050000-5.000000.png,2024-12-29T00:00:47,2024-12-29T06:00:47,0.05,5.0,2024-12-29T03:00:47,2.525,11.9301635288236,78.9554869237935,NOISE,2024-12-29T03:00:47,2.525,11.9301635288236,78.9554869237935,NOISE,2024-12-29T03:00:47,2.525,11.9301635288236,78.9554869237935,NOISE,2024-12-29T03:00:47,2.525,11.9301635288236,78.9554869237935,NOISE
2026-04-17T09:32:04.701780,Map-Energy__sum__linear-conv00241-20241229_060047-20241229_120047-0.050000-5.000000.png,2024-12-29T06:00:47,2024-12-29T12:00:47,0.05,5.0,2024-12-29T09:00:47,2.525,11.9301635288236,78.9554869237935,NOISE,2024-12-29T09:00:47,2.525,11.9301635288236,78.9554869237935,NOISE,2024-12-29T09:00:47,2.525,11.9301635288236,78.9554869237935,NOISE,2024-12-29T09:00:47,2.525,11.9301635288236,78.9554869237935,NOISE
2026-04-17T09:32:05.437835,Map-Energy__sum__linear-conv00251-20241229_120047-20241229_180047-0.050000-5.000000.png,2024-12-29T12:00:47,2024-12-29T18:00:47,0.05,5.0,2024-12-29T15:00:47,2.525,11.9301635288236,78.9554869237935,NOISE,2024-12-29T15:00:47,2.525,11.9301635288236,78.9554869237935,NOISE,2024-12-29T15:00:47,2.525,11.9301635288236,78.9554869237935,NOISE,2024-12-29T15:00:47,2.525,11.9301635288236,78.9554869237935,NOISE
2026-04-17T09:32:06.357776,Map-Energy__sum__linear-conv00261-20241229_180047-20241230_000047-0.050000-5.000000.png,2024-12-29T18:00:47,2024-12-30T00:00:47,0.05,5.0,2024-12-29T21:00:47,2.525,11.9301635288236,78.9554869237935,NOISE,2024-12-29T21:00:47,2.525,11.9301635288236,78.9554869237935,NOISE,2024-12-29T21:00:47,2.525,11.9301635288236,78.9554869237935,NOISE,2024-12-29T21:00:47,2.525,11.9301635288236,78.9554869237935,NOISE
2026-04-17T09:32:07.125686,Map-Energy__sum__linear-conv00271-20241230_000047-20241230_060047-0.050000-5.000000.png,2024-12-30T00:00:47,2024-12-30T06:00:47,0.05,5.0,2024-12-30T03:00:47,2.525,11.9301635288236,78.9554869237935,NOISE,2024-12-30T03:00:47,2.525,11.9301635288236,78.9554869237935,NOISE,2024-12-30T03:00:47,2.525,11.9301635288236,78.9554869237935,NOISE,2024-12-30T03:00:47,2.525,11.9301635288236,78.9554869237935,NOISE
2026-04-17T09:32:07.965535,Map-Energy__sum__linear-conv00281-20241230_060047-20241230_120047-0.050000-5.000000.png,2024-12-30T06:00:47,2024-12-30T12:00:47,0.05,5.0,2024-12-30T09:00:47,2.525,11.9301635288236,78.9554869237935,NOISE,2024-12-30T09:00:47,2.525,11.9301635288236,78.9554869237935,NOISE,2024-12-30T09:00:47,2.525,11.9301635288236,78.9554869237935,NOISE,2024-12-30T09:00:47,2.525,11.9301635288236,78.9554869237935,NOISE
2026-04-17T09:32:08.805739,Map-Energy__sum__linear-conv00291-20241230_120047-20241230_180047-0.050000-5.000000.png,2024-12-30T12:00:47,2024-12-30T18:00:47,0.05,5.0,2024-12-30T15:00:47,2.525,11.9301635288236,78.9554869237935,NOISE,2024-12-30T15:00:47,2.525,11.9301635288236,78.9554869237935,NOISE,2024-12-30T15:00:47,2.525,11.9301635288236,78.9554869237935,NOISE,2024-12-30T15:00:47,2.525,11.9301635288236,78.9554869237935,NOISE
2026-04-17T09:32:09.565681,Map-Energy__sum__linear-conv00301-20241230_180047-20241231_000047-0.050000-5.000000.png,2024-12-30T18:00:47,2024-12-31T00:00:47,0.05,5.0,2024-12-30T21:00:47,2.525,11.9301635288236,78.9554869237935,NOISE,2024-12-30T21:00:47,2.525,11.9301635288236,78.9554869237935,NOISE,2024-12-30T21:00:47,2.525,11.9301635288236,78.9554869237935,NOISE,2024-12-30T21:00:47,2.525,11.9301635288236,78.9554869237935,NOISE
2026-04-17T09:32:10.278035,Map-Energy__sum__linear-conv00311-20241231_000047-20241231_060047-0.050000-5.000000.png,2024-12-31T00:00:47,2024-12-31T06:00:47,0.05,5.0,2024-12-31T03:00:47,2.525,11.9301635288236,78.9554869237935,NOISE,2024-12-31T03:00:47,2.525,11.9301635288236,78.9554869237935,NOISE,2024-12-31T03:00:47,2.525,11.9301635288236,78.9554869237935,NOISE,2024-12-31T03:00:47,2.525,11.9301635288236,78.9554869237935,NOISE
2026-04-17T09:32:11.197718,Map-Energy__sum__linear-conv00321-20241231_060047-20241231_120047-0.050000-5.000000.png,2024-12-31T06:00:47,2024-12-31T12:00:47,0.05,5.0,2024-12-31T09:00:47,2.525,11.9301635288236,78.9554869237935,NOISE,2024-12-31T09:00:47,2.525,11.9301635288236,78.9554869237935,NOISE,2024-12-31T09:00:47,2.525,11.9301635288236,78.9554869237935,NOISE,2024-12-31T09:00:47,2.525,11.9301635288236,78.9554869237935,NOISE
2026-04-17T09:32:12.053521,Map-Energy__sum__linear-conv00331-20241231_120047-20241231_180047-0.050000-5.000000.png,2024-12-31T12:00:47,2024-12-31T18:00:47,0.05,5.0,2024-12-31T15:00:47,2.525,11.9301635288236,78.9554869237935,NOISE,2024-12-31T15:00:47,2.525,11.9301635288236,78.9554869237935,NOISE,2024-12-31T15:00:47,2.525,11.9301635288236,78.9554869237935,NOISE,2024-12-31T15:00:47,2.525,11.9301635288236,78.9554869237935,NOISE
2026-04-17T09:32:13.093805,Map-Energy__sum__linear-conv00341-20241231_180047-20250101_000047-0.050000-5.000000.png,2024-12-31T18:00:47,2025-01-01T00:00:47,0.05,5.0,2024-12-31T21:00:47,2.525,11.9301635288236,78.9554869237935,NOISE,2024-12-31T21:00:47,2.525,11.9301635288236,78.9554869237935,NOISE,2024-12-31T21:00:47,2.525,11.9301635288236,78.9554869237935,NOISE,2024-12-31T21:00:47,2.525,11.9301635288236,78.9554869237935,NOISE
2026-04-17T09:32:14.317687,Map-Energy__sum__linear-conv00002-20241201_000047-20241201_060047-5.000000-10.000000.png,2024-12-01T00:00:47,2024-12-01T06:00:47,5.0,10.0,2024-12-01T03:00:47,7.5,11.7898272340434,78.9877048432448,NOISE,2024-12-01T03:00:47,7.5,11.7898272340434,78.9877048432448,NOISE,2024-12-01T03:00:47,7.5,11.7898272340434,78.9877048432448,NOISE,2024-12-01T03:00:47,7.5,11.7898272340434,78.9877048432448,NOISE
2026-04-17T09:32:16.429800,Map-Energy__sum__linear-conv00012-20241201_060047-20241201_120047-5.000000-10.000000.png,2024-12-01T06:00:47,2024-12-01T12:00:47,5.0,10.0,2024-12-01T09:00:47,7.5,11.7898272340434,78.9877048432448,NOISE,2024-12-01T09:00:47,7.5,11.7898272340434,78.9877048432448,NOISE,2024-12-01T09:00:47,7.5,11.7898272340434,78.9877048432448,NOISE,2024-12-01T09:00:47,7.5,11.7898272340434,78.9877048432448,NOISE
2026-04-17T09:32:17.421854,Map-Energy__sum__linear-conv00022-20241201_120047-20241201_180047-5.000000-10.000000.png,2024-12-01T12:00:47,2024-12-01T18:00:47,5.0,10.0,2024-12-01T15:00:47,7.5,11.7898272340434,78.9877048432448,NOISE,2024-12-01T15:00:47,7.5,11.7898272340434,78.9877048432448,NOISE,2024-12-01T15:00:47,7.5,11.7898272340434,78.9877048432448,NOISE,2024-12-01T15:00:47,7.5,11.7898272340434,78.9877048432448,NOISE
2026-04-17T09:32:18.933773,Map-Energy__sum__linear-conv00032-20241201_180047-20241202_000047-5.000000-10.000000.png,2024-12-01T18:00:47,2024-12-02T00:00:47,5.0,10.0,2024-12-01T21:00:47,7.5,11.7898272340434,78.9877048432448,NOISE,2024-12-01T21:00:47,7.5,11.7898272340434,78.9877048432448,NOISE,2024-12-01T21:00:47,7.5,11.7898272340434,78.9877048432448,NOISE,2024-12-01T21:00:47,7.5,11.7898272340434,78.9877048432448,NOISE
2026-04-17T09:32:19.941678,Map-Energy__sum__linear-conv00042-20241202_000047-20241202_060047-5.000000-10.000000.png,2024-12-02T00:00:47,2024-12-02T06:00:47,5.0,10.0,2024-12-02T03:00:47,7.5,11.7898272340434,78.9877048432448,NOISE,2024-12-02T03:00:47,7.5,11.7898272340434,78.9877048432448,NOISE,2024-12-02T03:00:47,7.5,11.7898272340434,78.9877048432448,NOISE,2024-12-02T03:00:47,7.5,11.7898272340434,78.9877048432448,NOISE
2026-04-17T09:32:20.829714,Map-Energy__sum__linear-conv00052-20241202_060047-20241202_120047-5.000000-10.000000.png,2024-12-02T06:00:47,2024-12-02T12:00:47,5.0,10.0,2024-12-02T09:00:47,7.5,11.7898272340434,78.9877048432448,NOISE,2024-12-02T09:00:47,7.5,11.7898272340434,78.9877048432448,NOISE,2024-12-02T09:00:47,7.5,11.7898272340434,78.9877048432448,NOISE,2024-12-02T09:00:47,7.5,11.7898272340434,78.9877048432448,NOISE
2026-04-17T09:32:21.773665,Map-Energy__sum__linear-conv00062-20241202_120047-20241202_180047-5.000000-10.000000.png,2024-12-02T12:00:47,2024-12-02T18:00:47,5.0,10.0,2024-12-02T15:00:47,7.5,11.7898272340434,78.9877048432448,NOISE,2024-12-02T15:00:47,7.5,11.7898272340434,78.9877048432448,NOISE,2024-12-02T15:00:47,7.5,11.7898272340434,78.9877048432448,NOISE,2024-12-02T15:00:47,7.5,11.7898272340434,78.9877048432448,NOISE
2026-04-17T09:32:22.789697,Map-Energy__sum__linear-conv00072-20241202_180047-20241203_000047-5.000000-10.000000.png,2024-12-02T18:00:47,2024-12-03T00:00:47,5.0,10.0,2024-12-02T21:00:47,7.5,11.7898272340434,78.9877048432448,NOISE,2024-12-02T21:00:47,7.5,11.7898272340434,78.9877048432448,NOISE,2024-12-02T21:00:47,7.5,11.7898272340434,78.9877048432448,NOISE,2024-12-02T21:00:47,7.5,11.7898272340434,78.9877048432448,NOISE
2026-04-17T09:32:25.030699,Map-Energy__sum__linear-conv00082-20241203_000047-20241203_060047-5.000000-10.000000.png,2024-12-03T00:00:47,2024-12-03T06:00:47,5.0,10.0,2024-12-03T03:00:47,7.5,11.7898272340434,78.9877048432448,NOISE,2024-12-03T03:00:47,7.5,11.7898272340434,78.9877048432448,NOISE,2024-12-03T03:00:47,7.5,11.7898272340434,78.9877048432448,NOISE,2024-12-03T03:00:47,7.5,11.7898272340434,78.9877048432448,NOISE
2026-04-17T09:32:26.485687,Map-Energy__sum__linear-conv00092-20241203_060047-20241203_120047-5.000000-10.000000.png,2024-12-03T06:00:47,2024-12-03T12:00:47,5.0,10.0,2024-12-03T09:00:47,7.5,11.7898272340434,78.9877048432448,NOISE,2024-12-03T09:00:47,7.5,11.7898272340434,78.9877048432448,NOISE,2024-12-03T09:00:47,7.5,11.7898272340434,78.9877048432448,NOISE,2024-12-03T09:00:47,7.5,11.7898272340434,78.9877048432448,NOISE
2026-04-17T09:32:27.557673,Map-Energy__sum__linear-conv00102-20241203_120047-20241203_180047-5.000000-10.000000.png,2024-12-03T12:00:47,2024-12-03T18:00:47,5.0,10.0,2024-12-03T15:00:47,7.5,11.7898272340434,78.9877048432448,NOISE,2024-12-03T15:00:47,7.5,11.7898272340434,78.9877048432448,NOISE,2024-12-03T15:00:47,7.5,11.7898272340434,78.9877048432448,NOISE,2024-12-03T15:00:47,7.5,11.7898272340434,78.9877048432448,NOISE
2026-04-17T09:32:28.669750,Map-Energy__sum__linear-conv00112-20241203_180047-20241204_000047-5.000000-10.000000.png,2024-12-03T18:00:47,2024-12-04T00:00:47,5.0,10.0,2024-12-03T21:00:47,7.5,11.7898272340434,78.9877048432448,NOISE,2024-12-03T21:00:47,7.5,11.7898272340434,78.9877048432448,NOISE,2024-12-03T21:00:47,7.5,11.7898272340434,78.9877048432448,NOISE,2024-12-03T21:00:47,7.5,11.7898272340434,78.9877048432448,NOISE
2026-04-17T09:32:29.693699,Map-Energy__sum__linear-conv00002-20241204_000047-20241204_060047-5.000000-10.000000.png,2024-12-04T00:00:47,2024-12-04T06:00:47,5.0,10.0,2024-12-04T03:00:47,7.5,11.7898272340434,78.9877048432448,NOISE,2024-12-04T03:00:47,7.5,11.7898272340434,78.9877048432448,NOISE,2024-12-04T03:00:47,7.5,11.7898272340434,78.9877048432448,NOISE,2024-12-04T03:00:47,7.5,11.7898272340434,78.9877048432448,NOISE
2026-04-17T09:32:30.437807,Map-Energy__sum__linear-conv00012-20241204_060047-20241204_120047-5.000000-10.000000.png,2024-12-04T06:00:47,2024-12-04T12:00:47,5.0,10.0,2024-12-04T09:00:47,7.5,11.7898272340434,78.9877048432448,NOISE,2024-12-04T09:00:47,7.5,11.7898272340434,78.9877048432448,NOISE,2024-12-04T09:00:47,7.5,11.7898272340434,78.9877048432448,NOISE,2024-12-04T09:00:47,7.5,11.7898272340434,78.9877048432448,NOISE
2026-04-17T09:32:31.149753,Map-Energy__sum__linear-conv00022-20241204_120047-20241204_180047-5.000000-10.000000.png,2024-12-04T12:00:47,2024-12-04T18:00:47,5.0,10.0,2024-12-04T15:00:47,7.5,11.7898272340434,78.9877048432448,NOISE,2024-12-04T15:00:47,7.5,11.7898272340434,78.9877048432448,NOISE,2024-12-04T15:00:47,7.5,11.7898272340434,78.9877048432448,NOISE,2024-12-04T15:00:47,7.5,11.7898272340434,78.9877048432448,NOISE
2026-04-17T09:32:31.893702,Map-Energy__sum__linear-conv00032-20241204_180047-20241205_000047-5.000000-10.000000.png,2024-12-04T18:00:47,2024-12-05T00:00:47,5.0,10.0,2024-12-04T21:00:47,7.5,11.7898272340434,78.9877048432448,NOISE,2024-12-04T21:00:47,7.5,11.7898272340434,78.9877048432448,NOISE,2024-12-04T21:00:47,7.5,11.7898272340434,78.9877048432448,NOISE,2024-12-04T21:00:47,7.5,11.7898272340434,78.9877048432448,NOISE
2026-04-17T09:32:32.629713,Map-Energy__sum__linear-conv00042-20241205_000047-20241205_060047-5.000000-10.000000.png,2024-12-05T00:00:47,2024-12-05T06:00:47,5.0,10.0,2024-12-05T03:00:47,7.5,11.7898272340434,78.9877048432448,NOISE,2024-12-05T03:00:47,7.5,11.7898272340434,78.9877048432448,NOISE,2024-12-05T03:00:47,7.5,11.7898272340434,78.9877048432448,NOISE,2024-12-05T03:00:47,7.5,11.7898272340434,78.9877048432448,NOISE
2026-04-17T09:32:33.389719,Map-Energy__sum__linear-conv00052-20241205_060047-20241205_120047-5.000000-10.000000.png,2024-12-05T06:00:47,2024-12-05T12:00:47,5.0,10.0,2024-12-05T09:00:47,7.5,11.7898272340434,78.9877048432448,NOISE,2024-12-05T09:00:47,7.5,11.7898272340434,78.9877048432448,NOISE,2024-12-05T09:00:47,7.5,11.7898272340434,78.9877048432448,NOISE,2024-12-05T09:00:47,7.5,11.7898272340434,78.9877048432448,NOISE
2026-04-17T09:32:34.221550,Map-Energy__sum__linear-conv00062-20241205_120047-20241205_180047-5.000000-10.000000.png,2024-12-05T12:00:47,2024-12-05T18:00:47,5.0,10.0,2024-12-05T15:00:47,7.5,11.7898272340434,78.9877048432448,NOISE,2024-12-05T15:00:47,7.5,11.7898272340434,78.9877048432448,NOISE,2024-12-05T15:00:47,7.5,11.7898272340434,78.9877048432448,NOISE,2024-12-05T15:00:47,7.5,11.7898272340434,78.9877048432448,NOISE
2026-04-17T09:32:34.957840,Map-Energy__sum__linear-conv00072-20241205_180047-20241206_000047-5.000000-10.000000.png,2024-12-05T18:00:47,2024-12-06T00:00:47,5.0,10.0,2024-12-05T21:00:47,7.5,11.7898272340434,78.9877048432448,NOISE,2024-12-05T21:00:47,7.5,11.7898272340434,78.9877048432448,NOISE,2024-12-05T21:00:47,7.5,11.7898272340434,78.9877048432448,NOISE,2024-12-05T21:00:47,7.5,11.7898272340434,78.9877048432448,NOISE
2026-04-17T09:32:35.693795,Map-Energy__sum__linear-conv00082-20241206_000047-20241206_060047-5.000000-10.000000.png,2024-12-06T00:00:47,2024-12-06T06:00:47,5.0,10.0,2024-12-06T03:00:47,7.5,11.7898272340434,78.9877048432448,NOISE,2024-12-06T03:00:47,7.5,11.7898272340434,78.9877048432448,NOISE,2024-12-06T03:00:47,7.5,11.7898272340434,78.9877048432448,NOISE,2024-12-06T03:00:47,7.5,11.7898272340434,78.9877048432448,NOISE
2026-04-17T09:32:36.381541,Map-Energy__sum__linear-conv00092-20241206_060047-20241206_120047-5.000000-10.000000.png,2024-12-06T06:00:47,2024-12-06T12:00:47,5.0,10.0,2024-12-06T09:00:47,7.5,11.7898272340434,78.9877048432448,NOISE,2024-12-06T09:00:47,7.5,11.7898272340434,78.9877048432448,NOISE,2024-12-06T09:00:47,7.5,11.7898272340434,78.9877048432448,NOISE,2024-12-06T09:00:47,7.5,11.7898272340434,78.9877048432448,NOISE
2026-04-17T09:32:37.229623,Map-Energy__sum__linear-conv00102-20241206_120047-20241206_180047-5.000000-10.000000.png,2024-12-06T12:00:47,2024-12-06T18:00:47,5.0,10.0,2024-12-06T15:00:47,7.5,11.7898272340434,78.9877048432448,NOISE,2024-12-06T15:00:47,7.5,11.7898272340434,78.9877048432448,NOISE,2024-12-06T15:00:47,7.5,11.7898272340434,78.9877048432448,NOISE,2024-12-06T15:00:47,7.5,11.7898272340434,78.9877048432448,NOISE
2026-04-17T09:32:37.941725,Map-Energy__sum__linear-conv00112-20241206_180047-20241207_000047-5.000000-10.000000.png,2024-12-06T18:00:47,2024-12-07T00:00:47,5.0,10.0,2024-12-06T21:00:47,7.5,11.7898272340434,78.9877048432448,NOISE,2024-12-06T21:00:47,7.5,11.7898272340434,78.9877048432448,NOISE,2024-12-06T21:00:47,7.5,11.7898272340434,78.9877048432448,NOISE,2024-12-06T21:00:47,7.5,11.7898272340434,78.9877048432448,NOISE
2026-04-17T09:32:38.669766,Map-Energy__sum__linear-conv00122-20241207_000047-20241207_060047-5.000000-10.000000.png,2024-12-07T00:00:47,2024-12-07T06:00:47,5.0,10.0,2024-12-07T03:00:47,7.5,11.7898272340434,78.9877048432448,NOISE,2024-12-07T03:00:47,7.5,11.7898272340434,78.9877048432448,NOISE,2024-12-07T03:00:47,7.5,11.7898272340434,78.9877048432448,NOISE,2024-12-07T03:00:47,7.5,11.7898272340434,78.9877048432448,NOISE
2026-04-17T09:32:39.373775,Map-Energy__sum__linear-conv00132-20241207_060047-20241207_120047-5.000000-10.000000.png,2024-12-07T06:00:47,2024-12-07T12:00:47,5.0,10.0,2024-12-07T09:00:47,7.5,11.7898272340434,78.9877048432448,NOISE,2024-12-07T09:00:47,7.5,11.7898272340434,78.9877048432448,NOISE,2024-12-07T09:00:47,7.5,11.7898272340434,78.9877048432448,NOISE,2024-12-07T09:00:47,7.5,11.7898272340434,78.9877048432448,NOISE
2026-04-17T09:32:39.981707,Map-Energy__sum__linear-conv00142-20241207_120047-20241207_180047-5.000000-10.000000.png,2024-12-07T12:00:47,2024-12-07T18:00:47,5.0,10.0,2024-12-07T15:00:47,7.5,11.7898272340434,78.9877048432448,NOISE,2024-12-07T15:00:47,7.5,11.7898272340434,78.9877048432448,NOISE,2024-12-07T15:00:47,7.5,11.7898272340434,78.9877048432448,NOISE,2024-12-07T15:00:47,7.5,11.7898272340434,78.9877048432448,NOISE
2026-04-17T09:32:40.741693,Map-Energy__sum__linear-conv00152-20241207_180047-20241208_000047-5.000000-10.000000.png,2024-12-07T18:00:47,2024-12-08T00:00:47,5.0,10.0,2024-12-07T21:00:47,7.5,11.7898272340434,78.9877048432448,NOISE,2024-12-07T21:00:47,7.5,11.7898272340434,78.9877048432448,NOISE,2024-12-07T21:00:47,7.5,11.7898272340434,78.9877048432448,NOISE,2024-12-07T21:00:47,7.5,11.7898272340434,78.9877048432448,NOISE
2026-04-17T09:32:41.389739,Map-Energy__sum__linear-conv00162-20241208_000047-20241208_060047-5.000000-10.000000.png,2024-12-08T00:00:47,2024-12-08T06:00:47,5.0,10.0,2024-12-08T03:00:47,7.5,11.7898272340434,78.9877048432448,NOISE,2024-12-08T03:00:47,7.5,11.7898272340434,78.9877048432448,NOISE,2024-12-08T03:00:47,7.5,11.7898272340434,78.9877048432448,NOISE,2024-12-08T03:00:47,7.5,11.7898272340434,78.9877048432448,NOISE
2026-04-17T09:32:42.102344,Map-Energy__sum__linear-conv00172-20241208_060047-20241208_120047-5.000000-10.000000.png,2024-12-08T06:00:47,2024-12-08T12:00:47,5.0,10.0,2024-12-08T09:00:47,7.5,11.7898272340434,78.9877048432448,NOISE,2024-12-08T09:00:47,7.5,11.7898272340434,78.9877048432448,NOISE,2024-12-08T09:00:47,7.5,11.7898272340434,78.9877048432448,NOISE,2024-12-08T09:00:47,7.5,11.7898272340434,78.9877048432448,NOISE
2026-04-17T09:32:42.829686,Map-Energy__sum__linear-conv00182-20241208_120047-20241208_180047-5.000000-10.000000.png,2024-12-08T12:00:47,2024-12-08T18:00:47,5.0,10.0,2024-12-08T15:00:47,7.5,11.7898272340434,78.9877048432448,NOISE,2024-12-08T15:00:47,7.5,11.7898272340434,78.9877048432448,NOISE,2024-12-08T15:00:47,7.5,11.7898272340434,78.9877048432448,NOISE,2024-12-08T15:00:47,7.5,11.7898272340434,78.9877048432448,NOISE
2026-04-17T09:32:43.493692,Map-Energy__sum__linear-conv00192-20241208_180047-20241209_000047-5.000000-10.000000.png,2024-12-08T18:00:47,2024-12-09T00:00:47,5.0,10.0,2024-12-08T21:00:47,7.5,11.7898272340434,78.9877048432448,NOISE,2024-12-08T21:00:47,7.5,11.7898272340434,78.9877048432448,NOISE,2024-12-08T21:00:47,7.5,11.7898272340434,78.9877048432448,NOISE,2024-12-08T21:00:47,7.5,11.7898272340434,78.9877048432448,NOISE
2026-04-17T09:32:44.405661,Map-Energy__sum__linear-conv00202-20241209_000047-20241209_060047-5.000000-10.000000.png,2024-12-09T00:00:47,2024-12-09T06:00:47,5.0,10.0,2024-12-09T03:00:47,7.5,11.7898272340434,78.9877048432448,NOISE,2024-12-09T03:00:47,7.5,11.7898272340434,78.9877048432448,NOISE,2024-12-09T03:00:47,7.5,11.7898272340434,78.9877048432448,NOISE,2024-12-09T03:00:47,7.5,11.7898272340434,78.9877048432448,NOISE
2026-04-17T09:32:45.189333,Map-Energy__sum__linear-conv00212-20241209_060047-20241209_120047-5.000000-10.000000.png,2024-12-09T06:00:47,2024-12-09T12:00:47,5.0,10.0,2024-12-09T09:00:47,7.5,11.7898272340434,78.9877048432448,NOISE,2024-12-09T09:00:47,7.5,11.7898272340434,78.9877048432448,NOISE,2024-12-09T09:00:47,7.5,11.7898272340434,78.9877048432448,NOISE,2024-12-09T09:00:47,7.5,11.7898272340434,78.9877048432448,NOISE
2026-04-17T09:32:45.934816,Map-Energy__sum__linear-conv00222-20241209_120047-20241209_180047-5.000000-10.000000.png,2024-12-09T12:00:47,2024-12-09T18:00:47,5.0,10.0,2024-12-09T15:00:47,7.5,11.7898272340434,78.9877048432448,NOISE,2024-12-09T15:00:47,7.5,11.7898272340434,78.9877048432448,NOISE,2024-12-09T15:00:47,7.5,11.7898272340434,78.9877048432448,NOISE,2024-12-09T15:00:47,7.5,11.7898272340434,78.9877048432448,NOISE
2026-04-17T09:32:46.685680,Map-Energy__sum__linear-conv00232-20241209_180047-20241210_000047-5.000000-10.000000.png,2024-12-09T18:00:47,2024-12-10T00:00:47,5.0,10.0,2024-12-09T21:00:47,7.5,11.7898272340434,78.9877048432448,NOISE,2024-12-09T21:00:47,7.5,11.7898272340434,78.9877048432448,NOISE,2024-12-09T21:00:47,7.5,11.7898272340434,78.9877048432448,NOISE,2024-12-09T21:00:47,7.5,11.7898272340434,78.9877048432448,NOISE
2026-04-17T09:32:47.397724,Map-Energy__sum__linear-conv00242-20241210_000047-20241210_060047-5.000000-10.000000.png,2024-12-10T00:00:47,2024-12-10T06:00:47,5.0,10.0,2024-12-10T03:00:47,7.5,11.7898272340434,78.9877048432448,NOISE,2024-12-10T03:00:47,7.5,11.7898272340434,78.9877048432448,NOISE,2024-12-10T03:00:47,7.5,11.7898272340434,78.9877048432448,NOISE,2024-12-10T03:00:47,7.5,11.7898272340434,78.9877048432448,NOISE
2026-04-17T09:32:48.077719,Map-Energy__sum__linear-conv00252-20241210_060047-20241210_120047-5.000000-10.000000.png,2024-12-10T06:00:47,2024-12-10T12:00:47,5.0,10.0,2024-12-10T09:00:47,7.5,11.7898272340434,78.9877048432448,NOISE,2024-12-10T09:00:47,7.5,11.7898272340434,78.9877048432448,NOISE,2024-12-10T09:00:47,7.5,11.7898272340434,78.9877048432448,NOISE,2024-12-10T09:00:47,7.5,11.7898272340434,78.9877048432448,NOISE
2026-04-17T09:32:48.781676,Map-Energy__sum__linear-conv00262-20241210_120047-20241210_180047-5.000000-10.000000.png,2024-12-10T12:00:47,2024-12-10T18:00:47,5.0,10.0,2024-12-10T15:00:47,7.5,11.7898272340434,78.9877048432448,NOISE,2024-12-10T15:00:47,7.5,11.7898272340434,78.9877048432448,NOISE,2024-12-10T15:00:47,7.5,11.7898272340434,78.9877048432448,NOISE,2024-12-10T15:00:47,7.5,11.7898272340434,78.9877048432448,NOISE
2026-04-17T09:32:49.509681,Map-Energy__sum__linear-conv00272-20241210_180047-20241211_000047-5.000000-10.000000.png,2024-12-10T18:00:47,2024-12-11T00:00:47,5.0,10.0,2024-12-10T21:00:47,7.5,11.7898272340434,78.9877048432448,NOISE,2024-12-10T21:00:47,7.5,11.7898272340434,78.9877048432448,NOISE,2024-12-10T21:00:47,7.5,11.7898272340434,78.9877048432448,NOISE,2024-12-10T21:00:47,7.5,11.7898272340434,78.9877048432448,NOISE
2026-04-17T09:32:50.269705,Map-Energy__sum__linear-conv00282-20241211_000047-20241211_060047-5.000000-10.000000.png,2024-12-11T00:00:47,2024-12-11T06:00:47,5.0,10.0,2024-12-11T03:00:47,7.5,11.7898272340434,78.9877048432448,NOISE,2024-12-11T03:00:47,7.5,11.7898272340434,78.9877048432448,NOISE,2024-12-11T03:00:47,7.5,11.7898272340434,78.9877048432448,NOISE,2024-12-11T03:00:47,7.5,11.7898272340434,78.9877048432448,NOISE
2026-04-17T09:32:51.021999,Map-Energy__sum__linear-conv00292-20241211_060047-20241211_120047-5.000000-10.000000.png,2024-12-11T06:00:47,2024-12-11T12:00:47,5.0,10.0,2024-12-11T09:00:47,7.5,11.7898272340434,78.9877048432448,NOISE,2024-12-11T09:00:47,7.5,11.7898272340434,78.9877048432448,NOISE,2024-12-11T09:00:47,7.5,11.7898272340434,78.9877048432448,NOISE,2024-12-11T09:00:47,7.5,11.7898272340434,78.9877048432448,NOISE
2026-04-17T09:32:51.749301,Map-Energy__sum__linear-conv00302-20241211_120047-20241211_180047-5.000000-10.000000.png,2024-12-11T12:00:47,2024-12-11T18:00:47,5.0,10.0,2024-12-11T15:00:47,7.5,11.7898272340434,78.9877048432448,NOISE,2024-12-11T15:00:47,7.5,11.7898272340434,78.9877048432448,NOISE,2024-12-11T15:00:47,7.5,11.7898272340434,78.9877048432448,NOISE,2024-12-11T15:00:47,7.5,11.7898272340434,78.9877048432448,NOISE
2026-04-17T09:32:52.517752,Map-Energy__sum__linear-conv00312-20241211_180047-20241212_000047-5.000000-10.000000.png,2024-12-11T18:00:47,2024-12-12T00:00:47,5.0,10.0,2024-12-11T21:00:47,7.5,11.7898272340434,78.9877048432448,NOISE,2024-12-11T21:00:47,7.5,11.7898272340434,78.9877048432448,NOISE,2024-12-11T21:00:47,7.5,11.7898272340434,78.9877048432448,NOISE,2024-12-11T21:00:47,7.5,11.7898272340434,78.9877048432448,NOISE
2026-04-17T09:32:53.213650,Map-Energy__sum__linear-conv00322-20241212_000047-20241212_060047-5.000000-10.000000.png,2024-12-12T00:00:47,2024-12-12T06:00:47,5.0,10.0,2024-12-12T03:00:47,7.5,11.7898272340434,78.9877048432448,NOISE,2024-12-12T03:00:47,7.5,11.7898272340434,78.9877048432448,NOISE,2024-12-12T03:00:47,7.5,11.7898272340434,78.9877048432448,NOISE,2024-12-12T03:00:47,7.5,11.7898272340434,78.9877048432448,NOISE
2026-04-17T09:32:53.950647,Map-Energy__sum__linear-conv00332-20241212_060047-20241212_120047-5.000000-10.000000.png,2024-12-12T06:00:47,2024-12-12T12:00:47,5.0,10.0,2024-12-12T09:00:47,7.5,11.7898272340434,78.9877048432448,NOISE,2024-12-12T09:00:47,7.5,11.7898272340434,78.9877048432448,NOISE,2024-12-12T09:00:47,7.5,11.7898272340434,78.9877048432448,NOISE,2024-12-12T09:00:47,7.5,11.7898272340434,78.9877048432448,NOISE
2026-04-17T09:32:54.653726,Map-Energy__sum__linear-conv00342-20241212_120047-20241212_180047-5.000000-10.000000.png,2024-12-12T12:00:47,2024-12-12T18:00:47,5.0,10.0,2024-12-12T15:00:47,7.5,11.7898272340434,78.9877048432448,NOISE,2024-12-12T15:00:47,7.5,11.7898272340434,78.9877048432448,NOISE,2024-12-12T15:00:47,7.5,11.7898272340434,78.9877048432448,NOISE,2024-12-12T15:00:47,7.5,11.7898272340434,78.9877048432448,NOISE
2026-04-17T09:32:55.390054,Map-Energy__sum__linear-conv00352-20241212_180047-20241213_000047-5.000000-10.000000.png,2024-12-12T18:00:47,2024-12-13T00:00:47,5.0,10.0,2024-12-12T21:00:47,7.5,11.7898272340434,78.9877048432448,NOISE,2024-12-12T21:00:47,7.5,11.7898272340434,78.9877048432448,NOISE,2024-12-12T21:00:47,7.5,11.7898272340434,78.9877048432448,NOISE,2024-12-12T21:00:47,7.5,11.7898272340434,78.9877048432448,NOISE
2026-04-17T09:32:56.125639,Map-Energy__sum__linear-conv00362-20241213_000047-20241213_060047-5.000000-10.000000.png,2024-12-13T00:00:47,2024-12-13T06:00:47,5.0,10.0,2024-12-13T03:00:47,7.5,11.7898272340434,78.9877048432448,NOISE,2024-12-13T03:00:47,7.5,11.7898272340434,78.9877048432448,NOISE,2024-12-13T03:00:47,7.5,11.7898272340434,78.9877048432448,NOISE,2024-12-13T03:00:47,7.5,11.7898272340434,78.9877048432448,NOISE
2026-04-17T09:32:56.822000,Map-Energy__sum__linear-conv00372-20241213_060047-20241213_120047-5.000000-10.000000.png,2024-12-13T06:00:47,2024-12-13T12:00:47,5.0,10.0,2024-12-13T09:00:47,7.5,11.7898272340434,78.9877048432448,NOISE,2024-12-13T09:00:47,7.5,11.7898272340434,78.9877048432448,NOISE,2024-12-13T09:00:47,7.5,11.7898272340434,78.9877048432448,NOISE,2024-12-13T09:00:47,7.5,11.7898272340434,78.9877048432448,NOISE
2026-04-17T09:32:58.477695,Map-Energy__sum__linear-conv00382-20241213_120047-20241213_180047-5.000000-10.000000.png,2024-12-13T12:00:47,2024-12-13T18:00:47,5.0,10.0,2024-12-13T15:00:47,7.5,11.7898272340434,78.9877048432448,NOISE,2024-12-13T15:00:47,7.5,11.7898272340434,78.9877048432448,NOISE,2024-12-13T15:00:47,7.5,11.7898272340434,78.9877048432448,NOISE,2024-12-13T15:00:47,7.5,11.7898272340434,78.9877048432448,NOISE
2026-04-17T09:33:00.157638,Map-Energy__sum__linear-conv00392-20241213_180047-20241214_000047-5.000000-10.000000.png,2024-12-13T18:00:47,2024-12-14T00:00:47,5.0,10.0,2024-12-13T21:00:47,7.5,11.7898272340434,78.9877048432448,NOISE,2024-12-13T21:00:47,7.5,11.7898272340434,78.9877048432448,NOISE,2024-12-13T21:00:47,7.5,11.7898272340434,78.9877048432448,NOISE,2024-12-13T21:00:47,7.5,11.7898272340434,78.9877048432448,NOISE
2026-04-17T09:33:01.557526,Map-Energy__sum__linear-conv00402-20241214_000047-20241214_060047-5.000000-10.000000.png,2024-12-14T00:00:47,2024-12-14T06:00:47,5.0,10.0,2024-12-14T03:00:47,7.5,11.7898272340434,78.9877048432448,NOISE,2024-12-14T03:00:47,7.5,11.7898272340434,78.9877048432448,NOISE,2024-12-14T03:00:47,7.5,11.7898272340434,78.9877048432448,NOISE,2024-12-14T03:00:47,7.5,11.7898272340434,78.9877048432448,NOISE
2026-04-17T09:33:02.558383,Map-Energy__sum__linear-conv00412-20241214_060047-20241214_120047-5.000000-10.000000.png,2024-12-14T06:00:47,2024-12-14T12:00:47,5.0,10.0,2024-12-14T09:00:47,7.5,11.7898272340434,78.9877048432448,NOISE,2024-12-14T09:00:47,7.5,11.7898272340434,78.9877048432448,NOISE,2024-12-14T09:00:47,7.5,11.7898272340434,78.9877048432448,NOISE,2024-12-14T09:00:47,7.5,11.7898272340434,78.9877048432448,NOISE
2026-04-17T09:33:03.653728,Map-Energy__sum__linear-conv00422-20241214_120047-20241214_180047-5.000000-10.000000.png,2024-12-14T12:00:47,2024-12-14T18:00:47,5.0,10.0,2024-12-14T15:00:47,7.5,11.7898272340434,78.9877048432448,NOISE,2024-12-14T15:00:47,7.5,11.7898272340434,78.9877048432448,NOISE,2024-12-14T15:00:47,7.5,11.7898272340434,78.9877048432448,NOISE,2024-12-14T15:00:47,7.5,11.7898272340434,78.9877048432448,NOISE
2026-04-17T09:33:04.701971,Map-Energy__sum__linear-conv00432-20241214_180047-20241215_000047-5.000000-10.000000.png,2024-12-14T18:00:47,2024-12-15T00:00:47,5.0,10.0,2024-12-14T21:00:47,7.5,11.7898272340434,78.9877048432448,NOISE,2024-12-14T21:00:47,7.5,11.7898272340434,78.9877048432448,NOISE,2024-12-14T21:00:47,7.5,11.7898272340434,78.9877048432448,NOISE,2024-12-14T21:00:47,7.5,11.7898272340434,78.9877048432448,NOISE
2026-04-17T09:33:05.661726,Map-Energy__sum__linear-conv00442-20241215_000047-20241215_060047-5.000000-10.000000.png,2024-12-15T00:00:47,2024-12-15T06:00:47,5.0,10.0,2024-12-15T03:00:47,7.5,11.7898272340434,78.9877048432448,NOISE,2024-12-15T03:00:47,7.5,11.7898272340434,78.9877048432448,NOISE,2024-12-15T03:00:47,7.5,11.7898272340434,78.9877048432448,NOISE,2024-12-15T03:00:47,7.5,11.7898272340434,78.9877048432448,NOISE
2026-04-17T09:33:07.717931,Map-Energy__sum__linear-conv00009-20241215_060047-20241215_120047-5.000000-10.000000.png,2024-12-15T06:00:47,2024-12-15T12:00:47,5.0,10.0,2024-12-15T09:00:47,7.5,11.7898272340434,78.9877048432448,NOISE,2024-12-15T09:00:47,7.5,11.7898272340434,78.9877048432448,NOISE,2024-12-15T09:00:47,7.5,11.7898272340434,78.9877048432448,NOISE,2024-12-15T09:00:47,7.5,11.7898272340434,78.9877048432448,NOISE
2026-04-17T09:33:09.149791,Map-Energy__sum__linear-conv00019-20241215_120047-20241215_180047-5.000000-10.000000.png,2024-12-15T12:00:47,2024-12-15T18:00:47,5.0,10.0,2024-12-15T15:00:47,7.5,11.7898272340434,78.9877048432448,NOISE,2024-12-15T15:00:47,7.5,11.7898272340434,78.9877048432448,NOISE,2024-12-15T15:00:47,7.5,11.7898272340434,78.9877048432448,NOISE,2024-12-15T15:00:47,7.5,11.7898272340434,78.9877048432448,NOISE
2026-04-17T09:33:10.109756,Map-Energy__sum__linear-conv00029-20241215_180047-20241216_000047-5.000000-10.000000.png,2024-12-15T18:00:47,2024-12-16T00:00:47,5.0,10.0,2024-12-15T21:00:47,7.5,11.7898272340434,78.9877048432448,NOISE,2024-12-15T21:00:47,7.5,11.7898272340434,78.9877048432448,NOISE,2024-12-15T21:00:47,7.5,11.7898272340434,78.9877048432448,NOISE,2024-12-15T21:00:47,7.5,11.7898272340434,78.9877048432448,NOISE
2026-04-17T09:33:10.965689,Map-Energy__sum__linear-conv00039-20241216_000047-20241216_060047-5.000000-10.000000.png,2024-12-16T00:00:47,2024-12-16T06:00:47,5.0,10.0,2024-12-16T03:00:47,7.5,11.7898272340434,78.9877048432448,NOISE,2024-12-16T03:00:47,7.5,11.7898272340434,78.9877048432448,NOISE,2024-12-16T03:00:47,7.5,11.7898272340434,78.9877048432448,NOISE,2024-12-16T03:00:47,7.5,11.7898272340434,78.9877048432448,NOISE
2026-04-17T09:33:11.749475,Map-Energy__sum__linear-conv00049-20241216_060047-20241216_120047-5.000000-10.000000.png,2024-12-16T06:00:47,2024-12-16T12:00:47,5.0,10.0,2024-12-16T09:00:47,7.5,11.7898272340434,78.9877048432448,NOISE,2024-12-16T09:00:47,7.5,11.7898272340434,78.9877048432448,NOISE,2024-12-16T09:00:47,7.5,11.7898272340434,78.9877048432448,NOISE,2024-12-16T09:00:47,7.5,11.7898272340434,78.9877048432448,NOISE
2026-04-17T09:33:12.145410,Map-Energy__sum__linear-conv00059-20241216_120047-20241216_180047-5.000000-10.000000.png,2024-12-16T12:00:47,2024-12-16T18:00:47,5.0,10.0,2024-12-16T15:00:47,7.5,11.7898272340434,78.9877048432448,NOISE,2024-12-16T15:00:47,7.5,11.7898272340434,78.9877048432448,NOISE,2024-12-16T15:00:47,7.5,11.7898272340434,78.9877048432448,NOISE,2024-12-16T15:00:47,7.5,11.7898272340434,78.9877048432448,NOISE
2026-04-17T09:33:13.709751,Map-Energy__sum__linear-conv00069-20241216_180047-20241217_000047-5.000000-10.000000.png,2024-12-16T18:00:47,2024-12-17T00:00:47,5.0,10.0,2024-12-16T21:00:47,7.5,11.7898272340434,78.9877048432448,NOISE,2024-12-16T21:00:47,7.5,11.7898272340434,78.9877048432448,NOISE,2024-12-16T21:00:47,7.5,11.7898272340434,78.9877048432448,NOISE,2024-12-16T21:00:47,7.5,11.7898272340434,78.9877048432448,NOISE
2026-04-17T09:33:14.775861,Map-Energy__sum__linear-conv00079-20241217_000047-20241217_060047-5.000000-10.000000.png,2024-12-17T00:00:47,2024-12-17T06:00:47,5.0,10.0,2024-12-17T03:00:47,7.5,11.7898272340434,78.9877048432448,NOISE,2024-12-17T03:00:47,7.5,11.7898272340434,78.9877048432448,NOISE,2024-12-17T03:00:47,7.5,11.7898272340434,78.9877048432448,NOISE,2024-12-17T03:00:47,7.5,11.7898272340434,78.9877048432448,NOISE
2026-04-17T09:33:15.805565,Map-Energy__sum__linear-conv00089-20241217_060047-20241217_120047-5.000000-10.000000.png,2024-12-17T06:00:47,2024-12-17T12:00:47,5.0,10.0,2024-12-17T09:00:47,7.5,11.7898272340434,78.9877048432448,NOISE,2024-12-17T09:00:47,7.5,11.7898272340434,78.9877048432448,NOISE,2024-12-17T09:00:47,7.5,11.7898272340434,78.9877048432448,NOISE,2024-12-17T09:00:47,7.5,11.7898272340434,78.9877048432448,NOISE
2026-04-17T09:33:16.797405,Map-Energy__sum__linear-conv00099-20241217_120047-20241217_180047-5.000000-10.000000.png,2024-12-17T12:00:47,2024-12-17T18:00:47,5.0,10.0,2024-12-17T15:00:47,7.5,11.7898272340434,78.9877048432448,NOISE,2024-12-17T15:00:47,7.5,11.7898272340434,78.9877048432448,NOISE,2024-12-17T15:00:47,7.5,11.7898272340434,78.9877048432448,NOISE,2024-12-17T15:00:47,7.5,11.7898272340434,78.9877048432448,NOISE
2026-04-17T09:33:18.381676,Map-Energy__sum__linear-conv00109-20241217_180047-20241218_000047-5.000000-10.000000.png,2024-12-17T18:00:47,2024-12-18T00:00:47,5.0,10.0,2024-12-17T21:00:47,7.5,11.7898272340434,78.9877048432448,NOISE,2024-12-17T21:00:47,7.5,11.7898272340434,78.9877048432448,NOISE,2024-12-17T21:00:47,7.5,11.7898272340434,78.9877048432448,NOISE,2024-12-17T21:00:47,7.5,11.7898272340434,78.9877048432448,NOISE
2026-04-17T09:33:19.797705,Map-Energy__sum__linear-conv00119-20241218_000047-20241218_060047-5.000000-10.000000.png,2024-12-18T00:00:47,2024-12-18T06:00:47,5.0,10.0,2024-12-18T03:00:47,7.5,11.7898272340434,78.9877048432448,NOISE,2024-12-18T03:00:47,7.5,11.7898272340434,78.9877048432448,NOISE,2024-12-18T03:00:47,7.5,11.7898272340434,78.9877048432448,NOISE,2024-12-18T03:00:47,7.5,11.7898272340434,78.9877048432448,NOISE
2026-04-17T09:33:20.685703,Map-Energy__sum__linear-conv00129-20241218_060047-20241218_120047-5.000000-10.000000.png,2024-12-18T06:00:47,2024-12-18T12:00:47,5.0,10.0,2024-12-18T09:00:47,7.5,11.7898272340434,78.9877048432448,NOISE,2024-12-18T09:00:47,7.5,11.7898272340434,78.9877048432448,NOISE,2024-12-18T09:00:47,7.5,11.7898272340434,78.9877048432448,NOISE,2024-12-18T09:00:47,7.5,11.7898272340434,78.9877048432448,NOISE
2026-04-17T09:33:22.981618,Map-Energy__sum__linear-conv00139-20241218_120047-20241218_180047-5.000000-10.000000.png,2024-12-18T12:00:47,2024-12-18T18:00:47,5.0,10.0,2024-12-18T15:00:47,7.5,11.7898272340434,78.9877048432448,NOISE,2024-12-18T15:00:47,7.5,11.7898272340434,78.9877048432448,NOISE,2024-12-18T15:00:47,7.5,11.7898272340434,78.9877048432448,NOISE,2024-12-18T15:00:47,7.5,11.7898272340434,78.9877048432448,NOISE
2026-04-17T09:33:24.045603,Map-Energy__sum__linear-conv00149-20241218_180047-20241219_000047-5.000000-10.000000.png,2024-12-18T18:00:47,2024-12-19T00:00:47,5.0,10.0,2024-12-18T21:00:47,7.5,11.7898272340434,78.9877048432448,NOISE,2024-12-18T21:00:47,7.5,11.7898272340434,78.9877048432448,NOISE,2024-12-18T21:00:47,7.5,11.7898272340434,78.9877048432448,NOISE,2024-12-18T21:00:47,7.5,11.7898272340434,78.9877048432448,NOISE
2026-04-17T09:33:25.222518,Map-Energy__sum__linear-conv00159-20241219_000047-20241219_060047-5.000000-10.000000.png,2024-12-19T00:00:47,2024-12-19T06:00:47,5.0,10.0,2024-12-19T03:00:47,7.5,11.7898272340434,78.9877048432448,NOISE,2024-12-19T03:00:47,7.5,11.7898272340434,78.9877048432448,NOISE,2024-12-19T03:00:47,7.5,11.7898272340434,78.9877048432448,NOISE,2024-12-19T03:00:47,7.5,11.7898272340434,78.9877048432448,NOISE
2026-04-17T09:33:26.445584,Map-Energy__sum__linear-conv00169-20241219_060047-20241219_120047-5.000000-10.000000.png,2024-12-19T06:00:47,2024-12-19T12:00:47,5.0,10.0,2024-12-19T09:00:47,7.5,11.7898272340434,78.9877048432448,NOISE,2024-12-19T09:00:47,7.5,11.7898272340434,78.9877048432448,NOISE,2024-12-19T09:00:47,7.5,11.7898272340434,78.9877048432448,NOISE,2024-12-19T09:00:47,7.5,11.7898272340434,78.9877048432448,NOISE
2026-04-17T09:33:27.357661,Map-Energy__sum__linear-conv00179-20241219_120047-20241219_180047-5.000000-10.000000.png,2024-12-19T12:00:47,2024-12-19T18:00:47,5.0,10.0,2024-12-19T15:00:47,7.5,11.7898272340434,78.9877048432448,NOISE,2024-12-19T15:00:47,7.5,11.7898272340434,78.9877048432448,NOISE,2024-12-19T15:00:47,7.5,11.7898272340434,78.9877048432448,NOISE,2024-12-19T15:00:47,7.5,11.7898272340434,78.9877048432448,NOISE
2026-04-17T09:33:28.509605,Map-Energy__sum__linear-conv00189-20241219_180047-20241220_000047-5.000000-10.000000.png,2024-12-19T18:00:47,2024-12-20T00:00:47,5.0,10.0,2024-12-19T21:00:47,7.5,11.7898272340434,78.9877048432448,NOISE,2024-12-19T21:00:47,7.5,11.7898272340434,78.9877048432448,NOISE,2024-12-19T21:00:47,7.5,11.7898272340434,78.9877048432448,NOISE,2024-12-19T21:00:47,7.5,11.7898272340434,78.9877048432448,NOISE
2026-04-17T09:33:29.469537,Map-Energy__sum__linear-conv00199-20241220_000047-20241220_060047-5.000000-10.000000.png,2024-12-20T00:00:47,2024-12-20T06:00:47,5.0,10.0,2024-12-20T03:00:47,7.5,11.7898272340434,78.9877048432448,NOISE,2024-12-20T03:00:47,7.5,11.7898272340434,78.9877048432448,NOISE,2024-12-20T03:00:47,7.5,11.7898272340434,78.9877048432448,NOISE,2024-12-20T03:00:47,7.5,11.7898272340434,78.9877048432448,NOISE
2026-04-17T09:33:30.477655,Map-Energy__sum__linear-conv00209-20241220_060047-20241220_120047-5.000000-10.000000.png,2024-12-20T06:00:47,2024-12-20T12:00:47,5.0,10.0,2024-12-20T09:00:47,7.5,11.7898272340434,78.9877048432448,NOISE,2024-12-20T09:00:47,7.5,11.7898272340434,78.9877048432448,NOISE,2024-12-20T09:00:47,7.5,11.7898272340434,78.9877048432448,NOISE,2024-12-20T09:00:47,7.5,11.7898272340434,78.9877048432448,NOISE
2026-04-17T09:33:31.501578,Map-Energy__sum__linear-conv00219-20241220_120047-20241220_180047-5.000000-10.000000.png,2024-12-20T12:00:47,2024-12-20T18:00:47,5.0,10.0,2024-12-20T15:00:47,7.5,11.7898272340434,78.9877048432448,NOISE,2024-12-20T15:00:47,7.5,11.7898272340434,78.9877048432448,NOISE,2024-12-20T15:00:47,7.5,11.7898272340434,78.9877048432448,NOISE,2024-12-20T15:00:47,7.5,11.7898272340434,78.9877048432448,NOISE
2026-04-17T09:33:32.701752,Map-Energy__sum__linear-conv00229-20241220_180047-20241221_000047-5.000000-10.000000.png,2024-12-20T18:00:47,2024-12-21T00:00:47,5.0,10.0,2024-12-20T21:00:47,7.5,11.7898272340434,78.9877048432448,NOISE,2024-12-20T21:00:47,7.5,11.7898272340434,78.9877048432448,NOISE,2024-12-20T21:00:47,7.5,11.7898272340434,78.9877048432448,NOISE,2024-12-20T21:00:47,7.5,11.7898272340434,78.9877048432448,NOISE
2026-04-17T09:33:33.845655,Map-Energy__sum__linear-conv00239-20241221_000047-20241221_060047-5.000000-10.000000.png,2024-12-21T00:00:47,2024-12-21T06:00:47,5.0,10.0,2024-12-21T03:00:47,7.5,11.7898272340434,78.9877048432448,NOISE,2024-12-21T03:00:47,7.5,11.7898272340434,78.9877048432448,NOISE,2024-12-21T03:00:47,7.5,11.7898272340434,78.9877048432448,NOISE,2024-12-21T03:00:47,7.5,11.7898272340434,78.9877048432448,NOISE
2026-04-17T09:33:34.541507,Map-Energy__sum__linear-conv00249-20241221_060047-20241221_120047-5.000000-10.000000.png,2024-12-21T06:00:47,2024-12-21T12:00:47,5.0,10.0,2024-12-21T09:00:47,7.5,11.7898272340434,78.9877048432448,NOISE,2024-12-21T09:00:47,7.5,11.7898272340434,78.9877048432448,NOISE,2024-12-21T09:00:47,7.5,11.7898272340434,78.9877048432448,NOISE,2024-12-21T09:00:47,7.5,11.7898272340434,78.9877048432448,NOISE
2026-04-17T09:33:35.541645,Map-Energy__sum__linear-conv00259-20241221_120047-20241221_180047-5.000000-10.000000.png,2024-12-21T12:00:47,2024-12-21T18:00:47,5.0,10.0,2024-12-21T15:00:47,7.5,11.7898272340434,78.9877048432448,NOISE,2024-12-21T15:00:47,7.5,11.7898272340434,78.9877048432448,NOISE,2024-12-21T15:00:47,7.5,11.7898272340434,78.9877048432448,NOISE,2024-12-21T15:00:47,7.5,11.7898272340434,78.9877048432448,NOISE
2026-04-17T09:33:36.765440,Map-Energy__sum__linear-conv00269-20241221_180047-20241222_000047-5.000000-10.000000.png,2024-12-21T18:00:47,2024-12-22T00:00:47,5.0,10.0,2024-12-21T21:00:47,7.5,11.7898272340434,78.9877048432448,NOISE,2024-12-21T21:00:47,7.5,11.7898272340434,78.9877048432448,NOISE,2024-12-21T21:00:47,7.5,11.7898272340434,78.9877048432448,NOISE,2024-12-21T21:00:47,7.5,11.7898272340434,78.9877048432448,NOISE
2026-04-17T09:33:37.861804,Map-Energy__sum__linear-conv00279-20241222_000047-20241222_060047-5.000000-10.000000.png,2024-12-22T00:00:47,2024-12-22T06:00:47,5.0,10.0,2024-12-22T03:00:47,7.5,11.7898272340434,78.9877048432448,NOISE,2024-12-22T03:00:47,7.5,11.7898272340434,78.9877048432448,NOISE,2024-12-22T03:00:47,7.5,11.7898272340434,78.9877048432448,NOISE,2024-12-22T03:00:47,7.5,11.7898272340434,78.9877048432448,NOISE
2026-04-17T09:33:38.813590,Map-Energy__sum__linear-conv00289-20241222_060047-20241222_120047-5.000000-10.000000.png,2024-12-22T06:00:47,2024-12-22T12:00:47,5.0,10.0,2024-12-22T09:00:47,7.5,11.7898272340434,78.9877048432448,NOISE,2024-12-22T09:00:47,7.5,11.7898272340434,78.9877048432448,NOISE,2024-12-22T09:00:47,7.5,11.7898272340434,78.9877048432448,NOISE,2024-12-22T09:00:47,7.5,11.7898272340434,78.9877048432448,NOISE
2026-04-17T09:33:42.069825,Map-Energy__sum__linear-conv00299-20241222_120047-20241222_180047-5.000000-10.000000.png,2024-12-22T12:00:47,2024-12-22T18:00:47,5.0,10.0,2024-12-22T15:00:47,7.5,11.7898272340434,78.9877048432448,NOISE,2024-12-22T15:00:47,7.5,11.7898272340434,78.9877048432448,NOISE,2024-12-22T15:00:47,7.5,11.7898272340434,78.9877048432448,NOISE,2024-12-22T15:00:47,7.5,11.7898272340434,78.9877048432448,NOISE
2026-04-17T09:33:43.494439,Map-Energy__sum__linear-conv00309-20241222_180047-20241223_000047-5.000000-10.000000.png,2024-12-22T18:00:47,2024-12-23T00:00:47,5.0,10.0,2024-12-22T21:00:47,7.5,11.7898272340434,78.9877048432448,NOISE,2024-12-22T21:00:47,7.5,11.7898272340434,78.9877048432448,NOISE,2024-12-22T21:00:47,7.5,11.7898272340434,78.9877048432448,NOISE,2024-12-22T21:00:47,7.5,11.7898272340434,78.9877048432448,NOISE
2026-04-17T09:33:44.637682,Map-Energy__sum__linear-conv00319-20241223_000047-20241223_060047-5.000000-10.000000.png,2024-12-23T00:00:47,2024-12-23T06:00:47,5.0,10.0,2024-12-23T03:00:47,7.5,11.7898272340434,78.9877048432448,NOISE,2024-12-23T03:00:47,7.5,11.7898272340434,78.9877048432448,NOISE,2024-12-23T03:00:47,7.5,11.7898272340434,78.9877048432448,NOISE,2024-12-23T03:00:47,7.5,11.7898272340434,78.9877048432448,NOISE
2026-04-17T09:33:47.197696,Map-Energy__sum__linear-conv00002-20241223_060047-20241223_120047-5.000000-10.000000.png,2024-12-23T06:00:47,2024-12-23T12:00:47,5.0,10.0,2024-12-23T09:00:47,7.5,11.7898272340434,78.9877048432448,NOISE,2024-12-23T09:00:47,7.5,11.7898272340434,78.9877048432448,NOISE,2024-12-23T09:00:47,7.5,11.7898272340434,78.9877048432448,NOISE,2024-12-23T09:00:47,7.5,11.7898272340434,78.9877048432448,NOISE
2026-04-17T09:33:49.133634,Map-Energy__sum__linear-conv00012-20241223_120047-20241223_180047-5.000000-10.000000.png,2024-12-23T12:00:47,2024-12-23T18:00:47,5.0,10.0,2024-12-23T15:00:47,7.5,11.7898272340434,78.9877048432448,NOISE,2024-12-23T15:00:47,7.5,11.7898272340434,78.9877048432448,NOISE,2024-12-23T15:00:47,7.5,11.7898272340434,78.9877048432448,NOISE,2024-12-23T15:00:47,7.5,11.7898272340434,78.9877048432448,NOISE
2026-04-17T09:33:50.429631,Map-Energy__sum__linear-conv00022-20241223_180047-20241224_000047-5.000000-10.000000.png,2024-12-23T18:00:47,2024-12-24T00:00:47,5.0,10.0,2024-12-23T21:00:47,7.5,11.7898272340434,78.9877048432448,NOISE,2024-12-23T21:00:47,7.5,11.7898272340434,78.9877048432448,NOISE,2024-12-23T21:00:47,7.5,11.7898272340434,78.9877048432448,NOISE,2024-12-23T21:00:47,7.5,11.7898272340434,78.9877048432448,NOISE
2026-04-17T09:33:51.797615,Map-Energy__sum__linear-conv00032-20241224_000047-20241224_060047-5.000000-10.000000.png,2024-12-24T00:00:47,2024-12-24T06:00:47,5.0,10.0,2024-12-24T03:00:47,7.5,11.7898272340434,78.9877048432448,NOISE,2024-12-24T03:00:47,7.5,11.7898272340434,78.9877048432448,NOISE,2024-12-24T03:00:47,7.5,11.7898272340434,78.9877048432448,NOISE,2024-12-24T03:00:47,7.5,11.7898272340434,78.9877048432448,NOISE
2026-04-17T09:33:53.269562,Map-Energy__sum__linear-conv00042-20241224_060047-20241224_120047-5.000000-10.000000.png,2024-12-24T06:00:47,2024-12-24T12:00:47,5.0,10.0,2024-12-24T09:00:47,7.5,11.7898272340434,78.9877048432448,NOISE,2024-12-24T09:00:47,7.5,11.7898272340434,78.9877048432448,NOISE,2024-12-24T09:00:47,7.5,11.7898272340434,78.9877048432448,NOISE,2024-12-24T09:00:47,7.5,11.7898272340434,78.9877048432448,NOISE
2026-04-17T09:33:54.357594,Map-Energy__sum__linear-conv00052-20241224_120047-20241224_180047-5.000000-10.000000.png,2024-12-24T12:00:47,2024-12-24T18:00:47,5.0,10.0,2024-12-24T15:00:47,7.5,11.7898272340434,78.9877048432448,NOISE,2024-12-24T15:00:47,7.5,11.7898272340434,78.9877048432448,NOISE,2024-12-24T15:00:47,7.5,11.7898272340434,78.9877048432448,NOISE,2024-12-24T15:00:47,7.5,11.7898272340434,78.9877048432448,NOISE
2026-04-17T09:33:55.405753,Map-Energy__sum__linear-conv00062-20241224_180047-20241225_000047-5.000000-10.000000.png,2024-12-24T18:00:47,2024-12-25T00:00:47,5.0,10.0,2024-12-24T21:00:47,7.5,11.7898272340434,78.9877048432448,NOISE,2024-12-24T21:00:47,7.5,11.7898272340434,78.9877048432448,NOISE,2024-12-24T21:00:47,7.5,11.7898272340434,78.9877048432448,NOISE,2024-12-24T21:00:47,7.5,11.7898272340434,78.9877048432448,NOISE
2026-04-17T09:33:56.477682,Map-Energy__sum__linear-conv00072-20241225_000047-20241225_060047-5.000000-10.000000.png,2024-12-25T00:00:47,2024-12-25T06:00:47,5.0,10.0,2024-12-25T03:00:47,7.5,11.7898272340434,78.9877048432448,NOISE,2024-12-25T03:00:47,7.5,11.7898272340434,78.9877048432448,NOISE,2024-12-25T03:00:47,7.5,11.7898272340434,78.9877048432448,NOISE,2024-12-25T03:00:47,7.5,11.7898272340434,78.9877048432448,NOISE
2026-04-17T09:33:57.629658,Map-Energy__sum__linear-conv00082-20241225_060047-20241225_120047-5.000000-10.000000.png,2024-12-25T06:00:47,2024-12-25T12:00:47,5.0,10.0,2024-12-25T09:00:47,7.5,11.7898272340434,78.9877048432448,NOISE,2024-12-25T09:00:47,7.5,11.7898272340434,78.9877048432448,NOISE,2024-12-25T09:00:47,7.5,11.7898272340434,78.9877048432448,NOISE,2024-12-25T09:00:47,7.5,11.7898272340434,78.9877048432448,NOISE
2026-04-17T09:33:58.565659,Map-Energy__sum__linear-conv00092-20241225_120047-20241225_180047-5.000000-10.000000.png,2024-12-25T12:00:47,2024-12-25T18:00:47,5.0,10.0,2024-12-25T15:00:47,7.5,11.7898272340434,78.9877048432448,NOISE,2024-12-25T15:00:47,7.5,11.7898272340434,78.9877048432448,NOISE,2024-12-25T15:00:47,7.5,11.7898272340434,78.9877048432448,NOISE,2024-12-25T15:00:47,7.5,11.7898272340434,78.9877048432448,NOISE
2026-04-17T09:33:59.541670,Map-Energy__sum__linear-conv00102-20241225_180047-20241226_000047-5.000000-10.000000.png,2024-12-25T18:00:47,2024-12-26T00:00:47,5.0,10.0,2024-12-25T21:00:47,7.5,11.7898272340434,78.9877048432448,NOISE,2024-12-25T21:00:47,7.5,11.7898272340434,78.9877048432448,NOISE,2024-12-25T21:00:47,7.5,11.7898272340434,78.9877048432448,NOISE,2024-12-25T21:00:47,7.5,11.7898272340434,78.9877048432448,NOISE
2026-04-17T09:34:00.469689,Map-Energy__sum__linear-conv00112-20241226_000047-20241226_060047-5.000000-10.000000.png,2024-12-26T00:00:47,2024-12-26T06:00:47,5.0,10.0,2024-12-26T03:00:47,7.5,11.7898272340434,78.9877048432448,NOISE,2024-12-26T03:00:47,7.5,11.7898272340434,78.9877048432448,NOISE,2024-12-26T03:00:47,7.5,11.7898272340434,78.9877048432448,NOISE,2024-12-26T03:00:47,7.5,11.7898272340434,78.9877048432448,NOISE
2026-04-17T09:34:01.613805,Map-Energy__sum__linear-conv00122-20241226_060047-20241226_120047-5.000000-10.000000.png,2024-12-26T06:00:47,2024-12-26T12:00:47,5.0,10.0,2024-12-26T09:00:47,7.5,11.7898272340434,78.9877048432448,NOISE,2024-12-26T09:00:47,7.5,11.7898272340434,78.9877048432448,NOISE,2024-12-26T09:00:47,7.5,11.7898272340434,78.9877048432448,NOISE,2024-12-26T09:00:47,7.5,11.7898272340434,78.9877048432448,NOISE
2026-04-17T09:34:02.518357,Map-Energy__sum__linear-conv00132-20241226_120047-20241226_180047-5.000000-10.000000.png,2024-12-26T12:00:47,2024-12-26T18:00:47,5.0,10.0,2024-12-26T15:00:47,7.5,11.7898272340434,78.9877048432448,NOISE,2024-12-26T15:00:47,7.5,11.7898272340434,78.9877048432448,NOISE,2024-12-26T15:00:47,7.5,11.7898272340434,78.9877048432448,NOISE,2024-12-26T15:00:47,7.5,11.7898272340434,78.9877048432448,NOISE
2026-04-17T09:34:03.525565,Map-Energy__sum__linear-conv00142-20241226_180047-20241227_000047-5.000000-10.000000.png,2024-12-26T18:00:47,2024-12-27T00:00:47,5.0,10.0,2024-12-26T21:00:47,7.5,11.7898272340434,78.9877048432448,NOISE,2024-12-26T21:00:47,7.5,11.7898272340434,78.9877048432448,NOISE,2024-12-26T21:00:47,7.5,11.7898272340434,78.9877048432448,NOISE,2024-12-26T21:00:47,7.5,11.7898272340434,78.9877048432448,NOISE
2026-04-17T09:34:04.397616,Map-Energy__sum__linear-conv00152-20241227_000047-20241227_060047-5.000000-10.000000.png,2024-12-27T00:00:47,2024-12-27T06:00:47,5.0,10.0,2024-12-27T03:00:47,7.5,11.7898272340434,78.9877048432448,NOISE,2024-12-27T03:00:47,7.5,11.7898272340434,78.9877048432448,NOISE,2024-12-27T03:00:47,7.5,11.7898272340434,78.9877048432448,NOISE,2024-12-27T03:00:47,7.5,11.7898272340434,78.9877048432448,NOISE
2026-04-17T09:34:05.173697,Map-Energy__sum__linear-conv00162-20241227_060047-20241227_120047-5.000000-10.000000.png,2024-12-27T06:00:47,2024-12-27T12:00:47,5.0,10.0,2024-12-27T09:00:47,7.5,11.7898272340434,78.9877048432448,NOISE,2024-12-27T09:00:47,7.5,11.7898272340434,78.9877048432448,NOISE,2024-12-27T09:00:47,7.5,11.7898272340434,78.9877048432448,NOISE,2024-12-27T09:00:47,7.5,11.7898272340434,78.9877048432448,NOISE
2026-04-17T09:34:05.973746,Map-Energy__sum__linear-conv00172-20241227_120047-20241227_180047-5.000000-10.000000.png,2024-12-27T12:00:47,2024-12-27T18:00:47,5.0,10.0,2024-12-27T15:00:47,7.5,11.7898272340434,78.9877048432448,NOISE,2024-12-27T15:00:47,7.5,11.7898272340434,78.9877048432448,NOISE,2024-12-27T15:00:47,7.5,11.7898272340434,78.9877048432448,NOISE,2024-12-27T15:00:47,7.5,11.7898272340434,78.9877048432448,NOISE
2026-04-17T09:34:06.789647,Map-Energy__sum__linear-conv00182-20241227_180047-20241228_000047-5.000000-10.000000.png,2024-12-27T18:00:47,2024-12-28T00:00:47,5.0,10.0,2024-12-27T21:00:47,7.5,11.7898272340434,78.9877048432448,NOISE,2024-12-27T21:00:47,7.5,11.7898272340434,78.9877048432448,NOISE,2024-12-27T21:00:47,7.5,11.7898272340434,78.9877048432448,NOISE,2024-12-27T21:00:47,7.5,11.7898272340434,78.9877048432448,NOISE
2026-04-17T09:34:07.581868,Map-Energy__sum__linear-conv00192-20241228_000047-20241228_060047-5.000000-10.000000.png,2024-12-28T00:00:47,2024-12-28T06:00:47,5.0,10.0,2024-12-28T03:00:47,7.5,11.7898272340434,78.9877048432448,NOISE,2024-12-28T03:00:47,7.5,11.7898272340434,78.9877048432448,NOISE,2024-12-28T03:00:47,7.5,11.7898272340434,78.9877048432448,NOISE,2024-12-28T03:00:47,7.5,11.7898272340434,78.9877048432448,NOISE
2026-04-17T09:34:08.373662,Map-Energy__sum__linear-conv00202-20241228_060047-20241228_120047-5.000000-10.000000.png,2024-12-28T06:00:47,2024-12-28T12:00:47,5.0,10.0,2024-12-28T09:00:47,7.5,11.7898272340434,78.9877048432448,NOISE,2024-12-28T09:00:47,7.5,11.7898272340434,78.9877048432448,NOISE,2024-12-28T09:00:47,7.5,11.7898272340434,78.9877048432448,NOISE,2024-12-28T09:00:47,7.5,11.7898272340434,78.9877048432448,NOISE
2026-04-17T09:34:09.189721,Map-Energy__sum__linear-conv00212-20241228_120047-20241228_180047-5.000000-10.000000.png,2024-12-28T12:00:47,2024-12-28T18:00:47,5.0,10.0,2024-12-28T15:00:47,7.5,11.7898272340434,78.9877048432448,NOISE,2024-12-28T15:00:47,7.5,11.7898272340434,78.9877048432448,NOISE,2024-12-28T15:00:47,7.5,11.7898272340434,78.9877048432448,NOISE,2024-12-28T15:00:47,7.5,11.7898272340434,78.9877048432448,NOISE
2026-04-17T09:34:10.029595,Map-Energy__sum__linear-conv00222-20241228_180047-20241229_000047-5.000000-10.000000.png,2024-12-28T18:00:47,2024-12-29T00:00:47,5.0,10.0,2024-12-28T21:00:47,7.5,11.7898272340434,78.9877048432448,NOISE,2024-12-28T21:00:47,7.5,11.7898272340434,78.9877048432448,NOISE,2024-12-28T21:00:47,7.5,11.7898272340434,78.9877048432448,NOISE,2024-12-28T21:00:47,7.5,11.7898272340434,78.9877048432448,NOISE
2026-04-17T09:34:10.749627,Map-Energy__sum__linear-conv00232-20241229_000047-20241229_060047-5.000000-10.000000.png,2024-12-29T00:00:47,2024-12-29T06:00:47,5.0,10.0,2024-12-29T03:00:47,7.5,11.7898272340434,78.9877048432448,NOISE,2024-12-29T03:00:47,7.5,11.7898272340434,78.9877048432448,NOISE,2024-12-29T03:00:47,7.5,11.7898272340434,78.9877048432448,NOISE,2024-12-29T03:00:47,7.5,11.7898272340434,78.9877048432448,NOISE
2026-04-17T09:34:11.573611,Map-Energy__sum__linear-conv00242-20241229_060047-20241229_120047-5.000000-10.000000.png,2024-12-29T06:00:47,2024-12-29T12:00:47,5.0,10.0,2024-12-29T09:00:47,7.5,11.7898272340434,78.9877048432448,NOISE,2024-12-29T09:00:47,7.5,11.7898272340434,78.9877048432448,NOISE,2024-12-29T09:00:47,7.5,11.7898272340434,78.9877048432448,NOISE,2024-12-29T09:00:47,7.5,11.7898272340434,78.9877048432448,NOISE
2026-04-17T09:34:12.421511,Map-Energy__sum__linear-conv00252-20241229_120047-20241229_180047-5.000000-10.000000.png,2024-12-29T12:00:47,2024-12-29T18:00:47,5.0,10.0,2024-12-29T15:00:47,7.5,11.7898272340434,78.9877048432448,NOISE,2024-12-29T15:00:47,7.5,11.7898272340434,78.9877048432448,NOISE,2024-12-29T15:00:47,7.5,11.7898272340434,78.9877048432448,NOISE,2024-12-29T15:00:47,7.5,11.7898272340434,78.9877048432448,NOISE
2026-04-17T09:34:13.349680,Map-Energy__sum__linear-conv00262-20241229_180047-20241230_000047-5.000000-10.000000.png,2024-12-29T18:00:47,2024-12-30T00:00:47,5.0,10.0,2024-12-29T21:00:47,7.5,11.7898272340434,78.9877048432448,NOISE,2024-12-29T21:00:47,7.5,11.7898272340434,78.9877048432448,NOISE,2024-12-29T21:00:47,7.5,11.7898272340434,78.9877048432448,NOISE,2024-12-29T21:00:47,7.5,11.7898272340434,78.9877048432448,NOISE
2026-04-17T09:34:14.589915,Map-Energy__sum__linear-conv00272-20241230_000047-20241230_060047-5.000000-10.000000.png,2024-12-30T00:00:47,2024-12-30T06:00:47,5.0,10.0,2024-12-30T03:00:47,7.5,11.7898272340434,78.9877048432448,NOISE,2024-12-30T03:00:47,7.5,11.7898272340434,78.9877048432448,NOISE,2024-12-30T03:00:47,7.5,11.7898272340434,78.9877048432448,NOISE,2024-12-30T03:00:47,7.5,11.7898272340434,78.9877048432448,NOISE
2026-04-17T09:34:15.461636,Map-Energy__sum__linear-conv00282-20241230_060047-20241230_120047-5.000000-10.000000.png,2024-12-30T06:00:47,2024-12-30T12:00:47,5.0,10.0,2024-12-30T09:00:47,7.5,11.7898272340434,78.9877048432448,NOISE,2024-12-30T09:00:47,7.5,11.7898272340434,78.9877048432448,NOISE,2024-12-30T09:00:47,7.5,11.7898272340434,78.9877048432448,NOISE,2024-12-30T09:00:47,7.5,11.7898272340434,78.9877048432448,NOISE
2026-04-17T09:34:16.277554,Map-Energy__sum__linear-conv00292-20241230_120047-20241230_180047-5.000000-10.000000.png,2024-12-30T12:00:47,2024-12-30T18:00:47,5.0,10.0,2024-12-30T15:00:47,7.5,11.7898272340434,78.9877048432448,NOISE,2024-12-30T15:00:47,7.5,11.7898272340434,78.9877048432448,NOISE,2024-12-30T15:00:47,7.5,11.7898272340434,78.9877048432448,NOISE,2024-12-30T15:00:47,7.5,11.7898272340434,78.9877048432448,NOISE
2026-04-17T09:34:17.213558,Map-Energy__sum__linear-conv00302-20241230_180047-20241231_000047-5.000000-10.000000.png,2024-12-30T18:00:47,2024-12-31T00:00:47,5.0,10.0,2024-12-30T21:00:47,7.5,11.7898272340434,78.9877048432448,NOISE,2024-12-30T21:00:47,7.5,11.7898272340434,78.9877048432448,NOISE,2024-12-30T21:00:47,7.5,11.7898272340434,78.9877048432448,NOISE,2024-12-30T21:00:47,7.5,11.7898272340434,78.9877048432448,NOISE
2026-04-17T09:34:18.029701,Map-Energy__sum__linear-conv00312-20241231_000047-20241231_060047-5.000000-10.000000.png,2024-12-31T00:00:47,2024-12-31T06:00:47,5.0,10.0,2024-12-31T03:00:47,7.5,11.7898272340434,78.9877048432448,NOISE,2024-12-31T03:00:47,7.5,11.7898272340434,78.9877048432448,NOISE,2024-12-31T03:00:47,7.5,11.7898272340434,78.9877048432448,NOISE,2024-12-31T03:00:47,7.5,11.7898272340434,78.9877048432448,NOISE
2026-04-17T09:34:18.837610,Map-Energy__sum__linear-conv00322-20241231_060047-20241231_120047-5.000000-10.000000.png,2024-12-31T06:00:47,2024-12-31T12:00:47,5.0,10.0,2024-12-31T09:00:47,7.5,11.7898272340434,78.9877048432448,NOISE,2024-12-31T09:00:47,7.5,11.7898272340434,78.9877048432448,NOISE,2024-12-31T09:00:47,7.5,11.7898272340434,78.9877048432448,NOISE,2024-12-31T09:00:47,7.5,11.7898272340434,78.9877048432448,NOISE
2026-04-17T09:34:19.677703,Map-Energy__sum__linear-conv00332-20241231_120047-20241231_180047-5.000000-10.000000.png,2024-12-31T12:00:47,2024-12-31T18:00:47,5.0,10.0,2024-12-31T15:00:47,7.5,11.7898272340434,78.9877048432448,NOISE,2024-12-31T15:00:47,7.5,11.7898272340434,78.9877048432448,NOISE,2024-12-31T15:00:47,7.5,11.7898272340434,78.9877048432448,NOISE,2024-12-31T15:00:47,7.5,11.7898272340434,78.9877048432448,NOISE
2026-04-17T09:34:21.533669,Map-Energy__sum__linear-conv00342-20241231_180047-20250101_000047-5.000000-10.000000.png,2024-12-31T18:00:47,2025-01-01T00:00:47,5.0,10.0,2024-12-31T21:00:47,7.5,11.7898272340434,78.9877048432448,NOISE,2024-12-31T21:00:47,7.5,11.7898272340434,78.9877048432448,NOISE,2024-12-31T21:00:47,7.5,11.7898272340434,78.9877048432448,NOISE,2024-12-31T21:00:47,7.5,11.7898272340434,78.9877048432448,NOISE
2026-04-17T09:34:24.158037,Map-Energy__sum__linear-conv00003-20241201_000047-20241201_060047-10.000000-15.000000.png,2024-12-01T00:00:47,2024-12-01T06:00:47,10.0,15.0,2024-12-01T03:00:47,12.5,11.5594114413877,78.9903276217732,NOISE,2024-12-01T03:00:47,12.5,11.5594114413877,78.9903276217732,NOISE,2024-12-01T03:00:47,12.5,11.5594114413877,78.9903276217732,NOISE,2024-12-01T03:00:47,12.5,11.5594114413877,78.9903276217732,NOISE
2026-04-17T09:34:25.133586,Map-Energy__sum__linear-conv00013-20241201_060047-20241201_120047-10.000000-15.000000.png,2024-12-01T06:00:47,2024-12-01T12:00:47,10.0,15.0,2024-12-01T09:00:47,12.5,11.5594114413877,78.9903276217732,NOISE,2024-12-01T09:00:47,12.5,11.5594114413877,78.9903276217732,NOISE,2024-12-01T09:00:47,12.5,11.5594114413877,78.9903276217732,NOISE,2024-12-01T09:00:47,12.5,11.5594114413877,78.9903276217732,NOISE
2026-04-17T09:34:26.309661,Map-Energy__sum__linear-conv00023-20241201_120047-20241201_180047-10.000000-15.000000.png,2024-12-01T12:00:47,2024-12-01T18:00:47,10.0,15.0,2024-12-01T15:00:47,12.5,11.5594114413877,78.9903276217732,NOISE,2024-12-01T15:00:47,12.5,11.5594114413877,78.9903276217732,NOISE,2024-12-01T15:00:47,12.5,11.5594114413877,78.9903276217732,NOISE,2024-12-01T15:00:47,12.5,11.5594114413877,78.9903276217732,NOISE
2026-04-17T09:34:27.517849,Map-Energy__sum__linear-conv00033-20241201_180047-20241202_000047-10.000000-15.000000.png,2024-12-01T18:00:47,2024-12-02T00:00:47,10.0,15.0,2024-12-01T21:00:47,12.5,11.5594114413877,78.9903276217732,NOISE,2024-12-01T21:00:47,12.5,11.5594114413877,78.9903276217732,NOISE,2024-12-01T21:00:47,12.5,11.5594114413877,78.9903276217732,NOISE,2024-12-01T21:00:47,12.5,11.5594114413877,78.9903276217732,NOISE
2026-04-17T09:34:28.662285,Map-Energy__sum__linear-conv00043-20241202_000047-20241202_060047-10.000000-15.000000.png,2024-12-02T00:00:47,2024-12-02T06:00:47,10.0,15.0,2024-12-02T03:00:47,12.5,11.5594114413877,78.9903276217732,NOISE,2024-12-02T03:00:47,12.5,11.5594114413877,78.9903276217732,NOISE,2024-12-02T03:00:47,12.5,11.5594114413877,78.9903276217732,NOISE,2024-12-02T03:00:47,12.5,11.5594114413877,78.9903276217732,NOISE
2026-04-17T09:34:29.613550,Map-Energy__sum__linear-conv00053-20241202_060047-20241202_120047-10.000000-15.000000.png,2024-12-02T06:00:47,2024-12-02T12:00:47,10.0,15.0,2024-12-02T09:00:47,12.5,11.5594114413877,78.9903276217732,NOISE,2024-12-02T09:00:47,12.5,11.5594114413877,78.9903276217732,NOISE,2024-12-02T09:00:47,12.5,11.5594114413877,78.9903276217732,NOISE,2024-12-02T09:00:47,12.5,11.5594114413877,78.9903276217732,NOISE
2026-04-17T09:34:30.942578,Map-Energy__sum__linear-conv00063-20241202_120047-20241202_180047-10.000000-15.000000.png,2024-12-02T12:00:47,2024-12-02T18:00:47,10.0,15.0,2024-12-02T15:00:47,12.5,11.5594114413877,78.9903276217732,NOISE,2024-12-02T15:00:47,12.5,11.5594114413877,78.9903276217732,NOISE,2024-12-02T15:00:47,12.5,11.5594114413877,78.9903276217732,NOISE,2024-12-02T15:00:47,12.5,11.5594114413877,78.9903276217732,NOISE
2026-04-17T09:34:32.509647,Map-Energy__sum__linear-conv00073-20241202_180047-20241203_000047-10.000000-15.000000.png,2024-12-02T18:00:47,2024-12-03T00:00:47,10.0,15.0,2024-12-02T21:00:47,12.5,11.5594114413877,78.9903276217732,NOISE,2024-12-02T21:00:47,12.5,11.5594114413877,78.9903276217732,NOISE,2024-12-02T21:00:47,12.5,11.5594114413877,78.9903276217732,NOISE,2024-12-02T21:00:47,12.5,11.5594114413877,78.9903276217732,NOISE
2026-04-17T09:34:33.453693,Map-Energy__sum__linear-conv00083-20241203_000047-20241203_060047-10.000000-15.000000.png,2024-12-03T00:00:47,2024-12-03T06:00:47,10.0,15.0,2024-12-03T03:00:47,12.5,11.5594114413877,78.9903276217732,NOISE,2024-12-03T03:00:47,12.5,11.5594114413877,78.9903276217732,NOISE,2024-12-03T03:00:47,12.5,11.5594114413877,78.9903276217732,NOISE,2024-12-03T03:00:47,12.5,11.5594114413877,78.9903276217732,NOISE
2026-04-17T09:34:34.357828,Map-Energy__sum__linear-conv00093-20241203_060047-20241203_120047-10.000000-15.000000.png,2024-12-03T06:00:47,2024-12-03T12:00:47,10.0,15.0,2024-12-03T09:00:47,12.5,11.5594114413877,78.9903276217732,NOISE,2024-12-03T09:00:47,12.5,11.5594114413877,78.9903276217732,NOISE,2024-12-03T09:00:47,12.5,11.5594114413877,78.9903276217732,NOISE,2024-12-03T09:00:47,12.5,11.5594114413877,78.9903276217732,NOISE
2026-04-17T09:34:35.357664,Map-Energy__sum__linear-conv00103-20241203_120047-20241203_180047-10.000000-15.000000.png,2024-12-03T12:00:47,2024-12-03T18:00:47,10.0,15.0,2024-12-03T15:00:47,12.5,11.5594114413877,78.9903276217732,NOISE,2024-12-03T15:00:47,12.5,11.5594114413877,78.9903276217732,NOISE,2024-12-03T15:00:47,12.5,11.5594114413877,78.9903276217732,NOISE,2024-12-03T15:00:47,12.5,11.5594114413877,78.9903276217732,NOISE
2026-04-17T09:34:36.445855,Map-Energy__sum__linear-conv00113-20241203_180047-20241204_000047-10.000000-15.000000.png,2024-12-03T18:00:47,2024-12-04T00:00:47,10.0,15.0,2024-12-03T21:00:47,12.5,11.5594114413877,78.9903276217732,NOISE,2024-12-03T21:00:47,12.5,11.5594114413877,78.9903276217732,NOISE,2024-12-03T21:00:47,12.5,11.5594114413877,78.9903276217732,NOISE,2024-12-03T21:00:47,12.5,11.5594114413877,78.9903276217732,NOISE
2026-04-17T09:34:37.533524,Map-Energy__sum__linear-conv00003-20241204_000047-20241204_060047-10.000000-15.000000.png,2024-12-04T00:00:47,2024-12-04T06:00:47,10.0,15.0,2024-12-04T03:00:47,12.5,11.5594114413877,78.9903276217732,NOISE,2024-12-04T03:00:47,12.5,11.5594114413877,78.9903276217732,NOISE,2024-12-04T03:00:47,12.5,11.5594114413877,78.9903276217732,NOISE,2024-12-04T03:00:47,12.5,11.5594114413877,78.9903276217732,NOISE
2026-04-17T09:35:00.165592,Map-Energy__sum__linear-conv00013-20241204_060047-20241204_120047-10.000000-15.000000.png,2024-12-04T06:00:47,2024-12-04T12:00:47,10.0,15.0,2024-12-04T09:00:47,12.5,11.5594114413877,78.9903276217732,NOISE,2024-12-04T09:00:47,12.5,11.5594114413877,78.9903276217732,NOISE,2024-12-04T09:00:47,12.5,11.5594114413877,78.9903276217732,NOISE,2024-12-04T09:00:47,12.5,11.5594114413877,78.9903276217732,NOISE
2026-04-17T09:35:01.797217,Map-Energy__sum__linear-conv00023-20241204_120047-20241204_180047-10.000000-15.000000.png,2024-12-04T12:00:47,2024-12-04T18:00:47,10.0,15.0,2024-12-04T15:00:47,12.5,11.5594114413877,78.9903276217732,NOISE,2024-12-04T15:00:47,12.5,11.5594114413877,78.9903276217732,NOISE,2024-12-04T15:00:47,12.5,11.5594114413877,78.9903276217732,NOISE,2024-12-04T15:00:47,12.5,11.5594114413877,78.9903276217732,NOISE
2026-04-17T09:35:02.169590,Map-Energy__sum__linear-conv00033-20241204_180047-20241205_000047-10.000000-15.000000.png,2024-12-04T18:00:47,2024-12-05T00:00:47,10.0,15.0,2024-12-04T21:00:47,12.5,11.5594114413877,78.9903276217732,NOISE,2024-12-04T21:00:47,12.5,11.5594114413877,78.9903276217732,NOISE,2024-12-04T21:00:47,12.5,11.5594114413877,78.9903276217732,NOISE,2024-12-04T21:00:47,12.5,11.5594114413877,78.9903276217732,NOISE
2026-04-17T09:35:03.181617,Map-Energy__sum__linear-conv00043-20241205_000047-20241205_060047-10.000000-15.000000.png,2024-12-05T00:00:47,2024-12-05T06:00:47,10.0,15.0,2024-12-05T03:00:47,12.5,11.5594114413877,78.9903276217732,NOISE,2024-12-05T03:00:47,12.5,11.5594114413877,78.9903276217732,NOISE,2024-12-05T03:00:47,12.5,11.5594114413877,78.9903276217732,NOISE,2024-12-05T03:00:47,12.5,11.5594114413877,78.9903276217732,NOISE
2026-04-17T09:35:04.229633,Map-Energy__sum__linear-conv00053-20241205_060047-20241205_120047-10.000000-15.000000.png,2024-12-05T06:00:47,2024-12-05T12:00:47,10.0,15.0,2024-12-05T09:00:47,12.5,11.5594114413877,78.9903276217732,NOISE,2024-12-05T09:00:47,12.5,11.5594114413877,78.9903276217732,NOISE,2024-12-05T09:00:47,12.5,11.5594114413877,78.9903276217732,NOISE,2024-12-05T09:00:47,12.5,11.5594114413877,78.9903276217732,NOISE
2026-04-17T09:35:05.077798,Map-Energy__sum__linear-conv00063-20241205_120047-20241205_180047-10.000000-15.000000.png,2024-12-05T12:00:47,2024-12-05T18:00:47,10.0,15.0,2024-12-05T15:00:47,12.5,11.5594114413877,78.9903276217732,NOISE,2024-12-05T15:00:47,12.5,11.5594114413877,78.9903276217732,NOISE,2024-12-05T15:00:47,12.5,11.5594114413877,78.9903276217732,NOISE,2024-12-05T15:00:47,12.5,11.5594114413877,78.9903276217732,NOISE
2026-04-17T09:35:05.821606,Map-Energy__sum__linear-conv00073-20241205_180047-20241206_000047-10.000000-15.000000.png,2024-12-05T18:00:47,2024-12-06T00:00:47,10.0,15.0,2024-12-05T21:00:47,12.5,11.5594114413877,78.9903276217732,NOISE,2024-12-05T21:00:47,12.5,11.5594114413877,78.9903276217732,NOISE,2024-12-05T21:00:47,12.5,11.5594114413877,78.9903276217732,NOISE,2024-12-05T21:00:47,12.5,11.5594114413877,78.9903276217732,NOISE
2026-04-17T09:35:06.637629,Map-Energy__sum__linear-conv00083-20241206_000047-20241206_060047-10.000000-15.000000.png,2024-12-06T00:00:47,2024-12-06T06:00:47,10.0,15.0,2024-12-06T03:00:47,12.5,11.5594114413877,78.9903276217732,NOISE,2024-12-06T03:00:47,12.5,11.5594114413877,78.9903276217732,NOISE,2024-12-06T03:00:47,12.5,11.5594114413877,78.9903276217732,NOISE,2024-12-06T03:00:47,12.5,11.5594114413877,78.9903276217732,NOISE
2026-04-17T09:35:07.453347,Map-Energy__sum__linear-conv00093-20241206_060047-20241206_120047-10.000000-15.000000.png,2024-12-06T06:00:47,2024-12-06T12:00:47,10.0,15.0,2024-12-06T09:00:47,12.5,11.5594114413877,78.9903276217732,NOISE,2024-12-06T09:00:47,12.5,11.5594114413877,78.9903276217732,NOISE,2024-12-06T09:00:47,12.5,11.5594114413877,78.9903276217732,NOISE,2024-12-06T09:00:47,12.5,11.5594114413877,78.9903276217732,NOISE
2026-04-17T09:35:08.389453,Map-Energy__sum__linear-conv00103-20241206_120047-20241206_180047-10.000000-15.000000.png,2024-12-06T12:00:47,2024-12-06T18:00:47,10.0,15.0,2024-12-06T15:00:47,12.5,11.5594114413877,78.9903276217732,NOISE,2024-12-06T15:00:47,12.5,11.5594114413877,78.9903276217732,NOISE,2024-12-06T15:00:47,12.5,11.5594114413877,78.9903276217732,NOISE,2024-12-06T15:00:47,12.5,11.5594114413877,78.9903276217732,NOISE
2026-04-17T09:35:09.173774,Map-Energy__sum__linear-conv00113-20241206_180047-20241207_000047-10.000000-15.000000.png,2024-12-06T18:00:47,2024-12-07T00:00:47,10.0,15.0,2024-12-06T21:00:47,12.5,11.5594114413877,78.9903276217732,NOISE,2024-12-06T21:00:47,12.5,11.5594114413877,78.9903276217732,NOISE,2024-12-06T21:00:47,12.5,11.5594114413877,78.9903276217732,NOISE,2024-12-06T21:00:47,12.5,11.5594114413877,78.9903276217732,NOISE
2026-04-17T09:35:09.997619,Map-Energy__sum__linear-conv00123-20241207_000047-20241207_060047-10.000000-15.000000.png,2024-12-07T00:00:47,2024-12-07T06:00:47,10.0,15.0,2024-12-07T03:00:47,12.5,11.5594114413877,78.9903276217732,NOISE,2024-12-07T03:00:47,12.5,11.5594114413877,78.9903276217732,NOISE,2024-12-07T03:00:47,12.5,11.5594114413877,78.9903276217732,NOISE,2024-12-07T03:00:47,12.5,11.5594114413877,78.9903276217732,NOISE
2026-04-17T09:35:10.702517,Map-Energy__sum__linear-conv00133-20241207_060047-20241207_120047-10.000000-15.000000.png,2024-12-07T06:00:47,2024-12-07T12:00:47,10.0,15.0,2024-12-07T09:00:47,12.5,11.5594114413877,78.9903276217732,NOISE,2024-12-07T09:00:47,12.5,11.5594114413877,78.9903276217732,NOISE,2024-12-07T09:00:47,12.5,11.5594114413877,78.9903276217732,NOISE,2024-12-07T09:00:47,12.5,11.5594114413877,78.9903276217732,NOISE
2026-04-17T09:35:11.509743,Map-Energy__sum__linear-conv00143-20241207_120047-20241207_180047-10.000000-15.000000.png,2024-12-07T12:00:47,2024-12-07T18:00:47,10.0,15.0,2024-12-07T15:00:47,12.5,11.5594114413877,78.9903276217732,NOISE,2024-12-07T15:00:47,12.5,11.5594114413877,78.9903276217732,NOISE,2024-12-07T15:00:47,12.5,11.5594114413877,78.9903276217732,NOISE,2024-12-07T15:00:47,12.5,11.5594114413877,78.9903276217732,NOISE
2026-04-17T09:35:12.365589,Map-Energy__sum__linear-conv00153-20241207_180047-20241208_000047-10.000000-15.000000.png,2024-12-07T18:00:47,2024-12-08T00:00:47,10.0,15.0,2024-12-07T21:00:47,12.5,11.5594114413877,78.9903276217732,NOISE,2024-12-07T21:00:47,12.5,11.5594114413877,78.9903276217732,NOISE,2024-12-07T21:00:47,12.5,11.5594114413877,78.9903276217732,NOISE,2024-12-07T21:00:47,12.5,11.5594114413877,78.9903276217732,NOISE
2026-04-17T09:35:13.189562,Map-Energy__sum__linear-conv00163-20241208_000047-20241208_060047-10.000000-15.000000.png,2024-12-08T00:00:47,2024-12-08T06:00:47,10.0,15.0,2024-12-08T03:00:47,12.5,11.5594114413877,78.9903276217732,NOISE,2024-12-08T03:00:47,12.5,11.5594114413877,78.9903276217732,NOISE,2024-12-08T03:00:47,12.5,11.5594114413877,78.9903276217732,NOISE,2024-12-08T03:00:47,12.5,11.5594114413877,78.9903276217732,NOISE
2026-04-17T09:35:13.933526,Map-Energy__sum__linear-conv00173-20241208_060047-20241208_120047-10.000000-15.000000.png,2024-12-08T06:00:47,2024-12-08T12:00:47,10.0,15.0,2024-12-08T09:00:47,12.5,11.5594114413877,78.9903276217732,NOISE,2024-12-08T09:00:47,12.5,11.5594114413877,78.9903276217732,NOISE,2024-12-08T09:00:47,12.5,11.5594114413877,78.9903276217732,NOISE,2024-12-08T09:00:47,12.5,11.5594114413877,78.9903276217732,NOISE
2026-04-17T09:35:14.693607,Map-Energy__sum__linear-conv00183-20241208_120047-20241208_180047-10.000000-15.000000.png,2024-12-08T12:00:47,2024-12-08T18:00:47,10.0,15.0,2024-12-08T15:00:47,12.5,11.5594114413877,78.9903276217732,NOISE,2024-12-08T15:00:47,12.5,11.5594114413877,78.9903276217732,NOISE,2024-12-08T15:00:47,12.5,11.5594114413877,78.9903276217732,NOISE,2024-12-08T15:00:47,12.5,11.5594114413877,78.9903276217732,NOISE
2026-04-17T09:35:15.469632,Map-Energy__sum__linear-conv00193-20241208_180047-20241209_000047-10.000000-15.000000.png,2024-12-08T18:00:47,2024-12-09T00:00:47,10.0,15.0,2024-12-08T21:00:47,12.5,11.5594114413877,78.9903276217732,NOISE,2024-12-08T21:00:47,12.5,11.5594114413877,78.9903276217732,NOISE,2024-12-08T21:00:47,12.5,11.5594114413877,78.9903276217732,NOISE,2024-12-08T21:00:47,12.5,11.5594114413877,78.9903276217732,NOISE
2026-04-17T09:35:16.437657,Map-Energy__sum__linear-conv00203-20241209_000047-20241209_060047-10.000000-15.000000.png,2024-12-09T00:00:47,2024-12-09T06:00:47,10.0,15.0,2024-12-09T03:00:47,12.5,11.5594114413877,78.9903276217732,NOISE,2024-12-09T03:00:47,12.5,11.5594114413877,78.9903276217732,NOISE,2024-12-09T03:00:47,12.5,11.5594114413877,78.9903276217732,NOISE,2024-12-09T03:00:47,12.5,11.5594114413877,78.9903276217732,NOISE
2026-04-17T09:35:17.333573,Map-Energy__sum__linear-conv00213-20241209_060047-20241209_120047-10.000000-15.000000.png,2024-12-09T06:00:47,2024-12-09T12:00:47,10.0,15.0,2024-12-09T09:00:47,12.5,11.5594114413877,78.9903276217732,NOISE,2024-12-09T09:00:47,12.5,11.5594114413877,78.9903276217732,NOISE,2024-12-09T09:00:47,12.5,11.5594114413877,78.9903276217732,NOISE,2024-12-09T09:00:47,12.5,11.5594114413877,78.9903276217732,NOISE
2026-04-17T09:35:18.133412,Map-Energy__sum__linear-conv00223-20241209_120047-20241209_180047-10.000000-15.000000.png,2024-12-09T12:00:47,2024-12-09T18:00:47,10.0,15.0,2024-12-09T15:00:47,12.5,11.5594114413877,78.9903276217732,NOISE,2024-12-09T15:00:47,12.5,11.5594114413877,78.9903276217732,NOISE,2024-12-09T15:00:47,12.5,11.5594114413877,78.9903276217732,NOISE,2024-12-09T15:00:47,12.5,11.5594114413877,78.9903276217732,NOISE
2026-04-17T09:35:18.941622,Map-Energy__sum__linear-conv00233-20241209_180047-20241210_000047-10.000000-15.000000.png,2024-12-09T18:00:47,2024-12-10T00:00:47,10.0,15.0,2024-12-09T21:00:47,12.5,11.5594114413877,78.9903276217732,NOISE,2024-12-09T21:00:47,12.5,11.5594114413877,78.9903276217732,NOISE,2024-12-09T21:00:47,12.5,11.5594114413877,78.9903276217732,NOISE,2024-12-09T21:00:47,12.5,11.5594114413877,78.9903276217732,NOISE
2026-04-17T09:35:19.837583,Map-Energy__sum__linear-conv00243-20241210_000047-20241210_060047-10.000000-15.000000.png,2024-12-10T00:00:47,2024-12-10T06:00:47,10.0,15.0,2024-12-10T03:00:47,12.5,11.5594114413877,78.9903276217732,NOISE,2024-12-10T03:00:47,12.5,11.5594114413877,78.9903276217732,NOISE,2024-12-10T03:00:47,12.5,11.5594114413877,78.9903276217732,NOISE,2024-12-10T03:00:47,12.5,11.5594114413877,78.9903276217732,NOISE
2026-04-17T09:35:20.677519,Map-Energy__sum__linear-conv00253-20241210_060047-20241210_120047-10.000000-15.000000.png,2024-12-10T06:00:47,2024-12-10T12:00:47,10.0,15.0,2024-12-10T09:00:47,12.5,11.5594114413877,78.9903276217732,NOISE,2024-12-10T09:00:47,12.5,11.5594114413877,78.9903276217732,NOISE,2024-12-10T09:00:47,12.5,11.5594114413877,78.9903276217732,NOISE,2024-12-10T09:00:47,12.5,11.5594114413877,78.9903276217732,NOISE
2026-04-17T09:35:21.381683,Map-Energy__sum__linear-conv00263-20241210_120047-20241210_180047-10.000000-15.000000.png,2024-12-10T12:00:47,2024-12-10T18:00:47,10.0,15.0,2024-12-10T15:00:47,12.5,11.5594114413877,78.9903276217732,NOISE,2024-12-10T15:00:47,12.5,11.5594114413877,78.9903276217732,NOISE,2024-12-10T15:00:47,12.5,11.5594114413877,78.9903276217732,NOISE,2024-12-10T15:00:47,12.5,11.5594114413877,78.9903276217732,NOISE
2026-04-17T09:35:22.045731,Map-Energy__sum__linear-conv00273-20241210_180047-20241211_000047-10.000000-15.000000.png,2024-12-10T18:00:47,2024-12-11T00:00:47,10.0,15.0,2024-12-10T21:00:47,12.5,11.5594114413877,78.9903276217732,NOISE,2024-12-10T21:00:47,12.5,11.5594114413877,78.9903276217732,NOISE,2024-12-10T21:00:47,12.5,11.5594114413877,78.9903276217732,NOISE,2024-12-10T21:00:47,12.5,11.5594114413877,78.9903276217732,NOISE
2026-04-17T09:35:22.685642,Map-Energy__sum__linear-conv00283-20241211_000047-20241211_060047-10.000000-15.000000.png,2024-12-11T00:00:47,2024-12-11T06:00:47,10.0,15.0,2024-12-11T03:00:47,12.5,11.5594114413877,78.9903276217732,NOISE,2024-12-11T03:00:47,12.5,11.5594114413877,78.9903276217732,NOISE,2024-12-11T03:00:47,12.5,11.5594114413877,78.9903276217732,NOISE,2024-12-11T03:00:47,12.5,11.5594114413877,78.9903276217732,NOISE
2026-04-17T09:35:23.373562,Map-Energy__sum__linear-conv00293-20241211_060047-20241211_120047-10.000000-15.000000.png,2024-12-11T06:00:47,2024-12-11T12:00:47,10.0,15.0,2024-12-11T09:00:47,12.5,11.5594114413877,78.9903276217732,NOISE,2024-12-11T09:00:47,12.5,11.5594114413877,78.9903276217732,NOISE,2024-12-11T09:00:47,12.5,11.5594114413877,78.9903276217732,NOISE,2024-12-11T09:00:47,12.5,11.5594114413877,78.9903276217732,NOISE
2026-04-17T09:35:24.053562,Map-Energy__sum__linear-conv00303-20241211_120047-20241211_180047-10.000000-15.000000.png,2024-12-11T12:00:47,2024-12-11T18:00:47,10.0,15.0,2024-12-11T15:00:47,12.5,11.5594114413877,78.9903276217732,NOISE,2024-12-11T15:00:47,12.5,11.5594114413877,78.9903276217732,NOISE,2024-12-11T15:00:47,12.5,11.5594114413877,78.9903276217732,NOISE,2024-12-11T15:00:47,12.5,11.5594114413877,78.9903276217732,NOISE
2026-04-17T09:35:24.789498,Map-Energy__sum__linear-conv00313-20241211_180047-20241212_000047-10.000000-15.000000.png,2024-12-11T18:00:47,2024-12-12T00:00:47,10.0,15.0,2024-12-11T21:00:47,12.5,11.5594114413877,78.9903276217732,NOISE,2024-12-11T21:00:47,12.5,11.5594114413877,78.9903276217732,NOISE,2024-12-11T21:00:47,12.5,11.5594114413877,78.9903276217732,NOISE,2024-12-11T21:00:47,12.5,11.5594114413877,78.9903276217732,NOISE
2026-04-17T09:35:25.557522,Map-Energy__sum__linear-conv00323-20241212_000047-20241212_060047-10.000000-15.000000.png,2024-12-12T00:00:47,2024-12-12T06:00:47,10.0,15.0,2024-12-12T03:00:47,12.5,11.5594114413877,78.9903276217732,NOISE,2024-12-12T03:00:47,12.5,11.5594114413877,78.9903276217732,NOISE,2024-12-12T03:00:47,12.5,11.5594114413877,78.9903276217732,NOISE,2024-12-12T03:00:47,12.5,11.5594114413877,78.9903276217732,NOISE
2026-04-17T09:35:26.301438,Map-Energy__sum__linear-conv00333-20241212_060047-20241212_120047-10.000000-15.000000.png,2024-12-12T06:00:47,2024-12-12T12:00:47,10.0,15.0,2024-12-12T09:00:47,12.5,11.5594114413877,78.9903276217732,NOISE,2024-12-12T09:00:47,12.5,11.5594114413877,78.9903276217732,NOISE,2024-12-12T09:00:47,12.5,11.5594114413877,78.9903276217732,NOISE,2024-12-12T09:00:47,12.5,11.5594114413877,78.9903276217732,NOISE
2026-04-17T09:35:27.085532,Map-Energy__sum__linear-conv00343-20241212_120047-20241212_180047-10.000000-15.000000.png,2024-12-12T12:00:47,2024-12-12T18:00:47,10.0,15.0,2024-12-12T15:00:47,12.5,11.5594114413877,78.9903276217732,NOISE,2024-12-12T15:00:47,12.5,11.5594114413877,78.9903276217732,NOISE,2024-12-12T15:00:47,12.5,11.5594114413877,78.9903276217732,NOISE,2024-12-12T15:00:47,12.5,11.5594114413877,78.9903276217732,NOISE
2026-04-17T09:35:27.869579,Map-Energy__sum__linear-conv00353-20241212_180047-20241213_000047-10.000000-15.000000.png,2024-12-12T18:00:47,2024-12-13T00:00:47,10.0,15.0,2024-12-12T21:00:47,12.5,11.5594114413877,78.9903276217732,NOISE,2024-12-12T21:00:47,12.5,11.5594114413877,78.9903276217732,NOISE,2024-12-12T21:00:47,12.5,11.5594114413877,78.9903276217732,NOISE,2024-12-12T21:00:47,12.5,11.5594114413877,78.9903276217732,NOISE
2026-04-17T09:35:28.621630,Map-Energy__sum__linear-conv00363-20241213_000047-20241213_060047-10.000000-15.000000.png,2024-12-13T00:00:47,2024-12-13T06:00:47,10.0,15.0,2024-12-13T03:00:47,12.5,11.5594114413877,78.9903276217732,NOISE,2024-12-13T03:00:47,12.5,11.5594114413877,78.9903276217732,NOISE,2024-12-13T03:00:47,12.5,11.5594114413877,78.9903276217732,NOISE,2024-12-13T03:00:47,12.5,11.5594114413877,78.9903276217732,NOISE
2026-04-17T09:35:29.317306,Map-Energy__sum__linear-conv00373-20241213_060047-20241213_120047-10.000000-15.000000.png,2024-12-13T06:00:47,2024-12-13T12:00:47,10.0,15.0,2024-12-13T09:00:47,12.5,11.5594114413877,78.9903276217732,NOISE,2024-12-13T09:00:47,12.5,11.5594114413877,78.9903276217732,NOISE,2024-12-13T09:00:47,12.5,11.5594114413877,78.9903276217732,NOISE,2024-12-13T09:00:47,12.5,11.5594114413877,78.9903276217732,NOISE
2026-04-17T09:35:29.893626,Map-Energy__sum__linear-conv00383-20241213_120047-20241213_180047-10.000000-15.000000.png,2024-12-13T12:00:47,2024-12-13T18:00:47,10.0,15.0,2024-12-13T15:00:47,12.5,11.5594114413877,78.9903276217732,NOISE,2024-12-13T15:00:47,12.5,11.5594114413877,78.9903276217732,NOISE,2024-12-13T15:00:47,12.5,11.5594114413877,78.9903276217732,NOISE,2024-12-13T15:00:47,12.5,11.5594114413877,78.9903276217732,NOISE
2026-04-17T09:35:31.013623,Map-Energy__sum__linear-conv00393-20241213_180047-20241214_000047-10.000000-15.000000.png,2024-12-13T18:00:47,2024-12-14T00:00:47,10.0,15.0,2024-12-13T21:00:47,12.5,11.5594114413877,78.9903276217732,NOISE,2024-12-13T21:00:47,12.5,11.5594114413877,78.9903276217732,NOISE,2024-12-13T21:00:47,12.5,11.5594114413877,78.9903276217732,NOISE,2024-12-13T21:00:47,12.5,11.5594114413877,78.9903276217732,NOISE
2026-04-17T09:35:31.973977,Map-Energy__sum__linear-conv00403-20241214_000047-20241214_060047-10.000000-15.000000.png,2024-12-14T00:00:47,2024-12-14T06:00:47,10.0,15.0,2024-12-14T03:00:47,12.5,11.5594114413877,78.9903276217732,NOISE,2024-12-14T03:00:47,12.5,11.5594114413877,78.9903276217732,NOISE,2024-12-14T03:00:47,12.5,11.5594114413877,78.9903276217732,NOISE,2024-12-14T03:00:47,12.5,11.5594114413877,78.9903276217732,NOISE
2026-04-17T09:35:32.989675,Map-Energy__sum__linear-conv00413-20241214_060047-20241214_120047-10.000000-15.000000.png,2024-12-14T06:00:47,2024-12-14T12:00:47,10.0,15.0,2024-12-14T09:00:47,12.5,11.5594114413877,78.9903276217732,NOISE,2024-12-14T09:00:47,12.5,11.5594114413877,78.9903276217732,NOISE,2024-12-14T09:00:47,12.5,11.5594114413877,78.9903276217732,NOISE,2024-12-14T09:00:47,12.5,11.5594114413877,78.9903276217732,NOISE
2026-04-17T09:35:33.725598,Map-Energy__sum__linear-conv00423-20241214_120047-20241214_180047-10.000000-15.000000.png,2024-12-14T12:00:47,2024-12-14T18:00:47,10.0,15.0,2024-12-14T15:00:47,12.5,11.5594114413877,78.9903276217732,NOISE,2024-12-14T15:00:47,12.5,11.5594114413877,78.9903276217732,NOISE,2024-12-14T15:00:47,12.5,11.5594114413877,78.9903276217732,NOISE,2024-12-14T15:00:47,12.5,11.5594114413877,78.9903276217732,NOISE
2026-04-17T09:35:34.701647,Map-Energy__sum__linear-conv00433-20241214_180047-20241215_000047-10.000000-15.000000.png,2024-12-14T18:00:47,2024-12-15T00:00:47,10.0,15.0,2024-12-14T21:00:47,12.5,11.5594114413877,78.9903276217732,NOISE,2024-12-14T21:00:47,12.5,11.5594114413877,78.9903276217732,NOISE,2024-12-14T21:00:47,12.5,11.5594114413877,78.9903276217732,NOISE,2024-12-14T21:00:47,12.5,11.5594114413877,78.9903276217732,NOISE
2026-04-17T09:35:35.805448,Map-Energy__sum__linear-conv00443-20241215_000047-20241215_060047-10.000000-15.000000.png,2024-12-15T00:00:47,2024-12-15T06:00:47,10.0,15.0,2024-12-15T03:00:47,12.5,11.5594114413877,78.9903276217732,NOISE,2024-12-15T03:00:47,12.5,11.5594114413877,78.9903276217732,NOISE,2024-12-15T03:00:47,12.5,11.5594114413877,78.9903276217732,NOISE,2024-12-15T03:00:47,12.5,11.5594114413877,78.9903276217732,NOISE
2026-04-17T09:35:37.637567,Map-Energy__sum__linear-conv00010-20241215_060047-20241215_120047-10.000000-15.000000.png,2024-12-15T06:00:47,2024-12-15T12:00:47,10.0,15.0,2024-12-15T09:00:47,12.5,11.5594114413877,78.9903276217732,NOISE,2024-12-15T09:00:47,12.5,11.5594114413877,78.9903276217732,NOISE,2024-12-15T09:00:47,12.5,11.5594114413877,78.9903276217732,NOISE,2024-12-15T09:00:47,12.5,11.5594114413877,78.9903276217732,NOISE
2026-04-17T09:35:39.013555,Map-Energy__sum__linear-conv00020-20241215_120047-20241215_180047-10.000000-15.000000.png,2024-12-15T12:00:47,2024-12-15T18:00:47,10.0,15.0,2024-12-15T15:00:47,12.5,11.5594114413877,78.9903276217732,NOISE,2024-12-15T15:00:47,12.5,11.5594114413877,78.9903276217732,NOISE,2024-12-15T15:00:47,12.5,11.5594114413877,78.9903276217732,NOISE,2024-12-15T15:00:47,12.5,11.5594114413877,78.9903276217732,NOISE
2026-04-17T09:35:40.813610,Map-Energy__sum__linear-conv00030-20241215_180047-20241216_000047-10.000000-15.000000.png,2024-12-15T18:00:47,2024-12-16T00:00:47,10.0,15.0,2024-12-15T21:00:47,12.5,11.5594114413877,78.9903276217732,NOISE,2024-12-15T21:00:47,12.5,11.5594114413877,78.9903276217732,NOISE,2024-12-15T21:00:47,12.5,11.5594114413877,78.9903276217732,NOISE,2024-12-15T21:00:47,12.5,11.5594114413877,78.9903276217732,NOISE
2026-04-17T09:35:42.829613,Map-Energy__sum__linear-conv00040-20241216_000047-20241216_060047-10.000000-15.000000.png,2024-12-16T00:00:47,2024-12-16T06:00:47,10.0,15.0,2024-12-16T03:00:47,12.5,11.5594114413877,78.9903276217732,NOISE,2024-12-16T03:00:47,12.5,11.5594114413877,78.9903276217732,NOISE,2024-12-16T03:00:47,12.5,11.5594114413877,78.9903276217732,NOISE,2024-12-16T03:00:47,12.5,11.5594114413877,78.9903276217732,NOISE
2026-04-17T09:35:52.070146,Map-Energy__sum__linear-conv00050-20241216_060047-20241216_120047-10.000000-15.000000.png,2024-12-16T06:00:47,2024-12-16T12:00:47,10.0,15.0,2024-12-16T09:00:47,12.5,11.5594114413877,78.9903276217732,NOISE,2024-12-16T09:00:47,12.5,11.5594114413877,78.9903276217732,NOISE,2024-12-16T09:00:47,12.5,11.5594114413877,78.9903276217732,NOISE,2024-12-16T09:00:47,12.5,11.5594114413877,78.9903276217732,NOISE
2026-04-17T09:35:53.661660,Map-Energy__sum__linear-conv00060-20241216_120047-20241216_180047-10.000000-15.000000.png,2024-12-16T12:00:47,2024-12-16T18:00:47,10.0,15.0,2024-12-16T15:00:47,12.5,11.5594114413877,78.9903276217732,NOISE,2024-12-16T15:00:47,12.5,11.5594114413877,78.9903276217732,NOISE,2024-12-16T15:00:47,12.5,11.5594114413877,78.9903276217732,NOISE,2024-12-16T15:00:47,12.5,11.5594114413877,78.9903276217732,NOISE
2026-04-17T09:35:54.821522,Map-Energy__sum__linear-conv00070-20241216_180047-20241217_000047-10.000000-15.000000.png,2024-12-16T18:00:47,2024-12-17T00:00:47,10.0,15.0,2024-12-16T21:00:47,12.5,11.5594114413877,78.9903276217732,NOISE,2024-12-16T21:00:47,12.5,11.5594114413877,78.9903276217732,NOISE,2024-12-16T21:00:47,12.5,11.5594114413877,78.9903276217732,NOISE,2024-12-16T21:00:47,12.5,11.5594114413877,78.9903276217732,NOISE
2026-04-17T09:35:56.165626,Map-Energy__sum__linear-conv00080-20241217_000047-20241217_060047-10.000000-15.000000.png,2024-12-17T00:00:47,2024-12-17T06:00:47,10.0,15.0,2024-12-17T03:00:47,12.5,11.5594114413877,78.9903276217732,NOISE,2024-12-17T03:00:47,12.5,11.5594114413877,78.9903276217732,NOISE,2024-12-17T03:00:47,12.5,11.5594114413877,78.9903276217732,NOISE,2024-12-17T03:00:47,12.5,11.5594114413877,78.9903276217732,NOISE
2026-04-17T09:35:57.183829,Map-Energy__sum__linear-conv00090-20241217_060047-20241217_120047-10.000000-15.000000.png,2024-12-17T06:00:47,2024-12-17T12:00:47,10.0,15.0,2024-12-17T09:00:47,12.5,11.5594114413877,78.9903276217732,NOISE,2024-12-17T09:00:47,12.5,11.5594114413877,78.9903276217732,NOISE,2024-12-17T09:00:47,12.5,11.5594114413877,78.9903276217732,NOISE,2024-12-17T09:00:47,12.5,11.5594114413877,78.9903276217732,NOISE
2026-04-17T09:35:58.421590,Map-Energy__sum__linear-conv00100-20241217_120047-20241217_180047-10.000000-15.000000.png,2024-12-17T12:00:47,2024-12-17T18:00:47,10.0,15.0,2024-12-17T15:00:47,12.5,11.5594114413877,78.9903276217732,NOISE,2024-12-17T15:00:47,12.5,11.5594114413877,78.9903276217732,NOISE,2024-12-17T15:00:47,12.5,11.5594114413877,78.9903276217732,NOISE,2024-12-17T15:00:47,12.5,11.5594114413877,78.9903276217732,NOISE
2026-04-17T09:36:01.797471,Map-Energy__sum__linear-conv00110-20241217_180047-20241218_000047-10.000000-15.000000.png,2024-12-17T18:00:47,2024-12-18T00:00:47,10.0,15.0,2024-12-17T21:00:47,12.5,11.5594114413877,78.9903276217732,NOISE,2024-12-17T21:00:47,12.5,11.5594114413877,78.9903276217732,NOISE,2024-12-17T21:00:47,12.5,11.5594114413877,78.9903276217732,NOISE,2024-12-17T21:00:47,12.5,11.5594114413877,78.9903276217732,NOISE
2026-04-17T09:36:02.717543,Map-Energy__sum__linear-conv00120-20241218_000047-20241218_060047-10.000000-15.000000.png,2024-12-18T00:00:47,2024-12-18T06:00:47,10.0,15.0,2024-12-18T03:00:47,12.5,11.5594114413877,78.9903276217732,NOISE,2024-12-18T03:00:47,12.5,11.5594114413877,78.9903276217732,NOISE,2024-12-18T03:00:47,12.5,11.5594114413877,78.9903276217732,NOISE,2024-12-18T03:00:47,12.5,11.5594114413877,78.9903276217732,NOISE
2026-04-17T09:36:03.701586,Map-Energy__sum__linear-conv00130-20241218_060047-20241218_120047-10.000000-15.000000.png,2024-12-18T06:00:47,2024-12-18T12:00:47,10.0,15.0,2024-12-18T09:00:47,12.5,11.5594114413877,78.9903276217732,NOISE,2024-12-18T09:00:47,12.5,11.5594114413877,78.9903276217732,NOISE,2024-12-18T09:00:47,12.5,11.5594114413877,78.9903276217732,NOISE,2024-12-18T09:00:47,12.5,11.5594114413877,78.9903276217732,NOISE
2026-04-17T09:36:05.061504,Map-Energy__sum__linear-conv00140-20241218_120047-20241218_180047-10.000000-15.000000.png,2024-12-18T12:00:47,2024-12-18T18:00:47,10.0,15.0,2024-12-18T15:00:47,12.5,11.5594114413877,78.9903276217732,NOISE,2024-12-18T15:00:47,12.5,11.5594114413877,78.9903276217732,NOISE,2024-12-18T15:00:47,12.5,11.5594114413877,78.9903276217732,NOISE,2024-12-18T15:00:47,12.5,11.5594114413877,78.9903276217732,NOISE
2026-04-17T09:36:06.429583,Map-Energy__sum__linear-conv00150-20241218_180047-20241219_000047-10.000000-15.000000.png,2024-12-18T18:00:47,2024-12-19T00:00:47,10.0,15.0,2024-12-18T21:00:47,12.5,11.5594114413877,78.9903276217732,NOISE,2024-12-18T21:00:47,12.5,11.5594114413877,78.9903276217732,NOISE,2024-12-18T21:00:47,12.5,11.5594114413877,78.9903276217732,NOISE,2024-12-18T21:00:47,12.5,11.5594114413877,78.9903276217732,NOISE
2026-04-17T09:36:07.542621,Map-Energy__sum__linear-conv00160-20241219_000047-20241219_060047-10.000000-15.000000.png,2024-12-19T00:00:47,2024-12-19T06:00:47,10.0,15.0,2024-12-19T03:00:47,12.5,11.5594114413877,78.9903276217732,NOISE,2024-12-19T03:00:47,12.5,11.5594114413877,78.9903276217732,NOISE,2024-12-19T03:00:47,12.5,11.5594114413877,78.9903276217732,NOISE,2024-12-19T03:00:47,12.5,11.5594114413877,78.9903276217732,NOISE
2026-04-17T09:36:08.517569,Map-Energy__sum__linear-conv00170-20241219_060047-20241219_120047-10.000000-15.000000.png,2024-12-19T06:00:47,2024-12-19T12:00:47,10.0,15.0,2024-12-19T09:00:47,12.5,11.5594114413877,78.9903276217732,NOISE,2024-12-19T09:00:47,12.5,11.5594114413877,78.9903276217732,NOISE,2024-12-19T09:00:47,12.5,11.5594114413877,78.9903276217732,NOISE,2024-12-19T09:00:47,12.5,11.5594114413877,78.9903276217732,NOISE
2026-04-17T09:36:09.536474,Map-Energy__sum__linear-conv00180-20241219_120047-20241219_180047-10.000000-15.000000.png,2024-12-19T12:00:47,2024-12-19T18:00:47,10.0,15.0,2024-12-19T15:00:47,12.5,11.5594114413877,78.9903276217732,NOISE,2024-12-19T15:00:47,12.5,11.5594114413877,78.9903276217732,NOISE,2024-12-19T15:00:47,12.5,11.5594114413877,78.9903276217732,NOISE,2024-12-19T15:00:47,12.5,11.5594114413877,78.9903276217732,NOISE
2026-04-17T09:36:10.549595,Map-Energy__sum__linear-conv00190-20241219_180047-20241220_000047-10.000000-15.000000.png,2024-12-19T18:00:47,2024-12-20T00:00:47,10.0,15.0,2024-12-19T21:00:47,12.5,11.5594114413877,78.9903276217732,NOISE,2024-12-19T21:00:47,12.5,11.5594114413877,78.9903276217732,NOISE,2024-12-19T21:00:47,12.5,11.5594114413877,78.9903276217732,NOISE,2024-12-19T21:00:47,12.5,11.5594114413877,78.9903276217732,NOISE
2026-04-17T09:36:11.461582,Map-Energy__sum__linear-conv00200-20241220_000047-20241220_060047-10.000000-15.000000.png,2024-12-20T00:00:47,2024-12-20T06:00:47,10.0,15.0,2024-12-20T03:00:47,12.5,11.5594114413877,78.9903276217732,NOISE,2024-12-20T03:00:47,12.5,11.5594114413877,78.9903276217732,NOISE,2024-12-20T03:00:47,12.5,11.5594114413877,78.9903276217732,NOISE,2024-12-20T03:00:47,12.5,11.5594114413877,78.9903276217732,NOISE
2026-04-17T09:36:13.005593,Map-Energy__sum__linear-conv00210-20241220_060047-20241220_120047-10.000000-15.000000.png,2024-12-20T06:00:47,2024-12-20T12:00:47,10.0,15.0,2024-12-20T09:00:47,12.5,11.5594114413877,78.9903276217732,NOISE,2024-12-20T09:00:47,12.5,11.5594114413877,78.9903276217732,NOISE,2024-12-20T09:00:47,12.5,11.5594114413877,78.9903276217732,NOISE,2024-12-20T09:00:47,12.5,11.5594114413877,78.9903276217732,NOISE
2026-04-17T09:36:17.389861,Map-Energy__sum__linear-conv00220-20241220_120047-20241220_180047-10.000000-15.000000.png,2024-12-20T12:00:47,2024-12-20T18:00:47,10.0,15.0,2024-12-20T15:00:47,12.5,11.5594114413877,78.9903276217732,NOISE,2024-12-20T15:00:47,12.5,11.5594114413877,78.9903276217732,NOISE,2024-12-20T15:00:47,12.5,11.5594114413877,78.9903276217732,NOISE,2024-12-20T15:00:47,12.5,11.5594114413877,78.9903276217732,NOISE
2026-04-17T09:36:18.533420,Map-Energy__sum__linear-conv00230-20241220_180047-20241221_000047-10.000000-15.000000.png,2024-12-20T18:00:47,2024-12-21T00:00:47,10.0,15.0,2024-12-20T21:00:47,12.5,11.5594114413877,78.9903276217732,NOISE,2024-12-20T21:00:47,12.5,11.5594114413877,78.9903276217732,NOISE,2024-12-20T21:00:47,12.5,11.5594114413877,78.9903276217732,NOISE,2024-12-20T21:00:47,12.5,11.5594114413877,78.9903276217732,NOISE
2026-04-17T09:36:19.637500,Map-Energy__sum__linear-conv00240-20241221_000047-20241221_060047-10.000000-15.000000.png,2024-12-21T00:00:47,2024-12-21T06:00:47,10.0,15.0,2024-12-21T03:00:47,12.5,11.5594114413877,78.9903276217732,NOISE,2024-12-21T03:00:47,12.5,11.5594114413877,78.9903276217732,NOISE,2024-12-21T03:00:47,12.5,11.5594114413877,78.9903276217732,NOISE,2024-12-21T03:00:47,12.5,11.5594114413877,78.9903276217732,NOISE
2026-04-17T09:36:20.981659,Map-Energy__sum__linear-conv00250-20241221_060047-20241221_120047-10.000000-15.000000.png,2024-12-21T06:00:47,2024-12-21T12:00:47,10.0,15.0,2024-12-21T09:00:47,12.5,11.5594114413877,78.9903276217732,NOISE,2024-12-21T09:00:47,12.5,11.5594114413877,78.9903276217732,NOISE,2024-12-21T09:00:47,12.5,11.5594114413877,78.9903276217732,NOISE,2024-12-21T09:00:47,12.5,11.5594114413877,78.9903276217732,NOISE
2026-04-17T09:36:22.581588,Map-Energy__sum__linear-conv00260-20241221_120047-20241221_180047-10.000000-15.000000.png,2024-12-21T12:00:47,2024-12-21T18:00:47,10.0,15.0,2024-12-21T15:00:47,12.5,11.5594114413877,78.9903276217732,NOISE,2024-12-21T15:00:47,12.5,11.5594114413877,78.9903276217732,NOISE,2024-12-21T15:00:47,12.5,11.5594114413877,78.9903276217732,NOISE,2024-12-21T15:00:47,12.5,11.5594114413877,78.9903276217732,NOISE
2026-04-17T09:36:23.589760,Map-Energy__sum__linear-conv00270-20241221_180047-20241222_000047-10.000000-15.000000.png,2024-12-21T18:00:47,2024-12-22T00:00:47,10.0,15.0,2024-12-21T21:00:47,12.5,11.5594114413877,78.9903276217732,NOISE,2024-12-21T21:00:47,12.5,11.5594114413877,78.9903276217732,NOISE,2024-12-21T21:00:47,12.5,11.5594114413877,78.9903276217732,NOISE,2024-12-21T21:00:47,12.5,11.5594114413877,78.9903276217732,NOISE
2026-04-17T09:36:24.605489,Map-Energy__sum__linear-conv00280-20241222_000047-20241222_060047-10.000000-15.000000.png,2024-12-22T00:00:47,2024-12-22T06:00:47,10.0,15.0,2024-12-22T03:00:47,12.5,11.5594114413877,78.9903276217732,NOISE,2024-12-22T03:00:47,12.5,11.5594114413877,78.9903276217732,NOISE,2024-12-22T03:00:47,12.5,11.5594114413877,78.9903276217732,NOISE,2024-12-22T03:00:47,12.5,11.5594114413877,78.9903276217732,NOISE
2026-04-17T09:36:25.565572,Map-Energy__sum__linear-conv00290-20241222_060047-20241222_120047-10.000000-15.000000.png,2024-12-22T06:00:47,2024-12-22T12:00:47,10.0,15.0,2024-12-22T09:00:47,12.5,11.5594114413877,78.9903276217732,NOISE,2024-12-22T09:00:47,12.5,11.5594114413877,78.9903276217732,NOISE,2024-12-22T09:00:47,12.5,11.5594114413877,78.9903276217732,NOISE,2024-12-22T09:00:47,12.5,11.5594114413877,78.9903276217732,NOISE
2026-04-17T09:36:26.685560,Map-Energy__sum__linear-conv00300-20241222_120047-20241222_180047-10.000000-15.000000.png,2024-12-22T12:00:47,2024-12-22T18:00:47,10.0,15.0,2024-12-22T15:00:47,12.5,11.5594114413877,78.9903276217732,NOISE,2024-12-22T15:00:47,12.5,11.5594114413877,78.9903276217732,NOISE,2024-12-22T15:00:47,12.5,11.5594114413877,78.9903276217732,NOISE,2024-12-22T15:00:47,12.5,11.5594114413877,78.9903276217732,NOISE
2026-04-17T09:36:27.702697,Map-Energy__sum__linear-conv00310-20241222_180047-20241223_000047-10.000000-15.000000.png,2024-12-22T18:00:47,2024-12-23T00:00:47,10.0,15.0,2024-12-22T21:00:47,12.5,11.5594114413877,78.9903276217732,NOISE,2024-12-22T21:00:47,12.5,11.5594114413877,78.9903276217732,NOISE,2024-12-22T21:00:47,12.5,11.5594114413877,78.9903276217732,NOISE,2024-12-22T21:00:47,12.5,11.5594114413877,78.9903276217732,NOISE
2026-04-17T09:36:28.605446,Map-Energy__sum__linear-conv00320-20241223_000047-20241223_060047-10.000000-15.000000.png,2024-12-23T00:00:47,2024-12-23T06:00:47,10.0,15.0,2024-12-23T03:00:47,12.5,11.5594114413877,78.9903276217732,NOISE,2024-12-23T03:00:47,12.5,11.5594114413877,78.9903276217732,NOISE,2024-12-23T03:00:47,12.5,11.5594114413877,78.9903276217732,NOISE,2024-12-23T03:00:47,12.5,11.5594114413877,78.9903276217732,NOISE
2026-04-17T09:36:29.405383,Map-Energy__sum__linear-conv00003-20241223_060047-20241223_120047-10.000000-15.000000.png,2024-12-23T06:00:47,2024-12-23T12:00:47,10.0,15.0,2024-12-23T09:00:47,12.5,11.5594114413877,78.9903276217732,NOISE,2024-12-23T09:00:47,12.5,11.5594114413877,78.9903276217732,NOISE,2024-12-23T09:00:47,12.5,11.5594114413877,78.9903276217732,NOISE,2024-12-23T09:00:47,12.5,11.5594114413877,78.9903276217732,NOISE
2026-04-17T09:36:30.253552,Map-Energy__sum__linear-conv00013-20241223_120047-20241223_180047-10.000000-15.000000.png,2024-12-23T12:00:47,2024-12-23T18:00:47,10.0,15.0,2024-12-23T15:00:47,12.5,11.5594114413877,78.9903276217732,NOISE,2024-12-23T15:00:47,12.5,11.5594114413877,78.9903276217732,NOISE,2024-12-23T15:00:47,12.5,11.5594114413877,78.9903276217732,NOISE,2024-12-23T15:00:47,12.5,11.5594114413877,78.9903276217732,NOISE
2026-04-17T09:36:31.407749,Map-Energy__sum__linear-conv00023-20241223_180047-20241224_000047-10.000000-15.000000.png,2024-12-23T18:00:47,2024-12-24T00:00:47,10.0,15.0,2024-12-23T21:00:47,12.5,11.5594114413877,78.9903276217732,NOISE,2024-12-23T21:00:47,12.5,11.5594114413877,78.9903276217732,NOISE,2024-12-23T21:00:47,12.5,11.5594114413877,78.9903276217732,NOISE,2024-12-23T21:00:47,12.5,11.5594114413877,78.9903276217732,NOISE
2026-04-17T09:36:32.397573,Map-Energy__sum__linear-conv00033-20241224_000047-20241224_060047-10.000000-15.000000.png,2024-12-24T00:00:47,2024-12-24T06:00:47,10.0,15.0,2024-12-24T03:00:47,12.5,11.5594114413877,78.9903276217732,NOISE,2024-12-24T03:00:47,12.5,11.5594114413877,78.9903276217732,NOISE,2024-12-24T03:00:47,12.5,11.5594114413877,78.9903276217732,NOISE,2024-12-24T03:00:47,12.5,11.5594114413877,78.9903276217732,NOISE
2026-04-17T09:36:33.389543,Map-Energy__sum__linear-conv00043-20241224_060047-20241224_120047-10.000000-15.000000.png,2024-12-24T06:00:47,2024-12-24T12:00:47,10.0,15.0,2024-12-24T09:00:47,12.5,11.5594114413877,78.9903276217732,NOISE,2024-12-24T09:00:47,12.5,11.5594114413877,78.9903276217732,NOISE,2024-12-24T09:00:47,12.5,11.5594114413877,78.9903276217732,NOISE,2024-12-24T09:00:47,12.5,11.5594114413877,78.9903276217732,NOISE
2026-04-17T09:36:34.382460,Map-Energy__sum__linear-conv00053-20241224_120047-20241224_180047-10.000000-15.000000.png,2024-12-24T12:00:47,2024-12-24T18:00:47,10.0,15.0,2024-12-24T15:00:47,12.5,11.5594114413877,78.9903276217732,NOISE,2024-12-24T15:00:47,12.5,11.5594114413877,78.9903276217732,NOISE,2024-12-24T15:00:47,12.5,11.5594114413877,78.9903276217732,NOISE,2024-12-24T15:00:47,12.5,11.5594114413877,78.9903276217732,NOISE
2026-04-17T09:36:35.549299,Map-Energy__sum__linear-conv00063-20241224_180047-20241225_000047-10.000000-15.000000.png,2024-12-24T18:00:47,2024-12-25T00:00:47,10.0,15.0,2024-12-24T21:00:47,12.5,11.5594114413877,78.9903276217732,NOISE,2024-12-24T21:00:47,12.5,11.5594114413877,78.9903276217732,NOISE,2024-12-24T21:00:47,12.5,11.5594114413877,78.9903276217732,NOISE,2024-12-24T21:00:47,12.5,11.5594114413877,78.9903276217732,NOISE
2026-04-17T09:36:36.525513,Map-Energy__sum__linear-conv00073-20241225_000047-20241225_060047-10.000000-15.000000.png,2024-12-25T00:00:47,2024-12-25T06:00:47,10.0,15.0,2024-12-25T03:00:47,12.5,11.5594114413877,78.9903276217732,NOISE,2024-12-25T03:00:47,12.5,11.5594114413877,78.9903276217732,NOISE,2024-12-25T03:00:47,12.5,11.5594114413877,78.9903276217732,NOISE,2024-12-25T03:00:47,12.5,11.5594114413877,78.9903276217732,NOISE
2026-04-17T09:36:37.493256,Map-Energy__sum__linear-conv00083-20241225_060047-20241225_120047-10.000000-15.000000.png,2024-12-25T06:00:47,2024-12-25T12:00:47,10.0,15.0,2024-12-25T09:00:47,12.5,11.5594114413877,78.9903276217732,NOISE,2024-12-25T09:00:47,12.5,11.5594114413877,78.9903276217732,NOISE,2024-12-25T09:00:47,12.5,11.5594114413877,78.9903276217732,NOISE,2024-12-25T09:00:47,12.5,11.5594114413877,78.9903276217732,NOISE
2026-04-17T09:36:38.677806,Map-Energy__sum__linear-conv00093-20241225_120047-20241225_180047-10.000000-15.000000.png,2024-12-25T12:00:47,2024-12-25T18:00:47,10.0,15.0,2024-12-25T15:00:47,12.5,11.5594114413877,78.9903276217732,NOISE,2024-12-25T15:00:47,12.5,11.5594114413877,78.9903276217732,NOISE,2024-12-25T15:00:47,12.5,11.5594114413877,78.9903276217732,NOISE,2024-12-25T15:00:47,12.5,11.5594114413877,78.9903276217732,NOISE
2026-04-17T09:36:40.973533,Map-Energy__sum__linear-conv00103-20241225_180047-20241226_000047-10.000000-15.000000.png,2024-12-25T18:00:47,2024-12-26T00:00:47,10.0,15.0,2024-12-25T21:00:47,12.5,11.5594114413877,78.9903276217732,NOISE,2024-12-25T21:00:47,12.5,11.5594114413877,78.9903276217732,NOISE,2024-12-25T21:00:47,12.5,11.5594114413877,78.9903276217732,NOISE,2024-12-25T21:00:47,12.5,11.5594114413877,78.9903276217732,NOISE
2026-04-17T09:36:42.189619,Map-Energy__sum__linear-conv00113-20241226_000047-20241226_060047-10.000000-15.000000.png,2024-12-26T00:00:47,2024-12-26T06:00:47,10.0,15.0,2024-12-26T03:00:47,12.5,11.5594114413877,78.9903276217732,NOISE,2024-12-26T03:00:47,12.5,11.5594114413877,78.9903276217732,NOISE,2024-12-26T03:00:47,12.5,11.5594114413877,78.9903276217732,NOISE,2024-12-26T03:00:47,12.5,11.5594114413877,78.9903276217732,NOISE
2026-04-17T09:36:43.245632,Map-Energy__sum__linear-conv00123-20241226_060047-20241226_120047-10.000000-15.000000.png,2024-12-26T06:00:47,2024-12-26T12:00:47,10.0,15.0,2024-12-26T09:00:47,12.5,11.5594114413877,78.9903276217732,NOISE,2024-12-26T09:00:47,12.5,11.5594114413877,78.9903276217732,NOISE,2024-12-26T09:00:47,12.5,11.5594114413877,78.9903276217732,NOISE,2024-12-26T09:00:47,12.5,11.5594114413877,78.9903276217732,NOISE
2026-04-17T09:36:44.165494,Map-Energy__sum__linear-conv00133-20241226_120047-20241226_180047-10.000000-15.000000.png,2024-12-26T12:00:47,2024-12-26T18:00:47,10.0,15.0,2024-12-26T15:00:47,12.5,11.5594114413877,78.9903276217732,NOISE,2024-12-26T15:00:47,12.5,11.5594114413877,78.9903276217732,NOISE,2024-12-26T15:00:47,12.5,11.5594114413877,78.9903276217732,NOISE,2024-12-26T15:00:47,12.5,11.5594114413877,78.9903276217732,NOISE
2026-04-17T09:36:45.125653,Map-Energy__sum__linear-conv00143-20241226_180047-20241227_000047-10.000000-15.000000.png,2024-12-26T18:00:47,2024-12-27T00:00:47,10.0,15.0,2024-12-26T21:00:47,12.5,11.5594114413877,78.9903276217732,NOISE,2024-12-26T21:00:47,12.5,11.5594114413877,78.9903276217732,NOISE,2024-12-26T21:00:47,12.5,11.5594114413877,78.9903276217732,NOISE,2024-12-26T21:00:47,12.5,11.5594114413877,78.9903276217732,NOISE
2026-04-17T09:36:45.949266,Map-Energy__sum__linear-conv00153-20241227_000047-20241227_060047-10.000000-15.000000.png,2024-12-27T00:00:47,2024-12-27T06:00:47,10.0,15.0,2024-12-27T03:00:47,12.5,11.5594114413877,78.9903276217732,NOISE,2024-12-27T03:00:47,12.5,11.5594114413877,78.9903276217732,NOISE,2024-12-27T03:00:47,12.5,11.5594114413877,78.9903276217732,NOISE,2024-12-27T03:00:47,12.5,11.5594114413877,78.9903276217732,NOISE
2026-04-17T09:36:46.742479,Map-Energy__sum__linear-conv00163-20241227_060047-20241227_120047-10.000000-15.000000.png,2024-12-27T06:00:47,2024-12-27T12:00:47,10.0,15.0,2024-12-27T09:00:47,12.5,11.5594114413877,78.9903276217732,NOISE,2024-12-27T09:00:47,12.5,11.5594114413877,78.9903276217732,NOISE,2024-12-27T09:00:47,12.5,11.5594114413877,78.9903276217732,NOISE,2024-12-27T09:00:47,12.5,11.5594114413877,78.9903276217732,NOISE
2026-04-17T09:36:47.437474,Map-Energy__sum__linear-conv00173-20241227_120047-20241227_180047-10.000000-15.000000.png,2024-12-27T12:00:47,2024-12-27T18:00:47,10.0,15.0,2024-12-27T15:00:47,12.5,11.5594114413877,78.9903276217732,NOISE,2024-12-27T15:00:47,12.5,11.5594114413877,78.9903276217732,NOISE,2024-12-27T15:00:47,12.5,11.5594114413877,78.9903276217732,NOISE,2024-12-27T15:00:47,12.5,11.5594114413877,78.9903276217732,NOISE
2026-04-17T09:36:48.293606,Map-Energy__sum__linear-conv00183-20241227_180047-20241228_000047-10.000000-15.000000.png,2024-12-27T18:00:47,2024-12-28T00:00:47,10.0,15.0,2024-12-27T21:00:47,12.5,11.5594114413877,78.9903276217732,NOISE,2024-12-27T21:00:47,12.5,11.5594114413877,78.9903276217732,NOISE,2024-12-27T21:00:47,12.5,11.5594114413877,78.9903276217732,NOISE,2024-12-27T21:00:47,12.5,11.5594114413877,78.9903276217732,NOISE
2026-04-17T09:36:49.269593,Map-Energy__sum__linear-conv00193-20241228_000047-20241228_060047-10.000000-15.000000.png,2024-12-28T00:00:47,2024-12-28T06:00:47,10.0,15.0,2024-12-28T03:00:47,12.5,11.5594114413877,78.9903276217732,NOISE,2024-12-28T03:00:47,12.5,11.5594114413877,78.9903276217732,NOISE,2024-12-28T03:00:47,12.5,11.5594114413877,78.9903276217732,NOISE,2024-12-28T03:00:47,12.5,11.5594114413877,78.9903276217732,NOISE
2026-04-17T09:36:50.149714,Map-Energy__sum__linear-conv00203-20241228_060047-20241228_120047-10.000000-15.000000.png,2024-12-28T06:00:47,2024-12-28T12:00:47,10.0,15.0,2024-12-28T09:00:47,12.5,11.5594114413877,78.9903276217732,NOISE,2024-12-28T09:00:47,12.5,11.5594114413877,78.9903276217732,NOISE,2024-12-28T09:00:47,12.5,11.5594114413877,78.9903276217732,NOISE,2024-12-28T09:00:47,12.5,11.5594114413877,78.9903276217732,NOISE
2026-04-17T09:36:50.949480,Map-Energy__sum__linear-conv00213-20241228_120047-20241228_180047-10.000000-15.000000.png,2024-12-28T12:00:47,2024-12-28T18:00:47,10.0,15.0,2024-12-28T15:00:47,12.5,11.5594114413877,78.9903276217732,NOISE,2024-12-28T15:00:47,12.5,11.5594114413877,78.9903276217732,NOISE,2024-12-28T15:00:47,12.5,11.5594114413877,78.9903276217732,NOISE,2024-12-28T15:00:47,12.5,11.5594114413877,78.9903276217732,NOISE
2026-04-17T09:36:51.845809,Map-Energy__sum__linear-conv00223-20241228_180047-20241229_000047-10.000000-15.000000.png,2024-12-28T18:00:47,2024-12-29T00:00:47,10.0,15.0,2024-12-28T21:00:47,12.5,11.5594114413877,78.9903276217732,NOISE,2024-12-28T21:00:47,12.5,11.5594114413877,78.9903276217732,NOISE,2024-12-28T21:00:47,12.5,11.5594114413877,78.9903276217732,NOISE,2024-12-28T21:00:47,12.5,11.5594114413877,78.9903276217732,NOISE
2026-04-17T09:36:52.845469,Map-Energy__sum__linear-conv00233-20241229_000047-20241229_060047-10.000000-15.000000.png,2024-12-29T00:00:47,2024-12-29T06:00:47,10.0,15.0,2024-12-29T03:00:47,12.5,11.5594114413877,78.9903276217732,NOISE,2024-12-29T03:00:47,12.5,11.5594114413877,78.9903276217732,NOISE,2024-12-29T03:00:47,12.5,11.5594114413877,78.9903276217732,NOISE,2024-12-29T03:00:47,12.5,11.5594114413877,78.9903276217732,NOISE
2026-04-17T09:36:53.669526,Map-Energy__sum__linear-conv00243-20241229_060047-20241229_120047-10.000000-15.000000.png,2024-12-29T06:00:47,2024-12-29T12:00:47,10.0,15.0,2024-12-29T09:00:47,12.5,11.5594114413877,78.9903276217732,NOISE,2024-12-29T09:00:47,12.5,11.5594114413877,78.9903276217732,NOISE,2024-12-29T09:00:47,12.5,11.5594114413877,78.9903276217732,NOISE,2024-12-29T09:00:47,12.5,11.5594114413877,78.9903276217732,NOISE
2026-04-17T09:36:54.477685,Map-Energy__sum__linear-conv00253-20241229_120047-20241229_180047-10.000000-15.000000.png,2024-12-29T12:00:47,2024-12-29T18:00:47,10.0,15.0,2024-12-29T15:00:47,12.5,11.5594114413877,78.9903276217732,NOISE,2024-12-29T15:00:47,12.5,11.5594114413877,78.9903276217732,NOISE,2024-12-29T15:00:47,12.5,11.5594114413877,78.9903276217732,NOISE,2024-12-29T15:00:47,12.5,11.5594114413877,78.9903276217732,NOISE
2026-04-17T09:36:55.541580,Map-Energy__sum__linear-conv00263-20241229_180047-20241230_000047-10.000000-15.000000.png,2024-12-29T18:00:47,2024-12-30T00:00:47,10.0,15.0,2024-12-29T21:00:47,12.5,11.5594114413877,78.9903276217732,NOISE,2024-12-29T21:00:47,12.5,11.5594114413877,78.9903276217732,NOISE,2024-12-29T21:00:47,12.5,11.5594114413877,78.9903276217732,NOISE,2024-12-29T21:00:47,12.5,11.5594114413877,78.9903276217732,NOISE
2026-04-17T09:36:56.421548,Map-Energy__sum__linear-conv00273-20241230_000047-20241230_060047-10.000000-15.000000.png,2024-12-30T00:00:47,2024-12-30T06:00:47,10.0,15.0,2024-12-30T03:00:47,12.5,11.5594114413877,78.9903276217732,NOISE,2024-12-30T03:00:47,12.5,11.5594114413877,78.9903276217732,NOISE,2024-12-30T03:00:47,12.5,11.5594114413877,78.9903276217732,NOISE,2024-12-30T03:00:47,12.5,11.5594114413877,78.9903276217732,NOISE
2026-04-17T09:36:57.237574,Map-Energy__sum__linear-conv00283-20241230_060047-20241230_120047-10.000000-15.000000.png,2024-12-30T06:00:47,2024-12-30T12:00:47,10.0,15.0,2024-12-30T09:00:47,12.5,11.5594114413877,78.9903276217732,NOISE,2024-12-30T09:00:47,12.5,11.5594114413877,78.9903276217732,NOISE,2024-12-30T09:00:47,12.5,11.5594114413877,78.9903276217732,NOISE,2024-12-30T09:00:47,12.5,11.5594114413877,78.9903276217732,NOISE
2026-04-17T09:36:58.109493,Map-Energy__sum__linear-conv00293-20241230_120047-20241230_180047-10.000000-15.000000.png,2024-12-30T12:00:47,2024-12-30T18:00:47,10.0,15.0,2024-12-30T15:00:47,12.5,11.5594114413877,78.9903276217732,NOISE,2024-12-30T15:00:47,12.5,11.5594114413877,78.9903276217732,NOISE,2024-12-30T15:00:47,12.5,11.5594114413877,78.9903276217732,NOISE,2024-12-30T15:00:47,12.5,11.5594114413877,78.9903276217732,NOISE
2026-04-17T09:36:59.125529,Map-Energy__sum__linear-conv00303-20241230_180047-20241231_000047-10.000000-15.000000.png,2024-12-30T18:00:47,2024-12-31T00:00:47,10.0,15.0,2024-12-30T21:00:47,12.5,11.5594114413877,78.9903276217732,NOISE,2024-12-30T21:00:47,12.5,11.5594114413877,78.9903276217732,NOISE,2024-12-30T21:00:47,12.5,11.5594114413877,78.9903276217732,NOISE,2024-12-30T21:00:47,12.5,11.5594114413877,78.9903276217732,NOISE
2026-04-17T09:37:00.053411,Map-Energy__sum__linear-conv00313-20241231_000047-20241231_060047-10.000000-15.000000.png,2024-12-31T00:00:47,2024-12-31T06:00:47,10.0,15.0,2024-12-31T03:00:47,12.5,11.5594114413877,78.9903276217732,NOISE,2024-12-31T03:00:47,12.5,11.5594114413877,78.9903276217732,NOISE,2024-12-31T03:00:47,12.5,11.5594114413877,78.9903276217732,NOISE,2024-12-31T03:00:47,12.5,11.5594114413877,78.9903276217732,NOISE
2026-04-17T09:37:00.789357,Map-Energy__sum__linear-conv00323-20241231_060047-20241231_120047-10.000000-15.000000.png,2024-12-31T06:00:47,2024-12-31T12:00:47,10.0,15.0,2024-12-31T09:00:47,12.5,11.5594114413877,78.9903276217732,NOISE,2024-12-31T09:00:47,12.5,11.5594114413877,78.9903276217732,NOISE,2024-12-31T09:00:47,12.5,11.5594114413877,78.9903276217732,NOISE,2024-12-31T09:00:47,12.5,11.5594114413877,78.9903276217732,NOISE
2026-04-17T09:37:08.413562,Map-Energy__sum__linear-conv00333-20241231_120047-20241231_180047-10.000000-15.000000.png,2024-12-31T12:00:47,2024-12-31T18:00:47,10.0,15.0,2024-12-31T14:29:57,11.519471,11.6035909786363,78.9880314868929,VESSEL,2024-12-31T15:00:47,12.5,11.5594114413877,78.9903276217732,NOISE,2024-12-31T15:00:47,12.5,11.5594114413877,78.9903276217732,NOISE,2024-12-31T15:00:47,12.5,11.5594114413877,78.9903276217732,NOISE
2026-04-17T09:37:10.181428,Map-Energy__sum__linear-conv00343-20241231_180047-20250101_000047-10.000000-15.000000.png,2024-12-31T18:00:47,2025-01-01T00:00:47,10.0,15.0,2024-12-31T21:00:47,12.5,11.5594114413877,78.9903276217732,NOISE,2024-12-31T21:00:47,12.5,11.5594114413877,78.9903276217732,NOISE,2024-12-31T21:00:47,12.5,11.5594114413877,78.9903276217732,NOISE,2024-12-31T21:00:47,12.5,11.5594114413877,78.9903276217732,NOISE
2026-04-17T09:37:13.141128,Map-Energy__sum__linear-conv00004-20241201_000047-20241201_060047-15.000000-20.000000.png,2024-12-01T00:00:47,2024-12-01T06:00:47,15.0,20.0,2024-12-01T03:00:47,17.5,11.3555231115476,79.0115662370871,NOISE,2024-12-01T03:00:47,17.5,11.3555231115476,79.0115662370871,NOISE,2024-12-01T03:00:47,17.5,11.3555231115476,79.0115662370871,NOISE,2024-12-01T03:00:47,17.5,11.3555231115476,79.0115662370871,NOISE
2026-04-17T09:37:14.621462,Map-Energy__sum__linear-conv00014-20241201_060047-20241201_120047-15.000000-20.000000.png,2024-12-01T06:00:47,2024-12-01T12:00:47,15.0,20.0,2024-12-01T09:00:47,17.5,11.3555231115476,79.0115662370871,NOISE,2024-12-01T09:00:47,17.5,11.3555231115476,79.0115662370871,NOISE,2024-12-01T09:00:47,17.5,11.3555231115476,79.0115662370871,NOISE,2024-12-01T09:00:47,17.5,11.3555231115476,79.0115662370871,NOISE
2026-04-17T09:37:15.941458,Map-Energy__sum__linear-conv00024-20241201_120047-20241201_180047-15.000000-20.000000.png,2024-12-01T12:00:47,2024-12-01T18:00:47,15.0,20.0,2024-12-01T15:00:47,17.5,11.3555231115476,79.0115662370871,NOISE,2024-12-01T15:00:47,17.5,11.3555231115476,79.0115662370871,NOISE,2024-12-01T15:00:47,17.5,11.3555231115476,79.0115662370871,NOISE,2024-12-01T15:00:47,17.5,11.3555231115476,79.0115662370871,NOISE
2026-04-17T09:37:19.181456,Map-Energy__sum__linear-conv00034-20241201_180047-20241202_000047-15.000000-20.000000.png,2024-12-01T18:00:47,2024-12-02T00:00:47,15.0,20.0,2024-12-01T21:00:47,17.5,11.3555231115476,79.0115662370871,NOISE,2024-12-01T21:00:47,17.5,11.3555231115476,79.0115662370871,NOISE,2024-12-01T21:00:47,17.5,11.3555231115476,79.0115662370871,NOISE,2024-12-01T21:00:47,17.5,11.3555231115476,79.0115662370871,NOISE
2026-04-17T09:37:28.310558,Map-Energy__sum__linear-conv00044-20241202_000047-20241202_060047-15.000000-20.000000.png,2024-12-02T00:00:47,2024-12-02T06:00:47,15.0,20.0,2024-12-02T01:58:10,16.535034,11.3953550459165,79.0075859406217,VESSEL,2024-12-02T03:00:47,17.5,11.3555231115476,79.0115662370871,NOISE,2024-12-02T03:00:47,17.5,11.3555231115476,79.0115662370871,NOISE,2024-12-02T03:00:47,17.5,11.3555231115476,79.0115662370871,NOISE
2026-04-17T09:37:30.069618,Map-Energy__sum__linear-conv00054-20241202_060047-20241202_120047-15.000000-20.000000.png,2024-12-02T06:00:47,2024-12-02T12:00:47,15.0,20.0,2024-12-02T09:00:47,17.5,11.3555231115476,79.0115662370871,NOISE,2024-12-02T09:00:47,17.5,11.3555231115476,79.0115662370871,NOISE,2024-12-02T09:00:47,17.5,11.3555231115476,79.0115662370871,NOISE,2024-12-02T09:00:47,17.5,11.3555231115476,79.0115662370871,NOISE
2026-04-17T09:37:31.437463,Map-Energy__sum__linear-conv00064-20241202_120047-20241202_180047-15.000000-20.000000.png,2024-12-02T12:00:47,2024-12-02T18:00:47,15.0,20.0,2024-12-02T15:00:47,17.5,11.3555231115476,79.0115662370871,NOISE,2024-12-02T15:00:47,17.5,11.3555231115476,79.0115662370871,NOISE,2024-12-02T15:00:47,17.5,11.3555231115476,79.0115662370871,NOISE,2024-12-02T15:00:47,17.5,11.3555231115476,79.0115662370871,NOISE
2026-04-17T09:37:38.557350,Map-Energy__sum__linear-conv00074-20241202_180047-20241203_000047-15.000000-20.000000.png,2024-12-02T18:00:47,2024-12-03T00:00:47,15.0,20.0,2024-12-02T20:28:22,19.78012,11.2507830232995,79.0155981555586,VESSEL,2024-12-02T21:00:47,17.5,11.3555231115476,79.0115662370871,NOISE,2024-12-02T21:00:47,17.5,11.3555231115476,79.0115662370871,NOISE,2024-12-02T21:00:47,17.5,11.3555231115476,79.0115662370871,NOISE
2026-04-17T09:37:41.061485,Map-Energy__sum__linear-conv00084-20241203_000047-20241203_060047-15.000000-20.000000.png,2024-12-03T00:00:47,2024-12-03T06:00:47,15.0,20.0,2024-12-03T03:00:47,17.5,11.3555231115476,79.0115662370871,NOISE,2024-12-03T03:00:47,17.5,11.3555231115476,79.0115662370871,NOISE,2024-12-03T03:00:47,17.5,11.3555231115476,79.0115662370871,NOISE,2024-12-03T03:00:47,17.5,11.3555231115476,79.0115662370871,NOISE
2026-04-17T09:37:42.645540,Map-Energy__sum__linear-conv00094-20241203_060047-20241203_120047-15.000000-20.000000.png,2024-12-03T06:00:47,2024-12-03T12:00:47,15.0,20.0,2024-12-03T09:00:47,17.5,11.3555231115476,79.0115662370871,NOISE,2024-12-03T09:00:47,17.5,11.3555231115476,79.0115662370871,NOISE,2024-12-03T09:00:47,17.5,11.3555231115476,79.0115662370871,NOISE,2024-12-03T09:00:47,17.5,11.3555231115476,79.0115662370871,NOISE
2026-04-17T09:37:46.741326,Map-Energy__sum__linear-conv00104-20241203_120047-20241203_180047-15.000000-20.000000.png,2024-12-03T12:00:47,2024-12-03T18:00:47,15.0,20.0,2024-12-03T15:00:47,17.5,11.3555231115476,79.0115662370871,NOISE,2024-12-03T15:00:47,17.5,11.3555231115476,79.0115662370871,NOISE,2024-12-03T15:00:47,17.5,11.3555231115476,79.0115662370871,NOISE,2024-12-03T15:00:47,17.5,11.3555231115476,79.0115662370871,NOISE
2026-04-17T09:37:47.965423,Map-Energy__sum__linear-conv00114-20241203_180047-20241204_000047-15.000000-20.000000.png,2024-12-03T18:00:47,2024-12-04T00:00:47,15.0,20.0,2024-12-03T21:00:47,17.5,11.3555231115476,79.0115662370871,NOISE,2024-12-03T21:00:47,17.5,11.3555231115476,79.0115662370871,NOISE,2024-12-03T21:00:47,17.5,11.3555231115476,79.0115662370871,NOISE,2024-12-03T21:00:47,17.5,11.3555231115476,79.0115662370871,NOISE
2026-04-17T09:37:48.813524,Map-Energy__sum__linear-conv00004-20241204_000047-20241204_060047-15.000000-20.000000.png,2024-12-04T00:00:47,2024-12-04T06:00:47,15.0,20.0,2024-12-04T03:00:47,17.5,11.3555231115476,79.0115662370871,NOISE,2024-12-04T03:00:47,17.5,11.3555231115476,79.0115662370871,NOISE,2024-12-04T03:00:47,17.5,11.3555231115476,79.0115662370871,NOISE,2024-12-04T03:00:47,17.5,11.3555231115476,79.0115662370871,NOISE
2026-04-17T09:37:49.557237,Map-Energy__sum__linear-conv00014-20241204_060047-20241204_120047-15.000000-20.000000.png,2024-12-04T06:00:47,2024-12-04T12:00:47,15.0,20.0,2024-12-04T09:00:47,17.5,11.3555231115476,79.0115662370871,NOISE,2024-12-04T09:00:47,17.5,11.3555231115476,79.0115662370871,NOISE,2024-12-04T09:00:47,17.5,11.3555231115476,79.0115662370871,NOISE,2024-12-04T09:00:47,17.5,11.3555231115476,79.0115662370871,NOISE
2026-04-17T09:37:50.245487,Map-Energy__sum__linear-conv00024-20241204_120047-20241204_180047-15.000000-20.000000.png,2024-12-04T12:00:47,2024-12-04T18:00:47,15.0,20.0,2024-12-04T15:00:47,17.5,11.3555231115476,79.0115662370871,NOISE,2024-12-04T15:00:47,17.5,11.3555231115476,79.0115662370871,NOISE,2024-12-04T15:00:47,17.5,11.3555231115476,79.0115662370871,NOISE,2024-12-04T15:00:47,17.5,11.3555231115476,79.0115662370871,NOISE
2026-04-17T09:37:50.885413,Map-Energy__sum__linear-conv00034-20241204_180047-20241205_000047-15.000000-20.000000.png,2024-12-04T18:00:47,2024-12-05T00:00:47,15.0,20.0,2024-12-04T21:00:47,17.5,11.3555231115476,79.0115662370871,NOISE,2024-12-04T21:00:47,17.5,11.3555231115476,79.0115662370871,NOISE,2024-12-04T21:00:47,17.5,11.3555231115476,79.0115662370871,NOISE,2024-12-04T21:00:47,17.5,11.3555231115476,79.0115662370871,NOISE
2026-04-17T09:37:51.485038,Map-Energy__sum__linear-conv00044-20241205_000047-20241205_060047-15.000000-20.000000.png,2024-12-05T00:00:47,2024-12-05T06:00:47,15.0,20.0,2024-12-05T03:00:47,17.5,11.3555231115476,79.0115662370871,NOISE,2024-12-05T03:00:47,17.5,11.3555231115476,79.0115662370871,NOISE,2024-12-05T03:00:47,17.5,11.3555231115476,79.0115662370871,NOISE,2024-12-05T03:00:47,17.5,11.3555231115476,79.0115662370871,NOISE
2026-04-17T09:37:52.133510,Map-Energy__sum__linear-conv00054-20241205_060047-20241205_120047-15.000000-20.000000.png,2024-12-05T06:00:47,2024-12-05T12:00:47,15.0,20.0,2024-12-05T09:00:47,17.5,11.3555231115476,79.0115662370871,NOISE,2024-12-05T09:00:47,17.5,11.3555231115476,79.0115662370871,NOISE,2024-12-05T09:00:47,17.5,11.3555231115476,79.0115662370871,NOISE,2024-12-05T09:00:47,17.5,11.3555231115476,79.0115662370871,NOISE
2026-04-17T09:37:52.877459,Map-Energy__sum__linear-conv00064-20241205_120047-20241205_180047-15.000000-20.000000.png,2024-12-05T12:00:47,2024-12-05T18:00:47,15.0,20.0,2024-12-05T15:00:47,17.5,11.3555231115476,79.0115662370871,NOISE,2024-12-05T15:00:47,17.5,11.3555231115476,79.0115662370871,NOISE,2024-12-05T15:00:47,17.5,11.3555231115476,79.0115662370871,NOISE,2024-12-05T15:00:47,17.5,11.3555231115476,79.0115662370871,NOISE
2026-04-17T09:37:53.557372,Map-Energy__sum__linear-conv00074-20241205_180047-20241206_000047-15.000000-20.000000.png,2024-12-05T18:00:47,2024-12-06T00:00:47,15.0,20.0,2024-12-05T21:00:47,17.5,11.3555231115476,79.0115662370871,NOISE,2024-12-05T21:00:47,17.5,11.3555231115476,79.0115662370871,NOISE,2024-12-05T21:00:47,17.5,11.3555231115476,79.0115662370871,NOISE,2024-12-05T21:00:47,17.5,11.3555231115476,79.0115662370871,NOISE
2026-04-17T09:37:54.213542,Map-Energy__sum__linear-conv00084-20241206_000047-20241206_060047-15.000000-20.000000.png,2024-12-06T00:00:47,2024-12-06T06:00:47,15.0,20.0,2024-12-06T03:00:47,17.5,11.3555231115476,79.0115662370871,NOISE,2024-12-06T03:00:47,17.5,11.3555231115476,79.0115662370871,NOISE,2024-12-06T03:00:47,17.5,11.3555231115476,79.0115662370871,NOISE,2024-12-06T03:00:47,17.5,11.3555231115476,79.0115662370871,NOISE
2026-04-17T09:37:55.005473,Map-Energy__sum__linear-conv00094-20241206_060047-20241206_120047-15.000000-20.000000.png,2024-12-06T06:00:47,2024-12-06T12:00:47,15.0,20.0,2024-12-06T09:00:47,17.5,11.3555231115476,79.0115662370871,NOISE,2024-12-06T09:00:47,17.5,11.3555231115476,79.0115662370871,NOISE,2024-12-06T09:00:47,17.5,11.3555231115476,79.0115662370871,NOISE,2024-12-06T09:00:47,17.5,11.3555231115476,79.0115662370871,NOISE
2026-04-17T09:37:55.789486,Map-Energy__sum__linear-conv00104-20241206_120047-20241206_180047-15.000000-20.000000.png,2024-12-06T12:00:47,2024-12-06T18:00:47,15.0,20.0,2024-12-06T15:00:47,17.5,11.3555231115476,79.0115662370871,NOISE,2024-12-06T15:00:47,17.5,11.3555231115476,79.0115662370871,NOISE,2024-12-06T15:00:47,17.5,11.3555231115476,79.0115662370871,NOISE,2024-12-06T15:00:47,17.5,11.3555231115476,79.0115662370871,NOISE
2026-04-17T09:37:56.405492,Map-Energy__sum__linear-conv00114-20241206_180047-20241207_000047-15.000000-20.000000.png,2024-12-06T18:00:47,2024-12-07T00:00:47,15.0,20.0,2024-12-06T21:00:47,17.5,11.3555231115476,79.0115662370871,NOISE,2024-12-06T21:00:47,17.5,11.3555231115476,79.0115662370871,NOISE,2024-12-06T21:00:47,17.5,11.3555231115476,79.0115662370871,NOISE,2024-12-06T21:00:47,17.5,11.3555231115476,79.0115662370871,NOISE
2026-04-17T09:37:57.133210,Map-Energy__sum__linear-conv00124-20241207_000047-20241207_060047-15.000000-20.000000.png,2024-12-07T00:00:47,2024-12-07T06:00:47,15.0,20.0,2024-12-07T03:00:47,17.5,11.3555231115476,79.0115662370871,NOISE,2024-12-07T03:00:47,17.5,11.3555231115476,79.0115662370871,NOISE,2024-12-07T03:00:47,17.5,11.3555231115476,79.0115662370871,NOISE,2024-12-07T03:00:47,17.5,11.3555231115476,79.0115662370871,NOISE
2026-04-17T09:37:57.773903,Map-Energy__sum__linear-conv00134-20241207_060047-20241207_120047-15.000000-20.000000.png,2024-12-07T06:00:47,2024-12-07T12:00:47,15.0,20.0,2024-12-07T09:00:47,17.5,11.3555231115476,79.0115662370871,NOISE,2024-12-07T09:00:47,17.5,11.3555231115476,79.0115662370871,NOISE,2024-12-07T09:00:47,17.5,11.3555231115476,79.0115662370871,NOISE,2024-12-07T09:00:47,17.5,11.3555231115476,79.0115662370871,NOISE
2026-04-17T09:37:58.421461,Map-Energy__sum__linear-conv00144-20241207_120047-20241207_180047-15.000000-20.000000.png,2024-12-07T12:00:47,2024-12-07T18:00:47,15.0,20.0,2024-12-07T15:00:47,17.5,11.3555231115476,79.0115662370871,NOISE,2024-12-07T15:00:47,17.5,11.3555231115476,79.0115662370871,NOISE,2024-12-07T15:00:47,17.5,11.3555231115476,79.0115662370871,NOISE,2024-12-07T15:00:47,17.5,11.3555231115476,79.0115662370871,NOISE
2026-04-17T09:37:59.029376,Map-Energy__sum__linear-conv00154-20241207_180047-20241208_000047-15.000000-20.000000.png,2024-12-07T18:00:47,2024-12-08T00:00:47,15.0,20.0,2024-12-07T21:00:47,17.5,11.3555231115476,79.0115662370871,NOISE,2024-12-07T21:00:47,17.5,11.3555231115476,79.0115662370871,NOISE,2024-12-07T21:00:47,17.5,11.3555231115476,79.0115662370871,NOISE,2024-12-07T21:00:47,17.5,11.3555231115476,79.0115662370871,NOISE
2026-04-17T09:37:59.725552,Map-Energy__sum__linear-conv00164-20241208_000047-20241208_060047-15.000000-20.000000.png,2024-12-08T00:00:47,2024-12-08T06:00:47,15.0,20.0,2024-12-08T03:00:47,17.5,11.3555231115476,79.0115662370871,NOISE,2024-12-08T03:00:47,17.5,11.3555231115476,79.0115662370871,NOISE,2024-12-08T03:00:47,17.5,11.3555231115476,79.0115662370871,NOISE,2024-12-08T03:00:47,17.5,11.3555231115476,79.0115662370871,NOISE
2026-04-17T09:38:00.397460,Map-Energy__sum__linear-conv00174-20241208_060047-20241208_120047-15.000000-20.000000.png,2024-12-08T06:00:47,2024-12-08T12:00:47,15.0,20.0,2024-12-08T09:00:47,17.5,11.3555231115476,79.0115662370871,NOISE,2024-12-08T09:00:47,17.5,11.3555231115476,79.0115662370871,NOISE,2024-12-08T09:00:47,17.5,11.3555231115476,79.0115662370871,NOISE,2024-12-08T09:00:47,17.5,11.3555231115476,79.0115662370871,NOISE
2026-04-17T09:38:01.045441,Map-Energy__sum__linear-conv00184-20241208_120047-20241208_180047-15.000000-20.000000.png,2024-12-08T12:00:47,2024-12-08T18:00:47,15.0,20.0,2024-12-08T15:00:47,17.5,11.3555231115476,79.0115662370871,NOISE,2024-12-08T15:00:47,17.5,11.3555231115476,79.0115662370871,NOISE,2024-12-08T15:00:47,17.5,11.3555231115476,79.0115662370871,NOISE,2024-12-08T15:00:47,17.5,11.3555231115476,79.0115662370871,NOISE
2026-04-17T09:38:01.717567,Map-Energy__sum__linear-conv00194-20241208_180047-20241209_000047-15.000000-20.000000.png,2024-12-08T18:00:47,2024-12-09T00:00:47,15.0,20.0,2024-12-08T21:00:47,17.5,11.3555231115476,79.0115662370871,NOISE,2024-12-08T21:00:47,17.5,11.3555231115476,79.0115662370871,NOISE,2024-12-08T21:00:47,17.5,11.3555231115476,79.0115662370871,NOISE,2024-12-08T21:00:47,17.5,11.3555231115476,79.0115662370871,NOISE
2026-04-17T09:38:02.317296,Map-Energy__sum__linear-conv00204-20241209_000047-20241209_060047-15.000000-20.000000.png,2024-12-09T00:00:47,2024-12-09T06:00:47,15.0,20.0,2024-12-09T03:00:47,17.5,11.3555231115476,79.0115662370871,NOISE,2024-12-09T03:00:47,17.5,11.3555231115476,79.0115662370871,NOISE,2024-12-09T03:00:47,17.5,11.3555231115476,79.0115662370871,NOISE,2024-12-09T03:00:47,17.5,11.3555231115476,79.0115662370871,NOISE
2026-04-17T09:38:03.013473,Map-Energy__sum__linear-conv00214-20241209_060047-20241209_120047-15.000000-20.000000.png,2024-12-09T06:00:47,2024-12-09T12:00:47,15.0,20.0,2024-12-09T09:00:47,17.5,11.3555231115476,79.0115662370871,NOISE,2024-12-09T09:00:47,17.5,11.3555231115476,79.0115662370871,NOISE,2024-12-09T09:00:47,17.5,11.3555231115476,79.0115662370871,NOISE,2024-12-09T09:00:47,17.5,11.3555231115476,79.0115662370871,NOISE
2026-04-17T09:38:03.685313,Map-Energy__sum__linear-conv00224-20241209_120047-20241209_180047-15.000000-20.000000.png,2024-12-09T12:00:47,2024-12-09T18:00:47,15.0,20.0,2024-12-09T15:00:47,17.5,11.3555231115476,79.0115662370871,NOISE,2024-12-09T15:00:47,17.5,11.3555231115476,79.0115662370871,NOISE,2024-12-09T15:00:47,17.5,11.3555231115476,79.0115662370871,NOISE,2024-12-09T15:00:47,17.5,11.3555231115476,79.0115662370871,NOISE
2026-04-17T09:38:04.333734,Map-Energy__sum__linear-conv00234-20241209_180047-20241210_000047-15.000000-20.000000.png,2024-12-09T18:00:47,2024-12-10T00:00:47,15.0,20.0,2024-12-09T21:00:47,17.5,11.3555231115476,79.0115662370871,NOISE,2024-12-09T21:00:47,17.5,11.3555231115476,79.0115662370871,NOISE,2024-12-09T21:00:47,17.5,11.3555231115476,79.0115662370871,NOISE,2024-12-09T21:00:47,17.5,11.3555231115476,79.0115662370871,NOISE
2026-04-17T09:38:04.949539,Map-Energy__sum__linear-conv00244-20241210_000047-20241210_060047-15.000000-20.000000.png,2024-12-10T00:00:47,2024-12-10T06:00:47,15.0,20.0,2024-12-10T03:00:47,17.5,11.3555231115476,79.0115662370871,NOISE,2024-12-10T03:00:47,17.5,11.3555231115476,79.0115662370871,NOISE,2024-12-10T03:00:47,17.5,11.3555231115476,79.0115662370871,NOISE,2024-12-10T03:00:47,17.5,11.3555231115476,79.0115662370871,NOISE
2026-04-17T09:38:05.573615,Map-Energy__sum__linear-conv00254-20241210_060047-20241210_120047-15.000000-20.000000.png,2024-12-10T06:00:47,2024-12-10T12:00:47,15.0,20.0,2024-12-10T09:00:47,17.5,11.3555231115476,79.0115662370871,NOISE,2024-12-10T09:00:47,17.5,11.3555231115476,79.0115662370871,NOISE,2024-12-10T09:00:47,17.5,11.3555231115476,79.0115662370871,NOISE,2024-12-10T09:00:47,17.5,11.3555231115476,79.0115662370871,NOISE
2026-04-17T09:38:06.157384,Map-Energy__sum__linear-conv00264-20241210_120047-20241210_180047-15.000000-20.000000.png,2024-12-10T12:00:47,2024-12-10T18:00:47,15.0,20.0,2024-12-10T15:00:47,17.5,11.3555231115476,79.0115662370871,NOISE,2024-12-10T15:00:47,17.5,11.3555231115476,79.0115662370871,NOISE,2024-12-10T15:00:47,17.5,11.3555231115476,79.0115662370871,NOISE,2024-12-10T15:00:47,17.5,11.3555231115476,79.0115662370871,NOISE
2026-04-17T09:38:06.725421,Map-Energy__sum__linear-conv00274-20241210_180047-20241211_000047-15.000000-20.000000.png,2024-12-10T18:00:47,2024-12-11T00:00:47,15.0,20.0,2024-12-10T21:00:47,17.5,11.3555231115476,79.0115662370871,NOISE,2024-12-10T21:00:47,17.5,11.3555231115476,79.0115662370871,NOISE,2024-12-10T21:00:47,17.5,11.3555231115476,79.0115662370871,NOISE,2024-12-10T21:00:47,17.5,11.3555231115476,79.0115662370871,NOISE
2026-04-17T09:38:07.341495,Map-Energy__sum__linear-conv00284-20241211_000047-20241211_060047-15.000000-20.000000.png,2024-12-11T00:00:47,2024-12-11T06:00:47,15.0,20.0,2024-12-11T03:00:47,17.5,11.3555231115476,79.0115662370871,NOISE,2024-12-11T03:00:47,17.5,11.3555231115476,79.0115662370871,NOISE,2024-12-11T03:00:47,17.5,11.3555231115476,79.0115662370871,NOISE,2024-12-11T03:00:47,17.5,11.3555231115476,79.0115662370871,NOISE
2026-04-17T09:38:07.917428,Map-Energy__sum__linear-conv00294-20241211_060047-20241211_120047-15.000000-20.000000.png,2024-12-11T06:00:47,2024-12-11T12:00:47,15.0,20.0,2024-12-11T09:00:47,17.5,11.3555231115476,79.0115662370871,NOISE,2024-12-11T09:00:47,17.5,11.3555231115476,79.0115662370871,NOISE,2024-12-11T09:00:47,17.5,11.3555231115476,79.0115662370871,NOISE,2024-12-11T09:00:47,17.5,11.3555231115476,79.0115662370871,NOISE
2026-04-17T09:38:08.525410,Map-Energy__sum__linear-conv00304-20241211_120047-20241211_180047-15.000000-20.000000.png,2024-12-11T12:00:47,2024-12-11T18:00:47,15.0,20.0,2024-12-11T15:00:47,17.5,11.3555231115476,79.0115662370871,NOISE,2024-12-11T15:00:47,17.5,11.3555231115476,79.0115662370871,NOISE,2024-12-11T15:00:47,17.5,11.3555231115476,79.0115662370871,NOISE,2024-12-11T15:00:47,17.5,11.3555231115476,79.0115662370871,NOISE
2026-04-17T09:38:09.125485,Map-Energy__sum__linear-conv00314-20241211_180047-20241212_000047-15.000000-20.000000.png,2024-12-11T18:00:47,2024-12-12T00:00:47,15.0,20.0,2024-12-11T21:00:47,17.5,11.3555231115476,79.0115662370871,NOISE,2024-12-11T21:00:47,17.5,11.3555231115476,79.0115662370871,NOISE,2024-12-11T21:00:47,17.5,11.3555231115476,79.0115662370871,NOISE,2024-12-11T21:00:47,17.5,11.3555231115476,79.0115662370871,NOISE
2026-04-17T09:38:09.717595,Map-Energy__sum__linear-conv00324-20241212_000047-20241212_060047-15.000000-20.000000.png,2024-12-12T00:00:47,2024-12-12T06:00:47,15.0,20.0,2024-12-12T03:00:47,17.5,11.3555231115476,79.0115662370871,NOISE,2024-12-12T03:00:47,17.5,11.3555231115476,79.0115662370871,NOISE,2024-12-12T03:00:47,17.5,11.3555231115476,79.0115662370871,NOISE,2024-12-12T03:00:47,17.5,11.3555231115476,79.0115662370871,NOISE
2026-04-17T09:38:10.285647,Map-Energy__sum__linear-conv00334-20241212_060047-20241212_120047-15.000000-20.000000.png,2024-12-12T06:00:47,2024-12-12T12:00:47,15.0,20.0,2024-12-12T09:00:47,17.5,11.3555231115476,79.0115662370871,NOISE,2024-12-12T09:00:47,17.5,11.3555231115476,79.0115662370871,NOISE,2024-12-12T09:00:47,17.5,11.3555231115476,79.0115662370871,NOISE,2024-12-12T09:00:47,17.5,11.3555231115476,79.0115662370871,NOISE
2026-04-17T09:38:10.853393,Map-Energy__sum__linear-conv00344-20241212_120047-20241212_180047-15.000000-20.000000.png,2024-12-12T12:00:47,2024-12-12T18:00:47,15.0,20.0,2024-12-12T15:00:47,17.5,11.3555231115476,79.0115662370871,NOISE,2024-12-12T15:00:47,17.5,11.3555231115476,79.0115662370871,NOISE,2024-12-12T15:00:47,17.5,11.3555231115476,79.0115662370871,NOISE,2024-12-12T15:00:47,17.5,11.3555231115476,79.0115662370871,NOISE
2026-04-17T09:38:11.429462,Map-Energy__sum__linear-conv00354-20241212_180047-20241213_000047-15.000000-20.000000.png,2024-12-12T18:00:47,2024-12-13T00:00:47,15.0,20.0,2024-12-12T21:00:47,17.5,11.3555231115476,79.0115662370871,NOISE,2024-12-12T21:00:47,17.5,11.3555231115476,79.0115662370871,NOISE,2024-12-12T21:00:47,17.5,11.3555231115476,79.0115662370871,NOISE,2024-12-12T21:00:47,17.5,11.3555231115476,79.0115662370871,NOISE
2026-04-17T09:38:11.997401,Map-Energy__sum__linear-conv00364-20241213_000047-20241213_060047-15.000000-20.000000.png,2024-12-13T00:00:47,2024-12-13T06:00:47,15.0,20.0,2024-12-13T03:00:47,17.5,11.3555231115476,79.0115662370871,NOISE,2024-12-13T03:00:47,17.5,11.3555231115476,79.0115662370871,NOISE,2024-12-13T03:00:47,17.5,11.3555231115476,79.0115662370871,NOISE,2024-12-13T03:00:47,17.5,11.3555231115476,79.0115662370871,NOISE
2026-04-17T09:38:12.533695,Map-Energy__sum__linear-conv00374-20241213_060047-20241213_120047-15.000000-20.000000.png,2024-12-13T06:00:47,2024-12-13T12:00:47,15.0,20.0,2024-12-13T09:00:47,17.5,11.3555231115476,79.0115662370871,NOISE,2024-12-13T09:00:47,17.5,11.3555231115476,79.0115662370871,NOISE,2024-12-13T09:00:47,17.5,11.3555231115476,79.0115662370871,NOISE,2024-12-13T09:00:47,17.5,11.3555231115476,79.0115662370871,NOISE
2026-04-17T09:38:17.254726,Map-Energy__sum__linear-conv00384-20241213_120047-20241213_180047-15.000000-20.000000.png,2024-12-13T12:00:47,2024-12-13T18:00:47,15.0,20.0,2024-12-13T15:00:47,17.5,11.3555231115476,79.0115662370871,NOISE,2024-12-13T15:00:47,17.5,11.3555231115476,79.0115662370871,NOISE,2024-12-13T15:00:47,17.5,11.3555231115476,79.0115662370871,NOISE,2024-12-13T15:00:47,17.5,11.3555231115476,79.0115662370871,NOISE
2026-04-17T09:38:21.653859,Map-Energy__sum__linear-conv00394-20241213_180047-20241214_000047-15.000000-20.000000.png,2024-12-13T18:00:47,2024-12-14T00:00:47,15.0,20.0,2024-12-13T21:00:47,17.5,11.3555231115476,79.0115662370871,NOISE,2024-12-13T21:00:47,17.5,11.3555231115476,79.0115662370871,NOISE,2024-12-13T21:00:47,17.5,11.3555231115476,79.0115662370871,NOISE,2024-12-13T21:00:47,17.5,11.3555231115476,79.0115662370871,NOISE
2026-04-17T09:38:24.501555,Map-Energy__sum__linear-conv00404-20241214_000047-20241214_060047-15.000000-20.000000.png,2024-12-14T00:00:47,2024-12-14T06:00:47,15.0,20.0,2024-12-14T03:00:47,17.5,11.3555231115476,79.0115662370871,NOISE,2024-12-14T03:00:47,17.5,11.3555231115476,79.0115662370871,NOISE,2024-12-14T03:00:47,17.5,11.3555231115476,79.0115662370871,NOISE,2024-12-14T03:00:47,17.5,11.3555231115476,79.0115662370871,NOISE
2026-04-17T09:38:27.077430,Map-Energy__sum__linear-conv00414-20241214_060047-20241214_120047-15.000000-20.000000.png,2024-12-14T06:00:47,2024-12-14T12:00:47,15.0,20.0,2024-12-14T09:00:47,17.5,11.3555231115476,79.0115662370871,NOISE,2024-12-14T09:00:47,17.5,11.3555231115476,79.0115662370871,NOISE,2024-12-14T09:00:47,17.5,11.3555231115476,79.0115662370871,NOISE,2024-12-14T09:00:47,17.5,11.3555231115476,79.0115662370871,NOISE
2026-04-17T09:38:29.765095,Map-Energy__sum__linear-conv00424-20241214_120047-20241214_180047-15.000000-20.000000.png,2024-12-14T12:00:47,2024-12-14T18:00:47,15.0,20.0,2024-12-14T15:00:47,17.5,11.3555231115476,79.0115662370871,NOISE,2024-12-14T15:00:47,17.5,11.3555231115476,79.0115662370871,NOISE,2024-12-14T15:00:47,17.5,11.3555231115476,79.0115662370871,NOISE,2024-12-14T15:00:47,17.5,11.3555231115476,79.0115662370871,NOISE
2026-04-17T09:39:16.029484,Map-Energy__sum__linear-conv00434-20241214_180047-20241215_000047-15.000000-20.000000.png,2024-12-14T18:00:47,2024-12-15T00:00:47,15.0,20.0,2024-12-14T21:00:47,17.5,11.3555231115476,79.0115662370871,NOISE,2024-12-14T21:00:47,17.5,11.3555231115476,79.0115662370871,NOISE,2024-12-14T21:00:47,17.5,11.3555231115476,79.0115662370871,NOISE,2024-12-14T21:00:47,17.5,11.3555231115476,79.0115662370871,NOISE
2026-04-17T09:39:19.285301,Map-Energy__sum__linear-conv00001-20241215_000047-20241215_060047-15.000000-20.000000.png,2024-12-15T00:00:47,2024-12-15T06:00:47,15.0,20.0,2024-12-15T03:00:47,17.5,11.3555231115476,79.0115662370871,NOISE,2024-12-15T03:00:47,17.5,11.3555231115476,79.0115662370871,NOISE,2024-12-15T03:00:47,17.5,11.3555231115476,79.0115662370871,NOISE,2024-12-15T03:00:47,17.5,11.3555231115476,79.0115662370871,NOISE
2026-04-17T09:39:22.309395,Map-Energy__sum__linear-conv00011-20241215_060047-20241215_120047-15.000000-20.000000.png,2024-12-15T06:00:47,2024-12-15T12:00:47,15.0,20.0,2024-12-15T09:00:47,17.5,11.3555231115476,79.0115662370871,NOISE,2024-12-15T09:00:47,17.5,11.3555231115476,79.0115662370871,NOISE,2024-12-15T09:00:47,17.5,11.3555231115476,79.0115662370871,NOISE,2024-12-15T09:00:47,17.5,11.3555231115476,79.0115662370871,NOISE
2026-04-17T09:39:25.189444,Map-Energy__sum__linear-conv00021-20241215_120047-20241215_180047-15.000000-20.000000.png,2024-12-15T12:00:47,2024-12-15T18:00:47,15.0,20.0,2024-12-15T15:00:47,17.5,11.3555231115476,79.0115662370871,NOISE,2024-12-15T15:00:47,17.5,11.3555231115476,79.0115662370871,NOISE,2024-12-15T15:00:47,17.5,11.3555231115476,79.0115662370871,NOISE,2024-12-15T15:00:47,17.5,11.3555231115476,79.0115662370871,NOISE
2026-04-17T09:39:27.581441,Map-Energy__sum__linear-conv00031-20241215_180047-20241216_000047-15.000000-20.000000.png,2024-12-15T18:00:47,2024-12-16T00:00:47,15.0,20.0,2024-12-15T21:00:47,17.5,11.3555231115476,79.0115662370871,NOISE,2024-12-15T21:00:47,17.5,11.3555231115476,79.0115662370871,NOISE,2024-12-15T21:00:47,17.5,11.3555231115476,79.0115662370871,NOISE,2024-12-15T21:00:47,17.5,11.3555231115476,79.0115662370871,NOISE
2026-04-17T09:39:30.013429,Map-Energy__sum__linear-conv00041-20241216_000047-20241216_060047-15.000000-20.000000.png,2024-12-16T00:00:47,2024-12-16T06:00:47,15.0,20.0,2024-12-16T03:00:47,17.5,11.3555231115476,79.0115662370871,NOISE,2024-12-16T03:00:47,17.5,11.3555231115476,79.0115662370871,NOISE,2024-12-16T03:00:47,17.5,11.3555231115476,79.0115662370871,NOISE,2024-12-16T03:00:47,17.5,11.3555231115476,79.0115662370871,NOISE
2026-04-17T09:39:35.965250,Map-Energy__sum__linear-conv00051-20241216_060047-20241216_120047-15.000000-20.000000.png,2024-12-16T06:00:47,2024-12-16T12:00:47,15.0,20.0,2024-12-16T09:13:29,19.391021,11.2688981780454,79.015161454824,VESSEL,2024-12-16T09:00:47,17.5,11.3555231115476,79.0115662370871,NOISE,2024-12-16T09:00:47,17.5,11.3555231115476,79.0115662370871,NOISE,2024-12-16T09:00:47,17.5,11.3555231115476,79.0115662370871,NOISE
2026-04-17T09:39:40.789410,Map-Energy__sum__linear-conv00061-20241216_120047-20241216_180047-15.000000-20.000000.png,2024-12-16T12:00:47,2024-12-16T18:00:47,15.0,20.0,2024-12-16T13:10:49,19.554443,11.2614904523635,79.0153469257982,VESSEL,2024-12-16T15:00:47,17.5,11.3555231115476,79.0115662370871,NOISE,2024-12-16T15:00:47,17.5,11.3555231115476,79.0115662370871,NOISE,2024-12-16T15:00:47,17.5,11.3555231115476,79.0115662370871,NOISE
2026-04-17T09:39:50.877218,Map-Energy__sum__linear-conv00071-20241216_180047-20241217_000047-15.000000-20.000000.png,2024-12-16T18:00:47,2024-12-17T00:00:47,15.0,20.0,2024-12-16T22:53:55,19.764556,11.2517150241566,79.0155762859775,OTHER,2024-12-16T21:00:47,17.5,11.3555231115476,79.0115662370871,NOISE,2024-12-16T21:00:47,17.5,11.3555231115476,79.0115662370871,NOISE,2024-12-16T21:00:47,17.5,11.3555231115476,79.0115662370871,NOISE
2026-04-17T09:39:51.337970,Map-Energy__sum__linear-conv00081-20241217_000047-20241217_060047-15.000000-20.000000.png,2024-12-17T00:00:47,2024-12-17T06:00:47,15.0,20.0,2024-12-17T03:00:47,17.5,11.3555231115476,79.0115662370871,NOISE,2024-12-17T03:00:47,17.5,11.3555231115476,79.0115662370871,NOISE,2024-12-17T03:00:47,17.5,11.3555231115476,79.0115662370871,NOISE,2024-12-17T03:00:47,17.5,11.3555231115476,79.0115662370871,NOISE
2026-04-17T09:39:53.253260,Map-Energy__sum__linear-conv00091-20241217_060047-20241217_120047-15.000000-20.000000.png,2024-12-17T06:00:47,2024-12-17T12:00:47,15.0,20.0,2024-12-17T09:00:47,17.5,11.3555231115476,79.0115662370871,NOISE,2024-12-17T09:00:47,17.5,11.3555231115476,79.0115662370871,NOISE,2024-12-17T09:00:47,17.5,11.3555231115476,79.0115662370871,NOISE,2024-12-17T09:00:47,17.5,11.3555231115476,79.0115662370871,NOISE
2026-04-17T09:39:56.541235,Map-Energy__sum__linear-conv00101-20241217_120047-20241217_180047-15.000000-20.000000.png,2024-12-17T12:00:47,2024-12-17T18:00:47,15.0,20.0,2024-12-17T15:00:47,17.5,11.3555231115476,79.0115662370871,NOISE,2024-12-17T15:00:47,17.5,11.3555231115476,79.0115662370871,NOISE,2024-12-17T15:00:47,17.5,11.3555231115476,79.0115662370871,NOISE,2024-12-17T15:00:47,17.5,11.3555231115476,79.0115662370871,NOISE
2026-04-17T09:40:02.221333,Map-Energy__sum__linear-conv00111-20241217_180047-20241218_000047-15.000000-20.000000.png,2024-12-17T18:00:47,2024-12-18T00:00:47,15.0,20.0,2024-12-17T21:00:47,17.5,11.3555231115476,79.0115662370871,NOISE,2024-12-17T21:00:47,17.5,11.3555231115476,79.0115662370871,NOISE,2024-12-17T21:00:47,17.5,11.3555231115476,79.0115662370871,NOISE,2024-12-17T21:00:47,17.5,11.3555231115476,79.0115662370871,NOISE
2026-04-17T09:40:05.381417,Map-Energy__sum__linear-conv00121-20241218_000047-20241218_060047-15.000000-20.000000.png,2024-12-18T00:00:47,2024-12-18T06:00:47,15.0,20.0,2024-12-18T03:00:47,17.5,11.3555231115476,79.0115662370871,NOISE,2024-12-18T03:00:47,17.5,11.3555231115476,79.0115662370871,NOISE,2024-12-18T03:00:47,17.5,11.3555231115476,79.0115662370871,NOISE,2024-12-18T03:00:47,17.5,11.3555231115476,79.0115662370871,NOISE
2026-04-17T09:40:20.157420,Map-Energy__sum__linear-conv00131-20241218_060047-20241218_120047-15.000000-20.000000.png,2024-12-18T06:00:47,2024-12-18T12:00:47,15.0,20.0,2024-12-18T10:20:13,16.83075,11.383437437224,79.0088387360481,OTHER,2024-12-18T09:00:47,17.5,11.3555231115476,79.0115662370871,NOISE,2024-12-18T09:00:47,17.5,11.3555231115476,79.0115662370871,NOISE,2024-12-18T09:00:47,17.5,11.3555231115476,79.0115662370871,NOISE
2026-04-17T09:40:26.349377,Map-Energy__sum__linear-conv00141-20241218_120047-20241218_180047-15.000000-20.000000.png,2024-12-18T12:00:47,2024-12-18T18:00:47,15.0,20.0,2024-12-18T13:40:22,16.838532,11.3830261180765,79.0088819756734,OTHER,2024-12-18T15:00:47,17.5,11.3555231115476,79.0115662370871,NOISE,2024-12-18T15:00:47,17.5,11.3555231115476,79.0115662370871,NOISE,2024-12-18T15:00:47,17.5,11.3555231115476,79.0115662370871,NOISE
2026-04-17T09:40:28.477403,Map-Energy__sum__linear-conv00151-20241218_180047-20241219_000047-15.000000-20.000000.png,2024-12-18T18:00:47,2024-12-19T00:00:47,15.0,20.0,2024-12-18T21:00:47,17.5,11.3555231115476,79.0115662370871,NOISE,2024-12-18T21:00:47,17.5,11.3555231115476,79.0115662370871,NOISE,2024-12-18T21:00:47,17.5,11.3555231115476,79.0115662370871,NOISE,2024-12-18T21:00:47,17.5,11.3555231115476,79.0115662370871,NOISE
2026-04-17T09:40:36.341199,Map-Energy__sum__linear-conv00161-20241219_000047-20241219_060047-15.000000-20.000000.png,2024-12-19T00:00:47,2024-12-19T06:00:47,15.0,20.0,2024-12-19T02:13:06,16.885224,11.3809701880079,79.0090980980919,OTHER,2024-12-19T03:00:47,17.5,11.3555231115476,79.0115662370871,NOISE,2024-12-19T03:00:47,17.5,11.3555231115476,79.0115662370871,NOISE,2024-12-19T03:00:47,17.5,11.3555231115476,79.0115662370871,NOISE
2026-04-17T09:40:38.620965,Map-Energy__sum__linear-conv00171-20241219_060047-20241219_120047-15.000000-20.000000.png,2024-12-19T06:00:47,2024-12-19T12:00:47,15.0,20.0,2024-12-19T09:00:47,17.5,11.3555231115476,79.0115662370871,NOISE,2024-12-19T09:00:47,17.5,11.3555231115476,79.0115662370871,NOISE,2024-12-19T09:00:47,17.5,11.3555231115476,79.0115662370871,NOISE,2024-12-19T09:00:47,17.5,11.3555231115476,79.0115662370871,NOISE
2026-04-17T09:40:40.381279,Map-Energy__sum__linear-conv00181-20241219_120047-20241219_180047-15.000000-20.000000.png,2024-12-19T12:00:47,2024-12-19T18:00:47,15.0,20.0,2024-12-19T15:00:47,17.5,11.3555231115476,79.0115662370871,NOISE,2024-12-19T15:00:47,17.5,11.3555231115476,79.0115662370871,NOISE,2024-12-19T15:00:47,17.5,11.3555231115476,79.0115662370871,NOISE,2024-12-19T15:00:47,17.5,11.3555231115476,79.0115662370871,NOISE
2026-04-17T09:40:41.693468,Map-Energy__sum__linear-conv00191-20241219_180047-20241220_000047-15.000000-20.000000.png,2024-12-19T18:00:47,2024-12-20T00:00:47,15.0,20.0,2024-12-19T21:00:47,17.5,11.3555231115476,79.0115662370871,NOISE,2024-12-19T21:00:47,17.5,11.3555231115476,79.0115662370871,NOISE,2024-12-19T21:00:47,17.5,11.3555231115476,79.0115662370871,NOISE,2024-12-19T21:00:47,17.5,11.3555231115476,79.0115662370871,NOISE
2026-04-17T09:40:42.965855,Map-Energy__sum__linear-conv00201-20241220_000047-20241220_060047-15.000000-20.000000.png,2024-12-20T00:00:47,2024-12-20T06:00:47,15.0,20.0,2024-12-20T03:00:47,17.5,11.3555231115476,79.0115662370871,NOISE,2024-12-20T03:00:47,17.5,11.3555231115476,79.0115662370871,NOISE,2024-12-20T03:00:47,17.5,11.3555231115476,79.0115662370871,NOISE,2024-12-20T03:00:47,17.5,11.3555231115476,79.0115662370871,NOISE
2026-04-17T09:40:44.205356,Map-Energy__sum__linear-conv00211-20241220_060047-20241220_120047-15.000000-20.000000.png,2024-12-20T06:00:47,2024-12-20T12:00:47,15.0,20.0,2024-12-20T09:00:47,17.5,11.3555231115476,79.0115662370871,NOISE,2024-12-20T09:00:47,17.5,11.3555231115476,79.0115662370871,NOISE,2024-12-20T09:00:47,17.5,11.3555231115476,79.0115662370871,NOISE,2024-12-20T09:00:47,17.5,11.3555231115476,79.0115662370871,NOISE
2026-04-17T09:40:45.437385,Map-Energy__sum__linear-conv00221-20241220_120047-20241220_180047-15.000000-20.000000.png,2024-12-20T12:00:47,2024-12-20T18:00:47,15.0,20.0,2024-12-20T15:00:47,17.5,11.3555231115476,79.0115662370871,NOISE,2024-12-20T15:00:47,17.5,11.3555231115476,79.0115662370871,NOISE,2024-12-20T15:00:47,17.5,11.3555231115476,79.0115662370871,NOISE,2024-12-20T15:00:47,17.5,11.3555231115476,79.0115662370871,NOISE
2026-04-17T09:40:47.437184,Map-Energy__sum__linear-conv00231-20241220_180047-20241221_000047-15.000000-20.000000.png,2024-12-20T18:00:47,2024-12-21T00:00:47,15.0,20.0,2024-12-20T21:00:47,17.5,11.3555231115476,79.0115662370871,NOISE,2024-12-20T21:00:47,17.5,11.3555231115476,79.0115662370871,NOISE,2024-12-20T21:00:47,17.5,11.3555231115476,79.0115662370871,NOISE,2024-12-20T21:00:47,17.5,11.3555231115476,79.0115662370871,NOISE
2026-04-17T09:40:49.397392,Map-Energy__sum__linear-conv00241-20241221_000047-20241221_060047-15.000000-20.000000.png,2024-12-21T00:00:47,2024-12-21T06:00:47,15.0,20.0,2024-12-21T03:00:47,17.5,11.3555231115476,79.0115662370871,NOISE,2024-12-21T03:00:47,17.5,11.3555231115476,79.0115662370871,NOISE,2024-12-21T03:00:47,17.5,11.3555231115476,79.0115662370871,NOISE,2024-12-21T03:00:47,17.5,11.3555231115476,79.0115662370871,NOISE
2026-04-17T09:40:55.757307,Map-Energy__sum__linear-conv00251-20241221_060047-20241221_120047-15.000000-20.000000.png,2024-12-21T06:00:47,2024-12-21T12:00:47,15.0,20.0,2024-12-21T11:51:07,19.655608,11.2563645294503,79.0154671949879,OTHER,2024-12-21T09:00:47,17.5,11.3555231115476,79.0115662370871,NOISE,2024-12-21T09:00:47,17.5,11.3555231115476,79.0115662370871,NOISE,2024-12-21T09:00:47,17.5,11.3555231115476,79.0115662370871,NOISE
2026-04-17T09:41:14.621628,Map-Energy__sum__linear-conv00261-20241221_120047-20241221_180047-15.000000-20.000000.png,2024-12-21T12:00:47,2024-12-21T18:00:47,15.0,20.0,2024-12-21T13:37:31,19.367675,11.2698211680602,79.0151319460383,OTHER,2024-12-21T15:24:56,19.406585,11.2679899741174,79.0151880880071,OTHER,2024-12-21T16:52:38,19.484405,11.2647543885905,79.0152703417173,OTHER,2024-12-21T15:00:47,17.5,11.3555231115476,79.0115662370871,NOISE
2026-04-17T09:41:24.037269,Map-Energy__sum__linear-conv00271-20241221_180047-20241222_000047-15.000000-20.000000.png,2024-12-21T18:00:47,2024-12-22T00:00:47,15.0,20.0,2024-12-21T19:24:29,19.499969,11.2638215549421,79.0152922307864,OTHER,2024-12-21T20:52:50,19.429931,11.2670817670337,79.0152147184616,OTHER,2024-12-21T21:00:47,17.5,11.3555231115476,79.0115662370871,NOISE,2024-12-21T21:00:47,17.5,11.3555231115476,79.0115662370871,NOISE
2026-04-17T09:41:35.677328,Map-Energy__sum__linear-conv00281-20241222_000047-20241222_060047-15.000000-20.000000.png,2024-12-22T00:00:47,2024-12-22T06:00:47,15.0,20.0,2024-12-22T03:03:57,19.313201,11.2726001321596,79.0150414161515,OTHER,2024-12-22T02:00:43,19.671172,11.2558992737675,79.0154781108881,OTHER,2024-12-22T01:16:13,19.344329,11.2712108098819,79.0150866741049,OTHER,2024-12-22T03:00:47,17.5,11.3555231115476,79.0115662370871,NOISE
2026-04-17T09:41:43.501287,Map-Energy__sum__linear-conv00291-20241222_060047-20241222_120047-15.000000-20.000000.png,2024-12-22T06:00:47,2024-12-22T12:00:47,15.0,20.0,2024-12-22T08:06:07,19.78012,11.2507830232995,79.0155981555586,OTHER,2024-12-22T09:00:47,17.5,11.3555231115476,79.0115662370871,NOISE,2024-12-22T09:00:47,17.5,11.3555231115476,79.0115662370871,NOISE,2024-12-22T09:00:47,17.5,11.3555231115476,79.0115662370871,NOISE
2026-04-17T09:41:45.109373,Map-Energy__sum__linear-conv00301-20241222_120047-20241222_180047-15.000000-20.000000.png,2024-12-22T12:00:47,2024-12-22T18:00:47,15.0,20.0,2024-12-22T15:00:47,17.5,11.3555231115476,79.0115662370871,NOISE,2024-12-22T15:00:47,17.5,11.3555231115476,79.0115662370871,NOISE,2024-12-22T15:00:47,17.5,11.3555231115476,79.0115662370871,NOISE,2024-12-22T15:00:47,17.5,11.3555231115476,79.0115662370871,NOISE
2026-04-17T09:41:52.853188,Map-Energy__sum__linear-conv00311-20241222_180047-20241223_000047-15.000000-20.000000.png,2024-12-22T18:00:47,2024-12-23T00:00:47,15.0,20.0,2024-12-22T20:43:18,19.344329,11.2712108098819,79.0150866741049,OTHER,2024-12-22T21:00:47,17.5,11.3555231115476,79.0115662370871,NOISE,2024-12-22T21:00:47,17.5,11.3555231115476,79.0115662370871,NOISE,2024-12-22T21:00:47,17.5,11.3555231115476,79.0115662370871,NOISE
2026-04-17T09:41:59.173325,Map-Energy__sum__linear-conv00321-20241223_000047-20241223_060047-15.000000-20.000000.png,2024-12-23T00:00:47,2024-12-23T06:00:47,15.0,20.0,2024-12-23T02:36:37,19.157562,11.2795453567335,79.0148151616733,OTHER,2024-12-23T03:00:47,17.5,11.3555231115476,79.0115662370871,NOISE,2024-12-23T03:00:47,17.5,11.3555231115476,79.0115662370871,NOISE,2024-12-23T03:00:47,17.5,11.3555231115476,79.0115662370871,NOISE
2026-04-17T09:42:01.765331,Map-Energy__sum__linear-conv00004-20241223_060047-20241223_120047-15.000000-20.000000.png,2024-12-23T06:00:47,2024-12-23T12:00:47,15.0,20.0,2024-12-23T09:00:47,17.5,11.3555231115476,79.0115662370871,NOISE,2024-12-23T09:00:47,17.5,11.3555231115476,79.0115662370871,NOISE,2024-12-23T09:00:47,17.5,11.3555231115476,79.0115662370871,NOISE,2024-12-23T09:00:47,17.5,11.3555231115476,79.0115662370871,NOISE
2026-04-17T09:42:03.141275,Map-Energy__sum__linear-conv00014-20241223_120047-20241223_180047-15.000000-20.000000.png,2024-12-23T12:00:47,2024-12-23T18:00:47,15.0,20.0,2024-12-23T15:00:47,17.5,11.3555231115476,79.0115662370871,NOISE,2024-12-23T15:00:47,17.5,11.3555231115476,79.0115662370871,NOISE,2024-12-23T15:00:47,17.5,11.3555231115476,79.0115662370871,NOISE,2024-12-23T15:00:47,17.5,11.3555231115476,79.0115662370871,NOISE
2026-04-17T09:42:05.581267,Map-Energy__sum__linear-conv00024-20241223_180047-20241224_000047-15.000000-20.000000.png,2024-12-23T18:00:47,2024-12-24T00:00:47,15.0,20.0,2024-12-23T21:00:47,17.5,11.3555231115476,79.0115662370871,NOISE,2024-12-23T21:00:47,17.5,11.3555231115476,79.0115662370871,NOISE,2024-12-23T21:00:47,17.5,11.3555231115476,79.0115662370871,NOISE,2024-12-23T21:00:47,17.5,11.3555231115476,79.0115662370871,NOISE
2026-04-17T09:42:07.573228,Map-Energy__sum__linear-conv00034-20241224_000047-20241224_060047-15.000000-20.000000.png,2024-12-24T00:00:47,2024-12-24T06:00:47,15.0,20.0,2024-12-24T03:00:47,17.5,11.3555231115476,79.0115662370871,NOISE,2024-12-24T03:00:47,17.5,11.3555231115476,79.0115662370871,NOISE,2024-12-24T03:00:47,17.5,11.3555231115476,79.0115662370871,NOISE,2024-12-24T03:00:47,17.5,11.3555231115476,79.0115662370871,NOISE
2026-04-17T09:42:12.877311,Map-Energy__sum__linear-conv00044-20241224_060047-20241224_120047-15.000000-20.000000.png,2024-12-24T06:00:47,2024-12-24T12:00:47,15.0,20.0,2024-12-24T07:51:49,19.616699,11.2582285072595,79.0154234592756,VESSEL,2024-12-24T09:00:47,17.5,11.3555231115476,79.0115662370871,NOISE,2024-12-24T09:00:47,17.5,11.3555231115476,79.0115662370871,NOISE,2024-12-24T09:00:47,17.5,11.3555231115476,79.0115662370871,NOISE
2026-04-17T09:42:19.277425,Map-Energy__sum__linear-conv00054-20241224_120047-20241224_180047-15.000000-20.000000.png,2024-12-24T12:00:47,2024-12-24T18:00:47,15.0,20.0,2024-12-24T16:33:34,19.538879,11.261956442145,79.0153359918384,OTHER,2024-12-24T15:00:47,17.5,11.3555231115476,79.0115662370871,NOISE,2024-12-24T15:00:47,17.5,11.3555231115476,79.0115662370871,NOISE,2024-12-24T15:00:47,17.5,11.3555231115476,79.0115662370871,NOISE
2026-04-17T09:42:25.189259,Map-Energy__sum__linear-conv00064-20241224_180047-20241225_000047-15.000000-20.000000.png,2024-12-24T18:00:47,2024-12-25T00:00:47,15.0,20.0,2024-12-24T19:44:49,19.157562,11.2795453567335,79.0148151616733,OTHER,2024-12-24T21:00:47,17.5,11.3555231115476,79.0115662370871,NOISE,2024-12-24T21:00:47,17.5,11.3555231115476,79.0115662370871,NOISE,2024-12-24T21:00:47,17.5,11.3555231115476,79.0115662370871,NOISE
2026-04-17T09:42:33.981254,Map-Energy__sum__linear-conv00074-20241225_000047-20241225_060047-15.000000-20.000000.png,2024-12-25T00:00:47,2024-12-25T06:00:47,15.0,20.0,2024-12-25T01:18:27,19.375457,11.2693579516062,79.0151470352813,OTHER,2024-12-25T04:49:28,19.484405,11.2647543885905,79.0152703417173,OTHER,2024-12-25T03:00:47,17.5,11.3555231115476,79.0115662370871,NOISE,2024-12-25T03:00:47,17.5,11.3555231115476,79.0115662370871,NOISE
2026-04-17T09:42:36.941110,Map-Energy__sum__linear-conv00084-20241225_060047-20241225_120047-15.000000-20.000000.png,2024-12-25T06:00:47,2024-12-25T12:00:47,15.0,20.0,2024-12-25T09:00:47,17.5,11.3555231115476,79.0115662370871,NOISE,2024-12-25T09:00:47,17.5,11.3555231115476,79.0115662370871,NOISE,2024-12-25T09:00:47,17.5,11.3555231115476,79.0115662370871,NOISE,2024-12-25T09:00:47,17.5,11.3555231115476,79.0115662370871,NOISE
2026-04-17T09:42:39.437027,Map-Energy__sum__linear-conv00094-20241225_120047-20241225_180047-15.000000-20.000000.png,2024-12-25T12:00:47,2024-12-25T18:00:47,15.0,20.0,2024-12-25T15:00:47,17.5,11.3555231115476,79.0115662370871,NOISE,2024-12-25T15:00:47,17.5,11.3555231115476,79.0115662370871,NOISE,2024-12-25T15:00:47,17.5,11.3555231115476,79.0115662370871,NOISE,2024-12-25T15:00:47,17.5,11.3555231115476,79.0115662370871,NOISE
2026-04-17T09:42:41.165281,Map-Energy__sum__linear-conv00104-20241225_180047-20241226_000047-15.000000-20.000000.png,2024-12-25T18:00:47,2024-12-26T00:00:47,15.0,20.0,2024-12-25T21:00:47,17.5,11.3555231115476,79.0115662370871,NOISE,2024-12-25T21:00:47,17.5,11.3555231115476,79.0115662370871,NOISE,2024-12-25T21:00:47,17.5,11.3555231115476,79.0115662370871,NOISE,2024-12-25T21:00:47,17.5,11.3555231115476,79.0115662370871,NOISE
2026-04-17T09:42:42.422293,Map-Energy__sum__linear-conv00114-20241226_000047-20241226_060047-15.000000-20.000000.png,2024-12-26T00:00:47,2024-12-26T06:00:47,15.0,20.0,2024-12-26T03:00:47,17.5,11.3555231115476,79.0115662370871,NOISE,2024-12-26T03:00:47,17.5,11.3555231115476,79.0115662370871,NOISE,2024-12-26T03:00:47,17.5,11.3555231115476,79.0115662370871,NOISE,2024-12-26T03:00:47,17.5,11.3555231115476,79.0115662370871,NOISE
2026-04-17T09:42:53.309075,Map-Energy__sum__linear-conv00124-20241226_060047-20241226_120047-15.000000-20.000000.png,2024-12-26T06:00:47,2024-12-26T12:00:47,15.0,20.0,2024-12-26T09:00:47,17.5,11.3555231115476,79.0115662370871,NOISE,2024-12-26T09:00:47,17.5,11.3555231115476,79.0115662370871,NOISE,2024-12-26T09:00:47,17.5,11.3555231115476,79.0115662370871,NOISE,2024-12-26T09:00:47,17.5,11.3555231115476,79.0115662370871,NOISE
2026-04-17T09:43:09.461223,Map-Energy__sum__linear-conv00134-20241226_120047-20241226_180047-15.000000-20.000000.png,2024-12-26T12:00:47,2024-12-26T18:00:47,15.0,20.0,2024-12-26T14:25:49,19.850158,11.2475191376371,79.0156747351055,OTHER,2024-12-26T15:53:32,19.795684,11.2498510185505,79.015620022342,OTHER,2024-12-26T15:00:47,17.5,11.3555231115476,79.0115662370871,NOISE,2024-12-26T15:00:47,17.5,11.3555231115476,79.0115662370871,NOISE
2026-04-17T09:43:11.189265,Map-Energy__sum__linear-conv00144-20241226_180047-20241227_000047-15.000000-20.000000.png,2024-12-26T18:00:47,2024-12-27T00:00:47,15.0,20.0,2024-12-26T21:00:47,17.5,11.3555231115476,79.0115662370871,NOISE,2024-12-26T21:00:47,17.5,11.3555231115476,79.0115662370871,NOISE,2024-12-26T21:00:47,17.5,11.3555231115476,79.0115662370871,NOISE,2024-12-26T21:00:47,17.5,11.3555231115476,79.0115662370871,NOISE
2026-04-17T09:43:13.661261,Map-Energy__sum__linear-conv00154-20241227_000047-20241227_060047-15.000000-20.000000.png,2024-12-27T00:00:47,2024-12-27T06:00:47,15.0,20.0,2024-12-27T03:00:47,17.5,11.3555231115476,79.0115662370871,NOISE,2024-12-27T03:00:47,17.5,11.3555231115476,79.0115662370871,NOISE,2024-12-27T03:00:47,17.5,11.3555231115476,79.0115662370871,NOISE,2024-12-27T03:00:47,17.5,11.3555231115476,79.0115662370871,NOISE
2026-04-17T09:43:15.085243,Map-Energy__sum__linear-conv00164-20241227_060047-20241227_120047-15.000000-20.000000.png,2024-12-27T06:00:47,2024-12-27T12:00:47,15.0,20.0,2024-12-27T09:00:47,17.5,11.3555231115476,79.0115662370871,NOISE,2024-12-27T09:00:47,17.5,11.3555231115476,79.0115662370871,NOISE,2024-12-27T09:00:47,17.5,11.3555231115476,79.0115662370871,NOISE,2024-12-27T09:00:47,17.5,11.3555231115476,79.0115662370871,NOISE
2026-04-17T09:43:16.637344,Map-Energy__sum__linear-conv00174-20241227_120047-20241227_180047-15.000000-20.000000.png,2024-12-27T12:00:47,2024-12-27T18:00:47,15.0,20.0,2024-12-27T15:00:47,17.5,11.3555231115476,79.0115662370871,NOISE,2024-12-27T15:00:47,17.5,11.3555231115476,79.0115662370871,NOISE,2024-12-27T15:00:47,17.5,11.3555231115476,79.0115662370871,NOISE,2024-12-27T15:00:47,17.5,11.3555231115476,79.0115662370871,NOISE
2026-04-17T09:43:17.917329,Map-Energy__sum__linear-conv00184-20241227_180047-20241228_000047-15.000000-20.000000.png,2024-12-27T18:00:47,2024-12-28T00:00:47,15.0,20.0,2024-12-27T21:00:47,17.5,11.3555231115476,79.0115662370871,NOISE,2024-12-27T21:00:47,17.5,11.3555231115476,79.0115662370871,NOISE,2024-12-27T21:00:47,17.5,11.3555231115476,79.0115662370871,NOISE,2024-12-27T21:00:47,17.5,11.3555231115476,79.0115662370871,NOISE
2026-04-17T09:43:19.461733,Map-Energy__sum__linear-conv00194-20241228_000047-20241228_060047-15.000000-20.000000.png,2024-12-28T00:00:47,2024-12-28T06:00:47,15.0,20.0,2024-12-28T03:00:47,17.5,11.3555231115476,79.0115662370871,NOISE,2024-12-28T03:00:47,17.5,11.3555231115476,79.0115662370871,NOISE,2024-12-28T03:00:47,17.5,11.3555231115476,79.0115662370871,NOISE,2024-12-28T03:00:47,17.5,11.3555231115476,79.0115662370871,NOISE
2026-04-17T09:43:23.789151,Map-Energy__sum__linear-conv00204-20241228_060047-20241228_120047-15.000000-20.000000.png,2024-12-28T06:00:47,2024-12-28T12:00:47,15.0,20.0,2024-12-28T09:00:47,17.5,11.3555231115476,79.0115662370871,NOISE,2024-12-28T09:00:47,17.5,11.3555231115476,79.0115662370871,NOISE,2024-12-28T09:00:47,17.5,11.3555231115476,79.0115662370871,NOISE,2024-12-28T09:00:47,17.5,11.3555231115476,79.0115662370871,NOISE
2026-04-17T09:43:25.069251,Map-Energy__sum__linear-conv00214-20241228_120047-20241228_180047-15.000000-20.000000.png,2024-12-28T12:00:47,2024-12-28T18:00:47,15.0,20.0,2024-12-28T15:00:47,17.5,11.3555231115476,79.0115662370871,NOISE,2024-12-28T15:00:47,17.5,11.3555231115476,79.0115662370871,NOISE,2024-12-28T15:00:47,17.5,11.3555231115476,79.0115662370871,NOISE,2024-12-28T15:00:47,17.5,11.3555231115476,79.0115662370871,NOISE
2026-04-17T09:43:26.253174,Map-Energy__sum__linear-conv00224-20241228_180047-20241229_000047-15.000000-20.000000.png,2024-12-28T18:00:47,2024-12-29T00:00:47,15.0,20.0,2024-12-28T21:00:47,17.5,11.3555231115476,79.0115662370871,NOISE,2024-12-28T21:00:47,17.5,11.3555231115476,79.0115662370871,NOISE,2024-12-28T21:00:47,17.5,11.3555231115476,79.0115662370871,NOISE,2024-12-28T21:00:47,17.5,11.3555231115476,79.0115662370871,NOISE
2026-04-17T09:43:27.293210,Map-Energy__sum__linear-conv00234-20241229_000047-20241229_060047-15.000000-20.000000.png,2024-12-29T00:00:47,2024-12-29T06:00:47,15.0,20.0,2024-12-29T03:00:47,17.5,11.3555231115476,79.0115662370871,NOISE,2024-12-29T03:00:47,17.5,11.3555231115476,79.0115662370871,NOISE,2024-12-29T03:00:47,17.5,11.3555231115476,79.0115662370871,NOISE,2024-12-29T03:00:47,17.5,11.3555231115476,79.0115662370871,NOISE
2026-04-17T09:43:28.613238,Map-Energy__sum__linear-conv00244-20241229_060047-20241229_120047-15.000000-20.000000.png,2024-12-29T06:00:47,2024-12-29T12:00:47,15.0,20.0,2024-12-29T09:00:47,17.5,11.3555231115476,79.0115662370871,NOISE,2024-12-29T09:00:47,17.5,11.3555231115476,79.0115662370871,NOISE,2024-12-29T09:00:47,17.5,11.3555231115476,79.0115662370871,NOISE,2024-12-29T09:00:47,17.5,11.3555231115476,79.0115662370871,NOISE
2026-04-17T09:43:29.677773,Map-Energy__sum__linear-conv00254-20241229_120047-20241229_180047-15.000000-20.000000.png,2024-12-29T12:00:47,2024-12-29T18:00:47,15.0,20.0,2024-12-29T15:00:47,17.5,11.3555231115476,79.0115662370871,NOISE,2024-12-29T15:00:47,17.5,11.3555231115476,79.0115662370871,NOISE,2024-12-29T15:00:47,17.5,11.3555231115476,79.0115662370871,NOISE,2024-12-29T15:00:47,17.5,11.3555231115476,79.0115662370871,NOISE
2026-04-17T09:43:30.709407,Map-Energy__sum__linear-conv00264-20241229_180047-20241230_000047-15.000000-20.000000.png,2024-12-29T18:00:47,2024-12-30T00:00:47,15.0,20.0,2024-12-29T21:00:47,17.5,11.3555231115476,79.0115662370871,NOISE,2024-12-29T21:00:47,17.5,11.3555231115476,79.0115662370871,NOISE,2024-12-29T21:00:47,17.5,11.3555231115476,79.0115662370871,NOISE,2024-12-29T21:00:47,17.5,11.3555231115476,79.0115662370871,NOISE
2026-04-17T09:43:33.789164,Map-Energy__sum__linear-conv00274-20241230_000047-20241230_060047-15.000000-20.000000.png,2024-12-30T00:00:47,2024-12-30T06:00:47,15.0,20.0,2024-12-30T03:00:47,17.5,11.3555231115476,79.0115662370871,NOISE,2024-12-30T03:00:47,17.5,11.3555231115476,79.0115662370871,NOISE,2024-12-30T03:00:47,17.5,11.3555231115476,79.0115662370871,NOISE,2024-12-30T03:00:47,17.5,11.3555231115476,79.0115662370871,NOISE
2026-04-17T09:43:35.669498,Map-Energy__sum__linear-conv00284-20241230_060047-20241230_120047-15.000000-20.000000.png,2024-12-30T06:00:47,2024-12-30T12:00:47,15.0,20.0,2024-12-30T09:00:47,17.5,11.3555231115476,79.0115662370871,NOISE,2024-12-30T09:00:47,17.5,11.3555231115476,79.0115662370871,NOISE,2024-12-30T09:00:47,17.5,11.3555231115476,79.0115662370871,NOISE,2024-12-30T09:00:47,17.5,11.3555231115476,79.0115662370871,NOISE
2026-04-17T09:43:37.373122,Map-Energy__sum__linear-conv00294-20241230_120047-20241230_180047-15.000000-20.000000.png,2024-12-30T12:00:47,2024-12-30T18:00:47,15.0,20.0,2024-12-30T15:00:47,17.5,11.3555231115476,79.0115662370871,NOISE,2024-12-30T15:00:47,17.5,11.3555231115476,79.0115662370871,NOISE,2024-12-30T15:00:47,17.5,11.3555231115476,79.0115662370871,NOISE,2024-12-30T15:00:47,17.5,11.3555231115476,79.0115662370871,NOISE
2026-04-17T09:43:41.821442,Map-Energy__sum__linear-conv00304-20241230_180047-20241231_000047-15.000000-20.000000.png,2024-12-30T18:00:47,2024-12-31T00:00:47,15.0,20.0,2024-12-30T21:22:23,19.173126,11.2790825812996,79.0148302383105,VESSEL,2024-12-30T21:00:47,17.5,11.3555231115476,79.0115662370871,NOISE,2024-12-30T21:00:47,17.5,11.3555231115476,79.0115662370871,NOISE,2024-12-30T21:00:47,17.5,11.3555231115476,79.0115662370871,NOISE
2026-04-17T09:43:43.709245,Map-Energy__sum__linear-conv00314-20241231_000047-20241231_060047-15.000000-20.000000.png,2024-12-31T00:00:47,2024-12-31T06:00:47,15.0,20.0,2024-12-31T03:00:47,17.5,11.3555231115476,79.0115662370871,NOISE,2024-12-31T03:00:47,17.5,11.3555231115476,79.0115662370871,NOISE,2024-12-31T03:00:47,17.5,11.3555231115476,79.0115662370871,NOISE,2024-12-31T03:00:47,17.5,11.3555231115476,79.0115662370871,NOISE
2026-04-17T09:43:45.149214,Map-Energy__sum__linear-conv00324-20241231_060047-20241231_120047-15.000000-20.000000.png,2024-12-31T06:00:47,2024-12-31T12:00:47,15.0,20.0,2024-12-31T09:00:47,17.5,11.3555231115476,79.0115662370871,NOISE,2024-12-31T09:00:47,17.5,11.3555231115476,79.0115662370871,NOISE,2024-12-31T09:00:47,17.5,11.3555231115476,79.0115662370871,NOISE,2024-12-31T09:00:47,17.5,11.3555231115476,79.0115662370871,NOISE
2026-04-17T09:43:47.437166,Map-Energy__sum__linear-conv00334-20241231_120047-20241231_180047-15.000000-20.000000.png,2024-12-31T12:00:47,2024-12-31T18:00:47,15.0,20.0,2024-12-31T15:00:47,17.5,11.3555231115476,79.0115662370871,NOISE,2024-12-31T15:00:47,17.5,11.3555231115476,79.0115662370871,NOISE,2024-12-31T15:00:47,17.5,11.3555231115476,79.0115662370871,NOISE,2024-12-31T15:00:47,17.5,11.3555231115476,79.0115662370871,NOISE
2026-04-17T09:43:48.709415,Map-Energy__sum__linear-conv00344-20241231_180047-20250101_000047-15.000000-20.000000.png,2024-12-31T18:00:47,2025-01-01T00:00:47,15.0,20.0,2024-12-31T21:00:47,17.5,11.3555231115476,79.0115662370871,NOISE,2024-12-31T21:00:47,17.5,11.3555231115476,79.0115662370871,NOISE,2024-12-31T21:00:47,17.5,11.3555231115476,79.0115662370871,NOISE,2024-12-31T21:00:47,17.5,11.3555231115476,79.0115662370871,NOISE
2026-04-17T09:43:50.877302,Map-Energy__sum__linear-conv00005-20241201_000047-20241201_060047-20.000000-25.000000.png,2024-12-01T00:00:47,2024-12-01T06:00:47,20.0,25.0,2024-12-01T03:00:47,22.5,11.1238434802504,79.0183136392333,NOISE,2024-12-01T03:00:47,22.5,11.1238434802504,79.0183136392333,NOISE,2024-12-01T03:00:47,22.5,11.1238434802504,79.0183136392333,NOISE,2024-12-01T03:00:47,22.5,11.1238434802504,79.0183136392333,NOISE
2026-04-17T09:44:04.884850,Map-Energy__sum__linear-conv00015-20241201_060047-20241201_120047-20.000000-25.000000.png,2024-12-01T06:00:47,2024-12-01T12:00:47,20.0,25.0,2024-12-01T08:53:47,23.192596,11.0915256993187,79.018819646284,OTHER,2024-12-01T09:00:47,22.5,11.1238434802504,79.0183136392333,NOISE,2024-12-01T09:00:47,22.5,11.1238434802504,79.0183136392333,NOISE,2024-12-01T09:00:47,22.5,11.1238434802504,79.0183136392333,NOISE
2026-04-17T09:44:12.405190,Map-Energy__sum__linear-conv00025-20241201_120047-20241201_180047-20.000000-25.000000.png,2024-12-01T12:00:47,2024-12-01T18:00:47,20.0,25.0,2024-12-01T14:37:54,21.309357,11.1794668872014,79.0172844076431,OTHER,2024-12-01T15:00:47,22.5,11.1238434802504,79.0183136392333,NOISE,2024-12-01T15:00:47,22.5,11.1238434802504,79.0183136392333,NOISE,2024-12-01T15:00:47,22.5,11.1238434802504,79.0183136392333,NOISE
2026-04-17T09:44:16.485282,Map-Energy__sum__linear-conv00035-20241201_180047-20241202_000047-20.000000-25.000000.png,2024-12-01T18:00:47,2024-12-02T00:00:47,20.0,25.0,2024-12-01T21:00:47,22.5,11.1238434802504,79.0183136392333,NOISE,2024-12-01T21:00:47,22.5,11.1238434802504,79.0183136392333,NOISE,2024-12-01T21:00:47,22.5,11.1238434802504,79.0183136392333,NOISE,2024-12-01T21:00:47,22.5,11.1238434802504,79.0183136392333,NOISE
2026-04-17T09:44:18.101227,Map-Energy__sum__linear-conv00045-20241202_000047-20241202_060047-20.000000-25.000000.png,2024-12-02T00:00:47,2024-12-02T06:00:47,20.0,25.0,2024-12-02T03:00:47,22.5,11.1238434802504,79.0183136392333,NOISE,2024-12-02T03:00:47,22.5,11.1238434802504,79.0183136392333,NOISE,2024-12-02T03:00:47,22.5,11.1238434802504,79.0183136392333,NOISE,2024-12-02T03:00:47,22.5,11.1238434802504,79.0183136392333,NOISE
2026-04-17T09:44:21.613162,Map-Energy__sum__linear-conv00055-20241202_060047-20241202_120047-20.000000-25.000000.png,2024-12-02T06:00:47,2024-12-02T12:00:47,20.0,25.0,2024-12-02T09:00:47,22.5,11.1238434802504,79.0183136392333,NOISE,2024-12-02T09:00:47,22.5,11.1238434802504,79.0183136392333,NOISE,2024-12-02T09:00:47,22.5,11.1238434802504,79.0183136392333,NOISE,2024-12-02T09:00:47,22.5,11.1238434802504,79.0183136392333,NOISE
2026-04-17T09:44:23.605217,Map-Energy__sum__linear-conv00065-20241202_120047-20241202_180047-20.000000-25.000000.png,2024-12-02T12:00:47,2024-12-02T18:00:47,20.0,25.0,2024-12-02T15:00:47,22.5,11.1238434802504,79.0183136392333,NOISE,2024-12-02T15:00:47,22.5,11.1238434802504,79.0183136392333,NOISE,2024-12-02T15:00:47,22.5,11.1238434802504,79.0183136392333,NOISE,2024-12-02T15:00:47,22.5,11.1238434802504,79.0183136392333,NOISE
2026-04-17T09:44:30.741338,Map-Energy__sum__linear-conv00075-20241202_180047-20241203_000047-20.000000-25.000000.png,2024-12-02T18:00:47,2024-12-03T00:00:47,20.0,25.0,2024-12-02T21:11:35,20.313264,11.2260811923837,79.0161777371404,OTHER,2024-12-02T21:00:47,22.5,11.1238434802504,79.0183136392333,NOISE,2024-12-02T21:00:47,22.5,11.1238434802504,79.0183136392333,NOISE,2024-12-02T21:00:47,22.5,11.1238434802504,79.0183136392333,NOISE
2026-04-17T09:44:32.372926,Map-Energy__sum__linear-conv00085-20241203_000047-20241203_060047-20.000000-25.000000.png,2024-12-03T00:00:47,2024-12-03T06:00:47,20.0,25.0,2024-12-03T03:00:47,22.5,11.1238434802504,79.0183136392333,NOISE,2024-12-03T03:00:47,22.5,11.1238434802504,79.0183136392333,NOISE,2024-12-03T03:00:47,22.5,11.1238434802504,79.0183136392333,NOISE,2024-12-03T03:00:47,22.5,11.1238434802504,79.0183136392333,NOISE
2026-04-17T09:44:35.029243,Map-Energy__sum__linear-conv00095-20241203_060047-20241203_120047-20.000000-25.000000.png,2024-12-03T06:00:47,2024-12-03T12:00:47,20.0,25.0,2024-12-03T09:00:47,22.5,11.1238434802504,79.0183136392333,NOISE,2024-12-03T09:00:47,22.5,11.1238434802504,79.0183136392333,NOISE,2024-12-03T09:00:47,22.5,11.1238434802504,79.0183136392333,NOISE,2024-12-03T09:00:47,22.5,11.1238434802504,79.0183136392333,NOISE
2026-04-17T09:44:38.621343,Map-Energy__sum__linear-conv00105-20241203_120047-20241203_180047-20.000000-25.000000.png,2024-12-03T12:00:47,2024-12-03T18:00:47,20.0,25.0,2024-12-03T15:00:47,22.5,11.1238434802504,79.0183136392333,NOISE,2024-12-03T15:00:47,22.5,11.1238434802504,79.0183136392333,NOISE,2024-12-03T15:00:47,22.5,11.1238434802504,79.0183136392333,NOISE,2024-12-03T15:00:47,22.5,11.1238434802504,79.0183136392333,NOISE
2026-04-17T09:44:39.669198,Map-Energy__sum__linear-conv00115-20241203_180047-20241204_000047-20.000000-25.000000.png,2024-12-03T18:00:47,2024-12-04T00:00:47,20.0,25.0,2024-12-03T21:00:47,22.5,11.1238434802504,79.0183136392333,NOISE,2024-12-03T21:00:47,22.5,11.1238434802504,79.0183136392333,NOISE,2024-12-03T21:00:47,22.5,11.1238434802504,79.0183136392333,NOISE,2024-12-03T21:00:47,22.5,11.1238434802504,79.0183136392333,NOISE
2026-04-17T09:44:40.501112,Map-Energy__sum__linear-conv00005-20241204_000047-20241204_060047-20.000000-25.000000.png,2024-12-04T00:00:47,2024-12-04T06:00:47,20.0,25.0,2024-12-04T03:00:47,22.5,11.1238434802504,79.0183136392333,NOISE,2024-12-04T03:00:47,22.5,11.1238434802504,79.0183136392333,NOISE,2024-12-04T03:00:47,22.5,11.1238434802504,79.0183136392333,NOISE,2024-12-04T03:00:47,22.5,11.1238434802504,79.0183136392333,NOISE
2026-04-17T09:44:41.061311,Map-Energy__sum__linear-conv00015-20241204_060047-20241204_120047-20.000000-25.000000.png,2024-12-04T06:00:47,2024-12-04T12:00:47,20.0,25.0,2024-12-04T09:00:47,22.5,11.1238434802504,79.0183136392333,NOISE,2024-12-04T09:00:47,22.5,11.1238434802504,79.0183136392333,NOISE,2024-12-04T09:00:47,22.5,11.1238434802504,79.0183136392333,NOISE,2024-12-04T09:00:47,22.5,11.1238434802504,79.0183136392333,NOISE
2026-04-17T09:44:41.653258,Map-Energy__sum__linear-conv00025-20241204_120047-20241204_180047-20.000000-25.000000.png,2024-12-04T12:00:47,2024-12-04T18:00:47,20.0,25.0,2024-12-04T15:00:47,22.5,11.1238434802504,79.0183136392333,NOISE,2024-12-04T15:00:47,22.5,11.1238434802504,79.0183136392333,NOISE,2024-12-04T15:00:47,22.5,11.1238434802504,79.0183136392333,NOISE,2024-12-04T15:00:47,22.5,11.1238434802504,79.0183136392333,NOISE
2026-04-17T09:44:42.237188,Map-Energy__sum__linear-conv00035-20241204_180047-20241205_000047-20.000000-25.000000.png,2024-12-04T18:00:47,2024-12-05T00:00:47,20.0,25.0,2024-12-04T21:00:47,22.5,11.1238434802504,79.0183136392333,NOISE,2024-12-04T21:00:47,22.5,11.1238434802504,79.0183136392333,NOISE,2024-12-04T21:00:47,22.5,11.1238434802504,79.0183136392333,NOISE,2024-12-04T21:00:47,22.5,11.1238434802504,79.0183136392333,NOISE
2026-04-17T09:44:42.781564,Map-Energy__sum__linear-conv00045-20241205_000047-20241205_060047-20.000000-25.000000.png,2024-12-05T00:00:47,2024-12-05T06:00:47,20.0,25.0,2024-12-05T03:00:47,22.5,11.1238434802504,79.0183136392333,NOISE,2024-12-05T03:00:47,22.5,11.1238434802504,79.0183136392333,NOISE,2024-12-05T03:00:47,22.5,11.1238434802504,79.0183136392333,NOISE,2024-12-05T03:00:47,22.5,11.1238434802504,79.0183136392333,NOISE
2026-04-17T09:44:43.373027,Map-Energy__sum__linear-conv00055-20241205_060047-20241205_120047-20.000000-25.000000.png,2024-12-05T06:00:47,2024-12-05T12:00:47,20.0,25.0,2024-12-05T09:00:47,22.5,11.1238434802504,79.0183136392333,NOISE,2024-12-05T09:00:47,22.5,11.1238434802504,79.0183136392333,NOISE,2024-12-05T09:00:47,22.5,11.1238434802504,79.0183136392333,NOISE,2024-12-05T09:00:47,22.5,11.1238434802504,79.0183136392333,NOISE
2026-04-17T09:44:44.198094,Map-Energy__sum__linear-conv00065-20241205_120047-20241205_180047-20.000000-25.000000.png,2024-12-05T12:00:47,2024-12-05T18:00:47,20.0,25.0,2024-12-05T15:00:47,22.5,11.1238434802504,79.0183136392333,NOISE,2024-12-05T15:00:47,22.5,11.1238434802504,79.0183136392333,NOISE,2024-12-05T15:00:47,22.5,11.1238434802504,79.0183136392333,NOISE,2024-12-05T15:00:47,22.5,11.1238434802504,79.0183136392333,NOISE
2026-04-17T09:44:44.901270,Map-Energy__sum__linear-conv00075-20241205_180047-20241206_000047-20.000000-25.000000.png,2024-12-05T18:00:47,2024-12-06T00:00:47,20.0,25.0,2024-12-05T21:00:47,22.5,11.1238434802504,79.0183136392333,NOISE,2024-12-05T21:00:47,22.5,11.1238434802504,79.0183136392333,NOISE,2024-12-05T21:00:47,22.5,11.1238434802504,79.0183136392333,NOISE,2024-12-05T21:00:47,22.5,11.1238434802504,79.0183136392333,NOISE
2026-04-17T09:44:45.573208,Map-Energy__sum__linear-conv00085-20241206_000047-20241206_060047-20.000000-25.000000.png,2024-12-06T00:00:47,2024-12-06T06:00:47,20.0,25.0,2024-12-06T03:00:47,22.5,11.1238434802504,79.0183136392333,NOISE,2024-12-06T03:00:47,22.5,11.1238434802504,79.0183136392333,NOISE,2024-12-06T03:00:47,22.5,11.1238434802504,79.0183136392333,NOISE,2024-12-06T03:00:47,22.5,11.1238434802504,79.0183136392333,NOISE
2026-04-17T09:44:46.293111,Map-Energy__sum__linear-conv00095-20241206_060047-20241206_120047-20.000000-25.000000.png,2024-12-06T06:00:47,2024-12-06T12:00:47,20.0,25.0,2024-12-06T09:00:47,22.5,11.1238434802504,79.0183136392333,NOISE,2024-12-06T09:00:47,22.5,11.1238434802504,79.0183136392333,NOISE,2024-12-06T09:00:47,22.5,11.1238434802504,79.0183136392333,NOISE,2024-12-06T09:00:47,22.5,11.1238434802504,79.0183136392333,NOISE
2026-04-17T09:44:46.957276,Map-Energy__sum__linear-conv00105-20241206_120047-20241206_180047-20.000000-25.000000.png,2024-12-06T12:00:47,2024-12-06T18:00:47,20.0,25.0,2024-12-06T15:00:47,22.5,11.1238434802504,79.0183136392333,NOISE,2024-12-06T15:00:47,22.5,11.1238434802504,79.0183136392333,NOISE,2024-12-06T15:00:47,22.5,11.1238434802504,79.0183136392333,NOISE,2024-12-06T15:00:47,22.5,11.1238434802504,79.0183136392333,NOISE
2026-04-17T09:44:47.573210,Map-Energy__sum__linear-conv00115-20241206_180047-20241207_000047-20.000000-25.000000.png,2024-12-06T18:00:47,2024-12-07T00:00:47,20.0,25.0,2024-12-06T21:00:47,22.5,11.1238434802504,79.0183136392333,NOISE,2024-12-06T21:00:47,22.5,11.1238434802504,79.0183136392333,NOISE,2024-12-06T21:00:47,22.5,11.1238434802504,79.0183136392333,NOISE,2024-12-06T21:00:47,22.5,11.1238434802504,79.0183136392333,NOISE
2026-04-17T09:44:48.197154,Map-Energy__sum__linear-conv00125-20241207_000047-20241207_060047-20.000000-25.000000.png,2024-12-07T00:00:47,2024-12-07T06:00:47,20.0,25.0,2024-12-07T03:00:47,22.5,11.1238434802504,79.0183136392333,NOISE,2024-12-07T03:00:47,22.5,11.1238434802504,79.0183136392333,NOISE,2024-12-07T03:00:47,22.5,11.1238434802504,79.0183136392333,NOISE,2024-12-07T03:00:47,22.5,11.1238434802504,79.0183136392333,NOISE
2026-04-17T09:44:48.709009,Map-Energy__sum__linear-conv00135-20241207_060047-20241207_120047-20.000000-25.000000.png,2024-12-07T06:00:47,2024-12-07T12:00:47,20.0,25.0,2024-12-07T09:00:47,22.5,11.1238434802504,79.0183136392333,NOISE,2024-12-07T09:00:47,22.5,11.1238434802504,79.0183136392333,NOISE,2024-12-07T09:00:47,22.5,11.1238434802504,79.0183136392333,NOISE,2024-12-07T09:00:47,22.5,11.1238434802504,79.0183136392333,NOISE
2026-04-17T09:44:49.237204,Map-Energy__sum__linear-conv00145-20241207_120047-20241207_180047-20.000000-25.000000.png,2024-12-07T12:00:47,2024-12-07T18:00:47,20.0,25.0,2024-12-07T15:00:47,22.5,11.1238434802504,79.0183136392333,NOISE,2024-12-07T15:00:47,22.5,11.1238434802504,79.0183136392333,NOISE,2024-12-07T15:00:47,22.5,11.1238434802504,79.0183136392333,NOISE,2024-12-07T15:00:47,22.5,11.1238434802504,79.0183136392333,NOISE
2026-04-17T09:44:49.789176,Map-Energy__sum__linear-conv00155-20241207_180047-20241208_000047-20.000000-25.000000.png,2024-12-07T18:00:47,2024-12-08T00:00:47,20.0,25.0,2024-12-07T21:00:47,22.5,11.1238434802504,79.0183136392333,NOISE,2024-12-07T21:00:47,22.5,11.1238434802504,79.0183136392333,NOISE,2024-12-07T21:00:47,22.5,11.1238434802504,79.0183136392333,NOISE,2024-12-07T21:00:47,22.5,11.1238434802504,79.0183136392333,NOISE
2026-04-17T09:44:50.357310,Map-Energy__sum__linear-conv00165-20241208_000047-20241208_060047-20.000000-25.000000.png,2024-12-08T00:00:47,2024-12-08T06:00:47,20.0,25.0,2024-12-08T03:00:47,22.5,11.1238434802504,79.0183136392333,NOISE,2024-12-08T03:00:47,22.5,11.1238434802504,79.0183136392333,NOISE,2024-12-08T03:00:47,22.5,11.1238434802504,79.0183136392333,NOISE,2024-12-08T03:00:47,22.5,11.1238434802504,79.0183136392333,NOISE
2026-04-17T09:44:51.005298,Map-Energy__sum__linear-conv00175-20241208_060047-20241208_120047-20.000000-25.000000.png,2024-12-08T06:00:47,2024-12-08T12:00:47,20.0,25.0,2024-12-08T09:00:47,22.5,11.1238434802504,79.0183136392333,NOISE,2024-12-08T09:00:47,22.5,11.1238434802504,79.0183136392333,NOISE,2024-12-08T09:00:47,22.5,11.1238434802504,79.0183136392333,NOISE,2024-12-08T09:00:47,22.5,11.1238434802504,79.0183136392333,NOISE
2026-04-17T09:44:51.669116,Map-Energy__sum__linear-conv00185-20241208_120047-20241208_180047-20.000000-25.000000.png,2024-12-08T12:00:47,2024-12-08T18:00:47,20.0,25.0,2024-12-08T15:00:47,22.5,11.1238434802504,79.0183136392333,NOISE,2024-12-08T15:00:47,22.5,11.1238434802504,79.0183136392333,NOISE,2024-12-08T15:00:47,22.5,11.1238434802504,79.0183136392333,NOISE,2024-12-08T15:00:47,22.5,11.1238434802504,79.0183136392333,NOISE
2026-04-17T09:44:52.334827,Map-Energy__sum__linear-conv00195-20241208_180047-20241209_000047-20.000000-25.000000.png,2024-12-08T18:00:47,2024-12-09T00:00:47,20.0,25.0,2024-12-08T21:00:47,22.5,11.1238434802504,79.0183136392333,NOISE,2024-12-08T21:00:47,22.5,11.1238434802504,79.0183136392333,NOISE,2024-12-08T21:00:47,22.5,11.1238434802504,79.0183136392333,NOISE,2024-12-08T21:00:47,22.5,11.1238434802504,79.0183136392333,NOISE
2026-04-17T09:44:53.173114,Map-Energy__sum__linear-conv00205-20241209_000047-20241209_060047-20.000000-25.000000.png,2024-12-09T00:00:47,2024-12-09T06:00:47,20.0,25.0,2024-12-09T03:00:47,22.5,11.1238434802504,79.0183136392333,NOISE,2024-12-09T03:00:47,22.5,11.1238434802504,79.0183136392333,NOISE,2024-12-09T03:00:47,22.5,11.1238434802504,79.0183136392333,NOISE,2024-12-09T03:00:47,22.5,11.1238434802504,79.0183136392333,NOISE
2026-04-17T09:44:53.901206,Map-Energy__sum__linear-conv00215-20241209_060047-20241209_120047-20.000000-25.000000.png,2024-12-09T06:00:47,2024-12-09T12:00:47,20.0,25.0,2024-12-09T09:00:47,22.5,11.1238434802504,79.0183136392333,NOISE,2024-12-09T09:00:47,22.5,11.1238434802504,79.0183136392333,NOISE,2024-12-09T09:00:47,22.5,11.1238434802504,79.0183136392333,NOISE,2024-12-09T09:00:47,22.5,11.1238434802504,79.0183136392333,NOISE
2026-04-17T09:44:54.605219,Map-Energy__sum__linear-conv00225-20241209_120047-20241209_180047-20.000000-25.000000.png,2024-12-09T12:00:47,2024-12-09T18:00:47,20.0,25.0,2024-12-09T15:00:47,22.5,11.1238434802504,79.0183136392333,NOISE,2024-12-09T15:00:47,22.5,11.1238434802504,79.0183136392333,NOISE,2024-12-09T15:00:47,22.5,11.1238434802504,79.0183136392333,NOISE,2024-12-09T15:00:47,22.5,11.1238434802504,79.0183136392333,NOISE
2026-04-17T09:44:55.229150,Map-Energy__sum__linear-conv00235-20241209_180047-20241210_000047-20.000000-25.000000.png,2024-12-09T18:00:47,2024-12-10T00:00:47,20.0,25.0,2024-12-09T21:00:47,22.5,11.1238434802504,79.0183136392333,NOISE,2024-12-09T21:00:47,22.5,11.1238434802504,79.0183136392333,NOISE,2024-12-09T21:00:47,22.5,11.1238434802504,79.0183136392333,NOISE,2024-12-09T21:00:47,22.5,11.1238434802504,79.0183136392333,NOISE
2026-04-17T09:44:55.789929,Map-Energy__sum__linear-conv00245-20241210_000047-20241210_060047-20.000000-25.000000.png,2024-12-10T00:00:47,2024-12-10T06:00:47,20.0,25.0,2024-12-10T03:00:47,22.5,11.1238434802504,79.0183136392333,NOISE,2024-12-10T03:00:47,22.5,11.1238434802504,79.0183136392333,NOISE,2024-12-10T03:00:47,22.5,11.1238434802504,79.0183136392333,NOISE,2024-12-10T03:00:47,22.5,11.1238434802504,79.0183136392333,NOISE
2026-04-17T09:44:56.373221,Map-Energy__sum__linear-conv00255-20241210_060047-20241210_120047-20.000000-25.000000.png,2024-12-10T06:00:47,2024-12-10T12:00:47,20.0,25.0,2024-12-10T09:00:47,22.5,11.1238434802504,79.0183136392333,NOISE,2024-12-10T09:00:47,22.5,11.1238434802504,79.0183136392333,NOISE,2024-12-10T09:00:47,22.5,11.1238434802504,79.0183136392333,NOISE,2024-12-10T09:00:47,22.5,11.1238434802504,79.0183136392333,NOISE
2026-04-17T09:44:57.141313,Map-Energy__sum__linear-conv00265-20241210_120047-20241210_180047-20.000000-25.000000.png,2024-12-10T12:00:47,2024-12-10T18:00:47,20.0,25.0,2024-12-10T15:00:47,22.5,11.1238434802504,79.0183136392333,NOISE,2024-12-10T15:00:47,22.5,11.1238434802504,79.0183136392333,NOISE,2024-12-10T15:00:47,22.5,11.1238434802504,79.0183136392333,NOISE,2024-12-10T15:00:47,22.5,11.1238434802504,79.0183136392333,NOISE
2026-04-17T09:44:57.893917,Map-Energy__sum__linear-conv00275-20241210_180047-20241211_000047-20.000000-25.000000.png,2024-12-10T18:00:47,2024-12-11T00:00:47,20.0,25.0,2024-12-10T21:00:47,22.5,11.1238434802504,79.0183136392333,NOISE,2024-12-10T21:00:47,22.5,11.1238434802504,79.0183136392333,NOISE,2024-12-10T21:00:47,22.5,11.1238434802504,79.0183136392333,NOISE,2024-12-10T21:00:47,22.5,11.1238434802504,79.0183136392333,NOISE
2026-04-17T09:44:58.485190,Map-Energy__sum__linear-conv00285-20241211_000047-20241211_060047-20.000000-25.000000.png,2024-12-11T00:00:47,2024-12-11T06:00:47,20.0,25.0,2024-12-11T03:00:47,22.5,11.1238434802504,79.0183136392333,NOISE,2024-12-11T03:00:47,22.5,11.1238434802504,79.0183136392333,NOISE,2024-12-11T03:00:47,22.5,11.1238434802504,79.0183136392333,NOISE,2024-12-11T03:00:47,22.5,11.1238434802504,79.0183136392333,NOISE
2026-04-17T09:44:59.117183,Map-Energy__sum__linear-conv00295-20241211_060047-20241211_120047-20.000000-25.000000.png,2024-12-11T06:00:47,2024-12-11T12:00:47,20.0,25.0,2024-12-11T09:00:47,22.5,11.1238434802504,79.0183136392333,NOISE,2024-12-11T09:00:47,22.5,11.1238434802504,79.0183136392333,NOISE,2024-12-11T09:00:47,22.5,11.1238434802504,79.0183136392333,NOISE,2024-12-11T09:00:47,22.5,11.1238434802504,79.0183136392333,NOISE
2026-04-17T09:44:59.693058,Map-Energy__sum__linear-conv00305-20241211_120047-20241211_180047-20.000000-25.000000.png,2024-12-11T12:00:47,2024-12-11T18:00:47,20.0,25.0,2024-12-11T15:00:47,22.5,11.1238434802504,79.0183136392333,NOISE,2024-12-11T15:00:47,22.5,11.1238434802504,79.0183136392333,NOISE,2024-12-11T15:00:47,22.5,11.1238434802504,79.0183136392333,NOISE,2024-12-11T15:00:47,22.5,11.1238434802504,79.0183136392333,NOISE
2026-04-17T09:45:00.325335,Map-Energy__sum__linear-conv00315-20241211_180047-20241212_000047-20.000000-25.000000.png,2024-12-11T18:00:47,2024-12-12T00:00:47,20.0,25.0,2024-12-11T21:00:47,22.5,11.1238434802504,79.0183136392333,NOISE,2024-12-11T21:00:47,22.5,11.1238434802504,79.0183136392333,NOISE,2024-12-11T21:00:47,22.5,11.1238434802504,79.0183136392333,NOISE,2024-12-11T21:00:47,22.5,11.1238434802504,79.0183136392333,NOISE
2026-04-17T09:45:00.877202,Map-Energy__sum__linear-conv00325-20241212_000047-20241212_060047-20.000000-25.000000.png,2024-12-12T00:00:47,2024-12-12T06:00:47,20.0,25.0,2024-12-12T03:00:47,22.5,11.1238434802504,79.0183136392333,NOISE,2024-12-12T03:00:47,22.5,11.1238434802504,79.0183136392333,NOISE,2024-12-12T03:00:47,22.5,11.1238434802504,79.0183136392333,NOISE,2024-12-12T03:00:47,22.5,11.1238434802504,79.0183136392333,NOISE
2026-04-17T09:45:01.469201,Map-Energy__sum__linear-conv00335-20241212_060047-20241212_120047-20.000000-25.000000.png,2024-12-12T06:00:47,2024-12-12T12:00:47,20.0,25.0,2024-12-12T09:00:47,22.5,11.1238434802504,79.0183136392333,NOISE,2024-12-12T09:00:47,22.5,11.1238434802504,79.0183136392333,NOISE,2024-12-12T09:00:47,22.5,11.1238434802504,79.0183136392333,NOISE,2024-12-12T09:00:47,22.5,11.1238434802504,79.0183136392333,NOISE
2026-04-17T09:45:02.013197,Map-Energy__sum__linear-conv00345-20241212_120047-20241212_180047-20.000000-25.000000.png,2024-12-12T12:00:47,2024-12-12T18:00:47,20.0,25.0,2024-12-12T15:00:47,22.5,11.1238434802504,79.0183136392333,NOISE,2024-12-12T15:00:47,22.5,11.1238434802504,79.0183136392333,NOISE,2024-12-12T15:00:47,22.5,11.1238434802504,79.0183136392333,NOISE,2024-12-12T15:00:47,22.5,11.1238434802504,79.0183136392333,NOISE
2026-04-17T09:45:02.413189,Map-Energy__sum__linear-conv00355-20241212_180047-20241213_000047-20.000000-25.000000.png,2024-12-12T18:00:47,2024-12-13T00:00:47,20.0,25.0,2024-12-12T21:00:47,22.5,11.1238434802504,79.0183136392333,NOISE,2024-12-12T21:00:47,22.5,11.1238434802504,79.0183136392333,NOISE,2024-12-12T21:00:47,22.5,11.1238434802504,79.0183136392333,NOISE,2024-12-12T21:00:47,22.5,11.1238434802504,79.0183136392333,NOISE
2026-04-17T09:45:02.837219,Map-Energy__sum__linear-conv00365-20241213_000047-20241213_060047-20.000000-25.000000.png,2024-12-13T00:00:47,2024-12-13T06:00:47,20.0,25.0,2024-12-13T03:00:47,22.5,11.1238434802504,79.0183136392333,NOISE,2024-12-13T03:00:47,22.5,11.1238434802504,79.0183136392333,NOISE,2024-12-13T03:00:47,22.5,11.1238434802504,79.0183136392333,NOISE,2024-12-13T03:00:47,22.5,11.1238434802504,79.0183136392333,NOISE
2026-04-17T09:45:03.192105,Map-Energy__sum__linear-conv00375-20241213_060047-20241213_120047-20.000000-25.000000.png,2024-12-13T06:00:47,2024-12-13T12:00:47,20.0,25.0,2024-12-13T09:00:47,22.5,11.1238434802504,79.0183136392333,NOISE,2024-12-13T09:00:47,22.5,11.1238434802504,79.0183136392333,NOISE,2024-12-13T09:00:47,22.5,11.1238434802504,79.0183136392333,NOISE,2024-12-13T09:00:47,22.5,11.1238434802504,79.0183136392333,NOISE
2026-04-17T09:45:03.613629,Map-Energy__sum__linear-conv00385-20241213_120047-20241213_180047-20.000000-25.000000.png,2024-12-13T12:00:47,2024-12-13T18:00:47,20.0,25.0,2024-12-13T15:00:47,22.5,11.1238434802504,79.0183136392333,NOISE,2024-12-13T15:00:47,22.5,11.1238434802504,79.0183136392333,NOISE,2024-12-13T15:00:47,22.5,11.1238434802504,79.0183136392333,NOISE,2024-12-13T15:00:47,22.5,11.1238434802504,79.0183136392333,NOISE
2026-04-17T09:45:09.301259,Map-Energy__sum__linear-conv00395-20241213_180047-20241214_000047-20.000000-25.000000.png,2024-12-13T18:00:47,2024-12-14T00:00:47,20.0,25.0,2024-12-13T21:00:47,22.5,11.1238434802504,79.0183136392333,NOISE,2024-12-13T21:00:47,22.5,11.1238434802504,79.0183136392333,NOISE,2024-12-13T21:00:47,22.5,11.1238434802504,79.0183136392333,NOISE,2024-12-13T21:00:47,22.5,11.1238434802504,79.0183136392333,NOISE
2026-04-17T09:45:12.645219,Map-Energy__sum__linear-conv00405-20241214_000047-20241214_060047-20.000000-25.000000.png,2024-12-14T00:00:47,2024-12-14T06:00:47,20.0,25.0,2024-12-14T03:00:47,22.5,11.1238434802504,79.0183136392333,NOISE,2024-12-14T03:00:47,22.5,11.1238434802504,79.0183136392333,NOISE,2024-12-14T03:00:47,22.5,11.1238434802504,79.0183136392333,NOISE,2024-12-14T03:00:47,22.5,11.1238434802504,79.0183136392333,NOISE
2026-04-17T09:45:14.549204,Map-Energy__sum__linear-conv00415-20241214_060047-20241214_120047-20.000000-25.000000.png,2024-12-14T06:00:47,2024-12-14T12:00:47,20.0,25.0,2024-12-14T09:00:47,22.5,11.1238434802504,79.0183136392333,NOISE,2024-12-14T09:00:47,22.5,11.1238434802504,79.0183136392333,NOISE,2024-12-14T09:00:47,22.5,11.1238434802504,79.0183136392333,NOISE,2024-12-14T09:00:47,22.5,11.1238434802504,79.0183136392333,NOISE
2026-04-17T09:45:15.980624,Map-Energy__sum__linear-conv00425-20241214_120047-20241214_180047-20.000000-25.000000.png,2024-12-14T12:00:47,2024-12-14T18:00:47,20.0,25.0,2024-12-14T15:00:47,22.5,11.1238434802504,79.0183136392333,NOISE,2024-12-14T15:00:47,22.5,11.1238434802504,79.0183136392333,NOISE,2024-12-14T15:00:47,22.5,11.1238434802504,79.0183136392333,NOISE,2024-12-14T15:00:47,22.5,11.1238434802504,79.0183136392333,NOISE
2026-04-17T09:45:22.709156,Map-Energy__sum__linear-conv00435-20241214_180047-20241215_000047-20.000000-25.000000.png,2024-12-14T18:00:47,2024-12-15T00:00:47,20.0,25.0,2024-12-14T20:39:10,23.799591,11.0629702670486,79.0192955390064,OTHER,2024-12-14T21:00:47,22.5,11.1238434802504,79.0183136392333,NOISE,2024-12-14T21:00:47,22.5,11.1238434802504,79.0183136392333,NOISE,2024-12-14T21:00:47,22.5,11.1238434802504,79.0183136392333,NOISE
2026-04-17T09:45:24.029184,Map-Energy__sum__linear-conv00002-20241215_000047-20241215_060047-20.000000-25.000000.png,2024-12-15T00:00:47,2024-12-15T06:00:47,20.0,25.0,2024-12-15T03:00:47,22.5,11.1238434802504,79.0183136392333,NOISE,2024-12-15T03:00:47,22.5,11.1238434802504,79.0183136392333,NOISE,2024-12-15T03:00:47,22.5,11.1238434802504,79.0183136392333,NOISE,2024-12-15T03:00:47,22.5,11.1238434802504,79.0183136392333,NOISE
2026-04-17T09:45:25.286228,Map-Energy__sum__linear-conv00012-20241215_060047-20241215_120047-20.000000-25.000000.png,2024-12-15T06:00:47,2024-12-15T12:00:47,20.0,25.0,2024-12-15T09:00:47,22.5,11.1238434802504,79.0183136392333,NOISE,2024-12-15T09:00:47,22.5,11.1238434802504,79.0183136392333,NOISE,2024-12-15T09:00:47,22.5,11.1238434802504,79.0183136392333,NOISE,2024-12-15T09:00:47,22.5,11.1238434802504,79.0183136392333,NOISE
2026-04-17T09:45:26.717162,Map-Energy__sum__linear-conv00022-20241215_120047-20241215_180047-20.000000-25.000000.png,2024-12-15T12:00:47,2024-12-15T18:00:47,20.0,25.0,2024-12-15T15:00:47,22.5,11.1238434802504,79.0183136392333,NOISE,2024-12-15T15:00:47,22.5,11.1238434802504,79.0183136392333,NOISE,2024-12-15T15:00:47,22.5,11.1238434802504,79.0183136392333,NOISE,2024-12-15T15:00:47,22.5,11.1238434802504,79.0183136392333,NOISE
2026-04-17T09:45:32.525062,Map-Energy__sum__linear-conv00032-20241215_180047-20241216_000047-20.000000-25.000000.png,2024-12-15T18:00:47,2024-12-16T00:00:47,20.0,25.0,2024-12-15T20:43:56,21.301575,11.1799328226519,79.0172732677528,OTHER,2024-12-15T21:00:47,22.5,11.1238434802504,79.0183136392333,NOISE,2024-12-15T21:00:47,22.5,11.1238434802504,79.0183136392333,NOISE,2024-12-15T21:00:47,22.5,11.1238434802504,79.0183136392333,NOISE
2026-04-17T09:45:50.901159,Map-Energy__sum__linear-conv00042-20241216_000047-20241216_060047-20.000000-25.000000.png,2024-12-16T00:00:47,2024-12-16T06:00:47,20.0,25.0,2024-12-16T03:08:43,20.227662,11.2298128142709,79.0160901809854,OTHER,2024-12-16T03:00:47,22.5,11.1238434802504,79.0183136392333,NOISE,2024-12-16T03:00:47,22.5,11.1238434802504,79.0183136392333,NOISE,2024-12-16T03:00:47,22.5,11.1238434802504,79.0183136392333,NOISE
2026-04-17T09:45:57.997462,Map-Energy__sum__linear-conv00052-20241216_060047-20241216_120047-20.000000-25.000000.png,2024-12-16T06:00:47,2024-12-16T12:00:47,20.0,25.0,2024-12-16T07:34:20,20.414429,11.2214171005024,79.0162871704453,OTHER,2024-12-16T09:00:47,22.5,11.1238434802504,79.0183136392333,NOISE,2024-12-16T09:00:47,22.5,11.1238434802504,79.0183136392333,NOISE,2024-12-16T09:00:47,22.5,11.1238434802504,79.0183136392333,NOISE
2026-04-17T09:46:04.173091,Map-Energy__sum__linear-conv00062-20241216_120047-20241216_180047-20.000000-25.000000.png,2024-12-16T12:00:47,2024-12-16T18:00:47,20.0,25.0,2024-12-16T12:50:10,20.391083,11.2223498037652,79.0162652879287,OTHER,2024-12-16T15:00:47,22.5,11.1238434802504,79.0183136392333,NOISE,2024-12-16T15:00:47,22.5,11.1238434802504,79.0183136392333,NOISE,2024-12-16T15:00:47,22.5,11.1238434802504,79.0183136392333,NOISE
2026-04-17T09:46:05.997107,Map-Energy__sum__linear-conv00072-20241216_180047-20241217_000047-20.000000-25.000000.png,2024-12-16T18:00:47,2024-12-17T00:00:47,20.0,25.0,2024-12-16T21:00:47,22.5,11.1238434802504,79.0183136392333,NOISE,2024-12-16T21:00:47,22.5,11.1238434802504,79.0183136392333,NOISE,2024-12-16T21:00:47,22.5,11.1238434802504,79.0183136392333,NOISE,2024-12-16T21:00:47,22.5,11.1238434802504,79.0183136392333,NOISE
2026-04-17T09:46:07.420939,Map-Energy__sum__linear-conv00082-20241217_000047-20241217_060047-20.000000-25.000000.png,2024-12-17T00:00:47,2024-12-17T06:00:47,20.0,25.0,2024-12-17T03:00:47,22.5,11.1238434802504,79.0183136392333,NOISE,2024-12-17T03:00:47,22.5,11.1238434802504,79.0183136392333,NOISE,2024-12-17T03:00:47,22.5,11.1238434802504,79.0183136392333,NOISE,2024-12-17T03:00:47,22.5,11.1238434802504,79.0183136392333,NOISE
2026-04-17T09:46:08.741227,Map-Energy__sum__linear-conv00092-20241217_060047-20241217_120047-20.000000-25.000000.png,2024-12-17T06:00:47,2024-12-17T12:00:47,20.0,25.0,2024-12-17T09:00:47,22.5,11.1238434802504,79.0183136392333,NOISE,2024-12-17T09:00:47,22.5,11.1238434802504,79.0183136392333,NOISE,2024-12-17T09:00:47,22.5,11.1238434802504,79.0183136392333,NOISE,2024-12-17T09:00:47,22.5,11.1238434802504,79.0183136392333,NOISE
2026-04-17T09:46:10.261351,Map-Energy__sum__linear-conv00102-20241217_120047-20241217_180047-20.000000-25.000000.png,2024-12-17T12:00:47,2024-12-17T18:00:47,20.0,25.0,2024-12-17T15:00:47,22.5,11.1238434802504,79.0183136392333,NOISE,2024-12-17T15:00:47,22.5,11.1238434802504,79.0183136392333,NOISE,2024-12-17T15:00:47,22.5,11.1238434802504,79.0183136392333,NOISE,2024-12-17T15:00:47,22.5,11.1238434802504,79.0183136392333,NOISE
2026-04-17T09:46:18.685102,Map-Energy__sum__linear-conv00112-20241217_180047-20241218_000047-20.000000-25.000000.png,2024-12-17T18:00:47,2024-12-18T00:00:47,20.0,25.0,2024-12-17T21:00:47,22.5,11.1238434802504,79.0183136392333,NOISE,2024-12-17T21:00:47,22.5,11.1238434802504,79.0183136392333,NOISE,2024-12-17T21:00:47,22.5,11.1238434802504,79.0183136392333,NOISE,2024-12-17T21:00:47,22.5,11.1238434802504,79.0183136392333,NOISE
2026-04-17T09:46:20.916869,Map-Energy__sum__linear-conv00122-20241218_000047-20241218_060047-20.000000-25.000000.png,2024-12-18T00:00:47,2024-12-18T06:00:47,20.0,25.0,2024-12-18T03:00:47,22.5,11.1238434802504,79.0183136392333,NOISE,2024-12-18T03:00:47,22.5,11.1238434802504,79.0183136392333,NOISE,2024-12-18T03:00:47,22.5,11.1238434802504,79.0183136392333,NOISE,2024-12-18T03:00:47,22.5,11.1238434802504,79.0183136392333,NOISE
2026-04-17T09:46:22.045456,Map-Energy__sum__linear-conv00132-20241218_060047-20241218_120047-20.000000-25.000000.png,2024-12-18T06:00:47,2024-12-18T12:00:47,20.0,25.0,2024-12-18T09:00:47,22.5,11.1238434802504,79.0183136392333,NOISE,2024-12-18T09:00:47,22.5,11.1238434802504,79.0183136392333,NOISE,2024-12-18T09:00:47,22.5,11.1238434802504,79.0183136392333,NOISE,2024-12-18T09:00:47,22.5,11.1238434802504,79.0183136392333,NOISE
2026-04-17T09:46:23.285960,Map-Energy__sum__linear-conv00142-20241218_120047-20241218_180047-20.000000-25.000000.png,2024-12-18T12:00:47,2024-12-18T18:00:47,20.0,25.0,2024-12-18T15:00:47,22.5,11.1238434802504,79.0183136392333,NOISE,2024-12-18T15:00:47,22.5,11.1238434802504,79.0183136392333,NOISE,2024-12-18T15:00:47,22.5,11.1238434802504,79.0183136392333,NOISE,2024-12-18T15:00:47,22.5,11.1238434802504,79.0183136392333,NOISE
2026-04-17T09:46:24.525207,Map-Energy__sum__linear-conv00152-20241218_180047-20241219_000047-20.000000-25.000000.png,2024-12-18T18:00:47,2024-12-19T00:00:47,20.0,25.0,2024-12-18T21:00:47,22.5,11.1238434802504,79.0183136392333,NOISE,2024-12-18T21:00:47,22.5,11.1238434802504,79.0183136392333,NOISE,2024-12-18T21:00:47,22.5,11.1238434802504,79.0183136392333,NOISE,2024-12-18T21:00:47,22.5,11.1238434802504,79.0183136392333,NOISE
2026-04-17T09:46:25.813194,Map-Energy__sum__linear-conv00162-20241219_000047-20241219_060047-20.000000-25.000000.png,2024-12-19T00:00:47,2024-12-19T06:00:47,20.0,25.0,2024-12-19T03:00:47,22.5,11.1238434802504,79.0183136392333,NOISE,2024-12-19T03:00:47,22.5,11.1238434802504,79.0183136392333,NOISE,2024-12-19T03:00:47,22.5,11.1238434802504,79.0183136392333,NOISE,2024-12-19T03:00:47,22.5,11.1238434802504,79.0183136392333,NOISE
2026-04-17T09:46:28.061135,Map-Energy__sum__linear-conv00172-20241219_060047-20241219_120047-20.000000-25.000000.png,2024-12-19T06:00:47,2024-12-19T12:00:47,20.0,25.0,2024-12-19T09:00:47,22.5,11.1238434802504,79.0183136392333,NOISE,2024-12-19T09:00:47,22.5,11.1238434802504,79.0183136392333,NOISE,2024-12-19T09:00:47,22.5,11.1238434802504,79.0183136392333,NOISE,2024-12-19T09:00:47,22.5,11.1238434802504,79.0183136392333,NOISE
2026-04-17T09:46:29.213193,Map-Energy__sum__linear-conv00182-20241219_120047-20241219_180047-20.000000-25.000000.png,2024-12-19T12:00:47,2024-12-19T18:00:47,20.0,25.0,2024-12-19T15:00:47,22.5,11.1238434802504,79.0183136392333,NOISE,2024-12-19T15:00:47,22.5,11.1238434802504,79.0183136392333,NOISE,2024-12-19T15:00:47,22.5,11.1238434802504,79.0183136392333,NOISE,2024-12-19T15:00:47,22.5,11.1238434802504,79.0183136392333,NOISE
2026-04-17T09:46:30.293269,Map-Energy__sum__linear-conv00192-20241219_180047-20241220_000047-20.000000-25.000000.png,2024-12-19T18:00:47,2024-12-20T00:00:47,20.0,25.0,2024-12-19T21:00:47,22.5,11.1238434802504,79.0183136392333,NOISE,2024-12-19T21:00:47,22.5,11.1238434802504,79.0183136392333,NOISE,2024-12-19T21:00:47,22.5,11.1238434802504,79.0183136392333,NOISE,2024-12-19T21:00:47,22.5,11.1238434802504,79.0183136392333,NOISE
2026-04-17T09:46:31.397265,Map-Energy__sum__linear-conv00202-20241220_000047-20241220_060047-20.000000-25.000000.png,2024-12-20T00:00:47,2024-12-20T06:00:47,20.0,25.0,2024-12-20T03:00:47,22.5,11.1238434802504,79.0183136392333,NOISE,2024-12-20T03:00:47,22.5,11.1238434802504,79.0183136392333,NOISE,2024-12-20T03:00:47,22.5,11.1238434802504,79.0183136392333,NOISE,2024-12-20T03:00:47,22.5,11.1238434802504,79.0183136392333,NOISE
2026-04-17T09:46:32.589122,Map-Energy__sum__linear-conv00212-20241220_060047-20241220_120047-20.000000-25.000000.png,2024-12-20T06:00:47,2024-12-20T12:00:47,20.0,25.0,2024-12-20T09:00:47,22.5,11.1238434802504,79.0183136392333,NOISE,2024-12-20T09:00:47,22.5,11.1238434802504,79.0183136392333,NOISE,2024-12-20T09:00:47,22.5,11.1238434802504,79.0183136392333,NOISE,2024-12-20T09:00:47,22.5,11.1238434802504,79.0183136392333,NOISE
2026-04-17T09:46:34.733209,Map-Energy__sum__linear-conv00222-20241220_120047-20241220_180047-20.000000-25.000000.png,2024-12-20T12:00:47,2024-12-20T18:00:47,20.0,25.0,2024-12-20T15:00:47,22.5,11.1238434802504,79.0183136392333,NOISE,2024-12-20T15:00:47,22.5,11.1238434802504,79.0183136392333,NOISE,2024-12-20T15:00:47,22.5,11.1238434802504,79.0183136392333,NOISE,2024-12-20T15:00:47,22.5,11.1238434802504,79.0183136392333,NOISE
2026-04-17T09:46:36.053232,Map-Energy__sum__linear-conv00232-20241220_180047-20241221_000047-20.000000-25.000000.png,2024-12-20T18:00:47,2024-12-21T00:00:47,20.0,25.0,2024-12-20T21:00:47,22.5,11.1238434802504,79.0183136392333,NOISE,2024-12-20T21:00:47,22.5,11.1238434802504,79.0183136392333,NOISE,2024-12-20T21:00:47,22.5,11.1238434802504,79.0183136392333,NOISE,2024-12-20T21:00:47,22.5,11.1238434802504,79.0183136392333,NOISE
2026-04-17T09:46:37.101195,Map-Energy__sum__linear-conv00242-20241221_000047-20241221_060047-20.000000-25.000000.png,2024-12-21T00:00:47,2024-12-21T06:00:47,20.0,25.0,2024-12-21T03:00:47,22.5,11.1238434802504,79.0183136392333,NOISE,2024-12-21T03:00:47,22.5,11.1238434802504,79.0183136392333,NOISE,2024-12-21T03:00:47,22.5,11.1238434802504,79.0183136392333,NOISE,2024-12-21T03:00:47,22.5,11.1238434802504,79.0183136392333,NOISE
2026-04-17T09:46:45.125659,Map-Energy__sum__linear-conv00252-20241221_060047-20241221_120047-20.000000-25.000000.png,2024-12-21T06:00:47,2024-12-21T12:00:47,20.0,25.0,2024-12-21T11:08:58,21.340485,11.178069075625,79.017317823052,VESSEL,2024-12-21T09:00:47,22.5,11.1238434802504,79.0183136392333,NOISE,2024-12-21T09:00:47,22.5,11.1238434802504,79.0183136392333,NOISE,2024-12-21T09:00:47,22.5,11.1238434802504,79.0183136392333,NOISE
2026-04-17T09:46:54.453156,Map-Energy__sum__linear-conv00262-20241221_120047-20241221_180047-20.000000-25.000000.png,2024-12-21T12:00:47,2024-12-21T18:00:47,20.0,25.0,2024-12-21T15:16:02,20.787964,11.2036948285966,79.016705207839,SEISMIC,2024-12-21T15:00:47,22.5,11.1238434802504,79.0183136392333,NOISE,2024-12-21T15:00:47,22.5,11.1238434802504,79.0183136392333,NOISE,2024-12-21T15:00:47,22.5,11.1238434802504,79.0183136392333,NOISE
2026-04-17T09:47:04.485127,Map-Energy__sum__linear-conv00272-20241221_180047-20241222_000047-20.000000-25.000000.png,2024-12-21T18:00:47,2024-12-22T00:00:47,20.0,25.0,2024-12-21T19:20:40,24.180908,11.0451916115673,79.0196049284694,VESSEL,2024-12-21T21:05:33,20.406647,11.2214171005024,79.0162871704453,SEISMIC,2024-12-21T21:00:47,22.5,11.1238434802504,79.0183136392333,NOISE,2024-12-21T21:00:47,22.5,11.1238434802504,79.0183136392333,NOISE
2026-04-17T09:47:12.293057,Map-Energy__sum__linear-conv00282-20241222_000047-20241222_060047-20.000000-25.000000.png,2024-12-22T00:00:47,2024-12-22T06:00:47,20.0,25.0,2024-12-22T01:00:20,20.274354,11.2279470066108,79.0161339584622,OTHER,2024-12-22T03:00:47,22.5,11.1238434802504,79.0183136392333,NOISE,2024-12-22T03:00:47,22.5,11.1238434802504,79.0183136392333,NOISE,2024-12-22T03:00:47,22.5,11.1238434802504,79.0183136392333,NOISE
2026-04-17T09:47:24.005077,Map-Energy__sum__linear-conv00292-20241222_060047-20241222_120047-20.000000-25.000000.png,2024-12-22T06:00:47,2024-12-22T12:00:47,20.0,25.0,2024-12-22T07:26:04,20.18097,11.2321445682588,79.0160354702087,OTHER,2024-12-22T09:00:47,22.5,11.1238434802504,79.0183136392333,NOISE,2024-12-22T09:00:47,22.5,11.1238434802504,79.0183136392333,NOISE,2024-12-22T09:00:47,22.5,11.1238434802504,79.0183136392333,NOISE
2026-04-17T09:47:29.453050,Map-Energy__sum__linear-conv00302-20241222_120047-20241222_180047-20.000000-25.000000.png,2024-12-22T12:00:47,2024-12-22T18:00:47,20.0,25.0,2024-12-22T15:00:47,22.5,11.1238434802504,79.0183136392333,NOISE,2024-12-22T15:00:47,22.5,11.1238434802504,79.0183136392333,NOISE,2024-12-22T15:00:47,22.5,11.1238434802504,79.0183136392333,NOISE,2024-12-22T15:00:47,22.5,11.1238434802504,79.0183136392333,NOISE
2026-04-17T09:47:40.005089,Map-Energy__sum__linear-conv00312-20241222_180047-20241223_000047-20.000000-25.000000.png,2024-12-22T18:00:47,2024-12-23T00:00:47,20.0,25.0,2024-12-22T22:31:02,20.14206,11.2340103544656,79.0159916939559,VESSEL,2024-12-22T20:20:44,20.624543,11.2116228836695,79.0165169750456,OTHER,2024-12-22T21:00:47,22.5,11.1238434802504,79.0183136392333,NOISE,2024-12-22T21:00:47,22.5,11.1238434802504,79.0183136392333,NOISE
2026-04-17T09:47:42.325134,Map-Energy__sum__linear-conv00322-20241223_000047-20241223_060047-20.000000-25.000000.png,2024-12-23T00:00:47,2024-12-23T06:00:47,20.0,25.0,2024-12-23T03:00:47,22.5,11.1238434802504,79.0183136392333,NOISE,2024-12-23T03:00:47,22.5,11.1238434802504,79.0183136392333,NOISE,2024-12-23T03:00:47,22.5,11.1238434802504,79.0183136392333,NOISE,2024-12-23T03:00:47,22.5,11.1238434802504,79.0183136392333,NOISE
2026-04-17T09:47:45.269266,Map-Energy__sum__linear-conv00005-20241223_060047-20241223_120047-20.000000-25.000000.png,2024-12-23T06:00:47,2024-12-23T12:00:47,20.0,25.0,2024-12-23T09:00:47,22.5,11.1238434802504,79.0183136392333,NOISE,2024-12-23T09:00:47,22.5,11.1238434802504,79.0183136392333,NOISE,2024-12-23T09:00:47,22.5,11.1238434802504,79.0183136392333,NOISE,2024-12-23T09:00:47,22.5,11.1238434802504,79.0183136392333,NOISE
2026-04-17T09:47:46.556957,Map-Energy__sum__linear-conv00015-20241223_120047-20241223_180047-20.000000-25.000000.png,2024-12-23T12:00:47,2024-12-23T18:00:47,20.0,25.0,2024-12-23T15:00:47,22.5,11.1238434802504,79.0183136392333,NOISE,2024-12-23T15:00:47,22.5,11.1238434802504,79.0183136392333,NOISE,2024-12-23T15:00:47,22.5,11.1238434802504,79.0183136392333,NOISE,2024-12-23T15:00:47,22.5,11.1238434802504,79.0183136392333,NOISE
2026-04-17T09:47:47.964947,Map-Energy__sum__linear-conv00025-20241223_180047-20241224_000047-20.000000-25.000000.png,2024-12-23T18:00:47,2024-12-24T00:00:47,20.0,25.0,2024-12-23T21:00:47,22.5,11.1238434802504,79.0183136392333,NOISE,2024-12-23T21:00:47,22.5,11.1238434802504,79.0183136392333,NOISE,2024-12-23T21:00:47,22.5,11.1238434802504,79.0183136392333,NOISE,2024-12-23T21:00:47,22.5,11.1238434802504,79.0183136392333,NOISE
2026-04-17T09:47:49.772936,Map-Energy__sum__linear-conv00035-20241224_000047-20241224_060047-20.000000-25.000000.png,2024-12-24T00:00:47,2024-12-24T06:00:47,20.0,25.0,2024-12-24T03:00:47,22.5,11.1238434802504,79.0183136392333,NOISE,2024-12-24T03:00:47,22.5,11.1238434802504,79.0183136392333,NOISE,2024-12-24T03:00:47,22.5,11.1238434802504,79.0183136392333,NOISE,2024-12-24T03:00:47,22.5,11.1238434802504,79.0183136392333,NOISE
2026-04-17T09:47:56.893154,Map-Energy__sum__linear-conv00045-20241224_060047-20241224_120047-20.000000-25.000000.png,2024-12-24T06:00:47,2024-12-24T12:00:47,20.0,25.0,2024-12-24T09:00:47,22.5,11.1238434802504,79.0183136392333,NOISE,2024-12-24T09:00:47,22.5,11.1238434802504,79.0183136392333,NOISE,2024-12-24T09:00:47,22.5,11.1238434802504,79.0183136392333,NOISE,2024-12-24T09:00:47,22.5,11.1238434802504,79.0183136392333,NOISE
2026-04-17T09:48:03.205050,Map-Energy__sum__linear-conv00055-20241224_120047-20241224_180047-20.000000-25.000000.png,2024-12-24T12:00:47,2024-12-24T18:00:47,20.0,25.0,2024-12-24T15:08:24,20.632325,11.2111564143891,79.016527919632,OTHER,2024-12-24T15:00:47,22.5,11.1238434802504,79.0183136392333,NOISE,2024-12-24T15:00:47,22.5,11.1238434802504,79.0183136392333,NOISE,2024-12-24T15:00:47,22.5,11.1238434802504,79.0183136392333,NOISE
2026-04-17T09:48:13.221895,Map-Energy__sum__linear-conv00065-20241224_180047-20241225_000047-20.000000-25.000000.png,2024-12-24T18:00:47,2024-12-25T00:00:47,20.0,25.0,2024-12-24T19:44:11,20.445557,11.2195512843196,79.0163309491863,OTHER,2024-12-24T22:01:09,23.418274,11.0807509281595,79.0189883492799,OTHER,2024-12-24T21:00:47,22.5,11.1238434802504,79.0183136392333,NOISE,2024-12-24T21:00:47,22.5,11.1238434802504,79.0183136392333,NOISE
2026-04-17T09:48:25.196909,Map-Energy__sum__linear-conv00075-20241225_000047-20241225_060047-20.000000-25.000000.png,2024-12-25T00:00:47,2024-12-25T06:00:47,20.0,25.0,2024-12-25T02:15:01,24.289855,11.0400427479213,79.0196945315659,VESSEL,2024-12-25T03:55:26,20.414429,11.2214171005024,79.0162871704453,OTHER,2024-12-25T03:00:47,22.5,11.1238434802504,79.0183136392333,NOISE,2024-12-25T03:00:47,22.5,11.1238434802504,79.0183136392333,NOISE
2026-04-17T09:48:33.588805,Map-Energy__sum__linear-conv00085-20241225_060047-20241225_120047-20.000000-25.000000.png,2024-12-25T06:00:47,2024-12-25T12:00:47,20.0,25.0,2024-12-25T07:55:38,20.834656,11.2018298795329,79.0167497911422,OTHER,2024-12-25T09:00:47,22.5,11.1238434802504,79.0183136392333,NOISE,2024-12-25T09:00:47,22.5,11.1238434802504,79.0183136392333,NOISE,2024-12-25T09:00:47,22.5,11.1238434802504,79.0183136392333,NOISE
2026-04-17T09:48:38.885556,Map-Energy__sum__linear-conv00095-20241225_120047-20241225_180047-20.000000-25.000000.png,2024-12-25T12:00:47,2024-12-25T18:00:47,20.0,25.0,2024-12-25T12:23:28,24.2276,11.0428512836749,79.0196456551502,VESSEL,2024-12-25T15:00:47,22.5,11.1238434802504,79.0183136392333,NOISE,2024-12-25T15:00:47,22.5,11.1238434802504,79.0183136392333,NOISE,2024-12-25T15:00:47,22.5,11.1238434802504,79.0183136392333,NOISE
2026-04-17T09:48:49.613046,Map-Energy__sum__linear-conv00105-20241225_180047-20241226_000047-20.000000-25.000000.png,2024-12-25T18:00:47,2024-12-26T00:00:47,20.0,25.0,2024-12-25T23:42:40,23.815155,11.0620344209337,79.0193118245196,OTHER,2024-12-25T21:00:47,22.5,11.1238434802504,79.0183136392333,NOISE,2024-12-25T21:00:47,22.5,11.1238434802504,79.0183136392333,NOISE,2024-12-25T21:00:47,22.5,11.1238434802504,79.0183136392333,NOISE
2026-04-17T09:48:58.469042,Map-Energy__sum__linear-conv00115-20241226_000047-20241226_060047-20.000000-25.000000.png,2024-12-26T00:00:47,2024-12-26T06:00:47,20.0,25.0,2024-12-26T02:57:17,23.114776,11.0952733846871,79.0187609667269,VESSEL,2024-12-26T03:00:47,22.5,11.1238434802504,79.0183136392333,NOISE,2024-12-26T03:00:47,22.5,11.1238434802504,79.0183136392333,NOISE,2024-12-26T03:00:47,22.5,11.1238434802504,79.0183136392333,NOISE
2026-04-17T09:49:01.437193,Map-Energy__sum__linear-conv00125-20241226_060047-20241226_120047-20.000000-25.000000.png,2024-12-26T06:00:47,2024-12-26T12:00:47,20.0,25.0,2024-12-26T09:00:47,22.5,11.1238434802504,79.0183136392333,NOISE,2024-12-26T09:00:47,22.5,11.1238434802504,79.0183136392333,NOISE,2024-12-26T09:00:47,22.5,11.1238434802504,79.0183136392333,NOISE,2024-12-26T09:00:47,22.5,11.1238434802504,79.0183136392333,NOISE
2026-04-17T09:49:04.349090,Map-Energy__sum__linear-conv00135-20241226_120047-20241226_180047-20.000000-25.000000.png,2024-12-26T12:00:47,2024-12-26T18:00:47,20.0,25.0,2024-12-26T15:00:47,22.5,11.1238434802504,79.0183136392333,NOISE,2024-12-26T15:00:47,22.5,11.1238434802504,79.0183136392333,NOISE,2024-12-26T15:00:47,22.5,11.1238434802504,79.0183136392333,NOISE,2024-12-26T15:00:47,22.5,11.1238434802504,79.0183136392333,NOISE
2026-04-17T09:49:06.541129,Map-Energy__sum__linear-conv00145-20241226_180047-20241227_000047-20.000000-25.000000.png,2024-12-26T18:00:47,2024-12-27T00:00:47,20.0,25.0,2024-12-26T21:00:47,22.5,11.1238434802504,79.0183136392333,NOISE,2024-12-26T21:00:47,22.5,11.1238434802504,79.0183136392333,NOISE,2024-12-26T21:00:47,22.5,11.1238434802504,79.0183136392333,NOISE,2024-12-26T21:00:47,22.5,11.1238434802504,79.0183136392333,NOISE
2026-04-17T09:49:08.244881,Map-Energy__sum__linear-conv00155-20241227_000047-20241227_060047-20.000000-25.000000.png,2024-12-27T00:00:47,2024-12-27T06:00:47,20.0,25.0,2024-12-27T03:00:47,22.5,11.1238434802504,79.0183136392333,NOISE,2024-12-27T03:00:47,22.5,11.1238434802504,79.0183136392333,NOISE,2024-12-27T03:00:47,22.5,11.1238434802504,79.0183136392333,NOISE,2024-12-27T03:00:47,22.5,11.1238434802504,79.0183136392333,NOISE
2026-04-17T09:49:09.533020,Map-Energy__sum__linear-conv00165-20241227_060047-20241227_120047-20.000000-25.000000.png,2024-12-27T06:00:47,2024-12-27T12:00:47,20.0,25.0,2024-12-27T09:00:47,22.5,11.1238434802504,79.0183136392333,NOISE,2024-12-27T09:00:47,22.5,11.1238434802504,79.0183136392333,NOISE,2024-12-27T09:00:47,22.5,11.1238434802504,79.0183136392333,NOISE,2024-12-27T09:00:47,22.5,11.1238434802504,79.0183136392333,NOISE
2026-04-17T09:49:10.661336,Map-Energy__sum__linear-conv00175-20241227_120047-20241227_180047-20.000000-25.000000.png,2024-12-27T12:00:47,2024-12-27T18:00:47,20.0,25.0,2024-12-27T15:00:47,22.5,11.1238434802504,79.0183136392333,NOISE,2024-12-27T15:00:47,22.5,11.1238434802504,79.0183136392333,NOISE,2024-12-27T15:00:47,22.5,11.1238434802504,79.0183136392333,NOISE,2024-12-27T15:00:47,22.5,11.1238434802504,79.0183136392333,NOISE
2026-04-17T09:49:11.924689,Map-Energy__sum__linear-conv00185-20241227_180047-20241228_000047-20.000000-25.000000.png,2024-12-27T18:00:47,2024-12-28T00:00:47,20.0,25.0,2024-12-27T21:00:47,22.5,11.1238434802504,79.0183136392333,NOISE,2024-12-27T21:00:47,22.5,11.1238434802504,79.0183136392333,NOISE,2024-12-27T21:00:47,22.5,11.1238434802504,79.0183136392333,NOISE,2024-12-27T21:00:47,22.5,11.1238434802504,79.0183136392333,NOISE
2026-04-17T09:49:13.045088,Map-Energy__sum__linear-conv00195-20241228_000047-20241228_060047-20.000000-25.000000.png,2024-12-28T00:00:47,2024-12-28T06:00:47,20.0,25.0,2024-12-28T03:00:47,22.5,11.1238434802504,79.0183136392333,NOISE,2024-12-28T03:00:47,22.5,11.1238434802504,79.0183136392333,NOISE,2024-12-28T03:00:47,22.5,11.1238434802504,79.0183136392333,NOISE,2024-12-28T03:00:47,22.5,11.1238434802504,79.0183136392333,NOISE
2026-04-17T09:49:14.117928,Map-Energy__sum__linear-conv00205-20241228_060047-20241228_120047-20.000000-25.000000.png,2024-12-28T06:00:47,2024-12-28T12:00:47,20.0,25.0,2024-12-28T09:00:47,22.5,11.1238434802504,79.0183136392333,NOISE,2024-12-28T09:00:47,22.5,11.1238434802504,79.0183136392333,NOISE,2024-12-28T09:00:47,22.5,11.1238434802504,79.0183136392333,NOISE,2024-12-28T09:00:47,22.5,11.1238434802504,79.0183136392333,NOISE
2026-04-17T09:49:15.380982,Map-Energy__sum__linear-conv00215-20241228_120047-20241228_180047-20.000000-25.000000.png,2024-12-28T12:00:47,2024-12-28T18:00:47,20.0,25.0,2024-12-28T15:00:47,22.5,11.1238434802504,79.0183136392333,NOISE,2024-12-28T15:00:47,22.5,11.1238434802504,79.0183136392333,NOISE,2024-12-28T15:00:47,22.5,11.1238434802504,79.0183136392333,NOISE,2024-12-28T15:00:47,22.5,11.1238434802504,79.0183136392333,NOISE
2026-04-17T09:49:22.068922,Map-Energy__sum__linear-conv00225-20241228_180047-20241229_000047-20.000000-25.000000.png,2024-12-28T18:00:47,2024-12-29T00:00:47,20.0,25.0,2024-12-28T19:48:38,23.659515,11.0695225418809,79.0191815140975,VESSEL,2024-12-28T21:00:47,22.5,11.1238434802504,79.0183136392333,NOISE,2024-12-28T21:00:47,22.5,11.1238434802504,79.0183136392333,NOISE,2024-12-28T21:00:47,22.5,11.1238434802504,79.0183136392333,NOISE
2026-04-17T09:49:23.701065,Map-Energy__sum__linear-conv00235-20241229_000047-20241229_060047-20.000000-25.000000.png,2024-12-29T00:00:47,2024-12-29T06:00:47,20.0,25.0,2024-12-29T03:00:47,22.5,11.1238434802504,79.0183136392333,NOISE,2024-12-29T03:00:47,22.5,11.1238434802504,79.0183136392333,NOISE,2024-12-29T03:00:47,22.5,11.1238434802504,79.0183136392333,NOISE,2024-12-29T03:00:47,22.5,11.1238434802504,79.0183136392333,NOISE
2026-04-17T09:49:25.013031,Map-Energy__sum__linear-conv00245-20241229_060047-20241229_120047-20.000000-25.000000.png,2024-12-29T06:00:47,2024-12-29T12:00:47,20.0,25.0,2024-12-29T09:00:47,22.5,11.1238434802504,79.0183136392333,NOISE,2024-12-29T09:00:47,22.5,11.1238434802504,79.0183136392333,NOISE,2024-12-29T09:00:47,22.5,11.1238434802504,79.0183136392333,NOISE,2024-12-29T09:00:47,22.5,11.1238434802504,79.0183136392333,NOISE
2026-04-17T09:49:34.933010,Map-Energy__sum__linear-conv00255-20241229_120047-20241229_180047-20.000000-25.000000.png,2024-12-29T12:00:47,2024-12-29T18:00:47,20.0,25.0,2024-12-29T15:17:56,24.88327,11.0124287253862,79.0201750792276,OTHER,2024-12-29T15:00:47,22.5,11.1238434802504,79.0183136392333,NOISE,2024-12-29T15:00:47,22.5,11.1238434802504,79.0183136392333,NOISE,2024-12-29T15:00:47,22.5,11.1238434802504,79.0183136392333,NOISE
2026-04-17T09:49:36.916922,Map-Energy__sum__linear-conv00265-20241229_180047-20241230_000047-20.000000-25.000000.png,2024-12-29T18:00:47,2024-12-30T00:00:47,20.0,25.0,2024-12-29T21:00:47,22.5,11.1238434802504,79.0183136392333,NOISE,2024-12-29T21:00:47,22.5,11.1238434802504,79.0183136392333,NOISE,2024-12-29T21:00:47,22.5,11.1238434802504,79.0183136392333,NOISE,2024-12-29T21:00:47,22.5,11.1238434802504,79.0183136392333,NOISE
2026-04-17T09:49:38.901924,Map-Energy__sum__linear-conv00275-20241230_000047-20241230_060047-20.000000-25.000000.png,2024-12-30T00:00:47,2024-12-30T06:00:47,20.0,25.0,2024-12-30T03:00:47,22.5,11.1238434802504,79.0183136392333,NOISE,2024-12-30T03:00:47,22.5,11.1238434802504,79.0183136392333,NOISE,2024-12-30T03:00:47,22.5,11.1238434802504,79.0183136392333,NOISE,2024-12-30T03:00:47,22.5,11.1238434802504,79.0183136392333,NOISE
2026-04-17T09:49:42.932956,Map-Energy__sum__linear-conv00285-20241230_060047-20241230_120047-20.000000-25.000000.png,2024-12-30T06:00:47,2024-12-30T12:00:47,20.0,25.0,2024-12-30T09:00:47,22.5,11.1238434802504,79.0183136392333,NOISE,2024-12-30T09:00:47,22.5,11.1238434802504,79.0183136392333,NOISE,2024-12-30T09:00:47,22.5,11.1238434802504,79.0183136392333,NOISE,2024-12-30T09:00:47,22.5,11.1238434802504,79.0183136392333,NOISE
2026-04-17T09:49:45.916998,Map-Energy__sum__linear-conv00295-20241230_120047-20241230_180047-20.000000-25.000000.png,2024-12-30T12:00:47,2024-12-30T18:00:47,20.0,25.0,2024-12-30T15:00:47,22.5,11.1238434802504,79.0183136392333,NOISE,2024-12-30T15:00:47,22.5,11.1238434802504,79.0183136392333,NOISE,2024-12-30T15:00:47,22.5,11.1238434802504,79.0183136392333,NOISE,2024-12-30T15:00:47,22.5,11.1238434802504,79.0183136392333,NOISE
2026-04-17T09:49:49.996986,Map-Energy__sum__linear-conv00305-20241230_180047-20241231_000047-20.000000-25.000000.png,2024-12-30T18:00:47,2024-12-31T00:00:47,20.0,25.0,2024-12-30T21:00:47,22.5,11.1238434802504,79.0183136392333,NOISE,2024-12-30T21:00:47,22.5,11.1238434802504,79.0183136392333,NOISE,2024-12-30T21:00:47,22.5,11.1238434802504,79.0183136392333,NOISE,2024-12-30T21:00:47,22.5,11.1238434802504,79.0183136392333,NOISE
2026-04-17T09:49:51.277120,Map-Energy__sum__linear-conv00315-20241231_000047-20241231_060047-20.000000-25.000000.png,2024-12-31T00:00:47,2024-12-31T06:00:47,20.0,25.0,2024-12-31T03:00:47,22.5,11.1238434802504,79.0183136392333,NOISE,2024-12-31T03:00:47,22.5,11.1238434802504,79.0183136392333,NOISE,2024-12-31T03:00:47,22.5,11.1238434802504,79.0183136392333,NOISE,2024-12-31T03:00:47,22.5,11.1238434802504,79.0183136392333,NOISE
2026-04-17T09:49:52.461029,Map-Energy__sum__linear-conv00325-20241231_060047-20241231_120047-20.000000-25.000000.png,2024-12-31T06:00:47,2024-12-31T12:00:47,20.0,25.0,2024-12-31T09:00:47,22.5,11.1238434802504,79.0183136392333,NOISE,2024-12-31T09:00:47,22.5,11.1238434802504,79.0183136392333,NOISE,2024-12-31T09:00:47,22.5,11.1238434802504,79.0183136392333,NOISE,2024-12-31T09:00:47,22.5,11.1238434802504,79.0183136392333,NOISE
2026-04-17T09:49:57.749086,Map-Energy__sum__linear-conv00335-20241231_120047-20241231_180047-20.000000-25.000000.png,2024-12-31T12:00:47,2024-12-31T18:00:47,20.0,25.0,2024-12-31T14:58:14,24.453277,11.0325547422997,79.0198248405483,VESSEL,2024-12-31T15:00:47,22.5,11.1238434802504,79.0183136392333,NOISE,2024-12-31T15:00:47,22.5,11.1238434802504,79.0183136392333,NOISE,2024-12-31T15:00:47,22.5,11.1238434802504,79.0183136392333,NOISE
2026-04-17T09:49:59.493036,Map-Energy__sum__linear-conv00345-20241231_180047-20250101_000047-20.000000-25.000000.png,2024-12-31T18:00:47,2025-01-01T00:00:47,20.0,25.0,2024-12-31T21:00:47,22.5,11.1238434802504,79.0183136392333,NOISE,2024-12-31T21:00:47,22.5,11.1238434802504,79.0183136392333,NOISE,2024-12-31T21:00:47,22.5,11.1238434802504,79.0183136392333,NOISE,2024-12-31T21:00:47,22.5,11.1238434802504,79.0183136392333,NOISE
2026-04-17T09:50:01.116807,Map-Energy__sum__linear-conv00006-20241201_000047-20241201_060047-25.000000-30.000000.png,2024-12-01T00:00:47,2024-12-01T06:00:47,25.0,30.0,2024-12-01T03:00:47,27.5,10.889673808393,79.020806600637,NOISE,2024-12-01T03:00:47,27.5,10.889673808393,79.020806600637,NOISE,2024-12-01T03:00:47,27.5,10.889673808393,79.020806600637,NOISE,2024-12-01T03:00:47,27.5,10.889673808393,79.020806600637,NOISE
2026-04-17T09:50:05.085177,Map-Energy__sum__linear-conv00016-20241201_060047-20241201_120047-25.000000-30.000000.png,2024-12-01T06:00:47,2024-12-01T12:00:47,25.0,30.0,2024-12-01T09:00:47,27.5,10.889673808393,79.020806600637,NOISE,2024-12-01T09:00:47,27.5,10.889673808393,79.020806600637,NOISE,2024-12-01T09:00:47,27.5,10.889673808393,79.020806600637,NOISE,2024-12-01T09:00:47,27.5,10.889673808393,79.020806600637,NOISE
2026-04-17T09:50:07.829725,Map-Energy__sum__linear-conv00026-20241201_120047-20241201_180047-25.000000-30.000000.png,2024-12-01T12:00:47,2024-12-01T18:00:47,25.0,30.0,2024-12-01T15:00:47,27.5,10.889673808393,79.020806600637,NOISE,2024-12-01T15:00:47,27.5,10.889673808393,79.020806600637,NOISE,2024-12-01T15:00:47,27.5,10.889673808393,79.020806600637,NOISE,2024-12-01T15:00:47,27.5,10.889673808393,79.020806600637,NOISE
2026-04-17T09:50:12.229147,Map-Energy__sum__linear-conv00036-20241201_180047-20241202_000047-25.000000-30.000000.png,2024-12-01T18:00:47,2024-12-02T00:00:47,25.0,30.0,2024-12-01T21:00:47,27.5,10.889673808393,79.020806600637,NOISE,2024-12-01T21:00:47,27.5,10.889673808393,79.020806600637,NOISE,2024-12-01T21:00:47,27.5,10.889673808393,79.020806600637,NOISE,2024-12-01T21:00:47,27.5,10.889673808393,79.020806600637,NOISE
2026-04-17T09:50:37.293166,Map-Energy__sum__linear-conv00046-20241202_000047-20241202_060047-25.000000-30.000000.png,2024-12-02T00:00:47,2024-12-02T06:00:47,25.0,30.0,2024-12-02T03:00:47,27.5,10.889673808393,79.020806600637,NOISE,2024-12-02T03:00:47,27.5,10.889673808393,79.020806600637,NOISE,2024-12-02T03:00:47,27.5,10.889673808393,79.020806600637,NOISE,2024-12-02T03:00:47,27.5,10.889673808393,79.020806600637,NOISE
2026-04-17T09:50:41.404966,Map-Energy__sum__linear-conv00056-20241202_060047-20241202_120047-25.000000-30.000000.png,2024-12-02T06:00:47,2024-12-02T12:00:47,25.0,30.0,2024-12-02T09:00:47,27.5,10.889673808393,79.020806600637,NOISE,2024-12-02T09:00:47,27.5,10.889673808393,79.020806600637,NOISE,2024-12-02T09:00:47,27.5,10.889673808393,79.020806600637,NOISE,2024-12-02T09:00:47,27.5,10.889673808393,79.020806600637,NOISE
2026-04-17T09:50:44.028951,Map-Energy__sum__linear-conv00066-20241202_120047-20241202_180047-25.000000-30.000000.png,2024-12-02T12:00:47,2024-12-02T18:00:47,25.0,30.0,2024-12-02T15:00:47,27.5,10.889673808393,79.020806600637,NOISE,2024-12-02T15:00:47,27.5,10.889673808393,79.020806600637,NOISE,2024-12-02T15:00:47,27.5,10.889673808393,79.020806600637,NOISE,2024-12-02T15:00:47,27.5,10.889673808393,79.020806600637,NOISE
2026-04-17T09:50:57.445284,Map-Energy__sum__linear-conv00076-20241202_180047-20241203_000047-25.000000-30.000000.png,2024-12-02T18:00:47,2024-12-03T00:00:47,25.0,30.0,2024-12-02T21:00:47,27.5,10.889673808393,79.020806600637,NOISE,2024-12-02T21:00:47,27.5,10.889673808393,79.020806600637,NOISE,2024-12-02T21:00:47,27.5,10.889673808393,79.020806600637,NOISE,2024-12-02T21:00:47,27.5,10.889673808393,79.020806600637,NOISE
2026-04-17T09:51:00.572904,Map-Energy__sum__linear-conv00086-20241203_000047-20241203_060047-25.000000-30.000000.png,2024-12-03T00:00:47,2024-12-03T06:00:47,25.0,30.0,2024-12-03T03:00:47,27.5,10.889673808393,79.020806600637,NOISE,2024-12-03T03:00:47,27.5,10.889673808393,79.020806600637,NOISE,2024-12-03T03:00:47,27.5,10.889673808393,79.020806600637,NOISE,2024-12-03T03:00:47,27.5,10.889673808393,79.020806600637,NOISE
2026-04-17T09:51:04.348967,Map-Energy__sum__linear-conv00096-20241203_060047-20241203_120047-25.000000-30.000000.png,2024-12-03T06:00:47,2024-12-03T12:00:47,25.0,30.0,2024-12-03T09:00:47,27.5,10.889673808393,79.020806600637,NOISE,2024-12-03T09:00:47,27.5,10.889673808393,79.020806600637,NOISE,2024-12-03T09:00:47,27.5,10.889673808393,79.020806600637,NOISE,2024-12-03T09:00:47,27.5,10.889673808393,79.020806600637,NOISE
2026-04-17T09:51:06.301002,Map-Energy__sum__linear-conv00106-20241203_120047-20241203_180047-25.000000-30.000000.png,2024-12-03T12:00:47,2024-12-03T18:00:47,25.0,30.0,2024-12-03T15:00:47,27.5,10.889673808393,79.020806600637,NOISE,2024-12-03T15:00:47,27.5,10.889673808393,79.020806600637,NOISE,2024-12-03T15:00:47,27.5,10.889673808393,79.020806600637,NOISE,2024-12-03T15:00:47,27.5,10.889673808393,79.020806600637,NOISE
2026-04-17T09:51:07.748959,Map-Energy__sum__linear-conv00116-20241203_180047-20241204_000047-25.000000-30.000000.png,2024-12-03T18:00:47,2024-12-04T00:00:47,25.0,30.0,2024-12-03T21:00:47,27.5,10.889673808393,79.020806600637,NOISE,2024-12-03T21:00:47,27.5,10.889673808393,79.020806600637,NOISE,2024-12-03T21:00:47,27.5,10.889673808393,79.020806600637,NOISE,2024-12-03T21:00:47,27.5,10.889673808393,79.020806600637,NOISE
2026-04-17T09:51:08.660994,Map-Energy__sum__linear-conv00006-20241204_000047-20241204_060047-25.000000-30.000000.png,2024-12-04T00:00:47,2024-12-04T06:00:47,25.0,30.0,2024-12-04T03:00:47,27.5,10.889673808393,79.020806600637,NOISE,2024-12-04T03:00:47,27.5,10.889673808393,79.020806600637,NOISE,2024-12-04T03:00:47,27.5,10.889673808393,79.020806600637,NOISE,2024-12-04T03:00:47,27.5,10.889673808393,79.020806600637,NOISE
2026-04-17T09:51:09.452975,Map-Energy__sum__linear-conv00016-20241204_060047-20241204_120047-25.000000-30.000000.png,2024-12-04T06:00:47,2024-12-04T12:00:47,25.0,30.0,2024-12-04T09:00:47,27.5,10.889673808393,79.020806600637,NOISE,2024-12-04T09:00:47,27.5,10.889673808393,79.020806600637,NOISE,2024-12-04T09:00:47,27.5,10.889673808393,79.020806600637,NOISE,2024-12-04T09:00:47,27.5,10.889673808393,79.020806600637,NOISE
2026-04-17T09:51:10.508883,Map-Energy__sum__linear-conv00026-20241204_120047-20241204_180047-25.000000-30.000000.png,2024-12-04T12:00:47,2024-12-04T18:00:47,25.0,30.0,2024-12-04T15:00:47,27.5,10.889673808393,79.020806600637,NOISE,2024-12-04T15:00:47,27.5,10.889673808393,79.020806600637,NOISE,2024-12-04T15:00:47,27.5,10.889673808393,79.020806600637,NOISE,2024-12-04T15:00:47,27.5,10.889673808393,79.020806600637,NOISE
2026-04-17T09:51:11.236969,Map-Energy__sum__linear-conv00036-20241204_180047-20241205_000047-25.000000-30.000000.png,2024-12-04T18:00:47,2024-12-05T00:00:47,25.0,30.0,2024-12-04T21:00:47,27.5,10.889673808393,79.020806600637,NOISE,2024-12-04T21:00:47,27.5,10.889673808393,79.020806600637,NOISE,2024-12-04T21:00:47,27.5,10.889673808393,79.020806600637,NOISE,2024-12-04T21:00:47,27.5,10.889673808393,79.020806600637,NOISE
2026-04-17T09:51:11.813054,Map-Energy__sum__linear-conv00046-20241205_000047-20241205_060047-25.000000-30.000000.png,2024-12-05T00:00:47,2024-12-05T06:00:47,25.0,30.0,2024-12-05T03:00:47,27.5,10.889673808393,79.020806600637,NOISE,2024-12-05T03:00:47,27.5,10.889673808393,79.020806600637,NOISE,2024-12-05T03:00:47,27.5,10.889673808393,79.020806600637,NOISE,2024-12-05T03:00:47,27.5,10.889673808393,79.020806600637,NOISE
2026-04-17T09:51:12.444611,Map-Energy__sum__linear-conv00056-20241205_060047-20241205_120047-25.000000-30.000000.png,2024-12-05T06:00:47,2024-12-05T12:00:47,25.0,30.0,2024-12-05T09:00:47,27.5,10.889673808393,79.020806600637,NOISE,2024-12-05T09:00:47,27.5,10.889673808393,79.020806600637,NOISE,2024-12-05T09:00:47,27.5,10.889673808393,79.020806600637,NOISE,2024-12-05T09:00:47,27.5,10.889673808393,79.020806600637,NOISE
2026-04-17T09:51:13.205338,Map-Energy__sum__linear-conv00066-20241205_120047-20241205_180047-25.000000-30.000000.png,2024-12-05T12:00:47,2024-12-05T18:00:47,25.0,30.0,2024-12-05T15:00:47,27.5,10.889673808393,79.020806600637,NOISE,2024-12-05T15:00:47,27.5,10.889673808393,79.020806600637,NOISE,2024-12-05T15:00:47,27.5,10.889673808393,79.020806600637,NOISE,2024-12-05T15:00:47,27.5,10.889673808393,79.020806600637,NOISE
2026-04-17T09:51:13.853001,Map-Energy__sum__linear-conv00076-20241205_180047-20241206_000047-25.000000-30.000000.png,2024-12-05T18:00:47,2024-12-06T00:00:47,25.0,30.0,2024-12-05T21:00:47,27.5,10.889673808393,79.020806600637,NOISE,2024-12-05T21:00:47,27.5,10.889673808393,79.020806600637,NOISE,2024-12-05T21:00:47,27.5,10.889673808393,79.020806600637,NOISE,2024-12-05T21:00:47,27.5,10.889673808393,79.020806600637,NOISE
2026-04-17T09:51:14.501181,Map-Energy__sum__linear-conv00086-20241206_000047-20241206_060047-25.000000-30.000000.png,2024-12-06T00:00:47,2024-12-06T06:00:47,25.0,30.0,2024-12-06T03:00:47,27.5,10.889673808393,79.020806600637,NOISE,2024-12-06T03:00:47,27.5,10.889673808393,79.020806600637,NOISE,2024-12-06T03:00:47,27.5,10.889673808393,79.020806600637,NOISE,2024-12-06T03:00:47,27.5,10.889673808393,79.020806600637,NOISE
2026-04-17T09:51:15.236991,Map-Energy__sum__linear-conv00096-20241206_060047-20241206_120047-25.000000-30.000000.png,2024-12-06T06:00:47,2024-12-06T12:00:47,25.0,30.0,2024-12-06T09:00:47,27.5,10.889673808393,79.020806600637,NOISE,2024-12-06T09:00:47,27.5,10.889673808393,79.020806600637,NOISE,2024-12-06T09:00:47,27.5,10.889673808393,79.020806600637,NOISE,2024-12-06T09:00:47,27.5,10.889673808393,79.020806600637,NOISE
2026-04-17T09:51:15.940977,Map-Energy__sum__linear-conv00106-20241206_120047-20241206_180047-25.000000-30.000000.png,2024-12-06T12:00:47,2024-12-06T18:00:47,25.0,30.0,2024-12-06T15:00:47,27.5,10.889673808393,79.020806600637,NOISE,2024-12-06T15:00:47,27.5,10.889673808393,79.020806600637,NOISE,2024-12-06T15:00:47,27.5,10.889673808393,79.020806600637,NOISE,2024-12-06T15:00:47,27.5,10.889673808393,79.020806600637,NOISE
2026-04-17T09:51:16.637714,Map-Energy__sum__linear-conv00116-20241206_180047-20241207_000047-25.000000-30.000000.png,2024-12-06T18:00:47,2024-12-07T00:00:47,25.0,30.0,2024-12-06T21:00:47,27.5,10.889673808393,79.020806600637,NOISE,2024-12-06T21:00:47,27.5,10.889673808393,79.020806600637,NOISE,2024-12-06T21:00:47,27.5,10.889673808393,79.020806600637,NOISE,2024-12-06T21:00:47,27.5,10.889673808393,79.020806600637,NOISE
2026-04-17T09:51:17.484848,Map-Energy__sum__linear-conv00126-20241207_000047-20241207_060047-25.000000-30.000000.png,2024-12-07T00:00:47,2024-12-07T06:00:47,25.0,30.0,2024-12-07T03:00:47,27.5,10.889673808393,79.020806600637,NOISE,2024-12-07T03:00:47,27.5,10.889673808393,79.020806600637,NOISE,2024-12-07T03:00:47,27.5,10.889673808393,79.020806600637,NOISE,2024-12-07T03:00:47,27.5,10.889673808393,79.020806600637,NOISE
2026-04-17T09:51:18.204810,Map-Energy__sum__linear-conv00136-20241207_060047-20241207_120047-25.000000-30.000000.png,2024-12-07T06:00:47,2024-12-07T12:00:47,25.0,30.0,2024-12-07T09:00:47,27.5,10.889673808393,79.020806600637,NOISE,2024-12-07T09:00:47,27.5,10.889673808393,79.020806600637,NOISE,2024-12-07T09:00:47,27.5,10.889673808393,79.020806600637,NOISE,2024-12-07T09:00:47,27.5,10.889673808393,79.020806600637,NOISE
2026-04-17T09:51:19.044930,Map-Energy__sum__linear-conv00146-20241207_120047-20241207_180047-25.000000-30.000000.png,2024-12-07T12:00:47,2024-12-07T18:00:47,25.0,30.0,2024-12-07T15:00:47,27.5,10.889673808393,79.020806600637,NOISE,2024-12-07T15:00:47,27.5,10.889673808393,79.020806600637,NOISE,2024-12-07T15:00:47,27.5,10.889673808393,79.020806600637,NOISE,2024-12-07T15:00:47,27.5,10.889673808393,79.020806600637,NOISE
2026-04-17T09:51:19.756876,Map-Energy__sum__linear-conv00156-20241207_180047-20241208_000047-25.000000-30.000000.png,2024-12-07T18:00:47,2024-12-08T00:00:47,25.0,30.0,2024-12-07T21:00:47,27.5,10.889673808393,79.020806600637,NOISE,2024-12-07T21:00:47,27.5,10.889673808393,79.020806600637,NOISE,2024-12-07T21:00:47,27.5,10.889673808393,79.020806600637,NOISE,2024-12-07T21:00:47,27.5,10.889673808393,79.020806600637,NOISE
2026-04-17T09:51:20.332997,Map-Energy__sum__linear-conv00166-20241208_000047-20241208_060047-25.000000-30.000000.png,2024-12-08T00:00:47,2024-12-08T06:00:47,25.0,30.0,2024-12-08T03:00:47,27.5,10.889673808393,79.020806600637,NOISE,2024-12-08T03:00:47,27.5,10.889673808393,79.020806600637,NOISE,2024-12-08T03:00:47,27.5,10.889673808393,79.020806600637,NOISE,2024-12-08T03:00:47,27.5,10.889673808393,79.020806600637,NOISE
2026-04-17T09:51:21.028944,Map-Energy__sum__linear-conv00176-20241208_060047-20241208_120047-25.000000-30.000000.png,2024-12-08T06:00:47,2024-12-08T12:00:47,25.0,30.0,2024-12-08T09:00:47,27.5,10.889673808393,79.020806600637,NOISE,2024-12-08T09:00:47,27.5,10.889673808393,79.020806600637,NOISE,2024-12-08T09:00:47,27.5,10.889673808393,79.020806600637,NOISE,2024-12-08T09:00:47,27.5,10.889673808393,79.020806600637,NOISE
2026-04-17T09:51:21.653422,Map-Energy__sum__linear-conv00186-20241208_120047-20241208_180047-25.000000-30.000000.png,2024-12-08T12:00:47,2024-12-08T18:00:47,25.0,30.0,2024-12-08T15:00:47,27.5,10.889673808393,79.020806600637,NOISE,2024-12-08T15:00:47,27.5,10.889673808393,79.020806600637,NOISE,2024-12-08T15:00:47,27.5,10.889673808393,79.020806600637,NOISE,2024-12-08T15:00:47,27.5,10.889673808393,79.020806600637,NOISE
2026-04-17T09:51:22.204894,Map-Energy__sum__linear-conv00196-20241208_180047-20241209_000047-25.000000-30.000000.png,2024-12-08T18:00:47,2024-12-09T00:00:47,25.0,30.0,2024-12-08T21:00:47,27.5,10.889673808393,79.020806600637,NOISE,2024-12-08T21:00:47,27.5,10.889673808393,79.020806600637,NOISE,2024-12-08T21:00:47,27.5,10.889673808393,79.020806600637,NOISE,2024-12-08T21:00:47,27.5,10.889673808393,79.020806600637,NOISE
2026-04-17T09:51:22.684949,Map-Energy__sum__linear-conv00206-20241209_000047-20241209_060047-25.000000-30.000000.png,2024-12-09T00:00:47,2024-12-09T06:00:47,25.0,30.0,2024-12-09T03:00:47,27.5,10.889673808393,79.020806600637,NOISE,2024-12-09T03:00:47,27.5,10.889673808393,79.020806600637,NOISE,2024-12-09T03:00:47,27.5,10.889673808393,79.020806600637,NOISE,2024-12-09T03:00:47,27.5,10.889673808393,79.020806600637,NOISE
2026-04-17T09:51:23.428630,Map-Energy__sum__linear-conv00216-20241209_060047-20241209_120047-25.000000-30.000000.png,2024-12-09T06:00:47,2024-12-09T12:00:47,25.0,30.0,2024-12-09T09:00:47,27.5,10.889673808393,79.020806600637,NOISE,2024-12-09T09:00:47,27.5,10.889673808393,79.020806600637,NOISE,2024-12-09T09:00:47,27.5,10.889673808393,79.020806600637,NOISE,2024-12-09T09:00:47,27.5,10.889673808393,79.020806600637,NOISE
2026-04-17T09:51:24.108958,Map-Energy__sum__linear-conv00226-20241209_120047-20241209_180047-25.000000-30.000000.png,2024-12-09T12:00:47,2024-12-09T18:00:47,25.0,30.0,2024-12-09T15:00:47,27.5,10.889673808393,79.020806600637,NOISE,2024-12-09T15:00:47,27.5,10.889673808393,79.020806600637,NOISE,2024-12-09T15:00:47,27.5,10.889673808393,79.020806600637,NOISE,2024-12-09T15:00:47,27.5,10.889673808393,79.020806600637,NOISE
2026-04-17T09:51:24.756925,Map-Energy__sum__linear-conv00236-20241209_180047-20241210_000047-25.000000-30.000000.png,2024-12-09T18:00:47,2024-12-10T00:00:47,25.0,30.0,2024-12-09T21:00:47,27.5,10.889673808393,79.020806600637,NOISE,2024-12-09T21:00:47,27.5,10.889673808393,79.020806600637,NOISE,2024-12-09T21:00:47,27.5,10.889673808393,79.020806600637,NOISE,2024-12-09T21:00:47,27.5,10.889673808393,79.020806600637,NOISE
2026-04-17T09:51:25.428883,Map-Energy__sum__linear-conv00246-20241210_000047-20241210_060047-25.000000-30.000000.png,2024-12-10T00:00:47,2024-12-10T06:00:47,25.0,30.0,2024-12-10T03:00:47,27.5,10.889673808393,79.020806600637,NOISE,2024-12-10T03:00:47,27.5,10.889673808393,79.020806600637,NOISE,2024-12-10T03:00:47,27.5,10.889673808393,79.020806600637,NOISE,2024-12-10T03:00:47,27.5,10.889673808393,79.020806600637,NOISE
2026-04-17T09:51:26.044975,Map-Energy__sum__linear-conv00256-20241210_060047-20241210_120047-25.000000-30.000000.png,2024-12-10T06:00:47,2024-12-10T12:00:47,25.0,30.0,2024-12-10T09:00:47,27.5,10.889673808393,79.020806600637,NOISE,2024-12-10T09:00:47,27.5,10.889673808393,79.020806600637,NOISE,2024-12-10T09:00:47,27.5,10.889673808393,79.020806600637,NOISE,2024-12-10T09:00:47,27.5,10.889673808393,79.020806600637,NOISE
2026-04-17T09:51:27.085057,Map-Energy__sum__linear-conv00266-20241210_120047-20241210_180047-25.000000-30.000000.png,2024-12-10T12:00:47,2024-12-10T18:00:47,25.0,30.0,2024-12-10T15:00:47,27.5,10.889673808393,79.020806600637,NOISE,2024-12-10T15:00:47,27.5,10.889673808393,79.020806600637,NOISE,2024-12-10T15:00:47,27.5,10.889673808393,79.020806600637,NOISE,2024-12-10T15:00:47,27.5,10.889673808393,79.020806600637,NOISE
2026-04-17T09:51:27.981012,Map-Energy__sum__linear-conv00276-20241210_180047-20241211_000047-25.000000-30.000000.png,2024-12-10T18:00:47,2024-12-11T00:00:47,25.0,30.0,2024-12-10T21:00:47,27.5,10.889673808393,79.020806600637,NOISE,2024-12-10T21:00:47,27.5,10.889673808393,79.020806600637,NOISE,2024-12-10T21:00:47,27.5,10.889673808393,79.020806600637,NOISE,2024-12-10T21:00:47,27.5,10.889673808393,79.020806600637,NOISE
2026-04-17T09:51:28.900760,Map-Energy__sum__linear-conv00286-20241211_000047-20241211_060047-25.000000-30.000000.png,2024-12-11T00:00:47,2024-12-11T06:00:47,25.0,30.0,2024-12-11T03:00:47,27.5,10.889673808393,79.020806600637,NOISE,2024-12-11T03:00:47,27.5,10.889673808393,79.020806600637,NOISE,2024-12-11T03:00:47,27.5,10.889673808393,79.020806600637,NOISE,2024-12-11T03:00:47,27.5,10.889673808393,79.020806600637,NOISE
2026-04-17T09:51:29.271623,Map-Energy__sum__linear-conv00296-20241211_060047-20241211_120047-25.000000-30.000000.png,2024-12-11T06:00:47,2024-12-11T12:00:47,25.0,30.0,2024-12-11T09:00:47,27.5,10.889673808393,79.020806600637,NOISE,2024-12-11T09:00:47,27.5,10.889673808393,79.020806600637,NOISE,2024-12-11T09:00:47,27.5,10.889673808393,79.020806600637,NOISE,2024-12-11T09:00:47,27.5,10.889673808393,79.020806600637,NOISE
2026-04-17T09:51:29.725030,Map-Energy__sum__linear-conv00306-20241211_120047-20241211_180047-25.000000-30.000000.png,2024-12-11T12:00:47,2024-12-11T18:00:47,25.0,30.0,2024-12-11T15:00:47,27.5,10.889673808393,79.020806600637,NOISE,2024-12-11T15:00:47,27.5,10.889673808393,79.020806600637,NOISE,2024-12-11T15:00:47,27.5,10.889673808393,79.020806600637,NOISE,2024-12-11T15:00:47,27.5,10.889673808393,79.020806600637,NOISE
2026-04-17T09:51:30.492970,Map-Energy__sum__linear-conv00316-20241211_180047-20241212_000047-25.000000-30.000000.png,2024-12-11T18:00:47,2024-12-12T00:00:47,25.0,30.0,2024-12-11T21:00:47,27.5,10.889673808393,79.020806600637,NOISE,2024-12-11T21:00:47,27.5,10.889673808393,79.020806600637,NOISE,2024-12-11T21:00:47,27.5,10.889673808393,79.020806600637,NOISE,2024-12-11T21:00:47,27.5,10.889673808393,79.020806600637,NOISE
2026-04-17T09:51:31.100817,Map-Energy__sum__linear-conv00326-20241212_000047-20241212_060047-25.000000-30.000000.png,2024-12-12T00:00:47,2024-12-12T06:00:47,25.0,30.0,2024-12-12T03:00:47,27.5,10.889673808393,79.020806600637,NOISE,2024-12-12T03:00:47,27.5,10.889673808393,79.020806600637,NOISE,2024-12-12T03:00:47,27.5,10.889673808393,79.020806600637,NOISE,2024-12-12T03:00:47,27.5,10.889673808393,79.020806600637,NOISE
2026-04-17T09:51:31.724976,Map-Energy__sum__linear-conv00336-20241212_060047-20241212_120047-25.000000-30.000000.png,2024-12-12T06:00:47,2024-12-12T12:00:47,25.0,30.0,2024-12-12T09:00:47,27.5,10.889673808393,79.020806600637,NOISE,2024-12-12T09:00:47,27.5,10.889673808393,79.020806600637,NOISE,2024-12-12T09:00:47,27.5,10.889673808393,79.020806600637,NOISE,2024-12-12T09:00:47,27.5,10.889673808393,79.020806600637,NOISE
2026-04-17T09:51:32.356895,Map-Energy__sum__linear-conv00346-20241212_120047-20241212_180047-25.000000-30.000000.png,2024-12-12T12:00:47,2024-12-12T18:00:47,25.0,30.0,2024-12-12T15:00:47,27.5,10.889673808393,79.020806600637,NOISE,2024-12-12T15:00:47,27.5,10.889673808393,79.020806600637,NOISE,2024-12-12T15:00:47,27.5,10.889673808393,79.020806600637,NOISE,2024-12-12T15:00:47,27.5,10.889673808393,79.020806600637,NOISE
2026-04-17T09:51:32.900971,Map-Energy__sum__linear-conv00356-20241212_180047-20241213_000047-25.000000-30.000000.png,2024-12-12T18:00:47,2024-12-13T00:00:47,25.0,30.0,2024-12-12T21:00:47,27.5,10.889673808393,79.020806600637,NOISE,2024-12-12T21:00:47,27.5,10.889673808393,79.020806600637,NOISE,2024-12-12T21:00:47,27.5,10.889673808393,79.020806600637,NOISE,2024-12-12T21:00:47,27.5,10.889673808393,79.020806600637,NOISE
2026-04-17T09:51:33.460891,Map-Energy__sum__linear-conv00366-20241213_000047-20241213_060047-25.000000-30.000000.png,2024-12-13T00:00:47,2024-12-13T06:00:47,25.0,30.0,2024-12-13T03:00:47,27.5,10.889673808393,79.020806600637,NOISE,2024-12-13T03:00:47,27.5,10.889673808393,79.020806600637,NOISE,2024-12-13T03:00:47,27.5,10.889673808393,79.020806600637,NOISE,2024-12-13T03:00:47,27.5,10.889673808393,79.020806600637,NOISE
2026-04-17T09:51:34.044904,Map-Energy__sum__linear-conv00376-20241213_060047-20241213_120047-25.000000-30.000000.png,2024-12-13T06:00:47,2024-12-13T12:00:47,25.0,30.0,2024-12-13T09:00:47,27.5,10.889673808393,79.020806600637,NOISE,2024-12-13T09:00:47,27.5,10.889673808393,79.020806600637,NOISE,2024-12-13T09:00:47,27.5,10.889673808393,79.020806600637,NOISE,2024-12-13T09:00:47,27.5,10.889673808393,79.020806600637,NOISE
2026-04-17T09:51:35.836833,Map-Energy__sum__linear-conv00386-20241213_120047-20241213_180047-25.000000-30.000000.png,2024-12-13T12:00:47,2024-12-13T18:00:47,25.0,30.0,2024-12-13T15:00:47,27.5,10.889673808393,79.020806600637,NOISE,2024-12-13T15:00:47,27.5,10.889673808393,79.020806600637,NOISE,2024-12-13T15:00:47,27.5,10.889673808393,79.020806600637,NOISE,2024-12-13T15:00:47,27.5,10.889673808393,79.020806600637,NOISE
2026-04-17T09:51:39.092983,Map-Energy__sum__linear-conv00396-20241213_180047-20241214_000047-25.000000-30.000000.png,2024-12-13T18:00:47,2024-12-14T00:00:47,25.0,30.0,2024-12-13T21:00:47,27.5,10.889673808393,79.020806600637,NOISE,2024-12-13T21:00:47,27.5,10.889673808393,79.020806600637,NOISE,2024-12-13T21:00:47,27.5,10.889673808393,79.020806600637,NOISE,2024-12-13T21:00:47,27.5,10.889673808393,79.020806600637,NOISE
2026-04-17T09:51:41.084968,Map-Energy__sum__linear-conv00406-20241214_000047-20241214_060047-25.000000-30.000000.png,2024-12-14T00:00:47,2024-12-14T06:00:47,25.0,30.0,2024-12-14T03:00:47,27.5,10.889673808393,79.020806600637,NOISE,2024-12-14T03:00:47,27.5,10.889673808393,79.020806600637,NOISE,2024-12-14T03:00:47,27.5,10.889673808393,79.020806600637,NOISE,2024-12-14T03:00:47,27.5,10.889673808393,79.020806600637,NOISE
2026-04-17T09:51:42.988894,Map-Energy__sum__linear-conv00416-20241214_060047-20241214_120047-25.000000-30.000000.png,2024-12-14T06:00:47,2024-12-14T12:00:47,25.0,30.0,2024-12-14T09:00:47,27.5,10.889673808393,79.020806600637,NOISE,2024-12-14T09:00:47,27.5,10.889673808393,79.020806600637,NOISE,2024-12-14T09:00:47,27.5,10.889673808393,79.020806600637,NOISE,2024-12-14T09:00:47,27.5,10.889673808393,79.020806600637,NOISE
2026-04-17T09:51:44.628968,Map-Energy__sum__linear-conv00426-20241214_120047-20241214_180047-25.000000-30.000000.png,2024-12-14T12:00:47,2024-12-14T18:00:47,25.0,30.0,2024-12-14T15:00:47,27.5,10.889673808393,79.020806600637,NOISE,2024-12-14T15:00:47,27.5,10.889673808393,79.020806600637,NOISE,2024-12-14T15:00:47,27.5,10.889673808393,79.020806600637,NOISE,2024-12-14T15:00:47,27.5,10.889673808393,79.020806600637,NOISE
2026-04-17T09:51:45.797081,Map-Energy__sum__linear-conv00436-20241214_180047-20241215_000047-25.000000-30.000000.png,2024-12-14T18:00:47,2024-12-15T00:00:47,25.0,30.0,2024-12-14T21:00:47,27.5,10.889673808393,79.020806600637,NOISE,2024-12-14T21:00:47,27.5,10.889673808393,79.020806600637,NOISE,2024-12-14T21:00:47,27.5,10.889673808393,79.020806600637,NOISE,2024-12-14T21:00:47,27.5,10.889673808393,79.020806600637,NOISE
2026-04-17T09:51:47.156831,Map-Energy__sum__linear-conv00003-20241215_000047-20241215_060047-25.000000-30.000000.png,2024-12-15T00:00:47,2024-12-15T06:00:47,25.0,30.0,2024-12-15T03:00:47,27.5,10.889673808393,79.020806600637,NOISE,2024-12-15T03:00:47,27.5,10.889673808393,79.020806600637,NOISE,2024-12-15T03:00:47,27.5,10.889673808393,79.020806600637,NOISE,2024-12-15T03:00:47,27.5,10.889673808393,79.020806600637,NOISE
2026-04-17T09:51:48.533005,Map-Energy__sum__linear-conv00013-20241215_060047-20241215_120047-25.000000-30.000000.png,2024-12-15T06:00:47,2024-12-15T12:00:47,25.0,30.0,2024-12-15T09:00:47,27.5,10.889673808393,79.020806600637,NOISE,2024-12-15T09:00:47,27.5,10.889673808393,79.020806600637,NOISE,2024-12-15T09:00:47,27.5,10.889673808393,79.020806600637,NOISE,2024-12-15T09:00:47,27.5,10.889673808393,79.020806600637,NOISE
2026-04-17T09:51:49.924888,Map-Energy__sum__linear-conv00023-20241215_120047-20241215_180047-25.000000-30.000000.png,2024-12-15T12:00:47,2024-12-15T18:00:47,25.0,30.0,2024-12-15T15:00:47,27.5,10.889673808393,79.020806600637,NOISE,2024-12-15T15:00:47,27.5,10.889673808393,79.020806600637,NOISE,2024-12-15T15:00:47,27.5,10.889673808393,79.020806600637,NOISE,2024-12-15T15:00:47,27.5,10.889673808393,79.020806600637,NOISE
2026-04-17T09:51:51.885308,Map-Energy__sum__linear-conv00033-20241215_180047-20241216_000047-25.000000-30.000000.png,2024-12-15T18:00:47,2024-12-16T00:00:47,25.0,30.0,2024-12-15T21:00:47,27.5,10.889673808393,79.020806600637,NOISE,2024-12-15T21:00:47,27.5,10.889673808393,79.020806600637,NOISE,2024-12-15T21:00:47,27.5,10.889673808393,79.020806600637,NOISE,2024-12-15T21:00:47,27.5,10.889673808393,79.020806600637,NOISE
2026-04-17T09:51:54.228965,Map-Energy__sum__linear-conv00043-20241216_000047-20241216_060047-25.000000-30.000000.png,2024-12-16T00:00:47,2024-12-16T06:00:47,25.0,30.0,2024-12-16T03:00:47,27.5,10.889673808393,79.020806600637,NOISE,2024-12-16T03:00:47,27.5,10.889673808393,79.020806600637,NOISE,2024-12-16T03:00:47,27.5,10.889673808393,79.020806600637,NOISE,2024-12-16T03:00:47,27.5,10.889673808393,79.020806600637,NOISE
2026-04-17T09:51:55.748814,Map-Energy__sum__linear-conv00053-20241216_060047-20241216_120047-25.000000-30.000000.png,2024-12-16T06:00:47,2024-12-16T12:00:47,25.0,30.0,2024-12-16T09:00:47,27.5,10.889673808393,79.020806600637,NOISE,2024-12-16T09:00:47,27.5,10.889673808393,79.020806600637,NOISE,2024-12-16T09:00:47,27.5,10.889673808393,79.020806600637,NOISE,2024-12-16T09:00:47,27.5,10.889673808393,79.020806600637,NOISE
2026-04-17T09:51:58.500904,Map-Energy__sum__linear-conv00063-20241216_120047-20241216_180047-25.000000-30.000000.png,2024-12-16T12:00:47,2024-12-16T18:00:47,25.0,30.0,2024-12-16T15:00:47,27.5,10.889673808393,79.020806600637,NOISE,2024-12-16T15:00:47,27.5,10.889673808393,79.020806600637,NOISE,2024-12-16T15:00:47,27.5,10.889673808393,79.020806600637,NOISE,2024-12-16T15:00:47,27.5,10.889673808393,79.020806600637,NOISE
2026-04-17T09:52:04.540945,Map-Energy__sum__linear-conv00073-20241216_180047-20241217_000047-25.000000-30.000000.png,2024-12-16T18:00:47,2024-12-17T00:00:47,25.0,30.0,2024-12-16T21:00:47,27.5,10.889673808393,79.020806600637,NOISE,2024-12-16T21:00:47,27.5,10.889673808393,79.020806600637,NOISE,2024-12-16T21:00:47,27.5,10.889673808393,79.020806600637,NOISE,2024-12-16T21:00:47,27.5,10.889673808393,79.020806600637,NOISE
2026-04-17T09:52:21.116717,Map-Energy__sum__linear-conv00083-20241217_000047-20241217_060047-25.000000-30.000000.png,2024-12-17T00:00:47,2024-12-17T06:00:47,25.0,30.0,2024-12-17T03:50:21,26.807404,10.9220245413014,79.0212256964984,VESSEL,2024-12-17T03:17:18,29.141998,10.812763268669,79.0200872817627,OTHER,2024-12-17T03:00:47,27.5,10.889673808393,79.020806600637,NOISE,2024-12-17T03:00:47,27.5,10.889673808393,79.020806600637,NOISE
2026-04-17T09:52:23.988991,Map-Energy__sum__linear-conv00093-20241217_060047-20241217_120047-25.000000-30.000000.png,2024-12-17T06:00:47,2024-12-17T12:00:47,25.0,30.0,2024-12-17T09:00:47,27.5,10.889673808393,79.020806600637,NOISE,2024-12-17T09:00:47,27.5,10.889673808393,79.020806600637,NOISE,2024-12-17T09:00:47,27.5,10.889673808393,79.020806600637,NOISE,2024-12-17T09:00:47,27.5,10.889673808393,79.020806600637,NOISE
2026-04-17T09:52:26.837739,Map-Energy__sum__linear-conv00103-20241217_120047-20241217_180047-25.000000-30.000000.png,2024-12-17T12:00:47,2024-12-17T18:00:47,25.0,30.0,2024-12-17T15:00:47,27.5,10.889673808393,79.020806600637,NOISE,2024-12-17T15:00:47,27.5,10.889673808393,79.020806600637,NOISE,2024-12-17T15:00:47,27.5,10.889673808393,79.020806600637,NOISE,2024-12-17T15:00:47,27.5,10.889673808393,79.020806600637,NOISE
2026-04-17T09:52:29.404808,Map-Energy__sum__linear-conv00113-20241217_180047-20241218_000047-25.000000-30.000000.png,2024-12-17T18:00:47,2024-12-18T00:00:47,25.0,30.0,2024-12-17T21:00:47,27.5,10.889673808393,79.020806600637,NOISE,2024-12-17T21:00:47,27.5,10.889673808393,79.020806600637,NOISE,2024-12-17T21:00:47,27.5,10.889673808393,79.020806600637,NOISE,2024-12-17T21:00:47,27.5,10.889673808393,79.020806600637,NOISE
2026-04-17T09:52:31.844892,Map-Energy__sum__linear-conv00123-20241218_000047-20241218_060047-25.000000-30.000000.png,2024-12-18T00:00:47,2024-12-18T06:00:47,25.0,30.0,2024-12-18T03:00:47,27.5,10.889673808393,79.020806600637,NOISE,2024-12-18T03:00:47,27.5,10.889673808393,79.020806600637,NOISE,2024-12-18T03:00:47,27.5,10.889673808393,79.020806600637,NOISE,2024-12-18T03:00:47,27.5,10.889673808393,79.020806600637,NOISE
2026-04-17T09:52:33.692951,Map-Energy__sum__linear-conv00133-20241218_060047-20241218_120047-25.000000-30.000000.png,2024-12-18T06:00:47,2024-12-18T12:00:47,25.0,30.0,2024-12-18T09:00:47,27.5,10.889673808393,79.020806600637,NOISE,2024-12-18T09:00:47,27.5,10.889673808393,79.020806600637,NOISE,2024-12-18T09:00:47,27.5,10.889673808393,79.020806600637,NOISE,2024-12-18T09:00:47,27.5,10.889673808393,79.020806600637,NOISE
2026-04-17T09:52:35.012901,Map-Energy__sum__linear-conv00143-20241218_120047-20241218_180047-25.000000-30.000000.png,2024-12-18T12:00:47,2024-12-18T18:00:47,25.0,30.0,2024-12-18T15:00:47,27.5,10.889673808393,79.020806600637,NOISE,2024-12-18T15:00:47,27.5,10.889673808393,79.020806600637,NOISE,2024-12-18T15:00:47,27.5,10.889673808393,79.020806600637,NOISE,2024-12-18T15:00:47,27.5,10.889673808393,79.020806600637,NOISE
2026-04-17T09:52:37.340880,Map-Energy__sum__linear-conv00153-20241218_180047-20241219_000047-25.000000-30.000000.png,2024-12-18T18:00:47,2024-12-19T00:00:47,25.0,30.0,2024-12-18T21:00:47,27.5,10.889673808393,79.020806600637,NOISE,2024-12-18T21:00:47,27.5,10.889673808393,79.020806600637,NOISE,2024-12-18T21:00:47,27.5,10.889673808393,79.020806600637,NOISE,2024-12-18T21:00:47,27.5,10.889673808393,79.020806600637,NOISE
2026-04-17T09:52:44.052931,Map-Energy__sum__linear-conv00163-20241219_000047-20241219_060047-25.000000-30.000000.png,2024-12-19T00:00:47,2024-12-19T06:00:47,25.0,30.0,2024-12-19T02:54:44,26.986389,10.9135826039333,79.0211123682026,VESSEL,2024-12-19T03:00:47,27.5,10.889673808393,79.020806600637,NOISE,2024-12-19T03:00:47,27.5,10.889673808393,79.020806600637,NOISE,2024-12-19T03:00:47,27.5,10.889673808393,79.020806600637,NOISE
2026-04-17T09:52:45.924852,Map-Energy__sum__linear-conv00173-20241219_060047-20241219_120047-25.000000-30.000000.png,2024-12-19T06:00:47,2024-12-19T12:00:47,25.0,30.0,2024-12-19T09:00:47,27.5,10.889673808393,79.020806600637,NOISE,2024-12-19T09:00:47,27.5,10.889673808393,79.020806600637,NOISE,2024-12-19T09:00:47,27.5,10.889673808393,79.020806600637,NOISE,2024-12-19T09:00:47,27.5,10.889673808393,79.020806600637,NOISE
2026-04-17T09:52:47.260667,Map-Energy__sum__linear-conv00183-20241219_120047-20241219_180047-25.000000-30.000000.png,2024-12-19T12:00:47,2024-12-19T18:00:47,25.0,30.0,2024-12-19T15:00:47,27.5,10.889673808393,79.020806600637,NOISE,2024-12-19T15:00:47,27.5,10.889673808393,79.020806600637,NOISE,2024-12-19T15:00:47,27.5,10.889673808393,79.020806600637,NOISE,2024-12-19T15:00:47,27.5,10.889673808393,79.020806600637,NOISE
2026-04-17T09:52:48.653020,Map-Energy__sum__linear-conv00193-20241219_180047-20241220_000047-25.000000-30.000000.png,2024-12-19T18:00:47,2024-12-20T00:00:47,25.0,30.0,2024-12-19T21:00:47,27.5,10.889673808393,79.020806600637,NOISE,2024-12-19T21:00:47,27.5,10.889673808393,79.020806600637,NOISE,2024-12-19T21:00:47,27.5,10.889673808393,79.020806600637,NOISE,2024-12-19T21:00:47,27.5,10.889673808393,79.020806600637,NOISE
2026-04-17T09:52:50.428889,Map-Energy__sum__linear-conv00203-20241220_000047-20241220_060047-25.000000-30.000000.png,2024-12-20T00:00:47,2024-12-20T06:00:47,25.0,30.0,2024-12-20T03:00:47,27.5,10.889673808393,79.020806600637,NOISE,2024-12-20T03:00:47,27.5,10.889673808393,79.020806600637,NOISE,2024-12-20T03:00:47,27.5,10.889673808393,79.020806600637,NOISE,2024-12-20T03:00:47,27.5,10.889673808393,79.020806600637,NOISE
2026-04-17T09:52:53.636876,Map-Energy__sum__linear-conv00213-20241220_060047-20241220_120047-25.000000-30.000000.png,2024-12-20T06:00:47,2024-12-20T12:00:47,25.0,30.0,2024-12-20T09:00:47,27.5,10.889673808393,79.020806600637,NOISE,2024-12-20T09:00:47,27.5,10.889673808393,79.020806600637,NOISE,2024-12-20T09:00:47,27.5,10.889673808393,79.020806600637,NOISE,2024-12-20T09:00:47,27.5,10.889673808393,79.020806600637,NOISE
2026-04-17T09:53:01.308932,Map-Energy__sum__linear-conv00223-20241220_120047-20241220_180047-25.000000-30.000000.png,2024-12-20T12:00:47,2024-12-20T18:00:47,25.0,30.0,2024-12-20T13:34:01,25.391083,10.9885527407393,79.0205905775854,VESSEL,2024-12-20T15:00:47,27.5,10.889673808393,79.020806600637,NOISE,2024-12-20T15:00:47,27.5,10.889673808393,79.020806600637,NOISE,2024-12-20T15:00:47,27.5,10.889673808393,79.020806600637,NOISE
2026-04-17T09:53:03.044810,Map-Energy__sum__linear-conv00233-20241220_180047-20241221_000047-25.000000-30.000000.png,2024-12-20T18:00:47,2024-12-21T00:00:47,25.0,30.0,2024-12-20T21:00:47,27.5,10.889673808393,79.020806600637,NOISE,2024-12-20T21:00:47,27.5,10.889673808393,79.020806600637,NOISE,2024-12-20T21:00:47,27.5,10.889673808393,79.020806600637,NOISE,2024-12-20T21:00:47,27.5,10.889673808393,79.020806600637,NOISE
2026-04-17T09:53:04.596798,Map-Energy__sum__linear-conv00243-20241221_000047-20241221_060047-25.000000-30.000000.png,2024-12-21T00:00:47,2024-12-21T06:00:47,25.0,30.0,2024-12-21T03:00:47,27.5,10.889673808393,79.020806600637,NOISE,2024-12-21T03:00:47,27.5,10.889673808393,79.020806600637,NOISE,2024-12-21T03:00:47,27.5,10.889673808393,79.020806600637,NOISE,2024-12-21T03:00:47,27.5,10.889673808393,79.020806600637,NOISE
2026-04-17T09:53:10.668791,Map-Energy__sum__linear-conv00253-20241221_060047-20241221_120047-25.000000-30.000000.png,2024-12-21T06:00:47,2024-12-21T12:00:47,25.0,30.0,2024-12-21T08:25:30,25.88913,10.9651365535764,79.0209862998088,OTHER,2024-12-21T09:00:47,27.5,10.889673808393,79.020806600637,NOISE,2024-12-21T09:00:47,27.5,10.889673808393,79.020806600637,NOISE,2024-12-21T09:00:47,27.5,10.889673808393,79.020806600637,NOISE
2026-04-17T09:53:12.948543,Map-Energy__sum__linear-conv00263-20241221_120047-20241221_180047-25.000000-30.000000.png,2024-12-21T12:00:47,2024-12-21T18:00:47,25.0,30.0,2024-12-21T15:00:47,27.5,10.889673808393,79.020806600637,NOISE,2024-12-21T15:00:47,27.5,10.889673808393,79.020806600637,NOISE,2024-12-21T15:00:47,27.5,10.889673808393,79.020806600637,NOISE,2024-12-21T15:00:47,27.5,10.889673808393,79.020806600637,NOISE
2026-04-17T09:53:19.676904,Map-Energy__sum__linear-conv00273-20241221_180047-20241222_000047-25.000000-30.000000.png,2024-12-21T18:00:47,2024-12-22T00:00:47,25.0,30.0,2024-12-21T18:50:29,25.616761,10.9777815851174,79.0207735047249,VESSEL,2024-12-21T21:00:47,27.5,10.889673808393,79.020806600637,NOISE,2024-12-21T21:00:47,27.5,10.889673808393,79.020806600637,NOISE,2024-12-21T21:00:47,27.5,10.889673808393,79.020806600637,NOISE
2026-04-17T09:53:22.349095,Map-Energy__sum__linear-conv00283-20241222_000047-20241222_060047-25.000000-30.000000.png,2024-12-22T00:00:47,2024-12-22T06:00:47,25.0,30.0,2024-12-22T03:00:47,27.5,10.889673808393,79.020806600637,NOISE,2024-12-22T03:00:47,27.5,10.889673808393,79.020806600637,NOISE,2024-12-22T03:00:47,27.5,10.889673808393,79.020806600637,NOISE,2024-12-22T03:00:47,27.5,10.889673808393,79.020806600637,NOISE
2026-04-17T09:53:24.228773,Map-Energy__sum__linear-conv00293-20241222_060047-20241222_120047-25.000000-30.000000.png,2024-12-22T06:00:47,2024-12-22T12:00:47,25.0,30.0,2024-12-22T09:00:47,27.5,10.889673808393,79.020806600637,NOISE,2024-12-22T09:00:47,27.5,10.889673808393,79.020806600637,NOISE,2024-12-22T09:00:47,27.5,10.889673808393,79.020806600637,NOISE,2024-12-22T09:00:47,27.5,10.889673808393,79.020806600637,NOISE
2026-04-17T09:53:25.700998,Map-Energy__sum__linear-conv00303-20241222_120047-20241222_180047-25.000000-30.000000.png,2024-12-22T12:00:47,2024-12-22T18:00:47,25.0,30.0,2024-12-22T15:00:47,27.5,10.889673808393,79.020806600637,NOISE,2024-12-22T15:00:47,27.5,10.889673808393,79.020806600637,NOISE,2024-12-22T15:00:47,27.5,10.889673808393,79.020806600637,NOISE,2024-12-22T15:00:47,27.5,10.889673808393,79.020806600637,NOISE
2026-04-17T09:53:27.820965,Map-Energy__sum__linear-conv00313-20241222_180047-20241223_000047-25.000000-30.000000.png,2024-12-22T18:00:47,2024-12-23T00:00:47,25.0,30.0,2024-12-22T21:00:47,27.5,10.889673808393,79.020806600637,NOISE,2024-12-22T21:00:47,27.5,10.889673808393,79.020806600637,NOISE,2024-12-22T21:00:47,27.5,10.889673808393,79.020806600637,NOISE,2024-12-22T21:00:47,27.5,10.889673808393,79.020806600637,NOISE
2026-04-17T09:53:29.036891,Map-Energy__sum__linear-conv00323-20241223_000047-20241223_060047-25.000000-30.000000.png,2024-12-23T00:00:47,2024-12-23T06:00:47,25.0,30.0,2024-12-23T03:00:47,27.5,10.889673808393,79.020806600637,NOISE,2024-12-23T03:00:47,27.5,10.889673808393,79.020806600637,NOISE,2024-12-23T03:00:47,27.5,10.889673808393,79.020806600637,NOISE,2024-12-23T03:00:47,27.5,10.889673808393,79.020806600637,NOISE
2026-04-17T09:53:30.188936,Map-Energy__sum__linear-conv00006-20241223_060047-20241223_120047-25.000000-30.000000.png,2024-12-23T06:00:47,2024-12-23T12:00:47,25.0,30.0,2024-12-23T09:00:47,27.5,10.889673808393,79.020806600637,NOISE,2024-12-23T09:00:47,27.5,10.889673808393,79.020806600637,NOISE,2024-12-23T09:00:47,27.5,10.889673808393,79.020806600637,NOISE,2024-12-23T09:00:47,27.5,10.889673808393,79.020806600637,NOISE
2026-04-17T09:53:31.341672,Map-Energy__sum__linear-conv00016-20241223_120047-20241223_180047-25.000000-30.000000.png,2024-12-23T12:00:47,2024-12-23T18:00:47,25.0,30.0,2024-12-23T15:00:47,27.5,10.889673808393,79.020806600637,NOISE,2024-12-23T15:00:47,27.5,10.889673808393,79.020806600637,NOISE,2024-12-23T15:00:47,27.5,10.889673808393,79.020806600637,NOISE,2024-12-23T15:00:47,27.5,10.889673808393,79.020806600637,NOISE
2026-04-17T09:53:32.533583,Map-Energy__sum__linear-conv00026-20241223_180047-20241224_000047-25.000000-30.000000.png,2024-12-23T18:00:47,2024-12-24T00:00:47,25.0,30.0,2024-12-23T21:00:47,27.5,10.889673808393,79.020806600637,NOISE,2024-12-23T21:00:47,27.5,10.889673808393,79.020806600637,NOISE,2024-12-23T21:00:47,27.5,10.889673808393,79.020806600637,NOISE,2024-12-23T21:00:47,27.5,10.889673808393,79.020806600637,NOISE
2026-04-17T09:53:33.948851,Map-Energy__sum__linear-conv00036-20241224_000047-20241224_060047-25.000000-30.000000.png,2024-12-24T00:00:47,2024-12-24T06:00:47,25.0,30.0,2024-12-24T03:00:47,27.5,10.889673808393,79.020806600637,NOISE,2024-12-24T03:00:47,27.5,10.889673808393,79.020806600637,NOISE,2024-12-24T03:00:47,27.5,10.889673808393,79.020806600637,NOISE,2024-12-24T03:00:47,27.5,10.889673808393,79.020806600637,NOISE
2026-04-17T09:53:36.413049,Map-Energy__sum__linear-conv00046-20241224_060047-20241224_120047-25.000000-30.000000.png,2024-12-24T06:00:47,2024-12-24T12:00:47,25.0,30.0,2024-12-24T09:00:47,27.5,10.889673808393,79.020806600637,NOISE,2024-12-24T09:00:47,27.5,10.889673808393,79.020806600637,NOISE,2024-12-24T09:00:47,27.5,10.889673808393,79.020806600637,NOISE,2024-12-24T09:00:47,27.5,10.889673808393,79.020806600637,NOISE
2026-04-17T09:53:39.676916,Map-Energy__sum__linear-conv00056-20241224_120047-20241224_180047-25.000000-30.000000.png,2024-12-24T12:00:47,2024-12-24T18:00:47,25.0,30.0,2024-12-24T15:00:47,27.5,10.889673808393,79.020806600637,NOISE,2024-12-24T15:00:47,27.5,10.889673808393,79.020806600637,NOISE,2024-12-24T15:00:47,27.5,10.889673808393,79.020806600637,NOISE,2024-12-24T15:00:47,27.5,10.889673808393,79.020806600637,NOISE
2026-04-17T09:53:41.093023,Map-Energy__sum__linear-conv00066-20241224_180047-20241225_000047-25.000000-30.000000.png,2024-12-24T18:00:47,2024-12-25T00:00:47,25.0,30.0,2024-12-24T21:00:47,27.5,10.889673808393,79.020806600637,NOISE,2024-12-24T21:00:47,27.5,10.889673808393,79.020806600637,NOISE,2024-12-24T21:00:47,27.5,10.889673808393,79.020806600637,NOISE,2024-12-24T21:00:47,27.5,10.889673808393,79.020806600637,NOISE
2026-04-17T09:53:49.828965,Map-Energy__sum__linear-conv00076-20241225_000047-20241225_060047-25.000000-30.000000.png,2024-12-25T00:00:47,2024-12-25T06:00:47,25.0,30.0,2024-12-25T04:57:43,25.398865,10.9880845252045,79.0205987255907,OTHER,2024-12-25T03:00:47,27.5,10.889673808393,79.020806600637,NOISE,2024-12-25T03:00:47,27.5,10.889673808393,79.020806600637,NOISE,2024-12-25T03:00:47,27.5,10.889673808393,79.020806600637,NOISE
2026-04-17T09:53:54.188864,Map-Energy__sum__linear-conv00086-20241225_060047-20241225_120047-25.000000-30.000000.png,2024-12-25T06:00:47,2024-12-25T12:00:47,25.0,30.0,2024-12-25T09:46:13,27.289887,10.8995246892423,79.0209236492607,VESSEL,2024-12-25T09:00:47,27.5,10.889673808393,79.020806600637,NOISE,2024-12-25T09:00:47,27.5,10.889673808393,79.020806600637,NOISE,2024-12-25T09:00:47,27.5,10.889673808393,79.020806600637,NOISE
2026-04-17T09:53:57.076799,Map-Energy__sum__linear-conv00096-20241225_120047-20241225_180047-25.000000-30.000000.png,2024-12-25T12:00:47,2024-12-25T18:00:47,25.0,30.0,2024-12-25T15:00:47,27.5,10.889673808393,79.020806600637,NOISE,2024-12-25T15:00:47,27.5,10.889673808393,79.020806600637,NOISE,2024-12-25T15:00:47,27.5,10.889673808393,79.020806600637,NOISE,2024-12-25T15:00:47,27.5,10.889673808393,79.020806600637,NOISE
2026-04-17T09:54:01.956593,Map-Energy__sum__linear-conv00106-20241225_180047-20241226_000047-25.000000-30.000000.png,2024-12-25T18:00:47,2024-12-26T00:00:47,25.0,30.0,2024-12-25T21:00:47,27.5,10.889673808393,79.020806600637,NOISE,2024-12-25T21:00:47,27.5,10.889673808393,79.020806600637,NOISE,2024-12-25T21:00:47,27.5,10.889673808393,79.020806600637,NOISE,2024-12-25T21:00:47,27.5,10.889673808393,79.020806600637,NOISE
2026-04-17T09:54:03.016026,Map-Energy__sum__linear-conv00116-20241226_000047-20241226_060047-25.000000-30.000000.png,2024-12-26T00:00:47,2024-12-26T06:00:47,25.0,30.0,2024-12-26T03:00:47,27.5,10.889673808393,79.020806600637,NOISE,2024-12-26T03:00:47,27.5,10.889673808393,79.020806600637,NOISE,2024-12-26T03:00:47,27.5,10.889673808393,79.020806600637,NOISE,2024-12-26T03:00:47,27.5,10.889673808393,79.020806600637,NOISE
2026-04-17T09:54:04.957688,Map-Energy__sum__linear-conv00126-20241226_060047-20241226_120047-25.000000-30.000000.png,2024-12-26T06:00:47,2024-12-26T12:00:47,25.0,30.0,2024-12-26T09:00:47,27.5,10.889673808393,79.020806600637,NOISE,2024-12-26T09:00:47,27.5,10.889673808393,79.020806600637,NOISE,2024-12-26T09:00:47,27.5,10.889673808393,79.020806600637,NOISE,2024-12-26T09:00:47,27.5,10.889673808393,79.020806600637,NOISE
2026-04-17T09:54:06.477129,Map-Energy__sum__linear-conv00136-20241226_120047-20241226_180047-25.000000-30.000000.png,2024-12-26T12:00:47,2024-12-26T18:00:47,25.0,30.0,2024-12-26T15:00:47,27.5,10.889673808393,79.020806600637,NOISE,2024-12-26T15:00:47,27.5,10.889673808393,79.020806600637,NOISE,2024-12-26T15:00:47,27.5,10.889673808393,79.020806600637,NOISE,2024-12-26T15:00:47,27.5,10.889673808393,79.020806600637,NOISE
2026-04-17T09:54:10.156843,Map-Energy__sum__linear-conv00146-20241226_180047-20241227_000047-25.000000-30.000000.png,2024-12-26T18:00:47,2024-12-27T00:00:47,25.0,30.0,2024-12-26T21:30:39,26.223755,10.9496815832332,79.0212463804077,VESSEL,2024-12-26T21:00:47,27.5,10.889673808393,79.020806600637,NOISE,2024-12-26T21:00:47,27.5,10.889673808393,79.020806600637,NOISE,2024-12-26T21:00:47,27.5,10.889673808393,79.020806600637,NOISE
2026-04-17T09:54:11.948873,Map-Energy__sum__linear-conv00156-20241227_000047-20241227_060047-25.000000-30.000000.png,2024-12-27T00:00:47,2024-12-27T06:00:47,25.0,30.0,2024-12-27T03:00:47,27.5,10.889673808393,79.020806600637,NOISE,2024-12-27T03:00:47,27.5,10.889673808393,79.020806600637,NOISE,2024-12-27T03:00:47,27.5,10.889673808393,79.020806600637,NOISE,2024-12-27T03:00:47,27.5,10.889673808393,79.020806600637,NOISE
2026-04-17T09:54:13.596951,Map-Energy__sum__linear-conv00166-20241227_060047-20241227_120047-25.000000-30.000000.png,2024-12-27T06:00:47,2024-12-27T12:00:47,25.0,30.0,2024-12-27T09:00:47,27.5,10.889673808393,79.020806600637,NOISE,2024-12-27T09:00:47,27.5,10.889673808393,79.020806600637,NOISE,2024-12-27T09:00:47,27.5,10.889673808393,79.020806600637,NOISE,2024-12-27T09:00:47,27.5,10.889673808393,79.020806600637,NOISE
2026-04-17T09:54:20.749112,Map-Energy__sum__linear-conv00176-20241227_120047-20241227_180047-25.000000-30.000000.png,2024-12-27T12:00:47,2024-12-27T18:00:47,25.0,30.0,2024-12-27T14:06:26,25.507813,10.9829334018266,79.0206868092703,VESSEL,2024-12-27T15:00:47,27.5,10.889673808393,79.020806600637,NOISE,2024-12-27T15:00:47,27.5,10.889673808393,79.020806600637,NOISE,2024-12-27T15:00:47,27.5,10.889673808393,79.020806600637,NOISE
2026-04-17T09:54:23.948810,Map-Energy__sum__linear-conv00186-20241227_180047-20241228_000047-25.000000-30.000000.png,2024-12-27T18:00:47,2024-12-28T00:00:47,25.0,30.0,2024-12-27T21:00:47,27.5,10.889673808393,79.020806600637,NOISE,2024-12-27T21:00:47,27.5,10.889673808393,79.020806600637,NOISE,2024-12-27T21:00:47,27.5,10.889673808393,79.020806600637,NOISE,2024-12-27T21:00:47,27.5,10.889673808393,79.020806600637,NOISE
2026-04-17T09:54:26.709362,Map-Energy__sum__linear-conv00196-20241228_000047-20241228_060047-25.000000-30.000000.png,2024-12-28T00:00:47,2024-12-28T06:00:47,25.0,30.0,2024-12-28T03:00:47,27.5,10.889673808393,79.020806600637,NOISE,2024-12-28T03:00:47,27.5,10.889673808393,79.020806600637,NOISE,2024-12-28T03:00:47,27.5,10.889673808393,79.020806600637,NOISE,2024-12-28T03:00:47,27.5,10.889673808393,79.020806600637,NOISE
2026-04-17T09:54:29.380671,Map-Energy__sum__linear-conv00206-20241228_060047-20241228_120047-25.000000-30.000000.png,2024-12-28T06:00:47,2024-12-28T12:00:47,25.0,30.0,2024-12-28T09:00:47,27.5,10.889673808393,79.020806600637,NOISE,2024-12-28T09:00:47,27.5,10.889673808393,79.020806600637,NOISE,2024-12-28T09:00:47,27.5,10.889673808393,79.020806600637,NOISE,2024-12-28T09:00:47,27.5,10.889673808393,79.020806600637,NOISE
2026-04-17T09:54:34.812745,Map-Energy__sum__linear-conv00216-20241228_120047-20241228_180047-25.000000-30.000000.png,2024-12-28T12:00:47,2024-12-28T18:00:47,25.0,30.0,2024-12-28T15:00:47,27.5,10.889673808393,79.020806600637,NOISE,2024-12-28T15:00:47,27.5,10.889673808393,79.020806600637,NOISE,2024-12-28T15:00:47,27.5,10.889673808393,79.020806600637,NOISE,2024-12-28T15:00:47,27.5,10.889673808393,79.020806600637,NOISE
2026-04-17T09:54:37.100873,Map-Energy__sum__linear-conv00226-20241228_180047-20241229_000047-25.000000-30.000000.png,2024-12-28T18:00:47,2024-12-29T00:00:47,25.0,30.0,2024-12-28T21:00:47,27.5,10.889673808393,79.020806600637,NOISE,2024-12-28T21:00:47,27.5,10.889673808393,79.020806600637,NOISE,2024-12-28T21:00:47,27.5,10.889673808393,79.020806600637,NOISE,2024-12-28T21:00:47,27.5,10.889673808393,79.020806600637,NOISE
2026-04-17T09:54:38.452890,Map-Energy__sum__linear-conv00236-20241229_000047-20241229_060047-25.000000-30.000000.png,2024-12-29T00:00:47,2024-12-29T06:00:47,25.0,30.0,2024-12-29T03:00:47,27.5,10.889673808393,79.020806600637,NOISE,2024-12-29T03:00:47,27.5,10.889673808393,79.020806600637,NOISE,2024-12-29T03:00:47,27.5,10.889673808393,79.020806600637,NOISE,2024-12-29T03:00:47,27.5,10.889673808393,79.020806600637,NOISE
2026-04-17T09:54:39.764881,Map-Energy__sum__linear-conv00246-20241229_060047-20241229_120047-25.000000-30.000000.png,2024-12-29T06:00:47,2024-12-29T12:00:47,25.0,30.0,2024-12-29T09:00:47,27.5,10.889673808393,79.020806600637,NOISE,2024-12-29T09:00:47,27.5,10.889673808393,79.020806600637,NOISE,2024-12-29T09:00:47,27.5,10.889673808393,79.020806600637,NOISE,2024-12-29T09:00:47,27.5,10.889673808393,79.020806600637,NOISE
2026-04-17T09:54:40.924931,Map-Energy__sum__linear-conv00256-20241229_120047-20241229_180047-25.000000-30.000000.png,2024-12-29T12:00:47,2024-12-29T18:00:47,25.0,30.0,2024-12-29T15:00:47,27.5,10.889673808393,79.020806600637,NOISE,2024-12-29T15:00:47,27.5,10.889673808393,79.020806600637,NOISE,2024-12-29T15:00:47,27.5,10.889673808393,79.020806600637,NOISE,2024-12-29T15:00:47,27.5,10.889673808393,79.020806600637,NOISE
2026-04-17T09:54:42.180793,Map-Energy__sum__linear-conv00266-20241229_180047-20241230_000047-25.000000-30.000000.png,2024-12-29T18:00:47,2024-12-30T00:00:47,25.0,30.0,2024-12-29T21:00:47,27.5,10.889673808393,79.020806600637,NOISE,2024-12-29T21:00:47,27.5,10.889673808393,79.020806600637,NOISE,2024-12-29T21:00:47,27.5,10.889673808393,79.020806600637,NOISE,2024-12-29T21:00:47,27.5,10.889673808393,79.020806600637,NOISE
2026-04-17T09:54:44.164831,Map-Energy__sum__linear-conv00276-20241230_000047-20241230_060047-25.000000-30.000000.png,2024-12-30T00:00:47,2024-12-30T06:00:47,25.0,30.0,2024-12-30T03:00:47,27.5,10.889673808393,79.020806600637,NOISE,2024-12-30T03:00:47,27.5,10.889673808393,79.020806600637,NOISE,2024-12-30T03:00:47,27.5,10.889673808393,79.020806600637,NOISE,2024-12-30T03:00:47,27.5,10.889673808393,79.020806600637,NOISE
2026-04-17T09:54:45.524721,Map-Energy__sum__linear-conv00286-20241230_060047-20241230_120047-25.000000-30.000000.png,2024-12-30T06:00:47,2024-12-30T12:00:47,25.0,30.0,2024-12-30T09:00:47,27.5,10.889673808393,79.020806600637,NOISE,2024-12-30T09:00:47,27.5,10.889673808393,79.020806600637,NOISE,2024-12-30T09:00:47,27.5,10.889673808393,79.020806600637,NOISE,2024-12-30T09:00:47,27.5,10.889673808393,79.020806600637,NOISE
2026-04-17T09:54:46.844766,Map-Energy__sum__linear-conv00296-20241230_120047-20241230_180047-25.000000-30.000000.png,2024-12-30T12:00:47,2024-12-30T18:00:47,25.0,30.0,2024-12-30T15:00:47,27.5,10.889673808393,79.020806600637,NOISE,2024-12-30T15:00:47,27.5,10.889673808393,79.020806600637,NOISE,2024-12-30T15:00:47,27.5,10.889673808393,79.020806600637,NOISE,2024-12-30T15:00:47,27.5,10.889673808393,79.020806600637,NOISE
2026-04-17T09:54:49.060772,Map-Energy__sum__linear-conv00306-20241230_180047-20241231_000047-25.000000-30.000000.png,2024-12-30T18:00:47,2024-12-31T00:00:47,25.0,30.0,2024-12-30T21:00:47,27.5,10.889673808393,79.020806600637,NOISE,2024-12-30T21:00:47,27.5,10.889673808393,79.020806600637,NOISE,2024-12-30T21:00:47,27.5,10.889673808393,79.020806600637,NOISE,2024-12-30T21:00:47,27.5,10.889673808393,79.020806600637,NOISE
2026-04-17T09:54:51.148822,Map-Energy__sum__linear-conv00316-20241231_000047-20241231_060047-25.000000-30.000000.png,2024-12-31T00:00:47,2024-12-31T06:00:47,25.0,30.0,2024-12-31T03:00:47,27.5,10.889673808393,79.020806600637,NOISE,2024-12-31T03:00:47,27.5,10.889673808393,79.020806600637,NOISE,2024-12-31T03:00:47,27.5,10.889673808393,79.020806600637,NOISE,2024-12-31T03:00:47,27.5,10.889673808393,79.020806600637,NOISE
2026-04-17T09:54:52.732767,Map-Energy__sum__linear-conv00326-20241231_060047-20241231_120047-25.000000-30.000000.png,2024-12-31T06:00:47,2024-12-31T12:00:47,25.0,30.0,2024-12-31T09:00:47,27.5,10.889673808393,79.020806600637,NOISE,2024-12-31T09:00:47,27.5,10.889673808393,79.020806600637,NOISE,2024-12-31T09:00:47,27.5,10.889673808393,79.020806600637,NOISE,2024-12-31T09:00:47,27.5,10.889673808393,79.020806600637,NOISE
2026-04-17T09:54:57.636826,Map-Energy__sum__linear-conv00336-20241231_120047-20241231_180047-25.000000-30.000000.png,2024-12-31T12:00:47,2024-12-31T18:00:47,25.0,30.0,2024-12-31T15:00:47,27.5,10.889673808393,79.020806600637,NOISE,2024-12-31T15:00:47,27.5,10.889673808393,79.020806600637,NOISE,2024-12-31T15:00:47,27.5,10.889673808393,79.020806600637,NOISE,2024-12-31T15:00:47,27.5,10.889673808393,79.020806600637,NOISE
2026-04-17T09:55:00.221531,Map-Energy__sum__linear-conv00346-20241231_180047-20250101_000047-25.000000-30.000000.png,2024-12-31T18:00:47,2025-01-01T00:00:47,25.0,30.0,2024-12-31T21:00:47,27.5,10.889673808393,79.020806600637,NOISE,2024-12-31T21:00:47,27.5,10.889673808393,79.020806600637,NOISE,2024-12-31T21:00:47,27.5,10.889673808393,79.020806600637,NOISE,2024-12-31T21:00:47,27.5,10.889673808393,79.020806600637,NOISE
2026-04-17T09:55:02.604958,Map-Energy__sum__linear-conv00007-20241201_000047-20241201_060047-30.000000-35.000000.png,2024-12-01T00:00:47,2024-12-01T06:00:47,30.0,35.0,2024-12-01T03:00:47,32.5,10.6593790614908,79.0131989106931,NOISE,2024-12-01T03:00:47,32.5,10.6593790614908,79.0131989106931,NOISE,2024-12-01T03:00:47,32.5,10.6593790614908,79.0131989106931,NOISE,2024-12-01T03:00:47,32.5,10.6593790614908,79.0131989106931,NOISE
2026-04-17T09:55:03.924772,Map-Energy__sum__linear-conv00017-20241201_060047-20241201_120047-30.000000-35.000000.png,2024-12-01T06:00:47,2024-12-01T12:00:47,30.0,35.0,2024-12-01T09:00:47,32.5,10.6593790614908,79.0131989106931,NOISE,2024-12-01T09:00:47,32.5,10.6593790614908,79.0131989106931,NOISE,2024-12-01T09:00:47,32.5,10.6593790614908,79.0131989106931,NOISE,2024-12-01T09:00:47,32.5,10.6593790614908,79.0131989106931,NOISE
2026-04-17T09:55:05.348839,Map-Energy__sum__linear-conv00027-20241201_120047-20241201_180047-30.000000-35.000000.png,2024-12-01T12:00:47,2024-12-01T18:00:47,30.0,35.0,2024-12-01T15:00:47,32.5,10.6593790614908,79.0131989106931,NOISE,2024-12-01T15:00:47,32.5,10.6593790614908,79.0131989106931,NOISE,2024-12-01T15:00:47,32.5,10.6593790614908,79.0131989106931,NOISE,2024-12-01T15:00:47,32.5,10.6593790614908,79.0131989106931,NOISE
2026-04-17T09:55:06.268961,Map-Energy__sum__linear-conv00037-20241201_180047-20241202_000047-30.000000-35.000000.png,2024-12-01T18:00:47,2024-12-02T00:00:47,30.0,35.0,2024-12-01T21:00:47,32.5,10.6593790614908,79.0131989106931,NOISE,2024-12-01T21:00:47,32.5,10.6593790614908,79.0131989106931,NOISE,2024-12-01T21:00:47,32.5,10.6593790614908,79.0131989106931,NOISE,2024-12-01T21:00:47,32.5,10.6593790614908,79.0131989106931,NOISE
2026-04-17T09:55:07.292844,Map-Energy__sum__linear-conv00047-20241202_000047-20241202_060047-30.000000-35.000000.png,2024-12-02T00:00:47,2024-12-02T06:00:47,30.0,35.0,2024-12-02T03:00:47,32.5,10.6593790614908,79.0131989106931,NOISE,2024-12-02T03:00:47,32.5,10.6593790614908,79.0131989106931,NOISE,2024-12-02T03:00:47,32.5,10.6593790614908,79.0131989106931,NOISE,2024-12-02T03:00:47,32.5,10.6593790614908,79.0131989106931,NOISE
2026-04-17T09:55:08.828840,Map-Energy__sum__linear-conv00057-20241202_060047-20241202_120047-30.000000-35.000000.png,2024-12-02T06:00:47,2024-12-02T12:00:47,30.0,35.0,2024-12-02T09:00:47,32.5,10.6593790614908,79.0131989106931,NOISE,2024-12-02T09:00:47,32.5,10.6593790614908,79.0131989106931,NOISE,2024-12-02T09:00:47,32.5,10.6593790614908,79.0131989106931,NOISE,2024-12-02T09:00:47,32.5,10.6593790614908,79.0131989106931,NOISE
2026-04-17T09:55:10.620827,Map-Energy__sum__linear-conv00067-20241202_120047-20241202_180047-30.000000-35.000000.png,2024-12-02T12:00:47,2024-12-02T18:00:47,30.0,35.0,2024-12-02T15:00:47,32.5,10.6593790614908,79.0131989106931,NOISE,2024-12-02T15:00:47,32.5,10.6593790614908,79.0131989106931,NOISE,2024-12-02T15:00:47,32.5,10.6593790614908,79.0131989106931,NOISE,2024-12-02T15:00:47,32.5,10.6593790614908,79.0131989106931,NOISE
2026-04-17T09:55:11.821457,Map-Energy__sum__linear-conv00077-20241202_180047-20241203_000047-30.000000-35.000000.png,2024-12-02T18:00:47,2024-12-03T00:00:47,30.0,35.0,2024-12-02T21:00:47,32.5,10.6593790614908,79.0131989106931,NOISE,2024-12-02T21:00:47,32.5,10.6593790614908,79.0131989106931,NOISE,2024-12-02T21:00:47,32.5,10.6593790614908,79.0131989106931,NOISE,2024-12-02T21:00:47,32.5,10.6593790614908,79.0131989106931,NOISE
2026-04-17T09:55:13.045326,Map-Energy__sum__linear-conv00087-20241203_000047-20241203_060047-30.000000-35.000000.png,2024-12-03T00:00:47,2024-12-03T06:00:47,30.0,35.0,2024-12-03T03:00:47,32.5,10.6593790614908,79.0131989106931,NOISE,2024-12-03T03:00:47,32.5,10.6593790614908,79.0131989106931,NOISE,2024-12-03T03:00:47,32.5,10.6593790614908,79.0131989106931,NOISE,2024-12-03T03:00:47,32.5,10.6593790614908,79.0131989106931,NOISE
2026-04-17T09:55:14.476822,Map-Energy__sum__linear-conv00097-20241203_060047-20241203_120047-30.000000-35.000000.png,2024-12-03T06:00:47,2024-12-03T12:00:47,30.0,35.0,2024-12-03T09:00:47,32.5,10.6593790614908,79.0131989106931,NOISE,2024-12-03T09:00:47,32.5,10.6593790614908,79.0131989106931,NOISE,2024-12-03T09:00:47,32.5,10.6593790614908,79.0131989106931,NOISE,2024-12-03T09:00:47,32.5,10.6593790614908,79.0131989106931,NOISE
2026-04-17T09:55:17.452810,Map-Energy__sum__linear-conv00107-20241203_120047-20241203_180047-30.000000-35.000000.png,2024-12-03T12:00:47,2024-12-03T18:00:47,30.0,35.0,2024-12-03T15:00:47,32.5,10.6593790614908,79.0131989106931,NOISE,2024-12-03T15:00:47,32.5,10.6593790614908,79.0131989106931,NOISE,2024-12-03T15:00:47,32.5,10.6593790614908,79.0131989106931,NOISE,2024-12-03T15:00:47,32.5,10.6593790614908,79.0131989106931,NOISE
2026-04-17T09:55:18.852804,Map-Energy__sum__linear-conv00117-20241203_180047-20241204_000047-30.000000-35.000000.png,2024-12-03T18:00:47,2024-12-04T00:00:47,30.0,35.0,2024-12-03T21:00:47,32.5,10.6593790614908,79.0131989106931,NOISE,2024-12-03T21:00:47,32.5,10.6593790614908,79.0131989106931,NOISE,2024-12-03T21:00:47,32.5,10.6593790614908,79.0131989106931,NOISE,2024-12-03T21:00:47,32.5,10.6593790614908,79.0131989106931,NOISE
2026-04-17T09:55:19.756821,Map-Energy__sum__linear-conv00007-20241204_000047-20241204_060047-30.000000-35.000000.png,2024-12-04T00:00:47,2024-12-04T06:00:47,30.0,35.0,2024-12-04T03:00:47,32.5,10.6593790614908,79.0131989106931,NOISE,2024-12-04T03:00:47,32.5,10.6593790614908,79.0131989106931,NOISE,2024-12-04T03:00:47,32.5,10.6593790614908,79.0131989106931,NOISE,2024-12-04T03:00:47,32.5,10.6593790614908,79.0131989106931,NOISE
2026-04-17T09:55:20.484792,Map-Energy__sum__linear-conv00017-20241204_060047-20241204_120047-30.000000-35.000000.png,2024-12-04T06:00:47,2024-12-04T12:00:47,30.0,35.0,2024-12-04T09:00:47,32.5,10.6593790614908,79.0131989106931,NOISE,2024-12-04T09:00:47,32.5,10.6593790614908,79.0131989106931,NOISE,2024-12-04T09:00:47,32.5,10.6593790614908,79.0131989106931,NOISE,2024-12-04T09:00:47,32.5,10.6593790614908,79.0131989106931,NOISE
2026-04-17T09:55:21.180754,Map-Energy__sum__linear-conv00027-20241204_120047-20241204_180047-30.000000-35.000000.png,2024-12-04T12:00:47,2024-12-04T18:00:47,30.0,35.0,2024-12-04T15:00:47,32.5,10.6593790614908,79.0131989106931,NOISE,2024-12-04T15:00:47,32.5,10.6593790614908,79.0131989106931,NOISE,2024-12-04T15:00:47,32.5,10.6593790614908,79.0131989106931,NOISE,2024-12-04T15:00:47,32.5,10.6593790614908,79.0131989106931,NOISE
2026-04-17T09:55:22.044843,Map-Energy__sum__linear-conv00037-20241204_180047-20241205_000047-30.000000-35.000000.png,2024-12-04T18:00:47,2024-12-05T00:00:47,30.0,35.0,2024-12-04T21:00:47,32.5,10.6593790614908,79.0131989106931,NOISE,2024-12-04T21:00:47,32.5,10.6593790614908,79.0131989106931,NOISE,2024-12-04T21:00:47,32.5,10.6593790614908,79.0131989106931,NOISE,2024-12-04T21:00:47,32.5,10.6593790614908,79.0131989106931,NOISE
2026-04-17T09:55:23.220788,Map-Energy__sum__linear-conv00047-20241205_000047-20241205_060047-30.000000-35.000000.png,2024-12-05T00:00:47,2024-12-05T06:00:47,30.0,35.0,2024-12-05T03:00:47,32.5,10.6593790614908,79.0131989106931,NOISE,2024-12-05T03:00:47,32.5,10.6593790614908,79.0131989106931,NOISE,2024-12-05T03:00:47,32.5,10.6593790614908,79.0131989106931,NOISE,2024-12-05T03:00:47,32.5,10.6593790614908,79.0131989106931,NOISE
2026-04-17T09:55:24.420790,Map-Energy__sum__linear-conv00057-20241205_060047-20241205_120047-30.000000-35.000000.png,2024-12-05T06:00:47,2024-12-05T12:00:47,30.0,35.0,2024-12-05T09:00:47,32.5,10.6593790614908,79.0131989106931,NOISE,2024-12-05T09:00:47,32.5,10.6593790614908,79.0131989106931,NOISE,2024-12-05T09:00:47,32.5,10.6593790614908,79.0131989106931,NOISE,2024-12-05T09:00:47,32.5,10.6593790614908,79.0131989106931,NOISE
2026-04-17T09:55:25.276711,Map-Energy__sum__linear-conv00067-20241205_120047-20241205_180047-30.000000-35.000000.png,2024-12-05T12:00:47,2024-12-05T18:00:47,30.0,35.0,2024-12-05T15:00:47,32.5,10.6593790614908,79.0131989106931,NOISE,2024-12-05T15:00:47,32.5,10.6593790614908,79.0131989106931,NOISE,2024-12-05T15:00:47,32.5,10.6593790614908,79.0131989106931,NOISE,2024-12-05T15:00:47,32.5,10.6593790614908,79.0131989106931,NOISE
2026-04-17T09:55:26.020727,Map-Energy__sum__linear-conv00077-20241205_180047-20241206_000047-30.000000-35.000000.png,2024-12-05T18:00:47,2024-12-06T00:00:47,30.0,35.0,2024-12-05T21:00:47,32.5,10.6593790614908,79.0131989106931,NOISE,2024-12-05T21:00:47,32.5,10.6593790614908,79.0131989106931,NOISE,2024-12-05T21:00:47,32.5,10.6593790614908,79.0131989106931,NOISE,2024-12-05T21:00:47,32.5,10.6593790614908,79.0131989106931,NOISE
2026-04-17T09:55:26.740790,Map-Energy__sum__linear-conv00087-20241206_000047-20241206_060047-30.000000-35.000000.png,2024-12-06T00:00:47,2024-12-06T06:00:47,30.0,35.0,2024-12-06T03:00:47,32.5,10.6593790614908,79.0131989106931,NOISE,2024-12-06T03:00:47,32.5,10.6593790614908,79.0131989106931,NOISE,2024-12-06T03:00:47,32.5,10.6593790614908,79.0131989106931,NOISE,2024-12-06T03:00:47,32.5,10.6593790614908,79.0131989106931,NOISE
2026-04-17T09:55:27.420988,Map-Energy__sum__linear-conv00097-20241206_060047-20241206_120047-30.000000-35.000000.png,2024-12-06T06:00:47,2024-12-06T12:00:47,30.0,35.0,2024-12-06T09:00:47,32.5,10.6593790614908,79.0131989106931,NOISE,2024-12-06T09:00:47,32.5,10.6593790614908,79.0131989106931,NOISE,2024-12-06T09:00:47,32.5,10.6593790614908,79.0131989106931,NOISE,2024-12-06T09:00:47,32.5,10.6593790614908,79.0131989106931,NOISE
2026-04-17T09:55:28.101402,Map-Energy__sum__linear-conv00107-20241206_120047-20241206_180047-30.000000-35.000000.png,2024-12-06T12:00:47,2024-12-06T18:00:47,30.0,35.0,2024-12-06T15:00:47,32.5,10.6593790614908,79.0131989106931,NOISE,2024-12-06T15:00:47,32.5,10.6593790614908,79.0131989106931,NOISE,2024-12-06T15:00:47,32.5,10.6593790614908,79.0131989106931,NOISE,2024-12-06T15:00:47,32.5,10.6593790614908,79.0131989106931,NOISE
2026-04-17T09:55:28.781570,Map-Energy__sum__linear-conv00117-20241206_180047-20241207_000047-30.000000-35.000000.png,2024-12-06T18:00:47,2024-12-07T00:00:47,30.0,35.0,2024-12-06T21:00:47,32.5,10.6593790614908,79.0131989106931,NOISE,2024-12-06T21:00:47,32.5,10.6593790614908,79.0131989106931,NOISE,2024-12-06T21:00:47,32.5,10.6593790614908,79.0131989106931,NOISE,2024-12-06T21:00:47,32.5,10.6593790614908,79.0131989106931,NOISE
2026-04-17T09:55:29.476467,Map-Energy__sum__linear-conv00127-20241207_000047-20241207_060047-30.000000-35.000000.png,2024-12-07T00:00:47,2024-12-07T06:00:47,30.0,35.0,2024-12-07T03:00:47,32.5,10.6593790614908,79.0131989106931,NOISE,2024-12-07T03:00:47,32.5,10.6593790614908,79.0131989106931,NOISE,2024-12-07T03:00:47,32.5,10.6593790614908,79.0131989106931,NOISE,2024-12-07T03:00:47,32.5,10.6593790614908,79.0131989106931,NOISE
2026-04-17T09:55:30.036840,Map-Energy__sum__linear-conv00137-20241207_060047-20241207_120047-30.000000-35.000000.png,2024-12-07T06:00:47,2024-12-07T12:00:47,30.0,35.0,2024-12-07T09:00:47,32.5,10.6593790614908,79.0131989106931,NOISE,2024-12-07T09:00:47,32.5,10.6593790614908,79.0131989106931,NOISE,2024-12-07T09:00:47,32.5,10.6593790614908,79.0131989106931,NOISE,2024-12-07T09:00:47,32.5,10.6593790614908,79.0131989106931,NOISE
2026-04-17T09:55:30.804852,Map-Energy__sum__linear-conv00147-20241207_120047-20241207_180047-30.000000-35.000000.png,2024-12-07T12:00:47,2024-12-07T18:00:47,30.0,35.0,2024-12-07T15:00:47,32.5,10.6593790614908,79.0131989106931,NOISE,2024-12-07T15:00:47,32.5,10.6593790614908,79.0131989106931,NOISE,2024-12-07T15:00:47,32.5,10.6593790614908,79.0131989106931,NOISE,2024-12-07T15:00:47,32.5,10.6593790614908,79.0131989106931,NOISE
2026-04-17T09:55:31.597097,Map-Energy__sum__linear-conv00157-20241207_180047-20241208_000047-30.000000-35.000000.png,2024-12-07T18:00:47,2024-12-08T00:00:47,30.0,35.0,2024-12-07T21:00:47,32.5,10.6593790614908,79.0131989106931,NOISE,2024-12-07T21:00:47,32.5,10.6593790614908,79.0131989106931,NOISE,2024-12-07T21:00:47,32.5,10.6593790614908,79.0131989106931,NOISE,2024-12-07T21:00:47,32.5,10.6593790614908,79.0131989106931,NOISE
2026-04-17T09:55:32.260711,Map-Energy__sum__linear-conv00167-20241208_000047-20241208_060047-30.000000-35.000000.png,2024-12-08T00:00:47,2024-12-08T06:00:47,30.0,35.0,2024-12-08T03:00:47,32.5,10.6593790614908,79.0131989106931,NOISE,2024-12-08T03:00:47,32.5,10.6593790614908,79.0131989106931,NOISE,2024-12-08T03:00:47,32.5,10.6593790614908,79.0131989106931,NOISE,2024-12-08T03:00:47,32.5,10.6593790614908,79.0131989106931,NOISE
2026-04-17T09:55:33.076816,Map-Energy__sum__linear-conv00177-20241208_060047-20241208_120047-30.000000-35.000000.png,2024-12-08T06:00:47,2024-12-08T12:00:47,30.0,35.0,2024-12-08T09:00:47,32.5,10.6593790614908,79.0131989106931,NOISE,2024-12-08T09:00:47,32.5,10.6593790614908,79.0131989106931,NOISE,2024-12-08T09:00:47,32.5,10.6593790614908,79.0131989106931,NOISE,2024-12-08T09:00:47,32.5,10.6593790614908,79.0131989106931,NOISE
2026-04-17T09:55:33.684833,Map-Energy__sum__linear-conv00187-20241208_120047-20241208_180047-30.000000-35.000000.png,2024-12-08T12:00:47,2024-12-08T18:00:47,30.0,35.0,2024-12-08T15:00:47,32.5,10.6593790614908,79.0131989106931,NOISE,2024-12-08T15:00:47,32.5,10.6593790614908,79.0131989106931,NOISE,2024-12-08T15:00:47,32.5,10.6593790614908,79.0131989106931,NOISE,2024-12-08T15:00:47,32.5,10.6593790614908,79.0131989106931,NOISE
2026-04-17T09:55:34.348759,Map-Energy__sum__linear-conv00197-20241208_180047-20241209_000047-30.000000-35.000000.png,2024-12-08T18:00:47,2024-12-09T00:00:47,30.0,35.0,2024-12-08T21:00:47,32.5,10.6593790614908,79.0131989106931,NOISE,2024-12-08T21:00:47,32.5,10.6593790614908,79.0131989106931,NOISE,2024-12-08T21:00:47,32.5,10.6593790614908,79.0131989106931,NOISE,2024-12-08T21:00:47,32.5,10.6593790614908,79.0131989106931,NOISE
2026-04-17T09:55:34.908839,Map-Energy__sum__linear-conv00207-20241209_000047-20241209_060047-30.000000-35.000000.png,2024-12-09T00:00:47,2024-12-09T06:00:47,30.0,35.0,2024-12-09T03:00:47,32.5,10.6593790614908,79.0131989106931,NOISE,2024-12-09T03:00:47,32.5,10.6593790614908,79.0131989106931,NOISE,2024-12-09T03:00:47,32.5,10.6593790614908,79.0131989106931,NOISE,2024-12-09T03:00:47,32.5,10.6593790614908,79.0131989106931,NOISE
2026-04-17T09:55:35.647506,Map-Energy__sum__linear-conv00217-20241209_060047-20241209_120047-30.000000-35.000000.png,2024-12-09T06:00:47,2024-12-09T12:00:47,30.0,35.0,2024-12-09T09:00:47,32.5,10.6593790614908,79.0131989106931,NOISE,2024-12-09T09:00:47,32.5,10.6593790614908,79.0131989106931,NOISE,2024-12-09T09:00:47,32.5,10.6593790614908,79.0131989106931,NOISE,2024-12-09T09:00:47,32.5,10.6593790614908,79.0131989106931,NOISE
2026-04-17T09:55:36.332874,Map-Energy__sum__linear-conv00227-20241209_120047-20241209_180047-30.000000-35.000000.png,2024-12-09T12:00:47,2024-12-09T18:00:47,30.0,35.0,2024-12-09T15:00:47,32.5,10.6593790614908,79.0131989106931,NOISE,2024-12-09T15:00:47,32.5,10.6593790614908,79.0131989106931,NOISE,2024-12-09T15:00:47,32.5,10.6593790614908,79.0131989106931,NOISE,2024-12-09T15:00:47,32.5,10.6593790614908,79.0131989106931,NOISE
2026-04-17T09:55:36.932684,Map-Energy__sum__linear-conv00237-20241209_180047-20241210_000047-30.000000-35.000000.png,2024-12-09T18:00:47,2024-12-10T00:00:47,30.0,35.0,2024-12-09T21:00:47,32.5,10.6593790614908,79.0131989106931,NOISE,2024-12-09T21:00:47,32.5,10.6593790614908,79.0131989106931,NOISE,2024-12-09T21:00:47,32.5,10.6593790614908,79.0131989106931,NOISE,2024-12-09T21:00:47,32.5,10.6593790614908,79.0131989106931,NOISE
2026-04-17T09:55:37.572695,Map-Energy__sum__linear-conv00247-20241210_000047-20241210_060047-30.000000-35.000000.png,2024-12-10T00:00:47,2024-12-10T06:00:47,30.0,35.0,2024-12-10T03:00:47,32.5,10.6593790614908,79.0131989106931,NOISE,2024-12-10T03:00:47,32.5,10.6593790614908,79.0131989106931,NOISE,2024-12-10T03:00:47,32.5,10.6593790614908,79.0131989106931,NOISE,2024-12-10T03:00:47,32.5,10.6593790614908,79.0131989106931,NOISE
2026-04-17T09:55:38.124537,Map-Energy__sum__linear-conv00257-20241210_060047-20241210_120047-30.000000-35.000000.png,2024-12-10T06:00:47,2024-12-10T12:00:47,30.0,35.0,2024-12-10T09:00:47,32.5,10.6593790614908,79.0131989106931,NOISE,2024-12-10T09:00:47,32.5,10.6593790614908,79.0131989106931,NOISE,2024-12-10T09:00:47,32.5,10.6593790614908,79.0131989106931,NOISE,2024-12-10T09:00:47,32.5,10.6593790614908,79.0131989106931,NOISE
2026-04-17T09:55:38.780711,Map-Energy__sum__linear-conv00267-20241210_120047-20241210_180047-30.000000-35.000000.png,2024-12-10T12:00:47,2024-12-10T18:00:47,30.0,35.0,2024-12-10T15:00:47,32.5,10.6593790614908,79.0131989106931,NOISE,2024-12-10T15:00:47,32.5,10.6593790614908,79.0131989106931,NOISE,2024-12-10T15:00:47,32.5,10.6593790614908,79.0131989106931,NOISE,2024-12-10T15:00:47,32.5,10.6593790614908,79.0131989106931,NOISE
2026-04-17T09:55:39.308663,Map-Energy__sum__linear-conv00277-20241210_180047-20241211_000047-30.000000-35.000000.png,2024-12-10T18:00:47,2024-12-11T00:00:47,30.0,35.0,2024-12-10T21:00:47,32.5,10.6593790614908,79.0131989106931,NOISE,2024-12-10T21:00:47,32.5,10.6593790614908,79.0131989106931,NOISE,2024-12-10T21:00:47,32.5,10.6593790614908,79.0131989106931,NOISE,2024-12-10T21:00:47,32.5,10.6593790614908,79.0131989106931,NOISE
2026-04-17T09:55:39.908764,Map-Energy__sum__linear-conv00287-20241211_000047-20241211_060047-30.000000-35.000000.png,2024-12-11T00:00:47,2024-12-11T06:00:47,30.0,35.0,2024-12-11T03:00:47,32.5,10.6593790614908,79.0131989106931,NOISE,2024-12-11T03:00:47,32.5,10.6593790614908,79.0131989106931,NOISE,2024-12-11T03:00:47,32.5,10.6593790614908,79.0131989106931,NOISE,2024-12-11T03:00:47,32.5,10.6593790614908,79.0131989106931,NOISE
2026-04-17T09:55:40.492854,Map-Energy__sum__linear-conv00297-20241211_060047-20241211_120047-30.000000-35.000000.png,2024-12-11T06:00:47,2024-12-11T12:00:47,30.0,35.0,2024-12-11T09:00:47,32.5,10.6593790614908,79.0131989106931,NOISE,2024-12-11T09:00:47,32.5,10.6593790614908,79.0131989106931,NOISE,2024-12-11T09:00:47,32.5,10.6593790614908,79.0131989106931,NOISE,2024-12-11T09:00:47,32.5,10.6593790614908,79.0131989106931,NOISE
2026-04-17T09:55:41.124850,Map-Energy__sum__linear-conv00307-20241211_120047-20241211_180047-30.000000-35.000000.png,2024-12-11T12:00:47,2024-12-11T18:00:47,30.0,35.0,2024-12-11T15:00:47,32.5,10.6593790614908,79.0131989106931,NOISE,2024-12-11T15:00:47,32.5,10.6593790614908,79.0131989106931,NOISE,2024-12-11T15:00:47,32.5,10.6593790614908,79.0131989106931,NOISE,2024-12-11T15:00:47,32.5,10.6593790614908,79.0131989106931,NOISE
2026-04-17T09:55:41.708786,Map-Energy__sum__linear-conv00317-20241211_180047-20241212_000047-30.000000-35.000000.png,2024-12-11T18:00:47,2024-12-12T00:00:47,30.0,35.0,2024-12-11T21:00:47,32.5,10.6593790614908,79.0131989106931,NOISE,2024-12-11T21:00:47,32.5,10.6593790614908,79.0131989106931,NOISE,2024-12-11T21:00:47,32.5,10.6593790614908,79.0131989106931,NOISE,2024-12-11T21:00:47,32.5,10.6593790614908,79.0131989106931,NOISE
2026-04-17T09:55:42.372915,Map-Energy__sum__linear-conv00327-20241212_000047-20241212_060047-30.000000-35.000000.png,2024-12-12T00:00:47,2024-12-12T06:00:47,30.0,35.0,2024-12-12T03:00:47,32.5,10.6593790614908,79.0131989106931,NOISE,2024-12-12T03:00:47,32.5,10.6593790614908,79.0131989106931,NOISE,2024-12-12T03:00:47,32.5,10.6593790614908,79.0131989106931,NOISE,2024-12-12T03:00:47,32.5,10.6593790614908,79.0131989106931,NOISE
2026-04-17T09:55:42.862024,Map-Energy__sum__linear-conv00337-20241212_060047-20241212_120047-30.000000-35.000000.png,2024-12-12T06:00:47,2024-12-12T12:00:47,30.0,35.0,2024-12-12T09:00:47,32.5,10.6593790614908,79.0131989106931,NOISE,2024-12-12T09:00:47,32.5,10.6593790614908,79.0131989106931,NOISE,2024-12-12T09:00:47,32.5,10.6593790614908,79.0131989106931,NOISE,2024-12-12T09:00:47,32.5,10.6593790614908,79.0131989106931,NOISE
2026-04-17T09:55:43.524500,Map-Energy__sum__linear-conv00347-20241212_120047-20241212_180047-30.000000-35.000000.png,2024-12-12T12:00:47,2024-12-12T18:00:47,30.0,35.0,2024-12-12T15:00:47,32.5,10.6593790614908,79.0131989106931,NOISE,2024-12-12T15:00:47,32.5,10.6593790614908,79.0131989106931,NOISE,2024-12-12T15:00:47,32.5,10.6593790614908,79.0131989106931,NOISE,2024-12-12T15:00:47,32.5,10.6593790614908,79.0131989106931,NOISE
2026-04-17T09:55:44.028823,Map-Energy__sum__linear-conv00357-20241212_180047-20241213_000047-30.000000-35.000000.png,2024-12-12T18:00:47,2024-12-13T00:00:47,30.0,35.0,2024-12-12T21:00:47,32.5,10.6593790614908,79.0131989106931,NOISE,2024-12-12T21:00:47,32.5,10.6593790614908,79.0131989106931,NOISE,2024-12-12T21:00:47,32.5,10.6593790614908,79.0131989106931,NOISE,2024-12-12T21:00:47,32.5,10.6593790614908,79.0131989106931,NOISE
2026-04-17T09:55:44.597128,Map-Energy__sum__linear-conv00367-20241213_000047-20241213_060047-30.000000-35.000000.png,2024-12-13T00:00:47,2024-12-13T06:00:47,30.0,35.0,2024-12-13T03:00:47,32.5,10.6593790614908,79.0131989106931,NOISE,2024-12-13T03:00:47,32.5,10.6593790614908,79.0131989106931,NOISE,2024-12-13T03:00:47,32.5,10.6593790614908,79.0131989106931,NOISE,2024-12-13T03:00:47,32.5,10.6593790614908,79.0131989106931,NOISE
2026-04-17T09:55:45.140760,Map-Energy__sum__linear-conv00377-20241213_060047-20241213_120047-30.000000-35.000000.png,2024-12-13T06:00:47,2024-12-13T12:00:47,30.0,35.0,2024-12-13T09:00:47,32.5,10.6593790614908,79.0131989106931,NOISE,2024-12-13T09:00:47,32.5,10.6593790614908,79.0131989106931,NOISE,2024-12-13T09:00:47,32.5,10.6593790614908,79.0131989106931,NOISE,2024-12-13T09:00:47,32.5,10.6593790614908,79.0131989106931,NOISE
2026-04-17T09:55:49.852942,Map-Energy__sum__linear-conv00387-20241213_120047-20241213_180047-30.000000-35.000000.png,2024-12-13T12:00:47,2024-12-13T18:00:47,30.0,35.0,2024-12-13T15:00:47,32.5,10.6593790614908,79.0131989106931,NOISE,2024-12-13T15:00:47,32.5,10.6593790614908,79.0131989106931,NOISE,2024-12-13T15:00:47,32.5,10.6593790614908,79.0131989106931,NOISE,2024-12-13T15:00:47,32.5,10.6593790614908,79.0131989106931,NOISE
2026-04-17T09:55:52.797026,Map-Energy__sum__linear-conv00397-20241213_180047-20241214_000047-30.000000-35.000000.png,2024-12-13T18:00:47,2024-12-14T00:00:47,30.0,35.0,2024-12-13T21:00:47,32.5,10.6593790614908,79.0131989106931,NOISE,2024-12-13T21:00:47,32.5,10.6593790614908,79.0131989106931,NOISE,2024-12-13T21:00:47,32.5,10.6593790614908,79.0131989106931,NOISE,2024-12-13T21:00:47,32.5,10.6593790614908,79.0131989106931,NOISE
2026-04-17T09:55:54.828758,Map-Energy__sum__linear-conv00407-20241214_000047-20241214_060047-30.000000-35.000000.png,2024-12-14T00:00:47,2024-12-14T06:00:47,30.0,35.0,2024-12-14T03:00:47,32.5,10.6593790614908,79.0131989106931,NOISE,2024-12-14T03:00:47,32.5,10.6593790614908,79.0131989106931,NOISE,2024-12-14T03:00:47,32.5,10.6593790614908,79.0131989106931,NOISE,2024-12-14T03:00:47,32.5,10.6593790614908,79.0131989106931,NOISE
2026-04-17T09:55:56.908474,Map-Energy__sum__linear-conv00417-20241214_060047-20241214_120047-30.000000-35.000000.png,2024-12-14T06:00:47,2024-12-14T12:00:47,30.0,35.0,2024-12-14T09:00:47,32.5,10.6593790614908,79.0131989106931,NOISE,2024-12-14T09:00:47,32.5,10.6593790614908,79.0131989106931,NOISE,2024-12-14T09:00:47,32.5,10.6593790614908,79.0131989106931,NOISE,2024-12-14T09:00:47,32.5,10.6593790614908,79.0131989106931,NOISE
2026-04-17T09:55:58.668947,Map-Energy__sum__linear-conv00427-20241214_120047-20241214_180047-30.000000-35.000000.png,2024-12-14T12:00:47,2024-12-14T18:00:47,30.0,35.0,2024-12-14T15:00:47,32.5,10.6593790614908,79.0131989106931,NOISE,2024-12-14T15:00:47,32.5,10.6593790614908,79.0131989106931,NOISE,2024-12-14T15:00:47,32.5,10.6593790614908,79.0131989106931,NOISE,2024-12-14T15:00:47,32.5,10.6593790614908,79.0131989106931,NOISE
2026-04-17T09:56:00.165220,Map-Energy__sum__linear-conv00437-20241214_180047-20241215_000047-30.000000-35.000000.png,2024-12-14T18:00:47,2024-12-15T00:00:47,30.0,35.0,2024-12-14T21:00:47,32.5,10.6593790614908,79.0131989106931,NOISE,2024-12-14T21:00:47,32.5,10.6593790614908,79.0131989106931,NOISE,2024-12-14T21:00:47,32.5,10.6593790614908,79.0131989106931,NOISE,2024-12-14T21:00:47,32.5,10.6593790614908,79.0131989106931,NOISE
2026-04-17T09:56:02.052808,Map-Energy__sum__linear-conv00004-20241215_000047-20241215_060047-30.000000-35.000000.png,2024-12-15T00:00:47,2024-12-15T06:00:47,30.0,35.0,2024-12-15T03:00:47,32.5,10.6593790614908,79.0131989106931,NOISE,2024-12-15T03:00:47,32.5,10.6593790614908,79.0131989106931,NOISE,2024-12-15T03:00:47,32.5,10.6593790614908,79.0131989106931,NOISE,2024-12-15T03:00:47,32.5,10.6593790614908,79.0131989106931,NOISE
2026-04-17T09:56:03.324810,Map-Energy__sum__linear-conv00014-20241215_060047-20241215_120047-30.000000-35.000000.png,2024-12-15T06:00:47,2024-12-15T12:00:47,30.0,35.0,2024-12-15T09:00:47,32.5,10.6593790614908,79.0131989106931,NOISE,2024-12-15T09:00:47,32.5,10.6593790614908,79.0131989106931,NOISE,2024-12-15T09:00:47,32.5,10.6593790614908,79.0131989106931,NOISE,2024-12-15T09:00:47,32.5,10.6593790614908,79.0131989106931,NOISE
2026-04-17T09:56:04.956886,Map-Energy__sum__linear-conv00024-20241215_120047-20241215_180047-30.000000-35.000000.png,2024-12-15T12:00:47,2024-12-15T18:00:47,30.0,35.0,2024-12-15T15:00:47,32.5,10.6593790614908,79.0131989106931,NOISE,2024-12-15T15:00:47,32.5,10.6593790614908,79.0131989106931,NOISE,2024-12-15T15:00:47,32.5,10.6593790614908,79.0131989106931,NOISE,2024-12-15T15:00:47,32.5,10.6593790614908,79.0131989106931,NOISE
2026-04-17T09:56:06.684852,Map-Energy__sum__linear-conv00034-20241215_180047-20241216_000047-30.000000-35.000000.png,2024-12-15T18:00:47,2024-12-16T00:00:47,30.0,35.0,2024-12-15T21:00:47,32.5,10.6593790614908,79.0131989106931,NOISE,2024-12-15T21:00:47,32.5,10.6593790614908,79.0131989106931,NOISE,2024-12-15T21:00:47,32.5,10.6593790614908,79.0131989106931,NOISE,2024-12-15T21:00:47,32.5,10.6593790614908,79.0131989106931,NOISE
2026-04-17T09:56:08.108479,Map-Energy__sum__linear-conv00044-20241216_000047-20241216_060047-30.000000-35.000000.png,2024-12-16T00:00:47,2024-12-16T06:00:47,30.0,35.0,2024-12-16T03:00:47,32.5,10.6593790614908,79.0131989106931,NOISE,2024-12-16T03:00:47,32.5,10.6593790614908,79.0131989106931,NOISE,2024-12-16T03:00:47,32.5,10.6593790614908,79.0131989106931,NOISE,2024-12-16T03:00:47,32.5,10.6593790614908,79.0131989106931,NOISE
2026-04-17T09:56:09.677750,Map-Energy__sum__linear-conv00054-20241216_060047-20241216_120047-30.000000-35.000000.png,2024-12-16T06:00:47,2024-12-16T12:00:47,30.0,35.0,2024-12-16T09:00:47,32.5,10.6593790614908,79.0131989106931,NOISE,2024-12-16T09:00:47,32.5,10.6593790614908,79.0131989106931,NOISE,2024-12-16T09:00:47,32.5,10.6593790614908,79.0131989106931,NOISE,2024-12-16T09:00:47,32.5,10.6593790614908,79.0131989106931,NOISE
2026-04-17T09:56:10.796853,Map-Energy__sum__linear-conv00064-20241216_120047-20241216_180047-30.000000-35.000000.png,2024-12-16T12:00:47,2024-12-16T18:00:47,30.0,35.0,2024-12-16T15:00:47,32.5,10.6593790614908,79.0131989106931,NOISE,2024-12-16T15:00:47,32.5,10.6593790614908,79.0131989106931,NOISE,2024-12-16T15:00:47,32.5,10.6593790614908,79.0131989106931,NOISE,2024-12-16T15:00:47,32.5,10.6593790614908,79.0131989106931,NOISE
2026-04-17T09:56:12.197009,Map-Energy__sum__linear-conv00074-20241216_180047-20241217_000047-30.000000-35.000000.png,2024-12-16T18:00:47,2024-12-17T00:00:47,30.0,35.0,2024-12-16T21:00:47,32.5,10.6593790614908,79.0131989106931,NOISE,2024-12-16T21:00:47,32.5,10.6593790614908,79.0131989106931,NOISE,2024-12-16T21:00:47,32.5,10.6593790614908,79.0131989106931,NOISE,2024-12-16T21:00:47,32.5,10.6593790614908,79.0131989106931,NOISE
2026-04-17T09:56:14.812742,Map-Energy__sum__linear-conv00084-20241217_000047-20241217_060047-30.000000-35.000000.png,2024-12-17T00:00:47,2024-12-17T06:00:47,30.0,35.0,2024-12-17T03:00:47,32.5,10.6593790614908,79.0131989106931,NOISE,2024-12-17T03:00:47,32.5,10.6593790614908,79.0131989106931,NOISE,2024-12-17T03:00:47,32.5,10.6593790614908,79.0131989106931,NOISE,2024-12-17T03:00:47,32.5,10.6593790614908,79.0131989106931,NOISE
2026-04-17T09:56:16.524790,Map-Energy__sum__linear-conv00094-20241217_060047-20241217_120047-30.000000-35.000000.png,2024-12-17T06:00:47,2024-12-17T12:00:47,30.0,35.0,2024-12-17T09:00:47,32.5,10.6593790614908,79.0131989106931,NOISE,2024-12-17T09:00:47,32.5,10.6593790614908,79.0131989106931,NOISE,2024-12-17T09:00:47,32.5,10.6593790614908,79.0131989106931,NOISE,2024-12-17T09:00:47,32.5,10.6593790614908,79.0131989106931,NOISE
2026-04-17T09:57:27.949165,Map-Energy__sum__linear-conv00104-20241217_120047-20241217_180047-30.000000-35.000000.png,2024-12-17T12:00:47,2024-12-17T18:00:47,30.0,35.0,2024-12-17T15:00:47,32.5,10.6593790614908,79.0131989106931,NOISE,2024-12-17T15:00:47,32.5,10.6593790614908,79.0131989106931,NOISE,2024-12-17T15:00:47,32.5,10.6593790614908,79.0131989106931,NOISE,2024-12-17T15:00:47,32.5,10.6593790614908,79.0131989106931,NOISE
2026-04-17T09:57:30.004712,Map-Energy__sum__linear-conv00114-20241217_180047-20241218_000047-30.000000-35.000000.png,2024-12-17T18:00:47,2024-12-18T00:00:47,30.0,35.0,2024-12-17T21:00:47,32.5,10.6593790614908,79.0131989106931,NOISE,2024-12-17T21:00:47,32.5,10.6593790614908,79.0131989106931,NOISE,2024-12-17T21:00:47,32.5,10.6593790614908,79.0131989106931,NOISE,2024-12-17T21:00:47,32.5,10.6593790614908,79.0131989106931,NOISE
2026-04-17T09:57:32.085586,Map-Energy__sum__linear-conv00124-20241218_000047-20241218_060047-30.000000-35.000000.png,2024-12-18T00:00:47,2024-12-18T06:00:47,30.0,35.0,2024-12-18T03:00:47,32.5,10.6593790614908,79.0131989106931,NOISE,2024-12-18T03:00:47,32.5,10.6593790614908,79.0131989106931,NOISE,2024-12-18T03:00:47,32.5,10.6593790614908,79.0131989106931,NOISE,2024-12-18T03:00:47,32.5,10.6593790614908,79.0131989106931,NOISE
2026-04-17T09:57:33.428782,Map-Energy__sum__linear-conv00134-20241218_060047-20241218_120047-30.000000-35.000000.png,2024-12-18T06:00:47,2024-12-18T12:00:47,30.0,35.0,2024-12-18T09:00:47,32.5,10.6593790614908,79.0131989106931,NOISE,2024-12-18T09:00:47,32.5,10.6593790614908,79.0131989106931,NOISE,2024-12-18T09:00:47,32.5,10.6593790614908,79.0131989106931,NOISE,2024-12-18T09:00:47,32.5,10.6593790614908,79.0131989106931,NOISE
2026-04-17T09:57:36.660771,Map-Energy__sum__linear-conv00144-20241218_120047-20241218_180047-30.000000-35.000000.png,2024-12-18T12:00:47,2024-12-18T18:00:47,30.0,35.0,2024-12-18T15:00:47,32.5,10.6593790614908,79.0131989106931,NOISE,2024-12-18T15:00:47,32.5,10.6593790614908,79.0131989106931,NOISE,2024-12-18T15:00:47,32.5,10.6593790614908,79.0131989106931,NOISE,2024-12-18T15:00:47,32.5,10.6593790614908,79.0131989106931,NOISE
2026-04-17T09:57:38.220712,Map-Energy__sum__linear-conv00154-20241218_180047-20241219_000047-30.000000-35.000000.png,2024-12-18T18:00:47,2024-12-19T00:00:47,30.0,35.0,2024-12-18T21:00:47,32.5,10.6593790614908,79.0131989106931,NOISE,2024-12-18T21:00:47,32.5,10.6593790614908,79.0131989106931,NOISE,2024-12-18T21:00:47,32.5,10.6593790614908,79.0131989106931,NOISE,2024-12-18T21:00:47,32.5,10.6593790614908,79.0131989106931,NOISE
2026-04-17T09:57:39.796740,Map-Energy__sum__linear-conv00164-20241219_000047-20241219_060047-30.000000-35.000000.png,2024-12-19T00:00:47,2024-12-19T06:00:47,30.0,35.0,2024-12-19T03:00:47,32.5,10.6593790614908,79.0131989106931,NOISE,2024-12-19T03:00:47,32.5,10.6593790614908,79.0131989106931,NOISE,2024-12-19T03:00:47,32.5,10.6593790614908,79.0131989106931,NOISE,2024-12-19T03:00:47,32.5,10.6593790614908,79.0131989106931,NOISE
2026-04-17T09:57:41.172347,Map-Energy__sum__linear-conv00174-20241219_060047-20241219_120047-30.000000-35.000000.png,2024-12-19T06:00:47,2024-12-19T12:00:47,30.0,35.0,2024-12-19T09:00:47,32.5,10.6593790614908,79.0131989106931,NOISE,2024-12-19T09:00:47,32.5,10.6593790614908,79.0131989106931,NOISE,2024-12-19T09:00:47,32.5,10.6593790614908,79.0131989106931,NOISE,2024-12-19T09:00:47,32.5,10.6593790614908,79.0131989106931,NOISE
2026-04-17T09:57:42.572789,Map-Energy__sum__linear-conv00184-20241219_120047-20241219_180047-30.000000-35.000000.png,2024-12-19T12:00:47,2024-12-19T18:00:47,30.0,35.0,2024-12-19T15:00:47,32.5,10.6593790614908,79.0131989106931,NOISE,2024-12-19T15:00:47,32.5,10.6593790614908,79.0131989106931,NOISE,2024-12-19T15:00:47,32.5,10.6593790614908,79.0131989106931,NOISE,2024-12-19T15:00:47,32.5,10.6593790614908,79.0131989106931,NOISE
2026-04-17T09:57:44.356662,Map-Energy__sum__linear-conv00194-20241219_180047-20241220_000047-30.000000-35.000000.png,2024-12-19T18:00:47,2024-12-20T00:00:47,30.0,35.0,2024-12-19T21:00:47,32.5,10.6593790614908,79.0131989106931,NOISE,2024-12-19T21:00:47,32.5,10.6593790614908,79.0131989106931,NOISE,2024-12-19T21:00:47,32.5,10.6593790614908,79.0131989106931,NOISE,2024-12-19T21:00:47,32.5,10.6593790614908,79.0131989106931,NOISE
2026-04-17T09:57:45.764636,Map-Energy__sum__linear-conv00204-20241220_000047-20241220_060047-30.000000-35.000000.png,2024-12-20T00:00:47,2024-12-20T06:00:47,30.0,35.0,2024-12-20T03:00:47,32.5,10.6593790614908,79.0131989106931,NOISE,2024-12-20T03:00:47,32.5,10.6593790614908,79.0131989106931,NOISE,2024-12-20T03:00:47,32.5,10.6593790614908,79.0131989106931,NOISE,2024-12-20T03:00:47,32.5,10.6593790614908,79.0131989106931,NOISE
2026-04-17T09:57:47.068810,Map-Energy__sum__linear-conv00214-20241220_060047-20241220_120047-30.000000-35.000000.png,2024-12-20T06:00:47,2024-12-20T12:00:47,30.0,35.0,2024-12-20T09:00:47,32.5,10.6593790614908,79.0131989106931,NOISE,2024-12-20T09:00:47,32.5,10.6593790614908,79.0131989106931,NOISE,2024-12-20T09:00:47,32.5,10.6593790614908,79.0131989106931,NOISE,2024-12-20T09:00:47,32.5,10.6593790614908,79.0131989106931,NOISE
2026-04-17T09:57:49.940781,Map-Energy__sum__linear-conv00224-20241220_120047-20241220_180047-30.000000-35.000000.png,2024-12-20T12:00:47,2024-12-20T18:00:47,30.0,35.0,2024-12-20T15:00:47,32.5,10.6593790614908,79.0131989106931,NOISE,2024-12-20T15:00:47,32.5,10.6593790614908,79.0131989106931,NOISE,2024-12-20T15:00:47,32.5,10.6593790614908,79.0131989106931,NOISE,2024-12-20T15:00:47,32.5,10.6593790614908,79.0131989106931,NOISE
2026-04-17T09:57:52.276218,Map-Energy__sum__linear-conv00234-20241220_180047-20241221_000047-30.000000-35.000000.png,2024-12-20T18:00:47,2024-12-21T00:00:47,30.0,35.0,2024-12-20T21:00:47,32.5,10.6593790614908,79.0131989106931,NOISE,2024-12-20T21:00:47,32.5,10.6593790614908,79.0131989106931,NOISE,2024-12-20T21:00:47,32.5,10.6593790614908,79.0131989106931,NOISE,2024-12-20T21:00:47,32.5,10.6593790614908,79.0131989106931,NOISE
2026-04-17T09:57:54.236731,Map-Energy__sum__linear-conv00244-20241221_000047-20241221_060047-30.000000-35.000000.png,2024-12-21T00:00:47,2024-12-21T06:00:47,30.0,35.0,2024-12-21T03:00:47,32.5,10.6593790614908,79.0131989106931,NOISE,2024-12-21T03:00:47,32.5,10.6593790614908,79.0131989106931,NOISE,2024-12-21T03:00:47,32.5,10.6593790614908,79.0131989106931,NOISE,2024-12-21T03:00:47,32.5,10.6593790614908,79.0131989106931,NOISE
2026-04-17T09:57:56.573466,Map-Energy__sum__linear-conv00254-20241221_060047-20241221_120047-30.000000-35.000000.png,2024-12-21T06:00:47,2024-12-21T12:00:47,30.0,35.0,2024-12-21T09:00:47,32.5,10.6593790614908,79.0131989106931,NOISE,2024-12-21T09:00:47,32.5,10.6593790614908,79.0131989106931,NOISE,2024-12-21T09:00:47,32.5,10.6593790614908,79.0131989106931,NOISE,2024-12-21T09:00:47,32.5,10.6593790614908,79.0131989106931,NOISE
2026-04-17T09:57:57.980524,Map-Energy__sum__linear-conv00264-20241221_120047-20241221_180047-30.000000-35.000000.png,2024-12-21T12:00:47,2024-12-21T18:00:47,30.0,35.0,2024-12-21T15:00:47,32.5,10.6593790614908,79.0131989106931,NOISE,2024-12-21T15:00:47,32.5,10.6593790614908,79.0131989106931,NOISE,2024-12-21T15:00:47,32.5,10.6593790614908,79.0131989106931,NOISE,2024-12-21T15:00:47,32.5,10.6593790614908,79.0131989106931,NOISE
2026-04-17T09:57:59.412830,Map-Energy__sum__linear-conv00274-20241221_180047-20241222_000047-30.000000-35.000000.png,2024-12-21T18:00:47,2024-12-22T00:00:47,30.0,35.0,2024-12-21T21:00:47,32.5,10.6593790614908,79.0131989106931,NOISE,2024-12-21T21:00:47,32.5,10.6593790614908,79.0131989106931,NOISE,2024-12-21T21:00:47,32.5,10.6593790614908,79.0131989106931,NOISE,2024-12-21T21:00:47,32.5,10.6593790614908,79.0131989106931,NOISE
2026-04-17T09:58:01.236550,Map-Energy__sum__linear-conv00284-20241222_000047-20241222_060047-30.000000-35.000000.png,2024-12-22T00:00:47,2024-12-22T06:00:47,30.0,35.0,2024-12-22T03:00:47,32.5,10.6593790614908,79.0131989106931,NOISE,2024-12-22T03:00:47,32.5,10.6593790614908,79.0131989106931,NOISE,2024-12-22T03:00:47,32.5,10.6593790614908,79.0131989106931,NOISE,2024-12-22T03:00:47,32.5,10.6593790614908,79.0131989106931,NOISE
2026-04-17T09:58:02.748649,Map-Energy__sum__linear-conv00294-20241222_060047-20241222_120047-30.000000-35.000000.png,2024-12-22T06:00:47,2024-12-22T12:00:47,30.0,35.0,2024-12-22T09:00:47,32.5,10.6593790614908,79.0131989106931,NOISE,2024-12-22T09:00:47,32.5,10.6593790614908,79.0131989106931,NOISE,2024-12-22T09:00:47,32.5,10.6593790614908,79.0131989106931,NOISE,2024-12-22T09:00:47,32.5,10.6593790614908,79.0131989106931,NOISE
2026-04-17T09:58:04.220988,Map-Energy__sum__linear-conv00304-20241222_120047-20241222_180047-30.000000-35.000000.png,2024-12-22T12:00:47,2024-12-22T18:00:47,30.0,35.0,2024-12-22T15:00:47,32.5,10.6593790614908,79.0131989106931,NOISE,2024-12-22T15:00:47,32.5,10.6593790614908,79.0131989106931,NOISE,2024-12-22T15:00:47,32.5,10.6593790614908,79.0131989106931,NOISE,2024-12-22T15:00:47,32.5,10.6593790614908,79.0131989106931,NOISE
2026-04-17T09:58:06.068665,Map-Energy__sum__linear-conv00314-20241222_180047-20241223_000047-30.000000-35.000000.png,2024-12-22T18:00:47,2024-12-23T00:00:47,30.0,35.0,2024-12-22T21:00:47,32.5,10.6593790614908,79.0131989106931,NOISE,2024-12-22T21:00:47,32.5,10.6593790614908,79.0131989106931,NOISE,2024-12-22T21:00:47,32.5,10.6593790614908,79.0131989106931,NOISE,2024-12-22T21:00:47,32.5,10.6593790614908,79.0131989106931,NOISE
2026-04-17T09:58:07.396740,Map-Energy__sum__linear-conv00324-20241223_000047-20241223_060047-30.000000-35.000000.png,2024-12-23T00:00:47,2024-12-23T06:00:47,30.0,35.0,2024-12-23T03:00:47,32.5,10.6593790614908,79.0131989106931,NOISE,2024-12-23T03:00:47,32.5,10.6593790614908,79.0131989106931,NOISE,2024-12-23T03:00:47,32.5,10.6593790614908,79.0131989106931,NOISE,2024-12-23T03:00:47,32.5,10.6593790614908,79.0131989106931,NOISE
2026-04-17T09:58:09.020917,Map-Energy__sum__linear-conv00007-20241223_060047-20241223_120047-30.000000-35.000000.png,2024-12-23T06:00:47,2024-12-23T12:00:47,30.0,35.0,2024-12-23T09:00:47,32.5,10.6593790614908,79.0131989106931,NOISE,2024-12-23T09:00:47,32.5,10.6593790614908,79.0131989106931,NOISE,2024-12-23T09:00:47,32.5,10.6593790614908,79.0131989106931,NOISE,2024-12-23T09:00:47,32.5,10.6593790614908,79.0131989106931,NOISE
2026-04-17T09:58:48.396725,Map-Energy__sum__linear-conv00017-20241223_120047-20241223_180047-30.000000-35.000000.png,2024-12-23T12:00:47,2024-12-23T18:00:47,30.0,35.0,2024-12-23T15:00:47,32.5,10.6593790614908,79.0131989106931,NOISE,2024-12-23T15:00:47,32.5,10.6593790614908,79.0131989106931,NOISE,2024-12-23T15:00:47,32.5,10.6593790614908,79.0131989106931,NOISE,2024-12-23T15:00:47,32.5,10.6593790614908,79.0131989106931,NOISE
2026-04-17T09:58:49.964733,Map-Energy__sum__linear-conv00027-20241223_180047-20241224_000047-30.000000-35.000000.png,2024-12-23T18:00:47,2024-12-24T00:00:47,30.0,35.0,2024-12-23T21:00:47,32.5,10.6593790614908,79.0131989106931,NOISE,2024-12-23T21:00:47,32.5,10.6593790614908,79.0131989106931,NOISE,2024-12-23T21:00:47,32.5,10.6593790614908,79.0131989106931,NOISE,2024-12-23T21:00:47,32.5,10.6593790614908,79.0131989106931,NOISE
2026-04-17T09:58:51.557210,Map-Energy__sum__linear-conv00037-20241224_000047-20241224_060047-30.000000-35.000000.png,2024-12-24T00:00:47,2024-12-24T06:00:47,30.0,35.0,2024-12-24T03:00:47,32.5,10.6593790614908,79.0131989106931,NOISE,2024-12-24T03:00:47,32.5,10.6593790614908,79.0131989106931,NOISE,2024-12-24T03:00:47,32.5,10.6593790614908,79.0131989106931,NOISE,2024-12-24T03:00:47,32.5,10.6593790614908,79.0131989106931,NOISE
2026-04-17T09:58:52.844587,Map-Energy__sum__linear-conv00047-20241224_060047-20241224_120047-30.000000-35.000000.png,2024-12-24T06:00:47,2024-12-24T12:00:47,30.0,35.0,2024-12-24T09:00:47,32.5,10.6593790614908,79.0131989106931,NOISE,2024-12-24T09:00:47,32.5,10.6593790614908,79.0131989106931,NOISE,2024-12-24T09:00:47,32.5,10.6593790614908,79.0131989106931,NOISE,2024-12-24T09:00:47,32.5,10.6593790614908,79.0131989106931,NOISE
2026-04-17T09:58:54.100717,Map-Energy__sum__linear-conv00057-20241224_120047-20241224_180047-30.000000-35.000000.png,2024-12-24T12:00:47,2024-12-24T18:00:47,30.0,35.0,2024-12-24T15:00:47,32.5,10.6593790614908,79.0131989106931,NOISE,2024-12-24T15:00:47,32.5,10.6593790614908,79.0131989106931,NOISE,2024-12-24T15:00:47,32.5,10.6593790614908,79.0131989106931,NOISE,2024-12-24T15:00:47,32.5,10.6593790614908,79.0131989106931,NOISE
2026-04-17T09:59:01.188637,Map-Energy__sum__linear-conv00067-20241224_180047-20241225_000047-30.000000-35.000000.png,2024-12-24T18:00:47,2024-12-25T00:00:47,30.0,35.0,2024-12-24T23:10:07,34.795684,10.5561640347744,79.0071245387662,OTHER,2024-12-24T21:00:47,32.5,10.6593790614908,79.0131989106931,NOISE,2024-12-24T21:00:47,32.5,10.6593790614908,79.0131989106931,NOISE,2024-12-24T21:00:47,32.5,10.6593790614908,79.0131989106931,NOISE
2026-04-17T09:59:17.716625,Map-Energy__sum__linear-conv00077-20241225_000047-20241225_060047-30.000000-35.000000.png,2024-12-25T00:00:47,2024-12-25T06:00:47,30.0,35.0,2024-12-25T01:36:53,33.830719,10.5996455786551,79.0097076124635,VESSEL,2024-12-25T03:00:47,32.5,10.6593790614908,79.0131989106931,NOISE,2024-12-25T03:00:47,32.5,10.6593790614908,79.0131989106931,NOISE,2024-12-25T03:00:47,32.5,10.6593790614908,79.0131989106931,NOISE
2026-04-17T09:59:18.756671,Map-Energy__sum__linear-conv00087-20241225_060047-20241225_120047-30.000000-35.000000.png,2024-12-25T06:00:47,2024-12-25T12:00:47,30.0,35.0,2024-12-25T09:00:47,32.5,10.6593790614908,79.0131989106931,NOISE,2024-12-25T09:00:47,32.5,10.6593790614908,79.0131989106931,NOISE,2024-12-25T09:00:47,32.5,10.6593790614908,79.0131989106931,NOISE,2024-12-25T09:00:47,32.5,10.6593790614908,79.0131989106931,NOISE
2026-04-17T09:59:19.735888,Map-Energy__sum__linear-conv00097-20241225_120047-20241225_180047-30.000000-35.000000.png,2024-12-25T12:00:47,2024-12-25T18:00:47,30.0,35.0,2024-12-25T15:00:47,32.5,10.6593790614908,79.0131989106931,NOISE,2024-12-25T15:00:47,32.5,10.6593790614908,79.0131989106931,NOISE,2024-12-25T15:00:47,32.5,10.6593790614908,79.0131989106931,NOISE,2024-12-25T15:00:47,32.5,10.6593790614908,79.0131989106931,NOISE
2026-04-17T09:59:21.197403,Map-Energy__sum__linear-conv00107-20241225_180047-20241226_000047-30.000000-35.000000.png,2024-12-25T18:00:47,2024-12-26T00:00:47,30.0,35.0,2024-12-25T21:00:47,32.5,10.6593790614908,79.0131989106931,NOISE,2024-12-25T21:00:47,32.5,10.6593790614908,79.0131989106931,NOISE,2024-12-25T21:00:47,32.5,10.6593790614908,79.0131989106931,NOISE,2024-12-25T21:00:47,32.5,10.6593790614908,79.0131989106931,NOISE
2026-04-17T09:59:22.764635,Map-Energy__sum__linear-conv00117-20241226_000047-20241226_060047-30.000000-35.000000.png,2024-12-26T00:00:47,2024-12-26T06:00:47,30.0,35.0,2024-12-26T03:00:47,32.5,10.6593790614908,79.0131989106931,NOISE,2024-12-26T03:00:47,32.5,10.6593790614908,79.0131989106931,NOISE,2024-12-26T03:00:47,32.5,10.6593790614908,79.0131989106931,NOISE,2024-12-26T03:00:47,32.5,10.6593790614908,79.0131989106931,NOISE
2026-04-17T09:59:27.220622,Map-Energy__sum__linear-conv00127-20241226_060047-20241226_120047-30.000000-35.000000.png,2024-12-26T06:00:47,2024-12-26T12:00:47,30.0,35.0,2024-12-26T09:03:00,32.134247,10.6760117505785,79.0141597847579,VESSEL,2024-12-26T09:00:47,32.5,10.6593790614908,79.0131989106931,NOISE,2024-12-26T09:00:47,32.5,10.6593790614908,79.0131989106931,NOISE,2024-12-26T09:00:47,32.5,10.6593790614908,79.0131989106931,NOISE
2026-04-17T09:59:28.444705,Map-Energy__sum__linear-conv00137-20241226_120047-20241226_180047-30.000000-35.000000.png,2024-12-26T12:00:47,2024-12-26T18:00:47,30.0,35.0,2024-12-26T15:00:47,32.5,10.6593790614908,79.0131989106931,NOISE,2024-12-26T15:00:47,32.5,10.6593790614908,79.0131989106931,NOISE,2024-12-26T15:00:47,32.5,10.6593790614908,79.0131989106931,NOISE,2024-12-26T15:00:47,32.5,10.6593790614908,79.0131989106931,NOISE
2026-04-17T09:59:30.308617,Map-Energy__sum__linear-conv00147-20241226_180047-20241227_000047-30.000000-35.000000.png,2024-12-26T18:00:47,2024-12-27T00:00:47,30.0,35.0,2024-12-26T21:00:47,32.5,10.6593790614908,79.0131989106931,NOISE,2024-12-26T21:00:47,32.5,10.6593790614908,79.0131989106931,NOISE,2024-12-26T21:00:47,32.5,10.6593790614908,79.0131989106931,NOISE,2024-12-26T21:00:47,32.5,10.6593790614908,79.0131989106931,NOISE
2026-04-17T09:59:32.500688,Map-Energy__sum__linear-conv00157-20241227_000047-20241227_060047-30.000000-35.000000.png,2024-12-27T00:00:47,2024-12-27T06:00:47,30.0,35.0,2024-12-27T03:00:47,32.5,10.6593790614908,79.0131989106931,NOISE,2024-12-27T03:00:47,32.5,10.6593790614908,79.0131989106931,NOISE,2024-12-27T03:00:47,32.5,10.6593790614908,79.0131989106931,NOISE,2024-12-27T03:00:47,32.5,10.6593790614908,79.0131989106931,NOISE
2026-04-17T09:59:33.660750,Map-Energy__sum__linear-conv00167-20241227_060047-20241227_120047-30.000000-35.000000.png,2024-12-27T06:00:47,2024-12-27T12:00:47,30.0,35.0,2024-12-27T09:00:47,32.5,10.6593790614908,79.0131989106931,NOISE,2024-12-27T09:00:47,32.5,10.6593790614908,79.0131989106931,NOISE,2024-12-27T09:00:47,32.5,10.6593790614908,79.0131989106931,NOISE,2024-12-27T09:00:47,32.5,10.6593790614908,79.0131989106931,NOISE
2026-04-17T09:59:35.724590,Map-Energy__sum__linear-conv00177-20241227_120047-20241227_180047-30.000000-35.000000.png,2024-12-27T12:00:47,2024-12-27T18:00:47,30.0,35.0,2024-12-27T15:00:47,32.5,10.6593790614908,79.0131989106931,NOISE,2024-12-27T15:00:47,32.5,10.6593790614908,79.0131989106931,NOISE,2024-12-27T15:00:47,32.5,10.6593790614908,79.0131989106931,NOISE,2024-12-27T15:00:47,32.5,10.6593790614908,79.0131989106931,NOISE
2026-04-17T09:59:37.140622,Map-Energy__sum__linear-conv00187-20241227_180047-20241228_000047-30.000000-35.000000.png,2024-12-27T18:00:47,2024-12-28T00:00:47,30.0,35.0,2024-12-27T21:00:47,32.5,10.6593790614908,79.0131989106931,NOISE,2024-12-27T21:00:47,32.5,10.6593790614908,79.0131989106931,NOISE,2024-12-27T21:00:47,32.5,10.6593790614908,79.0131989106931,NOISE,2024-12-27T21:00:47,32.5,10.6593790614908,79.0131989106931,NOISE
2026-04-17T09:59:38.204679,Map-Energy__sum__linear-conv00197-20241228_000047-20241228_060047-30.000000-35.000000.png,2024-12-28T00:00:47,2024-12-28T06:00:47,30.0,35.0,2024-12-28T03:00:47,32.5,10.6593790614908,79.0131989106931,NOISE,2024-12-28T03:00:47,32.5,10.6593790614908,79.0131989106931,NOISE,2024-12-28T03:00:47,32.5,10.6593790614908,79.0131989106931,NOISE,2024-12-28T03:00:47,32.5,10.6593790614908,79.0131989106931,NOISE
2026-04-17T09:59:39.228643,Map-Energy__sum__linear-conv00207-20241228_060047-20241228_120047-30.000000-35.000000.png,2024-12-28T06:00:47,2024-12-28T12:00:47,30.0,35.0,2024-12-28T09:00:47,32.5,10.6593790614908,79.0131989106931,NOISE,2024-12-28T09:00:47,32.5,10.6593790614908,79.0131989106931,NOISE,2024-12-28T09:00:47,32.5,10.6593790614908,79.0131989106931,NOISE,2024-12-28T09:00:47,32.5,10.6593790614908,79.0131989106931,NOISE
2026-04-17T09:59:40.316725,Map-Energy__sum__linear-conv00217-20241228_120047-20241228_180047-30.000000-35.000000.png,2024-12-28T12:00:47,2024-12-28T18:00:47,30.0,35.0,2024-12-28T15:00:47,32.5,10.6593790614908,79.0131989106931,NOISE,2024-12-28T15:00:47,32.5,10.6593790614908,79.0131989106931,NOISE,2024-12-28T15:00:47,32.5,10.6593790614908,79.0131989106931,NOISE,2024-12-28T15:00:47,32.5,10.6593790614908,79.0131989106931,NOISE
2026-04-17T09:59:41.396632,Map-Energy__sum__linear-conv00227-20241228_180047-20241229_000047-30.000000-35.000000.png,2024-12-28T18:00:47,2024-12-29T00:00:47,30.0,35.0,2024-12-28T21:00:47,32.5,10.6593790614908,79.0131989106931,NOISE,2024-12-28T21:00:47,32.5,10.6593790614908,79.0131989106931,NOISE,2024-12-28T21:00:47,32.5,10.6593790614908,79.0131989106931,NOISE,2024-12-28T21:00:47,32.5,10.6593790614908,79.0131989106931,NOISE
2026-04-17T09:59:42.348673,Map-Energy__sum__linear-conv00237-20241229_000047-20241229_060047-30.000000-35.000000.png,2024-12-29T00:00:47,2024-12-29T06:00:47,30.0,35.0,2024-12-29T03:00:47,32.5,10.6593790614908,79.0131989106931,NOISE,2024-12-29T03:00:47,32.5,10.6593790614908,79.0131989106931,NOISE,2024-12-29T03:00:47,32.5,10.6593790614908,79.0131989106931,NOISE,2024-12-29T03:00:47,32.5,10.6593790614908,79.0131989106931,NOISE
2026-04-17T09:59:43.252663,Map-Energy__sum__linear-conv00247-20241229_060047-20241229_120047-30.000000-35.000000.png,2024-12-29T06:00:47,2024-12-29T12:00:47,30.0,35.0,2024-12-29T09:00:47,32.5,10.6593790614908,79.0131989106931,NOISE,2024-12-29T09:00:47,32.5,10.6593790614908,79.0131989106931,NOISE,2024-12-29T09:00:47,32.5,10.6593790614908,79.0131989106931,NOISE,2024-12-29T09:00:47,32.5,10.6593790614908,79.0131989106931,NOISE
2026-04-17T09:59:44.164613,Map-Energy__sum__linear-conv00257-20241229_120047-20241229_180047-30.000000-35.000000.png,2024-12-29T12:00:47,2024-12-29T18:00:47,30.0,35.0,2024-12-29T15:00:47,32.5,10.6593790614908,79.0131989106931,NOISE,2024-12-29T15:00:47,32.5,10.6593790614908,79.0131989106931,NOISE,2024-12-29T15:00:47,32.5,10.6593790614908,79.0131989106931,NOISE,2024-12-29T15:00:47,32.5,10.6593790614908,79.0131989106931,NOISE
2026-04-17T09:59:45.020735,Map-Energy__sum__linear-conv00267-20241229_180047-20241230_000047-30.000000-35.000000.png,2024-12-29T18:00:47,2024-12-30T00:00:47,30.0,35.0,2024-12-29T21:00:47,32.5,10.6593790614908,79.0131989106931,NOISE,2024-12-29T21:00:47,32.5,10.6593790614908,79.0131989106931,NOISE,2024-12-29T21:00:47,32.5,10.6593790614908,79.0131989106931,NOISE,2024-12-29T21:00:47,32.5,10.6593790614908,79.0131989106931,NOISE
2026-04-17T09:59:45.989843,Map-Energy__sum__linear-conv00277-20241230_000047-20241230_060047-30.000000-35.000000.png,2024-12-30T00:00:47,2024-12-30T06:00:47,30.0,35.0,2024-12-30T03:00:47,32.5,10.6593790614908,79.0131989106931,NOISE,2024-12-30T03:00:47,32.5,10.6593790614908,79.0131989106931,NOISE,2024-12-30T03:00:47,32.5,10.6593790614908,79.0131989106931,NOISE,2024-12-30T03:00:47,32.5,10.6593790614908,79.0131989106931,NOISE
2026-04-17T09:59:47.356725,Map-Energy__sum__linear-conv00287-20241230_060047-20241230_120047-30.000000-35.000000.png,2024-12-30T06:00:47,2024-12-30T12:00:47,30.0,35.0,2024-12-30T09:00:47,32.5,10.6593790614908,79.0131989106931,NOISE,2024-12-30T09:00:47,32.5,10.6593790614908,79.0131989106931,NOISE,2024-12-30T09:00:47,32.5,10.6593790614908,79.0131989106931,NOISE,2024-12-30T09:00:47,32.5,10.6593790614908,79.0131989106931,NOISE
2026-04-17T09:59:48.356600,Map-Energy__sum__linear-conv00297-20241230_120047-20241230_180047-30.000000-35.000000.png,2024-12-30T12:00:47,2024-12-30T18:00:47,30.0,35.0,2024-12-30T15:00:47,32.5,10.6593790614908,79.0131989106931,NOISE,2024-12-30T15:00:47,32.5,10.6593790614908,79.0131989106931,NOISE,2024-12-30T15:00:47,32.5,10.6593790614908,79.0131989106931,NOISE,2024-12-30T15:00:47,32.5,10.6593790614908,79.0131989106931,NOISE
2026-04-17T09:59:49.476622,Map-Energy__sum__linear-conv00307-20241230_180047-20241231_000047-30.000000-35.000000.png,2024-12-30T18:00:47,2024-12-31T00:00:47,30.0,35.0,2024-12-30T21:00:47,32.5,10.6593790614908,79.0131989106931,NOISE,2024-12-30T21:00:47,32.5,10.6593790614908,79.0131989106931,NOISE,2024-12-30T21:00:47,32.5,10.6593790614908,79.0131989106931,NOISE,2024-12-30T21:00:47,32.5,10.6593790614908,79.0131989106931,NOISE
2026-04-17T09:59:50.404667,Map-Energy__sum__linear-conv00317-20241231_000047-20241231_060047-30.000000-35.000000.png,2024-12-31T00:00:47,2024-12-31T06:00:47,30.0,35.0,2024-12-31T03:00:47,32.5,10.6593790614908,79.0131989106931,NOISE,2024-12-31T03:00:47,32.5,10.6593790614908,79.0131989106931,NOISE,2024-12-31T03:00:47,32.5,10.6593790614908,79.0131989106931,NOISE,2024-12-31T03:00:47,32.5,10.6593790614908,79.0131989106931,NOISE
2026-04-17T09:59:51.852627,Map-Energy__sum__linear-conv00327-20241231_060047-20241231_120047-30.000000-35.000000.png,2024-12-31T06:00:47,2024-12-31T12:00:47,30.0,35.0,2024-12-31T09:00:47,32.5,10.6593790614908,79.0131989106931,NOISE,2024-12-31T09:00:47,32.5,10.6593790614908,79.0131989106931,NOISE,2024-12-31T09:00:47,32.5,10.6593790614908,79.0131989106931,NOISE,2024-12-31T09:00:47,32.5,10.6593790614908,79.0131989106931,NOISE
2026-04-17T09:59:53.108845,Map-Energy__sum__linear-conv00337-20241231_120047-20241231_180047-30.000000-35.000000.png,2024-12-31T12:00:47,2024-12-31T18:00:47,30.0,35.0,2024-12-31T15:00:47,32.5,10.6593790614908,79.0131989106931,NOISE,2024-12-31T15:00:47,32.5,10.6593790614908,79.0131989106931,NOISE,2024-12-31T15:00:47,32.5,10.6593790614908,79.0131989106931,NOISE,2024-12-31T15:00:47,32.5,10.6593790614908,79.0131989106931,NOISE
2026-04-17T09:59:54.004769,Map-Energy__sum__linear-conv00347-20241231_180047-20250101_000047-30.000000-35.000000.png,2024-12-31T18:00:47,2025-01-01T00:00:47,30.0,35.0,2024-12-31T21:00:47,32.5,10.6593790614908,79.0131989106931,NOISE,2024-12-31T21:00:47,32.5,10.6593790614908,79.0131989106931,NOISE,2024-12-31T21:00:47,32.5,10.6593790614908,79.0131989106931,NOISE,2024-12-31T21:00:47,32.5,10.6593790614908,79.0131989106931,NOISE
2026-04-17T09:59:54.788626,Map-Energy__sum__linear-conv00008-20241201_000047-20241201_060047-35.000000-40.000000.png,2024-12-01T00:00:47,2024-12-01T06:00:47,35.0,40.0,2024-12-01T03:00:47,37.5,10.437915725008,78.9984509925074,NOISE,2024-12-01T03:00:47,37.5,10.437915725008,78.9984509925074,NOISE,2024-12-01T03:00:47,37.5,10.437915725008,78.9984509925074,NOISE,2024-12-01T03:00:47,37.5,10.437915725008,78.9984509925074,NOISE
2026-04-17T09:59:56.092932,Map-Energy__sum__linear-conv00018-20241201_060047-20241201_120047-35.000000-40.000000.png,2024-12-01T06:00:47,2024-12-01T12:00:47,35.0,40.0,2024-12-01T09:00:47,37.5,10.437915725008,78.9984509925074,NOISE,2024-12-01T09:00:47,37.5,10.437915725008,78.9984509925074,NOISE,2024-12-01T09:00:47,37.5,10.437915725008,78.9984509925074,NOISE,2024-12-01T09:00:47,37.5,10.437915725008,78.9984509925074,NOISE
2026-04-17T09:59:57.116693,Map-Energy__sum__linear-conv00028-20241201_120047-20241201_180047-35.000000-40.000000.png,2024-12-01T12:00:47,2024-12-01T18:00:47,35.0,40.0,2024-12-01T15:00:47,37.5,10.437915725008,78.9984509925074,NOISE,2024-12-01T15:00:47,37.5,10.437915725008,78.9984509925074,NOISE,2024-12-01T15:00:47,37.5,10.437915725008,78.9984509925074,NOISE,2024-12-01T15:00:47,37.5,10.437915725008,78.9984509925074,NOISE
2026-04-17T09:59:58.908584,Map-Energy__sum__linear-conv00038-20241201_180047-20241202_000047-35.000000-40.000000.png,2024-12-01T18:00:47,2024-12-02T00:00:47,35.0,40.0,2024-12-01T21:00:47,37.5,10.437915725008,78.9984509925074,NOISE,2024-12-01T21:00:47,37.5,10.437915725008,78.9984509925074,NOISE,2024-12-01T21:00:47,37.5,10.437915725008,78.9984509925074,NOISE,2024-12-01T21:00:47,37.5,10.437915725008,78.9984509925074,NOISE
2026-04-17T10:00:00.684956,Map-Energy__sum__linear-conv00048-20241202_000047-20241202_060047-35.000000-40.000000.png,2024-12-02T00:00:47,2024-12-02T06:00:47,35.0,40.0,2024-12-02T03:00:47,37.5,10.437915725008,78.9984509925074,NOISE,2024-12-02T03:00:47,37.5,10.437915725008,78.9984509925074,NOISE,2024-12-02T03:00:47,37.5,10.437915725008,78.9984509925074,NOISE,2024-12-02T03:00:47,37.5,10.437915725008,78.9984509925074,NOISE
2026-04-17T10:00:01.836600,Map-Energy__sum__linear-conv00058-20241202_060047-20241202_120047-35.000000-40.000000.png,2024-12-02T06:00:47,2024-12-02T12:00:47,35.0,40.0,2024-12-02T09:00:47,37.5,10.437915725008,78.9984509925074,NOISE,2024-12-02T09:00:47,37.5,10.437915725008,78.9984509925074,NOISE,2024-12-02T09:00:47,37.5,10.437915725008,78.9984509925074,NOISE,2024-12-02T09:00:47,37.5,10.437915725008,78.9984509925074,NOISE
2026-04-17T10:00:02.780540,Map-Energy__sum__linear-conv00068-20241202_120047-20241202_180047-35.000000-40.000000.png,2024-12-02T12:00:47,2024-12-02T18:00:47,35.0,40.0,2024-12-02T15:00:47,37.5,10.437915725008,78.9984509925074,NOISE,2024-12-02T15:00:47,37.5,10.437915725008,78.9984509925074,NOISE,2024-12-02T15:00:47,37.5,10.437915725008,78.9984509925074,NOISE,2024-12-02T15:00:47,37.5,10.437915725008,78.9984509925074,NOISE
2026-04-17T10:00:03.764281,Map-Energy__sum__linear-conv00078-20241202_180047-20241203_000047-35.000000-40.000000.png,2024-12-02T18:00:47,2024-12-03T00:00:47,35.0,40.0,2024-12-02T21:00:47,37.5,10.437915725008,78.9984509925074,NOISE,2024-12-02T21:00:47,37.5,10.437915725008,78.9984509925074,NOISE,2024-12-02T21:00:47,37.5,10.437915725008,78.9984509925074,NOISE,2024-12-02T21:00:47,37.5,10.437915725008,78.9984509925074,NOISE
2026-04-17T10:00:05.116618,Map-Energy__sum__linear-conv00088-20241203_000047-20241203_060047-35.000000-40.000000.png,2024-12-03T00:00:47,2024-12-03T06:00:47,35.0,40.0,2024-12-03T03:00:47,37.5,10.437915725008,78.9984509925074,NOISE,2024-12-03T03:00:47,37.5,10.437915725008,78.9984509925074,NOISE,2024-12-03T03:00:47,37.5,10.437915725008,78.9984509925074,NOISE,2024-12-03T03:00:47,37.5,10.437915725008,78.9984509925074,NOISE
2026-04-17T10:00:06.060646,Map-Energy__sum__linear-conv00098-20241203_060047-20241203_120047-35.000000-40.000000.png,2024-12-03T06:00:47,2024-12-03T12:00:47,35.0,40.0,2024-12-03T09:00:47,37.5,10.437915725008,78.9984509925074,NOISE,2024-12-03T09:00:47,37.5,10.437915725008,78.9984509925074,NOISE,2024-12-03T09:00:47,37.5,10.437915725008,78.9984509925074,NOISE,2024-12-03T09:00:47,37.5,10.437915725008,78.9984509925074,NOISE
2026-04-17T10:00:06.988616,Map-Energy__sum__linear-conv00108-20241203_120047-20241203_180047-35.000000-40.000000.png,2024-12-03T12:00:47,2024-12-03T18:00:47,35.0,40.0,2024-12-03T15:00:47,37.5,10.437915725008,78.9984509925074,NOISE,2024-12-03T15:00:47,37.5,10.437915725008,78.9984509925074,NOISE,2024-12-03T15:00:47,37.5,10.437915725008,78.9984509925074,NOISE,2024-12-03T15:00:47,37.5,10.437915725008,78.9984509925074,NOISE
2026-04-17T10:00:08.020616,Map-Energy__sum__linear-conv00118-20241203_180047-20241204_000047-35.000000-40.000000.png,2024-12-03T18:00:47,2024-12-04T00:00:47,35.0,40.0,2024-12-03T21:00:47,37.5,10.437915725008,78.9984509925074,NOISE,2024-12-03T21:00:47,37.5,10.437915725008,78.9984509925074,NOISE,2024-12-03T21:00:47,37.5,10.437915725008,78.9984509925074,NOISE,2024-12-03T21:00:47,37.5,10.437915725008,78.9984509925074,NOISE
2026-04-17T10:00:08.964672,Map-Energy__sum__linear-conv00008-20241204_000047-20241204_060047-35.000000-40.000000.png,2024-12-04T00:00:47,2024-12-04T06:00:47,35.0,40.0,2024-12-04T03:00:47,37.5,10.437915725008,78.9984509925074,NOISE,2024-12-04T03:00:47,37.5,10.437915725008,78.9984509925074,NOISE,2024-12-04T03:00:47,37.5,10.437915725008,78.9984509925074,NOISE,2024-12-04T03:00:47,37.5,10.437915725008,78.9984509925074,NOISE
2026-04-17T10:00:09.612676,Map-Energy__sum__linear-conv00018-20241204_060047-20241204_120047-35.000000-40.000000.png,2024-12-04T06:00:47,2024-12-04T12:00:47,35.0,40.0,2024-12-04T09:00:47,37.5,10.437915725008,78.9984509925074,NOISE,2024-12-04T09:00:47,37.5,10.437915725008,78.9984509925074,NOISE,2024-12-04T09:00:47,37.5,10.437915725008,78.9984509925074,NOISE,2024-12-04T09:00:47,37.5,10.437915725008,78.9984509925074,NOISE
2026-04-17T10:00:10.228659,Map-Energy__sum__linear-conv00028-20241204_120047-20241204_180047-35.000000-40.000000.png,2024-12-04T12:00:47,2024-12-04T18:00:47,35.0,40.0,2024-12-04T15:00:47,37.5,10.437915725008,78.9984509925074,NOISE,2024-12-04T15:00:47,37.5,10.437915725008,78.9984509925074,NOISE,2024-12-04T15:00:47,37.5,10.437915725008,78.9984509925074,NOISE,2024-12-04T15:00:47,37.5,10.437915725008,78.9984509925074,NOISE
2026-04-17T10:00:10.796591,Map-Energy__sum__linear-conv00038-20241204_180047-20241205_000047-35.000000-40.000000.png,2024-12-04T18:00:47,2024-12-05T00:00:47,35.0,40.0,2024-12-04T21:00:47,37.5,10.437915725008,78.9984509925074,NOISE,2024-12-04T21:00:47,37.5,10.437915725008,78.9984509925074,NOISE,2024-12-04T21:00:47,37.5,10.437915725008,78.9984509925074,NOISE,2024-12-04T21:00:47,37.5,10.437915725008,78.9984509925074,NOISE
2026-04-17T10:00:11.404724,Map-Energy__sum__linear-conv00048-20241205_000047-20241205_060047-35.000000-40.000000.png,2024-12-05T00:00:47,2024-12-05T06:00:47,35.0,40.0,2024-12-05T03:00:47,37.5,10.437915725008,78.9984509925074,NOISE,2024-12-05T03:00:47,37.5,10.437915725008,78.9984509925074,NOISE,2024-12-05T03:00:47,37.5,10.437915725008,78.9984509925074,NOISE,2024-12-05T03:00:47,37.5,10.437915725008,78.9984509925074,NOISE
2026-04-17T10:00:11.932635,Map-Energy__sum__linear-conv00058-20241205_060047-20241205_120047-35.000000-40.000000.png,2024-12-05T06:00:47,2024-12-05T12:00:47,35.0,40.0,2024-12-05T09:00:47,37.5,10.437915725008,78.9984509925074,NOISE,2024-12-05T09:00:47,37.5,10.437915725008,78.9984509925074,NOISE,2024-12-05T09:00:47,37.5,10.437915725008,78.9984509925074,NOISE,2024-12-05T09:00:47,37.5,10.437915725008,78.9984509925074,NOISE
2026-04-17T10:00:12.748957,Map-Energy__sum__linear-conv00068-20241205_120047-20241205_180047-35.000000-40.000000.png,2024-12-05T12:00:47,2024-12-05T18:00:47,35.0,40.0,2024-12-05T15:00:47,37.5,10.437915725008,78.9984509925074,NOISE,2024-12-05T15:00:47,37.5,10.437915725008,78.9984509925074,NOISE,2024-12-05T15:00:47,37.5,10.437915725008,78.9984509925074,NOISE,2024-12-05T15:00:47,37.5,10.437915725008,78.9984509925074,NOISE
2026-04-17T10:00:13.396601,Map-Energy__sum__linear-conv00078-20241205_180047-20241206_000047-35.000000-40.000000.png,2024-12-05T18:00:47,2024-12-06T00:00:47,35.0,40.0,2024-12-05T21:00:47,37.5,10.437915725008,78.9984509925074,NOISE,2024-12-05T21:00:47,37.5,10.437915725008,78.9984509925074,NOISE,2024-12-05T21:00:47,37.5,10.437915725008,78.9984509925074,NOISE,2024-12-05T21:00:47,37.5,10.437915725008,78.9984509925074,NOISE
2026-04-17T10:00:14.068777,Map-Energy__sum__linear-conv00088-20241206_000047-20241206_060047-35.000000-40.000000.png,2024-12-06T00:00:47,2024-12-06T06:00:47,35.0,40.0,2024-12-06T03:00:47,37.5,10.437915725008,78.9984509925074,NOISE,2024-12-06T03:00:47,37.5,10.437915725008,78.9984509925074,NOISE,2024-12-06T03:00:47,37.5,10.437915725008,78.9984509925074,NOISE,2024-12-06T03:00:47,37.5,10.437915725008,78.9984509925074,NOISE
2026-04-17T10:00:14.652380,Map-Energy__sum__linear-conv00098-20241206_060047-20241206_120047-35.000000-40.000000.png,2024-12-06T06:00:47,2024-12-06T12:00:47,35.0,40.0,2024-12-06T09:00:47,37.5,10.437915725008,78.9984509925074,NOISE,2024-12-06T09:00:47,37.5,10.437915725008,78.9984509925074,NOISE,2024-12-06T09:00:47,37.5,10.437915725008,78.9984509925074,NOISE,2024-12-06T09:00:47,37.5,10.437915725008,78.9984509925074,NOISE
2026-04-17T10:00:15.260674,Map-Energy__sum__linear-conv00108-20241206_120047-20241206_180047-35.000000-40.000000.png,2024-12-06T12:00:47,2024-12-06T18:00:47,35.0,40.0,2024-12-06T15:00:47,37.5,10.437915725008,78.9984509925074,NOISE,2024-12-06T15:00:47,37.5,10.437915725008,78.9984509925074,NOISE,2024-12-06T15:00:47,37.5,10.437915725008,78.9984509925074,NOISE,2024-12-06T15:00:47,37.5,10.437915725008,78.9984509925074,NOISE
2026-04-17T10:00:15.876677,Map-Energy__sum__linear-conv00118-20241206_180047-20241207_000047-35.000000-40.000000.png,2024-12-06T18:00:47,2024-12-07T00:00:47,35.0,40.0,2024-12-06T21:00:47,37.5,10.437915725008,78.9984509925074,NOISE,2024-12-06T21:00:47,37.5,10.437915725008,78.9984509925074,NOISE,2024-12-06T21:00:47,37.5,10.437915725008,78.9984509925074,NOISE,2024-12-06T21:00:47,37.5,10.437915725008,78.9984509925074,NOISE
2026-04-17T10:00:16.388584,Map-Energy__sum__linear-conv00128-20241207_000047-20241207_060047-35.000000-40.000000.png,2024-12-07T00:00:47,2024-12-07T06:00:47,35.0,40.0,2024-12-07T03:00:47,37.5,10.437915725008,78.9984509925074,NOISE,2024-12-07T03:00:47,37.5,10.437915725008,78.9984509925074,NOISE,2024-12-07T03:00:47,37.5,10.437915725008,78.9984509925074,NOISE,2024-12-07T03:00:47,37.5,10.437915725008,78.9984509925074,NOISE
2026-04-17T10:00:17.028489,Map-Energy__sum__linear-conv00138-20241207_060047-20241207_120047-35.000000-40.000000.png,2024-12-07T06:00:47,2024-12-07T12:00:47,35.0,40.0,2024-12-07T09:00:47,37.5,10.437915725008,78.9984509925074,NOISE,2024-12-07T09:00:47,37.5,10.437915725008,78.9984509925074,NOISE,2024-12-07T09:00:47,37.5,10.437915725008,78.9984509925074,NOISE,2024-12-07T09:00:47,37.5,10.437915725008,78.9984509925074,NOISE
2026-04-17T10:00:17.740464,Map-Energy__sum__linear-conv00148-20241207_120047-20241207_180047-35.000000-40.000000.png,2024-12-07T12:00:47,2024-12-07T18:00:47,35.0,40.0,2024-12-07T15:00:47,37.5,10.437915725008,78.9984509925074,NOISE,2024-12-07T15:00:47,37.5,10.437915725008,78.9984509925074,NOISE,2024-12-07T15:00:47,37.5,10.437915725008,78.9984509925074,NOISE,2024-12-07T15:00:47,37.5,10.437915725008,78.9984509925074,NOISE
2026-04-17T10:00:18.428638,Map-Energy__sum__linear-conv00158-20241207_180047-20241208_000047-35.000000-40.000000.png,2024-12-07T18:00:47,2024-12-08T00:00:47,35.0,40.0,2024-12-07T21:00:47,37.5,10.437915725008,78.9984509925074,NOISE,2024-12-07T21:00:47,37.5,10.437915725008,78.9984509925074,NOISE,2024-12-07T21:00:47,37.5,10.437915725008,78.9984509925074,NOISE,2024-12-07T21:00:47,37.5,10.437915725008,78.9984509925074,NOISE
2026-04-17T10:00:19.132832,Map-Energy__sum__linear-conv00168-20241208_000047-20241208_060047-35.000000-40.000000.png,2024-12-08T00:00:47,2024-12-08T06:00:47,35.0,40.0,2024-12-08T03:00:47,37.5,10.437915725008,78.9984509925074,NOISE,2024-12-08T03:00:47,37.5,10.437915725008,78.9984509925074,NOISE,2024-12-08T03:00:47,37.5,10.437915725008,78.9984509925074,NOISE,2024-12-08T03:00:47,37.5,10.437915725008,78.9984509925074,NOISE
2026-04-17T10:00:19.700660,Map-Energy__sum__linear-conv00178-20241208_060047-20241208_120047-35.000000-40.000000.png,2024-12-08T06:00:47,2024-12-08T12:00:47,35.0,40.0,2024-12-08T09:00:47,37.5,10.437915725008,78.9984509925074,NOISE,2024-12-08T09:00:47,37.5,10.437915725008,78.9984509925074,NOISE,2024-12-08T09:00:47,37.5,10.437915725008,78.9984509925074,NOISE,2024-12-08T09:00:47,37.5,10.437915725008,78.9984509925074,NOISE
2026-04-17T10:00:20.404544,Map-Energy__sum__linear-conv00188-20241208_120047-20241208_180047-35.000000-40.000000.png,2024-12-08T12:00:47,2024-12-08T18:00:47,35.0,40.0,2024-12-08T15:00:47,37.5,10.437915725008,78.9984509925074,NOISE,2024-12-08T15:00:47,37.5,10.437915725008,78.9984509925074,NOISE,2024-12-08T15:00:47,37.5,10.437915725008,78.9984509925074,NOISE,2024-12-08T15:00:47,37.5,10.437915725008,78.9984509925074,NOISE
2026-04-17T10:00:20.942707,Map-Energy__sum__linear-conv00198-20241208_180047-20241209_000047-35.000000-40.000000.png,2024-12-08T18:00:47,2024-12-09T00:00:47,35.0,40.0,2024-12-08T21:00:47,37.5,10.437915725008,78.9984509925074,NOISE,2024-12-08T21:00:47,37.5,10.437915725008,78.9984509925074,NOISE,2024-12-08T21:00:47,37.5,10.437915725008,78.9984509925074,NOISE,2024-12-08T21:00:47,37.5,10.437915725008,78.9984509925074,NOISE
2026-04-17T10:00:21.412748,Map-Energy__sum__linear-conv00208-20241209_000047-20241209_060047-35.000000-40.000000.png,2024-12-09T00:00:47,2024-12-09T06:00:47,35.0,40.0,2024-12-09T03:00:47,37.5,10.437915725008,78.9984509925074,NOISE,2024-12-09T03:00:47,37.5,10.437915725008,78.9984509925074,NOISE,2024-12-09T03:00:47,37.5,10.437915725008,78.9984509925074,NOISE,2024-12-09T03:00:47,37.5,10.437915725008,78.9984509925074,NOISE
2026-04-17T10:00:22.172615,Map-Energy__sum__linear-conv00218-20241209_060047-20241209_120047-35.000000-40.000000.png,2024-12-09T06:00:47,2024-12-09T12:00:47,35.0,40.0,2024-12-09T09:00:47,37.5,10.437915725008,78.9984509925074,NOISE,2024-12-09T09:00:47,37.5,10.437915725008,78.9984509925074,NOISE,2024-12-09T09:00:47,37.5,10.437915725008,78.9984509925074,NOISE,2024-12-09T09:00:47,37.5,10.437915725008,78.9984509925074,NOISE
2026-04-17T10:00:23.028635,Map-Energy__sum__linear-conv00228-20241209_120047-20241209_180047-35.000000-40.000000.png,2024-12-09T12:00:47,2024-12-09T18:00:47,35.0,40.0,2024-12-09T15:00:47,37.5,10.437915725008,78.9984509925074,NOISE,2024-12-09T15:00:47,37.5,10.437915725008,78.9984509925074,NOISE,2024-12-09T15:00:47,37.5,10.437915725008,78.9984509925074,NOISE,2024-12-09T15:00:47,37.5,10.437915725008,78.9984509925074,NOISE
2026-04-17T10:00:23.564647,Map-Energy__sum__linear-conv00238-20241209_180047-20241210_000047-35.000000-40.000000.png,2024-12-09T18:00:47,2024-12-10T00:00:47,35.0,40.0,2024-12-09T21:00:47,37.5,10.437915725008,78.9984509925074,NOISE,2024-12-09T21:00:47,37.5,10.437915725008,78.9984509925074,NOISE,2024-12-09T21:00:47,37.5,10.437915725008,78.9984509925074,NOISE,2024-12-09T21:00:47,37.5,10.437915725008,78.9984509925074,NOISE
2026-04-17T10:00:24.140590,Map-Energy__sum__linear-conv00248-20241210_000047-20241210_060047-35.000000-40.000000.png,2024-12-10T00:00:47,2024-12-10T06:00:47,35.0,40.0,2024-12-10T03:00:47,37.5,10.437915725008,78.9984509925074,NOISE,2024-12-10T03:00:47,37.5,10.437915725008,78.9984509925074,NOISE,2024-12-10T03:00:47,37.5,10.437915725008,78.9984509925074,NOISE,2024-12-10T03:00:47,37.5,10.437915725008,78.9984509925074,NOISE
2026-04-17T10:00:24.660682,Map-Energy__sum__linear-conv00258-20241210_060047-20241210_120047-35.000000-40.000000.png,2024-12-10T06:00:47,2024-12-10T12:00:47,35.0,40.0,2024-12-10T09:00:47,37.5,10.437915725008,78.9984509925074,NOISE,2024-12-10T09:00:47,37.5,10.437915725008,78.9984509925074,NOISE,2024-12-10T09:00:47,37.5,10.437915725008,78.9984509925074,NOISE,2024-12-10T09:00:47,37.5,10.437915725008,78.9984509925074,NOISE
2026-04-17T10:00:25.188578,Map-Energy__sum__linear-conv00268-20241210_120047-20241210_180047-35.000000-40.000000.png,2024-12-10T12:00:47,2024-12-10T18:00:47,35.0,40.0,2024-12-10T15:00:47,37.5,10.437915725008,78.9984509925074,NOISE,2024-12-10T15:00:47,37.5,10.437915725008,78.9984509925074,NOISE,2024-12-10T15:00:47,37.5,10.437915725008,78.9984509925074,NOISE,2024-12-10T15:00:47,37.5,10.437915725008,78.9984509925074,NOISE
2026-04-17T10:00:25.884614,Map-Energy__sum__linear-conv00278-20241210_180047-20241211_000047-35.000000-40.000000.png,2024-12-10T18:00:47,2024-12-11T00:00:47,35.0,40.0,2024-12-10T21:00:47,37.5,10.437915725008,78.9984509925074,NOISE,2024-12-10T21:00:47,37.5,10.437915725008,78.9984509925074,NOISE,2024-12-10T21:00:47,37.5,10.437915725008,78.9984509925074,NOISE,2024-12-10T21:00:47,37.5,10.437915725008,78.9984509925074,NOISE
2026-04-17T10:00:26.509330,Map-Energy__sum__linear-conv00288-20241211_000047-20241211_060047-35.000000-40.000000.png,2024-12-11T00:00:47,2024-12-11T06:00:47,35.0,40.0,2024-12-11T03:00:47,37.5,10.437915725008,78.9984509925074,NOISE,2024-12-11T03:00:47,37.5,10.437915725008,78.9984509925074,NOISE,2024-12-11T03:00:47,37.5,10.437915725008,78.9984509925074,NOISE,2024-12-11T03:00:47,37.5,10.437915725008,78.9984509925074,NOISE
2026-04-17T10:00:27.340609,Map-Energy__sum__linear-conv00298-20241211_060047-20241211_120047-35.000000-40.000000.png,2024-12-11T06:00:47,2024-12-11T12:00:47,35.0,40.0,2024-12-11T09:00:47,37.5,10.437915725008,78.9984509925074,NOISE,2024-12-11T09:00:47,37.5,10.437915725008,78.9984509925074,NOISE,2024-12-11T09:00:47,37.5,10.437915725008,78.9984509925074,NOISE,2024-12-11T09:00:47,37.5,10.437915725008,78.9984509925074,NOISE
2026-04-17T10:00:28.028580,Map-Energy__sum__linear-conv00308-20241211_120047-20241211_180047-35.000000-40.000000.png,2024-12-11T12:00:47,2024-12-11T18:00:47,35.0,40.0,2024-12-11T15:00:47,37.5,10.437915725008,78.9984509925074,NOISE,2024-12-11T15:00:47,37.5,10.437915725008,78.9984509925074,NOISE,2024-12-11T15:00:47,37.5,10.437915725008,78.9984509925074,NOISE,2024-12-11T15:00:47,37.5,10.437915725008,78.9984509925074,NOISE
2026-04-17T10:00:29.036576,Map-Energy__sum__linear-conv00318-20241211_180047-20241212_000047-35.000000-40.000000.png,2024-12-11T18:00:47,2024-12-12T00:00:47,35.0,40.0,2024-12-11T21:00:47,37.5,10.437915725008,78.9984509925074,NOISE,2024-12-11T21:00:47,37.5,10.437915725008,78.9984509925074,NOISE,2024-12-11T21:00:47,37.5,10.437915725008,78.9984509925074,NOISE,2024-12-11T21:00:47,37.5,10.437915725008,78.9984509925074,NOISE
2026-04-17T10:00:31.220607,Map-Energy__sum__linear-conv00328-20241212_000047-20241212_060047-35.000000-40.000000.png,2024-12-12T00:00:47,2024-12-12T06:00:47,35.0,40.0,2024-12-12T03:00:47,37.5,10.437915725008,78.9984509925074,NOISE,2024-12-12T03:00:47,37.5,10.437915725008,78.9984509925074,NOISE,2024-12-12T03:00:47,37.5,10.437915725008,78.9984509925074,NOISE,2024-12-12T03:00:47,37.5,10.437915725008,78.9984509925074,NOISE
2026-04-17T10:00:32.028544,Map-Energy__sum__linear-conv00338-20241212_060047-20241212_120047-35.000000-40.000000.png,2024-12-12T06:00:47,2024-12-12T12:00:47,35.0,40.0,2024-12-12T09:00:47,37.5,10.437915725008,78.9984509925074,NOISE,2024-12-12T09:00:47,37.5,10.437915725008,78.9984509925074,NOISE,2024-12-12T09:00:47,37.5,10.437915725008,78.9984509925074,NOISE,2024-12-12T09:00:47,37.5,10.437915725008,78.9984509925074,NOISE
2026-04-17T10:00:32.908550,Map-Energy__sum__linear-conv00348-20241212_120047-20241212_180047-35.000000-40.000000.png,2024-12-12T12:00:47,2024-12-12T18:00:47,35.0,40.0,2024-12-12T15:00:47,37.5,10.437915725008,78.9984509925074,NOISE,2024-12-12T15:00:47,37.5,10.437915725008,78.9984509925074,NOISE,2024-12-12T15:00:47,37.5,10.437915725008,78.9984509925074,NOISE,2024-12-12T15:00:47,37.5,10.437915725008,78.9984509925074,NOISE
2026-04-17T10:00:33.692650,Map-Energy__sum__linear-conv00358-20241212_180047-20241213_000047-35.000000-40.000000.png,2024-12-12T18:00:47,2024-12-13T00:00:47,35.0,40.0,2024-12-12T21:00:47,37.5,10.437915725008,78.9984509925074,NOISE,2024-12-12T21:00:47,37.5,10.437915725008,78.9984509925074,NOISE,2024-12-12T21:00:47,37.5,10.437915725008,78.9984509925074,NOISE,2024-12-12T21:00:47,37.5,10.437915725008,78.9984509925074,NOISE
2026-04-17T10:00:34.981355,Map-Energy__sum__linear-conv00368-20241213_000047-20241213_060047-35.000000-40.000000.png,2024-12-13T00:00:47,2024-12-13T06:00:47,35.0,40.0,2024-12-13T03:00:47,37.5,10.437915725008,78.9984509925074,NOISE,2024-12-13T03:00:47,37.5,10.437915725008,78.9984509925074,NOISE,2024-12-13T03:00:47,37.5,10.437915725008,78.9984509925074,NOISE,2024-12-13T03:00:47,37.5,10.437915725008,78.9984509925074,NOISE
2026-04-17T10:00:36.732452,Map-Energy__sum__linear-conv00378-20241213_060047-20241213_120047-35.000000-40.000000.png,2024-12-13T06:00:47,2024-12-13T12:00:47,35.0,40.0,2024-12-13T09:00:47,37.5,10.437915725008,78.9984509925074,NOISE,2024-12-13T09:00:47,37.5,10.437915725008,78.9984509925074,NOISE,2024-12-13T09:00:47,37.5,10.437915725008,78.9984509925074,NOISE,2024-12-13T09:00:47,37.5,10.437915725008,78.9984509925074,NOISE
2026-04-17T10:00:39.516520,Map-Energy__sum__linear-conv00388-20241213_120047-20241213_180047-35.000000-40.000000.png,2024-12-13T12:00:47,2024-12-13T18:00:47,35.0,40.0,2024-12-13T15:00:47,37.5,10.437915725008,78.9984509925074,NOISE,2024-12-13T15:00:47,37.5,10.437915725008,78.9984509925074,NOISE,2024-12-13T15:00:47,37.5,10.437915725008,78.9984509925074,NOISE,2024-12-13T15:00:47,37.5,10.437915725008,78.9984509925074,NOISE
2026-04-17T10:00:42.788575,Map-Energy__sum__linear-conv00398-20241213_180047-20241214_000047-35.000000-40.000000.png,2024-12-13T18:00:47,2024-12-14T00:00:47,35.0,40.0,2024-12-13T21:00:47,37.5,10.437915725008,78.9984509925074,NOISE,2024-12-13T21:00:47,37.5,10.437915725008,78.9984509925074,NOISE,2024-12-13T21:00:47,37.5,10.437915725008,78.9984509925074,NOISE,2024-12-13T21:00:47,37.5,10.437915725008,78.9984509925074,NOISE
2026-04-17T10:00:44.252887,Map-Energy__sum__linear-conv00408-20241214_000047-20241214_060047-35.000000-40.000000.png,2024-12-14T00:00:47,2024-12-14T06:00:47,35.0,40.0,2024-12-14T03:00:47,37.5,10.437915725008,78.9984509925074,NOISE,2024-12-14T03:00:47,37.5,10.437915725008,78.9984509925074,NOISE,2024-12-14T03:00:47,37.5,10.437915725008,78.9984509925074,NOISE,2024-12-14T03:00:47,37.5,10.437915725008,78.9984509925074,NOISE
2026-04-17T10:00:45.548884,Map-Energy__sum__linear-conv00418-20241214_060047-20241214_120047-35.000000-40.000000.png,2024-12-14T06:00:47,2024-12-14T12:00:47,35.0,40.0,2024-12-14T09:00:47,37.5,10.437915725008,78.9984509925074,NOISE,2024-12-14T09:00:47,37.5,10.437915725008,78.9984509925074,NOISE,2024-12-14T09:00:47,37.5,10.437915725008,78.9984509925074,NOISE,2024-12-14T09:00:47,37.5,10.437915725008,78.9984509925074,NOISE
2026-04-17T10:00:46.820671,Map-Energy__sum__linear-conv00428-20241214_120047-20241214_180047-35.000000-40.000000.png,2024-12-14T12:00:47,2024-12-14T18:00:47,35.0,40.0,2024-12-14T15:00:47,37.5,10.437915725008,78.9984509925074,NOISE,2024-12-14T15:00:47,37.5,10.437915725008,78.9984509925074,NOISE,2024-12-14T15:00:47,37.5,10.437915725008,78.9984509925074,NOISE,2024-12-14T15:00:47,37.5,10.437915725008,78.9984509925074,NOISE
2026-04-17T10:00:48.188661,Map-Energy__sum__linear-conv00438-20241214_180047-20241215_000047-35.000000-40.000000.png,2024-12-14T18:00:47,2024-12-15T00:00:47,35.0,40.0,2024-12-14T21:00:47,37.5,10.437915725008,78.9984509925074,NOISE,2024-12-14T21:00:47,37.5,10.437915725008,78.9984509925074,NOISE,2024-12-14T21:00:47,37.5,10.437915725008,78.9984509925074,NOISE,2024-12-14T21:00:47,37.5,10.437915725008,78.9984509925074,NOISE
2026-04-17T10:00:49.620654,Map-Energy__sum__linear-conv00005-20241215_000047-20241215_060047-35.000000-40.000000.png,2024-12-15T00:00:47,2024-12-15T06:00:47,35.0,40.0,2024-12-15T03:00:47,37.5,10.437915725008,78.9984509925074,NOISE,2024-12-15T03:00:47,37.5,10.437915725008,78.9984509925074,NOISE,2024-12-15T03:00:47,37.5,10.437915725008,78.9984509925074,NOISE,2024-12-15T03:00:47,37.5,10.437915725008,78.9984509925074,NOISE
2026-04-17T10:00:50.724586,Map-Energy__sum__linear-conv00015-20241215_060047-20241215_120047-35.000000-40.000000.png,2024-12-15T06:00:47,2024-12-15T12:00:47,35.0,40.0,2024-12-15T09:00:47,37.5,10.437915725008,78.9984509925074,NOISE,2024-12-15T09:00:47,37.5,10.437915725008,78.9984509925074,NOISE,2024-12-15T09:00:47,37.5,10.437915725008,78.9984509925074,NOISE,2024-12-15T09:00:47,37.5,10.437915725008,78.9984509925074,NOISE
2026-04-17T10:00:52.197777,Map-Energy__sum__linear-conv00025-20241215_120047-20241215_180047-35.000000-40.000000.png,2024-12-15T12:00:47,2024-12-15T18:00:47,35.0,40.0,2024-12-15T15:00:47,37.5,10.437915725008,78.9984509925074,NOISE,2024-12-15T15:00:47,37.5,10.437915725008,78.9984509925074,NOISE,2024-12-15T15:00:47,37.5,10.437915725008,78.9984509925074,NOISE,2024-12-15T15:00:47,37.5,10.437915725008,78.9984509925074,NOISE
2026-04-17T10:00:53.452551,Map-Energy__sum__linear-conv00035-20241215_180047-20241216_000047-35.000000-40.000000.png,2024-12-15T18:00:47,2024-12-16T00:00:47,35.0,40.0,2024-12-15T21:00:47,37.5,10.437915725008,78.9984509925074,NOISE,2024-12-15T21:00:47,37.5,10.437915725008,78.9984509925074,NOISE,2024-12-15T21:00:47,37.5,10.437915725008,78.9984509925074,NOISE,2024-12-15T21:00:47,37.5,10.437915725008,78.9984509925074,NOISE
2026-04-17T10:00:54.812637,Map-Energy__sum__linear-conv00045-20241216_000047-20241216_060047-35.000000-40.000000.png,2024-12-16T00:00:47,2024-12-16T06:00:47,35.0,40.0,2024-12-16T03:00:47,37.5,10.437915725008,78.9984509925074,NOISE,2024-12-16T03:00:47,37.5,10.437915725008,78.9984509925074,NOISE,2024-12-16T03:00:47,37.5,10.437915725008,78.9984509925074,NOISE,2024-12-16T03:00:47,37.5,10.437915725008,78.9984509925074,NOISE
2026-04-17T10:00:55.868649,Map-Energy__sum__linear-conv00055-20241216_060047-20241216_120047-35.000000-40.000000.png,2024-12-16T06:00:47,2024-12-16T12:00:47,35.0,40.0,2024-12-16T09:00:47,37.5,10.437915725008,78.9984509925074,NOISE,2024-12-16T09:00:47,37.5,10.437915725008,78.9984509925074,NOISE,2024-12-16T09:00:47,37.5,10.437915725008,78.9984509925074,NOISE,2024-12-16T09:00:47,37.5,10.437915725008,78.9984509925074,NOISE
2026-04-17T10:00:56.900556,Map-Energy__sum__linear-conv00065-20241216_120047-20241216_180047-35.000000-40.000000.png,2024-12-16T12:00:47,2024-12-16T18:00:47,35.0,40.0,2024-12-16T15:00:47,37.5,10.437915725008,78.9984509925074,NOISE,2024-12-16T15:00:47,37.5,10.437915725008,78.9984509925074,NOISE,2024-12-16T15:00:47,37.5,10.437915725008,78.9984509925074,NOISE,2024-12-16T15:00:47,37.5,10.437915725008,78.9984509925074,NOISE
2026-04-17T10:00:57.964649,Map-Energy__sum__linear-conv00075-20241216_180047-20241217_000047-35.000000-40.000000.png,2024-12-16T18:00:47,2024-12-17T00:00:47,35.0,40.0,2024-12-16T21:00:47,37.5,10.437915725008,78.9984509925074,NOISE,2024-12-16T21:00:47,37.5,10.437915725008,78.9984509925074,NOISE,2024-12-16T21:00:47,37.5,10.437915725008,78.9984509925074,NOISE,2024-12-16T21:00:47,37.5,10.437915725008,78.9984509925074,NOISE
2026-04-17T10:00:59.693405,Map-Energy__sum__linear-conv00085-20241217_000047-20241217_060047-35.000000-40.000000.png,2024-12-17T00:00:47,2024-12-17T06:00:47,35.0,40.0,2024-12-17T03:00:47,37.5,10.437915725008,78.9984509925074,NOISE,2024-12-17T03:00:47,37.5,10.437915725008,78.9984509925074,NOISE,2024-12-17T03:00:47,37.5,10.437915725008,78.9984509925074,NOISE,2024-12-17T03:00:47,37.5,10.437915725008,78.9984509925074,NOISE
2026-04-17T10:01:04.116629,Map-Energy__sum__linear-conv00095-20241217_060047-20241217_120047-35.000000-40.000000.png,2024-12-17T06:00:47,2024-12-17T12:00:47,35.0,40.0,2024-12-17T09:00:47,37.5,10.437915725008,78.9984509925074,NOISE,2024-12-17T09:00:47,37.5,10.437915725008,78.9984509925074,NOISE,2024-12-17T09:00:47,37.5,10.437915725008,78.9984509925074,NOISE,2024-12-17T09:00:47,37.5,10.437915725008,78.9984509925074,NOISE
2026-04-17T10:01:06.964512,Map-Energy__sum__linear-conv00105-20241217_120047-20241217_180047-35.000000-40.000000.png,2024-12-17T12:00:47,2024-12-17T18:00:47,35.0,40.0,2024-12-17T15:00:47,37.5,10.437915725008,78.9984509925074,NOISE,2024-12-17T15:00:47,37.5,10.437915725008,78.9984509925074,NOISE,2024-12-17T15:00:47,37.5,10.437915725008,78.9984509925074,NOISE,2024-12-17T15:00:47,37.5,10.437915725008,78.9984509925074,NOISE
2026-04-17T10:01:08.220603,Map-Energy__sum__linear-conv00115-20241217_180047-20241218_000047-35.000000-40.000000.png,2024-12-17T18:00:47,2024-12-18T00:00:47,35.0,40.0,2024-12-17T21:00:47,37.5,10.437915725008,78.9984509925074,NOISE,2024-12-17T21:00:47,37.5,10.437915725008,78.9984509925074,NOISE,2024-12-17T21:00:47,37.5,10.437915725008,78.9984509925074,NOISE,2024-12-17T21:00:47,37.5,10.437915725008,78.9984509925074,NOISE
2026-04-17T10:01:09.532442,Map-Energy__sum__linear-conv00125-20241218_000047-20241218_060047-35.000000-40.000000.png,2024-12-18T00:00:47,2024-12-18T06:00:47,35.0,40.0,2024-12-18T03:00:47,37.5,10.437915725008,78.9984509925074,NOISE,2024-12-18T03:00:47,37.5,10.437915725008,78.9984509925074,NOISE,2024-12-18T03:00:47,37.5,10.437915725008,78.9984509925074,NOISE,2024-12-18T03:00:47,37.5,10.437915725008,78.9984509925074,NOISE
2026-04-17T10:01:10.917421,Map-Energy__sum__linear-conv00135-20241218_060047-20241218_120047-35.000000-40.000000.png,2024-12-18T06:00:47,2024-12-18T12:00:47,35.0,40.0,2024-12-18T09:00:47,37.5,10.437915725008,78.9984509925074,NOISE,2024-12-18T09:00:47,37.5,10.437915725008,78.9984509925074,NOISE,2024-12-18T09:00:47,37.5,10.437915725008,78.9984509925074,NOISE,2024-12-18T09:00:47,37.5,10.437915725008,78.9984509925074,NOISE
2026-04-17T10:01:12.052611,Map-Energy__sum__linear-conv00145-20241218_120047-20241218_180047-35.000000-40.000000.png,2024-12-18T12:00:47,2024-12-18T18:00:47,35.0,40.0,2024-12-18T15:00:47,37.5,10.437915725008,78.9984509925074,NOISE,2024-12-18T15:00:47,37.5,10.437915725008,78.9984509925074,NOISE,2024-12-18T15:00:47,37.5,10.437915725008,78.9984509925074,NOISE,2024-12-18T15:00:47,37.5,10.437915725008,78.9984509925074,NOISE
2026-04-17T10:01:13.468291,Map-Energy__sum__linear-conv00155-20241218_180047-20241219_000047-35.000000-40.000000.png,2024-12-18T18:00:47,2024-12-19T00:00:47,35.0,40.0,2024-12-18T21:00:47,37.5,10.437915725008,78.9984509925074,NOISE,2024-12-18T21:00:47,37.5,10.437915725008,78.9984509925074,NOISE,2024-12-18T21:00:47,37.5,10.437915725008,78.9984509925074,NOISE,2024-12-18T21:00:47,37.5,10.437915725008,78.9984509925074,NOISE
2026-04-17T10:01:15.004655,Map-Energy__sum__linear-conv00165-20241219_000047-20241219_060047-35.000000-40.000000.png,2024-12-19T00:00:47,2024-12-19T06:00:47,35.0,40.0,2024-12-19T03:00:47,37.5,10.437915725008,78.9984509925074,NOISE,2024-12-19T03:00:47,37.5,10.437915725008,78.9984509925074,NOISE,2024-12-19T03:00:47,37.5,10.437915725008,78.9984509925074,NOISE,2024-12-19T03:00:47,37.5,10.437915725008,78.9984509925074,NOISE
2026-04-17T10:01:16.260584,Map-Energy__sum__linear-conv00175-20241219_060047-20241219_120047-35.000000-40.000000.png,2024-12-19T06:00:47,2024-12-19T12:00:47,35.0,40.0,2024-12-19T09:00:47,37.5,10.437915725008,78.9984509925074,NOISE,2024-12-19T09:00:47,37.5,10.437915725008,78.9984509925074,NOISE,2024-12-19T09:00:47,37.5,10.437915725008,78.9984509925074,NOISE,2024-12-19T09:00:47,37.5,10.437915725008,78.9984509925074,NOISE
2026-04-17T10:01:17.564637,Map-Energy__sum__linear-conv00185-20241219_120047-20241219_180047-35.000000-40.000000.png,2024-12-19T12:00:47,2024-12-19T18:00:47,35.0,40.0,2024-12-19T15:00:47,37.5,10.437915725008,78.9984509925074,NOISE,2024-12-19T15:00:47,37.5,10.437915725008,78.9984509925074,NOISE,2024-12-19T15:00:47,37.5,10.437915725008,78.9984509925074,NOISE,2024-12-19T15:00:47,37.5,10.437915725008,78.9984509925074,NOISE
2026-04-17T10:01:20.316549,Map-Energy__sum__linear-conv00195-20241219_180047-20241220_000047-35.000000-40.000000.png,2024-12-19T18:00:47,2024-12-20T00:00:47,35.0,40.0,2024-12-19T21:00:47,37.5,10.437915725008,78.9984509925074,NOISE,2024-12-19T21:00:47,37.5,10.437915725008,78.9984509925074,NOISE,2024-12-19T21:00:47,37.5,10.437915725008,78.9984509925074,NOISE,2024-12-19T21:00:47,37.5,10.437915725008,78.9984509925074,NOISE
2026-04-17T10:01:22.372570,Map-Energy__sum__linear-conv00205-20241220_000047-20241220_060047-35.000000-40.000000.png,2024-12-20T00:00:47,2024-12-20T06:00:47,35.0,40.0,2024-12-20T03:00:47,37.5,10.437915725008,78.9984509925074,NOISE,2024-12-20T03:00:47,37.5,10.437915725008,78.9984509925074,NOISE,2024-12-20T03:00:47,37.5,10.437915725008,78.9984509925074,NOISE,2024-12-20T03:00:47,37.5,10.437915725008,78.9984509925074,NOISE
2026-04-17T10:01:23.852593,Map-Energy__sum__linear-conv00215-20241220_060047-20241220_120047-35.000000-40.000000.png,2024-12-20T06:00:47,2024-12-20T12:00:47,35.0,40.0,2024-12-20T09:00:47,37.5,10.437915725008,78.9984509925074,NOISE,2024-12-20T09:00:47,37.5,10.437915725008,78.9984509925074,NOISE,2024-12-20T09:00:47,37.5,10.437915725008,78.9984509925074,NOISE,2024-12-20T09:00:47,37.5,10.437915725008,78.9984509925074,NOISE
2026-04-17T10:01:25.628630,Map-Energy__sum__linear-conv00225-20241220_120047-20241220_180047-35.000000-40.000000.png,2024-12-20T12:00:47,2024-12-20T18:00:47,35.0,40.0,2024-12-20T15:00:47,37.5,10.437915725008,78.9984509925074,NOISE,2024-12-20T15:00:47,37.5,10.437915725008,78.9984509925074,NOISE,2024-12-20T15:00:47,37.5,10.437915725008,78.9984509925074,NOISE,2024-12-20T15:00:47,37.5,10.437915725008,78.9984509925074,NOISE
2026-04-17T10:01:26.996530,Map-Energy__sum__linear-conv00235-20241220_180047-20241221_000047-35.000000-40.000000.png,2024-12-20T18:00:47,2024-12-21T00:00:47,35.0,40.0,2024-12-20T21:00:47,37.5,10.437915725008,78.9984509925074,NOISE,2024-12-20T21:00:47,37.5,10.437915725008,78.9984509925074,NOISE,2024-12-20T21:00:47,37.5,10.437915725008,78.9984509925074,NOISE,2024-12-20T21:00:47,37.5,10.437915725008,78.9984509925074,NOISE
2026-04-17T10:01:28.404595,Map-Energy__sum__linear-conv00245-20241221_000047-20241221_060047-35.000000-40.000000.png,2024-12-21T00:00:47,2024-12-21T06:00:47,35.0,40.0,2024-12-21T03:00:47,37.5,10.437915725008,78.9984509925074,NOISE,2024-12-21T03:00:47,37.5,10.437915725008,78.9984509925074,NOISE,2024-12-21T03:00:47,37.5,10.437915725008,78.9984509925074,NOISE,2024-12-21T03:00:47,37.5,10.437915725008,78.9984509925074,NOISE
2026-04-17T10:01:29.948589,Map-Energy__sum__linear-conv00255-20241221_060047-20241221_120047-35.000000-40.000000.png,2024-12-21T06:00:47,2024-12-21T12:00:47,35.0,40.0,2024-12-21T09:00:47,37.5,10.437915725008,78.9984509925074,NOISE,2024-12-21T09:00:47,37.5,10.437915725008,78.9984509925074,NOISE,2024-12-21T09:00:47,37.5,10.437915725008,78.9984509925074,NOISE,2024-12-21T09:00:47,37.5,10.437915725008,78.9984509925074,NOISE
2026-04-17T10:01:31.188617,Map-Energy__sum__linear-conv00265-20241221_120047-20241221_180047-35.000000-40.000000.png,2024-12-21T12:00:47,2024-12-21T18:00:47,35.0,40.0,2024-12-21T15:00:47,37.5,10.437915725008,78.9984509925074,NOISE,2024-12-21T15:00:47,37.5,10.437915725008,78.9984509925074,NOISE,2024-12-21T15:00:47,37.5,10.437915725008,78.9984509925074,NOISE,2024-12-21T15:00:47,37.5,10.437915725008,78.9984509925074,NOISE
2026-04-17T10:01:33.788655,Map-Energy__sum__linear-conv00275-20241221_180047-20241222_000047-35.000000-40.000000.png,2024-12-21T18:00:47,2024-12-22T00:00:47,35.0,40.0,2024-12-21T21:00:47,37.5,10.437915725008,78.9984509925074,NOISE,2024-12-21T21:00:47,37.5,10.437915725008,78.9984509925074,NOISE,2024-12-21T21:00:47,37.5,10.437915725008,78.9984509925074,NOISE,2024-12-21T21:00:47,37.5,10.437915725008,78.9984509925074,NOISE
2026-04-17T10:01:35.220561,Map-Energy__sum__linear-conv00285-20241222_000047-20241222_060047-35.000000-40.000000.png,2024-12-22T00:00:47,2024-12-22T06:00:47,35.0,40.0,2024-12-22T03:00:47,37.5,10.437915725008,78.9984509925074,NOISE,2024-12-22T03:00:47,37.5,10.437915725008,78.9984509925074,NOISE,2024-12-22T03:00:47,37.5,10.437915725008,78.9984509925074,NOISE,2024-12-22T03:00:47,37.5,10.437915725008,78.9984509925074,NOISE
2026-04-17T10:01:36.326928,Map-Energy__sum__linear-conv00295-20241222_060047-20241222_120047-35.000000-40.000000.png,2024-12-22T06:00:47,2024-12-22T12:00:47,35.0,40.0,2024-12-22T09:00:47,37.5,10.437915725008,78.9984509925074,NOISE,2024-12-22T09:00:47,37.5,10.437915725008,78.9984509925074,NOISE,2024-12-22T09:00:47,37.5,10.437915725008,78.9984509925074,NOISE,2024-12-22T09:00:47,37.5,10.437915725008,78.9984509925074,NOISE
2026-04-17T10:01:37.492541,Map-Energy__sum__linear-conv00305-20241222_120047-20241222_180047-35.000000-40.000000.png,2024-12-22T12:00:47,2024-12-22T18:00:47,35.0,40.0,2024-12-22T15:00:47,37.5,10.437915725008,78.9984509925074,NOISE,2024-12-22T15:00:47,37.5,10.437915725008,78.9984509925074,NOISE,2024-12-22T15:00:47,37.5,10.437915725008,78.9984509925074,NOISE,2024-12-22T15:00:47,37.5,10.437915725008,78.9984509925074,NOISE
2026-04-17T10:01:38.468620,Map-Energy__sum__linear-conv00315-20241222_180047-20241223_000047-35.000000-40.000000.png,2024-12-22T18:00:47,2024-12-23T00:00:47,35.0,40.0,2024-12-22T21:00:47,37.5,10.437915725008,78.9984509925074,NOISE,2024-12-22T21:00:47,37.5,10.437915725008,78.9984509925074,NOISE,2024-12-22T21:00:47,37.5,10.437915725008,78.9984509925074,NOISE,2024-12-22T21:00:47,37.5,10.437915725008,78.9984509925074,NOISE
2026-04-17T10:01:39.324702,Map-Energy__sum__linear-conv00325-20241223_000047-20241223_060047-35.000000-40.000000.png,2024-12-23T00:00:47,2024-12-23T06:00:47,35.0,40.0,2024-12-23T03:00:47,37.5,10.437915725008,78.9984509925074,NOISE,2024-12-23T03:00:47,37.5,10.437915725008,78.9984509925074,NOISE,2024-12-23T03:00:47,37.5,10.437915725008,78.9984509925074,NOISE,2024-12-23T03:00:47,37.5,10.437915725008,78.9984509925074,NOISE
2026-04-17T10:01:40.564533,Map-Energy__sum__linear-conv00008-20241223_060047-20241223_120047-35.000000-40.000000.png,2024-12-23T06:00:47,2024-12-23T12:00:47,35.0,40.0,2024-12-23T09:00:47,37.5,10.437915725008,78.9984509925074,NOISE,2024-12-23T09:00:47,37.5,10.437915725008,78.9984509925074,NOISE,2024-12-23T09:00:47,37.5,10.437915725008,78.9984509925074,NOISE,2024-12-23T09:00:47,37.5,10.437915725008,78.9984509925074,NOISE
2026-04-17T10:01:41.396476,Map-Energy__sum__linear-conv00018-20241223_120047-20241223_180047-35.000000-40.000000.png,2024-12-23T12:00:47,2024-12-23T18:00:47,35.0,40.0,2024-12-23T15:00:47,37.5,10.437915725008,78.9984509925074,NOISE,2024-12-23T15:00:47,37.5,10.437915725008,78.9984509925074,NOISE,2024-12-23T15:00:47,37.5,10.437915725008,78.9984509925074,NOISE,2024-12-23T15:00:47,37.5,10.437915725008,78.9984509925074,NOISE
2026-04-17T10:01:42.436481,Map-Energy__sum__linear-conv00028-20241223_180047-20241224_000047-35.000000-40.000000.png,2024-12-23T18:00:47,2024-12-24T00:00:47,35.0,40.0,2024-12-23T21:00:47,37.5,10.437915725008,78.9984509925074,NOISE,2024-12-23T21:00:47,37.5,10.437915725008,78.9984509925074,NOISE,2024-12-23T21:00:47,37.5,10.437915725008,78.9984509925074,NOISE,2024-12-23T21:00:47,37.5,10.437915725008,78.9984509925074,NOISE
2026-04-17T10:01:43.308555,Map-Energy__sum__linear-conv00038-20241224_000047-20241224_060047-35.000000-40.000000.png,2024-12-24T00:00:47,2024-12-24T06:00:47,35.0,40.0,2024-12-24T03:00:47,37.5,10.437915725008,78.9984509925074,NOISE,2024-12-24T03:00:47,37.5,10.437915725008,78.9984509925074,NOISE,2024-12-24T03:00:47,37.5,10.437915725008,78.9984509925074,NOISE,2024-12-24T03:00:47,37.5,10.437915725008,78.9984509925074,NOISE
2026-04-17T10:01:44.332653,Map-Energy__sum__linear-conv00048-20241224_060047-20241224_120047-35.000000-40.000000.png,2024-12-24T06:00:47,2024-12-24T12:00:47,35.0,40.0,2024-12-24T09:00:47,37.5,10.437915725008,78.9984509925074,NOISE,2024-12-24T09:00:47,37.5,10.437915725008,78.9984509925074,NOISE,2024-12-24T09:00:47,37.5,10.437915725008,78.9984509925074,NOISE,2024-12-24T09:00:47,37.5,10.437915725008,78.9984509925074,NOISE
2026-04-17T10:01:49.124550,Map-Energy__sum__linear-conv00058-20241224_120047-20241224_180047-35.000000-40.000000.png,2024-12-24T12:00:47,2024-12-24T18:00:47,35.0,40.0,2024-12-24T14:47:07,39.040832,10.3710448712922,78.9932372082315,VESSEL,2024-12-24T15:00:47,37.5,10.437915725008,78.9984509925074,NOISE,2024-12-24T15:00:47,37.5,10.437915725008,78.9984509925074,NOISE,2024-12-24T15:00:47,37.5,10.437915725008,78.9984509925074,NOISE
2026-04-17T10:01:54.460681,Map-Energy__sum__linear-conv00068-20241224_180047-20241225_000047-35.000000-40.000000.png,2024-12-24T18:00:47,2024-12-25T00:00:47,35.0,40.0,2024-12-24T20:31:51,36.192627,10.495022522766,79.0027942644873,VESSEL,2024-12-24T21:00:47,37.5,10.437915725008,78.9984509925074,NOISE,2024-12-24T21:00:47,37.5,10.437915725008,78.9984509925074,NOISE,2024-12-24T21:00:47,37.5,10.437915725008,78.9984509925074,NOISE
2026-04-17T10:02:05.732834,Map-Energy__sum__linear-conv00078-20241225_000047-20241225_060047-35.000000-40.000000.png,2024-12-25T00:00:47,2024-12-25T06:00:47,35.0,40.0,2024-12-25T03:00:47,37.5,10.437915725008,78.9984509925074,OTHER,2024-12-25T03:00:47,37.5,10.437915725008,78.9984509925074,NOISE,2024-12-25T03:00:47,37.5,10.437915725008,78.9984509925074,NOISE,2024-12-25T03:00:47,37.5,10.437915725008,78.9984509925074,NOISE
2026-04-17T10:02:06.805787,Map-Energy__sum__linear-conv00088-20241225_060047-20241225_120047-35.000000-40.000000.png,2024-12-25T06:00:47,2024-12-25T12:00:47,35.0,40.0,2024-12-25T09:00:47,37.5,10.437915725008,78.9984509925074,NOISE,2024-12-25T09:00:47,37.5,10.437915725008,78.9984509925074,NOISE,2024-12-25T09:00:47,37.5,10.437915725008,78.9984509925074,NOISE,2024-12-25T09:00:47,37.5,10.437915725008,78.9984509925074,NOISE
2026-04-17T10:02:07.732760,Map-Energy__sum__linear-conv00098-20241225_120047-20241225_180047-35.000000-40.000000.png,2024-12-25T12:00:47,2024-12-25T18:00:47,35.0,40.0,2024-12-25T15:00:47,37.5,10.437915725008,78.9984509925074,NOISE,2024-12-25T15:00:47,37.5,10.437915725008,78.9984509925074,NOISE,2024-12-25T15:00:47,37.5,10.437915725008,78.9984509925074,NOISE,2024-12-25T15:00:47,37.5,10.437915725008,78.9984509925074,NOISE
2026-04-17T10:02:15.500422,Map-Energy__sum__linear-conv00108-20241225_180047-20241226_000047-35.000000-40.000000.png,2024-12-25T18:00:47,2024-12-26T00:00:47,35.0,40.0,2024-12-25T21:37:00,38.535003,10.3927552518613,78.9949287652865,VESSEL,2024-12-25T21:00:47,37.5,10.437915725008,78.9984509925074,NOISE,2024-12-25T21:00:47,37.5,10.437915725008,78.9984509925074,NOISE,2024-12-25T21:00:47,37.5,10.437915725008,78.9984509925074,NOISE
2026-04-17T10:02:17.644581,Map-Energy__sum__linear-conv00118-20241226_000047-20241226_060047-35.000000-40.000000.png,2024-12-26T00:00:47,2024-12-26T06:00:47,35.0,40.0,2024-12-26T03:00:47,37.5,10.437915725008,78.9984509925074,NOISE,2024-12-26T03:00:47,37.5,10.437915725008,78.9984509925074,NOISE,2024-12-26T03:00:47,37.5,10.437915725008,78.9984509925074,NOISE,2024-12-26T03:00:47,37.5,10.437915725008,78.9984509925074,NOISE
2026-04-17T10:02:18.997882,Map-Energy__sum__linear-conv00128-20241226_060047-20241226_120047-35.000000-40.000000.png,2024-12-26T06:00:47,2024-12-26T12:00:47,35.0,40.0,2024-12-26T09:00:47,37.5,10.437915725008,78.9984509925074,NOISE,2024-12-26T09:00:47,37.5,10.437915725008,78.9984509925074,NOISE,2024-12-26T09:00:47,37.5,10.437915725008,78.9984509925074,NOISE,2024-12-26T09:00:47,37.5,10.437915725008,78.9984509925074,NOISE
2026-04-17T10:02:20.085115,Map-Energy__sum__linear-conv00138-20241226_120047-20241226_180047-35.000000-40.000000.png,2024-12-26T12:00:47,2024-12-26T18:00:47,35.0,40.0,2024-12-26T15:00:47,37.5,10.437915725008,78.9984509925074,NOISE,2024-12-26T15:00:47,37.5,10.437915725008,78.9984509925074,NOISE,2024-12-26T15:00:47,37.5,10.437915725008,78.9984509925074,NOISE,2024-12-26T15:00:47,37.5,10.437915725008,78.9984509925074,NOISE
2026-04-17T10:02:25.028527,Map-Energy__sum__linear-conv00148-20241226_180047-20241227_000047-35.000000-40.000000.png,2024-12-26T18:00:47,2024-12-27T00:00:47,35.0,40.0,2024-12-26T21:00:47,37.5,10.437915725008,78.9984509925074,OTHER,2024-12-26T21:00:47,37.5,10.437915725008,78.9984509925074,NOISE,2024-12-26T21:00:47,37.5,10.437915725008,78.9984509925074,NOISE,2024-12-26T21:00:47,37.5,10.437915725008,78.9984509925074,NOISE
2026-04-17T10:02:26.628530,Map-Energy__sum__linear-conv00158-20241227_000047-20241227_060047-35.000000-40.000000.png,2024-12-27T00:00:47,2024-12-27T06:00:47,35.0,40.0,2024-12-27T03:00:47,37.5,10.437915725008,78.9984509925074,NOISE,2024-12-27T03:00:47,37.5,10.437915725008,78.9984509925074,NOISE,2024-12-27T03:00:47,37.5,10.437915725008,78.9984509925074,NOISE,2024-12-27T03:00:47,37.5,10.437915725008,78.9984509925074,NOISE
2026-04-17T10:02:27.828587,Map-Energy__sum__linear-conv00168-20241227_060047-20241227_120047-35.000000-40.000000.png,2024-12-27T06:00:47,2024-12-27T12:00:47,35.0,40.0,2024-12-27T09:00:47,37.5,10.437915725008,78.9984509925074,NOISE,2024-12-27T09:00:47,37.5,10.437915725008,78.9984509925074,NOISE,2024-12-27T09:00:47,37.5,10.437915725008,78.9984509925074,NOISE,2024-12-27T09:00:47,37.5,10.437915725008,78.9984509925074,NOISE
2026-04-17T10:02:32.668508,Map-Energy__sum__linear-conv00178-20241227_120047-20241227_180047-35.000000-40.000000.png,2024-12-27T12:00:47,2024-12-27T18:00:47,35.0,40.0,2024-12-27T15:00:47,37.5,10.437915725008,78.9984509925074,OTHER,2024-12-27T15:00:47,37.5,10.437915725008,78.9984509925074,NOISE,2024-12-27T15:00:47,37.5,10.437915725008,78.9984509925074,NOISE,2024-12-27T15:00:47,37.5,10.437915725008,78.9984509925074,NOISE
2026-04-17T10:02:33.820624,Map-Energy__sum__linear-conv00188-20241227_180047-20241228_000047-35.000000-40.000000.png,2024-12-27T18:00:47,2024-12-28T00:00:47,35.0,40.0,2024-12-27T21:00:47,37.5,10.437915725008,78.9984509925074,NOISE,2024-12-27T21:00:47,37.5,10.437915725008,78.9984509925074,NOISE,2024-12-27T21:00:47,37.5,10.437915725008,78.9984509925074,NOISE,2024-12-27T21:00:47,37.5,10.437915725008,78.9984509925074,NOISE
2026-04-17T10:02:37.420596,Map-Energy__sum__linear-conv00198-20241228_000047-20241228_060047-35.000000-40.000000.png,2024-12-28T00:00:47,2024-12-28T06:00:47,35.0,40.0,2024-12-28T03:00:47,37.5,10.437915725008,78.9984509925074,NOISE,2024-12-28T03:00:47,37.5,10.437915725008,78.9984509925074,NOISE,2024-12-28T03:00:47,37.5,10.437915725008,78.9984509925074,NOISE,2024-12-28T03:00:47,37.5,10.437915725008,78.9984509925074,NOISE
2026-04-17T10:02:39.428603,Map-Energy__sum__linear-conv00208-20241228_060047-20241228_120047-35.000000-40.000000.png,2024-12-28T06:00:47,2024-12-28T12:00:47,35.0,40.0,2024-12-28T09:00:47,37.5,10.437915725008,78.9984509925074,NOISE,2024-12-28T09:00:47,37.5,10.437915725008,78.9984509925074,NOISE,2024-12-28T09:00:47,37.5,10.437915725008,78.9984509925074,NOISE,2024-12-28T09:00:47,37.5,10.437915725008,78.9984509925074,NOISE
2026-04-17T10:02:41.980594,Map-Energy__sum__linear-conv00218-20241228_120047-20241228_180047-35.000000-40.000000.png,2024-12-28T12:00:47,2024-12-28T18:00:47,35.0,40.0,2024-12-28T15:00:47,37.5,10.437915725008,78.9984509925074,NOISE,2024-12-28T15:00:47,37.5,10.437915725008,78.9984509925074,NOISE,2024-12-28T15:00:47,37.5,10.437915725008,78.9984509925074,NOISE,2024-12-28T15:00:47,37.5,10.437915725008,78.9984509925074,NOISE
2026-04-17T10:02:45.044582,Map-Energy__sum__linear-conv00228-20241228_180047-20241229_000047-35.000000-40.000000.png,2024-12-28T18:00:47,2024-12-29T00:00:47,35.0,40.0,2024-12-28T21:00:47,37.5,10.437915725008,78.9984509925074,NOISE,2024-12-28T21:00:47,37.5,10.437915725008,78.9984509925074,NOISE,2024-12-28T21:00:47,37.5,10.437915725008,78.9984509925074,NOISE,2024-12-28T21:00:47,37.5,10.437915725008,78.9984509925074,NOISE
2026-04-17T10:02:46.260665,Map-Energy__sum__linear-conv00238-20241229_000047-20241229_060047-35.000000-40.000000.png,2024-12-29T00:00:47,2024-12-29T06:00:47,35.0,40.0,2024-12-29T03:00:47,37.5,10.437915725008,78.9984509925074,NOISE,2024-12-29T03:00:47,37.5,10.437915725008,78.9984509925074,NOISE,2024-12-29T03:00:47,37.5,10.437915725008,78.9984509925074,NOISE,2024-12-29T03:00:47,37.5,10.437915725008,78.9984509925074,NOISE
2026-04-17T10:02:47.220584,Map-Energy__sum__linear-conv00248-20241229_060047-20241229_120047-35.000000-40.000000.png,2024-12-29T06:00:47,2024-12-29T12:00:47,35.0,40.0,2024-12-29T09:00:47,37.5,10.437915725008,78.9984509925074,NOISE,2024-12-29T09:00:47,37.5,10.437915725008,78.9984509925074,NOISE,2024-12-29T09:00:47,37.5,10.437915725008,78.9984509925074,NOISE,2024-12-29T09:00:47,37.5,10.437915725008,78.9984509925074,NOISE
2026-04-17T10:02:48.412550,Map-Energy__sum__linear-conv00258-20241229_120047-20241229_180047-35.000000-40.000000.png,2024-12-29T12:00:47,2024-12-29T18:00:47,35.0,40.0,2024-12-29T15:00:47,37.5,10.437915725008,78.9984509925074,NOISE,2024-12-29T15:00:47,37.5,10.437915725008,78.9984509925074,NOISE,2024-12-29T15:00:47,37.5,10.437915725008,78.9984509925074,NOISE,2024-12-29T15:00:47,37.5,10.437915725008,78.9984509925074,NOISE
2026-04-17T10:02:49.540535,Map-Energy__sum__linear-conv00268-20241229_180047-20241230_000047-35.000000-40.000000.png,2024-12-29T18:00:47,2024-12-30T00:00:47,35.0,40.0,2024-12-29T21:00:47,37.5,10.437915725008,78.9984509925074,NOISE,2024-12-29T21:00:47,37.5,10.437915725008,78.9984509925074,NOISE,2024-12-29T21:00:47,37.5,10.437915725008,78.9984509925074,NOISE,2024-12-29T21:00:47,37.5,10.437915725008,78.9984509925074,NOISE
2026-04-17T10:02:50.676593,Map-Energy__sum__linear-conv00278-20241230_000047-20241230_060047-35.000000-40.000000.png,2024-12-30T00:00:47,2024-12-30T06:00:47,35.0,40.0,2024-12-30T03:00:47,37.5,10.437915725008,78.9984509925074,NOISE,2024-12-30T03:00:47,37.5,10.437915725008,78.9984509925074,NOISE,2024-12-30T03:00:47,37.5,10.437915725008,78.9984509925074,NOISE,2024-12-30T03:00:47,37.5,10.437915725008,78.9984509925074,NOISE
2026-04-17T10:02:51.724505,Map-Energy__sum__linear-conv00288-20241230_060047-20241230_120047-35.000000-40.000000.png,2024-12-30T06:00:47,2024-12-30T12:00:47,35.0,40.0,2024-12-30T09:00:47,37.5,10.437915725008,78.9984509925074,NOISE,2024-12-30T09:00:47,37.5,10.437915725008,78.9984509925074,NOISE,2024-12-30T09:00:47,37.5,10.437915725008,78.9984509925074,NOISE,2024-12-30T09:00:47,37.5,10.437915725008,78.9984509925074,NOISE
2026-04-17T10:02:52.820614,Map-Energy__sum__linear-conv00298-20241230_120047-20241230_180047-35.000000-40.000000.png,2024-12-30T12:00:47,2024-12-30T18:00:47,35.0,40.0,2024-12-30T15:00:47,37.5,10.437915725008,78.9984509925074,NOISE,2024-12-30T15:00:47,37.5,10.437915725008,78.9984509925074,NOISE,2024-12-30T15:00:47,37.5,10.437915725008,78.9984509925074,NOISE,2024-12-30T15:00:47,37.5,10.437915725008,78.9984509925074,NOISE
2026-04-17T10:02:53.724259,Map-Energy__sum__linear-conv00308-20241230_180047-20241231_000047-35.000000-40.000000.png,2024-12-30T18:00:47,2024-12-31T00:00:47,35.0,40.0,2024-12-30T21:00:47,37.5,10.437915725008,78.9984509925074,NOISE,2024-12-30T21:00:47,37.5,10.437915725008,78.9984509925074,NOISE,2024-12-30T21:00:47,37.5,10.437915725008,78.9984509925074,NOISE,2024-12-30T21:00:47,37.5,10.437915725008,78.9984509925074,NOISE
2026-04-17T10:02:57.060554,Map-Energy__sum__linear-conv00318-20241231_000047-20241231_060047-35.000000-40.000000.png,2024-12-31T00:00:47,2024-12-31T06:00:47,35.0,40.0,2024-12-31T03:00:47,37.5,10.437915725008,78.9984509925074,NOISE,2024-12-31T03:00:47,37.5,10.437915725008,78.9984509925074,NOISE,2024-12-31T03:00:47,37.5,10.437915725008,78.9984509925074,NOISE,2024-12-31T03:00:47,37.5,10.437915725008,78.9984509925074,NOISE
2026-04-17T10:02:58.204554,Map-Energy__sum__linear-conv00328-20241231_060047-20241231_120047-35.000000-40.000000.png,2024-12-31T06:00:47,2024-12-31T12:00:47,35.0,40.0,2024-12-31T09:00:47,37.5,10.437915725008,78.9984509925074,NOISE,2024-12-31T09:00:47,37.5,10.437915725008,78.9984509925074,NOISE,2024-12-31T09:00:47,37.5,10.437915725008,78.9984509925074,NOISE,2024-12-31T09:00:47,37.5,10.437915725008,78.9984509925074,NOISE
2026-04-17T10:03:09.276271,Map-Energy__sum__linear-conv00338-20241231_120047-20241231_180047-35.000000-40.000000.png,2024-12-31T12:00:47,2024-12-31T18:00:47,35.0,40.0,2024-12-31T15:00:47,37.5,10.437915725008,78.9984509925074,NOISE,2024-12-31T15:00:47,37.5,10.437915725008,78.9984509925074,NOISE,2024-12-31T15:00:47,37.5,10.437915725008,78.9984509925074,NOISE,2024-12-31T15:00:47,37.5,10.437915725008,78.9984509925074,NOISE
2026-04-17T10:03:10.133199,Map-Energy__sum__linear-conv00348-20241231_180047-20250101_000047-35.000000-40.000000.png,2024-12-31T18:00:47,2025-01-01T00:00:47,35.0,40.0,2024-12-31T21:00:47,37.5,10.437915725008,78.9984509925074,NOISE,2024-12-31T21:00:47,37.5,10.437915725008,78.9984509925074,NOISE,2024-12-31T21:00:47,37.5,10.437915725008,78.9984509925074,NOISE,2024-12-31T21:00:47,37.5,10.437915725008,78.9984509925074,NOISE
2026-04-17T10:03:11.332639,Map-Energy__sum__linear-conv00009-20241201_000047-20241201_060047-40.000000-45.000000.png,2024-12-01T00:00:47,2024-12-01T06:00:47,40.0,45.0,2024-12-01T03:00:47,42.5,10.2209936532221,78.9814941910257,NOISE,2024-12-01T03:00:47,42.5,10.2209936532221,78.9814941910257,NOISE,2024-12-01T03:00:47,42.5,10.2209936532221,78.9814941910257,NOISE,2024-12-01T03:00:47,42.5,10.2209936532221,78.9814941910257,NOISE
2026-04-17T10:03:13.076821,Map-Energy__sum__linear-conv00019-20241201_060047-20241201_120047-40.000000-45.000000.png,2024-12-01T06:00:47,2024-12-01T12:00:47,40.0,45.0,2024-12-01T09:00:47,42.5,10.2209936532221,78.9814941910257,NOISE,2024-12-01T09:00:47,42.5,10.2209936532221,78.9814941910257,NOISE,2024-12-01T09:00:47,42.5,10.2209936532221,78.9814941910257,NOISE,2024-12-01T09:00:47,42.5,10.2209936532221,78.9814941910257,NOISE
2026-04-17T10:03:14.644617,Map-Energy__sum__linear-conv00029-20241201_120047-20241201_180047-40.000000-45.000000.png,2024-12-01T12:00:47,2024-12-01T18:00:47,40.0,45.0,2024-12-01T15:00:47,42.5,10.2209936532221,78.9814941910257,NOISE,2024-12-01T15:00:47,42.5,10.2209936532221,78.9814941910257,NOISE,2024-12-01T15:00:47,42.5,10.2209936532221,78.9814941910257,NOISE,2024-12-01T15:00:47,42.5,10.2209936532221,78.9814941910257,NOISE
2026-04-17T10:03:17.364578,Map-Energy__sum__linear-conv00039-20241201_180047-20241202_000047-40.000000-45.000000.png,2024-12-01T18:00:47,2024-12-02T00:00:47,40.0,45.0,2024-12-01T21:00:47,42.5,10.2209936532221,78.9814941910257,NOISE,2024-12-01T21:00:47,42.5,10.2209936532221,78.9814941910257,NOISE,2024-12-01T21:00:47,42.5,10.2209936532221,78.9814941910257,NOISE,2024-12-01T21:00:47,42.5,10.2209936532221,78.9814941910257,NOISE
2026-04-17T10:03:18.364576,Map-Energy__sum__linear-conv00049-20241202_000047-20241202_060047-40.000000-45.000000.png,2024-12-02T00:00:47,2024-12-02T06:00:47,40.0,45.0,2024-12-02T03:00:47,42.5,10.2209936532221,78.9814941910257,NOISE,2024-12-02T03:00:47,42.5,10.2209936532221,78.9814941910257,NOISE,2024-12-02T03:00:47,42.5,10.2209936532221,78.9814941910257,NOISE,2024-12-02T03:00:47,42.5,10.2209936532221,78.9814941910257,NOISE
2026-04-17T10:03:19.556527,Map-Energy__sum__linear-conv00059-20241202_060047-20241202_120047-40.000000-45.000000.png,2024-12-02T06:00:47,2024-12-02T12:00:47,40.0,45.0,2024-12-02T09:00:47,42.5,10.2209936532221,78.9814941910257,NOISE,2024-12-02T09:00:47,42.5,10.2209936532221,78.9814941910257,NOISE,2024-12-02T09:00:47,42.5,10.2209936532221,78.9814941910257,NOISE,2024-12-02T09:00:47,42.5,10.2209936532221,78.9814941910257,NOISE
2026-04-17T10:03:21.036221,Map-Energy__sum__linear-conv00069-20241202_120047-20241202_180047-40.000000-45.000000.png,2024-12-02T12:00:47,2024-12-02T18:00:47,40.0,45.0,2024-12-02T15:00:47,42.5,10.2209936532221,78.9814941910257,NOISE,2024-12-02T15:00:47,42.5,10.2209936532221,78.9814941910257,NOISE,2024-12-02T15:00:47,42.5,10.2209936532221,78.9814941910257,NOISE,2024-12-02T15:00:47,42.5,10.2209936532221,78.9814941910257,NOISE
2026-04-17T10:03:22.132560,Map-Energy__sum__linear-conv00079-20241202_180047-20241203_000047-40.000000-45.000000.png,2024-12-02T18:00:47,2024-12-03T00:00:47,40.0,45.0,2024-12-02T21:00:47,42.5,10.2209936532221,78.9814941910257,NOISE,2024-12-02T21:00:47,42.5,10.2209936532221,78.9814941910257,NOISE,2024-12-02T21:00:47,42.5,10.2209936532221,78.9814941910257,NOISE,2024-12-02T21:00:47,42.5,10.2209936532221,78.9814941910257,NOISE
2026-04-17T10:03:23.228551,Map-Energy__sum__linear-conv00089-20241203_000047-20241203_060047-40.000000-45.000000.png,2024-12-03T00:00:47,2024-12-03T06:00:47,40.0,45.0,2024-12-03T03:00:47,42.5,10.2209936532221,78.9814941910257,NOISE,2024-12-03T03:00:47,42.5,10.2209936532221,78.9814941910257,NOISE,2024-12-03T03:00:47,42.5,10.2209936532221,78.9814941910257,NOISE,2024-12-03T03:00:47,42.5,10.2209936532221,78.9814941910257,NOISE
2026-04-17T10:03:24.220519,Map-Energy__sum__linear-conv00099-20241203_060047-20241203_120047-40.000000-45.000000.png,2024-12-03T06:00:47,2024-12-03T12:00:47,40.0,45.0,2024-12-03T09:00:47,42.5,10.2209936532221,78.9814941910257,NOISE,2024-12-03T09:00:47,42.5,10.2209936532221,78.9814941910257,NOISE,2024-12-03T09:00:47,42.5,10.2209936532221,78.9814941910257,NOISE,2024-12-03T09:00:47,42.5,10.2209936532221,78.9814941910257,NOISE
2026-04-17T10:03:25.212562,Map-Energy__sum__linear-conv00109-20241203_120047-20241203_180047-40.000000-45.000000.png,2024-12-03T12:00:47,2024-12-03T18:00:47,40.0,45.0,2024-12-03T15:00:47,42.5,10.2209936532221,78.9814941910257,NOISE,2024-12-03T15:00:47,42.5,10.2209936532221,78.9814941910257,NOISE,2024-12-03T15:00:47,42.5,10.2209936532221,78.9814941910257,NOISE,2024-12-03T15:00:47,42.5,10.2209936532221,78.9814941910257,NOISE
2026-04-17T10:03:26.228452,Map-Energy__sum__linear-conv00119-20241203_180047-20241204_000047-40.000000-45.000000.png,2024-12-03T18:00:47,2024-12-04T00:00:47,40.0,45.0,2024-12-03T21:00:47,42.5,10.2209936532221,78.9814941910257,NOISE,2024-12-03T21:00:47,42.5,10.2209936532221,78.9814941910257,NOISE,2024-12-03T21:00:47,42.5,10.2209936532221,78.9814941910257,NOISE,2024-12-03T21:00:47,42.5,10.2209936532221,78.9814941910257,NOISE
2026-04-17T10:03:26.996534,Map-Energy__sum__linear-conv00009-20241204_000047-20241204_060047-40.000000-45.000000.png,2024-12-04T00:00:47,2024-12-04T06:00:47,40.0,45.0,2024-12-04T03:00:47,42.5,10.2209936532221,78.9814941910257,NOISE,2024-12-04T03:00:47,42.5,10.2209936532221,78.9814941910257,NOISE,2024-12-04T03:00:47,42.5,10.2209936532221,78.9814941910257,NOISE,2024-12-04T03:00:47,42.5,10.2209936532221,78.9814941910257,NOISE
2026-04-17T10:03:27.604517,Map-Energy__sum__linear-conv00019-20241204_060047-20241204_120047-40.000000-45.000000.png,2024-12-04T06:00:47,2024-12-04T12:00:47,40.0,45.0,2024-12-04T09:00:47,42.5,10.2209936532221,78.9814941910257,NOISE,2024-12-04T09:00:47,42.5,10.2209936532221,78.9814941910257,NOISE,2024-12-04T09:00:47,42.5,10.2209936532221,78.9814941910257,NOISE,2024-12-04T09:00:47,42.5,10.2209936532221,78.9814941910257,NOISE
2026-04-17T10:03:28.276556,Map-Energy__sum__linear-conv00029-20241204_120047-20241204_180047-40.000000-45.000000.png,2024-12-04T12:00:47,2024-12-04T18:00:47,40.0,45.0,2024-12-04T15:00:47,42.5,10.2209936532221,78.9814941910257,NOISE,2024-12-04T15:00:47,42.5,10.2209936532221,78.9814941910257,NOISE,2024-12-04T15:00:47,42.5,10.2209936532221,78.9814941910257,NOISE,2024-12-04T15:00:47,42.5,10.2209936532221,78.9814941910257,NOISE
2026-04-17T10:03:28.868578,Map-Energy__sum__linear-conv00039-20241204_180047-20241205_000047-40.000000-45.000000.png,2024-12-04T18:00:47,2024-12-05T00:00:47,40.0,45.0,2024-12-04T21:00:47,42.5,10.2209936532221,78.9814941910257,NOISE,2024-12-04T21:00:47,42.5,10.2209936532221,78.9814941910257,NOISE,2024-12-04T21:00:47,42.5,10.2209936532221,78.9814941910257,NOISE,2024-12-04T21:00:47,42.5,10.2209936532221,78.9814941910257,NOISE
2026-04-17T10:03:29.476610,Map-Energy__sum__linear-conv00049-20241205_000047-20241205_060047-40.000000-45.000000.png,2024-12-05T00:00:47,2024-12-05T06:00:47,40.0,45.0,2024-12-05T03:00:47,42.5,10.2209936532221,78.9814941910257,NOISE,2024-12-05T03:00:47,42.5,10.2209936532221,78.9814941910257,NOISE,2024-12-05T03:00:47,42.5,10.2209936532221,78.9814941910257,NOISE,2024-12-05T03:00:47,42.5,10.2209936532221,78.9814941910257,NOISE
2026-04-17T10:03:30.060584,Map-Energy__sum__linear-conv00059-20241205_060047-20241205_120047-40.000000-45.000000.png,2024-12-05T06:00:47,2024-12-05T12:00:47,40.0,45.0,2024-12-05T09:00:47,42.5,10.2209936532221,78.9814941910257,NOISE,2024-12-05T09:00:47,42.5,10.2209936532221,78.9814941910257,NOISE,2024-12-05T09:00:47,42.5,10.2209936532221,78.9814941910257,NOISE,2024-12-05T09:00:47,42.5,10.2209936532221,78.9814941910257,NOISE
2026-04-17T10:03:30.716836,Map-Energy__sum__linear-conv00069-20241205_120047-20241205_180047-40.000000-45.000000.png,2024-12-05T12:00:47,2024-12-05T18:00:47,40.0,45.0,2024-12-05T15:00:47,42.5,10.2209936532221,78.9814941910257,NOISE,2024-12-05T15:00:47,42.5,10.2209936532221,78.9814941910257,NOISE,2024-12-05T15:00:47,42.5,10.2209936532221,78.9814941910257,NOISE,2024-12-05T15:00:47,42.5,10.2209936532221,78.9814941910257,NOISE
2026-04-17T10:03:31.340573,Map-Energy__sum__linear-conv00079-20241205_180047-20241206_000047-40.000000-45.000000.png,2024-12-05T18:00:47,2024-12-06T00:00:47,40.0,45.0,2024-12-05T21:00:47,42.5,10.2209936532221,78.9814941910257,NOISE,2024-12-05T21:00:47,42.5,10.2209936532221,78.9814941910257,NOISE,2024-12-05T21:00:47,42.5,10.2209936532221,78.9814941910257,NOISE,2024-12-05T21:00:47,42.5,10.2209936532221,78.9814941910257,NOISE
2026-04-17T10:03:32.052490,Map-Energy__sum__linear-conv00089-20241206_000047-20241206_060047-40.000000-45.000000.png,2024-12-06T00:00:47,2024-12-06T06:00:47,40.0,45.0,2024-12-06T03:00:47,42.5,10.2209936532221,78.9814941910257,NOISE,2024-12-06T03:00:47,42.5,10.2209936532221,78.9814941910257,NOISE,2024-12-06T03:00:47,42.5,10.2209936532221,78.9814941910257,NOISE,2024-12-06T03:00:47,42.5,10.2209936532221,78.9814941910257,NOISE
2026-04-17T10:03:32.772613,Map-Energy__sum__linear-conv00099-20241206_060047-20241206_120047-40.000000-45.000000.png,2024-12-06T06:00:47,2024-12-06T12:00:47,40.0,45.0,2024-12-06T09:00:47,42.5,10.2209936532221,78.9814941910257,NOISE,2024-12-06T09:00:47,42.5,10.2209936532221,78.9814941910257,NOISE,2024-12-06T09:00:47,42.5,10.2209936532221,78.9814941910257,NOISE,2024-12-06T09:00:47,42.5,10.2209936532221,78.9814941910257,NOISE
2026-04-17T10:03:33.508442,Map-Energy__sum__linear-conv00109-20241206_120047-20241206_180047-40.000000-45.000000.png,2024-12-06T12:00:47,2024-12-06T18:00:47,40.0,45.0,2024-12-06T15:00:47,42.5,10.2209936532221,78.9814941910257,NOISE,2024-12-06T15:00:47,42.5,10.2209936532221,78.9814941910257,NOISE,2024-12-06T15:00:47,42.5,10.2209936532221,78.9814941910257,NOISE,2024-12-06T15:00:47,42.5,10.2209936532221,78.9814941910257,NOISE
2026-04-17T10:03:34.173195,Map-Energy__sum__linear-conv00119-20241206_180047-20241207_000047-40.000000-45.000000.png,2024-12-06T18:00:47,2024-12-07T00:00:47,40.0,45.0,2024-12-06T21:00:47,42.5,10.2209936532221,78.9814941910257,NOISE,2024-12-06T21:00:47,42.5,10.2209936532221,78.9814941910257,NOISE,2024-12-06T21:00:47,42.5,10.2209936532221,78.9814941910257,NOISE,2024-12-06T21:00:47,42.5,10.2209936532221,78.9814941910257,NOISE
2026-04-17T10:03:34.796561,Map-Energy__sum__linear-conv00129-20241207_000047-20241207_060047-40.000000-45.000000.png,2024-12-07T00:00:47,2024-12-07T06:00:47,40.0,45.0,2024-12-07T03:00:47,42.5,10.2209936532221,78.9814941910257,NOISE,2024-12-07T03:00:47,42.5,10.2209936532221,78.9814941910257,NOISE,2024-12-07T03:00:47,42.5,10.2209936532221,78.9814941910257,NOISE,2024-12-07T03:00:47,42.5,10.2209936532221,78.9814941910257,NOISE
2026-04-17T10:03:35.396470,Map-Energy__sum__linear-conv00139-20241207_060047-20241207_120047-40.000000-45.000000.png,2024-12-07T06:00:47,2024-12-07T12:00:47,40.0,45.0,2024-12-07T09:00:47,42.5,10.2209936532221,78.9814941910257,NOISE,2024-12-07T09:00:47,42.5,10.2209936532221,78.9814941910257,NOISE,2024-12-07T09:00:47,42.5,10.2209936532221,78.9814941910257,NOISE,2024-12-07T09:00:47,42.5,10.2209936532221,78.9814941910257,NOISE
2026-04-17T10:03:36.108591,Map-Energy__sum__linear-conv00149-20241207_120047-20241207_180047-40.000000-45.000000.png,2024-12-07T12:00:47,2024-12-07T18:00:47,40.0,45.0,2024-12-07T15:00:47,42.5,10.2209936532221,78.9814941910257,NOISE,2024-12-07T15:00:47,42.5,10.2209936532221,78.9814941910257,NOISE,2024-12-07T15:00:47,42.5,10.2209936532221,78.9814941910257,NOISE,2024-12-07T15:00:47,42.5,10.2209936532221,78.9814941910257,NOISE
2026-04-17T10:03:36.740549,Map-Energy__sum__linear-conv00159-20241207_180047-20241208_000047-40.000000-45.000000.png,2024-12-07T18:00:47,2024-12-08T00:00:47,40.0,45.0,2024-12-07T21:00:47,42.5,10.2209936532221,78.9814941910257,NOISE,2024-12-07T21:00:47,42.5,10.2209936532221,78.9814941910257,NOISE,2024-12-07T21:00:47,42.5,10.2209936532221,78.9814941910257,NOISE,2024-12-07T21:00:47,42.5,10.2209936532221,78.9814941910257,NOISE
2026-04-17T10:03:37.388303,Map-Energy__sum__linear-conv00169-20241208_000047-20241208_060047-40.000000-45.000000.png,2024-12-08T00:00:47,2024-12-08T06:00:47,40.0,45.0,2024-12-08T03:00:47,42.5,10.2209936532221,78.9814941910257,NOISE,2024-12-08T03:00:47,42.5,10.2209936532221,78.9814941910257,NOISE,2024-12-08T03:00:47,42.5,10.2209936532221,78.9814941910257,NOISE,2024-12-08T03:00:47,42.5,10.2209936532221,78.9814941910257,NOISE
2026-04-17T10:03:38.052484,Map-Energy__sum__linear-conv00179-20241208_060047-20241208_120047-40.000000-45.000000.png,2024-12-08T06:00:47,2024-12-08T12:00:47,40.0,45.0,2024-12-08T09:00:47,42.5,10.2209936532221,78.9814941910257,NOISE,2024-12-08T09:00:47,42.5,10.2209936532221,78.9814941910257,NOISE,2024-12-08T09:00:47,42.5,10.2209936532221,78.9814941910257,NOISE,2024-12-08T09:00:47,42.5,10.2209936532221,78.9814941910257,NOISE
2026-04-17T10:03:38.620526,Map-Energy__sum__linear-conv00189-20241208_120047-20241208_180047-40.000000-45.000000.png,2024-12-08T12:00:47,2024-12-08T18:00:47,40.0,45.0,2024-12-08T15:00:47,42.5,10.2209936532221,78.9814941910257,NOISE,2024-12-08T15:00:47,42.5,10.2209936532221,78.9814941910257,NOISE,2024-12-08T15:00:47,42.5,10.2209936532221,78.9814941910257,NOISE,2024-12-08T15:00:47,42.5,10.2209936532221,78.9814941910257,NOISE
2026-04-17T10:03:39.268474,Map-Energy__sum__linear-conv00199-20241208_180047-20241209_000047-40.000000-45.000000.png,2024-12-08T18:00:47,2024-12-09T00:00:47,40.0,45.0,2024-12-08T21:00:47,42.5,10.2209936532221,78.9814941910257,NOISE,2024-12-08T21:00:47,42.5,10.2209936532221,78.9814941910257,NOISE,2024-12-08T21:00:47,42.5,10.2209936532221,78.9814941910257,NOISE,2024-12-08T21:00:47,42.5,10.2209936532221,78.9814941910257,NOISE
2026-04-17T10:03:39.924638,Map-Energy__sum__linear-conv00209-20241209_000047-20241209_060047-40.000000-45.000000.png,2024-12-09T00:00:47,2024-12-09T06:00:47,40.0,45.0,2024-12-09T03:00:47,42.5,10.2209936532221,78.9814941910257,NOISE,2024-12-09T03:00:47,42.5,10.2209936532221,78.9814941910257,NOISE,2024-12-09T03:00:47,42.5,10.2209936532221,78.9814941910257,NOISE,2024-12-09T03:00:47,42.5,10.2209936532221,78.9814941910257,NOISE
2026-04-17T10:03:40.616150,Map-Energy__sum__linear-conv00219-20241209_060047-20241209_120047-40.000000-45.000000.png,2024-12-09T06:00:47,2024-12-09T12:00:47,40.0,45.0,2024-12-09T09:00:47,42.5,10.2209936532221,78.9814941910257,NOISE,2024-12-09T09:00:47,42.5,10.2209936532221,78.9814941910257,NOISE,2024-12-09T09:00:47,42.5,10.2209936532221,78.9814941910257,NOISE,2024-12-09T09:00:47,42.5,10.2209936532221,78.9814941910257,NOISE
2026-04-17T10:03:41.212685,Map-Energy__sum__linear-conv00229-20241209_120047-20241209_180047-40.000000-45.000000.png,2024-12-09T12:00:47,2024-12-09T18:00:47,40.0,45.0,2024-12-09T15:00:47,42.5,10.2209936532221,78.9814941910257,NOISE,2024-12-09T15:00:47,42.5,10.2209936532221,78.9814941910257,NOISE,2024-12-09T15:00:47,42.5,10.2209936532221,78.9814941910257,NOISE,2024-12-09T15:00:47,42.5,10.2209936532221,78.9814941910257,NOISE
2026-04-17T10:03:41.892573,Map-Energy__sum__linear-conv00239-20241209_180047-20241210_000047-40.000000-45.000000.png,2024-12-09T18:00:47,2024-12-10T00:00:47,40.0,45.0,2024-12-09T21:00:47,42.5,10.2209936532221,78.9814941910257,NOISE,2024-12-09T21:00:47,42.5,10.2209936532221,78.9814941910257,NOISE,2024-12-09T21:00:47,42.5,10.2209936532221,78.9814941910257,NOISE,2024-12-09T21:00:47,42.5,10.2209936532221,78.9814941910257,NOISE
2026-04-17T10:03:42.428414,Map-Energy__sum__linear-conv00249-20241210_000047-20241210_060047-40.000000-45.000000.png,2024-12-10T00:00:47,2024-12-10T06:00:47,40.0,45.0,2024-12-10T03:00:47,42.5,10.2209936532221,78.9814941910257,NOISE,2024-12-10T03:00:47,42.5,10.2209936532221,78.9814941910257,NOISE,2024-12-10T03:00:47,42.5,10.2209936532221,78.9814941910257,NOISE,2024-12-10T03:00:47,42.5,10.2209936532221,78.9814941910257,NOISE
2026-04-17T10:03:42.852411,Map-Energy__sum__linear-conv00259-20241210_060047-20241210_120047-40.000000-45.000000.png,2024-12-10T06:00:47,2024-12-10T12:00:47,40.0,45.0,2024-12-10T09:00:47,42.5,10.2209936532221,78.9814941910257,NOISE,2024-12-10T09:00:47,42.5,10.2209936532221,78.9814941910257,NOISE,2024-12-10T09:00:47,42.5,10.2209936532221,78.9814941910257,NOISE,2024-12-10T09:00:47,42.5,10.2209936532221,78.9814941910257,NOISE
2026-04-17T10:03:43.224727,Map-Energy__sum__linear-conv00269-20241210_120047-20241210_180047-40.000000-45.000000.png,2024-12-10T12:00:47,2024-12-10T18:00:47,40.0,45.0,2024-12-10T15:00:47,42.5,10.2209936532221,78.9814941910257,NOISE,2024-12-10T15:00:47,42.5,10.2209936532221,78.9814941910257,NOISE,2024-12-10T15:00:47,42.5,10.2209936532221,78.9814941910257,NOISE,2024-12-10T15:00:47,42.5,10.2209936532221,78.9814941910257,NOISE
2026-04-17T10:03:44.524773,Map-Energy__sum__linear-conv00279-20241210_180047-20241211_000047-40.000000-45.000000.png,2024-12-10T18:00:47,2024-12-11T00:00:47,40.0,45.0,2024-12-10T21:00:47,42.5,10.2209936532221,78.9814941910257,NOISE,2024-12-10T21:00:47,42.5,10.2209936532221,78.9814941910257,NOISE,2024-12-10T21:00:47,42.5,10.2209936532221,78.9814941910257,NOISE,2024-12-10T21:00:47,42.5,10.2209936532221,78.9814941910257,NOISE
2026-04-17T10:03:45.364524,Map-Energy__sum__linear-conv00289-20241211_000047-20241211_060047-40.000000-45.000000.png,2024-12-11T00:00:47,2024-12-11T06:00:47,40.0,45.0,2024-12-11T03:00:47,42.5,10.2209936532221,78.9814941910257,NOISE,2024-12-11T03:00:47,42.5,10.2209936532221,78.9814941910257,NOISE,2024-12-11T03:00:47,42.5,10.2209936532221,78.9814941910257,NOISE,2024-12-11T03:00:47,42.5,10.2209936532221,78.9814941910257,NOISE
2026-04-17T10:03:46.252526,Map-Energy__sum__linear-conv00299-20241211_060047-20241211_120047-40.000000-45.000000.png,2024-12-11T06:00:47,2024-12-11T12:00:47,40.0,45.0,2024-12-11T09:00:47,42.5,10.2209936532221,78.9814941910257,NOISE,2024-12-11T09:00:47,42.5,10.2209936532221,78.9814941910257,NOISE,2024-12-11T09:00:47,42.5,10.2209936532221,78.9814941910257,NOISE,2024-12-11T09:00:47,42.5,10.2209936532221,78.9814941910257,NOISE
2026-04-17T10:03:47.052340,Map-Energy__sum__linear-conv00309-20241211_120047-20241211_180047-40.000000-45.000000.png,2024-12-11T12:00:47,2024-12-11T18:00:47,40.0,45.0,2024-12-11T15:00:47,42.5,10.2209936532221,78.9814941910257,NOISE,2024-12-11T15:00:47,42.5,10.2209936532221,78.9814941910257,NOISE,2024-12-11T15:00:47,42.5,10.2209936532221,78.9814941910257,NOISE,2024-12-11T15:00:47,42.5,10.2209936532221,78.9814941910257,NOISE
2026-04-17T10:03:47.740535,Map-Energy__sum__linear-conv00319-20241211_180047-20241212_000047-40.000000-45.000000.png,2024-12-11T18:00:47,2024-12-12T00:00:47,40.0,45.0,2024-12-11T21:00:47,42.5,10.2209936532221,78.9814941910257,NOISE,2024-12-11T21:00:47,42.5,10.2209936532221,78.9814941910257,NOISE,2024-12-11T21:00:47,42.5,10.2209936532221,78.9814941910257,NOISE,2024-12-11T21:00:47,42.5,10.2209936532221,78.9814941910257,NOISE
2026-04-17T10:03:48.452456,Map-Energy__sum__linear-conv00329-20241212_000047-20241212_060047-40.000000-45.000000.png,2024-12-12T00:00:47,2024-12-12T06:00:47,40.0,45.0,2024-12-12T03:00:47,42.5,10.2209936532221,78.9814941910257,NOISE,2024-12-12T03:00:47,42.5,10.2209936532221,78.9814941910257,NOISE,2024-12-12T03:00:47,42.5,10.2209936532221,78.9814941910257,NOISE,2024-12-12T03:00:47,42.5,10.2209936532221,78.9814941910257,NOISE
2026-04-17T10:03:49.156746,Map-Energy__sum__linear-conv00339-20241212_060047-20241212_120047-40.000000-45.000000.png,2024-12-12T06:00:47,2024-12-12T12:00:47,40.0,45.0,2024-12-12T09:00:47,42.5,10.2209936532221,78.9814941910257,NOISE,2024-12-12T09:00:47,42.5,10.2209936532221,78.9814941910257,NOISE,2024-12-12T09:00:47,42.5,10.2209936532221,78.9814941910257,NOISE,2024-12-12T09:00:47,42.5,10.2209936532221,78.9814941910257,NOISE
2026-04-17T10:03:49.916763,Map-Energy__sum__linear-conv00349-20241212_120047-20241212_180047-40.000000-45.000000.png,2024-12-12T12:00:47,2024-12-12T18:00:47,40.0,45.0,2024-12-12T15:00:47,42.5,10.2209936532221,78.9814941910257,NOISE,2024-12-12T15:00:47,42.5,10.2209936532221,78.9814941910257,NOISE,2024-12-12T15:00:47,42.5,10.2209936532221,78.9814941910257,NOISE,2024-12-12T15:00:47,42.5,10.2209936532221,78.9814941910257,NOISE
2026-04-17T10:03:50.588458,Map-Energy__sum__linear-conv00359-20241212_180047-20241213_000047-40.000000-45.000000.png,2024-12-12T18:00:47,2024-12-13T00:00:47,40.0,45.0,2024-12-12T21:00:47,42.5,10.2209936532221,78.9814941910257,NOISE,2024-12-12T21:00:47,42.5,10.2209936532221,78.9814941910257,NOISE,2024-12-12T21:00:47,42.5,10.2209936532221,78.9814941910257,NOISE,2024-12-12T21:00:47,42.5,10.2209936532221,78.9814941910257,NOISE
2026-04-17T10:03:51.220417,Map-Energy__sum__linear-conv00369-20241213_000047-20241213_060047-40.000000-45.000000.png,2024-12-13T00:00:47,2024-12-13T06:00:47,40.0,45.0,2024-12-13T03:00:47,42.5,10.2209936532221,78.9814941910257,NOISE,2024-12-13T03:00:47,42.5,10.2209936532221,78.9814941910257,NOISE,2024-12-13T03:00:47,42.5,10.2209936532221,78.9814941910257,NOISE,2024-12-13T03:00:47,42.5,10.2209936532221,78.9814941910257,NOISE
2026-04-17T10:03:51.804528,Map-Energy__sum__linear-conv00379-20241213_060047-20241213_120047-40.000000-45.000000.png,2024-12-13T06:00:47,2024-12-13T12:00:47,40.0,45.0,2024-12-13T09:00:47,42.5,10.2209936532221,78.9814941910257,NOISE,2024-12-13T09:00:47,42.5,10.2209936532221,78.9814941910257,NOISE,2024-12-13T09:00:47,42.5,10.2209936532221,78.9814941910257,NOISE,2024-12-13T09:00:47,42.5,10.2209936532221,78.9814941910257,NOISE
2026-04-17T10:03:52.429444,Map-Energy__sum__linear-conv00389-20241213_120047-20241213_180047-40.000000-45.000000.png,2024-12-13T12:00:47,2024-12-13T18:00:47,40.0,45.0,2024-12-13T15:00:47,42.5,10.2209936532221,78.9814941910257,NOISE,2024-12-13T15:00:47,42.5,10.2209936532221,78.9814941910257,NOISE,2024-12-13T15:00:47,42.5,10.2209936532221,78.9814941910257,NOISE,2024-12-13T15:00:47,42.5,10.2209936532221,78.9814941910257,NOISE
2026-04-17T10:03:53.948508,Map-Energy__sum__linear-conv00399-20241213_180047-20241214_000047-40.000000-45.000000.png,2024-12-13T18:00:47,2024-12-14T00:00:47,40.0,45.0,2024-12-13T21:00:47,42.5,10.2209936532221,78.9814941910257,NOISE,2024-12-13T21:00:47,42.5,10.2209936532221,78.9814941910257,NOISE,2024-12-13T21:00:47,42.5,10.2209936532221,78.9814941910257,NOISE,2024-12-13T21:00:47,42.5,10.2209936532221,78.9814941910257,NOISE
2026-04-17T10:03:55.268521,Map-Energy__sum__linear-conv00409-20241214_000047-20241214_060047-40.000000-45.000000.png,2024-12-14T00:00:47,2024-12-14T06:00:47,40.0,45.0,2024-12-14T03:00:47,42.5,10.2209936532221,78.9814941910257,NOISE,2024-12-14T03:00:47,42.5,10.2209936532221,78.9814941910257,NOISE,2024-12-14T03:00:47,42.5,10.2209936532221,78.9814941910257,NOISE,2024-12-14T03:00:47,42.5,10.2209936532221,78.9814941910257,NOISE
2026-04-17T10:03:56.524523,Map-Energy__sum__linear-conv00419-20241214_060047-20241214_120047-40.000000-45.000000.png,2024-12-14T06:00:47,2024-12-14T12:00:47,40.0,45.0,2024-12-14T09:00:47,42.5,10.2209936532221,78.9814941910257,NOISE,2024-12-14T09:00:47,42.5,10.2209936532221,78.9814941910257,NOISE,2024-12-14T09:00:47,42.5,10.2209936532221,78.9814941910257,NOISE,2024-12-14T09:00:47,42.5,10.2209936532221,78.9814941910257,NOISE
2026-04-17T10:03:57.460558,Map-Energy__sum__linear-conv00429-20241214_120047-20241214_180047-40.000000-45.000000.png,2024-12-14T12:00:47,2024-12-14T18:00:47,40.0,45.0,2024-12-14T15:00:47,42.5,10.2209936532221,78.9814941910257,NOISE,2024-12-14T15:00:47,42.5,10.2209936532221,78.9814941910257,NOISE,2024-12-14T15:00:47,42.5,10.2209936532221,78.9814941910257,NOISE,2024-12-14T15:00:47,42.5,10.2209936532221,78.9814941910257,NOISE
2026-04-17T10:03:58.476526,Map-Energy__sum__linear-conv00439-20241214_180047-20241215_000047-40.000000-45.000000.png,2024-12-14T18:00:47,2024-12-15T00:00:47,40.0,45.0,2024-12-14T21:00:47,42.5,10.2209936532221,78.9814941910257,NOISE,2024-12-14T21:00:47,42.5,10.2209936532221,78.9814941910257,NOISE,2024-12-14T21:00:47,42.5,10.2209936532221,78.9814941910257,NOISE,2024-12-14T21:00:47,42.5,10.2209936532221,78.9814941910257,NOISE
2026-04-17T10:03:59.740507,Map-Energy__sum__linear-conv00006-20241215_000047-20241215_060047-40.000000-45.000000.png,2024-12-15T00:00:47,2024-12-15T06:00:47,40.0,45.0,2024-12-15T03:00:47,42.5,10.2209936532221,78.9814941910257,NOISE,2024-12-15T03:00:47,42.5,10.2209936532221,78.9814941910257,NOISE,2024-12-15T03:00:47,42.5,10.2209936532221,78.9814941910257,NOISE,2024-12-15T03:00:47,42.5,10.2209936532221,78.9814941910257,NOISE
2026-04-17T10:04:00.740556,Map-Energy__sum__linear-conv00016-20241215_060047-20241215_120047-40.000000-45.000000.png,2024-12-15T06:00:47,2024-12-15T12:00:47,40.0,45.0,2024-12-15T09:00:47,42.5,10.2209936532221,78.9814941910257,NOISE,2024-12-15T09:00:47,42.5,10.2209936532221,78.9814941910257,NOISE,2024-12-15T09:00:47,42.5,10.2209936532221,78.9814941910257,NOISE,2024-12-15T09:00:47,42.5,10.2209936532221,78.9814941910257,NOISE
2026-04-17T10:04:01.716958,Map-Energy__sum__linear-conv00026-20241215_120047-20241215_180047-40.000000-45.000000.png,2024-12-15T12:00:47,2024-12-15T18:00:47,40.0,45.0,2024-12-15T15:00:47,42.5,10.2209936532221,78.9814941910257,NOISE,2024-12-15T15:00:47,42.5,10.2209936532221,78.9814941910257,NOISE,2024-12-15T15:00:47,42.5,10.2209936532221,78.9814941910257,NOISE,2024-12-15T15:00:47,42.5,10.2209936532221,78.9814941910257,NOISE
2026-04-17T10:04:02.732536,Map-Energy__sum__linear-conv00036-20241215_180047-20241216_000047-40.000000-45.000000.png,2024-12-15T18:00:47,2024-12-16T00:00:47,40.0,45.0,2024-12-15T21:00:47,42.5,10.2209936532221,78.9814941910257,NOISE,2024-12-15T21:00:47,42.5,10.2209936532221,78.9814941910257,NOISE,2024-12-15T21:00:47,42.5,10.2209936532221,78.9814941910257,NOISE,2024-12-15T21:00:47,42.5,10.2209936532221,78.9814941910257,NOISE
2026-04-17T10:04:03.814000,Map-Energy__sum__linear-conv00046-20241216_000047-20241216_060047-40.000000-45.000000.png,2024-12-16T00:00:47,2024-12-16T06:00:47,40.0,45.0,2024-12-16T03:00:47,42.5,10.2209936532221,78.9814941910257,NOISE,2024-12-16T03:00:47,42.5,10.2209936532221,78.9814941910257,NOISE,2024-12-16T03:00:47,42.5,10.2209936532221,78.9814941910257,NOISE,2024-12-16T03:00:47,42.5,10.2209936532221,78.9814941910257,NOISE
2026-04-17T10:04:05.116450,Map-Energy__sum__linear-conv00056-20241216_060047-20241216_120047-40.000000-45.000000.png,2024-12-16T06:00:47,2024-12-16T12:00:47,40.0,45.0,2024-12-16T09:00:47,42.5,10.2209936532221,78.9814941910257,NOISE,2024-12-16T09:00:47,42.5,10.2209936532221,78.9814941910257,NOISE,2024-12-16T09:00:47,42.5,10.2209936532221,78.9814941910257,NOISE,2024-12-16T09:00:47,42.5,10.2209936532221,78.9814941910257,NOISE
2026-04-17T10:04:06.204466,Map-Energy__sum__linear-conv00066-20241216_120047-20241216_180047-40.000000-45.000000.png,2024-12-16T12:00:47,2024-12-16T18:00:47,40.0,45.0,2024-12-16T15:00:47,42.5,10.2209936532221,78.9814941910257,NOISE,2024-12-16T15:00:47,42.5,10.2209936532221,78.9814941910257,NOISE,2024-12-16T15:00:47,42.5,10.2209936532221,78.9814941910257,NOISE,2024-12-16T15:00:47,42.5,10.2209936532221,78.9814941910257,NOISE
2026-04-17T10:04:07.220589,Map-Energy__sum__linear-conv00076-20241216_180047-20241217_000047-40.000000-45.000000.png,2024-12-16T18:00:47,2024-12-17T00:00:47,40.0,45.0,2024-12-16T21:00:47,42.5,10.2209936532221,78.9814941910257,NOISE,2024-12-16T21:00:47,42.5,10.2209936532221,78.9814941910257,NOISE,2024-12-16T21:00:47,42.5,10.2209936532221,78.9814941910257,NOISE,2024-12-16T21:00:47,42.5,10.2209936532221,78.9814941910257,NOISE
2026-04-17T10:04:08.100387,Map-Energy__sum__linear-conv00086-20241217_000047-20241217_060047-40.000000-45.000000.png,2024-12-17T00:00:47,2024-12-17T06:00:47,40.0,45.0,2024-12-17T03:00:47,42.5,10.2209936532221,78.9814941910257,NOISE,2024-12-17T03:00:47,42.5,10.2209936532221,78.9814941910257,NOISE,2024-12-17T03:00:47,42.5,10.2209936532221,78.9814941910257,NOISE,2024-12-17T03:00:47,42.5,10.2209936532221,78.9814941910257,NOISE
2026-04-17T10:04:09.061294,Map-Energy__sum__linear-conv00096-20241217_060047-20241217_120047-40.000000-45.000000.png,2024-12-17T06:00:47,2024-12-17T12:00:47,40.0,45.0,2024-12-17T09:00:47,42.5,10.2209936532221,78.9814941910257,NOISE,2024-12-17T09:00:47,42.5,10.2209936532221,78.9814941910257,NOISE,2024-12-17T09:00:47,42.5,10.2209936532221,78.9814941910257,NOISE,2024-12-17T09:00:47,42.5,10.2209936532221,78.9814941910257,NOISE
2026-04-17T10:04:09.908530,Map-Energy__sum__linear-conv00106-20241217_120047-20241217_180047-40.000000-45.000000.png,2024-12-17T12:00:47,2024-12-17T18:00:47,40.0,45.0,2024-12-17T15:00:47,42.5,10.2209936532221,78.9814941910257,NOISE,2024-12-17T15:00:47,42.5,10.2209936532221,78.9814941910257,NOISE,2024-12-17T15:00:47,42.5,10.2209936532221,78.9814941910257,NOISE,2024-12-17T15:00:47,42.5,10.2209936532221,78.9814941910257,NOISE
2026-04-17T10:04:10.996824,Map-Energy__sum__linear-conv00116-20241217_180047-20241218_000047-40.000000-45.000000.png,2024-12-17T18:00:47,2024-12-18T00:00:47,40.0,45.0,2024-12-17T21:00:47,42.5,10.2209936532221,78.9814941910257,NOISE,2024-12-17T21:00:47,42.5,10.2209936532221,78.9814941910257,NOISE,2024-12-17T21:00:47,42.5,10.2209936532221,78.9814941910257,NOISE,2024-12-17T21:00:47,42.5,10.2209936532221,78.9814941910257,NOISE
2026-04-17T10:04:12.188679,Map-Energy__sum__linear-conv00126-20241218_000047-20241218_060047-40.000000-45.000000.png,2024-12-18T00:00:47,2024-12-18T06:00:47,40.0,45.0,2024-12-18T03:00:47,42.5,10.2209936532221,78.9814941910257,NOISE,2024-12-18T03:00:47,42.5,10.2209936532221,78.9814941910257,NOISE,2024-12-18T03:00:47,42.5,10.2209936532221,78.9814941910257,NOISE,2024-12-18T03:00:47,42.5,10.2209936532221,78.9814941910257,NOISE
2026-04-17T10:04:13.052561,Map-Energy__sum__linear-conv00136-20241218_060047-20241218_120047-40.000000-45.000000.png,2024-12-18T06:00:47,2024-12-18T12:00:47,40.0,45.0,2024-12-18T09:00:47,42.5,10.2209936532221,78.9814941910257,NOISE,2024-12-18T09:00:47,42.5,10.2209936532221,78.9814941910257,NOISE,2024-12-18T09:00:47,42.5,10.2209936532221,78.9814941910257,NOISE,2024-12-18T09:00:47,42.5,10.2209936532221,78.9814941910257,NOISE
2026-04-17T10:04:13.892619,Map-Energy__sum__linear-conv00146-20241218_120047-20241218_180047-40.000000-45.000000.png,2024-12-18T12:00:47,2024-12-18T18:00:47,40.0,45.0,2024-12-18T15:00:47,42.5,10.2209936532221,78.9814941910257,NOISE,2024-12-18T15:00:47,42.5,10.2209936532221,78.9814941910257,NOISE,2024-12-18T15:00:47,42.5,10.2209936532221,78.9814941910257,NOISE,2024-12-18T15:00:47,42.5,10.2209936532221,78.9814941910257,NOISE
2026-04-17T10:04:14.653139,Map-Energy__sum__linear-conv00156-20241218_180047-20241219_000047-40.000000-45.000000.png,2024-12-18T18:00:47,2024-12-19T00:00:47,40.0,45.0,2024-12-18T21:00:47,42.5,10.2209936532221,78.9814941910257,NOISE,2024-12-18T21:00:47,42.5,10.2209936532221,78.9814941910257,NOISE,2024-12-18T21:00:47,42.5,10.2209936532221,78.9814941910257,NOISE,2024-12-18T21:00:47,42.5,10.2209936532221,78.9814941910257,NOISE
2026-04-17T10:04:15.381341,Map-Energy__sum__linear-conv00166-20241219_000047-20241219_060047-40.000000-45.000000.png,2024-12-19T00:00:47,2024-12-19T06:00:47,40.0,45.0,2024-12-19T03:00:47,42.5,10.2209936532221,78.9814941910257,NOISE,2024-12-19T03:00:47,42.5,10.2209936532221,78.9814941910257,NOISE,2024-12-19T03:00:47,42.5,10.2209936532221,78.9814941910257,NOISE,2024-12-19T03:00:47,42.5,10.2209936532221,78.9814941910257,NOISE
2026-04-17T10:04:16.388570,Map-Energy__sum__linear-conv00176-20241219_060047-20241219_120047-40.000000-45.000000.png,2024-12-19T06:00:47,2024-12-19T12:00:47,40.0,45.0,2024-12-19T09:00:47,42.5,10.2209936532221,78.9814941910257,NOISE,2024-12-19T09:00:47,42.5,10.2209936532221,78.9814941910257,NOISE,2024-12-19T09:00:47,42.5,10.2209936532221,78.9814941910257,NOISE,2024-12-19T09:00:47,42.5,10.2209936532221,78.9814941910257,NOISE
2026-04-17T10:04:17.164530,Map-Energy__sum__linear-conv00186-20241219_120047-20241219_180047-40.000000-45.000000.png,2024-12-19T12:00:47,2024-12-19T18:00:47,40.0,45.0,2024-12-19T15:00:47,42.5,10.2209936532221,78.9814941910257,NOISE,2024-12-19T15:00:47,42.5,10.2209936532221,78.9814941910257,NOISE,2024-12-19T15:00:47,42.5,10.2209936532221,78.9814941910257,NOISE,2024-12-19T15:00:47,42.5,10.2209936532221,78.9814941910257,NOISE
2026-04-17T10:04:18.284383,Map-Energy__sum__linear-conv00196-20241219_180047-20241220_000047-40.000000-45.000000.png,2024-12-19T18:00:47,2024-12-20T00:00:47,40.0,45.0,2024-12-19T21:00:47,42.5,10.2209936532221,78.9814941910257,NOISE,2024-12-19T21:00:47,42.5,10.2209936532221,78.9814941910257,NOISE,2024-12-19T21:00:47,42.5,10.2209936532221,78.9814941910257,NOISE,2024-12-19T21:00:47,42.5,10.2209936532221,78.9814941910257,NOISE
2026-04-17T10:04:19.613021,Map-Energy__sum__linear-conv00206-20241220_000047-20241220_060047-40.000000-45.000000.png,2024-12-20T00:00:47,2024-12-20T06:00:47,40.0,45.0,2024-12-20T03:00:47,42.5,10.2209936532221,78.9814941910257,NOISE,2024-12-20T03:00:47,42.5,10.2209936532221,78.9814941910257,NOISE,2024-12-20T03:00:47,42.5,10.2209936532221,78.9814941910257,NOISE,2024-12-20T03:00:47,42.5,10.2209936532221,78.9814941910257,NOISE
2026-04-17T10:04:20.524585,Map-Energy__sum__linear-conv00216-20241220_060047-20241220_120047-40.000000-45.000000.png,2024-12-20T06:00:47,2024-12-20T12:00:47,40.0,45.0,2024-12-20T09:00:47,42.5,10.2209936532221,78.9814941910257,NOISE,2024-12-20T09:00:47,42.5,10.2209936532221,78.9814941910257,NOISE,2024-12-20T09:00:47,42.5,10.2209936532221,78.9814941910257,NOISE,2024-12-20T09:00:47,42.5,10.2209936532221,78.9814941910257,NOISE
2026-04-17T10:04:21.252312,Map-Energy__sum__linear-conv00226-20241220_120047-20241220_180047-40.000000-45.000000.png,2024-12-20T12:00:47,2024-12-20T18:00:47,40.0,45.0,2024-12-20T15:00:47,42.5,10.2209936532221,78.9814941910257,NOISE,2024-12-20T15:00:47,42.5,10.2209936532221,78.9814941910257,NOISE,2024-12-20T15:00:47,42.5,10.2209936532221,78.9814941910257,NOISE,2024-12-20T15:00:47,42.5,10.2209936532221,78.9814941910257,NOISE
2026-04-17T10:04:22.036459,Map-Energy__sum__linear-conv00236-20241220_180047-20241221_000047-40.000000-45.000000.png,2024-12-20T18:00:47,2024-12-21T00:00:47,40.0,45.0,2024-12-20T21:00:47,42.5,10.2209936532221,78.9814941910257,NOISE,2024-12-20T21:00:47,42.5,10.2209936532221,78.9814941910257,NOISE,2024-12-20T21:00:47,42.5,10.2209936532221,78.9814941910257,NOISE,2024-12-20T21:00:47,42.5,10.2209936532221,78.9814941910257,NOISE
2026-04-17T10:04:22.716523,Map-Energy__sum__linear-conv00246-20241221_000047-20241221_060047-40.000000-45.000000.png,2024-12-21T00:00:47,2024-12-21T06:00:47,40.0,45.0,2024-12-21T03:00:47,42.5,10.2209936532221,78.9814941910257,NOISE,2024-12-21T03:00:47,42.5,10.2209936532221,78.9814941910257,NOISE,2024-12-21T03:00:47,42.5,10.2209936532221,78.9814941910257,NOISE,2024-12-21T03:00:47,42.5,10.2209936532221,78.9814941910257,NOISE
2026-04-17T10:04:23.436563,Map-Energy__sum__linear-conv00256-20241221_060047-20241221_120047-40.000000-45.000000.png,2024-12-21T06:00:47,2024-12-21T12:00:47,40.0,45.0,2024-12-21T09:00:47,42.5,10.2209936532221,78.9814941910257,NOISE,2024-12-21T09:00:47,42.5,10.2209936532221,78.9814941910257,NOISE,2024-12-21T09:00:47,42.5,10.2209936532221,78.9814941910257,NOISE,2024-12-21T09:00:47,42.5,10.2209936532221,78.9814941910257,NOISE
2026-04-17T10:04:24.148515,Map-Energy__sum__linear-conv00266-20241221_120047-20241221_180047-40.000000-45.000000.png,2024-12-21T12:00:47,2024-12-21T18:00:47,40.0,45.0,2024-12-21T15:00:47,42.5,10.2209936532221,78.9814941910257,NOISE,2024-12-21T15:00:47,42.5,10.2209936532221,78.9814941910257,NOISE,2024-12-21T15:00:47,42.5,10.2209936532221,78.9814941910257,NOISE,2024-12-21T15:00:47,42.5,10.2209936532221,78.9814941910257,NOISE
2026-04-17T10:04:25.124505,Map-Energy__sum__linear-conv00276-20241221_180047-20241222_000047-40.000000-45.000000.png,2024-12-21T18:00:47,2024-12-22T00:00:47,40.0,45.0,2024-12-21T21:00:47,42.5,10.2209936532221,78.9814941910257,NOISE,2024-12-21T21:00:47,42.5,10.2209936532221,78.9814941910257,NOISE,2024-12-21T21:00:47,42.5,10.2209936532221,78.9814941910257,NOISE,2024-12-21T21:00:47,42.5,10.2209936532221,78.9814941910257,NOISE
2026-04-17T10:04:25.980609,Map-Energy__sum__linear-conv00286-20241222_000047-20241222_060047-40.000000-45.000000.png,2024-12-22T00:00:47,2024-12-22T06:00:47,40.0,45.0,2024-12-22T03:00:47,42.5,10.2209936532221,78.9814941910257,NOISE,2024-12-22T03:00:47,42.5,10.2209936532221,78.9814941910257,NOISE,2024-12-22T03:00:47,42.5,10.2209936532221,78.9814941910257,NOISE,2024-12-22T03:00:47,42.5,10.2209936532221,78.9814941910257,NOISE
2026-04-17T10:04:26.828192,Map-Energy__sum__linear-conv00296-20241222_060047-20241222_120047-40.000000-45.000000.png,2024-12-22T06:00:47,2024-12-22T12:00:47,40.0,45.0,2024-12-22T09:00:47,42.5,10.2209936532221,78.9814941910257,NOISE,2024-12-22T09:00:47,42.5,10.2209936532221,78.9814941910257,NOISE,2024-12-22T09:00:47,42.5,10.2209936532221,78.9814941910257,NOISE,2024-12-22T09:00:47,42.5,10.2209936532221,78.9814941910257,NOISE
2026-04-17T10:04:28.005296,Map-Energy__sum__linear-conv00306-20241222_120047-20241222_180047-40.000000-45.000000.png,2024-12-22T12:00:47,2024-12-22T18:00:47,40.0,45.0,2024-12-22T15:00:47,42.5,10.2209936532221,78.9814941910257,NOISE,2024-12-22T15:00:47,42.5,10.2209936532221,78.9814941910257,NOISE,2024-12-22T15:00:47,42.5,10.2209936532221,78.9814941910257,NOISE,2024-12-22T15:00:47,42.5,10.2209936532221,78.9814941910257,NOISE
2026-04-17T10:04:28.981254,Map-Energy__sum__linear-conv00316-20241222_180047-20241223_000047-40.000000-45.000000.png,2024-12-22T18:00:47,2024-12-23T00:00:47,40.0,45.0,2024-12-22T21:00:47,42.5,10.2209936532221,78.9814941910257,NOISE,2024-12-22T21:00:47,42.5,10.2209936532221,78.9814941910257,NOISE,2024-12-22T21:00:47,42.5,10.2209936532221,78.9814941910257,NOISE,2024-12-22T21:00:47,42.5,10.2209936532221,78.9814941910257,NOISE
2026-04-17T10:04:29.908517,Map-Energy__sum__linear-conv00326-20241223_000047-20241223_060047-40.000000-45.000000.png,2024-12-23T00:00:47,2024-12-23T06:00:47,40.0,45.0,2024-12-23T03:00:47,42.5,10.2209936532221,78.9814941910257,NOISE,2024-12-23T03:00:47,42.5,10.2209936532221,78.9814941910257,NOISE,2024-12-23T03:00:47,42.5,10.2209936532221,78.9814941910257,NOISE,2024-12-23T03:00:47,42.5,10.2209936532221,78.9814941910257,NOISE
2026-04-17T10:04:30.780697,Map-Energy__sum__linear-conv00009-20241223_060047-20241223_120047-40.000000-45.000000.png,2024-12-23T06:00:47,2024-12-23T12:00:47,40.0,45.0,2024-12-23T09:00:47,42.5,10.2209936532221,78.9814941910257,NOISE,2024-12-23T09:00:47,42.5,10.2209936532221,78.9814941910257,NOISE,2024-12-23T09:00:47,42.5,10.2209936532221,78.9814941910257,NOISE,2024-12-23T09:00:47,42.5,10.2209936532221,78.9814941910257,NOISE
2026-04-17T10:04:31.540436,Map-Energy__sum__linear-conv00019-20241223_120047-20241223_180047-40.000000-45.000000.png,2024-12-23T12:00:47,2024-12-23T18:00:47,40.0,45.0,2024-12-23T15:00:47,42.5,10.2209936532221,78.9814941910257,NOISE,2024-12-23T15:00:47,42.5,10.2209936532221,78.9814941910257,NOISE,2024-12-23T15:00:47,42.5,10.2209936532221,78.9814941910257,NOISE,2024-12-23T15:00:47,42.5,10.2209936532221,78.9814941910257,NOISE
2026-04-17T10:04:32.332568,Map-Energy__sum__linear-conv00029-20241223_180047-20241224_000047-40.000000-45.000000.png,2024-12-23T18:00:47,2024-12-24T00:00:47,40.0,45.0,2024-12-23T21:00:47,42.5,10.2209936532221,78.9814941910257,NOISE,2024-12-23T21:00:47,42.5,10.2209936532221,78.9814941910257,NOISE,2024-12-23T21:00:47,42.5,10.2209936532221,78.9814941910257,NOISE,2024-12-23T21:00:47,42.5,10.2209936532221,78.9814941910257,NOISE
2026-04-17T10:04:33.052571,Map-Energy__sum__linear-conv00039-20241224_000047-20241224_060047-40.000000-45.000000.png,2024-12-24T00:00:47,2024-12-24T06:00:47,40.0,45.0,2024-12-24T03:00:47,42.5,10.2209936532221,78.9814941910257,NOISE,2024-12-24T03:00:47,42.5,10.2209936532221,78.9814941910257,NOISE,2024-12-24T03:00:47,42.5,10.2209936532221,78.9814941910257,NOISE,2024-12-24T03:00:47,42.5,10.2209936532221,78.9814941910257,NOISE
2026-04-17T10:04:38.324493,Map-Energy__sum__linear-conv00049-20241224_060047-20241224_120047-40.000000-45.000000.png,2024-12-24T06:00:47,2024-12-24T12:00:47,40.0,45.0,2024-12-24T09:00:47,42.5,10.2209936532221,78.9814941910257,NOISE,2024-12-24T09:00:47,42.5,10.2209936532221,78.9814941910257,NOISE,2024-12-24T09:00:47,42.5,10.2209936532221,78.9814941910257,NOISE,2024-12-24T09:00:47,42.5,10.2209936532221,78.9814941910257,NOISE
2026-04-17T10:04:52.068425,Map-Energy__sum__linear-conv00059-20241224_120047-20241224_180047-40.000000-45.000000.png,2024-12-24T12:00:47,2024-12-24T18:00:47,40.0,45.0,2024-12-24T14:33:08,41.363831,10.2703429986979,78.9853950952481,SEISMIC,2024-12-24T13:00:39,40.632325,10.3021215193963,78.9878176804716,VESSEL,2024-12-24T15:00:47,42.5,10.2209936532221,78.9814941910257,NOISE,2024-12-24T15:00:47,42.5,10.2209936532221,78.9814941910257,NOISE
2026-04-17T10:04:54.276494,Map-Energy__sum__linear-conv00069-20241224_180047-20241225_000047-40.000000-45.000000.png,2024-12-24T18:00:47,2024-12-25T00:00:47,40.0,45.0,2024-12-24T21:00:47,42.5,10.2209936532221,78.9814941910257,NOISE,2024-12-24T21:00:47,42.5,10.2209936532221,78.9814941910257,NOISE,2024-12-24T21:00:47,42.5,10.2209936532221,78.9814941910257,NOISE,2024-12-24T21:00:47,42.5,10.2209936532221,78.9814941910257,NOISE
2026-04-17T10:04:59.700629,Map-Energy__sum__linear-conv00079-20241225_000047-20241225_060047-40.000000-45.000000.png,2024-12-25T00:00:47,2024-12-25T06:00:47,40.0,45.0,2024-12-25T03:00:47,42.5,10.2209936532221,78.9814941910257,OTHER,2024-12-25T03:00:47,42.5,10.2209936532221,78.9814941910257,NOISE,2024-12-25T03:00:47,42.5,10.2209936532221,78.9814941910257,NOISE,2024-12-25T03:00:47,42.5,10.2209936532221,78.9814941910257,NOISE
2026-04-17T10:05:01.100721,Map-Energy__sum__linear-conv00089-20241225_060047-20241225_120047-40.000000-45.000000.png,2024-12-25T06:00:47,2024-12-25T12:00:47,40.0,45.0,2024-12-25T09:00:47,42.5,10.2209936532221,78.9814941910257,NOISE,2024-12-25T09:00:47,42.5,10.2209936532221,78.9814941910257,NOISE,2024-12-25T09:00:47,42.5,10.2209936532221,78.9814941910257,NOISE,2024-12-25T09:00:47,42.5,10.2209936532221,78.9814941910257,NOISE
2026-04-17T10:05:02.484647,Map-Energy__sum__linear-conv00099-20241225_120047-20241225_180047-40.000000-45.000000.png,2024-12-25T12:00:47,2024-12-25T18:00:47,40.0,45.0,2024-12-25T15:00:47,42.5,10.2209936532221,78.9814941910257,NOISE,2024-12-25T15:00:47,42.5,10.2209936532221,78.9814941910257,NOISE,2024-12-25T15:00:47,42.5,10.2209936532221,78.9814941910257,NOISE,2024-12-25T15:00:47,42.5,10.2209936532221,78.9814941910257,NOISE
2026-04-17T10:05:44.116386,Map-Energy__sum__linear-conv00109-20241225_180047-20241226_000047-40.000000-45.000000.png,2024-12-25T18:00:47,2024-12-26T00:00:47,40.0,45.0,2024-12-25T21:00:47,42.5,10.2209936532221,78.9814941910257,NOISE,2024-12-25T21:00:47,42.5,10.2209936532221,78.9814941910257,NOISE,2024-12-25T21:00:47,42.5,10.2209936532221,78.9814941910257,NOISE,2024-12-25T21:00:47,42.5,10.2209936532221,78.9814941910257,NOISE
2026-04-17T10:05:45.268435,Map-Energy__sum__linear-conv00119-20241226_000047-20241226_060047-40.000000-45.000000.png,2024-12-26T00:00:47,2024-12-26T06:00:47,40.0,45.0,2024-12-26T03:00:47,42.5,10.2209936532221,78.9814941910257,NOISE,2024-12-26T03:00:47,42.5,10.2209936532221,78.9814941910257,NOISE,2024-12-26T03:00:47,42.5,10.2209936532221,78.9814941910257,NOISE,2024-12-26T03:00:47,42.5,10.2209936532221,78.9814941910257,NOISE
2026-04-17T10:05:46.500265,Map-Energy__sum__linear-conv00129-20241226_060047-20241226_120047-40.000000-45.000000.png,2024-12-26T06:00:47,2024-12-26T12:00:47,40.0,45.0,2024-12-26T09:00:47,42.5,10.2209936532221,78.9814941910257,NOISE,2024-12-26T09:00:47,42.5,10.2209936532221,78.9814941910257,NOISE,2024-12-26T09:00:47,42.5,10.2209936532221,78.9814941910257,NOISE,2024-12-26T09:00:47,42.5,10.2209936532221,78.9814941910257,NOISE
2026-04-17T10:05:47.996535,Map-Energy__sum__linear-conv00139-20241226_120047-20241226_180047-40.000000-45.000000.png,2024-12-26T12:00:47,2024-12-26T18:00:47,40.0,45.0,2024-12-26T15:00:47,42.5,10.2209936532221,78.9814941910257,NOISE,2024-12-26T15:00:47,42.5,10.2209936532221,78.9814941910257,NOISE,2024-12-26T15:00:47,42.5,10.2209936532221,78.9814941910257,NOISE,2024-12-26T15:00:47,42.5,10.2209936532221,78.9814941910257,NOISE
2026-04-17T10:05:52.132437,Map-Energy__sum__linear-conv00149-20241226_180047-20241227_000047-40.000000-45.000000.png,2024-12-26T18:00:47,2024-12-27T00:00:47,40.0,45.0,2024-12-26T21:00:47,42.5,10.2209936532221,78.9814941910257,OTHER,2024-12-26T21:00:47,42.5,10.2209936532221,78.9814941910257,NOISE,2024-12-26T21:00:47,42.5,10.2209936532221,78.9814941910257,NOISE,2024-12-26T21:00:47,42.5,10.2209936532221,78.9814941910257,NOISE
2026-04-17T10:05:57.356422,Map-Energy__sum__linear-conv00159-20241227_000047-20241227_060047-40.000000-45.000000.png,2024-12-27T00:00:47,2024-12-27T06:00:47,40.0,45.0,2024-12-27T03:00:47,42.5,10.2209936532221,78.9814941910257,OTHER,2024-12-27T03:00:47,42.5,10.2209936532221,78.9814941910257,NOISE,2024-12-27T03:00:47,42.5,10.2209936532221,78.9814941910257,NOISE,2024-12-27T03:00:47,42.5,10.2209936532221,78.9814941910257,NOISE
2026-04-17T10:05:59.412579,Map-Energy__sum__linear-conv00169-20241227_060047-20241227_120047-40.000000-45.000000.png,2024-12-27T06:00:47,2024-12-27T12:00:47,40.0,45.0,2024-12-27T09:00:47,42.5,10.2209936532221,78.9814941910257,NOISE,2024-12-27T09:00:47,42.5,10.2209936532221,78.9814941910257,NOISE,2024-12-27T09:00:47,42.5,10.2209936532221,78.9814941910257,NOISE,2024-12-27T09:00:47,42.5,10.2209936532221,78.9814941910257,NOISE
2026-04-17T10:06:03.268511,Map-Energy__sum__linear-conv00179-20241227_120047-20241227_180047-40.000000-45.000000.png,2024-12-27T12:00:47,2024-12-27T18:00:47,40.0,45.0,2024-12-27T15:00:47,42.5,10.2209936532221,78.9814941910257,OTHER,2024-12-27T15:00:47,42.5,10.2209936532221,78.9814941910257,NOISE,2024-12-27T15:00:47,42.5,10.2209936532221,78.9814941910257,NOISE,2024-12-27T15:00:47,42.5,10.2209936532221,78.9814941910257,NOISE
2026-04-17T10:06:06.340535,Map-Energy__sum__linear-conv00189-20241227_180047-20241228_000047-40.000000-45.000000.png,2024-12-27T18:00:47,2024-12-28T00:00:47,40.0,45.0,2024-12-27T21:00:47,42.5,10.2209936532221,78.9814941910257,OTHER,2024-12-27T21:00:47,42.5,10.2209936532221,78.9814941910257,NOISE,2024-12-27T21:00:47,42.5,10.2209936532221,78.9814941910257,NOISE,2024-12-27T21:00:47,42.5,10.2209936532221,78.9814941910257,NOISE
2026-04-17T10:06:07.796469,Map-Energy__sum__linear-conv00199-20241228_000047-20241228_060047-40.000000-45.000000.png,2024-12-28T00:00:47,2024-12-28T06:00:47,40.0,45.0,2024-12-28T03:00:47,42.5,10.2209936532221,78.9814941910257,NOISE,2024-12-28T03:00:47,42.5,10.2209936532221,78.9814941910257,NOISE,2024-12-28T03:00:47,42.5,10.2209936532221,78.9814941910257,NOISE,2024-12-28T03:00:47,42.5,10.2209936532221,78.9814941910257,NOISE
2026-04-17T10:06:09.645327,Map-Energy__sum__linear-conv00209-20241228_060047-20241228_120047-40.000000-45.000000.png,2024-12-28T06:00:47,2024-12-28T12:00:47,40.0,45.0,2024-12-28T09:00:47,42.5,10.2209936532221,78.9814941910257,NOISE,2024-12-28T09:00:47,42.5,10.2209936532221,78.9814941910257,NOISE,2024-12-28T09:00:47,42.5,10.2209936532221,78.9814941910257,NOISE,2024-12-28T09:00:47,42.5,10.2209936532221,78.9814941910257,NOISE
2026-04-17T10:06:10.900140,Map-Energy__sum__linear-conv00219-20241228_120047-20241228_180047-40.000000-45.000000.png,2024-12-28T12:00:47,2024-12-28T18:00:47,40.0,45.0,2024-12-28T15:00:47,42.5,10.2209936532221,78.9814941910257,NOISE,2024-12-28T15:00:47,42.5,10.2209936532221,78.9814941910257,NOISE,2024-12-28T15:00:47,42.5,10.2209936532221,78.9814941910257,NOISE,2024-12-28T15:00:47,42.5,10.2209936532221,78.9814941910257,NOISE
2026-04-17T10:06:12.012252,Map-Energy__sum__linear-conv00229-20241228_180047-20241229_000047-40.000000-45.000000.png,2024-12-28T18:00:47,2024-12-29T00:00:47,40.0,45.0,2024-12-28T21:00:47,42.5,10.2209936532221,78.9814941910257,NOISE,2024-12-28T21:00:47,42.5,10.2209936532221,78.9814941910257,NOISE,2024-12-28T21:00:47,42.5,10.2209936532221,78.9814941910257,NOISE,2024-12-28T21:00:47,42.5,10.2209936532221,78.9814941910257,NOISE
2026-04-17T10:06:13.132720,Map-Energy__sum__linear-conv00239-20241229_000047-20241229_060047-40.000000-45.000000.png,2024-12-29T00:00:47,2024-12-29T06:00:47,40.0,45.0,2024-12-29T03:00:47,42.5,10.2209936532221,78.9814941910257,NOISE,2024-12-29T03:00:47,42.5,10.2209936532221,78.9814941910257,NOISE,2024-12-29T03:00:47,42.5,10.2209936532221,78.9814941910257,NOISE,2024-12-29T03:00:47,42.5,10.2209936532221,78.9814941910257,NOISE
2026-04-17T10:06:14.252476,Map-Energy__sum__linear-conv00249-20241229_060047-20241229_120047-40.000000-45.000000.png,2024-12-29T06:00:47,2024-12-29T12:00:47,40.0,45.0,2024-12-29T09:00:47,42.5,10.2209936532221,78.9814941910257,NOISE,2024-12-29T09:00:47,42.5,10.2209936532221,78.9814941910257,NOISE,2024-12-29T09:00:47,42.5,10.2209936532221,78.9814941910257,NOISE,2024-12-29T09:00:47,42.5,10.2209936532221,78.9814941910257,NOISE
2026-04-17T10:06:15.460487,Map-Energy__sum__linear-conv00259-20241229_120047-20241229_180047-40.000000-45.000000.png,2024-12-29T12:00:47,2024-12-29T18:00:47,40.0,45.0,2024-12-29T15:00:47,42.5,10.2209936532221,78.9814941910257,NOISE,2024-12-29T15:00:47,42.5,10.2209936532221,78.9814941910257,NOISE,2024-12-29T15:00:47,42.5,10.2209936532221,78.9814941910257,NOISE,2024-12-29T15:00:47,42.5,10.2209936532221,78.9814941910257,NOISE
2026-04-17T10:06:16.524376,Map-Energy__sum__linear-conv00269-20241229_180047-20241230_000047-40.000000-45.000000.png,2024-12-29T18:00:47,2024-12-30T00:00:47,40.0,45.0,2024-12-29T21:00:47,42.5,10.2209936532221,78.9814941910257,NOISE,2024-12-29T21:00:47,42.5,10.2209936532221,78.9814941910257,NOISE,2024-12-29T21:00:47,42.5,10.2209936532221,78.9814941910257,NOISE,2024-12-29T21:00:47,42.5,10.2209936532221,78.9814941910257,NOISE
2026-04-17T10:06:17.772520,Map-Energy__sum__linear-conv00279-20241230_000047-20241230_060047-40.000000-45.000000.png,2024-12-30T00:00:47,2024-12-30T06:00:47,40.0,45.0,2024-12-30T03:00:47,42.5,10.2209936532221,78.9814941910257,NOISE,2024-12-30T03:00:47,42.5,10.2209936532221,78.9814941910257,NOISE,2024-12-30T03:00:47,42.5,10.2209936532221,78.9814941910257,NOISE,2024-12-30T03:00:47,42.5,10.2209936532221,78.9814941910257,NOISE
2026-04-17T10:06:26.100447,Map-Energy__sum__linear-conv00289-20241230_060047-20241230_120047-40.000000-45.000000.png,2024-12-30T06:00:47,2024-12-30T12:00:47,40.0,45.0,2024-12-30T10:06:34,44.429931,10.1378846107328,78.9747111351117,OTHER,2024-12-30T09:00:47,42.5,10.2209936532221,78.9814941910257,NOISE,2024-12-30T09:00:47,42.5,10.2209936532221,78.9814941910257,NOISE,2024-12-30T09:00:47,42.5,10.2209936532221,78.9814941910257,NOISE
2026-04-17T10:06:27.660440,Map-Energy__sum__linear-conv00299-20241230_120047-20241230_180047-40.000000-45.000000.png,2024-12-30T12:00:47,2024-12-30T18:00:47,40.0,45.0,2024-12-30T15:00:47,42.5,10.2209936532221,78.9814941910257,NOISE,2024-12-30T15:00:47,42.5,10.2209936532221,78.9814941910257,NOISE,2024-12-30T15:00:47,42.5,10.2209936532221,78.9814941910257,NOISE,2024-12-30T15:00:47,42.5,10.2209936532221,78.9814941910257,NOISE
2026-04-17T10:06:30.172329,Map-Energy__sum__linear-conv00309-20241230_180047-20241231_000047-40.000000-45.000000.png,2024-12-30T18:00:47,2024-12-31T00:00:47,40.0,45.0,2024-12-30T21:00:47,42.5,10.2209936532221,78.9814941910257,NOISE,2024-12-30T21:00:47,42.5,10.2209936532221,78.9814941910257,NOISE,2024-12-30T21:00:47,42.5,10.2209936532221,78.9814941910257,NOISE,2024-12-30T21:00:47,42.5,10.2209936532221,78.9814941910257,NOISE
2026-04-17T10:06:31.372376,Map-Energy__sum__linear-conv00319-20241231_000047-20241231_060047-40.000000-45.000000.png,2024-12-31T00:00:47,2024-12-31T06:00:47,40.0,45.0,2024-12-31T03:00:47,42.5,10.2209936532221,78.9814941910257,NOISE,2024-12-31T03:00:47,42.5,10.2209936532221,78.9814941910257,NOISE,2024-12-31T03:00:47,42.5,10.2209936532221,78.9814941910257,NOISE,2024-12-31T03:00:47,42.5,10.2209936532221,78.9814941910257,NOISE
2026-04-17T10:06:32.292430,Map-Energy__sum__linear-conv00329-20241231_060047-20241231_120047-40.000000-45.000000.png,2024-12-31T06:00:47,2024-12-31T12:00:47,40.0,45.0,2024-12-31T09:00:47,42.5,10.2209936532221,78.9814941910257,NOISE,2024-12-31T09:00:47,42.5,10.2209936532221,78.9814941910257,NOISE,2024-12-31T09:00:47,42.5,10.2209936532221,78.9814941910257,NOISE,2024-12-31T09:00:47,42.5,10.2209936532221,78.9814941910257,NOISE
2026-04-17T10:06:33.236470,Map-Energy__sum__linear-conv00339-20241231_120047-20241231_180047-40.000000-45.000000.png,2024-12-31T12:00:47,2024-12-31T18:00:47,40.0,45.0,2024-12-31T15:00:47,42.5,10.2209936532221,78.9814941910257,NOISE,2024-12-31T15:00:47,42.5,10.2209936532221,78.9814941910257,NOISE,2024-12-31T15:00:47,42.5,10.2209936532221,78.9814941910257,NOISE,2024-12-31T15:00:47,42.5,10.2209936532221,78.9814941910257,NOISE
2026-04-17T10:06:34.396412,Map-Energy__sum__linear-conv00349-20241231_180047-20250101_000047-40.000000-45.000000.png,2024-12-31T18:00:47,2025-01-01T00:00:47,40.0,45.0,2024-12-31T21:00:47,42.5,10.2209936532221,78.9814941910257,NOISE,2024-12-31T21:00:47,42.5,10.2209936532221,78.9814941910257,NOISE,2024-12-31T21:00:47,42.5,10.2209936532221,78.9814941910257,NOISE,2024-12-31T21:00:47,42.5,10.2209936532221,78.9814941910257,NOISE
2026-04-17T10:06:35.828488,Map-Energy__sum__linear-conv00010-20241201_000047-20241201_060047-45.000000-49.900000.png,2024-12-01T00:00:47,2024-12-01T06:00:47,45.0,49.9,2024-12-01T03:00:47,47.45,10.0532262506808,78.9644950928927,NOISE,2024-12-01T03:00:47,47.45,10.0532262506808,78.9644950928927,NOISE,2024-12-01T03:00:47,47.45,10.0532262506808,78.9644950928927,NOISE,2024-12-01T03:00:47,47.45,10.0532262506808,78.9644950928927,NOISE
2026-04-17T10:06:36.860312,Map-Energy__sum__linear-conv00020-20241201_060047-20241201_120047-45.000000-49.900000.png,2024-12-01T06:00:47,2024-12-01T12:00:47,45.0,49.9,2024-12-01T09:00:47,47.45,10.0532262506808,78.9644950928927,NOISE,2024-12-01T09:00:47,47.45,10.0532262506808,78.9644950928927,NOISE,2024-12-01T09:00:47,47.45,10.0532262506808,78.9644950928927,NOISE,2024-12-01T09:00:47,47.45,10.0532262506808,78.9644950928927,NOISE
2026-04-17T10:06:37.844385,Map-Energy__sum__linear-conv00030-20241201_120047-20241201_180047-45.000000-49.900000.png,2024-12-01T12:00:47,2024-12-01T18:00:47,45.0,49.9,2024-12-01T15:00:47,47.45,10.0532262506808,78.9644950928927,NOISE,2024-12-01T15:00:47,47.45,10.0532262506808,78.9644950928927,NOISE,2024-12-01T15:00:47,47.45,10.0532262506808,78.9644950928927,NOISE,2024-12-01T15:00:47,47.45,10.0532262506808,78.9644950928927,NOISE
2026-04-17T10:06:39.252448,Map-Energy__sum__linear-conv00040-20241201_180047-20241202_000047-45.000000-49.900000.png,2024-12-01T18:00:47,2024-12-02T00:00:47,45.0,49.9,2024-12-01T21:00:47,47.45,10.0532262506808,78.9644950928927,NOISE,2024-12-01T21:00:47,47.45,10.0532262506808,78.9644950928927,NOISE,2024-12-01T21:00:47,47.45,10.0532262506808,78.9644950928927,NOISE,2024-12-01T21:00:47,47.45,10.0532262506808,78.9644950928927,NOISE
2026-04-17T10:06:40.262063,Map-Energy__sum__linear-conv00050-20241202_000047-20241202_060047-45.000000-49.900000.png,2024-12-02T00:00:47,2024-12-02T06:00:47,45.0,49.9,2024-12-02T03:00:47,47.45,10.0532262506808,78.9644950928927,NOISE,2024-12-02T03:00:47,47.45,10.0532262506808,78.9644950928927,NOISE,2024-12-02T03:00:47,47.45,10.0532262506808,78.9644950928927,NOISE,2024-12-02T03:00:47,47.45,10.0532262506808,78.9644950928927,NOISE
2026-04-17T10:06:41.108413,Map-Energy__sum__linear-conv00060-20241202_060047-20241202_120047-45.000000-49.900000.png,2024-12-02T06:00:47,2024-12-02T12:00:47,45.0,49.9,2024-12-02T09:00:47,47.45,10.0532262506808,78.9644950928927,NOISE,2024-12-02T09:00:47,47.45,10.0532262506808,78.9644950928927,NOISE,2024-12-02T09:00:47,47.45,10.0532262506808,78.9644950928927,NOISE,2024-12-02T09:00:47,47.45,10.0532262506808,78.9644950928927,NOISE
2026-04-17T10:06:41.796453,Map-Energy__sum__linear-conv00070-20241202_120047-20241202_180047-45.000000-49.900000.png,2024-12-02T12:00:47,2024-12-02T18:00:47,45.0,49.9,2024-12-02T15:00:47,47.45,10.0532262506808,78.9644950928927,NOISE,2024-12-02T15:00:47,47.45,10.0532262506808,78.9644950928927,NOISE,2024-12-02T15:00:47,47.45,10.0532262506808,78.9644950928927,NOISE,2024-12-02T15:00:47,47.45,10.0532262506808,78.9644950928927,NOISE
2026-04-17T10:06:42.460379,Map-Energy__sum__linear-conv00080-20241202_180047-20241203_000047-45.000000-49.900000.png,2024-12-02T18:00:47,2024-12-03T00:00:47,45.0,49.9,2024-12-02T21:00:47,47.45,10.0532262506808,78.9644950928927,NOISE,2024-12-02T21:00:47,47.45,10.0532262506808,78.9644950928927,NOISE,2024-12-02T21:00:47,47.45,10.0532262506808,78.9644950928927,NOISE,2024-12-02T21:00:47,47.45,10.0532262506808,78.9644950928927,NOISE
2026-04-17T10:06:43.100383,Map-Energy__sum__linear-conv00090-20241203_000047-20241203_060047-45.000000-49.900000.png,2024-12-03T00:00:47,2024-12-03T06:00:47,45.0,49.9,2024-12-03T03:00:47,47.45,10.0532262506808,78.9644950928927,NOISE,2024-12-03T03:00:47,47.45,10.0532262506808,78.9644950928927,NOISE,2024-12-03T03:00:47,47.45,10.0532262506808,78.9644950928927,NOISE,2024-12-03T03:00:47,47.45,10.0532262506808,78.9644950928927,NOISE
2026-04-17T10:06:43.844434,Map-Energy__sum__linear-conv00100-20241203_060047-20241203_120047-45.000000-49.900000.png,2024-12-03T06:00:47,2024-12-03T12:00:47,45.0,49.9,2024-12-03T09:00:47,47.45,10.0532262506808,78.9644950928927,NOISE,2024-12-03T09:00:47,47.45,10.0532262506808,78.9644950928927,NOISE,2024-12-03T09:00:47,47.45,10.0532262506808,78.9644950928927,NOISE,2024-12-03T09:00:47,47.45,10.0532262506808,78.9644950928927,NOISE
2026-04-17T10:06:44.468460,Map-Energy__sum__linear-conv00110-20241203_120047-20241203_180047-45.000000-49.900000.png,2024-12-03T12:00:47,2024-12-03T18:00:47,45.0,49.9,2024-12-03T15:00:47,47.45,10.0532262506808,78.9644950928927,NOISE,2024-12-03T15:00:47,47.45,10.0532262506808,78.9644950928927,NOISE,2024-12-03T15:00:47,47.45,10.0532262506808,78.9644950928927,NOISE,2024-12-03T15:00:47,47.45,10.0532262506808,78.9644950928927,NOISE
2026-04-17T10:06:45.228497,Map-Energy__sum__linear-conv00120-20241203_180047-20241204_000047-45.000000-49.900000.png,2024-12-03T18:00:47,2024-12-04T00:00:47,45.0,49.9,2024-12-03T21:00:47,47.45,10.0532262506808,78.9644950928927,NOISE,2024-12-03T21:00:47,47.45,10.0532262506808,78.9644950928927,NOISE,2024-12-03T21:00:47,47.45,10.0532262506808,78.9644950928927,NOISE,2024-12-03T21:00:47,47.45,10.0532262506808,78.9644950928927,NOISE
2026-04-17T10:06:45.964495,Map-Energy__sum__linear-conv00010-20241204_000047-20241204_060047-45.000000-49.900000.png,2024-12-04T00:00:47,2024-12-04T06:00:47,45.0,49.9,2024-12-04T03:00:47,47.45,10.0532262506808,78.9644950928927,NOISE,2024-12-04T03:00:47,47.45,10.0532262506808,78.9644950928927,NOISE,2024-12-04T03:00:47,47.45,10.0532262506808,78.9644950928927,NOISE,2024-12-04T03:00:47,47.45,10.0532262506808,78.9644950928927,NOISE
2026-04-17T10:06:46.628586,Map-Energy__sum__linear-conv00020-20241204_060047-20241204_120047-45.000000-49.900000.png,2024-12-04T06:00:47,2024-12-04T12:00:47,45.0,49.9,2024-12-04T09:00:47,47.45,10.0532262506808,78.9644950928927,NOISE,2024-12-04T09:00:47,47.45,10.0532262506808,78.9644950928927,NOISE,2024-12-04T09:00:47,47.45,10.0532262506808,78.9644950928927,NOISE,2024-12-04T09:00:47,47.45,10.0532262506808,78.9644950928927,NOISE
2026-04-17T10:06:47.333476,Map-Energy__sum__linear-conv00030-20241204_120047-20241204_180047-45.000000-49.900000.png,2024-12-04T12:00:47,2024-12-04T18:00:47,45.0,49.9,2024-12-04T15:00:47,47.45,10.0532262506808,78.9644950928927,NOISE,2024-12-04T15:00:47,47.45,10.0532262506808,78.9644950928927,NOISE,2024-12-04T15:00:47,47.45,10.0532262506808,78.9644950928927,NOISE,2024-12-04T15:00:47,47.45,10.0532262506808,78.9644950928927,NOISE
2026-04-17T10:06:47.844548,Map-Energy__sum__linear-conv00040-20241204_180047-20241205_000047-45.000000-49.900000.png,2024-12-04T18:00:47,2024-12-05T00:00:47,45.0,49.9,2024-12-04T21:00:47,47.45,10.0532262506808,78.9644950928927,NOISE,2024-12-04T21:00:47,47.45,10.0532262506808,78.9644950928927,NOISE,2024-12-04T21:00:47,47.45,10.0532262506808,78.9644950928927,NOISE,2024-12-04T21:00:47,47.45,10.0532262506808,78.9644950928927,NOISE
2026-04-17T10:06:48.412374,Map-Energy__sum__linear-conv00050-20241205_000047-20241205_060047-45.000000-49.900000.png,2024-12-05T00:00:47,2024-12-05T06:00:47,45.0,49.9,2024-12-05T03:00:47,47.45,10.0532262506808,78.9644950928927,NOISE,2024-12-05T03:00:47,47.45,10.0532262506808,78.9644950928927,NOISE,2024-12-05T03:00:47,47.45,10.0532262506808,78.9644950928927,NOISE,2024-12-05T03:00:47,47.45,10.0532262506808,78.9644950928927,NOISE
2026-04-17T10:06:49.004354,Map-Energy__sum__linear-conv00060-20241205_060047-20241205_120047-45.000000-49.900000.png,2024-12-05T06:00:47,2024-12-05T12:00:47,45.0,49.9,2024-12-05T09:00:47,47.45,10.0532262506808,78.9644950928927,NOISE,2024-12-05T09:00:47,47.45,10.0532262506808,78.9644950928927,NOISE,2024-12-05T09:00:47,47.45,10.0532262506808,78.9644950928927,NOISE,2024-12-05T09:00:47,47.45,10.0532262506808,78.9644950928927,NOISE
2026-04-17T10:06:49.620542,Map-Energy__sum__linear-conv00070-20241205_120047-20241205_180047-45.000000-49.900000.png,2024-12-05T12:00:47,2024-12-05T18:00:47,45.0,49.9,2024-12-05T15:00:47,47.45,10.0532262506808,78.9644950928927,NOISE,2024-12-05T15:00:47,47.45,10.0532262506808,78.9644950928927,NOISE,2024-12-05T15:00:47,47.45,10.0532262506808,78.9644950928927,NOISE,2024-12-05T15:00:47,47.45,10.0532262506808,78.9644950928927,NOISE
2026-04-17T10:06:50.212466,Map-Energy__sum__linear-conv00080-20241205_180047-20241206_000047-45.000000-49.900000.png,2024-12-05T18:00:47,2024-12-06T00:00:47,45.0,49.9,2024-12-05T21:00:47,47.45,10.0532262506808,78.9644950928927,NOISE,2024-12-05T21:00:47,47.45,10.0532262506808,78.9644950928927,NOISE,2024-12-05T21:00:47,47.45,10.0532262506808,78.9644950928927,NOISE,2024-12-05T21:00:47,47.45,10.0532262506808,78.9644950928927,NOISE
2026-04-17T10:06:50.796563,Map-Energy__sum__linear-conv00090-20241206_000047-20241206_060047-45.000000-49.900000.png,2024-12-06T00:00:47,2024-12-06T06:00:47,45.0,49.9,2024-12-06T03:00:47,47.45,10.0532262506808,78.9644950928927,NOISE,2024-12-06T03:00:47,47.45,10.0532262506808,78.9644950928927,NOISE,2024-12-06T03:00:47,47.45,10.0532262506808,78.9644950928927,NOISE,2024-12-06T03:00:47,47.45,10.0532262506808,78.9644950928927,NOISE
2026-04-17T10:06:51.412474,Map-Energy__sum__linear-conv00100-20241206_060047-20241206_120047-45.000000-49.900000.png,2024-12-06T06:00:47,2024-12-06T12:00:47,45.0,49.9,2024-12-06T09:00:47,47.45,10.0532262506808,78.9644950928927,NOISE,2024-12-06T09:00:47,47.45,10.0532262506808,78.9644950928927,NOISE,2024-12-06T09:00:47,47.45,10.0532262506808,78.9644950928927,NOISE,2024-12-06T09:00:47,47.45,10.0532262506808,78.9644950928927,NOISE
2026-04-17T10:06:52.028497,Map-Energy__sum__linear-conv00110-20241206_120047-20241206_180047-45.000000-49.900000.png,2024-12-06T12:00:47,2024-12-06T18:00:47,45.0,49.9,2024-12-06T15:00:47,47.45,10.0532262506808,78.9644950928927,NOISE,2024-12-06T15:00:47,47.45,10.0532262506808,78.9644950928927,NOISE,2024-12-06T15:00:47,47.45,10.0532262506808,78.9644950928927,NOISE,2024-12-06T15:00:47,47.45,10.0532262506808,78.9644950928927,NOISE
2026-04-17T10:06:52.597152,Map-Energy__sum__linear-conv00120-20241206_180047-20241207_000047-45.000000-49.900000.png,2024-12-06T18:00:47,2024-12-07T00:00:47,45.0,49.9,2024-12-06T21:00:47,47.45,10.0532262506808,78.9644950928927,NOISE,2024-12-06T21:00:47,47.45,10.0532262506808,78.9644950928927,NOISE,2024-12-06T21:00:47,47.45,10.0532262506808,78.9644950928927,NOISE,2024-12-06T21:00:47,47.45,10.0532262506808,78.9644950928927,NOISE
2026-04-17T10:06:53.188452,Map-Energy__sum__linear-conv00130-20241207_000047-20241207_060047-45.000000-49.900000.png,2024-12-07T00:00:47,2024-12-07T06:00:47,45.0,49.9,2024-12-07T03:00:47,47.45,10.0532262506808,78.9644950928927,NOISE,2024-12-07T03:00:47,47.45,10.0532262506808,78.9644950928927,NOISE,2024-12-07T03:00:47,47.45,10.0532262506808,78.9644950928927,NOISE,2024-12-07T03:00:47,47.45,10.0532262506808,78.9644950928927,NOISE
2026-04-17T10:06:53.764490,Map-Energy__sum__linear-conv00140-20241207_060047-20241207_120047-45.000000-49.900000.png,2024-12-07T06:00:47,2024-12-07T12:00:47,45.0,49.9,2024-12-07T09:00:47,47.45,10.0532262506808,78.9644950928927,NOISE,2024-12-07T09:00:47,47.45,10.0532262506808,78.9644950928927,NOISE,2024-12-07T09:00:47,47.45,10.0532262506808,78.9644950928927,NOISE,2024-12-07T09:00:47,47.45,10.0532262506808,78.9644950928927,NOISE
2026-04-17T10:06:54.380217,Map-Energy__sum__linear-conv00150-20241207_120047-20241207_180047-45.000000-49.900000.png,2024-12-07T12:00:47,2024-12-07T18:00:47,45.0,49.9,2024-12-07T15:00:47,47.45,10.0532262506808,78.9644950928927,NOISE,2024-12-07T15:00:47,47.45,10.0532262506808,78.9644950928927,NOISE,2024-12-07T15:00:47,47.45,10.0532262506808,78.9644950928927,NOISE,2024-12-07T15:00:47,47.45,10.0532262506808,78.9644950928927,NOISE
2026-04-17T10:06:54.932406,Map-Energy__sum__linear-conv00160-20241207_180047-20241208_000047-45.000000-49.900000.png,2024-12-07T18:00:47,2024-12-08T00:00:47,45.0,49.9,2024-12-07T21:00:47,47.45,10.0532262506808,78.9644950928927,NOISE,2024-12-07T21:00:47,47.45,10.0532262506808,78.9644950928927,NOISE,2024-12-07T21:00:47,47.45,10.0532262506808,78.9644950928927,NOISE,2024-12-07T21:00:47,47.45,10.0532262506808,78.9644950928927,NOISE
2026-04-17T10:06:55.604480,Map-Energy__sum__linear-conv00170-20241208_000047-20241208_060047-45.000000-49.900000.png,2024-12-08T00:00:47,2024-12-08T06:00:47,45.0,49.9,2024-12-08T03:00:47,47.45,10.0532262506808,78.9644950928927,NOISE,2024-12-08T03:00:47,47.45,10.0532262506808,78.9644950928927,NOISE,2024-12-08T03:00:47,47.45,10.0532262506808,78.9644950928927,NOISE,2024-12-08T03:00:47,47.45,10.0532262506808,78.9644950928927,NOISE
2026-04-17T10:06:56.141072,Map-Energy__sum__linear-conv00180-20241208_060047-20241208_120047-45.000000-49.900000.png,2024-12-08T06:00:47,2024-12-08T12:00:47,45.0,49.9,2024-12-08T09:00:47,47.45,10.0532262506808,78.9644950928927,NOISE,2024-12-08T09:00:47,47.45,10.0532262506808,78.9644950928927,NOISE,2024-12-08T09:00:47,47.45,10.0532262506808,78.9644950928927,NOISE,2024-12-08T09:00:47,47.45,10.0532262506808,78.9644950928927,NOISE
2026-04-17T10:06:56.716618,Map-Energy__sum__linear-conv00190-20241208_120047-20241208_180047-45.000000-49.900000.png,2024-12-08T12:00:47,2024-12-08T18:00:47,45.0,49.9,2024-12-08T15:00:47,47.45,10.0532262506808,78.9644950928927,NOISE,2024-12-08T15:00:47,47.45,10.0532262506808,78.9644950928927,NOISE,2024-12-08T15:00:47,47.45,10.0532262506808,78.9644950928927,NOISE,2024-12-08T15:00:47,47.45,10.0532262506808,78.9644950928927,NOISE
2026-04-17T10:06:57.404520,Map-Energy__sum__linear-conv00200-20241208_180047-20241209_000047-45.000000-49.900000.png,2024-12-08T18:00:47,2024-12-09T00:00:47,45.0,49.9,2024-12-08T21:00:47,47.45,10.0532262506808,78.9644950928927,NOISE,2024-12-08T21:00:47,47.45,10.0532262506808,78.9644950928927,NOISE,2024-12-08T21:00:47,47.45,10.0532262506808,78.9644950928927,NOISE,2024-12-08T21:00:47,47.45,10.0532262506808,78.9644950928927,NOISE
2026-04-17T10:06:57.996460,Map-Energy__sum__linear-conv00210-20241209_000047-20241209_060047-45.000000-49.900000.png,2024-12-09T00:00:47,2024-12-09T06:00:47,45.0,49.9,2024-12-09T03:00:47,47.45,10.0532262506808,78.9644950928927,NOISE,2024-12-09T03:00:47,47.45,10.0532262506808,78.9644950928927,NOISE,2024-12-09T03:00:47,47.45,10.0532262506808,78.9644950928927,NOISE,2024-12-09T03:00:47,47.45,10.0532262506808,78.9644950928927,NOISE
2026-04-17T10:06:58.636513,Map-Energy__sum__linear-conv00220-20241209_060047-20241209_120047-45.000000-49.900000.png,2024-12-09T06:00:47,2024-12-09T12:00:47,45.0,49.9,2024-12-09T09:00:47,47.45,10.0532262506808,78.9644950928927,NOISE,2024-12-09T09:00:47,47.45,10.0532262506808,78.9644950928927,NOISE,2024-12-09T09:00:47,47.45,10.0532262506808,78.9644950928927,NOISE,2024-12-09T09:00:47,47.45,10.0532262506808,78.9644950928927,NOISE
2026-04-17T10:06:59.293731,Map-Energy__sum__linear-conv00230-20241209_120047-20241209_180047-45.000000-49.900000.png,2024-12-09T12:00:47,2024-12-09T18:00:47,45.0,49.9,2024-12-09T15:00:47,47.45,10.0532262506808,78.9644950928927,NOISE,2024-12-09T15:00:47,47.45,10.0532262506808,78.9644950928927,NOISE,2024-12-09T15:00:47,47.45,10.0532262506808,78.9644950928927,NOISE,2024-12-09T15:00:47,47.45,10.0532262506808,78.9644950928927,NOISE
2026-04-17T10:07:00.093454,Map-Energy__sum__linear-conv00240-20241209_180047-20241210_000047-45.000000-49.900000.png,2024-12-09T18:00:47,2024-12-10T00:00:47,45.0,49.9,2024-12-09T21:00:47,47.45,10.0532262506808,78.9644950928927,NOISE,2024-12-09T21:00:47,47.45,10.0532262506808,78.9644950928927,NOISE,2024-12-09T21:00:47,47.45,10.0532262506808,78.9644950928927,NOISE,2024-12-09T21:00:47,47.45,10.0532262506808,78.9644950928927,NOISE
2026-04-17T10:07:00.732773,Map-Energy__sum__linear-conv00250-20241210_000047-20241210_060047-45.000000-49.900000.png,2024-12-10T00:00:47,2024-12-10T06:00:47,45.0,49.9,2024-12-10T03:00:47,47.45,10.0532262506808,78.9644950928927,NOISE,2024-12-10T03:00:47,47.45,10.0532262506808,78.9644950928927,NOISE,2024-12-10T03:00:47,47.45,10.0532262506808,78.9644950928927,NOISE,2024-12-10T03:00:47,47.45,10.0532262506808,78.9644950928927,NOISE
2026-04-17T10:07:01.388498,Map-Energy__sum__linear-conv00260-20241210_060047-20241210_120047-45.000000-49.900000.png,2024-12-10T06:00:47,2024-12-10T12:00:47,45.0,49.9,2024-12-10T09:00:47,47.45,10.0532262506808,78.9644950928927,NOISE,2024-12-10T09:00:47,47.45,10.0532262506808,78.9644950928927,NOISE,2024-12-10T09:00:47,47.45,10.0532262506808,78.9644950928927,NOISE,2024-12-10T09:00:47,47.45,10.0532262506808,78.9644950928927,NOISE
2026-04-17T10:07:01.980522,Map-Energy__sum__linear-conv00270-20241210_120047-20241210_180047-45.000000-49.900000.png,2024-12-10T12:00:47,2024-12-10T18:00:47,45.0,49.9,2024-12-10T15:00:47,47.45,10.0532262506808,78.9644950928927,NOISE,2024-12-10T15:00:47,47.45,10.0532262506808,78.9644950928927,NOISE,2024-12-10T15:00:47,47.45,10.0532262506808,78.9644950928927,NOISE,2024-12-10T15:00:47,47.45,10.0532262506808,78.9644950928927,NOISE
2026-04-17T10:07:02.660487,Map-Energy__sum__linear-conv00280-20241210_180047-20241211_000047-45.000000-49.900000.png,2024-12-10T18:00:47,2024-12-11T00:00:47,45.0,49.9,2024-12-10T21:00:47,47.45,10.0532262506808,78.9644950928927,NOISE,2024-12-10T21:00:47,47.45,10.0532262506808,78.9644950928927,NOISE,2024-12-10T21:00:47,47.45,10.0532262506808,78.9644950928927,NOISE,2024-12-10T21:00:47,47.45,10.0532262506808,78.9644950928927,NOISE
2026-04-17T10:07:03.228461,Map-Energy__sum__linear-conv00290-20241211_000047-20241211_060047-45.000000-49.900000.png,2024-12-11T00:00:47,2024-12-11T06:00:47,45.0,49.9,2024-12-11T03:00:47,47.45,10.0532262506808,78.9644950928927,NOISE,2024-12-11T03:00:47,47.45,10.0532262506808,78.9644950928927,NOISE,2024-12-11T03:00:47,47.45,10.0532262506808,78.9644950928927,NOISE,2024-12-11T03:00:47,47.45,10.0532262506808,78.9644950928927,NOISE
2026-04-17T10:07:03.759483,Map-Energy__sum__linear-conv00300-20241211_060047-20241211_120047-45.000000-49.900000.png,2024-12-11T06:00:47,2024-12-11T12:00:47,45.0,49.9,2024-12-11T09:00:47,47.45,10.0532262506808,78.9644950928927,NOISE,2024-12-11T09:00:47,47.45,10.0532262506808,78.9644950928927,NOISE,2024-12-11T09:00:47,47.45,10.0532262506808,78.9644950928927,NOISE,2024-12-11T09:00:47,47.45,10.0532262506808,78.9644950928927,NOISE
2026-04-17T10:07:04.356515,Map-Energy__sum__linear-conv00310-20241211_120047-20241211_180047-45.000000-49.900000.png,2024-12-11T12:00:47,2024-12-11T18:00:47,45.0,49.9,2024-12-11T15:00:47,47.45,10.0532262506808,78.9644950928927,NOISE,2024-12-11T15:00:47,47.45,10.0532262506808,78.9644950928927,NOISE,2024-12-11T15:00:47,47.45,10.0532262506808,78.9644950928927,NOISE,2024-12-11T15:00:47,47.45,10.0532262506808,78.9644950928927,NOISE
2026-04-17T10:07:04.956422,Map-Energy__sum__linear-conv00320-20241211_180047-20241212_000047-45.000000-49.900000.png,2024-12-11T18:00:47,2024-12-12T00:00:47,45.0,49.9,2024-12-11T21:00:47,47.45,10.0532262506808,78.9644950928927,NOISE,2024-12-11T21:00:47,47.45,10.0532262506808,78.9644950928927,NOISE,2024-12-11T21:00:47,47.45,10.0532262506808,78.9644950928927,NOISE,2024-12-11T21:00:47,47.45,10.0532262506808,78.9644950928927,NOISE
2026-04-17T10:07:05.452447,Map-Energy__sum__linear-conv00330-20241212_000047-20241212_060047-45.000000-49.900000.png,2024-12-12T00:00:47,2024-12-12T06:00:47,45.0,49.9,2024-12-12T03:00:47,47.45,10.0532262506808,78.9644950928927,NOISE,2024-12-12T03:00:47,47.45,10.0532262506808,78.9644950928927,NOISE,2024-12-12T03:00:47,47.45,10.0532262506808,78.9644950928927,NOISE,2024-12-12T03:00:47,47.45,10.0532262506808,78.9644950928927,NOISE
2026-04-17T10:07:06.012535,Map-Energy__sum__linear-conv00340-20241212_060047-20241212_120047-45.000000-49.900000.png,2024-12-12T06:00:47,2024-12-12T12:00:47,45.0,49.9,2024-12-12T09:00:47,47.45,10.0532262506808,78.9644950928927,NOISE,2024-12-12T09:00:47,47.45,10.0532262506808,78.9644950928927,NOISE,2024-12-12T09:00:47,47.45,10.0532262506808,78.9644950928927,NOISE,2024-12-12T09:00:47,47.45,10.0532262506808,78.9644950928927,NOISE
2026-04-17T10:07:06.620512,Map-Energy__sum__linear-conv00350-20241212_120047-20241212_180047-45.000000-49.900000.png,2024-12-12T12:00:47,2024-12-12T18:00:47,45.0,49.9,2024-12-12T15:00:47,47.45,10.0532262506808,78.9644950928927,NOISE,2024-12-12T15:00:47,47.45,10.0532262506808,78.9644950928927,NOISE,2024-12-12T15:00:47,47.45,10.0532262506808,78.9644950928927,NOISE,2024-12-12T15:00:47,47.45,10.0532262506808,78.9644950928927,NOISE
2026-04-17T10:07:07.196423,Map-Energy__sum__linear-conv00360-20241212_180047-20241213_000047-45.000000-49.900000.png,2024-12-12T18:00:47,2024-12-13T00:00:47,45.0,49.9,2024-12-12T21:00:47,47.45,10.0532262506808,78.9644950928927,NOISE,2024-12-12T21:00:47,47.45,10.0532262506808,78.9644950928927,NOISE,2024-12-12T21:00:47,47.45,10.0532262506808,78.9644950928927,NOISE,2024-12-12T21:00:47,47.45,10.0532262506808,78.9644950928927,NOISE
2026-04-17T10:07:07.764479,Map-Energy__sum__linear-conv00370-20241213_000047-20241213_060047-45.000000-49.900000.png,2024-12-13T00:00:47,2024-12-13T06:00:47,45.0,49.9,2024-12-13T03:00:47,47.45,10.0532262506808,78.9644950928927,NOISE,2024-12-13T03:00:47,47.45,10.0532262506808,78.9644950928927,NOISE,2024-12-13T03:00:47,47.45,10.0532262506808,78.9644950928927,NOISE,2024-12-13T03:00:47,47.45,10.0532262506808,78.9644950928927,NOISE
2026-04-17T10:07:08.436480,Map-Energy__sum__linear-conv00380-20241213_060047-20241213_120047-45.000000-49.900000.png,2024-12-13T06:00:47,2024-12-13T12:00:47,45.0,49.9,2024-12-13T09:00:47,47.45,10.0532262506808,78.9644950928927,NOISE,2024-12-13T09:00:47,47.45,10.0532262506808,78.9644950928927,NOISE,2024-12-13T09:00:47,47.45,10.0532262506808,78.9644950928927,NOISE,2024-12-13T09:00:47,47.45,10.0532262506808,78.9644950928927,NOISE
2026-04-17T10:07:08.982499,Map-Energy__sum__linear-conv00390-20241213_120047-20241213_180047-45.000000-49.900000.png,2024-12-13T12:00:47,2024-12-13T18:00:47,45.0,49.9,2024-12-13T15:00:47,47.45,10.0532262506808,78.9644950928927,NOISE,2024-12-13T15:00:47,47.45,10.0532262506808,78.9644950928927,NOISE,2024-12-13T15:00:47,47.45,10.0532262506808,78.9644950928927,NOISE,2024-12-13T15:00:47,47.45,10.0532262506808,78.9644950928927,NOISE
2026-04-17T10:07:10.029099,Map-Energy__sum__linear-conv00400-20241213_180047-20241214_000047-45.000000-49.900000.png,2024-12-13T18:00:47,2024-12-14T00:00:47,45.0,49.9,2024-12-13T21:00:47,47.45,10.0532262506808,78.9644950928927,NOISE,2024-12-13T21:00:47,47.45,10.0532262506808,78.9644950928927,NOISE,2024-12-13T21:00:47,47.45,10.0532262506808,78.9644950928927,NOISE,2024-12-13T21:00:47,47.45,10.0532262506808,78.9644950928927,NOISE
2026-04-17T10:07:11.004468,Map-Energy__sum__linear-conv00410-20241214_000047-20241214_060047-45.000000-49.900000.png,2024-12-14T00:00:47,2024-12-14T06:00:47,45.0,49.9,2024-12-14T03:00:47,47.45,10.0532262506808,78.9644950928927,NOISE,2024-12-14T03:00:47,47.45,10.0532262506808,78.9644950928927,NOISE,2024-12-14T03:00:47,47.45,10.0532262506808,78.9644950928927,NOISE,2024-12-14T03:00:47,47.45,10.0532262506808,78.9644950928927,NOISE
2026-04-17T10:07:11.860499,Map-Energy__sum__linear-conv00420-20241214_060047-20241214_120047-45.000000-49.900000.png,2024-12-14T06:00:47,2024-12-14T12:00:47,45.0,49.9,2024-12-14T09:00:47,47.45,10.0532262506808,78.9644950928927,NOISE,2024-12-14T09:00:47,47.45,10.0532262506808,78.9644950928927,NOISE,2024-12-14T09:00:47,47.45,10.0532262506808,78.9644950928927,NOISE,2024-12-14T09:00:47,47.45,10.0532262506808,78.9644950928927,NOISE
2026-04-17T10:07:12.756453,Map-Energy__sum__linear-conv00430-20241214_120047-20241214_180047-45.000000-49.900000.png,2024-12-14T12:00:47,2024-12-14T18:00:47,45.0,49.9,2024-12-14T15:00:47,47.45,10.0532262506808,78.9644950928927,NOISE,2024-12-14T15:00:47,47.45,10.0532262506808,78.9644950928927,NOISE,2024-12-14T15:00:47,47.45,10.0532262506808,78.9644950928927,NOISE,2024-12-14T15:00:47,47.45,10.0532262506808,78.9644950928927,NOISE
2026-04-17T10:07:13.580414,Map-Energy__sum__linear-conv00440-20241214_180047-20241215_000047-45.000000-49.900000.png,2024-12-14T18:00:47,2024-12-15T00:00:47,45.0,49.9,2024-12-14T21:00:47,47.45,10.0532262506808,78.9644950928927,NOISE,2024-12-14T21:00:47,47.45,10.0532262506808,78.9644950928927,NOISE,2024-12-14T21:00:47,47.45,10.0532262506808,78.9644950928927,NOISE,2024-12-14T21:00:47,47.45,10.0532262506808,78.9644950928927,NOISE
2026-04-17T10:07:14.484728,Map-Energy__sum__linear-conv00007-20241215_000047-20241215_060047-45.000000-49.900000.png,2024-12-15T00:00:47,2024-12-15T06:00:47,45.0,49.9,2024-12-15T03:00:47,47.45,10.0532262506808,78.9644950928927,NOISE,2024-12-15T03:00:47,47.45,10.0532262506808,78.9644950928927,NOISE,2024-12-15T03:00:47,47.45,10.0532262506808,78.9644950928927,NOISE,2024-12-15T03:00:47,47.45,10.0532262506808,78.9644950928927,NOISE
2026-04-17T10:07:15.284615,Map-Energy__sum__linear-conv00017-20241215_060047-20241215_120047-45.000000-49.900000.png,2024-12-15T06:00:47,2024-12-15T12:00:47,45.0,49.9,2024-12-15T09:00:47,47.45,10.0532262506808,78.9644950928927,NOISE,2024-12-15T09:00:47,47.45,10.0532262506808,78.9644950928927,NOISE,2024-12-15T09:00:47,47.45,10.0532262506808,78.9644950928927,NOISE,2024-12-15T09:00:47,47.45,10.0532262506808,78.9644950928927,NOISE
2026-04-17T10:07:16.028199,Map-Energy__sum__linear-conv00027-20241215_120047-20241215_180047-45.000000-49.900000.png,2024-12-15T12:00:47,2024-12-15T18:00:47,45.0,49.9,2024-12-15T15:00:47,47.45,10.0532262506808,78.9644950928927,NOISE,2024-12-15T15:00:47,47.45,10.0532262506808,78.9644950928927,NOISE,2024-12-15T15:00:47,47.45,10.0532262506808,78.9644950928927,NOISE,2024-12-15T15:00:47,47.45,10.0532262506808,78.9644950928927,NOISE
2026-04-17T10:07:16.716456,Map-Energy__sum__linear-conv00037-20241215_180047-20241216_000047-45.000000-49.900000.png,2024-12-15T18:00:47,2024-12-16T00:00:47,45.0,49.9,2024-12-15T21:00:47,47.45,10.0532262506808,78.9644950928927,NOISE,2024-12-15T21:00:47,47.45,10.0532262506808,78.9644950928927,NOISE,2024-12-15T21:00:47,47.45,10.0532262506808,78.9644950928927,NOISE,2024-12-15T21:00:47,47.45,10.0532262506808,78.9644950928927,NOISE
2026-04-17T10:07:17.316569,Map-Energy__sum__linear-conv00047-20241216_000047-20241216_060047-45.000000-49.900000.png,2024-12-16T00:00:47,2024-12-16T06:00:47,45.0,49.9,2024-12-16T03:00:47,47.45,10.0532262506808,78.9644950928927,NOISE,2024-12-16T03:00:47,47.45,10.0532262506808,78.9644950928927,NOISE,2024-12-16T03:00:47,47.45,10.0532262506808,78.9644950928927,NOISE,2024-12-16T03:00:47,47.45,10.0532262506808,78.9644950928927,NOISE
2026-04-17T10:07:18.220407,Map-Energy__sum__linear-conv00057-20241216_060047-20241216_120047-45.000000-49.900000.png,2024-12-16T06:00:47,2024-12-16T12:00:47,45.0,49.9,2024-12-16T09:00:47,47.45,10.0532262506808,78.9644950928927,NOISE,2024-12-16T09:00:47,47.45,10.0532262506808,78.9644950928927,NOISE,2024-12-16T09:00:47,47.45,10.0532262506808,78.9644950928927,NOISE,2024-12-16T09:00:47,47.45,10.0532262506808,78.9644950928927,NOISE
2026-04-17T10:07:18.988425,Map-Energy__sum__linear-conv00067-20241216_120047-20241216_180047-45.000000-49.900000.png,2024-12-16T12:00:47,2024-12-16T18:00:47,45.0,49.9,2024-12-16T15:00:47,47.45,10.0532262506808,78.9644950928927,NOISE,2024-12-16T15:00:47,47.45,10.0532262506808,78.9644950928927,NOISE,2024-12-16T15:00:47,47.45,10.0532262506808,78.9644950928927,NOISE,2024-12-16T15:00:47,47.45,10.0532262506808,78.9644950928927,NOISE
2026-04-17T10:07:19.644506,Map-Energy__sum__linear-conv00077-20241216_180047-20241217_000047-45.000000-49.900000.png,2024-12-16T18:00:47,2024-12-17T00:00:47,45.0,49.9,2024-12-16T21:00:47,47.45,10.0532262506808,78.9644950928927,NOISE,2024-12-16T21:00:47,47.45,10.0532262506808,78.9644950928927,NOISE,2024-12-16T21:00:47,47.45,10.0532262506808,78.9644950928927,NOISE,2024-12-16T21:00:47,47.45,10.0532262506808,78.9644950928927,NOISE
2026-04-17T10:07:20.388755,Map-Energy__sum__linear-conv00087-20241217_000047-20241217_060047-45.000000-49.900000.png,2024-12-17T00:00:47,2024-12-17T06:00:47,45.0,49.9,2024-12-17T03:00:47,47.45,10.0532262506808,78.9644950928927,NOISE,2024-12-17T03:00:47,47.45,10.0532262506808,78.9644950928927,NOISE,2024-12-17T03:00:47,47.45,10.0532262506808,78.9644950928927,NOISE,2024-12-17T03:00:47,47.45,10.0532262506808,78.9644950928927,NOISE
2026-04-17T10:07:21.084433,Map-Energy__sum__linear-conv00097-20241217_060047-20241217_120047-45.000000-49.900000.png,2024-12-17T06:00:47,2024-12-17T12:00:47,45.0,49.9,2024-12-17T09:00:47,47.45,10.0532262506808,78.9644950928927,NOISE,2024-12-17T09:00:47,47.45,10.0532262506808,78.9644950928927,NOISE,2024-12-17T09:00:47,47.45,10.0532262506808,78.9644950928927,NOISE,2024-12-17T09:00:47,47.45,10.0532262506808,78.9644950928927,NOISE
2026-04-17T10:07:21.852515,Map-Energy__sum__linear-conv00107-20241217_120047-20241217_180047-45.000000-49.900000.png,2024-12-17T12:00:47,2024-12-17T18:00:47,45.0,49.9,2024-12-17T15:00:47,47.45,10.0532262506808,78.9644950928927,NOISE,2024-12-17T15:00:47,47.45,10.0532262506808,78.9644950928927,NOISE,2024-12-17T15:00:47,47.45,10.0532262506808,78.9644950928927,NOISE,2024-12-17T15:00:47,47.45,10.0532262506808,78.9644950928927,NOISE
2026-04-17T10:07:22.476424,Map-Energy__sum__linear-conv00117-20241217_180047-20241218_000047-45.000000-49.900000.png,2024-12-17T18:00:47,2024-12-18T00:00:47,45.0,49.9,2024-12-17T21:00:47,47.45,10.0532262506808,78.9644950928927,NOISE,2024-12-17T21:00:47,47.45,10.0532262506808,78.9644950928927,NOISE,2024-12-17T21:00:47,47.45,10.0532262506808,78.9644950928927,NOISE,2024-12-17T21:00:47,47.45,10.0532262506808,78.9644950928927,NOISE
2026-04-17T10:07:23.300416,Map-Energy__sum__linear-conv00127-20241218_000047-20241218_060047-45.000000-49.900000.png,2024-12-18T00:00:47,2024-12-18T06:00:47,45.0,49.9,2024-12-18T03:00:47,47.45,10.0532262506808,78.9644950928927,NOISE,2024-12-18T03:00:47,47.45,10.0532262506808,78.9644950928927,NOISE,2024-12-18T03:00:47,47.45,10.0532262506808,78.9644950928927,NOISE,2024-12-18T03:00:47,47.45,10.0532262506808,78.9644950928927,NOISE
2026-04-17T10:07:23.924497,Map-Energy__sum__linear-conv00137-20241218_060047-20241218_120047-45.000000-49.900000.png,2024-12-18T06:00:47,2024-12-18T12:00:47,45.0,49.9,2024-12-18T09:00:47,47.45,10.0532262506808,78.9644950928927,NOISE,2024-12-18T09:00:47,47.45,10.0532262506808,78.9644950928927,NOISE,2024-12-18T09:00:47,47.45,10.0532262506808,78.9644950928927,NOISE,2024-12-18T09:00:47,47.45,10.0532262506808,78.9644950928927,NOISE
2026-04-17T10:07:24.804556,Map-Energy__sum__linear-conv00147-20241218_120047-20241218_180047-45.000000-49.900000.png,2024-12-18T12:00:47,2024-12-18T18:00:47,45.0,49.9,2024-12-18T15:00:47,47.45,10.0532262506808,78.9644950928927,NOISE,2024-12-18T15:00:47,47.45,10.0532262506808,78.9644950928927,NOISE,2024-12-18T15:00:47,47.45,10.0532262506808,78.9644950928927,NOISE,2024-12-18T15:00:47,47.45,10.0532262506808,78.9644950928927,NOISE
2026-04-17T10:07:25.548478,Map-Energy__sum__linear-conv00157-20241218_180047-20241219_000047-45.000000-49.900000.png,2024-12-18T18:00:47,2024-12-19T00:00:47,45.0,49.9,2024-12-18T21:00:47,47.45,10.0532262506808,78.9644950928927,NOISE,2024-12-18T21:00:47,47.45,10.0532262506808,78.9644950928927,NOISE,2024-12-18T21:00:47,47.45,10.0532262506808,78.9644950928927,NOISE,2024-12-18T21:00:47,47.45,10.0532262506808,78.9644950928927,NOISE
2026-04-17T10:07:26.308473,Map-Energy__sum__linear-conv00167-20241219_000047-20241219_060047-45.000000-49.900000.png,2024-12-19T00:00:47,2024-12-19T06:00:47,45.0,49.9,2024-12-19T03:00:47,47.45,10.0532262506808,78.9644950928927,NOISE,2024-12-19T03:00:47,47.45,10.0532262506808,78.9644950928927,NOISE,2024-12-19T03:00:47,47.45,10.0532262506808,78.9644950928927,NOISE,2024-12-19T03:00:47,47.45,10.0532262506808,78.9644950928927,NOISE
2026-04-17T10:07:26.948427,Map-Energy__sum__linear-conv00177-20241219_060047-20241219_120047-45.000000-49.900000.png,2024-12-19T06:00:47,2024-12-19T12:00:47,45.0,49.9,2024-12-19T09:00:47,47.45,10.0532262506808,78.9644950928927,NOISE,2024-12-19T09:00:47,47.45,10.0532262506808,78.9644950928927,NOISE,2024-12-19T09:00:47,47.45,10.0532262506808,78.9644950928927,NOISE,2024-12-19T09:00:47,47.45,10.0532262506808,78.9644950928927,NOISE
2026-04-17T10:07:27.580478,Map-Energy__sum__linear-conv00187-20241219_120047-20241219_180047-45.000000-49.900000.png,2024-12-19T12:00:47,2024-12-19T18:00:47,45.0,49.9,2024-12-19T15:00:47,47.45,10.0532262506808,78.9644950928927,NOISE,2024-12-19T15:00:47,47.45,10.0532262506808,78.9644950928927,NOISE,2024-12-19T15:00:47,47.45,10.0532262506808,78.9644950928927,NOISE,2024-12-19T15:00:47,47.45,10.0532262506808,78.9644950928927,NOISE
2026-04-17T10:07:28.212496,Map-Energy__sum__linear-conv00197-20241219_180047-20241220_000047-45.000000-49.900000.png,2024-12-19T18:00:47,2024-12-20T00:00:47,45.0,49.9,2024-12-19T21:00:47,47.45,10.0532262506808,78.9644950928927,NOISE,2024-12-19T21:00:47,47.45,10.0532262506808,78.9644950928927,NOISE,2024-12-19T21:00:47,47.45,10.0532262506808,78.9644950928927,NOISE,2024-12-19T21:00:47,47.45,10.0532262506808,78.9644950928927,NOISE
2026-04-17T10:07:28.876439,Map-Energy__sum__linear-conv00207-20241220_000047-20241220_060047-45.000000-49.900000.png,2024-12-20T00:00:47,2024-12-20T06:00:47,45.0,49.9,2024-12-20T03:00:47,47.45,10.0532262506808,78.9644950928927,NOISE,2024-12-20T03:00:47,47.45,10.0532262506808,78.9644950928927,NOISE,2024-12-20T03:00:47,47.45,10.0532262506808,78.9644950928927,NOISE,2024-12-20T03:00:47,47.45,10.0532262506808,78.9644950928927,NOISE
2026-04-17T10:07:29.548397,Map-Energy__sum__linear-conv00217-20241220_060047-20241220_120047-45.000000-49.900000.png,2024-12-20T06:00:47,2024-12-20T12:00:47,45.0,49.9,2024-12-20T09:00:47,47.45,10.0532262506808,78.9644950928927,NOISE,2024-12-20T09:00:47,47.45,10.0532262506808,78.9644950928927,NOISE,2024-12-20T09:00:47,47.45,10.0532262506808,78.9644950928927,NOISE,2024-12-20T09:00:47,47.45,10.0532262506808,78.9644950928927,NOISE
2026-04-17T10:07:30.196503,Map-Energy__sum__linear-conv00227-20241220_120047-20241220_180047-45.000000-49.900000.png,2024-12-20T12:00:47,2024-12-20T18:00:47,45.0,49.9,2024-12-20T15:00:47,47.45,10.0532262506808,78.9644950928927,NOISE,2024-12-20T15:00:47,47.45,10.0532262506808,78.9644950928927,NOISE,2024-12-20T15:00:47,47.45,10.0532262506808,78.9644950928927,NOISE,2024-12-20T15:00:47,47.45,10.0532262506808,78.9644950928927,NOISE
2026-04-17T10:07:30.868339,Map-Energy__sum__linear-conv00237-20241220_180047-20241221_000047-45.000000-49.900000.png,2024-12-20T18:00:47,2024-12-21T00:00:47,45.0,49.9,2024-12-20T21:00:47,47.45,10.0532262506808,78.9644950928927,NOISE,2024-12-20T21:00:47,47.45,10.0532262506808,78.9644950928927,NOISE,2024-12-20T21:00:47,47.45,10.0532262506808,78.9644950928927,NOISE,2024-12-20T21:00:47,47.45,10.0532262506808,78.9644950928927,NOISE
2026-04-17T10:07:31.660604,Map-Energy__sum__linear-conv00247-20241221_000047-20241221_060047-45.000000-49.900000.png,2024-12-21T00:00:47,2024-12-21T06:00:47,45.0,49.9,2024-12-21T03:00:47,47.45,10.0532262506808,78.9644950928927,NOISE,2024-12-21T03:00:47,47.45,10.0532262506808,78.9644950928927,NOISE,2024-12-21T03:00:47,47.45,10.0532262506808,78.9644950928927,NOISE,2024-12-21T03:00:47,47.45,10.0532262506808,78.9644950928927,NOISE
2026-04-17T10:07:32.396394,Map-Energy__sum__linear-conv00257-20241221_060047-20241221_120047-45.000000-49.900000.png,2024-12-21T06:00:47,2024-12-21T12:00:47,45.0,49.9,2024-12-21T09:00:47,47.45,10.0532262506808,78.9644950928927,NOISE,2024-12-21T09:00:47,47.45,10.0532262506808,78.9644950928927,NOISE,2024-12-21T09:00:47,47.45,10.0532262506808,78.9644950928927,NOISE,2024-12-21T09:00:47,47.45,10.0532262506808,78.9644950928927,NOISE
2026-04-17T10:07:33.076407,Map-Energy__sum__linear-conv00267-20241221_120047-20241221_180047-45.000000-49.900000.png,2024-12-21T12:00:47,2024-12-21T18:00:47,45.0,49.9,2024-12-21T15:00:47,47.45,10.0532262506808,78.9644950928927,NOISE,2024-12-21T15:00:47,47.45,10.0532262506808,78.9644950928927,NOISE,2024-12-21T15:00:47,47.45,10.0532262506808,78.9644950928927,NOISE,2024-12-21T15:00:47,47.45,10.0532262506808,78.9644950928927,NOISE
2026-04-17T10:07:33.748351,Map-Energy__sum__linear-conv00277-20241221_180047-20241222_000047-45.000000-49.900000.png,2024-12-21T18:00:47,2024-12-22T00:00:47,45.0,49.9,2024-12-21T21:00:47,47.45,10.0532262506808,78.9644950928927,NOISE,2024-12-21T21:00:47,47.45,10.0532262506808,78.9644950928927,NOISE,2024-12-21T21:00:47,47.45,10.0532262506808,78.9644950928927,NOISE,2024-12-21T21:00:47,47.45,10.0532262506808,78.9644950928927,NOISE
2026-04-17T10:07:34.428417,Map-Energy__sum__linear-conv00287-20241222_000047-20241222_060047-45.000000-49.900000.png,2024-12-22T00:00:47,2024-12-22T06:00:47,45.0,49.9,2024-12-22T03:00:47,47.45,10.0532262506808,78.9644950928927,NOISE,2024-12-22T03:00:47,47.45,10.0532262506808,78.9644950928927,NOISE,2024-12-22T03:00:47,47.45,10.0532262506808,78.9644950928927,NOISE,2024-12-22T03:00:47,47.45,10.0532262506808,78.9644950928927,NOISE
2026-04-17T10:07:35.108527,Map-Energy__sum__linear-conv00297-20241222_060047-20241222_120047-45.000000-49.900000.png,2024-12-22T06:00:47,2024-12-22T12:00:47,45.0,49.9,2024-12-22T09:00:47,47.45,10.0532262506808,78.9644950928927,NOISE,2024-12-22T09:00:47,47.45,10.0532262506808,78.9644950928927,NOISE,2024-12-22T09:00:47,47.45,10.0532262506808,78.9644950928927,NOISE,2024-12-22T09:00:47,47.45,10.0532262506808,78.9644950928927,NOISE
2026-04-17T10:07:35.751719,Map-Energy__sum__linear-conv00307-20241222_120047-20241222_180047-45.000000-49.900000.png,2024-12-22T12:00:47,2024-12-22T18:00:47,45.0,49.9,2024-12-22T15:00:47,47.45,10.0532262506808,78.9644950928927,NOISE,2024-12-22T15:00:47,47.45,10.0532262506808,78.9644950928927,NOISE,2024-12-22T15:00:47,47.45,10.0532262506808,78.9644950928927,NOISE,2024-12-22T15:00:47,47.45,10.0532262506808,78.9644950928927,NOISE
2026-04-17T10:07:36.476393,Map-Energy__sum__linear-conv00317-20241222_180047-20241223_000047-45.000000-49.900000.png,2024-12-22T18:00:47,2024-12-23T00:00:47,45.0,49.9,2024-12-22T21:00:47,47.45,10.0532262506808,78.9644950928927,NOISE,2024-12-22T21:00:47,47.45,10.0532262506808,78.9644950928927,NOISE,2024-12-22T21:00:47,47.45,10.0532262506808,78.9644950928927,NOISE,2024-12-22T21:00:47,47.45,10.0532262506808,78.9644950928927,NOISE
2026-04-17T10:07:37.132367,Map-Energy__sum__linear-conv00327-20241223_000047-20241223_060047-45.000000-49.900000.png,2024-12-23T00:00:47,2024-12-23T06:00:47,45.0,49.9,2024-12-23T03:00:47,47.45,10.0532262506808,78.9644950928927,NOISE,2024-12-23T03:00:47,47.45,10.0532262506808,78.9644950928927,NOISE,2024-12-23T03:00:47,47.45,10.0532262506808,78.9644950928927,NOISE,2024-12-23T03:00:47,47.45,10.0532262506808,78.9644950928927,NOISE
2026-04-17T10:07:47.300195,Map-Energy__sum__linear-conv00010-20241223_060047-20241223_120047-45.000000-49.040000.png,2024-12-23T06:00:47,2024-12-23T12:00:47,45.0,49.04,2024-12-23T09:00:47,47.02,10.0532262506808,78.9644950928927,SEISMIC,2024-12-23T09:00:47,47.02,10.0532262506808,78.9644950928927,NOISE,2024-12-23T09:00:47,47.02,10.0532262506808,78.9644950928927,NOISE,2024-12-23T09:00:47,47.02,10.0532262506808,78.9644950928927,NOISE
2026-04-17T10:07:50.428646,Map-Energy__sum__linear-conv00020-20241223_120047-20241223_180047-45.000000-49.040000.png,2024-12-23T12:00:47,2024-12-23T18:00:47,45.0,49.04,2024-12-23T15:00:47,47.02,10.0532262506808,78.9644950928927,SEISMIC,2024-12-23T15:00:47,47.02,10.0532262506808,78.9644950928927,NOISE,2024-12-23T15:00:47,47.02,10.0532262506808,78.9644950928927,NOISE,2024-12-23T15:00:47,47.02,10.0532262506808,78.9644950928927,NOISE
2026-04-17T10:07:51.916411,Map-Energy__sum__linear-conv00030-20241223_180047-20241224_000047-45.000000-49.040000.png,2024-12-23T18:00:47,2024-12-24T00:00:47,45.0,49.04,2024-12-23T21:00:47,47.02,10.0532262506808,78.9644950928927,NOISE,2024-12-23T21:00:47,47.02,10.0532262506808,78.9644950928927,NOISE,2024-12-23T21:00:47,47.02,10.0532262506808,78.9644950928927,NOISE,2024-12-23T21:00:47,47.02,10.0532262506808,78.9644950928927,NOISE
2026-04-17T10:07:53.156428,Map-Energy__sum__linear-conv00040-20241224_000047-20241224_060047-45.000000-49.040000.png,2024-12-24T00:00:47,2024-12-24T06:00:47,45.0,49.04,2024-12-24T03:00:47,47.02,10.0532262506808,78.9644950928927,NOISE,2024-12-24T03:00:47,47.02,10.0532262506808,78.9644950928927,NOISE,2024-12-24T03:00:47,47.02,10.0532262506808,78.9644950928927,NOISE,2024-12-24T03:00:47,47.02,10.0532262506808,78.9644950928927,NOISE
2026-04-17T10:07:54.508375,Map-Energy__sum__linear-conv00050-20241224_060047-20241224_120047-45.000000-49.040000.png,2024-12-24T06:00:47,2024-12-24T12:00:47,45.0,49.04,2024-12-24T09:00:47,47.02,10.0532262506808,78.9644950928927,NOISE,2024-12-24T09:00:47,47.02,10.0532262506808,78.9644950928927,NOISE,2024-12-24T09:00:47,47.02,10.0532262506808,78.9644950928927,NOISE,2024-12-24T09:00:47,47.02,10.0532262506808,78.9644950928927,NOISE
2026-04-17T10:07:55.604432,Map-Energy__sum__linear-conv00060-20241224_120047-20241224_180047-45.000000-49.040000.png,2024-12-24T12:00:47,2024-12-24T18:00:47,45.0,49.04,2024-12-24T15:00:47,47.02,10.0532262506808,78.9644950928927,NOISE,2024-12-24T15:00:47,47.02,10.0532262506808,78.9644950928927,NOISE,2024-12-24T15:00:47,47.02,10.0532262506808,78.9644950928927,NOISE,2024-12-24T15:00:47,47.02,10.0532262506808,78.9644950928927,NOISE
2026-04-17T10:08:01.516438,Map-Energy__sum__linear-conv00070-20241224_180047-20241225_000047-45.000000-49.040000.png,2024-12-24T18:00:47,2024-12-25T00:00:47,45.0,49.04,2024-12-24T21:00:47,47.02,10.0532262506808,78.9644950928927,SEISMIC,2024-12-24T21:00:47,47.02,10.0532262506808,78.9644950928927,NOISE,2024-12-24T21:00:47,47.02,10.0532262506808,78.9644950928927,NOISE,2024-12-24T21:00:47,47.02,10.0532262506808,78.9644950928927,NOISE
2026-04-17T10:08:02.276412,Map-Energy__sum__linear-conv00080-20241225_000047-20241225_060047-45.000000-49.040000.png,2024-12-25T00:00:47,2024-12-25T06:00:47,45.0,49.04,2024-12-25T03:00:47,47.02,10.0532262506808,78.9644950928927,NOISE,2024-12-25T03:00:47,47.02,10.0532262506808,78.9644950928927,NOISE,2024-12-25T03:00:47,47.02,10.0532262506808,78.9644950928927,NOISE,2024-12-25T03:00:47,47.02,10.0532262506808,78.9644950928927,NOISE
2026-04-17T10:08:03.260364,Map-Energy__sum__linear-conv00090-20241225_060047-20241225_120047-45.000000-49.040000.png,2024-12-25T06:00:47,2024-12-25T12:00:47,45.0,49.04,2024-12-25T09:00:47,47.02,10.0532262506808,78.9644950928927,NOISE,2024-12-25T09:00:47,47.02,10.0532262506808,78.9644950928927,NOISE,2024-12-25T09:00:47,47.02,10.0532262506808,78.9644950928927,NOISE,2024-12-25T09:00:47,47.02,10.0532262506808,78.9644950928927,NOISE
2026-04-17T10:08:04.252517,Map-Energy__sum__linear-conv00100-20241225_120047-20241225_180047-45.000000-49.040000.png,2024-12-25T12:00:47,2024-12-25T18:00:47,45.0,49.04,2024-12-25T15:00:47,47.02,10.0532262506808,78.9644950928927,NOISE,2024-12-25T15:00:47,47.02,10.0532262506808,78.9644950928927,NOISE,2024-12-25T15:00:47,47.02,10.0532262506808,78.9644950928927,NOISE,2024-12-25T15:00:47,47.02,10.0532262506808,78.9644950928927,NOISE
2026-04-17T10:08:05.372456,Map-Energy__sum__linear-conv00110-20241225_180047-20241226_000047-45.000000-49.040000.png,2024-12-25T18:00:47,2024-12-26T00:00:47,45.0,49.04,2024-12-25T21:00:47,47.02,10.0532262506808,78.9644950928927,NOISE,2024-12-25T21:00:47,47.02,10.0532262506808,78.9644950928927,NOISE,2024-12-25T21:00:47,47.02,10.0532262506808,78.9644950928927,NOISE,2024-12-25T21:00:47,47.02,10.0532262506808,78.9644950928927,NOISE
2026-04-17T10:08:06.404403,Map-Energy__sum__linear-conv00120-20241226_000047-20241226_060047-45.000000-49.040000.png,2024-12-26T00:00:47,2024-12-26T06:00:47,45.0,49.04,2024-12-26T03:00:47,47.02,10.0532262506808,78.9644950928927,NOISE,2024-12-26T03:00:47,47.02,10.0532262506808,78.9644950928927,NOISE,2024-12-26T03:00:47,47.02,10.0532262506808,78.9644950928927,NOISE,2024-12-26T03:00:47,47.02,10.0532262506808,78.9644950928927,NOISE
2026-04-17T10:08:07.452493,Map-Energy__sum__linear-conv00130-20241226_060047-20241226_120047-45.000000-49.040000.png,2024-12-26T06:00:47,2024-12-26T12:00:47,45.0,49.04,2024-12-26T09:00:47,47.02,10.0532262506808,78.9644950928927,NOISE,2024-12-26T09:00:47,47.02,10.0532262506808,78.9644950928927,NOISE,2024-12-26T09:00:47,47.02,10.0532262506808,78.9644950928927,NOISE,2024-12-26T09:00:47,47.02,10.0532262506808,78.9644950928927,NOISE
2026-04-17T10:08:08.396515,Map-Energy__sum__linear-conv00140-20241226_120047-20241226_180047-45.000000-49.040000.png,2024-12-26T12:00:47,2024-12-26T18:00:47,45.0,49.04,2024-12-26T15:00:47,47.02,10.0532262506808,78.9644950928927,NOISE,2024-12-26T15:00:47,47.02,10.0532262506808,78.9644950928927,NOISE,2024-12-26T15:00:47,47.02,10.0532262506808,78.9644950928927,NOISE,2024-12-26T15:00:47,47.02,10.0532262506808,78.9644950928927,NOISE
2026-04-17T10:08:09.564482,Map-Energy__sum__linear-conv00150-20241226_180047-20241227_000047-45.000000-49.040000.png,2024-12-26T18:00:47,2024-12-27T00:00:47,45.0,49.04,2024-12-26T21:00:47,47.02,10.0532262506808,78.9644950928927,NOISE,2024-12-26T21:00:47,47.02,10.0532262506808,78.9644950928927,NOISE,2024-12-26T21:00:47,47.02,10.0532262506808,78.9644950928927,NOISE,2024-12-26T21:00:47,47.02,10.0532262506808,78.9644950928927,NOISE
2026-04-17T10:08:10.940418,Map-Energy__sum__linear-conv00160-20241227_000047-20241227_060047-45.000000-49.040000.png,2024-12-27T00:00:47,2024-12-27T06:00:47,45.0,49.04,2024-12-27T03:00:47,47.02,10.0532262506808,78.9644950928927,NOISE,2024-12-27T03:00:47,47.02,10.0532262506808,78.9644950928927,NOISE,2024-12-27T03:00:47,47.02,10.0532262506808,78.9644950928927,NOISE,2024-12-27T03:00:47,47.02,10.0532262506808,78.9644950928927,NOISE
2026-04-17T10:08:12.268639,Map-Energy__sum__linear-conv00170-20241227_060047-20241227_120047-45.000000-49.040000.png,2024-12-27T06:00:47,2024-12-27T12:00:47,45.0,49.04,2024-12-27T09:00:47,47.02,10.0532262506808,78.9644950928927,NOISE,2024-12-27T09:00:47,47.02,10.0532262506808,78.9644950928927,NOISE,2024-12-27T09:00:47,47.02,10.0532262506808,78.9644950928927,NOISE,2024-12-27T09:00:47,47.02,10.0532262506808,78.9644950928927,NOISE
2026-04-17T10:08:13.260469,Map-Energy__sum__linear-conv00180-20241227_120047-20241227_180047-45.000000-49.040000.png,2024-12-27T12:00:47,2024-12-27T18:00:47,45.0,49.04,2024-12-27T15:00:47,47.02,10.0532262506808,78.9644950928927,NOISE,2024-12-27T15:00:47,47.02,10.0532262506808,78.9644950928927,NOISE,2024-12-27T15:00:47,47.02,10.0532262506808,78.9644950928927,NOISE,2024-12-27T15:00:47,47.02,10.0532262506808,78.9644950928927,NOISE
2026-04-17T10:08:14.204429,Map-Energy__sum__linear-conv00190-20241227_180047-20241228_000047-45.000000-49.040000.png,2024-12-27T18:00:47,2024-12-28T00:00:47,45.0,49.04,2024-12-27T21:00:47,47.02,10.0532262506808,78.9644950928927,NOISE,2024-12-27T21:00:47,47.02,10.0532262506808,78.9644950928927,NOISE,2024-12-27T21:00:47,47.02,10.0532262506808,78.9644950928927,NOISE,2024-12-27T21:00:47,47.02,10.0532262506808,78.9644950928927,NOISE
2026-04-17T10:08:15.132357,Map-Energy__sum__linear-conv00200-20241228_000047-20241228_060047-45.000000-49.040000.png,2024-12-28T00:00:47,2024-12-28T06:00:47,45.0,49.04,2024-12-28T03:00:47,47.02,10.0532262506808,78.9644950928927,NOISE,2024-12-28T03:00:47,47.02,10.0532262506808,78.9644950928927,NOISE,2024-12-28T03:00:47,47.02,10.0532262506808,78.9644950928927,NOISE,2024-12-28T03:00:47,47.02,10.0532262506808,78.9644950928927,NOISE
2026-04-17T10:08:16.052433,Map-Energy__sum__linear-conv00210-20241228_060047-20241228_120047-45.000000-49.040000.png,2024-12-28T06:00:47,2024-12-28T12:00:47,45.0,49.04,2024-12-28T09:00:47,47.02,10.0532262506808,78.9644950928927,NOISE,2024-12-28T09:00:47,47.02,10.0532262506808,78.9644950928927,NOISE,2024-12-28T09:00:47,47.02,10.0532262506808,78.9644950928927,NOISE,2024-12-28T09:00:47,47.02,10.0532262506808,78.9644950928927,NOISE
2026-04-17T10:08:17.044457,Map-Energy__sum__linear-conv00220-20241228_120047-20241228_180047-45.000000-49.040000.png,2024-12-28T12:00:47,2024-12-28T18:00:47,45.0,49.04,2024-12-28T15:00:47,47.02,10.0532262506808,78.9644950928927,NOISE,2024-12-28T15:00:47,47.02,10.0532262506808,78.9644950928927,NOISE,2024-12-28T15:00:47,47.02,10.0532262506808,78.9644950928927,NOISE,2024-12-28T15:00:47,47.02,10.0532262506808,78.9644950928927,NOISE
2026-04-17T10:08:18.140464,Map-Energy__sum__linear-conv00230-20241228_180047-20241229_000047-45.000000-49.040000.png,2024-12-28T18:00:47,2024-12-29T00:00:47,45.0,49.04,2024-12-28T21:00:47,47.02,10.0532262506808,78.9644950928927,NOISE,2024-12-28T21:00:47,47.02,10.0532262506808,78.9644950928927,NOISE,2024-12-28T21:00:47,47.02,10.0532262506808,78.9644950928927,NOISE,2024-12-28T21:00:47,47.02,10.0532262506808,78.9644950928927,NOISE
2026-04-17T10:08:19.156453,Map-Energy__sum__linear-conv00240-20241229_000047-20241229_060047-45.000000-49.040000.png,2024-12-29T00:00:47,2024-12-29T06:00:47,45.0,49.04,2024-12-29T03:00:47,47.02,10.0532262506808,78.9644950928927,NOISE,2024-12-29T03:00:47,47.02,10.0532262506808,78.9644950928927,NOISE,2024-12-29T03:00:47,47.02,10.0532262506808,78.9644950928927,NOISE,2024-12-29T03:00:47,47.02,10.0532262506808,78.9644950928927,NOISE
2026-04-17T10:08:20.108405,Map-Energy__sum__linear-conv00250-20241229_060047-20241229_120047-45.000000-49.040000.png,2024-12-29T06:00:47,2024-12-29T12:00:47,45.0,49.04,2024-12-29T09:00:47,47.02,10.0532262506808,78.9644950928927,NOISE,2024-12-29T09:00:47,47.02,10.0532262506808,78.9644950928927,NOISE,2024-12-29T09:00:47,47.02,10.0532262506808,78.9644950928927,NOISE,2024-12-29T09:00:47,47.02,10.0532262506808,78.9644950928927,NOISE
2026-04-17T10:08:21.036742,Map-Energy__sum__linear-conv00260-20241229_120047-20241229_180047-45.000000-49.040000.png,2024-12-29T12:00:47,2024-12-29T18:00:47,45.0,49.04,2024-12-29T15:00:47,47.02,10.0532262506808,78.9644950928927,NOISE,2024-12-29T15:00:47,47.02,10.0532262506808,78.9644950928927,NOISE,2024-12-29T15:00:47,47.02,10.0532262506808,78.9644950928927,NOISE,2024-12-29T15:00:47,47.02,10.0532262506808,78.9644950928927,NOISE
2026-04-17T10:08:22.068669,Map-Energy__sum__linear-conv00270-20241229_180047-20241230_000047-45.000000-49.900000.png,2024-12-29T18:00:47,2024-12-30T00:00:47,45.0,49.9,2024-12-29T21:00:47,47.45,10.0532262506808,78.9644950928927,NOISE,2024-12-29T21:00:47,47.45,10.0532262506808,78.9644950928927,NOISE,2024-12-29T21:00:47,47.45,10.0532262506808,78.9644950928927,NOISE,2024-12-29T21:00:47,47.45,10.0532262506808,78.9644950928927,NOISE
2026-04-17T10:08:28.348410,Map-Energy__sum__linear-conv00280-20241230_000047-20241230_060047-45.000000-49.900000.png,2024-12-30T00:00:47,2024-12-30T06:00:47,45.0,49.9,2024-12-30T03:00:47,47.45,10.0532262506808,78.9644950928927,NOISE,2024-12-30T03:00:47,47.45,10.0532262506808,78.9644950928927,NOISE,2024-12-30T03:00:47,47.45,10.0532262506808,78.9644950928927,NOISE,2024-12-30T03:00:47,47.45,10.0532262506808,78.9644950928927,NOISE
2026-04-17T10:08:29.612517,Map-Energy__sum__linear-conv00290-20241230_060047-20241230_120047-45.000000-49.900000.png,2024-12-30T06:00:47,2024-12-30T12:00:47,45.0,49.9,2024-12-30T09:00:47,47.45,10.0532262506808,78.9644950928927,NOISE,2024-12-30T09:00:47,47.45,10.0532262506808,78.9644950928927,NOISE,2024-12-30T09:00:47,47.45,10.0532262506808,78.9644950928927,NOISE,2024-12-30T09:00:47,47.45,10.0532262506808,78.9644950928927,NOISE
2026-04-17T10:08:30.644470,Map-Energy__sum__linear-conv00300-20241230_120047-20241230_180047-45.000000-49.900000.png,2024-12-30T12:00:47,2024-12-30T18:00:47,45.0,49.9,2024-12-30T15:00:47,47.45,10.0532262506808,78.9644950928927,NOISE,2024-12-30T15:00:47,47.45,10.0532262506808,78.9644950928927,NOISE,2024-12-30T15:00:47,47.45,10.0532262506808,78.9644950928927,NOISE,2024-12-30T15:00:47,47.45,10.0532262506808,78.9644950928927,NOISE
2026-04-17T10:08:31.748385,Map-Energy__sum__linear-conv00310-20241230_180047-20241231_000047-45.000000-49.900000.png,2024-12-30T18:00:47,2024-12-31T00:00:47,45.0,49.9,2024-12-30T21:00:47,47.45,10.0532262506808,78.9644950928927,NOISE,2024-12-30T21:00:47,47.45,10.0532262506808,78.9644950928927,NOISE,2024-12-30T21:00:47,47.45,10.0532262506808,78.9644950928927,NOISE,2024-12-30T21:00:47,47.45,10.0532262506808,78.9644950928927,NOISE
2026-04-17T10:08:32.660104,Map-Energy__sum__linear-conv00320-20241231_000047-20241231_060047-45.000000-49.900000.png,2024-12-31T00:00:47,2024-12-31T06:00:47,45.0,49.9,2024-12-31T03:00:47,47.45,10.0532262506808,78.9644950928927,NOISE,2024-12-31T03:00:47,47.45,10.0532262506808,78.9644950928927,NOISE,2024-12-31T03:00:47,47.45,10.0532262506808,78.9644950928927,NOISE,2024-12-31T03:00:47,47.45,10.0532262506808,78.9644950928927,NOISE
2026-04-17T10:08:33.604400,Map-Energy__sum__linear-conv00330-20241231_060047-20241231_120047-45.000000-49.900000.png,2024-12-31T06:00:47,2024-12-31T12:00:47,45.0,49.9,2024-12-31T09:00:47,47.45,10.0532262506808,78.9644950928927,NOISE,2024-12-31T09:00:47,47.45,10.0532262506808,78.9644950928927,NOISE,2024-12-31T09:00:47,47.45,10.0532262506808,78.9644950928927,NOISE,2024-12-31T09:00:47,47.45,10.0532262506808,78.9644950928927,NOISE
2026-04-17T10:08:34.500379,Map-Energy__sum__linear-conv00340-20241231_120047-20241231_180047-45.000000-49.900000.png,2024-12-31T12:00:47,2024-12-31T18:00:47,45.0,49.9,2024-12-31T15:00:47,47.45,10.0532262506808,78.9644950928927,NOISE,2024-12-31T15:00:47,47.45,10.0532262506808,78.9644950928927,NOISE,2024-12-31T15:00:47,47.45,10.0532262506808,78.9644950928927,NOISE,2024-12-31T15:00:47,47.45,10.0532262506808,78.9644950928927,NOISE
2026-04-17T10:08:37.356396,Map-Energy__sum__linear-conv00350-20241231_180047-20250101_000047-45.000000-49.900000.png,2024-12-31T18:00:47,2025-01-01T00:00:47,45.0,49.9,2024-12-31T21:00:47,47.45,10.0532262506808,78.9644950928927,NOISE,2024-12-31T21:00:47,47.45,10.0532262506808,78.9644950928927,NOISE,2024-12-31T21:00:47,47.45,10.0532262506808,78.9644950928927,NOISE,2024-12-31T21:00:47,47.45,10.0532262506808,78.9644950928927,NOISE
