edited_at,filename,init_dt,end_dt,init_km,end_km,event1_dt,event1_km,event1_lon,event1_lat,event1_label,event2_dt,event2_km,event2_lon,event2_lat,event2_label,event3_dt,event3_km,event3_lon,event3_lat,event3_label,event4_dt,event4_km,event4_lon,event4_lat,event4_label
2026-03-05T09:46:39.255261,Map-Energy__sum__linear-conv00001-20241001_000047-20241001_060047-0.050000-5.000000.png,2024-10-01T00:00:47,2024-10-01T06:00:47,0.05,5.0,2024-10-01T03:00:47,2.525,11.9301635288236,78.9554869237935,NOISE,2024-10-01T03:00:47,2.525,11.9301635288236,78.9554869237935,NOISE,2024-10-01T03:00:47,2.525,11.9301635288236,78.9554869237935,NOISE,2024-10-01T03:00:47,2.525,11.9301635288236,78.9554869237935,NOISE
2026-03-04T09:55:14.152957,Map-Energy__sum__linear-conv00002-20241001_000047-20241001_060047-5.000000-10.000000.png,2024-10-01T00:00:47,2024-10-01T06:00:47,5.0,10.0,2024-10-01T00:55:53,8.537862,11.7419301370667,78.9863376449297,OTHER,2024-10-01T02:27:24,8.491042,11.7442536399224,78.9863960388248,OTHER,2024-10-01T03:47:10,8.530059,11.7423947638365,78.9863493209847,OTHER,2024-10-01T05:42:32,8.506649,11.743324199933,78.9863726813188,OTHER
2026-03-04T10:07:08.840619,Map-Energy__sum__linear-conv00003-20241001_000047-20241001_060047-10.000000-15.000000.png,2024-10-01T00:00:47,2024-10-01T06:00:47,10.0,15.0,2024-10-01T03:00:47,12.5,11.5594114413877,78.9903276217732,NOISE,2024-10-01T03:00:47,12.5,11.5594114413877,78.9903276217732,NOISE,2024-10-01T03:00:47,12.5,11.5594114413877,78.9903276217732,NOISE,2024-10-01T03:00:47,12.5,11.5594114413877,78.9903276217732,NOISE
2026-03-04T10:11:46.376395,Map-Energy__sum__linear-conv00004-20241001_000047-20241001_060047-15.000000-20.000000.png,2024-10-01T00:00:47,2024-10-01T06:00:47,15.0,20.0,2024-10-01T03:00:47,17.5,11.3555231115476,79.0115662370871,NOISE,2024-10-01T03:00:47,17.5,11.3555231115476,79.0115662370871,NOISE,2024-10-01T03:00:47,17.5,11.3555231115476,79.0115662370871,NOISE,2024-10-01T03:00:47,17.5,11.3555231115476,79.0115662370871,NOISE
2026-03-04T10:28:54.614969,Map-Energy__sum__linear-conv00005-20241001_000047-20241001_060047-20.000000-25.000000.png,2024-10-01T00:00:47,2024-10-01T06:00:47,20.0,25.0,2024-10-01T03:00:47,22.5,11.1238434802504,79.0183136392333,NOISE,2024-10-01T03:00:47,22.5,11.1238434802504,79.0183136392333,NOISE,2024-10-01T03:00:47,22.5,11.1238434802504,79.0183136392333,NOISE,2024-10-01T03:00:47,22.5,11.1238434802504,79.0183136392333,NOISE
2026-03-04T10:40:27.431531,Map-Energy__sum__linear-conv00006-20241001_000047-20241001_060047-25.000000-30.000000.png,2024-10-01T00:00:47,2024-10-01T06:00:47,25.0,30.0,2024-10-01T03:00:47,27.5,10.889673808393,79.020806600637,NOISE,2024-10-01T03:00:47,27.5,10.889673808393,79.020806600637,NOISE,2024-10-01T03:00:47,27.5,10.889673808393,79.020806600637,NOISE,2024-10-01T03:00:47,27.5,10.889673808393,79.020806600637,NOISE
2026-03-04T10:46:46.215609,Map-Energy__sum__linear-conv00007-20241001_000047-20241001_060047-30.000000-35.000000.png,2024-10-01T00:00:47,2024-10-01T06:00:47,30.0,35.0,2024-10-01T03:00:47,32.5,10.6593790614908,79.0131989106931,NOISE,2024-10-01T03:00:47,32.5,10.6593790614908,79.0131989106931,NOISE,2024-10-01T03:00:47,32.5,10.6593790614908,79.0131989106931,NOISE,2024-10-01T03:00:47,32.5,10.6593790614908,79.0131989106931,NOISE
2026-03-04T10:50:31.703056,Map-Energy__sum__linear-conv00008-20241001_000047-20241001_060047-35.000000-40.000000.png,2024-10-01T00:00:47,2024-10-01T06:00:47,35.0,40.0,2024-10-01T03:00:47,37.5,10.437915725008,78.9984509925074,NOISE,2024-10-01T03:00:47,37.5,10.437915725008,78.9984509925074,NOISE,2024-10-01T03:00:47,37.5,10.437915725008,78.9984509925074,NOISE,2024-10-01T03:00:47,37.5,10.437915725008,78.9984509925074,NOISE
2026-03-04T10:56:51.503113,Map-Energy__sum__linear-conv00009-20241001_000047-20241001_060047-40.000000-45.000000.png,2024-10-01T00:00:47,2024-10-01T06:00:47,40.0,45.0,2024-10-01T03:00:47,42.5,10.2209936532221,78.9814941910257,NOISE,2024-10-01T03:00:47,42.5,10.2209936532221,78.9814941910257,NOISE,2024-10-01T03:00:47,42.5,10.2209936532221,78.9814941910257,NOISE,2024-10-01T03:00:47,42.5,10.2209936532221,78.9814941910257,NOISE
2026-03-04T11:02:04.126733,Map-Energy__sum__linear-conv00010-20241001_000047-20241001_060047-45.000000-49.900000.png,2024-10-01T00:00:47,2024-10-01T06:00:47,45.0,49.9,2024-10-01T03:00:47,47.45,10.0532262506808,78.9644950928927,NOISE,2024-10-01T03:00:47,47.45,10.0532262506808,78.9644950928927,NOISE,2024-10-01T03:00:47,47.45,10.0532262506808,78.9644950928927,NOISE,2024-10-01T03:00:47,47.45,10.0532262506808,78.9644950928927,NOISE
2026-03-05T09:46:50.055171,Map-Energy__sum__linear-conv00011-20241001_060047-20241001_120047-0.050000-5.000000.png,2024-10-01T06:00:47,2024-10-01T12:00:47,0.05,5.0,2024-10-01T09:00:47,2.525,11.9301635288236,78.9554869237935,NOISE,2024-10-01T09:00:47,2.525,11.9301635288236,78.9554869237935,NOISE,2024-10-01T09:00:47,2.525,11.9301635288236,78.9554869237935,NOISE,2024-10-01T09:00:47,2.525,11.9301635288236,78.9554869237935,NOISE
2026-03-04T09:55:20.233005,Map-Energy__sum__linear-conv00012-20241001_060047-20241001_120047-5.000000-10.000000.png,2024-10-01T06:00:47,2024-10-01T12:00:47,5.0,10.0,2024-10-01T09:00:47,7.5,11.7898272340434,78.9877048432448,NOISE,2024-10-01T09:00:47,7.5,11.7898272340434,78.9877048432448,NOISE,2024-10-01T09:00:47,7.5,11.7898272340434,78.9877048432448,NOISE,2024-10-01T09:00:47,7.5,11.7898272340434,78.9877048432448,NOISE
2026-03-04T10:07:12.392579,Map-Energy__sum__linear-conv00013-20241001_060047-20241001_120047-10.000000-15.000000.png,2024-10-01T06:00:47,2024-10-01T12:00:47,10.0,15.0,2024-10-01T09:00:47,12.5,11.5594114413877,78.9903276217732,NOISE,2024-10-01T09:00:47,12.5,11.5594114413877,78.9903276217732,NOISE,2024-10-01T09:00:47,12.5,11.5594114413877,78.9903276217732,NOISE,2024-10-01T09:00:47,12.5,11.5594114413877,78.9903276217732,NOISE
2026-03-04T10:11:48.560730,Map-Energy__sum__linear-conv00014-20241001_060047-20241001_120047-15.000000-20.000000.png,2024-10-01T06:00:47,2024-10-01T12:00:47,15.0,20.0,2024-10-01T09:00:47,17.5,11.3555231115476,79.0115662370871,NOISE,2024-10-01T09:00:47,17.5,11.3555231115476,79.0115662370871,NOISE,2024-10-01T09:00:47,17.5,11.3555231115476,79.0115662370871,NOISE,2024-10-01T09:00:47,17.5,11.3555231115476,79.0115662370871,NOISE
2026-03-04T10:28:56.287989,Map-Energy__sum__linear-conv00015-20241001_060047-20241001_120047-20.000000-25.000000.png,2024-10-01T06:00:47,2024-10-01T12:00:47,20.0,25.0,2024-10-01T09:00:47,22.5,11.1238434802504,79.0183136392333,NOISE,2024-10-01T09:00:47,22.5,11.1238434802504,79.0183136392333,NOISE,2024-10-01T09:00:47,22.5,11.1238434802504,79.0183136392333,NOISE,2024-10-01T09:00:47,22.5,11.1238434802504,79.0183136392333,NOISE
2026-03-04T10:40:30.535196,Map-Energy__sum__linear-conv00016-20241001_060047-20241001_120047-25.000000-30.000000.png,2024-10-01T06:00:47,2024-10-01T12:00:47,25.0,30.0,2024-10-01T09:00:47,27.5,10.889673808393,79.020806600637,NOISE,2024-10-01T09:00:47,27.5,10.889673808393,79.020806600637,NOISE,2024-10-01T09:00:47,27.5,10.889673808393,79.020806600637,NOISE,2024-10-01T09:00:47,27.5,10.889673808393,79.020806600637,NOISE
2026-03-04T10:46:47.927307,Map-Energy__sum__linear-conv00017-20241001_060047-20241001_120047-30.000000-35.000000.png,2024-10-01T06:00:47,2024-10-01T12:00:47,30.0,35.0,2024-10-01T09:00:47,32.5,10.6593790614908,79.0131989106931,NOISE,2024-10-01T09:00:47,32.5,10.6593790614908,79.0131989106931,NOISE,2024-10-01T09:00:47,32.5,10.6593790614908,79.0131989106931,NOISE,2024-10-01T09:00:47,32.5,10.6593790614908,79.0131989106931,NOISE
2026-03-04T10:50:33.167218,Map-Energy__sum__linear-conv00018-20241001_060047-20241001_120047-35.000000-40.000000.png,2024-10-01T06:00:47,2024-10-01T12:00:47,35.0,40.0,2024-10-01T09:00:47,37.5,10.437915725008,78.9984509925074,NOISE,2024-10-01T09:00:47,37.5,10.437915725008,78.9984509925074,NOISE,2024-10-01T09:00:47,37.5,10.437915725008,78.9984509925074,NOISE,2024-10-01T09:00:47,37.5,10.437915725008,78.9984509925074,NOISE
2026-03-04T10:56:52.438713,Map-Energy__sum__linear-conv00019-20241001_060047-20241001_120047-40.000000-45.000000.png,2024-10-01T06:00:47,2024-10-01T12:00:47,40.0,45.0,2024-10-01T09:00:47,42.5,10.2209936532221,78.9814941910257,NOISE,2024-10-01T09:00:47,42.5,10.2209936532221,78.9814941910257,NOISE,2024-10-01T09:00:47,42.5,10.2209936532221,78.9814941910257,NOISE,2024-10-01T09:00:47,42.5,10.2209936532221,78.9814941910257,NOISE
2026-03-04T11:02:04.982920,Map-Energy__sum__linear-conv00020-20241001_060047-20241001_120047-45.000000-49.900000.png,2024-10-01T06:00:47,2024-10-01T12:00:47,45.0,49.9,2024-10-01T09:00:47,47.45,10.0532262506808,78.9644950928927,NOISE,2024-10-01T09:00:47,47.45,10.0532262506808,78.9644950928927,NOISE,2024-10-01T09:00:47,47.45,10.0532262506808,78.9644950928927,NOISE,2024-10-01T09:00:47,47.45,10.0532262506808,78.9644950928927,NOISE
2026-03-05T09:46:51.230698,Map-Energy__sum__linear-conv00021-20241001_120047-20241001_180047-0.050000-5.000000.png,2024-10-01T12:00:47,2024-10-01T18:00:47,0.05,5.0,2024-10-01T15:00:47,2.525,11.9301635288236,78.9554869237935,NOISE,2024-10-01T15:00:47,2.525,11.9301635288236,78.9554869237935,NOISE,2024-10-01T15:00:47,2.525,11.9301635288236,78.9554869237935,NOISE,2024-10-01T15:00:47,2.525,11.9301635288236,78.9554869237935,NOISE
2026-03-04T09:55:25.960820,Map-Energy__sum__linear-conv00022-20241001_120047-20241001_180047-5.000000-10.000000.png,2024-10-01T12:00:47,2024-10-01T18:00:47,5.0,10.0,2024-10-01T15:00:47,7.5,11.7898272340434,78.9877048432448,NOISE,2024-10-01T15:00:47,7.5,11.7898272340434,78.9877048432448,NOISE,2024-10-01T15:00:47,7.5,11.7898272340434,78.9877048432448,NOISE,2024-10-01T15:00:47,7.5,11.7898272340434,78.9877048432448,NOISE
2026-03-04T10:07:16.432971,Map-Energy__sum__linear-conv00023-20241001_120047-20241001_180047-10.000000-15.000000.png,2024-10-01T12:00:47,2024-10-01T18:00:47,10.0,15.0,2024-10-01T15:00:47,12.5,11.5594114413877,78.9903276217732,NOISE,2024-10-01T15:00:47,12.5,11.5594114413877,78.9903276217732,NOISE,2024-10-01T15:00:47,12.5,11.5594114413877,78.9903276217732,NOISE,2024-10-01T15:00:47,12.5,11.5594114413877,78.9903276217732,NOISE
2026-03-04T10:11:50.080647,Map-Energy__sum__linear-conv00024-20241001_120047-20241001_180047-15.000000-20.000000.png,2024-10-01T12:00:47,2024-10-01T18:00:47,15.0,20.0,2024-10-01T15:00:47,17.5,11.3555231115476,79.0115662370871,NOISE,2024-10-01T15:00:47,17.5,11.3555231115476,79.0115662370871,NOISE,2024-10-01T15:00:47,17.5,11.3555231115476,79.0115662370871,NOISE,2024-10-01T15:00:47,17.5,11.3555231115476,79.0115662370871,NOISE
2026-03-04T10:28:57.511358,Map-Energy__sum__linear-conv00025-20241001_120047-20241001_180047-20.000000-25.000000.png,2024-10-01T12:00:47,2024-10-01T18:00:47,20.0,25.0,2024-10-01T15:00:47,22.5,11.1238434802504,79.0183136392333,NOISE,2024-10-01T15:00:47,22.5,11.1238434802504,79.0183136392333,NOISE,2024-10-01T15:00:47,22.5,11.1238434802504,79.0183136392333,NOISE,2024-10-01T15:00:47,22.5,11.1238434802504,79.0183136392333,NOISE
2026-03-04T10:40:35.503541,Map-Energy__sum__linear-conv00026-20241001_120047-20241001_180047-25.000000-30.000000.png,2024-10-01T12:00:47,2024-10-01T18:00:47,25.0,30.0,2024-10-01T15:00:47,27.5,10.889673808393,79.020806600637,NOISE,2024-10-01T15:00:47,27.5,10.889673808393,79.020806600637,NOISE,2024-10-01T15:00:47,27.5,10.889673808393,79.020806600637,NOISE,2024-10-01T15:00:47,27.5,10.889673808393,79.020806600637,NOISE
2026-03-04T10:46:50.647418,Map-Energy__sum__linear-conv00027-20241001_120047-20241001_180047-30.000000-35.000000.png,2024-10-01T12:00:47,2024-10-01T18:00:47,30.0,35.0,2024-10-01T15:00:47,32.5,10.6593790614908,79.0131989106931,NOISE,2024-10-01T15:00:47,32.5,10.6593790614908,79.0131989106931,NOISE,2024-10-01T15:00:47,32.5,10.6593790614908,79.0131989106931,NOISE,2024-10-01T15:00:47,32.5,10.6593790614908,79.0131989106931,NOISE
2026-03-04T10:50:34.319156,Map-Energy__sum__linear-conv00028-20241001_120047-20241001_180047-35.000000-40.000000.png,2024-10-01T12:00:47,2024-10-01T18:00:47,35.0,40.0,2024-10-01T15:00:47,37.5,10.437915725008,78.9984509925074,NOISE,2024-10-01T15:00:47,37.5,10.437915725008,78.9984509925074,NOISE,2024-10-01T15:00:47,37.5,10.437915725008,78.9984509925074,NOISE,2024-10-01T15:00:47,37.5,10.437915725008,78.9984509925074,NOISE
2026-03-04T10:56:54.774327,Map-Energy__sum__linear-conv00029-20241001_120047-20241001_180047-40.000000-45.000000.png,2024-10-01T12:00:47,2024-10-01T18:00:47,40.0,45.0,2024-10-01T15:00:47,42.5,10.2209936532221,78.9814941910257,NOISE,2024-10-01T15:00:47,42.5,10.2209936532221,78.9814941910257,NOISE,2024-10-01T15:00:47,42.5,10.2209936532221,78.9814941910257,NOISE,2024-10-01T15:00:47,42.5,10.2209936532221,78.9814941910257,NOISE
2026-03-04T11:02:06.550781,Map-Energy__sum__linear-conv00030-20241001_120047-20241001_180047-45.000000-49.900000.png,2024-10-01T12:00:47,2024-10-01T18:00:47,45.0,49.9,2024-10-01T15:00:47,47.45,10.0532262506808,78.9644950928927,NOISE,2024-10-01T15:00:47,47.45,10.0532262506808,78.9644950928927,NOISE,2024-10-01T15:00:47,47.45,10.0532262506808,78.9644950928927,NOISE,2024-10-01T15:00:47,47.45,10.0532262506808,78.9644950928927,NOISE
2026-03-05T09:46:52.127093,Map-Energy__sum__linear-conv00031-20241001_180047-20241002_000047-0.050000-5.000000.png,2024-10-01T18:00:47,2024-10-02T00:00:47,0.05,5.0,2024-10-01T21:00:47,2.525,11.9301635288236,78.9554869237935,NOISE,2024-10-01T21:00:47,2.525,11.9301635288236,78.9554869237935,NOISE,2024-10-01T21:00:47,2.525,11.9301635288236,78.9554869237935,NOISE,2024-10-01T21:00:47,2.525,11.9301635288236,78.9554869237935,NOISE
2026-03-04T09:55:28.609284,Map-Energy__sum__linear-conv00032-20241001_180047-20241002_000047-5.000000-10.000000.png,2024-10-01T18:00:47,2024-10-02T00:00:47,5.0,10.0,2024-10-01T21:00:47,7.5,11.7898272340434,78.9877048432448,NOISE,2024-10-01T21:00:47,7.5,11.7898272340434,78.9877048432448,NOISE,2024-10-01T21:00:47,7.5,11.7898272340434,78.9877048432448,NOISE,2024-10-01T21:00:47,7.5,11.7898272340434,78.9877048432448,NOISE
2026-03-04T10:07:25.416957,Map-Energy__sum__linear-conv00033-20241001_180047-20241002_000047-10.000000-15.000000.png,2024-10-01T18:00:47,2024-10-02T00:00:47,10.0,15.0,2024-10-01T21:00:47,12.5,11.5594114413877,78.9903276217732,NOISE,2024-10-01T21:00:47,12.5,11.5594114413877,78.9903276217732,NOISE,2024-10-01T21:00:47,12.5,11.5594114413877,78.9903276217732,NOISE,2024-10-01T21:00:47,12.5,11.5594114413877,78.9903276217732,NOISE
2026-03-04T10:11:51.648609,Map-Energy__sum__linear-conv00034-20241001_180047-20241002_000047-15.000000-20.000000.png,2024-10-01T18:00:47,2024-10-02T00:00:47,15.0,20.0,2024-10-01T21:00:47,17.5,11.3555231115476,79.0115662370871,NOISE,2024-10-01T21:00:47,17.5,11.3555231115476,79.0115662370871,NOISE,2024-10-01T21:00:47,17.5,11.3555231115476,79.0115662370871,NOISE,2024-10-01T21:00:47,17.5,11.3555231115476,79.0115662370871,NOISE
2026-03-04T10:28:58.975775,Map-Energy__sum__linear-conv00035-20241001_180047-20241002_000047-20.000000-25.000000.png,2024-10-01T18:00:47,2024-10-02T00:00:47,20.0,25.0,2024-10-01T21:00:47,22.5,11.1238434802504,79.0183136392333,NOISE,2024-10-01T21:00:47,22.5,11.1238434802504,79.0183136392333,NOISE,2024-10-01T21:00:47,22.5,11.1238434802504,79.0183136392333,NOISE,2024-10-01T21:00:47,22.5,11.1238434802504,79.0183136392333,NOISE
2026-03-04T10:40:39.111545,Map-Energy__sum__linear-conv00036-20241001_180047-20241002_000047-25.000000-30.000000.png,2024-10-01T18:00:47,2024-10-02T00:00:47,25.0,30.0,2024-10-01T21:00:47,27.5,10.889673808393,79.020806600637,NOISE,2024-10-01T21:00:47,27.5,10.889673808393,79.020806600637,NOISE,2024-10-01T21:00:47,27.5,10.889673808393,79.020806600637,NOISE,2024-10-01T21:00:47,27.5,10.889673808393,79.020806600637,NOISE
2026-03-04T10:46:52.479060,Map-Energy__sum__linear-conv00037-20241001_180047-20241002_000047-30.000000-35.000000.png,2024-10-01T18:00:47,2024-10-02T00:00:47,30.0,35.0,2024-10-01T21:00:47,32.5,10.6593790614908,79.0131989106931,NOISE,2024-10-01T21:00:47,32.5,10.6593790614908,79.0131989106931,NOISE,2024-10-01T21:00:47,32.5,10.6593790614908,79.0131989106931,NOISE,2024-10-01T21:00:47,32.5,10.6593790614908,79.0131989106931,NOISE
2026-03-04T10:50:35.615175,Map-Energy__sum__linear-conv00038-20241001_180047-20241002_000047-35.000000-40.000000.png,2024-10-01T18:00:47,2024-10-02T00:00:47,35.0,40.0,2024-10-01T21:00:47,37.5,10.437915725008,78.9984509925074,NOISE,2024-10-01T21:00:47,37.5,10.437915725008,78.9984509925074,NOISE,2024-10-01T21:00:47,37.5,10.437915725008,78.9984509925074,NOISE,2024-10-01T21:00:47,37.5,10.437915725008,78.9984509925074,NOISE
2026-03-04T10:56:56.486929,Map-Energy__sum__linear-conv00039-20241001_180047-20241002_000047-40.000000-45.000000.png,2024-10-01T18:00:47,2024-10-02T00:00:47,40.0,45.0,2024-10-01T21:00:47,42.5,10.2209936532221,78.9814941910257,NOISE,2024-10-01T21:00:47,42.5,10.2209936532221,78.9814941910257,NOISE,2024-10-01T21:00:47,42.5,10.2209936532221,78.9814941910257,NOISE,2024-10-01T21:00:47,42.5,10.2209936532221,78.9814941910257,NOISE
2026-03-04T11:02:09.590150,Map-Energy__sum__linear-conv00040-20241001_180047-20241002_000047-45.000000-49.900000.png,2024-10-01T18:00:47,2024-10-02T00:00:47,45.0,49.9,2024-10-01T21:00:47,47.45,10.0532262506808,78.9644950928927,NOISE,2024-10-01T21:00:47,47.45,10.0532262506808,78.9644950928927,NOISE,2024-10-01T21:00:47,47.45,10.0532262506808,78.9644950928927,NOISE,2024-10-01T21:00:47,47.45,10.0532262506808,78.9644950928927,NOISE
2026-03-05T09:46:53.487019,Map-Energy__sum__linear-conv00041-20241002_000047-20241002_060047-0.050000-5.000000.png,2024-10-02T00:00:47,2024-10-02T06:00:47,0.05,5.0,2024-10-02T03:00:47,2.525,11.9301635288236,78.9554869237935,NOISE,2024-10-02T03:00:47,2.525,11.9301635288236,78.9554869237935,NOISE,2024-10-02T03:00:47,2.525,11.9301635288236,78.9554869237935,NOISE,2024-10-02T03:00:47,2.525,11.9301635288236,78.9554869237935,NOISE
2026-03-04T09:55:31.001289,Map-Energy__sum__linear-conv00042-20241002_000047-20241002_060047-5.000000-10.000000.png,2024-10-02T00:00:47,2024-10-02T06:00:47,5.0,10.0,2024-10-02T03:00:47,7.5,11.7898272340434,78.9877048432448,NOISE,2024-10-02T03:00:47,7.5,11.7898272340434,78.9877048432448,NOISE,2024-10-02T03:00:47,7.5,11.7898272340434,78.9877048432448,NOISE,2024-10-02T03:00:47,7.5,11.7898272340434,78.9877048432448,NOISE
2026-03-04T10:07:28.968621,Map-Energy__sum__linear-conv00043-20241002_000047-20241002_060047-10.000000-15.000000.png,2024-10-02T00:00:47,2024-10-02T06:00:47,10.0,15.0,2024-10-02T03:00:47,12.5,11.5594114413877,78.9903276217732,NOISE,2024-10-02T03:00:47,12.5,11.5594114413877,78.9903276217732,NOISE,2024-10-02T03:00:47,12.5,11.5594114413877,78.9903276217732,NOISE,2024-10-02T03:00:47,12.5,11.5594114413877,78.9903276217732,NOISE
2026-03-04T10:11:54.392593,Map-Energy__sum__linear-conv00044-20241002_000047-20241002_060047-15.000000-20.000000.png,2024-10-02T00:00:47,2024-10-02T06:00:47,15.0,20.0,2024-10-02T03:00:47,17.5,11.3555231115476,79.0115662370871,NOISE,2024-10-02T03:00:47,17.5,11.3555231115476,79.0115662370871,NOISE,2024-10-02T03:00:47,17.5,11.3555231115476,79.0115662370871,NOISE,2024-10-02T03:00:47,17.5,11.3555231115476,79.0115662370871,NOISE
2026-03-04T10:29:00.791982,Map-Energy__sum__linear-conv00045-20241002_000047-20241002_060047-20.000000-25.000000.png,2024-10-02T00:00:47,2024-10-02T06:00:47,20.0,25.0,2024-10-02T03:00:47,22.5,11.1238434802504,79.0183136392333,NOISE,2024-10-02T03:00:47,22.5,11.1238434802504,79.0183136392333,NOISE,2024-10-02T03:00:47,22.5,11.1238434802504,79.0183136392333,NOISE,2024-10-02T03:00:47,22.5,11.1238434802504,79.0183136392333,NOISE
2026-03-04T10:40:41.495472,Map-Energy__sum__linear-conv00046-20241002_000047-20241002_060047-25.000000-30.000000.png,2024-10-02T00:00:47,2024-10-02T06:00:47,25.0,30.0,2024-10-02T03:00:47,27.5,10.889673808393,79.020806600637,NOISE,2024-10-02T03:00:47,27.5,10.889673808393,79.020806600637,NOISE,2024-10-02T03:00:47,27.5,10.889673808393,79.020806600637,NOISE,2024-10-02T03:00:47,27.5,10.889673808393,79.020806600637,NOISE
2026-03-04T10:46:54.831584,Map-Energy__sum__linear-conv00047-20241002_000047-20241002_060047-30.000000-35.000000.png,2024-10-02T00:00:47,2024-10-02T06:00:47,30.0,35.0,2024-10-02T03:00:47,32.5,10.6593790614908,79.0131989106931,NOISE,2024-10-02T03:00:47,32.5,10.6593790614908,79.0131989106931,NOISE,2024-10-02T03:00:47,32.5,10.6593790614908,79.0131989106931,NOISE,2024-10-02T03:00:47,32.5,10.6593790614908,79.0131989106931,NOISE
2026-03-04T10:50:36.903183,Map-Energy__sum__linear-conv00048-20241002_000047-20241002_060047-35.000000-40.000000.png,2024-10-02T00:00:47,2024-10-02T06:00:47,35.0,40.0,2024-10-02T03:00:47,37.5,10.437915725008,78.9984509925074,NOISE,2024-10-02T03:00:47,37.5,10.437915725008,78.9984509925074,NOISE,2024-10-02T03:00:47,37.5,10.437915725008,78.9984509925074,NOISE,2024-10-02T03:00:47,37.5,10.437915725008,78.9984509925074,NOISE
2026-03-04T10:56:58.070967,Map-Energy__sum__linear-conv00049-20241002_000047-20241002_060047-40.000000-45.000000.png,2024-10-02T00:00:47,2024-10-02T06:00:47,40.0,45.0,2024-10-02T03:00:47,42.5,10.2209936532221,78.9814941910257,NOISE,2024-10-02T03:00:47,42.5,10.2209936532221,78.9814941910257,NOISE,2024-10-02T03:00:47,42.5,10.2209936532221,78.9814941910257,NOISE,2024-10-02T03:00:47,42.5,10.2209936532221,78.9814941910257,NOISE
2026-03-04T11:02:11.437705,Map-Energy__sum__linear-conv00050-20241002_000047-20241002_060047-45.000000-49.900000.png,2024-10-02T00:00:47,2024-10-02T06:00:47,45.0,49.9,2024-10-02T03:00:47,47.45,10.0532262506808,78.9644950928927,NOISE,2024-10-02T03:00:47,47.45,10.0532262506808,78.9644950928927,NOISE,2024-10-02T03:00:47,47.45,10.0532262506808,78.9644950928927,NOISE,2024-10-02T03:00:47,47.45,10.0532262506808,78.9644950928927,NOISE
2026-03-05T09:47:22.319004,Map-Energy__sum__linear-conv00051-20241002_060047-20241002_120047-0.050000-5.000000.png,2024-10-02T06:00:47,2024-10-02T12:00:47,0.05,5.0,2024-10-02T09:00:47,2.525,11.9301635288236,78.9554869237935,NOISE,2024-10-02T09:00:47,2.525,11.9301635288236,78.9554869237935,NOISE,2024-10-02T09:00:47,2.525,11.9301635288236,78.9554869237935,NOISE,2024-10-02T09:00:47,2.525,11.9301635288236,78.9554869237935,NOISE
2026-03-04T09:58:11.065663,Map-Energy__sum__linear-conv00052-20241002_060047-20241002_120047-5.000000-10.000000.png,2024-10-02T06:00:47,2024-10-02T12:00:47,5.0,10.0,2024-10-02T09:00:47,7.5,11.7898272340434,78.9877048432448,NOISE,2024-10-02T09:00:47,7.5,11.7898272340434,78.9877048432448,NOISE,2024-10-02T09:00:47,7.5,11.7898272340434,78.9877048432448,NOISE,2024-10-02T09:00:47,7.5,11.7898272340434,78.9877048432448,NOISE
2026-03-04T10:07:31.800312,Map-Energy__sum__linear-conv00053-20241002_060047-20241002_120047-10.000000-15.000000.png,2024-10-02T06:00:47,2024-10-02T12:00:47,10.0,15.0,2024-10-02T09:00:47,12.5,11.5594114413877,78.9903276217732,NOISE,2024-10-02T09:00:47,12.5,11.5594114413877,78.9903276217732,NOISE,2024-10-02T09:00:47,12.5,11.5594114413877,78.9903276217732,NOISE,2024-10-02T09:00:47,12.5,11.5594114413877,78.9903276217732,NOISE
2026-03-04T10:11:57.448338,Map-Energy__sum__linear-conv00054-20241002_060047-20241002_120047-15.000000-20.000000.png,2024-10-02T06:00:47,2024-10-02T12:00:47,15.0,20.0,2024-10-02T09:00:47,17.5,11.3555231115476,79.0115662370871,NOISE,2024-10-02T09:00:47,17.5,11.3555231115476,79.0115662370871,NOISE,2024-10-02T09:00:47,17.5,11.3555231115476,79.0115662370871,NOISE,2024-10-02T09:00:47,17.5,11.3555231115476,79.0115662370871,NOISE
2026-03-04T10:29:02.358964,Map-Energy__sum__linear-conv00055-20241002_060047-20241002_120047-20.000000-25.000000.png,2024-10-02T06:00:47,2024-10-02T12:00:47,20.0,25.0,2024-10-02T09:00:47,22.5,11.1238434802504,79.0183136392333,NOISE,2024-10-02T09:00:47,22.5,11.1238434802504,79.0183136392333,NOISE,2024-10-02T09:00:47,22.5,11.1238434802504,79.0183136392333,NOISE,2024-10-02T09:00:47,22.5,11.1238434802504,79.0183136392333,NOISE
2026-03-04T10:40:43.279604,Map-Energy__sum__linear-conv00056-20241002_060047-20241002_120047-25.000000-30.000000.png,2024-10-02T06:00:47,2024-10-02T12:00:47,25.0,30.0,2024-10-02T09:00:47,27.5,10.889673808393,79.020806600637,NOISE,2024-10-02T09:00:47,27.5,10.889673808393,79.020806600637,NOISE,2024-10-02T09:00:47,27.5,10.889673808393,79.020806600637,NOISE,2024-10-02T09:00:47,27.5,10.889673808393,79.020806600637,NOISE
2026-03-04T10:46:56.335536,Map-Energy__sum__linear-conv00057-20241002_060047-20241002_120047-30.000000-35.000000.png,2024-10-02T06:00:47,2024-10-02T12:00:47,30.0,35.0,2024-10-02T09:00:47,32.5,10.6593790614908,79.0131989106931,NOISE,2024-10-02T09:00:47,32.5,10.6593790614908,79.0131989106931,NOISE,2024-10-02T09:00:47,32.5,10.6593790614908,79.0131989106931,NOISE,2024-10-02T09:00:47,32.5,10.6593790614908,79.0131989106931,NOISE
2026-03-04T10:50:38.518144,Map-Energy__sum__linear-conv00058-20241002_060047-20241002_120047-35.000000-40.000000.png,2024-10-02T06:00:47,2024-10-02T12:00:47,35.0,40.0,2024-10-02T09:00:47,37.5,10.437915725008,78.9984509925074,NOISE,2024-10-02T09:00:47,37.5,10.437915725008,78.9984509925074,NOISE,2024-10-02T09:00:47,37.5,10.437915725008,78.9984509925074,NOISE,2024-10-02T09:00:47,37.5,10.437915725008,78.9984509925074,NOISE
2026-03-04T10:56:59.727115,Map-Energy__sum__linear-conv00059-20241002_060047-20241002_120047-40.000000-45.000000.png,2024-10-02T06:00:47,2024-10-02T12:00:47,40.0,45.0,2024-10-02T09:00:47,42.5,10.2209936532221,78.9814941910257,NOISE,2024-10-02T09:00:47,42.5,10.2209936532221,78.9814941910257,NOISE,2024-10-02T09:00:47,42.5,10.2209936532221,78.9814941910257,NOISE,2024-10-02T09:00:47,42.5,10.2209936532221,78.9814941910257,NOISE
2026-03-04T11:02:13.686731,Map-Energy__sum__linear-conv00060-20241002_060047-20241002_120047-45.000000-49.900000.png,2024-10-02T06:00:47,2024-10-02T12:00:47,45.0,49.9,2024-10-02T09:00:47,47.45,10.0532262506808,78.9644950928927,NOISE,2024-10-02T09:00:47,47.45,10.0532262506808,78.9644950928927,NOISE,2024-10-02T09:00:47,47.45,10.0532262506808,78.9644950928927,NOISE,2024-10-02T09:00:47,47.45,10.0532262506808,78.9644950928927,NOISE
2026-03-05T09:48:08.750803,Map-Energy__sum__linear-conv00061-20241002_120047-20241002_180047-0.050000-5.000000.png,2024-10-02T12:00:47,2024-10-02T18:00:47,0.05,5.0,2024-10-02T15:00:47,2.525,11.9301635288236,78.9554869237935,NOISE,2024-10-02T15:00:47,2.525,11.9301635288236,78.9554869237935,NOISE,2024-10-02T15:00:47,2.525,11.9301635288236,78.9554869237935,NOISE,2024-10-02T15:00:47,2.525,11.9301635288236,78.9554869237935,NOISE
2026-03-04T09:58:14.193313,Map-Energy__sum__linear-conv00062-20241002_120047-20241002_180047-5.000000-10.000000.png,2024-10-02T12:00:47,2024-10-02T18:00:47,5.0,10.0,2024-10-02T15:00:47,7.5,11.7898272340434,78.9877048432448,NOISE,2024-10-02T15:00:47,7.5,11.7898272340434,78.9877048432448,NOISE,2024-10-02T15:00:47,7.5,11.7898272340434,78.9877048432448,NOISE,2024-10-02T15:00:47,7.5,11.7898272340434,78.9877048432448,NOISE
2026-03-04T10:07:34.328568,Map-Energy__sum__linear-conv00063-20241002_120047-20241002_180047-10.000000-15.000000.png,2024-10-02T12:00:47,2024-10-02T18:00:47,10.0,15.0,2024-10-02T15:00:47,12.5,11.5594114413877,78.9903276217732,NOISE,2024-10-02T15:00:47,12.5,11.5594114413877,78.9903276217732,NOISE,2024-10-02T15:00:47,12.5,11.5594114413877,78.9903276217732,NOISE,2024-10-02T15:00:47,12.5,11.5594114413877,78.9903276217732,NOISE
2026-03-04T10:12:00.968602,Map-Energy__sum__linear-conv00064-20241002_120047-20241002_180047-15.000000-20.000000.png,2024-10-02T12:00:47,2024-10-02T18:00:47,15.0,20.0,2024-10-02T15:00:47,17.5,11.3555231115476,79.0115662370871,NOISE,2024-10-02T15:00:47,17.5,11.3555231115476,79.0115662370871,NOISE,2024-10-02T15:00:47,17.5,11.3555231115476,79.0115662370871,NOISE,2024-10-02T15:00:47,17.5,11.3555231115476,79.0115662370871,NOISE
2026-03-04T10:29:03.767880,Map-Energy__sum__linear-conv00065-20241002_120047-20241002_180047-20.000000-25.000000.png,2024-10-02T12:00:47,2024-10-02T18:00:47,20.0,25.0,2024-10-02T15:00:47,22.5,11.1238434802504,79.0183136392333,NOISE,2024-10-02T15:00:47,22.5,11.1238434802504,79.0183136392333,NOISE,2024-10-02T15:00:47,22.5,11.1238434802504,79.0183136392333,NOISE,2024-10-02T15:00:47,22.5,11.1238434802504,79.0183136392333,NOISE
2026-03-04T10:40:44.863538,Map-Energy__sum__linear-conv00066-20241002_120047-20241002_180047-25.000000-30.000000.png,2024-10-02T12:00:47,2024-10-02T18:00:47,25.0,30.0,2024-10-02T15:00:47,27.5,10.889673808393,79.020806600637,NOISE,2024-10-02T15:00:47,27.5,10.889673808393,79.020806600637,NOISE,2024-10-02T15:00:47,27.5,10.889673808393,79.020806600637,NOISE,2024-10-02T15:00:47,27.5,10.889673808393,79.020806600637,NOISE
2026-03-04T10:46:58.566923,Map-Energy__sum__linear-conv00067-20241002_120047-20241002_180047-30.000000-35.000000.png,2024-10-02T12:00:47,2024-10-02T18:00:47,30.0,35.0,2024-10-02T15:00:47,32.5,10.6593790614908,79.0131989106931,NOISE,2024-10-02T15:00:47,32.5,10.6593790614908,79.0131989106931,NOISE,2024-10-02T15:00:47,32.5,10.6593790614908,79.0131989106931,NOISE,2024-10-02T15:00:47,32.5,10.6593790614908,79.0131989106931,NOISE
2026-03-04T10:50:42.103172,Map-Energy__sum__linear-conv00068-20241002_120047-20241002_180047-35.000000-40.000000.png,2024-10-02T12:00:47,2024-10-02T18:00:47,35.0,40.0,2024-10-02T15:00:47,37.5,10.437915725008,78.9984509925074,NOISE,2024-10-02T15:00:47,37.5,10.437915725008,78.9984509925074,NOISE,2024-10-02T15:00:47,37.5,10.437915725008,78.9984509925074,NOISE,2024-10-02T15:00:47,37.5,10.437915725008,78.9984509925074,NOISE
2026-03-04T10:57:01.471647,Map-Energy__sum__linear-conv00069-20241002_120047-20241002_180047-40.000000-45.000000.png,2024-10-02T12:00:47,2024-10-02T18:00:47,40.0,45.0,2024-10-02T15:00:47,42.5,10.2209936532221,78.9814941910257,NOISE,2024-10-02T15:00:47,42.5,10.2209936532221,78.9814941910257,NOISE,2024-10-02T15:00:47,42.5,10.2209936532221,78.9814941910257,NOISE,2024-10-02T15:00:47,42.5,10.2209936532221,78.9814941910257,NOISE
2026-03-04T11:02:16.206327,Map-Energy__sum__linear-conv00070-20241002_120047-20241002_180047-45.000000-49.900000.png,2024-10-02T12:00:47,2024-10-02T18:00:47,45.0,49.9,2024-10-02T15:00:47,47.45,10.0532262506808,78.9644950928927,NOISE,2024-10-02T15:00:47,47.45,10.0532262506808,78.9644950928927,NOISE,2024-10-02T15:00:47,47.45,10.0532262506808,78.9644950928927,NOISE,2024-10-02T15:00:47,47.45,10.0532262506808,78.9644950928927,NOISE
2026-03-05T09:49:07.182386,Map-Energy__sum__linear-conv00071-20241002_180047-20241003_000047-0.050000-5.000000.png,2024-10-02T18:00:47,2024-10-03T00:00:47,0.05,5.0,2024-10-02T23:21:14,0.777606,11.9021525895539,78.9436212517439,OTHER,2024-10-02T22:53:55,0.401039,11.8860157094881,78.9423824443874,NOISE,2024-10-02T19:11:27,3.414299,11.9111012774588,78.9625728942582,NOISE,2024-10-02T21:00:47,2.525,11.9301635288236,78.9554869237935,NOISE
2026-03-04T09:58:18.585442,Map-Energy__sum__linear-conv00072-20241002_180047-20241003_000047-5.000000-10.000000.png,2024-10-02T18:00:47,2024-10-03T00:00:47,5.0,10.0,2024-10-02T21:00:47,7.5,11.7898272340434,78.9877048432448,NOISE,2024-10-02T21:00:47,7.5,11.7898272340434,78.9877048432448,NOISE,2024-10-02T21:00:47,7.5,11.7898272340434,78.9877048432448,NOISE,2024-10-02T21:00:47,7.5,11.7898272340434,78.9877048432448,NOISE
2026-03-04T10:07:38.473061,Map-Energy__sum__linear-conv00073-20241002_180047-20241003_000047-10.000000-15.000000.png,2024-10-02T18:00:47,2024-10-03T00:00:47,10.0,15.0,2024-10-02T21:00:47,12.5,11.5594114413877,78.9903276217732,NOISE,2024-10-02T21:00:47,12.5,11.5594114413877,78.9903276217732,NOISE,2024-10-02T21:00:47,12.5,11.5594114413877,78.9903276217732,NOISE,2024-10-02T21:00:47,12.5,11.5594114413877,78.9903276217732,NOISE
2026-03-04T10:12:11.096434,Map-Energy__sum__linear-conv00074-20241002_180047-20241003_000047-15.000000-20.000000.png,2024-10-02T18:00:47,2024-10-03T00:00:47,15.0,20.0,2024-10-02T21:00:47,17.5,11.3555231115476,79.0115662370871,NOISE,2024-10-02T21:00:47,17.5,11.3555231115476,79.0115662370871,NOISE,2024-10-02T21:00:47,17.5,11.3555231115476,79.0115662370871,NOISE,2024-10-02T21:00:47,17.5,11.3555231115476,79.0115662370871,NOISE
2026-03-04T10:29:06.272173,Map-Energy__sum__linear-conv00075-20241002_180047-20241003_000047-20.000000-25.000000.png,2024-10-02T18:00:47,2024-10-03T00:00:47,20.0,25.0,2024-10-02T21:00:47,22.5,11.1238434802504,79.0183136392333,NOISE,2024-10-02T21:00:47,22.5,11.1238434802504,79.0183136392333,NOISE,2024-10-02T21:00:47,22.5,11.1238434802504,79.0183136392333,NOISE,2024-10-02T21:00:47,22.5,11.1238434802504,79.0183136392333,NOISE
2026-03-04T10:40:46.502857,Map-Energy__sum__linear-conv00076-20241002_180047-20241003_000047-25.000000-30.000000.png,2024-10-02T18:00:47,2024-10-03T00:00:47,25.0,30.0,2024-10-02T21:00:47,27.5,10.889673808393,79.020806600637,NOISE,2024-10-02T21:00:47,27.5,10.889673808393,79.020806600637,NOISE,2024-10-02T21:00:47,27.5,10.889673808393,79.020806600637,NOISE,2024-10-02T21:00:47,27.5,10.889673808393,79.020806600637,NOISE
2026-03-04T10:47:00.582980,Map-Energy__sum__linear-conv00077-20241002_180047-20241003_000047-30.000000-35.000000.png,2024-10-02T18:00:47,2024-10-03T00:00:47,30.0,35.0,2024-10-02T21:00:47,32.5,10.6593790614908,79.0131989106931,NOISE,2024-10-02T21:00:47,32.5,10.6593790614908,79.0131989106931,NOISE,2024-10-02T21:00:47,32.5,10.6593790614908,79.0131989106931,NOISE,2024-10-02T21:00:47,32.5,10.6593790614908,79.0131989106931,NOISE
2026-03-04T10:50:46.015179,Map-Energy__sum__linear-conv00078-20241002_180047-20241003_000047-35.000000-40.000000.png,2024-10-02T18:00:47,2024-10-03T00:00:47,35.0,40.0,2024-10-02T21:00:47,37.5,10.437915725008,78.9984509925074,NOISE,2024-10-02T21:00:47,37.5,10.437915725008,78.9984509925074,NOISE,2024-10-02T21:00:47,37.5,10.437915725008,78.9984509925074,NOISE,2024-10-02T21:00:47,37.5,10.437915725008,78.9984509925074,NOISE
2026-03-04T10:57:03.190632,Map-Energy__sum__linear-conv00079-20241002_180047-20241003_000047-40.000000-45.000000.png,2024-10-02T18:00:47,2024-10-03T00:00:47,40.0,45.0,2024-10-02T21:00:47,42.5,10.2209936532221,78.9814941910257,NOISE,2024-10-02T21:00:47,42.5,10.2209936532221,78.9814941910257,NOISE,2024-10-02T21:00:47,42.5,10.2209936532221,78.9814941910257,NOISE,2024-10-02T21:00:47,42.5,10.2209936532221,78.9814941910257,NOISE
2026-03-04T11:02:17.686718,Map-Energy__sum__linear-conv00080-20241002_180047-20241003_000047-45.000000-49.900000.png,2024-10-02T18:00:47,2024-10-03T00:00:47,45.0,49.9,2024-10-02T21:00:47,47.45,10.0532262506808,78.9644950928927,NOISE,2024-10-02T21:00:47,47.45,10.0532262506808,78.9644950928927,NOISE,2024-10-02T21:00:47,47.45,10.0532262506808,78.9644950928927,NOISE,2024-10-02T21:00:47,47.45,10.0532262506808,78.9644950928927,NOISE
2026-03-04T09:30:39.041614,Map-Energy__sum__linear-conv00081-20241003_000047-20241003_060047-0.050000-5.000000.png,2024-10-03T00:00:47,2024-10-03T06:00:47,0.05,5.0,2024-10-03T01:03:30,1.26126,11.9214052112443,78.9451583441597,OTHER,2024-10-03T04:57:05,3.398697,11.9113154730375,78.9624932700772,NOISE,2024-10-03T03:00:47,2.525,11.9301635288236,78.9554869237935,NOISE,2024-10-03T03:00:47,2.525,11.9301635288236,78.9554869237935,NOISE
2026-03-04T09:58:21.042288,Map-Energy__sum__linear-conv00082-20241003_000047-20241003_060047-5.000000-10.000000.png,2024-10-03T00:00:47,2024-10-03T06:00:47,5.0,10.0,2024-10-03T03:00:47,7.5,11.7898272340434,78.9877048432448,NOISE,2024-10-03T03:00:47,7.5,11.7898272340434,78.9877048432448,NOISE,2024-10-03T03:00:47,7.5,11.7898272340434,78.9877048432448,NOISE,2024-10-03T03:00:47,7.5,11.7898272340434,78.9877048432448,NOISE
2026-03-04T10:07:41.296471,Map-Energy__sum__linear-conv00083-20241003_000047-20241003_060047-10.000000-15.000000.png,2024-10-03T00:00:47,2024-10-03T06:00:47,10.0,15.0,2024-10-03T03:00:47,12.5,11.5594114413877,78.9903276217732,NOISE,2024-10-03T03:00:47,12.5,11.5594114413877,78.9903276217732,NOISE,2024-10-03T03:00:47,12.5,11.5594114413877,78.9903276217732,NOISE,2024-10-03T03:00:47,12.5,11.5594114413877,78.9903276217732,NOISE
2026-03-04T10:12:15.384514,Map-Energy__sum__linear-conv00084-20241003_000047-20241003_060047-15.000000-20.000000.png,2024-10-03T00:00:47,2024-10-03T06:00:47,15.0,20.0,2024-10-03T03:00:47,17.5,11.3555231115476,79.0115662370871,NOISE,2024-10-03T03:00:47,17.5,11.3555231115476,79.0115662370871,NOISE,2024-10-03T03:00:47,17.5,11.3555231115476,79.0115662370871,NOISE,2024-10-03T03:00:47,17.5,11.3555231115476,79.0115662370871,NOISE
2026-03-04T10:29:11.518958,Map-Energy__sum__linear-conv00085-20241003_000047-20241003_060047-20.000000-25.000000.png,2024-10-03T00:00:47,2024-10-03T06:00:47,20.0,25.0,2024-10-03T03:00:47,22.5,11.1238434802504,79.0183136392333,NOISE,2024-10-03T03:00:47,22.5,11.1238434802504,79.0183136392333,NOISE,2024-10-03T03:00:47,22.5,11.1238434802504,79.0183136392333,NOISE,2024-10-03T03:00:47,22.5,11.1238434802504,79.0183136392333,NOISE
2026-03-04T10:40:47.758849,Map-Energy__sum__linear-conv00086-20241003_000047-20241003_060047-25.000000-30.000000.png,2024-10-03T00:00:47,2024-10-03T06:00:47,25.0,30.0,2024-10-03T03:00:47,27.5,10.889673808393,79.020806600637,NOISE,2024-10-03T03:00:47,27.5,10.889673808393,79.020806600637,NOISE,2024-10-03T03:00:47,27.5,10.889673808393,79.020806600637,NOISE,2024-10-03T03:00:47,27.5,10.889673808393,79.020806600637,NOISE
2026-03-04T10:47:02.407282,Map-Energy__sum__linear-conv00087-20241003_000047-20241003_060047-30.000000-35.000000.png,2024-10-03T00:00:47,2024-10-03T06:00:47,30.0,35.0,2024-10-03T03:00:47,32.5,10.6593790614908,79.0131989106931,NOISE,2024-10-03T03:00:47,32.5,10.6593790614908,79.0131989106931,NOISE,2024-10-03T03:00:47,32.5,10.6593790614908,79.0131989106931,NOISE,2024-10-03T03:00:47,32.5,10.6593790614908,79.0131989106931,NOISE
2026-03-04T10:50:47.830130,Map-Energy__sum__linear-conv00088-20241003_000047-20241003_060047-35.000000-40.000000.png,2024-10-03T00:00:47,2024-10-03T06:00:47,35.0,40.0,2024-10-03T03:00:47,37.5,10.437915725008,78.9984509925074,NOISE,2024-10-03T03:00:47,37.5,10.437915725008,78.9984509925074,NOISE,2024-10-03T03:00:47,37.5,10.437915725008,78.9984509925074,NOISE,2024-10-03T03:00:47,37.5,10.437915725008,78.9984509925074,NOISE
2026-03-04T10:57:04.511243,Map-Energy__sum__linear-conv00089-20241003_000047-20241003_060047-40.000000-45.000000.png,2024-10-03T00:00:47,2024-10-03T06:00:47,40.0,45.0,2024-10-03T03:00:47,42.5,10.2209936532221,78.9814941910257,NOISE,2024-10-03T03:00:47,42.5,10.2209936532221,78.9814941910257,NOISE,2024-10-03T03:00:47,42.5,10.2209936532221,78.9814941910257,NOISE,2024-10-03T03:00:47,42.5,10.2209936532221,78.9814941910257,NOISE
2026-03-04T11:02:18.982696,Map-Energy__sum__linear-conv00090-20241003_000047-20241003_060047-45.000000-49.900000.png,2024-10-03T00:00:47,2024-10-03T06:00:47,45.0,49.9,2024-10-03T03:00:47,47.45,10.0532262506808,78.9644950928927,NOISE,2024-10-03T03:00:47,47.45,10.0532262506808,78.9644950928927,NOISE,2024-10-03T03:00:47,47.45,10.0532262506808,78.9644950928927,NOISE,2024-10-03T03:00:47,47.45,10.0532262506808,78.9644950928927,NOISE
2026-03-04T09:31:17.817492,Map-Energy__sum__linear-conv00091-20241003_060047-20241003_120047-0.050000-5.000000.png,2024-10-03T06:00:47,2024-10-03T12:00:47,0.05,5.0,2024-10-03T09:00:47,2.525,11.9301635288236,78.9554869237935,NOISE,2024-10-03T09:00:47,2.525,11.9301635288236,78.9554869237935,NOISE,2024-10-03T09:00:47,2.525,11.9301635288236,78.9554869237935,NOISE,2024-10-03T09:00:47,2.525,11.9301635288236,78.9554869237935,NOISE
2026-03-04T09:58:24.865435,Map-Energy__sum__linear-conv00092-20241003_060047-20241003_120047-5.000000-10.000000.png,2024-10-03T06:00:47,2024-10-03T12:00:47,5.0,10.0,2024-10-03T09:00:47,7.5,11.7898272340434,78.9877048432448,NOISE,2024-10-03T09:00:47,7.5,11.7898272340434,78.9877048432448,NOISE,2024-10-03T09:00:47,7.5,11.7898272340434,78.9877048432448,NOISE,2024-10-03T09:00:47,7.5,11.7898272340434,78.9877048432448,NOISE
2026-03-04T10:07:43.377131,Map-Energy__sum__linear-conv00093-20241003_060047-20241003_120047-10.000000-15.000000.png,2024-10-03T06:00:47,2024-10-03T12:00:47,10.0,15.0,2024-10-03T09:00:47,12.5,11.5594114413877,78.9903276217732,NOISE,2024-10-03T09:00:47,12.5,11.5594114413877,78.9903276217732,NOISE,2024-10-03T09:00:47,12.5,11.5594114413877,78.9903276217732,NOISE,2024-10-03T09:00:47,12.5,11.5594114413877,78.9903276217732,NOISE
2026-03-04T10:12:20.360584,Map-Energy__sum__linear-conv00094-20241003_060047-20241003_120047-15.000000-20.000000.png,2024-10-03T06:00:47,2024-10-03T12:00:47,15.0,20.0,2024-10-03T09:00:47,17.5,11.3555231115476,79.0115662370871,NOISE,2024-10-03T09:00:47,17.5,11.3555231115476,79.0115662370871,NOISE,2024-10-03T09:00:47,17.5,11.3555231115476,79.0115662370871,NOISE,2024-10-03T09:00:47,17.5,11.3555231115476,79.0115662370871,NOISE
2026-03-04T10:29:13.879731,Map-Energy__sum__linear-conv00095-20241003_060047-20241003_120047-20.000000-25.000000.png,2024-10-03T06:00:47,2024-10-03T12:00:47,20.0,25.0,2024-10-03T09:00:47,22.5,11.1238434802504,79.0183136392333,NOISE,2024-10-03T09:00:47,22.5,11.1238434802504,79.0183136392333,NOISE,2024-10-03T09:00:47,22.5,11.1238434802504,79.0183136392333,NOISE,2024-10-03T09:00:47,22.5,11.1238434802504,79.0183136392333,NOISE
2026-03-04T10:40:49.127760,Map-Energy__sum__linear-conv00096-20241003_060047-20241003_120047-25.000000-30.000000.png,2024-10-03T06:00:47,2024-10-03T12:00:47,25.0,30.0,2024-10-03T09:00:47,27.5,10.889673808393,79.020806600637,NOISE,2024-10-03T09:00:47,27.5,10.889673808393,79.020806600637,NOISE,2024-10-03T09:00:47,27.5,10.889673808393,79.020806600637,NOISE,2024-10-03T09:00:47,27.5,10.889673808393,79.020806600637,NOISE
2026-03-04T10:47:04.335287,Map-Energy__sum__linear-conv00097-20241003_060047-20241003_120047-30.000000-35.000000.png,2024-10-03T06:00:47,2024-10-03T12:00:47,30.0,35.0,2024-10-03T09:00:47,32.5,10.6593790614908,79.0131989106931,NOISE,2024-10-03T09:00:47,32.5,10.6593790614908,79.0131989106931,NOISE,2024-10-03T09:00:47,32.5,10.6593790614908,79.0131989106931,NOISE,2024-10-03T09:00:47,32.5,10.6593790614908,79.0131989106931,NOISE
2026-03-04T10:50:53.974762,Map-Energy__sum__linear-conv00098-20241003_060047-20241003_120047-35.000000-40.000000.png,2024-10-03T06:00:47,2024-10-03T12:00:47,35.0,40.0,2024-10-03T09:00:47,37.5,10.437915725008,78.9984509925074,NOISE,2024-10-03T09:00:47,37.5,10.437915725008,78.9984509925074,NOISE,2024-10-03T09:00:47,37.5,10.437915725008,78.9984509925074,NOISE,2024-10-03T09:00:47,37.5,10.437915725008,78.9984509925074,NOISE
2026-03-04T10:57:05.695048,Map-Energy__sum__linear-conv00099-20241003_060047-20241003_120047-40.000000-45.000000.png,2024-10-03T06:00:47,2024-10-03T12:00:47,40.0,45.0,2024-10-03T09:00:47,42.5,10.2209936532221,78.9814941910257,NOISE,2024-10-03T09:00:47,42.5,10.2209936532221,78.9814941910257,NOISE,2024-10-03T09:00:47,42.5,10.2209936532221,78.9814941910257,NOISE,2024-10-03T09:00:47,42.5,10.2209936532221,78.9814941910257,NOISE
2026-03-04T11:02:20.078478,Map-Energy__sum__linear-conv00100-20241003_060047-20241003_120047-45.000000-49.900000.png,2024-10-03T06:00:47,2024-10-03T12:00:47,45.0,49.9,2024-10-03T09:00:47,47.45,10.0532262506808,78.9644950928927,NOISE,2024-10-03T09:00:47,47.45,10.0532262506808,78.9644950928927,NOISE,2024-10-03T09:00:47,47.45,10.0532262506808,78.9644950928927,NOISE,2024-10-03T09:00:47,47.45,10.0532262506808,78.9644950928927,NOISE
2026-03-04T09:31:21.217983,Map-Energy__sum__linear-conv00101-20241003_120047-20241003_180047-0.050000-5.000000.png,2024-10-03T12:00:47,2024-10-03T18:00:47,0.05,5.0,2024-10-03T15:00:47,2.525,11.9301635288236,78.9554869237935,NOISE,2024-10-03T15:00:47,2.525,11.9301635288236,78.9554869237935,NOISE,2024-10-03T15:00:47,2.525,11.9301635288236,78.9554869237935,NOISE,2024-10-03T15:00:47,2.525,11.9301635288236,78.9554869237935,NOISE
2026-03-04T09:58:27.553014,Map-Energy__sum__linear-conv00102-20241003_120047-20241003_180047-5.000000-10.000000.png,2024-10-03T12:00:47,2024-10-03T18:00:47,5.0,10.0,2024-10-03T15:00:47,7.5,11.7898272340434,78.9877048432448,NOISE,2024-10-03T15:00:47,7.5,11.7898272340434,78.9877048432448,NOISE,2024-10-03T15:00:47,7.5,11.7898272340434,78.9877048432448,NOISE,2024-10-03T15:00:47,7.5,11.7898272340434,78.9877048432448,NOISE
2026-03-04T10:07:45.393123,Map-Energy__sum__linear-conv00103-20241003_120047-20241003_180047-10.000000-15.000000.png,2024-10-03T12:00:47,2024-10-03T18:00:47,10.0,15.0,2024-10-03T15:00:47,12.5,11.5594114413877,78.9903276217732,NOISE,2024-10-03T15:00:47,12.5,11.5594114413877,78.9903276217732,NOISE,2024-10-03T15:00:47,12.5,11.5594114413877,78.9903276217732,NOISE,2024-10-03T15:00:47,12.5,11.5594114413877,78.9903276217732,NOISE
2026-03-04T10:12:25.897553,Map-Energy__sum__linear-conv00104-20241003_120047-20241003_180047-15.000000-20.000000.png,2024-10-03T12:00:47,2024-10-03T18:00:47,15.0,20.0,2024-10-03T15:00:47,17.5,11.3555231115476,79.0115662370871,NOISE,2024-10-03T15:00:47,17.5,11.3555231115476,79.0115662370871,NOISE,2024-10-03T15:00:47,17.5,11.3555231115476,79.0115662370871,NOISE,2024-10-03T15:00:47,17.5,11.3555231115476,79.0115662370871,NOISE
2026-03-04T10:29:16.159273,Map-Energy__sum__linear-conv00105-20241003_120047-20241003_180047-20.000000-25.000000.png,2024-10-03T12:00:47,2024-10-03T18:00:47,20.0,25.0,2024-10-03T15:00:47,22.5,11.1238434802504,79.0183136392333,NOISE,2024-10-03T15:00:47,22.5,11.1238434802504,79.0183136392333,NOISE,2024-10-03T15:00:47,22.5,11.1238434802504,79.0183136392333,NOISE,2024-10-03T15:00:47,22.5,11.1238434802504,79.0183136392333,NOISE
2026-03-04T10:40:50.999571,Map-Energy__sum__linear-conv00106-20241003_120047-20241003_180047-25.000000-30.000000.png,2024-10-03T12:00:47,2024-10-03T18:00:47,25.0,30.0,2024-10-03T15:00:47,27.5,10.889673808393,79.020806600637,NOISE,2024-10-03T15:00:47,27.5,10.889673808393,79.020806600637,NOISE,2024-10-03T15:00:47,27.5,10.889673808393,79.020806600637,NOISE,2024-10-03T15:00:47,27.5,10.889673808393,79.020806600637,NOISE
2026-03-04T10:47:07.719162,Map-Energy__sum__linear-conv00107-20241003_120047-20241003_180047-30.000000-35.000000.png,2024-10-03T12:00:47,2024-10-03T18:00:47,30.0,35.0,2024-10-03T15:00:47,32.5,10.6593790614908,79.0131989106931,NOISE,2024-10-03T15:00:47,32.5,10.6593790614908,79.0131989106931,NOISE,2024-10-03T15:00:47,32.5,10.6593790614908,79.0131989106931,NOISE,2024-10-03T15:00:47,32.5,10.6593790614908,79.0131989106931,NOISE
2026-03-04T10:50:55.535303,Map-Energy__sum__linear-conv00108-20241003_120047-20241003_180047-35.000000-40.000000.png,2024-10-03T12:00:47,2024-10-03T18:00:47,35.0,40.0,2024-10-03T15:00:47,37.5,10.437915725008,78.9984509925074,NOISE,2024-10-03T15:00:47,37.5,10.437915725008,78.9984509925074,NOISE,2024-10-03T15:00:47,37.5,10.437915725008,78.9984509925074,NOISE,2024-10-03T15:00:47,37.5,10.437915725008,78.9984509925074,NOISE
2026-03-04T10:57:07.174397,Map-Energy__sum__linear-conv00109-20241003_120047-20241003_180047-40.000000-45.000000.png,2024-10-03T12:00:47,2024-10-03T18:00:47,40.0,45.0,2024-10-03T15:00:47,42.5,10.2209936532221,78.9814941910257,NOISE,2024-10-03T15:00:47,42.5,10.2209936532221,78.9814941910257,NOISE,2024-10-03T15:00:47,42.5,10.2209936532221,78.9814941910257,NOISE,2024-10-03T15:00:47,42.5,10.2209936532221,78.9814941910257,NOISE
2026-03-04T11:02:21.014795,Map-Energy__sum__linear-conv00110-20241003_120047-20241003_180047-45.000000-49.900000.png,2024-10-03T12:00:47,2024-10-03T18:00:47,45.0,49.9,2024-10-03T15:00:47,47.45,10.0532262506808,78.9644950928927,NOISE,2024-10-03T15:00:47,47.45,10.0532262506808,78.9644950928927,NOISE,2024-10-03T15:00:47,47.45,10.0532262506808,78.9644950928927,NOISE,2024-10-03T15:00:47,47.45,10.0532262506808,78.9644950928927,NOISE
2026-03-04T09:32:21.130113,Map-Energy__sum__linear-conv00111-20241003_180047-20241004_000047-0.050000-5.000000.png,2024-10-03T18:00:47,2024-10-04T00:00:47,0.05,5.0,2024-10-03T21:00:47,2.525,11.9301635288236,78.9554869237935,NOISE,2024-10-03T21:00:47,2.525,11.9301635288236,78.9554869237935,NOISE,2024-10-03T21:00:47,2.525,11.9301635288236,78.9554869237935,NOISE,2024-10-03T21:00:47,2.525,11.9301635288236,78.9554869237935,NOISE
2026-03-04T09:58:33.571007,Map-Energy__sum__linear-conv00112-20241003_180047-20241004_000047-5.000000-10.000000.png,2024-10-03T18:00:47,2024-10-04T00:00:47,5.0,10.0,2024-10-03T21:00:47,7.5,11.7898272340434,78.9877048432448,NOISE,2024-10-03T21:00:47,7.5,11.7898272340434,78.9877048432448,NOISE,2024-10-03T21:00:47,7.5,11.7898272340434,78.9877048432448,NOISE,2024-10-03T21:00:47,7.5,11.7898272340434,78.9877048432448,NOISE
2026-03-04T10:07:47.448624,Map-Energy__sum__linear-conv00113-20241003_180047-20241004_000047-10.000000-15.000000.png,2024-10-03T18:00:47,2024-10-04T00:00:47,10.0,15.0,2024-10-03T21:00:47,12.5,11.5594114413877,78.9903276217732,NOISE,2024-10-03T21:00:47,12.5,11.5594114413877,78.9903276217732,NOISE,2024-10-03T21:00:47,12.5,11.5594114413877,78.9903276217732,NOISE,2024-10-03T21:00:47,12.5,11.5594114413877,78.9903276217732,NOISE
2026-03-04T10:12:33.568690,Map-Energy__sum__linear-conv00114-20241003_180047-20241004_000047-15.000000-20.000000.png,2024-10-03T18:00:47,2024-10-04T00:00:47,15.0,20.0,2024-10-03T21:00:47,17.5,11.3555231115476,79.0115662370871,NOISE,2024-10-03T21:00:47,17.5,11.3555231115476,79.0115662370871,NOISE,2024-10-03T21:00:47,17.5,11.3555231115476,79.0115662370871,NOISE,2024-10-03T21:00:47,17.5,11.3555231115476,79.0115662370871,NOISE
2026-03-04T10:29:18.983457,Map-Energy__sum__linear-conv00115-20241003_180047-20241004_000047-20.000000-25.000000.png,2024-10-03T18:00:47,2024-10-04T00:00:47,20.0,25.0,2024-10-03T21:00:47,22.5,11.1238434802504,79.0183136392333,NOISE,2024-10-03T21:00:47,22.5,11.1238434802504,79.0183136392333,NOISE,2024-10-03T21:00:47,22.5,11.1238434802504,79.0183136392333,NOISE,2024-10-03T21:00:47,22.5,11.1238434802504,79.0183136392333,NOISE
2026-03-04T10:40:52.598997,Map-Energy__sum__linear-conv00116-20241003_180047-20241004_000047-25.000000-30.000000.png,2024-10-03T18:00:47,2024-10-04T00:00:47,25.0,30.0,2024-10-03T21:00:47,27.5,10.889673808393,79.020806600637,NOISE,2024-10-03T21:00:47,27.5,10.889673808393,79.020806600637,NOISE,2024-10-03T21:00:47,27.5,10.889673808393,79.020806600637,NOISE,2024-10-03T21:00:47,27.5,10.889673808393,79.020806600637,NOISE
2026-03-04T10:47:09.383109,Map-Energy__sum__linear-conv00117-20241003_180047-20241004_000047-30.000000-35.000000.png,2024-10-03T18:00:47,2024-10-04T00:00:47,30.0,35.0,2024-10-03T21:00:47,32.5,10.6593790614908,79.0131989106931,NOISE,2024-10-03T21:00:47,32.5,10.6593790614908,79.0131989106931,NOISE,2024-10-03T21:00:47,32.5,10.6593790614908,79.0131989106931,NOISE,2024-10-03T21:00:47,32.5,10.6593790614908,79.0131989106931,NOISE
2026-03-04T10:50:56.895227,Map-Energy__sum__linear-conv00118-20241003_180047-20241004_000047-35.000000-40.000000.png,2024-10-03T18:00:47,2024-10-04T00:00:47,35.0,40.0,2024-10-03T21:00:47,37.5,10.437915725008,78.9984509925074,NOISE,2024-10-03T21:00:47,37.5,10.437915725008,78.9984509925074,NOISE,2024-10-03T21:00:47,37.5,10.437915725008,78.9984509925074,NOISE,2024-10-03T21:00:47,37.5,10.437915725008,78.9984509925074,NOISE
2026-03-04T10:57:08.679491,Map-Energy__sum__linear-conv00119-20241003_180047-20241004_000047-40.000000-45.000000.png,2024-10-03T18:00:47,2024-10-04T00:00:47,40.0,45.0,2024-10-03T21:00:47,42.5,10.2209936532221,78.9814941910257,NOISE,2024-10-03T21:00:47,42.5,10.2209936532221,78.9814941910257,NOISE,2024-10-03T21:00:47,42.5,10.2209936532221,78.9814941910257,NOISE,2024-10-03T21:00:47,42.5,10.2209936532221,78.9814941910257,NOISE
2026-03-04T11:02:22.198439,Map-Energy__sum__linear-conv00120-20241003_180047-20241004_000047-45.000000-49.900000.png,2024-10-03T18:00:47,2024-10-04T00:00:47,45.0,49.9,2024-10-03T21:00:47,47.45,10.0532262506808,78.9644950928927,NOISE,2024-10-03T21:00:47,47.45,10.0532262506808,78.9644950928927,NOISE,2024-10-03T21:00:47,47.45,10.0532262506808,78.9644950928927,NOISE,2024-10-03T21:00:47,47.45,10.0532262506808,78.9644950928927,NOISE
2026-03-04T09:36:07.312473,Map-Energy__sum__linear-conv00121-20241004_000047-20241004_060047-0.050000-5.000000.png,2024-10-04T00:00:47,2024-10-04T06:00:47,0.05,5.0,2024-10-04T03:00:47,2.525,11.9301635288236,78.9554869237935,NOISE,2024-10-04T03:00:47,2.525,11.9301635288236,78.9554869237935,NOISE,2024-10-04T03:00:47,2.525,11.9301635288236,78.9554869237935,NOISE,2024-10-04T03:00:47,2.525,11.9301635288236,78.9554869237935,NOISE
2026-03-04T09:58:35.584668,Map-Energy__sum__linear-conv00122-20241004_000047-20241004_060047-5.000000-10.000000.png,2024-10-04T00:00:47,2024-10-04T06:00:47,5.0,10.0,2024-10-04T03:00:47,7.5,11.7898272340434,78.9877048432448,NOISE,2024-10-04T03:00:47,7.5,11.7898272340434,78.9877048432448,NOISE,2024-10-04T03:00:47,7.5,11.7898272340434,78.9877048432448,NOISE,2024-10-04T03:00:47,7.5,11.7898272340434,78.9877048432448,NOISE
2026-03-04T10:07:49.337840,Map-Energy__sum__linear-conv00123-20241004_000047-20241004_060047-10.000000-15.000000.png,2024-10-04T00:00:47,2024-10-04T06:00:47,10.0,15.0,2024-10-04T03:00:47,12.5,11.5594114413877,78.9903276217732,NOISE,2024-10-04T03:00:47,12.5,11.5594114413877,78.9903276217732,NOISE,2024-10-04T03:00:47,12.5,11.5594114413877,78.9903276217732,NOISE,2024-10-04T03:00:47,12.5,11.5594114413877,78.9903276217732,NOISE
2026-03-04T10:12:36.416219,Map-Energy__sum__linear-conv00124-20241004_000047-20241004_060047-15.000000-20.000000.png,2024-10-04T00:00:47,2024-10-04T06:00:47,15.0,20.0,2024-10-04T03:00:47,17.5,11.3555231115476,79.0115662370871,NOISE,2024-10-04T03:00:47,17.5,11.3555231115476,79.0115662370871,NOISE,2024-10-04T03:00:47,17.5,11.3555231115476,79.0115662370871,NOISE,2024-10-04T03:00:47,17.5,11.3555231115476,79.0115662370871,NOISE
2026-03-04T10:29:26.095623,Map-Energy__sum__linear-conv00125-20241004_000047-20241004_060047-20.000000-25.000000.png,2024-10-04T00:00:47,2024-10-04T06:00:47,20.0,25.0,2024-10-04T03:00:47,22.5,11.1238434802504,79.0183136392333,NOISE,2024-10-04T03:00:47,22.5,11.1238434802504,79.0183136392333,NOISE,2024-10-04T03:00:47,22.5,11.1238434802504,79.0183136392333,NOISE,2024-10-04T03:00:47,22.5,11.1238434802504,79.0183136392333,NOISE
2026-03-04T10:41:04.999476,Map-Energy__sum__linear-conv00126-20241004_000047-20241004_060047-25.000000-30.000000.png,2024-10-04T00:00:47,2024-10-04T06:00:47,25.0,30.0,2024-10-04T03:00:47,27.5,10.889673808393,79.020806600637,NOISE,2024-10-04T03:00:47,27.5,10.889673808393,79.020806600637,NOISE,2024-10-04T03:00:47,27.5,10.889673808393,79.020806600637,NOISE,2024-10-04T03:00:47,27.5,10.889673808393,79.020806600637,NOISE
2026-03-04T10:47:11.071293,Map-Energy__sum__linear-conv00127-20241004_000047-20241004_060047-30.000000-35.000000.png,2024-10-04T00:00:47,2024-10-04T06:00:47,30.0,35.0,2024-10-04T03:00:47,32.5,10.6593790614908,79.0131989106931,NOISE,2024-10-04T03:00:47,32.5,10.6593790614908,79.0131989106931,NOISE,2024-10-04T03:00:47,32.5,10.6593790614908,79.0131989106931,NOISE,2024-10-04T03:00:47,32.5,10.6593790614908,79.0131989106931,NOISE
2026-03-04T10:51:15.391263,Map-Energy__sum__linear-conv00128-20241004_000047-20241004_060047-35.000000-40.000000.png,2024-10-04T00:00:47,2024-10-04T06:00:47,35.0,40.0,2024-10-04T03:00:47,37.5,10.437915725008,78.9984509925074,NOISE,2024-10-04T03:00:47,37.5,10.437915725008,78.9984509925074,NOISE,2024-10-04T03:00:47,37.5,10.437915725008,78.9984509925074,NOISE,2024-10-04T03:00:47,37.5,10.437915725008,78.9984509925074,NOISE
2026-03-04T10:57:09.975029,Map-Energy__sum__linear-conv00129-20241004_000047-20241004_060047-40.000000-45.000000.png,2024-10-04T00:00:47,2024-10-04T06:00:47,40.0,45.0,2024-10-04T03:00:47,42.5,10.2209936532221,78.9814941910257,NOISE,2024-10-04T03:00:47,42.5,10.2209936532221,78.9814941910257,NOISE,2024-10-04T03:00:47,42.5,10.2209936532221,78.9814941910257,NOISE,2024-10-04T03:00:47,42.5,10.2209936532221,78.9814941910257,NOISE
2026-03-04T11:02:24.198898,Map-Energy__sum__linear-conv00130-20241004_000047-20241004_060047-45.000000-49.900000.png,2024-10-04T00:00:47,2024-10-04T06:00:47,45.0,49.9,2024-10-04T03:00:47,47.45,10.0532262506808,78.9644950928927,NOISE,2024-10-04T03:00:47,47.45,10.0532262506808,78.9644950928927,NOISE,2024-10-04T03:00:47,47.45,10.0532262506808,78.9644950928927,NOISE,2024-10-04T03:00:47,47.45,10.0532262506808,78.9644950928927,NOISE
2026-03-04T09:36:18.090557,Map-Energy__sum__linear-conv00131-20241004_060047-20241004_120047-0.050000-5.000000.png,2024-10-04T06:00:47,2024-10-04T12:00:47,0.05,5.0,2024-10-04T11:17:26,1.019433,11.911872866464,78.9443973005824,OTHER,2024-10-04T09:00:47,2.525,11.9301635288236,78.9554869237935,NOISE,2024-10-04T09:00:47,2.525,11.9301635288236,78.9554869237935,NOISE,2024-10-04T09:00:47,2.525,11.9301635288236,78.9554869237935,NOISE
2026-03-04T09:58:37.369119,Map-Energy__sum__linear-conv00132-20241004_060047-20241004_120047-5.000000-10.000000.png,2024-10-04T06:00:47,2024-10-04T12:00:47,5.0,10.0,2024-10-04T09:00:47,7.5,11.7898272340434,78.9877048432448,NOISE,2024-10-04T09:00:47,7.5,11.7898272340434,78.9877048432448,NOISE,2024-10-04T09:00:47,7.5,11.7898272340434,78.9877048432448,NOISE,2024-10-04T09:00:47,7.5,11.7898272340434,78.9877048432448,NOISE
2026-03-04T10:07:51.320966,Map-Energy__sum__linear-conv00133-20241004_060047-20241004_120047-10.000000-15.000000.png,2024-10-04T06:00:47,2024-10-04T12:00:47,10.0,15.0,2024-10-04T09:00:47,12.5,11.5594114413877,78.9903276217732,NOISE,2024-10-04T09:00:47,12.5,11.5594114413877,78.9903276217732,NOISE,2024-10-04T09:00:47,12.5,11.5594114413877,78.9903276217732,NOISE,2024-10-04T09:00:47,12.5,11.5594114413877,78.9903276217732,NOISE
2026-03-04T10:12:41.880544,Map-Energy__sum__linear-conv00134-20241004_060047-20241004_120047-15.000000-20.000000.png,2024-10-04T06:00:47,2024-10-04T12:00:47,15.0,20.0,2024-10-04T09:00:47,17.5,11.3555231115476,79.0115662370871,NOISE,2024-10-04T09:00:47,17.5,11.3555231115476,79.0115662370871,NOISE,2024-10-04T09:00:47,17.5,11.3555231115476,79.0115662370871,NOISE,2024-10-04T09:00:47,17.5,11.3555231115476,79.0115662370871,NOISE
2026-03-04T10:29:27.959567,Map-Energy__sum__linear-conv00135-20241004_060047-20241004_120047-20.000000-25.000000.png,2024-10-04T06:00:47,2024-10-04T12:00:47,20.0,25.0,2024-10-04T09:00:47,22.5,11.1238434802504,79.0183136392333,NOISE,2024-10-04T09:00:47,22.5,11.1238434802504,79.0183136392333,NOISE,2024-10-04T09:00:47,22.5,11.1238434802504,79.0183136392333,NOISE,2024-10-04T09:00:47,22.5,11.1238434802504,79.0183136392333,NOISE
2026-03-04T10:41:07.351522,Map-Energy__sum__linear-conv00136-20241004_060047-20241004_120047-25.000000-30.000000.png,2024-10-04T06:00:47,2024-10-04T12:00:47,25.0,30.0,2024-10-04T09:00:47,27.5,10.889673808393,79.020806600637,NOISE,2024-10-04T09:00:47,27.5,10.889673808393,79.020806600637,NOISE,2024-10-04T09:00:47,27.5,10.889673808393,79.020806600637,NOISE,2024-10-04T09:00:47,27.5,10.889673808393,79.020806600637,NOISE
2026-03-04T10:47:15.190673,Map-Energy__sum__linear-conv00137-20241004_060047-20241004_120047-30.000000-35.000000.png,2024-10-04T06:00:47,2024-10-04T12:00:47,30.0,35.0,2024-10-04T09:00:47,32.5,10.6593790614908,79.0131989106931,NOISE,2024-10-04T09:00:47,32.5,10.6593790614908,79.0131989106931,NOISE,2024-10-04T09:00:47,32.5,10.6593790614908,79.0131989106931,NOISE,2024-10-04T09:00:47,32.5,10.6593790614908,79.0131989106931,NOISE
2026-03-04T10:51:17.047145,Map-Energy__sum__linear-conv00138-20241004_060047-20241004_120047-35.000000-40.000000.png,2024-10-04T06:00:47,2024-10-04T12:00:47,35.0,40.0,2024-10-04T09:00:47,37.5,10.437915725008,78.9984509925074,NOISE,2024-10-04T09:00:47,37.5,10.437915725008,78.9984509925074,NOISE,2024-10-04T09:00:47,37.5,10.437915725008,78.9984509925074,NOISE,2024-10-04T09:00:47,37.5,10.437915725008,78.9984509925074,NOISE
2026-03-04T10:57:11.286917,Map-Energy__sum__linear-conv00139-20241004_060047-20241004_120047-40.000000-45.000000.png,2024-10-04T06:00:47,2024-10-04T12:00:47,40.0,45.0,2024-10-04T09:00:47,42.5,10.2209936532221,78.9814941910257,NOISE,2024-10-04T09:00:47,42.5,10.2209936532221,78.9814941910257,NOISE,2024-10-04T09:00:47,42.5,10.2209936532221,78.9814941910257,NOISE,2024-10-04T09:00:47,42.5,10.2209936532221,78.9814941910257,NOISE
2026-03-04T11:02:25.350692,Map-Energy__sum__linear-conv00140-20241004_060047-20241004_120047-45.000000-49.900000.png,2024-10-04T06:00:47,2024-10-04T12:00:47,45.0,49.9,2024-10-04T09:00:47,47.45,10.0532262506808,78.9644950928927,NOISE,2024-10-04T09:00:47,47.45,10.0532262506808,78.9644950928927,NOISE,2024-10-04T09:00:47,47.45,10.0532262506808,78.9644950928927,NOISE,2024-10-04T09:00:47,47.45,10.0532262506808,78.9644950928927,NOISE
2026-03-04T09:36:25.801373,Map-Energy__sum__linear-conv00141-20241004_120047-20241004_180047-0.050000-5.000000.png,2024-10-04T12:00:47,2024-10-04T18:00:47,0.05,5.0,2024-10-04T15:00:47,2.525,11.9301635288236,78.9554869237935,NOISE,2024-10-04T15:00:47,2.525,11.9301635288236,78.9554869237935,NOISE,2024-10-04T15:00:47,2.525,11.9301635288236,78.9554869237935,NOISE,2024-10-04T15:00:47,2.525,11.9301635288236,78.9554869237935,NOISE
2026-03-04T09:58:42.440931,Map-Energy__sum__linear-conv00142-20241004_120047-20241004_180047-5.000000-10.000000.png,2024-10-04T12:00:47,2024-10-04T18:00:47,5.0,10.0,2024-10-04T15:00:47,7.5,11.7898272340434,78.9877048432448,NOISE,2024-10-04T15:00:47,7.5,11.7898272340434,78.9877048432448,NOISE,2024-10-04T15:00:47,7.5,11.7898272340434,78.9877048432448,NOISE,2024-10-04T15:00:47,7.5,11.7898272340434,78.9877048432448,NOISE
2026-03-04T10:07:53.120984,Map-Energy__sum__linear-conv00143-20241004_120047-20241004_180047-10.000000-15.000000.png,2024-10-04T12:00:47,2024-10-04T18:00:47,10.0,15.0,2024-10-04T15:00:47,12.5,11.5594114413877,78.9903276217732,NOISE,2024-10-04T15:00:47,12.5,11.5594114413877,78.9903276217732,NOISE,2024-10-04T15:00:47,12.5,11.5594114413877,78.9903276217732,NOISE,2024-10-04T15:00:47,12.5,11.5594114413877,78.9903276217732,NOISE
2026-03-04T10:12:58.200522,Map-Energy__sum__linear-conv00144-20241004_120047-20241004_180047-15.000000-20.000000.png,2024-10-04T12:00:47,2024-10-04T18:00:47,15.0,20.0,2024-10-04T15:00:47,17.5,11.3555231115476,79.0115662370871,NOISE,2024-10-04T15:00:47,17.5,11.3555231115476,79.0115662370871,NOISE,2024-10-04T15:00:47,17.5,11.3555231115476,79.0115662370871,NOISE,2024-10-04T15:00:47,17.5,11.3555231115476,79.0115662370871,NOISE
2026-03-04T10:29:36.999492,Map-Energy__sum__linear-conv00145-20241004_120047-20241004_180047-20.000000-25.000000.png,2024-10-04T12:00:47,2024-10-04T18:00:47,20.0,25.0,2024-10-04T15:06:30,23.776245,11.0639063679598,79.0192792488321,OTHER,2024-10-04T15:00:47,22.5,11.1238434802504,79.0183136392333,NOISE,2024-10-04T15:00:47,22.5,11.1238434802504,79.0183136392333,NOISE,2024-10-04T15:00:47,22.5,11.1238434802504,79.0183136392333,NOISE
2026-03-04T10:41:12.415506,Map-Energy__sum__linear-conv00146-20241004_120047-20241004_180047-25.000000-30.000000.png,2024-10-04T12:00:47,2024-10-04T18:00:47,25.0,30.0,2024-10-04T15:00:47,27.5,10.889673808393,79.020806600637,NOISE,2024-10-04T15:00:47,27.5,10.889673808393,79.020806600637,NOISE,2024-10-04T15:00:47,27.5,10.889673808393,79.020806600637,NOISE,2024-10-04T15:00:47,27.5,10.889673808393,79.020806600637,NOISE
2026-03-04T10:47:17.566651,Map-Energy__sum__linear-conv00147-20241004_120047-20241004_180047-30.000000-35.000000.png,2024-10-04T12:00:47,2024-10-04T18:00:47,30.0,35.0,2024-10-04T15:00:47,32.5,10.6593790614908,79.0131989106931,NOISE,2024-10-04T15:00:47,32.5,10.6593790614908,79.0131989106931,NOISE,2024-10-04T15:00:47,32.5,10.6593790614908,79.0131989106931,NOISE,2024-10-04T15:00:47,32.5,10.6593790614908,79.0131989106931,NOISE
2026-03-04T10:51:18.799126,Map-Energy__sum__linear-conv00148-20241004_120047-20241004_180047-35.000000-40.000000.png,2024-10-04T12:00:47,2024-10-04T18:00:47,35.0,40.0,2024-10-04T15:00:47,37.5,10.437915725008,78.9984509925074,NOISE,2024-10-04T15:00:47,37.5,10.437915725008,78.9984509925074,NOISE,2024-10-04T15:00:47,37.5,10.437915725008,78.9984509925074,NOISE,2024-10-04T15:00:47,37.5,10.437915725008,78.9984509925074,NOISE
2026-03-04T10:57:18.158245,Map-Energy__sum__linear-conv00149-20241004_120047-20241004_180047-40.000000-45.000000.png,2024-10-04T12:00:47,2024-10-04T18:00:47,40.0,45.0,2024-10-04T15:00:47,42.5,10.2209936532221,78.9814941910257,NOISE,2024-10-04T15:00:47,42.5,10.2209936532221,78.9814941910257,NOISE,2024-10-04T15:00:47,42.5,10.2209936532221,78.9814941910257,NOISE,2024-10-04T15:00:47,42.5,10.2209936532221,78.9814941910257,NOISE
2026-03-04T11:02:26.781695,Map-Energy__sum__linear-conv00150-20241004_120047-20241004_180047-45.000000-49.900000.png,2024-10-04T12:00:47,2024-10-04T18:00:47,45.0,49.9,2024-10-04T15:00:47,47.45,10.0532262506808,78.9644950928927,NOISE,2024-10-04T15:00:47,47.45,10.0532262506808,78.9644950928927,NOISE,2024-10-04T15:00:47,47.45,10.0532262506808,78.9644950928927,NOISE,2024-10-04T15:00:47,47.45,10.0532262506808,78.9644950928927,NOISE
2026-03-04T09:36:28.874330,Map-Energy__sum__linear-conv00151-20241004_180047-20241005_000047-0.050000-5.000000.png,2024-10-04T18:00:47,2024-10-05T00:00:47,0.05,5.0,2024-10-04T21:00:47,2.525,11.9301635288236,78.9554869237935,NOISE,2024-10-04T21:00:47,2.525,11.9301635288236,78.9554869237935,NOISE,2024-10-04T21:00:47,2.525,11.9301635288236,78.9554869237935,NOISE,2024-10-04T21:00:47,2.525,11.9301635288236,78.9554869237935,NOISE
2026-03-04T09:58:46.697007,Map-Energy__sum__linear-conv00152-20241004_180047-20241005_000047-5.000000-10.000000.png,2024-10-04T18:00:47,2024-10-05T00:00:47,5.0,10.0,2024-10-04T21:00:47,7.5,11.7898272340434,78.9877048432448,NOISE,2024-10-04T21:00:47,7.5,11.7898272340434,78.9877048432448,NOISE,2024-10-04T21:00:47,7.5,11.7898272340434,78.9877048432448,NOISE,2024-10-04T21:00:47,7.5,11.7898272340434,78.9877048432448,NOISE
2026-03-04T10:07:55.864628,Map-Energy__sum__linear-conv00153-20241004_180047-20241005_000047-10.000000-15.000000.png,2024-10-04T18:00:47,2024-10-05T00:00:47,10.0,15.0,2024-10-04T21:00:47,12.5,11.5594114413877,78.9903276217732,NOISE,2024-10-04T21:00:47,12.5,11.5594114413877,78.9903276217732,NOISE,2024-10-04T21:00:47,12.5,11.5594114413877,78.9903276217732,NOISE,2024-10-04T21:00:47,12.5,11.5594114413877,78.9903276217732,NOISE
2026-03-04T10:13:03.176595,Map-Energy__sum__linear-conv00154-20241004_180047-20241005_000047-15.000000-20.000000.png,2024-10-04T18:00:47,2024-10-05T00:00:47,15.0,20.0,2024-10-04T21:00:47,17.5,11.3555231115476,79.0115662370871,NOISE,2024-10-04T21:00:47,17.5,11.3555231115476,79.0115662370871,NOISE,2024-10-04T21:00:47,17.5,11.3555231115476,79.0115662370871,NOISE,2024-10-04T21:00:47,17.5,11.3555231115476,79.0115662370871,NOISE
2026-03-04T10:29:42.640090,Map-Energy__sum__linear-conv00155-20241004_180047-20241005_000047-20.000000-25.000000.png,2024-10-04T18:00:47,2024-10-05T00:00:47,20.0,25.0,2024-10-04T21:00:47,22.5,11.1238434802504,79.0183136392333,NOISE,2024-10-04T21:00:47,22.5,11.1238434802504,79.0183136392333,NOISE,2024-10-04T21:00:47,22.5,11.1238434802504,79.0183136392333,NOISE,2024-10-04T21:00:47,22.5,11.1238434802504,79.0183136392333,NOISE
2026-03-04T10:41:15.190866,Map-Energy__sum__linear-conv00156-20241004_180047-20241005_000047-25.000000-30.000000.png,2024-10-04T18:00:47,2024-10-05T00:00:47,25.0,30.0,2024-10-04T21:00:47,27.5,10.889673808393,79.020806600637,NOISE,2024-10-04T21:00:47,27.5,10.889673808393,79.020806600637,NOISE,2024-10-04T21:00:47,27.5,10.889673808393,79.020806600637,NOISE,2024-10-04T21:00:47,27.5,10.889673808393,79.020806600637,NOISE
2026-03-04T10:47:19.550881,Map-Energy__sum__linear-conv00157-20241004_180047-20241005_000047-30.000000-35.000000.png,2024-10-04T18:00:47,2024-10-05T00:00:47,30.0,35.0,2024-10-04T21:00:47,32.5,10.6593790614908,79.0131989106931,NOISE,2024-10-04T21:00:47,32.5,10.6593790614908,79.0131989106931,NOISE,2024-10-04T21:00:47,32.5,10.6593790614908,79.0131989106931,NOISE,2024-10-04T21:00:47,32.5,10.6593790614908,79.0131989106931,NOISE
2026-03-04T10:51:20.503423,Map-Energy__sum__linear-conv00158-20241004_180047-20241005_000047-35.000000-40.000000.png,2024-10-04T18:00:47,2024-10-05T00:00:47,35.0,40.0,2024-10-04T21:00:47,37.5,10.437915725008,78.9984509925074,NOISE,2024-10-04T21:00:47,37.5,10.437915725008,78.9984509925074,NOISE,2024-10-04T21:00:47,37.5,10.437915725008,78.9984509925074,NOISE,2024-10-04T21:00:47,37.5,10.437915725008,78.9984509925074,NOISE
2026-03-04T10:57:20.301886,Map-Energy__sum__linear-conv00159-20241004_180047-20241005_000047-40.000000-45.000000.png,2024-10-04T18:00:47,2024-10-05T00:00:47,40.0,45.0,2024-10-04T21:00:47,42.5,10.2209936532221,78.9814941910257,NOISE,2024-10-04T21:00:47,42.5,10.2209936532221,78.9814941910257,NOISE,2024-10-04T21:00:47,42.5,10.2209936532221,78.9814941910257,NOISE,2024-10-04T21:00:47,42.5,10.2209936532221,78.9814941910257,NOISE
2026-03-04T11:02:27.800668,Map-Energy__sum__linear-conv00160-20241004_180047-20241005_000047-45.000000-49.900000.png,2024-10-04T18:00:47,2024-10-05T00:00:47,45.0,49.9,2024-10-04T21:00:47,47.45,10.0532262506808,78.9644950928927,NOISE,2024-10-04T21:00:47,47.45,10.0532262506808,78.9644950928927,NOISE,2024-10-04T21:00:47,47.45,10.0532262506808,78.9644950928927,NOISE,2024-10-04T21:00:47,47.45,10.0532262506808,78.9644950928927,NOISE
2026-03-04T09:36:31.465425,Map-Energy__sum__linear-conv00161-20241005_000047-20241005_060047-0.050000-5.000000.png,2024-10-05T00:00:47,2024-10-05T06:00:47,0.05,5.0,2024-10-05T03:00:47,2.525,11.9301635288236,78.9554869237935,NOISE,2024-10-05T03:00:47,2.525,11.9301635288236,78.9554869237935,NOISE,2024-10-05T03:00:47,2.525,11.9301635288236,78.9554869237935,NOISE,2024-10-05T03:00:47,2.525,11.9301635288236,78.9554869237935,NOISE
2026-03-04T09:58:50.873033,Map-Energy__sum__linear-conv00162-20241005_000047-20241005_060047-5.000000-10.000000.png,2024-10-05T00:00:47,2024-10-05T06:00:47,5.0,10.0,2024-10-05T03:00:47,7.5,11.7898272340434,78.9877048432448,NOISE,2024-10-05T03:00:47,7.5,11.7898272340434,78.9877048432448,NOISE,2024-10-05T03:00:47,7.5,11.7898272340434,78.9877048432448,NOISE,2024-10-05T03:00:47,7.5,11.7898272340434,78.9877048432448,NOISE
2026-03-04T10:07:58.808604,Map-Energy__sum__linear-conv00163-20241005_000047-20241005_060047-10.000000-15.000000.png,2024-10-05T00:00:47,2024-10-05T06:00:47,10.0,15.0,2024-10-05T03:00:47,12.5,11.5594114413877,78.9903276217732,NOISE,2024-10-05T03:00:47,12.5,11.5594114413877,78.9903276217732,NOISE,2024-10-05T03:00:47,12.5,11.5594114413877,78.9903276217732,NOISE,2024-10-05T03:00:47,12.5,11.5594114413877,78.9903276217732,NOISE
2026-03-04T10:13:06.240768,Map-Energy__sum__linear-conv00164-20241005_000047-20241005_060047-15.000000-20.000000.png,2024-10-05T00:00:47,2024-10-05T06:00:47,15.0,20.0,2024-10-05T03:00:47,17.5,11.3555231115476,79.0115662370871,NOISE,2024-10-05T03:00:47,17.5,11.3555231115476,79.0115662370871,NOISE,2024-10-05T03:00:47,17.5,11.3555231115476,79.0115662370871,NOISE,2024-10-05T03:00:47,17.5,11.3555231115476,79.0115662370871,NOISE
2026-03-04T10:29:49.479945,Map-Energy__sum__linear-conv00165-20241005_000047-20241005_060047-20.000000-25.000000.png,2024-10-05T00:00:47,2024-10-05T06:00:47,20.0,25.0,2024-10-05T03:00:47,22.5,11.1238434802504,79.0183136392333,NOISE,2024-10-05T03:00:47,22.5,11.1238434802504,79.0183136392333,NOISE,2024-10-05T03:00:47,22.5,11.1238434802504,79.0183136392333,NOISE,2024-10-05T03:00:47,22.5,11.1238434802504,79.0183136392333,NOISE
2026-03-04T10:41:16.799230,Map-Energy__sum__linear-conv00166-20241005_000047-20241005_060047-25.000000-30.000000.png,2024-10-05T00:00:47,2024-10-05T06:00:47,25.0,30.0,2024-10-05T03:00:47,27.5,10.889673808393,79.020806600637,NOISE,2024-10-05T03:00:47,27.5,10.889673808393,79.020806600637,NOISE,2024-10-05T03:00:47,27.5,10.889673808393,79.020806600637,NOISE,2024-10-05T03:00:47,27.5,10.889673808393,79.020806600637,NOISE
2026-03-04T10:47:21.727204,Map-Energy__sum__linear-conv00167-20241005_000047-20241005_060047-30.000000-35.000000.png,2024-10-05T00:00:47,2024-10-05T06:00:47,30.0,35.0,2024-10-05T03:00:47,32.5,10.6593790614908,79.0131989106931,NOISE,2024-10-05T03:00:47,32.5,10.6593790614908,79.0131989106931,NOISE,2024-10-05T03:00:47,32.5,10.6593790614908,79.0131989106931,NOISE,2024-10-05T03:00:47,32.5,10.6593790614908,79.0131989106931,NOISE
2026-03-04T10:51:21.993021,Map-Energy__sum__linear-conv00168-20241005_000047-20241005_060047-35.000000-40.000000.png,2024-10-05T00:00:47,2024-10-05T06:00:47,35.0,40.0,2024-10-05T03:00:47,37.5,10.437915725008,78.9984509925074,NOISE,2024-10-05T03:00:47,37.5,10.437915725008,78.9984509925074,NOISE,2024-10-05T03:00:47,37.5,10.437915725008,78.9984509925074,NOISE,2024-10-05T03:00:47,37.5,10.437915725008,78.9984509925074,NOISE
2026-03-04T10:57:23.110628,Map-Energy__sum__linear-conv00169-20241005_000047-20241005_060047-40.000000-45.000000.png,2024-10-05T00:00:47,2024-10-05T06:00:47,40.0,45.0,2024-10-05T03:00:47,42.5,10.2209936532221,78.9814941910257,NOISE,2024-10-05T03:00:47,42.5,10.2209936532221,78.9814941910257,NOISE,2024-10-05T03:00:47,42.5,10.2209936532221,78.9814941910257,NOISE,2024-10-05T03:00:47,42.5,10.2209936532221,78.9814941910257,NOISE
2026-03-04T11:02:33.630623,Map-Energy__sum__linear-conv00170-20241005_000047-20241005_060047-45.000000-49.900000.png,2024-10-05T00:00:47,2024-10-05T06:00:47,45.0,49.9,2024-10-05T03:00:47,47.45,10.0532262506808,78.9644950928927,NOISE,2024-10-05T03:00:47,47.45,10.0532262506808,78.9644950928927,NOISE,2024-10-05T03:00:47,47.45,10.0532262506808,78.9644950928927,NOISE,2024-10-05T03:00:47,47.45,10.0532262506808,78.9644950928927,NOISE
2026-03-04T09:36:33.474299,Map-Energy__sum__linear-conv00171-20241005_060047-20241005_120047-0.050000-5.000000.png,2024-10-05T06:00:47,2024-10-05T12:00:47,0.05,5.0,2024-10-05T09:00:47,2.525,11.9301635288236,78.9554869237935,NOISE,2024-10-05T09:00:47,2.525,11.9301635288236,78.9554869237935,NOISE,2024-10-05T09:00:47,2.525,11.9301635288236,78.9554869237935,NOISE,2024-10-05T09:00:47,2.525,11.9301635288236,78.9554869237935,NOISE
2026-03-04T09:58:55.624427,Map-Energy__sum__linear-conv00172-20241005_060047-20241005_120047-5.000000-10.000000.png,2024-10-05T06:00:47,2024-10-05T12:00:47,5.0,10.0,2024-10-05T09:00:47,7.5,11.7898272340434,78.9877048432448,NOISE,2024-10-05T09:00:47,7.5,11.7898272340434,78.9877048432448,NOISE,2024-10-05T09:00:47,7.5,11.7898272340434,78.9877048432448,NOISE,2024-10-05T09:00:47,7.5,11.7898272340434,78.9877048432448,NOISE
2026-03-04T10:08:01.859279,Map-Energy__sum__linear-conv00173-20241005_060047-20241005_120047-10.000000-15.000000.png,2024-10-05T06:00:47,2024-10-05T12:00:47,10.0,15.0,2024-10-05T09:00:47,12.5,11.5594114413877,78.9903276217732,NOISE,2024-10-05T09:00:47,12.5,11.5594114413877,78.9903276217732,NOISE,2024-10-05T09:00:47,12.5,11.5594114413877,78.9903276217732,NOISE,2024-10-05T09:00:47,12.5,11.5594114413877,78.9903276217732,NOISE
2026-03-04T10:13:11.184588,Map-Energy__sum__linear-conv00174-20241005_060047-20241005_120047-15.000000-20.000000.png,2024-10-05T06:00:47,2024-10-05T12:00:47,15.0,20.0,2024-10-05T09:00:47,17.5,11.3555231115476,79.0115662370871,NOISE,2024-10-05T09:00:47,17.5,11.3555231115476,79.0115662370871,NOISE,2024-10-05T09:00:47,17.5,11.3555231115476,79.0115662370871,NOISE,2024-10-05T09:00:47,17.5,11.3555231115476,79.0115662370871,NOISE
2026-03-04T10:29:52.455809,Map-Energy__sum__linear-conv00175-20241005_060047-20241005_120047-20.000000-25.000000.png,2024-10-05T06:00:47,2024-10-05T12:00:47,20.0,25.0,2024-10-05T09:00:47,22.5,11.1238434802504,79.0183136392333,NOISE,2024-10-05T09:00:47,22.5,11.1238434802504,79.0183136392333,NOISE,2024-10-05T09:00:47,22.5,11.1238434802504,79.0183136392333,NOISE,2024-10-05T09:00:47,22.5,11.1238434802504,79.0183136392333,NOISE
2026-03-04T10:41:18.775420,Map-Energy__sum__linear-conv00176-20241005_060047-20241005_120047-25.000000-30.000000.png,2024-10-05T06:00:47,2024-10-05T12:00:47,25.0,30.0,2024-10-05T09:00:47,27.5,10.889673808393,79.020806600637,NOISE,2024-10-05T09:00:47,27.5,10.889673808393,79.020806600637,NOISE,2024-10-05T09:00:47,27.5,10.889673808393,79.020806600637,NOISE,2024-10-05T09:00:47,27.5,10.889673808393,79.020806600637,NOISE
2026-03-04T10:47:23.543281,Map-Energy__sum__linear-conv00177-20241005_060047-20241005_120047-30.000000-35.000000.png,2024-10-05T06:00:47,2024-10-05T12:00:47,30.0,35.0,2024-10-05T09:00:47,32.5,10.6593790614908,79.0131989106931,NOISE,2024-10-05T09:00:47,32.5,10.6593790614908,79.0131989106931,NOISE,2024-10-05T09:00:47,32.5,10.6593790614908,79.0131989106931,NOISE,2024-10-05T09:00:47,32.5,10.6593790614908,79.0131989106931,NOISE
2026-03-04T10:51:23.927327,Map-Energy__sum__linear-conv00178-20241005_060047-20241005_120047-35.000000-40.000000.png,2024-10-05T06:00:47,2024-10-05T12:00:47,35.0,40.0,2024-10-05T09:00:47,37.5,10.437915725008,78.9984509925074,NOISE,2024-10-05T09:00:47,37.5,10.437915725008,78.9984509925074,NOISE,2024-10-05T09:00:47,37.5,10.437915725008,78.9984509925074,NOISE,2024-10-05T09:00:47,37.5,10.437915725008,78.9984509925074,NOISE
2026-03-04T10:57:25.215369,Map-Energy__sum__linear-conv00179-20241005_060047-20241005_120047-40.000000-45.000000.png,2024-10-05T06:00:47,2024-10-05T12:00:47,40.0,45.0,2024-10-05T09:00:47,42.5,10.2209936532221,78.9814941910257,NOISE,2024-10-05T09:00:47,42.5,10.2209936532221,78.9814941910257,NOISE,2024-10-05T09:00:47,42.5,10.2209936532221,78.9814941910257,NOISE,2024-10-05T09:00:47,42.5,10.2209936532221,78.9814941910257,NOISE
2026-03-04T11:02:34.615023,Map-Energy__sum__linear-conv00180-20241005_060047-20241005_120047-45.000000-49.900000.png,2024-10-05T06:00:47,2024-10-05T12:00:47,45.0,49.9,2024-10-05T09:00:47,47.45,10.0532262506808,78.9644950928927,NOISE,2024-10-05T09:00:47,47.45,10.0532262506808,78.9644950928927,NOISE,2024-10-05T09:00:47,47.45,10.0532262506808,78.9644950928927,NOISE,2024-10-05T09:00:47,47.45,10.0532262506808,78.9644950928927,NOISE
2026-03-04T09:36:35.081767,Map-Energy__sum__linear-conv00181-20241005_120047-20241005_180047-0.050000-5.000000.png,2024-10-05T12:00:47,2024-10-05T18:00:47,0.05,5.0,2024-10-05T15:00:47,2.525,11.9301635288236,78.9554869237935,NOISE,2024-10-05T15:00:47,2.525,11.9301635288236,78.9554869237935,NOISE,2024-10-05T15:00:47,2.525,11.9301635288236,78.9554869237935,NOISE,2024-10-05T15:00:47,2.525,11.9301635288236,78.9554869237935,NOISE
2026-03-04T09:58:59.296994,Map-Energy__sum__linear-conv00182-20241005_120047-20241005_180047-5.000000-10.000000.png,2024-10-05T12:00:47,2024-10-05T18:00:47,5.0,10.0,2024-10-05T15:00:47,7.5,11.7898272340434,78.9877048432448,NOISE,2024-10-05T15:00:47,7.5,11.7898272340434,78.9877048432448,NOISE,2024-10-05T15:00:47,7.5,11.7898272340434,78.9877048432448,NOISE,2024-10-05T15:00:47,7.5,11.7898272340434,78.9877048432448,NOISE
2026-03-04T10:08:04.120769,Map-Energy__sum__linear-conv00183-20241005_120047-20241005_180047-10.000000-15.000000.png,2024-10-05T12:00:47,2024-10-05T18:00:47,10.0,15.0,2024-10-05T15:00:47,12.5,11.5594114413877,78.9903276217732,NOISE,2024-10-05T15:00:47,12.5,11.5594114413877,78.9903276217732,NOISE,2024-10-05T15:00:47,12.5,11.5594114413877,78.9903276217732,NOISE,2024-10-05T15:00:47,12.5,11.5594114413877,78.9903276217732,NOISE
2026-03-04T10:13:15.984523,Map-Energy__sum__linear-conv00184-20241005_120047-20241005_180047-15.000000-20.000000.png,2024-10-05T12:00:47,2024-10-05T18:00:47,15.0,20.0,2024-10-05T15:00:47,17.5,11.3555231115476,79.0115662370871,NOISE,2024-10-05T15:00:47,17.5,11.3555231115476,79.0115662370871,NOISE,2024-10-05T15:00:47,17.5,11.3555231115476,79.0115662370871,NOISE,2024-10-05T15:00:47,17.5,11.3555231115476,79.0115662370871,NOISE
2026-03-04T10:29:55.471909,Map-Energy__sum__linear-conv00185-20241005_120047-20241005_180047-20.000000-25.000000.png,2024-10-05T12:00:47,2024-10-05T18:00:47,20.0,25.0,2024-10-05T15:00:47,22.5,11.1238434802504,79.0183136392333,NOISE,2024-10-05T15:00:47,22.5,11.1238434802504,79.0183136392333,NOISE,2024-10-05T15:00:47,22.5,11.1238434802504,79.0183136392333,NOISE,2024-10-05T15:00:47,22.5,11.1238434802504,79.0183136392333,NOISE
2026-03-04T10:41:21.087591,Map-Energy__sum__linear-conv00186-20241005_120047-20241005_180047-25.000000-30.000000.png,2024-10-05T12:00:47,2024-10-05T18:00:47,25.0,30.0,2024-10-05T15:00:47,27.5,10.889673808393,79.020806600637,NOISE,2024-10-05T15:00:47,27.5,10.889673808393,79.020806600637,NOISE,2024-10-05T15:00:47,27.5,10.889673808393,79.020806600637,NOISE,2024-10-05T15:00:47,27.5,10.889673808393,79.020806600637,NOISE
2026-03-04T10:47:29.183234,Map-Energy__sum__linear-conv00187-20241005_120047-20241005_180047-30.000000-35.000000.png,2024-10-05T12:00:47,2024-10-05T18:00:47,30.0,35.0,2024-10-05T15:00:47,32.5,10.6593790614908,79.0131989106931,NOISE,2024-10-05T15:00:47,32.5,10.6593790614908,79.0131989106931,NOISE,2024-10-05T15:00:47,32.5,10.6593790614908,79.0131989106931,NOISE,2024-10-05T15:00:47,32.5,10.6593790614908,79.0131989106931,NOISE
2026-03-04T10:51:25.454568,Map-Energy__sum__linear-conv00188-20241005_120047-20241005_180047-35.000000-40.000000.png,2024-10-05T12:00:47,2024-10-05T18:00:47,35.0,40.0,2024-10-05T15:00:47,37.5,10.437915725008,78.9984509925074,NOISE,2024-10-05T15:00:47,37.5,10.437915725008,78.9984509925074,NOISE,2024-10-05T15:00:47,37.5,10.437915725008,78.9984509925074,NOISE,2024-10-05T15:00:47,37.5,10.437915725008,78.9984509925074,NOISE
2026-03-04T10:57:27.998845,Map-Energy__sum__linear-conv00189-20241005_120047-20241005_180047-40.000000-45.000000.png,2024-10-05T12:00:47,2024-10-05T18:00:47,40.0,45.0,2024-10-05T15:00:47,42.5,10.2209936532221,78.9814941910257,NOISE,2024-10-05T15:00:47,42.5,10.2209936532221,78.9814941910257,NOISE,2024-10-05T15:00:47,42.5,10.2209936532221,78.9814941910257,NOISE,2024-10-05T15:00:47,42.5,10.2209936532221,78.9814941910257,NOISE
2026-03-04T11:02:36.750782,Map-Energy__sum__linear-conv00190-20241005_120047-20241005_180047-45.000000-49.900000.png,2024-10-05T12:00:47,2024-10-05T18:00:47,45.0,49.9,2024-10-05T15:00:47,47.45,10.0532262506808,78.9644950928927,NOISE,2024-10-05T15:00:47,47.45,10.0532262506808,78.9644950928927,NOISE,2024-10-05T15:00:47,47.45,10.0532262506808,78.9644950928927,NOISE,2024-10-05T15:00:47,47.45,10.0532262506808,78.9644950928927,NOISE
2026-03-04T09:36:41.201093,Map-Energy__sum__linear-conv00191-20241005_180047-20241006_000047-0.050000-5.000000.png,2024-10-05T18:00:47,2024-10-06T00:00:47,0.05,5.0,2024-10-05T23:41:54,0.925823,11.9083562822062,78.9441165432456,OTHER,2024-10-05T21:00:47,2.525,11.9301635288236,78.9554869237935,NOISE,2024-10-05T21:00:47,2.525,11.9301635288236,78.9554869237935,NOISE,2024-10-05T21:00:47,2.525,11.9301635288236,78.9554869237935,NOISE
2026-03-04T09:59:01.416807,Map-Energy__sum__linear-conv00192-20241005_180047-20241006_000047-5.000000-10.000000.png,2024-10-05T18:00:47,2024-10-06T00:00:47,5.0,10.0,2024-10-05T21:00:47,7.5,11.7898272340434,78.9877048432448,NOISE,2024-10-05T21:00:47,7.5,11.7898272340434,78.9877048432448,NOISE,2024-10-05T21:00:47,7.5,11.7898272340434,78.9877048432448,NOISE,2024-10-05T21:00:47,7.5,11.7898272340434,78.9877048432448,NOISE
2026-03-04T10:08:06.233095,Map-Energy__sum__linear-conv00193-20241005_180047-20241006_000047-10.000000-15.000000.png,2024-10-05T18:00:47,2024-10-06T00:00:47,10.0,15.0,2024-10-05T21:00:47,12.5,11.5594114413877,78.9903276217732,NOISE,2024-10-05T21:00:47,12.5,11.5594114413877,78.9903276217732,NOISE,2024-10-05T21:00:47,12.5,11.5594114413877,78.9903276217732,NOISE,2024-10-05T21:00:47,12.5,11.5594114413877,78.9903276217732,NOISE
2026-03-04T10:13:18.520815,Map-Energy__sum__linear-conv00194-20241005_180047-20241006_000047-15.000000-20.000000.png,2024-10-05T18:00:47,2024-10-06T00:00:47,15.0,20.0,2024-10-05T21:00:47,17.5,11.3555231115476,79.0115662370871,NOISE,2024-10-05T21:00:47,17.5,11.3555231115476,79.0115662370871,NOISE,2024-10-05T21:00:47,17.5,11.3555231115476,79.0115662370871,NOISE,2024-10-05T21:00:47,17.5,11.3555231115476,79.0115662370871,NOISE
2026-03-04T10:30:16.047863,Map-Energy__sum__linear-conv00195-20241005_180047-20241006_000047-20.000000-25.000000.png,2024-10-05T18:00:47,2024-10-06T00:00:47,20.0,25.0,2024-10-05T21:00:47,22.5,11.1238434802504,79.0183136392333,NOISE,2024-10-05T21:00:47,22.5,11.1238434802504,79.0183136392333,NOISE,2024-10-05T21:00:47,22.5,11.1238434802504,79.0183136392333,NOISE,2024-10-05T21:00:47,22.5,11.1238434802504,79.0183136392333,NOISE
2026-03-04T10:41:22.831513,Map-Energy__sum__linear-conv00196-20241005_180047-20241006_000047-25.000000-30.000000.png,2024-10-05T18:00:47,2024-10-06T00:00:47,25.0,30.0,2024-10-05T21:00:47,27.5,10.889673808393,79.020806600637,NOISE,2024-10-05T21:00:47,27.5,10.889673808393,79.020806600637,NOISE,2024-10-05T21:00:47,27.5,10.889673808393,79.020806600637,NOISE,2024-10-05T21:00:47,27.5,10.889673808393,79.020806600637,NOISE
2026-03-04T10:47:39.447911,Map-Energy__sum__linear-conv00197-20241005_180047-20241006_000047-30.000000-35.000000.png,2024-10-05T18:00:47,2024-10-06T00:00:47,30.0,35.0,2024-10-05T21:00:47,32.5,10.6593790614908,79.0131989106931,NOISE,2024-10-05T21:00:47,32.5,10.6593790614908,79.0131989106931,NOISE,2024-10-05T21:00:47,32.5,10.6593790614908,79.0131989106931,NOISE,2024-10-05T21:00:47,32.5,10.6593790614908,79.0131989106931,NOISE
2026-03-04T10:51:35.983095,Map-Energy__sum__linear-conv00198-20241005_180047-20241006_000047-35.000000-40.000000.png,2024-10-05T18:00:47,2024-10-06T00:00:47,35.0,40.0,2024-10-05T21:00:47,37.5,10.437915725008,78.9984509925074,NOISE,2024-10-05T21:00:47,37.5,10.437915725008,78.9984509925074,NOISE,2024-10-05T21:00:47,37.5,10.437915725008,78.9984509925074,NOISE,2024-10-05T21:00:47,37.5,10.437915725008,78.9984509925074,NOISE
2026-03-04T10:57:30.838604,Map-Energy__sum__linear-conv00199-20241005_180047-20241006_000047-40.000000-45.000000.png,2024-10-05T18:00:47,2024-10-06T00:00:47,40.0,45.0,2024-10-05T21:00:47,42.5,10.2209936532221,78.9814941910257,NOISE,2024-10-05T21:00:47,42.5,10.2209936532221,78.9814941910257,NOISE,2024-10-05T21:00:47,42.5,10.2209936532221,78.9814941910257,NOISE,2024-10-05T21:00:47,42.5,10.2209936532221,78.9814941910257,NOISE
2026-03-04T11:02:38.102601,Map-Energy__sum__linear-conv00200-20241005_180047-20241006_000047-45.000000-49.900000.png,2024-10-05T18:00:47,2024-10-06T00:00:47,45.0,49.9,2024-10-05T21:00:47,47.45,10.0532262506808,78.9644950928927,NOISE,2024-10-05T21:00:47,47.45,10.0532262506808,78.9644950928927,NOISE,2024-10-05T21:00:47,47.45,10.0532262506808,78.9644950928927,NOISE,2024-10-05T21:00:47,47.45,10.0532262506808,78.9644950928927,NOISE
2026-03-04T09:36:51.714276,Map-Energy__sum__linear-conv00201-20241006_000047-20241006_060047-0.050000-5.000000.png,2024-10-06T00:00:47,2024-10-06T06:00:47,0.05,5.0,2024-10-06T00:43:10,1.386074,11.9268057240307,78.9456705302483,OTHER,2024-10-06T04:47:33,1.331468,11.9244138561931,78.9453985506581,OTHER,2024-10-06T03:00:47,2.525,11.9301635288236,78.9554869237935,NOISE,2024-10-06T03:00:47,2.525,11.9301635288236,78.9554869237935,NOISE
2026-03-04T09:59:04.488379,Map-Energy__sum__linear-conv00202-20241006_000047-20241006_060047-5.000000-10.000000.png,2024-10-06T00:00:47,2024-10-06T06:00:47,5.0,10.0,2024-10-06T03:00:47,7.5,11.7898272340434,78.9877048432448,NOISE,2024-10-06T03:00:47,7.5,11.7898272340434,78.9877048432448,NOISE,2024-10-06T03:00:47,7.5,11.7898272340434,78.9877048432448,NOISE,2024-10-06T03:00:47,7.5,11.7898272340434,78.9877048432448,NOISE
2026-03-04T10:08:08.632470,Map-Energy__sum__linear-conv00203-20241006_000047-20241006_060047-10.000000-15.000000.png,2024-10-06T00:00:47,2024-10-06T06:00:47,10.0,15.0,2024-10-06T03:00:47,12.5,11.5594114413877,78.9903276217732,NOISE,2024-10-06T03:00:47,12.5,11.5594114413877,78.9903276217732,NOISE,2024-10-06T03:00:47,12.5,11.5594114413877,78.9903276217732,NOISE,2024-10-06T03:00:47,12.5,11.5594114413877,78.9903276217732,NOISE
2026-03-04T10:13:21.128707,Map-Energy__sum__linear-conv00204-20241006_000047-20241006_060047-15.000000-20.000000.png,2024-10-06T00:00:47,2024-10-06T06:00:47,15.0,20.0,2024-10-06T03:00:47,17.5,11.3555231115476,79.0115662370871,NOISE,2024-10-06T03:00:47,17.5,11.3555231115476,79.0115662370871,NOISE,2024-10-06T03:00:47,17.5,11.3555231115476,79.0115662370871,NOISE,2024-10-06T03:00:47,17.5,11.3555231115476,79.0115662370871,NOISE
2026-03-04T10:30:19.399932,Map-Energy__sum__linear-conv00205-20241006_000047-20241006_060047-20.000000-25.000000.png,2024-10-06T00:00:47,2024-10-06T06:00:47,20.0,25.0,2024-10-06T03:00:47,22.5,11.1238434802504,79.0183136392333,NOISE,2024-10-06T03:00:47,22.5,11.1238434802504,79.0183136392333,NOISE,2024-10-06T03:00:47,22.5,11.1238434802504,79.0183136392333,NOISE,2024-10-06T03:00:47,22.5,11.1238434802504,79.0183136392333,NOISE
2026-03-04T10:41:31.654865,Map-Energy__sum__linear-conv00206-20241006_000047-20241006_060047-25.000000-30.000000.png,2024-10-06T00:00:47,2024-10-06T06:00:47,25.0,30.0,2024-10-06T03:00:47,27.5,10.889673808393,79.020806600637,NOISE,2024-10-06T03:00:47,27.5,10.889673808393,79.020806600637,NOISE,2024-10-06T03:00:47,27.5,10.889673808393,79.020806600637,NOISE,2024-10-06T03:00:47,27.5,10.889673808393,79.020806600637,NOISE
2026-03-04T10:47:44.023260,Map-Energy__sum__linear-conv00207-20241006_000047-20241006_060047-30.000000-35.000000.png,2024-10-06T00:00:47,2024-10-06T06:00:47,30.0,35.0,2024-10-06T03:00:47,32.5,10.6593790614908,79.0131989106931,NOISE,2024-10-06T03:00:47,32.5,10.6593790614908,79.0131989106931,NOISE,2024-10-06T03:00:47,32.5,10.6593790614908,79.0131989106931,NOISE,2024-10-06T03:00:47,32.5,10.6593790614908,79.0131989106931,NOISE
2026-03-04T10:51:45.814749,Map-Energy__sum__linear-conv00208-20241006_000047-20241006_060047-35.000000-40.000000.png,2024-10-06T00:00:47,2024-10-06T06:00:47,35.0,40.0,2024-10-06T00:57:09,35.251008,10.5361556312011,79.0058299806182,OTHER,2024-10-06T03:00:47,37.5,10.437915725008,78.9984509925074,NOISE,2024-10-06T03:00:47,37.5,10.437915725008,78.9984509925074,NOISE,2024-10-06T03:00:47,37.5,10.437915725008,78.9984509925074,NOISE
2026-03-04T10:57:33.182771,Map-Energy__sum__linear-conv00209-20241006_000047-20241006_060047-40.000000-45.000000.png,2024-10-06T00:00:47,2024-10-06T06:00:47,40.0,45.0,2024-10-06T03:00:47,42.5,10.2209936532221,78.9814941910257,NOISE,2024-10-06T03:00:47,42.5,10.2209936532221,78.9814941910257,NOISE,2024-10-06T03:00:47,42.5,10.2209936532221,78.9814941910257,NOISE,2024-10-06T03:00:47,42.5,10.2209936532221,78.9814941910257,NOISE
2026-03-04T11:02:39.317687,Map-Energy__sum__linear-conv00210-20241006_000047-20241006_060047-45.000000-49.900000.png,2024-10-06T00:00:47,2024-10-06T06:00:47,45.0,49.9,2024-10-06T03:00:47,47.45,10.0532262506808,78.9644950928927,NOISE,2024-10-06T03:00:47,47.45,10.0532262506808,78.9644950928927,NOISE,2024-10-06T03:00:47,47.45,10.0532262506808,78.9644950928927,NOISE,2024-10-06T03:00:47,47.45,10.0532262506808,78.9644950928927,NOISE
2026-03-04T09:37:05.073412,Map-Energy__sum__linear-conv00211-20241006_060047-20241006_120047-0.050000-5.000000.png,2024-10-06T06:00:47,2024-10-06T12:00:47,0.05,5.0,2024-10-06T06:42:51,1.058437,11.9130732974722,78.9444931397456,OTHER,2024-10-06T11:34:16,1.362671,11.9256607387761,78.9455168395264,OTHER,2024-10-06T09:00:47,2.525,11.9301635288236,78.9554869237935,NOISE,2024-10-06T09:00:47,2.525,11.9301635288236,78.9554869237935,NOISE
2026-03-04T09:59:07.752884,Map-Energy__sum__linear-conv00212-20241006_060047-20241006_120047-5.000000-10.000000.png,2024-10-06T06:00:47,2024-10-06T12:00:47,5.0,10.0,2024-10-06T09:00:47,7.5,11.7898272340434,78.9877048432448,NOISE,2024-10-06T09:00:47,7.5,11.7898272340434,78.9877048432448,NOISE,2024-10-06T09:00:47,7.5,11.7898272340434,78.9877048432448,NOISE,2024-10-06T09:00:47,7.5,11.7898272340434,78.9877048432448,NOISE
2026-03-04T10:08:10.576255,Map-Energy__sum__linear-conv00213-20241006_060047-20241006_120047-10.000000-15.000000.png,2024-10-06T06:00:47,2024-10-06T12:00:47,10.0,15.0,2024-10-06T09:00:47,12.5,11.5594114413877,78.9903276217732,NOISE,2024-10-06T09:00:47,12.5,11.5594114413877,78.9903276217732,NOISE,2024-10-06T09:00:47,12.5,11.5594114413877,78.9903276217732,NOISE,2024-10-06T09:00:47,12.5,11.5594114413877,78.9903276217732,NOISE
2026-03-04T10:13:24.041025,Map-Energy__sum__linear-conv00214-20241006_060047-20241006_120047-15.000000-20.000000.png,2024-10-06T06:00:47,2024-10-06T12:00:47,15.0,20.0,2024-10-06T09:00:47,17.5,11.3555231115476,79.0115662370871,NOISE,2024-10-06T09:00:47,17.5,11.3555231115476,79.0115662370871,NOISE,2024-10-06T09:00:47,17.5,11.3555231115476,79.0115662370871,NOISE,2024-10-06T09:00:47,17.5,11.3555231115476,79.0115662370871,NOISE
2026-03-04T10:30:23.047872,Map-Energy__sum__linear-conv00215-20241006_060047-20241006_120047-20.000000-25.000000.png,2024-10-06T06:00:47,2024-10-06T12:00:47,20.0,25.0,2024-10-06T09:00:47,22.5,11.1238434802504,79.0183136392333,NOISE,2024-10-06T09:00:47,22.5,11.1238434802504,79.0183136392333,NOISE,2024-10-06T09:00:47,22.5,11.1238434802504,79.0183136392333,NOISE,2024-10-06T09:00:47,22.5,11.1238434802504,79.0183136392333,NOISE
2026-03-04T10:41:48.702897,Map-Energy__sum__linear-conv00216-20241006_060047-20241006_120047-25.000000-30.000000.png,2024-10-06T06:00:47,2024-10-06T12:00:47,25.0,30.0,2024-10-06T09:00:47,27.5,10.889673808393,79.020806600637,NOISE,2024-10-06T09:00:47,27.5,10.889673808393,79.020806600637,NOISE,2024-10-06T09:00:47,27.5,10.889673808393,79.020806600637,NOISE,2024-10-06T09:00:47,27.5,10.889673808393,79.020806600637,NOISE
2026-03-04T10:47:46.310806,Map-Energy__sum__linear-conv00217-20241006_060047-20241006_120047-30.000000-35.000000.png,2024-10-06T06:00:47,2024-10-06T12:00:47,30.0,35.0,2024-10-06T09:00:47,32.5,10.6593790614908,79.0131989106931,NOISE,2024-10-06T09:00:47,32.5,10.6593790614908,79.0131989106931,NOISE,2024-10-06T09:00:47,32.5,10.6593790614908,79.0131989106931,NOISE,2024-10-06T09:00:47,32.5,10.6593790614908,79.0131989106931,NOISE
2026-03-04T10:51:49.871013,Map-Energy__sum__linear-conv00218-20241006_060047-20241006_120047-35.000000-40.000000.png,2024-10-06T06:00:47,2024-10-06T12:00:47,35.0,40.0,2024-10-06T09:00:47,37.5,10.437915725008,78.9984509925074,NOISE,2024-10-06T09:00:47,37.5,10.437915725008,78.9984509925074,NOISE,2024-10-06T09:00:47,37.5,10.437915725008,78.9984509925074,NOISE,2024-10-06T09:00:47,37.5,10.437915725008,78.9984509925074,NOISE
2026-03-04T10:57:38.222600,Map-Energy__sum__linear-conv00219-20241006_060047-20241006_120047-40.000000-45.000000.png,2024-10-06T06:00:47,2024-10-06T12:00:47,40.0,45.0,2024-10-06T09:00:47,42.5,10.2209936532221,78.9814941910257,NOISE,2024-10-06T09:00:47,42.5,10.2209936532221,78.9814941910257,NOISE,2024-10-06T09:00:47,42.5,10.2209936532221,78.9814941910257,NOISE,2024-10-06T09:00:47,42.5,10.2209936532221,78.9814941910257,NOISE
2026-03-04T11:02:40.766709,Map-Energy__sum__linear-conv00220-20241006_060047-20241006_120047-45.000000-49.900000.png,2024-10-06T06:00:47,2024-10-06T12:00:47,45.0,49.9,2024-10-06T09:00:47,47.45,10.0532262506808,78.9644950928927,NOISE,2024-10-06T09:00:47,47.45,10.0532262506808,78.9644950928927,NOISE,2024-10-06T09:00:47,47.45,10.0532262506808,78.9644950928927,NOISE,2024-10-06T09:00:47,47.45,10.0532262506808,78.9644950928927,NOISE
2026-03-04T09:37:07.449270,Map-Energy__sum__linear-conv00221-20241006_120047-20241006_180047-0.050000-5.000000.png,2024-10-06T12:00:47,2024-10-06T18:00:47,0.05,5.0,2024-10-06T15:00:47,2.525,11.9301635288236,78.9554869237935,NOISE,2024-10-06T15:00:47,2.525,11.9301635288236,78.9554869237935,NOISE,2024-10-06T15:00:47,2.525,11.9301635288236,78.9554869237935,NOISE,2024-10-06T15:00:47,2.525,11.9301635288236,78.9554869237935,NOISE
2026-03-04T09:59:09.896474,Map-Energy__sum__linear-conv00222-20241006_120047-20241006_180047-5.000000-10.000000.png,2024-10-06T12:00:47,2024-10-06T18:00:47,5.0,10.0,2024-10-06T15:00:47,7.5,11.7898272340434,78.9877048432448,NOISE,2024-10-06T15:00:47,7.5,11.7898272340434,78.9877048432448,NOISE,2024-10-06T15:00:47,7.5,11.7898272340434,78.9877048432448,NOISE,2024-10-06T15:00:47,7.5,11.7898272340434,78.9877048432448,NOISE
2026-03-04T10:08:12.888574,Map-Energy__sum__linear-conv00223-20241006_120047-20241006_180047-10.000000-15.000000.png,2024-10-06T12:00:47,2024-10-06T18:00:47,10.0,15.0,2024-10-06T15:00:47,12.5,11.5594114413877,78.9903276217732,NOISE,2024-10-06T15:00:47,12.5,11.5594114413877,78.9903276217732,NOISE,2024-10-06T15:00:47,12.5,11.5594114413877,78.9903276217732,NOISE,2024-10-06T15:00:47,12.5,11.5594114413877,78.9903276217732,NOISE
2026-03-04T10:13:26.576946,Map-Energy__sum__linear-conv00224-20241006_120047-20241006_180047-15.000000-20.000000.png,2024-10-06T12:00:47,2024-10-06T18:00:47,15.0,20.0,2024-10-06T15:00:47,17.5,11.3555231115476,79.0115662370871,NOISE,2024-10-06T15:00:47,17.5,11.3555231115476,79.0115662370871,NOISE,2024-10-06T15:00:47,17.5,11.3555231115476,79.0115662370871,NOISE,2024-10-06T15:00:47,17.5,11.3555231115476,79.0115662370871,NOISE
2026-03-04T10:30:54.224373,Map-Energy__sum__linear-conv00225-20241006_120047-20241006_180047-20.000000-25.000000.png,2024-10-06T12:00:47,2024-10-06T18:00:47,20.0,25.0,2024-10-06T15:00:47,22.5,11.1238434802504,79.0183136392333,NOISE,2024-10-06T15:00:47,22.5,11.1238434802504,79.0183136392333,NOISE,2024-10-06T15:00:47,22.5,11.1238434802504,79.0183136392333,NOISE,2024-10-06T15:00:47,22.5,11.1238434802504,79.0183136392333,NOISE
2026-03-04T10:41:49.623226,Map-Energy__sum__linear-conv00226-20241006_120047-20241006_180047-25.000000-30.000000.png,2024-10-06T12:00:47,2024-10-06T18:00:47,25.0,30.0,2024-10-06T15:00:47,27.5,10.889673808393,79.020806600637,NOISE,2024-10-06T15:00:47,27.5,10.889673808393,79.020806600637,NOISE,2024-10-06T15:00:47,27.5,10.889673808393,79.020806600637,NOISE,2024-10-06T15:00:47,27.5,10.889673808393,79.020806600637,NOISE
2026-03-04T10:47:47.888006,Map-Energy__sum__linear-conv00227-20241006_120047-20241006_180047-30.000000-35.000000.png,2024-10-06T12:00:47,2024-10-06T18:00:47,30.0,35.0,2024-10-06T15:00:47,32.5,10.6593790614908,79.0131989106931,NOISE,2024-10-06T15:00:47,32.5,10.6593790614908,79.0131989106931,NOISE,2024-10-06T15:00:47,32.5,10.6593790614908,79.0131989106931,NOISE,2024-10-06T15:00:47,32.5,10.6593790614908,79.0131989106931,NOISE
2026-03-04T10:51:51.567624,Map-Energy__sum__linear-conv00228-20241006_120047-20241006_180047-35.000000-40.000000.png,2024-10-06T12:00:47,2024-10-06T18:00:47,35.0,40.0,2024-10-06T15:00:47,37.5,10.437915725008,78.9984509925074,NOISE,2024-10-06T15:00:47,37.5,10.437915725008,78.9984509925074,NOISE,2024-10-06T15:00:47,37.5,10.437915725008,78.9984509925074,NOISE,2024-10-06T15:00:47,37.5,10.437915725008,78.9984509925074,NOISE
2026-03-04T10:57:40.558420,Map-Energy__sum__linear-conv00229-20241006_120047-20241006_180047-40.000000-45.000000.png,2024-10-06T12:00:47,2024-10-06T18:00:47,40.0,45.0,2024-10-06T15:00:47,42.5,10.2209936532221,78.9814941910257,NOISE,2024-10-06T15:00:47,42.5,10.2209936532221,78.9814941910257,NOISE,2024-10-06T15:00:47,42.5,10.2209936532221,78.9814941910257,NOISE,2024-10-06T15:00:47,42.5,10.2209936532221,78.9814941910257,NOISE
2026-03-04T11:02:41.743327,Map-Energy__sum__linear-conv00230-20241006_120047-20241006_180047-45.000000-49.900000.png,2024-10-06T12:00:47,2024-10-06T18:00:47,45.0,49.9,2024-10-06T15:00:47,47.45,10.0532262506808,78.9644950928927,NOISE,2024-10-06T15:00:47,47.45,10.0532262506808,78.9644950928927,NOISE,2024-10-06T15:00:47,47.45,10.0532262506808,78.9644950928927,NOISE,2024-10-06T15:00:47,47.45,10.0532262506808,78.9644950928927,NOISE
2026-03-04T09:37:09.522029,Map-Energy__sum__linear-conv00231-20241006_180047-20241007_000047-0.050000-5.000000.png,2024-10-06T18:00:47,2024-10-07T00:00:47,0.05,5.0,2024-10-06T21:00:47,2.525,11.9301635288236,78.9554869237935,NOISE,2024-10-06T21:00:47,2.525,11.9301635288236,78.9554869237935,NOISE,2024-10-06T21:00:47,2.525,11.9301635288236,78.9554869237935,NOISE,2024-10-06T21:00:47,2.525,11.9301635288236,78.9554869237935,NOISE
2026-03-04T09:59:13.440455,Map-Energy__sum__linear-conv00232-20241006_180047-20241007_000047-5.000000-10.000000.png,2024-10-06T18:00:47,2024-10-07T00:00:47,5.0,10.0,2024-10-06T21:00:47,7.5,11.7898272340434,78.9877048432448,NOISE,2024-10-06T21:00:47,7.5,11.7898272340434,78.9877048432448,NOISE,2024-10-06T21:00:47,7.5,11.7898272340434,78.9877048432448,NOISE,2024-10-06T21:00:47,7.5,11.7898272340434,78.9877048432448,NOISE
2026-03-04T10:08:14.384830,Map-Energy__sum__linear-conv00233-20241006_180047-20241007_000047-10.000000-15.000000.png,2024-10-06T18:00:47,2024-10-07T00:00:47,10.0,15.0,2024-10-06T21:00:47,12.5,11.5594114413877,78.9903276217732,NOISE,2024-10-06T21:00:47,12.5,11.5594114413877,78.9903276217732,NOISE,2024-10-06T21:00:47,12.5,11.5594114413877,78.9903276217732,NOISE,2024-10-06T21:00:47,12.5,11.5594114413877,78.9903276217732,NOISE
2026-03-04T10:13:36.208497,Map-Energy__sum__linear-conv00234-20241006_180047-20241007_000047-15.000000-20.000000.png,2024-10-06T18:00:47,2024-10-07T00:00:47,15.0,20.0,2024-10-06T21:00:47,17.5,11.3555231115476,79.0115662370871,NOISE,2024-10-06T21:00:47,17.5,11.3555231115476,79.0115662370871,NOISE,2024-10-06T21:00:47,17.5,11.3555231115476,79.0115662370871,NOISE,2024-10-06T21:00:47,17.5,11.3555231115476,79.0115662370871,NOISE
2026-03-04T10:30:56.431914,Map-Energy__sum__linear-conv00235-20241006_180047-20241007_000047-20.000000-25.000000.png,2024-10-06T18:00:47,2024-10-07T00:00:47,20.0,25.0,2024-10-06T20:08:39,23.729553,11.0662466136674,79.0192385228105,OTHER,2024-10-06T21:00:47,22.5,11.1238434802504,79.0183136392333,NOISE,2024-10-06T21:00:47,22.5,11.1238434802504,79.0183136392333,NOISE,2024-10-06T21:00:47,22.5,11.1238434802504,79.0183136392333,NOISE
2026-03-04T10:41:52.567623,Map-Energy__sum__linear-conv00236-20241006_180047-20241007_000047-25.000000-30.000000.png,2024-10-06T18:00:47,2024-10-07T00:00:47,25.0,30.0,2024-10-06T21:00:47,27.5,10.889673808393,79.020806600637,NOISE,2024-10-06T21:00:47,27.5,10.889673808393,79.020806600637,NOISE,2024-10-06T21:00:47,27.5,10.889673808393,79.020806600637,NOISE,2024-10-06T21:00:47,27.5,10.889673808393,79.020806600637,NOISE
2026-03-04T10:47:49.894996,Map-Energy__sum__linear-conv00237-20241006_180047-20241007_000047-30.000000-35.000000.png,2024-10-06T18:00:47,2024-10-07T00:00:47,30.0,35.0,2024-10-06T21:00:47,32.5,10.6593790614908,79.0131989106931,NOISE,2024-10-06T21:00:47,32.5,10.6593790614908,79.0131989106931,NOISE,2024-10-06T21:00:47,32.5,10.6593790614908,79.0131989106931,NOISE,2024-10-06T21:00:47,32.5,10.6593790614908,79.0131989106931,NOISE
2026-03-04T10:51:53.583961,Map-Energy__sum__linear-conv00238-20241006_180047-20241007_000047-35.000000-40.000000.png,2024-10-06T18:00:47,2024-10-07T00:00:47,35.0,40.0,2024-10-06T21:00:47,37.5,10.437915725008,78.9984509925074,NOISE,2024-10-06T21:00:47,37.5,10.437915725008,78.9984509925074,NOISE,2024-10-06T21:00:47,37.5,10.437915725008,78.9984509925074,NOISE,2024-10-06T21:00:47,37.5,10.437915725008,78.9984509925074,NOISE
2026-03-04T10:57:42.470623,Map-Energy__sum__linear-conv00239-20241006_180047-20241007_000047-40.000000-45.000000.png,2024-10-06T18:00:47,2024-10-07T00:00:47,40.0,45.0,2024-10-06T21:00:47,42.5,10.2209936532221,78.9814941910257,NOISE,2024-10-06T21:00:47,42.5,10.2209936532221,78.9814941910257,NOISE,2024-10-06T21:00:47,42.5,10.2209936532221,78.9814941910257,NOISE,2024-10-06T21:00:47,42.5,10.2209936532221,78.9814941910257,NOISE
2026-03-04T11:02:42.975011,Map-Energy__sum__linear-conv00240-20241006_180047-20241007_000047-45.000000-49.900000.png,2024-10-06T18:00:47,2024-10-07T00:00:47,45.0,49.9,2024-10-06T21:00:47,47.45,10.0532262506808,78.9644950928927,NOISE,2024-10-06T21:00:47,47.45,10.0532262506808,78.9644950928927,NOISE,2024-10-06T21:00:47,47.45,10.0532262506808,78.9644950928927,NOISE,2024-10-06T21:00:47,47.45,10.0532262506808,78.9644950928927,NOISE
2026-03-04T09:37:19.009619,Map-Energy__sum__linear-conv00241-20241007_000047-20241007_060047-0.050000-5.000000.png,2024-10-07T00:00:47,2024-10-07T06:00:47,0.05,5.0,2024-10-07T03:00:47,2.525,11.9301635288236,78.9554869237935,NOISE,2024-10-07T03:00:47,2.525,11.9301635288236,78.9554869237935,NOISE,2024-10-07T03:00:47,2.525,11.9301635288236,78.9554869237935,NOISE,2024-10-07T03:00:47,2.525,11.9301635288236,78.9554869237935,NOISE
2026-03-04T09:59:17.459002,Map-Energy__sum__linear-conv00242-20241007_000047-20241007_060047-5.000000-10.000000.png,2024-10-07T00:00:47,2024-10-07T06:00:47,5.0,10.0,2024-10-07T03:00:47,7.5,11.7898272340434,78.9877048432448,NOISE,2024-10-07T03:00:47,7.5,11.7898272340434,78.9877048432448,NOISE,2024-10-07T03:00:47,7.5,11.7898272340434,78.9877048432448,NOISE,2024-10-07T03:00:47,7.5,11.7898272340434,78.9877048432448,NOISE
2026-03-04T10:08:17.680752,Map-Energy__sum__linear-conv00243-20241007_000047-20241007_060047-10.000000-15.000000.png,2024-10-07T00:00:47,2024-10-07T06:00:47,10.0,15.0,2024-10-07T03:00:47,12.5,11.5594114413877,78.9903276217732,NOISE,2024-10-07T03:00:47,12.5,11.5594114413877,78.9903276217732,NOISE,2024-10-07T03:00:47,12.5,11.5594114413877,78.9903276217732,NOISE,2024-10-07T03:00:47,12.5,11.5594114413877,78.9903276217732,NOISE
2026-03-04T10:13:40.008423,Map-Energy__sum__linear-conv00244-20241007_000047-20241007_060047-15.000000-20.000000.png,2024-10-07T00:00:47,2024-10-07T06:00:47,15.0,20.0,2024-10-07T03:00:47,17.5,11.3555231115476,79.0115662370871,NOISE,2024-10-07T03:00:47,17.5,11.3555231115476,79.0115662370871,NOISE,2024-10-07T03:00:47,17.5,11.3555231115476,79.0115662370871,NOISE,2024-10-07T03:00:47,17.5,11.3555231115476,79.0115662370871,NOISE
2026-03-04T10:31:06.895477,Map-Energy__sum__linear-conv00245-20241007_000047-20241007_060047-20.000000-25.000000.png,2024-10-07T00:00:47,2024-10-07T06:00:47,20.0,25.0,2024-10-07T03:00:47,22.5,11.1238434802504,79.0183136392333,NOISE,2024-10-07T03:00:47,22.5,11.1238434802504,79.0183136392333,NOISE,2024-10-07T03:00:47,22.5,11.1238434802504,79.0183136392333,NOISE,2024-10-07T03:00:47,22.5,11.1238434802504,79.0183136392333,NOISE
2026-03-04T10:41:56.263117,Map-Energy__sum__linear-conv00246-20241007_000047-20241007_060047-25.000000-30.000000.png,2024-10-07T00:00:47,2024-10-07T06:00:47,25.0,30.0,2024-10-07T03:00:47,27.5,10.889673808393,79.020806600637,NOISE,2024-10-07T03:00:47,27.5,10.889673808393,79.020806600637,NOISE,2024-10-07T03:00:47,27.5,10.889673808393,79.020806600637,NOISE,2024-10-07T03:00:47,27.5,10.889673808393,79.020806600637,NOISE
2026-03-04T10:47:51.206939,Map-Energy__sum__linear-conv00247-20241007_000047-20241007_060047-30.000000-35.000000.png,2024-10-07T00:00:47,2024-10-07T06:00:47,30.0,35.0,2024-10-07T03:00:47,32.5,10.6593790614908,79.0131989106931,NOISE,2024-10-07T03:00:47,32.5,10.6593790614908,79.0131989106931,NOISE,2024-10-07T03:00:47,32.5,10.6593790614908,79.0131989106931,NOISE,2024-10-07T03:00:47,32.5,10.6593790614908,79.0131989106931,NOISE
2026-03-04T10:51:55.190455,Map-Energy__sum__linear-conv00248-20241007_000047-20241007_060047-35.000000-40.000000.png,2024-10-07T00:00:47,2024-10-07T06:00:47,35.0,40.0,2024-10-07T03:00:47,37.5,10.437915725008,78.9984509925074,NOISE,2024-10-07T03:00:47,37.5,10.437915725008,78.9984509925074,NOISE,2024-10-07T03:00:47,37.5,10.437915725008,78.9984509925074,NOISE,2024-10-07T03:00:47,37.5,10.437915725008,78.9984509925074,NOISE
2026-03-04T10:57:43.814707,Map-Energy__sum__linear-conv00249-20241007_000047-20241007_060047-40.000000-45.000000.png,2024-10-07T00:00:47,2024-10-07T06:00:47,40.0,45.0,2024-10-07T03:00:47,42.5,10.2209936532221,78.9814941910257,NOISE,2024-10-07T03:00:47,42.5,10.2209936532221,78.9814941910257,NOISE,2024-10-07T03:00:47,42.5,10.2209936532221,78.9814941910257,NOISE,2024-10-07T03:00:47,42.5,10.2209936532221,78.9814941910257,NOISE
2026-03-04T11:02:43.909862,Map-Energy__sum__linear-conv00250-20241007_000047-20241007_060047-45.000000-49.900000.png,2024-10-07T00:00:47,2024-10-07T06:00:47,45.0,49.9,2024-10-07T03:00:47,47.45,10.0532262506808,78.9644950928927,NOISE,2024-10-07T03:00:47,47.45,10.0532262506808,78.9644950928927,NOISE,2024-10-07T03:00:47,47.45,10.0532262506808,78.9644950928927,NOISE,2024-10-07T03:00:47,47.45,10.0532262506808,78.9644950928927,NOISE
2026-03-04T09:37:21.993431,Map-Energy__sum__linear-conv00251-20241007_060047-20241007_120047-0.050000-5.000000.png,2024-10-07T06:00:47,2024-10-07T12:00:47,0.05,5.0,2024-10-07T09:00:47,2.525,11.9301635288236,78.9554869237935,NOISE,2024-10-07T09:00:47,2.525,11.9301635288236,78.9554869237935,NOISE,2024-10-07T09:00:47,2.525,11.9301635288236,78.9554869237935,NOISE,2024-10-07T09:00:47,2.525,11.9301635288236,78.9554869237935,NOISE
2026-03-04T09:59:20.232808,Map-Energy__sum__linear-conv00252-20241007_060047-20241007_120047-5.000000-10.000000.png,2024-10-07T06:00:47,2024-10-07T12:00:47,5.0,10.0,2024-10-07T09:00:47,7.5,11.7898272340434,78.9877048432448,NOISE,2024-10-07T09:00:47,7.5,11.7898272340434,78.9877048432448,NOISE,2024-10-07T09:00:47,7.5,11.7898272340434,78.9877048432448,NOISE,2024-10-07T09:00:47,7.5,11.7898272340434,78.9877048432448,NOISE
2026-03-04T10:08:20.153751,Map-Energy__sum__linear-conv00253-20241007_060047-20241007_120047-10.000000-15.000000.png,2024-10-07T06:00:47,2024-10-07T12:00:47,10.0,15.0,2024-10-07T09:00:47,12.5,11.5594114413877,78.9903276217732,NOISE,2024-10-07T09:00:47,12.5,11.5594114413877,78.9903276217732,NOISE,2024-10-07T09:00:47,12.5,11.5594114413877,78.9903276217732,NOISE,2024-10-07T09:00:47,12.5,11.5594114413877,78.9903276217732,NOISE
2026-03-04T10:13:46.368308,Map-Energy__sum__linear-conv00254-20241007_060047-20241007_120047-15.000000-20.000000.png,2024-10-07T06:00:47,2024-10-07T12:00:47,15.0,20.0,2024-10-07T09:00:47,17.5,11.3555231115476,79.0115662370871,NOISE,2024-10-07T09:00:47,17.5,11.3555231115476,79.0115662370871,NOISE,2024-10-07T09:00:47,17.5,11.3555231115476,79.0115662370871,NOISE,2024-10-07T09:00:47,17.5,11.3555231115476,79.0115662370871,NOISE
2026-03-04T10:31:13.975023,Map-Energy__sum__linear-conv00255-20241007_060047-20241007_120047-20.000000-25.000000.png,2024-10-07T06:00:47,2024-10-07T12:00:47,20.0,25.0,2024-10-07T09:00:47,22.5,11.1238434802504,79.0183136392333,NOISE,2024-10-07T09:00:47,22.5,11.1238434802504,79.0183136392333,NOISE,2024-10-07T09:00:47,22.5,11.1238434802504,79.0183136392333,NOISE,2024-10-07T09:00:47,22.5,11.1238434802504,79.0183136392333,NOISE
2026-03-04T10:42:02.262838,Map-Energy__sum__linear-conv00256-20241007_060047-20241007_120047-25.000000-30.000000.png,2024-10-07T06:00:47,2024-10-07T12:00:47,25.0,30.0,2024-10-07T09:00:47,27.5,10.889673808393,79.020806600637,NOISE,2024-10-07T09:00:47,27.5,10.889673808393,79.020806600637,NOISE,2024-10-07T09:00:47,27.5,10.889673808393,79.020806600637,NOISE,2024-10-07T09:00:47,27.5,10.889673808393,79.020806600637,NOISE
2026-03-04T10:47:53.055427,Map-Energy__sum__linear-conv00257-20241007_060047-20241007_120047-30.000000-35.000000.png,2024-10-07T06:00:47,2024-10-07T12:00:47,30.0,35.0,2024-10-07T09:00:47,32.5,10.6593790614908,79.0131989106931,NOISE,2024-10-07T09:00:47,32.5,10.6593790614908,79.0131989106931,NOISE,2024-10-07T09:00:47,32.5,10.6593790614908,79.0131989106931,NOISE,2024-10-07T09:00:47,32.5,10.6593790614908,79.0131989106931,NOISE
2026-03-04T10:51:57.398872,Map-Energy__sum__linear-conv00258-20241007_060047-20241007_120047-35.000000-40.000000.png,2024-10-07T06:00:47,2024-10-07T12:00:47,35.0,40.0,2024-10-07T09:00:47,37.5,10.437915725008,78.9984509925074,NOISE,2024-10-07T09:00:47,37.5,10.437915725008,78.9984509925074,NOISE,2024-10-07T09:00:47,37.5,10.437915725008,78.9984509925074,NOISE,2024-10-07T09:00:47,37.5,10.437915725008,78.9984509925074,NOISE
2026-03-04T10:57:56.031017,Map-Energy__sum__linear-conv00259-20241007_060047-20241007_120047-40.000000-45.000000.png,2024-10-07T06:00:47,2024-10-07T12:00:47,40.0,45.0,2024-10-07T09:00:47,42.5,10.2209936532221,78.9814941910257,NOISE,2024-10-07T09:00:47,42.5,10.2209936532221,78.9814941910257,NOISE,2024-10-07T09:00:47,42.5,10.2209936532221,78.9814941910257,NOISE,2024-10-07T09:00:47,42.5,10.2209936532221,78.9814941910257,NOISE
2026-03-04T11:02:44.862386,Map-Energy__sum__linear-conv00260-20241007_060047-20241007_120047-45.000000-49.900000.png,2024-10-07T06:00:47,2024-10-07T12:00:47,45.0,49.9,2024-10-07T09:00:47,47.45,10.0532262506808,78.9644950928927,NOISE,2024-10-07T09:00:47,47.45,10.0532262506808,78.9644950928927,NOISE,2024-10-07T09:00:47,47.45,10.0532262506808,78.9644950928927,NOISE,2024-10-07T09:00:47,47.45,10.0532262506808,78.9644950928927,NOISE
2026-03-04T09:37:26.234174,Map-Energy__sum__linear-conv00261-20241007_120047-20241007_180047-0.050000-5.000000.png,2024-10-07T12:00:47,2024-10-07T18:00:47,0.05,5.0,2024-10-07T15:00:47,2.525,11.9301635288236,78.9554869237935,NOISE,2024-10-07T15:00:47,2.525,11.9301635288236,78.9554869237935,NOISE,2024-10-07T15:00:47,2.525,11.9301635288236,78.9554869237935,NOISE,2024-10-07T15:00:47,2.525,11.9301635288236,78.9554869237935,NOISE
2026-03-04T09:59:22.817177,Map-Energy__sum__linear-conv00262-20241007_120047-20241007_180047-5.000000-10.000000.png,2024-10-07T12:00:47,2024-10-07T18:00:47,5.0,10.0,2024-10-07T15:00:47,7.5,11.7898272340434,78.9877048432448,NOISE,2024-10-07T15:00:47,7.5,11.7898272340434,78.9877048432448,NOISE,2024-10-07T15:00:47,7.5,11.7898272340434,78.9877048432448,NOISE,2024-10-07T15:00:47,7.5,11.7898272340434,78.9877048432448,NOISE
2026-03-04T10:08:22.568067,Map-Energy__sum__linear-conv00263-20241007_120047-20241007_180047-10.000000-15.000000.png,2024-10-07T12:00:47,2024-10-07T18:00:47,10.0,15.0,2024-10-07T15:00:47,12.5,11.5594114413877,78.9903276217732,NOISE,2024-10-07T15:00:47,12.5,11.5594114413877,78.9903276217732,NOISE,2024-10-07T15:00:47,12.5,11.5594114413877,78.9903276217732,NOISE,2024-10-07T15:00:47,12.5,11.5594114413877,78.9903276217732,NOISE
2026-03-04T10:13:50.000601,Map-Energy__sum__linear-conv00264-20241007_120047-20241007_180047-15.000000-20.000000.png,2024-10-07T12:00:47,2024-10-07T18:00:47,15.0,20.0,2024-10-07T15:00:47,17.5,11.3555231115476,79.0115662370871,NOISE,2024-10-07T15:00:47,17.5,11.3555231115476,79.0115662370871,NOISE,2024-10-07T15:00:47,17.5,11.3555231115476,79.0115662370871,NOISE,2024-10-07T15:00:47,17.5,11.3555231115476,79.0115662370871,NOISE
2026-03-04T10:31:22.599559,Map-Energy__sum__linear-conv00265-20241007_120047-20241007_180047-20.000000-25.000000.png,2024-10-07T12:00:47,2024-10-07T18:00:47,20.0,25.0,2024-10-07T15:00:47,22.5,11.1238434802504,79.0183136392333,NOISE,2024-10-07T15:00:47,22.5,11.1238434802504,79.0183136392333,NOISE,2024-10-07T15:00:47,22.5,11.1238434802504,79.0183136392333,NOISE,2024-10-07T15:00:47,22.5,11.1238434802504,79.0183136392333,NOISE
2026-03-04T10:42:10.191402,Map-Energy__sum__linear-conv00266-20241007_120047-20241007_180047-25.000000-30.000000.png,2024-10-07T12:00:47,2024-10-07T18:00:47,25.0,30.0,2024-10-07T15:00:47,27.5,10.889673808393,79.020806600637,NOISE,2024-10-07T15:00:47,27.5,10.889673808393,79.020806600637,NOISE,2024-10-07T15:00:47,27.5,10.889673808393,79.020806600637,NOISE,2024-10-07T15:00:47,27.5,10.889673808393,79.020806600637,NOISE
2026-03-04T10:47:54.647341,Map-Energy__sum__linear-conv00267-20241007_120047-20241007_180047-30.000000-35.000000.png,2024-10-07T12:00:47,2024-10-07T18:00:47,30.0,35.0,2024-10-07T15:00:47,32.5,10.6593790614908,79.0131989106931,NOISE,2024-10-07T15:00:47,32.5,10.6593790614908,79.0131989106931,NOISE,2024-10-07T15:00:47,32.5,10.6593790614908,79.0131989106931,NOISE,2024-10-07T15:00:47,32.5,10.6593790614908,79.0131989106931,NOISE
2026-03-04T10:51:58.702644,Map-Energy__sum__linear-conv00268-20241007_120047-20241007_180047-35.000000-40.000000.png,2024-10-07T12:00:47,2024-10-07T18:00:47,35.0,40.0,2024-10-07T15:00:47,37.5,10.437915725008,78.9984509925074,NOISE,2024-10-07T15:00:47,37.5,10.437915725008,78.9984509925074,NOISE,2024-10-07T15:00:47,37.5,10.437915725008,78.9984509925074,NOISE,2024-10-07T15:00:47,37.5,10.437915725008,78.9984509925074,NOISE
2026-03-04T10:57:59.070932,Map-Energy__sum__linear-conv00269-20241007_120047-20241007_180047-40.000000-45.000000.png,2024-10-07T12:00:47,2024-10-07T18:00:47,40.0,45.0,2024-10-07T15:00:47,42.5,10.2209936532221,78.9814941910257,NOISE,2024-10-07T15:00:47,42.5,10.2209936532221,78.9814941910257,NOISE,2024-10-07T15:00:47,42.5,10.2209936532221,78.9814941910257,NOISE,2024-10-07T15:00:47,42.5,10.2209936532221,78.9814941910257,NOISE
2026-03-04T11:02:45.782769,Map-Energy__sum__linear-conv00270-20241007_120047-20241007_180047-45.000000-49.900000.png,2024-10-07T12:00:47,2024-10-07T18:00:47,45.0,49.9,2024-10-07T15:00:47,47.45,10.0532262506808,78.9644950928927,NOISE,2024-10-07T15:00:47,47.45,10.0532262506808,78.9644950928927,NOISE,2024-10-07T15:00:47,47.45,10.0532262506808,78.9644950928927,NOISE,2024-10-07T15:00:47,47.45,10.0532262506808,78.9644950928927,NOISE
2026-03-04T09:37:35.721837,Map-Energy__sum__linear-conv00271-20241007_180047-20241008_000047-0.050000-5.000000.png,2024-10-07T18:00:47,2024-10-08T00:00:47,0.05,5.0,2024-10-07T18:22:12,1.167649,11.9175937279621,78.9448540430012,OTHER,2024-10-07T23:19:39,1.253459,11.920979204068,78.9451243332995,OTHER,2024-10-07T21:00:47,2.525,11.9301635288236,78.9554869237935,NOISE,2024-10-07T21:00:47,2.525,11.9301635288236,78.9554869237935,NOISE
2026-03-04T09:59:25.249071,Map-Energy__sum__linear-conv00272-20241007_180047-20241008_000047-5.000000-10.000000.png,2024-10-07T18:00:47,2024-10-08T00:00:47,5.0,10.0,2024-10-07T21:00:47,7.5,11.7898272340434,78.9877048432448,NOISE,2024-10-07T21:00:47,7.5,11.7898272340434,78.9877048432448,NOISE,2024-10-07T21:00:47,7.5,11.7898272340434,78.9877048432448,NOISE,2024-10-07T21:00:47,7.5,11.7898272340434,78.9877048432448,NOISE
2026-03-04T10:08:25.049064,Map-Energy__sum__linear-conv00273-20241007_180047-20241008_000047-10.000000-15.000000.png,2024-10-07T18:00:47,2024-10-08T00:00:47,10.0,15.0,2024-10-07T21:00:47,12.5,11.5594114413877,78.9903276217732,NOISE,2024-10-07T21:00:47,12.5,11.5594114413877,78.9903276217732,NOISE,2024-10-07T21:00:47,12.5,11.5594114413877,78.9903276217732,NOISE,2024-10-07T21:00:47,12.5,11.5594114413877,78.9903276217732,NOISE
2026-03-04T10:13:52.504586,Map-Energy__sum__linear-conv00274-20241007_180047-20241008_000047-15.000000-20.000000.png,2024-10-07T18:00:47,2024-10-08T00:00:47,15.0,20.0,2024-10-07T21:00:47,17.5,11.3555231115476,79.0115662370871,NOISE,2024-10-07T21:00:47,17.5,11.3555231115476,79.0115662370871,NOISE,2024-10-07T21:00:47,17.5,11.3555231115476,79.0115662370871,NOISE,2024-10-07T21:00:47,17.5,11.3555231115476,79.0115662370871,NOISE
2026-03-04T10:31:30.247889,Map-Energy__sum__linear-conv00275-20241007_180047-20241008_000047-20.000000-25.000000.png,2024-10-07T18:00:47,2024-10-08T00:00:47,20.0,25.0,2024-10-07T21:00:47,22.5,11.1238434802504,79.0183136392333,NOISE,2024-10-07T21:00:47,22.5,11.1238434802504,79.0183136392333,NOISE,2024-10-07T21:00:47,22.5,11.1238434802504,79.0183136392333,NOISE,2024-10-07T21:00:47,22.5,11.1238434802504,79.0183136392333,NOISE
2026-03-04T10:42:15.479480,Map-Energy__sum__linear-conv00276-20241007_180047-20241008_000047-25.000000-30.000000.png,2024-10-07T18:00:47,2024-10-08T00:00:47,25.0,30.0,2024-10-07T21:00:47,27.5,10.889673808393,79.020806600637,NOISE,2024-10-07T21:00:47,27.5,10.889673808393,79.020806600637,NOISE,2024-10-07T21:00:47,27.5,10.889673808393,79.020806600637,NOISE,2024-10-07T21:00:47,27.5,10.889673808393,79.020806600637,NOISE
2026-03-04T10:47:56.783023,Map-Energy__sum__linear-conv00277-20241007_180047-20241008_000047-30.000000-35.000000.png,2024-10-07T18:00:47,2024-10-08T00:00:47,30.0,35.0,2024-10-07T21:00:47,32.5,10.6593790614908,79.0131989106931,NOISE,2024-10-07T21:00:47,32.5,10.6593790614908,79.0131989106931,NOISE,2024-10-07T21:00:47,32.5,10.6593790614908,79.0131989106931,NOISE,2024-10-07T21:00:47,32.5,10.6593790614908,79.0131989106931,NOISE
2026-03-04T10:52:00.214740,Map-Energy__sum__linear-conv00278-20241007_180047-20241008_000047-35.000000-40.000000.png,2024-10-07T18:00:47,2024-10-08T00:00:47,35.0,40.0,2024-10-07T21:00:47,37.5,10.437915725008,78.9984509925074,NOISE,2024-10-07T21:00:47,37.5,10.437915725008,78.9984509925074,NOISE,2024-10-07T21:00:47,37.5,10.437915725008,78.9984509925074,NOISE,2024-10-07T21:00:47,37.5,10.437915725008,78.9984509925074,NOISE
2026-03-04T10:58:03.662884,Map-Energy__sum__linear-conv00279-20241007_180047-20241008_000047-40.000000-45.000000.png,2024-10-07T18:00:47,2024-10-08T00:00:47,40.0,45.0,2024-10-07T21:00:47,42.5,10.2209936532221,78.9814941910257,NOISE,2024-10-07T21:00:47,42.5,10.2209936532221,78.9814941910257,NOISE,2024-10-07T21:00:47,42.5,10.2209936532221,78.9814941910257,NOISE,2024-10-07T21:00:47,42.5,10.2209936532221,78.9814941910257,NOISE
2026-03-04T11:02:46.702699,Map-Energy__sum__linear-conv00280-20241007_180047-20241008_000047-45.000000-49.900000.png,2024-10-07T18:00:47,2024-10-08T00:00:47,45.0,49.9,2024-10-07T21:00:47,47.45,10.0532262506808,78.9644950928927,NOISE,2024-10-07T21:00:47,47.45,10.0532262506808,78.9644950928927,NOISE,2024-10-07T21:00:47,47.45,10.0532262506808,78.9644950928927,NOISE,2024-10-07T21:00:47,47.45,10.0532262506808,78.9644950928927,NOISE
2026-03-04T09:37:39.113586,Map-Energy__sum__linear-conv00281-20241008_000047-20241008_060047-0.050000-5.000000.png,2024-10-08T00:00:47,2024-10-08T06:00:47,0.05,5.0,2024-10-08T03:00:47,2.525,11.9301635288236,78.9554869237935,NOISE,2024-10-08T03:00:47,2.525,11.9301635288236,78.9554869237935,NOISE,2024-10-08T03:00:47,2.525,11.9301635288236,78.9554869237935,NOISE,2024-10-08T03:00:47,2.525,11.9301635288236,78.9554869237935,NOISE
2026-03-04T09:59:27.064416,Map-Energy__sum__linear-conv00282-20241008_000047-20241008_060047-5.000000-10.000000.png,2024-10-08T00:00:47,2024-10-08T06:00:47,5.0,10.0,2024-10-08T03:00:47,7.5,11.7898272340434,78.9877048432448,NOISE,2024-10-08T03:00:47,7.5,11.7898272340434,78.9877048432448,NOISE,2024-10-08T03:00:47,7.5,11.7898272340434,78.9877048432448,NOISE,2024-10-08T03:00:47,7.5,11.7898272340434,78.9877048432448,NOISE
2026-03-04T10:08:27.200502,Map-Energy__sum__linear-conv00283-20241008_000047-20241008_060047-10.000000-15.000000.png,2024-10-08T00:00:47,2024-10-08T06:00:47,10.0,15.0,2024-10-08T03:00:47,12.5,11.5594114413877,78.9903276217732,NOISE,2024-10-08T03:00:47,12.5,11.5594114413877,78.9903276217732,NOISE,2024-10-08T03:00:47,12.5,11.5594114413877,78.9903276217732,NOISE,2024-10-08T03:00:47,12.5,11.5594114413877,78.9903276217732,NOISE
2026-03-04T10:13:54.360874,Map-Energy__sum__linear-conv00284-20241008_000047-20241008_060047-15.000000-20.000000.png,2024-10-08T00:00:47,2024-10-08T06:00:47,15.0,20.0,2024-10-08T03:00:47,17.5,11.3555231115476,79.0115662370871,NOISE,2024-10-08T03:00:47,17.5,11.3555231115476,79.0115662370871,NOISE,2024-10-08T03:00:47,17.5,11.3555231115476,79.0115662370871,NOISE,2024-10-08T03:00:47,17.5,11.3555231115476,79.0115662370871,NOISE
2026-03-04T10:31:34.671657,Map-Energy__sum__linear-conv00285-20241008_000047-20241008_060047-20.000000-25.000000.png,2024-10-08T00:00:47,2024-10-08T06:00:47,20.0,25.0,2024-10-08T03:00:47,22.5,11.1238434802504,79.0183136392333,NOISE,2024-10-08T03:00:47,22.5,11.1238434802504,79.0183136392333,NOISE,2024-10-08T03:00:47,22.5,11.1238434802504,79.0183136392333,NOISE,2024-10-08T03:00:47,22.5,11.1238434802504,79.0183136392333,NOISE
2026-03-04T10:42:18.959451,Map-Energy__sum__linear-conv00286-20241008_000047-20241008_060047-25.000000-30.000000.png,2024-10-08T00:00:47,2024-10-08T06:00:47,25.0,30.0,2024-10-08T03:00:47,27.5,10.889673808393,79.020806600637,NOISE,2024-10-08T03:00:47,27.5,10.889673808393,79.020806600637,NOISE,2024-10-08T03:00:47,27.5,10.889673808393,79.020806600637,NOISE,2024-10-08T03:00:47,27.5,10.889673808393,79.020806600637,NOISE
2026-03-04T10:47:58.519368,Map-Energy__sum__linear-conv00287-20241008_000047-20241008_060047-30.000000-35.000000.png,2024-10-08T00:00:47,2024-10-08T06:00:47,30.0,35.0,2024-10-08T03:00:47,32.5,10.6593790614908,79.0131989106931,NOISE,2024-10-08T03:00:47,32.5,10.6593790614908,79.0131989106931,NOISE,2024-10-08T03:00:47,32.5,10.6593790614908,79.0131989106931,NOISE,2024-10-08T03:00:47,32.5,10.6593790614908,79.0131989106931,NOISE
2026-03-04T10:52:01.951225,Map-Energy__sum__linear-conv00288-20241008_000047-20241008_060047-35.000000-40.000000.png,2024-10-08T00:00:47,2024-10-08T06:00:47,35.0,40.0,2024-10-08T03:00:47,37.5,10.437915725008,78.9984509925074,NOISE,2024-10-08T03:00:47,37.5,10.437915725008,78.9984509925074,NOISE,2024-10-08T03:00:47,37.5,10.437915725008,78.9984509925074,NOISE,2024-10-08T03:00:47,37.5,10.437915725008,78.9984509925074,NOISE
2026-03-04T10:58:05.142748,Map-Energy__sum__linear-conv00289-20241008_000047-20241008_060047-40.000000-45.000000.png,2024-10-08T00:00:47,2024-10-08T06:00:47,40.0,45.0,2024-10-08T03:00:47,42.5,10.2209936532221,78.9814941910257,NOISE,2024-10-08T03:00:47,42.5,10.2209936532221,78.9814941910257,NOISE,2024-10-08T03:00:47,42.5,10.2209936532221,78.9814941910257,NOISE,2024-10-08T03:00:47,42.5,10.2209936532221,78.9814941910257,NOISE
2026-03-04T11:02:47.934365,Map-Energy__sum__linear-conv00290-20241008_000047-20241008_060047-45.000000-49.900000.png,2024-10-08T00:00:47,2024-10-08T06:00:47,45.0,49.9,2024-10-08T03:00:47,47.45,10.0532262506808,78.9644950928927,NOISE,2024-10-08T03:00:47,47.45,10.0532262506808,78.9644950928927,NOISE,2024-10-08T03:00:47,47.45,10.0532262506808,78.9644950928927,NOISE,2024-10-08T03:00:47,47.45,10.0532262506808,78.9644950928927,NOISE
2026-03-04T09:37:48.521543,Map-Energy__sum__linear-conv00291-20241008_060047-20241008_120047-0.050000-5.000000.png,2024-10-08T06:00:47,2024-10-08T12:00:47,0.05,5.0,2024-10-08T06:31:25,0.99603,11.9112726627062,78.9443493795478,OTHER,2024-10-08T11:32:03,0.964827,11.9096037170624,78.9442161352152,OTHER,2024-10-08T09:00:47,2.525,11.9301635288236,78.9554869237935,NOISE,2024-10-08T09:00:47,2.525,11.9301635288236,78.9554869237935,NOISE
2026-03-04T09:59:29.536392,Map-Energy__sum__linear-conv00292-20241008_060047-20241008_120047-5.000000-10.000000.png,2024-10-08T06:00:47,2024-10-08T12:00:47,5.0,10.0,2024-10-08T09:00:47,7.5,11.7898272340434,78.9877048432448,NOISE,2024-10-08T09:00:47,7.5,11.7898272340434,78.9877048432448,NOISE,2024-10-08T09:00:47,7.5,11.7898272340434,78.9877048432448,NOISE,2024-10-08T09:00:47,7.5,11.7898272340434,78.9877048432448,NOISE
2026-03-04T10:08:28.856436,Map-Energy__sum__linear-conv00293-20241008_060047-20241008_120047-10.000000-15.000000.png,2024-10-08T06:00:47,2024-10-08T12:00:47,10.0,15.0,2024-10-08T09:00:47,12.5,11.5594114413877,78.9903276217732,NOISE,2024-10-08T09:00:47,12.5,11.5594114413877,78.9903276217732,NOISE,2024-10-08T09:00:47,12.5,11.5594114413877,78.9903276217732,NOISE,2024-10-08T09:00:47,12.5,11.5594114413877,78.9903276217732,NOISE
2026-03-04T10:13:58.335977,Map-Energy__sum__linear-conv00294-20241008_060047-20241008_120047-15.000000-20.000000.png,2024-10-08T06:00:47,2024-10-08T12:00:47,15.0,20.0,2024-10-08T09:00:47,17.5,11.3555231115476,79.0115662370871,NOISE,2024-10-08T09:00:47,17.5,11.3555231115476,79.0115662370871,NOISE,2024-10-08T09:00:47,17.5,11.3555231115476,79.0115662370871,NOISE,2024-10-08T09:00:47,17.5,11.3555231115476,79.0115662370871,NOISE
2026-03-04T10:31:36.751417,Map-Energy__sum__linear-conv00295-20241008_060047-20241008_120047-20.000000-25.000000.png,2024-10-08T06:00:47,2024-10-08T12:00:47,20.0,25.0,2024-10-08T09:00:47,22.5,11.1238434802504,79.0183136392333,NOISE,2024-10-08T09:00:47,22.5,11.1238434802504,79.0183136392333,NOISE,2024-10-08T09:00:47,22.5,11.1238434802504,79.0183136392333,NOISE,2024-10-08T09:00:47,22.5,11.1238434802504,79.0183136392333,NOISE
2026-03-04T10:42:23.583463,Map-Energy__sum__linear-conv00296-20241008_060047-20241008_120047-25.000000-30.000000.png,2024-10-08T06:00:47,2024-10-08T12:00:47,25.0,30.0,2024-10-08T09:00:47,27.5,10.889673808393,79.020806600637,NOISE,2024-10-08T09:00:47,27.5,10.889673808393,79.020806600637,NOISE,2024-10-08T09:00:47,27.5,10.889673808393,79.020806600637,NOISE,2024-10-08T09:00:47,27.5,10.889673808393,79.020806600637,NOISE
2026-03-04T10:48:00.583190,Map-Energy__sum__linear-conv00297-20241008_060047-20241008_120047-30.000000-35.000000.png,2024-10-08T06:00:47,2024-10-08T12:00:47,30.0,35.0,2024-10-08T09:00:47,32.5,10.6593790614908,79.0131989106931,NOISE,2024-10-08T09:00:47,32.5,10.6593790614908,79.0131989106931,NOISE,2024-10-08T09:00:47,32.5,10.6593790614908,79.0131989106931,NOISE,2024-10-08T09:00:47,32.5,10.6593790614908,79.0131989106931,NOISE
2026-03-04T10:52:03.359574,Map-Energy__sum__linear-conv00298-20241008_060047-20241008_120047-35.000000-40.000000.png,2024-10-08T06:00:47,2024-10-08T12:00:47,35.0,40.0,2024-10-08T09:00:47,37.5,10.437915725008,78.9984509925074,NOISE,2024-10-08T09:00:47,37.5,10.437915725008,78.9984509925074,NOISE,2024-10-08T09:00:47,37.5,10.437915725008,78.9984509925074,NOISE,2024-10-08T09:00:47,37.5,10.437915725008,78.9984509925074,NOISE
2026-03-04T10:58:06.382884,Map-Energy__sum__linear-conv00299-20241008_060047-20241008_120047-40.000000-45.000000.png,2024-10-08T06:00:47,2024-10-08T12:00:47,40.0,45.0,2024-10-08T09:00:47,42.5,10.2209936532221,78.9814941910257,NOISE,2024-10-08T09:00:47,42.5,10.2209936532221,78.9814941910257,NOISE,2024-10-08T09:00:47,42.5,10.2209936532221,78.9814941910257,NOISE,2024-10-08T09:00:47,42.5,10.2209936532221,78.9814941910257,NOISE
2026-03-04T11:02:49.103520,Map-Energy__sum__linear-conv00300-20241008_060047-20241008_120047-45.000000-49.900000.png,2024-10-08T06:00:47,2024-10-08T12:00:47,45.0,49.9,2024-10-08T09:00:47,47.45,10.0532262506808,78.9644950928927,NOISE,2024-10-08T09:00:47,47.45,10.0532262506808,78.9644950928927,NOISE,2024-10-08T09:00:47,47.45,10.0532262506808,78.9644950928927,NOISE,2024-10-08T09:00:47,47.45,10.0532262506808,78.9644950928927,NOISE
2026-03-04T09:37:53.691235,Map-Energy__sum__linear-conv00301-20241008_120047-20241008_180047-0.050000-5.000000.png,2024-10-08T12:00:47,2024-10-08T18:00:47,0.05,5.0,2024-10-08T15:00:47,2.525,11.9301635288236,78.9554869237935,NOISE,2024-10-08T15:00:47,2.525,11.9301635288236,78.9554869237935,NOISE,2024-10-08T15:00:47,2.525,11.9301635288236,78.9554869237935,NOISE,2024-10-08T15:00:47,2.525,11.9301635288236,78.9554869237935,NOISE
2026-03-04T09:59:47.256984,Map-Energy__sum__linear-conv00302-20241008_120047-20241008_180047-5.000000-10.000000.png,2024-10-08T12:00:47,2024-10-08T18:00:47,5.0,10.0,2024-10-08T15:00:47,7.5,11.7898272340434,78.9877048432448,NOISE,2024-10-08T15:00:47,7.5,11.7898272340434,78.9877048432448,NOISE,2024-10-08T15:00:47,7.5,11.7898272340434,78.9877048432448,NOISE,2024-10-08T15:00:47,7.5,11.7898272340434,78.9877048432448,NOISE
2026-03-04T10:08:30.280708,Map-Energy__sum__linear-conv00303-20241008_120047-20241008_180047-10.000000-15.000000.png,2024-10-08T12:00:47,2024-10-08T18:00:47,10.0,15.0,2024-10-08T15:00:47,12.5,11.5594114413877,78.9903276217732,NOISE,2024-10-08T15:00:47,12.5,11.5594114413877,78.9903276217732,NOISE,2024-10-08T15:00:47,12.5,11.5594114413877,78.9903276217732,NOISE,2024-10-08T15:00:47,12.5,11.5594114413877,78.9903276217732,NOISE
2026-03-04T10:14:01.912407,Map-Energy__sum__linear-conv00304-20241008_120047-20241008_180047-15.000000-20.000000.png,2024-10-08T12:00:47,2024-10-08T18:00:47,15.0,20.0,2024-10-08T15:00:47,17.5,11.3555231115476,79.0115662370871,NOISE,2024-10-08T15:00:47,17.5,11.3555231115476,79.0115662370871,NOISE,2024-10-08T15:00:47,17.5,11.3555231115476,79.0115662370871,NOISE,2024-10-08T15:00:47,17.5,11.3555231115476,79.0115662370871,NOISE
2026-03-04T10:31:42.007880,Map-Energy__sum__linear-conv00305-20241008_120047-20241008_180047-20.000000-25.000000.png,2024-10-08T12:00:47,2024-10-08T18:00:47,20.0,25.0,2024-10-08T15:00:47,22.5,11.1238434802504,79.0183136392333,NOISE,2024-10-08T15:00:47,22.5,11.1238434802504,79.0183136392333,NOISE,2024-10-08T15:00:47,22.5,11.1238434802504,79.0183136392333,NOISE,2024-10-08T15:00:47,22.5,11.1238434802504,79.0183136392333,NOISE
2026-03-04T10:42:25.975448,Map-Energy__sum__linear-conv00306-20241008_120047-20241008_180047-25.000000-30.000000.png,2024-10-08T12:00:47,2024-10-08T18:00:47,25.0,30.0,2024-10-08T15:00:47,27.5,10.889673808393,79.020806600637,NOISE,2024-10-08T15:00:47,27.5,10.889673808393,79.020806600637,NOISE,2024-10-08T15:00:47,27.5,10.889673808393,79.020806600637,NOISE,2024-10-08T15:00:47,27.5,10.889673808393,79.020806600637,NOISE
2026-03-04T10:48:02.487355,Map-Energy__sum__linear-conv00307-20241008_120047-20241008_180047-30.000000-35.000000.png,2024-10-08T12:00:47,2024-10-08T18:00:47,30.0,35.0,2024-10-08T15:00:47,32.5,10.6593790614908,79.0131989106931,NOISE,2024-10-08T15:00:47,32.5,10.6593790614908,79.0131989106931,NOISE,2024-10-08T15:00:47,32.5,10.6593790614908,79.0131989106931,NOISE,2024-10-08T15:00:47,32.5,10.6593790614908,79.0131989106931,NOISE
2026-03-04T10:52:05.543105,Map-Energy__sum__linear-conv00308-20241008_120047-20241008_180047-35.000000-40.000000.png,2024-10-08T12:00:47,2024-10-08T18:00:47,35.0,40.0,2024-10-08T15:00:47,37.5,10.437915725008,78.9984509925074,NOISE,2024-10-08T15:00:47,37.5,10.437915725008,78.9984509925074,NOISE,2024-10-08T15:00:47,37.5,10.437915725008,78.9984509925074,NOISE,2024-10-08T15:00:47,37.5,10.437915725008,78.9984509925074,NOISE
2026-03-04T10:58:08.109859,Map-Energy__sum__linear-conv00309-20241008_120047-20241008_180047-40.000000-45.000000.png,2024-10-08T12:00:47,2024-10-08T18:00:47,40.0,45.0,2024-10-08T15:00:47,42.5,10.2209936532221,78.9814941910257,NOISE,2024-10-08T15:00:47,42.5,10.2209936532221,78.9814941910257,NOISE,2024-10-08T15:00:47,42.5,10.2209936532221,78.9814941910257,NOISE,2024-10-08T15:00:47,42.5,10.2209936532221,78.9814941910257,NOISE
2026-03-04T11:02:50.078132,Map-Energy__sum__linear-conv00310-20241008_120047-20241008_180047-45.000000-49.900000.png,2024-10-08T12:00:47,2024-10-08T18:00:47,45.0,49.9,2024-10-08T15:00:47,47.45,10.0532262506808,78.9644950928927,NOISE,2024-10-08T15:00:47,47.45,10.0532262506808,78.9644950928927,NOISE,2024-10-08T15:00:47,47.45,10.0532262506808,78.9644950928927,NOISE,2024-10-08T15:00:47,47.45,10.0532262506808,78.9644950928927,NOISE
2026-03-04T09:37:55.905986,Map-Energy__sum__linear-conv00311-20241008_180047-20241009_000047-0.050000-5.000000.png,2024-10-08T18:00:47,2024-10-09T00:00:47,0.05,5.0,2024-10-08T21:00:47,2.525,11.9301635288236,78.9554869237935,NOISE,2024-10-08T21:00:47,2.525,11.9301635288236,78.9554869237935,NOISE,2024-10-08T21:00:47,2.525,11.9301635288236,78.9554869237935,NOISE,2024-10-08T21:00:47,2.525,11.9301635288236,78.9554869237935,NOISE
2026-03-04T09:59:49.648453,Map-Energy__sum__linear-conv00312-20241008_180047-20241009_000047-5.000000-10.000000.png,2024-10-08T18:00:47,2024-10-09T00:00:47,5.0,10.0,2024-10-08T21:00:47,7.5,11.7898272340434,78.9877048432448,NOISE,2024-10-08T21:00:47,7.5,11.7898272340434,78.9877048432448,NOISE,2024-10-08T21:00:47,7.5,11.7898272340434,78.9877048432448,NOISE,2024-10-08T21:00:47,7.5,11.7898272340434,78.9877048432448,NOISE
2026-03-04T10:08:32.760229,Map-Energy__sum__linear-conv00313-20241008_180047-20241009_000047-10.000000-15.000000.png,2024-10-08T18:00:47,2024-10-09T00:00:47,10.0,15.0,2024-10-08T21:00:47,12.5,11.5594114413877,78.9903276217732,NOISE,2024-10-08T21:00:47,12.5,11.5594114413877,78.9903276217732,NOISE,2024-10-08T21:00:47,12.5,11.5594114413877,78.9903276217732,NOISE,2024-10-08T21:00:47,12.5,11.5594114413877,78.9903276217732,NOISE
2026-03-04T10:14:03.640476,Map-Energy__sum__linear-conv00314-20241008_180047-20241009_000047-15.000000-20.000000.png,2024-10-08T18:00:47,2024-10-09T00:00:47,15.0,20.0,2024-10-08T21:00:47,17.5,11.3555231115476,79.0115662370871,NOISE,2024-10-08T21:00:47,17.5,11.3555231115476,79.0115662370871,NOISE,2024-10-08T21:00:47,17.5,11.3555231115476,79.0115662370871,NOISE,2024-10-08T21:00:47,17.5,11.3555231115476,79.0115662370871,NOISE
2026-03-04T10:31:45.183403,Map-Energy__sum__linear-conv00315-20241008_180047-20241009_000047-20.000000-25.000000.png,2024-10-08T18:00:47,2024-10-09T00:00:47,20.0,25.0,2024-10-08T21:00:47,22.5,11.1238434802504,79.0183136392333,NOISE,2024-10-08T21:00:47,22.5,11.1238434802504,79.0183136392333,NOISE,2024-10-08T21:00:47,22.5,11.1238434802504,79.0183136392333,NOISE,2024-10-08T21:00:47,22.5,11.1238434802504,79.0183136392333,NOISE
2026-03-04T10:42:29.935377,Map-Energy__sum__linear-conv00316-20241008_180047-20241009_000047-25.000000-30.000000.png,2024-10-08T18:00:47,2024-10-09T00:00:47,25.0,30.0,2024-10-08T21:00:47,27.5,10.889673808393,79.020806600637,NOISE,2024-10-08T21:00:47,27.5,10.889673808393,79.020806600637,NOISE,2024-10-08T21:00:47,27.5,10.889673808393,79.020806600637,NOISE,2024-10-08T21:00:47,27.5,10.889673808393,79.020806600637,NOISE
2026-03-04T10:48:04.687264,Map-Energy__sum__linear-conv00317-20241008_180047-20241009_000047-30.000000-35.000000.png,2024-10-08T18:00:47,2024-10-09T00:00:47,30.0,35.0,2024-10-08T21:00:47,32.5,10.6593790614908,79.0131989106931,NOISE,2024-10-08T21:00:47,32.5,10.6593790614908,79.0131989106931,NOISE,2024-10-08T21:00:47,32.5,10.6593790614908,79.0131989106931,NOISE,2024-10-08T21:00:47,32.5,10.6593790614908,79.0131989106931,NOISE
2026-03-04T10:52:06.950344,Map-Energy__sum__linear-conv00318-20241008_180047-20241009_000047-35.000000-40.000000.png,2024-10-08T18:00:47,2024-10-09T00:00:47,35.0,40.0,2024-10-08T21:00:47,37.5,10.437915725008,78.9984509925074,NOISE,2024-10-08T21:00:47,37.5,10.437915725008,78.9984509925074,NOISE,2024-10-08T21:00:47,37.5,10.437915725008,78.9984509925074,NOISE,2024-10-08T21:00:47,37.5,10.437915725008,78.9984509925074,NOISE
2026-03-04T10:58:09.542738,Map-Energy__sum__linear-conv00319-20241008_180047-20241009_000047-40.000000-45.000000.png,2024-10-08T18:00:47,2024-10-09T00:00:47,40.0,45.0,2024-10-08T21:00:47,42.5,10.2209936532221,78.9814941910257,NOISE,2024-10-08T21:00:47,42.5,10.2209936532221,78.9814941910257,NOISE,2024-10-08T21:00:47,42.5,10.2209936532221,78.9814941910257,NOISE,2024-10-08T21:00:47,42.5,10.2209936532221,78.9814941910257,NOISE
2026-03-04T11:02:51.055008,Map-Energy__sum__linear-conv00320-20241008_180047-20241009_000047-45.000000-49.900000.png,2024-10-08T18:00:47,2024-10-09T00:00:47,45.0,49.9,2024-10-08T21:00:47,47.45,10.0532262506808,78.9644950928927,NOISE,2024-10-08T21:00:47,47.45,10.0532262506808,78.9644950928927,NOISE,2024-10-08T21:00:47,47.45,10.0532262506808,78.9644950928927,NOISE,2024-10-08T21:00:47,47.45,10.0532262506808,78.9644950928927,NOISE
2026-03-04T09:37:57.473846,Map-Energy__sum__linear-conv00321-20241009_000047-20241009_060047-0.050000-5.000000.png,2024-10-09T00:00:47,2024-10-09T06:00:47,0.05,5.0,2024-10-09T03:00:47,2.525,11.9301635288236,78.9554869237935,NOISE,2024-10-09T03:00:47,2.525,11.9301635288236,78.9554869237935,NOISE,2024-10-09T03:00:47,2.525,11.9301635288236,78.9554869237935,NOISE,2024-10-09T03:00:47,2.525,11.9301635288236,78.9554869237935,NOISE
2026-03-04T09:59:53.082812,Map-Energy__sum__linear-conv00322-20241009_000047-20241009_060047-5.000000-10.000000.png,2024-10-09T00:00:47,2024-10-09T06:00:47,5.0,10.0,2024-10-09T03:00:47,7.5,11.7898272340434,78.9877048432448,NOISE,2024-10-09T03:00:47,7.5,11.7898272340434,78.9877048432448,NOISE,2024-10-09T03:00:47,7.5,11.7898272340434,78.9877048432448,NOISE,2024-10-09T03:00:47,7.5,11.7898272340434,78.9877048432448,NOISE
2026-03-04T10:08:34.576936,Map-Energy__sum__linear-conv00323-20241009_000047-20241009_060047-10.000000-15.000000.png,2024-10-09T00:00:47,2024-10-09T06:00:47,10.0,15.0,2024-10-09T03:00:47,12.5,11.5594114413877,78.9903276217732,NOISE,2024-10-09T03:00:47,12.5,11.5594114413877,78.9903276217732,NOISE,2024-10-09T03:00:47,12.5,11.5594114413877,78.9903276217732,NOISE,2024-10-09T03:00:47,12.5,11.5594114413877,78.9903276217732,NOISE
2026-03-04T10:14:05.560457,Map-Energy__sum__linear-conv00324-20241009_000047-20241009_060047-15.000000-20.000000.png,2024-10-09T00:00:47,2024-10-09T06:00:47,15.0,20.0,2024-10-09T03:00:47,17.5,11.3555231115476,79.0115662370871,NOISE,2024-10-09T03:00:47,17.5,11.3555231115476,79.0115662370871,NOISE,2024-10-09T03:00:47,17.5,11.3555231115476,79.0115662370871,NOISE,2024-10-09T03:00:47,17.5,11.3555231115476,79.0115662370871,NOISE
2026-03-04T10:31:48.959221,Map-Energy__sum__linear-conv00325-20241009_000047-20241009_060047-20.000000-25.000000.png,2024-10-09T00:00:47,2024-10-09T06:00:47,20.0,25.0,2024-10-09T03:00:47,22.5,11.1238434802504,79.0183136392333,NOISE,2024-10-09T03:00:47,22.5,11.1238434802504,79.0183136392333,NOISE,2024-10-09T03:00:47,22.5,11.1238434802504,79.0183136392333,NOISE,2024-10-09T03:00:47,22.5,11.1238434802504,79.0183136392333,NOISE
2026-03-04T10:42:31.894870,Map-Energy__sum__linear-conv00326-20241009_000047-20241009_060047-25.000000-30.000000.png,2024-10-09T00:00:47,2024-10-09T06:00:47,25.0,30.0,2024-10-09T03:00:47,27.5,10.889673808393,79.020806600637,NOISE,2024-10-09T03:00:47,27.5,10.889673808393,79.020806600637,NOISE,2024-10-09T03:00:47,27.5,10.889673808393,79.020806600637,NOISE,2024-10-09T03:00:47,27.5,10.889673808393,79.020806600637,NOISE
2026-03-04T10:48:06.519405,Map-Energy__sum__linear-conv00327-20241009_000047-20241009_060047-30.000000-35.000000.png,2024-10-09T00:00:47,2024-10-09T06:00:47,30.0,35.0,2024-10-09T03:00:47,32.5,10.6593790614908,79.0131989106931,NOISE,2024-10-09T03:00:47,32.5,10.6593790614908,79.0131989106931,NOISE,2024-10-09T03:00:47,32.5,10.6593790614908,79.0131989106931,NOISE,2024-10-09T03:00:47,32.5,10.6593790614908,79.0131989106931,NOISE
2026-03-04T10:52:08.183240,Map-Energy__sum__linear-conv00328-20241009_000047-20241009_060047-35.000000-40.000000.png,2024-10-09T00:00:47,2024-10-09T06:00:47,35.0,40.0,2024-10-09T03:00:47,37.5,10.437915725008,78.9984509925074,NOISE,2024-10-09T03:00:47,37.5,10.437915725008,78.9984509925074,NOISE,2024-10-09T03:00:47,37.5,10.437915725008,78.9984509925074,NOISE,2024-10-09T03:00:47,37.5,10.437915725008,78.9984509925074,NOISE
2026-03-04T10:58:10.862650,Map-Energy__sum__linear-conv00329-20241009_000047-20241009_060047-40.000000-45.000000.png,2024-10-09T00:00:47,2024-10-09T06:00:47,40.0,45.0,2024-10-09T03:00:47,42.5,10.2209936532221,78.9814941910257,NOISE,2024-10-09T03:00:47,42.5,10.2209936532221,78.9814941910257,NOISE,2024-10-09T03:00:47,42.5,10.2209936532221,78.9814941910257,NOISE,2024-10-09T03:00:47,42.5,10.2209936532221,78.9814941910257,NOISE
2026-03-04T11:02:52.383364,Map-Energy__sum__linear-conv00330-20241009_000047-20241009_060047-45.000000-49.900000.png,2024-10-09T00:00:47,2024-10-09T06:00:47,45.0,49.9,2024-10-09T03:00:47,47.45,10.0532262506808,78.9644950928927,NOISE,2024-10-09T03:00:47,47.45,10.0532262506808,78.9644950928927,NOISE,2024-10-09T03:00:47,47.45,10.0532262506808,78.9644950928927,NOISE,2024-10-09T03:00:47,47.45,10.0532262506808,78.9644950928927,NOISE
2026-03-04T09:37:58.961801,Map-Energy__sum__linear-conv00331-20241009_060047-20241009_120047-0.050000-5.000000.png,2024-10-09T06:00:47,2024-10-09T12:00:47,0.05,5.0,2024-10-09T09:00:47,2.525,11.9301635288236,78.9554869237935,NOISE,2024-10-09T09:00:47,2.525,11.9301635288236,78.9554869237935,NOISE,2024-10-09T09:00:47,2.525,11.9301635288236,78.9554869237935,NOISE,2024-10-09T09:00:47,2.525,11.9301635288236,78.9554869237935,NOISE
2026-03-04T09:59:56.066331,Map-Energy__sum__linear-conv00332-20241009_060047-20241009_120047-5.000000-10.000000.png,2024-10-09T06:00:47,2024-10-09T12:00:47,5.0,10.0,2024-10-09T09:00:47,7.5,11.7898272340434,78.9877048432448,NOISE,2024-10-09T09:00:47,7.5,11.7898272340434,78.9877048432448,NOISE,2024-10-09T09:00:47,7.5,11.7898272340434,78.9877048432448,NOISE,2024-10-09T09:00:47,7.5,11.7898272340434,78.9877048432448,NOISE
2026-03-04T10:08:36.624797,Map-Energy__sum__linear-conv00333-20241009_060047-20241009_120047-10.000000-15.000000.png,2024-10-09T06:00:47,2024-10-09T12:00:47,10.0,15.0,2024-10-09T09:00:47,12.5,11.5594114413877,78.9903276217732,NOISE,2024-10-09T09:00:47,12.5,11.5594114413877,78.9903276217732,NOISE,2024-10-09T09:00:47,12.5,11.5594114413877,78.9903276217732,NOISE,2024-10-09T09:00:47,12.5,11.5594114413877,78.9903276217732,NOISE
2026-03-04T10:14:07.528468,Map-Energy__sum__linear-conv00334-20241009_060047-20241009_120047-15.000000-20.000000.png,2024-10-09T06:00:47,2024-10-09T12:00:47,15.0,20.0,2024-10-09T09:00:47,17.5,11.3555231115476,79.0115662370871,NOISE,2024-10-09T09:00:47,17.5,11.3555231115476,79.0115662370871,NOISE,2024-10-09T09:00:47,17.5,11.3555231115476,79.0115662370871,NOISE,2024-10-09T09:00:47,17.5,11.3555231115476,79.0115662370871,NOISE
2026-03-04T10:31:51.479410,Map-Energy__sum__linear-conv00335-20241009_060047-20241009_120047-20.000000-25.000000.png,2024-10-09T06:00:47,2024-10-09T12:00:47,20.0,25.0,2024-10-09T09:00:47,22.5,11.1238434802504,79.0183136392333,NOISE,2024-10-09T09:00:47,22.5,11.1238434802504,79.0183136392333,NOISE,2024-10-09T09:00:47,22.5,11.1238434802504,79.0183136392333,NOISE,2024-10-09T09:00:47,22.5,11.1238434802504,79.0183136392333,NOISE
2026-03-04T10:42:33.270801,Map-Energy__sum__linear-conv00336-20241009_060047-20241009_120047-25.000000-30.000000.png,2024-10-09T06:00:47,2024-10-09T12:00:47,25.0,30.0,2024-10-09T09:00:47,27.5,10.889673808393,79.020806600637,NOISE,2024-10-09T09:00:47,27.5,10.889673808393,79.020806600637,NOISE,2024-10-09T09:00:47,27.5,10.889673808393,79.020806600637,NOISE,2024-10-09T09:00:47,27.5,10.889673808393,79.020806600637,NOISE
2026-03-04T10:48:08.118937,Map-Energy__sum__linear-conv00337-20241009_060047-20241009_120047-30.000000-35.000000.png,2024-10-09T06:00:47,2024-10-09T12:00:47,30.0,35.0,2024-10-09T09:00:47,32.5,10.6593790614908,79.0131989106931,NOISE,2024-10-09T09:00:47,32.5,10.6593790614908,79.0131989106931,NOISE,2024-10-09T09:00:47,32.5,10.6593790614908,79.0131989106931,NOISE,2024-10-09T09:00:47,32.5,10.6593790614908,79.0131989106931,NOISE
2026-03-04T10:52:09.470895,Map-Energy__sum__linear-conv00338-20241009_060047-20241009_120047-35.000000-40.000000.png,2024-10-09T06:00:47,2024-10-09T12:00:47,35.0,40.0,2024-10-09T09:00:47,37.5,10.437915725008,78.9984509925074,NOISE,2024-10-09T09:00:47,37.5,10.437915725008,78.9984509925074,NOISE,2024-10-09T09:00:47,37.5,10.437915725008,78.9984509925074,NOISE,2024-10-09T09:00:47,37.5,10.437915725008,78.9984509925074,NOISE
2026-03-04T10:58:12.118282,Map-Energy__sum__linear-conv00339-20241009_060047-20241009_120047-40.000000-45.000000.png,2024-10-09T06:00:47,2024-10-09T12:00:47,40.0,45.0,2024-10-09T09:00:47,42.5,10.2209936532221,78.9814941910257,NOISE,2024-10-09T09:00:47,42.5,10.2209936532221,78.9814941910257,NOISE,2024-10-09T09:00:47,42.5,10.2209936532221,78.9814941910257,NOISE,2024-10-09T09:00:47,42.5,10.2209936532221,78.9814941910257,NOISE
2026-03-04T11:02:53.702706,Map-Energy__sum__linear-conv00340-20241009_060047-20241009_120047-45.000000-49.900000.png,2024-10-09T06:00:47,2024-10-09T12:00:47,45.0,49.9,2024-10-09T09:00:47,47.45,10.0532262506808,78.9644950928927,NOISE,2024-10-09T09:00:47,47.45,10.0532262506808,78.9644950928927,NOISE,2024-10-09T09:00:47,47.45,10.0532262506808,78.9644950928927,NOISE,2024-10-09T09:00:47,47.45,10.0532262506808,78.9644950928927,NOISE
2026-03-04T09:38:01.512960,Map-Energy__sum__linear-conv00341-20241009_120047-20241009_180047-0.050000-5.000000.png,2024-10-09T12:00:47,2024-10-09T18:00:47,0.05,5.0,2024-10-09T15:00:47,2.525,11.9301635288236,78.9554869237935,NOISE,2024-10-09T15:00:47,2.525,11.9301635288236,78.9554869237935,NOISE,2024-10-09T15:00:47,2.525,11.9301635288236,78.9554869237935,NOISE,2024-10-09T15:00:47,2.525,11.9301635288236,78.9554869237935,NOISE
2026-03-04T09:59:58.938137,Map-Energy__sum__linear-conv00342-20241009_120047-20241009_180047-5.000000-10.000000.png,2024-10-09T12:00:47,2024-10-09T18:00:47,5.0,10.0,2024-10-09T15:00:47,7.5,11.7898272340434,78.9877048432448,NOISE,2024-10-09T15:00:47,7.5,11.7898272340434,78.9877048432448,NOISE,2024-10-09T15:00:47,7.5,11.7898272340434,78.9877048432448,NOISE,2024-10-09T15:00:47,7.5,11.7898272340434,78.9877048432448,NOISE
2026-03-04T10:08:38.641075,Map-Energy__sum__linear-conv00343-20241009_120047-20241009_180047-10.000000-15.000000.png,2024-10-09T12:00:47,2024-10-09T18:00:47,10.0,15.0,2024-10-09T15:00:47,12.5,11.5594114413877,78.9903276217732,NOISE,2024-10-09T15:00:47,12.5,11.5594114413877,78.9903276217732,NOISE,2024-10-09T15:00:47,12.5,11.5594114413877,78.9903276217732,NOISE,2024-10-09T15:00:47,12.5,11.5594114413877,78.9903276217732,NOISE
2026-03-04T10:14:08.840120,Map-Energy__sum__linear-conv00344-20241009_120047-20241009_180047-15.000000-20.000000.png,2024-10-09T12:00:47,2024-10-09T18:00:47,15.0,20.0,2024-10-09T15:00:47,17.5,11.3555231115476,79.0115662370871,NOISE,2024-10-09T15:00:47,17.5,11.3555231115476,79.0115662370871,NOISE,2024-10-09T15:00:47,17.5,11.3555231115476,79.0115662370871,NOISE,2024-10-09T15:00:47,17.5,11.3555231115476,79.0115662370871,NOISE
2026-03-04T10:32:02.273829,Map-Energy__sum__linear-conv00345-20241009_120047-20241009_180047-20.000000-25.000000.png,2024-10-09T12:00:47,2024-10-09T18:00:47,20.0,25.0,2024-10-09T15:00:47,22.5,11.1238434802504,79.0183136392333,NOISE,2024-10-09T15:00:47,22.5,11.1238434802504,79.0183136392333,NOISE,2024-10-09T15:00:47,22.5,11.1238434802504,79.0183136392333,NOISE,2024-10-09T15:00:47,22.5,11.1238434802504,79.0183136392333,NOISE
2026-03-04T10:42:34.687467,Map-Energy__sum__linear-conv00346-20241009_120047-20241009_180047-25.000000-30.000000.png,2024-10-09T12:00:47,2024-10-09T18:00:47,25.0,30.0,2024-10-09T15:00:47,27.5,10.889673808393,79.020806600637,NOISE,2024-10-09T15:00:47,27.5,10.889673808393,79.020806600637,NOISE,2024-10-09T15:00:47,27.5,10.889673808393,79.020806600637,NOISE,2024-10-09T15:00:47,27.5,10.889673808393,79.020806600637,NOISE
2026-03-04T10:48:09.839258,Map-Energy__sum__linear-conv00347-20241009_120047-20241009_180047-30.000000-35.000000.png,2024-10-09T12:00:47,2024-10-09T18:00:47,30.0,35.0,2024-10-09T15:00:47,32.5,10.6593790614908,79.0131989106931,NOISE,2024-10-09T15:00:47,32.5,10.6593790614908,79.0131989106931,NOISE,2024-10-09T15:00:47,32.5,10.6593790614908,79.0131989106931,NOISE,2024-10-09T15:00:47,32.5,10.6593790614908,79.0131989106931,NOISE
2026-03-04T10:52:11.415078,Map-Energy__sum__linear-conv00348-20241009_120047-20241009_180047-35.000000-40.000000.png,2024-10-09T12:00:47,2024-10-09T18:00:47,35.0,40.0,2024-10-09T15:00:47,37.5,10.437915725008,78.9984509925074,NOISE,2024-10-09T15:00:47,37.5,10.437915725008,78.9984509925074,NOISE,2024-10-09T15:00:47,37.5,10.437915725008,78.9984509925074,NOISE,2024-10-09T15:00:47,37.5,10.437915725008,78.9984509925074,NOISE
2026-03-04T10:58:13.390994,Map-Energy__sum__linear-conv00349-20241009_120047-20241009_180047-40.000000-45.000000.png,2024-10-09T12:00:47,2024-10-09T18:00:47,40.0,45.0,2024-10-09T15:00:47,42.5,10.2209936532221,78.9814941910257,NOISE,2024-10-09T15:00:47,42.5,10.2209936532221,78.9814941910257,NOISE,2024-10-09T15:00:47,42.5,10.2209936532221,78.9814941910257,NOISE,2024-10-09T15:00:47,42.5,10.2209936532221,78.9814941910257,NOISE
2026-03-04T11:02:54.838695,Map-Energy__sum__linear-conv00350-20241009_120047-20241009_180047-45.000000-49.900000.png,2024-10-09T12:00:47,2024-10-09T18:00:47,45.0,49.9,2024-10-09T15:00:47,47.45,10.0532262506808,78.9644950928927,NOISE,2024-10-09T15:00:47,47.45,10.0532262506808,78.9644950928927,NOISE,2024-10-09T15:00:47,47.45,10.0532262506808,78.9644950928927,NOISE,2024-10-09T15:00:47,47.45,10.0532262506808,78.9644950928927,NOISE
2026-03-04T09:38:05.177394,Map-Energy__sum__linear-conv00351-20241009_180047-20241010_000047-0.050000-5.000000.png,2024-10-09T18:00:47,2024-10-10T00:00:47,0.05,5.0,2024-10-09T21:00:47,2.525,11.9301635288236,78.9554869237935,NOISE,2024-10-09T21:00:47,2.525,11.9301635288236,78.9554869237935,NOISE,2024-10-09T21:00:47,2.525,11.9301635288236,78.9554869237935,NOISE,2024-10-09T21:00:47,2.525,11.9301635288236,78.9554869237935,NOISE
2026-03-04T10:00:01.656996,Map-Energy__sum__linear-conv00352-20241009_180047-20241010_000047-5.000000-10.000000.png,2024-10-09T18:00:47,2024-10-10T00:00:47,5.0,10.0,2024-10-09T21:00:47,7.5,11.7898272340434,78.9877048432448,NOISE,2024-10-09T21:00:47,7.5,11.7898272340434,78.9877048432448,NOISE,2024-10-09T21:00:47,7.5,11.7898272340434,78.9877048432448,NOISE,2024-10-09T21:00:47,7.5,11.7898272340434,78.9877048432448,NOISE
2026-03-04T10:08:40.505163,Map-Energy__sum__linear-conv00353-20241009_180047-20241010_000047-10.000000-15.000000.png,2024-10-09T18:00:47,2024-10-10T00:00:47,10.0,15.0,2024-10-09T21:00:47,12.5,11.5594114413877,78.9903276217732,NOISE,2024-10-09T21:00:47,12.5,11.5594114413877,78.9903276217732,NOISE,2024-10-09T21:00:47,12.5,11.5594114413877,78.9903276217732,NOISE,2024-10-09T21:00:47,12.5,11.5594114413877,78.9903276217732,NOISE
2026-03-04T10:14:11.129168,Map-Energy__sum__linear-conv00354-20241009_180047-20241010_000047-15.000000-20.000000.png,2024-10-09T18:00:47,2024-10-10T00:00:47,15.0,20.0,2024-10-09T21:00:47,17.5,11.3555231115476,79.0115662370871,NOISE,2024-10-09T21:00:47,17.5,11.3555231115476,79.0115662370871,NOISE,2024-10-09T21:00:47,17.5,11.3555231115476,79.0115662370871,NOISE,2024-10-09T21:00:47,17.5,11.3555231115476,79.0115662370871,NOISE
2026-03-04T10:32:06.887339,Map-Energy__sum__linear-conv00355-20241009_180047-20241010_000047-20.000000-25.000000.png,2024-10-09T18:00:47,2024-10-10T00:00:47,20.0,25.0,2024-10-09T21:00:47,22.5,11.1238434802504,79.0183136392333,NOISE,2024-10-09T21:00:47,22.5,11.1238434802504,79.0183136392333,NOISE,2024-10-09T21:00:47,22.5,11.1238434802504,79.0183136392333,NOISE,2024-10-09T21:00:47,22.5,11.1238434802504,79.0183136392333,NOISE
2026-03-04T10:42:36.527465,Map-Energy__sum__linear-conv00356-20241009_180047-20241010_000047-25.000000-30.000000.png,2024-10-09T18:00:47,2024-10-10T00:00:47,25.0,30.0,2024-10-09T21:00:47,27.5,10.889673808393,79.020806600637,NOISE,2024-10-09T21:00:47,27.5,10.889673808393,79.020806600637,NOISE,2024-10-09T21:00:47,27.5,10.889673808393,79.020806600637,NOISE,2024-10-09T21:00:47,27.5,10.889673808393,79.020806600637,NOISE
2026-03-04T10:48:12.935264,Map-Energy__sum__linear-conv00357-20241009_180047-20241010_000047-30.000000-35.000000.png,2024-10-09T18:00:47,2024-10-10T00:00:47,30.0,35.0,2024-10-09T21:00:47,32.5,10.6593790614908,79.0131989106931,NOISE,2024-10-09T21:00:47,32.5,10.6593790614908,79.0131989106931,NOISE,2024-10-09T21:00:47,32.5,10.6593790614908,79.0131989106931,NOISE,2024-10-09T21:00:47,32.5,10.6593790614908,79.0131989106931,NOISE
2026-03-04T10:52:13.567106,Map-Energy__sum__linear-conv00358-20241009_180047-20241010_000047-35.000000-40.000000.png,2024-10-09T18:00:47,2024-10-10T00:00:47,35.0,40.0,2024-10-09T21:00:47,37.5,10.437915725008,78.9984509925074,NOISE,2024-10-09T21:00:47,37.5,10.437915725008,78.9984509925074,NOISE,2024-10-09T21:00:47,37.5,10.437915725008,78.9984509925074,NOISE,2024-10-09T21:00:47,37.5,10.437915725008,78.9984509925074,NOISE
2026-03-04T10:58:14.822845,Map-Energy__sum__linear-conv00359-20241009_180047-20241010_000047-40.000000-45.000000.png,2024-10-09T18:00:47,2024-10-10T00:00:47,40.0,45.0,2024-10-09T21:00:47,42.5,10.2209936532221,78.9814941910257,NOISE,2024-10-09T21:00:47,42.5,10.2209936532221,78.9814941910257,NOISE,2024-10-09T21:00:47,42.5,10.2209936532221,78.9814941910257,NOISE,2024-10-09T21:00:47,42.5,10.2209936532221,78.9814941910257,NOISE
2026-03-04T11:02:56.630704,Map-Energy__sum__linear-conv00360-20241009_180047-20241010_000047-45.000000-49.900000.png,2024-10-09T18:00:47,2024-10-10T00:00:47,45.0,49.9,2024-10-09T21:00:47,47.45,10.0532262506808,78.9644950928927,NOISE,2024-10-09T21:00:47,47.45,10.0532262506808,78.9644950928927,NOISE,2024-10-09T21:00:47,47.45,10.0532262506808,78.9644950928927,NOISE,2024-10-09T21:00:47,47.45,10.0532262506808,78.9644950928927,NOISE
2026-03-04T09:38:06.361753,Map-Energy__sum__linear-conv00361-20241010_000047-20241010_060047-0.050000-5.000000.png,2024-10-10T00:00:47,2024-10-10T06:00:47,0.05,5.0,2024-10-10T03:00:47,2.525,11.9301635288236,78.9554869237935,NOISE,2024-10-10T03:00:47,2.525,11.9301635288236,78.9554869237935,NOISE,2024-10-10T03:00:47,2.525,11.9301635288236,78.9554869237935,NOISE,2024-10-10T03:00:47,2.525,11.9301635288236,78.9554869237935,NOISE
2026-03-04T10:01:32.056453,Map-Energy__sum__linear-conv00362-20241010_000047-20241010_060047-5.000000-10.000000.png,2024-10-10T00:00:47,2024-10-10T06:00:47,5.0,10.0,2024-10-10T03:00:47,7.5,11.7898272340434,78.9877048432448,NOISE,2024-10-10T03:00:47,7.5,11.7898272340434,78.9877048432448,NOISE,2024-10-10T03:00:47,7.5,11.7898272340434,78.9877048432448,NOISE,2024-10-10T03:00:47,7.5,11.7898272340434,78.9877048432448,NOISE
2026-03-04T10:08:43.569041,Map-Energy__sum__linear-conv00363-20241010_000047-20241010_060047-10.000000-15.000000.png,2024-10-10T00:00:47,2024-10-10T06:00:47,10.0,15.0,2024-10-10T03:00:47,12.5,11.5594114413877,78.9903276217732,NOISE,2024-10-10T03:00:47,12.5,11.5594114413877,78.9903276217732,NOISE,2024-10-10T03:00:47,12.5,11.5594114413877,78.9903276217732,NOISE,2024-10-10T03:00:47,12.5,11.5594114413877,78.9903276217732,NOISE
2026-03-04T10:14:13.584486,Map-Energy__sum__linear-conv00364-20241010_000047-20241010_060047-15.000000-20.000000.png,2024-10-10T00:00:47,2024-10-10T06:00:47,15.0,20.0,2024-10-10T03:00:47,17.5,11.3555231115476,79.0115662370871,NOISE,2024-10-10T03:00:47,17.5,11.3555231115476,79.0115662370871,NOISE,2024-10-10T03:00:47,17.5,11.3555231115476,79.0115662370871,NOISE,2024-10-10T03:00:47,17.5,11.3555231115476,79.0115662370871,NOISE
2026-03-04T10:32:09.895709,Map-Energy__sum__linear-conv00365-20241010_000047-20241010_060047-20.000000-25.000000.png,2024-10-10T00:00:47,2024-10-10T06:00:47,20.0,25.0,2024-10-10T03:00:47,22.5,11.1238434802504,79.0183136392333,NOISE,2024-10-10T03:00:47,22.5,11.1238434802504,79.0183136392333,NOISE,2024-10-10T03:00:47,22.5,11.1238434802504,79.0183136392333,NOISE,2024-10-10T03:00:47,22.5,11.1238434802504,79.0183136392333,NOISE
2026-03-04T10:42:38.103076,Map-Energy__sum__linear-conv00366-20241010_000047-20241010_060047-25.000000-30.000000.png,2024-10-10T00:00:47,2024-10-10T06:00:47,25.0,30.0,2024-10-10T03:00:47,27.5,10.889673808393,79.020806600637,NOISE,2024-10-10T03:00:47,27.5,10.889673808393,79.020806600637,NOISE,2024-10-10T03:00:47,27.5,10.889673808393,79.020806600637,NOISE,2024-10-10T03:00:47,27.5,10.889673808393,79.020806600637,NOISE
2026-03-04T10:48:14.391253,Map-Energy__sum__linear-conv00367-20241010_000047-20241010_060047-30.000000-35.000000.png,2024-10-10T00:00:47,2024-10-10T06:00:47,30.0,35.0,2024-10-10T03:00:47,32.5,10.6593790614908,79.0131989106931,NOISE,2024-10-10T03:00:47,32.5,10.6593790614908,79.0131989106931,NOISE,2024-10-10T03:00:47,32.5,10.6593790614908,79.0131989106931,NOISE,2024-10-10T03:00:47,32.5,10.6593790614908,79.0131989106931,NOISE
2026-03-04T10:52:21.119930,Map-Energy__sum__linear-conv00368-20241010_000047-20241010_060047-35.000000-40.000000.png,2024-10-10T00:00:47,2024-10-10T06:00:47,35.0,40.0,2024-10-10T03:00:47,37.5,10.437915725008,78.9984509925074,NOISE,2024-10-10T03:00:47,37.5,10.437915725008,78.9984509925074,NOISE,2024-10-10T03:00:47,37.5,10.437915725008,78.9984509925074,NOISE,2024-10-10T03:00:47,37.5,10.437915725008,78.9984509925074,NOISE
2026-03-04T10:58:15.950513,Map-Energy__sum__linear-conv00369-20241010_000047-20241010_060047-40.000000-45.000000.png,2024-10-10T00:00:47,2024-10-10T06:00:47,40.0,45.0,2024-10-10T03:00:47,42.5,10.2209936532221,78.9814941910257,NOISE,2024-10-10T03:00:47,42.5,10.2209936532221,78.9814941910257,NOISE,2024-10-10T03:00:47,42.5,10.2209936532221,78.9814941910257,NOISE,2024-10-10T03:00:47,42.5,10.2209936532221,78.9814941910257,NOISE
2026-03-04T11:02:58.166362,Map-Energy__sum__linear-conv00370-20241010_000047-20241010_060047-45.000000-49.900000.png,2024-10-10T00:00:47,2024-10-10T06:00:47,45.0,49.9,2024-10-10T03:00:47,47.45,10.0532262506808,78.9644950928927,NOISE,2024-10-10T03:00:47,47.45,10.0532262506808,78.9644950928927,NOISE,2024-10-10T03:00:47,47.45,10.0532262506808,78.9644950928927,NOISE,2024-10-10T03:00:47,47.45,10.0532262506808,78.9644950928927,NOISE
2026-03-04T09:38:07.794850,Map-Energy__sum__linear-conv00371-20241010_060047-20241010_120047-0.050000-5.000000.png,2024-10-10T06:00:47,2024-10-10T12:00:47,0.05,5.0,2024-10-10T09:00:47,2.525,11.9301635288236,78.9554869237935,NOISE,2024-10-10T09:00:47,2.525,11.9301635288236,78.9554869237935,NOISE,2024-10-10T09:00:47,2.525,11.9301635288236,78.9554869237935,NOISE,2024-10-10T09:00:47,2.525,11.9301635288236,78.9554869237935,NOISE
2026-03-04T10:01:37.216955,Map-Energy__sum__linear-conv00372-20241010_060047-20241010_120047-5.000000-10.000000.png,2024-10-10T06:00:47,2024-10-10T12:00:47,5.0,10.0,2024-10-10T09:00:47,7.5,11.7898272340434,78.9877048432448,NOISE,2024-10-10T09:00:47,7.5,11.7898272340434,78.9877048432448,NOISE,2024-10-10T09:00:47,7.5,11.7898272340434,78.9877048432448,NOISE,2024-10-10T09:00:47,7.5,11.7898272340434,78.9877048432448,NOISE
2026-03-04T10:08:45.801074,Map-Energy__sum__linear-conv00373-20241010_060047-20241010_120047-10.000000-15.000000.png,2024-10-10T06:00:47,2024-10-10T12:00:47,10.0,15.0,2024-10-10T09:00:47,12.5,11.5594114413877,78.9903276217732,NOISE,2024-10-10T09:00:47,12.5,11.5594114413877,78.9903276217732,NOISE,2024-10-10T09:00:47,12.5,11.5594114413877,78.9903276217732,NOISE,2024-10-10T09:00:47,12.5,11.5594114413877,78.9903276217732,NOISE
2026-03-04T10:14:14.840212,Map-Energy__sum__linear-conv00374-20241010_060047-20241010_120047-15.000000-20.000000.png,2024-10-10T06:00:47,2024-10-10T12:00:47,15.0,20.0,2024-10-10T09:00:47,17.5,11.3555231115476,79.0115662370871,NOISE,2024-10-10T09:00:47,17.5,11.3555231115476,79.0115662370871,NOISE,2024-10-10T09:00:47,17.5,11.3555231115476,79.0115662370871,NOISE,2024-10-10T09:00:47,17.5,11.3555231115476,79.0115662370871,NOISE
2026-03-04T10:32:13.039275,Map-Energy__sum__linear-conv00375-20241010_060047-20241010_120047-20.000000-25.000000.png,2024-10-10T06:00:47,2024-10-10T12:00:47,20.0,25.0,2024-10-10T09:00:47,22.5,11.1238434802504,79.0183136392333,NOISE,2024-10-10T09:00:47,22.5,11.1238434802504,79.0183136392333,NOISE,2024-10-10T09:00:47,22.5,11.1238434802504,79.0183136392333,NOISE,2024-10-10T09:00:47,22.5,11.1238434802504,79.0183136392333,NOISE
2026-03-04T10:42:39.751112,Map-Energy__sum__linear-conv00376-20241010_060047-20241010_120047-25.000000-30.000000.png,2024-10-10T06:00:47,2024-10-10T12:00:47,25.0,30.0,2024-10-10T09:00:47,27.5,10.889673808393,79.020806600637,NOISE,2024-10-10T09:00:47,27.5,10.889673808393,79.020806600637,NOISE,2024-10-10T09:00:47,27.5,10.889673808393,79.020806600637,NOISE,2024-10-10T09:00:47,27.5,10.889673808393,79.020806600637,NOISE
2026-03-04T10:48:16.263251,Map-Energy__sum__linear-conv00377-20241010_060047-20241010_120047-30.000000-35.000000.png,2024-10-10T06:00:47,2024-10-10T12:00:47,30.0,35.0,2024-10-10T09:00:47,32.5,10.6593790614908,79.0131989106931,NOISE,2024-10-10T09:00:47,32.5,10.6593790614908,79.0131989106931,NOISE,2024-10-10T09:00:47,32.5,10.6593790614908,79.0131989106931,NOISE,2024-10-10T09:00:47,32.5,10.6593790614908,79.0131989106931,NOISE
2026-03-04T10:52:23.127095,Map-Energy__sum__linear-conv00378-20241010_060047-20241010_120047-35.000000-40.000000.png,2024-10-10T06:00:47,2024-10-10T12:00:47,35.0,40.0,2024-10-10T09:00:47,37.5,10.437915725008,78.9984509925074,NOISE,2024-10-10T09:00:47,37.5,10.437915725008,78.9984509925074,NOISE,2024-10-10T09:00:47,37.5,10.437915725008,78.9984509925074,NOISE,2024-10-10T09:00:47,37.5,10.437915725008,78.9984509925074,NOISE
2026-03-04T10:58:17.118871,Map-Energy__sum__linear-conv00379-20241010_060047-20241010_120047-40.000000-45.000000.png,2024-10-10T06:00:47,2024-10-10T12:00:47,40.0,45.0,2024-10-10T09:00:47,42.5,10.2209936532221,78.9814941910257,NOISE,2024-10-10T09:00:47,42.5,10.2209936532221,78.9814941910257,NOISE,2024-10-10T09:00:47,42.5,10.2209936532221,78.9814941910257,NOISE,2024-10-10T09:00:47,42.5,10.2209936532221,78.9814941910257,NOISE
2026-03-04T11:03:00.238696,Map-Energy__sum__linear-conv00380-20241010_060047-20241010_120047-45.000000-49.900000.png,2024-10-10T06:00:47,2024-10-10T12:00:47,45.0,49.9,2024-10-10T09:00:47,47.45,10.0532262506808,78.9644950928927,NOISE,2024-10-10T09:00:47,47.45,10.0532262506808,78.9644950928927,NOISE,2024-10-10T09:00:47,47.45,10.0532262506808,78.9644950928927,NOISE,2024-10-10T09:00:47,47.45,10.0532262506808,78.9644950928927,NOISE
2026-03-04T09:38:09.017325,Map-Energy__sum__linear-conv00381-20241010_120047-20241010_180047-0.050000-5.000000.png,2024-10-10T12:00:47,2024-10-10T18:00:47,0.05,5.0,2024-10-10T15:00:47,2.525,11.9301635288236,78.9554869237935,NOISE,2024-10-10T15:00:47,2.525,11.9301635288236,78.9554869237935,NOISE,2024-10-10T15:00:47,2.525,11.9301635288236,78.9554869237935,NOISE,2024-10-10T15:00:47,2.525,11.9301635288236,78.9554869237935,NOISE
2026-03-04T10:01:52.497931,Map-Energy__sum__linear-conv00382-20241010_120047-20241010_180047-5.000000-10.000000.png,2024-10-10T12:00:47,2024-10-10T18:00:47,5.0,10.0,2024-10-10T15:00:47,7.5,11.7898272340434,78.9877048432448,NOISE,2024-10-10T15:00:47,7.5,11.7898272340434,78.9877048432448,NOISE,2024-10-10T15:00:47,7.5,11.7898272340434,78.9877048432448,NOISE,2024-10-10T15:00:47,7.5,11.7898272340434,78.9877048432448,NOISE
2026-03-04T10:08:48.936932,Map-Energy__sum__linear-conv00383-20241010_120047-20241010_180047-10.000000-15.000000.png,2024-10-10T12:00:47,2024-10-10T18:00:47,10.0,15.0,2024-10-10T15:00:47,12.5,11.5594114413877,78.9903276217732,NOISE,2024-10-10T15:00:47,12.5,11.5594114413877,78.9903276217732,NOISE,2024-10-10T15:00:47,12.5,11.5594114413877,78.9903276217732,NOISE,2024-10-10T15:00:47,12.5,11.5594114413877,78.9903276217732,NOISE
2026-03-04T10:14:27.320469,Map-Energy__sum__linear-conv00384-20241010_120047-20241010_180047-15.000000-20.000000.png,2024-10-10T12:00:47,2024-10-10T18:00:47,15.0,20.0,2024-10-10T15:00:47,17.5,11.3555231115476,79.0115662370871,NOISE,2024-10-10T15:00:47,17.5,11.3555231115476,79.0115662370871,NOISE,2024-10-10T15:00:47,17.5,11.3555231115476,79.0115662370871,NOISE,2024-10-10T15:00:47,17.5,11.3555231115476,79.0115662370871,NOISE
2026-03-04T10:32:22.911512,Map-Energy__sum__linear-conv00385-20241010_120047-20241010_180047-20.000000-25.000000.png,2024-10-10T12:00:47,2024-10-10T18:00:47,20.0,25.0,2024-10-10T15:00:47,22.5,11.1238434802504,79.0183136392333,NOISE,2024-10-10T15:00:47,22.5,11.1238434802504,79.0183136392333,NOISE,2024-10-10T15:00:47,22.5,11.1238434802504,79.0183136392333,NOISE,2024-10-10T15:00:47,22.5,11.1238434802504,79.0183136392333,NOISE
2026-03-04T10:42:41.631463,Map-Energy__sum__linear-conv00386-20241010_120047-20241010_180047-25.000000-30.000000.png,2024-10-10T12:00:47,2024-10-10T18:00:47,25.0,30.0,2024-10-10T15:00:47,27.5,10.889673808393,79.020806600637,NOISE,2024-10-10T15:00:47,27.5,10.889673808393,79.020806600637,NOISE,2024-10-10T15:00:47,27.5,10.889673808393,79.020806600637,NOISE,2024-10-10T15:00:47,27.5,10.889673808393,79.020806600637,NOISE
2026-03-04T10:48:17.679346,Map-Energy__sum__linear-conv00387-20241010_120047-20241010_180047-30.000000-35.000000.png,2024-10-10T12:00:47,2024-10-10T18:00:47,30.0,35.0,2024-10-10T15:00:47,32.5,10.6593790614908,79.0131989106931,NOISE,2024-10-10T15:00:47,32.5,10.6593790614908,79.0131989106931,NOISE,2024-10-10T15:00:47,32.5,10.6593790614908,79.0131989106931,NOISE,2024-10-10T15:00:47,32.5,10.6593790614908,79.0131989106931,NOISE
2026-03-04T10:52:25.230439,Map-Energy__sum__linear-conv00388-20241010_120047-20241010_180047-35.000000-40.000000.png,2024-10-10T12:00:47,2024-10-10T18:00:47,35.0,40.0,2024-10-10T15:00:47,37.5,10.437915725008,78.9984509925074,NOISE,2024-10-10T15:00:47,37.5,10.437915725008,78.9984509925074,NOISE,2024-10-10T15:00:47,37.5,10.437915725008,78.9984509925074,NOISE,2024-10-10T15:00:47,37.5,10.437915725008,78.9984509925074,NOISE
2026-03-04T10:58:18.781852,Map-Energy__sum__linear-conv00389-20241010_120047-20241010_180047-40.000000-45.000000.png,2024-10-10T12:00:47,2024-10-10T18:00:47,40.0,45.0,2024-10-10T15:00:47,42.5,10.2209936532221,78.9814941910257,NOISE,2024-10-10T15:00:47,42.5,10.2209936532221,78.9814941910257,NOISE,2024-10-10T15:00:47,42.5,10.2209936532221,78.9814941910257,NOISE,2024-10-10T15:00:47,42.5,10.2209936532221,78.9814941910257,NOISE
2026-03-04T11:03:01.415048,Map-Energy__sum__linear-conv00390-20241010_120047-20241010_180047-45.000000-49.900000.png,2024-10-10T12:00:47,2024-10-10T18:00:47,45.0,49.9,2024-10-10T15:00:47,47.45,10.0532262506808,78.9644950928927,NOISE,2024-10-10T15:00:47,47.45,10.0532262506808,78.9644950928927,NOISE,2024-10-10T15:00:47,47.45,10.0532262506808,78.9644950928927,NOISE,2024-10-10T15:00:47,47.45,10.0532262506808,78.9644950928927,NOISE
2026-03-04T09:38:11.353530,Map-Energy__sum__linear-conv00391-20241010_180047-20241011_000047-0.050000-5.000000.png,2024-10-10T18:00:47,2024-10-11T00:00:47,0.05,5.0,2024-10-10T21:00:47,2.525,11.9301635288236,78.9554869237935,NOISE,2024-10-10T21:00:47,2.525,11.9301635288236,78.9554869237935,NOISE,2024-10-10T21:00:47,2.525,11.9301635288236,78.9554869237935,NOISE,2024-10-10T21:00:47,2.525,11.9301635288236,78.9554869237935,NOISE
2026-03-04T10:01:54.208929,Map-Energy__sum__linear-conv00392-20241010_180047-20241011_000047-5.000000-10.000000.png,2024-10-10T18:00:47,2024-10-11T00:00:47,5.0,10.0,2024-10-10T21:00:47,7.5,11.7898272340434,78.9877048432448,NOISE,2024-10-10T21:00:47,7.5,11.7898272340434,78.9877048432448,NOISE,2024-10-10T21:00:47,7.5,11.7898272340434,78.9877048432448,NOISE,2024-10-10T21:00:47,7.5,11.7898272340434,78.9877048432448,NOISE
2026-03-04T10:08:51.296931,Map-Energy__sum__linear-conv00393-20241010_180047-20241011_000047-10.000000-15.000000.png,2024-10-10T18:00:47,2024-10-11T00:00:47,10.0,15.0,2024-10-10T21:00:47,12.5,11.5594114413877,78.9903276217732,NOISE,2024-10-10T21:00:47,12.5,11.5594114413877,78.9903276217732,NOISE,2024-10-10T21:00:47,12.5,11.5594114413877,78.9903276217732,NOISE,2024-10-10T21:00:47,12.5,11.5594114413877,78.9903276217732,NOISE
2026-03-04T10:14:29.664559,Map-Energy__sum__linear-conv00394-20241010_180047-20241011_000047-15.000000-20.000000.png,2024-10-10T18:00:47,2024-10-11T00:00:47,15.0,20.0,2024-10-10T21:00:47,17.5,11.3555231115476,79.0115662370871,NOISE,2024-10-10T21:00:47,17.5,11.3555231115476,79.0115662370871,NOISE,2024-10-10T21:00:47,17.5,11.3555231115476,79.0115662370871,NOISE,2024-10-10T21:00:47,17.5,11.3555231115476,79.0115662370871,NOISE
2026-03-04T10:32:25.967422,Map-Energy__sum__linear-conv00395-20241010_180047-20241011_000047-20.000000-25.000000.png,2024-10-10T18:00:47,2024-10-11T00:00:47,20.0,25.0,2024-10-10T21:00:47,22.5,11.1238434802504,79.0183136392333,NOISE,2024-10-10T21:00:47,22.5,11.1238434802504,79.0183136392333,NOISE,2024-10-10T21:00:47,22.5,11.1238434802504,79.0183136392333,NOISE,2024-10-10T21:00:47,22.5,11.1238434802504,79.0183136392333,NOISE
2026-03-04T10:42:43.254835,Map-Energy__sum__linear-conv00396-20241010_180047-20241011_000047-25.000000-30.000000.png,2024-10-10T18:00:47,2024-10-11T00:00:47,25.0,30.0,2024-10-10T21:00:47,27.5,10.889673808393,79.020806600637,NOISE,2024-10-10T21:00:47,27.5,10.889673808393,79.020806600637,NOISE,2024-10-10T21:00:47,27.5,10.889673808393,79.020806600637,NOISE,2024-10-10T21:00:47,27.5,10.889673808393,79.020806600637,NOISE
2026-03-04T10:48:18.967216,Map-Energy__sum__linear-conv00397-20241010_180047-20241011_000047-30.000000-35.000000.png,2024-10-10T18:00:47,2024-10-11T00:00:47,30.0,35.0,2024-10-10T21:00:47,32.5,10.6593790614908,79.0131989106931,NOISE,2024-10-10T21:00:47,32.5,10.6593790614908,79.0131989106931,NOISE,2024-10-10T21:00:47,32.5,10.6593790614908,79.0131989106931,NOISE,2024-10-10T21:00:47,32.5,10.6593790614908,79.0131989106931,NOISE
2026-03-04T10:52:26.767093,Map-Energy__sum__linear-conv00398-20241010_180047-20241011_000047-35.000000-40.000000.png,2024-10-10T18:00:47,2024-10-11T00:00:47,35.0,40.0,2024-10-10T21:00:47,37.5,10.437915725008,78.9984509925074,NOISE,2024-10-10T21:00:47,37.5,10.437915725008,78.9984509925074,NOISE,2024-10-10T21:00:47,37.5,10.437915725008,78.9984509925074,NOISE,2024-10-10T21:00:47,37.5,10.437915725008,78.9984509925074,NOISE
2026-03-04T10:58:20.062476,Map-Energy__sum__linear-conv00399-20241010_180047-20241011_000047-40.000000-45.000000.png,2024-10-10T18:00:47,2024-10-11T00:00:47,40.0,45.0,2024-10-10T21:00:47,42.5,10.2209936532221,78.9814941910257,NOISE,2024-10-10T21:00:47,42.5,10.2209936532221,78.9814941910257,NOISE,2024-10-10T21:00:47,42.5,10.2209936532221,78.9814941910257,NOISE,2024-10-10T21:00:47,42.5,10.2209936532221,78.9814941910257,NOISE
2026-03-04T11:03:02.774994,Map-Energy__sum__linear-conv00400-20241010_180047-20241011_000047-45.000000-49.900000.png,2024-10-10T18:00:47,2024-10-11T00:00:47,45.0,49.9,2024-10-10T21:00:47,47.45,10.0532262506808,78.9644950928927,NOISE,2024-10-10T21:00:47,47.45,10.0532262506808,78.9644950928927,NOISE,2024-10-10T21:00:47,47.45,10.0532262506808,78.9644950928927,NOISE,2024-10-10T21:00:47,47.45,10.0532262506808,78.9644950928927,NOISE
2026-03-04T09:38:12.874475,Map-Energy__sum__linear-conv00401-20241011_000047-20241011_060047-0.050000-5.000000.png,2024-10-11T00:00:47,2024-10-11T06:00:47,0.05,5.0,2024-10-11T03:00:47,2.525,11.9301635288236,78.9554869237935,NOISE,2024-10-11T03:00:47,2.525,11.9301635288236,78.9554869237935,NOISE,2024-10-11T03:00:47,2.525,11.9301635288236,78.9554869237935,NOISE,2024-10-11T03:00:47,2.525,11.9301635288236,78.9554869237935,NOISE
2026-03-04T10:01:56.640801,Map-Energy__sum__linear-conv00402-20241011_000047-20241011_060047-5.000000-10.000000.png,2024-10-11T00:00:47,2024-10-11T06:00:47,5.0,10.0,2024-10-11T03:00:47,7.5,11.7898272340434,78.9877048432448,NOISE,2024-10-11T03:00:47,7.5,11.7898272340434,78.9877048432448,NOISE,2024-10-11T03:00:47,7.5,11.7898272340434,78.9877048432448,NOISE,2024-10-11T03:00:47,7.5,11.7898272340434,78.9877048432448,NOISE
2026-03-04T10:08:53.000392,Map-Energy__sum__linear-conv00403-20241011_000047-20241011_060047-10.000000-15.000000.png,2024-10-11T00:00:47,2024-10-11T06:00:47,10.0,15.0,2024-10-11T03:00:47,12.5,11.5594114413877,78.9903276217732,NOISE,2024-10-11T03:00:47,12.5,11.5594114413877,78.9903276217732,NOISE,2024-10-11T03:00:47,12.5,11.5594114413877,78.9903276217732,NOISE,2024-10-11T03:00:47,12.5,11.5594114413877,78.9903276217732,NOISE
2026-03-04T10:15:54.072713,Map-Energy__sum__linear-conv00404-20241011_000047-20241011_060047-15.000000-20.000000.png,2024-10-11T00:00:47,2024-10-11T06:00:47,15.0,20.0,2024-10-11T04:03:42,16.721802,11.3879578875251,79.0083635409746,OTHER,2024-10-11T03:00:47,17.5,11.3555231115476,79.0115662370871,NOISE,2024-10-11T03:00:47,17.5,11.3555231115476,79.0115662370871,NOISE,2024-10-11T03:00:47,17.5,11.3555231115476,79.0115662370871,NOISE
2026-03-04T10:32:30.951383,Map-Energy__sum__linear-conv00405-20241011_000047-20241011_060047-20.000000-25.000000.png,2024-10-11T00:00:47,2024-10-11T06:00:47,20.0,25.0,2024-10-11T03:00:47,22.5,11.1238434802504,79.0183136392333,NOISE,2024-10-11T03:00:47,22.5,11.1238434802504,79.0183136392333,NOISE,2024-10-11T03:00:47,22.5,11.1238434802504,79.0183136392333,NOISE,2024-10-11T03:00:47,22.5,11.1238434802504,79.0183136392333,NOISE
2026-03-04T10:42:44.558788,Map-Energy__sum__linear-conv00406-20241011_000047-20241011_060047-25.000000-30.000000.png,2024-10-11T00:00:47,2024-10-11T06:00:47,25.0,30.0,2024-10-11T03:00:47,27.5,10.889673808393,79.020806600637,NOISE,2024-10-11T03:00:47,27.5,10.889673808393,79.020806600637,NOISE,2024-10-11T03:00:47,27.5,10.889673808393,79.020806600637,NOISE,2024-10-11T03:00:47,27.5,10.889673808393,79.020806600637,NOISE
2026-03-04T10:48:20.535037,Map-Energy__sum__linear-conv00407-20241011_000047-20241011_060047-30.000000-35.000000.png,2024-10-11T00:00:47,2024-10-11T06:00:47,30.0,35.0,2024-10-11T03:00:47,32.5,10.6593790614908,79.0131989106931,NOISE,2024-10-11T03:00:47,32.5,10.6593790614908,79.0131989106931,NOISE,2024-10-11T03:00:47,32.5,10.6593790614908,79.0131989106931,NOISE,2024-10-11T03:00:47,32.5,10.6593790614908,79.0131989106931,NOISE
2026-03-04T10:52:28.143131,Map-Energy__sum__linear-conv00408-20241011_000047-20241011_060047-35.000000-40.000000.png,2024-10-11T00:00:47,2024-10-11T06:00:47,35.0,40.0,2024-10-11T03:00:47,37.5,10.437915725008,78.9984509925074,NOISE,2024-10-11T03:00:47,37.5,10.437915725008,78.9984509925074,NOISE,2024-10-11T03:00:47,37.5,10.437915725008,78.9984509925074,NOISE,2024-10-11T03:00:47,37.5,10.437915725008,78.9984509925074,NOISE
2026-03-04T10:58:21.406658,Map-Energy__sum__linear-conv00409-20241011_000047-20241011_060047-40.000000-45.000000.png,2024-10-11T00:00:47,2024-10-11T06:00:47,40.0,45.0,2024-10-11T03:00:47,42.5,10.2209936532221,78.9814941910257,NOISE,2024-10-11T03:00:47,42.5,10.2209936532221,78.9814941910257,NOISE,2024-10-11T03:00:47,42.5,10.2209936532221,78.9814941910257,NOISE,2024-10-11T03:00:47,42.5,10.2209936532221,78.9814941910257,NOISE
2026-03-04T11:03:03.885854,Map-Energy__sum__linear-conv00410-20241011_000047-20241011_060047-45.000000-49.900000.png,2024-10-11T00:00:47,2024-10-11T06:00:47,45.0,49.9,2024-10-11T03:00:47,47.45,10.0532262506808,78.9644950928927,NOISE,2024-10-11T03:00:47,47.45,10.0532262506808,78.9644950928927,NOISE,2024-10-11T03:00:47,47.45,10.0532262506808,78.9644950928927,NOISE,2024-10-11T03:00:47,47.45,10.0532262506808,78.9644950928927,NOISE
2026-03-04T09:38:14.145525,Map-Energy__sum__linear-conv00411-20241011_060047-20241011_120047-0.050000-5.000000.png,2024-10-11T06:00:47,2024-10-11T12:00:47,0.05,5.0,2024-10-11T09:00:47,2.525,11.9301635288236,78.9554869237935,NOISE,2024-10-11T09:00:47,2.525,11.9301635288236,78.9554869237935,NOISE,2024-10-11T09:00:47,2.525,11.9301635288236,78.9554869237935,NOISE,2024-10-11T09:00:47,2.525,11.9301635288236,78.9554869237935,NOISE
2026-03-04T10:01:59.320286,Map-Energy__sum__linear-conv00412-20241011_060047-20241011_120047-5.000000-10.000000.png,2024-10-11T06:00:47,2024-10-11T12:00:47,5.0,10.0,2024-10-11T09:00:47,7.5,11.7898272340434,78.9877048432448,NOISE,2024-10-11T09:00:47,7.5,11.7898272340434,78.9877048432448,NOISE,2024-10-11T09:00:47,7.5,11.7898272340434,78.9877048432448,NOISE,2024-10-11T09:00:47,7.5,11.7898272340434,78.9877048432448,NOISE
2026-03-04T10:08:54.624323,Map-Energy__sum__linear-conv00413-20241011_060047-20241011_120047-10.000000-15.000000.png,2024-10-11T06:00:47,2024-10-11T12:00:47,10.0,15.0,2024-10-11T09:00:47,12.5,11.5594114413877,78.9903276217732,NOISE,2024-10-11T09:00:47,12.5,11.5594114413877,78.9903276217732,NOISE,2024-10-11T09:00:47,12.5,11.5594114413877,78.9903276217732,NOISE,2024-10-11T09:00:47,12.5,11.5594114413877,78.9903276217732,NOISE
2026-03-04T10:15:56.055592,Map-Energy__sum__linear-conv00414-20241011_060047-20241011_120047-15.000000-20.000000.png,2024-10-11T06:00:47,2024-10-11T12:00:47,15.0,20.0,2024-10-11T09:00:47,17.5,11.3555231115476,79.0115662370871,NOISE,2024-10-11T09:00:47,17.5,11.3555231115476,79.0115662370871,NOISE,2024-10-11T09:00:47,17.5,11.3555231115476,79.0115662370871,NOISE,2024-10-11T09:00:47,17.5,11.3555231115476,79.0115662370871,NOISE
2026-03-04T10:32:33.559848,Map-Energy__sum__linear-conv00415-20241011_060047-20241011_120047-20.000000-25.000000.png,2024-10-11T06:00:47,2024-10-11T12:00:47,20.0,25.0,2024-10-11T09:00:47,22.5,11.1238434802504,79.0183136392333,NOISE,2024-10-11T09:00:47,22.5,11.1238434802504,79.0183136392333,NOISE,2024-10-11T09:00:47,22.5,11.1238434802504,79.0183136392333,NOISE,2024-10-11T09:00:47,22.5,11.1238434802504,79.0183136392333,NOISE
2026-03-04T10:42:50.287147,Map-Energy__sum__linear-conv00416-20241011_060047-20241011_120047-25.000000-30.000000.png,2024-10-11T06:00:47,2024-10-11T12:00:47,25.0,30.0,2024-10-11T09:00:47,27.5,10.889673808393,79.020806600637,NOISE,2024-10-11T09:00:47,27.5,10.889673808393,79.020806600637,NOISE,2024-10-11T09:00:47,27.5,10.889673808393,79.020806600637,NOISE,2024-10-11T09:00:47,27.5,10.889673808393,79.020806600637,NOISE
2026-03-04T10:48:24.255142,Map-Energy__sum__linear-conv00417-20241011_060047-20241011_120047-30.000000-35.000000.png,2024-10-11T06:00:47,2024-10-11T12:00:47,30.0,35.0,2024-10-11T09:00:47,32.5,10.6593790614908,79.0131989106931,NOISE,2024-10-11T09:00:47,32.5,10.6593790614908,79.0131989106931,NOISE,2024-10-11T09:00:47,32.5,10.6593790614908,79.0131989106931,NOISE,2024-10-11T09:00:47,32.5,10.6593790614908,79.0131989106931,NOISE
2026-03-04T10:52:34.079093,Map-Energy__sum__linear-conv00418-20241011_060047-20241011_120047-35.000000-40.000000.png,2024-10-11T06:00:47,2024-10-11T12:00:47,35.0,40.0,2024-10-11T09:00:47,37.5,10.437915725008,78.9984509925074,NOISE,2024-10-11T09:00:47,37.5,10.437915725008,78.9984509925074,NOISE,2024-10-11T09:00:47,37.5,10.437915725008,78.9984509925074,NOISE,2024-10-11T09:00:47,37.5,10.437915725008,78.9984509925074,NOISE
2026-03-04T10:58:22.662869,Map-Energy__sum__linear-conv00419-20241011_060047-20241011_120047-40.000000-45.000000.png,2024-10-11T06:00:47,2024-10-11T12:00:47,40.0,45.0,2024-10-11T09:00:47,42.5,10.2209936532221,78.9814941910257,NOISE,2024-10-11T09:00:47,42.5,10.2209936532221,78.9814941910257,NOISE,2024-10-11T09:00:47,42.5,10.2209936532221,78.9814941910257,NOISE,2024-10-11T09:00:47,42.5,10.2209936532221,78.9814941910257,NOISE
2026-03-04T11:03:05.126688,Map-Energy__sum__linear-conv00420-20241011_060047-20241011_120047-45.000000-49.900000.png,2024-10-11T06:00:47,2024-10-11T12:00:47,45.0,49.9,2024-10-11T09:00:47,47.45,10.0532262506808,78.9644950928927,NOISE,2024-10-11T09:00:47,47.45,10.0532262506808,78.9644950928927,NOISE,2024-10-11T09:00:47,47.45,10.0532262506808,78.9644950928927,NOISE,2024-10-11T09:00:47,47.45,10.0532262506808,78.9644950928927,NOISE
2026-03-04T09:38:17.105509,Map-Energy__sum__linear-conv00421-20241011_120047-20241011_180047-0.050000-5.000000.png,2024-10-11T12:00:47,2024-10-11T18:00:47,0.05,5.0,2024-10-11T15:00:47,2.525,11.9301635288236,78.9554869237935,NOISE,2024-10-11T15:00:47,2.525,11.9301635288236,78.9554869237935,NOISE,2024-10-11T15:00:47,2.525,11.9301635288236,78.9554869237935,NOISE,2024-10-11T15:00:47,2.525,11.9301635288236,78.9554869237935,NOISE
2026-03-04T10:02:01.296858,Map-Energy__sum__linear-conv00422-20241011_120047-20241011_180047-5.000000-10.000000.png,2024-10-11T12:00:47,2024-10-11T18:00:47,5.0,10.0,2024-10-11T15:00:47,7.5,11.7898272340434,78.9877048432448,NOISE,2024-10-11T15:00:47,7.5,11.7898272340434,78.9877048432448,NOISE,2024-10-11T15:00:47,7.5,11.7898272340434,78.9877048432448,NOISE,2024-10-11T15:00:47,7.5,11.7898272340434,78.9877048432448,NOISE
2026-03-04T10:08:56.016909,Map-Energy__sum__linear-conv00423-20241011_120047-20241011_180047-10.000000-15.000000.png,2024-10-11T12:00:47,2024-10-11T18:00:47,10.0,15.0,2024-10-11T15:00:47,12.5,11.5594114413877,78.9903276217732,NOISE,2024-10-11T15:00:47,12.5,11.5594114413877,78.9903276217732,NOISE,2024-10-11T15:00:47,12.5,11.5594114413877,78.9903276217732,NOISE,2024-10-11T15:00:47,12.5,11.5594114413877,78.9903276217732,NOISE
2026-03-04T10:15:59.168131,Map-Energy__sum__linear-conv00424-20241011_120047-20241011_180047-15.000000-20.000000.png,2024-10-11T12:00:47,2024-10-11T18:00:47,15.0,20.0,2024-10-11T15:00:47,17.5,11.3555231115476,79.0115662370871,NOISE,2024-10-11T15:00:47,17.5,11.3555231115476,79.0115662370871,NOISE,2024-10-11T15:00:47,17.5,11.3555231115476,79.0115662370871,NOISE,2024-10-11T15:00:47,17.5,11.3555231115476,79.0115662370871,NOISE
2026-03-04T10:32:36.935451,Map-Energy__sum__linear-conv00425-20241011_120047-20241011_180047-20.000000-25.000000.png,2024-10-11T12:00:47,2024-10-11T18:00:47,20.0,25.0,2024-10-11T15:00:47,22.5,11.1238434802504,79.0183136392333,NOISE,2024-10-11T15:00:47,22.5,11.1238434802504,79.0183136392333,NOISE,2024-10-11T15:00:47,22.5,11.1238434802504,79.0183136392333,NOISE,2024-10-11T15:00:47,22.5,11.1238434802504,79.0183136392333,NOISE
2026-03-04T10:42:51.454780,Map-Energy__sum__linear-conv00426-20241011_120047-20241011_180047-25.000000-30.000000.png,2024-10-11T12:00:47,2024-10-11T18:00:47,25.0,30.0,2024-10-11T15:00:47,27.5,10.889673808393,79.020806600637,NOISE,2024-10-11T15:00:47,27.5,10.889673808393,79.020806600637,NOISE,2024-10-11T15:00:47,27.5,10.889673808393,79.020806600637,NOISE,2024-10-11T15:00:47,27.5,10.889673808393,79.020806600637,NOISE
2026-03-04T10:48:26.406227,Map-Energy__sum__linear-conv00427-20241011_120047-20241011_180047-30.000000-35.000000.png,2024-10-11T12:00:47,2024-10-11T18:00:47,30.0,35.0,2024-10-11T15:00:47,32.5,10.6593790614908,79.0131989106931,NOISE,2024-10-11T15:00:47,32.5,10.6593790614908,79.0131989106931,NOISE,2024-10-11T15:00:47,32.5,10.6593790614908,79.0131989106931,NOISE,2024-10-11T15:00:47,32.5,10.6593790614908,79.0131989106931,NOISE
2026-03-04T10:52:35.966217,Map-Energy__sum__linear-conv00428-20241011_120047-20241011_180047-35.000000-40.000000.png,2024-10-11T12:00:47,2024-10-11T18:00:47,35.0,40.0,2024-10-11T15:00:47,37.5,10.437915725008,78.9984509925074,NOISE,2024-10-11T15:00:47,37.5,10.437915725008,78.9984509925074,NOISE,2024-10-11T15:00:47,37.5,10.437915725008,78.9984509925074,NOISE,2024-10-11T15:00:47,37.5,10.437915725008,78.9984509925074,NOISE
2026-03-04T10:58:24.390582,Map-Energy__sum__linear-conv00429-20241011_120047-20241011_180047-40.000000-45.000000.png,2024-10-11T12:00:47,2024-10-11T18:00:47,40.0,45.0,2024-10-11T15:00:47,42.5,10.2209936532221,78.9814941910257,NOISE,2024-10-11T15:00:47,42.5,10.2209936532221,78.9814941910257,NOISE,2024-10-11T15:00:47,42.5,10.2209936532221,78.9814941910257,NOISE,2024-10-11T15:00:47,42.5,10.2209936532221,78.9814941910257,NOISE
2026-03-04T11:03:06.190210,Map-Energy__sum__linear-conv00430-20241011_120047-20241011_180047-45.000000-49.900000.png,2024-10-11T12:00:47,2024-10-11T18:00:47,45.0,49.9,2024-10-11T15:00:47,47.45,10.0532262506808,78.9644950928927,NOISE,2024-10-11T15:00:47,47.45,10.0532262506808,78.9644950928927,NOISE,2024-10-11T15:00:47,47.45,10.0532262506808,78.9644950928927,NOISE,2024-10-11T15:00:47,47.45,10.0532262506808,78.9644950928927,NOISE
2026-03-04T09:38:18.409400,Map-Energy__sum__linear-conv00431-20241011_180047-20241012_000047-0.050000-5.000000.png,2024-10-11T18:00:47,2024-10-12T00:00:47,0.05,5.0,2024-10-11T21:00:47,2.525,11.9301635288236,78.9554869237935,NOISE,2024-10-11T21:00:47,2.525,11.9301635288236,78.9554869237935,NOISE,2024-10-11T21:00:47,2.525,11.9301635288236,78.9554869237935,NOISE,2024-10-11T21:00:47,2.525,11.9301635288236,78.9554869237935,NOISE
2026-03-04T10:02:04.529336,Map-Energy__sum__linear-conv00432-20241011_180047-20241012_000047-5.000000-10.000000.png,2024-10-11T18:00:47,2024-10-12T00:00:47,5.0,10.0,2024-10-11T21:00:47,7.5,11.7898272340434,78.9877048432448,NOISE,2024-10-11T21:00:47,7.5,11.7898272340434,78.9877048432448,NOISE,2024-10-11T21:00:47,7.5,11.7898272340434,78.9877048432448,NOISE,2024-10-11T21:00:47,7.5,11.7898272340434,78.9877048432448,NOISE
2026-03-04T10:08:58.897000,Map-Energy__sum__linear-conv00433-20241011_180047-20241012_000047-10.000000-15.000000.png,2024-10-11T18:00:47,2024-10-12T00:00:47,10.0,15.0,2024-10-11T21:00:47,12.5,11.5594114413877,78.9903276217732,NOISE,2024-10-11T21:00:47,12.5,11.5594114413877,78.9903276217732,NOISE,2024-10-11T21:00:47,12.5,11.5594114413877,78.9903276217732,NOISE,2024-10-11T21:00:47,12.5,11.5594114413877,78.9903276217732,NOISE
2026-03-04T10:16:01.904155,Map-Energy__sum__linear-conv00434-20241011_180047-20241012_000047-15.000000-20.000000.png,2024-10-11T18:00:47,2024-10-12T00:00:47,15.0,20.0,2024-10-11T21:00:47,17.5,11.3555231115476,79.0115662370871,NOISE,2024-10-11T21:00:47,17.5,11.3555231115476,79.0115662370871,NOISE,2024-10-11T21:00:47,17.5,11.3555231115476,79.0115662370871,NOISE,2024-10-11T21:00:47,17.5,11.3555231115476,79.0115662370871,NOISE
2026-03-04T10:32:57.951833,Map-Energy__sum__linear-conv00435-20241011_180047-20241012_000047-20.000000-25.000000.png,2024-10-11T18:00:47,2024-10-12T00:00:47,20.0,25.0,2024-10-11T21:00:47,22.5,11.1238434802504,79.0183136392333,NOISE,2024-10-11T21:00:47,22.5,11.1238434802504,79.0183136392333,NOISE,2024-10-11T21:00:47,22.5,11.1238434802504,79.0183136392333,NOISE,2024-10-11T21:00:47,22.5,11.1238434802504,79.0183136392333,NOISE
2026-03-04T10:42:53.007460,Map-Energy__sum__linear-conv00436-20241011_180047-20241012_000047-25.000000-30.000000.png,2024-10-11T18:00:47,2024-10-12T00:00:47,25.0,30.0,2024-10-11T21:00:47,27.5,10.889673808393,79.020806600637,NOISE,2024-10-11T21:00:47,27.5,10.889673808393,79.020806600637,NOISE,2024-10-11T21:00:47,27.5,10.889673808393,79.020806600637,NOISE,2024-10-11T21:00:47,27.5,10.889673808393,79.020806600637,NOISE
2026-03-04T10:48:28.631243,Map-Energy__sum__linear-conv00437-20241011_180047-20241012_000047-30.000000-35.000000.png,2024-10-11T18:00:47,2024-10-12T00:00:47,30.0,35.0,2024-10-11T21:00:47,32.5,10.6593790614908,79.0131989106931,NOISE,2024-10-11T21:00:47,32.5,10.6593790614908,79.0131989106931,NOISE,2024-10-11T21:00:47,32.5,10.6593790614908,79.0131989106931,NOISE,2024-10-11T21:00:47,32.5,10.6593790614908,79.0131989106931,NOISE
2026-03-04T10:52:37.334689,Map-Energy__sum__linear-conv00438-20241011_180047-20241012_000047-35.000000-40.000000.png,2024-10-11T18:00:47,2024-10-12T00:00:47,35.0,40.0,2024-10-11T21:00:47,37.5,10.437915725008,78.9984509925074,NOISE,2024-10-11T21:00:47,37.5,10.437915725008,78.9984509925074,NOISE,2024-10-11T21:00:47,37.5,10.437915725008,78.9984509925074,NOISE,2024-10-11T21:00:47,37.5,10.437915725008,78.9984509925074,NOISE
2026-03-04T10:58:25.567077,Map-Energy__sum__linear-conv00439-20241011_180047-20241012_000047-40.000000-45.000000.png,2024-10-11T18:00:47,2024-10-12T00:00:47,40.0,45.0,2024-10-11T21:00:47,42.5,10.2209936532221,78.9814941910257,NOISE,2024-10-11T21:00:47,42.5,10.2209936532221,78.9814941910257,NOISE,2024-10-11T21:00:47,42.5,10.2209936532221,78.9814941910257,NOISE,2024-10-11T21:00:47,42.5,10.2209936532221,78.9814941910257,NOISE
2026-03-04T11:03:07.142207,Map-Energy__sum__linear-conv00440-20241011_180047-20241012_000047-45.000000-49.900000.png,2024-10-11T18:00:47,2024-10-12T00:00:47,45.0,49.9,2024-10-11T21:00:47,47.45,10.0532262506808,78.9644950928927,NOISE,2024-10-11T21:00:47,47.45,10.0532262506808,78.9644950928927,NOISE,2024-10-11T21:00:47,47.45,10.0532262506808,78.9644950928927,NOISE,2024-10-11T21:00:47,47.45,10.0532262506808,78.9644950928927,NOISE
2026-03-04T09:38:19.641824,Map-Energy__sum__linear-conv00441-20241012_000047-20241012_060047-0.050000-5.000000.png,2024-10-12T00:00:47,2024-10-12T06:00:47,0.05,5.0,2024-10-12T03:00:47,2.525,11.9301635288236,78.9554869237935,NOISE,2024-10-12T03:00:47,2.525,11.9301635288236,78.9554869237935,NOISE,2024-10-12T03:00:47,2.525,11.9301635288236,78.9554869237935,NOISE,2024-10-12T03:00:47,2.525,11.9301635288236,78.9554869237935,NOISE
2026-03-04T10:02:07.080841,Map-Energy__sum__linear-conv00442-20241012_000047-20241012_060047-5.000000-10.000000.png,2024-10-12T00:00:47,2024-10-12T06:00:47,5.0,10.0,2024-10-12T03:00:47,7.5,11.7898272340434,78.9877048432448,NOISE,2024-10-12T03:00:47,7.5,11.7898272340434,78.9877048432448,NOISE,2024-10-12T03:00:47,7.5,11.7898272340434,78.9877048432448,NOISE,2024-10-12T03:00:47,7.5,11.7898272340434,78.9877048432448,NOISE
2026-03-04T10:09:01.096926,Map-Energy__sum__linear-conv00443-20241012_000047-20241012_060047-10.000000-15.000000.png,2024-10-12T00:00:47,2024-10-12T06:00:47,10.0,15.0,2024-10-12T03:00:47,12.5,11.5594114413877,78.9903276217732,NOISE,2024-10-12T03:00:47,12.5,11.5594114413877,78.9903276217732,NOISE,2024-10-12T03:00:47,12.5,11.5594114413877,78.9903276217732,NOISE,2024-10-12T03:00:47,12.5,11.5594114413877,78.9903276217732,NOISE
2026-03-04T10:16:05.376541,Map-Energy__sum__linear-conv00444-20241012_000047-20241012_060047-15.000000-20.000000.png,2024-10-12T00:00:47,2024-10-12T06:00:47,15.0,20.0,2024-10-12T03:00:47,17.5,11.3555231115476,79.0115662370871,NOISE,2024-10-12T03:00:47,17.5,11.3555231115476,79.0115662370871,NOISE,2024-10-12T03:00:47,17.5,11.3555231115476,79.0115662370871,NOISE,2024-10-12T03:00:47,17.5,11.3555231115476,79.0115662370871,NOISE
2026-03-04T10:33:04.567344,Map-Energy__sum__linear-conv00445-20241012_000047-20241012_060047-20.000000-25.000000.png,2024-10-12T00:00:47,2024-10-12T06:00:47,20.0,25.0,2024-10-12T03:00:47,22.5,11.1238434802504,79.0183136392333,NOISE,2024-10-12T03:00:47,22.5,11.1238434802504,79.0183136392333,NOISE,2024-10-12T03:00:47,22.5,11.1238434802504,79.0183136392333,NOISE,2024-10-12T03:00:47,22.5,11.1238434802504,79.0183136392333,NOISE
2026-03-04T10:43:00.455675,Map-Energy__sum__linear-conv00446-20241012_000047-20241012_060047-25.000000-30.000000.png,2024-10-12T00:00:47,2024-10-12T06:00:47,25.0,30.0,2024-10-12T03:00:47,27.5,10.889673808393,79.020806600637,NOISE,2024-10-12T03:00:47,27.5,10.889673808393,79.020806600637,NOISE,2024-10-12T03:00:47,27.5,10.889673808393,79.020806600637,NOISE,2024-10-12T03:00:47,27.5,10.889673808393,79.020806600637,NOISE
2026-03-04T10:48:30.670433,Map-Energy__sum__linear-conv00447-20241012_000047-20241012_060047-30.000000-35.000000.png,2024-10-12T00:00:47,2024-10-12T06:00:47,30.0,35.0,2024-10-12T03:00:47,32.5,10.6593790614908,79.0131989106931,NOISE,2024-10-12T03:00:47,32.5,10.6593790614908,79.0131989106931,NOISE,2024-10-12T03:00:47,32.5,10.6593790614908,79.0131989106931,NOISE,2024-10-12T03:00:47,32.5,10.6593790614908,79.0131989106931,NOISE
2026-03-04T10:52:38.983394,Map-Energy__sum__linear-conv00448-20241012_000047-20241012_060047-35.000000-40.000000.png,2024-10-12T00:00:47,2024-10-12T06:00:47,35.0,40.0,2024-10-12T03:00:47,37.5,10.437915725008,78.9984509925074,NOISE,2024-10-12T03:00:47,37.5,10.437915725008,78.9984509925074,NOISE,2024-10-12T03:00:47,37.5,10.437915725008,78.9984509925074,NOISE,2024-10-12T03:00:47,37.5,10.437915725008,78.9984509925074,NOISE
2026-03-04T10:58:28.374863,Map-Energy__sum__linear-conv00449-20241012_000047-20241012_060047-40.000000-45.000000.png,2024-10-12T00:00:47,2024-10-12T06:00:47,40.0,45.0,2024-10-12T03:00:47,42.5,10.2209936532221,78.9814941910257,NOISE,2024-10-12T03:00:47,42.5,10.2209936532221,78.9814941910257,NOISE,2024-10-12T03:00:47,42.5,10.2209936532221,78.9814941910257,NOISE,2024-10-12T03:00:47,42.5,10.2209936532221,78.9814941910257,NOISE
2026-03-04T11:03:08.183153,Map-Energy__sum__linear-conv00450-20241012_000047-20241012_060047-45.000000-49.900000.png,2024-10-12T00:00:47,2024-10-12T06:00:47,45.0,49.9,2024-10-12T03:00:47,47.45,10.0532262506808,78.9644950928927,NOISE,2024-10-12T03:00:47,47.45,10.0532262506808,78.9644950928927,NOISE,2024-10-12T03:00:47,47.45,10.0532262506808,78.9644950928927,NOISE,2024-10-12T03:00:47,47.45,10.0532262506808,78.9644950928927,NOISE
2026-03-04T09:38:20.802055,Map-Energy__sum__linear-conv00451-20241012_060047-20241012_120047-0.050000-5.000000.png,2024-10-12T06:00:47,2024-10-12T12:00:47,0.05,5.0,2024-10-12T09:00:47,2.525,11.9301635288236,78.9554869237935,NOISE,2024-10-12T09:00:47,2.525,11.9301635288236,78.9554869237935,NOISE,2024-10-12T09:00:47,2.525,11.9301635288236,78.9554869237935,NOISE,2024-10-12T09:00:47,2.525,11.9301635288236,78.9554869237935,NOISE
2026-03-04T10:02:09.377095,Map-Energy__sum__linear-conv00452-20241012_060047-20241012_120047-5.000000-10.000000.png,2024-10-12T06:00:47,2024-10-12T12:00:47,5.0,10.0,2024-10-12T09:00:47,7.5,11.7898272340434,78.9877048432448,NOISE,2024-10-12T09:00:47,7.5,11.7898272340434,78.9877048432448,NOISE,2024-10-12T09:00:47,7.5,11.7898272340434,78.9877048432448,NOISE,2024-10-12T09:00:47,7.5,11.7898272340434,78.9877048432448,NOISE
2026-03-04T10:09:03.256813,Map-Energy__sum__linear-conv00453-20241012_060047-20241012_120047-10.000000-15.000000.png,2024-10-12T06:00:47,2024-10-12T12:00:47,10.0,15.0,2024-10-12T09:00:47,12.5,11.5594114413877,78.9903276217732,NOISE,2024-10-12T09:00:47,12.5,11.5594114413877,78.9903276217732,NOISE,2024-10-12T09:00:47,12.5,11.5594114413877,78.9903276217732,NOISE,2024-10-12T09:00:47,12.5,11.5594114413877,78.9903276217732,NOISE
2026-03-04T10:16:07.952656,Map-Energy__sum__linear-conv00454-20241012_060047-20241012_120047-15.000000-20.000000.png,2024-10-12T06:00:47,2024-10-12T12:00:47,15.0,20.0,2024-10-12T09:00:47,17.5,11.3555231115476,79.0115662370871,NOISE,2024-10-12T09:00:47,17.5,11.3555231115476,79.0115662370871,NOISE,2024-10-12T09:00:47,17.5,11.3555231115476,79.0115662370871,NOISE,2024-10-12T09:00:47,17.5,11.3555231115476,79.0115662370871,NOISE
2026-03-04T10:33:08.095747,Map-Energy__sum__linear-conv00455-20241012_060047-20241012_120047-20.000000-25.000000.png,2024-10-12T06:00:47,2024-10-12T12:00:47,20.0,25.0,2024-10-12T09:00:47,22.5,11.1238434802504,79.0183136392333,NOISE,2024-10-12T09:00:47,22.5,11.1238434802504,79.0183136392333,NOISE,2024-10-12T09:00:47,22.5,11.1238434802504,79.0183136392333,NOISE,2024-10-12T09:00:47,22.5,11.1238434802504,79.0183136392333,NOISE
2026-03-04T10:43:02.278698,Map-Energy__sum__linear-conv00456-20241012_060047-20241012_120047-25.000000-30.000000.png,2024-10-12T06:00:47,2024-10-12T12:00:47,25.0,30.0,2024-10-12T09:00:47,27.5,10.889673808393,79.020806600637,NOISE,2024-10-12T09:00:47,27.5,10.889673808393,79.020806600637,NOISE,2024-10-12T09:00:47,27.5,10.889673808393,79.020806600637,NOISE,2024-10-12T09:00:47,27.5,10.889673808393,79.020806600637,NOISE
2026-03-04T10:48:32.311244,Map-Energy__sum__linear-conv00457-20241012_060047-20241012_120047-30.000000-35.000000.png,2024-10-12T06:00:47,2024-10-12T12:00:47,30.0,35.0,2024-10-12T09:00:47,32.5,10.6593790614908,79.0131989106931,NOISE,2024-10-12T09:00:47,32.5,10.6593790614908,79.0131989106931,NOISE,2024-10-12T09:00:47,32.5,10.6593790614908,79.0131989106931,NOISE,2024-10-12T09:00:47,32.5,10.6593790614908,79.0131989106931,NOISE
2026-03-04T10:52:41.023051,Map-Energy__sum__linear-conv00458-20241012_060047-20241012_120047-35.000000-40.000000.png,2024-10-12T06:00:47,2024-10-12T12:00:47,35.0,40.0,2024-10-12T09:00:47,37.5,10.437915725008,78.9984509925074,NOISE,2024-10-12T09:00:47,37.5,10.437915725008,78.9984509925074,NOISE,2024-10-12T09:00:47,37.5,10.437915725008,78.9984509925074,NOISE,2024-10-12T09:00:47,37.5,10.437915725008,78.9984509925074,NOISE
2026-03-04T10:58:29.870819,Map-Energy__sum__linear-conv00459-20241012_060047-20241012_120047-40.000000-45.000000.png,2024-10-12T06:00:47,2024-10-12T12:00:47,40.0,45.0,2024-10-12T09:00:47,42.5,10.2209936532221,78.9814941910257,NOISE,2024-10-12T09:00:47,42.5,10.2209936532221,78.9814941910257,NOISE,2024-10-12T09:00:47,42.5,10.2209936532221,78.9814941910257,NOISE,2024-10-12T09:00:47,42.5,10.2209936532221,78.9814941910257,NOISE
2026-03-04T11:03:09.222685,Map-Energy__sum__linear-conv00460-20241012_060047-20241012_120047-45.000000-49.900000.png,2024-10-12T06:00:47,2024-10-12T12:00:47,45.0,49.9,2024-10-12T09:00:47,47.45,10.0532262506808,78.9644950928927,NOISE,2024-10-12T09:00:47,47.45,10.0532262506808,78.9644950928927,NOISE,2024-10-12T09:00:47,47.45,10.0532262506808,78.9644950928927,NOISE,2024-10-12T09:00:47,47.45,10.0532262506808,78.9644950928927,NOISE
2026-03-04T09:38:22.721765,Map-Energy__sum__linear-conv00461-20241012_120047-20241012_180047-0.050000-5.000000.png,2024-10-12T12:00:47,2024-10-12T18:00:47,0.05,5.0,2024-10-12T15:00:47,2.525,11.9301635288236,78.9554869237935,NOISE,2024-10-12T15:00:47,2.525,11.9301635288236,78.9554869237935,NOISE,2024-10-12T15:00:47,2.525,11.9301635288236,78.9554869237935,NOISE,2024-10-12T15:00:47,2.525,11.9301635288236,78.9554869237935,NOISE
2026-03-04T10:02:12.178290,Map-Energy__sum__linear-conv00462-20241012_120047-20241012_180047-5.000000-10.000000.png,2024-10-12T12:00:47,2024-10-12T18:00:47,5.0,10.0,2024-10-12T15:00:47,7.5,11.7898272340434,78.9877048432448,NOISE,2024-10-12T15:00:47,7.5,11.7898272340434,78.9877048432448,NOISE,2024-10-12T15:00:47,7.5,11.7898272340434,78.9877048432448,NOISE,2024-10-12T15:00:47,7.5,11.7898272340434,78.9877048432448,NOISE
2026-03-04T10:09:06.032058,Map-Energy__sum__linear-conv00463-20241012_120047-20241012_180047-10.000000-15.000000.png,2024-10-12T12:00:47,2024-10-12T18:00:47,10.0,15.0,2024-10-12T15:00:47,12.5,11.5594114413877,78.9903276217732,NOISE,2024-10-12T15:00:47,12.5,11.5594114413877,78.9903276217732,NOISE,2024-10-12T15:00:47,12.5,11.5594114413877,78.9903276217732,NOISE,2024-10-12T15:00:47,12.5,11.5594114413877,78.9903276217732,NOISE
2026-03-04T10:16:10.568266,Map-Energy__sum__linear-conv00464-20241012_120047-20241012_180047-15.000000-20.000000.png,2024-10-12T12:00:47,2024-10-12T18:00:47,15.0,20.0,2024-10-12T15:00:47,17.5,11.3555231115476,79.0115662370871,NOISE,2024-10-12T15:00:47,17.5,11.3555231115476,79.0115662370871,NOISE,2024-10-12T15:00:47,17.5,11.3555231115476,79.0115662370871,NOISE,2024-10-12T15:00:47,17.5,11.3555231115476,79.0115662370871,NOISE
2026-03-04T10:33:11.103824,Map-Energy__sum__linear-conv00465-20241012_120047-20241012_180047-20.000000-25.000000.png,2024-10-12T12:00:47,2024-10-12T18:00:47,20.0,25.0,2024-10-12T15:00:47,22.5,11.1238434802504,79.0183136392333,NOISE,2024-10-12T15:00:47,22.5,11.1238434802504,79.0183136392333,NOISE,2024-10-12T15:00:47,22.5,11.1238434802504,79.0183136392333,NOISE,2024-10-12T15:00:47,22.5,11.1238434802504,79.0183136392333,NOISE
2026-03-04T10:43:04.671623,Map-Energy__sum__linear-conv00466-20241012_120047-20241012_180047-25.000000-30.000000.png,2024-10-12T12:00:47,2024-10-12T18:00:47,25.0,30.0,2024-10-12T15:00:47,27.5,10.889673808393,79.020806600637,NOISE,2024-10-12T15:00:47,27.5,10.889673808393,79.020806600637,NOISE,2024-10-12T15:00:47,27.5,10.889673808393,79.020806600637,NOISE,2024-10-12T15:00:47,27.5,10.889673808393,79.020806600637,NOISE
2026-03-04T10:48:34.391176,Map-Energy__sum__linear-conv00467-20241012_120047-20241012_180047-30.000000-35.000000.png,2024-10-12T12:00:47,2024-10-12T18:00:47,30.0,35.0,2024-10-12T15:00:47,32.5,10.6593790614908,79.0131989106931,NOISE,2024-10-12T15:00:47,32.5,10.6593790614908,79.0131989106931,NOISE,2024-10-12T15:00:47,32.5,10.6593790614908,79.0131989106931,NOISE,2024-10-12T15:00:47,32.5,10.6593790614908,79.0131989106931,NOISE
2026-03-04T10:52:42.806698,Map-Energy__sum__linear-conv00468-20241012_120047-20241012_180047-35.000000-40.000000.png,2024-10-12T12:00:47,2024-10-12T18:00:47,35.0,40.0,2024-10-12T15:00:47,37.5,10.437915725008,78.9984509925074,NOISE,2024-10-12T15:00:47,37.5,10.437915725008,78.9984509925074,NOISE,2024-10-12T15:00:47,37.5,10.437915725008,78.9984509925074,NOISE,2024-10-12T15:00:47,37.5,10.437915725008,78.9984509925074,NOISE
2026-03-04T10:58:31.254799,Map-Energy__sum__linear-conv00469-20241012_120047-20241012_180047-40.000000-45.000000.png,2024-10-12T12:00:47,2024-10-12T18:00:47,40.0,45.0,2024-10-12T15:00:47,42.5,10.2209936532221,78.9814941910257,NOISE,2024-10-12T15:00:47,42.5,10.2209936532221,78.9814941910257,NOISE,2024-10-12T15:00:47,42.5,10.2209936532221,78.9814941910257,NOISE,2024-10-12T15:00:47,42.5,10.2209936532221,78.9814941910257,NOISE
2026-03-04T11:03:10.534506,Map-Energy__sum__linear-conv00470-20241012_120047-20241012_180047-45.000000-49.900000.png,2024-10-12T12:00:47,2024-10-12T18:00:47,45.0,49.9,2024-10-12T15:00:47,47.45,10.0532262506808,78.9644950928927,NOISE,2024-10-12T15:00:47,47.45,10.0532262506808,78.9644950928927,NOISE,2024-10-12T15:00:47,47.45,10.0532262506808,78.9644950928927,NOISE,2024-10-12T15:00:47,47.45,10.0532262506808,78.9644950928927,NOISE
2026-03-04T09:38:31.881696,Map-Energy__sum__linear-conv00471-20241012_180047-20241013_000047-0.050000-5.000000.png,2024-10-12T18:00:47,2024-10-13T00:00:47,0.05,5.0,2024-10-12T21:00:47,2.525,11.9301635288236,78.9554869237935,NOISE,2024-10-12T21:00:47,2.525,11.9301635288236,78.9554869237935,NOISE,2024-10-12T21:00:47,2.525,11.9301635288236,78.9554869237935,NOISE,2024-10-12T21:00:47,2.525,11.9301635288236,78.9554869237935,NOISE
2026-03-04T10:02:14.952857,Map-Energy__sum__linear-conv00472-20241012_180047-20241013_000047-5.000000-10.000000.png,2024-10-12T18:00:47,2024-10-13T00:00:47,5.0,10.0,2024-10-12T21:00:47,7.5,11.7898272340434,78.9877048432448,NOISE,2024-10-12T21:00:47,7.5,11.7898272340434,78.9877048432448,NOISE,2024-10-12T21:00:47,7.5,11.7898272340434,78.9877048432448,NOISE,2024-10-12T21:00:47,7.5,11.7898272340434,78.9877048432448,NOISE
2026-03-04T10:09:08.025023,Map-Energy__sum__linear-conv00473-20241012_180047-20241013_000047-10.000000-15.000000.png,2024-10-12T18:00:47,2024-10-13T00:00:47,10.0,15.0,2024-10-12T21:00:47,12.5,11.5594114413877,78.9903276217732,NOISE,2024-10-12T21:00:47,12.5,11.5594114413877,78.9903276217732,NOISE,2024-10-12T21:00:47,12.5,11.5594114413877,78.9903276217732,NOISE,2024-10-12T21:00:47,12.5,11.5594114413877,78.9903276217732,NOISE
2026-03-04T10:16:12.464446,Map-Energy__sum__linear-conv00474-20241012_180047-20241013_000047-15.000000-20.000000.png,2024-10-12T18:00:47,2024-10-13T00:00:47,15.0,20.0,2024-10-12T21:00:47,17.5,11.3555231115476,79.0115662370871,NOISE,2024-10-12T21:00:47,17.5,11.3555231115476,79.0115662370871,NOISE,2024-10-12T21:00:47,17.5,11.3555231115476,79.0115662370871,NOISE,2024-10-12T21:00:47,17.5,11.3555231115476,79.0115662370871,NOISE
2026-03-04T10:33:13.967765,Map-Energy__sum__linear-conv00475-20241012_180047-20241013_000047-20.000000-25.000000.png,2024-10-12T18:00:47,2024-10-13T00:00:47,20.0,25.0,2024-10-12T21:00:47,22.5,11.1238434802504,79.0183136392333,NOISE,2024-10-12T21:00:47,22.5,11.1238434802504,79.0183136392333,NOISE,2024-10-12T21:00:47,22.5,11.1238434802504,79.0183136392333,NOISE,2024-10-12T21:00:47,22.5,11.1238434802504,79.0183136392333,NOISE
2026-03-04T10:43:07.199191,Map-Energy__sum__linear-conv00476-20241012_180047-20241013_000047-25.000000-30.000000.png,2024-10-12T18:00:47,2024-10-13T00:00:47,25.0,30.0,2024-10-12T21:00:47,27.5,10.889673808393,79.020806600637,NOISE,2024-10-12T21:00:47,27.5,10.889673808393,79.020806600637,NOISE,2024-10-12T21:00:47,27.5,10.889673808393,79.020806600637,NOISE,2024-10-12T21:00:47,27.5,10.889673808393,79.020806600637,NOISE
2026-03-04T10:48:35.918923,Map-Energy__sum__linear-conv00477-20241012_180047-20241013_000047-30.000000-35.000000.png,2024-10-12T18:00:47,2024-10-13T00:00:47,30.0,35.0,2024-10-12T21:00:47,32.5,10.6593790614908,79.0131989106931,NOISE,2024-10-12T21:00:47,32.5,10.6593790614908,79.0131989106931,NOISE,2024-10-12T21:00:47,32.5,10.6593790614908,79.0131989106931,NOISE,2024-10-12T21:00:47,32.5,10.6593790614908,79.0131989106931,NOISE
2026-03-04T10:52:44.334676,Map-Energy__sum__linear-conv00478-20241012_180047-20241013_000047-35.000000-40.000000.png,2024-10-12T18:00:47,2024-10-13T00:00:47,35.0,40.0,2024-10-12T21:00:47,37.5,10.437915725008,78.9984509925074,NOISE,2024-10-12T21:00:47,37.5,10.437915725008,78.9984509925074,NOISE,2024-10-12T21:00:47,37.5,10.437915725008,78.9984509925074,NOISE,2024-10-12T21:00:47,37.5,10.437915725008,78.9984509925074,NOISE
2026-03-04T10:58:32.526866,Map-Energy__sum__linear-conv00479-20241012_180047-20241013_000047-40.000000-45.000000.png,2024-10-12T18:00:47,2024-10-13T00:00:47,40.0,45.0,2024-10-12T21:00:47,42.5,10.2209936532221,78.9814941910257,NOISE,2024-10-12T21:00:47,42.5,10.2209936532221,78.9814941910257,NOISE,2024-10-12T21:00:47,42.5,10.2209936532221,78.9814941910257,NOISE,2024-10-12T21:00:47,42.5,10.2209936532221,78.9814941910257,NOISE
2026-03-04T11:03:11.478689,Map-Energy__sum__linear-conv00480-20241012_180047-20241013_000047-45.000000-49.900000.png,2024-10-12T18:00:47,2024-10-13T00:00:47,45.0,49.9,2024-10-12T21:00:47,47.45,10.0532262506808,78.9644950928927,NOISE,2024-10-12T21:00:47,47.45,10.0532262506808,78.9644950928927,NOISE,2024-10-12T21:00:47,47.45,10.0532262506808,78.9644950928927,NOISE,2024-10-12T21:00:47,47.45,10.0532262506808,78.9644950928927,NOISE
2026-03-04T09:38:33.875527,Map-Energy__sum__linear-conv00481-20241013_000047-20241013_060047-0.050000-5.000000.png,2024-10-13T00:00:47,2024-10-13T06:00:47,0.05,5.0,2024-10-13T03:00:47,2.525,11.9301635288236,78.9554869237935,NOISE,2024-10-13T03:00:47,2.525,11.9301635288236,78.9554869237935,NOISE,2024-10-13T03:00:47,2.525,11.9301635288236,78.9554869237935,NOISE,2024-10-13T03:00:47,2.525,11.9301635288236,78.9554869237935,NOISE
2026-03-04T10:02:17.082949,Map-Energy__sum__linear-conv00482-20241013_000047-20241013_060047-5.000000-10.000000.png,2024-10-13T00:00:47,2024-10-13T06:00:47,5.0,10.0,2024-10-13T03:00:47,7.5,11.7898272340434,78.9877048432448,NOISE,2024-10-13T03:00:47,7.5,11.7898272340434,78.9877048432448,NOISE,2024-10-13T03:00:47,7.5,11.7898272340434,78.9877048432448,NOISE,2024-10-13T03:00:47,7.5,11.7898272340434,78.9877048432448,NOISE
2026-03-04T10:09:11.304532,Map-Energy__sum__linear-conv00483-20241013_000047-20241013_060047-10.000000-15.000000.png,2024-10-13T00:00:47,2024-10-13T06:00:47,10.0,15.0,2024-10-13T03:00:47,12.5,11.5594114413877,78.9903276217732,NOISE,2024-10-13T03:00:47,12.5,11.5594114413877,78.9903276217732,NOISE,2024-10-13T03:00:47,12.5,11.5594114413877,78.9903276217732,NOISE,2024-10-13T03:00:47,12.5,11.5594114413877,78.9903276217732,NOISE
2026-03-04T10:16:47.215429,Map-Energy__sum__linear-conv00484-20241013_000047-20241013_060047-15.000000-20.000000.png,2024-10-13T00:00:47,2024-10-13T06:00:47,15.0,20.0,2024-10-13T03:00:47,17.5,11.3555231115476,79.0115662370871,NOISE,2024-10-13T03:00:47,17.5,11.3555231115476,79.0115662370871,NOISE,2024-10-13T03:00:47,17.5,11.3555231115476,79.0115662370871,NOISE,2024-10-13T03:00:47,17.5,11.3555231115476,79.0115662370871,NOISE
2026-03-04T10:33:15.719826,Map-Energy__sum__linear-conv00485-20241013_000047-20241013_060047-20.000000-25.000000.png,2024-10-13T00:00:47,2024-10-13T06:00:47,20.0,25.0,2024-10-13T03:00:47,22.5,11.1238434802504,79.0183136392333,NOISE,2024-10-13T03:00:47,22.5,11.1238434802504,79.0183136392333,NOISE,2024-10-13T03:00:47,22.5,11.1238434802504,79.0183136392333,NOISE,2024-10-13T03:00:47,22.5,11.1238434802504,79.0183136392333,NOISE
2026-03-04T10:43:09.534867,Map-Energy__sum__linear-conv00486-20241013_000047-20241013_060047-25.000000-30.000000.png,2024-10-13T00:00:47,2024-10-13T06:00:47,25.0,30.0,2024-10-13T03:00:47,27.5,10.889673808393,79.020806600637,NOISE,2024-10-13T03:00:47,27.5,10.889673808393,79.020806600637,NOISE,2024-10-13T03:00:47,27.5,10.889673808393,79.020806600637,NOISE,2024-10-13T03:00:47,27.5,10.889673808393,79.020806600637,NOISE
2026-03-04T10:48:37.472173,Map-Energy__sum__linear-conv00487-20241013_000047-20241013_060047-30.000000-35.000000.png,2024-10-13T00:00:47,2024-10-13T06:00:47,30.0,35.0,2024-10-13T03:00:47,32.5,10.6593790614908,79.0131989106931,NOISE,2024-10-13T03:00:47,32.5,10.6593790614908,79.0131989106931,NOISE,2024-10-13T03:00:47,32.5,10.6593790614908,79.0131989106931,NOISE,2024-10-13T03:00:47,32.5,10.6593790614908,79.0131989106931,NOISE
2026-03-04T10:52:45.543080,Map-Energy__sum__linear-conv00488-20241013_000047-20241013_060047-35.000000-40.000000.png,2024-10-13T00:00:47,2024-10-13T06:00:47,35.0,40.0,2024-10-13T03:00:47,37.5,10.437915725008,78.9984509925074,NOISE,2024-10-13T03:00:47,37.5,10.437915725008,78.9984509925074,NOISE,2024-10-13T03:00:47,37.5,10.437915725008,78.9984509925074,NOISE,2024-10-13T03:00:47,37.5,10.437915725008,78.9984509925074,NOISE
2026-03-04T10:58:33.862859,Map-Energy__sum__linear-conv00489-20241013_000047-20241013_060047-40.000000-45.000000.png,2024-10-13T00:00:47,2024-10-13T06:00:47,40.0,45.0,2024-10-13T03:00:47,42.5,10.2209936532221,78.9814941910257,NOISE,2024-10-13T03:00:47,42.5,10.2209936532221,78.9814941910257,NOISE,2024-10-13T03:00:47,42.5,10.2209936532221,78.9814941910257,NOISE,2024-10-13T03:00:47,42.5,10.2209936532221,78.9814941910257,NOISE
2026-03-04T11:03:12.534978,Map-Energy__sum__linear-conv00490-20241013_000047-20241013_060047-45.000000-49.900000.png,2024-10-13T00:00:47,2024-10-13T06:00:47,45.0,49.9,2024-10-13T03:00:47,47.45,10.0532262506808,78.9644950928927,NOISE,2024-10-13T03:00:47,47.45,10.0532262506808,78.9644950928927,NOISE,2024-10-13T03:00:47,47.45,10.0532262506808,78.9644950928927,NOISE,2024-10-13T03:00:47,47.45,10.0532262506808,78.9644950928927,NOISE
2026-03-04T09:38:35.153327,Map-Energy__sum__linear-conv00491-20241013_060047-20241013_120047-0.050000-5.000000.png,2024-10-13T06:00:47,2024-10-13T12:00:47,0.05,5.0,2024-10-13T09:00:47,2.525,11.9301635288236,78.9554869237935,NOISE,2024-10-13T09:00:47,2.525,11.9301635288236,78.9554869237935,NOISE,2024-10-13T09:00:47,2.525,11.9301635288236,78.9554869237935,NOISE,2024-10-13T09:00:47,2.525,11.9301635288236,78.9554869237935,NOISE
2026-03-04T10:02:27.168785,Map-Energy__sum__linear-conv00492-20241013_060047-20241013_120047-5.000000-10.000000.png,2024-10-13T06:00:47,2024-10-13T12:00:47,5.0,10.0,2024-10-13T09:00:47,7.5,11.7898272340434,78.9877048432448,NOISE,2024-10-13T09:00:47,7.5,11.7898272340434,78.9877048432448,NOISE,2024-10-13T09:00:47,7.5,11.7898272340434,78.9877048432448,NOISE,2024-10-13T09:00:47,7.5,11.7898272340434,78.9877048432448,NOISE
2026-03-04T10:09:12.368779,Map-Energy__sum__linear-conv00493-20241013_060047-20241013_120047-10.000000-15.000000.png,2024-10-13T06:00:47,2024-10-13T12:00:47,10.0,15.0,2024-10-13T09:00:47,12.5,11.5594114413877,78.9903276217732,NOISE,2024-10-13T09:00:47,12.5,11.5594114413877,78.9903276217732,NOISE,2024-10-13T09:00:47,12.5,11.5594114413877,78.9903276217732,NOISE,2024-10-13T09:00:47,12.5,11.5594114413877,78.9903276217732,NOISE
2026-03-04T10:16:51.776725,Map-Energy__sum__linear-conv00494-20241013_060047-20241013_120047-15.000000-20.000000.png,2024-10-13T06:00:47,2024-10-13T12:00:47,15.0,20.0,2024-10-13T09:00:47,17.5,11.3555231115476,79.0115662370871,NOISE,2024-10-13T09:00:47,17.5,11.3555231115476,79.0115662370871,NOISE,2024-10-13T09:00:47,17.5,11.3555231115476,79.0115662370871,NOISE,2024-10-13T09:00:47,17.5,11.3555231115476,79.0115662370871,NOISE
2026-03-04T10:33:17.287244,Map-Energy__sum__linear-conv00495-20241013_060047-20241013_120047-20.000000-25.000000.png,2024-10-13T06:00:47,2024-10-13T12:00:47,20.0,25.0,2024-10-13T09:00:47,22.5,11.1238434802504,79.0183136392333,NOISE,2024-10-13T09:00:47,22.5,11.1238434802504,79.0183136392333,NOISE,2024-10-13T09:00:47,22.5,11.1238434802504,79.0183136392333,NOISE,2024-10-13T09:00:47,22.5,11.1238434802504,79.0183136392333,NOISE
2026-03-04T10:43:11.199444,Map-Energy__sum__linear-conv00496-20241013_060047-20241013_120047-25.000000-30.000000.png,2024-10-13T06:00:47,2024-10-13T12:00:47,25.0,30.0,2024-10-13T09:00:47,27.5,10.889673808393,79.020806600637,NOISE,2024-10-13T09:00:47,27.5,10.889673808393,79.020806600637,NOISE,2024-10-13T09:00:47,27.5,10.889673808393,79.020806600637,NOISE,2024-10-13T09:00:47,27.5,10.889673808393,79.020806600637,NOISE
2026-03-04T10:48:38.727238,Map-Energy__sum__linear-conv00497-20241013_060047-20241013_120047-30.000000-35.000000.png,2024-10-13T06:00:47,2024-10-13T12:00:47,30.0,35.0,2024-10-13T09:00:47,32.5,10.6593790614908,79.0131989106931,NOISE,2024-10-13T09:00:47,32.5,10.6593790614908,79.0131989106931,NOISE,2024-10-13T09:00:47,32.5,10.6593790614908,79.0131989106931,NOISE,2024-10-13T09:00:47,32.5,10.6593790614908,79.0131989106931,NOISE
2026-03-04T10:52:47.439217,Map-Energy__sum__linear-conv00498-20241013_060047-20241013_120047-35.000000-40.000000.png,2024-10-13T06:00:47,2024-10-13T12:00:47,35.0,40.0,2024-10-13T09:00:47,37.5,10.437915725008,78.9984509925074,NOISE,2024-10-13T09:00:47,37.5,10.437915725008,78.9984509925074,NOISE,2024-10-13T09:00:47,37.5,10.437915725008,78.9984509925074,NOISE,2024-10-13T09:00:47,37.5,10.437915725008,78.9984509925074,NOISE
2026-03-04T10:58:35.126828,Map-Energy__sum__linear-conv00499-20241013_060047-20241013_120047-40.000000-45.000000.png,2024-10-13T06:00:47,2024-10-13T12:00:47,40.0,45.0,2024-10-13T09:00:47,42.5,10.2209936532221,78.9814941910257,NOISE,2024-10-13T09:00:47,42.5,10.2209936532221,78.9814941910257,NOISE,2024-10-13T09:00:47,42.5,10.2209936532221,78.9814941910257,NOISE,2024-10-13T09:00:47,42.5,10.2209936532221,78.9814941910257,NOISE
2026-03-04T11:03:15.693990,Map-Energy__sum__linear-conv00500-20241013_060047-20241013_120047-45.000000-49.900000.png,2024-10-13T06:00:47,2024-10-13T12:00:47,45.0,49.9,2024-10-13T09:00:47,47.45,10.0532262506808,78.9644950928927,NOISE,2024-10-13T09:00:47,47.45,10.0532262506808,78.9644950928927,NOISE,2024-10-13T09:00:47,47.45,10.0532262506808,78.9644950928927,NOISE,2024-10-13T09:00:47,47.45,10.0532262506808,78.9644950928927,NOISE
2026-03-04T09:38:37.538576,Map-Energy__sum__linear-conv00501-20241013_120047-20241013_180047-0.050000-5.000000.png,2024-10-13T12:00:47,2024-10-13T18:00:47,0.05,5.0,2024-10-13T15:00:47,2.525,11.9301635288236,78.9554869237935,NOISE,2024-10-13T15:00:47,2.525,11.9301635288236,78.9554869237935,NOISE,2024-10-13T15:00:47,2.525,11.9301635288236,78.9554869237935,NOISE,2024-10-13T15:00:47,2.525,11.9301635288236,78.9554869237935,NOISE
2026-03-04T10:02:29.184912,Map-Energy__sum__linear-conv00502-20241013_120047-20241013_180047-5.000000-10.000000.png,2024-10-13T12:00:47,2024-10-13T18:00:47,5.0,10.0,2024-10-13T15:00:47,7.5,11.7898272340434,78.9877048432448,NOISE,2024-10-13T15:00:47,7.5,11.7898272340434,78.9877048432448,NOISE,2024-10-13T15:00:47,7.5,11.7898272340434,78.9877048432448,NOISE,2024-10-13T15:00:47,7.5,11.7898272340434,78.9877048432448,NOISE
2026-03-04T10:09:13.752731,Map-Energy__sum__linear-conv00503-20241013_120047-20241013_180047-10.000000-15.000000.png,2024-10-13T12:00:47,2024-10-13T18:00:47,10.0,15.0,2024-10-13T15:00:47,12.5,11.5594114413877,78.9903276217732,NOISE,2024-10-13T15:00:47,12.5,11.5594114413877,78.9903276217732,NOISE,2024-10-13T15:00:47,12.5,11.5594114413877,78.9903276217732,NOISE,2024-10-13T15:00:47,12.5,11.5594114413877,78.9903276217732,NOISE
2026-03-04T10:16:55.408303,Map-Energy__sum__linear-conv00504-20241013_120047-20241013_180047-15.000000-20.000000.png,2024-10-13T12:00:47,2024-10-13T18:00:47,15.0,20.0,2024-10-13T15:00:47,17.5,11.3555231115476,79.0115662370871,NOISE,2024-10-13T15:00:47,17.5,11.3555231115476,79.0115662370871,NOISE,2024-10-13T15:00:47,17.5,11.3555231115476,79.0115662370871,NOISE,2024-10-13T15:00:47,17.5,11.3555231115476,79.0115662370871,NOISE
2026-03-04T10:33:18.839819,Map-Energy__sum__linear-conv00505-20241013_120047-20241013_180047-20.000000-25.000000.png,2024-10-13T12:00:47,2024-10-13T18:00:47,20.0,25.0,2024-10-13T15:00:47,22.5,11.1238434802504,79.0183136392333,NOISE,2024-10-13T15:00:47,22.5,11.1238434802504,79.0183136392333,NOISE,2024-10-13T15:00:47,22.5,11.1238434802504,79.0183136392333,NOISE,2024-10-13T15:00:47,22.5,11.1238434802504,79.0183136392333,NOISE
2026-03-04T10:43:12.855348,Map-Energy__sum__linear-conv00506-20241013_120047-20241013_180047-25.000000-30.000000.png,2024-10-13T12:00:47,2024-10-13T18:00:47,25.0,30.0,2024-10-13T15:00:47,27.5,10.889673808393,79.020806600637,NOISE,2024-10-13T15:00:47,27.5,10.889673808393,79.020806600637,NOISE,2024-10-13T15:00:47,27.5,10.889673808393,79.020806600637,NOISE,2024-10-13T15:00:47,27.5,10.889673808393,79.020806600637,NOISE
2026-03-04T10:48:40.399177,Map-Energy__sum__linear-conv00507-20241013_120047-20241013_180047-30.000000-35.000000.png,2024-10-13T12:00:47,2024-10-13T18:00:47,30.0,35.0,2024-10-13T15:00:47,32.5,10.6593790614908,79.0131989106931,NOISE,2024-10-13T15:00:47,32.5,10.6593790614908,79.0131989106931,NOISE,2024-10-13T15:00:47,32.5,10.6593790614908,79.0131989106931,NOISE,2024-10-13T15:00:47,32.5,10.6593790614908,79.0131989106931,NOISE
2026-03-04T10:52:49.102907,Map-Energy__sum__linear-conv00508-20241013_120047-20241013_180047-35.000000-40.000000.png,2024-10-13T12:00:47,2024-10-13T18:00:47,35.0,40.0,2024-10-13T15:00:47,37.5,10.437915725008,78.9984509925074,NOISE,2024-10-13T15:00:47,37.5,10.437915725008,78.9984509925074,NOISE,2024-10-13T15:00:47,37.5,10.437915725008,78.9984509925074,NOISE,2024-10-13T15:00:47,37.5,10.437915725008,78.9984509925074,NOISE
2026-03-04T10:58:35.647994,Map-Energy__sum__linear-conv00509-20241013_120047-20241013_180047-40.000000-45.000000.png,2024-10-13T12:00:47,2024-10-13T18:00:47,40.0,45.0,2024-10-13T15:00:47,42.5,10.2209936532221,78.9814941910257,NOISE,2024-10-13T15:00:47,42.5,10.2209936532221,78.9814941910257,NOISE,2024-10-13T15:00:47,42.5,10.2209936532221,78.9814941910257,NOISE,2024-10-13T15:00:47,42.5,10.2209936532221,78.9814941910257,NOISE
2026-03-04T11:03:16.789653,Map-Energy__sum__linear-conv00510-20241013_120047-20241013_180047-45.000000-49.900000.png,2024-10-13T12:00:47,2024-10-13T18:00:47,45.0,49.9,2024-10-13T15:00:47,47.45,10.0532262506808,78.9644950928927,NOISE,2024-10-13T15:00:47,47.45,10.0532262506808,78.9644950928927,NOISE,2024-10-13T15:00:47,47.45,10.0532262506808,78.9644950928927,NOISE,2024-10-13T15:00:47,47.45,10.0532262506808,78.9644950928927,NOISE
2026-03-04T09:38:39.145974,Map-Energy__sum__linear-conv00511-20241013_180047-20241014_000047-0.050000-5.000000.png,2024-10-13T18:00:47,2024-10-14T00:00:47,0.05,5.0,2024-10-13T21:00:47,2.525,11.9301635288236,78.9554869237935,NOISE,2024-10-13T21:00:47,2.525,11.9301635288236,78.9554869237935,NOISE,2024-10-13T21:00:47,2.525,11.9301635288236,78.9554869237935,NOISE,2024-10-13T21:00:47,2.525,11.9301635288236,78.9554869237935,NOISE
2026-03-04T10:02:33.682819,Map-Energy__sum__linear-conv00512-20241013_180047-20241014_000047-5.000000-10.000000.png,2024-10-13T18:00:47,2024-10-14T00:00:47,5.0,10.0,2024-10-13T21:00:47,7.5,11.7898272340434,78.9877048432448,NOISE,2024-10-13T21:00:47,7.5,11.7898272340434,78.9877048432448,NOISE,2024-10-13T21:00:47,7.5,11.7898272340434,78.9877048432448,NOISE,2024-10-13T21:00:47,7.5,11.7898272340434,78.9877048432448,NOISE
2026-03-04T10:09:15.992768,Map-Energy__sum__linear-conv00513-20241013_180047-20241014_000047-10.000000-15.000000.png,2024-10-13T18:00:47,2024-10-14T00:00:47,10.0,15.0,2024-10-13T21:00:47,12.5,11.5594114413877,78.9903276217732,NOISE,2024-10-13T21:00:47,12.5,11.5594114413877,78.9903276217732,NOISE,2024-10-13T21:00:47,12.5,11.5594114413877,78.9903276217732,NOISE,2024-10-13T21:00:47,12.5,11.5594114413877,78.9903276217732,NOISE
2026-03-04T10:16:58.240293,Map-Energy__sum__linear-conv00514-20241013_180047-20241014_000047-15.000000-20.000000.png,2024-10-13T18:00:47,2024-10-14T00:00:47,15.0,20.0,2024-10-13T21:00:47,17.5,11.3555231115476,79.0115662370871,NOISE,2024-10-13T21:00:47,17.5,11.3555231115476,79.0115662370871,NOISE,2024-10-13T21:00:47,17.5,11.3555231115476,79.0115662370871,NOISE,2024-10-13T21:00:47,17.5,11.3555231115476,79.0115662370871,NOISE
2026-03-04T10:33:27.431813,Map-Energy__sum__linear-conv00515-20241013_180047-20241014_000047-20.000000-25.000000.png,2024-10-13T18:00:47,2024-10-14T00:00:47,20.0,25.0,2024-10-13T21:00:47,22.5,11.1238434802504,79.0183136392333,NOISE,2024-10-13T21:00:47,22.5,11.1238434802504,79.0183136392333,NOISE,2024-10-13T21:00:47,22.5,11.1238434802504,79.0183136392333,NOISE,2024-10-13T21:00:47,22.5,11.1238434802504,79.0183136392333,NOISE
2026-03-04T10:43:14.983441,Map-Energy__sum__linear-conv00516-20241013_180047-20241014_000047-25.000000-30.000000.png,2024-10-13T18:00:47,2024-10-14T00:00:47,25.0,30.0,2024-10-13T21:00:47,27.5,10.889673808393,79.020806600637,NOISE,2024-10-13T21:00:47,27.5,10.889673808393,79.020806600637,NOISE,2024-10-13T21:00:47,27.5,10.889673808393,79.020806600637,NOISE,2024-10-13T21:00:47,27.5,10.889673808393,79.020806600637,NOISE
2026-03-04T10:48:41.846699,Map-Energy__sum__linear-conv00517-20241013_180047-20241014_000047-30.000000-35.000000.png,2024-10-13T18:00:47,2024-10-14T00:00:47,30.0,35.0,2024-10-13T21:00:47,32.5,10.6593790614908,79.0131989106931,NOISE,2024-10-13T21:00:47,32.5,10.6593790614908,79.0131989106931,NOISE,2024-10-13T21:00:47,32.5,10.6593790614908,79.0131989106931,NOISE,2024-10-13T21:00:47,32.5,10.6593790614908,79.0131989106931,NOISE
2026-03-04T10:52:50.519072,Map-Energy__sum__linear-conv00518-20241013_180047-20241014_000047-35.000000-40.000000.png,2024-10-13T18:00:47,2024-10-14T00:00:47,35.0,40.0,2024-10-13T21:00:47,37.5,10.437915725008,78.9984509925074,NOISE,2024-10-13T21:00:47,37.5,10.437915725008,78.9984509925074,NOISE,2024-10-13T21:00:47,37.5,10.437915725008,78.9984509925074,NOISE,2024-10-13T21:00:47,37.5,10.437915725008,78.9984509925074,NOISE
2026-03-04T10:58:37.006864,Map-Energy__sum__linear-conv00519-20241013_180047-20241014_000047-40.000000-45.000000.png,2024-10-13T18:00:47,2024-10-14T00:00:47,40.0,45.0,2024-10-13T21:00:47,42.5,10.2209936532221,78.9814941910257,NOISE,2024-10-13T21:00:47,42.5,10.2209936532221,78.9814941910257,NOISE,2024-10-13T21:00:47,42.5,10.2209936532221,78.9814941910257,NOISE,2024-10-13T21:00:47,42.5,10.2209936532221,78.9814941910257,NOISE
2026-03-04T11:03:17.830715,Map-Energy__sum__linear-conv00520-20241013_180047-20241014_000047-45.000000-49.900000.png,2024-10-13T18:00:47,2024-10-14T00:00:47,45.0,49.9,2024-10-13T21:00:47,47.45,10.0532262506808,78.9644950928927,NOISE,2024-10-13T21:00:47,47.45,10.0532262506808,78.9644950928927,NOISE,2024-10-13T21:00:47,47.45,10.0532262506808,78.9644950928927,NOISE,2024-10-13T21:00:47,47.45,10.0532262506808,78.9644950928927,NOISE
2026-03-04T09:38:40.761422,Map-Energy__sum__linear-conv00521-20241014_000047-20241014_060047-0.050000-5.000000.png,2024-10-14T00:00:47,2024-10-14T06:00:47,0.05,5.0,2024-10-14T03:00:47,2.525,11.9301635288236,78.9554869237935,NOISE,2024-10-14T03:00:47,2.525,11.9301635288236,78.9554869237935,NOISE,2024-10-14T03:00:47,2.525,11.9301635288236,78.9554869237935,NOISE,2024-10-14T03:00:47,2.525,11.9301635288236,78.9554869237935,NOISE
2026-03-04T10:02:36.176403,Map-Energy__sum__linear-conv00522-20241014_000047-20241014_060047-5.000000-10.000000.png,2024-10-14T00:00:47,2024-10-14T06:00:47,5.0,10.0,2024-10-14T03:00:47,7.5,11.7898272340434,78.9877048432448,NOISE,2024-10-14T03:00:47,7.5,11.7898272340434,78.9877048432448,NOISE,2024-10-14T03:00:47,7.5,11.7898272340434,78.9877048432448,NOISE,2024-10-14T03:00:47,7.5,11.7898272340434,78.9877048432448,NOISE
2026-03-04T10:09:17.368709,Map-Energy__sum__linear-conv00523-20241014_000047-20241014_060047-10.000000-15.000000.png,2024-10-14T00:00:47,2024-10-14T06:00:47,10.0,15.0,2024-10-14T03:00:47,12.5,11.5594114413877,78.9903276217732,NOISE,2024-10-14T03:00:47,12.5,11.5594114413877,78.9903276217732,NOISE,2024-10-14T03:00:47,12.5,11.5594114413877,78.9903276217732,NOISE,2024-10-14T03:00:47,12.5,11.5594114413877,78.9903276217732,NOISE
2026-03-04T10:17:01.319830,Map-Energy__sum__linear-conv00524-20241014_000047-20241014_060047-15.000000-20.000000.png,2024-10-14T00:00:47,2024-10-14T06:00:47,15.0,20.0,2024-10-14T03:00:47,17.5,11.3555231115476,79.0115662370871,NOISE,2024-10-14T03:00:47,17.5,11.3555231115476,79.0115662370871,NOISE,2024-10-14T03:00:47,17.5,11.3555231115476,79.0115662370871,NOISE,2024-10-14T03:00:47,17.5,11.3555231115476,79.0115662370871,NOISE
2026-03-04T10:33:28.415937,Map-Energy__sum__linear-conv00525-20241014_000047-20241014_060047-20.000000-25.000000.png,2024-10-14T00:00:47,2024-10-14T06:00:47,20.0,25.0,2024-10-14T03:00:47,22.5,11.1238434802504,79.0183136392333,NOISE,2024-10-14T03:00:47,22.5,11.1238434802504,79.0183136392333,NOISE,2024-10-14T03:00:47,22.5,11.1238434802504,79.0183136392333,NOISE,2024-10-14T03:00:47,22.5,11.1238434802504,79.0183136392333,NOISE
2026-03-04T10:43:16.439445,Map-Energy__sum__linear-conv00526-20241014_000047-20241014_060047-25.000000-30.000000.png,2024-10-14T00:00:47,2024-10-14T06:00:47,25.0,30.0,2024-10-14T03:00:47,27.5,10.889673808393,79.020806600637,NOISE,2024-10-14T03:00:47,27.5,10.889673808393,79.020806600637,NOISE,2024-10-14T03:00:47,27.5,10.889673808393,79.020806600637,NOISE,2024-10-14T03:00:47,27.5,10.889673808393,79.020806600637,NOISE
2026-03-04T10:48:43.111461,Map-Energy__sum__linear-conv00527-20241014_000047-20241014_060047-30.000000-35.000000.png,2024-10-14T00:00:47,2024-10-14T06:00:47,30.0,35.0,2024-10-14T03:00:47,32.5,10.6593790614908,79.0131989106931,NOISE,2024-10-14T03:00:47,32.5,10.6593790614908,79.0131989106931,NOISE,2024-10-14T03:00:47,32.5,10.6593790614908,79.0131989106931,NOISE,2024-10-14T03:00:47,32.5,10.6593790614908,79.0131989106931,NOISE
2026-03-04T10:52:51.911072,Map-Energy__sum__linear-conv00528-20241014_000047-20241014_060047-35.000000-40.000000.png,2024-10-14T00:00:47,2024-10-14T06:00:47,35.0,40.0,2024-10-14T03:00:47,37.5,10.437915725008,78.9984509925074,NOISE,2024-10-14T03:00:47,37.5,10.437915725008,78.9984509925074,NOISE,2024-10-14T03:00:47,37.5,10.437915725008,78.9984509925074,NOISE,2024-10-14T03:00:47,37.5,10.437915725008,78.9984509925074,NOISE
2026-03-04T10:58:38.269840,Map-Energy__sum__linear-conv00529-20241014_000047-20241014_060047-40.000000-45.000000.png,2024-10-14T00:00:47,2024-10-14T06:00:47,40.0,45.0,2024-10-14T03:00:47,42.5,10.2209936532221,78.9814941910257,NOISE,2024-10-14T03:00:47,42.5,10.2209936532221,78.9814941910257,NOISE,2024-10-14T03:00:47,42.5,10.2209936532221,78.9814941910257,NOISE,2024-10-14T03:00:47,42.5,10.2209936532221,78.9814941910257,NOISE
2026-03-04T11:03:18.879206,Map-Energy__sum__linear-conv00530-20241014_000047-20241014_060047-45.000000-49.900000.png,2024-10-14T00:00:47,2024-10-14T06:00:47,45.0,49.9,2024-10-14T03:00:47,47.45,10.0532262506808,78.9644950928927,NOISE,2024-10-14T03:00:47,47.45,10.0532262506808,78.9644950928927,NOISE,2024-10-14T03:00:47,47.45,10.0532262506808,78.9644950928927,NOISE,2024-10-14T03:00:47,47.45,10.0532262506808,78.9644950928927,NOISE
2026-03-04T09:38:41.969184,Map-Energy__sum__linear-conv00531-20241014_060047-20241014_120047-0.050000-5.000000.png,2024-10-14T06:00:47,2024-10-14T12:00:47,0.05,5.0,2024-10-14T09:00:47,2.525,11.9301635288236,78.9554869237935,NOISE,2024-10-14T09:00:47,2.525,11.9301635288236,78.9554869237935,NOISE,2024-10-14T09:00:47,2.525,11.9301635288236,78.9554869237935,NOISE,2024-10-14T09:00:47,2.525,11.9301635288236,78.9554869237935,NOISE
2026-03-04T10:02:37.880933,Map-Energy__sum__linear-conv00532-20241014_060047-20241014_120047-5.000000-10.000000.png,2024-10-14T06:00:47,2024-10-14T12:00:47,5.0,10.0,2024-10-14T09:00:47,7.5,11.7898272340434,78.9877048432448,NOISE,2024-10-14T09:00:47,7.5,11.7898272340434,78.9877048432448,NOISE,2024-10-14T09:00:47,7.5,11.7898272340434,78.9877048432448,NOISE,2024-10-14T09:00:47,7.5,11.7898272340434,78.9877048432448,NOISE
2026-03-04T10:09:18.561067,Map-Energy__sum__linear-conv00533-20241014_060047-20241014_120047-10.000000-15.000000.png,2024-10-14T06:00:47,2024-10-14T12:00:47,10.0,15.0,2024-10-14T09:00:47,12.5,11.5594114413877,78.9903276217732,NOISE,2024-10-14T09:00:47,12.5,11.5594114413877,78.9903276217732,NOISE,2024-10-14T09:00:47,12.5,11.5594114413877,78.9903276217732,NOISE,2024-10-14T09:00:47,12.5,11.5594114413877,78.9903276217732,NOISE
2026-03-04T10:17:08.096421,Map-Energy__sum__linear-conv00534-20241014_060047-20241014_120047-15.000000-20.000000.png,2024-10-14T06:00:47,2024-10-14T12:00:47,15.0,20.0,2024-10-14T09:00:47,17.5,11.3555231115476,79.0115662370871,NOISE,2024-10-14T09:00:47,17.5,11.3555231115476,79.0115662370871,NOISE,2024-10-14T09:00:47,17.5,11.3555231115476,79.0115662370871,NOISE,2024-10-14T09:00:47,17.5,11.3555231115476,79.0115662370871,NOISE
2026-03-04T10:33:29.935677,Map-Energy__sum__linear-conv00535-20241014_060047-20241014_120047-20.000000-25.000000.png,2024-10-14T06:00:47,2024-10-14T12:00:47,20.0,25.0,2024-10-14T09:00:47,22.5,11.1238434802504,79.0183136392333,NOISE,2024-10-14T09:00:47,22.5,11.1238434802504,79.0183136392333,NOISE,2024-10-14T09:00:47,22.5,11.1238434802504,79.0183136392333,NOISE,2024-10-14T09:00:47,22.5,11.1238434802504,79.0183136392333,NOISE
2026-03-04T10:43:18.175311,Map-Energy__sum__linear-conv00536-20241014_060047-20241014_120047-25.000000-30.000000.png,2024-10-14T06:00:47,2024-10-14T12:00:47,25.0,30.0,2024-10-14T09:00:47,27.5,10.889673808393,79.020806600637,NOISE,2024-10-14T09:00:47,27.5,10.889673808393,79.020806600637,NOISE,2024-10-14T09:00:47,27.5,10.889673808393,79.020806600637,NOISE,2024-10-14T09:00:47,27.5,10.889673808393,79.020806600637,NOISE
2026-03-04T10:48:44.303234,Map-Energy__sum__linear-conv00537-20241014_060047-20241014_120047-30.000000-35.000000.png,2024-10-14T06:00:47,2024-10-14T12:00:47,30.0,35.0,2024-10-14T09:00:47,32.5,10.6593790614908,79.0131989106931,NOISE,2024-10-14T09:00:47,32.5,10.6593790614908,79.0131989106931,NOISE,2024-10-14T09:00:47,32.5,10.6593790614908,79.0131989106931,NOISE,2024-10-14T09:00:47,32.5,10.6593790614908,79.0131989106931,NOISE
2026-03-04T10:52:54.111222,Map-Energy__sum__linear-conv00538-20241014_060047-20241014_120047-35.000000-40.000000.png,2024-10-14T06:00:47,2024-10-14T12:00:47,35.0,40.0,2024-10-14T09:00:47,37.5,10.437915725008,78.9984509925074,NOISE,2024-10-14T09:00:47,37.5,10.437915725008,78.9984509925074,NOISE,2024-10-14T09:00:47,37.5,10.437915725008,78.9984509925074,NOISE,2024-10-14T09:00:47,37.5,10.437915725008,78.9984509925074,NOISE
2026-03-04T10:58:39.518857,Map-Energy__sum__linear-conv00539-20241014_060047-20241014_120047-40.000000-45.000000.png,2024-10-14T06:00:47,2024-10-14T12:00:47,40.0,45.0,2024-10-14T09:00:47,42.5,10.2209936532221,78.9814941910257,NOISE,2024-10-14T09:00:47,42.5,10.2209936532221,78.9814941910257,NOISE,2024-10-14T09:00:47,42.5,10.2209936532221,78.9814941910257,NOISE,2024-10-14T09:00:47,42.5,10.2209936532221,78.9814941910257,NOISE
2026-03-04T11:03:19.758738,Map-Energy__sum__linear-conv00540-20241014_060047-20241014_120047-45.000000-49.900000.png,2024-10-14T06:00:47,2024-10-14T12:00:47,45.0,49.9,2024-10-14T09:00:47,47.45,10.0532262506808,78.9644950928927,NOISE,2024-10-14T09:00:47,47.45,10.0532262506808,78.9644950928927,NOISE,2024-10-14T09:00:47,47.45,10.0532262506808,78.9644950928927,NOISE,2024-10-14T09:00:47,47.45,10.0532262506808,78.9644950928927,NOISE
2026-03-04T09:38:43.409554,Map-Energy__sum__linear-conv00541-20241014_120047-20241014_180047-0.050000-5.000000.png,2024-10-14T12:00:47,2024-10-14T18:00:47,0.05,5.0,2024-10-14T15:00:47,2.525,11.9301635288236,78.9554869237935,NOISE,2024-10-14T15:00:47,2.525,11.9301635288236,78.9554869237935,NOISE,2024-10-14T15:00:47,2.525,11.9301635288236,78.9554869237935,NOISE,2024-10-14T15:00:47,2.525,11.9301635288236,78.9554869237935,NOISE
2026-03-04T10:02:39.337081,Map-Energy__sum__linear-conv00542-20241014_120047-20241014_180047-5.000000-10.000000.png,2024-10-14T12:00:47,2024-10-14T18:00:47,5.0,10.0,2024-10-14T15:00:47,7.5,11.7898272340434,78.9877048432448,NOISE,2024-10-14T15:00:47,7.5,11.7898272340434,78.9877048432448,NOISE,2024-10-14T15:00:47,7.5,11.7898272340434,78.9877048432448,NOISE,2024-10-14T15:00:47,7.5,11.7898272340434,78.9877048432448,NOISE
2026-03-04T10:09:20.920520,Map-Energy__sum__linear-conv00543-20241014_120047-20241014_180047-10.000000-15.000000.png,2024-10-14T12:00:47,2024-10-14T18:00:47,10.0,15.0,2024-10-14T15:00:47,12.5,11.5594114413877,78.9903276217732,NOISE,2024-10-14T15:00:47,12.5,11.5594114413877,78.9903276217732,NOISE,2024-10-14T15:00:47,12.5,11.5594114413877,78.9903276217732,NOISE,2024-10-14T15:00:47,12.5,11.5594114413877,78.9903276217732,NOISE
2026-03-04T10:17:12.865951,Map-Energy__sum__linear-conv00544-20241014_120047-20241014_180047-15.000000-20.000000.png,2024-10-14T12:00:47,2024-10-14T18:00:47,15.0,20.0,2024-10-14T15:00:47,17.5,11.3555231115476,79.0115662370871,NOISE,2024-10-14T15:00:47,17.5,11.3555231115476,79.0115662370871,NOISE,2024-10-14T15:00:47,17.5,11.3555231115476,79.0115662370871,NOISE,2024-10-14T15:00:47,17.5,11.3555231115476,79.0115662370871,NOISE
2026-03-04T10:33:33.039734,Map-Energy__sum__linear-conv00545-20241014_120047-20241014_180047-20.000000-25.000000.png,2024-10-14T12:00:47,2024-10-14T18:00:47,20.0,25.0,2024-10-14T15:00:47,22.5,11.1238434802504,79.0183136392333,NOISE,2024-10-14T15:00:47,22.5,11.1238434802504,79.0183136392333,NOISE,2024-10-14T15:00:47,22.5,11.1238434802504,79.0183136392333,NOISE,2024-10-14T15:00:47,22.5,11.1238434802504,79.0183136392333,NOISE
2026-03-04T10:43:19.519878,Map-Energy__sum__linear-conv00546-20241014_120047-20241014_180047-25.000000-30.000000.png,2024-10-14T12:00:47,2024-10-14T18:00:47,25.0,30.0,2024-10-14T15:00:47,27.5,10.889673808393,79.020806600637,NOISE,2024-10-14T15:00:47,27.5,10.889673808393,79.020806600637,NOISE,2024-10-14T15:00:47,27.5,10.889673808393,79.020806600637,NOISE,2024-10-14T15:00:47,27.5,10.889673808393,79.020806600637,NOISE
2026-03-04T10:48:45.359233,Map-Energy__sum__linear-conv00547-20241014_120047-20241014_180047-30.000000-35.000000.png,2024-10-14T12:00:47,2024-10-14T18:00:47,30.0,35.0,2024-10-14T15:00:47,32.5,10.6593790614908,79.0131989106931,NOISE,2024-10-14T15:00:47,32.5,10.6593790614908,79.0131989106931,NOISE,2024-10-14T15:00:47,32.5,10.6593790614908,79.0131989106931,NOISE,2024-10-14T15:00:47,32.5,10.6593790614908,79.0131989106931,NOISE
2026-03-04T10:52:55.694660,Map-Energy__sum__linear-conv00548-20241014_120047-20241014_180047-35.000000-40.000000.png,2024-10-14T12:00:47,2024-10-14T18:00:47,35.0,40.0,2024-10-14T15:00:47,37.5,10.437915725008,78.9984509925074,NOISE,2024-10-14T15:00:47,37.5,10.437915725008,78.9984509925074,NOISE,2024-10-14T15:00:47,37.5,10.437915725008,78.9984509925074,NOISE,2024-10-14T15:00:47,37.5,10.437915725008,78.9984509925074,NOISE
2026-03-04T10:58:40.638848,Map-Energy__sum__linear-conv00549-20241014_120047-20241014_180047-40.000000-45.000000.png,2024-10-14T12:00:47,2024-10-14T18:00:47,40.0,45.0,2024-10-14T15:00:47,42.5,10.2209936532221,78.9814941910257,NOISE,2024-10-14T15:00:47,42.5,10.2209936532221,78.9814941910257,NOISE,2024-10-14T15:00:47,42.5,10.2209936532221,78.9814941910257,NOISE,2024-10-14T15:00:47,42.5,10.2209936532221,78.9814941910257,NOISE
2026-03-04T11:03:20.631127,Map-Energy__sum__linear-conv00550-20241014_120047-20241014_180047-45.000000-49.900000.png,2024-10-14T12:00:47,2024-10-14T18:00:47,45.0,49.9,2024-10-14T15:00:47,47.45,10.0532262506808,78.9644950928927,NOISE,2024-10-14T15:00:47,47.45,10.0532262506808,78.9644950928927,NOISE,2024-10-14T15:00:47,47.45,10.0532262506808,78.9644950928927,NOISE,2024-10-14T15:00:47,47.45,10.0532262506808,78.9644950928927,NOISE
2026-03-04T09:38:44.994749,Map-Energy__sum__linear-conv00551-20241014_180047-20241015_000047-0.050000-5.000000.png,2024-10-14T18:00:47,2024-10-15T00:00:47,0.05,5.0,2024-10-14T21:00:47,2.525,11.9301635288236,78.9554869237935,NOISE,2024-10-14T21:00:47,2.525,11.9301635288236,78.9554869237935,NOISE,2024-10-14T21:00:47,2.525,11.9301635288236,78.9554869237935,NOISE,2024-10-14T21:00:47,2.525,11.9301635288236,78.9554869237935,NOISE
2026-03-04T10:02:41.400272,Map-Energy__sum__linear-conv00552-20241014_180047-20241015_000047-5.000000-10.000000.png,2024-10-14T18:00:47,2024-10-15T00:00:47,5.0,10.0,2024-10-14T21:00:47,7.5,11.7898272340434,78.9877048432448,NOISE,2024-10-14T21:00:47,7.5,11.7898272340434,78.9877048432448,NOISE,2024-10-14T21:00:47,7.5,11.7898272340434,78.9877048432448,NOISE,2024-10-14T21:00:47,7.5,11.7898272340434,78.9877048432448,NOISE
2026-03-04T10:09:22.288883,Map-Energy__sum__linear-conv00553-20241014_180047-20241015_000047-10.000000-15.000000.png,2024-10-14T18:00:47,2024-10-15T00:00:47,10.0,15.0,2024-10-14T21:00:47,12.5,11.5594114413877,78.9903276217732,NOISE,2024-10-14T21:00:47,12.5,11.5594114413877,78.9903276217732,NOISE,2024-10-14T21:00:47,12.5,11.5594114413877,78.9903276217732,NOISE,2024-10-14T21:00:47,12.5,11.5594114413877,78.9903276217732,NOISE
2026-03-04T10:17:16.784389,Map-Energy__sum__linear-conv00554-20241014_180047-20241015_000047-15.000000-20.000000.png,2024-10-14T18:00:47,2024-10-15T00:00:47,15.0,20.0,2024-10-14T21:00:47,17.5,11.3555231115476,79.0115662370871,NOISE,2024-10-14T21:00:47,17.5,11.3555231115476,79.0115662370871,NOISE,2024-10-14T21:00:47,17.5,11.3555231115476,79.0115662370871,NOISE,2024-10-14T21:00:47,17.5,11.3555231115476,79.0115662370871,NOISE
2026-03-04T10:33:35.783077,Map-Energy__sum__linear-conv00555-20241014_180047-20241015_000047-20.000000-25.000000.png,2024-10-14T18:00:47,2024-10-15T00:00:47,20.0,25.0,2024-10-14T21:00:47,22.5,11.1238434802504,79.0183136392333,NOISE,2024-10-14T21:00:47,22.5,11.1238434802504,79.0183136392333,NOISE,2024-10-14T21:00:47,22.5,11.1238434802504,79.0183136392333,NOISE,2024-10-14T21:00:47,22.5,11.1238434802504,79.0183136392333,NOISE
2026-03-04T10:43:21.422806,Map-Energy__sum__linear-conv00556-20241014_180047-20241015_000047-25.000000-30.000000.png,2024-10-14T18:00:47,2024-10-15T00:00:47,25.0,30.0,2024-10-14T21:00:47,27.5,10.889673808393,79.020806600637,NOISE,2024-10-14T21:00:47,27.5,10.889673808393,79.020806600637,NOISE,2024-10-14T21:00:47,27.5,10.889673808393,79.020806600637,NOISE,2024-10-14T21:00:47,27.5,10.889673808393,79.020806600637,NOISE
2026-03-04T10:48:46.415309,Map-Energy__sum__linear-conv00557-20241014_180047-20241015_000047-30.000000-35.000000.png,2024-10-14T18:00:47,2024-10-15T00:00:47,30.0,35.0,2024-10-14T21:00:47,32.5,10.6593790614908,79.0131989106931,NOISE,2024-10-14T21:00:47,32.5,10.6593790614908,79.0131989106931,NOISE,2024-10-14T21:00:47,32.5,10.6593790614908,79.0131989106931,NOISE,2024-10-14T21:00:47,32.5,10.6593790614908,79.0131989106931,NOISE
2026-03-04T10:52:57.062392,Map-Energy__sum__linear-conv00558-20241014_180047-20241015_000047-35.000000-40.000000.png,2024-10-14T18:00:47,2024-10-15T00:00:47,35.0,40.0,2024-10-14T21:00:47,37.5,10.437915725008,78.9984509925074,NOISE,2024-10-14T21:00:47,37.5,10.437915725008,78.9984509925074,NOISE,2024-10-14T21:00:47,37.5,10.437915725008,78.9984509925074,NOISE,2024-10-14T21:00:47,37.5,10.437915725008,78.9984509925074,NOISE
2026-03-04T10:58:42.542272,Map-Energy__sum__linear-conv00559-20241014_180047-20241015_000047-40.000000-45.000000.png,2024-10-14T18:00:47,2024-10-15T00:00:47,40.0,45.0,2024-10-14T21:00:47,42.5,10.2209936532221,78.9814941910257,NOISE,2024-10-14T21:00:47,42.5,10.2209936532221,78.9814941910257,NOISE,2024-10-14T21:00:47,42.5,10.2209936532221,78.9814941910257,NOISE,2024-10-14T21:00:47,42.5,10.2209936532221,78.9814941910257,NOISE
2026-03-04T11:03:21.590220,Map-Energy__sum__linear-conv00560-20241014_180047-20241015_000047-45.000000-49.900000.png,2024-10-14T18:00:47,2024-10-15T00:00:47,45.0,49.9,2024-10-14T21:00:47,47.45,10.0532262506808,78.9644950928927,NOISE,2024-10-14T21:00:47,47.45,10.0532262506808,78.9644950928927,NOISE,2024-10-14T21:00:47,47.45,10.0532262506808,78.9644950928927,NOISE,2024-10-14T21:00:47,47.45,10.0532262506808,78.9644950928927,NOISE
2026-03-04T09:38:46.409784,Map-Energy__sum__linear-conv00561-20241015_000047-20241015_060047-0.050000-5.000000.png,2024-10-15T00:00:47,2024-10-15T06:00:47,0.05,5.0,2024-10-15T03:00:47,2.525,11.9301635288236,78.9554869237935,NOISE,2024-10-15T03:00:47,2.525,11.9301635288236,78.9554869237935,NOISE,2024-10-15T03:00:47,2.525,11.9301635288236,78.9554869237935,NOISE,2024-10-15T03:00:47,2.525,11.9301635288236,78.9554869237935,NOISE
2026-03-04T10:02:43.032415,Map-Energy__sum__linear-conv00562-20241015_000047-20241015_060047-5.000000-10.000000.png,2024-10-15T00:00:47,2024-10-15T06:00:47,5.0,10.0,2024-10-15T03:00:47,7.5,11.7898272340434,78.9877048432448,NOISE,2024-10-15T03:00:47,7.5,11.7898272340434,78.9877048432448,NOISE,2024-10-15T03:00:47,7.5,11.7898272340434,78.9877048432448,NOISE,2024-10-15T03:00:47,7.5,11.7898272340434,78.9877048432448,NOISE
2026-03-04T10:09:23.481467,Map-Energy__sum__linear-conv00563-20241015_000047-20241015_060047-10.000000-15.000000.png,2024-10-15T00:00:47,2024-10-15T06:00:47,10.0,15.0,2024-10-15T03:00:47,12.5,11.5594114413877,78.9903276217732,NOISE,2024-10-15T03:00:47,12.5,11.5594114413877,78.9903276217732,NOISE,2024-10-15T03:00:47,12.5,11.5594114413877,78.9903276217732,NOISE,2024-10-15T03:00:47,12.5,11.5594114413877,78.9903276217732,NOISE
2026-03-04T10:17:19.496017,Map-Energy__sum__linear-conv00564-20241015_000047-20241015_060047-15.000000-20.000000.png,2024-10-15T00:00:47,2024-10-15T06:00:47,15.0,20.0,2024-10-15T03:00:47,17.5,11.3555231115476,79.0115662370871,NOISE,2024-10-15T03:00:47,17.5,11.3555231115476,79.0115662370871,NOISE,2024-10-15T03:00:47,17.5,11.3555231115476,79.0115662370871,NOISE,2024-10-15T03:00:47,17.5,11.3555231115476,79.0115662370871,NOISE
2026-03-04T10:33:37.815927,Map-Energy__sum__linear-conv00565-20241015_000047-20241015_060047-20.000000-25.000000.png,2024-10-15T00:00:47,2024-10-15T06:00:47,20.0,25.0,2024-10-15T03:00:47,22.5,11.1238434802504,79.0183136392333,NOISE,2024-10-15T03:00:47,22.5,11.1238434802504,79.0183136392333,NOISE,2024-10-15T03:00:47,22.5,11.1238434802504,79.0183136392333,NOISE,2024-10-15T03:00:47,22.5,11.1238434802504,79.0183136392333,NOISE
2026-03-04T10:43:22.742770,Map-Energy__sum__linear-conv00566-20241015_000047-20241015_060047-25.000000-30.000000.png,2024-10-15T00:00:47,2024-10-15T06:00:47,25.0,30.0,2024-10-15T03:00:47,27.5,10.889673808393,79.020806600637,NOISE,2024-10-15T03:00:47,27.5,10.889673808393,79.020806600637,NOISE,2024-10-15T03:00:47,27.5,10.889673808393,79.020806600637,NOISE,2024-10-15T03:00:47,27.5,10.889673808393,79.020806600637,NOISE
2026-03-04T10:48:47.359086,Map-Energy__sum__linear-conv00567-20241015_000047-20241015_060047-30.000000-35.000000.png,2024-10-15T00:00:47,2024-10-15T06:00:47,30.0,35.0,2024-10-15T03:00:47,32.5,10.6593790614908,79.0131989106931,NOISE,2024-10-15T03:00:47,32.5,10.6593790614908,79.0131989106931,NOISE,2024-10-15T03:00:47,32.5,10.6593790614908,79.0131989106931,NOISE,2024-10-15T03:00:47,32.5,10.6593790614908,79.0131989106931,NOISE
2026-03-04T10:52:59.854897,Map-Energy__sum__linear-conv00568-20241015_000047-20241015_060047-35.000000-40.000000.png,2024-10-15T00:00:47,2024-10-15T06:00:47,35.0,40.0,2024-10-15T03:00:47,37.5,10.437915725008,78.9984509925074,NOISE,2024-10-15T03:00:47,37.5,10.437915725008,78.9984509925074,NOISE,2024-10-15T03:00:47,37.5,10.437915725008,78.9984509925074,NOISE,2024-10-15T03:00:47,37.5,10.437915725008,78.9984509925074,NOISE
2026-03-04T10:58:43.894280,Map-Energy__sum__linear-conv00569-20241015_000047-20241015_060047-40.000000-45.000000.png,2024-10-15T00:00:47,2024-10-15T06:00:47,40.0,45.0,2024-10-15T03:00:47,42.5,10.2209936532221,78.9814941910257,NOISE,2024-10-15T03:00:47,42.5,10.2209936532221,78.9814941910257,NOISE,2024-10-15T03:00:47,42.5,10.2209936532221,78.9814941910257,NOISE,2024-10-15T03:00:47,42.5,10.2209936532221,78.9814941910257,NOISE
2026-03-04T11:03:22.454335,Map-Energy__sum__linear-conv00570-20241015_000047-20241015_060047-45.000000-49.900000.png,2024-10-15T00:00:47,2024-10-15T06:00:47,45.0,49.9,2024-10-15T03:00:47,47.45,10.0532262506808,78.9644950928927,NOISE,2024-10-15T03:00:47,47.45,10.0532262506808,78.9644950928927,NOISE,2024-10-15T03:00:47,47.45,10.0532262506808,78.9644950928927,NOISE,2024-10-15T03:00:47,47.45,10.0532262506808,78.9644950928927,NOISE
2026-03-04T09:38:47.897126,Map-Energy__sum__linear-conv00571-20241015_060047-20241015_120047-0.050000-5.000000.png,2024-10-15T06:00:47,2024-10-15T12:00:47,0.05,5.0,2024-10-15T09:00:47,2.525,11.9301635288236,78.9554869237935,NOISE,2024-10-15T09:00:47,2.525,11.9301635288236,78.9554869237935,NOISE,2024-10-15T09:00:47,2.525,11.9301635288236,78.9554869237935,NOISE,2024-10-15T09:00:47,2.525,11.9301635288236,78.9554869237935,NOISE
2026-03-04T10:02:44.441256,Map-Energy__sum__linear-conv00572-20241015_060047-20241015_120047-5.000000-10.000000.png,2024-10-15T06:00:47,2024-10-15T12:00:47,5.0,10.0,2024-10-15T09:00:47,7.5,11.7898272340434,78.9877048432448,NOISE,2024-10-15T09:00:47,7.5,11.7898272340434,78.9877048432448,NOISE,2024-10-15T09:00:47,7.5,11.7898272340434,78.9877048432448,NOISE,2024-10-15T09:00:47,7.5,11.7898272340434,78.9877048432448,NOISE
2026-03-04T10:09:25.496923,Map-Energy__sum__linear-conv00573-20241015_060047-20241015_120047-10.000000-15.000000.png,2024-10-15T06:00:47,2024-10-15T12:00:47,10.0,15.0,2024-10-15T09:00:47,12.5,11.5594114413877,78.9903276217732,NOISE,2024-10-15T09:00:47,12.5,11.5594114413877,78.9903276217732,NOISE,2024-10-15T09:00:47,12.5,11.5594114413877,78.9903276217732,NOISE,2024-10-15T09:00:47,12.5,11.5594114413877,78.9903276217732,NOISE
2026-03-04T10:17:22.144548,Map-Energy__sum__linear-conv00574-20241015_060047-20241015_120047-15.000000-20.000000.png,2024-10-15T06:00:47,2024-10-15T12:00:47,15.0,20.0,2024-10-15T09:00:47,17.5,11.3555231115476,79.0115662370871,NOISE,2024-10-15T09:00:47,17.5,11.3555231115476,79.0115662370871,NOISE,2024-10-15T09:00:47,17.5,11.3555231115476,79.0115662370871,NOISE,2024-10-15T09:00:47,17.5,11.3555231115476,79.0115662370871,NOISE
2026-03-04T10:33:39.799806,Map-Energy__sum__linear-conv00575-20241015_060047-20241015_120047-20.000000-25.000000.png,2024-10-15T06:00:47,2024-10-15T12:00:47,20.0,25.0,2024-10-15T09:00:47,22.5,11.1238434802504,79.0183136392333,NOISE,2024-10-15T09:00:47,22.5,11.1238434802504,79.0183136392333,NOISE,2024-10-15T09:00:47,22.5,11.1238434802504,79.0183136392333,NOISE,2024-10-15T09:00:47,22.5,11.1238434802504,79.0183136392333,NOISE
2026-03-04T10:43:24.014978,Map-Energy__sum__linear-conv00576-20241015_060047-20241015_120047-25.000000-30.000000.png,2024-10-15T06:00:47,2024-10-15T12:00:47,25.0,30.0,2024-10-15T09:00:47,27.5,10.889673808393,79.020806600637,NOISE,2024-10-15T09:00:47,27.5,10.889673808393,79.020806600637,NOISE,2024-10-15T09:00:47,27.5,10.889673808393,79.020806600637,NOISE,2024-10-15T09:00:47,27.5,10.889673808393,79.020806600637,NOISE
2026-03-04T10:48:48.607118,Map-Energy__sum__linear-conv00577-20241015_060047-20241015_120047-30.000000-35.000000.png,2024-10-15T06:00:47,2024-10-15T12:00:47,30.0,35.0,2024-10-15T09:00:47,32.5,10.6593790614908,79.0131989106931,NOISE,2024-10-15T09:00:47,32.5,10.6593790614908,79.0131989106931,NOISE,2024-10-15T09:00:47,32.5,10.6593790614908,79.0131989106931,NOISE,2024-10-15T09:00:47,32.5,10.6593790614908,79.0131989106931,NOISE
2026-03-04T10:53:01.838898,Map-Energy__sum__linear-conv00578-20241015_060047-20241015_120047-35.000000-40.000000.png,2024-10-15T06:00:47,2024-10-15T12:00:47,35.0,40.0,2024-10-15T09:00:47,37.5,10.437915725008,78.9984509925074,NOISE,2024-10-15T09:00:47,37.5,10.437915725008,78.9984509925074,NOISE,2024-10-15T09:00:47,37.5,10.437915725008,78.9984509925074,NOISE,2024-10-15T09:00:47,37.5,10.437915725008,78.9984509925074,NOISE
2026-03-04T10:58:47.374776,Map-Energy__sum__linear-conv00579-20241015_060047-20241015_120047-40.000000-45.000000.png,2024-10-15T06:00:47,2024-10-15T12:00:47,40.0,45.0,2024-10-15T09:00:47,42.5,10.2209936532221,78.9814941910257,NOISE,2024-10-15T09:00:47,42.5,10.2209936532221,78.9814941910257,NOISE,2024-10-15T09:00:47,42.5,10.2209936532221,78.9814941910257,NOISE,2024-10-15T09:00:47,42.5,10.2209936532221,78.9814941910257,NOISE
2026-03-04T11:03:23.446219,Map-Energy__sum__linear-conv00580-20241015_060047-20241015_120047-45.000000-49.900000.png,2024-10-15T06:00:47,2024-10-15T12:00:47,45.0,49.9,2024-10-15T09:00:47,47.45,10.0532262506808,78.9644950928927,NOISE,2024-10-15T09:00:47,47.45,10.0532262506808,78.9644950928927,NOISE,2024-10-15T09:00:47,47.45,10.0532262506808,78.9644950928927,NOISE,2024-10-15T09:00:47,47.45,10.0532262506808,78.9644950928927,NOISE
2026-03-04T09:38:59.075334,Map-Energy__sum__linear-conv00581-20241015_120047-20241015_180047-0.050000-5.000000.png,2024-10-15T12:00:47,2024-10-15T18:00:47,0.05,5.0,2024-10-15T15:00:47,2.525,11.9301635288236,78.9554869237935,NOISE,2024-10-15T15:00:47,2.525,11.9301635288236,78.9554869237935,NOISE,2024-10-15T15:00:47,2.525,11.9301635288236,78.9554869237935,NOISE,2024-10-15T15:00:47,2.525,11.9301635288236,78.9554869237935,NOISE
2026-03-04T10:02:45.640891,Map-Energy__sum__linear-conv00582-20241015_120047-20241015_180047-5.000000-10.000000.png,2024-10-15T12:00:47,2024-10-15T18:00:47,5.0,10.0,2024-10-15T15:00:47,7.5,11.7898272340434,78.9877048432448,NOISE,2024-10-15T15:00:47,7.5,11.7898272340434,78.9877048432448,NOISE,2024-10-15T15:00:47,7.5,11.7898272340434,78.9877048432448,NOISE,2024-10-15T15:00:47,7.5,11.7898272340434,78.9877048432448,NOISE
2026-03-04T10:09:27.951811,Map-Energy__sum__linear-conv00583-20241015_120047-20241015_180047-10.000000-15.000000.png,2024-10-15T12:00:47,2024-10-15T18:00:47,10.0,15.0,2024-10-15T15:00:47,12.5,11.5594114413877,78.9903276217732,NOISE,2024-10-15T15:00:47,12.5,11.5594114413877,78.9903276217732,NOISE,2024-10-15T15:00:47,12.5,11.5594114413877,78.9903276217732,NOISE,2024-10-15T15:00:47,12.5,11.5594114413877,78.9903276217732,NOISE
2026-03-04T10:17:25.072428,Map-Energy__sum__linear-conv00584-20241015_120047-20241015_180047-15.000000-20.000000.png,2024-10-15T12:00:47,2024-10-15T18:00:47,15.0,20.0,2024-10-15T15:00:47,17.5,11.3555231115476,79.0115662370871,NOISE,2024-10-15T15:00:47,17.5,11.3555231115476,79.0115662370871,NOISE,2024-10-15T15:00:47,17.5,11.3555231115476,79.0115662370871,NOISE,2024-10-15T15:00:47,17.5,11.3555231115476,79.0115662370871,NOISE
2026-03-04T10:33:42.519805,Map-Energy__sum__linear-conv00585-20241015_120047-20241015_180047-20.000000-25.000000.png,2024-10-15T12:00:47,2024-10-15T18:00:47,20.0,25.0,2024-10-15T15:00:47,22.5,11.1238434802504,79.0183136392333,NOISE,2024-10-15T15:00:47,22.5,11.1238434802504,79.0183136392333,NOISE,2024-10-15T15:00:47,22.5,11.1238434802504,79.0183136392333,NOISE,2024-10-15T15:00:47,22.5,11.1238434802504,79.0183136392333,NOISE
2026-03-04T10:43:25.487635,Map-Energy__sum__linear-conv00586-20241015_120047-20241015_180047-25.000000-30.000000.png,2024-10-15T12:00:47,2024-10-15T18:00:47,25.0,30.0,2024-10-15T15:00:47,27.5,10.889673808393,79.020806600637,NOISE,2024-10-15T15:00:47,27.5,10.889673808393,79.020806600637,NOISE,2024-10-15T15:00:47,27.5,10.889673808393,79.020806600637,NOISE,2024-10-15T15:00:47,27.5,10.889673808393,79.020806600637,NOISE
2026-03-04T10:48:49.806637,Map-Energy__sum__linear-conv00587-20241015_120047-20241015_180047-30.000000-35.000000.png,2024-10-15T12:00:47,2024-10-15T18:00:47,30.0,35.0,2024-10-15T15:00:47,32.5,10.6593790614908,79.0131989106931,NOISE,2024-10-15T15:00:47,32.5,10.6593790614908,79.0131989106931,NOISE,2024-10-15T15:00:47,32.5,10.6593790614908,79.0131989106931,NOISE,2024-10-15T15:00:47,32.5,10.6593790614908,79.0131989106931,NOISE
2026-03-04T10:53:03.367069,Map-Energy__sum__linear-conv00588-20241015_120047-20241015_180047-35.000000-40.000000.png,2024-10-15T12:00:47,2024-10-15T18:00:47,35.0,40.0,2024-10-15T15:00:47,37.5,10.437915725008,78.9984509925074,NOISE,2024-10-15T15:00:47,37.5,10.437915725008,78.9984509925074,NOISE,2024-10-15T15:00:47,37.5,10.437915725008,78.9984509925074,NOISE,2024-10-15T15:00:47,37.5,10.437915725008,78.9984509925074,NOISE
2026-03-04T10:58:49.006625,Map-Energy__sum__linear-conv00589-20241015_120047-20241015_180047-40.000000-45.000000.png,2024-10-15T12:00:47,2024-10-15T18:00:47,40.0,45.0,2024-10-15T15:00:47,42.5,10.2209936532221,78.9814941910257,NOISE,2024-10-15T15:00:47,42.5,10.2209936532221,78.9814941910257,NOISE,2024-10-15T15:00:47,42.5,10.2209936532221,78.9814941910257,NOISE,2024-10-15T15:00:47,42.5,10.2209936532221,78.9814941910257,NOISE
2026-03-04T11:03:24.414972,Map-Energy__sum__linear-conv00590-20241015_120047-20241015_180047-45.000000-49.900000.png,2024-10-15T12:00:47,2024-10-15T18:00:47,45.0,49.9,2024-10-15T15:00:47,47.45,10.0532262506808,78.9644950928927,NOISE,2024-10-15T15:00:47,47.45,10.0532262506808,78.9644950928927,NOISE,2024-10-15T15:00:47,47.45,10.0532262506808,78.9644950928927,NOISE,2024-10-15T15:00:47,47.45,10.0532262506808,78.9644950928927,NOISE
2026-03-04T09:39:01.474081,Map-Energy__sum__linear-conv00591-20241015_180047-20241016_000047-0.050000-5.000000.png,2024-10-15T18:00:47,2024-10-16T00:00:47,0.05,5.0,2024-10-15T21:00:47,2.525,11.9301635288236,78.9554869237935,NOISE,2024-10-15T21:00:47,2.525,11.9301635288236,78.9554869237935,NOISE,2024-10-15T21:00:47,2.525,11.9301635288236,78.9554869237935,NOISE,2024-10-15T21:00:47,2.525,11.9301635288236,78.9554869237935,NOISE
2026-03-04T10:02:47.105126,Map-Energy__sum__linear-conv00592-20241015_180047-20241016_000047-5.000000-10.000000.png,2024-10-15T18:00:47,2024-10-16T00:00:47,5.0,10.0,2024-10-15T21:00:47,7.5,11.7898272340434,78.9877048432448,NOISE,2024-10-15T21:00:47,7.5,11.7898272340434,78.9877048432448,NOISE,2024-10-15T21:00:47,7.5,11.7898272340434,78.9877048432448,NOISE,2024-10-15T21:00:47,7.5,11.7898272340434,78.9877048432448,NOISE
2026-03-04T10:09:29.608287,Map-Energy__sum__linear-conv00593-20241015_180047-20241016_000047-10.000000-15.000000.png,2024-10-15T18:00:47,2024-10-16T00:00:47,10.0,15.0,2024-10-15T21:00:47,12.5,11.5594114413877,78.9903276217732,NOISE,2024-10-15T21:00:47,12.5,11.5594114413877,78.9903276217732,NOISE,2024-10-15T21:00:47,12.5,11.5594114413877,78.9903276217732,NOISE,2024-10-15T21:00:47,12.5,11.5594114413877,78.9903276217732,NOISE
2026-03-04T10:17:27.648266,Map-Energy__sum__linear-conv00594-20241015_180047-20241016_000047-15.000000-20.000000.png,2024-10-15T18:00:47,2024-10-16T00:00:47,15.0,20.0,2024-10-15T21:00:47,17.5,11.3555231115476,79.0115662370871,NOISE,2024-10-15T21:00:47,17.5,11.3555231115476,79.0115662370871,NOISE,2024-10-15T21:00:47,17.5,11.3555231115476,79.0115662370871,NOISE,2024-10-15T21:00:47,17.5,11.3555231115476,79.0115662370871,NOISE
2026-03-04T10:33:43.943335,Map-Energy__sum__linear-conv00595-20241015_180047-20241016_000047-20.000000-25.000000.png,2024-10-15T18:00:47,2024-10-16T00:00:47,20.0,25.0,2024-10-15T21:00:47,22.5,11.1238434802504,79.0183136392333,NOISE,2024-10-15T21:00:47,22.5,11.1238434802504,79.0183136392333,NOISE,2024-10-15T21:00:47,22.5,11.1238434802504,79.0183136392333,NOISE,2024-10-15T21:00:47,22.5,11.1238434802504,79.0183136392333,NOISE
2026-03-04T10:43:26.767520,Map-Energy__sum__linear-conv00596-20241015_180047-20241016_000047-25.000000-30.000000.png,2024-10-15T18:00:47,2024-10-16T00:00:47,25.0,30.0,2024-10-15T21:00:47,27.5,10.889673808393,79.020806600637,NOISE,2024-10-15T21:00:47,27.5,10.889673808393,79.020806600637,NOISE,2024-10-15T21:00:47,27.5,10.889673808393,79.020806600637,NOISE,2024-10-15T21:00:47,27.5,10.889673808393,79.020806600637,NOISE
2026-03-04T10:48:52.414931,Map-Energy__sum__linear-conv00597-20241015_180047-20241016_000047-30.000000-35.000000.png,2024-10-15T18:00:47,2024-10-16T00:00:47,30.0,35.0,2024-10-15T21:00:47,32.5,10.6593790614908,79.0131989106931,NOISE,2024-10-15T21:00:47,32.5,10.6593790614908,79.0131989106931,NOISE,2024-10-15T21:00:47,32.5,10.6593790614908,79.0131989106931,NOISE,2024-10-15T21:00:47,32.5,10.6593790614908,79.0131989106931,NOISE
2026-03-04T10:53:04.791000,Map-Energy__sum__linear-conv00598-20241015_180047-20241016_000047-35.000000-40.000000.png,2024-10-15T18:00:47,2024-10-16T00:00:47,35.0,40.0,2024-10-15T21:00:47,37.5,10.437915725008,78.9984509925074,NOISE,2024-10-15T21:00:47,37.5,10.437915725008,78.9984509925074,NOISE,2024-10-15T21:00:47,37.5,10.437915725008,78.9984509925074,NOISE,2024-10-15T21:00:47,37.5,10.437915725008,78.9984509925074,NOISE
2026-03-04T10:58:50.638326,Map-Energy__sum__linear-conv00599-20241015_180047-20241016_000047-40.000000-45.000000.png,2024-10-15T18:00:47,2024-10-16T00:00:47,40.0,45.0,2024-10-15T21:00:47,42.5,10.2209936532221,78.9814941910257,NOISE,2024-10-15T21:00:47,42.5,10.2209936532221,78.9814941910257,NOISE,2024-10-15T21:00:47,42.5,10.2209936532221,78.9814941910257,NOISE,2024-10-15T21:00:47,42.5,10.2209936532221,78.9814941910257,NOISE
2026-03-04T11:03:25.518676,Map-Energy__sum__linear-conv00600-20241015_180047-20241016_000047-45.000000-49.900000.png,2024-10-15T18:00:47,2024-10-16T00:00:47,45.0,49.9,2024-10-15T21:00:47,47.45,10.0532262506808,78.9644950928927,NOISE,2024-10-15T21:00:47,47.45,10.0532262506808,78.9644950928927,NOISE,2024-10-15T21:00:47,47.45,10.0532262506808,78.9644950928927,NOISE,2024-10-15T21:00:47,47.45,10.0532262506808,78.9644950928927,NOISE
2026-03-04T09:39:03.058410,Map-Energy__sum__linear-conv00601-20241016_000047-20241016_060047-0.050000-5.000000.png,2024-10-16T00:00:47,2024-10-16T06:00:47,0.05,5.0,2024-10-16T03:00:47,2.525,11.9301635288236,78.9554869237935,NOISE,2024-10-16T03:00:47,2.525,11.9301635288236,78.9554869237935,NOISE,2024-10-16T03:00:47,2.525,11.9301635288236,78.9554869237935,NOISE,2024-10-16T03:00:47,2.525,11.9301635288236,78.9554869237935,NOISE
2026-03-04T10:02:48.370241,Map-Energy__sum__linear-conv00602-20241016_000047-20241016_060047-5.000000-10.000000.png,2024-10-16T00:00:47,2024-10-16T06:00:47,5.0,10.0,2024-10-16T03:00:47,7.5,11.7898272340434,78.9877048432448,NOISE,2024-10-16T03:00:47,7.5,11.7898272340434,78.9877048432448,NOISE,2024-10-16T03:00:47,7.5,11.7898272340434,78.9877048432448,NOISE,2024-10-16T03:00:47,7.5,11.7898272340434,78.9877048432448,NOISE
2026-03-04T10:09:30.931860,Map-Energy__sum__linear-conv00603-20241016_000047-20241016_060047-10.000000-15.000000.png,2024-10-16T00:00:47,2024-10-16T06:00:47,10.0,15.0,2024-10-16T03:00:47,12.5,11.5594114413877,78.9903276217732,NOISE,2024-10-16T03:00:47,12.5,11.5594114413877,78.9903276217732,NOISE,2024-10-16T03:00:47,12.5,11.5594114413877,78.9903276217732,NOISE,2024-10-16T03:00:47,12.5,11.5594114413877,78.9903276217732,NOISE
2026-03-04T10:17:29.872619,Map-Energy__sum__linear-conv00604-20241016_000047-20241016_060047-15.000000-20.000000.png,2024-10-16T00:00:47,2024-10-16T06:00:47,15.0,20.0,2024-10-16T03:00:47,17.5,11.3555231115476,79.0115662370871,NOISE,2024-10-16T03:00:47,17.5,11.3555231115476,79.0115662370871,NOISE,2024-10-16T03:00:47,17.5,11.3555231115476,79.0115662370871,NOISE,2024-10-16T03:00:47,17.5,11.3555231115476,79.0115662370871,NOISE
2026-03-04T10:33:45.535198,Map-Energy__sum__linear-conv00605-20241016_000047-20241016_060047-20.000000-25.000000.png,2024-10-16T00:00:47,2024-10-16T06:00:47,20.0,25.0,2024-10-16T03:00:47,22.5,11.1238434802504,79.0183136392333,NOISE,2024-10-16T03:00:47,22.5,11.1238434802504,79.0183136392333,NOISE,2024-10-16T03:00:47,22.5,11.1238434802504,79.0183136392333,NOISE,2024-10-16T03:00:47,22.5,11.1238434802504,79.0183136392333,NOISE
2026-03-04T10:43:27.927354,Map-Energy__sum__linear-conv00606-20241016_000047-20241016_060047-25.000000-30.000000.png,2024-10-16T00:00:47,2024-10-16T06:00:47,25.0,30.0,2024-10-16T03:00:47,27.5,10.889673808393,79.020806600637,NOISE,2024-10-16T03:00:47,27.5,10.889673808393,79.020806600637,NOISE,2024-10-16T03:00:47,27.5,10.889673808393,79.020806600637,NOISE,2024-10-16T03:00:47,27.5,10.889673808393,79.020806600637,NOISE
2026-03-04T10:48:53.647164,Map-Energy__sum__linear-conv00607-20241016_000047-20241016_060047-30.000000-35.000000.png,2024-10-16T00:00:47,2024-10-16T06:00:47,30.0,35.0,2024-10-16T03:00:47,32.5,10.6593790614908,79.0131989106931,NOISE,2024-10-16T03:00:47,32.5,10.6593790614908,79.0131989106931,NOISE,2024-10-16T03:00:47,32.5,10.6593790614908,79.0131989106931,NOISE,2024-10-16T03:00:47,32.5,10.6593790614908,79.0131989106931,NOISE
2026-03-04T10:53:05.982431,Map-Energy__sum__linear-conv00608-20241016_000047-20241016_060047-35.000000-40.000000.png,2024-10-16T00:00:47,2024-10-16T06:00:47,35.0,40.0,2024-10-16T03:00:47,37.5,10.437915725008,78.9984509925074,NOISE,2024-10-16T03:00:47,37.5,10.437915725008,78.9984509925074,NOISE,2024-10-16T03:00:47,37.5,10.437915725008,78.9984509925074,NOISE,2024-10-16T03:00:47,37.5,10.437915725008,78.9984509925074,NOISE
2026-03-04T10:58:55.710976,Map-Energy__sum__linear-conv00609-20241016_000047-20241016_060047-40.000000-45.000000.png,2024-10-16T00:00:47,2024-10-16T06:00:47,40.0,45.0,2024-10-16T03:00:47,42.5,10.2209936532221,78.9814941910257,NOISE,2024-10-16T03:00:47,42.5,10.2209936532221,78.9814941910257,NOISE,2024-10-16T03:00:47,42.5,10.2209936532221,78.9814941910257,NOISE,2024-10-16T03:00:47,42.5,10.2209936532221,78.9814941910257,NOISE
2026-03-04T11:03:26.622523,Map-Energy__sum__linear-conv00610-20241016_000047-20241016_060047-45.000000-49.900000.png,2024-10-16T00:00:47,2024-10-16T06:00:47,45.0,49.9,2024-10-16T03:00:47,47.45,10.0532262506808,78.9644950928927,NOISE,2024-10-16T03:00:47,47.45,10.0532262506808,78.9644950928927,NOISE,2024-10-16T03:00:47,47.45,10.0532262506808,78.9644950928927,NOISE,2024-10-16T03:00:47,47.45,10.0532262506808,78.9644950928927,NOISE
2026-03-04T09:39:04.817505,Map-Energy__sum__linear-conv00611-20241016_060047-20241016_120047-0.050000-5.000000.png,2024-10-16T06:00:47,2024-10-16T12:00:47,0.05,5.0,2024-10-16T09:00:47,2.525,11.9301635288236,78.9554869237935,NOISE,2024-10-16T09:00:47,2.525,11.9301635288236,78.9554869237935,NOISE,2024-10-16T09:00:47,2.525,11.9301635288236,78.9554869237935,NOISE,2024-10-16T09:00:47,2.525,11.9301635288236,78.9554869237935,NOISE
2026-03-04T10:02:49.721395,Map-Energy__sum__linear-conv00612-20241016_060047-20241016_120047-5.000000-10.000000.png,2024-10-16T06:00:47,2024-10-16T12:00:47,5.0,10.0,2024-10-16T09:00:47,7.5,11.7898272340434,78.9877048432448,NOISE,2024-10-16T09:00:47,7.5,11.7898272340434,78.9877048432448,NOISE,2024-10-16T09:00:47,7.5,11.7898272340434,78.9877048432448,NOISE,2024-10-16T09:00:47,7.5,11.7898272340434,78.9877048432448,NOISE
2026-03-04T10:09:32.136489,Map-Energy__sum__linear-conv00613-20241016_060047-20241016_120047-10.000000-15.000000.png,2024-10-16T06:00:47,2024-10-16T12:00:47,10.0,15.0,2024-10-16T09:00:47,12.5,11.5594114413877,78.9903276217732,NOISE,2024-10-16T09:00:47,12.5,11.5594114413877,78.9903276217732,NOISE,2024-10-16T09:00:47,12.5,11.5594114413877,78.9903276217732,NOISE,2024-10-16T09:00:47,12.5,11.5594114413877,78.9903276217732,NOISE
2026-03-04T10:17:32.416517,Map-Energy__sum__linear-conv00614-20241016_060047-20241016_120047-15.000000-20.000000.png,2024-10-16T06:00:47,2024-10-16T12:00:47,15.0,20.0,2024-10-16T09:00:47,17.5,11.3555231115476,79.0115662370871,NOISE,2024-10-16T09:00:47,17.5,11.3555231115476,79.0115662370871,NOISE,2024-10-16T09:00:47,17.5,11.3555231115476,79.0115662370871,NOISE,2024-10-16T09:00:47,17.5,11.3555231115476,79.0115662370871,NOISE
2026-03-04T10:33:47.182967,Map-Energy__sum__linear-conv00615-20241016_060047-20241016_120047-20.000000-25.000000.png,2024-10-16T06:00:47,2024-10-16T12:00:47,20.0,25.0,2024-10-16T09:00:47,22.5,11.1238434802504,79.0183136392333,NOISE,2024-10-16T09:00:47,22.5,11.1238434802504,79.0183136392333,NOISE,2024-10-16T09:00:47,22.5,11.1238434802504,79.0183136392333,NOISE,2024-10-16T09:00:47,22.5,11.1238434802504,79.0183136392333,NOISE
2026-03-04T10:43:28.966584,Map-Energy__sum__linear-conv00616-20241016_060047-20241016_120047-25.000000-30.000000.png,2024-10-16T06:00:47,2024-10-16T12:00:47,25.0,30.0,2024-10-16T09:00:47,27.5,10.889673808393,79.020806600637,NOISE,2024-10-16T09:00:47,27.5,10.889673808393,79.020806600637,NOISE,2024-10-16T09:00:47,27.5,10.889673808393,79.020806600637,NOISE,2024-10-16T09:00:47,27.5,10.889673808393,79.020806600637,NOISE
2026-03-04T10:48:54.791089,Map-Energy__sum__linear-conv00617-20241016_060047-20241016_120047-30.000000-35.000000.png,2024-10-16T06:00:47,2024-10-16T12:00:47,30.0,35.0,2024-10-16T09:00:47,32.5,10.6593790614908,79.0131989106931,NOISE,2024-10-16T09:00:47,32.5,10.6593790614908,79.0131989106931,NOISE,2024-10-16T09:00:47,32.5,10.6593790614908,79.0131989106931,NOISE,2024-10-16T09:00:47,32.5,10.6593790614908,79.0131989106931,NOISE
2026-03-04T10:53:07.199151,Map-Energy__sum__linear-conv00618-20241016_060047-20241016_120047-35.000000-40.000000.png,2024-10-16T06:00:47,2024-10-16T12:00:47,35.0,40.0,2024-10-16T09:00:47,37.5,10.437915725008,78.9984509925074,NOISE,2024-10-16T09:00:47,37.5,10.437915725008,78.9984509925074,NOISE,2024-10-16T09:00:47,37.5,10.437915725008,78.9984509925074,NOISE,2024-10-16T09:00:47,37.5,10.437915725008,78.9984509925074,NOISE
2026-03-04T10:58:58.087130,Map-Energy__sum__linear-conv00619-20241016_060047-20241016_120047-40.000000-45.000000.png,2024-10-16T06:00:47,2024-10-16T12:00:47,40.0,45.0,2024-10-16T09:00:47,42.5,10.2209936532221,78.9814941910257,NOISE,2024-10-16T09:00:47,42.5,10.2209936532221,78.9814941910257,NOISE,2024-10-16T09:00:47,42.5,10.2209936532221,78.9814941910257,NOISE,2024-10-16T09:00:47,42.5,10.2209936532221,78.9814941910257,NOISE
2026-03-04T11:03:28.469656,Map-Energy__sum__linear-conv00620-20241016_060047-20241016_120047-45.000000-49.900000.png,2024-10-16T06:00:47,2024-10-16T12:00:47,45.0,49.9,2024-10-16T09:00:47,47.45,10.0532262506808,78.9644950928927,NOISE,2024-10-16T09:00:47,47.45,10.0532262506808,78.9644950928927,NOISE,2024-10-16T09:00:47,47.45,10.0532262506808,78.9644950928927,NOISE,2024-10-16T09:00:47,47.45,10.0532262506808,78.9644950928927,NOISE
2026-03-04T09:39:06.705850,Map-Energy__sum__linear-conv00621-20241016_120047-20241016_180047-0.050000-5.000000.png,2024-10-16T12:00:47,2024-10-16T18:00:47,0.05,5.0,2024-10-16T15:00:47,2.525,11.9301635288236,78.9554869237935,NOISE,2024-10-16T15:00:47,2.525,11.9301635288236,78.9554869237935,NOISE,2024-10-16T15:00:47,2.525,11.9301635288236,78.9554869237935,NOISE,2024-10-16T15:00:47,2.525,11.9301635288236,78.9554869237935,NOISE
2026-03-04T10:02:51.153901,Map-Energy__sum__linear-conv00622-20241016_120047-20241016_180047-5.000000-10.000000.png,2024-10-16T12:00:47,2024-10-16T18:00:47,5.0,10.0,2024-10-16T15:00:47,7.5,11.7898272340434,78.9877048432448,NOISE,2024-10-16T15:00:47,7.5,11.7898272340434,78.9877048432448,NOISE,2024-10-16T15:00:47,7.5,11.7898272340434,78.9877048432448,NOISE,2024-10-16T15:00:47,7.5,11.7898272340434,78.9877048432448,NOISE
2026-03-04T10:09:33.928528,Map-Energy__sum__linear-conv00623-20241016_120047-20241016_180047-10.000000-15.000000.png,2024-10-16T12:00:47,2024-10-16T18:00:47,10.0,15.0,2024-10-16T15:00:47,12.5,11.5594114413877,78.9903276217732,NOISE,2024-10-16T15:00:47,12.5,11.5594114413877,78.9903276217732,NOISE,2024-10-16T15:00:47,12.5,11.5594114413877,78.9903276217732,NOISE,2024-10-16T15:00:47,12.5,11.5594114413877,78.9903276217732,NOISE
2026-03-04T10:17:34.624244,Map-Energy__sum__linear-conv00624-20241016_120047-20241016_180047-15.000000-20.000000.png,2024-10-16T12:00:47,2024-10-16T18:00:47,15.0,20.0,2024-10-16T15:00:47,17.5,11.3555231115476,79.0115662370871,NOISE,2024-10-16T15:00:47,17.5,11.3555231115476,79.0115662370871,NOISE,2024-10-16T15:00:47,17.5,11.3555231115476,79.0115662370871,NOISE,2024-10-16T15:00:47,17.5,11.3555231115476,79.0115662370871,NOISE
2026-03-04T10:33:48.423933,Map-Energy__sum__linear-conv00625-20241016_120047-20241016_180047-20.000000-25.000000.png,2024-10-16T12:00:47,2024-10-16T18:00:47,20.0,25.0,2024-10-16T15:00:47,22.5,11.1238434802504,79.0183136392333,NOISE,2024-10-16T15:00:47,22.5,11.1238434802504,79.0183136392333,NOISE,2024-10-16T15:00:47,22.5,11.1238434802504,79.0183136392333,NOISE,2024-10-16T15:00:47,22.5,11.1238434802504,79.0183136392333,NOISE
2026-03-04T10:43:30.335280,Map-Energy__sum__linear-conv00626-20241016_120047-20241016_180047-25.000000-30.000000.png,2024-10-16T12:00:47,2024-10-16T18:00:47,25.0,30.0,2024-10-16T15:00:47,27.5,10.889673808393,79.020806600637,NOISE,2024-10-16T15:00:47,27.5,10.889673808393,79.020806600637,NOISE,2024-10-16T15:00:47,27.5,10.889673808393,79.020806600637,NOISE,2024-10-16T15:00:47,27.5,10.889673808393,79.020806600637,NOISE
2026-03-04T10:48:55.839199,Map-Energy__sum__linear-conv00627-20241016_120047-20241016_180047-30.000000-35.000000.png,2024-10-16T12:00:47,2024-10-16T18:00:47,30.0,35.0,2024-10-16T15:00:47,32.5,10.6593790614908,79.0131989106931,NOISE,2024-10-16T15:00:47,32.5,10.6593790614908,79.0131989106931,NOISE,2024-10-16T15:00:47,32.5,10.6593790614908,79.0131989106931,NOISE,2024-10-16T15:00:47,32.5,10.6593790614908,79.0131989106931,NOISE
2026-03-04T10:53:08.470990,Map-Energy__sum__linear-conv00628-20241016_120047-20241016_180047-35.000000-40.000000.png,2024-10-16T12:00:47,2024-10-16T18:00:47,35.0,40.0,2024-10-16T15:00:47,37.5,10.437915725008,78.9984509925074,NOISE,2024-10-16T15:00:47,37.5,10.437915725008,78.9984509925074,NOISE,2024-10-16T15:00:47,37.5,10.437915725008,78.9984509925074,NOISE,2024-10-16T15:00:47,37.5,10.437915725008,78.9984509925074,NOISE
2026-03-04T10:59:07.398843,Map-Energy__sum__linear-conv00629-20241016_120047-20241016_180047-40.000000-45.000000.png,2024-10-16T12:00:47,2024-10-16T18:00:47,40.0,45.0,2024-10-16T15:00:47,42.5,10.2209936532221,78.9814941910257,NOISE,2024-10-16T15:00:47,42.5,10.2209936532221,78.9814941910257,NOISE,2024-10-16T15:00:47,42.5,10.2209936532221,78.9814941910257,NOISE,2024-10-16T15:00:47,42.5,10.2209936532221,78.9814941910257,NOISE
2026-03-04T11:03:35.030419,Map-Energy__sum__linear-conv00630-20241016_120047-20241016_180047-45.000000-49.900000.png,2024-10-16T12:00:47,2024-10-16T18:00:47,45.0,49.9,2024-10-16T15:00:47,47.45,10.0532262506808,78.9644950928927,NOISE,2024-10-16T15:00:47,47.45,10.0532262506808,78.9644950928927,NOISE,2024-10-16T15:00:47,47.45,10.0532262506808,78.9644950928927,NOISE,2024-10-16T15:00:47,47.45,10.0532262506808,78.9644950928927,NOISE
2026-03-04T09:39:09.457530,Map-Energy__sum__linear-conv00631-20241016_180047-20241017_000047-0.050000-5.000000.png,2024-10-16T18:00:47,2024-10-17T00:00:47,0.05,5.0,2024-10-16T21:00:47,2.525,11.9301635288236,78.9554869237935,NOISE,2024-10-16T21:00:47,2.525,11.9301635288236,78.9554869237935,NOISE,2024-10-16T21:00:47,2.525,11.9301635288236,78.9554869237935,NOISE,2024-10-16T21:00:47,2.525,11.9301635288236,78.9554869237935,NOISE
2026-03-04T10:02:52.640398,Map-Energy__sum__linear-conv00632-20241016_180047-20241017_000047-5.000000-10.000000.png,2024-10-16T18:00:47,2024-10-17T00:00:47,5.0,10.0,2024-10-16T21:00:47,7.5,11.7898272340434,78.9877048432448,NOISE,2024-10-16T21:00:47,7.5,11.7898272340434,78.9877048432448,NOISE,2024-10-16T21:00:47,7.5,11.7898272340434,78.9877048432448,NOISE,2024-10-16T21:00:47,7.5,11.7898272340434,78.9877048432448,NOISE
2026-03-04T10:09:35.904638,Map-Energy__sum__linear-conv00633-20241016_180047-20241017_000047-10.000000-15.000000.png,2024-10-16T18:00:47,2024-10-17T00:00:47,10.0,15.0,2024-10-16T21:00:47,12.5,11.5594114413877,78.9903276217732,NOISE,2024-10-16T21:00:47,12.5,11.5594114413877,78.9903276217732,NOISE,2024-10-16T21:00:47,12.5,11.5594114413877,78.9903276217732,NOISE,2024-10-16T21:00:47,12.5,11.5594114413877,78.9903276217732,NOISE
2026-03-04T10:17:43.152414,Map-Energy__sum__linear-conv00634-20241016_180047-20241017_000047-15.000000-20.000000.png,2024-10-16T18:00:47,2024-10-17T00:00:47,15.0,20.0,2024-10-16T21:00:47,17.5,11.3555231115476,79.0115662370871,NOISE,2024-10-16T21:00:47,17.5,11.3555231115476,79.0115662370871,NOISE,2024-10-16T21:00:47,17.5,11.3555231115476,79.0115662370871,NOISE,2024-10-16T21:00:47,17.5,11.3555231115476,79.0115662370871,NOISE
2026-03-04T10:33:50.503923,Map-Energy__sum__linear-conv00635-20241016_180047-20241017_000047-20.000000-25.000000.png,2024-10-16T18:00:47,2024-10-17T00:00:47,20.0,25.0,2024-10-16T21:00:47,22.5,11.1238434802504,79.0183136392333,NOISE,2024-10-16T21:00:47,22.5,11.1238434802504,79.0183136392333,NOISE,2024-10-16T21:00:47,22.5,11.1238434802504,79.0183136392333,NOISE,2024-10-16T21:00:47,22.5,11.1238434802504,79.0183136392333,NOISE
2026-03-04T10:43:31.495300,Map-Energy__sum__linear-conv00636-20241016_180047-20241017_000047-25.000000-30.000000.png,2024-10-16T18:00:47,2024-10-17T00:00:47,25.0,30.0,2024-10-16T21:00:47,27.5,10.889673808393,79.020806600637,NOISE,2024-10-16T21:00:47,27.5,10.889673808393,79.020806600637,NOISE,2024-10-16T21:00:47,27.5,10.889673808393,79.020806600637,NOISE,2024-10-16T21:00:47,27.5,10.889673808393,79.020806600637,NOISE
2026-03-04T10:48:56.856900,Map-Energy__sum__linear-conv00637-20241016_180047-20241017_000047-30.000000-35.000000.png,2024-10-16T18:00:47,2024-10-17T00:00:47,30.0,35.0,2024-10-16T21:00:47,32.5,10.6593790614908,79.0131989106931,NOISE,2024-10-16T21:00:47,32.5,10.6593790614908,79.0131989106931,NOISE,2024-10-16T21:00:47,32.5,10.6593790614908,79.0131989106931,NOISE,2024-10-16T21:00:47,32.5,10.6593790614908,79.0131989106931,NOISE
2026-03-04T10:53:09.614961,Map-Energy__sum__linear-conv00638-20241016_180047-20241017_000047-35.000000-40.000000.png,2024-10-16T18:00:47,2024-10-17T00:00:47,35.0,40.0,2024-10-16T21:00:47,37.5,10.437915725008,78.9984509925074,NOISE,2024-10-16T21:00:47,37.5,10.437915725008,78.9984509925074,NOISE,2024-10-16T21:00:47,37.5,10.437915725008,78.9984509925074,NOISE,2024-10-16T21:00:47,37.5,10.437915725008,78.9984509925074,NOISE
2026-03-04T10:59:08.798976,Map-Energy__sum__linear-conv00639-20241016_180047-20241017_000047-40.000000-45.000000.png,2024-10-16T18:00:47,2024-10-17T00:00:47,40.0,45.0,2024-10-16T21:00:47,42.5,10.2209936532221,78.9814941910257,NOISE,2024-10-16T21:00:47,42.5,10.2209936532221,78.9814941910257,NOISE,2024-10-16T21:00:47,42.5,10.2209936532221,78.9814941910257,NOISE,2024-10-16T21:00:47,42.5,10.2209936532221,78.9814941910257,NOISE
2026-03-04T11:03:36.758339,Map-Energy__sum__linear-conv00640-20241016_180047-20241017_000047-45.000000-49.900000.png,2024-10-16T18:00:47,2024-10-17T00:00:47,45.0,49.9,2024-10-16T21:00:47,47.45,10.0532262506808,78.9644950928927,NOISE,2024-10-16T21:00:47,47.45,10.0532262506808,78.9644950928927,NOISE,2024-10-16T21:00:47,47.45,10.0532262506808,78.9644950928927,NOISE,2024-10-16T21:00:47,47.45,10.0532262506808,78.9644950928927,NOISE
2026-03-04T09:39:10.968961,Map-Energy__sum__linear-conv00641-20241017_000047-20241017_060047-0.050000-5.000000.png,2024-10-17T00:00:47,2024-10-17T06:00:47,0.05,5.0,2024-10-17T03:00:47,2.525,11.9301635288236,78.9554869237935,NOISE,2024-10-17T03:00:47,2.525,11.9301635288236,78.9554869237935,NOISE,2024-10-17T03:00:47,2.525,11.9301635288236,78.9554869237935,NOISE,2024-10-17T03:00:47,2.525,11.9301635288236,78.9554869237935,NOISE
2026-03-04T10:02:53.769239,Map-Energy__sum__linear-conv00642-20241017_000047-20241017_060047-5.000000-10.000000.png,2024-10-17T00:00:47,2024-10-17T06:00:47,5.0,10.0,2024-10-17T03:00:47,7.5,11.7898272340434,78.9877048432448,NOISE,2024-10-17T03:00:47,7.5,11.7898272340434,78.9877048432448,NOISE,2024-10-17T03:00:47,7.5,11.7898272340434,78.9877048432448,NOISE,2024-10-17T03:00:47,7.5,11.7898272340434,78.9877048432448,NOISE
2026-03-04T10:09:39.904748,Map-Energy__sum__linear-conv00643-20241017_000047-20241017_060047-10.000000-15.000000.png,2024-10-17T00:00:47,2024-10-17T06:00:47,10.0,15.0,2024-10-17T03:00:47,12.5,11.5594114413877,78.9903276217732,NOISE,2024-10-17T03:00:47,12.5,11.5594114413877,78.9903276217732,NOISE,2024-10-17T03:00:47,12.5,11.5594114413877,78.9903276217732,NOISE,2024-10-17T03:00:47,12.5,11.5594114413877,78.9903276217732,NOISE
2026-03-04T10:17:59.392595,Map-Energy__sum__linear-conv00644-20241017_000047-20241017_060047-15.000000-20.000000.png,2024-10-17T00:00:47,2024-10-17T06:00:47,15.0,20.0,2024-10-17T03:18:15,16.893006,11.3809701880079,79.0090980980919,OTHER,2024-10-17T03:00:47,17.5,11.3555231115476,79.0115662370871,NOISE,2024-10-17T03:00:47,17.5,11.3555231115476,79.0115662370871,NOISE,2024-10-17T03:00:47,17.5,11.3555231115476,79.0115662370871,NOISE
2026-03-04T10:33:53.168882,Map-Energy__sum__linear-conv00645-20241017_000047-20241017_060047-20.000000-25.000000.png,2024-10-17T00:00:47,2024-10-17T06:00:47,20.0,25.0,2024-10-17T03:00:47,22.5,11.1238434802504,79.0183136392333,NOISE,2024-10-17T03:00:47,22.5,11.1238434802504,79.0183136392333,NOISE,2024-10-17T03:00:47,22.5,11.1238434802504,79.0183136392333,NOISE,2024-10-17T03:00:47,22.5,11.1238434802504,79.0183136392333,NOISE
2026-03-04T10:43:32.512629,Map-Energy__sum__linear-conv00646-20241017_000047-20241017_060047-25.000000-30.000000.png,2024-10-17T00:00:47,2024-10-17T06:00:47,25.0,30.0,2024-10-17T03:00:47,27.5,10.889673808393,79.020806600637,NOISE,2024-10-17T03:00:47,27.5,10.889673808393,79.020806600637,NOISE,2024-10-17T03:00:47,27.5,10.889673808393,79.020806600637,NOISE,2024-10-17T03:00:47,27.5,10.889673808393,79.020806600637,NOISE
2026-03-04T10:48:57.903246,Map-Energy__sum__linear-conv00647-20241017_000047-20241017_060047-30.000000-35.000000.png,2024-10-17T00:00:47,2024-10-17T06:00:47,30.0,35.0,2024-10-17T03:00:47,32.5,10.6593790614908,79.0131989106931,NOISE,2024-10-17T03:00:47,32.5,10.6593790614908,79.0131989106931,NOISE,2024-10-17T03:00:47,32.5,10.6593790614908,79.0131989106931,NOISE,2024-10-17T03:00:47,32.5,10.6593790614908,79.0131989106931,NOISE
2026-03-04T10:53:27.583062,Map-Energy__sum__linear-conv00648-20241017_000047-20241017_060047-35.000000-40.000000.png,2024-10-17T00:00:47,2024-10-17T06:00:47,35.0,40.0,2024-10-17T03:00:47,37.5,10.437915725008,78.9984509925074,NOISE,2024-10-17T03:00:47,37.5,10.437915725008,78.9984509925074,NOISE,2024-10-17T03:00:47,37.5,10.437915725008,78.9984509925074,NOISE,2024-10-17T03:00:47,37.5,10.437915725008,78.9984509925074,NOISE
2026-03-04T10:59:10.206252,Map-Energy__sum__linear-conv00649-20241017_000047-20241017_060047-40.000000-45.000000.png,2024-10-17T00:00:47,2024-10-17T06:00:47,40.0,45.0,2024-10-17T03:00:47,42.5,10.2209936532221,78.9814941910257,NOISE,2024-10-17T03:00:47,42.5,10.2209936532221,78.9814941910257,NOISE,2024-10-17T03:00:47,42.5,10.2209936532221,78.9814941910257,NOISE,2024-10-17T03:00:47,42.5,10.2209936532221,78.9814941910257,NOISE
2026-03-04T11:03:38.807947,Map-Energy__sum__linear-conv00650-20241017_000047-20241017_060047-45.000000-49.900000.png,2024-10-17T00:00:47,2024-10-17T06:00:47,45.0,49.9,2024-10-17T03:00:47,47.45,10.0532262506808,78.9644950928927,NOISE,2024-10-17T03:00:47,47.45,10.0532262506808,78.9644950928927,NOISE,2024-10-17T03:00:47,47.45,10.0532262506808,78.9644950928927,NOISE,2024-10-17T03:00:47,47.45,10.0532262506808,78.9644950928927,NOISE
2026-03-04T09:39:12.065067,Map-Energy__sum__linear-conv00651-20241017_060047-20241017_120047-0.050000-5.000000.png,2024-10-17T06:00:47,2024-10-17T12:00:47,0.05,5.0,2024-10-17T09:00:47,2.525,11.9301635288236,78.9554869237935,NOISE,2024-10-17T09:00:47,2.525,11.9301635288236,78.9554869237935,NOISE,2024-10-17T09:00:47,2.525,11.9301635288236,78.9554869237935,NOISE,2024-10-17T09:00:47,2.525,11.9301635288236,78.9554869237935,NOISE
2026-03-04T10:02:54.800225,Map-Energy__sum__linear-conv00652-20241017_060047-20241017_120047-5.000000-10.000000.png,2024-10-17T06:00:47,2024-10-17T12:00:47,5.0,10.0,2024-10-17T09:00:47,7.5,11.7898272340434,78.9877048432448,NOISE,2024-10-17T09:00:47,7.5,11.7898272340434,78.9877048432448,NOISE,2024-10-17T09:00:47,7.5,11.7898272340434,78.9877048432448,NOISE,2024-10-17T09:00:47,7.5,11.7898272340434,78.9877048432448,NOISE
2026-03-04T10:09:41.328931,Map-Energy__sum__linear-conv00653-20241017_060047-20241017_120047-10.000000-15.000000.png,2024-10-17T06:00:47,2024-10-17T12:00:47,10.0,15.0,2024-10-17T09:00:47,12.5,11.5594114413877,78.9903276217732,NOISE,2024-10-17T09:00:47,12.5,11.5594114413877,78.9903276217732,NOISE,2024-10-17T09:00:47,12.5,11.5594114413877,78.9903276217732,NOISE,2024-10-17T09:00:47,12.5,11.5594114413877,78.9903276217732,NOISE
2026-03-04T10:18:03.752364,Map-Energy__sum__linear-conv00654-20241017_060047-20241017_120047-15.000000-20.000000.png,2024-10-17T06:00:47,2024-10-17T12:00:47,15.0,20.0,2024-10-17T09:00:47,17.5,11.3555231115476,79.0115662370871,NOISE,2024-10-17T09:00:47,17.5,11.3555231115476,79.0115662370871,NOISE,2024-10-17T09:00:47,17.5,11.3555231115476,79.0115662370871,NOISE,2024-10-17T09:00:47,17.5,11.3555231115476,79.0115662370871,NOISE
2026-03-04T10:33:54.840004,Map-Energy__sum__linear-conv00655-20241017_060047-20241017_120047-20.000000-25.000000.png,2024-10-17T06:00:47,2024-10-17T12:00:47,20.0,25.0,2024-10-17T09:00:47,22.5,11.1238434802504,79.0183136392333,NOISE,2024-10-17T09:00:47,22.5,11.1238434802504,79.0183136392333,NOISE,2024-10-17T09:00:47,22.5,11.1238434802504,79.0183136392333,NOISE,2024-10-17T09:00:47,22.5,11.1238434802504,79.0183136392333,NOISE
2026-03-04T10:43:34.127568,Map-Energy__sum__linear-conv00656-20241017_060047-20241017_120047-25.000000-30.000000.png,2024-10-17T06:00:47,2024-10-17T12:00:47,25.0,30.0,2024-10-17T09:00:47,27.5,10.889673808393,79.020806600637,NOISE,2024-10-17T09:00:47,27.5,10.889673808393,79.020806600637,NOISE,2024-10-17T09:00:47,27.5,10.889673808393,79.020806600637,NOISE,2024-10-17T09:00:47,27.5,10.889673808393,79.020806600637,NOISE
2026-03-04T10:48:58.918872,Map-Energy__sum__linear-conv00657-20241017_060047-20241017_120047-30.000000-35.000000.png,2024-10-17T06:00:47,2024-10-17T12:00:47,30.0,35.0,2024-10-17T09:00:47,32.5,10.6593790614908,79.0131989106931,NOISE,2024-10-17T09:00:47,32.5,10.6593790614908,79.0131989106931,NOISE,2024-10-17T09:00:47,32.5,10.6593790614908,79.0131989106931,NOISE,2024-10-17T09:00:47,32.5,10.6593790614908,79.0131989106931,NOISE
2026-03-04T10:53:30.286293,Map-Energy__sum__linear-conv00658-20241017_060047-20241017_120047-35.000000-40.000000.png,2024-10-17T06:00:47,2024-10-17T12:00:47,35.0,40.0,2024-10-17T09:00:47,37.5,10.437915725008,78.9984509925074,NOISE,2024-10-17T09:00:47,37.5,10.437915725008,78.9984509925074,NOISE,2024-10-17T09:00:47,37.5,10.437915725008,78.9984509925074,NOISE,2024-10-17T09:00:47,37.5,10.437915725008,78.9984509925074,NOISE
2026-03-04T10:59:11.350183,Map-Energy__sum__linear-conv00659-20241017_060047-20241017_120047-40.000000-45.000000.png,2024-10-17T06:00:47,2024-10-17T12:00:47,40.0,45.0,2024-10-17T09:00:47,42.5,10.2209936532221,78.9814941910257,NOISE,2024-10-17T09:00:47,42.5,10.2209936532221,78.9814941910257,NOISE,2024-10-17T09:00:47,42.5,10.2209936532221,78.9814941910257,NOISE,2024-10-17T09:00:47,42.5,10.2209936532221,78.9814941910257,NOISE
2026-03-04T11:03:40.038671,Map-Energy__sum__linear-conv00660-20241017_060047-20241017_120047-45.000000-49.900000.png,2024-10-17T06:00:47,2024-10-17T12:00:47,45.0,49.9,2024-10-17T09:00:47,47.45,10.0532262506808,78.9644950928927,NOISE,2024-10-17T09:00:47,47.45,10.0532262506808,78.9644950928927,NOISE,2024-10-17T09:00:47,47.45,10.0532262506808,78.9644950928927,NOISE,2024-10-17T09:00:47,47.45,10.0532262506808,78.9644950928927,NOISE
2026-03-04T09:39:13.249587,Map-Energy__sum__linear-conv00661-20241017_120047-20241017_180047-0.050000-5.000000.png,2024-10-17T12:00:47,2024-10-17T18:00:47,0.05,5.0,2024-10-17T15:00:47,2.525,11.9301635288236,78.9554869237935,NOISE,2024-10-17T15:00:47,2.525,11.9301635288236,78.9554869237935,NOISE,2024-10-17T15:00:47,2.525,11.9301635288236,78.9554869237935,NOISE,2024-10-17T15:00:47,2.525,11.9301635288236,78.9554869237935,NOISE
2026-03-04T10:02:55.728879,Map-Energy__sum__linear-conv00662-20241017_120047-20241017_180047-5.000000-10.000000.png,2024-10-17T12:00:47,2024-10-17T18:00:47,5.0,10.0,2024-10-17T15:00:47,7.5,11.7898272340434,78.9877048432448,NOISE,2024-10-17T15:00:47,7.5,11.7898272340434,78.9877048432448,NOISE,2024-10-17T15:00:47,7.5,11.7898272340434,78.9877048432448,NOISE,2024-10-17T15:00:47,7.5,11.7898272340434,78.9877048432448,NOISE
2026-03-04T10:09:42.577088,Map-Energy__sum__linear-conv00663-20241017_120047-20241017_180047-10.000000-15.000000.png,2024-10-17T12:00:47,2024-10-17T18:00:47,10.0,15.0,2024-10-17T15:00:47,12.5,11.5594114413877,78.9903276217732,NOISE,2024-10-17T15:00:47,12.5,11.5594114413877,78.9903276217732,NOISE,2024-10-17T15:00:47,12.5,11.5594114413877,78.9903276217732,NOISE,2024-10-17T15:00:47,12.5,11.5594114413877,78.9903276217732,NOISE
2026-03-04T10:18:09.263806,Map-Energy__sum__linear-conv00664-20241017_120047-20241017_180047-15.000000-20.000000.png,2024-10-17T12:00:47,2024-10-17T18:00:47,15.0,20.0,2024-10-17T15:00:47,17.5,11.3555231115476,79.0115662370871,NOISE,2024-10-17T15:00:47,17.5,11.3555231115476,79.0115662370871,NOISE,2024-10-17T15:00:47,17.5,11.3555231115476,79.0115662370871,NOISE,2024-10-17T15:00:47,17.5,11.3555231115476,79.0115662370871,NOISE
2026-03-04T10:33:56.479794,Map-Energy__sum__linear-conv00665-20241017_120047-20241017_180047-20.000000-25.000000.png,2024-10-17T12:00:47,2024-10-17T18:00:47,20.0,25.0,2024-10-17T15:00:47,22.5,11.1238434802504,79.0183136392333,NOISE,2024-10-17T15:00:47,22.5,11.1238434802504,79.0183136392333,NOISE,2024-10-17T15:00:47,22.5,11.1238434802504,79.0183136392333,NOISE,2024-10-17T15:00:47,22.5,11.1238434802504,79.0183136392333,NOISE
2026-03-04T10:43:35.519122,Map-Energy__sum__linear-conv00666-20241017_120047-20241017_180047-25.000000-30.000000.png,2024-10-17T12:00:47,2024-10-17T18:00:47,25.0,30.0,2024-10-17T15:00:47,27.5,10.889673808393,79.020806600637,NOISE,2024-10-17T15:00:47,27.5,10.889673808393,79.020806600637,NOISE,2024-10-17T15:00:47,27.5,10.889673808393,79.020806600637,NOISE,2024-10-17T15:00:47,27.5,10.889673808393,79.020806600637,NOISE
2026-03-04T10:48:59.919193,Map-Energy__sum__linear-conv00667-20241017_120047-20241017_180047-30.000000-35.000000.png,2024-10-17T12:00:47,2024-10-17T18:00:47,30.0,35.0,2024-10-17T15:00:47,32.5,10.6593790614908,79.0131989106931,NOISE,2024-10-17T15:00:47,32.5,10.6593790614908,79.0131989106931,NOISE,2024-10-17T15:00:47,32.5,10.6593790614908,79.0131989106931,NOISE,2024-10-17T15:00:47,32.5,10.6593790614908,79.0131989106931,NOISE
2026-03-04T10:53:32.607058,Map-Energy__sum__linear-conv00668-20241017_120047-20241017_180047-35.000000-40.000000.png,2024-10-17T12:00:47,2024-10-17T18:00:47,35.0,40.0,2024-10-17T15:00:47,37.5,10.437915725008,78.9984509925074,NOISE,2024-10-17T15:00:47,37.5,10.437915725008,78.9984509925074,NOISE,2024-10-17T15:00:47,37.5,10.437915725008,78.9984509925074,NOISE,2024-10-17T15:00:47,37.5,10.437915725008,78.9984509925074,NOISE
2026-03-04T10:59:12.422674,Map-Energy__sum__linear-conv00669-20241017_120047-20241017_180047-40.000000-45.000000.png,2024-10-17T12:00:47,2024-10-17T18:00:47,40.0,45.0,2024-10-17T15:00:47,42.5,10.2209936532221,78.9814941910257,NOISE,2024-10-17T15:00:47,42.5,10.2209936532221,78.9814941910257,NOISE,2024-10-17T15:00:47,42.5,10.2209936532221,78.9814941910257,NOISE,2024-10-17T15:00:47,42.5,10.2209936532221,78.9814941910257,NOISE
2026-03-04T11:03:41.494948,Map-Energy__sum__linear-conv00670-20241017_120047-20241017_180047-45.000000-49.900000.png,2024-10-17T12:00:47,2024-10-17T18:00:47,45.0,49.9,2024-10-17T15:00:47,47.45,10.0532262506808,78.9644950928927,NOISE,2024-10-17T15:00:47,47.45,10.0532262506808,78.9644950928927,NOISE,2024-10-17T15:00:47,47.45,10.0532262506808,78.9644950928927,NOISE,2024-10-17T15:00:47,47.45,10.0532262506808,78.9644950928927,NOISE
2026-03-04T09:39:14.249678,Map-Energy__sum__linear-conv00671-20241017_180047-20241018_000047-0.050000-5.000000.png,2024-10-17T18:00:47,2024-10-18T00:00:47,0.05,5.0,2024-10-17T21:00:47,2.525,11.9301635288236,78.9554869237935,NOISE,2024-10-17T21:00:47,2.525,11.9301635288236,78.9554869237935,NOISE,2024-10-17T21:00:47,2.525,11.9301635288236,78.9554869237935,NOISE,2024-10-17T21:00:47,2.525,11.9301635288236,78.9554869237935,NOISE
2026-03-04T10:02:56.929045,Map-Energy__sum__linear-conv00672-20241017_180047-20241018_000047-5.000000-10.000000.png,2024-10-17T18:00:47,2024-10-18T00:00:47,5.0,10.0,2024-10-17T21:00:47,7.5,11.7898272340434,78.9877048432448,NOISE,2024-10-17T21:00:47,7.5,11.7898272340434,78.9877048432448,NOISE,2024-10-17T21:00:47,7.5,11.7898272340434,78.9877048432448,NOISE,2024-10-17T21:00:47,7.5,11.7898272340434,78.9877048432448,NOISE
2026-03-04T10:09:43.688736,Map-Energy__sum__linear-conv00673-20241017_180047-20241018_000047-10.000000-15.000000.png,2024-10-17T18:00:47,2024-10-18T00:00:47,10.0,15.0,2024-10-17T21:00:47,12.5,11.5594114413877,78.9903276217732,NOISE,2024-10-17T21:00:47,12.5,11.5594114413877,78.9903276217732,NOISE,2024-10-17T21:00:47,12.5,11.5594114413877,78.9903276217732,NOISE,2024-10-17T21:00:47,12.5,11.5594114413877,78.9903276217732,NOISE
2026-03-04T10:18:15.416576,Map-Energy__sum__linear-conv00674-20241017_180047-20241018_000047-15.000000-20.000000.png,2024-10-17T18:00:47,2024-10-18T00:00:47,15.0,20.0,2024-10-17T21:00:47,17.5,11.3555231115476,79.0115662370871,NOISE,2024-10-17T21:00:47,17.5,11.3555231115476,79.0115662370871,NOISE,2024-10-17T21:00:47,17.5,11.3555231115476,79.0115662370871,NOISE,2024-10-17T21:00:47,17.5,11.3555231115476,79.0115662370871,NOISE
2026-03-04T10:33:58.095857,Map-Energy__sum__linear-conv00675-20241017_180047-20241018_000047-20.000000-25.000000.png,2024-10-17T18:00:47,2024-10-18T00:00:47,20.0,25.0,2024-10-17T21:00:47,22.5,11.1238434802504,79.0183136392333,NOISE,2024-10-17T21:00:47,22.5,11.1238434802504,79.0183136392333,NOISE,2024-10-17T21:00:47,22.5,11.1238434802504,79.0183136392333,NOISE,2024-10-17T21:00:47,22.5,11.1238434802504,79.0183136392333,NOISE
2026-03-04T10:43:37.142821,Map-Energy__sum__linear-conv00676-20241017_180047-20241018_000047-25.000000-30.000000.png,2024-10-17T18:00:47,2024-10-18T00:00:47,25.0,30.0,2024-10-17T21:00:47,27.5,10.889673808393,79.020806600637,NOISE,2024-10-17T21:00:47,27.5,10.889673808393,79.020806600637,NOISE,2024-10-17T21:00:47,27.5,10.889673808393,79.020806600637,NOISE,2024-10-17T21:00:47,27.5,10.889673808393,79.020806600637,NOISE
2026-03-04T10:49:01.063092,Map-Energy__sum__linear-conv00677-20241017_180047-20241018_000047-30.000000-35.000000.png,2024-10-17T18:00:47,2024-10-18T00:00:47,30.0,35.0,2024-10-17T21:00:47,32.5,10.6593790614908,79.0131989106931,NOISE,2024-10-17T21:00:47,32.5,10.6593790614908,79.0131989106931,NOISE,2024-10-17T21:00:47,32.5,10.6593790614908,79.0131989106931,NOISE,2024-10-17T21:00:47,32.5,10.6593790614908,79.0131989106931,NOISE
2026-03-04T10:53:39.023031,Map-Energy__sum__linear-conv00678-20241017_180047-20241018_000047-35.000000-40.000000.png,2024-10-17T18:00:47,2024-10-18T00:00:47,35.0,40.0,2024-10-17T21:00:47,37.5,10.437915725008,78.9984509925074,NOISE,2024-10-17T21:00:47,37.5,10.437915725008,78.9984509925074,NOISE,2024-10-17T21:00:47,37.5,10.437915725008,78.9984509925074,NOISE,2024-10-17T21:00:47,37.5,10.437915725008,78.9984509925074,NOISE
2026-03-04T10:59:13.671110,Map-Energy__sum__linear-conv00679-20241017_180047-20241018_000047-40.000000-45.000000.png,2024-10-17T18:00:47,2024-10-18T00:00:47,40.0,45.0,2024-10-17T21:00:47,42.5,10.2209936532221,78.9814941910257,NOISE,2024-10-17T21:00:47,42.5,10.2209936532221,78.9814941910257,NOISE,2024-10-17T21:00:47,42.5,10.2209936532221,78.9814941910257,NOISE,2024-10-17T21:00:47,42.5,10.2209936532221,78.9814941910257,NOISE
2026-03-04T11:03:42.504871,Map-Energy__sum__linear-conv00680-20241017_180047-20241018_000047-45.000000-49.900000.png,2024-10-17T18:00:47,2024-10-18T00:00:47,45.0,49.9,2024-10-17T21:00:47,47.45,10.0532262506808,78.9644950928927,NOISE,2024-10-17T21:00:47,47.45,10.0532262506808,78.9644950928927,NOISE,2024-10-17T21:00:47,47.45,10.0532262506808,78.9644950928927,NOISE,2024-10-17T21:00:47,47.45,10.0532262506808,78.9644950928927,NOISE
2026-03-04T09:39:24.793524,Map-Energy__sum__linear-conv00681-20241018_000047-20241018_060047-0.050000-5.000000.png,2024-10-18T00:00:47,2024-10-18T06:00:47,0.05,5.0,2024-10-18T01:13:02,0.850945,11.9050486852261,78.9438524693371,OTHER,2024-10-18T05:25:03,0.882236,11.9062858888846,78.9439512468376,OTHER,2024-10-18T03:00:47,2.525,11.9301635288236,78.9554869237935,NOISE,2024-10-18T03:00:47,2.525,11.9301635288236,78.9554869237935,NOISE
2026-03-04T10:02:58.265151,Map-Energy__sum__linear-conv00682-20241018_000047-20241018_060047-5.000000-10.000000.png,2024-10-18T00:00:47,2024-10-18T06:00:47,5.0,10.0,2024-10-18T03:00:47,7.5,11.7898272340434,78.9877048432448,NOISE,2024-10-18T03:00:47,7.5,11.7898272340434,78.9877048432448,NOISE,2024-10-18T03:00:47,7.5,11.7898272340434,78.9877048432448,NOISE,2024-10-18T03:00:47,7.5,11.7898272340434,78.9877048432448,NOISE
2026-03-04T10:09:45.112555,Map-Energy__sum__linear-conv00683-20241018_000047-20241018_060047-10.000000-15.000000.png,2024-10-18T00:00:47,2024-10-18T06:00:47,10.0,15.0,2024-10-18T03:00:47,12.5,11.5594114413877,78.9903276217732,NOISE,2024-10-18T03:00:47,12.5,11.5594114413877,78.9903276217732,NOISE,2024-10-18T03:00:47,12.5,11.5594114413877,78.9903276217732,NOISE,2024-10-18T03:00:47,12.5,11.5594114413877,78.9903276217732,NOISE
2026-03-04T10:18:18.176732,Map-Energy__sum__linear-conv00684-20241018_000047-20241018_060047-15.000000-20.000000.png,2024-10-18T00:00:47,2024-10-18T06:00:47,15.0,20.0,2024-10-18T03:00:47,17.5,11.3555231115476,79.0115662370871,NOISE,2024-10-18T03:00:47,17.5,11.3555231115476,79.0115662370871,NOISE,2024-10-18T03:00:47,17.5,11.3555231115476,79.0115662370871,NOISE,2024-10-18T03:00:47,17.5,11.3555231115476,79.0115662370871,NOISE
2026-03-04T10:34:04.879674,Map-Energy__sum__linear-conv00685-20241018_000047-20241018_060047-20.000000-25.000000.png,2024-10-18T00:00:47,2024-10-18T06:00:47,20.0,25.0,2024-10-18T03:00:47,22.5,11.1238434802504,79.0183136392333,NOISE,2024-10-18T03:00:47,22.5,11.1238434802504,79.0183136392333,NOISE,2024-10-18T03:00:47,22.5,11.1238434802504,79.0183136392333,NOISE,2024-10-18T03:00:47,22.5,11.1238434802504,79.0183136392333,NOISE
2026-03-04T10:43:39.128282,Map-Energy__sum__linear-conv00686-20241018_000047-20241018_060047-25.000000-30.000000.png,2024-10-18T00:00:47,2024-10-18T06:00:47,25.0,30.0,2024-10-18T03:00:47,27.5,10.889673808393,79.020806600637,NOISE,2024-10-18T03:00:47,27.5,10.889673808393,79.020806600637,NOISE,2024-10-18T03:00:47,27.5,10.889673808393,79.020806600637,NOISE,2024-10-18T03:00:47,27.5,10.889673808393,79.020806600637,NOISE
2026-03-04T10:49:02.487371,Map-Energy__sum__linear-conv00687-20241018_000047-20241018_060047-30.000000-35.000000.png,2024-10-18T00:00:47,2024-10-18T06:00:47,30.0,35.0,2024-10-18T03:00:47,32.5,10.6593790614908,79.0131989106931,NOISE,2024-10-18T03:00:47,32.5,10.6593790614908,79.0131989106931,NOISE,2024-10-18T03:00:47,32.5,10.6593790614908,79.0131989106931,NOISE,2024-10-18T03:00:47,32.5,10.6593790614908,79.0131989106931,NOISE
2026-03-04T10:53:40.454621,Map-Energy__sum__linear-conv00688-20241018_000047-20241018_060047-35.000000-40.000000.png,2024-10-18T00:00:47,2024-10-18T06:00:47,35.0,40.0,2024-10-18T03:00:47,37.5,10.437915725008,78.9984509925074,NOISE,2024-10-18T03:00:47,37.5,10.437915725008,78.9984509925074,NOISE,2024-10-18T03:00:47,37.5,10.437915725008,78.9984509925074,NOISE,2024-10-18T03:00:47,37.5,10.437915725008,78.9984509925074,NOISE
2026-03-04T10:59:14.814250,Map-Energy__sum__linear-conv00689-20241018_000047-20241018_060047-40.000000-45.000000.png,2024-10-18T00:00:47,2024-10-18T06:00:47,40.0,45.0,2024-10-18T03:00:47,42.5,10.2209936532221,78.9814941910257,NOISE,2024-10-18T03:00:47,42.5,10.2209936532221,78.9814941910257,NOISE,2024-10-18T03:00:47,42.5,10.2209936532221,78.9814941910257,NOISE,2024-10-18T03:00:47,42.5,10.2209936532221,78.9814941910257,NOISE
2026-03-04T11:03:43.462664,Map-Energy__sum__linear-conv00690-20241018_000047-20241018_060047-45.000000-49.900000.png,2024-10-18T00:00:47,2024-10-18T06:00:47,45.0,49.9,2024-10-18T03:00:47,47.45,10.0532262506808,78.9644950928927,NOISE,2024-10-18T03:00:47,47.45,10.0532262506808,78.9644950928927,NOISE,2024-10-18T03:00:47,47.45,10.0532262506808,78.9644950928927,NOISE,2024-10-18T03:00:47,47.45,10.0532262506808,78.9644950928927,NOISE
2026-03-04T09:39:27.681606,Map-Energy__sum__linear-conv00691-20241018_060047-20241018_120047-0.050000-5.000000.png,2024-10-18T06:00:47,2024-10-18T12:00:47,0.05,5.0,2024-10-18T09:00:47,2.525,11.9301635288236,78.9554869237935,NOISE,2024-10-18T09:00:47,2.525,11.9301635288236,78.9554869237935,NOISE,2024-10-18T09:00:47,2.525,11.9301635288236,78.9554869237935,NOISE,2024-10-18T09:00:47,2.525,11.9301635288236,78.9554869237935,NOISE
2026-03-04T10:02:59.577092,Map-Energy__sum__linear-conv00692-20241018_060047-20241018_120047-5.000000-10.000000.png,2024-10-18T06:00:47,2024-10-18T12:00:47,5.0,10.0,2024-10-18T09:00:47,7.5,11.7898272340434,78.9877048432448,NOISE,2024-10-18T09:00:47,7.5,11.7898272340434,78.9877048432448,NOISE,2024-10-18T09:00:47,7.5,11.7898272340434,78.9877048432448,NOISE,2024-10-18T09:00:47,7.5,11.7898272340434,78.9877048432448,NOISE
2026-03-04T10:09:46.320649,Map-Energy__sum__linear-conv00693-20241018_060047-20241018_120047-10.000000-15.000000.png,2024-10-18T06:00:47,2024-10-18T12:00:47,10.0,15.0,2024-10-18T09:00:47,12.5,11.5594114413877,78.9903276217732,NOISE,2024-10-18T09:00:47,12.5,11.5594114413877,78.9903276217732,NOISE,2024-10-18T09:00:47,12.5,11.5594114413877,78.9903276217732,NOISE,2024-10-18T09:00:47,12.5,11.5594114413877,78.9903276217732,NOISE
2026-03-04T10:18:22.584307,Map-Energy__sum__linear-conv00694-20241018_060047-20241018_120047-15.000000-20.000000.png,2024-10-18T06:00:47,2024-10-18T12:00:47,15.0,20.0,2024-10-18T09:00:47,17.5,11.3555231115476,79.0115662370871,NOISE,2024-10-18T09:00:47,17.5,11.3555231115476,79.0115662370871,NOISE,2024-10-18T09:00:47,17.5,11.3555231115476,79.0115662370871,NOISE,2024-10-18T09:00:47,17.5,11.3555231115476,79.0115662370871,NOISE
2026-03-04T10:34:10.831916,Map-Energy__sum__linear-conv00695-20241018_060047-20241018_120047-20.000000-25.000000.png,2024-10-18T06:00:47,2024-10-18T12:00:47,20.0,25.0,2024-10-18T09:00:47,22.5,11.1238434802504,79.0183136392333,NOISE,2024-10-18T09:00:47,22.5,11.1238434802504,79.0183136392333,NOISE,2024-10-18T09:00:47,22.5,11.1238434802504,79.0183136392333,NOISE,2024-10-18T09:00:47,22.5,11.1238434802504,79.0183136392333,NOISE
2026-03-04T10:43:40.231414,Map-Energy__sum__linear-conv00696-20241018_060047-20241018_120047-25.000000-30.000000.png,2024-10-18T06:00:47,2024-10-18T12:00:47,25.0,30.0,2024-10-18T09:00:47,27.5,10.889673808393,79.020806600637,NOISE,2024-10-18T09:00:47,27.5,10.889673808393,79.020806600637,NOISE,2024-10-18T09:00:47,27.5,10.889673808393,79.020806600637,NOISE,2024-10-18T09:00:47,27.5,10.889673808393,79.020806600637,NOISE
2026-03-04T10:49:03.686949,Map-Energy__sum__linear-conv00697-20241018_060047-20241018_120047-30.000000-35.000000.png,2024-10-18T06:00:47,2024-10-18T12:00:47,30.0,35.0,2024-10-18T09:00:47,32.5,10.6593790614908,79.0131989106931,NOISE,2024-10-18T09:00:47,32.5,10.6593790614908,79.0131989106931,NOISE,2024-10-18T09:00:47,32.5,10.6593790614908,79.0131989106931,NOISE,2024-10-18T09:00:47,32.5,10.6593790614908,79.0131989106931,NOISE
2026-03-04T10:53:41.934619,Map-Energy__sum__linear-conv00698-20241018_060047-20241018_120047-35.000000-40.000000.png,2024-10-18T06:00:47,2024-10-18T12:00:47,35.0,40.0,2024-10-18T09:00:47,37.5,10.437915725008,78.9984509925074,NOISE,2024-10-18T09:00:47,37.5,10.437915725008,78.9984509925074,NOISE,2024-10-18T09:00:47,37.5,10.437915725008,78.9984509925074,NOISE,2024-10-18T09:00:47,37.5,10.437915725008,78.9984509925074,NOISE
2026-03-04T10:59:15.879279,Map-Energy__sum__linear-conv00699-20241018_060047-20241018_120047-40.000000-45.000000.png,2024-10-18T06:00:47,2024-10-18T12:00:47,40.0,45.0,2024-10-18T09:00:47,42.5,10.2209936532221,78.9814941910257,NOISE,2024-10-18T09:00:47,42.5,10.2209936532221,78.9814941910257,NOISE,2024-10-18T09:00:47,42.5,10.2209936532221,78.9814941910257,NOISE,2024-10-18T09:00:47,42.5,10.2209936532221,78.9814941910257,NOISE
2026-03-04T11:03:44.414951,Map-Energy__sum__linear-conv00700-20241018_060047-20241018_120047-45.000000-49.900000.png,2024-10-18T06:00:47,2024-10-18T12:00:47,45.0,49.9,2024-10-18T09:00:47,47.45,10.0532262506808,78.9644950928927,NOISE,2024-10-18T09:00:47,47.45,10.0532262506808,78.9644950928927,NOISE,2024-10-18T09:00:47,47.45,10.0532262506808,78.9644950928927,NOISE,2024-10-18T09:00:47,47.45,10.0532262506808,78.9644950928927,NOISE
2026-03-04T09:39:30.881372,Map-Energy__sum__linear-conv00701-20241018_120047-20241018_180047-0.050000-5.000000.png,2024-10-18T12:00:47,2024-10-18T18:00:47,0.05,5.0,2024-10-18T15:00:47,2.525,11.9301635288236,78.9554869237935,NOISE,2024-10-18T15:00:47,2.525,11.9301635288236,78.9554869237935,NOISE,2024-10-18T15:00:47,2.525,11.9301635288236,78.9554869237935,NOISE,2024-10-18T15:00:47,2.525,11.9301635288236,78.9554869237935,NOISE
2026-03-04T10:03:00.945083,Map-Energy__sum__linear-conv00702-20241018_120047-20241018_180047-5.000000-10.000000.png,2024-10-18T12:00:47,2024-10-18T18:00:47,5.0,10.0,2024-10-18T15:00:47,7.5,11.7898272340434,78.9877048432448,NOISE,2024-10-18T15:00:47,7.5,11.7898272340434,78.9877048432448,NOISE,2024-10-18T15:00:47,7.5,11.7898272340434,78.9877048432448,NOISE,2024-10-18T15:00:47,7.5,11.7898272340434,78.9877048432448,NOISE
2026-03-04T10:10:17.032996,Map-Energy__sum__linear-conv00703-20241018_120047-20241018_180047-10.000000-15.000000.png,2024-10-18T12:00:47,2024-10-18T18:00:47,10.0,15.0,2024-10-18T15:00:47,12.5,11.5594114413877,78.9903276217732,NOISE,2024-10-18T15:00:47,12.5,11.5594114413877,78.9903276217732,NOISE,2024-10-18T15:00:47,12.5,11.5594114413877,78.9903276217732,NOISE,2024-10-18T15:00:47,12.5,11.5594114413877,78.9903276217732,NOISE
2026-03-04T10:18:43.576290,Map-Energy__sum__linear-conv00704-20241018_120047-20241018_180047-15.000000-20.000000.png,2024-10-18T12:00:47,2024-10-18T18:00:47,15.0,20.0,2024-10-18T15:00:47,17.5,11.3555231115476,79.0115662370871,NOISE,2024-10-18T15:00:47,17.5,11.3555231115476,79.0115662370871,NOISE,2024-10-18T15:00:47,17.5,11.3555231115476,79.0115662370871,NOISE,2024-10-18T15:00:47,17.5,11.3555231115476,79.0115662370871,NOISE
2026-03-04T10:34:22.143143,Map-Energy__sum__linear-conv00705-20241018_120047-20241018_180047-20.000000-25.000000.png,2024-10-18T12:00:47,2024-10-18T18:00:47,20.0,25.0,2024-10-18T15:00:47,22.5,11.1238434802504,79.0183136392333,NOISE,2024-10-18T15:00:47,22.5,11.1238434802504,79.0183136392333,NOISE,2024-10-18T15:00:47,22.5,11.1238434802504,79.0183136392333,NOISE,2024-10-18T15:00:47,22.5,11.1238434802504,79.0183136392333,NOISE
2026-03-04T10:43:42.711423,Map-Energy__sum__linear-conv00706-20241018_120047-20241018_180047-25.000000-30.000000.png,2024-10-18T12:00:47,2024-10-18T18:00:47,25.0,30.0,2024-10-18T15:00:47,27.5,10.889673808393,79.020806600637,NOISE,2024-10-18T15:00:47,27.5,10.889673808393,79.020806600637,NOISE,2024-10-18T15:00:47,27.5,10.889673808393,79.020806600637,NOISE,2024-10-18T15:00:47,27.5,10.889673808393,79.020806600637,NOISE
2026-03-04T10:49:04.607084,Map-Energy__sum__linear-conv00707-20241018_120047-20241018_180047-30.000000-35.000000.png,2024-10-18T12:00:47,2024-10-18T18:00:47,30.0,35.0,2024-10-18T15:00:47,32.5,10.6593790614908,79.0131989106931,NOISE,2024-10-18T15:00:47,32.5,10.6593790614908,79.0131989106931,NOISE,2024-10-18T15:00:47,32.5,10.6593790614908,79.0131989106931,NOISE,2024-10-18T15:00:47,32.5,10.6593790614908,79.0131989106931,NOISE
2026-03-04T10:53:43.399175,Map-Energy__sum__linear-conv00708-20241018_120047-20241018_180047-35.000000-40.000000.png,2024-10-18T12:00:47,2024-10-18T18:00:47,35.0,40.0,2024-10-18T15:00:47,37.5,10.437915725008,78.9984509925074,NOISE,2024-10-18T15:00:47,37.5,10.437915725008,78.9984509925074,NOISE,2024-10-18T15:00:47,37.5,10.437915725008,78.9984509925074,NOISE,2024-10-18T15:00:47,37.5,10.437915725008,78.9984509925074,NOISE
2026-03-04T10:59:16.942832,Map-Energy__sum__linear-conv00709-20241018_120047-20241018_180047-40.000000-45.000000.png,2024-10-18T12:00:47,2024-10-18T18:00:47,40.0,45.0,2024-10-18T15:00:47,42.5,10.2209936532221,78.9814941910257,NOISE,2024-10-18T15:00:47,42.5,10.2209936532221,78.9814941910257,NOISE,2024-10-18T15:00:47,42.5,10.2209936532221,78.9814941910257,NOISE,2024-10-18T15:00:47,42.5,10.2209936532221,78.9814941910257,NOISE
2026-03-04T11:03:45.446662,Map-Energy__sum__linear-conv00710-20241018_120047-20241018_180047-45.000000-49.900000.png,2024-10-18T12:00:47,2024-10-18T18:00:47,45.0,49.9,2024-10-18T15:00:47,47.45,10.0532262506808,78.9644950928927,NOISE,2024-10-18T15:00:47,47.45,10.0532262506808,78.9644950928927,NOISE,2024-10-18T15:00:47,47.45,10.0532262506808,78.9644950928927,NOISE,2024-10-18T15:00:47,47.45,10.0532262506808,78.9644950928927,NOISE
2026-03-04T09:39:32.697514,Map-Energy__sum__linear-conv00711-20241018_180047-20241019_000047-0.050000-5.000000.png,2024-10-18T18:00:47,2024-10-19T00:00:47,0.05,5.0,2024-10-18T21:00:47,2.525,11.9301635288236,78.9554869237935,NOISE,2024-10-18T21:00:47,2.525,11.9301635288236,78.9554869237935,NOISE,2024-10-18T21:00:47,2.525,11.9301635288236,78.9554869237935,NOISE,2024-10-18T21:00:47,2.525,11.9301635288236,78.9554869237935,NOISE
2026-03-04T10:03:02.289239,Map-Energy__sum__linear-conv00712-20241018_180047-20241019_000047-5.000000-10.000000.png,2024-10-18T18:00:47,2024-10-19T00:00:47,5.0,10.0,2024-10-18T21:00:47,7.5,11.7898272340434,78.9877048432448,NOISE,2024-10-18T21:00:47,7.5,11.7898272340434,78.9877048432448,NOISE,2024-10-18T21:00:47,7.5,11.7898272340434,78.9877048432448,NOISE,2024-10-18T21:00:47,7.5,11.7898272340434,78.9877048432448,NOISE
2026-03-04T10:10:18.664832,Map-Energy__sum__linear-conv00713-20241018_180047-20241019_000047-10.000000-15.000000.png,2024-10-18T18:00:47,2024-10-19T00:00:47,10.0,15.0,2024-10-18T21:00:47,12.5,11.5594114413877,78.9903276217732,NOISE,2024-10-18T21:00:47,12.5,11.5594114413877,78.9903276217732,NOISE,2024-10-18T21:00:47,12.5,11.5594114413877,78.9903276217732,NOISE,2024-10-18T21:00:47,12.5,11.5594114413877,78.9903276217732,NOISE
2026-03-04T10:18:48.768351,Map-Energy__sum__linear-conv00714-20241018_180047-20241019_000047-15.000000-20.000000.png,2024-10-18T18:00:47,2024-10-19T00:00:47,15.0,20.0,2024-10-18T21:00:47,17.5,11.3555231115476,79.0115662370871,NOISE,2024-10-18T21:00:47,17.5,11.3555231115476,79.0115662370871,NOISE,2024-10-18T21:00:47,17.5,11.3555231115476,79.0115662370871,NOISE,2024-10-18T21:00:47,17.5,11.3555231115476,79.0115662370871,NOISE
2026-03-04T10:34:22.991778,Map-Energy__sum__linear-conv00715-20241018_180047-20241019_000047-20.000000-25.000000.png,2024-10-18T18:00:47,2024-10-19T00:00:47,20.0,25.0,2024-10-18T21:00:47,22.5,11.1238434802504,79.0183136392333,NOISE,2024-10-18T21:00:47,22.5,11.1238434802504,79.0183136392333,NOISE,2024-10-18T21:00:47,22.5,11.1238434802504,79.0183136392333,NOISE,2024-10-18T21:00:47,22.5,11.1238434802504,79.0183136392333,NOISE
2026-03-04T10:43:45.311503,Map-Energy__sum__linear-conv00716-20241018_180047-20241019_000047-25.000000-30.000000.png,2024-10-18T18:00:47,2024-10-19T00:00:47,25.0,30.0,2024-10-18T21:00:47,27.5,10.889673808393,79.020806600637,NOISE,2024-10-18T21:00:47,27.5,10.889673808393,79.020806600637,NOISE,2024-10-18T21:00:47,27.5,10.889673808393,79.020806600637,NOISE,2024-10-18T21:00:47,27.5,10.889673808393,79.020806600637,NOISE
2026-03-04T10:49:05.559220,Map-Energy__sum__linear-conv00717-20241018_180047-20241019_000047-30.000000-35.000000.png,2024-10-18T18:00:47,2024-10-19T00:00:47,30.0,35.0,2024-10-18T21:00:47,32.5,10.6593790614908,79.0131989106931,NOISE,2024-10-18T21:00:47,32.5,10.6593790614908,79.0131989106931,NOISE,2024-10-18T21:00:47,32.5,10.6593790614908,79.0131989106931,NOISE,2024-10-18T21:00:47,32.5,10.6593790614908,79.0131989106931,NOISE
2026-03-04T10:53:44.607238,Map-Energy__sum__linear-conv00718-20241018_180047-20241019_000047-35.000000-40.000000.png,2024-10-18T18:00:47,2024-10-19T00:00:47,35.0,40.0,2024-10-18T21:00:47,37.5,10.437915725008,78.9984509925074,NOISE,2024-10-18T21:00:47,37.5,10.437915725008,78.9984509925074,NOISE,2024-10-18T21:00:47,37.5,10.437915725008,78.9984509925074,NOISE,2024-10-18T21:00:47,37.5,10.437915725008,78.9984509925074,NOISE
2026-03-04T10:59:17.958474,Map-Energy__sum__linear-conv00719-20241018_180047-20241019_000047-40.000000-45.000000.png,2024-10-18T18:00:47,2024-10-19T00:00:47,40.0,45.0,2024-10-18T21:00:47,42.5,10.2209936532221,78.9814941910257,NOISE,2024-10-18T21:00:47,42.5,10.2209936532221,78.9814941910257,NOISE,2024-10-18T21:00:47,42.5,10.2209936532221,78.9814941910257,NOISE,2024-10-18T21:00:47,42.5,10.2209936532221,78.9814941910257,NOISE
2026-03-04T11:03:46.469644,Map-Energy__sum__linear-conv00720-20241018_180047-20241019_000047-45.000000-49.900000.png,2024-10-18T18:00:47,2024-10-19T00:00:47,45.0,49.9,2024-10-18T21:00:47,47.45,10.0532262506808,78.9644950928927,NOISE,2024-10-18T21:00:47,47.45,10.0532262506808,78.9644950928927,NOISE,2024-10-18T21:00:47,47.45,10.0532262506808,78.9644950928927,NOISE,2024-10-18T21:00:47,47.45,10.0532262506808,78.9644950928927,NOISE
2026-03-04T09:39:34.049160,Map-Energy__sum__linear-conv00721-20241019_000047-20241019_060047-0.050000-5.000000.png,2024-10-19T00:00:47,2024-10-19T06:00:47,0.05,5.0,2024-10-19T03:00:47,2.525,11.9301635288236,78.9554869237935,NOISE,2024-10-19T03:00:47,2.525,11.9301635288236,78.9554869237935,NOISE,2024-10-19T03:00:47,2.525,11.9301635288236,78.9554869237935,NOISE,2024-10-19T03:00:47,2.525,11.9301635288236,78.9554869237935,NOISE
2026-03-04T10:03:03.528803,Map-Energy__sum__linear-conv00722-20241019_000047-20241019_060047-5.000000-10.000000.png,2024-10-19T00:00:47,2024-10-19T06:00:47,5.0,10.0,2024-10-19T03:00:47,7.5,11.7898272340434,78.9877048432448,NOISE,2024-10-19T03:00:47,7.5,11.7898272340434,78.9877048432448,NOISE,2024-10-19T03:00:47,7.5,11.7898272340434,78.9877048432448,NOISE,2024-10-19T03:00:47,7.5,11.7898272340434,78.9877048432448,NOISE
2026-03-04T10:10:20.424818,Map-Energy__sum__linear-conv00723-20241019_000047-20241019_060047-10.000000-15.000000.png,2024-10-19T00:00:47,2024-10-19T06:00:47,10.0,15.0,2024-10-19T03:00:47,12.5,11.5594114413877,78.9903276217732,NOISE,2024-10-19T03:00:47,12.5,11.5594114413877,78.9903276217732,NOISE,2024-10-19T03:00:47,12.5,11.5594114413877,78.9903276217732,NOISE,2024-10-19T03:00:47,12.5,11.5594114413877,78.9903276217732,NOISE
2026-03-04T10:18:52.904278,Map-Energy__sum__linear-conv00724-20241019_000047-20241019_060047-15.000000-20.000000.png,2024-10-19T00:00:47,2024-10-19T06:00:47,15.0,20.0,2024-10-19T03:00:47,17.5,11.3555231115476,79.0115662370871,NOISE,2024-10-19T03:00:47,17.5,11.3555231115476,79.0115662370871,NOISE,2024-10-19T03:00:47,17.5,11.3555231115476,79.0115662370871,NOISE,2024-10-19T03:00:47,17.5,11.3555231115476,79.0115662370871,NOISE
2026-03-04T10:34:25.392050,Map-Energy__sum__linear-conv00725-20241019_000047-20241019_060047-20.000000-25.000000.png,2024-10-19T00:00:47,2024-10-19T06:00:47,20.0,25.0,2024-10-19T03:00:47,22.5,11.1238434802504,79.0183136392333,NOISE,2024-10-19T03:00:47,22.5,11.1238434802504,79.0183136392333,NOISE,2024-10-19T03:00:47,22.5,11.1238434802504,79.0183136392333,NOISE,2024-10-19T03:00:47,22.5,11.1238434802504,79.0183136392333,NOISE
2026-03-04T10:43:54.175247,Map-Energy__sum__linear-conv00726-20241019_000047-20241019_060047-25.000000-30.000000.png,2024-10-19T00:00:47,2024-10-19T06:00:47,25.0,30.0,2024-10-19T03:00:47,27.5,10.889673808393,79.020806600637,NOISE,2024-10-19T03:00:47,27.5,10.889673808393,79.020806600637,NOISE,2024-10-19T03:00:47,27.5,10.889673808393,79.020806600637,NOISE,2024-10-19T03:00:47,27.5,10.889673808393,79.020806600637,NOISE
2026-03-04T10:49:06.695470,Map-Energy__sum__linear-conv00727-20241019_000047-20241019_060047-30.000000-35.000000.png,2024-10-19T00:00:47,2024-10-19T06:00:47,30.0,35.0,2024-10-19T03:00:47,32.5,10.6593790614908,79.0131989106931,NOISE,2024-10-19T03:00:47,32.5,10.6593790614908,79.0131989106931,NOISE,2024-10-19T03:00:47,32.5,10.6593790614908,79.0131989106931,NOISE,2024-10-19T03:00:47,32.5,10.6593790614908,79.0131989106931,NOISE
2026-03-04T10:53:45.887043,Map-Energy__sum__linear-conv00728-20241019_000047-20241019_060047-35.000000-40.000000.png,2024-10-19T00:00:47,2024-10-19T06:00:47,35.0,40.0,2024-10-19T03:00:47,37.5,10.437915725008,78.9984509925074,NOISE,2024-10-19T03:00:47,37.5,10.437915725008,78.9984509925074,NOISE,2024-10-19T03:00:47,37.5,10.437915725008,78.9984509925074,NOISE,2024-10-19T03:00:47,37.5,10.437915725008,78.9984509925074,NOISE
2026-03-04T10:59:24.086834,Map-Energy__sum__linear-conv00729-20241019_000047-20241019_060047-40.000000-45.000000.png,2024-10-19T00:00:47,2024-10-19T06:00:47,40.0,45.0,2024-10-19T03:00:47,42.5,10.2209936532221,78.9814941910257,NOISE,2024-10-19T03:00:47,42.5,10.2209936532221,78.9814941910257,NOISE,2024-10-19T03:00:47,42.5,10.2209936532221,78.9814941910257,NOISE,2024-10-19T03:00:47,42.5,10.2209936532221,78.9814941910257,NOISE
2026-03-04T11:03:47.726307,Map-Energy__sum__linear-conv00730-20241019_000047-20241019_060047-45.000000-49.900000.png,2024-10-19T00:00:47,2024-10-19T06:00:47,45.0,49.9,2024-10-19T03:00:47,47.45,10.0532262506808,78.9644950928927,NOISE,2024-10-19T03:00:47,47.45,10.0532262506808,78.9644950928927,NOISE,2024-10-19T03:00:47,47.45,10.0532262506808,78.9644950928927,NOISE,2024-10-19T03:00:47,47.45,10.0532262506808,78.9644950928927,NOISE
2026-03-04T09:39:35.458167,Map-Energy__sum__linear-conv00731-20241019_060047-20241019_120047-0.050000-5.000000.png,2024-10-19T06:00:47,2024-10-19T12:00:47,0.05,5.0,2024-10-19T09:00:47,2.525,11.9301635288236,78.9554869237935,NOISE,2024-10-19T09:00:47,2.525,11.9301635288236,78.9554869237935,NOISE,2024-10-19T09:00:47,2.525,11.9301635288236,78.9554869237935,NOISE,2024-10-19T09:00:47,2.525,11.9301635288236,78.9554869237935,NOISE
2026-03-04T10:03:04.817117,Map-Energy__sum__linear-conv00732-20241019_060047-20241019_120047-5.000000-10.000000.png,2024-10-19T06:00:47,2024-10-19T12:00:47,5.0,10.0,2024-10-19T09:00:47,7.5,11.7898272340434,78.9877048432448,NOISE,2024-10-19T09:00:47,7.5,11.7898272340434,78.9877048432448,NOISE,2024-10-19T09:00:47,7.5,11.7898272340434,78.9877048432448,NOISE,2024-10-19T09:00:47,7.5,11.7898272340434,78.9877048432448,NOISE
2026-03-04T10:10:22.080504,Map-Energy__sum__linear-conv00733-20241019_060047-20241019_120047-10.000000-15.000000.png,2024-10-19T06:00:47,2024-10-19T12:00:47,10.0,15.0,2024-10-19T09:00:47,12.5,11.5594114413877,78.9903276217732,NOISE,2024-10-19T09:00:47,12.5,11.5594114413877,78.9903276217732,NOISE,2024-10-19T09:00:47,12.5,11.5594114413877,78.9903276217732,NOISE,2024-10-19T09:00:47,12.5,11.5594114413877,78.9903276217732,NOISE
2026-03-04T10:18:58.679762,Map-Energy__sum__linear-conv00734-20241019_060047-20241019_120047-15.000000-20.000000.png,2024-10-19T06:00:47,2024-10-19T12:00:47,15.0,20.0,2024-10-19T09:00:47,17.5,11.3555231115476,79.0115662370871,NOISE,2024-10-19T09:00:47,17.5,11.3555231115476,79.0115662370871,NOISE,2024-10-19T09:00:47,17.5,11.3555231115476,79.0115662370871,NOISE,2024-10-19T09:00:47,17.5,11.3555231115476,79.0115662370871,NOISE
2026-03-04T10:34:41.959767,Map-Energy__sum__linear-conv00735-20241019_060047-20241019_120047-20.000000-25.000000.png,2024-10-19T06:00:47,2024-10-19T12:00:47,20.0,25.0,2024-10-19T08:53:47,23.083649,11.0966785735329,79.0187389664007,OTHER,2024-10-19T09:00:47,22.5,11.1238434802504,79.0183136392333,NOISE,2024-10-19T09:00:47,22.5,11.1238434802504,79.0183136392333,NOISE,2024-10-19T09:00:47,22.5,11.1238434802504,79.0183136392333,NOISE
2026-03-04T10:43:55.614774,Map-Energy__sum__linear-conv00736-20241019_060047-20241019_120047-25.000000-30.000000.png,2024-10-19T06:00:47,2024-10-19T12:00:47,25.0,30.0,2024-10-19T09:00:47,27.5,10.889673808393,79.020806600637,NOISE,2024-10-19T09:00:47,27.5,10.889673808393,79.020806600637,NOISE,2024-10-19T09:00:47,27.5,10.889673808393,79.020806600637,NOISE,2024-10-19T09:00:47,27.5,10.889673808393,79.020806600637,NOISE
2026-03-04T10:49:08.743221,Map-Energy__sum__linear-conv00737-20241019_060047-20241019_120047-30.000000-35.000000.png,2024-10-19T06:00:47,2024-10-19T12:00:47,30.0,35.0,2024-10-19T09:00:47,32.5,10.6593790614908,79.0131989106931,NOISE,2024-10-19T09:00:47,32.5,10.6593790614908,79.0131989106931,NOISE,2024-10-19T09:00:47,32.5,10.6593790614908,79.0131989106931,NOISE,2024-10-19T09:00:47,32.5,10.6593790614908,79.0131989106931,NOISE
2026-03-04T10:53:47.183159,Map-Energy__sum__linear-conv00738-20241019_060047-20241019_120047-35.000000-40.000000.png,2024-10-19T06:00:47,2024-10-19T12:00:47,35.0,40.0,2024-10-19T09:00:47,37.5,10.437915725008,78.9984509925074,NOISE,2024-10-19T09:00:47,37.5,10.437915725008,78.9984509925074,NOISE,2024-10-19T09:00:47,37.5,10.437915725008,78.9984509925074,NOISE,2024-10-19T09:00:47,37.5,10.437915725008,78.9984509925074,NOISE
2026-03-04T10:59:25.046445,Map-Energy__sum__linear-conv00739-20241019_060047-20241019_120047-40.000000-45.000000.png,2024-10-19T06:00:47,2024-10-19T12:00:47,40.0,45.0,2024-10-19T09:00:47,42.5,10.2209936532221,78.9814941910257,NOISE,2024-10-19T09:00:47,42.5,10.2209936532221,78.9814941910257,NOISE,2024-10-19T09:00:47,42.5,10.2209936532221,78.9814941910257,NOISE,2024-10-19T09:00:47,42.5,10.2209936532221,78.9814941910257,NOISE
2026-03-04T11:03:48.646713,Map-Energy__sum__linear-conv00740-20241019_060047-20241019_120047-45.000000-49.900000.png,2024-10-19T06:00:47,2024-10-19T12:00:47,45.0,49.9,2024-10-19T09:00:47,47.45,10.0532262506808,78.9644950928927,NOISE,2024-10-19T09:00:47,47.45,10.0532262506808,78.9644950928927,NOISE,2024-10-19T09:00:47,47.45,10.0532262506808,78.9644950928927,NOISE,2024-10-19T09:00:47,47.45,10.0532262506808,78.9644950928927,NOISE
2026-03-04T09:40:01.481480,Map-Energy__sum__linear-conv00741-20241019_120047-20241019_180047-0.050000-5.000000.png,2024-10-19T12:00:47,2024-10-19T18:00:47,0.05,5.0,2024-10-19T15:00:47,2.525,11.9301635288236,78.9554869237935,NOISE,2024-10-19T15:00:47,2.525,11.9301635288236,78.9554869237935,NOISE,2024-10-19T15:00:47,2.525,11.9301635288236,78.9554869237935,NOISE,2024-10-19T15:00:47,2.525,11.9301635288236,78.9554869237935,NOISE
2026-03-04T10:03:06.015974,Map-Energy__sum__linear-conv00742-20241019_120047-20241019_180047-5.000000-10.000000.png,2024-10-19T12:00:47,2024-10-19T18:00:47,5.0,10.0,2024-10-19T15:00:47,7.5,11.7898272340434,78.9877048432448,NOISE,2024-10-19T15:00:47,7.5,11.7898272340434,78.9877048432448,NOISE,2024-10-19T15:00:47,7.5,11.7898272340434,78.9877048432448,NOISE,2024-10-19T15:00:47,7.5,11.7898272340434,78.9877048432448,NOISE
2026-03-04T10:10:23.352661,Map-Energy__sum__linear-conv00743-20241019_120047-20241019_180047-10.000000-15.000000.png,2024-10-19T12:00:47,2024-10-19T18:00:47,10.0,15.0,2024-10-19T15:00:47,12.5,11.5594114413877,78.9903276217732,NOISE,2024-10-19T15:00:47,12.5,11.5594114413877,78.9903276217732,NOISE,2024-10-19T15:00:47,12.5,11.5594114413877,78.9903276217732,NOISE,2024-10-19T15:00:47,12.5,11.5594114413877,78.9903276217732,NOISE
2026-03-04T10:19:04.040249,Map-Energy__sum__linear-conv00744-20241019_120047-20241019_180047-15.000000-20.000000.png,2024-10-19T12:00:47,2024-10-19T18:00:47,15.0,20.0,2024-10-19T15:00:47,17.5,11.3555231115476,79.0115662370871,NOISE,2024-10-19T15:00:47,17.5,11.3555231115476,79.0115662370871,NOISE,2024-10-19T15:00:47,17.5,11.3555231115476,79.0115662370871,NOISE,2024-10-19T15:00:47,17.5,11.3555231115476,79.0115662370871,NOISE
2026-03-04T10:34:53.879127,Map-Energy__sum__linear-conv00745-20241019_120047-20241019_180047-20.000000-25.000000.png,2024-10-19T12:00:47,2024-10-19T18:00:47,20.0,25.0,2024-10-19T15:09:21,23.659515,11.0695225418809,79.0191815140975,OTHER,2024-10-19T15:00:47,22.5,11.1238434802504,79.0183136392333,NOISE,2024-10-19T15:00:47,22.5,11.1238434802504,79.0183136392333,NOISE,2024-10-19T15:00:47,22.5,11.1238434802504,79.0183136392333,NOISE
2026-03-04T10:43:59.079405,Map-Energy__sum__linear-conv00746-20241019_120047-20241019_180047-25.000000-30.000000.png,2024-10-19T12:00:47,2024-10-19T18:00:47,25.0,30.0,2024-10-19T15:00:47,27.5,10.889673808393,79.020806600637,NOISE,2024-10-19T15:00:47,27.5,10.889673808393,79.020806600637,NOISE,2024-10-19T15:00:47,27.5,10.889673808393,79.020806600637,NOISE,2024-10-19T15:00:47,27.5,10.889673808393,79.020806600637,NOISE
2026-03-04T10:49:13.823429,Map-Energy__sum__linear-conv00747-20241019_120047-20241019_180047-30.000000-35.000000.png,2024-10-19T12:00:47,2024-10-19T18:00:47,30.0,35.0,2024-10-19T15:00:47,32.5,10.6593790614908,79.0131989106931,NOISE,2024-10-19T15:00:47,32.5,10.6593790614908,79.0131989106931,NOISE,2024-10-19T15:00:47,32.5,10.6593790614908,79.0131989106931,NOISE,2024-10-19T15:00:47,32.5,10.6593790614908,79.0131989106931,NOISE
2026-03-04T10:53:48.671203,Map-Energy__sum__linear-conv00748-20241019_120047-20241019_180047-35.000000-40.000000.png,2024-10-19T12:00:47,2024-10-19T18:00:47,35.0,40.0,2024-10-19T15:00:47,37.5,10.437915725008,78.9984509925074,NOISE,2024-10-19T15:00:47,37.5,10.437915725008,78.9984509925074,NOISE,2024-10-19T15:00:47,37.5,10.437915725008,78.9984509925074,NOISE,2024-10-19T15:00:47,37.5,10.437915725008,78.9984509925074,NOISE
2026-03-04T10:59:26.110810,Map-Energy__sum__linear-conv00749-20241019_120047-20241019_180047-40.000000-45.000000.png,2024-10-19T12:00:47,2024-10-19T18:00:47,40.0,45.0,2024-10-19T15:00:47,42.5,10.2209936532221,78.9814941910257,NOISE,2024-10-19T15:00:47,42.5,10.2209936532221,78.9814941910257,NOISE,2024-10-19T15:00:47,42.5,10.2209936532221,78.9814941910257,NOISE,2024-10-19T15:00:47,42.5,10.2209936532221,78.9814941910257,NOISE
2026-03-04T11:03:49.542186,Map-Energy__sum__linear-conv00750-20241019_120047-20241019_180047-45.000000-49.900000.png,2024-10-19T12:00:47,2024-10-19T18:00:47,45.0,49.9,2024-10-19T15:00:47,47.45,10.0532262506808,78.9644950928927,NOISE,2024-10-19T15:00:47,47.45,10.0532262506808,78.9644950928927,NOISE,2024-10-19T15:00:47,47.45,10.0532262506808,78.9644950928927,NOISE,2024-10-19T15:00:47,47.45,10.0532262506808,78.9644950928927,NOISE
2026-03-04T09:40:03.585908,Map-Energy__sum__linear-conv00751-20241019_180047-20241020_000047-0.050000-5.000000.png,2024-10-19T18:00:47,2024-10-20T00:00:47,0.05,5.0,2024-10-19T21:00:47,2.525,11.9301635288236,78.9554869237935,NOISE,2024-10-19T21:00:47,2.525,11.9301635288236,78.9554869237935,NOISE,2024-10-19T21:00:47,2.525,11.9301635288236,78.9554869237935,NOISE,2024-10-19T21:00:47,2.525,11.9301635288236,78.9554869237935,NOISE
2026-03-04T10:03:07.177079,Map-Energy__sum__linear-conv00752-20241019_180047-20241020_000047-5.000000-10.000000.png,2024-10-19T18:00:47,2024-10-20T00:00:47,5.0,10.0,2024-10-19T21:00:47,7.5,11.7898272340434,78.9877048432448,NOISE,2024-10-19T21:00:47,7.5,11.7898272340434,78.9877048432448,NOISE,2024-10-19T21:00:47,7.5,11.7898272340434,78.9877048432448,NOISE,2024-10-19T21:00:47,7.5,11.7898272340434,78.9877048432448,NOISE
2026-03-04T10:10:24.642609,Map-Energy__sum__linear-conv00753-20241019_180047-20241020_000047-10.000000-15.000000.png,2024-10-19T18:00:47,2024-10-20T00:00:47,10.0,15.0,2024-10-19T21:00:47,12.5,11.5594114413877,78.9903276217732,NOISE,2024-10-19T21:00:47,12.5,11.5594114413877,78.9903276217732,NOISE,2024-10-19T21:00:47,12.5,11.5594114413877,78.9903276217732,NOISE,2024-10-19T21:00:47,12.5,11.5594114413877,78.9903276217732,NOISE
2026-03-04T10:19:07.216313,Map-Energy__sum__linear-conv00754-20241019_180047-20241020_000047-15.000000-20.000000.png,2024-10-19T18:00:47,2024-10-20T00:00:47,15.0,20.0,2024-10-19T21:00:47,17.5,11.3555231115476,79.0115662370871,NOISE,2024-10-19T21:00:47,17.5,11.3555231115476,79.0115662370871,NOISE,2024-10-19T21:00:47,17.5,11.3555231115476,79.0115662370871,NOISE,2024-10-19T21:00:47,17.5,11.3555231115476,79.0115662370871,NOISE
2026-03-04T10:34:56.975519,Map-Energy__sum__linear-conv00755-20241019_180047-20241020_000047-20.000000-25.000000.png,2024-10-19T18:00:47,2024-10-20T00:00:47,20.0,25.0,2024-10-19T21:00:47,22.5,11.1238434802504,79.0183136392333,NOISE,2024-10-19T21:00:47,22.5,11.1238434802504,79.0183136392333,NOISE,2024-10-19T21:00:47,22.5,11.1238434802504,79.0183136392333,NOISE,2024-10-19T21:00:47,22.5,11.1238434802504,79.0183136392333,NOISE
2026-03-04T10:44:01.150870,Map-Energy__sum__linear-conv00756-20241019_180047-20241020_000047-25.000000-30.000000.png,2024-10-19T18:00:47,2024-10-20T00:00:47,25.0,30.0,2024-10-19T21:00:47,27.5,10.889673808393,79.020806600637,NOISE,2024-10-19T21:00:47,27.5,10.889673808393,79.020806600637,NOISE,2024-10-19T21:00:47,27.5,10.889673808393,79.020806600637,NOISE,2024-10-19T21:00:47,27.5,10.889673808393,79.020806600637,NOISE
2026-03-04T10:49:16.342970,Map-Energy__sum__linear-conv00757-20241019_180047-20241020_000047-30.000000-35.000000.png,2024-10-19T18:00:47,2024-10-20T00:00:47,30.0,35.0,2024-10-19T21:00:47,32.5,10.6593790614908,79.0131989106931,NOISE,2024-10-19T21:00:47,32.5,10.6593790614908,79.0131989106931,NOISE,2024-10-19T21:00:47,32.5,10.6593790614908,79.0131989106931,NOISE,2024-10-19T21:00:47,32.5,10.6593790614908,79.0131989106931,NOISE
2026-03-04T10:53:50.030581,Map-Energy__sum__linear-conv00758-20241019_180047-20241020_000047-35.000000-40.000000.png,2024-10-19T18:00:47,2024-10-20T00:00:47,35.0,40.0,2024-10-19T21:00:47,37.5,10.437915725008,78.9984509925074,NOISE,2024-10-19T21:00:47,37.5,10.437915725008,78.9984509925074,NOISE,2024-10-19T21:00:47,37.5,10.437915725008,78.9984509925074,NOISE,2024-10-19T21:00:47,37.5,10.437915725008,78.9984509925074,NOISE
2026-03-04T10:59:27.951176,Map-Energy__sum__linear-conv00759-20241019_180047-20241020_000047-40.000000-45.000000.png,2024-10-19T18:00:47,2024-10-20T00:00:47,40.0,45.0,2024-10-19T21:00:47,42.5,10.2209936532221,78.9814941910257,NOISE,2024-10-19T21:00:47,42.5,10.2209936532221,78.9814941910257,NOISE,2024-10-19T21:00:47,42.5,10.2209936532221,78.9814941910257,NOISE,2024-10-19T21:00:47,42.5,10.2209936532221,78.9814941910257,NOISE
2026-03-04T11:03:50.486314,Map-Energy__sum__linear-conv00760-20241019_180047-20241020_000047-45.000000-49.900000.png,2024-10-19T18:00:47,2024-10-20T00:00:47,45.0,49.9,2024-10-19T21:00:47,47.45,10.0532262506808,78.9644950928927,NOISE,2024-10-19T21:00:47,47.45,10.0532262506808,78.9644950928927,NOISE,2024-10-19T21:00:47,47.45,10.0532262506808,78.9644950928927,NOISE,2024-10-19T21:00:47,47.45,10.0532262506808,78.9644950928927,NOISE
2026-03-04T09:40:14.602273,Map-Energy__sum__linear-conv00761-20241020_000047-20241020_060047-0.050000-5.000000.png,2024-10-20T00:00:47,2024-10-20T06:00:47,0.05,5.0,2024-10-20T00:40:57,2.243383,11.9332375742474,78.9531506173969,OTHER,2024-10-20T05:12:02,2.196447,11.9329391265813,78.9527969525819,OTHER,2024-10-20T03:00:47,2.525,11.9301635288236,78.9554869237935,NOISE,2024-10-20T03:00:47,2.525,11.9301635288236,78.9554869237935,NOISE
2026-03-04T10:04:08.657051,Map-Energy__sum__linear-conv00762-20241020_000047-20241020_060047-5.000000-10.000000.png,2024-10-20T00:00:47,2024-10-20T06:00:47,5.0,10.0,2024-10-20T03:00:47,7.5,11.7898272340434,78.9877048432448,NOISE,2024-10-20T03:00:47,7.5,11.7898272340434,78.9877048432448,NOISE,2024-10-20T03:00:47,7.5,11.7898272340434,78.9877048432448,NOISE,2024-10-20T03:00:47,7.5,11.7898272340434,78.9877048432448,NOISE
2026-03-04T10:10:25.800264,Map-Energy__sum__linear-conv00763-20241020_000047-20241020_060047-10.000000-15.000000.png,2024-10-20T00:00:47,2024-10-20T06:00:47,10.0,15.0,2024-10-20T03:00:47,12.5,11.5594114413877,78.9903276217732,NOISE,2024-10-20T03:00:47,12.5,11.5594114413877,78.9903276217732,NOISE,2024-10-20T03:00:47,12.5,11.5594114413877,78.9903276217732,NOISE,2024-10-20T03:00:47,12.5,11.5594114413877,78.9903276217732,NOISE
2026-03-04T10:19:11.311996,Map-Energy__sum__linear-conv00764-20241020_000047-20241020_060047-15.000000-20.000000.png,2024-10-20T00:00:47,2024-10-20T06:00:47,15.0,20.0,2024-10-20T03:00:47,17.5,11.3555231115476,79.0115662370871,NOISE,2024-10-20T03:00:47,17.5,11.3555231115476,79.0115662370871,NOISE,2024-10-20T03:00:47,17.5,11.3555231115476,79.0115662370871,NOISE,2024-10-20T03:00:47,17.5,11.3555231115476,79.0115662370871,NOISE
2026-03-04T10:34:58.575515,Map-Energy__sum__linear-conv00765-20241020_000047-20241020_060047-20.000000-25.000000.png,2024-10-20T00:00:47,2024-10-20T06:00:47,20.0,25.0,2024-10-20T03:00:47,22.5,11.1238434802504,79.0183136392333,NOISE,2024-10-20T03:00:47,22.5,11.1238434802504,79.0183136392333,NOISE,2024-10-20T03:00:47,22.5,11.1238434802504,79.0183136392333,NOISE,2024-10-20T03:00:47,22.5,11.1238434802504,79.0183136392333,NOISE
2026-03-04T10:44:04.767529,Map-Energy__sum__linear-conv00766-20241020_000047-20241020_060047-25.000000-30.000000.png,2024-10-20T00:00:47,2024-10-20T06:00:47,25.0,30.0,2024-10-20T03:00:47,27.5,10.889673808393,79.020806600637,NOISE,2024-10-20T03:00:47,27.5,10.889673808393,79.020806600637,NOISE,2024-10-20T03:00:47,27.5,10.889673808393,79.020806600637,NOISE,2024-10-20T03:00:47,27.5,10.889673808393,79.020806600637,NOISE
2026-03-04T10:49:17.454900,Map-Energy__sum__linear-conv00767-20241020_000047-20241020_060047-30.000000-35.000000.png,2024-10-20T00:00:47,2024-10-20T06:00:47,30.0,35.0,2024-10-20T03:00:47,32.5,10.6593790614908,79.0131989106931,NOISE,2024-10-20T03:00:47,32.5,10.6593790614908,79.0131989106931,NOISE,2024-10-20T03:00:47,32.5,10.6593790614908,79.0131989106931,NOISE,2024-10-20T03:00:47,32.5,10.6593790614908,79.0131989106931,NOISE
2026-03-04T10:53:51.279337,Map-Energy__sum__linear-conv00768-20241020_000047-20241020_060047-35.000000-40.000000.png,2024-10-20T00:00:47,2024-10-20T06:00:47,35.0,40.0,2024-10-20T03:00:47,37.5,10.437915725008,78.9984509925074,NOISE,2024-10-20T03:00:47,37.5,10.437915725008,78.9984509925074,NOISE,2024-10-20T03:00:47,37.5,10.437915725008,78.9984509925074,NOISE,2024-10-20T03:00:47,37.5,10.437915725008,78.9984509925074,NOISE
2026-03-04T10:59:30.254244,Map-Energy__sum__linear-conv00769-20241020_000047-20241020_060047-40.000000-45.000000.png,2024-10-20T00:00:47,2024-10-20T06:00:47,40.0,45.0,2024-10-20T03:00:47,42.5,10.2209936532221,78.9814941910257,NOISE,2024-10-20T03:00:47,42.5,10.2209936532221,78.9814941910257,NOISE,2024-10-20T03:00:47,42.5,10.2209936532221,78.9814941910257,NOISE,2024-10-20T03:00:47,42.5,10.2209936532221,78.9814941910257,NOISE
2026-03-04T11:03:51.414433,Map-Energy__sum__linear-conv00770-20241020_000047-20241020_060047-45.000000-49.900000.png,2024-10-20T00:00:47,2024-10-20T06:00:47,45.0,49.9,2024-10-20T03:00:47,47.45,10.0532262506808,78.9644950928927,NOISE,2024-10-20T03:00:47,47.45,10.0532262506808,78.9644950928927,NOISE,2024-10-20T03:00:47,47.45,10.0532262506808,78.9644950928927,NOISE,2024-10-20T03:00:47,47.45,10.0532262506808,78.9644950928927,NOISE
2026-03-04T09:40:24.626097,Map-Energy__sum__linear-conv00771-20241020_060047-20241020_120047-0.050000-5.000000.png,2024-10-20T06:00:47,2024-10-20T12:00:47,0.05,5.0,2024-10-20T09:00:47,2.525,11.9301635288236,78.9554869237935,NOISE,2024-10-20T09:00:47,2.525,11.9301635288236,78.9554869237935,NOISE,2024-10-20T09:00:47,2.525,11.9301635288236,78.9554869237935,NOISE,2024-10-20T09:00:47,2.525,11.9301635288236,78.9554869237935,NOISE
2026-03-04T10:04:15.504544,Map-Energy__sum__linear-conv00772-20241020_060047-20241020_120047-5.000000-10.000000.png,2024-10-20T06:00:47,2024-10-20T12:00:47,5.0,10.0,2024-10-20T09:00:47,7.5,11.7898272340434,78.9877048432448,NOISE,2024-10-20T09:00:47,7.5,11.7898272340434,78.9877048432448,NOISE,2024-10-20T09:00:47,7.5,11.7898272340434,78.9877048432448,NOISE,2024-10-20T09:00:47,7.5,11.7898272340434,78.9877048432448,NOISE
2026-03-04T10:10:26.856880,Map-Energy__sum__linear-conv00773-20241020_060047-20241020_120047-10.000000-15.000000.png,2024-10-20T06:00:47,2024-10-20T12:00:47,10.0,15.0,2024-10-20T09:00:47,12.5,11.5594114413877,78.9903276217732,NOISE,2024-10-20T09:00:47,12.5,11.5594114413877,78.9903276217732,NOISE,2024-10-20T09:00:47,12.5,11.5594114413877,78.9903276217732,NOISE,2024-10-20T09:00:47,12.5,11.5594114413877,78.9903276217732,NOISE
2026-03-04T10:19:26.240762,Map-Energy__sum__linear-conv00774-20241020_060047-20241020_120047-15.000000-20.000000.png,2024-10-20T06:00:47,2024-10-20T12:00:47,15.0,20.0,2024-10-20T09:00:47,17.5,11.3555231115476,79.0115662370871,NOISE,2024-10-20T09:00:47,17.5,11.3555231115476,79.0115662370871,NOISE,2024-10-20T09:00:47,17.5,11.3555231115476,79.0115662370871,NOISE,2024-10-20T09:00:47,17.5,11.3555231115476,79.0115662370871,NOISE
2026-03-04T10:35:00.927744,Map-Energy__sum__linear-conv00775-20241020_060047-20241020_120047-20.000000-25.000000.png,2024-10-20T06:00:47,2024-10-20T12:00:47,20.0,25.0,2024-10-20T09:00:47,22.5,11.1238434802504,79.0183136392333,NOISE,2024-10-20T09:00:47,22.5,11.1238434802504,79.0183136392333,NOISE,2024-10-20T09:00:47,22.5,11.1238434802504,79.0183136392333,NOISE,2024-10-20T09:00:47,22.5,11.1238434802504,79.0183136392333,NOISE
2026-03-04T10:44:08.471311,Map-Energy__sum__linear-conv00776-20241020_060047-20241020_120047-25.000000-30.000000.png,2024-10-20T06:00:47,2024-10-20T12:00:47,25.0,30.0,2024-10-20T09:00:47,27.5,10.889673808393,79.020806600637,NOISE,2024-10-20T09:00:47,27.5,10.889673808393,79.020806600637,NOISE,2024-10-20T09:00:47,27.5,10.889673808393,79.020806600637,NOISE,2024-10-20T09:00:47,27.5,10.889673808393,79.020806600637,NOISE
2026-03-04T10:49:18.719133,Map-Energy__sum__linear-conv00777-20241020_060047-20241020_120047-30.000000-35.000000.png,2024-10-20T06:00:47,2024-10-20T12:00:47,30.0,35.0,2024-10-20T09:00:47,32.5,10.6593790614908,79.0131989106931,NOISE,2024-10-20T09:00:47,32.5,10.6593790614908,79.0131989106931,NOISE,2024-10-20T09:00:47,32.5,10.6593790614908,79.0131989106931,NOISE,2024-10-20T09:00:47,32.5,10.6593790614908,79.0131989106931,NOISE
2026-03-04T10:53:52.542405,Map-Energy__sum__linear-conv00778-20241020_060047-20241020_120047-35.000000-40.000000.png,2024-10-20T06:00:47,2024-10-20T12:00:47,35.0,40.0,2024-10-20T09:00:47,37.5,10.437915725008,78.9984509925074,NOISE,2024-10-20T09:00:47,37.5,10.437915725008,78.9984509925074,NOISE,2024-10-20T09:00:47,37.5,10.437915725008,78.9984509925074,NOISE,2024-10-20T09:00:47,37.5,10.437915725008,78.9984509925074,NOISE
2026-03-04T10:59:37.334890,Map-Energy__sum__linear-conv00779-20241020_060047-20241020_120047-40.000000-45.000000.png,2024-10-20T06:00:47,2024-10-20T12:00:47,40.0,45.0,2024-10-20T09:00:47,42.5,10.2209936532221,78.9814941910257,NOISE,2024-10-20T09:00:47,42.5,10.2209936532221,78.9814941910257,NOISE,2024-10-20T09:00:47,42.5,10.2209936532221,78.9814941910257,NOISE,2024-10-20T09:00:47,42.5,10.2209936532221,78.9814941910257,NOISE
2026-03-04T11:03:52.646658,Map-Energy__sum__linear-conv00780-20241020_060047-20241020_120047-45.000000-49.900000.png,2024-10-20T06:00:47,2024-10-20T12:00:47,45.0,49.9,2024-10-20T09:00:47,47.45,10.0532262506808,78.9644950928927,NOISE,2024-10-20T09:00:47,47.45,10.0532262506808,78.9644950928927,NOISE,2024-10-20T09:00:47,47.45,10.0532262506808,78.9644950928927,NOISE,2024-10-20T09:00:47,47.45,10.0532262506808,78.9644950928927,NOISE
2026-03-04T09:40:26.705757,Map-Energy__sum__linear-conv00781-20241020_120047-20241020_180047-0.050000-5.000000.png,2024-10-20T12:00:47,2024-10-20T18:00:47,0.05,5.0,2024-10-20T15:00:47,2.525,11.9301635288236,78.9554869237935,NOISE,2024-10-20T15:00:47,2.525,11.9301635288236,78.9554869237935,NOISE,2024-10-20T15:00:47,2.525,11.9301635288236,78.9554869237935,NOISE,2024-10-20T15:00:47,2.525,11.9301635288236,78.9554869237935,NOISE
2026-03-04T10:04:19.304843,Map-Energy__sum__linear-conv00782-20241020_120047-20241020_180047-5.000000-10.000000.png,2024-10-20T12:00:47,2024-10-20T18:00:47,5.0,10.0,2024-10-20T15:00:47,7.5,11.7898272340434,78.9877048432448,NOISE,2024-10-20T15:00:47,7.5,11.7898272340434,78.9877048432448,NOISE,2024-10-20T15:00:47,7.5,11.7898272340434,78.9877048432448,NOISE,2024-10-20T15:00:47,7.5,11.7898272340434,78.9877048432448,NOISE
2026-03-04T10:10:28.727995,Map-Energy__sum__linear-conv00783-20241020_120047-20241020_180047-10.000000-15.000000.png,2024-10-20T12:00:47,2024-10-20T18:00:47,10.0,15.0,2024-10-20T15:00:47,12.5,11.5594114413877,78.9903276217732,NOISE,2024-10-20T15:00:47,12.5,11.5594114413877,78.9903276217732,NOISE,2024-10-20T15:00:47,12.5,11.5594114413877,78.9903276217732,NOISE,2024-10-20T15:00:47,12.5,11.5594114413877,78.9903276217732,NOISE
2026-03-04T10:19:46.971079,Map-Energy__sum__linear-conv00784-20241020_120047-20241020_180047-15.000000-20.000000.png,2024-10-20T12:00:47,2024-10-20T18:00:47,15.0,20.0,2024-10-20T15:56:04,18.931884,11.2901920289616,79.0144683268685,OTHER,2024-10-20T15:00:47,17.5,11.3555231115476,79.0115662370871,NOISE,2024-10-20T15:00:47,17.5,11.3555231115476,79.0115662370871,NOISE,2024-10-20T15:00:47,17.5,11.3555231115476,79.0115662370871,NOISE
2026-03-04T10:35:03.815390,Map-Energy__sum__linear-conv00785-20241020_120047-20241020_180047-20.000000-25.000000.png,2024-10-20T12:00:47,2024-10-20T18:00:47,20.0,25.0,2024-10-20T15:00:47,22.5,11.1238434802504,79.0183136392333,NOISE,2024-10-20T15:00:47,22.5,11.1238434802504,79.0183136392333,NOISE,2024-10-20T15:00:47,22.5,11.1238434802504,79.0183136392333,NOISE,2024-10-20T15:00:47,22.5,11.1238434802504,79.0183136392333,NOISE
2026-03-04T10:44:11.103410,Map-Energy__sum__linear-conv00786-20241020_120047-20241020_180047-25.000000-30.000000.png,2024-10-20T12:00:47,2024-10-20T18:00:47,25.0,30.0,2024-10-20T15:00:47,27.5,10.889673808393,79.020806600637,NOISE,2024-10-20T15:00:47,27.5,10.889673808393,79.020806600637,NOISE,2024-10-20T15:00:47,27.5,10.889673808393,79.020806600637,NOISE,2024-10-20T15:00:47,27.5,10.889673808393,79.020806600637,NOISE
2026-03-04T10:49:19.747113,Map-Energy__sum__linear-conv00787-20241020_120047-20241020_180047-30.000000-35.000000.png,2024-10-20T12:00:47,2024-10-20T18:00:47,30.0,35.0,2024-10-20T15:00:47,32.5,10.6593790614908,79.0131989106931,NOISE,2024-10-20T15:00:47,32.5,10.6593790614908,79.0131989106931,NOISE,2024-10-20T15:00:47,32.5,10.6593790614908,79.0131989106931,NOISE,2024-10-20T15:00:47,32.5,10.6593790614908,79.0131989106931,NOISE
2026-03-04T10:53:54.046378,Map-Energy__sum__linear-conv00788-20241020_120047-20241020_180047-35.000000-40.000000.png,2024-10-20T12:00:47,2024-10-20T18:00:47,35.0,40.0,2024-10-20T15:00:47,37.5,10.437915725008,78.9984509925074,NOISE,2024-10-20T15:00:47,37.5,10.437915725008,78.9984509925074,NOISE,2024-10-20T15:00:47,37.5,10.437915725008,78.9984509925074,NOISE,2024-10-20T15:00:47,37.5,10.437915725008,78.9984509925074,NOISE
2026-03-04T10:59:40.015098,Map-Energy__sum__linear-conv00789-20241020_120047-20241020_180047-40.000000-45.000000.png,2024-10-20T12:00:47,2024-10-20T18:00:47,40.0,45.0,2024-10-20T15:00:47,42.5,10.2209936532221,78.9814941910257,NOISE,2024-10-20T15:00:47,42.5,10.2209936532221,78.9814941910257,NOISE,2024-10-20T15:00:47,42.5,10.2209936532221,78.9814941910257,NOISE,2024-10-20T15:00:47,42.5,10.2209936532221,78.9814941910257,NOISE
2026-03-04T11:03:53.598314,Map-Energy__sum__linear-conv00790-20241020_120047-20241020_180047-45.000000-49.900000.png,2024-10-20T12:00:47,2024-10-20T18:00:47,45.0,49.9,2024-10-20T15:00:47,47.45,10.0532262506808,78.9644950928927,NOISE,2024-10-20T15:00:47,47.45,10.0532262506808,78.9644950928927,NOISE,2024-10-20T15:00:47,47.45,10.0532262506808,78.9644950928927,NOISE,2024-10-20T15:00:47,47.45,10.0532262506808,78.9644950928927,NOISE
2026-03-04T09:40:28.569105,Map-Energy__sum__linear-conv00791-20241020_180047-20241021_000047-0.050000-5.000000.png,2024-10-20T18:00:47,2024-10-21T00:00:47,0.05,5.0,2024-10-20T21:00:47,2.525,11.9301635288236,78.9554869237935,NOISE,2024-10-20T21:00:47,2.525,11.9301635288236,78.9554869237935,NOISE,2024-10-20T21:00:47,2.525,11.9301635288236,78.9554869237935,NOISE,2024-10-20T21:00:47,2.525,11.9301635288236,78.9554869237935,NOISE
2026-03-04T10:04:21.608910,Map-Energy__sum__linear-conv00792-20241020_180047-20241021_000047-5.000000-10.000000.png,2024-10-20T18:00:47,2024-10-21T00:00:47,5.0,10.0,2024-10-20T21:00:47,7.5,11.7898272340434,78.9877048432448,NOISE,2024-10-20T21:00:47,7.5,11.7898272340434,78.9877048432448,NOISE,2024-10-20T21:00:47,7.5,11.7898272340434,78.9877048432448,NOISE,2024-10-20T21:00:47,7.5,11.7898272340434,78.9877048432448,NOISE
2026-03-04T10:10:29.936813,Map-Energy__sum__linear-conv00793-20241020_180047-20241021_000047-10.000000-15.000000.png,2024-10-20T18:00:47,2024-10-21T00:00:47,10.0,15.0,2024-10-20T21:00:47,12.5,11.5594114413877,78.9903276217732,NOISE,2024-10-20T21:00:47,12.5,11.5594114413877,78.9903276217732,NOISE,2024-10-20T21:00:47,12.5,11.5594114413877,78.9903276217732,NOISE,2024-10-20T21:00:47,12.5,11.5594114413877,78.9903276217732,NOISE
2026-03-04T10:20:08.056236,Map-Energy__sum__linear-conv00794-20241020_180047-20241021_000047-15.000000-20.000000.png,2024-10-20T18:00:47,2024-10-21T00:00:47,15.0,20.0,2024-10-20T20:09:56,18.371582,11.3160757077889,79.0135890189604,OTHER,2024-10-20T21:12:51,19.562225,11.2610244616034,79.0153578590503,OTHER,2024-10-20T21:00:47,17.5,11.3555231115476,79.0115662370871,NOISE,2024-10-20T21:00:47,17.5,11.3555231115476,79.0115662370871,NOISE
2026-03-04T10:35:06.471989,Map-Energy__sum__linear-conv00795-20241020_180047-20241021_000047-20.000000-25.000000.png,2024-10-20T18:00:47,2024-10-21T00:00:47,20.0,25.0,2024-10-20T21:00:47,22.5,11.1238434802504,79.0183136392333,NOISE,2024-10-20T21:00:47,22.5,11.1238434802504,79.0183136392333,NOISE,2024-10-20T21:00:47,22.5,11.1238434802504,79.0183136392333,NOISE,2024-10-20T21:00:47,22.5,11.1238434802504,79.0183136392333,NOISE
2026-03-04T10:44:14.151799,Map-Energy__sum__linear-conv00796-20241020_180047-20241021_000047-25.000000-30.000000.png,2024-10-20T18:00:47,2024-10-21T00:00:47,25.0,30.0,2024-10-20T21:00:47,27.5,10.889673808393,79.020806600637,NOISE,2024-10-20T21:00:47,27.5,10.889673808393,79.020806600637,NOISE,2024-10-20T21:00:47,27.5,10.889673808393,79.020806600637,NOISE,2024-10-20T21:00:47,27.5,10.889673808393,79.020806600637,NOISE
2026-03-04T10:49:20.815086,Map-Energy__sum__linear-conv00797-20241020_180047-20241021_000047-30.000000-35.000000.png,2024-10-20T18:00:47,2024-10-21T00:00:47,30.0,35.0,2024-10-20T21:00:47,32.5,10.6593790614908,79.0131989106931,NOISE,2024-10-20T21:00:47,32.5,10.6593790614908,79.0131989106931,NOISE,2024-10-20T21:00:47,32.5,10.6593790614908,79.0131989106931,NOISE,2024-10-20T21:00:47,32.5,10.6593790614908,79.0131989106931,NOISE
2026-03-04T10:53:55.463377,Map-Energy__sum__linear-conv00798-20241020_180047-20241021_000047-35.000000-40.000000.png,2024-10-20T18:00:47,2024-10-21T00:00:47,35.0,40.0,2024-10-20T21:00:47,37.5,10.437915725008,78.9984509925074,NOISE,2024-10-20T21:00:47,37.5,10.437915725008,78.9984509925074,NOISE,2024-10-20T21:00:47,37.5,10.437915725008,78.9984509925074,NOISE,2024-10-20T21:00:47,37.5,10.437915725008,78.9984509925074,NOISE
2026-03-04T10:59:45.534483,Map-Energy__sum__linear-conv00799-20241020_180047-20241021_000047-40.000000-45.000000.png,2024-10-20T18:00:47,2024-10-21T00:00:47,40.0,45.0,2024-10-20T21:00:47,42.5,10.2209936532221,78.9814941910257,NOISE,2024-10-20T21:00:47,42.5,10.2209936532221,78.9814941910257,NOISE,2024-10-20T21:00:47,42.5,10.2209936532221,78.9814941910257,NOISE,2024-10-20T21:00:47,42.5,10.2209936532221,78.9814941910257,NOISE
2026-03-04T11:03:54.885950,Map-Energy__sum__linear-conv00800-20241020_180047-20241021_000047-45.000000-49.900000.png,2024-10-20T18:00:47,2024-10-21T00:00:47,45.0,49.9,2024-10-20T21:00:47,47.45,10.0532262506808,78.9644950928927,NOISE,2024-10-20T21:00:47,47.45,10.0532262506808,78.9644950928927,NOISE,2024-10-20T21:00:47,47.45,10.0532262506808,78.9644950928927,NOISE,2024-10-20T21:00:47,47.45,10.0532262506808,78.9644950928927,NOISE
2026-03-04T09:40:31.505364,Map-Energy__sum__linear-conv00801-20241021_000047-20241021_060047-0.050000-5.000000.png,2024-10-21T00:00:47,2024-10-21T06:00:47,0.05,5.0,2024-10-21T03:00:47,2.525,11.9301635288236,78.9554869237935,NOISE,2024-10-21T03:00:47,2.525,11.9301635288236,78.9554869237935,NOISE,2024-10-21T03:00:47,2.525,11.9301635288236,78.9554869237935,NOISE,2024-10-21T03:00:47,2.525,11.9301635288236,78.9554869237935,NOISE
2026-03-04T10:04:30.257021,Map-Energy__sum__linear-conv00802-20241021_000047-20241021_060047-5.000000-10.000000.png,2024-10-21T00:00:47,2024-10-21T06:00:47,5.0,10.0,2024-10-21T03:00:47,7.5,11.7898272340434,78.9877048432448,NOISE,2024-10-21T03:00:47,7.5,11.7898272340434,78.9877048432448,NOISE,2024-10-21T03:00:47,7.5,11.7898272340434,78.9877048432448,NOISE,2024-10-21T03:00:47,7.5,11.7898272340434,78.9877048432448,NOISE
2026-03-04T10:10:31.648634,Map-Energy__sum__linear-conv00803-20241021_000047-20241021_060047-10.000000-15.000000.png,2024-10-21T00:00:47,2024-10-21T06:00:47,10.0,15.0,2024-10-21T03:00:47,12.5,11.5594114413877,78.9903276217732,NOISE,2024-10-21T03:00:47,12.5,11.5594114413877,78.9903276217732,NOISE,2024-10-21T03:00:47,12.5,11.5594114413877,78.9903276217732,NOISE,2024-10-21T03:00:47,12.5,11.5594114413877,78.9903276217732,NOISE
2026-03-04T10:20:18.567889,Map-Energy__sum__linear-conv00804-20241021_000047-20241021_060047-15.000000-20.000000.png,2024-10-21T00:00:47,2024-10-21T06:00:47,15.0,20.0,2024-10-21T03:00:47,17.5,11.3555231115476,79.0115662370871,NOISE,2024-10-21T03:00:47,17.5,11.3555231115476,79.0115662370871,NOISE,2024-10-21T03:00:47,17.5,11.3555231115476,79.0115662370871,NOISE,2024-10-21T03:00:47,17.5,11.3555231115476,79.0115662370871,NOISE
2026-03-04T10:35:07.783198,Map-Energy__sum__linear-conv00805-20241021_000047-20241021_060047-20.000000-25.000000.png,2024-10-21T00:00:47,2024-10-21T06:00:47,20.0,25.0,2024-10-21T03:00:47,22.5,11.1238434802504,79.0183136392333,NOISE,2024-10-21T03:00:47,22.5,11.1238434802504,79.0183136392333,NOISE,2024-10-21T03:00:47,22.5,11.1238434802504,79.0183136392333,NOISE,2024-10-21T03:00:47,22.5,11.1238434802504,79.0183136392333,NOISE
2026-03-04T10:44:15.367405,Map-Energy__sum__linear-conv00806-20241021_000047-20241021_060047-25.000000-30.000000.png,2024-10-21T00:00:47,2024-10-21T06:00:47,25.0,30.0,2024-10-21T03:00:47,27.5,10.889673808393,79.020806600637,NOISE,2024-10-21T03:00:47,27.5,10.889673808393,79.020806600637,NOISE,2024-10-21T03:00:47,27.5,10.889673808393,79.020806600637,NOISE,2024-10-21T03:00:47,27.5,10.889673808393,79.020806600637,NOISE
2026-03-04T10:49:22.031209,Map-Energy__sum__linear-conv00807-20241021_000047-20241021_060047-30.000000-35.000000.png,2024-10-21T00:00:47,2024-10-21T06:00:47,30.0,35.0,2024-10-21T03:00:47,32.5,10.6593790614908,79.0131989106931,NOISE,2024-10-21T03:00:47,32.5,10.6593790614908,79.0131989106931,NOISE,2024-10-21T03:00:47,32.5,10.6593790614908,79.0131989106931,NOISE,2024-10-21T03:00:47,32.5,10.6593790614908,79.0131989106931,NOISE
2026-03-04T10:53:56.743094,Map-Energy__sum__linear-conv00808-20241021_000047-20241021_060047-35.000000-40.000000.png,2024-10-21T00:00:47,2024-10-21T06:00:47,35.0,40.0,2024-10-21T03:00:47,37.5,10.437915725008,78.9984509925074,NOISE,2024-10-21T03:00:47,37.5,10.437915725008,78.9984509925074,NOISE,2024-10-21T03:00:47,37.5,10.437915725008,78.9984509925074,NOISE,2024-10-21T03:00:47,37.5,10.437915725008,78.9984509925074,NOISE
2026-03-04T10:59:47.494644,Map-Energy__sum__linear-conv00809-20241021_000047-20241021_060047-40.000000-45.000000.png,2024-10-21T00:00:47,2024-10-21T06:00:47,40.0,45.0,2024-10-21T03:00:47,42.5,10.2209936532221,78.9814941910257,NOISE,2024-10-21T03:00:47,42.5,10.2209936532221,78.9814941910257,NOISE,2024-10-21T03:00:47,42.5,10.2209936532221,78.9814941910257,NOISE,2024-10-21T03:00:47,42.5,10.2209936532221,78.9814941910257,NOISE
2026-03-04T11:03:55.935168,Map-Energy__sum__linear-conv00810-20241021_000047-20241021_060047-45.000000-49.900000.png,2024-10-21T00:00:47,2024-10-21T06:00:47,45.0,49.9,2024-10-21T03:00:47,47.45,10.0532262506808,78.9644950928927,NOISE,2024-10-21T03:00:47,47.45,10.0532262506808,78.9644950928927,NOISE,2024-10-21T03:00:47,47.45,10.0532262506808,78.9644950928927,NOISE,2024-10-21T03:00:47,47.45,10.0532262506808,78.9644950928927,NOISE
2026-03-04T09:40:34.313480,Map-Energy__sum__linear-conv00811-20241021_060047-20241021_120047-0.050000-5.000000.png,2024-10-21T06:00:47,2024-10-21T12:00:47,0.05,5.0,2024-10-21T09:00:47,2.525,11.9301635288236,78.9554869237935,NOISE,2024-10-21T09:00:47,2.525,11.9301635288236,78.9554869237935,NOISE,2024-10-21T09:00:47,2.525,11.9301635288236,78.9554869237935,NOISE,2024-10-21T09:00:47,2.525,11.9301635288236,78.9554869237935,NOISE
2026-03-04T10:04:33.033197,Map-Energy__sum__linear-conv00812-20241021_060047-20241021_120047-5.000000-10.000000.png,2024-10-21T06:00:47,2024-10-21T12:00:47,5.0,10.0,2024-10-21T09:00:47,7.5,11.7898272340434,78.9877048432448,NOISE,2024-10-21T09:00:47,7.5,11.7898272340434,78.9877048432448,NOISE,2024-10-21T09:00:47,7.5,11.7898272340434,78.9877048432448,NOISE,2024-10-21T09:00:47,7.5,11.7898272340434,78.9877048432448,NOISE
2026-03-04T10:10:33.056881,Map-Energy__sum__linear-conv00813-20241021_060047-20241021_120047-10.000000-15.000000.png,2024-10-21T06:00:47,2024-10-21T12:00:47,10.0,15.0,2024-10-21T09:00:47,12.5,11.5594114413877,78.9903276217732,NOISE,2024-10-21T09:00:47,12.5,11.5594114413877,78.9903276217732,NOISE,2024-10-21T09:00:47,12.5,11.5594114413877,78.9903276217732,NOISE,2024-10-21T09:00:47,12.5,11.5594114413877,78.9903276217732,NOISE
2026-03-04T10:20:33.592518,Map-Energy__sum__linear-conv00814-20241021_060047-20241021_120047-15.000000-20.000000.png,2024-10-21T06:00:47,2024-10-21T12:00:47,15.0,20.0,2024-10-21T07:09:33,19.772338,11.251249024206,79.0155872211054,OTHER,2024-10-21T09:00:47,17.5,11.3555231115476,79.0115662370871,NOISE,2024-10-21T09:00:47,17.5,11.3555231115476,79.0115662370871,NOISE,2024-10-21T09:00:47,17.5,11.3555231115476,79.0115662370871,NOISE
2026-03-04T10:35:09.519734,Map-Energy__sum__linear-conv00815-20241021_060047-20241021_120047-20.000000-25.000000.png,2024-10-21T06:00:47,2024-10-21T12:00:47,20.0,25.0,2024-10-21T09:00:47,22.5,11.1238434802504,79.0183136392333,NOISE,2024-10-21T09:00:47,22.5,11.1238434802504,79.0183136392333,NOISE,2024-10-21T09:00:47,22.5,11.1238434802504,79.0183136392333,NOISE,2024-10-21T09:00:47,22.5,11.1238434802504,79.0183136392333,NOISE
2026-03-04T10:44:17.215250,Map-Energy__sum__linear-conv00816-20241021_060047-20241021_120047-25.000000-30.000000.png,2024-10-21T06:00:47,2024-10-21T12:00:47,25.0,30.0,2024-10-21T09:00:47,27.5,10.889673808393,79.020806600637,NOISE,2024-10-21T09:00:47,27.5,10.889673808393,79.020806600637,NOISE,2024-10-21T09:00:47,27.5,10.889673808393,79.020806600637,NOISE,2024-10-21T09:00:47,27.5,10.889673808393,79.020806600637,NOISE
2026-03-04T10:49:23.246810,Map-Energy__sum__linear-conv00817-20241021_060047-20241021_120047-30.000000-35.000000.png,2024-10-21T06:00:47,2024-10-21T12:00:47,30.0,35.0,2024-10-21T09:00:47,32.5,10.6593790614908,79.0131989106931,NOISE,2024-10-21T09:00:47,32.5,10.6593790614908,79.0131989106931,NOISE,2024-10-21T09:00:47,32.5,10.6593790614908,79.0131989106931,NOISE,2024-10-21T09:00:47,32.5,10.6593790614908,79.0131989106931,NOISE
2026-03-04T10:53:58.142946,Map-Energy__sum__linear-conv00818-20241021_060047-20241021_120047-35.000000-40.000000.png,2024-10-21T06:00:47,2024-10-21T12:00:47,35.0,40.0,2024-10-21T09:00:47,37.5,10.437915725008,78.9984509925074,NOISE,2024-10-21T09:00:47,37.5,10.437915725008,78.9984509925074,NOISE,2024-10-21T09:00:47,37.5,10.437915725008,78.9984509925074,NOISE,2024-10-21T09:00:47,37.5,10.437915725008,78.9984509925074,NOISE
2026-03-04T10:59:51.902789,Map-Energy__sum__linear-conv00819-20241021_060047-20241021_120047-40.000000-45.000000.png,2024-10-21T06:00:47,2024-10-21T12:00:47,40.0,45.0,2024-10-21T09:00:47,42.5,10.2209936532221,78.9814941910257,NOISE,2024-10-21T09:00:47,42.5,10.2209936532221,78.9814941910257,NOISE,2024-10-21T09:00:47,42.5,10.2209936532221,78.9814941910257,NOISE,2024-10-21T09:00:47,42.5,10.2209936532221,78.9814941910257,NOISE
2026-03-04T11:03:56.944446,Map-Energy__sum__linear-conv00820-20241021_060047-20241021_120047-45.000000-49.900000.png,2024-10-21T06:00:47,2024-10-21T12:00:47,45.0,49.9,2024-10-21T09:00:47,47.45,10.0532262506808,78.9644950928927,NOISE,2024-10-21T09:00:47,47.45,10.0532262506808,78.9644950928927,NOISE,2024-10-21T09:00:47,47.45,10.0532262506808,78.9644950928927,NOISE,2024-10-21T09:00:47,47.45,10.0532262506808,78.9644950928927,NOISE
2026-03-04T09:40:42.409496,Map-Energy__sum__linear-conv00821-20241021_120047-20241021_180047-0.050000-5.000000.png,2024-10-21T12:00:47,2024-10-21T18:00:47,0.05,5.0,2024-10-21T15:00:47,2.525,11.9301635288236,78.9554869237935,NOISE,2024-10-21T15:00:47,2.525,11.9301635288236,78.9554869237935,NOISE,2024-10-21T15:00:47,2.525,11.9301635288236,78.9554869237935,NOISE,2024-10-21T15:00:47,2.525,11.9301635288236,78.9554869237935,NOISE
2026-03-04T10:04:35.425048,Map-Energy__sum__linear-conv00822-20241021_120047-20241021_180047-5.000000-10.000000.png,2024-10-21T12:00:47,2024-10-21T18:00:47,5.0,10.0,2024-10-21T15:00:47,7.5,11.7898272340434,78.9877048432448,NOISE,2024-10-21T15:00:47,7.5,11.7898272340434,78.9877048432448,NOISE,2024-10-21T15:00:47,7.5,11.7898272340434,78.9877048432448,NOISE,2024-10-21T15:00:47,7.5,11.7898272340434,78.9877048432448,NOISE
2026-03-04T10:10:34.417213,Map-Energy__sum__linear-conv00823-20241021_120047-20241021_180047-10.000000-15.000000.png,2024-10-21T12:00:47,2024-10-21T18:00:47,10.0,15.0,2024-10-21T15:00:47,12.5,11.5594114413877,78.9903276217732,NOISE,2024-10-21T15:00:47,12.5,11.5594114413877,78.9903276217732,NOISE,2024-10-21T15:00:47,12.5,11.5594114413877,78.9903276217732,NOISE,2024-10-21T15:00:47,12.5,11.5594114413877,78.9903276217732,NOISE
2026-03-04T10:20:52.360353,Map-Energy__sum__linear-conv00824-20241021_120047-20241021_180047-15.000000-20.000000.png,2024-10-21T12:00:47,2024-10-21T18:00:47,15.0,20.0,2024-10-21T13:32:45,18.394928,11.3151684369598,79.0136355427295,OTHER,2024-10-21T15:00:47,17.5,11.3555231115476,79.0115662370871,NOISE,2024-10-21T15:00:47,17.5,11.3555231115476,79.0115662370871,NOISE,2024-10-21T15:00:47,17.5,11.3555231115476,79.0115662370871,NOISE
2026-03-04T10:35:10.975568,Map-Energy__sum__linear-conv00825-20241021_120047-20241021_180047-20.000000-25.000000.png,2024-10-21T12:00:47,2024-10-21T18:00:47,20.0,25.0,2024-10-21T15:00:47,22.5,11.1238434802504,79.0183136392333,NOISE,2024-10-21T15:00:47,22.5,11.1238434802504,79.0183136392333,NOISE,2024-10-21T15:00:47,22.5,11.1238434802504,79.0183136392333,NOISE,2024-10-21T15:00:47,22.5,11.1238434802504,79.0183136392333,NOISE
2026-03-04T10:44:18.486747,Map-Energy__sum__linear-conv00826-20241021_120047-20241021_180047-25.000000-30.000000.png,2024-10-21T12:00:47,2024-10-21T18:00:47,25.0,30.0,2024-10-21T15:00:47,27.5,10.889673808393,79.020806600637,NOISE,2024-10-21T15:00:47,27.5,10.889673808393,79.020806600637,NOISE,2024-10-21T15:00:47,27.5,10.889673808393,79.020806600637,NOISE,2024-10-21T15:00:47,27.5,10.889673808393,79.020806600637,NOISE
2026-03-04T10:49:24.887208,Map-Energy__sum__linear-conv00827-20241021_120047-20241021_180047-30.000000-35.000000.png,2024-10-21T12:00:47,2024-10-21T18:00:47,30.0,35.0,2024-10-21T15:00:47,32.5,10.6593790614908,79.0131989106931,NOISE,2024-10-21T15:00:47,32.5,10.6593790614908,79.0131989106931,NOISE,2024-10-21T15:00:47,32.5,10.6593790614908,79.0131989106931,NOISE,2024-10-21T15:00:47,32.5,10.6593790614908,79.0131989106931,NOISE
2026-03-04T10:53:59.470890,Map-Energy__sum__linear-conv00828-20241021_120047-20241021_180047-35.000000-40.000000.png,2024-10-21T12:00:47,2024-10-21T18:00:47,35.0,40.0,2024-10-21T15:00:47,37.5,10.437915725008,78.9984509925074,NOISE,2024-10-21T15:00:47,37.5,10.437915725008,78.9984509925074,NOISE,2024-10-21T15:00:47,37.5,10.437915725008,78.9984509925074,NOISE,2024-10-21T15:00:47,37.5,10.437915725008,78.9984509925074,NOISE
2026-03-04T10:59:54.094208,Map-Energy__sum__linear-conv00829-20241021_120047-20241021_180047-40.000000-45.000000.png,2024-10-21T12:00:47,2024-10-21T18:00:47,40.0,45.0,2024-10-21T15:00:47,42.5,10.2209936532221,78.9814941910257,NOISE,2024-10-21T15:00:47,42.5,10.2209936532221,78.9814941910257,NOISE,2024-10-21T15:00:47,42.5,10.2209936532221,78.9814941910257,NOISE,2024-10-21T15:00:47,42.5,10.2209936532221,78.9814941910257,NOISE
2026-03-04T11:03:57.926662,Map-Energy__sum__linear-conv00830-20241021_120047-20241021_180047-45.000000-49.900000.png,2024-10-21T12:00:47,2024-10-21T18:00:47,45.0,49.9,2024-10-21T15:00:47,47.45,10.0532262506808,78.9644950928927,NOISE,2024-10-21T15:00:47,47.45,10.0532262506808,78.9644950928927,NOISE,2024-10-21T15:00:47,47.45,10.0532262506808,78.9644950928927,NOISE,2024-10-21T15:00:47,47.45,10.0532262506808,78.9644950928927,NOISE
2026-03-04T09:40:47.769446,Map-Energy__sum__linear-conv00831-20241021_180047-20241022_000047-0.050000-5.000000.png,2024-10-21T18:00:47,2024-10-22T00:00:47,0.05,5.0,2024-10-21T21:00:47,2.525,11.9301635288236,78.9554869237935,NOISE,2024-10-21T21:00:47,2.525,11.9301635288236,78.9554869237935,NOISE,2024-10-21T21:00:47,2.525,11.9301635288236,78.9554869237935,NOISE,2024-10-21T21:00:47,2.525,11.9301635288236,78.9554869237935,NOISE
2026-03-04T10:04:37.801148,Map-Energy__sum__linear-conv00832-20241021_180047-20241022_000047-5.000000-10.000000.png,2024-10-21T18:00:47,2024-10-22T00:00:47,5.0,10.0,2024-10-21T21:00:47,7.5,11.7898272340434,78.9877048432448,NOISE,2024-10-21T21:00:47,7.5,11.7898272340434,78.9877048432448,NOISE,2024-10-21T21:00:47,7.5,11.7898272340434,78.9877048432448,NOISE,2024-10-21T21:00:47,7.5,11.7898272340434,78.9877048432448,NOISE
2026-03-04T10:10:35.688925,Map-Energy__sum__linear-conv00833-20241021_180047-20241022_000047-10.000000-15.000000.png,2024-10-21T18:00:47,2024-10-22T00:00:47,10.0,15.0,2024-10-21T21:00:47,12.5,11.5594114413877,78.9903276217732,NOISE,2024-10-21T21:00:47,12.5,11.5594114413877,78.9903276217732,NOISE,2024-10-21T21:00:47,12.5,11.5594114413877,78.9903276217732,NOISE,2024-10-21T21:00:47,12.5,11.5594114413877,78.9903276217732,NOISE
2026-03-04T10:21:01.744276,Map-Energy__sum__linear-conv00834-20241021_180047-20241022_000047-15.000000-20.000000.png,2024-10-21T18:00:47,2024-10-22T00:00:47,15.0,20.0,2024-10-21T21:00:47,17.5,11.3555231115476,79.0115662370871,NOISE,2024-10-21T21:00:47,17.5,11.3555231115476,79.0115662370871,NOISE,2024-10-21T21:00:47,17.5,11.3555231115476,79.0115662370871,NOISE,2024-10-21T21:00:47,17.5,11.3555231115476,79.0115662370871,NOISE
2026-03-04T10:35:13.247747,Map-Energy__sum__linear-conv00835-20241021_180047-20241022_000047-20.000000-25.000000.png,2024-10-21T18:00:47,2024-10-22T00:00:47,20.0,25.0,2024-10-21T21:00:47,22.5,11.1238434802504,79.0183136392333,NOISE,2024-10-21T21:00:47,22.5,11.1238434802504,79.0183136392333,NOISE,2024-10-21T21:00:47,22.5,11.1238434802504,79.0183136392333,NOISE,2024-10-21T21:00:47,22.5,11.1238434802504,79.0183136392333,NOISE
2026-03-04T10:44:19.831097,Map-Energy__sum__linear-conv00836-20241021_180047-20241022_000047-25.000000-30.000000.png,2024-10-21T18:00:47,2024-10-22T00:00:47,25.0,30.0,2024-10-21T21:00:47,27.5,10.889673808393,79.020806600637,NOISE,2024-10-21T21:00:47,27.5,10.889673808393,79.020806600637,NOISE,2024-10-21T21:00:47,27.5,10.889673808393,79.020806600637,NOISE,2024-10-21T21:00:47,27.5,10.889673808393,79.020806600637,NOISE
2026-03-04T10:49:26.487212,Map-Energy__sum__linear-conv00837-20241021_180047-20241022_000047-30.000000-35.000000.png,2024-10-21T18:00:47,2024-10-22T00:00:47,30.0,35.0,2024-10-21T21:00:47,32.5,10.6593790614908,79.0131989106931,NOISE,2024-10-21T21:00:47,32.5,10.6593790614908,79.0131989106931,NOISE,2024-10-21T21:00:47,32.5,10.6593790614908,79.0131989106931,NOISE,2024-10-21T21:00:47,32.5,10.6593790614908,79.0131989106931,NOISE
2026-03-04T10:54:00.830832,Map-Energy__sum__linear-conv00838-20241021_180047-20241022_000047-35.000000-40.000000.png,2024-10-21T18:00:47,2024-10-22T00:00:47,35.0,40.0,2024-10-21T21:00:47,37.5,10.437915725008,78.9984509925074,NOISE,2024-10-21T21:00:47,37.5,10.437915725008,78.9984509925074,NOISE,2024-10-21T21:00:47,37.5,10.437915725008,78.9984509925074,NOISE,2024-10-21T21:00:47,37.5,10.437915725008,78.9984509925074,NOISE
2026-03-04T10:59:55.654201,Map-Energy__sum__linear-conv00839-20241021_180047-20241022_000047-40.000000-45.000000.png,2024-10-21T18:00:47,2024-10-22T00:00:47,40.0,45.0,2024-10-21T21:00:47,42.5,10.2209936532221,78.9814941910257,NOISE,2024-10-21T21:00:47,42.5,10.2209936532221,78.9814941910257,NOISE,2024-10-21T21:00:47,42.5,10.2209936532221,78.9814941910257,NOISE,2024-10-21T21:00:47,42.5,10.2209936532221,78.9814941910257,NOISE
2026-03-04T11:04:04.526651,Map-Energy__sum__linear-conv00840-20241021_180047-20241022_000047-45.000000-49.900000.png,2024-10-21T18:00:47,2024-10-22T00:00:47,45.0,49.9,2024-10-21T21:00:47,47.45,10.0532262506808,78.9644950928927,NOISE,2024-10-21T21:00:47,47.45,10.0532262506808,78.9644950928927,NOISE,2024-10-21T21:00:47,47.45,10.0532262506808,78.9644950928927,NOISE,2024-10-21T21:00:47,47.45,10.0532262506808,78.9644950928927,NOISE
2026-03-04T09:40:52.481335,Map-Energy__sum__linear-conv00841-20241022_000047-20241022_060047-0.050000-5.000000.png,2024-10-22T00:00:47,2024-10-22T06:00:47,0.05,5.0,2024-10-22T03:00:47,2.525,11.9301635288236,78.9554869237935,NOISE,2024-10-22T03:00:47,2.525,11.9301635288236,78.9554869237935,NOISE,2024-10-22T03:00:47,2.525,11.9301635288236,78.9554869237935,NOISE,2024-10-22T03:00:47,2.525,11.9301635288236,78.9554869237935,NOISE
2026-03-04T10:04:40.360823,Map-Energy__sum__linear-conv00842-20241022_000047-20241022_060047-5.000000-10.000000.png,2024-10-22T00:00:47,2024-10-22T06:00:47,5.0,10.0,2024-10-22T03:00:47,7.5,11.7898272340434,78.9877048432448,NOISE,2024-10-22T03:00:47,7.5,11.7898272340434,78.9877048432448,NOISE,2024-10-22T03:00:47,7.5,11.7898272340434,78.9877048432448,NOISE,2024-10-22T03:00:47,7.5,11.7898272340434,78.9877048432448,NOISE
2026-03-04T10:10:37.352673,Map-Energy__sum__linear-conv00843-20241022_000047-20241022_060047-10.000000-15.000000.png,2024-10-22T00:00:47,2024-10-22T06:00:47,10.0,15.0,2024-10-22T03:00:47,12.5,11.5594114413877,78.9903276217732,NOISE,2024-10-22T03:00:47,12.5,11.5594114413877,78.9903276217732,NOISE,2024-10-22T03:00:47,12.5,11.5594114413877,78.9903276217732,NOISE,2024-10-22T03:00:47,12.5,11.5594114413877,78.9903276217732,NOISE
2026-03-04T10:21:09.776455,Map-Energy__sum__linear-conv00844-20241022_000047-20241022_060047-15.000000-20.000000.png,2024-10-22T00:00:47,2024-10-22T06:00:47,15.0,20.0,2024-10-22T03:00:47,17.5,11.3555231115476,79.0115662370871,NOISE,2024-10-22T03:00:47,17.5,11.3555231115476,79.0115662370871,NOISE,2024-10-22T03:00:47,17.5,11.3555231115476,79.0115662370871,NOISE,2024-10-22T03:00:47,17.5,11.3555231115476,79.0115662370871,NOISE
2026-03-04T10:35:14.575823,Map-Energy__sum__linear-conv00845-20241022_000047-20241022_060047-20.000000-25.000000.png,2024-10-22T00:00:47,2024-10-22T06:00:47,20.0,25.0,2024-10-22T03:00:47,22.5,11.1238434802504,79.0183136392333,NOISE,2024-10-22T03:00:47,22.5,11.1238434802504,79.0183136392333,NOISE,2024-10-22T03:00:47,22.5,11.1238434802504,79.0183136392333,NOISE,2024-10-22T03:00:47,22.5,11.1238434802504,79.0183136392333,NOISE
2026-03-04T10:44:21.887146,Map-Energy__sum__linear-conv00846-20241022_000047-20241022_060047-25.000000-30.000000.png,2024-10-22T00:00:47,2024-10-22T06:00:47,25.0,30.0,2024-10-22T03:00:47,27.5,10.889673808393,79.020806600637,NOISE,2024-10-22T03:00:47,27.5,10.889673808393,79.020806600637,NOISE,2024-10-22T03:00:47,27.5,10.889673808393,79.020806600637,NOISE,2024-10-22T03:00:47,27.5,10.889673808393,79.020806600637,NOISE
2026-03-04T10:49:28.166782,Map-Energy__sum__linear-conv00847-20241022_000047-20241022_060047-30.000000-35.000000.png,2024-10-22T00:00:47,2024-10-22T06:00:47,30.0,35.0,2024-10-22T03:00:47,32.5,10.6593790614908,79.0131989106931,NOISE,2024-10-22T03:00:47,32.5,10.6593790614908,79.0131989106931,NOISE,2024-10-22T03:00:47,32.5,10.6593790614908,79.0131989106931,NOISE,2024-10-22T03:00:47,32.5,10.6593790614908,79.0131989106931,NOISE
2026-03-04T10:54:02.367011,Map-Energy__sum__linear-conv00848-20241022_000047-20241022_060047-35.000000-40.000000.png,2024-10-22T00:00:47,2024-10-22T06:00:47,35.0,40.0,2024-10-22T03:00:47,37.5,10.437915725008,78.9984509925074,NOISE,2024-10-22T03:00:47,37.5,10.437915725008,78.9984509925074,NOISE,2024-10-22T03:00:47,37.5,10.437915725008,78.9984509925074,NOISE,2024-10-22T03:00:47,37.5,10.437915725008,78.9984509925074,NOISE
2026-03-04T10:59:58.406806,Map-Energy__sum__linear-conv00849-20241022_000047-20241022_060047-40.000000-45.000000.png,2024-10-22T00:00:47,2024-10-22T06:00:47,40.0,45.0,2024-10-22T03:00:47,42.5,10.2209936532221,78.9814941910257,NOISE,2024-10-22T03:00:47,42.5,10.2209936532221,78.9814941910257,NOISE,2024-10-22T03:00:47,42.5,10.2209936532221,78.9814941910257,NOISE,2024-10-22T03:00:47,42.5,10.2209936532221,78.9814941910257,NOISE
2026-03-04T11:04:05.413344,Map-Energy__sum__linear-conv00850-20241022_000047-20241022_060047-45.000000-49.900000.png,2024-10-22T00:00:47,2024-10-22T06:00:47,45.0,49.9,2024-10-22T03:00:47,47.45,10.0532262506808,78.9644950928927,NOISE,2024-10-22T03:00:47,47.45,10.0532262506808,78.9644950928927,NOISE,2024-10-22T03:00:47,47.45,10.0532262506808,78.9644950928927,NOISE,2024-10-22T03:00:47,47.45,10.0532262506808,78.9644950928927,NOISE
2026-03-04T09:40:56.089471,Map-Energy__sum__linear-conv00851-20241022_060047-20241022_120047-0.050000-5.000000.png,2024-10-22T06:00:47,2024-10-22T12:00:47,0.05,5.0,2024-10-22T09:00:47,2.525,11.9301635288236,78.9554869237935,NOISE,2024-10-22T09:00:47,2.525,11.9301635288236,78.9554869237935,NOISE,2024-10-22T09:00:47,2.525,11.9301635288236,78.9554869237935,NOISE,2024-10-22T09:00:47,2.525,11.9301635288236,78.9554869237935,NOISE
2026-03-04T10:04:42.320288,Map-Energy__sum__linear-conv00852-20241022_060047-20241022_120047-5.000000-10.000000.png,2024-10-22T06:00:47,2024-10-22T12:00:47,5.0,10.0,2024-10-22T09:00:47,7.5,11.7898272340434,78.9877048432448,NOISE,2024-10-22T09:00:47,7.5,11.7898272340434,78.9877048432448,NOISE,2024-10-22T09:00:47,7.5,11.7898272340434,78.9877048432448,NOISE,2024-10-22T09:00:47,7.5,11.7898272340434,78.9877048432448,NOISE
2026-03-04T10:10:38.736709,Map-Energy__sum__linear-conv00853-20241022_060047-20241022_120047-10.000000-15.000000.png,2024-10-22T06:00:47,2024-10-22T12:00:47,10.0,15.0,2024-10-22T09:00:47,12.5,11.5594114413877,78.9903276217732,NOISE,2024-10-22T09:00:47,12.5,11.5594114413877,78.9903276217732,NOISE,2024-10-22T09:00:47,12.5,11.5594114413877,78.9903276217732,NOISE,2024-10-22T09:00:47,12.5,11.5594114413877,78.9903276217732,NOISE
2026-03-04T10:21:19.672278,Map-Energy__sum__linear-conv00854-20241022_060047-20241022_120047-15.000000-20.000000.png,2024-10-22T06:00:47,2024-10-22T12:00:47,15.0,20.0,2024-10-22T09:00:47,17.5,11.3555231115476,79.0115662370871,NOISE,2024-10-22T09:00:47,17.5,11.3555231115476,79.0115662370871,NOISE,2024-10-22T09:00:47,17.5,11.3555231115476,79.0115662370871,NOISE,2024-10-22T09:00:47,17.5,11.3555231115476,79.0115662370871,NOISE
2026-03-04T10:35:15.894851,Map-Energy__sum__linear-conv00855-20241022_060047-20241022_120047-20.000000-25.000000.png,2024-10-22T06:00:47,2024-10-22T12:00:47,20.0,25.0,2024-10-22T09:00:47,22.5,11.1238434802504,79.0183136392333,NOISE,2024-10-22T09:00:47,22.5,11.1238434802504,79.0183136392333,NOISE,2024-10-22T09:00:47,22.5,11.1238434802504,79.0183136392333,NOISE,2024-10-22T09:00:47,22.5,11.1238434802504,79.0183136392333,NOISE
2026-03-04T10:44:23.895230,Map-Energy__sum__linear-conv00856-20241022_060047-20241022_120047-25.000000-30.000000.png,2024-10-22T06:00:47,2024-10-22T12:00:47,25.0,30.0,2024-10-22T09:00:47,27.5,10.889673808393,79.020806600637,NOISE,2024-10-22T09:00:47,27.5,10.889673808393,79.020806600637,NOISE,2024-10-22T09:00:47,27.5,10.889673808393,79.020806600637,NOISE,2024-10-22T09:00:47,27.5,10.889673808393,79.020806600637,NOISE
2026-03-04T10:49:29.543205,Map-Energy__sum__linear-conv00857-20241022_060047-20241022_120047-30.000000-35.000000.png,2024-10-22T06:00:47,2024-10-22T12:00:47,30.0,35.0,2024-10-22T09:00:47,32.5,10.6593790614908,79.0131989106931,NOISE,2024-10-22T09:00:47,32.5,10.6593790614908,79.0131989106931,NOISE,2024-10-22T09:00:47,32.5,10.6593790614908,79.0131989106931,NOISE,2024-10-22T09:00:47,32.5,10.6593790614908,79.0131989106931,NOISE
2026-03-04T10:54:03.630866,Map-Energy__sum__linear-conv00858-20241022_060047-20241022_120047-35.000000-40.000000.png,2024-10-22T06:00:47,2024-10-22T12:00:47,35.0,40.0,2024-10-22T09:00:47,37.5,10.437915725008,78.9984509925074,NOISE,2024-10-22T09:00:47,37.5,10.437915725008,78.9984509925074,NOISE,2024-10-22T09:00:47,37.5,10.437915725008,78.9984509925074,NOISE,2024-10-22T09:00:47,37.5,10.437915725008,78.9984509925074,NOISE
2026-03-04T11:00:00.014313,Map-Energy__sum__linear-conv00859-20241022_060047-20241022_120047-40.000000-45.000000.png,2024-10-22T06:00:47,2024-10-22T12:00:47,40.0,45.0,2024-10-22T09:00:47,42.5,10.2209936532221,78.9814941910257,NOISE,2024-10-22T09:00:47,42.5,10.2209936532221,78.9814941910257,NOISE,2024-10-22T09:00:47,42.5,10.2209936532221,78.9814941910257,NOISE,2024-10-22T09:00:47,42.5,10.2209936532221,78.9814941910257,NOISE
2026-03-04T11:04:06.669867,Map-Energy__sum__linear-conv00860-20241022_060047-20241022_120047-45.000000-49.900000.png,2024-10-22T06:00:47,2024-10-22T12:00:47,45.0,49.9,2024-10-22T09:00:47,47.45,10.0532262506808,78.9644950928927,NOISE,2024-10-22T09:00:47,47.45,10.0532262506808,78.9644950928927,NOISE,2024-10-22T09:00:47,47.45,10.0532262506808,78.9644950928927,NOISE,2024-10-22T09:00:47,47.45,10.0532262506808,78.9644950928927,NOISE
2026-03-04T09:40:59.377263,Map-Energy__sum__linear-conv00861-20241022_120047-20241022_180047-0.050000-5.000000.png,2024-10-22T12:00:47,2024-10-22T18:00:47,0.05,5.0,2024-10-22T15:00:47,2.525,11.9301635288236,78.9554869237935,NOISE,2024-10-22T15:00:47,2.525,11.9301635288236,78.9554869237935,NOISE,2024-10-22T15:00:47,2.525,11.9301635288236,78.9554869237935,NOISE,2024-10-22T15:00:47,2.525,11.9301635288236,78.9554869237935,NOISE
2026-03-04T10:04:45.680130,Map-Energy__sum__linear-conv00862-20241022_120047-20241022_180047-5.000000-10.000000.png,2024-10-22T12:00:47,2024-10-22T18:00:47,5.0,10.0,2024-10-22T15:00:47,7.5,11.7898272340434,78.9877048432448,NOISE,2024-10-22T15:00:47,7.5,11.7898272340434,78.9877048432448,NOISE,2024-10-22T15:00:47,7.5,11.7898272340434,78.9877048432448,NOISE,2024-10-22T15:00:47,7.5,11.7898272340434,78.9877048432448,NOISE
2026-03-04T10:10:40.072309,Map-Energy__sum__linear-conv00863-20241022_120047-20241022_180047-10.000000-15.000000.png,2024-10-22T12:00:47,2024-10-22T18:00:47,10.0,15.0,2024-10-22T15:00:47,12.5,11.5594114413877,78.9903276217732,NOISE,2024-10-22T15:00:47,12.5,11.5594114413877,78.9903276217732,NOISE,2024-10-22T15:00:47,12.5,11.5594114413877,78.9903276217732,NOISE,2024-10-22T15:00:47,12.5,11.5594114413877,78.9903276217732,NOISE
2026-03-04T10:21:25.208160,Map-Energy__sum__linear-conv00864-20241022_120047-20241022_180047-15.000000-20.000000.png,2024-10-22T12:00:47,2024-10-22T18:00:47,15.0,20.0,2024-10-22T15:00:47,17.5,11.3555231115476,79.0115662370871,NOISE,2024-10-22T15:00:47,17.5,11.3555231115476,79.0115662370871,NOISE,2024-10-22T15:00:47,17.5,11.3555231115476,79.0115662370871,NOISE,2024-10-22T15:00:47,17.5,11.3555231115476,79.0115662370871,NOISE
2026-03-04T10:35:17.015815,Map-Energy__sum__linear-conv00865-20241022_120047-20241022_180047-20.000000-25.000000.png,2024-10-22T12:00:47,2024-10-22T18:00:47,20.0,25.0,2024-10-22T15:00:47,22.5,11.1238434802504,79.0183136392333,NOISE,2024-10-22T15:00:47,22.5,11.1238434802504,79.0183136392333,NOISE,2024-10-22T15:00:47,22.5,11.1238434802504,79.0183136392333,NOISE,2024-10-22T15:00:47,22.5,11.1238434802504,79.0183136392333,NOISE
2026-03-04T10:44:25.326762,Map-Energy__sum__linear-conv00866-20241022_120047-20241022_180047-25.000000-30.000000.png,2024-10-22T12:00:47,2024-10-22T18:00:47,25.0,30.0,2024-10-22T15:00:47,27.5,10.889673808393,79.020806600637,NOISE,2024-10-22T15:00:47,27.5,10.889673808393,79.020806600637,NOISE,2024-10-22T15:00:47,27.5,10.889673808393,79.020806600637,NOISE,2024-10-22T15:00:47,27.5,10.889673808393,79.020806600637,NOISE
2026-03-04T10:49:30.766630,Map-Energy__sum__linear-conv00867-20241022_120047-20241022_180047-30.000000-35.000000.png,2024-10-22T12:00:47,2024-10-22T18:00:47,30.0,35.0,2024-10-22T15:00:47,32.5,10.6593790614908,79.0131989106931,NOISE,2024-10-22T15:00:47,32.5,10.6593790614908,79.0131989106931,NOISE,2024-10-22T15:00:47,32.5,10.6593790614908,79.0131989106931,NOISE,2024-10-22T15:00:47,32.5,10.6593790614908,79.0131989106931,NOISE
2026-03-04T10:54:08.183028,Map-Energy__sum__linear-conv00868-20241022_120047-20241022_180047-35.000000-40.000000.png,2024-10-22T12:00:47,2024-10-22T18:00:47,35.0,40.0,2024-10-22T15:00:47,37.5,10.437915725008,78.9984509925074,NOISE,2024-10-22T15:00:47,37.5,10.437915725008,78.9984509925074,NOISE,2024-10-22T15:00:47,37.5,10.437915725008,78.9984509925074,NOISE,2024-10-22T15:00:47,37.5,10.437915725008,78.9984509925074,NOISE
2026-03-04T11:00:01.830369,Map-Energy__sum__linear-conv00869-20241022_120047-20241022_180047-40.000000-45.000000.png,2024-10-22T12:00:47,2024-10-22T18:00:47,40.0,45.0,2024-10-22T15:00:47,42.5,10.2209936532221,78.9814941910257,NOISE,2024-10-22T15:00:47,42.5,10.2209936532221,78.9814941910257,NOISE,2024-10-22T15:00:47,42.5,10.2209936532221,78.9814941910257,NOISE,2024-10-22T15:00:47,42.5,10.2209936532221,78.9814941910257,NOISE
2026-03-04T11:04:07.870089,Map-Energy__sum__linear-conv00870-20241022_120047-20241022_180047-45.000000-49.900000.png,2024-10-22T12:00:47,2024-10-22T18:00:47,45.0,49.9,2024-10-22T15:00:47,47.45,10.0532262506808,78.9644950928927,NOISE,2024-10-22T15:00:47,47.45,10.0532262506808,78.9644950928927,NOISE,2024-10-22T15:00:47,47.45,10.0532262506808,78.9644950928927,NOISE,2024-10-22T15:00:47,47.45,10.0532262506808,78.9644950928927,NOISE
2026-03-04T09:41:02.817030,Map-Energy__sum__linear-conv00871-20241022_180047-20241023_000047-0.050000-5.000000.png,2024-10-22T18:00:47,2024-10-23T00:00:47,0.05,5.0,2024-10-22T21:00:47,2.525,11.9301635288236,78.9554869237935,NOISE,2024-10-22T21:00:47,2.525,11.9301635288236,78.9554869237935,NOISE,2024-10-22T21:00:47,2.525,11.9301635288236,78.9554869237935,NOISE,2024-10-22T21:00:47,2.525,11.9301635288236,78.9554869237935,NOISE
2026-03-04T10:04:47.328387,Map-Energy__sum__linear-conv00872-20241022_180047-20241023_000047-5.000000-10.000000.png,2024-10-22T18:00:47,2024-10-23T00:00:47,5.0,10.0,2024-10-22T21:00:47,7.5,11.7898272340434,78.9877048432448,NOISE,2024-10-22T21:00:47,7.5,11.7898272340434,78.9877048432448,NOISE,2024-10-22T21:00:47,7.5,11.7898272340434,78.9877048432448,NOISE,2024-10-22T21:00:47,7.5,11.7898272340434,78.9877048432448,NOISE
2026-03-04T10:10:41.504805,Map-Energy__sum__linear-conv00873-20241022_180047-20241023_000047-10.000000-15.000000.png,2024-10-22T18:00:47,2024-10-23T00:00:47,10.0,15.0,2024-10-22T21:00:47,12.5,11.5594114413877,78.9903276217732,NOISE,2024-10-22T21:00:47,12.5,11.5594114413877,78.9903276217732,NOISE,2024-10-22T21:00:47,12.5,11.5594114413877,78.9903276217732,NOISE,2024-10-22T21:00:47,12.5,11.5594114413877,78.9903276217732,NOISE
2026-03-04T10:21:29.218454,Map-Energy__sum__linear-conv00874-20241022_180047-20241023_000047-15.000000-20.000000.png,2024-10-22T18:00:47,2024-10-23T00:00:47,15.0,20.0,2024-10-22T21:00:47,17.5,11.3555231115476,79.0115662370871,NOISE,2024-10-22T21:00:47,17.5,11.3555231115476,79.0115662370871,NOISE,2024-10-22T21:00:47,17.5,11.3555231115476,79.0115662370871,NOISE,2024-10-22T21:00:47,17.5,11.3555231115476,79.0115662370871,NOISE
2026-03-04T10:35:18.535118,Map-Energy__sum__linear-conv00875-20241022_180047-20241023_000047-20.000000-25.000000.png,2024-10-22T18:00:47,2024-10-23T00:00:47,20.0,25.0,2024-10-22T21:00:47,22.5,11.1238434802504,79.0183136392333,NOISE,2024-10-22T21:00:47,22.5,11.1238434802504,79.0183136392333,NOISE,2024-10-22T21:00:47,22.5,11.1238434802504,79.0183136392333,NOISE,2024-10-22T21:00:47,22.5,11.1238434802504,79.0183136392333,NOISE
2026-03-04T10:44:26.791396,Map-Energy__sum__linear-conv00876-20241022_180047-20241023_000047-25.000000-30.000000.png,2024-10-22T18:00:47,2024-10-23T00:00:47,25.0,30.0,2024-10-22T21:00:47,27.5,10.889673808393,79.020806600637,NOISE,2024-10-22T21:00:47,27.5,10.889673808393,79.020806600637,NOISE,2024-10-22T21:00:47,27.5,10.889673808393,79.020806600637,NOISE,2024-10-22T21:00:47,27.5,10.889673808393,79.020806600637,NOISE
2026-03-04T10:49:31.912266,Map-Energy__sum__linear-conv00877-20241022_180047-20241023_000047-30.000000-35.000000.png,2024-10-22T18:00:47,2024-10-23T00:00:47,30.0,35.0,2024-10-22T21:00:47,32.5,10.6593790614908,79.0131989106931,NOISE,2024-10-22T21:00:47,32.5,10.6593790614908,79.0131989106931,NOISE,2024-10-22T21:00:47,32.5,10.6593790614908,79.0131989106931,NOISE,2024-10-22T21:00:47,32.5,10.6593790614908,79.0131989106931,NOISE
2026-03-04T10:54:46.509986,Map-Energy__sum__linear-conv00878-20241022_180047-20241023_000047-35.000000-40.000000.png,2024-10-22T18:00:47,2024-10-23T00:00:47,35.0,40.0,2024-10-22T18:22:31,36.075898,10.4998048147326,79.0031658393141,SEISMIC,2024-10-22T20:02:18,36.107026,10.4985005408721,79.0030644991285,SEISMIC,2024-10-22T21:00:47,37.5,10.437915725008,78.9984509925074,NOISE,2024-10-22T21:00:47,37.5,10.437915725008,78.9984509925074,NOISE
2026-03-04T11:00:05.126369,Map-Energy__sum__linear-conv00879-20241022_180047-20241023_000047-40.000000-45.000000.png,2024-10-22T18:00:47,2024-10-23T00:00:47,40.0,45.0,2024-10-22T21:00:47,42.5,10.2209936532221,78.9814941910257,NOISE,2024-10-22T21:00:47,42.5,10.2209936532221,78.9814941910257,NOISE,2024-10-22T21:00:47,42.5,10.2209936532221,78.9814941910257,NOISE,2024-10-22T21:00:47,42.5,10.2209936532221,78.9814941910257,NOISE
2026-03-04T11:04:40.550640,Map-Energy__sum__linear-conv00880-20241022_180047-20241023_000047-45.000000-49.900000.png,2024-10-22T18:00:47,2024-10-23T00:00:47,45.0,49.9,2024-10-22T18:39:59,47.655911,10.0532262506808,78.9644950928927,SEISMIC,2024-10-22T19:41:00,47.716922,10.0532262506808,78.9644950928927,SEISMIC,2024-10-22T21:22:04,47.617779,10.0532262506808,78.9644950928927,SEISMIC,2024-10-22T21:00:47,47.45,10.0532262506808,78.9644950928927,NOISE
2026-03-04T09:41:04.025277,Map-Energy__sum__linear-conv00881-20241023_000047-20241023_060047-0.050000-5.000000.png,2024-10-23T00:00:47,2024-10-23T06:00:47,0.05,5.0,2024-10-23T03:00:47,2.525,11.9301635288236,78.9554869237935,NOISE,2024-10-23T03:00:47,2.525,11.9301635288236,78.9554869237935,NOISE,2024-10-23T03:00:47,2.525,11.9301635288236,78.9554869237935,NOISE,2024-10-23T03:00:47,2.525,11.9301635288236,78.9554869237935,NOISE
2026-03-04T10:04:49.120801,Map-Energy__sum__linear-conv00882-20241023_000047-20241023_060047-5.000000-10.000000.png,2024-10-23T00:00:47,2024-10-23T06:00:47,5.0,10.0,2024-10-23T03:00:47,7.5,11.7898272340434,78.9877048432448,NOISE,2024-10-23T03:00:47,7.5,11.7898272340434,78.9877048432448,NOISE,2024-10-23T03:00:47,7.5,11.7898272340434,78.9877048432448,NOISE,2024-10-23T03:00:47,7.5,11.7898272340434,78.9877048432448,NOISE
2026-03-04T10:10:42.976126,Map-Energy__sum__linear-conv00883-20241023_000047-20241023_060047-10.000000-15.000000.png,2024-10-23T00:00:47,2024-10-23T06:00:47,10.0,15.0,2024-10-23T03:00:47,12.5,11.5594114413877,78.9903276217732,NOISE,2024-10-23T03:00:47,12.5,11.5594114413877,78.9903276217732,NOISE,2024-10-23T03:00:47,12.5,11.5594114413877,78.9903276217732,NOISE,2024-10-23T03:00:47,12.5,11.5594114413877,78.9903276217732,NOISE
2026-03-04T10:21:39.376575,Map-Energy__sum__linear-conv00884-20241023_000047-20241023_060047-15.000000-20.000000.png,2024-10-23T00:00:47,2024-10-23T06:00:47,15.0,20.0,2024-10-23T04:49:09,18.379364,11.3156220733076,79.0136122811818,OTHER,2024-10-23T03:00:47,17.5,11.3555231115476,79.0115662370871,NOISE,2024-10-23T03:00:47,17.5,11.3555231115476,79.0115662370871,NOISE,2024-10-23T03:00:47,17.5,11.3555231115476,79.0115662370871,NOISE
2026-03-04T10:35:20.199742,Map-Energy__sum__linear-conv00885-20241023_000047-20241023_060047-20.000000-25.000000.png,2024-10-23T00:00:47,2024-10-23T06:00:47,20.0,25.0,2024-10-23T03:00:47,22.5,11.1238434802504,79.0183136392333,NOISE,2024-10-23T03:00:47,22.5,11.1238434802504,79.0183136392333,NOISE,2024-10-23T03:00:47,22.5,11.1238434802504,79.0183136392333,NOISE,2024-10-23T03:00:47,22.5,11.1238434802504,79.0183136392333,NOISE
2026-03-04T10:44:28.159395,Map-Energy__sum__linear-conv00886-20241023_000047-20241023_060047-25.000000-30.000000.png,2024-10-23T00:00:47,2024-10-23T06:00:47,25.0,30.0,2024-10-23T03:00:47,27.5,10.889673808393,79.020806600637,NOISE,2024-10-23T03:00:47,27.5,10.889673808393,79.020806600637,NOISE,2024-10-23T03:00:47,27.5,10.889673808393,79.020806600637,NOISE,2024-10-23T03:00:47,27.5,10.889673808393,79.020806600637,NOISE
2026-03-04T10:49:33.655254,Map-Energy__sum__linear-conv00887-20241023_000047-20241023_060047-30.000000-35.000000.png,2024-10-23T00:00:47,2024-10-23T06:00:47,30.0,35.0,2024-10-23T03:00:47,32.5,10.6593790614908,79.0131989106931,NOISE,2024-10-23T03:00:47,32.5,10.6593790614908,79.0131989106931,NOISE,2024-10-23T03:00:47,32.5,10.6593790614908,79.0131989106931,NOISE,2024-10-23T03:00:47,32.5,10.6593790614908,79.0131989106931,NOISE
2026-03-04T10:54:52.974891,Map-Energy__sum__linear-conv00888-20241023_000047-20241023_060047-35.000000-40.000000.png,2024-10-23T00:00:47,2024-10-23T06:00:47,35.0,40.0,2024-10-23T03:00:47,37.5,10.437915725008,78.9984509925074,NOISE,2024-10-23T03:00:47,37.5,10.437915725008,78.9984509925074,NOISE,2024-10-23T03:00:47,37.5,10.437915725008,78.9984509925074,NOISE,2024-10-23T03:00:47,37.5,10.437915725008,78.9984509925074,NOISE
2026-03-04T11:00:08.391211,Map-Energy__sum__linear-conv00889-20241023_000047-20241023_060047-40.000000-45.000000.png,2024-10-23T00:00:47,2024-10-23T06:00:47,40.0,45.0,2024-10-23T03:00:47,42.5,10.2209936532221,78.9814941910257,NOISE,2024-10-23T03:00:47,42.5,10.2209936532221,78.9814941910257,NOISE,2024-10-23T03:00:47,42.5,10.2209936532221,78.9814941910257,NOISE,2024-10-23T03:00:47,42.5,10.2209936532221,78.9814941910257,NOISE
2026-03-04T11:04:44.558184,Map-Energy__sum__linear-conv00890-20241023_000047-20241023_060047-45.000000-49.900000.png,2024-10-23T00:00:47,2024-10-23T06:00:47,45.0,49.9,2024-10-23T03:00:47,47.45,10.0532262506808,78.9644950928927,NOISE,2024-10-23T03:00:47,47.45,10.0532262506808,78.9644950928927,NOISE,2024-10-23T03:00:47,47.45,10.0532262506808,78.9644950928927,NOISE,2024-10-23T03:00:47,47.45,10.0532262506808,78.9644950928927,NOISE
2026-03-04T09:41:06.313879,Map-Energy__sum__linear-conv00891-20241023_060047-20241023_120047-0.050000-5.000000.png,2024-10-23T06:00:47,2024-10-23T12:00:47,0.05,5.0,2024-10-23T09:00:47,2.525,11.9301635288236,78.9554869237935,NOISE,2024-10-23T09:00:47,2.525,11.9301635288236,78.9554869237935,NOISE,2024-10-23T09:00:47,2.525,11.9301635288236,78.9554869237935,NOISE,2024-10-23T09:00:47,2.525,11.9301635288236,78.9554869237935,NOISE
2026-03-04T10:04:51.328556,Map-Energy__sum__linear-conv00892-20241023_060047-20241023_120047-5.000000-10.000000.png,2024-10-23T06:00:47,2024-10-23T12:00:47,5.0,10.0,2024-10-23T09:00:47,7.5,11.7898272340434,78.9877048432448,NOISE,2024-10-23T09:00:47,7.5,11.7898272340434,78.9877048432448,NOISE,2024-10-23T09:00:47,7.5,11.7898272340434,78.9877048432448,NOISE,2024-10-23T09:00:47,7.5,11.7898272340434,78.9877048432448,NOISE
2026-03-04T10:10:44.152781,Map-Energy__sum__linear-conv00893-20241023_060047-20241023_120047-10.000000-15.000000.png,2024-10-23T06:00:47,2024-10-23T12:00:47,10.0,15.0,2024-10-23T09:00:47,12.5,11.5594114413877,78.9903276217732,NOISE,2024-10-23T09:00:47,12.5,11.5594114413877,78.9903276217732,NOISE,2024-10-23T09:00:47,12.5,11.5594114413877,78.9903276217732,NOISE,2024-10-23T09:00:47,12.5,11.5594114413877,78.9903276217732,NOISE
2026-03-04T10:21:46.711416,Map-Energy__sum__linear-conv00894-20241023_060047-20241023_120047-15.000000-20.000000.png,2024-10-23T06:00:47,2024-10-23T12:00:47,15.0,20.0,2024-10-23T09:00:47,17.5,11.3555231115476,79.0115662370871,NOISE,2024-10-23T09:00:47,17.5,11.3555231115476,79.0115662370871,NOISE,2024-10-23T09:00:47,17.5,11.3555231115476,79.0115662370871,NOISE,2024-10-23T09:00:47,17.5,11.3555231115476,79.0115662370871,NOISE
2026-03-04T10:35:21.903685,Map-Energy__sum__linear-conv00895-20241023_060047-20241023_120047-20.000000-25.000000.png,2024-10-23T06:00:47,2024-10-23T12:00:47,20.0,25.0,2024-10-23T09:00:47,22.5,11.1238434802504,79.0183136392333,NOISE,2024-10-23T09:00:47,22.5,11.1238434802504,79.0183136392333,NOISE,2024-10-23T09:00:47,22.5,11.1238434802504,79.0183136392333,NOISE,2024-10-23T09:00:47,22.5,11.1238434802504,79.0183136392333,NOISE
2026-03-04T10:44:40.366800,Map-Energy__sum__linear-conv00896-20241023_060047-20241023_120047-25.000000-30.000000.png,2024-10-23T06:00:47,2024-10-23T12:00:47,25.0,30.0,2024-10-23T09:00:47,27.5,10.889673808393,79.020806600637,NOISE,2024-10-23T09:00:47,27.5,10.889673808393,79.020806600637,NOISE,2024-10-23T09:00:47,27.5,10.889673808393,79.020806600637,NOISE,2024-10-23T09:00:47,27.5,10.889673808393,79.020806600637,NOISE
2026-03-04T10:49:35.158792,Map-Energy__sum__linear-conv00897-20241023_060047-20241023_120047-30.000000-35.000000.png,2024-10-23T06:00:47,2024-10-23T12:00:47,30.0,35.0,2024-10-23T09:00:47,32.5,10.6593790614908,79.0131989106931,NOISE,2024-10-23T09:00:47,32.5,10.6593790614908,79.0131989106931,NOISE,2024-10-23T09:00:47,32.5,10.6593790614908,79.0131989106931,NOISE,2024-10-23T09:00:47,32.5,10.6593790614908,79.0131989106931,NOISE
2026-03-04T10:54:55.711011,Map-Energy__sum__linear-conv00898-20241023_060047-20241023_120047-35.000000-40.000000.png,2024-10-23T06:00:47,2024-10-23T12:00:47,35.0,40.0,2024-10-23T09:00:47,37.5,10.437915725008,78.9984509925074,NOISE,2024-10-23T09:00:47,37.5,10.437915725008,78.9984509925074,NOISE,2024-10-23T09:00:47,37.5,10.437915725008,78.9984509925074,NOISE,2024-10-23T09:00:47,37.5,10.437915725008,78.9984509925074,NOISE
2026-03-04T11:00:12.150540,Map-Energy__sum__linear-conv00899-20241023_060047-20241023_120047-40.000000-45.000000.png,2024-10-23T06:00:47,2024-10-23T12:00:47,40.0,45.0,2024-10-23T09:00:47,42.5,10.2209936532221,78.9814941910257,NOISE,2024-10-23T09:00:47,42.5,10.2209936532221,78.9814941910257,NOISE,2024-10-23T09:00:47,42.5,10.2209936532221,78.9814941910257,NOISE,2024-10-23T09:00:47,42.5,10.2209936532221,78.9814941910257,NOISE
2026-03-04T11:04:46.254875,Map-Energy__sum__linear-conv00900-20241023_060047-20241023_120047-45.000000-49.900000.png,2024-10-23T06:00:47,2024-10-23T12:00:47,45.0,49.9,2024-10-23T09:00:47,47.45,10.0532262506808,78.9644950928927,NOISE,2024-10-23T09:00:47,47.45,10.0532262506808,78.9644950928927,NOISE,2024-10-23T09:00:47,47.45,10.0532262506808,78.9644950928927,NOISE,2024-10-23T09:00:47,47.45,10.0532262506808,78.9644950928927,NOISE
2026-03-04T09:41:10.489476,Map-Energy__sum__linear-conv00901-20241023_120047-20241023_180047-0.050000-5.000000.png,2024-10-23T12:00:47,2024-10-23T18:00:47,0.05,5.0,2024-10-23T15:00:47,2.525,11.9301635288236,78.9554869237935,NOISE,2024-10-23T15:00:47,2.525,11.9301635288236,78.9554869237935,NOISE,2024-10-23T15:00:47,2.525,11.9301635288236,78.9554869237935,NOISE,2024-10-23T15:00:47,2.525,11.9301635288236,78.9554869237935,NOISE
2026-03-04T10:04:53.657022,Map-Energy__sum__linear-conv00902-20241023_120047-20241023_180047-5.000000-10.000000.png,2024-10-23T12:00:47,2024-10-23T18:00:47,5.0,10.0,2024-10-23T15:00:47,7.5,11.7898272340434,78.9877048432448,NOISE,2024-10-23T15:00:47,7.5,11.7898272340434,78.9877048432448,NOISE,2024-10-23T15:00:47,7.5,11.7898272340434,78.9877048432448,NOISE,2024-10-23T15:00:47,7.5,11.7898272340434,78.9877048432448,NOISE
2026-03-04T10:10:45.217022,Map-Energy__sum__linear-conv00903-20241023_120047-20241023_180047-10.000000-15.000000.png,2024-10-23T12:00:47,2024-10-23T18:00:47,10.0,15.0,2024-10-23T15:00:47,12.5,11.5594114413877,78.9903276217732,NOISE,2024-10-23T15:00:47,12.5,11.5594114413877,78.9903276217732,NOISE,2024-10-23T15:00:47,12.5,11.5594114413877,78.9903276217732,NOISE,2024-10-23T15:00:47,12.5,11.5594114413877,78.9903276217732,NOISE
2026-03-04T10:21:58.975976,Map-Energy__sum__linear-conv00904-20241023_120047-20241023_180047-15.000000-20.000000.png,2024-10-23T12:00:47,2024-10-23T18:00:47,15.0,20.0,2024-10-23T15:00:47,17.5,11.3555231115476,79.0115662370871,NOISE,2024-10-23T15:00:47,17.5,11.3555231115476,79.0115662370871,NOISE,2024-10-23T15:00:47,17.5,11.3555231115476,79.0115662370871,NOISE,2024-10-23T15:00:47,17.5,11.3555231115476,79.0115662370871,NOISE
2026-03-04T10:35:23.416026,Map-Energy__sum__linear-conv00905-20241023_120047-20241023_180047-20.000000-25.000000.png,2024-10-23T12:00:47,2024-10-23T18:00:47,20.0,25.0,2024-10-23T15:00:47,22.5,11.1238434802504,79.0183136392333,NOISE,2024-10-23T15:00:47,22.5,11.1238434802504,79.0183136392333,NOISE,2024-10-23T15:00:47,22.5,11.1238434802504,79.0183136392333,NOISE,2024-10-23T15:00:47,22.5,11.1238434802504,79.0183136392333,NOISE
2026-03-04T10:44:42.054552,Map-Energy__sum__linear-conv00906-20241023_120047-20241023_180047-25.000000-30.000000.png,2024-10-23T12:00:47,2024-10-23T18:00:47,25.0,30.0,2024-10-23T15:00:47,27.5,10.889673808393,79.020806600637,NOISE,2024-10-23T15:00:47,27.5,10.889673808393,79.020806600637,NOISE,2024-10-23T15:00:47,27.5,10.889673808393,79.020806600637,NOISE,2024-10-23T15:00:47,27.5,10.889673808393,79.020806600637,NOISE
2026-03-04T10:49:36.758825,Map-Energy__sum__linear-conv00907-20241023_120047-20241023_180047-30.000000-35.000000.png,2024-10-23T12:00:47,2024-10-23T18:00:47,30.0,35.0,2024-10-23T15:00:47,32.5,10.6593790614908,79.0131989106931,NOISE,2024-10-23T15:00:47,32.5,10.6593790614908,79.0131989106931,NOISE,2024-10-23T15:00:47,32.5,10.6593790614908,79.0131989106931,NOISE,2024-10-23T15:00:47,32.5,10.6593790614908,79.0131989106931,NOISE
2026-03-04T10:54:57.671078,Map-Energy__sum__linear-conv00908-20241023_120047-20241023_180047-35.000000-40.000000.png,2024-10-23T12:00:47,2024-10-23T18:00:47,35.0,40.0,2024-10-23T15:00:47,37.5,10.437915725008,78.9984509925074,NOISE,2024-10-23T15:00:47,37.5,10.437915725008,78.9984509925074,NOISE,2024-10-23T15:00:47,37.5,10.437915725008,78.9984509925074,NOISE,2024-10-23T15:00:47,37.5,10.437915725008,78.9984509925074,NOISE
2026-03-04T11:00:15.071020,Map-Energy__sum__linear-conv00909-20241023_120047-20241023_180047-40.000000-45.000000.png,2024-10-23T12:00:47,2024-10-23T18:00:47,40.0,45.0,2024-10-23T15:00:47,42.5,10.2209936532221,78.9814941910257,NOISE,2024-10-23T15:00:47,42.5,10.2209936532221,78.9814941910257,NOISE,2024-10-23T15:00:47,42.5,10.2209936532221,78.9814941910257,NOISE,2024-10-23T15:00:47,42.5,10.2209936532221,78.9814941910257,NOISE
2026-03-04T11:04:47.870665,Map-Energy__sum__linear-conv00910-20241023_120047-20241023_180047-45.000000-49.900000.png,2024-10-23T12:00:47,2024-10-23T18:00:47,45.0,49.9,2024-10-23T15:00:47,47.45,10.0532262506808,78.9644950928927,NOISE,2024-10-23T15:00:47,47.45,10.0532262506808,78.9644950928927,NOISE,2024-10-23T15:00:47,47.45,10.0532262506808,78.9644950928927,NOISE,2024-10-23T15:00:47,47.45,10.0532262506808,78.9644950928927,NOISE
2026-03-04T09:41:13.601587,Map-Energy__sum__linear-conv00911-20241023_180047-20241024_000047-0.050000-5.000000.png,2024-10-23T18:00:47,2024-10-24T00:00:47,0.05,5.0,2024-10-23T21:00:47,2.525,11.9301635288236,78.9554869237935,NOISE,2024-10-23T21:00:47,2.525,11.9301635288236,78.9554869237935,NOISE,2024-10-23T21:00:47,2.525,11.9301635288236,78.9554869237935,NOISE,2024-10-23T21:00:47,2.525,11.9301635288236,78.9554869237935,NOISE
2026-03-04T10:04:55.225107,Map-Energy__sum__linear-conv00912-20241023_180047-20241024_000047-5.000000-10.000000.png,2024-10-23T18:00:47,2024-10-24T00:00:47,5.0,10.0,2024-10-23T21:00:47,7.5,11.7898272340434,78.9877048432448,NOISE,2024-10-23T21:00:47,7.5,11.7898272340434,78.9877048432448,NOISE,2024-10-23T21:00:47,7.5,11.7898272340434,78.9877048432448,NOISE,2024-10-23T21:00:47,7.5,11.7898272340434,78.9877048432448,NOISE
2026-03-04T10:10:46.297437,Map-Energy__sum__linear-conv00913-20241023_180047-20241024_000047-10.000000-15.000000.png,2024-10-23T18:00:47,2024-10-24T00:00:47,10.0,15.0,2024-10-23T21:00:47,12.5,11.5594114413877,78.9903276217732,NOISE,2024-10-23T21:00:47,12.5,11.5594114413877,78.9903276217732,NOISE,2024-10-23T21:00:47,12.5,11.5594114413877,78.9903276217732,NOISE,2024-10-23T21:00:47,12.5,11.5594114413877,78.9903276217732,NOISE
2026-03-04T10:22:14.623859,Map-Energy__sum__linear-conv00914-20241023_180047-20241024_000047-15.000000-20.000000.png,2024-10-23T18:00:47,2024-10-24T00:00:47,15.0,20.0,2024-10-23T21:00:47,17.5,11.3555231115476,79.0115662370871,NOISE,2024-10-23T21:00:47,17.5,11.3555231115476,79.0115662370871,NOISE,2024-10-23T21:00:47,17.5,11.3555231115476,79.0115662370871,NOISE,2024-10-23T21:00:47,17.5,11.3555231115476,79.0115662370871,NOISE
2026-03-04T10:35:25.488807,Map-Energy__sum__linear-conv00915-20241023_180047-20241024_000047-20.000000-25.000000.png,2024-10-23T18:00:47,2024-10-24T00:00:47,20.0,25.0,2024-10-23T21:00:47,22.5,11.1238434802504,79.0183136392333,NOISE,2024-10-23T21:00:47,22.5,11.1238434802504,79.0183136392333,NOISE,2024-10-23T21:00:47,22.5,11.1238434802504,79.0183136392333,NOISE,2024-10-23T21:00:47,22.5,11.1238434802504,79.0183136392333,NOISE
2026-03-04T10:44:55.623377,Map-Energy__sum__linear-conv00916-20241023_180047-20241024_000047-25.000000-30.000000.png,2024-10-23T18:00:47,2024-10-24T00:00:47,25.0,30.0,2024-10-23T21:00:47,27.5,10.889673808393,79.020806600637,NOISE,2024-10-23T21:00:47,27.5,10.889673808393,79.020806600637,NOISE,2024-10-23T21:00:47,27.5,10.889673808393,79.020806600637,NOISE,2024-10-23T21:00:47,27.5,10.889673808393,79.020806600637,NOISE
2026-03-04T10:49:38.024066,Map-Energy__sum__linear-conv00917-20241023_180047-20241024_000047-30.000000-35.000000.png,2024-10-23T18:00:47,2024-10-24T00:00:47,30.0,35.0,2024-10-23T21:00:47,32.5,10.6593790614908,79.0131989106931,NOISE,2024-10-23T21:00:47,32.5,10.6593790614908,79.0131989106931,NOISE,2024-10-23T21:00:47,32.5,10.6593790614908,79.0131989106931,NOISE,2024-10-23T21:00:47,32.5,10.6593790614908,79.0131989106931,NOISE
2026-03-04T10:54:59.454908,Map-Energy__sum__linear-conv00918-20241023_180047-20241024_000047-35.000000-40.000000.png,2024-10-23T18:00:47,2024-10-24T00:00:47,35.0,40.0,2024-10-23T21:00:47,37.5,10.437915725008,78.9984509925074,NOISE,2024-10-23T21:00:47,37.5,10.437915725008,78.9984509925074,NOISE,2024-10-23T21:00:47,37.5,10.437915725008,78.9984509925074,NOISE,2024-10-23T21:00:47,37.5,10.437915725008,78.9984509925074,NOISE
2026-03-04T11:00:18.502794,Map-Energy__sum__linear-conv00919-20241023_180047-20241024_000047-40.000000-45.000000.png,2024-10-23T18:00:47,2024-10-24T00:00:47,40.0,45.0,2024-10-23T21:00:47,42.5,10.2209936532221,78.9814941910257,NOISE,2024-10-23T21:00:47,42.5,10.2209936532221,78.9814941910257,NOISE,2024-10-23T21:00:47,42.5,10.2209936532221,78.9814941910257,NOISE,2024-10-23T21:00:47,42.5,10.2209936532221,78.9814941910257,NOISE
2026-03-04T11:04:49.246623,Map-Energy__sum__linear-conv00920-20241023_180047-20241024_000047-45.000000-49.900000.png,2024-10-23T18:00:47,2024-10-24T00:00:47,45.0,49.9,2024-10-23T21:00:47,47.45,10.0532262506808,78.9644950928927,NOISE,2024-10-23T21:00:47,47.45,10.0532262506808,78.9644950928927,NOISE,2024-10-23T21:00:47,47.45,10.0532262506808,78.9644950928927,NOISE,2024-10-23T21:00:47,47.45,10.0532262506808,78.9644950928927,NOISE
2026-03-04T09:41:17.769644,Map-Energy__sum__linear-conv00921-20241024_000047-20241024_060047-0.050000-5.000000.png,2024-10-24T00:00:47,2024-10-24T06:00:47,0.05,5.0,2024-10-24T03:00:47,2.525,11.9301635288236,78.9554869237935,NOISE,2024-10-24T03:00:47,2.525,11.9301635288236,78.9554869237935,NOISE,2024-10-24T03:00:47,2.525,11.9301635288236,78.9554869237935,NOISE,2024-10-24T03:00:47,2.525,11.9301635288236,78.9554869237935,NOISE
2026-03-04T10:04:57.089139,Map-Energy__sum__linear-conv00922-20241024_000047-20241024_060047-5.000000-10.000000.png,2024-10-24T00:00:47,2024-10-24T06:00:47,5.0,10.0,2024-10-24T03:00:47,7.5,11.7898272340434,78.9877048432448,NOISE,2024-10-24T03:00:47,7.5,11.7898272340434,78.9877048432448,NOISE,2024-10-24T03:00:47,7.5,11.7898272340434,78.9877048432448,NOISE,2024-10-24T03:00:47,7.5,11.7898272340434,78.9877048432448,NOISE
2026-03-04T10:10:47.313245,Map-Energy__sum__linear-conv00923-20241024_000047-20241024_060047-10.000000-15.000000.png,2024-10-24T00:00:47,2024-10-24T06:00:47,10.0,15.0,2024-10-24T03:00:47,12.5,11.5594114413877,78.9903276217732,NOISE,2024-10-24T03:00:47,12.5,11.5594114413877,78.9903276217732,NOISE,2024-10-24T03:00:47,12.5,11.5594114413877,78.9903276217732,NOISE,2024-10-24T03:00:47,12.5,11.5594114413877,78.9903276217732,NOISE
2026-03-04T10:22:30.960218,Map-Energy__sum__linear-conv00924-20241024_000047-20241024_060047-15.000000-20.000000.png,2024-10-24T00:00:47,2024-10-24T06:00:47,15.0,20.0,2024-10-24T01:34:01,16.900788,11.380559238154,79.0091412977025,OTHER,2024-10-24T03:00:47,17.5,11.3555231115476,79.0115662370871,NOISE,2024-10-24T03:00:47,17.5,11.3555231115476,79.0115662370871,NOISE,2024-10-24T03:00:47,17.5,11.3555231115476,79.0115662370871,NOISE
2026-03-04T10:35:27.143737,Map-Energy__sum__linear-conv00925-20241024_000047-20241024_060047-20.000000-25.000000.png,2024-10-24T00:00:47,2024-10-24T06:00:47,20.0,25.0,2024-10-24T03:00:47,22.5,11.1238434802504,79.0183136392333,NOISE,2024-10-24T03:00:47,22.5,11.1238434802504,79.0183136392333,NOISE,2024-10-24T03:00:47,22.5,11.1238434802504,79.0183136392333,NOISE,2024-10-24T03:00:47,22.5,11.1238434802504,79.0183136392333,NOISE
2026-03-04T10:45:09.143053,Map-Energy__sum__linear-conv00926-20241024_000047-20241024_060047-25.000000-30.000000.png,2024-10-24T00:00:47,2024-10-24T06:00:47,25.0,30.0,2024-10-24T02:56:20,25.679017,10.9749715466315,79.0208207926093,OTHER,2024-10-24T03:00:47,27.5,10.889673808393,79.020806600637,NOISE,2024-10-24T03:00:47,27.5,10.889673808393,79.020806600637,NOISE,2024-10-24T03:00:47,27.5,10.889673808393,79.020806600637,NOISE
2026-03-04T10:49:39.183271,Map-Energy__sum__linear-conv00927-20241024_000047-20241024_060047-30.000000-35.000000.png,2024-10-24T00:00:47,2024-10-24T06:00:47,30.0,35.0,2024-10-24T03:00:47,32.5,10.6593790614908,79.0131989106931,NOISE,2024-10-24T03:00:47,32.5,10.6593790614908,79.0131989106931,NOISE,2024-10-24T03:00:47,32.5,10.6593790614908,79.0131989106931,NOISE,2024-10-24T03:00:47,32.5,10.6593790614908,79.0131989106931,NOISE
2026-03-04T10:55:01.599150,Map-Energy__sum__linear-conv00928-20241024_000047-20241024_060047-35.000000-40.000000.png,2024-10-24T00:00:47,2024-10-24T06:00:47,35.0,40.0,2024-10-24T03:00:47,37.5,10.437915725008,78.9984509925074,NOISE,2024-10-24T03:00:47,37.5,10.437915725008,78.9984509925074,NOISE,2024-10-24T03:00:47,37.5,10.437915725008,78.9984509925074,NOISE,2024-10-24T03:00:47,37.5,10.437915725008,78.9984509925074,NOISE
2026-03-04T11:00:20.486792,Map-Energy__sum__linear-conv00929-20241024_000047-20241024_060047-40.000000-45.000000.png,2024-10-24T00:00:47,2024-10-24T06:00:47,40.0,45.0,2024-10-24T03:00:47,42.5,10.2209936532221,78.9814941910257,NOISE,2024-10-24T03:00:47,42.5,10.2209936532221,78.9814941910257,NOISE,2024-10-24T03:00:47,42.5,10.2209936532221,78.9814941910257,NOISE,2024-10-24T03:00:47,42.5,10.2209936532221,78.9814941910257,NOISE
2026-03-04T11:04:51.070219,Map-Energy__sum__linear-conv00930-20241024_000047-20241024_060047-45.000000-49.900000.png,2024-10-24T00:00:47,2024-10-24T06:00:47,45.0,49.9,2024-10-24T03:00:47,47.45,10.0532262506808,78.9644950928927,NOISE,2024-10-24T03:00:47,47.45,10.0532262506808,78.9644950928927,NOISE,2024-10-24T03:00:47,47.45,10.0532262506808,78.9644950928927,NOISE,2024-10-24T03:00:47,47.45,10.0532262506808,78.9644950928927,NOISE
2026-03-04T09:41:21.401279,Map-Energy__sum__linear-conv00931-20241024_060047-20241024_120047-0.050000-5.000000.png,2024-10-24T06:00:47,2024-10-24T12:00:47,0.05,5.0,2024-10-24T09:00:47,2.525,11.9301635288236,78.9554869237935,NOISE,2024-10-24T09:00:47,2.525,11.9301635288236,78.9554869237935,NOISE,2024-10-24T09:00:47,2.525,11.9301635288236,78.9554869237935,NOISE,2024-10-24T09:00:47,2.525,11.9301635288236,78.9554869237935,NOISE
2026-03-04T10:04:59.000816,Map-Energy__sum__linear-conv00932-20241024_060047-20241024_120047-5.000000-10.000000.png,2024-10-24T06:00:47,2024-10-24T12:00:47,5.0,10.0,2024-10-24T09:00:47,7.5,11.7898272340434,78.9877048432448,NOISE,2024-10-24T09:00:47,7.5,11.7898272340434,78.9877048432448,NOISE,2024-10-24T09:00:47,7.5,11.7898272340434,78.9877048432448,NOISE,2024-10-24T09:00:47,7.5,11.7898272340434,78.9877048432448,NOISE
2026-03-04T10:10:48.312620,Map-Energy__sum__linear-conv00933-20241024_060047-20241024_120047-10.000000-15.000000.png,2024-10-24T06:00:47,2024-10-24T12:00:47,10.0,15.0,2024-10-24T09:00:47,12.5,11.5594114413877,78.9903276217732,NOISE,2024-10-24T09:00:47,12.5,11.5594114413877,78.9903276217732,NOISE,2024-10-24T09:00:47,12.5,11.5594114413877,78.9903276217732,NOISE,2024-10-24T09:00:47,12.5,11.5594114413877,78.9903276217732,NOISE
2026-03-04T10:22:38.335800,Map-Energy__sum__linear-conv00934-20241024_060047-20241024_120047-15.000000-20.000000.png,2024-10-24T06:00:47,2024-10-24T12:00:47,15.0,20.0,2024-10-24T09:00:47,17.5,11.3555231115476,79.0115662370871,NOISE,2024-10-24T09:00:47,17.5,11.3555231115476,79.0115662370871,NOISE,2024-10-24T09:00:47,17.5,11.3555231115476,79.0115662370871,NOISE,2024-10-24T09:00:47,17.5,11.3555231115476,79.0115662370871,NOISE
2026-03-04T10:35:28.935916,Map-Energy__sum__linear-conv00935-20241024_060047-20241024_120047-20.000000-25.000000.png,2024-10-24T06:00:47,2024-10-24T12:00:47,20.0,25.0,2024-10-24T09:00:47,22.5,11.1238434802504,79.0183136392333,NOISE,2024-10-24T09:00:47,22.5,11.1238434802504,79.0183136392333,NOISE,2024-10-24T09:00:47,22.5,11.1238434802504,79.0183136392333,NOISE,2024-10-24T09:00:47,22.5,11.1238434802504,79.0183136392333,NOISE
2026-03-04T10:45:12.463718,Map-Energy__sum__linear-conv00936-20241024_060047-20241024_120047-25.000000-30.000000.png,2024-10-24T06:00:47,2024-10-24T12:00:47,25.0,30.0,2024-10-24T09:00:47,27.5,10.889673808393,79.020806600637,NOISE,2024-10-24T09:00:47,27.5,10.889673808393,79.020806600637,NOISE,2024-10-24T09:00:47,27.5,10.889673808393,79.020806600637,NOISE,2024-10-24T09:00:47,27.5,10.889673808393,79.020806600637,NOISE
2026-03-04T10:49:40.207113,Map-Energy__sum__linear-conv00937-20241024_060047-20241024_120047-30.000000-35.000000.png,2024-10-24T06:00:47,2024-10-24T12:00:47,30.0,35.0,2024-10-24T09:00:47,32.5,10.6593790614908,79.0131989106931,NOISE,2024-10-24T09:00:47,32.5,10.6593790614908,79.0131989106931,NOISE,2024-10-24T09:00:47,32.5,10.6593790614908,79.0131989106931,NOISE,2024-10-24T09:00:47,32.5,10.6593790614908,79.0131989106931,NOISE
2026-03-04T10:55:04.054680,Map-Energy__sum__linear-conv00938-20241024_060047-20241024_120047-35.000000-40.000000.png,2024-10-24T06:00:47,2024-10-24T12:00:47,35.0,40.0,2024-10-24T09:00:47,37.5,10.437915725008,78.9984509925074,NOISE,2024-10-24T09:00:47,37.5,10.437915725008,78.9984509925074,NOISE,2024-10-24T09:00:47,37.5,10.437915725008,78.9984509925074,NOISE,2024-10-24T09:00:47,37.5,10.437915725008,78.9984509925074,NOISE
2026-03-04T11:00:23.622507,Map-Energy__sum__linear-conv00939-20241024_060047-20241024_120047-40.000000-45.000000.png,2024-10-24T06:00:47,2024-10-24T12:00:47,40.0,45.0,2024-10-24T09:00:47,42.5,10.2209936532221,78.9814941910257,NOISE,2024-10-24T09:00:47,42.5,10.2209936532221,78.9814941910257,NOISE,2024-10-24T09:00:47,42.5,10.2209936532221,78.9814941910257,NOISE,2024-10-24T09:00:47,42.5,10.2209936532221,78.9814941910257,NOISE
2026-03-04T11:04:52.550626,Map-Energy__sum__linear-conv00940-20241024_060047-20241024_120047-45.000000-49.900000.png,2024-10-24T06:00:47,2024-10-24T12:00:47,45.0,49.9,2024-10-24T09:00:47,47.45,10.0532262506808,78.9644950928927,NOISE,2024-10-24T09:00:47,47.45,10.0532262506808,78.9644950928927,NOISE,2024-10-24T09:00:47,47.45,10.0532262506808,78.9644950928927,NOISE,2024-10-24T09:00:47,47.45,10.0532262506808,78.9644950928927,NOISE
2026-03-04T09:41:24.362464,Map-Energy__sum__linear-conv00941-20241024_120047-20241024_180047-0.050000-5.000000.png,2024-10-24T12:00:47,2024-10-24T18:00:47,0.05,5.0,2024-10-24T15:00:47,2.525,11.9301635288236,78.9554869237935,NOISE,2024-10-24T15:00:47,2.525,11.9301635288236,78.9554869237935,NOISE,2024-10-24T15:00:47,2.525,11.9301635288236,78.9554869237935,NOISE,2024-10-24T15:00:47,2.525,11.9301635288236,78.9554869237935,NOISE
2026-03-04T10:05:00.544772,Map-Energy__sum__linear-conv00942-20241024_120047-20241024_180047-5.000000-10.000000.png,2024-10-24T12:00:47,2024-10-24T18:00:47,5.0,10.0,2024-10-24T15:00:47,7.5,11.7898272340434,78.9877048432448,NOISE,2024-10-24T15:00:47,7.5,11.7898272340434,78.9877048432448,NOISE,2024-10-24T15:00:47,7.5,11.7898272340434,78.9877048432448,NOISE,2024-10-24T15:00:47,7.5,11.7898272340434,78.9877048432448,NOISE
2026-03-04T10:10:50.288666,Map-Energy__sum__linear-conv00943-20241024_120047-20241024_180047-10.000000-15.000000.png,2024-10-24T12:00:47,2024-10-24T18:00:47,10.0,15.0,2024-10-24T15:00:47,12.5,11.5594114413877,78.9903276217732,NOISE,2024-10-24T15:00:47,12.5,11.5594114413877,78.9903276217732,NOISE,2024-10-24T15:00:47,12.5,11.5594114413877,78.9903276217732,NOISE,2024-10-24T15:00:47,12.5,11.5594114413877,78.9903276217732,NOISE
2026-03-04T10:22:43.184811,Map-Energy__sum__linear-conv00944-20241024_120047-20241024_180047-15.000000-20.000000.png,2024-10-24T12:00:47,2024-10-24T18:00:47,15.0,20.0,2024-10-24T15:00:47,17.5,11.3555231115476,79.0115662370871,NOISE,2024-10-24T15:00:47,17.5,11.3555231115476,79.0115662370871,NOISE,2024-10-24T15:00:47,17.5,11.3555231115476,79.0115662370871,NOISE,2024-10-24T15:00:47,17.5,11.3555231115476,79.0115662370871,NOISE
2026-03-04T10:35:30.391736,Map-Energy__sum__linear-conv00945-20241024_120047-20241024_180047-20.000000-25.000000.png,2024-10-24T12:00:47,2024-10-24T18:00:47,20.0,25.0,2024-10-24T15:00:47,22.5,11.1238434802504,79.0183136392333,NOISE,2024-10-24T15:00:47,22.5,11.1238434802504,79.0183136392333,NOISE,2024-10-24T15:00:47,22.5,11.1238434802504,79.0183136392333,NOISE,2024-10-24T15:00:47,22.5,11.1238434802504,79.0183136392333,NOISE
2026-03-04T10:45:14.342682,Map-Energy__sum__linear-conv00946-20241024_120047-20241024_180047-25.000000-30.000000.png,2024-10-24T12:00:47,2024-10-24T18:00:47,25.0,30.0,2024-10-24T15:00:47,27.5,10.889673808393,79.020806600637,NOISE,2024-10-24T15:00:47,27.5,10.889673808393,79.020806600637,NOISE,2024-10-24T15:00:47,27.5,10.889673808393,79.020806600637,NOISE,2024-10-24T15:00:47,27.5,10.889673808393,79.020806600637,NOISE
2026-03-04T10:49:41.239340,Map-Energy__sum__linear-conv00947-20241024_120047-20241024_180047-30.000000-35.000000.png,2024-10-24T12:00:47,2024-10-24T18:00:47,30.0,35.0,2024-10-24T15:00:47,32.5,10.6593790614908,79.0131989106931,NOISE,2024-10-24T15:00:47,32.5,10.6593790614908,79.0131989106931,NOISE,2024-10-24T15:00:47,32.5,10.6593790614908,79.0131989106931,NOISE,2024-10-24T15:00:47,32.5,10.6593790614908,79.0131989106931,NOISE
2026-03-04T10:55:06.151005,Map-Energy__sum__linear-conv00948-20241024_120047-20241024_180047-35.000000-40.000000.png,2024-10-24T12:00:47,2024-10-24T18:00:47,35.0,40.0,2024-10-24T15:00:47,37.5,10.437915725008,78.9984509925074,NOISE,2024-10-24T15:00:47,37.5,10.437915725008,78.9984509925074,NOISE,2024-10-24T15:00:47,37.5,10.437915725008,78.9984509925074,NOISE,2024-10-24T15:00:47,37.5,10.437915725008,78.9984509925074,NOISE
2026-03-04T11:00:27.798635,Map-Energy__sum__linear-conv00949-20241024_120047-20241024_180047-40.000000-45.000000.png,2024-10-24T12:00:47,2024-10-24T18:00:47,40.0,45.0,2024-10-24T15:00:47,42.5,10.2209936532221,78.9814941910257,NOISE,2024-10-24T15:00:47,42.5,10.2209936532221,78.9814941910257,NOISE,2024-10-24T15:00:47,42.5,10.2209936532221,78.9814941910257,NOISE,2024-10-24T15:00:47,42.5,10.2209936532221,78.9814941910257,NOISE
2026-03-04T11:04:53.558536,Map-Energy__sum__linear-conv00950-20241024_120047-20241024_180047-45.000000-49.900000.png,2024-10-24T12:00:47,2024-10-24T18:00:47,45.0,49.9,2024-10-24T15:00:47,47.45,10.0532262506808,78.9644950928927,NOISE,2024-10-24T15:00:47,47.45,10.0532262506808,78.9644950928927,NOISE,2024-10-24T15:00:47,47.45,10.0532262506808,78.9644950928927,NOISE,2024-10-24T15:00:47,47.45,10.0532262506808,78.9644950928927,NOISE
2026-03-04T09:41:33.153932,Map-Energy__sum__linear-conv00951-20241024_180047-20241025_000047-0.050000-5.000000.png,2024-10-24T18:00:47,2024-10-25T00:00:47,0.05,5.0,2024-10-24T21:00:47,2.525,11.9301635288236,78.9554869237935,NOISE,2024-10-24T21:00:47,2.525,11.9301635288236,78.9554869237935,NOISE,2024-10-24T21:00:47,2.525,11.9301635288236,78.9554869237935,NOISE,2024-10-24T21:00:47,2.525,11.9301635288236,78.9554869237935,NOISE
2026-03-04T10:05:03.160847,Map-Energy__sum__linear-conv00952-20241024_180047-20241025_000047-5.000000-10.000000.png,2024-10-24T18:00:47,2024-10-25T00:00:47,5.0,10.0,2024-10-24T21:00:47,7.5,11.7898272340434,78.9877048432448,NOISE,2024-10-24T21:00:47,7.5,11.7898272340434,78.9877048432448,NOISE,2024-10-24T21:00:47,7.5,11.7898272340434,78.9877048432448,NOISE,2024-10-24T21:00:47,7.5,11.7898272340434,78.9877048432448,NOISE
2026-03-04T10:10:51.816862,Map-Energy__sum__linear-conv00953-20241024_180047-20241025_000047-10.000000-15.000000.png,2024-10-24T18:00:47,2024-10-25T00:00:47,10.0,15.0,2024-10-24T21:00:47,12.5,11.5594114413877,78.9903276217732,NOISE,2024-10-24T21:00:47,12.5,11.5594114413877,78.9903276217732,NOISE,2024-10-24T21:00:47,12.5,11.5594114413877,78.9903276217732,NOISE,2024-10-24T21:00:47,12.5,11.5594114413877,78.9903276217732,NOISE
2026-03-04T10:22:50.200217,Map-Energy__sum__linear-conv00954-20241024_180047-20241025_000047-15.000000-20.000000.png,2024-10-24T18:00:47,2024-10-25T00:00:47,15.0,20.0,2024-10-24T21:00:47,17.5,11.3555231115476,79.0115662370871,NOISE,2024-10-24T21:00:47,17.5,11.3555231115476,79.0115662370871,NOISE,2024-10-24T21:00:47,17.5,11.3555231115476,79.0115662370871,NOISE,2024-10-24T21:00:47,17.5,11.3555231115476,79.0115662370871,NOISE
2026-03-04T10:35:32.336264,Map-Energy__sum__linear-conv00955-20241024_180047-20241025_000047-20.000000-25.000000.png,2024-10-24T18:00:47,2024-10-25T00:00:47,20.0,25.0,2024-10-24T21:00:47,22.5,11.1238434802504,79.0183136392333,NOISE,2024-10-24T21:00:47,22.5,11.1238434802504,79.0183136392333,NOISE,2024-10-24T21:00:47,22.5,11.1238434802504,79.0183136392333,NOISE,2024-10-24T21:00:47,22.5,11.1238434802504,79.0183136392333,NOISE
2026-03-04T10:45:16.376677,Map-Energy__sum__linear-conv00956-20241024_180047-20241025_000047-25.000000-30.000000.png,2024-10-24T18:00:47,2024-10-25T00:00:47,25.0,30.0,2024-10-24T21:00:47,27.5,10.889673808393,79.020806600637,NOISE,2024-10-24T21:00:47,27.5,10.889673808393,79.020806600637,NOISE,2024-10-24T21:00:47,27.5,10.889673808393,79.020806600637,NOISE,2024-10-24T21:00:47,27.5,10.889673808393,79.020806600637,NOISE
2026-03-04T10:49:42.503413,Map-Energy__sum__linear-conv00957-20241024_180047-20241025_000047-30.000000-35.000000.png,2024-10-24T18:00:47,2024-10-25T00:00:47,30.0,35.0,2024-10-24T21:00:47,32.5,10.6593790614908,79.0131989106931,NOISE,2024-10-24T21:00:47,32.5,10.6593790614908,79.0131989106931,NOISE,2024-10-24T21:00:47,32.5,10.6593790614908,79.0131989106931,NOISE,2024-10-24T21:00:47,32.5,10.6593790614908,79.0131989106931,NOISE
2026-03-04T10:55:11.317971,Map-Energy__sum__linear-conv00958-20241024_180047-20241025_000047-35.000000-40.000000.png,2024-10-24T18:00:47,2024-10-25T00:00:47,35.0,40.0,2024-10-24T21:00:47,37.5,10.437915725008,78.9984509925074,NOISE,2024-10-24T21:00:47,37.5,10.437915725008,78.9984509925074,NOISE,2024-10-24T21:00:47,37.5,10.437915725008,78.9984509925074,NOISE,2024-10-24T21:00:47,37.5,10.437915725008,78.9984509925074,NOISE
2026-03-04T11:00:29.934678,Map-Energy__sum__linear-conv00959-20241024_180047-20241025_000047-40.000000-45.000000.png,2024-10-24T18:00:47,2024-10-25T00:00:47,40.0,45.0,2024-10-24T21:00:47,42.5,10.2209936532221,78.9814941910257,NOISE,2024-10-24T21:00:47,42.5,10.2209936532221,78.9814941910257,NOISE,2024-10-24T21:00:47,42.5,10.2209936532221,78.9814941910257,NOISE,2024-10-24T21:00:47,42.5,10.2209936532221,78.9814941910257,NOISE
2026-03-04T11:04:54.582611,Map-Energy__sum__linear-conv00960-20241024_180047-20241025_000047-45.000000-49.900000.png,2024-10-24T18:00:47,2024-10-25T00:00:47,45.0,49.9,2024-10-24T21:00:47,47.45,10.0532262506808,78.9644950928927,NOISE,2024-10-24T21:00:47,47.45,10.0532262506808,78.9644950928927,NOISE,2024-10-24T21:00:47,47.45,10.0532262506808,78.9644950928927,NOISE,2024-10-24T21:00:47,47.45,10.0532262506808,78.9644950928927,NOISE
2026-03-04T09:41:39.633977,Map-Energy__sum__linear-conv00961-20241025_000047-20241025_060047-0.050000-5.000000.png,2024-10-25T00:00:47,2024-10-25T06:00:47,0.05,5.0,2024-10-25T03:00:47,2.525,11.9301635288236,78.9554869237935,NOISE,2024-10-25T03:00:47,2.525,11.9301635288236,78.9554869237935,NOISE,2024-10-25T03:00:47,2.525,11.9301635288236,78.9554869237935,NOISE,2024-10-25T03:00:47,2.525,11.9301635288236,78.9554869237935,NOISE
2026-03-04T10:05:04.504279,Map-Energy__sum__linear-conv00962-20241025_000047-20241025_060047-5.000000-10.000000.png,2024-10-25T00:00:47,2024-10-25T06:00:47,5.0,10.0,2024-10-25T03:00:47,7.5,11.7898272340434,78.9877048432448,NOISE,2024-10-25T03:00:47,7.5,11.7898272340434,78.9877048432448,NOISE,2024-10-25T03:00:47,7.5,11.7898272340434,78.9877048432448,NOISE,2024-10-25T03:00:47,7.5,11.7898272340434,78.9877048432448,NOISE
2026-03-04T10:10:53.538622,Map-Energy__sum__linear-conv00963-20241025_000047-20241025_060047-10.000000-15.000000.png,2024-10-25T00:00:47,2024-10-25T06:00:47,10.0,15.0,2024-10-25T03:00:47,12.5,11.5594114413877,78.9903276217732,NOISE,2024-10-25T03:00:47,12.5,11.5594114413877,78.9903276217732,NOISE,2024-10-25T03:00:47,12.5,11.5594114413877,78.9903276217732,NOISE,2024-10-25T03:00:47,12.5,11.5594114413877,78.9903276217732,NOISE
2026-03-04T10:22:54.735197,Map-Energy__sum__linear-conv00964-20241025_000047-20241025_060047-15.000000-20.000000.png,2024-10-25T00:00:47,2024-10-25T06:00:47,15.0,20.0,2024-10-25T03:00:47,17.5,11.3555231115476,79.0115662370871,NOISE,2024-10-25T03:00:47,17.5,11.3555231115476,79.0115662370871,NOISE,2024-10-25T03:00:47,17.5,11.3555231115476,79.0115662370871,NOISE,2024-10-25T03:00:47,17.5,11.3555231115476,79.0115662370871,NOISE
2026-03-04T10:35:43.831746,Map-Energy__sum__linear-conv00965-20241025_000047-20241025_060047-20.000000-25.000000.png,2024-10-25T00:00:47,2024-10-25T06:00:47,20.0,25.0,2024-10-25T03:00:47,22.5,11.1238434802504,79.0183136392333,NOISE,2024-10-25T03:00:47,22.5,11.1238434802504,79.0183136392333,NOISE,2024-10-25T03:00:47,22.5,11.1238434802504,79.0183136392333,NOISE,2024-10-25T03:00:47,22.5,11.1238434802504,79.0183136392333,NOISE
2026-03-04T10:45:17.839614,Map-Energy__sum__linear-conv00966-20241025_000047-20241025_060047-25.000000-30.000000.png,2024-10-25T00:00:47,2024-10-25T06:00:47,25.0,30.0,2024-10-25T03:00:47,27.5,10.889673808393,79.020806600637,NOISE,2024-10-25T03:00:47,27.5,10.889673808393,79.020806600637,NOISE,2024-10-25T03:00:47,27.5,10.889673808393,79.020806600637,NOISE,2024-10-25T03:00:47,27.5,10.889673808393,79.020806600637,NOISE
2026-03-04T10:49:43.750757,Map-Energy__sum__linear-conv00967-20241025_000047-20241025_060047-30.000000-35.000000.png,2024-10-25T00:00:47,2024-10-25T06:00:47,30.0,35.0,2024-10-25T03:00:47,32.5,10.6593790614908,79.0131989106931,NOISE,2024-10-25T03:00:47,32.5,10.6593790614908,79.0131989106931,NOISE,2024-10-25T03:00:47,32.5,10.6593790614908,79.0131989106931,NOISE,2024-10-25T03:00:47,32.5,10.6593790614908,79.0131989106931,NOISE
2026-03-04T10:55:12.943228,Map-Energy__sum__linear-conv00968-20241025_000047-20241025_060047-35.000000-40.000000.png,2024-10-25T00:00:47,2024-10-25T06:00:47,35.0,40.0,2024-10-25T03:00:47,37.5,10.437915725008,78.9984509925074,NOISE,2024-10-25T03:00:47,37.5,10.437915725008,78.9984509925074,NOISE,2024-10-25T03:00:47,37.5,10.437915725008,78.9984509925074,NOISE,2024-10-25T03:00:47,37.5,10.437915725008,78.9984509925074,NOISE
2026-03-04T11:00:31.918162,Map-Energy__sum__linear-conv00969-20241025_000047-20241025_060047-40.000000-45.000000.png,2024-10-25T00:00:47,2024-10-25T06:00:47,40.0,45.0,2024-10-25T03:00:47,42.5,10.2209936532221,78.9814941910257,NOISE,2024-10-25T03:00:47,42.5,10.2209936532221,78.9814941910257,NOISE,2024-10-25T03:00:47,42.5,10.2209936532221,78.9814941910257,NOISE,2024-10-25T03:00:47,42.5,10.2209936532221,78.9814941910257,NOISE
2026-03-04T11:04:55.869874,Map-Energy__sum__linear-conv00970-20241025_000047-20241025_060047-45.000000-49.900000.png,2024-10-25T00:00:47,2024-10-25T06:00:47,45.0,49.9,2024-10-25T03:00:47,47.45,10.0532262506808,78.9644950928927,NOISE,2024-10-25T03:00:47,47.45,10.0532262506808,78.9644950928927,NOISE,2024-10-25T03:00:47,47.45,10.0532262506808,78.9644950928927,NOISE,2024-10-25T03:00:47,47.45,10.0532262506808,78.9644950928927,NOISE
2026-03-04T09:41:42.897445,Map-Energy__sum__linear-conv00971-20241025_060047-20241025_120047-0.050000-5.000000.png,2024-10-25T06:00:47,2024-10-25T12:00:47,0.05,5.0,2024-10-25T09:00:47,2.525,11.9301635288236,78.9554869237935,NOISE,2024-10-25T09:00:47,2.525,11.9301635288236,78.9554869237935,NOISE,2024-10-25T09:00:47,2.525,11.9301635288236,78.9554869237935,NOISE,2024-10-25T09:00:47,2.525,11.9301635288236,78.9554869237935,NOISE
2026-03-04T10:05:06.168761,Map-Energy__sum__linear-conv00972-20241025_060047-20241025_120047-5.000000-10.000000.png,2024-10-25T06:00:47,2024-10-25T12:00:47,5.0,10.0,2024-10-25T09:00:47,7.5,11.7898272340434,78.9877048432448,NOISE,2024-10-25T09:00:47,7.5,11.7898272340434,78.9877048432448,NOISE,2024-10-25T09:00:47,7.5,11.7898272340434,78.9877048432448,NOISE,2024-10-25T09:00:47,7.5,11.7898272340434,78.9877048432448,NOISE
2026-03-04T10:10:55.448657,Map-Energy__sum__linear-conv00973-20241025_060047-20241025_120047-10.000000-15.000000.png,2024-10-25T06:00:47,2024-10-25T12:00:47,10.0,15.0,2024-10-25T09:00:47,12.5,11.5594114413877,78.9903276217732,NOISE,2024-10-25T09:00:47,12.5,11.5594114413877,78.9903276217732,NOISE,2024-10-25T09:00:47,12.5,11.5594114413877,78.9903276217732,NOISE,2024-10-25T09:00:47,12.5,11.5594114413877,78.9903276217732,NOISE
2026-03-04T10:22:59.920211,Map-Energy__sum__linear-conv00974-20241025_060047-20241025_120047-15.000000-20.000000.png,2024-10-25T06:00:47,2024-10-25T12:00:47,15.0,20.0,2024-10-25T09:00:47,17.5,11.3555231115476,79.0115662370871,NOISE,2024-10-25T09:00:47,17.5,11.3555231115476,79.0115662370871,NOISE,2024-10-25T09:00:47,17.5,11.3555231115476,79.0115662370871,NOISE,2024-10-25T09:00:47,17.5,11.3555231115476,79.0115662370871,NOISE
2026-03-04T10:35:45.872022,Map-Energy__sum__linear-conv00975-20241025_060047-20241025_120047-20.000000-25.000000.png,2024-10-25T06:00:47,2024-10-25T12:00:47,20.0,25.0,2024-10-25T09:00:47,22.5,11.1238434802504,79.0183136392333,NOISE,2024-10-25T09:00:47,22.5,11.1238434802504,79.0183136392333,NOISE,2024-10-25T09:00:47,22.5,11.1238434802504,79.0183136392333,NOISE,2024-10-25T09:00:47,22.5,11.1238434802504,79.0183136392333,NOISE
2026-03-04T10:45:20.743152,Map-Energy__sum__linear-conv00976-20241025_060047-20241025_120047-25.000000-30.000000.png,2024-10-25T06:00:47,2024-10-25T12:00:47,25.0,30.0,2024-10-25T09:00:47,27.5,10.889673808393,79.020806600637,NOISE,2024-10-25T09:00:47,27.5,10.889673808393,79.020806600637,NOISE,2024-10-25T09:00:47,27.5,10.889673808393,79.020806600637,NOISE,2024-10-25T09:00:47,27.5,10.889673808393,79.020806600637,NOISE
2026-03-04T10:49:44.775867,Map-Energy__sum__linear-conv00977-20241025_060047-20241025_120047-30.000000-35.000000.png,2024-10-25T06:00:47,2024-10-25T12:00:47,30.0,35.0,2024-10-25T09:00:47,32.5,10.6593790614908,79.0131989106931,NOISE,2024-10-25T09:00:47,32.5,10.6593790614908,79.0131989106931,NOISE,2024-10-25T09:00:47,32.5,10.6593790614908,79.0131989106931,NOISE,2024-10-25T09:00:47,32.5,10.6593790614908,79.0131989106931,NOISE
2026-03-04T10:55:14.582958,Map-Energy__sum__linear-conv00978-20241025_060047-20241025_120047-35.000000-40.000000.png,2024-10-25T06:00:47,2024-10-25T12:00:47,35.0,40.0,2024-10-25T09:00:47,37.5,10.437915725008,78.9984509925074,NOISE,2024-10-25T09:00:47,37.5,10.437915725008,78.9984509925074,NOISE,2024-10-25T09:00:47,37.5,10.437915725008,78.9984509925074,NOISE,2024-10-25T09:00:47,37.5,10.437915725008,78.9984509925074,NOISE
2026-03-04T11:00:33.334167,Map-Energy__sum__linear-conv00979-20241025_060047-20241025_120047-40.000000-45.000000.png,2024-10-25T06:00:47,2024-10-25T12:00:47,40.0,45.0,2024-10-25T09:00:47,42.5,10.2209936532221,78.9814941910257,NOISE,2024-10-25T09:00:47,42.5,10.2209936532221,78.9814941910257,NOISE,2024-10-25T09:00:47,42.5,10.2209936532221,78.9814941910257,NOISE,2024-10-25T09:00:47,42.5,10.2209936532221,78.9814941910257,NOISE
2026-03-04T11:04:57.086608,Map-Energy__sum__linear-conv00980-20241025_060047-20241025_120047-45.000000-49.900000.png,2024-10-25T06:00:47,2024-10-25T12:00:47,45.0,49.9,2024-10-25T09:00:47,47.45,10.0532262506808,78.9644950928927,NOISE,2024-10-25T09:00:47,47.45,10.0532262506808,78.9644950928927,NOISE,2024-10-25T09:00:47,47.45,10.0532262506808,78.9644950928927,NOISE,2024-10-25T09:00:47,47.45,10.0532262506808,78.9644950928927,NOISE
2026-03-04T09:41:56.569013,Map-Energy__sum__linear-conv00981-20241025_120047-20241025_180047-0.050000-5.000000.png,2024-10-25T12:00:47,2024-10-25T18:00:47,0.05,5.0,2024-10-25T15:00:47,2.525,11.9301635288236,78.9554869237935,NOISE,2024-10-25T15:00:47,2.525,11.9301635288236,78.9554869237935,NOISE,2024-10-25T15:00:47,2.525,11.9301635288236,78.9554869237935,NOISE,2024-10-25T15:00:47,2.525,11.9301635288236,78.9554869237935,NOISE
2026-03-04T10:05:07.400331,Map-Energy__sum__linear-conv00982-20241025_120047-20241025_180047-5.000000-10.000000.png,2024-10-25T12:00:47,2024-10-25T18:00:47,5.0,10.0,2024-10-25T15:00:47,7.5,11.7898272340434,78.9877048432448,NOISE,2024-10-25T15:00:47,7.5,11.7898272340434,78.9877048432448,NOISE,2024-10-25T15:00:47,7.5,11.7898272340434,78.9877048432448,NOISE,2024-10-25T15:00:47,7.5,11.7898272340434,78.9877048432448,NOISE
2026-03-04T10:10:56.968587,Map-Energy__sum__linear-conv00983-20241025_120047-20241025_180047-10.000000-15.000000.png,2024-10-25T12:00:47,2024-10-25T18:00:47,10.0,15.0,2024-10-25T15:00:47,12.5,11.5594114413877,78.9903276217732,NOISE,2024-10-25T15:00:47,12.5,11.5594114413877,78.9903276217732,NOISE,2024-10-25T15:00:47,12.5,11.5594114413877,78.9903276217732,NOISE,2024-10-25T15:00:47,12.5,11.5594114413877,78.9903276217732,NOISE
2026-03-04T10:25:50.255886,Map-Energy__sum__linear-conv00984-20241025_120047-20241025_180047-15.000000-20.000000.png,2024-10-25T12:00:47,2024-10-25T18:00:47,15.0,20.0,2024-10-25T15:00:47,17.5,11.3555231115476,79.0115662370871,NOISE,2024-10-25T15:00:47,17.5,11.3555231115476,79.0115662370871,NOISE,2024-10-25T15:00:47,17.5,11.3555231115476,79.0115662370871,NOISE,2024-10-25T15:00:47,17.5,11.3555231115476,79.0115662370871,NOISE
2026-03-04T10:35:47.991745,Map-Energy__sum__linear-conv00985-20241025_120047-20241025_180047-20.000000-25.000000.png,2024-10-25T12:00:47,2024-10-25T18:00:47,20.0,25.0,2024-10-25T15:00:47,22.5,11.1238434802504,79.0183136392333,NOISE,2024-10-25T15:00:47,22.5,11.1238434802504,79.0183136392333,NOISE,2024-10-25T15:00:47,22.5,11.1238434802504,79.0183136392333,NOISE,2024-10-25T15:00:47,22.5,11.1238434802504,79.0183136392333,NOISE
2026-03-04T10:45:23.031327,Map-Energy__sum__linear-conv00986-20241025_120047-20241025_180047-25.000000-30.000000.png,2024-10-25T12:00:47,2024-10-25T18:00:47,25.0,30.0,2024-10-25T15:00:47,27.5,10.889673808393,79.020806600637,NOISE,2024-10-25T15:00:47,27.5,10.889673808393,79.020806600637,NOISE,2024-10-25T15:00:47,27.5,10.889673808393,79.020806600637,NOISE,2024-10-25T15:00:47,27.5,10.889673808393,79.020806600637,NOISE
2026-03-04T10:49:45.766174,Map-Energy__sum__linear-conv00987-20241025_120047-20241025_180047-30.000000-35.000000.png,2024-10-25T12:00:47,2024-10-25T18:00:47,30.0,35.0,2024-10-25T15:00:47,32.5,10.6593790614908,79.0131989106931,NOISE,2024-10-25T15:00:47,32.5,10.6593790614908,79.0131989106931,NOISE,2024-10-25T15:00:47,32.5,10.6593790614908,79.0131989106931,NOISE,2024-10-25T15:00:47,32.5,10.6593790614908,79.0131989106931,NOISE
2026-03-04T10:55:16.494517,Map-Energy__sum__linear-conv00988-20241025_120047-20241025_180047-35.000000-40.000000.png,2024-10-25T12:00:47,2024-10-25T18:00:47,35.0,40.0,2024-10-25T15:00:47,37.5,10.437915725008,78.9984509925074,NOISE,2024-10-25T15:00:47,37.5,10.437915725008,78.9984509925074,NOISE,2024-10-25T15:00:47,37.5,10.437915725008,78.9984509925074,NOISE,2024-10-25T15:00:47,37.5,10.437915725008,78.9984509925074,NOISE
2026-03-04T11:00:35.399645,Map-Energy__sum__linear-conv00989-20241025_120047-20241025_180047-40.000000-45.000000.png,2024-10-25T12:00:47,2024-10-25T18:00:47,40.0,45.0,2024-10-25T15:00:47,42.5,10.2209936532221,78.9814941910257,NOISE,2024-10-25T15:00:47,42.5,10.2209936532221,78.9814941910257,NOISE,2024-10-25T15:00:47,42.5,10.2209936532221,78.9814941910257,NOISE,2024-10-25T15:00:47,42.5,10.2209936532221,78.9814941910257,NOISE
2026-03-04T11:04:59.150799,Map-Energy__sum__linear-conv00990-20241025_120047-20241025_180047-45.000000-49.900000.png,2024-10-25T12:00:47,2024-10-25T18:00:47,45.0,49.9,2024-10-25T15:00:47,47.45,10.0532262506808,78.9644950928927,NOISE,2024-10-25T15:00:47,47.45,10.0532262506808,78.9644950928927,NOISE,2024-10-25T15:00:47,47.45,10.0532262506808,78.9644950928927,NOISE,2024-10-25T15:00:47,47.45,10.0532262506808,78.9644950928927,NOISE
2026-03-04T09:41:59.057205,Map-Energy__sum__linear-conv00991-20241025_180047-20241026_000047-0.050000-5.000000.png,2024-10-25T18:00:47,2024-10-26T00:00:47,0.05,5.0,2024-10-25T21:00:47,2.525,11.9301635288236,78.9554869237935,NOISE,2024-10-25T21:00:47,2.525,11.9301635288236,78.9554869237935,NOISE,2024-10-25T21:00:47,2.525,11.9301635288236,78.9554869237935,NOISE,2024-10-25T21:00:47,2.525,11.9301635288236,78.9554869237935,NOISE
2026-03-04T10:05:09.114007,Map-Energy__sum__linear-conv00992-20241025_180047-20241026_000047-5.000000-10.000000.png,2024-10-25T18:00:47,2024-10-26T00:00:47,5.0,10.0,2024-10-25T21:00:47,7.5,11.7898272340434,78.9877048432448,NOISE,2024-10-25T21:00:47,7.5,11.7898272340434,78.9877048432448,NOISE,2024-10-25T21:00:47,7.5,11.7898272340434,78.9877048432448,NOISE,2024-10-25T21:00:47,7.5,11.7898272340434,78.9877048432448,NOISE
2026-03-04T10:10:57.920886,Map-Energy__sum__linear-conv00993-20241025_180047-20241026_000047-10.000000-15.000000.png,2024-10-25T18:00:47,2024-10-26T00:00:47,10.0,15.0,2024-10-25T21:00:47,12.5,11.5594114413877,78.9903276217732,NOISE,2024-10-25T21:00:47,12.5,11.5594114413877,78.9903276217732,NOISE,2024-10-25T21:00:47,12.5,11.5594114413877,78.9903276217732,NOISE,2024-10-25T21:00:47,12.5,11.5594114413877,78.9903276217732,NOISE
2026-03-04T10:25:51.479597,Map-Energy__sum__linear-conv00994-20241025_180047-20241026_000047-15.000000-20.000000.png,2024-10-25T18:00:47,2024-10-26T00:00:47,15.0,20.0,2024-10-25T20:25:49,18.620605,11.3045455107262,79.0140007362226,OTHER,2024-10-25T21:37:19,19.406585,11.2679899741174,79.0151880880071,SEISMIC,2024-10-25T23:03:46,19.352111,11.2707475971981,79.0151017654501,SEISMIC,2024-10-25T21:00:47,17.5,11.3555231115476,79.0115662370871,NOISE
2026-03-04T10:36:00.335766,Map-Energy__sum__linear-conv00995-20241025_180047-20241026_000047-20.000000-25.000000.png,2024-10-25T18:00:47,2024-10-26T00:00:47,20.0,25.0,2024-10-25T22:57:05,23.643951,11.0704579857107,79.0191652353135,SEISMIC,2024-10-25T23:29:30,23.690643,11.0681188041508,79.0192059427369,SEISMIC,2024-10-25T21:00:47,22.5,11.1238434802504,79.0183136392333,NOISE,2024-10-25T21:00:47,22.5,11.1238434802504,79.0183136392333,NOISE
2026-03-04T10:45:25.439348,Map-Energy__sum__linear-conv00996-20241025_180047-20241026_000047-25.000000-30.000000.png,2024-10-25T18:00:47,2024-10-26T00:00:47,25.0,30.0,2024-10-25T21:00:47,27.5,10.889673808393,79.020806600637,NOISE,2024-10-25T21:00:47,27.5,10.889673808393,79.020806600637,NOISE,2024-10-25T21:00:47,27.5,10.889673808393,79.020806600637,NOISE,2024-10-25T21:00:47,27.5,10.889673808393,79.020806600637,NOISE
2026-03-04T10:49:46.727289,Map-Energy__sum__linear-conv00997-20241025_180047-20241026_000047-30.000000-35.000000.png,2024-10-25T18:00:47,2024-10-26T00:00:47,30.0,35.0,2024-10-25T21:00:47,32.5,10.6593790614908,79.0131989106931,NOISE,2024-10-25T21:00:47,32.5,10.6593790614908,79.0131989106931,NOISE,2024-10-25T21:00:47,32.5,10.6593790614908,79.0131989106931,NOISE,2024-10-25T21:00:47,32.5,10.6593790614908,79.0131989106931,NOISE
2026-03-04T10:55:20.102671,Map-Energy__sum__linear-conv00998-20241025_180047-20241026_000047-35.000000-40.000000.png,2024-10-25T18:00:47,2024-10-26T00:00:47,35.0,40.0,2024-10-25T21:00:47,37.5,10.437915725008,78.9984509925074,NOISE,2024-10-25T21:00:47,37.5,10.437915725008,78.9984509925074,NOISE,2024-10-25T21:00:47,37.5,10.437915725008,78.9984509925074,NOISE,2024-10-25T21:00:47,37.5,10.437915725008,78.9984509925074,NOISE
2026-03-04T11:00:40.415015,Map-Energy__sum__linear-conv00999-20241025_180047-20241026_000047-40.000000-45.000000.png,2024-10-25T18:00:47,2024-10-26T00:00:47,40.0,45.0,2024-10-25T21:00:47,42.5,10.2209936532221,78.9814941910257,NOISE,2024-10-25T21:00:47,42.5,10.2209936532221,78.9814941910257,NOISE,2024-10-25T21:00:47,42.5,10.2209936532221,78.9814941910257,NOISE,2024-10-25T21:00:47,42.5,10.2209936532221,78.9814941910257,NOISE
2026-03-04T11:05:02.246390,Map-Energy__sum__linear-conv01000-20241025_180047-20241026_000047-45.000000-49.900000.png,2024-10-25T18:00:47,2024-10-26T00:00:47,45.0,49.9,2024-10-25T21:00:47,47.45,10.0532262506808,78.9644950928927,NOISE,2024-10-25T21:00:47,47.45,10.0532262506808,78.9644950928927,NOISE,2024-10-25T21:00:47,47.45,10.0532262506808,78.9644950928927,NOISE,2024-10-25T21:00:47,47.45,10.0532262506808,78.9644950928927,NOISE
2026-03-04T09:42:06.281646,Map-Energy__sum__linear-conv01001-20241026_000047-20241026_060047-0.050000-5.000000.png,2024-10-26T00:00:47,2024-10-26T06:00:47,0.05,5.0,2024-10-26T03:00:47,2.525,11.9301635288236,78.9554869237935,NOISE,2024-10-26T03:00:47,2.525,11.9301635288236,78.9554869237935,NOISE,2024-10-26T03:00:47,2.525,11.9301635288236,78.9554869237935,NOISE,2024-10-26T03:00:47,2.525,11.9301635288236,78.9554869237935,NOISE
2026-03-04T10:05:10.568749,Map-Energy__sum__linear-conv01002-20241026_000047-20241026_060047-5.000000-10.000000.png,2024-10-26T00:00:47,2024-10-26T06:00:47,5.0,10.0,2024-10-26T03:00:47,7.5,11.7898272340434,78.9877048432448,NOISE,2024-10-26T03:00:47,7.5,11.7898272340434,78.9877048432448,NOISE,2024-10-26T03:00:47,7.5,11.7898272340434,78.9877048432448,NOISE,2024-10-26T03:00:47,7.5,11.7898272340434,78.9877048432448,NOISE
2026-03-04T10:10:59.161004,Map-Energy__sum__linear-conv01003-20241026_000047-20241026_060047-10.000000-15.000000.png,2024-10-26T00:00:47,2024-10-26T06:00:47,10.0,15.0,2024-10-26T03:00:47,12.5,11.5594114413877,78.9903276217732,NOISE,2024-10-26T03:00:47,12.5,11.5594114413877,78.9903276217732,NOISE,2024-10-26T03:00:47,12.5,11.5594114413877,78.9903276217732,NOISE,2024-10-26T03:00:47,12.5,11.5594114413877,78.9903276217732,NOISE
2026-03-04T10:25:53.712325,Map-Energy__sum__linear-conv01004-20241026_000047-20241026_060047-15.000000-20.000000.png,2024-10-26T00:00:47,2024-10-26T06:00:47,15.0,20.0,2024-10-26T01:00:58,19.406585,11.2679899741174,79.0151880880071,SEISMIC,2024-10-26T02:59:30,19.344329,11.2712108098819,79.0150866741049,SEISMIC,2024-10-26T03:00:47,17.5,11.3555231115476,79.0115662370871,NOISE,2024-10-26T03:00:47,17.5,11.3555231115476,79.0115662370871,NOISE
2026-03-04T10:36:43.631637,Map-Energy__sum__linear-conv01005-20241026_000047-20241026_060047-20.000000-25.000000.png,2024-10-26T00:00:47,2024-10-26T06:00:47,20.0,25.0,2024-10-26T02:47:26,23.776245,11.0639063679598,79.0192792488321,SEISMIC,2024-10-26T01:26:04,23.605041,11.0718611486273,79.0191408170883,SEISMIC,2024-10-26T03:00:47,22.5,11.1238434802504,79.0183136392333,NOISE,2024-10-26T03:00:47,22.5,11.1238434802504,79.0183136392333,NOISE
2026-03-04T10:45:27.607357,Map-Energy__sum__linear-conv01006-20241026_000047-20241026_060047-25.000000-30.000000.png,2024-10-26T00:00:47,2024-10-26T06:00:47,25.0,30.0,2024-10-26T03:00:47,27.5,10.889673808393,79.020806600637,NOISE,2024-10-26T03:00:47,27.5,10.889673808393,79.020806600637,NOISE,2024-10-26T03:00:47,27.5,10.889673808393,79.020806600637,NOISE,2024-10-26T03:00:47,27.5,10.889673808393,79.020806600637,NOISE
2026-03-04T10:49:47.710176,Map-Energy__sum__linear-conv01007-20241026_000047-20241026_060047-30.000000-35.000000.png,2024-10-26T00:00:47,2024-10-26T06:00:47,30.0,35.0,2024-10-26T03:00:47,32.5,10.6593790614908,79.0131989106931,NOISE,2024-10-26T03:00:47,32.5,10.6593790614908,79.0131989106931,NOISE,2024-10-26T03:00:47,32.5,10.6593790614908,79.0131989106931,NOISE,2024-10-26T03:00:47,32.5,10.6593790614908,79.0131989106931,NOISE
2026-03-04T10:55:23.007479,Map-Energy__sum__linear-conv01008-20241026_000047-20241026_060047-35.000000-40.000000.png,2024-10-26T00:00:47,2024-10-26T06:00:47,35.0,40.0,2024-10-26T03:00:47,37.5,10.437915725008,78.9984509925074,NOISE,2024-10-26T03:00:47,37.5,10.437915725008,78.9984509925074,NOISE,2024-10-26T03:00:47,37.5,10.437915725008,78.9984509925074,NOISE,2024-10-26T03:00:47,37.5,10.437915725008,78.9984509925074,NOISE
2026-03-04T11:00:42.670397,Map-Energy__sum__linear-conv01009-20241026_000047-20241026_060047-40.000000-45.000000.png,2024-10-26T00:00:47,2024-10-26T06:00:47,40.0,45.0,2024-10-26T03:00:47,42.5,10.2209936532221,78.9814941910257,NOISE,2024-10-26T03:00:47,42.5,10.2209936532221,78.9814941910257,NOISE,2024-10-26T03:00:47,42.5,10.2209936532221,78.9814941910257,NOISE,2024-10-26T03:00:47,42.5,10.2209936532221,78.9814941910257,NOISE
2026-03-04T11:05:05.374580,Map-Energy__sum__linear-conv01010-20241026_000047-20241026_060047-45.000000-49.900000.png,2024-10-26T00:00:47,2024-10-26T06:00:47,45.0,49.9,2024-10-26T03:00:47,47.45,10.0532262506808,78.9644950928927,NOISE,2024-10-26T03:00:47,47.45,10.0532262506808,78.9644950928927,NOISE,2024-10-26T03:00:47,47.45,10.0532262506808,78.9644950928927,NOISE,2024-10-26T03:00:47,47.45,10.0532262506808,78.9644950928927,NOISE
2026-03-04T09:42:08.273710,Map-Energy__sum__linear-conv01011-20241026_060047-20241026_120047-0.050000-5.000000.png,2024-10-26T06:00:47,2024-10-26T12:00:47,0.05,5.0,2024-10-26T09:00:47,2.525,11.9301635288236,78.9554869237935,NOISE,2024-10-26T09:00:47,2.525,11.9301635288236,78.9554869237935,NOISE,2024-10-26T09:00:47,2.525,11.9301635288236,78.9554869237935,NOISE,2024-10-26T09:00:47,2.525,11.9301635288236,78.9554869237935,NOISE
2026-03-04T10:05:12.218029,Map-Energy__sum__linear-conv01012-20241026_060047-20241026_120047-5.000000-10.000000.png,2024-10-26T06:00:47,2024-10-26T12:00:47,5.0,10.0,2024-10-26T09:00:47,7.5,11.7898272340434,78.9877048432448,NOISE,2024-10-26T09:00:47,7.5,11.7898272340434,78.9877048432448,NOISE,2024-10-26T09:00:47,7.5,11.7898272340434,78.9877048432448,NOISE,2024-10-26T09:00:47,7.5,11.7898272340434,78.9877048432448,NOISE
2026-03-04T10:11:00.784782,Map-Energy__sum__linear-conv01013-20241026_060047-20241026_120047-10.000000-15.000000.png,2024-10-26T06:00:47,2024-10-26T12:00:47,10.0,15.0,2024-10-26T09:00:47,12.5,11.5594114413877,78.9903276217732,NOISE,2024-10-26T09:00:47,12.5,11.5594114413877,78.9903276217732,NOISE,2024-10-26T09:00:47,12.5,11.5594114413877,78.9903276217732,NOISE,2024-10-26T09:00:47,12.5,11.5594114413877,78.9903276217732,NOISE
2026-03-04T10:26:29.144770,Map-Energy__sum__linear-conv01014-20241026_060047-20241026_120047-15.000000-20.000000.png,2024-10-26T06:00:47,2024-10-26T12:00:47,15.0,20.0,2024-10-26T07:32:07,19.219818,11.2767680520957,79.014905638527,SEISMIC,2024-10-26T08:42:59,19.258727,11.2749156489497,79.0149659836822,SEISMIC,2024-10-26T09:22:04,19.204254,11.2776942478447,79.0148754640137,SEISMIC,2024-10-26T09:00:47,17.5,11.3555231115476,79.0115662370871,NOISE
2026-03-04T10:36:58.783120,Map-Energy__sum__linear-conv01015-20241026_060047-20241026_120047-20.000000-25.000000.png,2024-10-26T06:00:47,2024-10-26T12:00:47,20.0,25.0,2024-10-26T07:36:14,23.713989,11.0671827094138,79.0192222323501,SEISMIC,2024-10-26T08:49:58,23.698425,11.0676507571408,79.0192140879008,SEISMIC,2024-10-26T08:00:42,20.10315,11.2358757851553,79.0159479257315,SEISMIC,2024-10-26T06:51:44,20.14206,11.2340103544656,79.0159916939559,SEISMIC
2026-03-04T10:45:31.166909,Map-Energy__sum__linear-conv01016-20241026_060047-20241026_120047-25.000000-30.000000.png,2024-10-26T06:00:47,2024-10-26T12:00:47,25.0,30.0,2024-10-26T09:00:47,27.5,10.889673808393,79.020806600637,NOISE,2024-10-26T09:00:47,27.5,10.889673808393,79.020806600637,NOISE,2024-10-26T09:00:47,27.5,10.889673808393,79.020806600637,NOISE,2024-10-26T09:00:47,27.5,10.889673808393,79.020806600637,NOISE
2026-03-04T10:49:48.807202,Map-Energy__sum__linear-conv01017-20241026_060047-20241026_120047-30.000000-35.000000.png,2024-10-26T06:00:47,2024-10-26T12:00:47,30.0,35.0,2024-10-26T09:00:47,32.5,10.6593790614908,79.0131989106931,NOISE,2024-10-26T09:00:47,32.5,10.6593790614908,79.0131989106931,NOISE,2024-10-26T09:00:47,32.5,10.6593790614908,79.0131989106931,NOISE,2024-10-26T09:00:47,32.5,10.6593790614908,79.0131989106931,NOISE
2026-03-04T10:55:50.054841,Map-Energy__sum__linear-conv01018-20241026_060047-20241026_120047-35.000000-40.000000.png,2024-10-26T06:00:47,2024-10-26T12:00:47,35.0,40.0,2024-10-26T06:28:33,36.091462,10.4993700559473,79.0031320590241,SEISMIC,2024-10-26T07:04:09,36.931915,10.4627852212676,79.0003281947647,SEISMIC,2024-10-26T07:47:03,36.55838,10.4789330586717,79.0015471844265,SEISMIC,2024-10-26T09:36:03,36.566162,10.4784968621692,79.0015141161877,SEISMIC
2026-03-04T11:00:45.366327,Map-Energy__sum__linear-conv01019-20241026_060047-20241026_120047-40.000000-45.000000.png,2024-10-26T06:00:47,2024-10-26T12:00:47,40.0,45.0,2024-10-26T09:00:47,42.5,10.2209936532221,78.9814941910257,NOISE,2024-10-26T09:00:47,42.5,10.2209936532221,78.9814941910257,NOISE,2024-10-26T09:00:47,42.5,10.2209936532221,78.9814941910257,NOISE,2024-10-26T09:00:47,42.5,10.2209936532221,78.9814941910257,NOISE
2026-03-04T11:05:07.510787,Map-Energy__sum__linear-conv01020-20241026_060047-20241026_120047-45.000000-49.900000.png,2024-10-26T06:00:47,2024-10-26T12:00:47,45.0,49.9,2024-10-26T09:00:47,47.45,10.0532262506808,78.9644950928927,NOISE,2024-10-26T09:00:47,47.45,10.0532262506808,78.9644950928927,NOISE,2024-10-26T09:00:47,47.45,10.0532262506808,78.9644950928927,NOISE,2024-10-26T09:00:47,47.45,10.0532262506808,78.9644950928927,NOISE
2026-03-04T09:42:11.449804,Map-Energy__sum__linear-conv01021-20241026_120047-20241026_180047-0.050000-5.000000.png,2024-10-26T12:00:47,2024-10-26T18:00:47,0.05,5.0,2024-10-26T15:00:47,2.525,11.9301635288236,78.9554869237935,NOISE,2024-10-26T15:00:47,2.525,11.9301635288236,78.9554869237935,NOISE,2024-10-26T15:00:47,2.525,11.9301635288236,78.9554869237935,NOISE,2024-10-26T15:00:47,2.525,11.9301635288236,78.9554869237935,NOISE
2026-03-04T10:05:13.776620,Map-Energy__sum__linear-conv01022-20241026_120047-20241026_180047-5.000000-10.000000.png,2024-10-26T12:00:47,2024-10-26T18:00:47,5.0,10.0,2024-10-26T15:00:47,7.5,11.7898272340434,78.9877048432448,NOISE,2024-10-26T15:00:47,7.5,11.7898272340434,78.9877048432448,NOISE,2024-10-26T15:00:47,7.5,11.7898272340434,78.9877048432448,NOISE,2024-10-26T15:00:47,7.5,11.7898272340434,78.9877048432448,NOISE
2026-03-04T10:11:02.128506,Map-Energy__sum__linear-conv01023-20241026_120047-20241026_180047-10.000000-15.000000.png,2024-10-26T12:00:47,2024-10-26T18:00:47,10.0,15.0,2024-10-26T15:00:47,12.5,11.5594114413877,78.9903276217732,NOISE,2024-10-26T15:00:47,12.5,11.5594114413877,78.9903276217732,NOISE,2024-10-26T15:00:47,12.5,11.5594114413877,78.9903276217732,NOISE,2024-10-26T15:00:47,12.5,11.5594114413877,78.9903276217732,NOISE
2026-03-04T10:26:46.352067,Map-Energy__sum__linear-conv01024-20241026_120047-20241026_180047-15.000000-20.000000.png,2024-10-26T12:00:47,2024-10-26T18:00:47,15.0,20.0,2024-10-26T15:07:08,16.519471,11.3961774292806,79.007499491916,OTHER,2024-10-26T15:00:47,17.5,11.3555231115476,79.0115662370871,NOISE,2024-10-26T15:00:47,17.5,11.3555231115476,79.0115662370871,NOISE,2024-10-26T15:00:47,17.5,11.3555231115476,79.0115662370871,NOISE
2026-03-04T10:37:02.791678,Map-Energy__sum__linear-conv01025-20241026_120047-20241026_180047-20.000000-25.000000.png,2024-10-26T12:00:47,2024-10-26T18:00:47,20.0,25.0,2024-10-26T15:00:47,22.5,11.1238434802504,79.0183136392333,NOISE,2024-10-26T15:00:47,22.5,11.1238434802504,79.0183136392333,NOISE,2024-10-26T15:00:47,22.5,11.1238434802504,79.0183136392333,NOISE,2024-10-26T15:00:47,22.5,11.1238434802504,79.0183136392333,NOISE
2026-03-04T10:45:32.886691,Map-Energy__sum__linear-conv01026-20241026_120047-20241026_180047-25.000000-30.000000.png,2024-10-26T12:00:47,2024-10-26T18:00:47,25.0,30.0,2024-10-26T15:00:47,27.5,10.889673808393,79.020806600637,NOISE,2024-10-26T15:00:47,27.5,10.889673808393,79.020806600637,NOISE,2024-10-26T15:00:47,27.5,10.889673808393,79.020806600637,NOISE,2024-10-26T15:00:47,27.5,10.889673808393,79.020806600637,NOISE
2026-03-04T10:49:50.294866,Map-Energy__sum__linear-conv01027-20241026_120047-20241026_180047-30.000000-35.000000.png,2024-10-26T12:00:47,2024-10-26T18:00:47,30.0,35.0,2024-10-26T15:00:47,32.5,10.6593790614908,79.0131989106931,NOISE,2024-10-26T15:00:47,32.5,10.6593790614908,79.0131989106931,NOISE,2024-10-26T15:00:47,32.5,10.6593790614908,79.0131989106931,NOISE,2024-10-26T15:00:47,32.5,10.6593790614908,79.0131989106931,NOISE
2026-03-04T10:55:55.669771,Map-Energy__sum__linear-conv01028-20241026_120047-20241026_180047-35.000000-40.000000.png,2024-10-26T12:00:47,2024-10-26T18:00:47,35.0,40.0,2024-10-26T15:00:47,37.5,10.437915725008,78.9984509925074,NOISE,2024-10-26T15:00:47,37.5,10.437915725008,78.9984509925074,NOISE,2024-10-26T15:00:47,37.5,10.437915725008,78.9984509925074,NOISE,2024-10-26T15:00:47,37.5,10.437915725008,78.9984509925074,NOISE
2026-03-04T11:00:48.518329,Map-Energy__sum__linear-conv01029-20241026_120047-20241026_180047-40.000000-45.000000.png,2024-10-26T12:00:47,2024-10-26T18:00:47,40.0,45.0,2024-10-26T15:00:47,42.5,10.2209936532221,78.9814941910257,NOISE,2024-10-26T15:00:47,42.5,10.2209936532221,78.9814941910257,NOISE,2024-10-26T15:00:47,42.5,10.2209936532221,78.9814941910257,NOISE,2024-10-26T15:00:47,42.5,10.2209936532221,78.9814941910257,NOISE
2026-03-04T11:05:09.806618,Map-Energy__sum__linear-conv01030-20241026_120047-20241026_180047-45.000000-49.900000.png,2024-10-26T12:00:47,2024-10-26T18:00:47,45.0,49.9,2024-10-26T15:00:47,47.45,10.0532262506808,78.9644950928927,NOISE,2024-10-26T15:00:47,47.45,10.0532262506808,78.9644950928927,NOISE,2024-10-26T15:00:47,47.45,10.0532262506808,78.9644950928927,NOISE,2024-10-26T15:00:47,47.45,10.0532262506808,78.9644950928927,NOISE
2026-03-04T09:42:14.128995,Map-Energy__sum__linear-conv01031-20241026_180047-20241027_000047-0.050000-5.000000.png,2024-10-26T18:00:47,2024-10-27T00:00:47,0.05,5.0,2024-10-26T21:00:47,2.525,11.9301635288236,78.9554869237935,NOISE,2024-10-26T21:00:47,2.525,11.9301635288236,78.9554869237935,NOISE,2024-10-26T21:00:47,2.525,11.9301635288236,78.9554869237935,NOISE,2024-10-26T21:00:47,2.525,11.9301635288236,78.9554869237935,NOISE
2026-03-04T10:05:16.545035,Map-Energy__sum__linear-conv01032-20241026_180047-20241027_000047-5.000000-10.000000.png,2024-10-26T18:00:47,2024-10-27T00:00:47,5.0,10.0,2024-10-26T21:00:47,7.5,11.7898272340434,78.9877048432448,NOISE,2024-10-26T21:00:47,7.5,11.7898272340434,78.9877048432448,NOISE,2024-10-26T21:00:47,7.5,11.7898272340434,78.9877048432448,NOISE,2024-10-26T21:00:47,7.5,11.7898272340434,78.9877048432448,NOISE
2026-03-04T10:11:03.256867,Map-Energy__sum__linear-conv01033-20241026_180047-20241027_000047-10.000000-15.000000.png,2024-10-26T18:00:47,2024-10-27T00:00:47,10.0,15.0,2024-10-26T21:00:47,12.5,11.5594114413877,78.9903276217732,NOISE,2024-10-26T21:00:47,12.5,11.5594114413877,78.9903276217732,NOISE,2024-10-26T21:00:47,12.5,11.5594114413877,78.9903276217732,NOISE,2024-10-26T21:00:47,12.5,11.5594114413877,78.9903276217732,NOISE
2026-03-04T10:26:51.727390,Map-Energy__sum__linear-conv01034-20241026_180047-20241027_000047-15.000000-20.000000.png,2024-10-26T18:00:47,2024-10-27T00:00:47,15.0,20.0,2024-10-26T21:00:47,17.5,11.3555231115476,79.0115662370871,NOISE,2024-10-26T21:00:47,17.5,11.3555231115476,79.0115662370871,NOISE,2024-10-26T21:00:47,17.5,11.3555231115476,79.0115662370871,NOISE,2024-10-26T21:00:47,17.5,11.3555231115476,79.0115662370871,NOISE
2026-03-04T10:37:08.775958,Map-Energy__sum__linear-conv01035-20241026_180047-20241027_000047-20.000000-25.000000.png,2024-10-26T18:00:47,2024-10-27T00:00:47,20.0,25.0,2024-10-26T21:00:47,22.5,11.1238434802504,79.0183136392333,NOISE,2024-10-26T21:00:47,22.5,11.1238434802504,79.0183136392333,NOISE,2024-10-26T21:00:47,22.5,11.1238434802504,79.0183136392333,NOISE,2024-10-26T21:00:47,22.5,11.1238434802504,79.0183136392333,NOISE
2026-03-04T10:45:34.559381,Map-Energy__sum__linear-conv01036-20241026_180047-20241027_000047-25.000000-30.000000.png,2024-10-26T18:00:47,2024-10-27T00:00:47,25.0,30.0,2024-10-26T21:00:47,27.5,10.889673808393,79.020806600637,NOISE,2024-10-26T21:00:47,27.5,10.889673808393,79.020806600637,NOISE,2024-10-26T21:00:47,27.5,10.889673808393,79.020806600637,NOISE,2024-10-26T21:00:47,27.5,10.889673808393,79.020806600637,NOISE
2026-03-04T10:49:51.382602,Map-Energy__sum__linear-conv01037-20241026_180047-20241027_000047-30.000000-35.000000.png,2024-10-26T18:00:47,2024-10-27T00:00:47,30.0,35.0,2024-10-26T21:00:47,32.5,10.6593790614908,79.0131989106931,NOISE,2024-10-26T21:00:47,32.5,10.6593790614908,79.0131989106931,NOISE,2024-10-26T21:00:47,32.5,10.6593790614908,79.0131989106931,NOISE,2024-10-26T21:00:47,32.5,10.6593790614908,79.0131989106931,NOISE
2026-03-04T10:56:01.591053,Map-Energy__sum__linear-conv01038-20241026_180047-20241027_000047-35.000000-40.000000.png,2024-10-26T18:00:47,2024-10-27T00:00:47,35.0,40.0,2024-10-26T21:00:47,37.5,10.437915725008,78.9984509925074,NOISE,2024-10-26T21:00:47,37.5,10.437915725008,78.9984509925074,NOISE,2024-10-26T21:00:47,37.5,10.437915725008,78.9984509925074,NOISE,2024-10-26T21:00:47,37.5,10.437915725008,78.9984509925074,NOISE
2026-03-04T11:00:50.141869,Map-Energy__sum__linear-conv01039-20241026_180047-20241027_000047-40.000000-45.000000.png,2024-10-26T18:00:47,2024-10-27T00:00:47,40.0,45.0,2024-10-26T21:00:47,42.5,10.2209936532221,78.9814941910257,NOISE,2024-10-26T21:00:47,42.5,10.2209936532221,78.9814941910257,NOISE,2024-10-26T21:00:47,42.5,10.2209936532221,78.9814941910257,NOISE,2024-10-26T21:00:47,42.5,10.2209936532221,78.9814941910257,NOISE
2026-03-04T11:05:14.646429,Map-Energy__sum__linear-conv01040-20241026_180047-20241027_000047-45.000000-49.900000.png,2024-10-26T18:00:47,2024-10-27T00:00:47,45.0,49.9,2024-10-26T21:00:47,47.45,10.0532262506808,78.9644950928927,NOISE,2024-10-26T21:00:47,47.45,10.0532262506808,78.9644950928927,NOISE,2024-10-26T21:00:47,47.45,10.0532262506808,78.9644950928927,NOISE,2024-10-26T21:00:47,47.45,10.0532262506808,78.9644950928927,NOISE
2026-03-04T09:42:16.577593,Map-Energy__sum__linear-conv01041-20241027_000047-20241027_060047-0.050000-5.000000.png,2024-10-27T00:00:47,2024-10-27T06:00:47,0.05,5.0,2024-10-27T03:00:47,2.525,11.9301635288236,78.9554869237935,NOISE,2024-10-27T03:00:47,2.525,11.9301635288236,78.9554869237935,NOISE,2024-10-27T03:00:47,2.525,11.9301635288236,78.9554869237935,NOISE,2024-10-27T03:00:47,2.525,11.9301635288236,78.9554869237935,NOISE
2026-03-04T10:05:20.048773,Map-Energy__sum__linear-conv01042-20241027_000047-20241027_060047-5.000000-10.000000.png,2024-10-27T00:00:47,2024-10-27T06:00:47,5.0,10.0,2024-10-27T03:00:47,7.5,11.7898272340434,78.9877048432448,NOISE,2024-10-27T03:00:47,7.5,11.7898272340434,78.9877048432448,NOISE,2024-10-27T03:00:47,7.5,11.7898272340434,78.9877048432448,NOISE,2024-10-27T03:00:47,7.5,11.7898272340434,78.9877048432448,NOISE
2026-03-04T10:11:04.408509,Map-Energy__sum__linear-conv01043-20241027_000047-20241027_060047-10.000000-15.000000.png,2024-10-27T00:00:47,2024-10-27T06:00:47,10.0,15.0,2024-10-27T03:00:47,12.5,11.5594114413877,78.9903276217732,NOISE,2024-10-27T03:00:47,12.5,11.5594114413877,78.9903276217732,NOISE,2024-10-27T03:00:47,12.5,11.5594114413877,78.9903276217732,NOISE,2024-10-27T03:00:47,12.5,11.5594114413877,78.9903276217732,NOISE
2026-03-04T10:27:02.784160,Map-Energy__sum__linear-conv01044-20241027_000047-20241027_060047-15.000000-20.000000.png,2024-10-27T00:00:47,2024-10-27T06:00:47,15.0,20.0,2024-10-27T03:00:47,17.5,11.3555231115476,79.0115662370871,NOISE,2024-10-27T03:00:47,17.5,11.3555231115476,79.0115662370871,NOISE,2024-10-27T03:00:47,17.5,11.3555231115476,79.0115662370871,NOISE,2024-10-27T03:00:47,17.5,11.3555231115476,79.0115662370871,NOISE
2026-03-04T10:37:12.321145,Map-Energy__sum__linear-conv01045-20241027_000047-20241027_060047-20.000000-25.000000.png,2024-10-27T00:00:47,2024-10-27T06:00:47,20.0,25.0,2024-10-27T03:00:47,22.5,11.1238434802504,79.0183136392333,NOISE,2024-10-27T03:00:47,22.5,11.1238434802504,79.0183136392333,NOISE,2024-10-27T03:00:47,22.5,11.1238434802504,79.0183136392333,NOISE,2024-10-27T03:00:47,22.5,11.1238434802504,79.0183136392333,NOISE
2026-03-04T10:45:41.950877,Map-Energy__sum__linear-conv01046-20241027_000047-20241027_060047-25.000000-30.000000.png,2024-10-27T00:00:47,2024-10-27T06:00:47,25.0,30.0,2024-10-27T03:00:47,27.5,10.889673808393,79.020806600637,NOISE,2024-10-27T03:00:47,27.5,10.889673808393,79.020806600637,NOISE,2024-10-27T03:00:47,27.5,10.889673808393,79.020806600637,NOISE,2024-10-27T03:00:47,27.5,10.889673808393,79.020806600637,NOISE
2026-03-04T10:49:52.774885,Map-Energy__sum__linear-conv01047-20241027_000047-20241027_060047-30.000000-35.000000.png,2024-10-27T00:00:47,2024-10-27T06:00:47,30.0,35.0,2024-10-27T03:00:47,32.5,10.6593790614908,79.0131989106931,NOISE,2024-10-27T03:00:47,32.5,10.6593790614908,79.0131989106931,NOISE,2024-10-27T03:00:47,32.5,10.6593790614908,79.0131989106931,NOISE,2024-10-27T03:00:47,32.5,10.6593790614908,79.0131989106931,NOISE
2026-03-04T10:56:07.638978,Map-Energy__sum__linear-conv01048-20241027_000047-20241027_060047-35.000000-40.000000.png,2024-10-27T00:00:47,2024-10-27T06:00:47,35.0,40.0,2024-10-27T03:00:47,37.5,10.437915725008,78.9984509925074,NOISE,2024-10-27T03:00:47,37.5,10.437915725008,78.9984509925074,NOISE,2024-10-27T03:00:47,37.5,10.437915725008,78.9984509925074,NOISE,2024-10-27T03:00:47,37.5,10.437915725008,78.9984509925074,NOISE
2026-03-04T11:00:51.934645,Map-Energy__sum__linear-conv01049-20241027_000047-20241027_060047-40.000000-45.000000.png,2024-10-27T00:00:47,2024-10-27T06:00:47,40.0,45.0,2024-10-27T03:00:47,42.5,10.2209936532221,78.9814941910257,NOISE,2024-10-27T03:00:47,42.5,10.2209936532221,78.9814941910257,NOISE,2024-10-27T03:00:47,42.5,10.2209936532221,78.9814941910257,NOISE,2024-10-27T03:00:47,42.5,10.2209936532221,78.9814941910257,NOISE
2026-03-04T11:05:16.238606,Map-Energy__sum__linear-conv01050-20241027_000047-20241027_060047-45.000000-49.900000.png,2024-10-27T00:00:47,2024-10-27T06:00:47,45.0,49.9,2024-10-27T03:00:47,47.45,10.0532262506808,78.9644950928927,NOISE,2024-10-27T03:00:47,47.45,10.0532262506808,78.9644950928927,NOISE,2024-10-27T03:00:47,47.45,10.0532262506808,78.9644950928927,NOISE,2024-10-27T03:00:47,47.45,10.0532262506808,78.9644950928927,NOISE
2026-03-04T09:42:19.025901,Map-Energy__sum__linear-conv01051-20241027_060047-20241027_120047-0.050000-5.000000.png,2024-10-27T06:00:47,2024-10-27T12:00:47,0.05,5.0,2024-10-27T09:00:47,2.525,11.9301635288236,78.9554869237935,NOISE,2024-10-27T09:00:47,2.525,11.9301635288236,78.9554869237935,NOISE,2024-10-27T09:00:47,2.525,11.9301635288236,78.9554869237935,NOISE,2024-10-27T09:00:47,2.525,11.9301635288236,78.9554869237935,NOISE
2026-03-04T10:05:21.920445,Map-Energy__sum__linear-conv01052-20241027_060047-20241027_120047-5.000000-10.000000.png,2024-10-27T06:00:47,2024-10-27T12:00:47,5.0,10.0,2024-10-27T09:00:47,7.5,11.7898272340434,78.9877048432448,NOISE,2024-10-27T09:00:47,7.5,11.7898272340434,78.9877048432448,NOISE,2024-10-27T09:00:47,7.5,11.7898272340434,78.9877048432448,NOISE,2024-10-27T09:00:47,7.5,11.7898272340434,78.9877048432448,NOISE
2026-03-04T10:11:05.576864,Map-Energy__sum__linear-conv01053-20241027_060047-20241027_120047-10.000000-15.000000.png,2024-10-27T06:00:47,2024-10-27T12:00:47,10.0,15.0,2024-10-27T09:00:47,12.5,11.5594114413877,78.9903276217732,NOISE,2024-10-27T09:00:47,12.5,11.5594114413877,78.9903276217732,NOISE,2024-10-27T09:00:47,12.5,11.5594114413877,78.9903276217732,NOISE,2024-10-27T09:00:47,12.5,11.5594114413877,78.9903276217732,NOISE
2026-03-04T10:27:16.975464,Map-Energy__sum__linear-conv01054-20241027_060047-20241027_120047-15.000000-20.000000.png,2024-10-27T06:00:47,2024-10-27T12:00:47,15.0,20.0,2024-10-27T09:00:47,17.5,11.3555231115476,79.0115662370871,NOISE,2024-10-27T09:00:47,17.5,11.3555231115476,79.0115662370871,NOISE,2024-10-27T09:00:47,17.5,11.3555231115476,79.0115662370871,NOISE,2024-10-27T09:00:47,17.5,11.3555231115476,79.0115662370871,NOISE
2026-03-04T10:37:15.119968,Map-Energy__sum__linear-conv01055-20241027_060047-20241027_120047-20.000000-25.000000.png,2024-10-27T06:00:47,2024-10-27T12:00:47,20.0,25.0,2024-10-27T09:00:47,22.5,11.1238434802504,79.0183136392333,NOISE,2024-10-27T09:00:47,22.5,11.1238434802504,79.0183136392333,NOISE,2024-10-27T09:00:47,22.5,11.1238434802504,79.0183136392333,NOISE,2024-10-27T09:00:47,22.5,11.1238434802504,79.0183136392333,NOISE
2026-03-04T10:45:43.375528,Map-Energy__sum__linear-conv01056-20241027_060047-20241027_120047-25.000000-30.000000.png,2024-10-27T06:00:47,2024-10-27T12:00:47,25.0,30.0,2024-10-27T09:00:47,27.5,10.889673808393,79.020806600637,NOISE,2024-10-27T09:00:47,27.5,10.889673808393,79.020806600637,NOISE,2024-10-27T09:00:47,27.5,10.889673808393,79.020806600637,NOISE,2024-10-27T09:00:47,27.5,10.889673808393,79.020806600637,NOISE
2026-03-04T10:49:54.135495,Map-Energy__sum__linear-conv01057-20241027_060047-20241027_120047-30.000000-35.000000.png,2024-10-27T06:00:47,2024-10-27T12:00:47,30.0,35.0,2024-10-27T09:00:47,32.5,10.6593790614908,79.0131989106931,NOISE,2024-10-27T09:00:47,32.5,10.6593790614908,79.0131989106931,NOISE,2024-10-27T09:00:47,32.5,10.6593790614908,79.0131989106931,NOISE,2024-10-27T09:00:47,32.5,10.6593790614908,79.0131989106931,NOISE
2026-03-04T10:56:11.670974,Map-Energy__sum__linear-conv01058-20241027_060047-20241027_120047-35.000000-40.000000.png,2024-10-27T06:00:47,2024-10-27T12:00:47,35.0,40.0,2024-10-27T09:00:47,37.5,10.437915725008,78.9984509925074,NOISE,2024-10-27T09:00:47,37.5,10.437915725008,78.9984509925074,NOISE,2024-10-27T09:00:47,37.5,10.437915725008,78.9984509925074,NOISE,2024-10-27T09:00:47,37.5,10.437915725008,78.9984509925074,NOISE
2026-03-04T11:00:53.254642,Map-Energy__sum__linear-conv01059-20241027_060047-20241027_120047-40.000000-45.000000.png,2024-10-27T06:00:47,2024-10-27T12:00:47,40.0,45.0,2024-10-27T09:00:47,42.5,10.2209936532221,78.9814941910257,NOISE,2024-10-27T09:00:47,42.5,10.2209936532221,78.9814941910257,NOISE,2024-10-27T09:00:47,42.5,10.2209936532221,78.9814941910257,NOISE,2024-10-27T09:00:47,42.5,10.2209936532221,78.9814941910257,NOISE
2026-03-04T11:05:17.950446,Map-Energy__sum__linear-conv01060-20241027_060047-20241027_120047-45.000000-49.900000.png,2024-10-27T06:00:47,2024-10-27T12:00:47,45.0,49.9,2024-10-27T09:00:47,47.45,10.0532262506808,78.9644950928927,NOISE,2024-10-27T09:00:47,47.45,10.0532262506808,78.9644950928927,NOISE,2024-10-27T09:00:47,47.45,10.0532262506808,78.9644950928927,NOISE,2024-10-27T09:00:47,47.45,10.0532262506808,78.9644950928927,NOISE
2026-03-04T09:42:20.545334,Map-Energy__sum__linear-conv01061-20241027_120047-20241027_180047-0.050000-5.000000.png,2024-10-27T12:00:47,2024-10-27T18:00:47,0.05,5.0,2024-10-27T15:00:47,2.525,11.9301635288236,78.9554869237935,NOISE,2024-10-27T15:00:47,2.525,11.9301635288236,78.9554869237935,NOISE,2024-10-27T15:00:47,2.525,11.9301635288236,78.9554869237935,NOISE,2024-10-27T15:00:47,2.525,11.9301635288236,78.9554869237935,NOISE
2026-03-04T10:05:23.351639,Map-Energy__sum__linear-conv01062-20241027_120047-20241027_180047-5.000000-10.000000.png,2024-10-27T12:00:47,2024-10-27T18:00:47,5.0,10.0,2024-10-27T15:00:47,7.5,11.7898272340434,78.9877048432448,NOISE,2024-10-27T15:00:47,7.5,11.7898272340434,78.9877048432448,NOISE,2024-10-27T15:00:47,7.5,11.7898272340434,78.9877048432448,NOISE,2024-10-27T15:00:47,7.5,11.7898272340434,78.9877048432448,NOISE
2026-03-04T10:11:07.296794,Map-Energy__sum__linear-conv01063-20241027_120047-20241027_180047-10.000000-15.000000.png,2024-10-27T12:00:47,2024-10-27T18:00:47,10.0,15.0,2024-10-27T15:00:47,12.5,11.5594114413877,78.9903276217732,NOISE,2024-10-27T15:00:47,12.5,11.5594114413877,78.9903276217732,NOISE,2024-10-27T15:00:47,12.5,11.5594114413877,78.9903276217732,NOISE,2024-10-27T15:00:47,12.5,11.5594114413877,78.9903276217732,NOISE
2026-03-04T10:27:18.167274,Map-Energy__sum__linear-conv01064-20241027_120047-20241027_180047-15.000000-20.000000.png,2024-10-27T12:00:47,2024-10-27T18:00:47,15.0,20.0,2024-10-27T15:00:47,17.5,11.3555231115476,79.0115662370871,NOISE,2024-10-27T15:00:47,17.5,11.3555231115476,79.0115662370871,NOISE,2024-10-27T15:00:47,17.5,11.3555231115476,79.0115662370871,NOISE,2024-10-27T15:00:47,17.5,11.3555231115476,79.0115662370871,NOISE
2026-03-04T10:37:18.214795,Map-Energy__sum__linear-conv01065-20241027_120047-20241027_180047-20.000000-25.000000.png,2024-10-27T12:00:47,2024-10-27T18:00:47,20.0,25.0,2024-10-27T15:00:47,22.5,11.1238434802504,79.0183136392333,NOISE,2024-10-27T15:00:47,22.5,11.1238434802504,79.0183136392333,NOISE,2024-10-27T15:00:47,22.5,11.1238434802504,79.0183136392333,NOISE,2024-10-27T15:00:47,22.5,11.1238434802504,79.0183136392333,NOISE
2026-03-04T10:45:45.271412,Map-Energy__sum__linear-conv01066-20241027_120047-20241027_180047-25.000000-30.000000.png,2024-10-27T12:00:47,2024-10-27T18:00:47,25.0,30.0,2024-10-27T15:00:47,27.5,10.889673808393,79.020806600637,NOISE,2024-10-27T15:00:47,27.5,10.889673808393,79.020806600637,NOISE,2024-10-27T15:00:47,27.5,10.889673808393,79.020806600637,NOISE,2024-10-27T15:00:47,27.5,10.889673808393,79.020806600637,NOISE
2026-03-04T10:49:56.319198,Map-Energy__sum__linear-conv01067-20241027_120047-20241027_180047-30.000000-35.000000.png,2024-10-27T12:00:47,2024-10-27T18:00:47,30.0,35.0,2024-10-27T15:00:47,32.5,10.6593790614908,79.0131989106931,NOISE,2024-10-27T15:00:47,32.5,10.6593790614908,79.0131989106931,NOISE,2024-10-27T15:00:47,32.5,10.6593790614908,79.0131989106931,NOISE,2024-10-27T15:00:47,32.5,10.6593790614908,79.0131989106931,NOISE
2026-03-04T10:56:13.422954,Map-Energy__sum__linear-conv01068-20241027_120047-20241027_180047-35.000000-40.000000.png,2024-10-27T12:00:47,2024-10-27T18:00:47,35.0,40.0,2024-10-27T15:00:47,37.5,10.437915725008,78.9984509925074,NOISE,2024-10-27T15:00:47,37.5,10.437915725008,78.9984509925074,NOISE,2024-10-27T15:00:47,37.5,10.437915725008,78.9984509925074,NOISE,2024-10-27T15:00:47,37.5,10.437915725008,78.9984509925074,NOISE
2026-03-04T11:00:54.454461,Map-Energy__sum__linear-conv01069-20241027_120047-20241027_180047-40.000000-45.000000.png,2024-10-27T12:00:47,2024-10-27T18:00:47,40.0,45.0,2024-10-27T15:00:47,42.5,10.2209936532221,78.9814941910257,NOISE,2024-10-27T15:00:47,42.5,10.2209936532221,78.9814941910257,NOISE,2024-10-27T15:00:47,42.5,10.2209936532221,78.9814941910257,NOISE,2024-10-27T15:00:47,42.5,10.2209936532221,78.9814941910257,NOISE
2026-03-04T11:05:19.374506,Map-Energy__sum__linear-conv01070-20241027_120047-20241027_180047-45.000000-49.900000.png,2024-10-27T12:00:47,2024-10-27T18:00:47,45.0,49.9,2024-10-27T15:00:47,47.45,10.0532262506808,78.9644950928927,NOISE,2024-10-27T15:00:47,47.45,10.0532262506808,78.9644950928927,NOISE,2024-10-27T15:00:47,47.45,10.0532262506808,78.9644950928927,NOISE,2024-10-27T15:00:47,47.45,10.0532262506808,78.9644950928927,NOISE
2026-03-04T09:42:22.090765,Map-Energy__sum__linear-conv01071-20241027_180047-20241028_000047-0.050000-5.000000.png,2024-10-27T18:00:47,2024-10-28T00:00:47,0.05,5.0,2024-10-27T21:00:47,2.525,11.9301635288236,78.9554869237935,NOISE,2024-10-27T21:00:47,2.525,11.9301635288236,78.9554869237935,NOISE,2024-10-27T21:00:47,2.525,11.9301635288236,78.9554869237935,NOISE,2024-10-27T21:00:47,2.525,11.9301635288236,78.9554869237935,NOISE
2026-03-04T10:05:24.912444,Map-Energy__sum__linear-conv01072-20241027_180047-20241028_000047-5.000000-10.000000.png,2024-10-27T18:00:47,2024-10-28T00:00:47,5.0,10.0,2024-10-27T21:00:47,7.5,11.7898272340434,78.9877048432448,NOISE,2024-10-27T21:00:47,7.5,11.7898272340434,78.9877048432448,NOISE,2024-10-27T21:00:47,7.5,11.7898272340434,78.9877048432448,NOISE,2024-10-27T21:00:47,7.5,11.7898272340434,78.9877048432448,NOISE
2026-03-04T10:11:09.032703,Map-Energy__sum__linear-conv01073-20241027_180047-20241028_000047-10.000000-15.000000.png,2024-10-27T18:00:47,2024-10-28T00:00:47,10.0,15.0,2024-10-27T21:00:47,12.5,11.5594114413877,78.9903276217732,NOISE,2024-10-27T21:00:47,12.5,11.5594114413877,78.9903276217732,NOISE,2024-10-27T21:00:47,12.5,11.5594114413877,78.9903276217732,NOISE,2024-10-27T21:00:47,12.5,11.5594114413877,78.9903276217732,NOISE
2026-03-04T10:27:23.759832,Map-Energy__sum__linear-conv01074-20241027_180047-20241028_000047-15.000000-20.000000.png,2024-10-27T18:00:47,2024-10-28T00:00:47,15.0,20.0,2024-10-27T21:00:47,17.5,11.3555231115476,79.0115662370871,NOISE,2024-10-27T21:00:47,17.5,11.3555231115476,79.0115662370871,NOISE,2024-10-27T21:00:47,17.5,11.3555231115476,79.0115662370871,NOISE,2024-10-27T21:00:47,17.5,11.3555231115476,79.0115662370871,NOISE
2026-03-04T10:37:22.959727,Map-Energy__sum__linear-conv01075-20241027_180047-20241028_000047-20.000000-25.000000.png,2024-10-27T18:00:47,2024-10-28T00:00:47,20.0,25.0,2024-10-27T21:00:47,22.5,11.1238434802504,79.0183136392333,NOISE,2024-10-27T21:00:47,22.5,11.1238434802504,79.0183136392333,NOISE,2024-10-27T21:00:47,22.5,11.1238434802504,79.0183136392333,NOISE,2024-10-27T21:00:47,22.5,11.1238434802504,79.0183136392333,NOISE
2026-03-04T10:45:48.991453,Map-Energy__sum__linear-conv01076-20241027_180047-20241028_000047-25.000000-30.000000.png,2024-10-27T18:00:47,2024-10-28T00:00:47,25.0,30.0,2024-10-27T21:00:47,27.5,10.889673808393,79.020806600637,NOISE,2024-10-27T21:00:47,27.5,10.889673808393,79.020806600637,NOISE,2024-10-27T21:00:47,27.5,10.889673808393,79.020806600637,NOISE,2024-10-27T21:00:47,27.5,10.889673808393,79.020806600637,NOISE
2026-03-04T10:49:57.751130,Map-Energy__sum__linear-conv01077-20241027_180047-20241028_000047-30.000000-35.000000.png,2024-10-27T18:00:47,2024-10-28T00:00:47,30.0,35.0,2024-10-27T21:00:47,32.5,10.6593790614908,79.0131989106931,NOISE,2024-10-27T21:00:47,32.5,10.6593790614908,79.0131989106931,NOISE,2024-10-27T21:00:47,32.5,10.6593790614908,79.0131989106931,NOISE,2024-10-27T21:00:47,32.5,10.6593790614908,79.0131989106931,NOISE
2026-03-04T10:56:14.942853,Map-Energy__sum__linear-conv01078-20241027_180047-20241028_000047-35.000000-40.000000.png,2024-10-27T18:00:47,2024-10-28T00:00:47,35.0,40.0,2024-10-27T21:00:47,37.5,10.437915725008,78.9984509925074,NOISE,2024-10-27T21:00:47,37.5,10.437915725008,78.9984509925074,NOISE,2024-10-27T21:00:47,37.5,10.437915725008,78.9984509925074,NOISE,2024-10-27T21:00:47,37.5,10.437915725008,78.9984509925074,NOISE
2026-03-04T11:00:57.214047,Map-Energy__sum__linear-conv01079-20241027_180047-20241028_000047-40.000000-45.000000.png,2024-10-27T18:00:47,2024-10-28T00:00:47,40.0,45.0,2024-10-27T21:00:47,42.5,10.2209936532221,78.9814941910257,NOISE,2024-10-27T21:00:47,42.5,10.2209936532221,78.9814941910257,NOISE,2024-10-27T21:00:47,42.5,10.2209936532221,78.9814941910257,NOISE,2024-10-27T21:00:47,42.5,10.2209936532221,78.9814941910257,NOISE
2026-03-04T11:05:21.382602,Map-Energy__sum__linear-conv01080-20241027_180047-20241028_000047-45.000000-49.900000.png,2024-10-27T18:00:47,2024-10-28T00:00:47,45.0,49.9,2024-10-27T21:00:47,47.45,10.0532262506808,78.9644950928927,NOISE,2024-10-27T21:00:47,47.45,10.0532262506808,78.9644950928927,NOISE,2024-10-27T21:00:47,47.45,10.0532262506808,78.9644950928927,NOISE,2024-10-27T21:00:47,47.45,10.0532262506808,78.9644950928927,NOISE
2026-03-04T09:42:25.657835,Map-Energy__sum__linear-conv01081-20241028_000047-20241028_060047-0.050000-5.000000.png,2024-10-28T00:00:47,2024-10-28T06:00:47,0.05,5.0,2024-10-28T03:00:47,2.525,11.9301635288236,78.9554869237935,NOISE,2024-10-28T03:00:47,2.525,11.9301635288236,78.9554869237935,NOISE,2024-10-28T03:00:47,2.525,11.9301635288236,78.9554869237935,NOISE,2024-10-28T03:00:47,2.525,11.9301635288236,78.9554869237935,NOISE
2026-03-04T10:05:28.897029,Map-Energy__sum__linear-conv01082-20241028_000047-20241028_060047-5.000000-10.000000.png,2024-10-28T00:00:47,2024-10-28T06:00:47,5.0,10.0,2024-10-28T03:00:47,7.5,11.7898272340434,78.9877048432448,NOISE,2024-10-28T03:00:47,7.5,11.7898272340434,78.9877048432448,NOISE,2024-10-28T03:00:47,7.5,11.7898272340434,78.9877048432448,NOISE,2024-10-28T03:00:47,7.5,11.7898272340434,78.9877048432448,NOISE
2026-03-04T10:11:11.168141,Map-Energy__sum__linear-conv01083-20241028_000047-20241028_060047-10.000000-15.000000.png,2024-10-28T00:00:47,2024-10-28T06:00:47,10.0,15.0,2024-10-28T03:00:47,12.5,11.5594114413877,78.9903276217732,NOISE,2024-10-28T03:00:47,12.5,11.5594114413877,78.9903276217732,NOISE,2024-10-28T03:00:47,12.5,11.5594114413877,78.9903276217732,NOISE,2024-10-28T03:00:47,12.5,11.5594114413877,78.9903276217732,NOISE
2026-03-04T10:27:27.583822,Map-Energy__sum__linear-conv01084-20241028_000047-20241028_060047-15.000000-20.000000.png,2024-10-28T00:00:47,2024-10-28T06:00:47,15.0,20.0,2024-10-28T03:00:47,17.5,11.3555231115476,79.0115662370871,NOISE,2024-10-28T03:00:47,17.5,11.3555231115476,79.0115662370871,NOISE,2024-10-28T03:00:47,17.5,11.3555231115476,79.0115662370871,NOISE,2024-10-28T03:00:47,17.5,11.3555231115476,79.0115662370871,NOISE
2026-03-04T10:38:01.103021,Map-Energy__sum__linear-conv01085-20241028_000047-20241028_060047-20.000000-25.000000.png,2024-10-28T00:00:47,2024-10-28T06:00:47,20.0,25.0,2024-10-28T02:33:08,21.488343,11.1710982924811,79.017467549753,OTHER,2024-10-28T05:30:47,21.542816,11.1687587198426,79.0175097798222,OTHER,2024-10-28T03:00:47,22.5,11.1238434802504,79.0183136392333,NOISE,2024-10-28T03:00:47,22.5,11.1238434802504,79.0183136392333,NOISE
2026-03-04T10:45:55.991354,Map-Energy__sum__linear-conv01086-20241028_000047-20241028_060047-25.000000-30.000000.png,2024-10-28T00:00:47,2024-10-28T06:00:47,25.0,30.0,2024-10-28T03:00:47,27.5,10.889673808393,79.020806600637,NOISE,2024-10-28T03:00:47,27.5,10.889673808393,79.020806600637,NOISE,2024-10-28T03:00:47,27.5,10.889673808393,79.020806600637,NOISE,2024-10-28T03:00:47,27.5,10.889673808393,79.020806600637,NOISE
2026-03-04T10:49:59.046168,Map-Energy__sum__linear-conv01087-20241028_000047-20241028_060047-30.000000-35.000000.png,2024-10-28T00:00:47,2024-10-28T06:00:47,30.0,35.0,2024-10-28T03:00:47,32.5,10.6593790614908,79.0131989106931,NOISE,2024-10-28T03:00:47,32.5,10.6593790614908,79.0131989106931,NOISE,2024-10-28T03:00:47,32.5,10.6593790614908,79.0131989106931,NOISE,2024-10-28T03:00:47,32.5,10.6593790614908,79.0131989106931,NOISE
2026-03-04T10:56:16.366829,Map-Energy__sum__linear-conv01088-20241028_000047-20241028_060047-35.000000-40.000000.png,2024-10-28T00:00:47,2024-10-28T06:00:47,35.0,40.0,2024-10-28T03:00:47,37.5,10.437915725008,78.9984509925074,NOISE,2024-10-28T03:00:47,37.5,10.437915725008,78.9984509925074,NOISE,2024-10-28T03:00:47,37.5,10.437915725008,78.9984509925074,NOISE,2024-10-28T03:00:47,37.5,10.437915725008,78.9984509925074,NOISE
2026-03-04T11:01:01.533280,Map-Energy__sum__linear-conv01089-20241028_000047-20241028_060047-40.000000-45.000000.png,2024-10-28T00:00:47,2024-10-28T06:00:47,40.0,45.0,2024-10-28T03:00:47,42.5,10.2209936532221,78.9814941910257,NOISE,2024-10-28T03:00:47,42.5,10.2209936532221,78.9814941910257,NOISE,2024-10-28T03:00:47,42.5,10.2209936532221,78.9814941910257,NOISE,2024-10-28T03:00:47,42.5,10.2209936532221,78.9814941910257,NOISE
2026-03-04T11:05:22.669584,Map-Energy__sum__linear-conv01090-20241028_000047-20241028_060047-45.000000-49.900000.png,2024-10-28T00:00:47,2024-10-28T06:00:47,45.0,49.9,2024-10-28T03:00:47,47.45,10.0532262506808,78.9644950928927,NOISE,2024-10-28T03:00:47,47.45,10.0532262506808,78.9644950928927,NOISE,2024-10-28T03:00:47,47.45,10.0532262506808,78.9644950928927,NOISE,2024-10-28T03:00:47,47.45,10.0532262506808,78.9644950928927,NOISE
2026-03-04T09:42:27.520968,Map-Energy__sum__linear-conv01091-20241028_060047-20241028_120047-0.050000-5.000000.png,2024-10-28T06:00:47,2024-10-28T12:00:47,0.05,5.0,2024-10-28T09:00:47,2.525,11.9301635288236,78.9554869237935,NOISE,2024-10-28T09:00:47,2.525,11.9301635288236,78.9554869237935,NOISE,2024-10-28T09:00:47,2.525,11.9301635288236,78.9554869237935,NOISE,2024-10-28T09:00:47,2.525,11.9301635288236,78.9554869237935,NOISE
2026-03-04T10:05:31.560736,Map-Energy__sum__linear-conv01092-20241028_060047-20241028_120047-5.000000-10.000000.png,2024-10-28T06:00:47,2024-10-28T12:00:47,5.0,10.0,2024-10-28T09:00:47,7.5,11.7898272340434,78.9877048432448,NOISE,2024-10-28T09:00:47,7.5,11.7898272340434,78.9877048432448,NOISE,2024-10-28T09:00:47,7.5,11.7898272340434,78.9877048432448,NOISE,2024-10-28T09:00:47,7.5,11.7898272340434,78.9877048432448,NOISE
2026-03-04T10:11:13.008163,Map-Energy__sum__linear-conv01093-20241028_060047-20241028_120047-10.000000-15.000000.png,2024-10-28T06:00:47,2024-10-28T12:00:47,10.0,15.0,2024-10-28T09:00:47,12.5,11.5594114413877,78.9903276217732,NOISE,2024-10-28T09:00:47,12.5,11.5594114413877,78.9903276217732,NOISE,2024-10-28T09:00:47,12.5,11.5594114413877,78.9903276217732,NOISE,2024-10-28T09:00:47,12.5,11.5594114413877,78.9903276217732,NOISE
2026-03-04T10:27:42.344286,Map-Energy__sum__linear-conv01094-20241028_060047-20241028_120047-15.000000-20.000000.png,2024-10-28T06:00:47,2024-10-28T12:00:47,15.0,20.0,2024-10-28T11:29:57,19.803466,11.2498510185505,79.015620022342,OTHER,2024-10-28T09:00:47,17.5,11.3555231115476,79.0115662370871,NOISE,2024-10-28T09:00:47,17.5,11.3555231115476,79.0115662370871,NOISE,2024-10-28T09:00:47,17.5,11.3555231115476,79.0115662370871,NOISE
2026-03-04T10:38:32.439520,Map-Energy__sum__linear-conv01095-20241028_060047-20241028_120047-20.000000-25.000000.png,2024-10-28T06:00:47,2024-10-28T12:00:47,20.0,25.0,2024-10-28T09:20:10,20.686799,11.2083577013046,79.0165937605924,OTHER,2024-10-28T08:14:42,20.538941,11.2153539912611,79.0164294311151,OTHER,2024-10-28T10:14:30,20.834656,11.2018298795329,79.0167497911422,OTHER,2024-10-28T10:49:28,20.328828,11.2251482824033,79.0161996263043,SEISMIC
2026-03-04T10:46:16.974713,Map-Energy__sum__linear-conv01096-20241028_060047-20241028_120047-25.000000-30.000000.png,2024-10-28T06:00:47,2024-10-28T12:00:47,25.0,30.0,2024-10-28T09:12:32,25.554505,10.9810600185818,79.0207183348933,OTHER,2024-10-28T08:33:46,25.632325,10.9773132358494,79.0207813854776,OTHER,2024-10-28T09:00:47,27.5,10.889673808393,79.020806600637,NOISE,2024-10-28T09:00:47,27.5,10.889673808393,79.020806600637,NOISE
2026-03-04T10:50:00.662546,Map-Energy__sum__linear-conv01097-20241028_060047-20241028_120047-30.000000-35.000000.png,2024-10-28T06:00:47,2024-10-28T12:00:47,30.0,35.0,2024-10-28T09:00:47,32.5,10.6593790614908,79.0131989106931,NOISE,2024-10-28T09:00:47,32.5,10.6593790614908,79.0131989106931,NOISE,2024-10-28T09:00:47,32.5,10.6593790614908,79.0131989106931,NOISE,2024-10-28T09:00:47,32.5,10.6593790614908,79.0131989106931,NOISE
2026-03-04T10:56:21.231244,Map-Energy__sum__linear-conv01098-20241028_060047-20241028_120047-35.000000-40.000000.png,2024-10-28T06:00:47,2024-10-28T12:00:47,35.0,40.0,2024-10-28T09:00:47,37.5,10.437915725008,78.9984509925074,NOISE,2024-10-28T09:00:47,37.5,10.437915725008,78.9984509925074,NOISE,2024-10-28T09:00:47,37.5,10.437915725008,78.9984509925074,NOISE,2024-10-28T09:00:47,37.5,10.437915725008,78.9984509925074,NOISE
2026-03-04T11:01:03.414280,Map-Energy__sum__linear-conv01099-20241028_060047-20241028_120047-40.000000-45.000000.png,2024-10-28T06:00:47,2024-10-28T12:00:47,40.0,45.0,2024-10-28T09:00:47,42.5,10.2209936532221,78.9814941910257,NOISE,2024-10-28T09:00:47,42.5,10.2209936532221,78.9814941910257,NOISE,2024-10-28T09:00:47,42.5,10.2209936532221,78.9814941910257,NOISE,2024-10-28T09:00:47,42.5,10.2209936532221,78.9814941910257,NOISE
2026-03-04T11:05:23.957811,Map-Energy__sum__linear-conv01100-20241028_060047-20241028_120047-45.000000-49.900000.png,2024-10-28T06:00:47,2024-10-28T12:00:47,45.0,49.9,2024-10-28T09:00:47,47.45,10.0532262506808,78.9644950928927,NOISE,2024-10-28T09:00:47,47.45,10.0532262506808,78.9644950928927,NOISE,2024-10-28T09:00:47,47.45,10.0532262506808,78.9644950928927,NOISE,2024-10-28T09:00:47,47.45,10.0532262506808,78.9644950928927,NOISE
2026-03-04T09:42:29.242423,Map-Energy__sum__linear-conv01101-20241028_120047-20241028_180047-0.050000-5.000000.png,2024-10-28T12:00:47,2024-10-28T18:00:47,0.05,5.0,2024-10-28T15:00:47,2.525,11.9301635288236,78.9554869237935,NOISE,2024-10-28T15:00:47,2.525,11.9301635288236,78.9554869237935,NOISE,2024-10-28T15:00:47,2.525,11.9301635288236,78.9554869237935,NOISE,2024-10-28T15:00:47,2.525,11.9301635288236,78.9554869237935,NOISE
2026-03-04T10:05:34.393027,Map-Energy__sum__linear-conv01102-20241028_120047-20241028_180047-5.000000-10.000000.png,2024-10-28T12:00:47,2024-10-28T18:00:47,5.0,10.0,2024-10-28T15:00:47,7.5,11.7898272340434,78.9877048432448,NOISE,2024-10-28T15:00:47,7.5,11.7898272340434,78.9877048432448,NOISE,2024-10-28T15:00:47,7.5,11.7898272340434,78.9877048432448,NOISE,2024-10-28T15:00:47,7.5,11.7898272340434,78.9877048432448,NOISE
2026-03-04T10:11:14.552640,Map-Energy__sum__linear-conv01103-20241028_120047-20241028_180047-10.000000-15.000000.png,2024-10-28T12:00:47,2024-10-28T18:00:47,10.0,15.0,2024-10-28T15:00:47,12.5,11.5594114413877,78.9903276217732,NOISE,2024-10-28T15:00:47,12.5,11.5594114413877,78.9903276217732,NOISE,2024-10-28T15:00:47,12.5,11.5594114413877,78.9903276217732,NOISE,2024-10-28T15:00:47,12.5,11.5594114413877,78.9903276217732,NOISE
2026-03-04T10:27:52.184168,Map-Energy__sum__linear-conv01104-20241028_120047-20241028_180047-15.000000-20.000000.png,2024-10-28T12:00:47,2024-10-28T18:00:47,15.0,20.0,2024-10-28T15:00:47,17.5,11.3555231115476,79.0115662370871,NOISE,2024-10-28T15:00:47,17.5,11.3555231115476,79.0115662370871,NOISE,2024-10-28T15:00:47,17.5,11.3555231115476,79.0115662370871,NOISE,2024-10-28T15:00:47,17.5,11.3555231115476,79.0115662370871,NOISE
2026-03-04T10:39:05.263600,Map-Energy__sum__linear-conv01105-20241028_120047-20241028_180047-20.000000-25.000000.png,2024-10-28T12:00:47,2024-10-28T18:00:47,20.0,25.0,2024-10-28T14:19:47,20.453339,11.2195512843196,79.0163309491863,VESSEL,2024-10-28T16:20:33,20.21988,11.2302792005515,79.0160792383722,OTHER,2024-10-28T12:51:07,20.795746,11.2032285926854,79.0167163547306,VESSEL,2024-10-28T17:17:45,20.18097,11.2321445682588,79.0160354702087,OTHER
2026-03-04T10:46:21.207380,Map-Energy__sum__linear-conv01106-20241028_120047-20241028_180047-25.000000-30.000000.png,2024-10-28T12:00:47,2024-10-28T18:00:47,25.0,30.0,2024-10-28T15:00:47,27.5,10.889673808393,79.020806600637,NOISE,2024-10-28T15:00:47,27.5,10.889673808393,79.020806600637,NOISE,2024-10-28T15:00:47,27.5,10.889673808393,79.020806600637,NOISE,2024-10-28T15:00:47,27.5,10.889673808393,79.020806600637,NOISE
2026-03-04T10:50:02.143195,Map-Energy__sum__linear-conv01107-20241028_120047-20241028_180047-30.000000-35.000000.png,2024-10-28T12:00:47,2024-10-28T18:00:47,30.0,35.0,2024-10-28T15:00:47,32.5,10.6593790614908,79.0131989106931,NOISE,2024-10-28T15:00:47,32.5,10.6593790614908,79.0131989106931,NOISE,2024-10-28T15:00:47,32.5,10.6593790614908,79.0131989106931,NOISE,2024-10-28T15:00:47,32.5,10.6593790614908,79.0131989106931,NOISE
2026-03-04T10:56:23.942755,Map-Energy__sum__linear-conv01108-20241028_120047-20241028_180047-35.000000-40.000000.png,2024-10-28T12:00:47,2024-10-28T18:00:47,35.0,40.0,2024-10-28T15:00:47,37.5,10.437915725008,78.9984509925074,NOISE,2024-10-28T15:00:47,37.5,10.437915725008,78.9984509925074,NOISE,2024-10-28T15:00:47,37.5,10.437915725008,78.9984509925074,NOISE,2024-10-28T15:00:47,37.5,10.437915725008,78.9984509925074,NOISE
2026-03-04T11:01:08.118778,Map-Energy__sum__linear-conv01109-20241028_120047-20241028_180047-40.000000-45.000000.png,2024-10-28T12:00:47,2024-10-28T18:00:47,40.0,45.0,2024-10-28T15:00:47,42.5,10.2209936532221,78.9814941910257,NOISE,2024-10-28T15:00:47,42.5,10.2209936532221,78.9814941910257,NOISE,2024-10-28T15:00:47,42.5,10.2209936532221,78.9814941910257,NOISE,2024-10-28T15:00:47,42.5,10.2209936532221,78.9814941910257,NOISE
2026-03-04T11:05:25.454346,Map-Energy__sum__linear-conv01110-20241028_120047-20241028_180047-45.000000-49.900000.png,2024-10-28T12:00:47,2024-10-28T18:00:47,45.0,49.9,2024-10-28T15:00:47,47.45,10.0532262506808,78.9644950928927,NOISE,2024-10-28T15:00:47,47.45,10.0532262506808,78.9644950928927,NOISE,2024-10-28T15:00:47,47.45,10.0532262506808,78.9644950928927,NOISE,2024-10-28T15:00:47,47.45,10.0532262506808,78.9644950928927,NOISE
2026-03-04T09:42:31.393554,Map-Energy__sum__linear-conv01111-20241028_180047-20241029_000047-0.050000-5.000000.png,2024-10-28T18:00:47,2024-10-29T00:00:47,0.05,5.0,2024-10-28T21:00:47,2.525,11.9301635288236,78.9554869237935,NOISE,2024-10-28T21:00:47,2.525,11.9301635288236,78.9554869237935,NOISE,2024-10-28T21:00:47,2.525,11.9301635288236,78.9554869237935,NOISE,2024-10-28T21:00:47,2.525,11.9301635288236,78.9554869237935,NOISE
2026-03-04T10:05:36.921249,Map-Energy__sum__linear-conv01112-20241028_180047-20241029_000047-5.000000-10.000000.png,2024-10-28T18:00:47,2024-10-29T00:00:47,5.0,10.0,2024-10-28T21:00:47,7.5,11.7898272340434,78.9877048432448,NOISE,2024-10-28T21:00:47,7.5,11.7898272340434,78.9877048432448,NOISE,2024-10-28T21:00:47,7.5,11.7898272340434,78.9877048432448,NOISE,2024-10-28T21:00:47,7.5,11.7898272340434,78.9877048432448,NOISE
2026-03-04T10:11:16.915109,Map-Energy__sum__linear-conv01113-20241028_180047-20241029_000047-10.000000-15.000000.png,2024-10-28T18:00:47,2024-10-29T00:00:47,10.0,15.0,2024-10-28T21:00:47,12.5,11.5594114413877,78.9903276217732,NOISE,2024-10-28T21:00:47,12.5,11.5594114413877,78.9903276217732,NOISE,2024-10-28T21:00:47,12.5,11.5594114413877,78.9903276217732,NOISE,2024-10-28T21:00:47,12.5,11.5594114413877,78.9903276217732,NOISE
2026-03-04T10:28:00.847668,Map-Energy__sum__linear-conv01114-20241028_180047-20241029_000047-15.000000-20.000000.png,2024-10-28T18:00:47,2024-10-29T00:00:47,15.0,20.0,2024-10-28T21:00:47,17.5,11.3555231115476,79.0115662370871,NOISE,2024-10-28T21:00:47,17.5,11.3555231115476,79.0115662370871,NOISE,2024-10-28T21:00:47,17.5,11.3555231115476,79.0115662370871,NOISE,2024-10-28T21:00:47,17.5,11.3555231115476,79.0115662370871,NOISE
2026-03-04T10:39:16.903796,Map-Energy__sum__linear-conv01115-20241028_180047-20241029_000047-20.000000-25.000000.png,2024-10-28T18:00:47,2024-10-29T00:00:47,20.0,25.0,2024-10-28T21:00:47,22.5,11.1238434802504,79.0183136392333,NOISE,2024-10-28T21:00:47,22.5,11.1238434802504,79.0183136392333,NOISE,2024-10-28T21:00:47,22.5,11.1238434802504,79.0183136392333,NOISE,2024-10-28T21:00:47,22.5,11.1238434802504,79.0183136392333,NOISE
2026-03-04T10:46:24.007321,Map-Energy__sum__linear-conv01116-20241028_180047-20241029_000047-25.000000-30.000000.png,2024-10-28T18:00:47,2024-10-29T00:00:47,25.0,30.0,2024-10-28T21:00:47,27.5,10.889673808393,79.020806600637,NOISE,2024-10-28T21:00:47,27.5,10.889673808393,79.020806600637,NOISE,2024-10-28T21:00:47,27.5,10.889673808393,79.020806600637,NOISE,2024-10-28T21:00:47,27.5,10.889673808393,79.020806600637,NOISE
2026-03-04T10:50:11.342672,Map-Energy__sum__linear-conv01117-20241028_180047-20241029_000047-30.000000-35.000000.png,2024-10-28T18:00:47,2024-10-29T00:00:47,30.0,35.0,2024-10-28T21:00:47,32.5,10.6593790614908,79.0131989106931,NOISE,2024-10-28T21:00:47,32.5,10.6593790614908,79.0131989106931,NOISE,2024-10-28T21:00:47,32.5,10.6593790614908,79.0131989106931,NOISE,2024-10-28T21:00:47,32.5,10.6593790614908,79.0131989106931,NOISE
2026-03-04T10:56:25.310213,Map-Energy__sum__linear-conv01118-20241028_180047-20241029_000047-35.000000-40.000000.png,2024-10-28T18:00:47,2024-10-29T00:00:47,35.0,40.0,2024-10-28T21:00:47,37.5,10.437915725008,78.9984509925074,NOISE,2024-10-28T21:00:47,37.5,10.437915725008,78.9984509925074,NOISE,2024-10-28T21:00:47,37.5,10.437915725008,78.9984509925074,NOISE,2024-10-28T21:00:47,37.5,10.437915725008,78.9984509925074,NOISE
2026-03-04T11:01:09.886422,Map-Energy__sum__linear-conv01119-20241028_180047-20241029_000047-40.000000-45.000000.png,2024-10-28T18:00:47,2024-10-29T00:00:47,40.0,45.0,2024-10-28T21:00:47,42.5,10.2209936532221,78.9814941910257,NOISE,2024-10-28T21:00:47,42.5,10.2209936532221,78.9814941910257,NOISE,2024-10-28T21:00:47,42.5,10.2209936532221,78.9814941910257,NOISE,2024-10-28T21:00:47,42.5,10.2209936532221,78.9814941910257,NOISE
2026-03-04T11:05:26.630044,Map-Energy__sum__linear-conv01120-20241028_180047-20241029_000047-45.000000-49.900000.png,2024-10-28T18:00:47,2024-10-29T00:00:47,45.0,49.9,2024-10-28T21:00:47,47.45,10.0532262506808,78.9644950928927,NOISE,2024-10-28T21:00:47,47.45,10.0532262506808,78.9644950928927,NOISE,2024-10-28T21:00:47,47.45,10.0532262506808,78.9644950928927,NOISE,2024-10-28T21:00:47,47.45,10.0532262506808,78.9644950928927,NOISE
2026-03-04T09:42:33.425746,Map-Energy__sum__linear-conv01121-20241029_000047-20241029_060047-0.050000-5.000000.png,2024-10-29T00:00:47,2024-10-29T06:00:47,0.05,5.0,2024-10-29T03:00:47,2.525,11.9301635288236,78.9554869237935,NOISE,2024-10-29T03:00:47,2.525,11.9301635288236,78.9554869237935,NOISE,2024-10-29T03:00:47,2.525,11.9301635288236,78.9554869237935,NOISE,2024-10-29T03:00:47,2.525,11.9301635288236,78.9554869237935,NOISE
2026-03-04T10:05:39.832634,Map-Energy__sum__linear-conv01122-20241029_000047-20241029_060047-5.000000-10.000000.png,2024-10-29T00:00:47,2024-10-29T06:00:47,5.0,10.0,2024-10-29T03:00:47,7.5,11.7898272340434,78.9877048432448,NOISE,2024-10-29T03:00:47,7.5,11.7898272340434,78.9877048432448,NOISE,2024-10-29T03:00:47,7.5,11.7898272340434,78.9877048432448,NOISE,2024-10-29T03:00:47,7.5,11.7898272340434,78.9877048432448,NOISE
2026-03-04T10:11:19.336846,Map-Energy__sum__linear-conv01123-20241029_000047-20241029_060047-10.000000-15.000000.png,2024-10-29T00:00:47,2024-10-29T06:00:47,10.0,15.0,2024-10-29T03:00:47,12.5,11.5594114413877,78.9903276217732,NOISE,2024-10-29T03:00:47,12.5,11.5594114413877,78.9903276217732,NOISE,2024-10-29T03:00:47,12.5,11.5594114413877,78.9903276217732,NOISE,2024-10-29T03:00:47,12.5,11.5594114413877,78.9903276217732,NOISE
2026-03-04T10:28:16.679548,Map-Energy__sum__linear-conv01124-20241029_000047-20241029_060047-15.000000-20.000000.png,2024-10-29T00:00:47,2024-10-29T06:00:47,15.0,20.0,2024-10-29T03:00:47,17.5,11.3555231115476,79.0115662370871,NOISE,2024-10-29T03:00:47,17.5,11.3555231115476,79.0115662370871,NOISE,2024-10-29T03:00:47,17.5,11.3555231115476,79.0115662370871,NOISE,2024-10-29T03:00:47,17.5,11.3555231115476,79.0115662370871,NOISE
2026-03-04T10:39:22.343695,Map-Energy__sum__linear-conv01125-20241029_000047-20241029_060047-20.000000-25.000000.png,2024-10-29T00:00:47,2024-10-29T06:00:47,20.0,25.0,2024-10-29T03:00:47,22.5,11.1238434802504,79.0183136392333,NOISE,2024-10-29T03:00:47,22.5,11.1238434802504,79.0183136392333,NOISE,2024-10-29T03:00:47,22.5,11.1238434802504,79.0183136392333,NOISE,2024-10-29T03:00:47,22.5,11.1238434802504,79.0183136392333,NOISE
2026-03-04T10:46:26.086982,Map-Energy__sum__linear-conv01126-20241029_000047-20241029_060047-25.000000-30.000000.png,2024-10-29T00:00:47,2024-10-29T06:00:47,25.0,30.0,2024-10-29T03:00:47,27.5,10.889673808393,79.020806600637,NOISE,2024-10-29T03:00:47,27.5,10.889673808393,79.020806600637,NOISE,2024-10-29T03:00:47,27.5,10.889673808393,79.020806600637,NOISE,2024-10-29T03:00:47,27.5,10.889673808393,79.020806600637,NOISE
2026-03-04T10:50:15.727498,Map-Energy__sum__linear-conv01127-20241029_000047-20241029_060047-30.000000-35.000000.png,2024-10-29T00:00:47,2024-10-29T06:00:47,30.0,35.0,2024-10-29T03:00:47,32.5,10.6593790614908,79.0131989106931,NOISE,2024-10-29T03:00:47,32.5,10.6593790614908,79.0131989106931,NOISE,2024-10-29T03:00:47,32.5,10.6593790614908,79.0131989106931,NOISE,2024-10-29T03:00:47,32.5,10.6593790614908,79.0131989106931,NOISE
2026-03-04T10:56:27.469923,Map-Energy__sum__linear-conv01128-20241029_000047-20241029_060047-35.000000-40.000000.png,2024-10-29T00:00:47,2024-10-29T06:00:47,35.0,40.0,2024-10-29T03:00:47,37.5,10.437915725008,78.9984509925074,NOISE,2024-10-29T03:00:47,37.5,10.437915725008,78.9984509925074,NOISE,2024-10-29T03:00:47,37.5,10.437915725008,78.9984509925074,NOISE,2024-10-29T03:00:47,37.5,10.437915725008,78.9984509925074,NOISE
2026-03-04T11:01:13.022039,Map-Energy__sum__linear-conv01129-20241029_000047-20241029_060047-40.000000-45.000000.png,2024-10-29T00:00:47,2024-10-29T06:00:47,40.0,45.0,2024-10-29T03:00:47,42.5,10.2209936532221,78.9814941910257,NOISE,2024-10-29T03:00:47,42.5,10.2209936532221,78.9814941910257,NOISE,2024-10-29T03:00:47,42.5,10.2209936532221,78.9814941910257,NOISE,2024-10-29T03:00:47,42.5,10.2209936532221,78.9814941910257,NOISE
2026-03-04T11:05:27.830650,Map-Energy__sum__linear-conv01130-20241029_000047-20241029_060047-45.000000-49.900000.png,2024-10-29T00:00:47,2024-10-29T06:00:47,45.0,49.9,2024-10-29T03:00:47,47.45,10.0532262506808,78.9644950928927,NOISE,2024-10-29T03:00:47,47.45,10.0532262506808,78.9644950928927,NOISE,2024-10-29T03:00:47,47.45,10.0532262506808,78.9644950928927,NOISE,2024-10-29T03:00:47,47.45,10.0532262506808,78.9644950928927,NOISE
2026-03-04T09:42:35.466338,Map-Energy__sum__linear-conv01131-20241029_060047-20241029_120047-0.050000-5.000000.png,2024-10-29T06:00:47,2024-10-29T12:00:47,0.05,5.0,2024-10-29T09:00:47,2.525,11.9301635288236,78.9554869237935,NOISE,2024-10-29T09:00:47,2.525,11.9301635288236,78.9554869237935,NOISE,2024-10-29T09:00:47,2.525,11.9301635288236,78.9554869237935,NOISE,2024-10-29T09:00:47,2.525,11.9301635288236,78.9554869237935,NOISE
2026-03-04T10:05:42.009128,Map-Energy__sum__linear-conv01132-20241029_060047-20241029_120047-5.000000-10.000000.png,2024-10-29T06:00:47,2024-10-29T12:00:47,5.0,10.0,2024-10-29T09:00:47,7.5,11.7898272340434,78.9877048432448,NOISE,2024-10-29T09:00:47,7.5,11.7898272340434,78.9877048432448,NOISE,2024-10-29T09:00:47,7.5,11.7898272340434,78.9877048432448,NOISE,2024-10-29T09:00:47,7.5,11.7898272340434,78.9877048432448,NOISE
2026-03-04T10:11:21.448632,Map-Energy__sum__linear-conv01133-20241029_060047-20241029_120047-10.000000-15.000000.png,2024-10-29T06:00:47,2024-10-29T12:00:47,10.0,15.0,2024-10-29T09:00:47,12.5,11.5594114413877,78.9903276217732,NOISE,2024-10-29T09:00:47,12.5,11.5594114413877,78.9903276217732,NOISE,2024-10-29T09:00:47,12.5,11.5594114413877,78.9903276217732,NOISE,2024-10-29T09:00:47,12.5,11.5594114413877,78.9903276217732,NOISE
2026-03-04T10:28:21.287904,Map-Energy__sum__linear-conv01134-20241029_060047-20241029_120047-15.000000-20.000000.png,2024-10-29T06:00:47,2024-10-29T12:00:47,15.0,20.0,2024-10-29T09:00:47,17.5,11.3555231115476,79.0115662370871,NOISE,2024-10-29T09:00:47,17.5,11.3555231115476,79.0115662370871,NOISE,2024-10-29T09:00:47,17.5,11.3555231115476,79.0115662370871,NOISE,2024-10-29T09:00:47,17.5,11.3555231115476,79.0115662370871,NOISE
2026-03-04T10:39:25.991069,Map-Energy__sum__linear-conv01135-20241029_060047-20241029_120047-20.000000-25.000000.png,2024-10-29T06:00:47,2024-10-29T12:00:47,20.0,25.0,2024-10-29T09:00:47,22.5,11.1238434802504,79.0183136392333,NOISE,2024-10-29T09:00:47,22.5,11.1238434802504,79.0183136392333,NOISE,2024-10-29T09:00:47,22.5,11.1238434802504,79.0183136392333,NOISE,2024-10-29T09:00:47,22.5,11.1238434802504,79.0183136392333,NOISE
2026-03-04T10:46:28.384712,Map-Energy__sum__linear-conv01136-20241029_060047-20241029_120047-25.000000-30.000000.png,2024-10-29T06:00:47,2024-10-29T12:00:47,25.0,30.0,2024-10-29T09:00:47,27.5,10.889673808393,79.020806600637,NOISE,2024-10-29T09:00:47,27.5,10.889673808393,79.020806600637,NOISE,2024-10-29T09:00:47,27.5,10.889673808393,79.020806600637,NOISE,2024-10-29T09:00:47,27.5,10.889673808393,79.020806600637,NOISE
2026-03-04T10:50:17.742992,Map-Energy__sum__linear-conv01137-20241029_060047-20241029_120047-30.000000-35.000000.png,2024-10-29T06:00:47,2024-10-29T12:00:47,30.0,35.0,2024-10-29T09:00:47,32.5,10.6593790614908,79.0131989106931,NOISE,2024-10-29T09:00:47,32.5,10.6593790614908,79.0131989106931,NOISE,2024-10-29T09:00:47,32.5,10.6593790614908,79.0131989106931,NOISE,2024-10-29T09:00:47,32.5,10.6593790614908,79.0131989106931,NOISE
2026-03-04T10:56:29.750733,Map-Energy__sum__linear-conv01138-20241029_060047-20241029_120047-35.000000-40.000000.png,2024-10-29T06:00:47,2024-10-29T12:00:47,35.0,40.0,2024-10-29T09:00:47,37.5,10.437915725008,78.9984509925074,NOISE,2024-10-29T09:00:47,37.5,10.437915725008,78.9984509925074,NOISE,2024-10-29T09:00:47,37.5,10.437915725008,78.9984509925074,NOISE,2024-10-29T09:00:47,37.5,10.437915725008,78.9984509925074,NOISE
2026-03-04T11:01:14.702761,Map-Energy__sum__linear-conv01139-20241029_060047-20241029_120047-40.000000-45.000000.png,2024-10-29T06:00:47,2024-10-29T12:00:47,40.0,45.0,2024-10-29T09:00:47,42.5,10.2209936532221,78.9814941910257,NOISE,2024-10-29T09:00:47,42.5,10.2209936532221,78.9814941910257,NOISE,2024-10-29T09:00:47,42.5,10.2209936532221,78.9814941910257,NOISE,2024-10-29T09:00:47,42.5,10.2209936532221,78.9814941910257,NOISE
2026-03-04T11:05:29.326503,Map-Energy__sum__linear-conv01140-20241029_060047-20241029_120047-45.000000-49.900000.png,2024-10-29T06:00:47,2024-10-29T12:00:47,45.0,49.9,2024-10-29T09:00:47,47.45,10.0532262506808,78.9644950928927,NOISE,2024-10-29T09:00:47,47.45,10.0532262506808,78.9644950928927,NOISE,2024-10-29T09:00:47,47.45,10.0532262506808,78.9644950928927,NOISE,2024-10-29T09:00:47,47.45,10.0532262506808,78.9644950928927,NOISE
2026-03-04T09:42:37.368999,Map-Energy__sum__linear-conv01141-20241029_120047-20241029_180047-0.050000-5.000000.png,2024-10-29T12:00:47,2024-10-29T18:00:47,0.05,5.0,2024-10-29T15:00:47,2.525,11.9301635288236,78.9554869237935,NOISE,2024-10-29T15:00:47,2.525,11.9301635288236,78.9554869237935,NOISE,2024-10-29T15:00:47,2.525,11.9301635288236,78.9554869237935,NOISE,2024-10-29T15:00:47,2.525,11.9301635288236,78.9554869237935,NOISE
2026-03-04T10:05:45.073018,Map-Energy__sum__linear-conv01142-20241029_120047-20241029_180047-5.000000-10.000000.png,2024-10-29T12:00:47,2024-10-29T18:00:47,5.0,10.0,2024-10-29T15:00:47,7.5,11.7898272340434,78.9877048432448,NOISE,2024-10-29T15:00:47,7.5,11.7898272340434,78.9877048432448,NOISE,2024-10-29T15:00:47,7.5,11.7898272340434,78.9877048432448,NOISE,2024-10-29T15:00:47,7.5,11.7898272340434,78.9877048432448,NOISE
2026-03-04T10:11:22.792936,Map-Energy__sum__linear-conv01143-20241029_120047-20241029_180047-10.000000-15.000000.png,2024-10-29T12:00:47,2024-10-29T18:00:47,10.0,15.0,2024-10-29T15:00:47,12.5,11.5594114413877,78.9903276217732,NOISE,2024-10-29T15:00:47,12.5,11.5594114413877,78.9903276217732,NOISE,2024-10-29T15:00:47,12.5,11.5594114413877,78.9903276217732,NOISE,2024-10-29T15:00:47,12.5,11.5594114413877,78.9903276217732,NOISE
2026-03-04T10:28:25.191998,Map-Energy__sum__linear-conv01144-20241029_120047-20241029_180047-15.000000-20.000000.png,2024-10-29T12:00:47,2024-10-29T18:00:47,15.0,20.0,2024-10-29T15:00:47,17.5,11.3555231115476,79.0115662370871,NOISE,2024-10-29T15:00:47,17.5,11.3555231115476,79.0115662370871,NOISE,2024-10-29T15:00:47,17.5,11.3555231115476,79.0115662370871,NOISE,2024-10-29T15:00:47,17.5,11.3555231115476,79.0115662370871,NOISE
2026-03-04T10:39:29.183589,Map-Energy__sum__linear-conv01145-20241029_120047-20241029_180047-20.000000-25.000000.png,2024-10-29T12:00:47,2024-10-29T18:00:47,20.0,25.0,2024-10-29T15:00:47,22.5,11.1238434802504,79.0183136392333,NOISE,2024-10-29T15:00:47,22.5,11.1238434802504,79.0183136392333,NOISE,2024-10-29T15:00:47,22.5,11.1238434802504,79.0183136392333,NOISE,2024-10-29T15:00:47,22.5,11.1238434802504,79.0183136392333,NOISE
2026-03-04T10:46:29.879738,Map-Energy__sum__linear-conv01146-20241029_120047-20241029_180047-25.000000-30.000000.png,2024-10-29T12:00:47,2024-10-29T18:00:47,25.0,30.0,2024-10-29T15:00:47,27.5,10.889673808393,79.020806600637,NOISE,2024-10-29T15:00:47,27.5,10.889673808393,79.020806600637,NOISE,2024-10-29T15:00:47,27.5,10.889673808393,79.020806600637,NOISE,2024-10-29T15:00:47,27.5,10.889673808393,79.020806600637,NOISE
2026-03-04T10:50:18.817947,Map-Energy__sum__linear-conv01147-20241029_120047-20241029_180047-30.000000-35.000000.png,2024-10-29T12:00:47,2024-10-29T18:00:47,30.0,35.0,2024-10-29T15:00:47,32.5,10.6593790614908,79.0131989106931,NOISE,2024-10-29T15:00:47,32.5,10.6593790614908,79.0131989106931,NOISE,2024-10-29T15:00:47,32.5,10.6593790614908,79.0131989106931,NOISE,2024-10-29T15:00:47,32.5,10.6593790614908,79.0131989106931,NOISE
2026-03-04T10:56:31.326522,Map-Energy__sum__linear-conv01148-20241029_120047-20241029_180047-35.000000-40.000000.png,2024-10-29T12:00:47,2024-10-29T18:00:47,35.0,40.0,2024-10-29T15:00:47,37.5,10.437915725008,78.9984509925074,NOISE,2024-10-29T15:00:47,37.5,10.437915725008,78.9984509925074,NOISE,2024-10-29T15:00:47,37.5,10.437915725008,78.9984509925074,NOISE,2024-10-29T15:00:47,37.5,10.437915725008,78.9984509925074,NOISE
2026-03-04T11:01:18.310732,Map-Energy__sum__linear-conv01149-20241029_120047-20241029_180047-40.000000-45.000000.png,2024-10-29T12:00:47,2024-10-29T18:00:47,40.0,45.0,2024-10-29T15:00:47,42.5,10.2209936532221,78.9814941910257,NOISE,2024-10-29T15:00:47,42.5,10.2209936532221,78.9814941910257,NOISE,2024-10-29T15:00:47,42.5,10.2209936532221,78.9814941910257,NOISE,2024-10-29T15:00:47,42.5,10.2209936532221,78.9814941910257,NOISE
2026-03-04T11:05:30.694071,Map-Energy__sum__linear-conv01150-20241029_120047-20241029_180047-45.000000-49.900000.png,2024-10-29T12:00:47,2024-10-29T18:00:47,45.0,49.9,2024-10-29T15:00:47,47.45,10.0532262506808,78.9644950928927,NOISE,2024-10-29T15:00:47,47.45,10.0532262506808,78.9644950928927,NOISE,2024-10-29T15:00:47,47.45,10.0532262506808,78.9644950928927,NOISE,2024-10-29T15:00:47,47.45,10.0532262506808,78.9644950928927,NOISE
2026-03-04T09:53:16.945240,Map-Energy__sum__linear-conv01151-20241029_180047-20241030_000047-0.050000-5.000000.png,2024-10-29T18:00:47,2024-10-30T00:00:47,0.05,5.0,2024-10-29T21:00:47,2.525,11.9301635288236,78.9554869237935,NOISE,2024-10-29T21:00:47,2.525,11.9301635288236,78.9554869237935,NOISE,2024-10-29T21:00:47,2.525,11.9301635288236,78.9554869237935,NOISE,2024-10-29T21:00:47,2.525,11.9301635288236,78.9554869237935,NOISE
2026-03-04T10:05:47.328732,Map-Energy__sum__linear-conv01152-20241029_180047-20241030_000047-5.000000-10.000000.png,2024-10-29T18:00:47,2024-10-30T00:00:47,5.0,10.0,2024-10-29T21:00:47,7.5,11.7898272340434,78.9877048432448,NOISE,2024-10-29T21:00:47,7.5,11.7898272340434,78.9877048432448,NOISE,2024-10-29T21:00:47,7.5,11.7898272340434,78.9877048432448,NOISE,2024-10-29T21:00:47,7.5,11.7898272340434,78.9877048432448,NOISE
2026-03-04T10:11:24.440017,Map-Energy__sum__linear-conv01153-20241029_180047-20241030_000047-10.000000-15.000000.png,2024-10-29T18:00:47,2024-10-30T00:00:47,10.0,15.0,2024-10-29T21:00:47,12.5,11.5594114413877,78.9903276217732,NOISE,2024-10-29T21:00:47,12.5,11.5594114413877,78.9903276217732,NOISE,2024-10-29T21:00:47,12.5,11.5594114413877,78.9903276217732,NOISE,2024-10-29T21:00:47,12.5,11.5594114413877,78.9903276217732,NOISE
2026-03-04T10:28:31.879793,Map-Energy__sum__linear-conv01154-20241029_180047-20241030_000047-15.000000-20.000000.png,2024-10-29T18:00:47,2024-10-30T00:00:47,15.0,20.0,2024-10-29T21:00:47,17.5,11.3555231115476,79.0115662370871,NOISE,2024-10-29T21:00:47,17.5,11.3555231115476,79.0115662370871,NOISE,2024-10-29T21:00:47,17.5,11.3555231115476,79.0115662370871,NOISE,2024-10-29T21:00:47,17.5,11.3555231115476,79.0115662370871,NOISE
2026-03-04T10:39:32.966999,Map-Energy__sum__linear-conv01155-20241029_180047-20241030_000047-20.000000-25.000000.png,2024-10-29T18:00:47,2024-10-30T00:00:47,20.0,25.0,2024-10-29T21:00:47,22.5,11.1238434802504,79.0183136392333,NOISE,2024-10-29T21:00:47,22.5,11.1238434802504,79.0183136392333,NOISE,2024-10-29T21:00:47,22.5,11.1238434802504,79.0183136392333,NOISE,2024-10-29T21:00:47,22.5,11.1238434802504,79.0183136392333,NOISE
2026-03-04T10:46:32.303432,Map-Energy__sum__linear-conv01156-20241029_180047-20241030_000047-25.000000-30.000000.png,2024-10-29T18:00:47,2024-10-30T00:00:47,25.0,30.0,2024-10-29T21:00:47,27.5,10.889673808393,79.020806600637,NOISE,2024-10-29T21:00:47,27.5,10.889673808393,79.020806600637,NOISE,2024-10-29T21:00:47,27.5,10.889673808393,79.020806600637,NOISE,2024-10-29T21:00:47,27.5,10.889673808393,79.020806600637,NOISE
2026-03-04T10:50:19.894840,Map-Energy__sum__linear-conv01157-20241029_180047-20241030_000047-30.000000-35.000000.png,2024-10-29T18:00:47,2024-10-30T00:00:47,30.0,35.0,2024-10-29T21:00:47,32.5,10.6593790614908,79.0131989106931,NOISE,2024-10-29T21:00:47,32.5,10.6593790614908,79.0131989106931,NOISE,2024-10-29T21:00:47,32.5,10.6593790614908,79.0131989106931,NOISE,2024-10-29T21:00:47,32.5,10.6593790614908,79.0131989106931,NOISE
2026-03-04T10:56:32.758815,Map-Energy__sum__linear-conv01158-20241029_180047-20241030_000047-35.000000-40.000000.png,2024-10-29T18:00:47,2024-10-30T00:00:47,35.0,40.0,2024-10-29T21:00:47,37.5,10.437915725008,78.9984509925074,NOISE,2024-10-29T21:00:47,37.5,10.437915725008,78.9984509925074,NOISE,2024-10-29T21:00:47,37.5,10.437915725008,78.9984509925074,NOISE,2024-10-29T21:00:47,37.5,10.437915725008,78.9984509925074,NOISE
2026-03-04T11:01:20.086534,Map-Energy__sum__linear-conv01159-20241029_180047-20241030_000047-40.000000-45.000000.png,2024-10-29T18:00:47,2024-10-30T00:00:47,40.0,45.0,2024-10-29T21:00:47,42.5,10.2209936532221,78.9814941910257,NOISE,2024-10-29T21:00:47,42.5,10.2209936532221,78.9814941910257,NOISE,2024-10-29T21:00:47,42.5,10.2209936532221,78.9814941910257,NOISE,2024-10-29T21:00:47,42.5,10.2209936532221,78.9814941910257,NOISE
2026-03-04T11:05:31.799313,Map-Energy__sum__linear-conv01160-20241029_180047-20241030_000047-45.000000-49.900000.png,2024-10-29T18:00:47,2024-10-30T00:00:47,45.0,49.9,2024-10-29T21:00:47,47.45,10.0532262506808,78.9644950928927,NOISE,2024-10-29T21:00:47,47.45,10.0532262506808,78.9644950928927,NOISE,2024-10-29T21:00:47,47.45,10.0532262506808,78.9644950928927,NOISE,2024-10-29T21:00:47,47.45,10.0532262506808,78.9644950928927,NOISE
2026-03-04T09:53:19.623809,Map-Energy__sum__linear-conv01161-20241030_000047-20241030_060047-0.050000-5.000000.png,2024-10-30T00:00:47,2024-10-30T06:00:47,0.05,5.0,2024-10-30T03:00:47,2.525,11.9301635288236,78.9554869237935,NOISE,2024-10-30T03:00:47,2.525,11.9301635288236,78.9554869237935,NOISE,2024-10-30T03:00:47,2.525,11.9301635288236,78.9554869237935,NOISE,2024-10-30T03:00:47,2.525,11.9301635288236,78.9554869237935,NOISE
2026-03-04T10:06:08.551901,Map-Energy__sum__linear-conv01162-20241030_000047-20241030_060047-5.000000-10.000000.png,2024-10-30T00:00:47,2024-10-30T06:00:47,5.0,10.0,2024-10-30T03:00:47,7.5,11.7898272340434,78.9877048432448,NOISE,2024-10-30T03:00:47,7.5,11.7898272340434,78.9877048432448,NOISE,2024-10-30T03:00:47,7.5,11.7898272340434,78.9877048432448,NOISE,2024-10-30T03:00:47,7.5,11.7898272340434,78.9877048432448,NOISE
2026-03-04T10:11:25.856680,Map-Energy__sum__linear-conv01163-20241030_000047-20241030_060047-10.000000-15.000000.png,2024-10-30T00:00:47,2024-10-30T06:00:47,10.0,15.0,2024-10-30T03:00:47,12.5,11.5594114413877,78.9903276217732,NOISE,2024-10-30T03:00:47,12.5,11.5594114413877,78.9903276217732,NOISE,2024-10-30T03:00:47,12.5,11.5594114413877,78.9903276217732,NOISE,2024-10-30T03:00:47,12.5,11.5594114413877,78.9903276217732,NOISE
2026-03-04T10:28:35.504097,Map-Energy__sum__linear-conv01164-20241030_000047-20241030_060047-15.000000-20.000000.png,2024-10-30T00:00:47,2024-10-30T06:00:47,15.0,20.0,2024-10-30T03:00:47,17.5,11.3555231115476,79.0115662370871,NOISE,2024-10-30T03:00:47,17.5,11.3555231115476,79.0115662370871,NOISE,2024-10-30T03:00:47,17.5,11.3555231115476,79.0115662370871,NOISE,2024-10-30T03:00:47,17.5,11.3555231115476,79.0115662370871,NOISE
2026-03-04T10:39:35.735545,Map-Energy__sum__linear-conv01165-20241030_000047-20241030_060047-20.000000-25.000000.png,2024-10-30T00:00:47,2024-10-30T06:00:47,20.0,25.0,2024-10-30T03:00:47,22.5,11.1238434802504,79.0183136392333,NOISE,2024-10-30T03:00:47,22.5,11.1238434802504,79.0183136392333,NOISE,2024-10-30T03:00:47,22.5,11.1238434802504,79.0183136392333,NOISE,2024-10-30T03:00:47,22.5,11.1238434802504,79.0183136392333,NOISE
2026-03-04T10:46:33.871320,Map-Energy__sum__linear-conv01166-20241030_000047-20241030_060047-25.000000-30.000000.png,2024-10-30T00:00:47,2024-10-30T06:00:47,25.0,30.0,2024-10-30T03:00:47,27.5,10.889673808393,79.020806600637,NOISE,2024-10-30T03:00:47,27.5,10.889673808393,79.020806600637,NOISE,2024-10-30T03:00:47,27.5,10.889673808393,79.020806600637,NOISE,2024-10-30T03:00:47,27.5,10.889673808393,79.020806600637,NOISE
2026-03-04T10:50:21.030636,Map-Energy__sum__linear-conv01167-20241030_000047-20241030_060047-30.000000-35.000000.png,2024-10-30T00:00:47,2024-10-30T06:00:47,30.0,35.0,2024-10-30T03:00:47,32.5,10.6593790614908,79.0131989106931,NOISE,2024-10-30T03:00:47,32.5,10.6593790614908,79.0131989106931,NOISE,2024-10-30T03:00:47,32.5,10.6593790614908,79.0131989106931,NOISE,2024-10-30T03:00:47,32.5,10.6593790614908,79.0131989106931,NOISE
2026-03-04T10:56:34.038936,Map-Energy__sum__linear-conv01168-20241030_000047-20241030_060047-35.000000-40.000000.png,2024-10-30T00:00:47,2024-10-30T06:00:47,35.0,40.0,2024-10-30T03:00:47,37.5,10.437915725008,78.9984509925074,NOISE,2024-10-30T03:00:47,37.5,10.437915725008,78.9984509925074,NOISE,2024-10-30T03:00:47,37.5,10.437915725008,78.9984509925074,NOISE,2024-10-30T03:00:47,37.5,10.437915725008,78.9984509925074,NOISE
2026-03-04T11:01:21.862757,Map-Energy__sum__linear-conv01169-20241030_000047-20241030_060047-40.000000-45.000000.png,2024-10-30T00:00:47,2024-10-30T06:00:47,40.0,45.0,2024-10-30T03:00:47,42.5,10.2209936532221,78.9814941910257,NOISE,2024-10-30T03:00:47,42.5,10.2209936532221,78.9814941910257,NOISE,2024-10-30T03:00:47,42.5,10.2209936532221,78.9814941910257,NOISE,2024-10-30T03:00:47,42.5,10.2209936532221,78.9814941910257,NOISE
2026-03-04T11:05:33.086560,Map-Energy__sum__linear-conv01170-20241030_000047-20241030_060047-45.000000-49.900000.png,2024-10-30T00:00:47,2024-10-30T06:00:47,45.0,49.9,2024-10-30T03:00:47,47.45,10.0532262506808,78.9644950928927,NOISE,2024-10-30T03:00:47,47.45,10.0532262506808,78.9644950928927,NOISE,2024-10-30T03:00:47,47.45,10.0532262506808,78.9644950928927,NOISE,2024-10-30T03:00:47,47.45,10.0532262506808,78.9644950928927,NOISE
2026-03-04T09:53:21.624985,Map-Energy__sum__linear-conv01171-20241030_060047-20241030_120047-0.050000-5.000000.png,2024-10-30T06:00:47,2024-10-30T12:00:47,0.05,5.0,2024-10-30T09:00:47,2.525,11.9301635288236,78.9554869237935,NOISE,2024-10-30T09:00:47,2.525,11.9301635288236,78.9554869237935,NOISE,2024-10-30T09:00:47,2.525,11.9301635288236,78.9554869237935,NOISE,2024-10-30T09:00:47,2.525,11.9301635288236,78.9554869237935,NOISE
2026-03-04T10:06:10.665063,Map-Energy__sum__linear-conv01172-20241030_060047-20241030_120047-5.000000-10.000000.png,2024-10-30T06:00:47,2024-10-30T12:00:47,5.0,10.0,2024-10-30T09:00:47,7.5,11.7898272340434,78.9877048432448,NOISE,2024-10-30T09:00:47,7.5,11.7898272340434,78.9877048432448,NOISE,2024-10-30T09:00:47,7.5,11.7898272340434,78.9877048432448,NOISE,2024-10-30T09:00:47,7.5,11.7898272340434,78.9877048432448,NOISE
2026-03-04T10:11:27.240626,Map-Energy__sum__linear-conv01173-20241030_060047-20241030_120047-10.000000-15.000000.png,2024-10-30T06:00:47,2024-10-30T12:00:47,10.0,15.0,2024-10-30T09:00:47,12.5,11.5594114413877,78.9903276217732,NOISE,2024-10-30T09:00:47,12.5,11.5594114413877,78.9903276217732,NOISE,2024-10-30T09:00:47,12.5,11.5594114413877,78.9903276217732,NOISE,2024-10-30T09:00:47,12.5,11.5594114413877,78.9903276217732,NOISE
2026-03-04T10:28:38.991995,Map-Energy__sum__linear-conv01174-20241030_060047-20241030_120047-15.000000-20.000000.png,2024-10-30T06:00:47,2024-10-30T12:00:47,15.0,20.0,2024-10-30T09:00:47,17.5,11.3555231115476,79.0115662370871,NOISE,2024-10-30T09:00:47,17.5,11.3555231115476,79.0115662370871,NOISE,2024-10-30T09:00:47,17.5,11.3555231115476,79.0115662370871,NOISE,2024-10-30T09:00:47,17.5,11.3555231115476,79.0115662370871,NOISE
2026-03-04T10:39:37.919915,Map-Energy__sum__linear-conv01175-20241030_060047-20241030_120047-20.000000-25.000000.png,2024-10-30T06:00:47,2024-10-30T12:00:47,20.0,25.0,2024-10-30T09:00:47,22.5,11.1238434802504,79.0183136392333,NOISE,2024-10-30T09:00:47,22.5,11.1238434802504,79.0183136392333,NOISE,2024-10-30T09:00:47,22.5,11.1238434802504,79.0183136392333,NOISE,2024-10-30T09:00:47,22.5,11.1238434802504,79.0183136392333,NOISE
2026-03-04T10:46:35.207086,Map-Energy__sum__linear-conv01176-20241030_060047-20241030_120047-25.000000-30.000000.png,2024-10-30T06:00:47,2024-10-30T12:00:47,25.0,30.0,2024-10-30T09:00:47,27.5,10.889673808393,79.020806600637,NOISE,2024-10-30T09:00:47,27.5,10.889673808393,79.020806600637,NOISE,2024-10-30T09:00:47,27.5,10.889673808393,79.020806600637,NOISE,2024-10-30T09:00:47,27.5,10.889673808393,79.020806600637,NOISE
2026-03-04T10:50:22.343175,Map-Energy__sum__linear-conv01177-20241030_060047-20241030_120047-30.000000-35.000000.png,2024-10-30T06:00:47,2024-10-30T12:00:47,30.0,35.0,2024-10-30T09:00:47,32.5,10.6593790614908,79.0131989106931,NOISE,2024-10-30T09:00:47,32.5,10.6593790614908,79.0131989106931,NOISE,2024-10-30T09:00:47,32.5,10.6593790614908,79.0131989106931,NOISE,2024-10-30T09:00:47,32.5,10.6593790614908,79.0131989106931,NOISE
2026-03-04T10:56:35.974424,Map-Energy__sum__linear-conv01178-20241030_060047-20241030_120047-35.000000-40.000000.png,2024-10-30T06:00:47,2024-10-30T12:00:47,35.0,40.0,2024-10-30T09:00:47,37.5,10.437915725008,78.9984509925074,NOISE,2024-10-30T09:00:47,37.5,10.437915725008,78.9984509925074,NOISE,2024-10-30T09:00:47,37.5,10.437915725008,78.9984509925074,NOISE,2024-10-30T09:00:47,37.5,10.437915725008,78.9984509925074,NOISE
2026-03-04T11:01:26.095093,Map-Energy__sum__linear-conv01179-20241030_060047-20241030_120047-40.000000-45.000000.png,2024-10-30T06:00:47,2024-10-30T12:00:47,40.0,45.0,2024-10-30T09:00:47,42.5,10.2209936532221,78.9814941910257,NOISE,2024-10-30T09:00:47,42.5,10.2209936532221,78.9814941910257,NOISE,2024-10-30T09:00:47,42.5,10.2209936532221,78.9814941910257,NOISE,2024-10-30T09:00:47,42.5,10.2209936532221,78.9814941910257,NOISE
2026-03-04T11:05:34.701576,Map-Energy__sum__linear-conv01180-20241030_060047-20241030_120047-45.000000-49.900000.png,2024-10-30T06:00:47,2024-10-30T12:00:47,45.0,49.9,2024-10-30T09:00:47,47.45,10.0532262506808,78.9644950928927,NOISE,2024-10-30T09:00:47,47.45,10.0532262506808,78.9644950928927,NOISE,2024-10-30T09:00:47,47.45,10.0532262506808,78.9644950928927,NOISE,2024-10-30T09:00:47,47.45,10.0532262506808,78.9644950928927,NOISE
2026-03-04T09:53:23.176927,Map-Energy__sum__linear-conv01181-20241030_120047-20241030_180047-0.050000-5.000000.png,2024-10-30T12:00:47,2024-10-30T18:00:47,0.05,5.0,2024-10-30T15:00:47,2.525,11.9301635288236,78.9554869237935,NOISE,2024-10-30T15:00:47,2.525,11.9301635288236,78.9554869237935,NOISE,2024-10-30T15:00:47,2.525,11.9301635288236,78.9554869237935,NOISE,2024-10-30T15:00:47,2.525,11.9301635288236,78.9554869237935,NOISE
2026-03-04T10:06:13.664454,Map-Energy__sum__linear-conv01182-20241030_120047-20241030_180047-5.000000-10.000000.png,2024-10-30T12:00:47,2024-10-30T18:00:47,5.0,10.0,2024-10-30T15:00:47,7.5,11.7898272340434,78.9877048432448,NOISE,2024-10-30T15:00:47,7.5,11.7898272340434,78.9877048432448,NOISE,2024-10-30T15:00:47,7.5,11.7898272340434,78.9877048432448,NOISE,2024-10-30T15:00:47,7.5,11.7898272340434,78.9877048432448,NOISE
2026-03-04T10:11:28.272644,Map-Energy__sum__linear-conv01183-20241030_120047-20241030_180047-10.000000-15.000000.png,2024-10-30T12:00:47,2024-10-30T18:00:47,10.0,15.0,2024-10-30T15:00:47,12.5,11.5594114413877,78.9903276217732,NOISE,2024-10-30T15:00:47,12.5,11.5594114413877,78.9903276217732,NOISE,2024-10-30T15:00:47,12.5,11.5594114413877,78.9903276217732,NOISE,2024-10-30T15:00:47,12.5,11.5594114413877,78.9903276217732,NOISE
2026-03-04T10:28:42.152615,Map-Energy__sum__linear-conv01184-20241030_120047-20241030_180047-15.000000-20.000000.png,2024-10-30T12:00:47,2024-10-30T18:00:47,15.0,20.0,2024-10-30T15:00:47,17.5,11.3555231115476,79.0115662370871,NOISE,2024-10-30T15:00:47,17.5,11.3555231115476,79.0115662370871,NOISE,2024-10-30T15:00:47,17.5,11.3555231115476,79.0115662370871,NOISE,2024-10-30T15:00:47,17.5,11.3555231115476,79.0115662370871,NOISE
2026-03-04T10:39:39.551919,Map-Energy__sum__linear-conv01185-20241030_120047-20241030_180047-20.000000-25.000000.png,2024-10-30T12:00:47,2024-10-30T18:00:47,20.0,25.0,2024-10-30T15:00:47,22.5,11.1238434802504,79.0183136392333,NOISE,2024-10-30T15:00:47,22.5,11.1238434802504,79.0183136392333,NOISE,2024-10-30T15:00:47,22.5,11.1238434802504,79.0183136392333,NOISE,2024-10-30T15:00:47,22.5,11.1238434802504,79.0183136392333,NOISE
2026-03-04T10:46:37.038946,Map-Energy__sum__linear-conv01186-20241030_120047-20241030_180047-25.000000-30.000000.png,2024-10-30T12:00:47,2024-10-30T18:00:47,25.0,30.0,2024-10-30T15:00:47,27.5,10.889673808393,79.020806600637,NOISE,2024-10-30T15:00:47,27.5,10.889673808393,79.020806600637,NOISE,2024-10-30T15:00:47,27.5,10.889673808393,79.020806600637,NOISE,2024-10-30T15:00:47,27.5,10.889673808393,79.020806600637,NOISE
2026-03-04T10:50:23.847175,Map-Energy__sum__linear-conv01187-20241030_120047-20241030_180047-30.000000-35.000000.png,2024-10-30T12:00:47,2024-10-30T18:00:47,30.0,35.0,2024-10-30T15:00:47,32.5,10.6593790614908,79.0131989106931,NOISE,2024-10-30T15:00:47,32.5,10.6593790614908,79.0131989106931,NOISE,2024-10-30T15:00:47,32.5,10.6593790614908,79.0131989106931,NOISE,2024-10-30T15:00:47,32.5,10.6593790614908,79.0131989106931,NOISE
2026-03-04T10:56:37.830834,Map-Energy__sum__linear-conv01188-20241030_120047-20241030_180047-35.000000-40.000000.png,2024-10-30T12:00:47,2024-10-30T18:00:47,35.0,40.0,2024-10-30T15:00:47,37.5,10.437915725008,78.9984509925074,NOISE,2024-10-30T15:00:47,37.5,10.437915725008,78.9984509925074,NOISE,2024-10-30T15:00:47,37.5,10.437915725008,78.9984509925074,NOISE,2024-10-30T15:00:47,37.5,10.437915725008,78.9984509925074,NOISE
2026-03-04T11:01:28.751482,Map-Energy__sum__linear-conv01189-20241030_120047-20241030_180047-40.000000-45.000000.png,2024-10-30T12:00:47,2024-10-30T18:00:47,40.0,45.0,2024-10-30T15:00:47,42.5,10.2209936532221,78.9814941910257,NOISE,2024-10-30T15:00:47,42.5,10.2209936532221,78.9814941910257,NOISE,2024-10-30T15:00:47,42.5,10.2209936532221,78.9814941910257,NOISE,2024-10-30T15:00:47,42.5,10.2209936532221,78.9814941910257,NOISE
2026-03-04T11:05:36.806592,Map-Energy__sum__linear-conv01190-20241030_120047-20241030_180047-45.000000-49.900000.png,2024-10-30T12:00:47,2024-10-30T18:00:47,45.0,49.9,2024-10-30T15:00:47,47.45,10.0532262506808,78.9644950928927,NOISE,2024-10-30T15:00:47,47.45,10.0532262506808,78.9644950928927,NOISE,2024-10-30T15:00:47,47.45,10.0532262506808,78.9644950928927,NOISE,2024-10-30T15:00:47,47.45,10.0532262506808,78.9644950928927,NOISE
2026-03-04T09:53:26.841140,Map-Energy__sum__linear-conv01191-20241030_180047-20241031_000047-0.050000-5.000000.png,2024-10-30T18:00:47,2024-10-31T00:00:47,0.05,5.0,2024-10-30T21:00:47,2.525,11.9301635288236,78.9554869237935,NOISE,2024-10-30T21:00:47,2.525,11.9301635288236,78.9554869237935,NOISE,2024-10-30T21:00:47,2.525,11.9301635288236,78.9554869237935,NOISE,2024-10-30T21:00:47,2.525,11.9301635288236,78.9554869237935,NOISE
2026-03-04T10:06:15.937043,Map-Energy__sum__linear-conv01192-20241030_180047-20241031_000047-5.000000-10.000000.png,2024-10-30T18:00:47,2024-10-31T00:00:47,5.0,10.0,2024-10-30T21:00:47,7.5,11.7898272340434,78.9877048432448,NOISE,2024-10-30T21:00:47,7.5,11.7898272340434,78.9877048432448,NOISE,2024-10-30T21:00:47,7.5,11.7898272340434,78.9877048432448,NOISE,2024-10-30T21:00:47,7.5,11.7898272340434,78.9877048432448,NOISE
2026-03-04T10:11:29.624656,Map-Energy__sum__linear-conv01193-20241030_180047-20241031_000047-10.000000-15.000000.png,2024-10-30T18:00:47,2024-10-31T00:00:47,10.0,15.0,2024-10-30T21:00:47,12.5,11.5594114413877,78.9903276217732,NOISE,2024-10-30T21:00:47,12.5,11.5594114413877,78.9903276217732,NOISE,2024-10-30T21:00:47,12.5,11.5594114413877,78.9903276217732,NOISE,2024-10-30T21:00:47,12.5,11.5594114413877,78.9903276217732,NOISE
2026-03-04T10:28:45.160208,Map-Energy__sum__linear-conv01194-20241030_180047-20241031_000047-15.000000-20.000000.png,2024-10-30T18:00:47,2024-10-31T00:00:47,15.0,20.0,2024-10-30T21:00:47,17.5,11.3555231115476,79.0115662370871,NOISE,2024-10-30T21:00:47,17.5,11.3555231115476,79.0115662370871,NOISE,2024-10-30T21:00:47,17.5,11.3555231115476,79.0115662370871,NOISE,2024-10-30T21:00:47,17.5,11.3555231115476,79.0115662370871,NOISE
2026-03-04T10:39:41.367824,Map-Energy__sum__linear-conv01195-20241030_180047-20241031_000047-20.000000-25.000000.png,2024-10-30T18:00:47,2024-10-31T00:00:47,20.0,25.0,2024-10-30T21:00:47,22.5,11.1238434802504,79.0183136392333,NOISE,2024-10-30T21:00:47,22.5,11.1238434802504,79.0183136392333,NOISE,2024-10-30T21:00:47,22.5,11.1238434802504,79.0183136392333,NOISE,2024-10-30T21:00:47,22.5,11.1238434802504,79.0183136392333,NOISE
2026-03-04T10:46:38.911252,Map-Energy__sum__linear-conv01196-20241030_180047-20241031_000047-25.000000-30.000000.png,2024-10-30T18:00:47,2024-10-31T00:00:47,25.0,30.0,2024-10-30T21:00:47,27.5,10.889673808393,79.020806600637,NOISE,2024-10-30T21:00:47,27.5,10.889673808393,79.020806600637,NOISE,2024-10-30T21:00:47,27.5,10.889673808393,79.020806600637,NOISE,2024-10-30T21:00:47,27.5,10.889673808393,79.020806600637,NOISE
2026-03-04T10:50:25.198586,Map-Energy__sum__linear-conv01197-20241030_180047-20241031_000047-30.000000-35.000000.png,2024-10-30T18:00:47,2024-10-31T00:00:47,30.0,35.0,2024-10-30T21:00:47,32.5,10.6593790614908,79.0131989106931,NOISE,2024-10-30T21:00:47,32.5,10.6593790614908,79.0131989106931,NOISE,2024-10-30T21:00:47,32.5,10.6593790614908,79.0131989106931,NOISE,2024-10-30T21:00:47,32.5,10.6593790614908,79.0131989106931,NOISE
2026-03-04T10:56:39.318932,Map-Energy__sum__linear-conv01198-20241030_180047-20241031_000047-35.000000-40.000000.png,2024-10-30T18:00:47,2024-10-31T00:00:47,35.0,40.0,2024-10-30T21:00:47,37.5,10.437915725008,78.9984509925074,NOISE,2024-10-30T21:00:47,37.5,10.437915725008,78.9984509925074,NOISE,2024-10-30T21:00:47,37.5,10.437915725008,78.9984509925074,NOISE,2024-10-30T21:00:47,37.5,10.437915725008,78.9984509925074,NOISE
2026-03-04T11:01:30.902762,Map-Energy__sum__linear-conv01199-20241030_180047-20241031_000047-40.000000-45.000000.png,2024-10-30T18:00:47,2024-10-31T00:00:47,40.0,45.0,2024-10-30T21:00:47,42.5,10.2209936532221,78.9814941910257,NOISE,2024-10-30T21:00:47,42.5,10.2209936532221,78.9814941910257,NOISE,2024-10-30T21:00:47,42.5,10.2209936532221,78.9814941910257,NOISE,2024-10-30T21:00:47,42.5,10.2209936532221,78.9814941910257,NOISE
2026-03-04T11:05:38.798324,Map-Energy__sum__linear-conv01200-20241030_180047-20241031_000047-45.000000-49.900000.png,2024-10-30T18:00:47,2024-10-31T00:00:47,45.0,49.9,2024-10-30T21:00:47,47.45,10.0532262506808,78.9644950928927,NOISE,2024-10-30T21:00:47,47.45,10.0532262506808,78.9644950928927,NOISE,2024-10-30T21:00:47,47.45,10.0532262506808,78.9644950928927,NOISE,2024-10-30T21:00:47,47.45,10.0532262506808,78.9644950928927,NOISE
2026-03-04T09:53:30.785480,Map-Energy__sum__linear-conv01201-20241031_000047-20241031_060047-0.050000-5.000000.png,2024-10-31T00:00:47,2024-10-31T06:00:47,0.05,5.0,2024-10-31T03:00:47,2.525,11.9301635288236,78.9554869237935,NOISE,2024-10-31T03:00:47,2.525,11.9301635288236,78.9554869237935,NOISE,2024-10-31T03:00:47,2.525,11.9301635288236,78.9554869237935,NOISE,2024-10-31T03:00:47,2.525,11.9301635288236,78.9554869237935,NOISE
2026-03-04T10:06:19.448237,Map-Energy__sum__linear-conv01202-20241031_000047-20241031_060047-5.000000-10.000000.png,2024-10-31T00:00:47,2024-10-31T06:00:47,5.0,10.0,2024-10-31T03:00:47,7.5,11.7898272340434,78.9877048432448,NOISE,2024-10-31T03:00:47,7.5,11.7898272340434,78.9877048432448,NOISE,2024-10-31T03:00:47,7.5,11.7898272340434,78.9877048432448,NOISE,2024-10-31T03:00:47,7.5,11.7898272340434,78.9877048432448,NOISE
2026-03-04T10:11:31.496334,Map-Energy__sum__linear-conv01203-20241031_000047-20241031_060047-10.000000-15.000000.png,2024-10-31T00:00:47,2024-10-31T06:00:47,10.0,15.0,2024-10-31T03:00:47,12.5,11.5594114413877,78.9903276217732,NOISE,2024-10-31T03:00:47,12.5,11.5594114413877,78.9903276217732,NOISE,2024-10-31T03:00:47,12.5,11.5594114413877,78.9903276217732,NOISE,2024-10-31T03:00:47,12.5,11.5594114413877,78.9903276217732,NOISE
2026-03-04T10:28:47.055753,Map-Energy__sum__linear-conv01204-20241031_000047-20241031_060047-15.000000-20.000000.png,2024-10-31T00:00:47,2024-10-31T06:00:47,15.0,20.0,2024-10-31T03:00:47,17.5,11.3555231115476,79.0115662370871,NOISE,2024-10-31T03:00:47,17.5,11.3555231115476,79.0115662370871,NOISE,2024-10-31T03:00:47,17.5,11.3555231115476,79.0115662370871,NOISE,2024-10-31T03:00:47,17.5,11.3555231115476,79.0115662370871,NOISE
2026-03-04T10:39:43.831575,Map-Energy__sum__linear-conv01205-20241031_000047-20241031_060047-20.000000-25.000000.png,2024-10-31T00:00:47,2024-10-31T06:00:47,20.0,25.0,2024-10-31T03:00:47,22.5,11.1238434802504,79.0183136392333,NOISE,2024-10-31T03:00:47,22.5,11.1238434802504,79.0183136392333,NOISE,2024-10-31T03:00:47,22.5,11.1238434802504,79.0183136392333,NOISE,2024-10-31T03:00:47,22.5,11.1238434802504,79.0183136392333,NOISE
2026-03-04T10:46:40.287130,Map-Energy__sum__linear-conv01206-20241031_000047-20241031_060047-25.000000-30.000000.png,2024-10-31T00:00:47,2024-10-31T06:00:47,25.0,30.0,2024-10-31T03:00:47,27.5,10.889673808393,79.020806600637,NOISE,2024-10-31T03:00:47,27.5,10.889673808393,79.020806600637,NOISE,2024-10-31T03:00:47,27.5,10.889673808393,79.020806600637,NOISE,2024-10-31T03:00:47,27.5,10.889673808393,79.020806600637,NOISE
2026-03-04T10:50:27.039146,Map-Energy__sum__linear-conv01207-20241031_000047-20241031_060047-30.000000-35.000000.png,2024-10-31T00:00:47,2024-10-31T06:00:47,30.0,35.0,2024-10-31T03:00:47,32.5,10.6593790614908,79.0131989106931,NOISE,2024-10-31T03:00:47,32.5,10.6593790614908,79.0131989106931,NOISE,2024-10-31T03:00:47,32.5,10.6593790614908,79.0131989106931,NOISE,2024-10-31T03:00:47,32.5,10.6593790614908,79.0131989106931,NOISE
2026-03-04T10:56:40.542917,Map-Energy__sum__linear-conv01208-20241031_000047-20241031_060047-35.000000-40.000000.png,2024-10-31T00:00:47,2024-10-31T06:00:47,35.0,40.0,2024-10-31T03:00:47,37.5,10.437915725008,78.9984509925074,NOISE,2024-10-31T03:00:47,37.5,10.437915725008,78.9984509925074,NOISE,2024-10-31T03:00:47,37.5,10.437915725008,78.9984509925074,NOISE,2024-10-31T03:00:47,37.5,10.437915725008,78.9984509925074,NOISE
2026-03-04T11:01:32.886987,Map-Energy__sum__linear-conv01209-20241031_000047-20241031_060047-40.000000-45.000000.png,2024-10-31T00:00:47,2024-10-31T06:00:47,40.0,45.0,2024-10-31T03:00:47,42.5,10.2209936532221,78.9814941910257,NOISE,2024-10-31T03:00:47,42.5,10.2209936532221,78.9814941910257,NOISE,2024-10-31T03:00:47,42.5,10.2209936532221,78.9814941910257,NOISE,2024-10-31T03:00:47,42.5,10.2209936532221,78.9814941910257,NOISE
2026-03-04T11:05:40.429984,Map-Energy__sum__linear-conv01210-20241031_000047-20241031_060047-45.000000-49.900000.png,2024-10-31T00:00:47,2024-10-31T06:00:47,45.0,49.9,2024-10-31T03:00:47,47.45,10.0532262506808,78.9644950928927,NOISE,2024-10-31T03:00:47,47.45,10.0532262506808,78.9644950928927,NOISE,2024-10-31T03:00:47,47.45,10.0532262506808,78.9644950928927,NOISE,2024-10-31T03:00:47,47.45,10.0532262506808,78.9644950928927,NOISE
2026-03-04T09:53:33.617056,Map-Energy__sum__linear-conv01211-20241031_060047-20241031_120047-0.050000-5.000000.png,2024-10-31T06:00:47,2024-10-31T12:00:47,0.05,5.0,2024-10-31T09:00:47,2.525,11.9301635288236,78.9554869237935,NOISE,2024-10-31T09:00:47,2.525,11.9301635288236,78.9554869237935,NOISE,2024-10-31T09:00:47,2.525,11.9301635288236,78.9554869237935,NOISE,2024-10-31T09:00:47,2.525,11.9301635288236,78.9554869237935,NOISE
2026-03-04T10:06:22.560369,Map-Energy__sum__linear-conv01212-20241031_060047-20241031_120047-5.000000-10.000000.png,2024-10-31T06:00:47,2024-10-31T12:00:47,5.0,10.0,2024-10-31T09:00:47,7.5,11.7898272340434,78.9877048432448,NOISE,2024-10-31T09:00:47,7.5,11.7898272340434,78.9877048432448,NOISE,2024-10-31T09:00:47,7.5,11.7898272340434,78.9877048432448,NOISE,2024-10-31T09:00:47,7.5,11.7898272340434,78.9877048432448,NOISE
2026-03-04T10:11:33.184682,Map-Energy__sum__linear-conv01213-20241031_060047-20241031_120047-10.000000-15.000000.png,2024-10-31T06:00:47,2024-10-31T12:00:47,10.0,15.0,2024-10-31T09:00:47,12.5,11.5594114413877,78.9903276217732,NOISE,2024-10-31T09:00:47,12.5,11.5594114413877,78.9903276217732,NOISE,2024-10-31T09:00:47,12.5,11.5594114413877,78.9903276217732,NOISE,2024-10-31T09:00:47,12.5,11.5594114413877,78.9903276217732,NOISE
2026-03-04T10:28:48.888252,Map-Energy__sum__linear-conv01214-20241031_060047-20241031_120047-15.000000-20.000000.png,2024-10-31T06:00:47,2024-10-31T12:00:47,15.0,20.0,2024-10-31T09:00:47,17.5,11.3555231115476,79.0115662370871,NOISE,2024-10-31T09:00:47,17.5,11.3555231115476,79.0115662370871,NOISE,2024-10-31T09:00:47,17.5,11.3555231115476,79.0115662370871,NOISE,2024-10-31T09:00:47,17.5,11.3555231115476,79.0115662370871,NOISE
2026-03-04T10:40:20.086853,Map-Energy__sum__linear-conv01215-20241031_060047-20241031_120047-20.000000-25.000000.png,2024-10-31T06:00:47,2024-10-31T12:00:47,20.0,25.0,2024-10-31T08:37:35,24.305419,11.0391063942441,79.0197108264737,SEISMIC,2024-10-31T08:38:13,22.865753,11.1065159365368,79.0185849405353,SEISMIC,2024-10-31T08:37:35,21.426087,11.1738793549864,79.0174158292496,SEISMIC,2024-10-31T08:34:43,20.305482,11.2260811923837,79.0161777371404,SEISMIC
2026-03-04T10:46:42.216075,Map-Energy__sum__linear-conv01216-20241031_060047-20241031_120047-25.000000-30.000000.png,2024-10-31T06:00:47,2024-10-31T12:00:47,25.0,30.0,2024-10-31T09:00:47,27.5,10.889673808393,79.020806600637,NOISE,2024-10-31T09:00:47,27.5,10.889673808393,79.020806600637,NOISE,2024-10-31T09:00:47,27.5,10.889673808393,79.020806600637,NOISE,2024-10-31T09:00:47,27.5,10.889673808393,79.020806600637,NOISE
2026-03-04T10:50:28.302788,Map-Energy__sum__linear-conv01217-20241031_060047-20241031_120047-30.000000-35.000000.png,2024-10-31T06:00:47,2024-10-31T12:00:47,30.0,35.0,2024-10-31T09:00:47,32.5,10.6593790614908,79.0131989106931,NOISE,2024-10-31T09:00:47,32.5,10.6593790614908,79.0131989106931,NOISE,2024-10-31T09:00:47,32.5,10.6593790614908,79.0131989106931,NOISE,2024-10-31T09:00:47,32.5,10.6593790614908,79.0131989106931,NOISE
2026-03-04T10:56:41.798631,Map-Energy__sum__linear-conv01218-20241031_060047-20241031_120047-35.000000-40.000000.png,2024-10-31T06:00:47,2024-10-31T12:00:47,35.0,40.0,2024-10-31T09:00:47,37.5,10.437915725008,78.9984509925074,NOISE,2024-10-31T09:00:47,37.5,10.437915725008,78.9984509925074,NOISE,2024-10-31T09:00:47,37.5,10.437915725008,78.9984509925074,NOISE,2024-10-31T09:00:47,37.5,10.437915725008,78.9984509925074,NOISE
2026-03-04T11:01:34.254094,Map-Energy__sum__linear-conv01219-20241031_060047-20241031_120047-40.000000-45.000000.png,2024-10-31T06:00:47,2024-10-31T12:00:47,40.0,45.0,2024-10-31T09:00:47,42.5,10.2209936532221,78.9814941910257,NOISE,2024-10-31T09:00:47,42.5,10.2209936532221,78.9814941910257,NOISE,2024-10-31T09:00:47,42.5,10.2209936532221,78.9814941910257,NOISE,2024-10-31T09:00:47,42.5,10.2209936532221,78.9814941910257,NOISE
2026-03-04T11:05:41.525565,Map-Energy__sum__linear-conv01220-20241031_060047-20241031_120047-45.000000-49.900000.png,2024-10-31T06:00:47,2024-10-31T12:00:47,45.0,49.9,2024-10-31T09:00:47,47.45,10.0532262506808,78.9644950928927,NOISE,2024-10-31T09:00:47,47.45,10.0532262506808,78.9644950928927,NOISE,2024-10-31T09:00:47,47.45,10.0532262506808,78.9644950928927,NOISE,2024-10-31T09:00:47,47.45,10.0532262506808,78.9644950928927,NOISE
2026-03-04T09:53:36.592702,Map-Energy__sum__linear-conv01221-20241031_120047-20241031_180047-0.050000-5.000000.png,2024-10-31T12:00:47,2024-10-31T18:00:47,0.05,5.0,2024-10-31T15:00:47,2.525,11.9301635288236,78.9554869237935,NOISE,2024-10-31T15:00:47,2.525,11.9301635288236,78.9554869237935,NOISE,2024-10-31T15:00:47,2.525,11.9301635288236,78.9554869237935,NOISE,2024-10-31T15:00:47,2.525,11.9301635288236,78.9554869237935,NOISE
2026-03-04T10:06:24.512970,Map-Energy__sum__linear-conv01222-20241031_120047-20241031_180047-5.000000-10.000000.png,2024-10-31T12:00:47,2024-10-31T18:00:47,5.0,10.0,2024-10-31T15:00:47,7.5,11.7898272340434,78.9877048432448,NOISE,2024-10-31T15:00:47,7.5,11.7898272340434,78.9877048432448,NOISE,2024-10-31T15:00:47,7.5,11.7898272340434,78.9877048432448,NOISE,2024-10-31T15:00:47,7.5,11.7898272340434,78.9877048432448,NOISE
2026-03-04T10:11:34.592591,Map-Energy__sum__linear-conv01223-20241031_120047-20241031_180047-10.000000-15.000000.png,2024-10-31T12:00:47,2024-10-31T18:00:47,10.0,15.0,2024-10-31T15:00:47,12.5,11.5594114413877,78.9903276217732,NOISE,2024-10-31T15:00:47,12.5,11.5594114413877,78.9903276217732,NOISE,2024-10-31T15:00:47,12.5,11.5594114413877,78.9903276217732,NOISE,2024-10-31T15:00:47,12.5,11.5594114413877,78.9903276217732,NOISE
2026-03-04T10:28:50.848187,Map-Energy__sum__linear-conv01224-20241031_120047-20241031_180047-15.000000-20.000000.png,2024-10-31T12:00:47,2024-10-31T18:00:47,15.0,20.0,2024-10-31T15:00:47,17.5,11.3555231115476,79.0115662370871,NOISE,2024-10-31T15:00:47,17.5,11.3555231115476,79.0115662370871,NOISE,2024-10-31T15:00:47,17.5,11.3555231115476,79.0115662370871,NOISE,2024-10-31T15:00:47,17.5,11.3555231115476,79.0115662370871,NOISE
2026-03-04T10:40:22.775477,Map-Energy__sum__linear-conv01225-20241031_120047-20241031_180047-20.000000-25.000000.png,2024-10-31T12:00:47,2024-10-31T18:00:47,20.0,25.0,2024-10-31T15:00:47,22.5,11.1238434802504,79.0183136392333,NOISE,2024-10-31T15:00:47,22.5,11.1238434802504,79.0183136392333,NOISE,2024-10-31T15:00:47,22.5,11.1238434802504,79.0183136392333,NOISE,2024-10-31T15:00:47,22.5,11.1238434802504,79.0183136392333,NOISE
2026-03-04T10:46:43.767011,Map-Energy__sum__linear-conv01226-20241031_120047-20241031_180047-25.000000-30.000000.png,2024-10-31T12:00:47,2024-10-31T18:00:47,25.0,30.0,2024-10-31T15:00:47,27.5,10.889673808393,79.020806600637,NOISE,2024-10-31T15:00:47,27.5,10.889673808393,79.020806600637,NOISE,2024-10-31T15:00:47,27.5,10.889673808393,79.020806600637,NOISE,2024-10-31T15:00:47,27.5,10.889673808393,79.020806600637,NOISE
2026-03-04T10:50:29.543173,Map-Energy__sum__linear-conv01227-20241031_120047-20241031_180047-30.000000-35.000000.png,2024-10-31T12:00:47,2024-10-31T18:00:47,30.0,35.0,2024-10-31T15:00:47,32.5,10.6593790614908,79.0131989106931,NOISE,2024-10-31T15:00:47,32.5,10.6593790614908,79.0131989106931,NOISE,2024-10-31T15:00:47,32.5,10.6593790614908,79.0131989106931,NOISE,2024-10-31T15:00:47,32.5,10.6593790614908,79.0131989106931,NOISE
2026-03-04T10:56:43.094496,Map-Energy__sum__linear-conv01228-20241031_120047-20241031_180047-35.000000-40.000000.png,2024-10-31T12:00:47,2024-10-31T18:00:47,35.0,40.0,2024-10-31T15:00:47,37.5,10.437915725008,78.9984509925074,NOISE,2024-10-31T15:00:47,37.5,10.437915725008,78.9984509925074,NOISE,2024-10-31T15:00:47,37.5,10.437915725008,78.9984509925074,NOISE,2024-10-31T15:00:47,37.5,10.437915725008,78.9984509925074,NOISE
2026-03-04T11:01:36.102238,Map-Energy__sum__linear-conv01229-20241031_120047-20241031_180047-40.000000-45.000000.png,2024-10-31T12:00:47,2024-10-31T18:00:47,40.0,45.0,2024-10-31T15:00:47,42.5,10.2209936532221,78.9814941910257,NOISE,2024-10-31T15:00:47,42.5,10.2209936532221,78.9814941910257,NOISE,2024-10-31T15:00:47,42.5,10.2209936532221,78.9814941910257,NOISE,2024-10-31T15:00:47,42.5,10.2209936532221,78.9814941910257,NOISE
2026-03-04T11:05:42.702208,Map-Energy__sum__linear-conv01230-20241031_120047-20241031_180047-45.000000-49.900000.png,2024-10-31T12:00:47,2024-10-31T18:00:47,45.0,49.9,2024-10-31T15:00:47,47.45,10.0532262506808,78.9644950928927,NOISE,2024-10-31T15:00:47,47.45,10.0532262506808,78.9644950928927,NOISE,2024-10-31T15:00:47,47.45,10.0532262506808,78.9644950928927,NOISE,2024-10-31T15:00:47,47.45,10.0532262506808,78.9644950928927,NOISE
2026-03-04T09:53:39.497126,Map-Energy__sum__linear-conv01231-20241031_180047-20241101_000047-0.050000-5.000000.png,2024-10-31T18:00:47,2024-11-01T00:00:47,0.05,5.0,2024-10-31T21:00:47,2.525,11.9301635288236,78.9554869237935,NOISE,2024-10-31T21:00:47,2.525,11.9301635288236,78.9554869237935,NOISE,2024-10-31T21:00:47,2.525,11.9301635288236,78.9554869237935,NOISE,2024-10-31T21:00:47,2.525,11.9301635288236,78.9554869237935,NOISE
2026-03-04T10:06:36.520509,Map-Energy__sum__linear-conv01232-20241031_180047-20241101_000047-5.000000-10.000000.png,2024-10-31T18:00:47,2024-11-01T00:00:47,5.0,10.0,2024-10-31T21:00:47,7.5,11.7898272340434,78.9877048432448,NOISE,2024-10-31T21:00:47,7.5,11.7898272340434,78.9877048432448,NOISE,2024-10-31T21:00:47,7.5,11.7898272340434,78.9877048432448,NOISE,2024-10-31T21:00:47,7.5,11.7898272340434,78.9877048432448,NOISE
2026-03-04T10:11:36.576834,Map-Energy__sum__linear-conv01233-20241031_180047-20241101_000047-10.000000-15.000000.png,2024-10-31T18:00:47,2024-11-01T00:00:47,10.0,15.0,2024-10-31T21:00:47,12.5,11.5594114413877,78.9903276217732,NOISE,2024-10-31T21:00:47,12.5,11.5594114413877,78.9903276217732,NOISE,2024-10-31T21:00:47,12.5,11.5594114413877,78.9903276217732,NOISE,2024-10-31T21:00:47,12.5,11.5594114413877,78.9903276217732,NOISE
2026-03-04T10:28:52.879053,Map-Energy__sum__linear-conv01234-20241031_180047-20241101_000047-15.000000-20.000000.png,2024-10-31T18:00:47,2024-11-01T00:00:47,15.0,20.0,2024-10-31T21:00:47,17.5,11.3555231115476,79.0115662370871,NOISE,2024-10-31T21:00:47,17.5,11.3555231115476,79.0115662370871,NOISE,2024-10-31T21:00:47,17.5,11.3555231115476,79.0115662370871,NOISE,2024-10-31T21:00:47,17.5,11.3555231115476,79.0115662370871,NOISE
2026-03-04T10:40:25.518531,Map-Energy__sum__linear-conv01235-20241031_180047-20241101_000047-20.000000-25.000000.png,2024-10-31T18:00:47,2024-11-01T00:00:47,20.0,25.0,2024-10-31T21:00:47,22.5,11.1238434802504,79.0183136392333,NOISE,2024-10-31T21:00:47,22.5,11.1238434802504,79.0183136392333,NOISE,2024-10-31T21:00:47,22.5,11.1238434802504,79.0183136392333,NOISE,2024-10-31T21:00:47,22.5,11.1238434802504,79.0183136392333,NOISE
2026-03-04T10:46:44.879433,Map-Energy__sum__linear-conv01236-20241031_180047-20241101_000047-25.000000-30.000000.png,2024-10-31T18:00:47,2024-11-01T00:00:47,25.0,30.0,2024-10-31T21:00:47,27.5,10.889673808393,79.020806600637,NOISE,2024-10-31T21:00:47,27.5,10.889673808393,79.020806600637,NOISE,2024-10-31T21:00:47,27.5,10.889673808393,79.020806600637,NOISE,2024-10-31T21:00:47,27.5,10.889673808393,79.020806600637,NOISE
2026-03-04T10:50:30.622829,Map-Energy__sum__linear-conv01237-20241031_180047-20241101_000047-30.000000-35.000000.png,2024-10-31T18:00:47,2024-11-01T00:00:47,30.0,35.0,2024-10-31T21:00:47,32.5,10.6593790614908,79.0131989106931,NOISE,2024-10-31T21:00:47,32.5,10.6593790614908,79.0131989106931,NOISE,2024-10-31T21:00:47,32.5,10.6593790614908,79.0131989106931,NOISE,2024-10-31T21:00:47,32.5,10.6593790614908,79.0131989106931,NOISE
2026-03-04T10:56:44.582928,Map-Energy__sum__linear-conv01238-20241031_180047-20241101_000047-35.000000-40.000000.png,2024-10-31T18:00:47,2024-11-01T00:00:47,35.0,40.0,2024-10-31T21:00:47,37.5,10.437915725008,78.9984509925074,NOISE,2024-10-31T21:00:47,37.5,10.437915725008,78.9984509925074,NOISE,2024-10-31T21:00:47,37.5,10.437915725008,78.9984509925074,NOISE,2024-10-31T21:00:47,37.5,10.437915725008,78.9984509925074,NOISE
2026-03-04T11:01:37.998921,Map-Energy__sum__linear-conv01239-20241031_180047-20241101_000047-40.000000-45.000000.png,2024-10-31T18:00:47,2024-11-01T00:00:47,40.0,45.0,2024-10-31T21:00:47,42.5,10.2209936532221,78.9814941910257,NOISE,2024-10-31T21:00:47,42.5,10.2209936532221,78.9814941910257,NOISE,2024-10-31T21:00:47,42.5,10.2209936532221,78.9814941910257,NOISE,2024-10-31T21:00:47,42.5,10.2209936532221,78.9814941910257,NOISE
2026-03-04T11:05:43.670061,Map-Energy__sum__linear-conv01240-20241031_180047-20241101_000047-45.000000-49.900000.png,2024-10-31T18:00:47,2024-11-01T00:00:47,45.0,49.9,2024-10-31T21:00:47,47.45,10.0532262506808,78.9644950928927,NOISE,2024-10-31T21:00:47,47.45,10.0532262506808,78.9644950928927,NOISE,2024-10-31T21:00:47,47.45,10.0532262506808,78.9644950928927,NOISE,2024-10-31T21:00:47,47.45,10.0532262506808,78.9644950928927,NOISE
